cv_rank,track,tokenizer,vocab_size,sampling,budget,ngram,embedding,w2v,pooling,n_features,classifier,clf_params,weighting,cv_macro_f1,cv_balanced_accuracy,cv_roc_auc,cv_macro_f1_bal_threshold,cv_macro_f1_f1_threshold,cv_macro_f1_fold_std,threshold,threshold_rule,oof_threshold_bal_rule,oof_threshold_f1_rule,spec
1,tfidf,SW,,head,50000,1-3,tfidf,,,87269,LogReg,"{""C"": ""0.1"", ""class_weight"": ""balanced""}",none,0.947371,0.947138,0.979244,0.943904,0.94638,0.014679,0.5,default,0.50123637,0.50123637,"LogReg(C=0.1,class_weight=balanced)|w=none"
2,tfidf,SW,,head,20000,1-3,tfidf,,,65244,LogReg,"{""C"": ""1.0"", ""class_weight"": ""balanced""}",none,0.943592,0.941494,0.986937,0.936917,0.94574,0.015515,0.5,default,0.44403393,0.44403393,"LogReg(C=1.0,class_weight=balanced)|w=none"
3,tfidf,SW,,head,20000,1-3,tfidf,,,65244,LinearSVC,"{""C"": ""0.1"", ""class_weight"": ""balanced""}",none,0.942043,0.93973,0.986829,0.939884,0.948208,0.014963,0.0,default,-0.04936586,-0.04936586,"LinearSVC(C=0.1,class_weight=balanced)|w=none"
4,tfidf,SW,,head,50000,1-3,tfidf,,,87269,LinearSVC,"{""C"": ""0.01"", ""class_weight"": ""balanced""}",none,0.941774,0.94095,0.979039,0.948902,0.948902,0.019863,0.0,default,-0.01913132,-0.01913132,"LinearSVC(C=0.01,class_weight=balanced)|w=none"
5,tfidf,SW,,head,20000,1-3,tfidf,,,65244,LogReg,"{""C"": ""1.0"", ""class_weight"": ""None""}",none,0.939484,0.936965,0.986825,0.937919,0.946248,0.018152,0.5,default,0.40804111,0.40804111,"LogReg(C=1.0,class_weight=None)|w=none"
6,tfidf,SW,,head,20000,1-3,tfidf,,,65244,LogReg,"{""C"": ""0.1"", ""class_weight"": ""balanced""}",none,0.938281,0.937599,0.981084,0.938944,0.931796,0.015336,0.5,default,0.44519178,0.44519178,"LogReg(C=0.1,class_weight=balanced)|w=none"
7,tfidf,SW,,head,20000,1-3,tfidf,,,65244,LogReg,"{""C"": ""10.0"", ""class_weight"": ""balanced""}",none,0.937895,0.934993,0.987479,0.935929,0.935929,0.016962,0.5,default,0.10094563,0.10094563,"LogReg(C=10.0,class_weight=balanced)|w=none"
8,tfidf,SW,,head,20000,1-3,tfidf,,,65244,LinearSVC,"{""C"": ""0.01"", ""class_weight"": ""balanced""}",none,0.937191,0.935972,0.981094,0.938474,0.932319,0.016928,0.0,default,-0.10265963,-0.10265963,"LinearSVC(C=0.01,class_weight=balanced)|w=none"
9,tfidf,SW,,head,50000,1-3,tfidf,,,87269,LogReg,"{""C"": ""1.0"", ""class_weight"": ""balanced""}",none,0.936475,0.934063,0.986774,0.949839,0.949839,0.021303,0.5,default,0.43124073,0.43124073,"LogReg(C=1.0,class_weight=balanced)|w=none"
10,tfidf,SW,,head,50000,1-3,tfidf,,,87269,LinearSVC,"{""C"": ""0.1"", ""class_weight"": ""balanced""}",none,0.935415,0.932749,0.987355,0.948983,0.947963,0.020712,0.0,default,-0.19947716,-0.19947716,"LinearSVC(C=0.1,class_weight=balanced)|w=none"
11,tfidf,SW,,head,20000,1-3,tfidf,,,65244,LinearSVC,"{""C"": ""0.1"", ""class_weight"": ""None""}",none,0.932256,0.929013,0.987,0.936917,0.948705,0.018458,0.0,default,-0.086537,-0.086537,"LinearSVC(C=0.1,class_weight=None)|w=none"
12,tfidf,SW,,head,20000,1-2,tfidf,,,11867,LogReg,"{""C"": ""0.1"", ""class_weight"": ""balanced""}",none,0.931162,0.92996,0.976331,0.937486,0.937486,0.021002,0.5,default,0.44058316,0.44058316,"LogReg(C=0.1,class_weight=balanced)|w=none"
13,tfidf,SW,,head,50000,1-3,tfidf,,,87269,LogReg,"{""C"": ""1.0"", ""class_weight"": ""None""}",none,0.929718,0.926456,0.986788,0.943397,0.940729,0.023171,0.5,default,0.34811643,0.34811643,"LogReg(C=1.0,class_weight=None)|w=none"
14,tfidf,SW,,head,20000,1-3,tfidf,,,65244,LogReg,"{""C"": ""1.0"", ""class_weight"": ""None""}",class_arch,0.929678,0.926247,0.986805,0.938932,0.94827,0.028829,0.5,default,0.41476439,0.41476439,"LogReg(C=1.0,class_weight=None)|w=class_arch"
15,tfidf,SW,,head,20000,1-3,tfidf,,,65244,LinearSVC,"{""C"": ""0.01"", ""class_weight"": ""None""}",none,0.929657,0.926143,0.98166,0.938944,0.93229,0.030247,0.0,default,-0.16180289,-0.16180289,"LinearSVC(C=0.01,class_weight=None)|w=none"
16,tfidf,SW,,head,50000,1-2,tfidf,,,15661,LogReg,"{""C"": ""1.0"", ""class_weight"": ""balanced""}",none,0.929341,0.926633,0.983619,0.928601,0.932405,0.016964,0.5,default,0.35114393,0.44674324,"LogReg(C=1.0,class_weight=balanced)|w=none"
17,tfidf,SW,,strided,20000,1-2,tfidf,,,15832,LinearSVC,"{""C"": ""0.1"", ""class_weight"": ""balanced""}",none,0.929321,0.926528,0.983118,0.927071,0.930123,0.028156,0.0,default,-0.14825409,-0.14825409,"LinearSVC(C=0.1,class_weight=balanced)|w=none"
18,tfidf,SW,,head,20000,1-3,tfidf,,,65244,LogReg,"{""C"": ""0.1"", ""class_weight"": ""None""}",none,0.929161,0.925694,0.981142,0.938944,0.931796,0.032064,0.5,default,0.41277525,0.41277525,"LogReg(C=0.1,class_weight=None)|w=none"
19,tfidf,SW,,head,20000,1-3,tfidf,,,65244,LogReg,"{""C"": ""10.0"", ""class_weight"": ""None""}",none,0.928043,0.924171,0.987755,0.934394,0.934394,0.013317,0.5,default,0.09075168,0.22711721,"LogReg(C=10.0,class_weight=None)|w=none"
20,tfidf,SW,,head,20000,1-2,tfidf,,,11867,LogReg,"{""C"": ""1.0"", ""class_weight"": ""balanced""}",none,0.927221,0.924107,0.98474,0.925132,0.931539,0.024387,0.5,default,0.43502271,0.43502271,"LogReg(C=1.0,class_weight=balanced)|w=none"
21,w2v,SW,,head,20000,1-1,w2v,"dim=300,window=5,epochs=5,min_count=1",mean_max,300,MLP,"{""alpha"": ""0.01"", ""early_stopping"": ""False"", ""hidden_layer_sizes"": ""(500,)"", ""learning_rate_init"": ""0.001""}",none,0.927095,0.923482,0.945981,0.921244,0.922232,0.029543,0.5,default,0.40510494,0.51471253,"MLP(alpha=0.01,early_stopping=False,hidden_layer_sizes=(500,),learning_rate_init=0.001)|w=none"
22,tokenizer,WP,,head,20000,1-1,tfidf,,,11406,LogReg,"{""C"": ""1.0"", ""class_weight"": ""balanced""}",none,0.926705,0.923554,0.984606,0.939725,0.939725,0.028068,0.5,default,0.43170168,0.43170168,"LogReg(C=1.0,class_weight=balanced)|w=none"
23,tfidf,SW,,head,50000,1-3,tfidf,,,87269,LogReg,"{""C"": ""10.0"", ""class_weight"": ""None""}",none,0.926422,0.922199,0.988652,0.946368,0.946368,0.019916,0.5,default,0.17926154,0.17926154,"LogReg(C=10.0,class_weight=None)|w=none"
24,tfidf,SW,,head,50000,1-3,tfidf,,,87269,LinearSVC,"{""C"": ""0.1"", ""class_weight"": ""None""}",none,0.926126,0.922689,0.987637,0.950498,0.947973,0.020884,0.0,default,-0.2402414,-0.2402414,"LinearSVC(C=0.1,class_weight=None)|w=none"
25,tfidf,SW,,head,50000,1-3,tfidf,,,87269,LogReg,"{""C"": ""10.0"", ""class_weight"": ""balanced""}",none,0.925971,0.921959,0.988395,0.950965,0.952948,0.021564,0.5,default,0.22454354,0.22454354,"LogReg(C=10.0,class_weight=balanced)|w=none"
26,tfidf,SW,,head,20000,1-3,tfidf,,,65244,LinearSVC,"{""C"": ""0.1"", ""class_weight"": ""None""}",class_arch,0.925521,0.921718,0.987577,0.944882,0.943844,0.020363,0.0,default,-0.26520013,-0.26520013,"LinearSVC(C=0.1,class_weight=None)|w=class_arch"
27,tfidf,SW,,strided,20000,1-2,tfidf,,,15832,LogReg,"{""C"": ""1.0"", ""class_weight"": ""balanced""}",none,0.925241,0.922312,0.980651,0.921185,0.925042,0.036227,0.5,default,0.42567058,0.42567058,"LogReg(C=1.0,class_weight=balanced)|w=none"
28,tfidf,SW,,head,50000,1-3,tfidf,,,87269,LinearSVC,"{""C"": ""1.0"", ""class_weight"": ""balanced""}",none,0.923801,0.919329,0.989541,0.937015,0.937015,0.013084,0.0,default,-0.64109785,-0.26596439,"LinearSVC(C=1.0,class_weight=balanced)|w=none"
29,tfidf,SW,,strided,50000,1-3,tfidf,,,117800,LogReg,"{""C"": ""0.1"", ""class_weight"": ""balanced""}",none,0.92314,0.922049,0.971932,0.92399,0.923453,0.033776,0.5,default,0.47210041,0.47210041,"LogReg(C=0.1,class_weight=balanced)|w=none"
30,tfidf,SW,,head,50000,1-3,tfidf,,,87269,LinearSVC,"{""C"": ""0.1"", ""class_weight"": ""None""}",class_arch,0.922905,0.918849,0.987976,0.945092,0.945092,0.021802,0.0,default,-0.3436177,-0.3436177,"LinearSVC(C=0.1,class_weight=None)|w=class_arch"
31,tfidf,SW,,strided,20000,1-2,tfidf,,,15832,LinearSVC,"{""C"": ""1.0"", ""class_weight"": ""balanced""}",none,0.922527,0.918921,0.987626,0.936118,0.936118,0.013857,0.0,default,-0.60006742,-0.34890593,"LinearSVC(C=1.0,class_weight=balanced)|w=none"
32,tfidf,SW,,head,50000,1-2,tfidf,,,15661,LogReg,"{""C"": ""10.0"", ""class_weight"": ""balanced""}",none,0.922481,0.918713,0.987261,0.924114,0.924902,0.013104,0.5,default,0.07664087,0.25915108,"LogReg(C=10.0,class_weight=balanced)|w=none"
33,tfidf,SW,,strided,50000,1-2,tfidf,,,18667,LogReg,"{""C"": ""1.0"", ""class_weight"": ""balanced""}",none,0.922167,0.919098,0.981145,0.929484,0.919688,0.031026,0.5,default,0.32702895,0.41872189,"LogReg(C=1.0,class_weight=balanced)|w=none"
34,tfidf,SW,,strided,50000,1-3,tfidf,,,117800,LinearSVC,"{""C"": ""0.01"", ""class_weight"": ""balanced""}",none,0.922117,0.920943,0.971431,0.934064,0.934064,0.03307,0.0,default,-0.04616076,-0.04616076,"LinearSVC(C=0.01,class_weight=balanced)|w=none"
35,tfidf,SW,,strided,20000,1-3,tfidf,,,100174,LinearSVC,"{""C"": ""0.01"", ""class_weight"": ""balanced""}",none,0.921642,0.920598,0.967723,0.91594,0.912266,0.029334,0.0,default,-0.05644999,-0.05644999,"LinearSVC(C=0.01,class_weight=balanced)|w=none"
36,tfidf,SW,,strided,20000,1-2,tfidf,,,15832,LogReg,"{""C"": ""10.0"", ""class_weight"": ""balanced""}",none,0.921606,0.918336,0.986132,0.937072,0.943938,0.014846,0.5,default,0.24248731,0.28494598,"LogReg(C=10.0,class_weight=balanced)|w=none"
37,tfidf,SW,,head,20000,1-2,tfidf,,,11867,LinearSVC,"{""C"": ""0.1"", ""class_weight"": ""balanced""}",none,0.921019,0.91747,0.985325,0.925729,0.932612,0.035841,0.0,default,-0.13410813,-0.13410813,"LinearSVC(C=0.1,class_weight=balanced)|w=none"
38,tfidf,SW,,head,50000,1-3,tfidf,,,87269,LinearSVC,"{""C"": ""1.0"", ""class_weight"": ""None""}",none,0.920598,0.915698,0.989639,0.936027,0.936521,0.012843,0.0,default,-0.65466522,-0.30628024,"LinearSVC(C=1.0,class_weight=None)|w=none"
39,tfidf,SW,,strided,50000,1-2,tfidf,,,18667,LinearSVC,"{""C"": ""0.1"", ""class_weight"": ""balanced""}",none,0.920571,0.91723,0.983015,0.919353,0.933058,0.018401,0.0,default,-0.09747021,-0.09747021,"LinearSVC(C=0.1,class_weight=balanced)|w=none"
40,tokenizer,WP,,head,20000,1-1,tfidf,,,11406,LinearSVC,"{""C"": ""0.1"", ""class_weight"": ""balanced""}",none,0.920501,0.916917,0.985194,0.930574,0.937206,0.034897,0.0,default,-0.16093565,-0.16093565,"LinearSVC(C=0.1,class_weight=balanced)|w=none"
41,tfidf,SW,,head,20000,1-2,tfidf,,,11867,LinearSVC,"{""C"": ""0.01"", ""class_weight"": ""balanced""}",none,0.920341,0.918032,0.976634,0.926396,0.924855,0.018237,0.0,default,-0.11782271,-0.11782271,"LinearSVC(C=0.01,class_weight=balanced)|w=none"
42,tfidf,SW,,strided,20000,1-3,tfidf,,,100174,LogReg,"{""C"": ""0.1"", ""class_weight"": ""balanced""}",none,0.920163,0.919252,0.968758,0.918926,0.920404,0.029551,0.5,default,0.47391584,0.47391584,"LogReg(C=0.1,class_weight=balanced)|w=none"
43,tfidf,SW,,head,50000,1-2,tfidf,,,15661,LinearSVC,"{""C"": ""1.0"", ""class_weight"": ""balanced""}",none,0.919711,0.915217,0.987891,0.938124,0.938124,0.021763,0.0,default,-0.64103302,-0.64103302,"LinearSVC(C=1.0,class_weight=balanced)|w=none"
44,tfidf,SW,,head,20000,1-2,tfidf,,,11867,LinearSVC,"{""C"": ""0.1"", ""class_weight"": ""None""}",none,0.918922,0.915154,0.985657,0.926222,0.933107,0.035751,0.0,default,-0.20072308,-0.20072308,"LinearSVC(C=0.1,class_weight=None)|w=none"
45,tfidf,SW,,strided,50000,1-2,tfidf,,,18667,LogReg,"{""C"": ""10.0"", ""class_weight"": ""balanced""}",none,0.918277,0.914079,0.986062,0.930951,0.938762,0.012843,0.5,default,0.24568764,0.35307812,"LogReg(C=10.0,class_weight=balanced)|w=none"
46,tfidf,SW,,head,50000,1-2,tfidf,,,15661,LogReg,"{""C"": ""10.0"", ""class_weight"": ""None""}",none,0.917157,0.91266,0.986748,0.923511,0.933713,0.0159,0.5,default,0.23277492,0.23277492,"LogReg(C=10.0,class_weight=None)|w=none"
47,tfidf,SW,,head,5000,1-3,tfidf,,,37877,LogReg,"{""C"": ""1.0"", ""class_weight"": ""balanced""}",none,0.916767,0.912628,0.975474,0.921651,0.916941,0.03501,0.5,default,0.23041946,0.2697769,"LogReg(C=1.0,class_weight=balanced)|w=none"
48,tfidf,SW,,head,5000,1-3,tfidf,,,37877,LogReg,"{""C"": ""0.1"", ""class_weight"": ""balanced""}",none,0.916218,0.913608,0.968524,0.914972,0.909545,0.026385,0.5,default,0.47295428,0.47295428,"LogReg(C=0.1,class_weight=balanced)|w=none"
49,tfidf,SW,,head,5000,1-3,tfidf,,,37877,LinearSVC,"{""C"": ""0.01"", ""class_weight"": ""balanced""}",none,0.916195,0.913503,0.96792,0.912886,0.905433,0.026135,0.0,default,-0.10282462,-0.06566613,"LinearSVC(C=0.01,class_weight=balanced)|w=none"
50,tfidf,SW,,head,20000,1-2,tfidf,,,11867,LogReg,"{""C"": ""10.0"", ""class_weight"": ""None""}",none,0.916113,0.911554,0.987425,0.93394,0.937386,0.03016,0.5,default,0.08103721,0.24561529,"LogReg(C=10.0,class_weight=None)|w=none"
51,tfidf,SW,,strided,20000,1-2,tfidf,,,15832,LogReg,"{""C"": ""1.0"", ""class_weight"": ""None""}",none,0.91583,0.911939,0.980917,0.931991,0.929612,0.030453,0.5,default,0.29608631,0.39160579,"LogReg(C=1.0,class_weight=None)|w=none"
52,tfidf,SW,,head,50000,1-3,tfidf,,,87269,LogReg,"{""C"": ""0.1"", ""class_weight"": ""None""}",none,0.915699,0.911418,0.979094,0.946875,0.946875,0.030546,0.5,default,0.4515065,0.4515065,"LogReg(C=0.1,class_weight=None)|w=none"
53,tfidf,SW,,head,20000,1-3,tfidf,,,65244,LinearSVC,"{""C"": ""1.0"", ""class_weight"": ""None""}",none,0.914957,0.910031,0.988044,0.947051,0.937867,0.023798,0.0,default,-0.61309688,-0.61309688,"LinearSVC(C=1.0,class_weight=None)|w=none"
54,tfidf,SW,,head,50000,1-2,tfidf,,,15661,LinearSVC,"{""C"": ""0.1"", ""class_weight"": ""balanced""}",none,0.91479,0.910833,0.984781,0.928728,0.931978,0.024507,0.0,default,-0.24487954,-0.24487954,"LinearSVC(C=0.1,class_weight=balanced)|w=none"
55,tfidf,SW,,head,20000,1-3,tfidf,,,65244,LinearSVC,"{""C"": ""1.0"", ""class_weight"": ""balanced""}",none,0.91449,0.909686,0.988015,0.948041,0.948041,0.02239,0.0,default,-0.59220119,-0.59220119,"LinearSVC(C=1.0,class_weight=balanced)|w=none"
56,tfidf,SW,,head,50000,1-2,tfidf,,,15661,LogReg,"{""C"": ""0.1"", ""class_weight"": ""balanced""}",none,0.914424,0.912646,0.971976,0.929692,0.925643,0.028178,0.5,default,0.45797241,0.45797241,"LogReg(C=0.1,class_weight=balanced)|w=none"
57,tfidf,SW,,head,50000,1-3,tfidf,,,87269,LogReg,"{""C"": ""1.0"", ""class_weight"": ""None""}",class_arch,0.914243,0.910176,0.986683,0.944578,0.941959,0.030406,0.5,default,0.27864275,0.27864275,"LogReg(C=1.0,class_weight=None)|w=class_arch"
58,tfidf,SW,,head,20000,1-2,tfidf,,,11867,LogReg,"{""C"": ""10.0"", ""class_weight"": ""balanced""}",none,0.914135,0.909759,0.987422,0.942097,0.935422,0.030371,0.5,default,0.09085718,0.27475545,"LogReg(C=10.0,class_weight=balanced)|w=none"
59,tfidf,SW,,strided,20000,1-2,tfidf,,,15832,LinearSVC,"{""C"": ""1.0"", ""class_weight"": ""None""}",none,0.914135,0.909759,0.987873,0.935119,0.935119,0.010427,0.0,default,-0.61658323,-0.35004327,"LinearSVC(C=1.0,class_weight=None)|w=none"
60,tfidf,SW,,head,20000,1-2,tfidf,,,11867,LinearSVC,"{""C"": ""1.0"", ""class_weight"": ""None""}",none,0.913472,0.908684,0.987585,0.943195,0.935448,0.034685,0.0,default,-0.62559229,-0.62559229,"LinearSVC(C=1.0,class_weight=None)|w=none"
61,tfidf,SW,,strided,5000,1-2,tfidf,,,10897,LogReg,"{""C"": ""0.1"", ""class_weight"": ""balanced""}",none,0.913118,0.910289,0.962542,0.907683,0.908004,0.035483,0.5,default,0.44360451,0.48324676,"LogReg(C=0.1,class_weight=balanced)|w=none"
62,tfidf,SW,,strided,20000,1-2,tfidf,,,15832,LogReg,"{""C"": ""0.1"", ""class_weight"": ""balanced""}",none,0.912836,0.910779,0.967586,0.917602,0.917602,0.030598,0.5,default,0.43138206,0.43138206,"LogReg(C=0.1,class_weight=balanced)|w=none"
63,tfidf,SW,,head,50000,1-3,tfidf,,,87269,LinearSVC,"{""C"": ""0.01"", ""class_weight"": ""None""}",none,0.912569,0.908099,0.979611,0.94638,0.94638,0.027819,0.0,default,-0.08663294,-0.08663294,"LinearSVC(C=0.01,class_weight=None)|w=none"
64,tfidf,SW,,head,20000,1-2,tfidf,,,11867,LinearSVC,"{""C"": ""1.0"", ""class_weight"": ""balanced""}",none,0.912512,0.907891,0.987541,0.946223,0.941602,0.034132,0.0,default,-0.60381371,-0.60381371,"LinearSVC(C=1.0,class_weight=balanced)|w=none"
65,tfidf,SW,,strided,20000,1-2,tfidf,,,15832,LogReg,"{""C"": ""10.0"", ""class_weight"": ""None""}",none,0.91224,0.908276,0.985811,0.929681,0.939451,0.018557,0.5,default,0.17768604,0.17768604,"LogReg(C=10.0,class_weight=None)|w=none"
66,tfidf,SW,,head,20000,1-2,tfidf,,,11867,LogReg,"{""C"": ""1.0"", ""class_weight"": ""None""}",none,0.912158,0.907963,0.984821,0.938706,0.938706,0.036989,0.5,default,0.41386782,0.41386782,"LogReg(C=1.0,class_weight=None)|w=none"
67,w2v,SW,,strided,5000,1-1,w2v,"dim=100,window=30,epochs=5,min_count=1",tfidf_mean,100,LogReg,"{""C"": ""1.0"", ""class_weight"": ""balanced""}",none,0.911906,0.908453,0.931059,0.911253,0.911253,0.02486,0.5,default,0.50946391,0.50946391,"LogReg(C=1.0,class_weight=balanced)|w=none"
68,tfidf,SW,,head,50000,1-2,tfidf,,,15661,LinearSVC,"{""C"": ""0.01"", ""class_weight"": ""balanced""}",none,0.911735,0.90936,0.97177,0.923621,0.923621,0.024998,0.0,default,-0.14258336,-0.14258336,"LinearSVC(C=0.01,class_weight=balanced)|w=none"
69,tfidf,SW,,strided,20000,1-3,tfidf,,,100174,LogReg,"{""C"": ""1.0"", ""class_weight"": ""balanced""}",none,0.911226,0.907274,0.981857,0.9401,0.93705,0.03741,0.5,default,0.32533816,0.32533816,"LogReg(C=1.0,class_weight=balanced)|w=none"
70,tfidf,SW,,strided,20000,1-2,tfidf,,,15832,LinearSVC,"{""C"": ""0.1"", ""class_weight"": ""None""}",none,0.911143,0.906961,0.983536,0.926578,0.936696,0.028149,0.0,default,-0.09350711,-0.09350711,"LinearSVC(C=0.1,class_weight=None)|w=none"
71,w2v,SW,,strided,5000,1-1,w2v,"dim=100,window=30,epochs=5,min_count=1",mean,100,MLP,"{""alpha"": ""0.01"", ""early_stopping"": ""False"", ""hidden_layer_sizes"": ""(500,)"", ""learning_rate_init"": ""0.001""}",none,0.910186,0.9077,0.934003,0.893861,0.893861,0.017526,0.5,default,0.40447744,0.40447744,"MLP(alpha=0.01,early_stopping=False,hidden_layer_sizes=(500,),learning_rate_init=0.001)|w=none"
72,w2v,SW,,strided,20000,1-1,w2v,"dim=300,window=5,epochs=5,min_count=1",mean_max,300,SVM-RBF,"{""C"": ""1.0"", ""class_weight"": ""balanced"", ""gamma"": ""scale""}",none,0.909742,0.90746,0.960388,0.898695,0.909367,0.028122,0.0,default,-0.08372219,-0.08372219,"SVM-RBF(C=1.0,class_weight=balanced,gamma=scale)|w=none"
73,w2v,SW,,strided,5000,1-1,w2v,"dim=100,window=30,epochs=5,min_count=1",tfidf_mean,100,MLP,"{""alpha"": ""0.01"", ""early_stopping"": ""False"", ""hidden_layer_sizes"": ""(500,)"", ""learning_rate_init"": ""0.001""}",none,0.908948,0.90576,0.931662,0.906322,0.888311,0.023614,0.5,default,0.43729816,0.43729816,"MLP(alpha=0.01,early_stopping=False,hidden_layer_sizes=(500,),learning_rate_init=0.001)|w=none"
74,tfidf,SW,,strided,20000,1-3,tfidf,,,100174,LinearSVC,"{""C"": ""1.0"", ""class_weight"": ""balanced""}",none,0.908815,0.903915,0.987089,0.938587,0.943397,0.026867,0.0,default,-0.58894483,-0.32204103,"LinearSVC(C=1.0,class_weight=balanced)|w=none"
75,tfidf,SW,,strided,50000,1-2,tfidf,,,18667,LogReg,"{""C"": ""0.1"", ""class_weight"": ""balanced""}",none,0.908265,0.906113,0.9676,0.915112,0.915112,0.026242,0.5,default,0.42935159,0.42935159,"LogReg(C=0.1,class_weight=balanced)|w=none"
76,tfidf,SW,,strided,5000,1-3,tfidf,,,64244,LogReg,"{""C"": ""0.1"", ""class_weight"": ""balanced""}",none,0.908041,0.905175,0.961472,0.902018,0.903491,0.037247,0.5,default,0.48100721,0.48100721,"LogReg(C=0.1,class_weight=balanced)|w=none"
77,tfidf,SW,,head,50000,1-2,tfidf,,,15661,LinearSVC,"{""C"": ""0.1"", ""class_weight"": ""None""}",none,0.907395,0.902777,0.985172,0.929221,0.924511,0.024495,0.0,default,-0.2781675,-0.2781675,"LinearSVC(C=0.1,class_weight=None)|w=none"
78,tfidf,SW,,strided,50000,1-3,tfidf,,,117800,LinearSVC,"{""C"": ""0.1"", ""class_weight"": ""balanced""}",none,0.906992,0.902641,0.984329,0.940275,0.943234,0.041903,0.0,default,-0.11708502,-0.11708502,"LinearSVC(C=0.1,class_weight=balanced)|w=none"
79,tfidf,SW,,strided,20000,1-2,tfidf,,,15832,LinearSVC,"{""C"": ""0.01"", ""class_weight"": ""balanced""}",none,0.906667,0.904246,0.966672,0.920717,0.921689,0.033208,0.0,default,-0.10423792,-0.10423792,"LinearSVC(C=0.01,class_weight=balanced)|w=none"
80,tfidf,SW,,head,20000,1-1,tfidf,,,461,LogReg,"{""C"": ""10.0"", ""class_weight"": ""balanced""}",none,0.906036,0.901848,0.976157,0.930344,0.930344,0.039456,0.5,default,0.29743838,0.29743838,"LogReg(C=10.0,class_weight=balanced)|w=none"
81,tfidf,SW,,strided,50000,1-3,tfidf,,,117800,LogReg,"{""C"": ""1.0"", ""class_weight"": ""balanced""}",none,0.905915,0.901431,0.98331,0.933787,0.939215,0.046192,0.5,default,0.31962973,0.43136243,"LogReg(C=1.0,class_weight=balanced)|w=none"
82,tokenizer,WPC,500,head,20000,1-2,tfidf,,,1394,LogReg,"{""C"": ""1.0"", ""class_weight"": ""balanced""}",none,0.905689,0.90192,0.971182,0.905655,0.905655,0.040414,0.5,default,0.33131912,0.33131912,"LogReg(C=1.0,class_weight=balanced)|w=none"
83,tfidf,SW,,strided,5000,1-3,tfidf,,,64244,LinearSVC,"{""C"": ""0.01"", ""class_weight"": ""balanced""}",none,0.905366,0.902097,0.960492,0.897925,0.897925,0.0413,0.0,default,-0.04572758,-0.03172763,"LinearSVC(C=0.01,class_weight=balanced)|w=none"
84,tfidf,SW,,head,20000,1-1,tfidf,,,461,LogReg,"{""C"": ""1.0"", ""class_weight"": ""balanced""}",none,0.905168,0.901367,0.971856,0.923554,0.924468,0.03732,0.5,default,0.33044824,0.33044824,"LogReg(C=1.0,class_weight=balanced)|w=none"
85,tokenizer,WPC,1000,head,20000,1-2,tfidf,,,1446,LogReg,"{""C"": ""1.0"", ""class_weight"": ""balanced""}",none,0.905168,0.901367,0.971617,0.928095,0.924961,0.03732,0.5,default,0.34216261,0.39693686,"LogReg(C=1.0,class_weight=balanced)|w=none"
86,tokenizer,WPC,2000,head,20000,1-2,tfidf,,,1384,LogReg,"{""C"": ""1.0"", ""class_weight"": ""balanced""}",none,0.905168,0.901367,0.971786,0.927109,0.923961,0.03732,0.5,default,0.33163078,0.33163078,"LogReg(C=1.0,class_weight=balanced)|w=none"
87,tokenizer,WPC,4000,head,20000,1-2,tfidf,,,1384,LogReg,"{""C"": ""1.0"", ""class_weight"": ""balanced""}",none,0.905168,0.901367,0.971786,0.927109,0.923961,0.03732,0.5,default,0.33163078,0.33163078,"LogReg(C=1.0,class_weight=balanced)|w=none"
88,tokenizer,BPE,1000,head,20000,1-2,tfidf,,,1384,LogReg,"{""C"": ""1.0"", ""class_weight"": ""balanced""}",none,0.905168,0.901367,0.971785,0.927109,0.923961,0.03732,0.5,default,0.33162879,0.33162879,"LogReg(C=1.0,class_weight=balanced)|w=none"
89,tokenizer,BPE,4000,head,20000,1-2,tfidf,,,1384,LogReg,"{""C"": ""1.0"", ""class_weight"": ""balanced""}",none,0.905168,0.901367,0.971786,0.927109,0.923961,0.03732,0.5,default,0.33163078,0.33163078,"LogReg(C=1.0,class_weight=balanced)|w=none"
90,tfidf,SW,,head,20000,1-2,tfidf,,,11867,LinearSVC,"{""C"": ""0.1"", ""class_weight"": ""None""}",class_arch,0.904708,0.899803,0.985208,0.926765,0.926765,0.034279,0.0,default,-0.26940143,-0.26940143,"LinearSVC(C=0.1,class_weight=None)|w=class_arch"
91,tfidf,SW,,strided,50000,1-2,tfidf,,,18667,LinearSVC,"{""C"": ""0.01"", ""class_weight"": ""balanced""}",none,0.904571,0.901929,0.966917,0.913652,0.913652,0.028336,0.0,default,-0.13313807,-0.13313807,"LinearSVC(C=0.01,class_weight=balanced)|w=none"
92,w2v,SW,,strided,20000,1-1,w2v,"dim=300,window=5,epochs=5,min_count=1",mean_max,300,MLP,"{""alpha"": ""0.0001"", ""early_stopping"": ""True"", ""hidden_layer_sizes"": ""(500,)"", ""learning_rate_init"": ""0.001""}",none,0.903862,0.900646,0.934928,0.880248,0.880248,0.023423,0.5,default,0.4876758,0.4876758,"MLP(alpha=0.0001,early_stopping=True,hidden_layer_sizes=(500,),learning_rate_init=0.001)|w=none"
93,tfidf,SW,,head,20000,1-2,tfidf,,,11867,LogReg,"{""C"": ""1.0"", ""class_weight"": ""None""}",class_arch,0.903689,0.898801,0.98438,0.92166,0.921624,0.03738,0.5,default,0.30266292,0.38799795,"LogReg(C=1.0,class_weight=None)|w=class_arch"
94,tfidf,SW,,strided,20000,1-3,tfidf,,,100174,LinearSVC,"{""C"": ""0.1"", ""class_weight"": ""balanced""}",none,0.903356,0.898874,0.983423,0.933497,0.929805,0.043788,0.0,default,-0.28978092,-0.1919386,"LinearSVC(C=0.1,class_weight=balanced)|w=none"
95,w2v,SW,,head,20000,1-1,w2v,"dim=300,window=5,epochs=5,min_count=1",mean_max,300,SVM-RBF,"{""C"": ""10.0"", ""class_weight"": ""balanced"", ""gamma"": ""scale""}",none,0.90313,0.898144,0.968152,0.926613,0.927584,0.037957,0.0,default,-0.17897456,-0.17897456,"SVM-RBF(C=10.0,class_weight=balanced,gamma=scale)|w=none"
96,tfidf,SW,,strided,50000,1-3,tfidf,,,117800,LogReg,"{""C"": ""0.1"", ""class_weight"": ""None""}",none,0.902988,0.898842,0.972131,0.925018,0.925004,0.022255,0.5,default,0.43203901,0.43203901,"LogReg(C=0.1,class_weight=None)|w=none"
97,tfidf,SW,,head,20000,1-1,tfidf,,,461,LogReg,"{""C"": ""0.1"", ""class_weight"": ""balanced""}",none,0.902961,0.900061,0.956789,0.89418,0.890087,0.040294,0.5,default,0.51433186,0.51433186,"LogReg(C=0.1,class_weight=balanced)|w=none"
98,tfidf,SW,,head,20000,1-1,tfidf,,,461,LinearSVC,"{""C"": ""0.01"", ""class_weight"": ""balanced""}",none,0.902878,0.899748,0.955819,0.897907,0.897907,0.039419,0.0,default,0.01491343,0.01491343,"LinearSVC(C=0.01,class_weight=balanced)|w=none"
99,tfidf,SW,,strided,50000,1-3,tfidf,,,117800,LogReg,"{""C"": ""10.0"", ""class_weight"": ""balanced""}",none,0.9018,0.896203,0.987018,0.943832,0.943832,0.033756,0.5,default,0.23792982,0.23792982,"LogReg(C=10.0,class_weight=balanced)|w=none"
100,tfidf,SW,,head,20000,1-1,tfidf,,,461,LinearSVC,"{""C"": ""1.0"", ""class_weight"": ""balanced""}",none,0.901782,0.897214,0.976876,0.92027,0.92027,0.045671,0.0,default,-0.39477829,-0.2288426,"LinearSVC(C=1.0,class_weight=balanced)|w=none"
101,tfidf,SW,,head,20000,1-1,tfidf,,,461,LinearSVC,"{""C"": ""0.1"", ""class_weight"": ""balanced""}",none,0.90148,0.897391,0.973776,0.923019,0.921452,0.036218,0.0,default,-0.25946662,-0.25946662,"LinearSVC(C=0.1,class_weight=balanced)|w=none"
102,tokenizer,WPC,1000,head,20000,1-2,tfidf,,,1446,LinearSVC,"{""C"": ""0.1"", ""class_weight"": ""balanced""}",none,0.90148,0.897391,0.9737,0.923019,0.921452,0.036218,0.0,default,-0.25921499,-0.25921499,"LinearSVC(C=0.1,class_weight=balanced)|w=none"
103,tokenizer,WPC,2000,head,20000,1-2,tfidf,,,1384,LinearSVC,"{""C"": ""0.1"", ""class_weight"": ""balanced""}",none,0.90148,0.897391,0.973701,0.923019,0.921452,0.036218,0.0,default,-0.25964148,-0.25964148,"LinearSVC(C=0.1,class_weight=balanced)|w=none"
104,tokenizer,WPC,4000,head,20000,1-2,tfidf,,,1384,LinearSVC,"{""C"": ""0.1"", ""class_weight"": ""balanced""}",none,0.90148,0.897391,0.973701,0.923019,0.921452,0.036218,0.0,default,-0.25964148,-0.25964148,"LinearSVC(C=0.1,class_weight=balanced)|w=none"
105,tokenizer,BPE,1000,head,20000,1-2,tfidf,,,1384,LinearSVC,"{""C"": ""0.1"", ""class_weight"": ""balanced""}",none,0.90148,0.897391,0.973701,0.923019,0.921452,0.036218,0.0,default,-0.25964141,-0.25964141,"LinearSVC(C=0.1,class_weight=balanced)|w=none"
106,tokenizer,BPE,4000,head,20000,1-2,tfidf,,,1384,LinearSVC,"{""C"": ""0.1"", ""class_weight"": ""balanced""}",none,0.90148,0.897391,0.973701,0.923019,0.921452,0.036218,0.0,default,-0.25964148,-0.25964148,"LinearSVC(C=0.1,class_weight=balanced)|w=none"
107,w2v,SW,,strided,20000,1-1,w2v,"dim=100,window=30,epochs=5,min_count=1",tfidf_mean,100,LogReg,"{""C"": ""1.0"", ""class_weight"": ""balanced""}",none,0.901449,0.897287,0.934164,0.895214,0.89745,0.032531,0.5,default,0.45298489,0.50230032,"LogReg(C=1.0,class_weight=balanced)|w=none"
108,tokenizer,WPC,500,head,20000,1-2,tfidf,,,1394,LinearSVC,"{""C"": ""0.1"", ""class_weight"": ""balanced""}",none,0.901417,0.897182,0.973068,0.920404,0.920404,0.042453,0.0,default,-0.25880648,-0.13901108,"LinearSVC(C=0.1,class_weight=balanced)|w=none"
109,tfidf,SW,,head,50000,1-2,tfidf,,,15661,LogReg,"{""C"": ""1.0"", ""class_weight"": ""None""}",none,0.90109,0.89614,0.983832,0.92913,0.932445,0.026551,0.5,default,0.31460226,0.41024473,"LogReg(C=1.0,class_weight=None)|w=none"
110,tfidf,SW,,strided,50000,1-3,tfidf,,,117800,LogReg,"{""C"": ""10.0"", ""class_weight"": ""None""}",none,0.900632,0.894784,0.986986,0.941761,0.941761,0.034326,0.5,default,0.21956817,0.21956817,"LogReg(C=10.0,class_weight=None)|w=none"
111,tfidf,SW,,strided,50000,1-1,tfidf,,,553,LinearSVC,"{""C"": ""0.1"", ""class_weight"": ""balanced""}",none,0.899785,0.896534,0.968114,0.930317,0.926798,0.033512,0.0,default,-0.30366276,-0.30366276,"LinearSVC(C=0.1,class_weight=balanced)|w=none"
112,tfidf,SW,,head,20000,1-1,tfidf,,,461,LogReg,"{""C"": ""10.0"", ""class_weight"": ""None""}",none,0.899544,0.894585,0.976523,0.932319,0.932319,0.049724,0.5,default,0.27965692,0.27965692,"LogReg(C=10.0,class_weight=None)|w=none"
113,tfidf,SW,,head,20000,1-1,tfidf,,,461,LinearSVC,"{""C"": ""1.0"", ""class_weight"": ""None""}",none,0.899544,0.894585,0.976497,0.921849,0.921833,0.048273,0.0,default,-0.42649593,-0.23530815,"LinearSVC(C=1.0,class_weight=None)|w=none"
114,tfidf,SW,,strided,5000,1-2,tfidf,,,10897,LogReg,"{""C"": ""1.0"", ""class_weight"": ""balanced""}",none,0.899287,0.894866,0.973043,0.919196,0.92656,0.042778,0.5,default,0.4294005,0.4294005,"LogReg(C=1.0,class_weight=balanced)|w=none"
115,tfidf,SW,,strided,50000,1-1,tfidf,,,553,LogReg,"{""C"": ""1.0"", ""class_weight"": ""balanced""}",none,0.898831,0.895741,0.966385,0.92576,0.92576,0.032641,0.5,default,0.32511556,0.32511556,"LogReg(C=1.0,class_weight=balanced)|w=none"
116,tfidf,SW,,head,20000,1-1,tfidf,,,461,LogReg,"{""C"": ""1.0"", ""class_weight"": ""None""}",none,0.897608,0.892894,0.97199,0.926018,0.908069,0.043607,0.5,default,0.30599632,0.36077011,"LogReg(C=1.0,class_weight=None)|w=none"
117,tfidf,SW,,head,5000,1-3,tfidf,,,37877,LinearSVC,"{""C"": ""0.1"", ""class_weight"": ""balanced""}",none,0.897289,0.891955,0.977703,0.918586,0.911165,0.032564,0.0,default,-0.48855649,-0.19626817,"LinearSVC(C=0.1,class_weight=balanced)|w=none"
118,tfidf,SW,,strided,20000,1-1,tfidf,,,515,LogReg,"{""C"": ""1.0"", ""class_weight"": ""balanced""}",none,0.896748,0.893528,0.966329,0.917812,0.916791,0.037381,0.5,default,0.31087285,0.33947265,"LogReg(C=1.0,class_weight=balanced)|w=none"
119,w2v,SW,,head,20000,1-1,w2v,"dim=100,window=30,epochs=5,min_count=1",tfidf_mean,100,MLP,"{""alpha"": ""0.001"", ""early_stopping"": ""True"", ""hidden_layer_sizes"": ""(256, 128)"", ""learning_rate_init"": ""0.001""}",none,0.896098,0.891443,0.911754,0.892692,0.894131,0.076595,0.5,default,0.50861718,0.50861718,"MLP(alpha=0.001,early_stopping=True,hidden_layer_sizes=(256, 128),learning_rate_init=0.001)|w=none"
120,tfidf,SW,,head,20000,1-1,tfidf,,,461,LinearSVC,"{""C"": ""0.1"", ""class_weight"": ""None""}",none,0.896063,0.891339,0.974202,0.925592,0.912497,0.044212,0.0,default,-0.32576763,-0.20666314,"LinearSVC(C=0.1,class_weight=None)|w=none"
121,tfidf,SW,,strided,50000,1-3,tfidf,,,117800,LinearSVC,"{""C"": ""0.01"", ""class_weight"": ""None""}",none,0.896027,0.891234,0.972188,0.927497,0.927483,0.025082,0.0,default,-0.111177,-0.111177,"LinearSVC(C=0.01,class_weight=None)|w=none"
122,tfidf,SW,,head,20000,1-2,tfidf,,,11867,LogReg,"{""C"": ""0.1"", ""class_weight"": ""None""}",none,0.895992,0.89113,0.976648,0.933029,0.930881,0.030909,0.5,default,0.40147649,0.40147649,"LogReg(C=0.1,class_weight=None)|w=none"
123,tfidf,SW,,strided,20000,1-3,tfidf,,,100174,LogReg,"{""C"": ""1.0"", ""class_weight"": ""None""}",none,0.895848,0.890713,0.982127,0.939091,0.939091,0.05238,0.5,default,0.29503784,0.29503784,"LogReg(C=1.0,class_weight=None)|w=none"
124,tfidf,SW,,strided,50000,1-3,tfidf,,,117800,LogReg,"{""C"": ""1.0"", ""class_weight"": ""None""}",none,0.895811,0.890609,0.983444,0.934776,0.939215,0.042216,0.5,default,0.39806235,0.39806235,"LogReg(C=1.0,class_weight=None)|w=none"
125,w2v,SW,,strided,5000,1-1,w2v,"dim=300,window=10,epochs=20,min_count=1",tfidf_mean,300,LogReg,"{""C"": ""1.0"", ""class_weight"": ""balanced""}",none,0.89558,0.892005,0.927563,0.894011,0.886552,0.032521,0.5,default,0.51489395,0.51489395,"LogReg(C=1.0,class_weight=balanced)|w=none"
126,tfidf,SW,,strided,5000,1-3,tfidf,,,64244,LogReg,"{""C"": ""1.0"", ""class_weight"": ""balanced""}",none,0.895392,0.890369,0.97482,0.920896,0.916203,0.041667,0.5,default,0.36969779,0.36969779,"LogReg(C=1.0,class_weight=balanced)|w=none"
127,tfidf,SW,,strided,5000,1-2,tfidf,,,10897,LinearSVC,"{""C"": ""0.01"", ""class_weight"": ""balanced""}",none,0.895353,0.891275,0.961621,0.90973,0.886625,0.042561,0.0,default,-0.09173621,-0.09173621,"LinearSVC(C=0.01,class_weight=balanced)|w=none"
128,w2v,SW,,head,20000,1-1,w2v,"dim=300,window=5,epochs=5,min_count=1",mean_max,300,MLP,"{""alpha"": ""0.001"", ""early_stopping"": ""True"", ""hidden_layer_sizes"": ""(256, 128)"", ""learning_rate_init"": ""0.001""}",none,0.895245,0.889952,0.955848,0.889417,0.889417,0.036621,0.5,default,0.17930185,0.17930185,"MLP(alpha=0.001,early_stopping=True,hidden_layer_sizes=(256, 128),learning_rate_init=0.001)|w=none"
129,w2v,SW,,head,20000,1-1,w2v,"dim=300,window=5,epochs=5,min_count=1",mean_max,300,SVM-RBF,"{""C"": ""100.0"", ""class_weight"": ""balanced"", ""gamma"": ""scale""}",none,0.895132,0.889639,0.9642,0.890667,0.890667,0.059463,0.0,default,-0.86407305,-0.81840618,"SVM-RBF(C=100.0,class_weight=balanced,gamma=scale)|w=none"
130,tfidf,SW,,head,5000,1-3,tfidf,,,37877,LogReg,"{""C"": ""10.0"", ""class_weight"": ""balanced""}",none,0.895017,0.889326,0.977688,0.930055,0.930055,0.046758,0.5,default,0.09413374,0.09413374,"LogReg(C=10.0,class_weight=balanced)|w=none"
131,w2v,SW,,strided,5000,1-1,w2v,"dim=100,window=30,epochs=5,min_count=1",tfidf_mean,100,MLP,"{""alpha"": ""0.0001"", ""early_stopping"": ""True"", ""hidden_layer_sizes"": ""(500,)"", ""learning_rate_init"": ""0.001""}",none,0.894992,0.892463,0.925662,0.89124,0.89124,0.045785,0.5,default,0.42672085,0.42672085,"MLP(alpha=0.0001,early_stopping=True,hidden_layer_sizes=(500,),learning_rate_init=0.001)|w=none"
132,tfidf,SW,,strided,50000,1-3,tfidf,,,117800,LinearSVC,"{""C"": ""1.0"", ""class_weight"": ""balanced""}",none,0.894821,0.888805,0.988537,0.948448,0.952869,0.036107,0.0,default,-0.30918654,-0.30918654,"LinearSVC(C=1.0,class_weight=balanced)|w=none"
133,tfidf,SW,,head,20000,1-2,tfidf,,,11867,LinearSVC,"{""C"": ""0.01"", ""class_weight"": ""None""}",none,0.89479,0.889607,0.977125,0.93698,0.93698,0.03326,0.0,default,-0.17704799,-0.17704799,"LinearSVC(C=0.01,class_weight=None)|w=none"
134,w2v,SW,,head,20000,1-1,w2v,"dim=300,window=5,epochs=5,min_count=1",tfidf_mean,300,LogReg,"{""C"": ""1.0"", ""class_weight"": ""balanced""}",none,0.89476,0.890514,0.915278,0.893953,0.893953,0.038297,0.5,default,0.50700369,0.54114469,"LogReg(C=1.0,class_weight=balanced)|w=none"
135,tfidf,SW,,head,50000,1-1,tfidf,,,532,LogReg,"{""C"": ""1.0"", ""class_weight"": ""balanced""}",none,0.89463,0.891212,0.965825,0.91316,0.922512,0.036479,0.5,default,0.35515529,0.35515529,"LogReg(C=1.0,class_weight=balanced)|w=none"
136,tfidf,SW,,strided,20000,1-1,tfidf,,,515,LinearSVC,"{""C"": ""0.1"", ""class_weight"": ""balanced""}",none,0.894171,0.890867,0.967846,0.922266,0.922266,0.037929,0.0,default,-0.29567631,-0.29567631,"LinearSVC(C=0.1,class_weight=balanced)|w=none"
137,tfidf,SW,,head,50000,1-1,tfidf,,,532,LinearSVC,"{""C"": ""0.1"", ""class_weight"": ""balanced""}",none,0.894076,0.890554,0.96807,0.915731,0.925046,0.03576,0.0,default,-0.24233291,-0.24233291,"LinearSVC(C=0.1,class_weight=balanced)|w=none"
138,tfidf,SW,,strided,20000,1-3,tfidf,,,100174,LogReg,"{""C"": ""10.0"", ""class_weight"": ""balanced""}",none,0.894032,0.888428,0.985439,0.933953,0.933953,0.028827,0.5,default,0.16168422,0.16168422,"LogReg(C=10.0,class_weight=balanced)|w=none"
139,w2v,SW,,strided,5000,1-1,w2v,"dim=300,window=10,epochs=20,min_count=1",mean,300,MLP,"{""alpha"": ""0.001"", ""early_stopping"": ""True"", ""hidden_layer_sizes"": ""(256, 128)"", ""learning_rate_init"": ""0.001""}",none,0.893978,0.890241,0.91936,0.891882,0.891882,0.052846,0.5,default,0.49166836,0.49166836,"MLP(alpha=0.001,early_stopping=True,hidden_layer_sizes=(256, 128),learning_rate_init=0.001)|w=none"
140,tfidf,SW,,head,5000,1-3,tfidf,,,37877,LinearSVC,"{""C"": ""0.1"", ""class_weight"": ""None""}",none,0.893954,0.88822,0.978307,0.920049,0.915692,0.02998,0.0,default,-0.52320855,-0.23449159,"LinearSVC(C=0.1,class_weight=None)|w=none"
141,w2v,SW,,head,20000,1-1,w2v,"dim=300,window=5,epochs=5,min_count=1",mean_max,300,SVM-RBF,"{""C"": ""1.0"", ""class_weight"": ""balanced"", ""gamma"": ""scale""}",none,0.893806,0.888709,0.95971,0.903912,0.883332,0.041245,0.0,default,-0.43214506,-0.33611502,"SVM-RBF(C=1.0,class_weight=balanced,gamma=scale)|w=none"
142,w2v,SW,,strided,20000,1-1,w2v,"dim=100,window=30,epochs=5,min_count=1",mean,100,LogReg,"{""C"": ""1.0"", ""class_weight"": ""balanced""}",none,0.893778,0.889616,0.926831,0.89352,0.89352,0.032279,0.5,default,0.46635862,0.46635862,"LogReg(C=1.0,class_weight=balanced)|w=none"
143,tfidf,SW,,strided,50000,1-3,tfidf,,,117800,LinearSVC,"{""C"": ""1.0"", ""class_weight"": ""None""}",none,0.893673,0.88749,0.988613,0.947478,0.947953,0.03538,0.0,default,-0.33879532,-0.33879532,"LinearSVC(C=1.0,class_weight=None)|w=none"
144,tfidf,SW,,strided,50000,1-2,tfidf,,,18667,LogReg,"{""C"": ""1.0"", ""class_weight"": ""None""}",none,0.893655,0.888292,0.981417,0.933065,0.925762,0.045805,0.5,default,0.29793319,0.29793319,"LogReg(C=1.0,class_weight=None)|w=none"
145,tfidf,SW,,strided,5000,1-2,tfidf,,,10897,LinearSVC,"{""C"": ""0.1"", ""class_weight"": ""balanced""}",none,0.893425,0.888573,0.975816,0.908899,0.913798,0.046033,0.0,default,-0.11680808,-0.11680808,"LinearSVC(C=0.1,class_weight=balanced)|w=none"
146,tfidf,SW,,strided,5000,1-3,tfidf,,,64244,LogReg,"{""C"": ""10.0"", ""class_weight"": ""None""}",none,0.892809,0.886905,0.979785,0.926828,0.927815,0.040562,0.5,default,0.20561219,0.20561219,"LogReg(C=10.0,class_weight=None)|w=none"
147,tfidf,SW,,strided,5000,1-3,tfidf,,,64244,LinearSVC,"{""C"": ""0.1"", ""class_weight"": ""balanced""}",none,0.892255,0.887154,0.977801,0.918877,0.92027,0.045677,0.0,default,-0.23612515,-0.23612515,"LinearSVC(C=0.1,class_weight=balanced)|w=none"
148,tfidf,SW,,strided,20000,1-3,tfidf,,,100174,LogReg,"{""C"": ""10.0"", ""class_weight"": ""None""}",none,0.892235,0.886248,0.985851,0.93394,0.93394,0.035549,0.5,default,0.154498,0.154498,"LogReg(C=10.0,class_weight=None)|w=none"
149,tfidf,SW,,strided,50000,1-3,tfidf,,,117800,LinearSVC,"{""C"": ""0.1"", ""class_weight"": ""None""}",none,0.892141,0.886841,0.985011,0.930444,0.941183,0.042644,0.0,default,-0.15987921,-0.15987921,"LinearSVC(C=0.1,class_weight=None)|w=none"
150,tfidf,SW,,strided,20000,1-3,tfidf,,,100174,LinearSVC,"{""C"": ""0.1"", ""class_weight"": ""None""}",none,0.892102,0.886737,0.984201,0.933112,0.936274,0.055117,0.0,default,-0.37958457,-0.11476363,"LinearSVC(C=0.1,class_weight=None)|w=none"
151,w2v,SW,,head,20000,1-1,w2v,"dim=300,window=5,epochs=5,min_count=1",mean_max,300,LogReg,"{""C"": ""1.0"", ""class_weight"": ""balanced""}",none,0.892024,0.886529,0.961009,0.932661,0.932661,0.048422,0.5,default,0.2601341,0.2601341,"LogReg(C=1.0,class_weight=balanced)|w=none"
152,tfidf,SW,,head,20000,1-1,tfidf,,,461,LogReg,"{""C"": ""1.0"", ""class_weight"": ""None""}",class_arch,0.891764,0.886705,0.97058,0.914255,0.917166,0.050921,0.5,default,0.3253833,0.3253833,"LogReg(C=1.0,class_weight=None)|w=class_arch"
153,w2v,SW,,strided,5000,1-1,w2v,"dim=100,window=30,epochs=5,min_count=1",mean,100,LogReg,"{""C"": ""1.0"", ""class_weight"": ""balanced""}",none,0.891718,0.888623,0.926093,0.892393,0.892393,0.032835,0.5,default,0.4869354,0.4869354,"LogReg(C=1.0,class_weight=balanced)|w=none"
154,tokenizer,WP,,head,5000,1-1,tfidf,,,7262,LogReg,"{""C"": ""1.0"", ""class_weight"": ""balanced""}",none,0.891571,0.886184,0.975246,0.931573,0.928497,0.039223,0.5,default,0.28774937,0.28774937,"LogReg(C=1.0,class_weight=balanced)|w=none"
155,tokenizer,WP,,head,5000,1-1,tfidf,,,7262,LinearSVC,"{""C"": ""0.1"", ""class_weight"": ""balanced""}",none,0.891492,0.885976,0.977561,0.918844,0.92027,0.039045,0.0,default,-0.36331864,-0.26594981,"LinearSVC(C=0.1,class_weight=balanced)|w=none"
156,tfidf,SW,,strided,5000,1-2,tfidf,,,10897,LogReg,"{""C"": ""1.0"", ""class_weight"": ""None""}",none,0.891157,0.885944,0.973437,0.919688,0.927054,0.047831,0.5,default,0.40231012,0.40231012,"LogReg(C=1.0,class_weight=None)|w=none"
157,w2v,SW,,strided,5000,1-1,w2v,"dim=100,window=30,epochs=5,min_count=1",mean_max,100,MLP,"{""alpha"": ""0.0001"", ""early_stopping"": ""True"", ""hidden_layer_sizes"": ""(500,)"", ""learning_rate_init"": ""0.001""}",none,0.891132,0.887861,0.942811,0.860364,0.860364,0.044505,0.5,default,0.55755875,0.55755875,"MLP(alpha=0.0001,early_stopping=True,hidden_layer_sizes=(500,),learning_rate_init=0.001)|w=none"
158,tfidf,SW,,strided,5000,1-3,tfidf,,,64244,LogReg,"{""C"": ""10.0"", ""class_weight"": ""balanced""}",none,0.890961,0.885422,0.980055,0.919093,0.926874,0.032482,0.5,default,0.18691507,0.2436757,"LogReg(C=10.0,class_weight=balanced)|w=none"
159,tfidf,SW,,head,50000,1-1,tfidf,,,532,LogReg,"{""C"": ""10.0"", ""class_weight"": ""balanced""}",none,0.890819,0.885912,0.965627,0.923328,0.922061,0.025131,0.5,default,0.21507972,0.35318004,"LogReg(C=10.0,class_weight=balanced)|w=none"
160,tfidf,SW,,strided,5000,1-2,tfidf,,,10897,LinearSVC,"{""C"": ""0.1"", ""class_weight"": ""None""}",none,0.890588,0.885286,0.976249,0.908881,0.90364,0.049035,0.0,default,-0.45067994,-0.16637282,"LinearSVC(C=0.1,class_weight=None)|w=none"
161,tfidf,SW,,head,5000,1-2,tfidf,,,7629,LinearSVC,"{""C"": ""0.1"", ""class_weight"": ""balanced""}",none,0.890428,0.884869,0.975495,0.914447,0.922171,0.038091,0.0,default,-0.20443919,-0.20443919,"LinearSVC(C=0.1,class_weight=balanced)|w=none"
162,tfidf,SW,,strided,5000,1-3,tfidf,,,64244,LinearSVC,"{""C"": ""0.1"", ""class_weight"": ""None""}",none,0.890265,0.884452,0.978304,0.915328,0.920253,0.04795,0.0,default,-0.20859362,-0.20859362,"LinearSVC(C=0.1,class_weight=None)|w=none"
163,tfidf,SW,,strided,50000,1-2,tfidf,,,18667,LinearSVC,"{""C"": ""1.0"", ""class_weight"": ""balanced""}",none,0.890224,0.884348,0.987555,0.939564,0.939564,0.050978,0.0,default,-0.57575261,-0.36604747,"LinearSVC(C=1.0,class_weight=balanced)|w=none"
164,tfidf,SW,,strided,50000,1-3,tfidf,,,117800,LinearSVC,"{""C"": ""0.1"", ""class_weight"": ""None""}",class_arch,0.890224,0.884348,0.984681,0.934407,0.934901,0.038283,0.0,default,-0.29150779,-0.21079115,"LinearSVC(C=0.1,class_weight=None)|w=class_arch"
165,tfidf,SW,,strided,5000,1-3,tfidf,,,64244,LinearSVC,"{""C"": ""1.0"", ""class_weight"": ""balanced""}",none,0.89014,0.88414,0.98278,0.924177,0.924567,0.03044,0.0,default,-0.55407792,-0.42997456,"LinearSVC(C=1.0,class_weight=balanced)|w=none"
166,tfidf,SW,,strided,5000,1-3,tfidf,,,64244,LogReg,"{""C"": ""1.0"", ""class_weight"": ""None""}",none,0.889773,0.884003,0.974577,0.921389,0.915692,0.045178,0.5,default,0.3376523,0.3376523,"LogReg(C=1.0,class_weight=None)|w=none"
167,tfidf,SW,,head,50000,1-1,tfidf,,,532,LinearSVC,"{""C"": ""1.0"", ""class_weight"": ""balanced""}",none,0.889644,0.884493,0.963458,0.923789,0.933586,0.050396,0.0,default,-0.09172606,-0.09172606,"LinearSVC(C=1.0,class_weight=balanced)|w=none"
168,tfidf,SW,,strided,20000,1-3,tfidf,,,100174,LinearSVC,"{""C"": ""1.0"", ""class_weight"": ""None""}",none,0.889606,0.883586,0.987252,0.939081,0.931361,0.037146,0.0,default,-0.6001169,-0.35157833,"LinearSVC(C=1.0,class_weight=None)|w=none"
169,tfidf,SW,,strided,50000,1-1,tfidf,,,553,LogReg,"{""C"": ""10.0"", ""class_weight"": ""balanced""}",none,0.88923,0.884253,0.970395,0.932939,0.933913,0.039256,0.5,default,0.33542539,0.33542539,"LogReg(C=10.0,class_weight=balanced)|w=none"
170,w2v,SW,,head,20000,1-1,w2v,"dim=100,window=30,epochs=5,min_count=1",mean,100,MLP,"{""alpha"": ""0.001"", ""early_stopping"": ""True"", ""hidden_layer_sizes"": ""(256, 128)"", ""learning_rate_init"": ""0.001""}",none,0.888778,0.883908,0.908009,0.891848,0.891848,0.075599,0.5,default,0.3927516,0.3927516,"MLP(alpha=0.001,early_stopping=True,hidden_layer_sizes=(256, 128),learning_rate_init=0.001)|w=none"
171,tfidf,SW,,strided,20000,1-3,tfidf,,,100174,LinearSVC,"{""C"": ""0.1"", ""class_weight"": ""None""}",class_arch,0.888748,0.883002,0.984308,0.931523,0.942269,0.05067,0.0,default,-0.40041502,-0.17196031,"LinearSVC(C=0.1,class_weight=None)|w=class_arch"
172,w2v,SW,,strided,5000,1-1,w2v,"dim=300,window=10,epochs=20,min_count=1",mean_max,300,SVM-RBF,"{""C"": ""10.0"", ""class_weight"": ""balanced"", ""gamma"": ""scale""}",none,0.888623,0.884398,0.962897,0.897006,0.897006,0.051957,0.0,default,-0.57581737,-0.57581737,"SVM-RBF(C=10.0,class_weight=balanced,gamma=scale)|w=none"
173,tfidf,SW,,strided,50000,1-3,tfidf,,,117800,LogReg,"{""C"": ""1.0"", ""class_weight"": ""None""}",class_arch,0.888214,0.882448,0.983169,0.931523,0.931287,0.034453,0.5,default,0.37418932,0.37418932,"LogReg(C=1.0,class_weight=None)|w=class_arch"
174,tfidf,SW,,head,50000,1-1,tfidf,,,532,LinearSVC,"{""C"": ""1.0"", ""class_weight"": ""None""}",none,0.888011,0.882729,0.962835,0.929152,0.931469,0.052396,0.0,default,-0.14943981,-0.14943981,"LinearSVC(C=1.0,class_weight=None)|w=none"
175,tfidf,SW,,head,50000,1-2,tfidf,,,15661,LinearSVC,"{""C"": ""1.0"", ""class_weight"": ""None""}",none,0.887957,0.881823,0.988207,0.938618,0.938618,0.050992,0.0,default,-0.66756085,-0.66756085,"LinearSVC(C=1.0,class_weight=None)|w=none"
176,w2v,SW,,head,20000,1-1,w2v,"dim=300,window=5,epochs=5,min_count=1",mean,300,SVM-RBF,"{""C"": ""10.0"", ""class_weight"": ""None"", ""gamma"": ""0.1""}",none,0.887479,0.882176,0.933021,0.880889,0.884734,0.077212,0.0,default,-0.58299332,-0.28772397,"SVM-RBF(C=10.0,class_weight=None,gamma=0.1)|w=none"
177,tfidf,SW,,strided,5000,1-2,tfidf,,,10897,LogReg,"{""C"": ""10.0"", ""class_weight"": ""balanced""}",none,0.886906,0.881519,0.977803,0.908691,0.910901,0.039946,0.5,default,0.14339376,0.3175712,"LogReg(C=10.0,class_weight=balanced)|w=none"
178,w2v,SW,,strided,5000,1-1,w2v,"dim=300,window=10,epochs=20,min_count=1",mean_max,300,LogReg,"{""C"": ""1.0"", ""class_weight"": ""balanced""}",none,0.886853,0.882217,0.957287,0.898465,0.899397,0.053692,0.5,default,0.19911217,0.19911217,"LogReg(C=1.0,class_weight=balanced)|w=none"
179,w2v,SW,,head,5000,1-1,w2v,"dim=300,window=10,epochs=20,min_count=1",tfidf_mean,300,MLP,"{""alpha"": ""0.001"", ""early_stopping"": ""True"", ""hidden_layer_sizes"": ""(256, 128)"", ""learning_rate_init"": ""0.001""}",none,0.886815,0.882113,0.913353,0.881511,0.879208,0.028768,0.5,default,0.5203183,0.5203183,"MLP(alpha=0.001,early_stopping=True,hidden_layer_sizes=(256, 128),learning_rate_init=0.001)|w=none"
180,w2v,SW,,strided,20000,1-1,w2v,"dim=300,window=5,epochs=5,min_count=1",mean,300,SVM-RBF,"{""C"": ""10.0"", ""class_weight"": ""balanced"", ""gamma"": ""scale""}",none,0.886735,0.882811,0.926545,0.888715,0.888715,0.060254,0.0,default,-0.20351448,-0.20351448,"SVM-RBF(C=10.0,class_weight=balanced,gamma=scale)|w=none"
181,w2v,SW,,head,20000,1-1,w2v,"dim=300,window=5,epochs=5,min_count=1",mean,300,SVM-RBF,"{""C"": ""10.0"", ""class_weight"": ""balanced"", ""gamma"": ""scale""}",none,0.886698,0.8818,0.916257,0.885344,0.885344,0.07307,0.0,default,-0.13028224,-0.13028224,"SVM-RBF(C=10.0,class_weight=balanced,gamma=scale)|w=none"
182,w2v,SW,,strided,20000,1-1,w2v,"dim=300,window=5,epochs=5,min_count=1",mean_max,300,MLP,"{""alpha"": ""0.001"", ""early_stopping"": ""True"", ""hidden_layer_sizes"": ""(256, 128)"", ""learning_rate_init"": ""0.001""}",none,0.886626,0.882498,0.952054,0.910653,0.913073,0.028903,0.5,default,0.31363095,0.31363095,"MLP(alpha=0.001,early_stopping=True,hidden_layer_sizes=(256, 128),learning_rate_init=0.001)|w=none"
183,tfidf,SW,,strided,20000,1-3,tfidf,,,100174,LogReg,"{""C"": ""1.0"", ""class_weight"": ""None""}",class_arch,0.886569,0.880685,0.981917,0.92635,0.928309,0.042964,0.5,default,0.37318203,0.37318203,"LogReg(C=1.0,class_weight=None)|w=class_arch"
184,w2v,SW,,strided,5000,1-1,w2v,"dim=300,window=10,epochs=20,min_count=1",mean,300,LogReg,"{""C"": ""1.0"", ""class_weight"": ""balanced""}",none,0.886558,0.8833,0.921731,0.862087,0.868324,0.03316,0.5,default,0.48925383,0.48925383,"LogReg(C=1.0,class_weight=balanced)|w=none"
185,w2v,SW,,strided,5000,1-1,w2v,"dim=300,window=5,epochs=5,min_count=1",mean_max,300,SVM-RBF,"{""C"": ""100.0"", ""class_weight"": ""balanced"", ""gamma"": ""scale""}",none,0.886456,0.881174,0.952112,0.868729,0.869216,0.067525,0.0,default,-0.83318571,-0.83318571,"SVM-RBF(C=100.0,class_weight=balanced,gamma=scale)|w=none"
186,w2v,SW,,strided,20000,1-1,w2v,"dim=300,window=5,epochs=5,min_count=1",mean_max,300,MLP,"{""alpha"": ""0.01"", ""early_stopping"": ""False"", ""hidden_layer_sizes"": ""(500,)"", ""learning_rate_init"": ""0.001""}",none,0.886102,0.882956,0.941853,0.904756,0.880985,0.047852,0.5,default,0.3988831,0.3988831,"MLP(alpha=0.01,early_stopping=False,hidden_layer_sizes=(500,),learning_rate_init=0.001)|w=none"
187,w2v,SW,,strided,20000,1-1,w2v,"dim=300,window=5,epochs=5,min_count=1",tfidf_mean,300,LogReg,"{""C"": ""1.0"", ""class_weight"": ""balanced""}",none,0.886102,0.882956,0.922837,0.861568,0.869754,0.035632,0.5,default,0.53650904,0.53650904,"LogReg(C=1.0,class_weight=balanced)|w=none"
188,w2v,SW,,strided,5000,1-1,w2v,"dim=300,window=10,epochs=20,min_count=1",tfidf_mean,300,MLP,"{""alpha"": ""0.0001"", ""early_stopping"": ""True"", ""hidden_layer_sizes"": ""(500,)"", ""learning_rate_init"": ""0.001""}",none,0.885007,0.880735,0.919497,0.865037,0.883266,0.066749,0.5,default,0.57772298,0.57772298,"MLP(alpha=0.0001,early_stopping=True,hidden_layer_sizes=(500,),learning_rate_init=0.001)|w=none"
189,tfidf,SW,,head,5000,1-2,tfidf,,,7629,LogReg,"{""C"": ""1.0"", ""class_weight"": ""balanced""}",none,0.88469,0.879098,0.973751,0.926616,0.924525,0.037989,0.5,default,0.29161033,0.29161033,"LogReg(C=1.0,class_weight=balanced)|w=none"
190,w2v,SW,,head,20000,1-1,w2v,"dim=100,window=30,epochs=5,min_count=1",tfidf_mean,100,MLP,"{""alpha"": ""0.0001"", ""early_stopping"": ""True"", ""hidden_layer_sizes"": ""(500,)"", ""learning_rate_init"": ""0.001""}",none,0.884666,0.880703,0.900107,0.882696,0.883186,0.071698,0.5,default,0.57715046,0.57715046,"MLP(alpha=0.0001,early_stopping=True,hidden_layer_sizes=(500,),learning_rate_init=0.001)|w=none"
191,w2v,SW,,strided,5000,1-1,w2v,"dim=100,window=30,epochs=5,min_count=1",mean_max,100,SVM-RBF,"{""C"": ""100.0"", ""class_weight"": ""balanced"", ""gamma"": ""scale""}",none,0.884555,0.88039,0.95932,0.908727,0.906595,0.035453,0.0,default,-0.52144861,-0.52144861,"SVM-RBF(C=100.0,class_weight=balanced,gamma=scale)|w=none"
192,tfidf,SW,,strided,50000,1-1,tfidf,,,553,LinearSVC,"{""C"": ""1.0"", ""class_weight"": ""balanced""}",none,0.884327,0.878962,0.969948,0.940015,0.940015,0.055216,0.0,default,-0.33729629,-0.33729629,"LinearSVC(C=1.0,class_weight=balanced)|w=none"
193,w2v,SW,,head,20000,1-1,w2v,"dim=100,window=30,epochs=5,min_count=1",mean,100,MLP,"{""alpha"": ""0.0001"", ""early_stopping"": ""True"", ""hidden_layer_sizes"": ""(500,)"", ""learning_rate_init"": ""0.001""}",none,0.884027,0.879837,0.8976,0.858093,0.858093,0.071155,0.5,default,0.57187462,0.57187462,"MLP(alpha=0.0001,early_stopping=True,hidden_layer_sizes=(500,),learning_rate_init=0.001)|w=none"
194,w2v,SW,,strided,20000,1-1,w2v,"dim=300,window=5,epochs=5,min_count=1",mean,300,MLP,"{""alpha"": ""0.0001"", ""early_stopping"": ""True"", ""hidden_layer_sizes"": ""(500,)"", ""learning_rate_init"": ""0.001""}",none,0.883989,0.879733,0.901833,0.884065,0.884065,0.064847,0.5,default,0.4940917,0.4940917,"MLP(alpha=0.0001,early_stopping=True,hidden_layer_sizes=(500,),learning_rate_init=0.001)|w=none"
195,w2v,SW,,strided,5000,1-1,w2v,"dim=300,window=5,epochs=5,min_count=1",mean_max,300,LogReg,"{""C"": ""1.0"", ""class_weight"": ""balanced""}",none,0.883756,0.879107,0.953657,0.895476,0.895476,0.05569,0.5,default,0.19128191,0.19128191,"LogReg(C=1.0,class_weight=balanced)|w=none"
196,tfidf,SW,,head,5000,1-2,tfidf,,,7629,LinearSVC,"{""C"": ""0.01"", ""class_weight"": ""balanced""}",none,0.883384,0.878971,0.961148,0.905951,0.905951,0.039345,0.0,default,-0.10926418,-0.10926418,"LinearSVC(C=0.01,class_weight=balanced)|w=none"
197,w2v,SW,,strided,20000,1-1,w2v,"dim=300,window=5,epochs=5,min_count=1",mean,300,MLP,"{""alpha"": ""0.01"", ""early_stopping"": ""False"", ""hidden_layer_sizes"": ""(500,)"", ""learning_rate_init"": ""0.001""}",none,0.883161,0.879252,0.922267,0.880552,0.880552,0.062218,0.5,default,0.40407189,0.40407189,"MLP(alpha=0.01,early_stopping=False,hidden_layer_sizes=(500,),learning_rate_init=0.001)|w=none"
198,w2v,SW,,head,5000,1-1,w2v,"dim=300,window=30,epochs=5,min_count=1",mean,300,MLP,"{""alpha"": ""0.01"", ""early_stopping"": ""False"", ""hidden_layer_sizes"": ""(500,)"", ""learning_rate_init"": ""0.001""}",none,0.882407,0.877271,0.907221,0.873936,0.873936,0.026317,0.5,default,0.44544741,0.44544741,"MLP(alpha=0.01,early_stopping=False,hidden_layer_sizes=(500,),learning_rate_init=0.001)|w=none"
199,w2v,SW,,head,20000,1-1,w2v,"dim=100,window=30,epochs=5,min_count=1",tfidf_mean,100,LogReg,"{""C"": ""1.0"", ""class_weight"": ""balanced""}",none,0.882365,0.877167,0.919504,0.901633,0.901633,0.062125,0.5,default,0.44529569,0.44529569,"LogReg(C=1.0,class_weight=balanced)|w=none"
200,w2v,SW,,strided,5000,1-1,w2v,"dim=300,window=10,epochs=20,min_count=1",tfidf_mean,300,MLP,"{""alpha"": ""0.001"", ""early_stopping"": ""True"", ""hidden_layer_sizes"": ""(256, 128)"", ""learning_rate_init"": ""0.001""}",none,0.882219,0.878459,0.911025,0.874027,0.852647,0.06939,0.5,default,0.45401609,0.51378311,"MLP(alpha=0.001,early_stopping=True,hidden_layer_sizes=(256, 128),learning_rate_init=0.001)|w=none"
201,w2v,SW,,strided,20000,1-1,w2v,"dim=100,window=30,epochs=5,min_count=1",mean,100,SVM-RBF,"{""C"": ""10.0"", ""class_weight"": ""balanced"", ""gamma"": ""scale""}",none,0.882069,0.878042,0.940966,0.866378,0.872491,0.056761,0.0,default,-0.25141319,-0.25141319,"SVM-RBF(C=10.0,class_weight=balanced,gamma=scale)|w=none"
202,tfidf,SW,,head,5000,1-2,tfidf,,,7629,LogReg,"{""C"": ""0.1"", ""class_weight"": ""balanced""}",none,0.881993,0.877833,0.962893,0.906859,0.906859,0.040582,0.5,default,0.44989289,0.44989289,"LogReg(C=0.1,class_weight=balanced)|w=none"
203,w2v,SW,,head,20000,1-1,w2v,"dim=300,window=5,epochs=5,min_count=1",tfidf_mean,300,MLP,"{""alpha"": ""0.0001"", ""early_stopping"": ""True"", ""hidden_layer_sizes"": ""(500,)"", ""learning_rate_init"": ""0.001""}",none,0.881757,0.877207,0.90895,0.880042,0.880042,0.071381,0.5,default,0.51732968,0.51732968,"MLP(alpha=0.0001,early_stopping=True,hidden_layer_sizes=(500,),learning_rate_init=0.001)|w=none"
204,w2v,SW,,head,20000,1-1,w2v,"dim=100,window=30,epochs=5,min_count=1",mean,100,MLP,"{""alpha"": ""0.01"", ""early_stopping"": ""False"", ""hidden_layer_sizes"": ""(500,)"", ""learning_rate_init"": ""0.001""}",none,0.880895,0.87582,0.913322,0.892864,0.892864,0.085183,0.5,default,0.35233521,0.35233521,"MLP(alpha=0.01,early_stopping=False,hidden_layer_sizes=(500,),learning_rate_init=0.001)|w=none"
205,w2v,SW,,head,5000,1-1,w2v,"dim=300,window=30,epochs=5,min_count=1",mean,300,MLP,"{""alpha"": ""0.001"", ""early_stopping"": ""True"", ""hidden_layer_sizes"": ""(256, 128)"", ""learning_rate_init"": ""0.001""}",none,0.880858,0.876518,0.898617,0.88881,0.88881,0.020221,0.5,default,0.34708994,0.34708994,"MLP(alpha=0.001,early_stopping=True,hidden_layer_sizes=(256, 128),learning_rate_init=0.001)|w=none"
206,tfidf,SW,,head,5000,1-2,tfidf,,,7629,LinearSVC,"{""C"": ""1.0"", ""class_weight"": ""balanced""}",none,0.880824,0.87432,0.978815,0.935706,0.929525,0.054581,0.0,default,-0.46054108,-0.46054108,"LinearSVC(C=1.0,class_weight=balanced)|w=none"
207,tfidf,SW,,strided,20000,1-3,tfidf,,,100174,LogReg,"{""C"": ""0.1"", ""class_weight"": ""None""}",none,0.880766,0.875507,0.96892,0.920404,0.920404,0.041559,0.5,default,0.43480567,0.43480567,"LogReg(C=0.1,class_weight=None)|w=none"
208,w2v,SW,,strided,5000,1-1,w2v,"dim=100,window=30,epochs=5,min_count=1",tfidf_mean,100,MLP,"{""alpha"": ""0.001"", ""early_stopping"": ""True"", ""hidden_layer_sizes"": ""(256, 128)"", ""learning_rate_init"": ""0.001""}",none,0.880447,0.876278,0.914571,0.874623,0.874623,0.063779,0.5,default,0.44510293,0.44510293,"MLP(alpha=0.001,early_stopping=True,hidden_layer_sizes=(256, 128),learning_rate_init=0.001)|w=none"
209,w2v,SW,,head,5000,1-1,w2v,"dim=200,window=10,epochs=10,min_count=5",tfidf_mean,200,MLP,"{""alpha"": ""0.001"", ""early_stopping"": ""True"", ""hidden_layer_sizes"": ""(256, 128)"", ""learning_rate_init"": ""0.001""}",none,0.880319,0.875163,0.92084,0.87549,0.873121,0.041711,0.5,default,0.27846281,0.27846281,"MLP(alpha=0.001,early_stopping=True,hidden_layer_sizes=(256, 128),learning_rate_init=0.001)|w=none"
210,w2v,SW,,strided,5000,1-1,w2v,"dim=300,window=5,epochs=5,min_count=1",tfidf_mean,300,LogReg,"{""C"": ""1.0"", ""class_weight"": ""balanced""}",none,0.880167,0.877361,0.922794,0.885873,0.885677,0.043973,0.5,default,0.55376965,0.55376965,"LogReg(C=1.0,class_weight=balanced)|w=none"
211,tfidf,SW,,head,50000,1-1,tfidf,,,532,LogReg,"{""C"": ""10.0"", ""class_weight"": ""None""}",none,0.879965,0.874329,0.96542,0.920321,0.921093,0.037638,0.5,default,0.3217866,0.3217866,"LogReg(C=10.0,class_weight=None)|w=none"
212,tfidf,SW,,head,50000,1-1,tfidf,,,532,LogReg,"{""C"": ""1.0"", ""class_weight"": ""None""}",none,0.879759,0.875308,0.965916,0.927031,0.927031,0.037858,0.5,default,0.31394267,0.31394267,"LogReg(C=1.0,class_weight=None)|w=none"
213,w2v,SW,,head,20000,1-1,w2v,"dim=300,window=5,epochs=5,min_count=1",mean,300,MLP,"{""alpha"": ""0.0001"", ""early_stopping"": ""True"", ""hidden_layer_sizes"": ""(500,)"", ""learning_rate_init"": ""0.001""}",none,0.8797,0.876006,0.905547,0.868895,0.86987,0.071104,0.5,default,0.51995759,0.51995759,"MLP(alpha=0.0001,early_stopping=True,hidden_layer_sizes=(500,),learning_rate_init=0.001)|w=none"
214,tfidf,SW,,head,5000,1-2,tfidf,,,7629,LogReg,"{""C"": ""10.0"", ""class_weight"": ""balanced""}",none,0.879351,0.872973,0.975695,0.929865,0.935227,0.054728,0.5,default,0.22798983,0.22798983,"LogReg(C=10.0,class_weight=balanced)|w=none"
215,w2v,SW,,strided,5000,1-1,w2v,"dim=100,window=30,epochs=5,min_count=1",mean_max,100,LogReg,"{""C"": ""1.0"", ""class_weight"": ""balanced""}",none,0.878722,0.875108,0.949318,0.906424,0.906424,0.034496,0.5,default,0.36306152,0.36306152,"LogReg(C=1.0,class_weight=balanced)|w=none"
216,tfidf,SW,,head,5000,1-3,tfidf,,,37877,LinearSVC,"{""C"": ""1.0"", ""class_weight"": ""balanced""}",none,0.87861,0.872003,0.982747,0.928537,0.92903,0.055968,0.0,default,-0.69665649,-0.6631883,"LinearSVC(C=1.0,class_weight=balanced)|w=none"
217,w2v,SW,,strided,20000,1-1,w2v,"dim=300,window=5,epochs=5,min_count=1",mean,300,SVM-RBF,"{""C"": ""100.0"", ""class_weight"": ""balanced"", ""gamma"": ""scale""}",none,0.878127,0.873544,0.937631,0.89878,0.89878,0.077301,0.0,default,-0.53551021,-0.53551021,"SVM-RBF(C=100.0,class_weight=balanced,gamma=scale)|w=none"
218,tfidf,SW,,head,5000,1-2,tfidf,,,7629,LinearSVC,"{""C"": ""1.0"", ""class_weight"": ""None""}",none,0.878068,0.87145,0.978803,0.934732,0.934732,0.055717,0.0,default,-0.48390916,-0.48390916,"LinearSVC(C=1.0,class_weight=None)|w=none"
219,w2v,SW,,strided,5000,1-1,w2v,"dim=100,window=30,epochs=5,min_count=1",mean,100,SVM-RBF,"{""C"": ""10.0"", ""class_weight"": ""balanced"", ""gamma"": ""scale""}",none,0.877762,0.873408,0.939097,0.893097,0.893097,0.058186,0.0,default,-0.57865587,-0.57865587,"SVM-RBF(C=10.0,class_weight=balanced,gamma=scale)|w=none"
220,w2v,SW,,strided,5000,1-1,w2v,"dim=300,window=10,epochs=20,min_count=1",mean_max,300,SVM-RBF,"{""C"": ""10.0"", ""class_weight"": ""None"", ""gamma"": ""scale""}",class_arch,0.877161,0.871949,0.955856,0.872187,0.890184,0.058648,0.0,default,-0.93637616,-0.33030543,"SVM-RBF(C=10.0,class_weight=None,gamma=scale)|w=class_arch"
221,w2v,SW,,head,20000,1-1,w2v,"dim=100,window=30,epochs=5,min_count=1",mean,100,SVM-RBF,"{""C"": ""10.0"", ""class_weight"": ""balanced"", ""gamma"": ""scale""}",none,0.876893,0.872021,0.934072,0.880723,0.874057,0.071987,0.0,default,-0.4012995,-0.4012995,"SVM-RBF(C=10.0,class_weight=balanced,gamma=scale)|w=none"
222,w2v,SW,,head,5000,1-1,w2v,"dim=100,window=30,epochs=5,min_count=1",mean,100,MLP,"{""alpha"": ""0.001"", ""early_stopping"": ""True"", ""hidden_layer_sizes"": ""(256, 128)"", ""learning_rate_init"": ""0.001""}",none,0.876,0.870634,0.911448,0.876404,0.876404,0.019458,0.5,default,0.41550515,0.41550515,"MLP(alpha=0.001,early_stopping=True,hidden_layer_sizes=(256, 128),learning_rate_init=0.001)|w=none"
223,tfidf,SW,,head,5000,1-2,tfidf,,,7629,LogReg,"{""C"": ""10.0"", ""class_weight"": ""None""}",none,0.875897,0.869238,0.975791,0.935736,0.935736,0.052983,0.5,default,0.20236727,0.20236727,"LogReg(C=10.0,class_weight=None)|w=none"
224,w2v,SW,,strided,20000,1-1,w2v,"dim=100,window=30,epochs=5,min_count=1",tfidf_mean,100,MLP,"{""alpha"": ""0.01"", ""early_stopping"": ""False"", ""hidden_layer_sizes"": ""(500,)"", ""learning_rate_init"": ""0.001""}",none,0.875871,0.871019,0.935978,0.87399,0.87936,0.048856,0.5,default,0.25923799,0.4262832,"MLP(alpha=0.01,early_stopping=False,hidden_layer_sizes=(500,),learning_rate_init=0.001)|w=none"
225,tfidf,SW,,head,5000,1-2,tfidf,,,7629,LinearSVC,"{""C"": ""0.1"", ""class_weight"": ""None""}",none,0.875767,0.869519,0.975774,0.919336,0.923738,0.040616,0.0,default,-0.3327877,-0.24931982,"LinearSVC(C=0.1,class_weight=None)|w=none"
226,tfidf,SW,,strided,20000,1-1,tfidf,,,515,LinearSVC,"{""C"": ""1.0"", ""class_weight"": ""balanced""}",none,0.875465,0.870081,0.970364,0.930068,0.930068,0.051574,0.0,default,-0.39140475,-0.39140475,"LinearSVC(C=1.0,class_weight=balanced)|w=none"
227,w2v,SW,,head,20000,1-1,w2v,"dim=300,window=5,epochs=5,min_count=1",mean,300,MLP,"{""alpha"": ""0.01"", ""early_stopping"": ""False"", ""hidden_layer_sizes"": ""(500,)"", ""learning_rate_init"": ""0.001""}",none,0.875249,0.870257,0.904226,0.874763,0.874763,0.069438,0.5,default,0.26802191,0.26802191,"MLP(alpha=0.01,early_stopping=False,hidden_layer_sizes=(500,),learning_rate_init=0.001)|w=none"
228,w2v,SW,,strided,5000,1-1,w2v,"dim=100,window=30,epochs=5,min_count=1",mean_max,100,SVM-RBF,"{""C"": ""1.0"", ""class_weight"": ""balanced"", ""gamma"": ""scale""}",none,0.875039,0.872143,0.921596,0.872601,0.872601,0.045493,0.0,default,-0.04242362,-0.00468737,"SVM-RBF(C=1.0,class_weight=balanced,gamma=scale)|w=none"
229,tfidf,SW,,strided,20000,1-3,tfidf,,,100174,LinearSVC,"{""C"": ""0.01"", ""class_weight"": ""None""}",none,0.874787,0.869215,0.968675,0.920912,0.920912,0.048383,0.0,default,-0.11488281,-0.11488281,"LinearSVC(C=0.01,class_weight=None)|w=none"
230,w2v,SW,,strided,20000,1-1,w2v,"dim=100,window=30,epochs=5,min_count=1",mean_max,100,SVM-RBF,"{""C"": ""1.0"", ""class_weight"": ""balanced"", ""gamma"": ""scale""}",none,0.874424,0.870475,0.9484,0.845065,0.845065,0.059824,0.0,default,-0.62694074,-0.04044274,"SVM-RBF(C=1.0,class_weight=balanced,gamma=scale)|w=none"
231,w2v,SW,,head,5000,1-1,w2v,"dim=200,window=10,epochs=10,min_count=5",mean,200,SVM-RBF,"{""C"": ""10.0"", ""class_weight"": ""balanced"", ""gamma"": ""scale""}",none,0.874298,0.868766,0.918923,0.871776,0.871776,0.037219,0.0,default,-0.43369425,-0.43369425,"SVM-RBF(C=10.0,class_weight=balanced,gamma=scale)|w=none"
232,w2v,SW,,strided,5000,1-1,w2v,"dim=300,window=10,epochs=20,min_count=1",mean_max,300,MLP,"{""alpha"": ""0.001"", ""early_stopping"": ""True"", ""hidden_layer_sizes"": ""(256, 128)"", ""learning_rate_init"": ""0.001""}",none,0.873977,0.87013,0.945882,0.872566,0.874447,0.048356,0.5,default,0.26686303,0.26686303,"MLP(alpha=0.001,early_stopping=True,hidden_layer_sizes=(256, 128),learning_rate_init=0.001)|w=none"
233,tfidf,SW,,strided,20000,1-1,tfidf,,,515,LogReg,"{""C"": ""10.0"", ""class_weight"": ""balanced""}",none,0.873951,0.86863,0.970121,0.93061,0.93061,0.049417,0.5,default,0.22175579,0.22175579,"LogReg(C=10.0,class_weight=balanced)|w=none"
234,w2v,SW,,strided,5000,1-1,w2v,"dim=300,window=5,epochs=5,min_count=1",mean_max,300,SVM-RBF,"{""C"": ""10.0"", ""class_weight"": ""balanced"", ""gamma"": ""scale""}",none,0.873783,0.868911,0.9623,0.908881,0.908881,0.054837,0.0,default,-0.5211768,-0.5211768,"SVM-RBF(C=10.0,class_weight=balanced,gamma=scale)|w=none"
235,w2v,SW,,head,20000,1-1,w2v,"dim=100,window=30,epochs=5,min_count=1",mean,100,LogReg,"{""C"": ""1.0"", ""class_weight"": ""balanced""}",none,0.873415,0.868077,0.914095,0.859473,0.859473,0.075499,0.5,default,0.42296477,0.48501268,"LogReg(C=1.0,class_weight=balanced)|w=none"
236,w2v,SW,,head,20000,1-1,w2v,"dim=300,window=5,epochs=5,min_count=1",mean,300,MLP,"{""alpha"": ""0.001"", ""early_stopping"": ""True"", ""hidden_layer_sizes"": ""(256, 128)"", ""learning_rate_init"": ""0.001""}",none,0.873415,0.868077,0.895222,0.878003,0.878003,0.082057,0.5,default,0.41550468,0.41550468,"MLP(alpha=0.001,early_stopping=True,hidden_layer_sizes=(256, 128),learning_rate_init=0.001)|w=none"
237,w2v,SW,,head,5000,1-1,w2v,"dim=200,window=10,epochs=10,min_count=5",mean,200,MLP,"{""alpha"": ""0.0001"", ""early_stopping"": ""True"", ""hidden_layer_sizes"": ""(500,)"", ""learning_rate_init"": ""0.001""}",none,0.873224,0.86766,0.913268,0.870808,0.870808,0.040153,0.5,default,0.44662207,0.44662207,"MLP(alpha=0.0001,early_stopping=True,hidden_layer_sizes=(500,),learning_rate_init=0.001)|w=none"
238,w2v,SW,,strided,5000,1-1,w2v,"dim=100,window=30,epochs=5,min_count=1",mean_max,100,SVM-RBF,"{""C"": ""10.0"", ""class_weight"": ""balanced"", ""gamma"": ""scale""}",none,0.873121,0.869545,0.947318,0.893882,0.894148,0.041507,0.0,default,-0.40408781,-0.11139262,"SVM-RBF(C=10.0,class_weight=balanced,gamma=scale)|w=none"
239,tfidf,SW,,strided,50000,1-1,tfidf,,,553,LogReg,"{""C"": ""10.0"", ""class_weight"": ""None""}",none,0.873028,0.867243,0.969913,0.933459,0.933446,0.050476,0.5,default,0.22155855,0.22155855,"LogReg(C=10.0,class_weight=None)|w=none"
240,w2v,SW,,strided,5000,1-1,w2v,"dim=100,window=30,epochs=5,min_count=1",mean,100,SVM-RBF,"{""C"": ""100.0"", ""class_weight"": ""balanced"", ""gamma"": ""scale""}",none,0.872973,0.867732,0.940963,0.900175,0.900175,0.07485,0.0,default,-0.58870852,-0.58870852,"SVM-RBF(C=100.0,class_weight=balanced,gamma=scale)|w=none"
241,w2v,SW,,strided,5000,1-1,w2v,"dim=300,window=10,epochs=20,min_count=1",mean,300,SVM-RBF,"{""C"": ""10.0"", ""class_weight"": ""balanced"", ""gamma"": ""scale""}",none,0.87294,0.868326,0.934408,0.864275,0.866626,0.064175,0.0,default,-0.55569524,-0.1683485,"SVM-RBF(C=10.0,class_weight=balanced,gamma=scale)|w=none"
242,w2v,SW,,head,20000,1-1,w2v,"dim=300,window=5,epochs=5,min_count=1",mean,300,LogReg,"{""C"": ""1.0"", ""class_weight"": ""balanced""}",none,0.872539,0.868086,0.910066,0.859837,0.861601,0.057652,0.5,default,0.47938116,0.47938116,"LogReg(C=1.0,class_weight=balanced)|w=none"
243,tfidf,SW,,strided,5000,1-3,tfidf,,,64244,LogReg,"{""C"": ""1.0"", ""class_weight"": ""None""}",class_arch,0.872305,0.865783,0.974467,0.91272,0.911381,0.033774,0.5,default,0.30659763,0.37222511,"LogReg(C=1.0,class_weight=None)|w=class_arch"
244,w2v,SW,,strided,20000,1-1,w2v,"dim=100,window=30,epochs=5,min_count=1",mean,100,MLP,"{""alpha"": ""0.01"", ""early_stopping"": ""False"", ""hidden_layer_sizes"": ""(500,)"", ""learning_rate_init"": ""0.001""}",none,0.872227,0.867356,0.93445,0.85891,0.866114,0.043841,0.5,default,0.47024519,0.47024519,"MLP(alpha=0.01,early_stopping=False,hidden_layer_sizes=(500,),learning_rate_init=0.001)|w=none"
245,tfidf,SW,,strided,5000,1-3,tfidf,,,64244,LinearSVC,"{""C"": ""0.1"", ""class_weight"": ""None""}",class_arch,0.871761,0.86523,0.977201,0.915711,0.915711,0.034693,0.0,default,-0.29766936,-0.21565093,"LinearSVC(C=0.1,class_weight=None)|w=class_arch"
246,tfidf,SW,,head,5000,1-3,tfidf,,,37877,LogReg,"{""C"": ""1.0"", ""class_weight"": ""None""}",none,0.871379,0.86499,0.975571,0.921702,0.917433,0.066199,0.5,default,0.21077363,0.24329568,"LogReg(C=1.0,class_weight=None)|w=none"
247,w2v,SW,,strided,5000,1-1,w2v,"dim=300,window=10,epochs=20,min_count=1",mean_max,300,SVM-RBF,"{""C"": ""1.0"", ""class_weight"": ""balanced"", ""gamma"": ""scale""}",none,0.871246,0.868865,0.950423,0.874114,0.874114,0.060458,0.0,default,-0.40170636,-0.40170636,"SVM-RBF(C=1.0,class_weight=balanced,gamma=scale)|w=none"
248,w2v,SW,,strided,5000,1-1,w2v,"dim=300,window=5,epochs=5,min_count=1",mean,300,SVM-RBF,"{""C"": ""10.0"", ""class_weight"": ""None"", ""gamma"": ""0.1""}",none,0.871066,0.866041,0.938912,0.894708,0.878633,0.065929,0.0,default,-0.67506088,-0.32635998,"SVM-RBF(C=10.0,class_weight=None,gamma=0.1)|w=none"
249,w2v,SW,,head,20000,1-1,w2v,"dim=300,window=5,epochs=5,min_count=1",mean_max,300,SVM-RBF,"{""C"": ""10.0"", ""class_weight"": ""None"", ""gamma"": ""scale""}",class_arch,0.870996,0.864749,0.964046,0.916992,0.915793,0.052271,0.0,default,-0.54191269,-0.3593412,"SVM-RBF(C=10.0,class_weight=None,gamma=scale)|w=class_arch"
250,w2v,SW,,strided,5000,1-1,w2v,"dim=100,window=30,epochs=5,min_count=1",mean,100,MLP,"{""alpha"": ""0.0001"", ""early_stopping"": ""True"", ""hidden_layer_sizes"": ""(500,)"", ""learning_rate_init"": ""0.001""}",none,0.870854,0.866218,0.91354,0.876127,0.876127,0.0627,0.5,default,0.45484491,0.45484491,"MLP(alpha=0.0001,early_stopping=True,hidden_layer_sizes=(500,),learning_rate_init=0.001)|w=none"
251,w2v,SW,,strided,20000,1-1,w2v,"dim=100,window=30,epochs=5,min_count=1",tfidf_mean,100,SVM-RBF,"{""C"": ""10.0"", ""class_weight"": ""balanced"", ""gamma"": ""scale""}",none,0.870854,0.866218,0.949704,0.880938,0.885093,0.049821,0.0,default,-0.48565697,-0.48565697,"SVM-RBF(C=10.0,class_weight=balanced,gamma=scale)|w=none"
252,w2v,SW,,head,20000,1-1,w2v,"dim=100,window=30,epochs=5,min_count=1",mean_max,100,MLP,"{""alpha"": ""0.01"", ""early_stopping"": ""False"", ""hidden_layer_sizes"": ""(500,)"", ""learning_rate_init"": ""0.001""}",none,0.870674,0.866499,0.938579,0.873403,0.873403,0.064691,0.5,default,0.28362741,0.28362741,"MLP(alpha=0.01,early_stopping=False,hidden_layer_sizes=(500,),learning_rate_init=0.001)|w=none"
253,w2v,SW,,strided,5000,1-1,w2v,"dim=300,window=5,epochs=5,min_count=1",mean_max,300,MLP,"{""alpha"": ""0.01"", ""early_stopping"": ""False"", ""hidden_layer_sizes"": ""(500,)"", ""learning_rate_init"": ""0.001""}",none,0.870187,0.86605,0.950186,0.882821,0.882821,0.03819,0.5,default,0.17730275,0.17730275,"MLP(alpha=0.01,early_stopping=False,hidden_layer_sizes=(500,),learning_rate_init=0.001)|w=none"
254,tfidf,SW,,strided,50000,1-2,tfidf,,,18667,LinearSVC,"{""C"": ""1.0"", ""class_weight"": ""None""}",none,0.870016,0.863362,0.987958,0.942144,0.940552,0.055327,0.0,default,-0.5912977,-0.5912977,"LinearSVC(C=1.0,class_weight=None)|w=none"
255,tfidf,SW,,strided,50000,1-2,tfidf,,,18667,LinearSVC,"{""C"": ""0.1"", ""class_weight"": ""None""}",none,0.869581,0.863507,0.983402,0.927511,0.936651,0.049669,0.0,default,-0.14061672,-0.14061672,"LinearSVC(C=0.1,class_weight=None)|w=none"
256,tfidf,SW,,strided,50000,1-2,tfidf,,,18667,LogReg,"{""C"": ""10.0"", ""class_weight"": ""None""}",none,0.869258,0.862882,0.986034,0.944387,0.944387,0.057309,0.5,default,0.23170152,0.23170152,"LogReg(C=10.0,class_weight=None)|w=none"
257,w2v,SW,,head,20000,1-1,w2v,"dim=300,window=5,epochs=5,min_count=1",tfidf_mean,300,SVM-RBF,"{""C"": ""1.0"", ""class_weight"": ""balanced"", ""gamma"": ""scale""}",none,0.869255,0.865257,0.90157,0.834179,0.834179,0.066949,0.0,default,0.00680313,0.00680313,"SVM-RBF(C=1.0,class_weight=balanced,gamma=scale)|w=none"
258,w2v,SW,,head,20000,1-1,w2v,"dim=300,window=5,epochs=5,min_count=1",mean,300,SVM-RBF,"{""C"": ""100.0"", ""class_weight"": ""balanced"", ""gamma"": ""scale""}",none,0.869118,0.863652,0.927411,0.881898,0.88431,0.07777,0.0,default,-0.82901148,-0.1600529,"SVM-RBF(C=100.0,class_weight=balanced,gamma=scale)|w=none"
259,w2v,SW,,head,5000,1-1,w2v,"dim=300,window=30,epochs=5,min_count=1",tfidf_mean,300,MLP,"{""alpha"": ""0.01"", ""early_stopping"": ""False"", ""hidden_layer_sizes"": ""(500,)"", ""learning_rate_init"": ""0.001""}",none,0.868864,0.863131,0.912266,0.850242,0.850242,0.033963,0.5,default,0.27948156,0.39014341,"MLP(alpha=0.01,early_stopping=False,hidden_layer_sizes=(500,),learning_rate_init=0.001)|w=none"
260,w2v,SW,,head,5000,1-1,w2v,"dim=300,window=10,epochs=20,min_count=1",mean,300,SVM-RBF,"{""C"": ""10.0"", ""class_weight"": ""balanced"", ""gamma"": ""scale""}",none,0.868478,0.86289,0.914056,0.877395,0.877395,0.028628,0.0,default,-0.27535518,-0.27535518,"SVM-RBF(C=10.0,class_weight=balanced,gamma=scale)|w=none"
261,w2v,SW,,strided,20000,1-1,w2v,"dim=300,window=5,epochs=5,min_count=1",tfidf_mean,300,SVM-RBF,"{""C"": ""1.0"", ""class_weight"": ""balanced"", ""gamma"": ""scale""}",none,0.868289,0.866068,0.897627,0.868324,0.868324,0.054028,0.0,default,0.04935252,0.04935252,"SVM-RBF(C=1.0,class_weight=balanced,gamma=scale)|w=none"
262,tfidf,SW,,head,5000,1-2,tfidf,,,7629,LogReg,"{""C"": ""1.0"", ""class_weight"": ""None""}",none,0.868279,0.861984,0.974082,0.926604,0.923392,0.048503,0.5,default,0.2655287,0.2655287,"LogReg(C=1.0,class_weight=None)|w=none"
263,tfidf,SW,,strided,5000,1-2,tfidf,,,10897,LinearSVC,"{""C"": ""0.1"", ""class_weight"": ""None""}",class_arch,0.868279,0.861984,0.974985,0.905142,0.902478,0.035526,0.0,default,-0.46188488,-0.35029305,"LinearSVC(C=0.1,class_weight=None)|w=class_arch"
264,tfidf,SW,,head,5000,1-3,tfidf,,,37877,LogReg,"{""C"": ""10.0"", ""class_weight"": ""None""}",none,0.868262,0.861494,0.978181,0.93674,0.930549,0.078318,0.5,default,0.08426029,0.08426029,"LogReg(C=10.0,class_weight=None)|w=none"
265,w2v,SW,,strided,5000,1-1,w2v,"dim=100,window=30,epochs=5,min_count=1",mean_max,100,MLP,"{""alpha"": ""0.001"", ""early_stopping"": ""True"", ""hidden_layer_sizes"": ""(256, 128)"", ""learning_rate_init"": ""0.001""}",none,0.867703,0.86241,0.940203,0.882219,0.882219,0.053839,0.5,default,0.38907512,0.38907512,"MLP(alpha=0.001,early_stopping=True,hidden_layer_sizes=(256, 128),learning_rate_init=0.001)|w=none"
266,tfidf,SW,,strided,5000,1-2,tfidf,,,10897,LogReg,"{""C"": ""1.0"", ""class_weight"": ""None""}",class_arch,0.867411,0.861295,0.971669,0.906934,0.901978,0.036825,0.5,default,0.37059894,0.37059894,"LogReg(C=1.0,class_weight=None)|w=class_arch"
267,w2v,SW,,head,20000,1-1,w2v,"dim=300,window=5,epochs=5,min_count=1",tfidf_mean,300,SVM-RBF,"{""C"": ""100.0"", ""class_weight"": ""balanced"", ""gamma"": ""scale""}",none,0.86719,0.861367,0.934055,0.891579,0.901648,0.064728,0.0,default,-0.62025977,-0.62025977,"SVM-RBF(C=100.0,class_weight=balanced,gamma=scale)|w=none"
268,w2v,SW,,strided,5000,1-1,w2v,"dim=300,window=10,epochs=20,min_count=1",tfidf_mean,300,RF,"{""class_weight"": ""balanced"", ""max_depth"": ""20"", ""min_samples_leaf"": ""2"", ""n_estimators"": ""600""}",none,0.867135,0.860773,0.963948,0.865619,0.874082,0.060965,0.5,default,0.17069432,0.17069432,"RF(class_weight=balanced,max_depth=20,min_samples_leaf=2,n_estimators=600)|w=none"
269,w2v,SW,,strided,5000,1-1,w2v,"dim=100,window=30,epochs=5,min_count=1",tfidf_mean,100,MLP,"{""alpha"": ""0.0001"", ""early_stopping"": ""True"", ""hidden_layer_sizes"": ""(500,)"", ""learning_rate_init"": ""0.001""}",class_arch,0.866723,0.862106,0.919503,0.85891,0.85891,0.060437,0.5,default,0.39051238,0.39051238,"MLP(alpha=0.0001,early_stopping=True,hidden_layer_sizes=(500,),learning_rate_init=0.001)|w=class_arch"
270,tfidf,SW,,head,5000,1-2,tfidf,,,7629,LogReg,"{""C"": ""1.0"", ""class_weight"": ""None""}",class_arch,0.866476,0.860012,0.973092,0.91722,0.897716,0.052218,0.5,default,0.25343184,0.25343184,"LogReg(C=1.0,class_weight=None)|w=class_arch"
271,w2v,SW,,head,20000,1-1,w2v,"dim=300,window=5,epochs=5,min_count=1",tfidf_mean,300,MLP,"{""alpha"": ""0.001"", ""early_stopping"": ""True"", ""hidden_layer_sizes"": ""(256, 128)"", ""learning_rate_init"": ""0.001""}",none,0.866319,0.860678,0.905927,0.883575,0.883575,0.079609,0.5,default,0.31604608,0.37644762,"MLP(alpha=0.001,early_stopping=True,hidden_layer_sizes=(256, 128),learning_rate_init=0.001)|w=none"
272,tfidf,SW,,strided,20000,1-1,tfidf,,,515,LogReg,"{""C"": ""10.0"", ""class_weight"": ""None""}",none,0.866214,0.86047,0.969637,0.931103,0.931103,0.04752,0.5,default,0.21587172,0.21587172,"LogReg(C=10.0,class_weight=None)|w=none"
273,w2v,SW,,strided,5000,1-1,w2v,"dim=300,window=5,epochs=5,min_count=1",mean,300,LogReg,"{""C"": ""1.0"", ""class_weight"": ""balanced""}",none,0.866009,0.863334,0.916191,0.85379,0.85379,0.03726,0.5,default,0.46645969,0.46645969,"LogReg(C=1.0,class_weight=balanced)|w=none"
274,w2v,SW,,strided,20000,1-1,w2v,"dim=100,window=30,epochs=5,min_count=1",mean,100,SVM-RBF,"{""C"": ""10.0"", ""class_weight"": ""None"", ""gamma"": ""0.1""}",none,0.86578,0.859635,0.930064,0.894125,0.895306,0.094372,0.0,default,-0.50978085,-0.50978085,"SVM-RBF(C=10.0,class_weight=None,gamma=0.1)|w=none"
275,tfidf,SW,,strided,5000,1-3,tfidf,,,64244,LinearSVC,"{""C"": ""1.0"", ""class_weight"": ""None""}",none,0.865757,0.859146,0.982898,0.925692,0.92199,0.048488,0.0,default,-0.51953766,-0.51953766,"LinearSVC(C=1.0,class_weight=None)|w=none"
276,tfidf,SW,,head,20000,1-1,tfidf,,,461,LinearSVC,"{""C"": ""0.1"", ""class_weight"": ""None""}",class_arch,0.865457,0.859499,0.97204,0.919227,0.919227,0.042682,0.0,default,-0.3327934,-0.3327934,"LinearSVC(C=0.1,class_weight=None)|w=class_arch"
277,tfidf,SW,,head,5000,1-2,tfidf,,,7629,LinearSVC,"{""C"": ""0.1"", ""class_weight"": ""None""}",class_arch,0.865384,0.858906,0.973886,0.90541,0.90541,0.051578,0.0,default,-0.31391694,-0.31391694,"LinearSVC(C=0.1,class_weight=None)|w=class_arch"
278,tfidf,SW,,head,50000,1-2,tfidf,,,15661,LinearSVC,"{""C"": ""0.1"", ""class_weight"": ""None""}",class_arch,0.864635,0.858425,0.984532,0.933089,0.933089,0.049394,0.0,default,-0.37464982,-0.37464982,"LinearSVC(C=0.1,class_weight=None)|w=class_arch"
279,w2v,SW,,strided,5000,1-1,w2v,"dim=300,window=5,epochs=5,min_count=1",tfidf_mean,300,MLP,"{""alpha"": ""0.001"", ""early_stopping"": ""True"", ""hidden_layer_sizes"": ""(256, 128)"", ""learning_rate_init"": ""0.001""}",none,0.864428,0.860175,0.920002,0.868947,0.886202,0.068538,0.5,default,0.46114964,0.46114964,"MLP(alpha=0.001,early_stopping=True,hidden_layer_sizes=(256, 128),learning_rate_init=0.001)|w=none"
280,w2v,SW,,head,20000,1-1,w2v,"dim=300,window=5,epochs=5,min_count=1",mean_max,300,MLP,"{""alpha"": ""0.0001"", ""early_stopping"": ""True"", ""hidden_layer_sizes"": ""(500,)"", ""learning_rate_init"": ""0.001""}",class_arch,0.864348,0.857904,0.920856,0.859224,0.859224,0.062275,0.5,default,0.22677753,0.22677753,"MLP(alpha=0.0001,early_stopping=True,hidden_layer_sizes=(500,),learning_rate_init=0.001)|w=class_arch"
281,w2v,SW,,strided,20000,1-1,w2v,"dim=300,window=5,epochs=5,min_count=1",mean_max,300,LogReg,"{""C"": ""1.0"", ""class_weight"": ""balanced""}",none,0.864315,0.858778,0.954323,0.92078,0.92078,0.057911,0.5,default,0.24460451,0.24460451,"LogReg(C=1.0,class_weight=balanced)|w=none"
282,w2v,SW,,head,5000,1-1,w2v,"dim=300,window=30,epochs=5,min_count=1",mean,300,SVM-RBF,"{""C"": ""10.0"", ""class_weight"": ""balanced"", ""gamma"": ""scale""}",none,0.864262,0.858674,0.919666,0.871737,0.865889,0.035386,0.0,default,-0.53950776,-0.53950776,"SVM-RBF(C=10.0,class_weight=balanced,gamma=scale)|w=none"
283,tfidf,SW,,strided,5000,1-2,tfidf,,,10897,LinearSVC,"{""C"": ""1.0"", ""class_weight"": ""balanced""}",none,0.864259,0.858185,0.979914,0.917138,0.917973,0.046914,0.0,default,-0.49099923,-0.43446196,"LinearSVC(C=1.0,class_weight=balanced)|w=none"
284,w2v,SW,,head,5000,1-1,w2v,"dim=100,window=30,epochs=5,min_count=1",mean,100,SVM-RBF,"{""C"": ""10.0"", ""class_weight"": ""balanced"", ""gamma"": ""scale""}",none,0.864209,0.85857,0.921486,0.872224,0.872224,0.036605,0.0,default,-0.52272816,-0.52272816,"SVM-RBF(C=10.0,class_weight=balanced,gamma=scale)|w=none"
285,tfidf,SW,,strided,20000,1-1,tfidf,,,515,LinearSVC,"{""C"": ""1.0"", ""class_weight"": ""None""}",none,0.863614,0.857913,0.970599,0.930574,0.924976,0.05078,0.0,default,-0.35031674,-0.35031674,"LinearSVC(C=1.0,class_weight=None)|w=none"
286,w2v,SW,,head,20000,1-1,w2v,"dim=100,window=30,epochs=5,min_count=1",tfidf_mean,100,RF,"{""class_weight"": ""balanced"", ""max_depth"": ""20"", ""min_samples_leaf"": ""2"", ""n_estimators"": ""600""}",none,0.863602,0.857423,0.964891,0.885701,0.868846,0.071871,0.5,default,0.13109117,0.29135962,"RF(class_weight=balanced,max_depth=20,min_samples_leaf=2,n_estimators=600)|w=none"
287,w2v,SW,,head,20000,1-1,w2v,"dim=100,window=30,epochs=5,min_count=1",tfidf_mean,100,MLP,"{""alpha"": ""0.0001"", ""early_stopping"": ""True"", ""hidden_layer_sizes"": ""(500,)"", ""learning_rate_init"": ""0.001""}",class_arch,0.863601,0.858402,0.89955,0.885372,0.885372,0.070284,0.5,default,0.42407737,0.42407737,"MLP(alpha=0.0001,early_stopping=True,hidden_layer_sizes=(500,),learning_rate_init=0.001)|w=class_arch"
288,w2v,SW,,strided,20000,1-1,w2v,"dim=100,window=30,epochs=5,min_count=1",mean_max,100,MLP,"{""alpha"": ""0.0001"", ""early_stopping"": ""True"", ""hidden_layer_sizes"": ""(500,)"", ""learning_rate_init"": ""0.001""}",none,0.863592,0.85959,0.932961,0.85905,0.84673,0.051019,0.5,default,0.40417579,0.40417579,"MLP(alpha=0.0001,early_stopping=True,hidden_layer_sizes=(500,),learning_rate_init=0.001)|w=none"
289,w2v,SW,,strided,5000,1-1,w2v,"dim=100,window=30,epochs=5,min_count=1",tfidf_mean,100,SVM-RBF,"{""C"": ""10.0"", ""class_weight"": ""balanced"", ""gamma"": ""scale""}",none,0.863514,0.858787,0.946531,0.916005,0.916005,0.069526,0.0,default,-0.57398518,-0.57398518,"SVM-RBF(C=10.0,class_weight=balanced,gamma=scale)|w=none"
290,tfidf,SW,,strided,50000,1-1,tfidf,,,553,LogReg,"{""C"": ""1.0"", ""class_weight"": ""None""}",none,0.863498,0.858194,0.96657,0.926756,0.926756,0.036291,0.5,default,0.29309041,0.29309041,"LogReg(C=1.0,class_weight=None)|w=none"
291,w2v,SW,,head,20000,1-1,w2v,"dim=300,window=5,epochs=5,min_count=1",tfidf_mean,300,RF,"{""class_weight"": ""None"", ""max_depth"": ""None"", ""min_samples_leaf"": ""1"", ""n_estimators"": ""1000""}",none,0.863487,0.857214,0.966542,0.888342,0.888342,0.065544,0.5,default,0.136,0.146,"RF(class_weight=None,max_depth=None,min_samples_leaf=1,n_estimators=1000)|w=none"
292,w2v,SW,,strided,20000,1-1,w2v,"dim=300,window=5,epochs=5,min_count=1",mean_max,300,SVM-RBF,"{""C"": ""100.0"", ""class_weight"": ""balanced"", ""gamma"": ""scale""}",none,0.863395,0.857496,0.948545,0.888491,0.889959,0.074601,0.0,default,-0.97670158,-0.97670158,"SVM-RBF(C=100.0,class_weight=balanced,gamma=scale)|w=none"
293,w2v,SW,,strided,5000,1-1,w2v,"dim=300,window=10,epochs=20,min_count=1",mean,300,SVM-RBF,"{""C"": ""10.0"", ""class_weight"": ""None"", ""gamma"": ""scale""}",class_arch,0.863125,0.858547,0.921257,0.890316,0.890316,0.067809,0.0,default,-0.33000935,-0.33000935,"SVM-RBF(C=10.0,class_weight=None,gamma=scale)|w=class_arch"
294,w2v,SW,,strided,5000,1-1,w2v,"dim=300,window=10,epochs=20,min_count=1",mean_max,300,MLP,"{""alpha"": ""0.0001"", ""early_stopping"": ""True"", ""hidden_layer_sizes"": ""(500,)"", ""learning_rate_init"": ""0.001""}",none,0.863076,0.858443,0.941276,0.865797,0.866743,0.049276,0.5,default,0.2912518,0.2912518,"MLP(alpha=0.0001,early_stopping=True,hidden_layer_sizes=(500,),learning_rate_init=0.001)|w=none"
295,w2v,SW,,strided,5000,1-1,w2v,"dim=100,window=30,epochs=5,min_count=1",tfidf_mean,100,SVM-RBF,"{""C"": ""10.0"", ""class_weight"": ""None"", ""gamma"": ""scale""}",class_arch,0.863011,0.857745,0.940363,0.915575,0.915575,0.064516,0.0,default,-0.64206904,-0.64206904,"SVM-RBF(C=10.0,class_weight=None,gamma=scale)|w=class_arch"
296,tfidf,SW,,strided,5000,1-2,tfidf,,,10897,LinearSVC,"{""C"": ""1.0"", ""class_weight"": ""None""}",none,0.862999,0.856766,0.980176,0.917138,0.915431,0.047598,0.0,default,-0.59216348,-0.5092459,"LinearSVC(C=1.0,class_weight=None)|w=none"
297,w2v,SW,,strided,20000,1-1,w2v,"dim=300,window=5,epochs=5,min_count=1",mean_max,300,SVM-RBF,"{""C"": ""10.0"", ""class_weight"": ""balanced"", ""gamma"": ""scale""}",none,0.862958,0.85764,0.961001,0.928637,0.928637,0.071921,0.0,default,-0.58873695,-0.58873695,"SVM-RBF(C=10.0,class_weight=balanced,gamma=scale)|w=none"
298,w2v,SW,,strided,5000,1-1,w2v,"dim=300,window=10,epochs=20,min_count=1",mean_max,300,RF,"{""class_weight"": ""balanced"", ""max_depth"": ""20"", ""min_samples_leaf"": ""2"", ""n_estimators"": ""600""}",none,0.862824,0.856453,0.969442,0.903685,0.903685,0.061401,0.5,default,0.20750582,0.20750582,"RF(class_weight=balanced,max_depth=20,min_samples_leaf=2,n_estimators=600)|w=none"
299,w2v,SW,,strided,20000,1-1,w2v,"dim=100,window=30,epochs=5,min_count=1",mean,100,SVM-RBF,"{""C"": ""10.0"", ""class_weight"": ""None"", ""gamma"": ""scale""}",class_arch,0.862729,0.857713,0.936226,0.884307,0.888651,0.062254,0.0,default,-0.27439747,-0.27439747,"SVM-RBF(C=10.0,class_weight=None,gamma=scale)|w=class_arch"
300,tfidf,SW,,strided,5000,1-2,tfidf,,,10897,LogReg,"{""C"": ""10.0"", ""class_weight"": ""None""}",none,0.862683,0.85663,0.977118,0.90763,0.91081,0.046267,0.5,default,0.11223876,0.32565786,"LogReg(C=10.0,class_weight=None)|w=none"
301,w2v,SW,,strided,20000,1-1,w2v,"dim=100,window=30,epochs=5,min_count=1",mean_max,100,RF,"{""class_weight"": ""balanced"", ""max_depth"": ""20"", ""min_samples_leaf"": ""2"", ""n_estimators"": ""600""}",none,0.862527,0.855932,0.975456,0.914234,0.914234,0.072747,0.5,default,0.24786269,0.24786269,"RF(class_weight=balanced,max_depth=20,min_samples_leaf=2,n_estimators=600)|w=none"
302,w2v,SW,,head,5000,1-1,w2v,"dim=100,window=30,epochs=5,min_count=1",tfidf_mean,100,SVM-RBF,"{""C"": ""100.0"", ""class_weight"": ""balanced"", ""gamma"": ""scale""}",none,0.862511,0.856317,0.889818,0.870467,0.870467,0.064327,0.0,default,-0.83128782,-0.83128782,"SVM-RBF(C=100.0,class_weight=balanced,gamma=scale)|w=none"
303,w2v,SW,,strided,5000,1-1,w2v,"dim=300,window=5,epochs=5,min_count=1",mean,300,MLP,"{""alpha"": ""0.001"", ""early_stopping"": ""True"", ""hidden_layer_sizes"": ""(256, 128)"", ""learning_rate_init"": ""0.001""}",none,0.862293,0.857368,0.914985,0.875487,0.875487,0.063309,0.5,default,0.21943436,0.21943436,"MLP(alpha=0.001,early_stopping=True,hidden_layer_sizes=(256, 128),learning_rate_init=0.001)|w=none"
304,w2v,SW,,strided,5000,1-1,w2v,"dim=300,window=5,epochs=5,min_count=1",mean_max,300,MLP,"{""alpha"": ""0.001"", ""early_stopping"": ""True"", ""hidden_layer_sizes"": ""(256, 128)"", ""learning_rate_init"": ""0.001""}",none,0.862191,0.85716,0.940112,0.866877,0.866877,0.044544,0.5,default,0.27467446,0.27467446,"MLP(alpha=0.001,early_stopping=True,hidden_layer_sizes=(256, 128),learning_rate_init=0.001)|w=none"
305,w2v,SW,,head,20000,1-1,w2v,"dim=300,window=5,epochs=5,min_count=1",tfidf_mean,300,RF,"{""class_weight"": ""balanced"", ""max_depth"": ""20"", ""min_samples_leaf"": ""2"", ""n_estimators"": ""600""}",none,0.861965,0.855764,0.965559,0.885985,0.883626,0.064701,0.5,default,0.14415081,0.14415081,"RF(class_weight=balanced,max_depth=20,min_samples_leaf=2,n_estimators=600)|w=none"
306,w2v,SW,,strided,20000,1-1,w2v,"dim=100,window=30,epochs=5,min_count=1",tfidf_mean,100,MLP,"{""alpha"": ""0.001"", ""early_stopping"": ""True"", ""hidden_layer_sizes"": ""(256, 128)"", ""learning_rate_init"": ""0.001""}",none,0.861857,0.857024,0.915709,0.858845,0.858845,0.065717,0.5,default,0.3946595,0.3946595,"MLP(alpha=0.001,early_stopping=True,hidden_layer_sizes=(256, 128),learning_rate_init=0.001)|w=none"
307,w2v,SW,,strided,5000,1-1,w2v,"dim=300,window=5,epochs=5,min_count=1",tfidf_mean,300,MLP,"{""alpha"": ""0.0001"", ""early_stopping"": ""True"", ""hidden_layer_sizes"": ""(500,)"", ""learning_rate_init"": ""0.001""}",class_arch,0.861806,0.85692,0.918039,0.836885,0.856584,0.066431,0.5,default,0.38194283,0.38194283,"MLP(alpha=0.0001,early_stopping=True,hidden_layer_sizes=(500,),learning_rate_init=0.001)|w=class_arch"
308,w2v,SW,,strided,20000,1-1,w2v,"dim=100,window=30,epochs=5,min_count=1",mean_max,100,RF,"{""class_weight"": ""balanced"", ""max_depth"": ""None"", ""min_samples_leaf"": ""1"", ""n_estimators"": ""600""}",none,0.86167,0.854857,0.975702,0.916184,0.916184,0.070821,0.5,default,0.22666667,0.22666667,"RF(class_weight=balanced,max_depth=None,min_samples_leaf=1,n_estimators=600)|w=none"
309,tfidf,SW,,head,50000,1-2,tfidf,,,15661,LogReg,"{""C"": ""1.0"", ""class_weight"": ""None""}",class_arch,0.861593,0.855523,0.983207,0.931597,0.931597,0.048389,0.5,default,0.26069604,0.26069604,"LogReg(C=1.0,class_weight=None)|w=class_arch"
310,w2v,SW,,strided,20000,1-1,w2v,"dim=100,window=30,epochs=5,min_count=1",tfidf_mean,100,MLP,"{""alpha"": ""0.0001"", ""early_stopping"": ""True"", ""hidden_layer_sizes"": ""(500,)"", ""learning_rate_init"": ""0.001""}",class_arch,0.861568,0.856992,0.915945,0.862664,0.862664,0.060286,0.5,default,0.41305892,0.41305892,"MLP(alpha=0.0001,early_stopping=True,hidden_layer_sizes=(500,),learning_rate_init=0.001)|w=class_arch"
311,w2v,SW,,strided,5000,1-1,w2v,"dim=300,window=5,epochs=5,min_count=1",mean,300,SVM-RBF,"{""C"": ""100.0"", ""class_weight"": ""balanced"", ""gamma"": ""scale""}",none,0.86155,0.856398,0.934635,0.892897,0.892897,0.072392,0.0,default,-0.65131323,-0.65131323,"SVM-RBF(C=100.0,class_weight=balanced,gamma=scale)|w=none"
312,w2v,SW,,strided,20000,1-1,w2v,"dim=100,window=30,epochs=5,min_count=1",tfidf_mean,100,SVM-RBF,"{""C"": ""10.0"", ""class_weight"": ""None"", ""gamma"": ""scale""}",class_arch,0.861392,0.856085,0.946468,0.896395,0.896395,0.066842,0.0,default,-0.71679279,-0.71679279,"SVM-RBF(C=10.0,class_weight=None,gamma=scale)|w=class_arch"
313,tfidf,SW,,head,50000,1-1,tfidf,,,532,LinearSVC,"{""C"": ""0.1"", ""class_weight"": ""None""}",none,0.860958,0.855741,0.969016,0.921664,0.921664,0.030608,0.0,default,-0.30206067,-0.30206067,"LinearSVC(C=0.1,class_weight=None)|w=none"
314,w2v,SW,,strided,20000,1-1,w2v,"dim=300,window=5,epochs=5,min_count=1",mean_max,300,SVM-RBF,"{""C"": ""10.0"", ""class_weight"": ""None"", ""gamma"": ""scale""}",class_arch,0.860958,0.855251,0.961772,0.93251,0.933004,0.065337,0.0,default,-0.58791758,-0.58791758,"SVM-RBF(C=10.0,class_weight=None,gamma=scale)|w=class_arch"
315,w2v,SW,,head,20000,1-1,w2v,"dim=100,window=30,epochs=5,min_count=1",tfidf_mean,100,SVM-RBF,"{""C"": ""100.0"", ""class_weight"": ""balanced"", ""gamma"": ""scale""}",none,0.860902,0.855147,0.939475,0.893006,0.884852,0.105963,0.0,default,-0.86251653,-0.86251653,"SVM-RBF(C=100.0,class_weight=balanced,gamma=scale)|w=none"
316,w2v,SW,,head,5000,1-1,w2v,"dim=300,window=30,epochs=5,min_count=1",tfidf_mean,300,SVM-RBF,"{""C"": ""100.0"", ""class_weight"": ""balanced"", ""gamma"": ""scale""}",none,0.860872,0.854658,0.887034,0.864064,0.869507,0.062623,0.0,default,-0.89472798,-0.45272916,"SVM-RBF(C=100.0,class_weight=balanced,gamma=scale)|w=none"
317,w2v,SW,,strided,5000,1-1,w2v,"dim=300,window=5,epochs=5,min_count=1",mean,300,SVM-RBF,"{""C"": ""10.0"", ""class_weight"": ""balanced"", ""gamma"": ""scale""}",none,0.860783,0.855918,0.918428,0.890723,0.890723,0.062755,0.0,default,-0.34774174,-0.34774174,"SVM-RBF(C=10.0,class_weight=balanced,gamma=scale)|w=none"
318,w2v,SW,,head,5000,1-1,w2v,"dim=200,window=10,epochs=10,min_count=5",tfidf_mean,200,SVM-RBF,"{""C"": ""100.0"", ""class_weight"": ""balanced"", ""gamma"": ""scale""}",none,0.860754,0.854449,0.88175,0.870411,0.873738,0.055876,0.0,default,-0.33191233,-0.33191233,"SVM-RBF(C=100.0,class_weight=balanced,gamma=scale)|w=none"
319,w2v,SW,,strided,5000,1-1,w2v,"dim=300,window=10,epochs=20,min_count=1",mean,300,MLP,"{""alpha"": ""0.0001"", ""early_stopping"": ""True"", ""hidden_layer_sizes"": ""(500,)"", ""learning_rate_init"": ""0.001""}",none,0.860577,0.855501,0.907426,0.858959,0.858959,0.069985,0.5,default,0.49297637,0.49297637,"MLP(alpha=0.0001,early_stopping=True,hidden_layer_sizes=(500,),learning_rate_init=0.001)|w=none"
320,w2v,SW,,head,20000,1-1,w2v,"dim=300,window=5,epochs=5,min_count=1",tfidf_mean,300,MLP,"{""alpha"": ""0.01"", ""early_stopping"": ""False"", ""hidden_layer_sizes"": ""(500,)"", ""learning_rate_init"": ""0.001""}",none,0.860526,0.854907,0.911647,0.903959,0.903959,0.05689,0.5,default,0.27762359,0.27762359,"MLP(alpha=0.01,early_stopping=False,hidden_layer_sizes=(500,),learning_rate_init=0.001)|w=none"
321,w2v,SW,,head,20000,1-1,w2v,"dim=300,window=5,epochs=5,min_count=1",mean_max,300,MLP,"{""alpha"": ""0.0001"", ""early_stopping"": ""True"", ""hidden_layer_sizes"": ""(500,)"", ""learning_rate_init"": ""0.001""}",none,0.860452,0.853928,0.928479,0.84802,0.849957,0.059483,0.5,default,0.46669,0.49170174,"MLP(alpha=0.0001,early_stopping=True,hidden_layer_sizes=(500,),learning_rate_init=0.001)|w=none"
322,tfidf,SW,,strided,50000,1-1,tfidf,,,553,LinearSVC,"{""C"": ""0.1"", ""class_weight"": ""None""}",none,0.860258,0.854875,0.968576,0.929293,0.925771,0.039929,0.0,default,-0.3490659,-0.3490659,"LinearSVC(C=0.1,class_weight=None)|w=none"
323,w2v,SW,,strided,5000,1-1,w2v,"dim=300,window=10,epochs=20,min_count=1",mean,300,MLP,"{""alpha"": ""0.01"", ""early_stopping"": ""False"", ""hidden_layer_sizes"": ""(500,)"", ""learning_rate_init"": ""0.001""}",none,0.860149,0.854666,0.931432,0.886724,0.890021,0.058517,0.5,default,0.42351873,0.42351873,"MLP(alpha=0.01,early_stopping=False,hidden_layer_sizes=(500,),learning_rate_init=0.001)|w=none"
324,w2v,SW,,strided,5000,1-1,w2v,"dim=300,window=10,epochs=20,min_count=1",tfidf_mean,300,RF,"{""class_weight"": ""None"", ""max_depth"": ""None"", ""min_samples_leaf"": ""1"", ""n_estimators"": ""1000""}",none,0.859964,0.853479,0.963762,0.869347,0.869638,0.062015,0.5,default,0.09534766,0.14403125,"RF(class_weight=None,max_depth=None,min_samples_leaf=1,n_estimators=1000)|w=none"
325,w2v,SW,,head,20000,1-1,w2v,"dim=300,window=5,epochs=5,min_count=1",mean,300,SVM-RBF,"{""C"": ""10.0"", ""class_weight"": ""None"", ""gamma"": ""scale""}",class_arch,0.859879,0.854635,0.89655,0.884214,0.884214,0.071025,0.0,default,-0.05840832,-0.05840832,"SVM-RBF(C=10.0,class_weight=None,gamma=scale)|w=class_arch"
326,tfidf,SW,,head,5000,1-2,tfidf,,,7629,LogReg,"{""C"": ""0.1"", ""class_weight"": ""None""}",none,0.859598,0.853239,0.963104,0.906859,0.904797,0.051399,0.5,default,0.4106514,0.4106514,"LogReg(C=0.1,class_weight=None)|w=none"
327,tfidf,SW,,strided,20000,1-2,tfidf,,,15832,LogReg,"{""C"": ""1.0"", ""class_weight"": ""None""}",class_arch,0.859598,0.853239,0.981477,0.929624,0.930068,0.048859,0.5,default,0.27686477,0.36440474,"LogReg(C=1.0,class_weight=None)|w=class_arch"
328,tfidf,SW,,head,20000,1-1,tfidf,,,461,LogReg,"{""C"": ""0.1"", ""class_weight"": ""None""}",none,0.859527,0.85352,0.957039,0.896739,0.894692,0.049992,0.5,default,0.41887399,0.47155469,"LogReg(C=0.1,class_weight=None)|w=none"
329,w2v,SW,,head,5000,1-1,w2v,"dim=300,window=10,epochs=20,min_count=1",tfidf_mean,300,MLP,"{""alpha"": ""0.0001"", ""early_stopping"": ""True"", ""hidden_layer_sizes"": ""(500,)"", ""learning_rate_init"": ""0.001""}",none,0.859527,0.85352,0.916296,0.856863,0.856863,0.034434,0.5,default,0.19769125,0.19769125,"MLP(alpha=0.0001,early_stopping=True,hidden_layer_sizes=(500,),learning_rate_init=0.001)|w=none"
330,tfidf,SW,,strided,50000,1-1,tfidf,,,553,LinearSVC,"{""C"": ""1.0"", ""class_weight"": ""None""}",none,0.859469,0.853415,0.969798,0.936545,0.937931,0.073751,0.0,default,-0.36341337,-0.36341337,"LinearSVC(C=1.0,class_weight=None)|w=none"
331,w2v,SW,,strided,20000,1-1,w2v,"dim=300,window=5,epochs=5,min_count=1",tfidf_mean,300,SVM-RBF,"{""C"": ""10.0"", ""class_weight"": ""balanced"", ""gamma"": ""scale""}",none,0.859012,0.853946,0.940055,0.893817,0.894797,0.054874,0.0,default,-0.55321313,-0.55321313,"SVM-RBF(C=10.0,class_weight=balanced,gamma=scale)|w=none"
332,tfidf,SW,,strided,20000,1-1,tfidf,,,515,LogReg,"{""C"": ""1.0"", ""class_weight"": ""None""}",none,0.858959,0.853841,0.966404,0.919312,0.917295,0.03805,0.5,default,0.27747454,0.27747454,"LogReg(C=1.0,class_weight=None)|w=none"
333,w2v,SW,,strided,20000,1-1,w2v,"dim=300,window=5,epochs=5,min_count=1",tfidf_mean,300,SVM-RBF,"{""C"": ""10.0"", ""class_weight"": ""None"", ""gamma"": ""scale""}",class_arch,0.858959,0.853841,0.929584,0.878388,0.858683,0.056008,0.0,default,-0.52635742,-0.52635742,"SVM-RBF(C=10.0,class_weight=None,gamma=scale)|w=class_arch"
334,tfidf,SW,,head,5000,1-2,tfidf,,,7629,LinearSVC,"{""C"": ""0.01"", ""class_weight"": ""None""}",none,0.858926,0.852477,0.962056,0.9014,0.901851,0.051116,0.0,default,-0.17931194,-0.17931194,"LinearSVC(C=0.01,class_weight=None)|w=none"
335,w2v,SW,,strided,5000,1-1,w2v,"dim=300,window=10,epochs=20,min_count=1",tfidf_mean,300,RF,"{""class_weight"": ""balanced"", ""max_depth"": ""None"", ""min_samples_leaf"": ""1"", ""n_estimators"": ""600""}",none,0.858926,0.852477,0.963542,0.86418,0.86418,0.063466,0.5,default,0.08744792,0.08744792,"RF(class_weight=balanced,max_depth=None,min_samples_leaf=1,n_estimators=600)|w=none"
336,w2v,SW,,head,5000,1-1,w2v,"dim=100,window=5,epochs=5,min_count=1",mean,100,SVM-RBF,"{""C"": ""100.0"", ""class_weight"": ""balanced"", ""gamma"": ""scale""}",none,0.858804,0.852654,0.876234,0.870544,0.870988,0.055956,0.0,default,-0.39561547,-0.39561547,"SVM-RBF(C=100.0,class_weight=balanced,gamma=scale)|w=none"
337,tfidf,SW,,head,50000,1-2,tfidf,,,15661,LogReg,"{""C"": ""0.1"", ""class_weight"": ""None""}",none,0.858744,0.852549,0.97216,0.919542,0.919542,0.045668,0.5,default,0.41890151,0.41890151,"LogReg(C=0.1,class_weight=None)|w=none"
338,w2v,SW,,strided,5000,1-1,w2v,"dim=300,window=5,epochs=5,min_count=1",mean_max,300,SVM-RBF,"{""C"": ""1.0"", ""class_weight"": ""balanced"", ""gamma"": ""scale""}",none,0.858735,0.853914,0.9377,0.895433,0.895433,0.027086,0.0,default,-0.46350734,-0.46350734,"SVM-RBF(C=1.0,class_weight=balanced,gamma=scale)|w=none"
339,w2v,SW,,head,5000,1-1,w2v,"dim=100,window=5,epochs=5,min_count=1",mean,100,SVM-RBF,"{""C"": ""10.0"", ""class_weight"": ""None"", ""gamma"": ""0.1""}",none,0.858683,0.852445,0.910181,0.890342,0.888587,0.051006,0.0,default,-0.45849012,-0.45849012,"SVM-RBF(C=10.0,class_weight=None,gamma=0.1)|w=none"
340,w2v,SW,,head,5000,1-1,w2v,"dim=200,window=10,epochs=10,min_count=5",tfidf_mean,200,MLP,"{""alpha"": ""0.0001"", ""early_stopping"": ""True"", ""hidden_layer_sizes"": ""(500,)"", ""learning_rate_init"": ""0.001""}",none,0.858634,0.853216,0.913028,0.842187,0.845086,0.027038,0.5,default,0.35565997,0.35565997,"MLP(alpha=0.0001,early_stopping=True,hidden_layer_sizes=(500,),learning_rate_init=0.001)|w=none"
341,w2v,SW,,strided,5000,1-1,w2v,"dim=300,window=10,epochs=20,min_count=1",mean_max,300,SVM-RBF,"{""C"": ""100.0"", ""class_weight"": ""balanced"", ""gamma"": ""scale""}",none,0.8585,0.852132,0.964275,0.908444,0.908444,0.07444,0.0,default,-0.9062043,-0.9062043,"SVM-RBF(C=100.0,class_weight=balanced,gamma=scale)|w=none"
342,tfidf,SW,,strided,5000,1-1,tfidf,,,434,LogReg,"{""C"": ""10.0"", ""class_weight"": ""balanced""}",none,0.858494,0.852518,0.960728,0.903383,0.898697,0.056693,0.5,default,0.23048878,0.24440391,"LogReg(C=10.0,class_weight=balanced)|w=none"
343,w2v,SW,,strided,20000,1-1,w2v,"dim=300,window=5,epochs=5,min_count=1",tfidf_mean,300,RF,"{""class_weight"": ""balanced"", ""max_depth"": ""20"", ""min_samples_leaf"": ""2"", ""n_estimators"": ""600""}",none,0.858377,0.851924,0.967227,0.893824,0.893824,0.040374,0.5,default,0.13897963,0.13897963,"RF(class_weight=balanced,max_depth=20,min_samples_leaf=2,n_estimators=600)|w=none"
344,w2v,SW,,strided,5000,1-1,w2v,"dim=300,window=10,epochs=20,min_count=1",tfidf_mean,300,SVM-RBF,"{""C"": ""10.0"", ""class_weight"": ""balanced"", ""gamma"": ""scale""}",none,0.858145,0.853256,0.934962,0.892583,0.893563,0.069712,0.0,default,-0.47907893,-0.47907893,"SVM-RBF(C=10.0,class_weight=balanced,gamma=scale)|w=none"
345,w2v,SW,,strided,20000,1-1,w2v,"dim=100,window=30,epochs=5,min_count=1",mean,100,MLP,"{""alpha"": ""0.001"", ""early_stopping"": ""True"", ""hidden_layer_sizes"": ""(256, 128)"", ""learning_rate_init"": ""0.001""}",none,0.858018,0.853537,0.922476,0.882053,0.882053,0.063697,0.5,default,0.47217969,0.47217969,"MLP(alpha=0.001,early_stopping=True,hidden_layer_sizes=(256, 128),learning_rate_init=0.001)|w=none"
346,w2v,SW,,head,5000,1-1,w2v,"dim=300,window=30,epochs=5,min_count=1",tfidf_mean,300,SVM-RBF,"{""C"": ""10.0"", ""class_weight"": ""balanced"", ""gamma"": ""scale""}",none,0.858007,0.852069,0.935743,0.899097,0.89222,0.051291,0.0,default,-0.5721199,-0.5721199,"SVM-RBF(C=10.0,class_weight=balanced,gamma=scale)|w=none"
347,w2v,SW,,strided,5000,1-1,w2v,"dim=300,window=5,epochs=5,min_count=1",tfidf_mean,300,SVM-RBF,"{""C"": ""10.0"", ""class_weight"": ""None"", ""gamma"": ""0.1""}",none,0.857981,0.852454,0.933773,0.869581,0.869581,0.072072,0.0,default,-0.80437396,-0.80437396,"SVM-RBF(C=10.0,class_weight=None,gamma=0.1)|w=none"
348,w2v,SW,,strided,5000,1-1,w2v,"dim=100,window=30,epochs=5,min_count=1",mean,100,MLP,"{""alpha"": ""0.0001"", ""early_stopping"": ""True"", ""hidden_layer_sizes"": ""(500,)"", ""learning_rate_init"": ""0.001""}",class_arch,0.857815,0.85312,0.912441,0.862753,0.862753,0.06334,0.5,default,0.41329384,0.41329384,"MLP(alpha=0.0001,early_stopping=True,hidden_layer_sizes=(500,),learning_rate_init=0.001)|w=class_arch"
349,w2v,SW,,strided,5000,1-1,w2v,"dim=300,window=5,epochs=5,min_count=1",tfidf_mean,300,SVM-RBF,"{""C"": ""10.0"", ""class_weight"": ""balanced"", ""gamma"": ""scale""}",none,0.857771,0.852527,0.924608,0.870347,0.870347,0.064947,0.0,default,-0.6371005,-0.6371005,"SVM-RBF(C=10.0,class_weight=balanced,gamma=scale)|w=none"
350,w2v,SW,,head,5000,1-1,w2v,"dim=300,window=5,epochs=5,min_count=1",mean,300,SVM-RBF,"{""C"": ""10.0"", ""class_weight"": ""None"", ""gamma"": ""0.1""}",none,0.857587,0.851339,0.910227,0.891604,0.890477,0.052404,0.0,default,-0.414221,-0.30764393,"SVM-RBF(C=10.0,class_weight=None,gamma=0.1)|w=none"
351,w2v,SW,,head,5000,1-1,w2v,"dim=100,window=30,epochs=5,min_count=1",mean,100,SVM-RBF,"{""C"": ""100.0"", ""class_weight"": ""balanced"", ""gamma"": ""scale""}",none,0.857579,0.851724,0.901515,0.884115,0.884115,0.054958,0.0,default,-0.93704055,-0.93704055,"SVM-RBF(C=100.0,class_weight=balanced,gamma=scale)|w=none"
352,w2v,SW,,head,5000,1-1,w2v,"dim=300,window=10,epochs=20,min_count=1",mean,300,MLP,"{""alpha"": ""0.0001"", ""early_stopping"": ""True"", ""hidden_layer_sizes"": ""(500,)"", ""learning_rate_init"": ""0.001""}",none,0.85752,0.85162,0.912094,0.829591,0.834769,0.034905,0.5,default,0.21435858,0.54496924,"MLP(alpha=0.0001,early_stopping=True,hidden_layer_sizes=(500,),learning_rate_init=0.001)|w=none"
353,w2v,SW,,head,20000,1-1,w2v,"dim=300,window=5,epochs=5,min_count=1",tfidf_mean,300,RF,"{""class_weight"": ""balanced"", ""max_depth"": ""None"", ""min_samples_leaf"": ""1"", ""n_estimators"": ""600""}",none,0.857464,0.85113,0.965017,0.884802,0.885291,0.066274,0.5,default,0.13333333,0.15757812,"RF(class_weight=balanced,max_depth=None,min_samples_leaf=1,n_estimators=600)|w=none"
354,w2v,SW,,head,5000,1-1,w2v,"dim=200,window=10,epochs=10,min_count=5",mean,200,MLP,"{""alpha"": ""0.001"", ""early_stopping"": ""True"", ""hidden_layer_sizes"": ""(256, 128)"", ""learning_rate_init"": ""0.001""}",none,0.857151,0.85138,0.921375,0.897669,0.897669,0.043901,0.5,default,0.37041557,0.37041557,"MLP(alpha=0.001,early_stopping=True,hidden_layer_sizes=(256, 128),learning_rate_init=0.001)|w=none"
355,w2v,SW,,head,5000,1-1,w2v,"dim=300,window=10,epochs=20,min_count=1",tfidf_mean,300,SVM-RBF,"{""C"": ""100.0"", ""class_weight"": ""balanced"", ""gamma"": ""scale""}",none,0.8571,0.85089,0.889894,0.873448,0.876337,0.052343,0.0,default,-0.63565331,-0.63565331,"SVM-RBF(C=100.0,class_weight=balanced,gamma=scale)|w=none"
356,w2v,SW,,strided,20000,1-1,w2v,"dim=300,window=5,epochs=5,min_count=1",mean,300,SVM-RBF,"{""C"": ""10.0"", ""class_weight"": ""None"", ""gamma"": ""scale""}",class_arch,0.856792,0.852118,0.914933,0.884162,0.884162,0.061664,0.0,default,-0.264571,-0.264571,"SVM-RBF(C=10.0,class_weight=None,gamma=scale)|w=class_arch"
357,w2v,SW,,strided,5000,1-1,w2v,"dim=300,window=5,epochs=5,min_count=1",mean_max,300,MLP,"{""alpha"": ""0.0001"", ""early_stopping"": ""True"", ""hidden_layer_sizes"": ""(500,)"", ""learning_rate_init"": ""0.001""}",none,0.856745,0.851525,0.927082,0.835361,0.843666,0.043588,0.5,default,0.46025317,0.46025317,"MLP(alpha=0.0001,early_stopping=True,hidden_layer_sizes=(500,),learning_rate_init=0.001)|w=none"
358,w2v,SW,,strided,5000,1-1,w2v,"dim=300,window=5,epochs=5,min_count=1",tfidf_mean,300,SVM-RBF,"{""C"": ""10.0"", ""class_weight"": ""None"", ""gamma"": ""scale""}",class_arch,0.856259,0.851076,0.914981,0.852946,0.852946,0.059172,0.0,default,-0.77641942,-0.77641942,"SVM-RBF(C=10.0,class_weight=None,gamma=scale)|w=class_arch"
359,w2v,SW,,strided,20000,1-1,w2v,"dim=100,window=30,epochs=5,min_count=1",mean_max,100,MLP,"{""alpha"": ""0.01"", ""early_stopping"": ""False"", ""hidden_layer_sizes"": ""(500,)"", ""learning_rate_init"": ""0.001""}",none,0.856028,0.852232,0.931085,0.813312,0.813312,0.048469,0.5,default,0.38614596,0.38614596,"MLP(alpha=0.01,early_stopping=False,hidden_layer_sizes=(500,),learning_rate_init=0.001)|w=none"
360,w2v,SW,,head,5000,1-1,w2v,"dim=100,window=30,epochs=5,min_count=1",tfidf_mean,100,MLP,"{""alpha"": ""0.001"", ""early_stopping"": ""True"", ""hidden_layer_sizes"": ""(256, 128)"", ""learning_rate_init"": ""0.001""}",none,0.856001,0.850169,0.896343,0.842621,0.843386,0.036316,0.5,default,0.26511968,0.26511968,"MLP(alpha=0.001,early_stopping=True,hidden_layer_sizes=(256, 128),learning_rate_init=0.001)|w=none"
361,w2v,SW,,head,20000,1-1,w2v,"dim=100,window=30,epochs=5,min_count=1",mean,100,SVM-RBF,"{""C"": ""100.0"", ""class_weight"": ""balanced"", ""gamma"": ""scale""}",none,0.85575,0.850137,0.930603,0.894418,0.896353,0.100311,0.0,default,-0.51329286,-0.44173688,"SVM-RBF(C=100.0,class_weight=balanced,gamma=scale)|w=none"
362,w2v,SW,,head,5000,1-1,w2v,"dim=300,window=10,epochs=20,min_count=1",tfidf_mean,300,MLP,"{""alpha"": ""0.01"", ""early_stopping"": ""False"", ""hidden_layer_sizes"": ""(500,)"", ""learning_rate_init"": ""0.001""}",none,0.8557,0.849648,0.91829,0.856097,0.856097,0.055873,0.5,default,0.25893575,0.25893575,"MLP(alpha=0.01,early_stopping=False,hidden_layer_sizes=(500,),learning_rate_init=0.001)|w=none"
363,w2v,SW,,head,20000,1-1,w2v,"dim=100,window=30,epochs=5,min_count=1",tfidf_mean,100,SVM-RBF,"{""C"": ""10.0"", ""class_weight"": ""balanced"", ""gamma"": ""scale""}",none,0.855574,0.849825,0.937978,0.874137,0.880132,0.069375,0.0,default,-0.50343556,-0.50343556,"SVM-RBF(C=10.0,class_weight=balanced,gamma=scale)|w=none"
364,tfidf,SW,,head,5000,1-3,tfidf,,,37877,LinearSVC,"{""C"": ""1.0"", ""class_weight"": ""None""}",none,0.855519,0.848669,0.983053,0.92855,0.930523,0.100245,0.0,default,-0.6531548,-0.6531548,"LinearSVC(C=1.0,class_weight=None)|w=none"
365,w2v,SW,,head,5000,1-1,w2v,"dim=300,window=30,epochs=5,min_count=1",mean,300,SVM-RBF,"{""C"": ""100.0"", ""class_weight"": ""balanced"", ""gamma"": ""scale""}",none,0.855396,0.849512,0.90025,0.881747,0.875252,0.056653,0.0,default,-0.93970164,-0.93970164,"SVM-RBF(C=100.0,class_weight=balanced,gamma=scale)|w=none"
366,tfidf,SW,,strided,20000,1-2,tfidf,,,15832,LinearSVC,"{""C"": ""0.1"", ""class_weight"": ""None""}",class_arch,0.85539,0.849127,0.983051,0.928625,0.931091,0.052337,0.0,default,-0.34996909,-0.34996909,"LinearSVC(C=0.1,class_weight=None)|w=class_arch"
367,w2v,SW,,head,20000,1-1,w2v,"dim=100,window=30,epochs=5,min_count=1",tfidf_mean,100,RF,"{""class_weight"": ""balanced"", ""max_depth"": ""None"", ""min_samples_leaf"": ""1"", ""n_estimators"": ""600""}",none,0.855072,0.848605,0.965076,0.892816,0.892816,0.091841,0.5,default,0.16757812,0.16757812,"RF(class_weight=balanced,max_depth=None,min_samples_leaf=1,n_estimators=600)|w=none"
368,w2v,SW,,strided,20000,1-1,w2v,"dim=300,window=5,epochs=5,min_count=1",tfidf_mean,300,MLP,"{""alpha"": ""0.0001"", ""early_stopping"": ""True"", ""hidden_layer_sizes"": ""(500,)"", ""learning_rate_init"": ""0.001""}",none,0.854965,0.850042,0.91428,0.849728,0.850212,0.056523,0.5,default,0.38083278,0.38083278,"MLP(alpha=0.0001,early_stopping=True,hidden_layer_sizes=(500,),learning_rate_init=0.001)|w=none"
369,tfidf,SW,,strided,5000,1-1,tfidf,,,434,LinearSVC,"{""C"": ""1.0"", ""class_weight"": ""balanced""}",none,0.854788,0.848854,0.960376,0.90786,0.913269,0.059715,0.0,default,-0.28532398,-0.28532398,"LinearSVC(C=1.0,class_weight=balanced)|w=none"
370,w2v,SW,,head,5000,1-1,w2v,"dim=300,window=5,epochs=5,min_count=1",tfidf_mean,300,MLP,"{""alpha"": ""0.01"", ""early_stopping"": ""False"", ""hidden_layer_sizes"": ""(500,)"", ""learning_rate_init"": ""0.001""}",none,0.854666,0.848646,0.914909,0.843153,0.843153,0.053788,0.5,default,0.20732361,0.20732361,"MLP(alpha=0.01,early_stopping=False,hidden_layer_sizes=(500,),learning_rate_init=0.001)|w=none"
371,w2v,SW,,strided,20000,1-1,w2v,"dim=300,window=5,epochs=5,min_count=1",tfidf_mean,300,RF,"{""class_weight"": ""balanced"", ""max_depth"": ""None"", ""min_samples_leaf"": ""1"", ""n_estimators"": ""600""}",none,0.854455,0.847948,0.969234,0.895718,0.898643,0.045443,0.5,default,0.18333333,0.18333333,"RF(class_weight=balanced,max_depth=None,min_samples_leaf=1,n_estimators=600)|w=none"
372,tfidf,SW,,strided,5000,1-1,tfidf,,,434,LogReg,"{""C"": ""10.0"", ""class_weight"": ""None""}",none,0.854417,0.848229,0.960408,0.902644,0.902087,0.060641,0.5,default,0.21776783,0.21776783,"LogReg(C=10.0,class_weight=None)|w=none"
373,w2v,SW,,strided,20000,1-1,w2v,"dim=300,window=5,epochs=5,min_count=1",tfidf_mean,300,MLP,"{""alpha"": ""0.01"", ""early_stopping"": ""False"", ""hidden_layer_sizes"": ""(500,)"", ""learning_rate_init"": ""0.001""}",none,0.854302,0.848406,0.926843,0.877827,0.878315,0.05061,0.5,default,0.2987809,0.2987809,"MLP(alpha=0.01,early_stopping=False,hidden_layer_sizes=(500,),learning_rate_init=0.001)|w=none"
374,tfidf,SW,,head,50000,1-2,tfidf,,,15661,LinearSVC,"{""C"": ""0.01"", ""class_weight"": ""None""}",none,0.85429,0.84802,0.972322,0.929188,0.923102,0.047594,0.0,default,-0.22276259,-0.14907175,"LinearSVC(C=0.01,class_weight=None)|w=none"
375,tfidf,SW,,strided,20000,1-1,tfidf,,,515,LinearSVC,"{""C"": ""0.1"", ""class_weight"": ""None""}",none,0.854149,0.848968,0.968522,0.923274,0.923274,0.0418,0.0,default,-0.37259593,-0.37259593,"LinearSVC(C=0.1,class_weight=None)|w=none"
376,w2v,SW,,strided,20000,1-1,w2v,"dim=100,window=30,epochs=5,min_count=1",tfidf_mean,100,SVM-RBF,"{""C"": ""1.0"", ""class_weight"": ""balanced"", ""gamma"": ""scale""}",none,0.853957,0.85152,0.896042,0.854442,0.854442,0.056753,0.0,default,-0.00883784,-0.00883784,"SVM-RBF(C=1.0,class_weight=balanced,gamma=scale)|w=none"
377,w2v,SW,,head,5000,1-1,w2v,"dim=100,window=5,epochs=5,min_count=1",mean,100,MLP,"{""alpha"": ""0.001"", ""early_stopping"": ""True"", ""hidden_layer_sizes"": ""(256, 128)"", ""learning_rate_init"": ""0.001""}",none,0.853937,0.848165,0.899218,0.82061,0.826861,0.043767,0.5,default,0.37262084,0.41148095,"MLP(alpha=0.001,early_stopping=True,hidden_layer_sizes=(256, 128),learning_rate_init=0.001)|w=none"
378,w2v,SW,,strided,20000,1-1,w2v,"dim=100,window=30,epochs=5,min_count=1",mean,100,MLP,"{""alpha"": ""0.0001"", ""early_stopping"": ""True"", ""hidden_layer_sizes"": ""(500,)"", ""learning_rate_init"": ""0.001""}",none,0.853723,0.849113,0.903082,0.840007,0.840007,0.065049,0.5,default,0.35802869,0.35802869,"MLP(alpha=0.0001,early_stopping=True,hidden_layer_sizes=(500,),learning_rate_init=0.001)|w=none"
379,w2v,SW,,strided,20000,1-1,w2v,"dim=300,window=5,epochs=5,min_count=1",tfidf_mean,300,MLP,"{""alpha"": ""0.001"", ""early_stopping"": ""True"", ""hidden_layer_sizes"": ""(256, 128)"", ""learning_rate_init"": ""0.001""}",none,0.85372,0.848623,0.915266,0.884179,0.882053,0.058122,0.5,default,0.38541427,0.38541427,"MLP(alpha=0.001,early_stopping=True,hidden_layer_sizes=(256, 128),learning_rate_init=0.001)|w=none"
380,tfidf,SW,,head,5000,1-3,tfidf,,,37877,LogReg,"{""C"": ""0.1"", ""class_weight"": ""None""}",none,0.853569,0.846873,0.968522,0.90912,0.911793,0.08032,0.5,default,0.4336344,0.4336344,"LogReg(C=0.1,class_weight=None)|w=none"
381,w2v,SW,,head,5000,1-1,w2v,"dim=300,window=5,epochs=5,min_count=1",tfidf_mean,300,MLP,"{""alpha"": ""0.0001"", ""early_stopping"": ""True"", ""hidden_layer_sizes"": ""(500,)"", ""learning_rate_init"": ""0.001""}",none,0.853444,0.847331,0.894435,0.846224,0.847018,0.037105,0.5,default,0.31187494,0.41374953,"MLP(alpha=0.0001,early_stopping=True,hidden_layer_sizes=(500,),learning_rate_init=0.001)|w=none"
382,w2v,SW,,head,20000,1-1,w2v,"dim=100,window=30,epochs=5,min_count=1",tfidf_mean,100,RF,"{""class_weight"": ""None"", ""max_depth"": ""None"", ""min_samples_leaf"": ""1"", ""n_estimators"": ""1000""}",none,0.853415,0.846946,0.966156,0.861585,0.871966,0.093869,0.5,default,0.31507812,0.31507812,"RF(class_weight=None,max_depth=None,min_samples_leaf=1,n_estimators=1000)|w=none"
383,tfidf,SW,,strided,50000,1-2,tfidf,,,18667,LogReg,"{""C"": ""1.0"", ""class_weight"": ""None""}",class_arch,0.853381,0.847227,0.981039,0.930622,0.930622,0.050604,0.5,default,0.28396545,0.28396545,"LogReg(C=1.0,class_weight=None)|w=class_arch"
384,w2v,SW,,strided,5000,1-1,w2v,"dim=300,window=10,epochs=20,min_count=1",tfidf_mean,300,MLP,"{""alpha"": ""0.0001"", ""early_stopping"": ""True"", ""hidden_layer_sizes"": ""(500,)"", ""learning_rate_init"": ""0.001""}",class_arch,0.853345,0.848383,0.915428,0.853835,0.853835,0.063498,0.5,default,0.35854046,0.35854046,"MLP(alpha=0.0001,early_stopping=True,hidden_layer_sizes=(500,),learning_rate_init=0.001)|w=class_arch"
385,w2v,SW,,strided,20000,1-1,w2v,"dim=300,window=5,epochs=5,min_count=1",mean,300,RF,"{""class_weight"": ""balanced"", ""max_depth"": ""20"", ""min_samples_leaf"": ""2"", ""n_estimators"": ""600""}",none,0.853283,0.846737,0.968078,0.895245,0.890496,0.04066,0.5,default,0.17170174,0.17170174,"RF(class_weight=balanced,max_depth=20,min_samples_leaf=2,n_estimators=600)|w=none"
386,tfidf,SW,,strided,5000,1-1,tfidf,,,434,LinearSVC,"{""C"": ""1.0"", ""class_weight"": ""None""}",none,0.853253,0.847018,0.960565,0.911357,0.91081,0.062455,0.0,default,-0.33255768,-0.33255768,"LinearSVC(C=1.0,class_weight=None)|w=none"
387,w2v,SW,,strided,20000,1-1,w2v,"dim=100,window=30,epochs=5,min_count=1",tfidf_mean,100,RF,"{""class_weight"": ""None"", ""max_depth"": ""None"", ""min_samples_leaf"": ""1"", ""n_estimators"": ""1000""}",none,0.853149,0.846529,0.968762,0.905281,0.906264,0.05873,0.5,default,0.17075781,0.17075781,"RF(class_weight=None,max_depth=None,min_samples_leaf=1,n_estimators=1000)|w=none"
388,w2v,SW,,strided,5000,1-1,w2v,"dim=300,window=5,epochs=5,min_count=1",tfidf_mean,300,MLP,"{""alpha"": ""0.0001"", ""early_stopping"": ""True"", ""hidden_layer_sizes"": ""(500,)"", ""learning_rate_init"": ""0.001""}",none,0.852893,0.847549,0.916088,0.814044,0.814044,0.060658,0.5,default,0.43776579,0.43776579,"MLP(alpha=0.0001,early_stopping=True,hidden_layer_sizes=(500,),learning_rate_init=0.001)|w=none"
389,w2v,SW,,strided,5000,1-1,w2v,"dim=300,window=5,epochs=5,min_count=1",mean_max,300,SVM-RBF,"{""C"": ""10.0"", ""class_weight"": ""None"", ""gamma"": ""0.1""}",none,0.852442,0.846048,0.972393,0.909496,0.909496,0.081891,0.0,default,-0.64765866,-0.64765866,"SVM-RBF(C=10.0,class_weight=None,gamma=0.1)|w=none"
390,w2v,SW,,strided,5000,1-1,w2v,"dim=300,window=5,epochs=5,min_count=1",mean_max,300,MLP,"{""alpha"": ""0.0001"", ""early_stopping"": ""True"", ""hidden_layer_sizes"": ""(500,)"", ""learning_rate_init"": ""0.001""}",class_arch,0.852321,0.84787,0.907258,0.848179,0.84807,0.052622,0.5,default,0.44432405,0.44432405,"MLP(alpha=0.0001,early_stopping=True,hidden_layer_sizes=(500,),learning_rate_init=0.001)|w=class_arch"
391,w2v,SW,,strided,5000,1-1,w2v,"dim=300,window=5,epochs=5,min_count=1",mean,300,SVM-RBF,"{""C"": ""10.0"", ""class_weight"": ""None"", ""gamma"": ""scale""}",class_arch,0.852268,0.847766,0.90126,0.855692,0.855653,0.064892,0.0,default,-0.40315126,-0.40315126,"SVM-RBF(C=10.0,class_weight=None,gamma=scale)|w=class_arch"
392,tfidf,SW,,strided,5000,1-2,tfidf,,,10897,LogReg,"{""C"": ""0.1"", ""class_weight"": ""None""}",none,0.851755,0.845287,0.962796,0.906659,0.910463,0.054422,0.5,default,0.4040519,0.44255906,"LogReg(C=0.1,class_weight=None)|w=none"
393,w2v,SW,,strided,20000,1-1,w2v,"dim=100,window=30,epochs=5,min_count=1",mean_max,100,LogReg,"{""C"": ""1.0"", ""class_weight"": ""balanced""}",none,0.851438,0.846202,0.94471,0.8655,0.8655,0.053605,0.5,default,0.07348169,0.07348169,"LogReg(C=1.0,class_weight=balanced)|w=none"
394,w2v,SW,,head,20000,1-1,w2v,"dim=100,window=30,epochs=5,min_count=1",tfidf_mean,100,SVM-RBF,"{""C"": ""10.0"", ""class_weight"": ""None"", ""gamma"": ""0.1""}",none,0.851308,0.845223,0.917725,0.880985,0.880953,0.061473,0.0,default,-0.82248067,-0.82248067,"SVM-RBF(C=10.0,class_weight=None,gamma=0.1)|w=none"
395,w2v,SW,,head,5000,1-1,w2v,"dim=300,window=30,epochs=5,min_count=1",tfidf_mean,300,MLP,"{""alpha"": ""0.0001"", ""early_stopping"": ""True"", ""hidden_layer_sizes"": ""(500,)"", ""learning_rate_init"": ""0.001""}",none,0.851264,0.845504,0.919623,0.885124,0.885124,0.031178,0.5,default,0.35386841,0.40381344,"MLP(alpha=0.0001,early_stopping=True,hidden_layer_sizes=(500,),learning_rate_init=0.001)|w=none"
396,w2v,SW,,strided,20000,1-1,w2v,"dim=100,window=30,epochs=5,min_count=1",tfidf_mean,100,RF,"{""class_weight"": ""balanced"", ""max_depth"": ""20"", ""min_samples_leaf"": ""2"", ""n_estimators"": ""600""}",none,0.851066,0.844525,0.966795,0.898449,0.898926,0.060483,0.5,default,0.17056915,0.17056915,"RF(class_weight=balanced,max_depth=20,min_samples_leaf=2,n_estimators=600)|w=none"
397,w2v,SW,,strided,5000,1-1,w2v,"dim=300,window=10,epochs=20,min_count=1",mean,300,MLP,"{""alpha"": ""0.0001"", ""early_stopping"": ""True"", ""hidden_layer_sizes"": ""(500,)"", ""learning_rate_init"": ""0.001""}",class_arch,0.850753,0.845826,0.899652,0.837975,0.837975,0.069467,0.5,default,0.3679375,0.3679375,"MLP(alpha=0.0001,early_stopping=True,hidden_layer_sizes=(500,),learning_rate_init=0.001)|w=class_arch"
398,w2v,SW,,head,20000,1-1,w2v,"dim=100,window=30,epochs=5,min_count=1",mean,100,SVM-RBF,"{""C"": ""10.0"", ""class_weight"": ""None"", ""gamma"": ""scale""}",class_arch,0.850591,0.844742,0.914343,0.876122,0.876086,0.080356,0.0,default,-0.54473557,-0.28064009,"SVM-RBF(C=10.0,class_weight=None,gamma=scale)|w=class_arch"
399,w2v,SW,,head,20000,1-1,w2v,"dim=300,window=5,epochs=5,min_count=1",tfidf_mean,300,SVM-RBF,"{""C"": ""10.0"", ""class_weight"": ""balanced"", ""gamma"": ""scale""}",none,0.850528,0.844638,0.927057,0.880373,0.88365,0.072198,0.0,default,-0.32287946,-0.32287946,"SVM-RBF(C=10.0,class_weight=balanced,gamma=scale)|w=none"
400,w2v,SW,,strided,5000,1-1,w2v,"dim=100,window=30,epochs=5,min_count=1",mean,100,SVM-RBF,"{""C"": ""1.0"", ""class_weight"": ""balanced"", ""gamma"": ""scale""}",none,0.850524,0.848274,0.885022,0.835692,0.840424,0.052472,0.0,default,-0.05660422,0.00516365,"SVM-RBF(C=1.0,class_weight=balanced,gamma=scale)|w=none"
401,tfidf,SW,,head,5000,1-3,tfidf,,,37877,LogReg,"{""C"": ""1.0"", ""class_weight"": ""None""}",class_arch,0.850373,0.843763,0.974777,0.933239,0.926483,0.089749,0.5,default,0.2282626,0.2282626,"LogReg(C=1.0,class_weight=None)|w=class_arch"
402,w2v,SW,,strided,5000,1-1,w2v,"dim=100,window=30,epochs=5,min_count=1",mean_max,100,RF,"{""class_weight"": ""balanced"", ""max_depth"": ""20"", ""min_samples_leaf"": ""2"", ""n_estimators"": ""600""}",none,0.850296,0.84394,0.968359,0.925187,0.925187,0.059452,0.5,default,0.26227335,0.28005473,"RF(class_weight=balanced,max_depth=20,min_samples_leaf=2,n_estimators=600)|w=none"
403,w2v,SW,,strided,20000,1-1,w2v,"dim=300,window=5,epochs=5,min_count=1",tfidf_mean,300,SVM-RBF,"{""C"": ""100.0"", ""class_weight"": ""balanced"", ""gamma"": ""scale""}",none,0.850231,0.844502,0.942505,0.88939,0.900559,0.077518,0.0,default,-0.41247194,-0.41247194,"SVM-RBF(C=100.0,class_weight=balanced,gamma=scale)|w=none"
404,w2v,SW,,head,5000,1-1,w2v,"dim=200,window=10,epochs=10,min_count=5",mean,200,MLP,"{""alpha"": ""0.01"", ""early_stopping"": ""False"", ""hidden_layer_sizes"": ""(500,)"", ""learning_rate_init"": ""0.001""}",none,0.850207,0.844117,0.904225,0.847249,0.848045,0.044495,0.5,default,0.24176824,0.33775692,"MLP(alpha=0.01,early_stopping=False,hidden_layer_sizes=(500,),learning_rate_init=0.001)|w=none"
405,w2v,SW,,strided,5000,1-1,w2v,"dim=300,window=10,epochs=20,min_count=1",tfidf_mean,300,SVM-RBF,"{""C"": ""1.0"", ""class_weight"": ""balanced"", ""gamma"": ""scale""}",none,0.84996,0.846918,0.891147,0.868091,0.847932,0.050576,0.0,default,-0.08452095,-0.08452095,"SVM-RBF(C=1.0,class_weight=balanced,gamma=scale)|w=none"
406,w2v,SW,,strided,5000,1-1,w2v,"dim=100,window=30,epochs=5,min_count=1",mean_max,100,SVM-RBF,"{""C"": ""10.0"", ""class_weight"": ""None"", ""gamma"": ""scale""}",class_arch,0.849866,0.844647,0.940575,0.903441,0.902772,0.047197,0.0,default,-0.44635737,-0.25297371,"SVM-RBF(C=10.0,class_weight=None,gamma=scale)|w=class_arch"
407,w2v,SW,,strided,20000,1-1,w2v,"dim=300,window=5,epochs=5,min_count=1",mean,300,RF,"{""class_weight"": ""balanced"", ""max_depth"": ""None"", ""min_samples_leaf"": ""1"", ""n_estimators"": ""600""}",none,0.84933,0.842761,0.967976,0.896699,0.898608,0.038084,0.5,default,0.15666667,0.18166667,"RF(class_weight=balanced,max_depth=None,min_samples_leaf=1,n_estimators=600)|w=none"
408,w2v,SW,,head,20000,1-1,w2v,"dim=100,window=30,epochs=5,min_count=1",tfidf_mean,100,SVM-RBF,"{""C"": ""1.0"", ""class_weight"": ""balanced"", ""gamma"": ""scale""}",none,0.849309,0.844969,0.89468,0.84506,0.84506,0.063601,0.0,default,-0.0377979,-0.0377979,"SVM-RBF(C=1.0,class_weight=balanced,gamma=scale)|w=none"
409,w2v,SW,,strided,20000,1-1,w2v,"dim=300,window=5,epochs=5,min_count=1",tfidf_mean,300,SVM-RBF,"{""C"": ""10.0"", ""class_weight"": ""None"", ""gamma"": ""0.1""}",none,0.849198,0.8435,0.948078,0.890989,0.893413,0.075485,0.0,default,-0.63580497,-0.63580497,"SVM-RBF(C=10.0,class_weight=None,gamma=0.1)|w=none"
410,w2v,SW,,strided,20000,1-1,w2v,"dim=300,window=5,epochs=5,min_count=1",mean,300,MLP,"{""alpha"": ""0.001"", ""early_stopping"": ""True"", ""hidden_layer_sizes"": ""(256, 128)"", ""learning_rate_init"": ""0.001""}",none,0.849014,0.843958,0.912572,0.865169,0.868062,0.066793,0.5,default,0.36506875,0.36506875,"MLP(alpha=0.001,early_stopping=True,hidden_layer_sizes=(256, 128),learning_rate_init=0.001)|w=none"
411,w2v,SW,,strided,5000,1-1,w2v,"dim=300,window=10,epochs=20,min_count=1",mean_max,300,RF,"{""class_weight"": ""balanced"", ""max_depth"": ""None"", ""min_samples_leaf"": ""1"", ""n_estimators"": ""600""}",none,0.848983,0.842521,0.97087,0.906108,0.906108,0.058951,0.5,default,0.21,0.21,"RF(class_weight=balanced,max_depth=None,min_samples_leaf=1,n_estimators=600)|w=none"
412,w2v,SW,,head,5000,1-1,w2v,"dim=300,window=5,epochs=5,min_count=1",tfidf_mean,300,MLP,"{""alpha"": ""0.001"", ""early_stopping"": ""True"", ""hidden_layer_sizes"": ""(256, 128)"", ""learning_rate_init"": ""0.001""}",none,0.848961,0.843468,0.885769,0.825446,0.825446,0.036669,0.5,default,0.28183711,0.28183711,"MLP(alpha=0.001,early_stopping=True,hidden_layer_sizes=(256, 128),learning_rate_init=0.001)|w=none"
413,w2v,SW,,head,20000,1-1,w2v,"dim=100,window=30,epochs=5,min_count=1",mean,100,SVM-RBF,"{""C"": ""1.0"", ""class_weight"": ""balanced"", ""gamma"": ""scale""}",none,0.848946,0.845916,0.883267,0.837877,0.841694,0.052794,0.0,default,-0.19054413,0.16079525,"SVM-RBF(C=1.0,class_weight=balanced,gamma=scale)|w=none"
414,w2v,SW,,strided,20000,1-1,w2v,"dim=100,window=30,epochs=5,min_count=1",tfidf_mean,100,RF,"{""class_weight"": ""balanced"", ""max_depth"": ""None"", ""min_samples_leaf"": ""1"", ""n_estimators"": ""600""}",none,0.848773,0.842208,0.967882,0.90229,0.90229,0.059254,0.5,default,0.16333333,0.17,"RF(class_weight=balanced,max_depth=None,min_samples_leaf=1,n_estimators=600)|w=none"
415,w2v,SW,,strided,20000,1-1,w2v,"dim=100,window=30,epochs=5,min_count=1",mean_max,100,SVM-RBF,"{""C"": ""10.0"", ""class_weight"": ""None"", ""gamma"": ""scale""}",class_arch,0.848719,0.843437,0.947663,0.866931,0.866931,0.058861,0.0,default,-0.82665734,-0.82665734,"SVM-RBF(C=10.0,class_weight=None,gamma=scale)|w=class_arch"
416,w2v,SW,,strided,20000,1-1,w2v,"dim=300,window=5,epochs=5,min_count=1",mean,300,SVM-RBF,"{""C"": ""1.0"", ""class_weight"": ""balanced"", ""gamma"": ""scale""}",none,0.848669,0.846687,0.886975,0.842267,0.842267,0.040564,0.0,default,-0.06926113,-0.06926113,"SVM-RBF(C=1.0,class_weight=balanced,gamma=scale)|w=none"
417,w2v,SW,,strided,5000,1-1,w2v,"dim=100,window=30,epochs=5,min_count=1",tfidf_mean,100,RF,"{""class_weight"": ""balanced"", ""max_depth"": ""20"", ""min_samples_leaf"": ""2"", ""n_estimators"": ""600""}",none,0.848497,0.842072,0.966335,0.895946,0.899848,0.067761,0.5,default,0.22593138,0.22593138,"RF(class_weight=balanced,max_depth=20,min_samples_leaf=2,n_estimators=600)|w=none"
418,w2v,SW,,strided,20000,1-1,w2v,"dim=300,window=5,epochs=5,min_count=1",mean_max,300,MLP,"{""alpha"": ""0.0001"", ""early_stopping"": ""True"", ""hidden_layer_sizes"": ""(500,)"", ""learning_rate_init"": ""0.001""}",class_arch,0.848395,0.84253,0.943395,0.865797,0.865797,0.042823,0.5,default,0.2394718,0.2394718,"MLP(alpha=0.0001,early_stopping=True,hidden_layer_sizes=(500,),learning_rate_init=0.001)|w=class_arch"
419,w2v,SW,,strided,5000,1-1,w2v,"dim=300,window=5,epochs=5,min_count=1",mean,300,RF,"{""class_weight"": ""balanced"", ""max_depth"": ""None"", ""min_samples_leaf"": ""1"", ""n_estimators"": ""600""}",none,0.848357,0.841864,0.966535,0.903111,0.903111,0.039457,0.5,default,0.185,0.185,"RF(class_weight=balanced,max_depth=None,min_samples_leaf=1,n_estimators=600)|w=none"
420,w2v,SW,,head,5000,1-1,w2v,"dim=300,window=10,epochs=20,min_count=1",mean,300,MLP,"{""alpha"": ""0.001"", ""early_stopping"": ""True"", ""hidden_layer_sizes"": ""(256, 128)"", ""learning_rate_init"": ""0.001""}",none,0.84833,0.842426,0.904633,0.888695,0.888695,0.046324,0.5,default,0.36069923,0.41428706,"MLP(alpha=0.001,early_stopping=True,hidden_layer_sizes=(256, 128),learning_rate_init=0.001)|w=none"
421,w2v,SW,,strided,5000,1-1,w2v,"dim=300,window=5,epochs=5,min_count=1",tfidf_mean,300,SVM-RBF,"{""C"": ""100.0"", ""class_weight"": ""balanced"", ""gamma"": ""scale""}",none,0.84833,0.842426,0.928689,0.870547,0.870547,0.084086,0.0,default,-0.80947822,-0.80947822,"SVM-RBF(C=100.0,class_weight=balanced,gamma=scale)|w=none"
422,w2v,SW,,head,20000,1-1,w2v,"dim=300,window=5,epochs=5,min_count=1",tfidf_mean,300,SVM-RBF,"{""C"": ""10.0"", ""class_weight"": ""None"", ""gamma"": ""scale""}",class_arch,0.84833,0.842426,0.909693,0.857092,0.857092,0.072201,0.0,default,-0.42347607,-0.42347607,"SVM-RBF(C=10.0,class_weight=None,gamma=scale)|w=class_arch"
423,w2v,SW,,strided,5000,1-1,w2v,"dim=100,window=30,epochs=5,min_count=1",tfidf_mean,100,SVM-RBF,"{""C"": ""1.0"", ""class_weight"": ""balanced"", ""gamma"": ""scale""}",none,0.848323,0.845155,0.904582,0.841256,0.845951,0.054088,0.0,default,-0.10087462,-0.10087462,"SVM-RBF(C=1.0,class_weight=balanced,gamma=scale)|w=none"
424,w2v,SW,,strided,5000,1-1,w2v,"dim=300,window=5,epochs=5,min_count=1",mean_max,300,RF,"{""class_weight"": ""None"", ""max_depth"": ""None"", ""min_samples_leaf"": ""1"", ""n_estimators"": ""1000""}",none,0.848074,0.841447,0.971321,0.903005,0.903005,0.046288,0.5,default,0.196,0.196,"RF(class_weight=None,max_depth=None,min_samples_leaf=1,n_estimators=1000)|w=none"
425,w2v,SW,,strided,20000,1-1,w2v,"dim=100,window=30,epochs=5,min_count=1",mean,100,MLP,"{""alpha"": ""0.0001"", ""early_stopping"": ""True"", ""hidden_layer_sizes"": ""(500,)"", ""learning_rate_init"": ""0.001""}",class_arch,0.847928,0.842852,0.90292,0.84537,0.846286,0.06034,0.5,default,0.38239989,0.40880545,"MLP(alpha=0.0001,early_stopping=True,hidden_layer_sizes=(500,),learning_rate_init=0.001)|w=class_arch"
426,tfidf,SW,,head,5000,1-3,tfidf,,,37877,LinearSVC,"{""C"": ""0.1"", ""class_weight"": ""None""}",class_arch,0.847731,0.841206,0.977356,0.92057,0.922406,0.092,0.0,default,-0.4995487,-0.2115926,"LinearSVC(C=0.1,class_weight=None)|w=class_arch"
427,w2v,SW,,strided,5000,1-1,w2v,"dim=100,window=30,epochs=5,min_count=1",mean_max,100,MLP,"{""alpha"": ""0.01"", ""early_stopping"": ""False"", ""hidden_layer_sizes"": ""(500,)"", ""learning_rate_init"": ""0.001""}",none,0.847663,0.841383,0.951698,0.901381,0.909649,0.058255,0.5,default,0.13021403,0.13021403,"MLP(alpha=0.01,early_stopping=False,hidden_layer_sizes=(500,),learning_rate_init=0.001)|w=none"
428,w2v,SW,,head,5000,1-1,w2v,"dim=100,window=30,epochs=5,min_count=1",mean,100,MLP,"{""alpha"": ""0.01"", ""early_stopping"": ""False"", ""hidden_layer_sizes"": ""(500,)"", ""learning_rate_init"": ""0.001""}",none,0.847649,0.841664,0.91792,0.887994,0.882671,0.047036,0.5,default,0.18342352,0.18342352,"MLP(alpha=0.01,early_stopping=False,hidden_layer_sizes=(500,),learning_rate_init=0.001)|w=none"
429,tfidf,SW,,strided,5000,1-3,tfidf,,,64244,LogReg,"{""C"": ""0.1"", ""class_weight"": ""None""}",none,0.847588,0.840998,0.961797,0.901618,0.90356,0.055407,0.5,default,0.43176255,0.44207544,"LogReg(C=0.1,class_weight=None)|w=none"
430,tfidf,SW,,strided,5000,1-1,tfidf,,,434,LogReg,"{""C"": ""1.0"", ""class_weight"": ""balanced""}",none,0.847554,0.841841,0.959796,0.887664,0.887664,0.02813,0.5,default,0.33375024,0.42872525,"LogReg(C=1.0,class_weight=balanced)|w=none"
431,w2v,SW,,head,5000,1-1,w2v,"dim=300,window=10,epochs=20,min_count=1",mean,300,SVM-RBF,"{""C"": ""100.0"", ""class_weight"": ""balanced"", ""gamma"": ""scale""}",none,0.847314,0.841143,0.881581,0.866723,0.86902,0.053306,0.0,default,-0.41704546,-0.41704546,"SVM-RBF(C=100.0,class_weight=balanced,gamma=scale)|w=none"
432,w2v,SW,,head,5000,1-1,w2v,"dim=100,window=5,epochs=5,min_count=1",mean,100,SVM-RBF,"{""C"": ""10.0"", ""class_weight"": ""balanced"", ""gamma"": ""scale""}",none,0.847097,0.841111,0.916195,0.881912,0.88173,0.036298,0.0,default,-0.29870144,-0.29870144,"SVM-RBF(C=10.0,class_weight=balanced,gamma=scale)|w=none"
433,w2v,SW,,head,20000,1-1,w2v,"dim=300,window=5,epochs=5,min_count=1",tfidf_mean,300,MLP,"{""alpha"": ""0.0001"", ""early_stopping"": ""True"", ""hidden_layer_sizes"": ""(500,)"", ""learning_rate_init"": ""0.001""}",class_arch,0.847069,0.841392,0.893072,0.871415,0.877762,0.080119,0.5,default,0.41778653,0.41778653,"MLP(alpha=0.0001,early_stopping=True,hidden_layer_sizes=(500,),learning_rate_init=0.001)|w=class_arch"
434,w2v,SW,,head,20000,1-1,w2v,"dim=300,window=5,epochs=5,min_count=1",mean,300,RF,"{""class_weight"": ""None"", ""max_depth"": ""None"", ""min_samples_leaf"": ""1"", ""n_estimators"": ""1000""}",none,0.847039,0.840726,0.965974,0.889833,0.889833,0.060319,0.5,default,0.15001562,0.15001562,"RF(class_weight=None,max_depth=None,min_samples_leaf=1,n_estimators=1000)|w=none"
435,w2v,SW,,strided,5000,1-1,w2v,"dim=300,window=10,epochs=20,min_count=1",tfidf_mean,300,MLP,"{""alpha"": ""0.01"", ""early_stopping"": ""False"", ""hidden_layer_sizes"": ""(500,)"", ""learning_rate_init"": ""0.001""}",none,0.846829,0.840694,0.930804,0.892079,0.890953,0.071613,0.5,default,0.13707812,0.18704873,"MLP(alpha=0.01,early_stopping=False,hidden_layer_sizes=(500,),learning_rate_init=0.001)|w=none"
436,w2v,SW,,strided,5000,1-1,w2v,"dim=300,window=5,epochs=5,min_count=1",mean_max,300,RF,"{""class_weight"": ""balanced"", ""max_depth"": ""20"", ""min_samples_leaf"": ""2"", ""n_estimators"": ""600""}",none,0.846616,0.8401,0.970799,0.905442,0.905442,0.049233,0.5,default,0.2168217,0.23138631,"RF(class_weight=balanced,max_depth=20,min_samples_leaf=2,n_estimators=600)|w=none"
437,w2v,SW,,head,5000,1-1,w2v,"dim=300,window=5,epochs=5,min_count=1",mean,300,SVM-RBF,"{""C"": ""10.0"", ""class_weight"": ""balanced"", ""gamma"": ""scale""}",none,0.846479,0.840454,0.914646,0.880564,0.880564,0.036326,0.0,default,-0.30275678,-0.30275678,"SVM-RBF(C=10.0,class_weight=balanced,gamma=scale)|w=none"
438,w2v,SW,,head,20000,1-1,w2v,"dim=300,window=5,epochs=5,min_count=1",tfidf_mean,300,SVM-RBF,"{""C"": ""10.0"", ""class_weight"": ""None"", ""gamma"": ""0.1""}",none,0.846343,0.840245,0.93519,0.90514,0.90514,0.080916,0.0,default,-0.51615261,-0.51615261,"SVM-RBF(C=10.0,class_weight=None,gamma=0.1)|w=none"
439,w2v,SW,,strided,20000,1-1,w2v,"dim=100,window=30,epochs=5,min_count=1",tfidf_mean,100,SVM-RBF,"{""C"": ""10.0"", ""class_weight"": ""None"", ""gamma"": ""0.1""}",none,0.846273,0.83986,0.928742,0.903304,0.903304,0.109179,0.0,default,-0.88707482,-0.88707482,"SVM-RBF(C=10.0,class_weight=None,gamma=0.1)|w=none"
440,w2v,SW,,head,5000,1-1,w2v,"dim=300,window=30,epochs=5,min_count=1",tfidf_mean,300,MLP,"{""alpha"": ""0.001"", ""early_stopping"": ""True"", ""hidden_layer_sizes"": ""(256, 128)"", ""learning_rate_init"": ""0.001""}",none,0.846128,0.840213,0.892214,0.856784,0.856784,0.06201,0.5,default,0.19967632,0.19967632,"MLP(alpha=0.001,early_stopping=True,hidden_layer_sizes=(256, 128),learning_rate_init=0.001)|w=none"
441,w2v,SW,,strided,5000,1-1,w2v,"dim=300,window=5,epochs=5,min_count=1",mean_max,300,SVM-RBF,"{""C"": ""10.0"", ""class_weight"": ""None"", ""gamma"": ""scale""}",class_arch,0.84579,0.839692,0.956532,0.904777,0.904777,0.05261,0.0,default,-0.53738976,-0.53738976,"SVM-RBF(C=10.0,class_weight=None,gamma=scale)|w=class_arch"
442,w2v,SW,,strided,5000,1-1,w2v,"dim=100,window=30,epochs=5,min_count=1",tfidf_mean,100,RF,"{""class_weight"": ""None"", ""max_depth"": ""None"", ""min_samples_leaf"": ""1"", ""n_estimators"": ""1000""}",none,0.845645,0.839203,0.968636,0.903402,0.903815,0.071666,0.5,default,0.19801563,0.231,"RF(class_weight=None,max_depth=None,min_samples_leaf=1,n_estimators=1000)|w=none"
443,w2v,SW,,head,20000,1-1,w2v,"dim=100,window=30,epochs=5,min_count=1",mean_max,100,SVM-RBF,"{""C"": ""1.0"", ""class_weight"": ""balanced"", ""gamma"": ""scale""}",none,0.845448,0.840503,0.921807,0.855202,0.855202,0.05896,0.0,default,-0.25714738,-0.25714738,"SVM-RBF(C=1.0,class_weight=balanced,gamma=scale)|w=none"
444,w2v,SW,,head,20000,1-1,w2v,"dim=100,window=30,epochs=5,min_count=1",mean_max,100,LogReg,"{""C"": ""1.0"", ""class_weight"": ""balanced""}",none,0.845374,0.839348,0.906663,0.842965,0.84429,0.085091,0.5,default,0.29584434,0.29584434,"LogReg(C=1.0,class_weight=balanced)|w=none"
445,w2v,SW,,strided,5000,1-1,w2v,"dim=300,window=5,epochs=5,min_count=1",tfidf_mean,300,SVM-RBF,"{""C"": ""1.0"", ""class_weight"": ""balanced"", ""gamma"": ""scale""}",none,0.845135,0.841836,0.900774,0.872171,0.872171,0.045472,0.0,default,-0.13989076,-0.13989076,"SVM-RBF(C=1.0,class_weight=balanced,gamma=scale)|w=none"
446,tfidf,SW,,strided,5000,1-3,tfidf,,,64244,LinearSVC,"{""C"": ""0.01"", ""class_weight"": ""None""}",none,0.845058,0.838368,0.961462,0.897435,0.899397,0.058247,0.0,default,-0.10360921,-0.10360921,"LinearSVC(C=0.01,class_weight=None)|w=none"
447,tfidf,SW,,strided,50000,1-1,tfidf,,,553,LinearSVC,"{""C"": ""0.1"", ""class_weight"": ""None""}",class_arch,0.844872,0.83918,0.96547,0.903837,0.902671,0.052808,0.0,default,-0.32691853,-0.32691853,"LinearSVC(C=0.1,class_weight=None)|w=class_arch"
448,w2v,SW,,head,5000,1-1,w2v,"dim=300,window=30,epochs=5,min_count=1",tfidf_mean,300,MLP,"{""alpha"": ""0.0001"", ""early_stopping"": ""True"", ""hidden_layer_sizes"": ""(500,)"", ""learning_rate_init"": ""0.001""}",class_arch,0.84482,0.838794,0.907024,0.868208,0.876418,0.053316,0.5,default,0.34077836,0.34077836,"MLP(alpha=0.0001,early_stopping=True,hidden_layer_sizes=(500,),learning_rate_init=0.001)|w=class_arch"
449,w2v,SW,,head,20000,1-1,w2v,"dim=100,window=30,epochs=5,min_count=1",mean_max,100,MLP,"{""alpha"": ""0.001"", ""early_stopping"": ""True"", ""hidden_layer_sizes"": ""(256, 128)"", ""learning_rate_init"": ""0.001""}",none,0.844647,0.839148,0.922393,0.831867,0.833277,0.075838,0.5,default,0.37068878,0.37068878,"MLP(alpha=0.001,early_stopping=True,hidden_layer_sizes=(256, 128),learning_rate_init=0.001)|w=none"
450,w2v,SW,,head,20000,1-1,w2v,"dim=300,window=5,epochs=5,min_count=1",mean_max,300,RF,"{""class_weight"": ""balanced"", ""max_depth"": ""20"", ""min_samples_leaf"": ""2"", ""n_estimators"": ""600""}",none,0.844647,0.838024,0.975953,0.932229,0.932229,0.069935,0.5,default,0.29752865,0.29752865,"RF(class_weight=balanced,max_depth=20,min_samples_leaf=2,n_estimators=600)|w=none"
451,w2v,SW,,head,5000,1-1,w2v,"dim=200,window=10,epochs=10,min_count=5",mean,200,SVM-RBF,"{""C"": ""100.0"", ""class_weight"": ""balanced"", ""gamma"": ""scale""}",none,0.844543,0.838377,0.884553,0.870531,0.870531,0.051253,0.0,default,-0.35828501,-0.35828501,"SVM-RBF(C=100.0,class_weight=balanced,gamma=scale)|w=none"
452,tfidf,SW,,head,50000,1-1,tfidf,,,532,LogReg,"{""C"": ""1.0"", ""class_weight"": ""None""}",class_arch,0.84454,0.838658,0.963883,0.907614,0.907614,0.047968,0.5,default,0.28514386,0.28514386,"LogReg(C=1.0,class_weight=None)|w=class_arch"
453,tfidf,SW,,head,50000,1-1,tfidf,,,532,LinearSVC,"{""C"": ""0.1"", ""class_weight"": ""None""}",class_arch,0.84454,0.838658,0.966786,0.918292,0.910642,0.048979,0.0,default,-0.3480451,-0.3480451,"LinearSVC(C=0.1,class_weight=None)|w=class_arch"
454,tfidf,SW,,strided,50000,1-1,tfidf,,,553,LogReg,"{""C"": ""1.0"", ""class_weight"": ""None""}",class_arch,0.844453,0.838835,0.963576,0.90479,0.90671,0.05183,0.5,default,0.29378001,0.29378001,"LogReg(C=1.0,class_weight=None)|w=class_arch"
455,w2v,SW,,strided,5000,1-1,w2v,"dim=300,window=5,epochs=5,min_count=1",mean,300,SVM-RBF,"{""C"": ""1.0"", ""class_weight"": ""balanced"", ""gamma"": ""scale""}",none,0.844408,0.84146,0.886426,0.841125,0.841125,0.047152,0.0,default,-0.24617983,-0.24617983,"SVM-RBF(C=1.0,class_weight=balanced,gamma=scale)|w=none"
456,w2v,SW,,strided,5000,1-1,w2v,"dim=300,window=5,epochs=5,min_count=1",mean,300,MLP,"{""alpha"": ""0.0001"", ""early_stopping"": ""True"", ""hidden_layer_sizes"": ""(500,)"", ""learning_rate_init"": ""0.001""}",class_arch,0.844347,0.839782,0.904724,0.797568,0.819819,0.062668,0.5,default,0.45556419,0.51732555,"MLP(alpha=0.0001,early_stopping=True,hidden_layer_sizes=(500,),learning_rate_init=0.001)|w=class_arch"
457,w2v,SW,,head,5000,1-1,w2v,"dim=200,window=10,epochs=10,min_count=5",tfidf_mean,200,MLP,"{""alpha"": ""0.01"", ""early_stopping"": ""False"", ""hidden_layer_sizes"": ""(500,)"", ""learning_rate_init"": ""0.001""}",none,0.844267,0.838241,0.902518,0.88041,0.88041,0.052958,0.5,default,0.21384408,0.21384408,"MLP(alpha=0.01,early_stopping=False,hidden_layer_sizes=(500,),learning_rate_init=0.001)|w=none"
458,w2v,SW,,head,5000,1-1,w2v,"dim=200,window=10,epochs=10,min_count=5",tfidf_mean,200,MLP,"{""alpha"": ""0.0001"", ""early_stopping"": ""True"", ""hidden_layer_sizes"": ""(500,)"", ""learning_rate_init"": ""0.001""}",class_arch,0.844256,0.838522,0.908852,0.85353,0.85353,0.020713,0.5,default,0.2707232,0.2707232,"MLP(alpha=0.0001,early_stopping=True,hidden_layer_sizes=(500,),learning_rate_init=0.001)|w=class_arch"
459,w2v,SW,,head,20000,1-1,w2v,"dim=100,window=30,epochs=5,min_count=1",mean_max,100,MLP,"{""alpha"": ""0.0001"", ""early_stopping"": ""True"", ""hidden_layer_sizes"": ""(500,)"", ""learning_rate_init"": ""0.001""}",none,0.844189,0.838418,0.931545,0.8903,0.89121,0.10732,0.5,default,0.34815102,0.34815102,"MLP(alpha=0.0001,early_stopping=True,hidden_layer_sizes=(500,),learning_rate_init=0.001)|w=none"
460,w2v,SW,,head,20000,1-1,w2v,"dim=100,window=30,epochs=5,min_count=1",mean,100,SVM-RBF,"{""C"": ""10.0"", ""class_weight"": ""None"", ""gamma"": ""0.1""}",none,0.843918,0.83772,0.914758,0.877015,0.877015,0.083667,0.0,default,-0.73135534,-0.61658895,"SVM-RBF(C=10.0,class_weight=None,gamma=0.1)|w=none"
461,w2v,SW,,strided,5000,1-1,w2v,"dim=100,window=30,epochs=5,min_count=1",tfidf_mean,100,RF,"{""class_weight"": ""balanced"", ""max_depth"": ""None"", ""min_samples_leaf"": ""1"", ""n_estimators"": ""600""}",none,0.843559,0.837199,0.967707,0.912486,0.908735,0.075922,0.5,default,0.16916667,0.21942057,"RF(class_weight=balanced,max_depth=None,min_samples_leaf=1,n_estimators=600)|w=none"
462,w2v,SW,,head,5000,1-1,w2v,"dim=300,window=10,epochs=20,min_count=1",mean,300,MLP,"{""alpha"": ""0.01"", ""early_stopping"": ""False"", ""hidden_layer_sizes"": ""(500,)"", ""learning_rate_init"": ""0.001""}",none,0.843504,0.837375,0.906303,0.854722,0.872095,0.053805,0.5,default,0.29396506,0.29396506,"MLP(alpha=0.01,early_stopping=False,hidden_layer_sizes=(500,),learning_rate_init=0.001)|w=none"
463,w2v,SW,,head,5000,1-1,w2v,"dim=200,window=10,epochs=10,min_count=5",mean,200,SVM-RBF,"{""C"": ""10.0"", ""class_weight"": ""None"", ""gamma"": ""0.1""}",none,0.84329,0.837063,0.926804,0.892999,0.890288,0.057606,0.0,default,-0.79143638,-0.79143638,"SVM-RBF(C=10.0,class_weight=None,gamma=0.1)|w=none"
464,w2v,SW,,strided,5000,1-1,w2v,"dim=100,window=30,epochs=5,min_count=1",mean,100,SVM-RBF,"{""C"": ""10.0"", ""class_weight"": ""None"", ""gamma"": ""scale""}",class_arch,0.842902,0.837665,0.93544,0.884705,0.887589,0.072602,0.0,default,-0.3134728,-0.3134728,"SVM-RBF(C=10.0,class_weight=None,gamma=scale)|w=class_arch"
465,w2v,SW,,strided,5000,1-1,w2v,"dim=300,window=10,epochs=20,min_count=1",mean,300,SVM-RBF,"{""C"": ""1.0"", ""class_weight"": ""balanced"", ""gamma"": ""scale""}",none,0.842795,0.840394,0.876288,0.828658,0.826041,0.049562,0.0,default,-0.35537515,-0.35537515,"SVM-RBF(C=1.0,class_weight=balanced,gamma=scale)|w=none"
466,w2v,SW,,head,5000,1-1,w2v,"dim=100,window=30,epochs=5,min_count=1",tfidf_mean,100,MLP,"{""alpha"": ""0.01"", ""early_stopping"": ""False"", ""hidden_layer_sizes"": ""(500,)"", ""learning_rate_init"": ""0.001""}",none,0.842464,0.836374,0.930439,0.88097,0.88097,0.062633,0.5,default,0.1119575,0.1119575,"MLP(alpha=0.01,early_stopping=False,hidden_layer_sizes=(500,),learning_rate_init=0.001)|w=none"
467,w2v,SW,,strided,5000,1-1,w2v,"dim=100,window=30,epochs=5,min_count=1",mean_max,100,MLP,"{""alpha"": ""0.0001"", ""early_stopping"": ""True"", ""hidden_layer_sizes"": ""(500,)"", ""learning_rate_init"": ""0.001""}",class_arch,0.842386,0.836831,0.925668,0.805706,0.825122,0.109102,0.5,default,0.25582992,0.28719563,"MLP(alpha=0.0001,early_stopping=True,hidden_layer_sizes=(500,),learning_rate_init=0.001)|w=class_arch"
468,tfidf,SW,,head,5000,1-3,tfidf,,,37877,LinearSVC,"{""C"": ""0.01"", ""class_weight"": ""None""}",none,0.842326,0.835707,0.968524,0.911428,0.90445,0.092078,0.0,default,-0.12369406,-0.12369406,"LinearSVC(C=0.01,class_weight=None)|w=none"
469,w2v,SW,,head,20000,1-1,w2v,"dim=300,window=5,epochs=5,min_count=1",mean,300,SVM-RBF,"{""C"": ""1.0"", ""class_weight"": ""balanced"", ""gamma"": ""scale""}",none,0.842236,0.839143,0.885209,0.827962,0.832422,0.057677,0.0,default,-0.12217616,0.23964901,"SVM-RBF(C=1.0,class_weight=balanced,gamma=scale)|w=none"
470,w2v,SW,,strided,5000,1-1,w2v,"dim=100,window=30,epochs=5,min_count=1",mean,100,MLP,"{""alpha"": ""0.001"", ""early_stopping"": ""True"", ""hidden_layer_sizes"": ""(256, 128)"", ""learning_rate_init"": ""0.001""}",none,0.842064,0.837362,0.905812,0.84059,0.84059,0.053144,0.5,default,0.37795041,0.37795041,"MLP(alpha=0.001,early_stopping=True,hidden_layer_sizes=(256, 128),learning_rate_init=0.001)|w=none"
471,tfidf,SW,,strided,20000,1-1,tfidf,,,515,LogReg,"{""C"": ""1.0"", ""class_weight"": ""None""}",class_arch,0.841983,0.836206,0.963001,0.895849,0.895849,0.052757,0.5,default,0.26416612,0.26416612,"LogReg(C=1.0,class_weight=None)|w=class_arch"
472,w2v,SW,,strided,20000,1-1,w2v,"dim=100,window=30,epochs=5,min_count=1",mean_max,100,RF,"{""class_weight"": ""None"", ""max_depth"": ""None"", ""min_samples_leaf"": ""1"", ""n_estimators"": ""1000""}",none,0.841917,0.835363,0.97608,0.914763,0.914763,0.076089,0.5,default,0.224,0.224,"RF(class_weight=None,max_depth=None,min_samples_leaf=1,n_estimators=1000)|w=none"
473,tfidf,SW,,strided,20000,1-1,tfidf,,,515,LinearSVC,"{""C"": ""0.1"", ""class_weight"": ""None""}",class_arch,0.841845,0.835997,0.964938,0.902482,0.902147,0.051339,0.0,default,-0.427209,-0.2453116,"LinearSVC(C=0.1,class_weight=None)|w=class_arch"
474,w2v,SW,,head,5000,1-1,w2v,"dim=100,window=5,epochs=5,min_count=1",tfidf_mean,100,SVM-RBF,"{""C"": ""10.0"", ""class_weight"": ""balanced"", ""gamma"": ""scale""}",none,0.841706,0.835789,0.931924,0.874412,0.88111,0.042534,0.0,default,-0.430283,-0.430283,"SVM-RBF(C=10.0,class_weight=balanced,gamma=scale)|w=none"
475,w2v,SW,,head,5000,1-1,w2v,"dim=100,window=30,epochs=5,min_count=1",tfidf_mean,100,SVM-RBF,"{""C"": ""10.0"", ""class_weight"": ""balanced"", ""gamma"": ""scale""}",none,0.841495,0.835476,0.937871,0.896013,0.896994,0.053406,0.0,default,-0.58151666,-0.58151666,"SVM-RBF(C=10.0,class_weight=balanced,gamma=scale)|w=none"
476,w2v,SW,,strided,5000,1-1,w2v,"dim=100,window=30,epochs=5,min_count=1",mean,100,SVM-RBF,"{""C"": ""10.0"", ""class_weight"": ""None"", ""gamma"": ""0.1""}",none,0.841424,0.835372,0.925348,0.898857,0.898857,0.061777,0.0,default,-0.65701983,-0.50125877,"SVM-RBF(C=10.0,class_weight=None,gamma=0.1)|w=none"
477,w2v,SW,,strided,20000,1-1,w2v,"dim=100,window=30,epochs=5,min_count=1",mean_max,100,MLP,"{""alpha"": ""0.0001"", ""early_stopping"": ""True"", ""hidden_layer_sizes"": ""(500,)"", ""learning_rate_init"": ""0.001""}",class_arch,0.841032,0.835974,0.925099,0.852656,0.848827,0.048094,0.5,default,0.17208602,0.38964683,"MLP(alpha=0.0001,early_stopping=True,hidden_layer_sizes=(500,),learning_rate_init=0.001)|w=class_arch"
478,w2v,SW,,strided,20000,1-1,w2v,"dim=300,window=5,epochs=5,min_count=1",mean,300,LogReg,"{""C"": ""1.0"", ""class_weight"": ""balanced""}",none,0.840983,0.83713,0.917008,0.876952,0.876952,0.043824,0.5,default,0.44796946,0.46241709,"LogReg(C=1.0,class_weight=balanced)|w=none"
479,tfidf,SW,,strided,50000,1-2,tfidf,,,18667,LinearSVC,"{""C"": ""0.1"", ""class_weight"": ""None""}",class_arch,0.840914,0.834642,0.982512,0.92903,0.930444,0.063985,0.0,default,-0.36051639,-0.15566759,"LinearSVC(C=0.1,class_weight=None)|w=class_arch"
480,w2v,SW,,head,20000,1-1,w2v,"dim=300,window=5,epochs=5,min_count=1",mean_max,300,RF,"{""class_weight"": ""balanced"", ""max_depth"": ""None"", ""min_samples_leaf"": ""1"", ""n_estimators"": ""600""}",none,0.840638,0.834048,0.975432,0.933697,0.933697,0.064877,0.5,default,0.29854167,0.29854167,"RF(class_weight=balanced,max_depth=None,min_samples_leaf=1,n_estimators=600)|w=none"
481,w2v,SW,,head,5000,1-1,w2v,"dim=100,window=30,epochs=5,min_count=1",tfidf_mean,100,LogReg,"{""C"": ""1.0"", ""class_weight"": ""balanced""}",none,0.840496,0.835807,0.908078,0.833156,0.833156,0.046194,0.5,default,0.42864371,0.42864371,"LogReg(C=1.0,class_weight=balanced)|w=none"
482,w2v,SW,,head,5000,1-1,w2v,"dim=300,window=5,epochs=5,min_count=1",tfidf_mean,300,SVM-RBF,"{""C"": ""10.0"", ""class_weight"": ""balanced"", ""gamma"": ""scale""}",none,0.840114,0.834234,0.931541,0.876329,0.88111,0.04272,0.0,default,-0.39953029,-0.39953029,"SVM-RBF(C=10.0,class_weight=balanced,gamma=scale)|w=none"
483,w2v,SW,,head,5000,1-1,w2v,"dim=100,window=30,epochs=5,min_count=1",tfidf_mean,100,MLP,"{""alpha"": ""0.0001"", ""early_stopping"": ""True"", ""hidden_layer_sizes"": ""(500,)"", ""learning_rate_init"": ""0.001""}",none,0.839488,0.833576,0.897974,0.835545,0.835545,0.051275,0.5,default,0.32109254,0.32109254,"MLP(alpha=0.0001,early_stopping=True,hidden_layer_sizes=(500,),learning_rate_init=0.001)|w=none"
484,w2v,SW,,head,5000,1-1,w2v,"dim=100,window=5,epochs=5,min_count=1",tfidf_mean,100,MLP,"{""alpha"": ""0.001"", ""early_stopping"": ""True"", ""hidden_layer_sizes"": ""(256, 128)"", ""learning_rate_init"": ""0.001""}",none,0.839218,0.83344,0.895443,0.853238,0.853238,0.041158,0.5,default,0.33344764,0.33344764,"MLP(alpha=0.001,early_stopping=True,hidden_layer_sizes=(256, 128),learning_rate_init=0.001)|w=none"
485,w2v,SW,,strided,20000,1-1,w2v,"dim=100,window=30,epochs=5,min_count=1",mean_max,100,SVM-RBF,"{""C"": ""10.0"", ""class_weight"": ""balanced"", ""gamma"": ""scale""}",none,0.839134,0.833898,0.962869,0.916483,0.916483,0.102194,0.0,default,-0.71562866,-0.71562866,"SVM-RBF(C=10.0,class_weight=balanced,gamma=scale)|w=none"
486,w2v,SW,,strided,20000,1-1,w2v,"dim=300,window=5,epochs=5,min_count=1",mean,300,SVM-RBF,"{""C"": ""10.0"", ""class_weight"": ""None"", ""gamma"": ""0.1""}",none,0.838944,0.833304,0.943711,0.899863,0.899863,0.093193,0.0,default,-0.55312558,-0.55312558,"SVM-RBF(C=10.0,class_weight=None,gamma=0.1)|w=none"
487,tfidf,SW,,strided,5000,1-1,tfidf,,,434,LogReg,"{""C"": ""1.0"", ""class_weight"": ""None""}",none,0.838861,0.832919,0.959763,0.886585,0.886585,0.025155,0.5,default,0.29882932,0.39023093,"LogReg(C=1.0,class_weight=None)|w=none"
488,w2v,SW,,strided,5000,1-1,w2v,"dim=300,window=5,epochs=5,min_count=1",mean,300,MLP,"{""alpha"": ""0.01"", ""early_stopping"": ""False"", ""hidden_layer_sizes"": ""(500,)"", ""learning_rate_init"": ""0.001""}",none,0.838802,0.833377,0.92288,0.86229,0.864235,0.062101,0.5,default,0.37270219,0.37270219,"MLP(alpha=0.01,early_stopping=False,hidden_layer_sizes=(500,),learning_rate_init=0.001)|w=none"
489,w2v,SW,,head,20000,1-1,w2v,"dim=300,window=5,epochs=5,min_count=1",mean,300,RF,"{""class_weight"": ""balanced"", ""max_depth"": ""None"", ""min_samples_leaf"": ""1"", ""n_estimators"": ""600""}",none,0.838677,0.832429,0.965731,0.886474,0.886474,0.055631,0.5,default,0.13333333,0.13333333,"RF(class_weight=balanced,max_depth=None,min_samples_leaf=1,n_estimators=600)|w=none"
490,w2v,SW,,head,5000,1-1,w2v,"dim=300,window=10,epochs=20,min_count=1",mean,300,SVM-RBF,"{""C"": ""10.0"", ""class_weight"": ""None"", ""gamma"": ""scale""}",class_arch,0.838038,0.83223,0.902504,0.831381,0.814895,0.047576,0.0,default,-0.62382448,-0.35701703,"SVM-RBF(C=10.0,class_weight=None,gamma=scale)|w=class_arch"
491,w2v,SW,,head,5000,1-1,w2v,"dim=300,window=5,epochs=5,min_count=1",mean,300,SVM-RBF,"{""C"": ""100.0"", ""class_weight"": ""balanced"", ""gamma"": ""scale""}",none,0.83786,0.83174,0.883057,0.872583,0.872007,0.047362,0.0,default,-0.40447624,-0.40447624,"SVM-RBF(C=100.0,class_weight=balanced,gamma=scale)|w=none"
492,w2v,SW,,head,5000,1-1,w2v,"dim=300,window=30,epochs=5,min_count=1",mean,300,MLP,"{""alpha"": ""0.0001"", ""early_stopping"": ""True"", ""hidden_layer_sizes"": ""(500,)"", ""learning_rate_init"": ""0.001""}",none,0.837821,0.831917,0.894492,0.841026,0.841026,0.042793,0.5,default,0.29244734,0.29244734,"MLP(alpha=0.0001,early_stopping=True,hidden_layer_sizes=(500,),learning_rate_init=0.001)|w=none"
493,w2v,SW,,head,5000,1-1,w2v,"dim=100,window=5,epochs=5,min_count=1",mean,100,MLP,"{""alpha"": ""0.0001"", ""early_stopping"": ""True"", ""hidden_layer_sizes"": ""(500,)"", ""learning_rate_init"": ""0.001""}",none,0.837483,0.831677,0.884098,0.839261,0.832834,0.042972,0.5,default,0.36747741,0.36747741,"MLP(alpha=0.0001,early_stopping=True,hidden_layer_sizes=(500,),learning_rate_init=0.001)|w=none"
494,w2v,SW,,strided,20000,1-1,w2v,"dim=100,window=30,epochs=5,min_count=1",mean,100,SVM-RBF,"{""C"": ""100.0"", ""class_weight"": ""balanced"", ""gamma"": ""scale""}",none,0.83741,0.831572,0.944808,0.884278,0.892511,0.077297,0.0,default,-0.5375958,-0.5375958,"SVM-RBF(C=100.0,class_weight=balanced,gamma=scale)|w=none"
495,w2v,SW,,strided,5000,1-1,w2v,"dim=100,window=30,epochs=5,min_count=1",mean_max,100,RF,"{""class_weight"": ""None"", ""max_depth"": ""None"", ""min_samples_leaf"": ""1"", ""n_estimators"": ""1000""}",none,0.837245,0.830906,0.968934,0.926767,0.910479,0.07218,0.5,default,0.23289453,0.23289453,"RF(class_weight=None,max_depth=None,min_samples_leaf=1,n_estimators=1000)|w=none"
496,w2v,SW,,head,5000,1-1,w2v,"dim=300,window=5,epochs=5,min_count=1",tfidf_mean,300,SVM-RBF,"{""C"": ""10.0"", ""class_weight"": ""None"", ""gamma"": ""0.1""}",none,0.836918,0.830666,0.938879,0.889954,0.889954,0.05925,0.0,default,-0.52551965,-0.52551965,"SVM-RBF(C=10.0,class_weight=None,gamma=0.1)|w=none"
497,w2v,SW,,head,5000,1-1,w2v,"dim=300,window=5,epochs=5,min_count=1",tfidf_mean,300,RF,"{""class_weight"": ""balanced"", ""max_depth"": ""20"", ""min_samples_leaf"": ""2"", ""n_estimators"": ""600""}",none,0.836761,0.830457,0.956469,0.908792,0.908792,0.053176,0.5,default,0.19778789,0.19778789,"RF(class_weight=balanced,max_depth=20,min_samples_leaf=2,n_estimators=600)|w=none"
498,w2v,SW,,head,20000,1-1,w2v,"dim=300,window=5,epochs=5,min_count=1",mean,300,RF,"{""class_weight"": ""balanced"", ""max_depth"": ""20"", ""min_samples_leaf"": ""2"", ""n_estimators"": ""600""}",none,0.836511,0.830321,0.96422,0.882686,0.883727,0.070821,0.5,default,0.14023205,0.30848794,"RF(class_weight=balanced,max_depth=20,min_samples_leaf=2,n_estimators=600)|w=none"
499,w2v,SW,,head,5000,1-1,w2v,"dim=100,window=5,epochs=5,min_count=1",tfidf_mean,100,SVM-RBF,"{""C"": ""10.0"", ""class_weight"": ""None"", ""gamma"": ""0.1""}",none,0.836434,0.830217,0.939046,0.886234,0.889886,0.056715,0.0,default,-0.42606275,-0.42606275,"SVM-RBF(C=10.0,class_weight=None,gamma=0.1)|w=none"
500,w2v,SW,,strided,5000,1-1,w2v,"dim=300,window=5,epochs=5,min_count=1",mean_max,300,RF,"{""class_weight"": ""balanced"", ""max_depth"": ""None"", ""min_samples_leaf"": ""1"", ""n_estimators"": ""600""}",none,0.836283,0.829832,0.970656,0.905514,0.905514,0.044705,0.5,default,0.20666667,0.20666667,"RF(class_weight=balanced,max_depth=None,min_samples_leaf=1,n_estimators=600)|w=none"
501,tfidf,SW,,strided,5000,1-1,tfidf,,,434,LogReg,"{""C"": ""0.1"", ""class_weight"": ""balanced""}",none,0.836253,0.830924,0.934158,0.860953,0.860953,0.021965,0.5,default,0.46312781,0.46312781,"LogReg(C=0.1,class_weight=balanced)|w=none"
502,w2v,SW,,strided,5000,1-1,w2v,"dim=100,window=30,epochs=5,min_count=1",mean_max,100,RF,"{""class_weight"": ""balanced"", ""max_depth"": ""None"", ""min_samples_leaf"": ""1"", ""n_estimators"": ""600""}",none,0.836199,0.829904,0.968374,0.926767,0.926767,0.070174,0.5,default,0.22335937,0.24333333,"RF(class_weight=balanced,max_depth=None,min_samples_leaf=1,n_estimators=600)|w=none"
503,tokenizer,WPC,500,head,5000,1-2,tfidf,,,1172,LogReg,"{""C"": ""1.0"", ""class_weight"": ""balanced""}",none,0.836173,0.831101,0.915335,0.828802,0.818561,0.075072,0.5,default,0.31225907,0.31225907,"LogReg(C=1.0,class_weight=balanced)|w=none"
504,w2v,SW,,head,20000,1-1,w2v,"dim=100,window=30,epochs=5,min_count=1",tfidf_mean,100,SVM-RBF,"{""C"": ""10.0"", ""class_weight"": ""None"", ""gamma"": ""scale""}",class_arch,0.836076,0.830153,0.925099,0.881564,0.881564,0.081615,0.0,default,-0.47138928,-0.38912371,"SVM-RBF(C=10.0,class_weight=None,gamma=scale)|w=class_arch"
505,tfidf,SW,,strided,20000,1-2,tfidf,,,15832,LogReg,"{""C"": ""0.1"", ""class_weight"": ""None""}",none,0.836002,0.830049,0.96781,0.917602,0.917602,0.048017,0.5,default,0.39294799,0.39294799,"LogReg(C=0.1,class_weight=None)|w=none"
506,w2v,SW,,head,5000,1-1,w2v,"dim=100,window=5,epochs=5,min_count=1",mean_max,100,MLP,"{""alpha"": ""0.001"", ""early_stopping"": ""True"", ""hidden_layer_sizes"": ""(256, 128)"", ""learning_rate_init"": ""0.001""}",none,0.835977,0.830507,0.911698,0.837694,0.837694,0.056844,0.5,default,0.38815134,0.38815134,"MLP(alpha=0.001,early_stopping=True,hidden_layer_sizes=(256, 128),learning_rate_init=0.001)|w=none"
507,w2v,SW,,head,5000,1-1,w2v,"dim=100,window=5,epochs=5,min_count=1",tfidf_mean,100,MLP,"{""alpha"": ""0.01"", ""early_stopping"": ""False"", ""hidden_layer_sizes"": ""(500,)"", ""learning_rate_init"": ""0.001""}",none,0.835926,0.829945,0.899151,0.845036,0.840661,0.057283,0.5,default,0.17069019,0.17069019,"MLP(alpha=0.01,early_stopping=False,hidden_layer_sizes=(500,),learning_rate_init=0.001)|w=none"
508,w2v,SW,,strided,5000,1-1,w2v,"dim=300,window=10,epochs=20,min_count=1",mean,300,SVM-RBF,"{""C"": ""100.0"", ""class_weight"": ""balanced"", ""gamma"": ""scale""}",none,0.835742,0.829913,0.927679,0.883201,0.883201,0.079539,0.0,default,-0.47944505,-0.47944505,"SVM-RBF(C=100.0,class_weight=balanced,gamma=scale)|w=none"
509,w2v,SW,,head,20000,1-1,w2v,"dim=100,window=30,epochs=5,min_count=1",mean,100,RF,"{""class_weight"": ""balanced"", ""max_depth"": ""20"", ""min_samples_leaf"": ""2"", ""n_estimators"": ""600""}",none,0.835476,0.829143,0.961412,0.887985,0.869052,0.078995,0.5,default,0.16408394,0.16408394,"RF(class_weight=balanced,max_depth=20,min_samples_leaf=2,n_estimators=600)|w=none"
510,w2v,SW,,head,5000,1-1,w2v,"dim=300,window=30,epochs=5,min_count=1",tfidf_mean,300,LogReg,"{""C"": ""1.0"", ""class_weight"": ""balanced""}",none,0.835367,0.830797,0.90197,0.828443,0.828443,0.05367,0.5,default,0.44462692,0.44462692,"LogReg(C=1.0,class_weight=balanced)|w=none"
511,w2v,SW,,head,5000,1-1,w2v,"dim=300,window=10,epochs=20,min_count=1",tfidf_mean,300,LogReg,"{""C"": ""1.0"", ""class_weight"": ""balanced""}",none,0.835367,0.830797,0.90294,0.831127,0.831127,0.040952,0.5,default,0.43389731,0.43389731,"LogReg(C=1.0,class_weight=balanced)|w=none"
512,w2v,SW,,strided,20000,1-1,w2v,"dim=100,window=30,epochs=5,min_count=1",mean,100,SVM-RBF,"{""C"": ""1.0"", ""class_weight"": ""balanced"", ""gamma"": ""scale""}",none,0.835244,0.83363,0.88248,0.806924,0.806924,0.052203,0.0,default,0.15740964,0.15740964,"SVM-RBF(C=1.0,class_weight=balanced,gamma=scale)|w=none"
513,tfidf,SW,,strided,50000,1-2,tfidf,,,18667,LogReg,"{""C"": ""0.1"", ""class_weight"": ""None""}",none,0.83496,0.829047,0.967704,0.913637,0.915112,0.04708,0.5,default,0.39126658,0.39126658,"LogReg(C=0.1,class_weight=None)|w=none"
514,w2v,SW,,head,20000,1-1,w2v,"dim=300,window=5,epochs=5,min_count=1",mean_max,300,RF,"{""class_weight"": ""None"", ""max_depth"": ""None"", ""min_samples_leaf"": ""1"", ""n_estimators"": ""1000""}",none,0.83482,0.828308,0.977156,0.929662,0.907005,0.06404,0.5,default,0.295,0.295,"RF(class_weight=None,max_depth=None,min_samples_leaf=1,n_estimators=1000)|w=none"
515,w2v,SW,,head,20000,1-1,w2v,"dim=100,window=30,epochs=5,min_count=1",mean_max,100,SVM-RBF,"{""C"": ""10.0"", ""class_weight"": ""balanced"", ""gamma"": ""scale""}",none,0.834586,0.828984,0.92706,0.888474,0.868281,0.056317,0.0,default,-0.37647407,-0.37647407,"SVM-RBF(C=10.0,class_weight=balanced,gamma=scale)|w=none"
516,w2v,SW,,strided,5000,1-1,w2v,"dim=100,window=30,epochs=5,min_count=1",mean,100,RF,"{""class_weight"": ""balanced"", ""max_depth"": ""20"", ""min_samples_leaf"": ""2"", ""n_estimators"": ""600""}",none,0.834347,0.828036,0.963691,0.891862,0.897206,0.059348,0.5,default,0.2332869,0.24793034,"RF(class_weight=balanced,max_depth=20,min_samples_leaf=2,n_estimators=600)|w=none"
517,w2v,SW,,head,20000,1-1,w2v,"dim=100,window=30,epochs=5,min_count=1",mean,100,RF,"{""class_weight"": ""balanced"", ""max_depth"": ""None"", ""min_samples_leaf"": ""1"", ""n_estimators"": ""600""}",none,0.834266,0.827932,0.961756,0.882625,0.864738,0.075795,0.5,default,0.14333333,0.24,"RF(class_weight=balanced,max_depth=None,min_samples_leaf=1,n_estimators=600)|w=none"
518,w2v,SW,,head,5000,1-1,w2v,"dim=200,window=10,epochs=10,min_count=5",mean_max,200,RF,"{""class_weight"": ""balanced"", ""max_depth"": ""20"", ""min_samples_leaf"": ""2"", ""n_estimators"": ""600""}",none,0.833452,0.827066,0.964839,0.910954,0.908824,0.057427,0.5,default,0.23340958,0.23340958,"RF(class_weight=balanced,max_depth=20,min_samples_leaf=2,n_estimators=600)|w=none"
519,w2v,SW,,strided,5000,1-1,w2v,"dim=300,window=10,epochs=20,min_count=1",mean,300,RF,"{""class_weight"": ""None"", ""max_depth"": ""None"", ""min_samples_leaf"": ""1"", ""n_estimators"": ""1000""}",none,0.833299,0.827034,0.966269,0.89191,0.89191,0.052751,0.5,default,0.138,0.138,"RF(class_weight=None,max_depth=None,min_samples_leaf=1,n_estimators=1000)|w=none"
520,w2v,SW,,head,5000,1-1,w2v,"dim=100,window=5,epochs=5,min_count=1",mean,100,RF,"{""class_weight"": ""balanced"", ""max_depth"": ""20"", ""min_samples_leaf"": ""2"", ""n_estimators"": ""600""}",none,0.833298,0.827211,0.947436,0.858899,0.862497,0.052842,0.5,default,0.17567959,0.17567959,"RF(class_weight=balanced,max_depth=20,min_samples_leaf=2,n_estimators=600)|w=none"
521,w2v,SW,,strided,5000,1-1,w2v,"dim=300,window=10,epochs=20,min_count=1",mean_max,300,RF,"{""class_weight"": ""None"", ""max_depth"": ""None"", ""min_samples_leaf"": ""1"", ""n_estimators"": ""1000""}",none,0.833217,0.82693,0.970527,0.901673,0.901673,0.055135,0.5,default,0.19025781,0.19025781,"RF(class_weight=None,max_depth=None,min_samples_leaf=1,n_estimators=1000)|w=none"
522,tfidf,SW,,strided,5000,1-1,tfidf,,,434,LinearSVC,"{""C"": ""0.01"", ""class_weight"": ""balanced""}",none,0.833139,0.827637,0.932326,0.851723,0.851723,0.025148,0.0,default,-0.06248399,-0.06248399,"LinearSVC(C=0.01,class_weight=balanced)|w=none"
523,w2v,SW,,strided,20000,1-1,w2v,"dim=100,window=30,epochs=5,min_count=1",tfidf_mean,100,SVM-RBF,"{""C"": ""100.0"", ""class_weight"": ""balanced"", ""gamma"": ""scale""}",none,0.833139,0.827003,0.94373,0.884795,0.887799,0.079822,0.0,default,-0.9907712,-0.46931986,"SVM-RBF(C=100.0,class_weight=balanced,gamma=scale)|w=none"
524,tokenizer,WPC,1000,head,5000,1-2,tfidf,,,1102,LogReg,"{""C"": ""1.0"", ""class_weight"": ""balanced""}",none,0.833015,0.827991,0.917824,0.859222,0.859222,0.064856,0.5,default,0.32948075,0.32948075,"LogReg(C=1.0,class_weight=balanced)|w=none"
525,tokenizer,WPC,2000,head,5000,1-2,tfidf,,,1102,LogReg,"{""C"": ""1.0"", ""class_weight"": ""balanced""}",none,0.833015,0.827991,0.917824,0.859222,0.859222,0.064856,0.5,default,0.32948075,0.32948075,"LogReg(C=1.0,class_weight=balanced)|w=none"
526,tokenizer,WPC,4000,head,5000,1-2,tfidf,,,1102,LogReg,"{""C"": ""1.0"", ""class_weight"": ""balanced""}",none,0.833015,0.827991,0.917824,0.859222,0.859222,0.064856,0.5,default,0.32948075,0.32948075,"LogReg(C=1.0,class_weight=balanced)|w=none"
527,tokenizer,BPE,1000,head,5000,1-2,tfidf,,,1102,LogReg,"{""C"": ""1.0"", ""class_weight"": ""balanced""}",none,0.833015,0.827991,0.917824,0.859222,0.859222,0.064856,0.5,default,0.32948075,0.32948075,"LogReg(C=1.0,class_weight=balanced)|w=none"
528,tokenizer,BPE,4000,head,5000,1-2,tfidf,,,1102,LogReg,"{""C"": ""1.0"", ""class_weight"": ""balanced""}",none,0.833015,0.827991,0.917824,0.859222,0.859222,0.064856,0.5,default,0.32948075,0.32948075,"LogReg(C=1.0,class_weight=balanced)|w=none"
529,w2v,SW,,strided,20000,1-1,w2v,"dim=300,window=5,epochs=5,min_count=1",mean,300,MLP,"{""alpha"": ""0.0001"", ""early_stopping"": ""True"", ""hidden_layer_sizes"": ""(500,)"", ""learning_rate_init"": ""0.001""}",class_arch,0.832959,0.828553,0.903618,0.823654,0.832242,0.054718,0.5,default,0.47898789,0.47898789,"MLP(alpha=0.0001,early_stopping=True,hidden_layer_sizes=(500,),learning_rate_init=0.001)|w=class_arch"
530,w2v,SW,,head,20000,1-1,w2v,"dim=100,window=30,epochs=5,min_count=1",tfidf_mean,100,MLP,"{""alpha"": ""0.01"", ""early_stopping"": ""False"", ""hidden_layer_sizes"": ""(500,)"", ""learning_rate_init"": ""0.001""}",none,0.832878,0.827043,0.914814,0.867558,0.867558,0.080419,0.5,default,0.1447332,0.1447332,"MLP(alpha=0.01,early_stopping=False,hidden_layer_sizes=(500,),learning_rate_init=0.001)|w=none"
531,w2v,SW,,strided,5000,1-1,w2v,"dim=300,window=5,epochs=5,min_count=1",mean,300,RF,"{""class_weight"": ""None"", ""max_depth"": ""None"", ""min_samples_leaf"": ""1"", ""n_estimators"": ""1000""}",none,0.832733,0.826481,0.96709,0.907662,0.907662,0.074342,0.5,default,0.199,0.199,"RF(class_weight=None,max_depth=None,min_samples_leaf=1,n_estimators=1000)|w=none"
532,w2v,SW,,head,5000,1-1,w2v,"dim=200,window=10,epochs=10,min_count=5",mean,200,SVM-RBF,"{""C"": ""10.0"", ""class_weight"": ""None"", ""gamma"": ""scale""}",class_arch,0.832623,0.826907,0.907023,0.830991,0.820112,0.047654,0.0,default,-0.62335958,-0.62335958,"SVM-RBF(C=10.0,class_weight=None,gamma=scale)|w=class_arch"
533,w2v,SW,,strided,20000,1-1,w2v,"dim=300,window=5,epochs=5,min_count=1",tfidf_mean,300,MLP,"{""alpha"": ""0.0001"", ""early_stopping"": ""True"", ""hidden_layer_sizes"": ""(500,)"", ""learning_rate_init"": ""0.001""}",class_arch,0.832602,0.827365,0.909223,0.791471,0.791471,0.055859,0.5,default,0.44814532,0.44814532,"MLP(alpha=0.0001,early_stopping=True,hidden_layer_sizes=(500,),learning_rate_init=0.001)|w=class_arch"
534,tfidf,SW,,head,5000,1-1,tfidf,,,367,LogReg,"{""C"": ""1.0"", ""class_weight"": ""balanced""}",none,0.832533,0.827542,0.918043,0.859711,0.859711,0.065561,0.5,default,0.32937418,0.32937418,"LogReg(C=1.0,class_weight=balanced)|w=none"
535,w2v,SW,,head,5000,1-1,w2v,"dim=300,window=30,epochs=5,min_count=1",tfidf_mean,300,SVM-RBF,"{""C"": ""10.0"", ""class_weight"": ""None"", ""gamma"": ""scale""}",class_arch,0.832319,0.82649,0.933768,0.889454,0.892823,0.053249,0.0,default,-0.4791441,-0.4791441,"SVM-RBF(C=10.0,class_weight=None,gamma=scale)|w=class_arch"
536,w2v,SW,,strided,20000,1-1,w2v,"dim=100,window=30,epochs=5,min_count=1",mean_max,100,MLP,"{""alpha"": ""0.001"", ""early_stopping"": ""True"", ""hidden_layer_sizes"": ""(256, 128)"", ""learning_rate_init"": ""0.001""}",none,0.832216,0.826563,0.937167,0.834071,0.831384,0.061683,0.5,default,0.08499452,0.08499452,"MLP(alpha=0.001,early_stopping=True,hidden_layer_sizes=(256, 128),learning_rate_init=0.001)|w=none"
537,w2v,SW,,head,5000,1-1,w2v,"dim=100,window=30,epochs=5,min_count=1",mean,100,MLP,"{""alpha"": ""0.0001"", ""early_stopping"": ""True"", ""hidden_layer_sizes"": ""(500,)"", ""learning_rate_init"": ""0.001""}",none,0.832008,0.826073,0.891554,0.839317,0.839317,0.063408,0.5,default,0.26926882,0.39446628,"MLP(alpha=0.0001,early_stopping=True,hidden_layer_sizes=(500,),learning_rate_init=0.001)|w=none"
538,w2v,SW,,head,5000,1-1,w2v,"dim=100,window=30,epochs=5,min_count=1",mean_max,100,RF,"{""class_weight"": ""balanced"", ""max_depth"": ""20"", ""min_samples_leaf"": ""2"", ""n_estimators"": ""600""}",none,0.831849,0.825688,0.959552,0.894006,0.898377,0.061597,0.5,default,0.18672994,0.25359561,"RF(class_weight=balanced,max_depth=20,min_samples_leaf=2,n_estimators=600)|w=none"
539,w2v,SW,,strided,5000,1-1,w2v,"dim=300,window=10,epochs=20,min_count=1",mean_max,300,MLP,"{""alpha"": ""0.0001"", ""early_stopping"": ""True"", ""hidden_layer_sizes"": ""(500,)"", ""learning_rate_init"": ""0.001""}",class_arch,0.831766,0.826395,0.912637,0.830064,0.830064,0.064502,0.5,default,0.28094122,0.28094122,"MLP(alpha=0.0001,early_stopping=True,hidden_layer_sizes=(500,),learning_rate_init=0.001)|w=class_arch"
540,w2v,SW,,head,5000,1-1,w2v,"dim=100,window=5,epochs=5,min_count=1",mean_max,100,RF,"{""class_weight"": ""balanced"", ""max_depth"": ""20"", ""min_samples_leaf"": ""2"", ""n_estimators"": ""600""}",none,0.831749,0.825407,0.958528,0.902931,0.901831,0.057539,0.5,default,0.25880617,0.25880617,"RF(class_weight=balanced,max_depth=20,min_samples_leaf=2,n_estimators=600)|w=none"
541,w2v,SW,,strided,20000,1-1,w2v,"dim=300,window=5,epochs=5,min_count=1",tfidf_mean,300,RF,"{""class_weight"": ""None"", ""max_depth"": ""None"", ""min_samples_leaf"": ""1"", ""n_estimators"": ""1000""}",none,0.831602,0.825375,0.970458,0.903733,0.904192,0.068087,0.5,default,0.154,0.191,"RF(class_weight=None,max_depth=None,min_samples_leaf=1,n_estimators=1000)|w=none"
542,w2v,SW,,head,5000,1-1,w2v,"dim=200,window=10,epochs=10,min_count=5",tfidf_mean,200,SVM-RBF,"{""C"": ""10.0"", ""class_weight"": ""None"", ""gamma"": ""0.1""}",none,0.831448,0.825343,0.940026,0.897122,0.89652,0.059429,0.0,default,-0.76144212,-0.62692321,"SVM-RBF(C=10.0,class_weight=None,gamma=0.1)|w=none"
543,w2v,SW,,head,5000,1-1,w2v,"dim=100,window=30,epochs=5,min_count=1",mean,100,SVM-RBF,"{""C"": ""10.0"", ""class_weight"": ""None"", ""gamma"": ""scale""}",class_arch,0.831277,0.825488,0.917478,0.871139,0.871139,0.052576,0.0,default,-0.51032612,-0.51032612,"SVM-RBF(C=10.0,class_weight=None,gamma=scale)|w=class_arch"
544,tfidf,SW,,head,20000,1-1,tfidf,,,461,LinearSVC,"{""C"": ""0.01"", ""class_weight"": ""None""}",none,0.831128,0.825103,0.956793,0.8932,0.897964,0.03416,0.0,default,-0.14791589,-0.0531944,"LinearSVC(C=0.01,class_weight=None)|w=none"
545,w2v,SW,,strided,5000,1-1,w2v,"dim=300,window=5,epochs=5,min_count=1",mean,300,RF,"{""class_weight"": ""balanced"", ""max_depth"": ""20"", ""min_samples_leaf"": ""2"", ""n_estimators"": ""600""}",none,0.831119,0.824926,0.965003,0.892921,0.87373,0.073505,0.5,default,0.1578903,0.1578903,"RF(class_weight=balanced,max_depth=20,min_samples_leaf=2,n_estimators=600)|w=none"
546,w2v,SW,,strided,5000,1-1,w2v,"dim=300,window=10,epochs=20,min_count=1",mean,300,RF,"{""class_weight"": ""balanced"", ""max_depth"": ""20"", ""min_samples_leaf"": ""2"", ""n_estimators"": ""600""}",none,0.830468,0.824269,0.963407,0.885621,0.868007,0.060189,0.5,default,0.14294237,0.22001409,"RF(class_weight=balanced,max_depth=20,min_samples_leaf=2,n_estimators=600)|w=none"
547,w2v,SW,,strided,5000,1-1,w2v,"dim=300,window=10,epochs=20,min_count=1",tfidf_mean,300,SVM-RBF,"{""C"": ""10.0"", ""class_weight"": ""None"", ""gamma"": ""scale""}",class_arch,0.830138,0.824559,0.92781,0.888542,0.891402,0.06952,0.0,default,-0.58963756,-0.58963756,"SVM-RBF(C=10.0,class_weight=None,gamma=scale)|w=class_arch"
548,tfidf,SW,,strided,20000,1-2,tfidf,,,15832,LinearSVC,"{""C"": ""0.01"", ""class_weight"": ""None""}",none,0.830082,0.824101,0.967337,0.920717,0.919557,0.040522,0.0,default,-0.19795122,-0.17464545,"LinearSVC(C=0.01,class_weight=None)|w=none"
549,w2v,SW,,head,20000,1-1,w2v,"dim=100,window=30,epochs=5,min_count=1",mean_max,100,RF,"{""class_weight"": ""balanced"", ""max_depth"": ""20"", ""min_samples_leaf"": ""2"", ""n_estimators"": ""600""}",none,0.829986,0.82382,0.970847,0.886694,0.886694,0.081754,0.5,default,0.20867774,0.20867774,"RF(class_weight=balanced,max_depth=20,min_samples_leaf=2,n_estimators=600)|w=none"
550,tfidf,SW,,strided,50000,1-1,tfidf,,,553,LogReg,"{""C"": ""0.1"", ""class_weight"": ""balanced""}",none,0.829913,0.825266,0.941784,0.856022,0.856508,0.048781,0.5,default,0.43087896,0.44033182,"LogReg(C=0.1,class_weight=balanced)|w=none"
551,w2v,SW,,head,5000,1-1,w2v,"dim=100,window=30,epochs=5,min_count=1",tfidf_mean,100,RF,"{""class_weight"": ""balanced"", ""max_depth"": ""20"", ""min_samples_leaf"": ""2"", ""n_estimators"": ""600""}",none,0.829837,0.823788,0.960361,0.872612,0.88018,0.056567,0.5,default,0.21700766,0.21700766,"RF(class_weight=balanced,max_depth=20,min_samples_leaf=2,n_estimators=600)|w=none"
552,w2v,SW,,head,5000,1-1,w2v,"dim=100,window=5,epochs=5,min_count=1",mean,100,RF,"{""class_weight"": ""None"", ""max_depth"": ""None"", ""min_samples_leaf"": ""1"", ""n_estimators"": ""1000""}",none,0.829837,0.823788,0.947768,0.869094,0.863564,0.056701,0.5,default,0.173,0.173,"RF(class_weight=None,max_depth=None,min_samples_leaf=1,n_estimators=1000)|w=none"
553,w2v,SW,,head,5000,1-1,w2v,"dim=300,window=30,epochs=5,min_count=1",mean,300,MLP,"{""alpha"": ""0.0001"", ""early_stopping"": ""True"", ""hidden_layer_sizes"": ""(500,)"", ""learning_rate_init"": ""0.001""}",class_arch,0.829754,0.824038,0.890179,0.828778,0.828778,0.062061,0.5,default,0.2703738,0.2703738,"MLP(alpha=0.0001,early_stopping=True,hidden_layer_sizes=(500,),learning_rate_init=0.001)|w=class_arch"
554,w2v,SW,,head,5000,1-1,w2v,"dim=100,window=30,epochs=5,min_count=1",tfidf_mean,100,SVM-RBF,"{""C"": ""10.0"", ""class_weight"": ""None"", ""gamma"": ""scale""}",class_arch,0.829519,0.823725,0.934293,0.890433,0.891903,0.05666,0.0,default,-0.4203793,-0.4203793,"SVM-RBF(C=10.0,class_weight=None,gamma=scale)|w=class_arch"
555,w2v,SW,,head,20000,1-1,w2v,"dim=100,window=30,epochs=5,min_count=1",mean,100,RF,"{""class_weight"": ""None"", ""max_depth"": ""None"", ""min_samples_leaf"": ""1"", ""n_estimators"": ""1000""}",none,0.829334,0.823163,0.963332,0.890389,0.871941,0.076657,0.5,default,0.166,0.29223437,"RF(class_weight=None,max_depth=None,min_samples_leaf=1,n_estimators=1000)|w=none"
556,tfidf,SW,,strided,50000,1-2,tfidf,,,18667,LinearSVC,"{""C"": ""0.01"", ""class_weight"": ""None""}",none,0.829279,0.823412,0.967398,0.915127,0.91559,0.046457,0.0,default,-0.19036331,-0.19036331,"LinearSVC(C=0.01,class_weight=None)|w=none"
557,w2v,SW,,head,5000,1-1,w2v,"dim=100,window=5,epochs=5,min_count=1",tfidf_mean,100,SVM-RBF,"{""C"": ""10.0"", ""class_weight"": ""None"", ""gamma"": ""scale""}",class_arch,0.829194,0.823484,0.920359,0.815954,0.829574,0.035035,0.0,default,-0.2960005,-0.2960005,"SVM-RBF(C=10.0,class_weight=None,gamma=scale)|w=class_arch"
558,w2v,SW,,head,5000,1-1,w2v,"dim=300,window=10,epochs=20,min_count=1",tfidf_mean,300,SVM-RBF,"{""C"": ""10.0"", ""class_weight"": ""balanced"", ""gamma"": ""scale""}",none,0.828798,0.822963,0.934773,0.884926,0.884926,0.062916,0.0,default,-0.62176741,-0.62176741,"SVM-RBF(C=10.0,class_weight=balanced,gamma=scale)|w=none"
559,w2v,SW,,head,5000,1-1,w2v,"dim=300,window=5,epochs=5,min_count=1",tfidf_mean,300,SVM-RBF,"{""C"": ""10.0"", ""class_weight"": ""None"", ""gamma"": ""scale""}",class_arch,0.828634,0.822931,0.918059,0.829149,0.846475,0.034534,0.0,default,-0.24006607,-0.24006607,"SVM-RBF(C=10.0,class_weight=None,gamma=scale)|w=class_arch"
560,w2v,SW,,strided,5000,1-1,w2v,"dim=300,window=5,epochs=5,min_count=1",mean,300,MLP,"{""alpha"": ""0.0001"", ""early_stopping"": ""True"", ""hidden_layer_sizes"": ""(500,)"", ""learning_rate_init"": ""0.001""}",none,0.828106,0.822836,0.897388,0.857917,0.857917,0.069739,0.5,default,0.48230921,0.48230921,"MLP(alpha=0.0001,early_stopping=True,hidden_layer_sizes=(500,),learning_rate_init=0.001)|w=none"
561,w2v,SW,,strided,20000,1-1,w2v,"dim=300,window=5,epochs=5,min_count=1",mean_max,300,SVM-RBF,"{""C"": ""10.0"", ""class_weight"": ""None"", ""gamma"": ""0.1""}",none,0.827938,0.821744,0.968827,0.936004,0.936004,0.038364,0.0,default,-0.43899964,-0.43899964,"SVM-RBF(C=10.0,class_weight=None,gamma=0.1)|w=none"
562,w2v,SW,,head,5000,1-1,w2v,"dim=300,window=30,epochs=5,min_count=1",mean,300,SVM-RBF,"{""C"": ""10.0"", ""class_weight"": ""None"", ""gamma"": ""scale""}",class_arch,0.827915,0.82217,0.915618,0.869959,0.869959,0.057383,0.0,default,-0.56382463,-0.56382463,"SVM-RBF(C=10.0,class_weight=None,gamma=scale)|w=class_arch"
563,w2v,SW,,head,5000,1-1,w2v,"dim=200,window=10,epochs=10,min_count=5",tfidf_mean,200,SVM-RBF,"{""C"": ""10.0"", ""class_weight"": ""balanced"", ""gamma"": ""scale""}",none,0.827754,0.821961,0.933474,0.871891,0.871776,0.05957,0.0,default,-0.50801299,-0.50801299,"SVM-RBF(C=10.0,class_weight=balanced,gamma=scale)|w=none"
564,w2v,SW,,head,5000,1-1,w2v,"dim=200,window=10,epochs=10,min_count=5",tfidf_mean,200,LogReg,"{""C"": ""1.0"", ""class_weight"": ""balanced""}",none,0.827355,0.823094,0.894813,0.827482,0.827482,0.034171,0.5,default,0.49751995,0.49751995,"LogReg(C=1.0,class_weight=balanced)|w=none"
565,w2v,SW,,head,5000,1-1,w2v,"dim=100,window=5,epochs=5,min_count=1",mean_max,100,RF,"{""class_weight"": ""None"", ""max_depth"": ""None"", ""min_samples_leaf"": ""1"", ""n_estimators"": ""1000""}",none,0.827191,0.820982,0.960786,0.917225,0.917225,0.055933,0.5,default,0.244,0.244,"RF(class_weight=None,max_depth=None,min_samples_leaf=1,n_estimators=1000)|w=none"
566,w2v,SW,,head,5000,1-1,w2v,"dim=300,window=5,epochs=5,min_count=1",mean,300,MLP,"{""alpha"": ""0.01"", ""early_stopping"": ""False"", ""hidden_layer_sizes"": ""(500,)"", ""learning_rate_init"": ""0.001""}",none,0.827032,0.821376,0.893891,0.843437,0.843437,0.088838,0.5,default,0.26576007,0.26576007,"MLP(alpha=0.01,early_stopping=False,hidden_layer_sizes=(500,),learning_rate_init=0.001)|w=none"
567,tfidf,SW,,head,5000,1-1,tfidf,,,367,LogReg,"{""C"": ""10.0"", ""class_weight"": ""balanced""}",none,0.826546,0.820751,0.93465,0.852143,0.852143,0.069576,0.5,default,0.13576571,0.13576571,"LogReg(C=10.0,class_weight=balanced)|w=none"
568,w2v,SW,,strided,5000,1-1,w2v,"dim=300,window=10,epochs=20,min_count=1",mean_max,300,MLP,"{""alpha"": ""0.01"", ""early_stopping"": ""False"", ""hidden_layer_sizes"": ""(500,)"", ""learning_rate_init"": ""0.001""}",none,0.826045,0.820125,0.926092,0.889688,0.889688,0.090701,0.5,default,0.0956398,0.1576496,"MLP(alpha=0.01,early_stopping=False,hidden_layer_sizes=(500,),learning_rate_init=0.001)|w=none"
569,tfidf,SW,,strided,5000,1-1,tfidf,,,434,LinearSVC,"{""C"": ""0.1"", ""class_weight"": ""balanced""}",none,0.82591,0.82027,0.961276,0.890496,0.896245,0.051256,0.0,default,-0.33797416,-0.159994,"LinearSVC(C=0.1,class_weight=balanced)|w=none"
570,w2v,SW,,head,5000,1-1,w2v,"dim=200,window=10,epochs=10,min_count=5",mean_max,200,MLP,"{""alpha"": ""0.01"", ""early_stopping"": ""False"", ""hidden_layer_sizes"": ""(500,)"", ""learning_rate_init"": ""0.001""}",none,0.825874,0.819917,0.903693,0.85908,0.85908,0.053571,0.5,default,0.11697109,0.11697109,"MLP(alpha=0.01,early_stopping=False,hidden_layer_sizes=(500,),learning_rate_init=0.001)|w=none"
571,w2v,SW,,head,5000,1-1,w2v,"dim=100,window=30,epochs=5,min_count=1",mean,100,LogReg,"{""C"": ""1.0"", ""class_weight"": ""balanced""}",none,0.825693,0.822101,0.888383,0.811293,0.811293,0.039007,0.5,default,0.42745282,0.5194399,"LogReg(C=1.0,class_weight=balanced)|w=none"
572,w2v,SW,,head,20000,1-1,w2v,"dim=100,window=30,epochs=5,min_count=1",mean_max,100,RF,"{""class_weight"": ""None"", ""max_depth"": ""None"", ""min_samples_leaf"": ""1"", ""n_estimators"": ""1000""}",none,0.825439,0.819395,0.972731,0.928588,0.894725,0.080755,0.5,default,0.20782031,0.20782031,"RF(class_weight=None,max_depth=None,min_samples_leaf=1,n_estimators=1000)|w=none"
573,w2v,SW,,head,5000,1-1,w2v,"dim=100,window=30,epochs=5,min_count=1",tfidf_mean,100,MLP,"{""alpha"": ""0.0001"", ""early_stopping"": ""True"", ""hidden_layer_sizes"": ""(500,)"", ""learning_rate_init"": ""0.001""}",class_arch,0.825348,0.819717,0.890408,0.822005,0.806006,0.049222,0.5,default,0.33523871,0.33523871,"MLP(alpha=0.0001,early_stopping=True,hidden_layer_sizes=(500,),learning_rate_init=0.001)|w=class_arch"
574,w2v,SW,,head,5000,1-1,w2v,"dim=200,window=10,epochs=10,min_count=5",tfidf_mean,200,SVM-RBF,"{""C"": ""10.0"", ""class_weight"": ""None"", ""gamma"": ""scale""}",class_arch,0.825335,0.81954,0.926966,0.852251,0.852736,0.060641,0.0,default,-0.6012582,-0.6012582,"SVM-RBF(C=10.0,class_weight=None,gamma=scale)|w=class_arch"
575,tfidf,SW,,head,5000,1-1,tfidf,,,367,LinearSVC,"{""C"": ""1.0"", ""class_weight"": ""balanced""}",none,0.825251,0.819436,0.927942,0.841345,0.834018,0.069912,0.0,default,-0.51177623,-0.37886366,"LinearSVC(C=1.0,class_weight=balanced)|w=none"
576,tfidf,SW,,strided,5000,1-2,tfidf,,,10897,LinearSVC,"{""C"": ""0.01"", ""class_weight"": ""None""}",none,0.825173,0.819083,0.962478,0.908133,0.88881,0.028665,0.0,default,-0.17425156,-0.17425156,"LinearSVC(C=0.01,class_weight=None)|w=none"
577,tfidf,SW,,strided,5000,1-1,tfidf,,,434,LogReg,"{""C"": ""1.0"", ""class_weight"": ""None""}",class_arch,0.825103,0.819404,0.953094,0.89423,0.890943,0.028349,0.5,default,0.28881468,0.28881468,"LogReg(C=1.0,class_weight=None)|w=class_arch"
578,w2v,SW,,head,5000,1-1,w2v,"dim=300,window=10,epochs=20,min_count=1",tfidf_mean,300,SVM-RBF,"{""C"": ""10.0"", ""class_weight"": ""None"", ""gamma"": ""scale""}",class_arch,0.824937,0.819196,0.923993,0.853594,0.853594,0.060696,0.0,default,-0.69444618,-0.69444618,"SVM-RBF(C=10.0,class_weight=None,gamma=scale)|w=class_arch"
579,w2v,SW,,strided,5000,1-1,w2v,"dim=300,window=10,epochs=20,min_count=1",mean,300,RF,"{""class_weight"": ""balanced"", ""max_depth"": ""None"", ""min_samples_leaf"": ""1"", ""n_estimators"": ""600""}",none,0.82478,0.818738,0.96443,0.890022,0.870495,0.05511,0.5,default,0.1264388,0.145,"RF(class_weight=balanced,max_depth=None,min_samples_leaf=1,n_estimators=600)|w=none"
580,w2v,SW,,head,5000,1-1,w2v,"dim=300,window=5,epochs=5,min_count=1",tfidf_mean,300,RF,"{""class_weight"": ""None"", ""max_depth"": ""None"", ""min_samples_leaf"": ""1"", ""n_estimators"": ""1000""}",none,0.82412,0.818081,0.958406,0.897747,0.898238,0.060134,0.5,default,0.17003125,0.17003125,"RF(class_weight=None,max_depth=None,min_samples_leaf=1,n_estimators=1000)|w=none"
581,w2v,SW,,head,5000,1-1,w2v,"dim=300,window=5,epochs=5,min_count=1",tfidf_mean,300,SVM-RBF,"{""C"": ""100.0"", ""class_weight"": ""balanced"", ""gamma"": ""scale""}",none,0.824083,0.818153,0.882902,0.834118,0.839631,0.054474,0.0,default,-0.42556845,-0.42556845,"SVM-RBF(C=100.0,class_weight=balanced,gamma=scale)|w=none"
582,w2v,SW,,strided,20000,1-1,w2v,"dim=300,window=5,epochs=5,min_count=1",mean,300,RF,"{""class_weight"": ""None"", ""max_depth"": ""None"", ""min_samples_leaf"": ""1"", ""n_estimators"": ""1000""}",none,0.823939,0.817872,0.969357,0.902603,0.903094,0.062672,0.5,default,0.16801563,0.197,"RF(class_weight=None,max_depth=None,min_samples_leaf=1,n_estimators=1000)|w=none"
583,w2v,SW,,head,5000,1-1,w2v,"dim=300,window=30,epochs=5,min_count=1",tfidf_mean,300,RF,"{""class_weight"": ""None"", ""max_depth"": ""None"", ""min_samples_leaf"": ""1"", ""n_estimators"": ""1000""}",none,0.823906,0.817945,0.959997,0.902469,0.88054,0.058312,0.5,default,0.15013672,0.15013672,"RF(class_weight=None,max_depth=None,min_samples_leaf=1,n_estimators=1000)|w=none"
584,w2v,SW,,head,5000,1-1,w2v,"dim=300,window=10,epochs=20,min_count=1",tfidf_mean,300,MLP,"{""alpha"": ""0.0001"", ""early_stopping"": ""True"", ""hidden_layer_sizes"": ""(500,)"", ""learning_rate_init"": ""0.001""}",class_arch,0.823808,0.81809,0.890968,0.849038,0.849038,0.057126,0.5,default,0.34960772,0.34960772,"MLP(alpha=0.0001,early_stopping=True,hidden_layer_sizes=(500,),learning_rate_init=0.001)|w=class_arch"
585,tfidf,SW,,strided,20000,1-1,tfidf,,,515,LinearSVC,"{""C"": ""0.01"", ""class_weight"": ""balanced""}",none,0.823708,0.818692,0.94208,0.845805,0.845805,0.056238,0.0,default,-0.11368048,-0.11368048,"LinearSVC(C=0.01,class_weight=balanced)|w=none"
586,w2v,SW,,head,5000,1-1,w2v,"dim=100,window=5,epochs=5,min_count=1",mean,100,SVM-RBF,"{""C"": ""10.0"", ""class_weight"": ""None"", ""gamma"": ""scale""}",class_arch,0.823187,0.817786,0.886047,0.830193,0.830193,0.028295,0.0,default,-0.25967736,-0.25967736,"SVM-RBF(C=10.0,class_weight=None,gamma=scale)|w=class_arch"
587,w2v,SW,,head,5000,1-1,w2v,"dim=300,window=10,epochs=20,min_count=1",mean,300,MLP,"{""alpha"": ""0.0001"", ""early_stopping"": ""True"", ""hidden_layer_sizes"": ""(500,)"", ""learning_rate_init"": ""0.001""}",class_arch,0.822931,0.817296,0.882932,0.824544,0.824544,0.084877,0.5,default,0.32948669,0.32948669,"MLP(alpha=0.0001,early_stopping=True,hidden_layer_sizes=(500,),learning_rate_init=0.001)|w=class_arch"
588,tfidf,SW,,head,5000,1-1,tfidf,,,367,LinearSVC,"{""C"": ""0.1"", ""class_weight"": ""balanced""}",none,0.822928,0.817826,0.916237,0.841907,0.842368,0.057647,0.0,default,-0.29154823,-0.29154823,"LinearSVC(C=0.1,class_weight=balanced)|w=none"
589,tfidf,SW,,head,5000,1-1,tfidf,,,367,LogReg,"{""C"": ""0.1"", ""class_weight"": ""balanced""}",none,0.822579,0.818325,0.885411,0.79443,0.816745,0.055346,0.5,default,0.48648012,0.48648012,"LogReg(C=0.1,class_weight=balanced)|w=none"
590,w2v,SW,,head,5000,1-1,w2v,"dim=300,window=30,epochs=5,min_count=1",mean,300,LogReg,"{""C"": ""1.0"", ""class_weight"": ""balanced""}",none,0.822575,0.818991,0.884996,0.806903,0.806903,0.040691,0.5,default,0.43776033,0.54565894,"LogReg(C=1.0,class_weight=balanced)|w=none"
591,w2v,SW,,head,5000,1-1,w2v,"dim=300,window=5,epochs=5,min_count=1",tfidf_mean,300,RF,"{""class_weight"": ""balanced"", ""max_depth"": ""None"", ""min_samples_leaf"": ""1"", ""n_estimators"": ""600""}",none,0.822495,0.816526,0.957398,0.902719,0.902719,0.059525,0.5,default,0.185,0.185,"RF(class_weight=balanced,max_depth=None,min_samples_leaf=1,n_estimators=600)|w=none"
592,w2v,SW,,head,5000,1-1,w2v,"dim=100,window=5,epochs=5,min_count=1",mean,100,RF,"{""class_weight"": ""balanced"", ""max_depth"": ""None"", ""min_samples_leaf"": ""1"", ""n_estimators"": ""600""}",none,0.822463,0.816598,0.94889,0.856981,0.855858,0.061772,0.5,default,0.12166667,0.21833333,"RF(class_weight=balanced,max_depth=None,min_samples_leaf=1,n_estimators=600)|w=none"
593,tokenizer,WPC,1000,head,5000,1-2,tfidf,,,1102,LinearSVC,"{""C"": ""0.1"", ""class_weight"": ""balanced""}",none,0.822448,0.817378,0.915852,0.840935,0.840935,0.056907,0.0,default,-0.28945223,-0.28945223,"LinearSVC(C=0.1,class_weight=balanced)|w=none"
594,tokenizer,WPC,2000,head,5000,1-2,tfidf,,,1102,LinearSVC,"{""C"": ""0.1"", ""class_weight"": ""balanced""}",none,0.822448,0.817378,0.915852,0.840935,0.840935,0.056907,0.0,default,-0.28945223,-0.28945223,"LinearSVC(C=0.1,class_weight=balanced)|w=none"
595,tokenizer,WPC,4000,head,5000,1-2,tfidf,,,1102,LinearSVC,"{""C"": ""0.1"", ""class_weight"": ""balanced""}",none,0.822448,0.817378,0.915852,0.840935,0.840935,0.056907,0.0,default,-0.28945223,-0.28945223,"LinearSVC(C=0.1,class_weight=balanced)|w=none"
596,tokenizer,BPE,1000,head,5000,1-2,tfidf,,,1102,LinearSVC,"{""C"": ""0.1"", ""class_weight"": ""balanced""}",none,0.822448,0.817378,0.915852,0.840935,0.840935,0.056907,0.0,default,-0.28945223,-0.28945223,"LinearSVC(C=0.1,class_weight=balanced)|w=none"
597,tokenizer,BPE,4000,head,5000,1-2,tfidf,,,1102,LinearSVC,"{""C"": ""0.1"", ""class_weight"": ""balanced""}",none,0.822448,0.817378,0.915852,0.840935,0.840935,0.056907,0.0,default,-0.28945223,-0.28945223,"LinearSVC(C=0.1,class_weight=balanced)|w=none"
598,tfidf,SW,,head,5000,1-1,tfidf,,,367,LinearSVC,"{""C"": ""1.0"", ""class_weight"": ""None""}",none,0.822333,0.816566,0.928085,0.835897,0.851444,0.067591,0.0,default,-0.71955466,-0.41251187,"LinearSVC(C=1.0,class_weight=None)|w=none"
599,w2v,SW,,head,5000,1-1,w2v,"dim=100,window=5,epochs=5,min_count=1",mean_max,100,LogReg,"{""C"": ""1.0"", ""class_weight"": ""balanced""}",none,0.822295,0.817169,0.873639,0.820766,0.817313,0.063549,0.5,default,0.31444668,0.31444668,"LogReg(C=1.0,class_weight=balanced)|w=none"
600,w2v,SW,,strided,20000,1-1,w2v,"dim=100,window=30,epochs=5,min_count=1",tfidf_mean,100,MLP,"{""alpha"": ""0.0001"", ""early_stopping"": ""True"", ""hidden_layer_sizes"": ""(500,)"", ""learning_rate_init"": ""0.001""}",none,0.822063,0.816856,0.899927,0.860196,0.861168,0.07041,0.5,default,0.39073619,0.39073619,"MLP(alpha=0.0001,early_stopping=True,hidden_layer_sizes=(500,),learning_rate_init=0.001)|w=none"
601,w2v,SW,,head,5000,1-1,w2v,"dim=100,window=5,epochs=5,min_count=1",tfidf_mean,100,MLP,"{""alpha"": ""0.0001"", ""early_stopping"": ""True"", ""hidden_layer_sizes"": ""(500,)"", ""learning_rate_init"": ""0.001""}",none,0.822054,0.816503,0.893324,0.816872,0.841701,0.05003,0.5,default,0.40876843,0.40876843,"MLP(alpha=0.0001,early_stopping=True,hidden_layer_sizes=(500,),learning_rate_init=0.001)|w=none"
602,tfidf,SW,,strided,20000,1-1,tfidf,,,515,LogReg,"{""C"": ""0.1"", ""class_weight"": ""balanced""}",none,0.821937,0.817106,0.944171,0.851556,0.853267,0.057695,0.5,default,0.45022981,0.45022981,"LogReg(C=0.1,class_weight=balanced)|w=none"
603,w2v,SW,,strided,5000,1-1,w2v,"dim=100,window=30,epochs=5,min_count=1",mean,100,RF,"{""class_weight"": ""balanced"", ""max_depth"": ""None"", ""min_samples_leaf"": ""1"", ""n_estimators"": ""600""}",none,0.821738,0.815764,0.964712,0.903763,0.90546,0.06346,0.5,default,0.23833333,0.23833333,"RF(class_weight=balanced,max_depth=None,min_samples_leaf=1,n_estimators=600)|w=none"
604,w2v,SW,,head,5000,1-1,w2v,"dim=300,window=5,epochs=5,min_count=1",mean,300,SVM-RBF,"{""C"": ""10.0"", ""class_weight"": ""None"", ""gamma"": ""scale""}",class_arch,0.821667,0.816335,0.885985,0.833734,0.839518,0.029226,0.0,default,-0.25075247,-0.25075247,"SVM-RBF(C=10.0,class_weight=None,gamma=scale)|w=class_arch"
605,w2v,SW,,head,5000,1-1,w2v,"dim=300,window=5,epochs=5,min_count=1",mean_max,300,MLP,"{""alpha"": ""0.01"", ""early_stopping"": ""False"", ""hidden_layer_sizes"": ""(500,)"", ""learning_rate_init"": ""0.001""}",none,0.821501,0.8157,0.906599,0.799748,0.803268,0.053385,0.5,default,0.03566205,0.06569064,"MLP(alpha=0.01,early_stopping=False,hidden_layer_sizes=(500,),learning_rate_init=0.001)|w=none"
606,w2v,SW,,head,5000,1-1,w2v,"dim=100,window=5,epochs=5,min_count=1",tfidf_mean,100,SVM-RBF,"{""C"": ""100.0"", ""class_weight"": ""balanced"", ""gamma"": ""scale""}",none,0.821233,0.815388,0.884813,0.837697,0.837697,0.060128,0.0,default,-0.3714449,-0.3714449,"SVM-RBF(C=100.0,class_weight=balanced,gamma=scale)|w=none"
607,w2v,SW,,strided,5000,1-1,w2v,"dim=300,window=5,epochs=5,min_count=1",tfidf_mean,300,RF,"{""class_weight"": ""balanced"", ""max_depth"": ""None"", ""min_samples_leaf"": ""1"", ""n_estimators"": ""600""}",none,0.821165,0.815211,0.965312,0.89267,0.89267,0.067462,0.5,default,0.15833333,0.15833333,"RF(class_weight=balanced,max_depth=None,min_samples_leaf=1,n_estimators=600)|w=none"
608,w2v,SW,,head,5000,1-1,w2v,"dim=100,window=5,epochs=5,min_count=1",mean,100,MLP,"{""alpha"": ""0.01"", ""early_stopping"": ""False"", ""hidden_layer_sizes"": ""(500,)"", ""learning_rate_init"": ""0.001""}",none,0.821109,0.815356,0.897793,0.883797,0.883797,0.071717,0.5,default,0.25445437,0.25445437,"MLP(alpha=0.01,early_stopping=False,hidden_layer_sizes=(500,),learning_rate_init=0.001)|w=none"
609,w2v,SW,,head,5000,1-1,w2v,"dim=100,window=30,epochs=5,min_count=1",mean_max,100,MLP,"{""alpha"": ""0.001"", ""early_stopping"": ""True"", ""hidden_layer_sizes"": ""(256, 128)"", ""learning_rate_init"": ""0.001""}",none,0.820905,0.816104,0.869037,0.805694,0.80946,0.065649,0.5,default,0.52828985,0.52828985,"MLP(alpha=0.001,early_stopping=True,hidden_layer_sizes=(256, 128),learning_rate_init=0.001)|w=none"
610,w2v,SW,,strided,5000,1-1,w2v,"dim=300,window=5,epochs=5,min_count=1",tfidf_mean,300,RF,"{""class_weight"": ""balanced"", ""max_depth"": ""20"", ""min_samples_leaf"": ""2"", ""n_estimators"": ""600""}",none,0.820869,0.814971,0.963334,0.890292,0.890292,0.065166,0.5,default,0.17211636,0.17211636,"RF(class_weight=balanced,max_depth=20,min_samples_leaf=2,n_estimators=600)|w=none"
611,w2v,SW,,strided,5000,1-1,w2v,"dim=100,window=30,epochs=5,min_count=1",mean,100,RF,"{""class_weight"": ""None"", ""max_depth"": ""None"", ""min_samples_leaf"": ""1"", ""n_estimators"": ""1000""}",none,0.820776,0.814866,0.964786,0.898712,0.898187,0.062422,0.5,default,0.198,0.222,"RF(class_weight=None,max_depth=None,min_samples_leaf=1,n_estimators=1000)|w=none"
612,w2v,SW,,head,5000,1-1,w2v,"dim=300,window=10,epochs=20,min_count=1",mean,300,LogReg,"{""C"": ""1.0"", ""class_weight"": ""balanced""}",none,0.820639,0.816811,0.88044,0.804353,0.811306,0.033249,0.5,default,0.51887961,0.51887961,"LogReg(C=1.0,class_weight=balanced)|w=none"
613,tfidf,SW,,head,5000,1-1,tfidf,,,367,LogReg,"{""C"": ""10.0"", ""class_weight"": ""None""}",none,0.820629,0.814907,0.934229,0.853098,0.844009,0.063588,0.5,default,0.1191143,0.1191143,"LogReg(C=10.0,class_weight=None)|w=none"
614,tfidf,SW,,head,5000,1-1,tfidf,,,367,LinearSVC,"{""C"": ""0.01"", ""class_weight"": ""balanced""}",none,0.820524,0.81604,0.881333,0.820533,0.820533,0.053112,0.0,default,-0.02715837,-0.02715837,"LinearSVC(C=0.01,class_weight=balanced)|w=none"
615,w2v,SW,,head,5000,1-1,w2v,"dim=100,window=5,epochs=5,min_count=1",tfidf_mean,100,RF,"{""class_weight"": ""balanced"", ""max_depth"": ""20"", ""min_samples_leaf"": ""2"", ""n_estimators"": ""600""}",none,0.82048,0.814626,0.955767,0.885661,0.876223,0.065924,0.5,default,0.18606156,0.18606156,"RF(class_weight=balanced,max_depth=20,min_samples_leaf=2,n_estimators=600)|w=none"
616,tfidf,SW,,strided,50000,1-1,tfidf,,,553,LinearSVC,"{""C"": ""0.01"", ""class_weight"": ""balanced""}",none,0.82002,0.81531,0.93918,0.853594,0.854565,0.06013,0.0,default,-0.12252272,-0.12252272,"LinearSVC(C=0.01,class_weight=balanced)|w=none"
617,tokenizer,WPC,500,head,5000,1-2,tfidf,,,1172,LinearSVC,"{""C"": ""0.1"", ""class_weight"": ""balanced""}",none,0.819666,0.814612,0.913704,0.830284,0.82201,0.061755,0.0,default,-0.31942351,-0.23925754,"LinearSVC(C=0.1,class_weight=balanced)|w=none"
618,w2v,SW,,strided,5000,1-1,w2v,"dim=300,window=5,epochs=5,min_count=1",tfidf_mean,300,RF,"{""class_weight"": ""None"", ""max_depth"": ""None"", ""min_samples_leaf"": ""1"", ""n_estimators"": ""1000""}",none,0.81896,0.813103,0.965429,0.895629,0.895629,0.067029,0.5,default,0.16501562,0.16501562,"RF(class_weight=None,max_depth=None,min_samples_leaf=1,n_estimators=1000)|w=none"
619,w2v,SW,,head,5000,1-1,w2v,"dim=300,window=30,epochs=5,min_count=1",tfidf_mean,300,RF,"{""class_weight"": ""balanced"", ""max_depth"": ""20"", ""min_samples_leaf"": ""2"", ""n_estimators"": ""600""}",none,0.818946,0.813175,0.957491,0.864595,0.861949,0.063916,0.5,default,0.20183633,0.20183633,"RF(class_weight=balanced,max_depth=20,min_samples_leaf=2,n_estimators=600)|w=none"
620,tfidf,SW,,strided,5000,1-1,tfidf,,,434,LinearSVC,"{""C"": ""0.1"", ""class_weight"": ""None""}",none,0.818797,0.813216,0.962048,0.896245,0.900101,0.048147,0.0,default,-0.23475388,-0.23475388,"LinearSVC(C=0.1,class_weight=None)|w=none"
621,w2v,SW,,head,5000,1-1,w2v,"dim=300,window=5,epochs=5,min_count=1",mean_max,300,MLP,"{""alpha"": ""0.0001"", ""early_stopping"": ""True"", ""hidden_layer_sizes"": ""(500,)"", ""learning_rate_init"": ""0.001""}",none,0.818696,0.813361,0.877623,0.812847,0.817958,0.060686,0.5,default,0.40993953,0.40993953,"MLP(alpha=0.0001,early_stopping=True,hidden_layer_sizes=(500,),learning_rate_init=0.001)|w=none"
622,w2v,SW,,head,5000,1-1,w2v,"dim=300,window=10,epochs=20,min_count=1",mean_max,300,RF,"{""class_weight"": ""balanced"", ""max_depth"": ""20"", ""min_samples_leaf"": ""2"", ""n_estimators"": ""600""}",none,0.817809,0.811997,0.962118,0.908676,0.910055,0.083405,0.5,default,0.21918933,0.21918933,"RF(class_weight=balanced,max_depth=20,min_samples_leaf=2,n_estimators=600)|w=none"
623,w2v,SW,,strided,5000,1-1,w2v,"dim=300,window=5,epochs=5,min_count=1",tfidf_mean,300,MLP,"{""alpha"": ""0.01"", ""early_stopping"": ""False"", ""hidden_layer_sizes"": ""(500,)"", ""learning_rate_init"": ""0.001""}",none,0.817359,0.811869,0.920643,0.879204,0.879204,0.046726,0.5,default,0.16705729,0.16705729,"MLP(alpha=0.01,early_stopping=False,hidden_layer_sizes=(500,),learning_rate_init=0.001)|w=none"
624,w2v,SW,,head,5000,1-1,w2v,"dim=100,window=30,epochs=5,min_count=1",tfidf_mean,100,SVM-RBF,"{""C"": ""10.0"", ""class_weight"": ""None"", ""gamma"": ""0.1""}",none,0.816841,0.811171,0.947717,0.892326,0.894285,0.075171,0.0,default,-0.80494427,-0.80494427,"SVM-RBF(C=10.0,class_weight=None,gamma=0.1)|w=none"
625,w2v,SW,,head,20000,1-1,w2v,"dim=300,window=5,epochs=5,min_count=1",mean,300,MLP,"{""alpha"": ""0.0001"", ""early_stopping"": ""True"", ""hidden_layer_sizes"": ""(500,)"", ""learning_rate_init"": ""0.001""}",class_arch,0.816696,0.811461,0.877273,0.828778,0.828778,0.074213,0.5,default,0.41623249,0.41623249,"MLP(alpha=0.0001,early_stopping=True,hidden_layer_sizes=(500,),learning_rate_init=0.001)|w=class_arch"
626,w2v,SW,,head,5000,1-1,w2v,"dim=300,window=30,epochs=5,min_count=1",tfidf_mean,300,SVM-RBF,"{""C"": ""10.0"", ""class_weight"": ""None"", ""gamma"": ""0.1""}",none,0.816268,0.810618,0.946712,0.890625,0.894984,0.074722,0.0,default,-0.80816871,-0.80816871,"SVM-RBF(C=10.0,class_weight=None,gamma=0.1)|w=none"
627,w2v,SW,,head,5000,1-1,w2v,"dim=300,window=10,epochs=20,min_count=1",tfidf_mean,300,SVM-RBF,"{""C"": ""10.0"", ""class_weight"": ""None"", ""gamma"": ""0.1""}",none,0.81608,0.81041,0.936954,0.903959,0.898728,0.070496,0.0,default,-0.7641886,-0.7641886,"SVM-RBF(C=10.0,class_weight=None,gamma=0.1)|w=none"
628,w2v,SW,,head,20000,1-1,w2v,"dim=100,window=30,epochs=5,min_count=1",mean_max,100,SVM-RBF,"{""C"": ""100.0"", ""class_weight"": ""balanced"", ""gamma"": ""scale""}",none,0.815789,0.810169,0.911772,0.870481,0.870481,0.067495,0.0,default,-0.71713071,-0.71713071,"SVM-RBF(C=100.0,class_weight=balanced,gamma=scale)|w=none"
629,w2v,SW,,head,5000,1-1,w2v,"dim=100,window=30,epochs=5,min_count=1",mean_max,100,MLP,"{""alpha"": ""0.0001"", ""early_stopping"": ""True"", ""hidden_layer_sizes"": ""(500,)"", ""learning_rate_init"": ""0.001""}",none,0.815591,0.810885,0.873225,0.814225,0.814225,0.060745,0.5,default,0.45733001,0.45733001,"MLP(alpha=0.0001,early_stopping=True,hidden_layer_sizes=(500,),learning_rate_init=0.001)|w=none"
630,w2v,SW,,head,5000,1-1,w2v,"dim=100,window=5,epochs=5,min_count=1",tfidf_mean,100,MLP,"{""alpha"": ""0.0001"", ""early_stopping"": ""True"", ""hidden_layer_sizes"": ""(500,)"", ""learning_rate_init"": ""0.001""}",class_arch,0.813894,0.810808,0.863705,0.764739,0.764739,0.040248,0.5,default,0.5262293,0.5262293,"MLP(alpha=0.0001,early_stopping=True,hidden_layer_sizes=(500,),learning_rate_init=0.001)|w=class_arch"
631,w2v,SW,,strided,20000,1-1,w2v,"dim=100,window=30,epochs=5,min_count=1",mean,100,RF,"{""class_weight"": ""balanced"", ""max_depth"": ""20"", ""min_samples_leaf"": ""2"", ""n_estimators"": ""600""}",none,0.813669,0.808021,0.963737,0.884136,0.884396,0.067696,0.5,default,0.12929964,0.21076788,"RF(class_weight=balanced,max_depth=20,min_samples_leaf=2,n_estimators=600)|w=none"
632,w2v,SW,,head,5000,1-1,w2v,"dim=100,window=30,epochs=5,min_count=1",mean,100,MLP,"{""alpha"": ""0.0001"", ""early_stopping"": ""True"", ""hidden_layer_sizes"": ""(500,)"", ""learning_rate_init"": ""0.001""}",class_arch,0.813441,0.808175,0.871647,0.835816,0.807722,0.074215,0.5,default,0.35848171,0.35848171,"MLP(alpha=0.0001,early_stopping=True,hidden_layer_sizes=(500,),learning_rate_init=0.001)|w=class_arch"
633,w2v,SW,,head,5000,1-1,w2v,"dim=300,window=5,epochs=5,min_count=1",tfidf_mean,300,MLP,"{""alpha"": ""0.0001"", ""early_stopping"": ""True"", ""hidden_layer_sizes"": ""(500,)"", ""learning_rate_init"": ""0.001""}",class_arch,0.813441,0.808175,0.874763,0.799666,0.807975,0.031627,0.5,default,0.4683583,0.4683583,"MLP(alpha=0.0001,early_stopping=True,hidden_layer_sizes=(500,),learning_rate_init=0.001)|w=class_arch"
634,w2v,SW,,head,20000,1-1,w2v,"dim=100,window=30,epochs=5,min_count=1",mean_max,100,RF,"{""class_weight"": ""balanced"", ""max_depth"": ""None"", ""min_samples_leaf"": ""1"", ""n_estimators"": ""600""}",none,0.813189,0.807572,0.971808,0.904224,0.887701,0.074651,0.5,default,0.18775391,0.21,"RF(class_weight=balanced,max_depth=None,min_samples_leaf=1,n_estimators=600)|w=none"
635,tfidf,SW,,head,5000,1-1,tfidf,,,367,LinearSVC,"{""C"": ""0.1"", ""class_weight"": ""None""}",none,0.812694,0.807413,0.915703,0.841907,0.846257,0.059816,0.0,default,-0.34852734,-0.34852734,"LinearSVC(C=0.1,class_weight=None)|w=none"
636,w2v,SW,,head,5000,1-1,w2v,"dim=300,window=10,epochs=20,min_count=1",mean,300,SVM-RBF,"{""C"": ""10.0"", ""class_weight"": ""None"", ""gamma"": ""0.1""}",none,0.812626,0.807091,0.926772,0.887269,0.883643,0.079212,0.0,default,-0.84315744,-0.84315744,"SVM-RBF(C=10.0,class_weight=None,gamma=0.1)|w=none"
637,w2v,SW,,head,5000,1-1,w2v,"dim=200,window=10,epochs=10,min_count=5",mean,200,LogReg,"{""C"": ""1.0"", ""class_weight"": ""balanced""}",none,0.81253,0.808899,0.873923,0.809532,0.809532,0.03267,0.5,default,0.46622119,0.46622119,"LogReg(C=1.0,class_weight=balanced)|w=none"
638,tfidf,SW,,head,5000,1-1,tfidf,,,367,LogReg,"{""C"": ""1.0"", ""class_weight"": ""None""}",none,0.812484,0.807277,0.917604,0.86374,0.86374,0.06121,0.5,default,0.29363986,0.29363986,"LogReg(C=1.0,class_weight=None)|w=none"
639,w2v,SW,,strided,20000,1-1,w2v,"dim=300,window=5,epochs=5,min_count=1",mean_max,300,RF,"{""class_weight"": ""balanced"", ""max_depth"": ""20"", ""min_samples_leaf"": ""2"", ""n_estimators"": ""600""}",none,0.812205,0.806602,0.975843,0.932102,0.93357,0.037957,0.5,default,0.22651425,0.28860814,"RF(class_weight=balanced,max_depth=20,min_samples_leaf=2,n_estimators=600)|w=none"
640,tfidf,SW,,head,50000,1-1,tfidf,,,532,LogReg,"{""C"": ""0.1"", ""class_weight"": ""balanced""}",none,0.812015,0.807254,0.945119,0.880915,0.880892,0.031817,0.5,default,0.4489785,0.4489785,"LogReg(C=0.1,class_weight=balanced)|w=none"
641,tfidf,SW,,strided,50000,1-1,tfidf,,,553,LinearSVC,"{""C"": ""0.01"", ""class_weight"": ""None""}",none,0.811943,0.806651,0.940085,0.852807,0.855236,0.061043,0.0,default,-0.20771116,-0.20771116,"LinearSVC(C=0.01,class_weight=None)|w=none"
642,w2v,SW,,head,20000,1-1,w2v,"dim=100,window=30,epochs=5,min_count=1",mean_max,100,SVM-RBF,"{""C"": ""10.0"", ""class_weight"": ""None"", ""gamma"": ""scale""}",class_arch,0.811766,0.806298,0.887719,0.864654,0.864654,0.061807,0.0,default,-0.74860019,-0.74860019,"SVM-RBF(C=10.0,class_weight=None,gamma=scale)|w=class_arch"
643,w2v,SW,,head,5000,1-1,w2v,"dim=200,window=10,epochs=10,min_count=5",mean_max,200,RF,"{""class_weight"": ""None"", ""max_depth"": ""None"", ""min_samples_leaf"": ""1"", ""n_estimators"": ""1000""}",none,0.811726,0.806153,0.966429,0.909116,0.910592,0.070925,0.5,default,0.253,0.253,"RF(class_weight=None,max_depth=None,min_samples_leaf=1,n_estimators=1000)|w=none"
644,w2v,SW,,head,5000,1-1,w2v,"dim=100,window=30,epochs=5,min_count=1",tfidf_mean,100,RF,"{""class_weight"": ""None"", ""max_depth"": ""None"", ""min_samples_leaf"": ""1"", ""n_estimators"": ""1000""}",none,0.811472,0.805985,0.960069,0.876894,0.890369,0.070891,0.5,default,0.208,0.208,"RF(class_weight=None,max_depth=None,min_samples_leaf=1,n_estimators=1000)|w=none"
645,tfidf,SW,,strided,50000,1-1,tfidf,,,553,LogReg,"{""C"": ""0.1"", ""class_weight"": ""None""}",none,0.811079,0.805858,0.941804,0.857543,0.858514,0.059662,0.5,default,0.39708895,0.39708895,"LogReg(C=0.1,class_weight=None)|w=none"
646,w2v,SW,,head,5000,1-1,w2v,"dim=300,window=5,epochs=5,min_count=1",tfidf_mean,300,SVM-RBF,"{""C"": ""1.0"", ""class_weight"": ""balanced"", ""gamma"": ""scale""}",none,0.810619,0.807104,0.893305,0.838369,0.838369,0.026595,0.0,default,-0.29307659,-0.29307659,"SVM-RBF(C=1.0,class_weight=balanced,gamma=scale)|w=none"
647,w2v,SW,,head,5000,1-1,w2v,"dim=100,window=5,epochs=5,min_count=1",tfidf_mean,100,RF,"{""class_weight"": ""balanced"", ""max_depth"": ""None"", ""min_samples_leaf"": ""1"", ""n_estimators"": ""600""}",none,0.810594,0.805119,0.957675,0.891556,0.891556,0.07583,0.5,default,0.18166667,0.18166667,"RF(class_weight=balanced,max_depth=None,min_samples_leaf=1,n_estimators=600)|w=none"
648,w2v,SW,,head,5000,1-1,w2v,"dim=300,window=30,epochs=5,min_count=1",mean_max,300,RF,"{""class_weight"": ""balanced"", ""max_depth"": ""20"", ""min_samples_leaf"": ""2"", ""n_estimators"": ""600""}",none,0.810186,0.804702,0.959146,0.910971,0.910971,0.075757,0.5,default,0.21433839,0.21433839,"RF(class_weight=balanced,max_depth=20,min_samples_leaf=2,n_estimators=600)|w=none"
649,w2v,SW,,head,20000,1-1,w2v,"dim=100,window=30,epochs=5,min_count=1",mean,100,MLP,"{""alpha"": ""0.0001"", ""early_stopping"": ""True"", ""hidden_layer_sizes"": ""(500,)"", ""learning_rate_init"": ""0.001""}",class_arch,0.810183,0.80574,0.858319,0.776391,0.78015,0.117518,0.5,default,0.42854952,0.42854952,"MLP(alpha=0.0001,early_stopping=True,hidden_layer_sizes=(500,),learning_rate_init=0.001)|w=class_arch"
650,w2v,SW,,head,5000,1-1,w2v,"dim=100,window=30,epochs=5,min_count=1",mean_max,100,SVM-RBF,"{""C"": ""100.0"", ""class_weight"": ""balanced"", ""gamma"": ""scale""}",none,0.810136,0.804743,0.868663,0.830479,0.834947,0.036259,0.0,default,-0.65224573,-0.42015785,"SVM-RBF(C=100.0,class_weight=balanced,gamma=scale)|w=none"
651,w2v,SW,,head,5000,1-1,w2v,"dim=300,window=5,epochs=5,min_count=1",mean_max,300,RF,"{""class_weight"": ""balanced"", ""max_depth"": ""20"", ""min_samples_leaf"": ""2"", ""n_estimators"": ""600""}",none,0.809501,0.804045,0.962939,0.909596,0.909596,0.075339,0.5,default,0.20010897,0.20010897,"RF(class_weight=balanced,max_depth=20,min_samples_leaf=2,n_estimators=600)|w=none"
652,w2v,SW,,head,5000,1-1,w2v,"dim=200,window=10,epochs=10,min_count=5",tfidf_mean,200,RF,"{""class_weight"": ""balanced"", ""max_depth"": ""20"", ""min_samples_leaf"": ""2"", ""n_estimators"": ""600""}",none,0.809229,0.803804,0.958416,0.897958,0.88666,0.080172,0.5,default,0.16442299,0.16442299,"RF(class_weight=balanced,max_depth=20,min_samples_leaf=2,n_estimators=600)|w=none"
653,tfidf,SW,,strided,20000,1-1,tfidf,,,515,LogReg,"{""C"": ""0.1"", ""class_weight"": ""None""}",none,0.808996,0.803782,0.944484,0.852598,0.85577,0.06052,0.5,default,0.40781388,0.40781388,"LogReg(C=0.1,class_weight=None)|w=none"
654,w2v,SW,,head,5000,1-1,w2v,"dim=300,window=10,epochs=20,min_count=1",tfidf_mean,300,SVM-RBF,"{""C"": ""1.0"", ""class_weight"": ""balanced"", ""gamma"": ""scale""}",none,0.808956,0.804883,0.909955,0.836335,0.836335,0.040064,0.0,default,-0.40484732,-0.40484732,"SVM-RBF(C=1.0,class_weight=balanced,gamma=scale)|w=none"
655,w2v,SW,,strided,5000,1-1,w2v,"dim=100,window=30,epochs=5,min_count=1",tfidf_mean,100,SVM-RBF,"{""C"": ""10.0"", ""class_weight"": ""None"", ""gamma"": ""0.1""}",none,0.808781,0.803428,0.922015,0.90325,0.899604,0.10056,0.0,default,-0.56990535,-0.56990535,"SVM-RBF(C=10.0,class_weight=None,gamma=0.1)|w=none"
656,w2v,SW,,head,5000,1-1,w2v,"dim=300,window=5,epochs=5,min_count=1",mean,300,MLP,"{""alpha"": ""0.0001"", ""early_stopping"": ""True"", ""hidden_layer_sizes"": ""(500,)"", ""learning_rate_init"": ""0.001""}",class_arch,0.808576,0.803582,0.859583,0.791258,0.792945,0.053346,0.5,default,0.47829573,0.47829573,"MLP(alpha=0.0001,early_stopping=True,hidden_layer_sizes=(500,),learning_rate_init=0.001)|w=class_arch"
657,w2v,SW,,head,5000,1-1,w2v,"dim=300,window=10,epochs=20,min_count=1",mean_max,300,MLP,"{""alpha"": ""0.0001"", ""early_stopping"": ""True"", ""hidden_layer_sizes"": ""(500,)"", ""learning_rate_init"": ""0.001""}",none,0.808518,0.80408,0.892751,0.798856,0.804583,0.035668,0.5,default,0.33871502,0.33871502,"MLP(alpha=0.0001,early_stopping=True,hidden_layer_sizes=(500,),learning_rate_init=0.001)|w=none"
658,w2v,SW,,head,5000,1-1,w2v,"dim=100,window=5,epochs=5,min_count=1",tfidf_mean,100,RF,"{""class_weight"": ""None"", ""max_depth"": ""None"", ""min_samples_leaf"": ""1"", ""n_estimators"": ""1000""}",none,0.808169,0.802802,0.956907,0.867146,0.871747,0.076823,0.5,default,0.18628906,0.18628906,"RF(class_weight=None,max_depth=None,min_samples_leaf=1,n_estimators=1000)|w=none"
659,w2v,SW,,head,5000,1-1,w2v,"dim=300,window=5,epochs=5,min_count=1",mean,300,RF,"{""class_weight"": ""balanced"", ""max_depth"": ""20"", ""min_samples_leaf"": ""2"", ""n_estimators"": ""600""}",none,0.808169,0.802802,0.951679,0.869955,0.869955,0.076801,0.5,default,0.14468472,0.14468472,"RF(class_weight=balanced,max_depth=20,min_samples_leaf=2,n_estimators=600)|w=none"
660,w2v,SW,,head,5000,1-1,w2v,"dim=100,window=5,epochs=5,min_count=1",tfidf_mean,100,SVM-RBF,"{""C"": ""1.0"", ""class_weight"": ""balanced"", ""gamma"": ""scale""}",none,0.808167,0.804756,0.894725,0.838885,0.838885,0.023729,0.0,default,-0.29029403,-0.29029403,"SVM-RBF(C=1.0,class_weight=balanced,gamma=scale)|w=none"
661,tfidf,SW,,strided,20000,1-1,tfidf,,,515,LinearSVC,"{""C"": ""0.01"", ""class_weight"": ""None""}",none,0.80804,0.802811,0.943309,0.853261,0.853261,0.06034,0.0,default,-0.1991944,-0.1991944,"LinearSVC(C=0.01,class_weight=None)|w=none"
662,w2v,SW,,head,5000,1-1,w2v,"dim=300,window=5,epochs=5,min_count=1",mean_max,300,RF,"{""class_weight"": ""None"", ""max_depth"": ""None"", ""min_samples_leaf"": ""1"", ""n_estimators"": ""1000""}",none,0.807751,0.802385,0.96562,0.91456,0.91456,0.076747,0.5,default,0.19565234,0.19565234,"RF(class_weight=None,max_depth=None,min_samples_leaf=1,n_estimators=1000)|w=none"
663,w2v,SW,,head,5000,1-1,w2v,"dim=300,window=10,epochs=20,min_count=1",tfidf_mean,300,RF,"{""class_weight"": ""balanced"", ""max_depth"": ""20"", ""min_samples_leaf"": ""2"", ""n_estimators"": ""600""}",none,0.807483,0.802145,0.954702,0.895262,0.895262,0.090433,0.5,default,0.17656574,0.17656574,"RF(class_weight=balanced,max_depth=20,min_samples_leaf=2,n_estimators=600)|w=none"
664,w2v,SW,,head,5000,1-1,w2v,"dim=200,window=10,epochs=10,min_count=5",mean,200,RF,"{""class_weight"": ""balanced"", ""max_depth"": ""20"", ""min_samples_leaf"": ""2"", ""n_estimators"": ""600""}",none,0.807213,0.801905,0.955027,0.879118,0.874732,0.072953,0.5,default,0.25463705,0.25463705,"RF(class_weight=balanced,max_depth=20,min_samples_leaf=2,n_estimators=600)|w=none"
665,w2v,SW,,head,5000,1-1,w2v,"dim=100,window=30,epochs=5,min_count=1",mean,100,SVM-RBF,"{""C"": ""1.0"", ""class_weight"": ""balanced"", ""gamma"": ""scale""}",none,0.806998,0.803826,0.890233,0.820984,0.820984,0.023783,0.0,default,-0.103651,-0.103651,"SVM-RBF(C=1.0,class_weight=balanced,gamma=scale)|w=none"
666,w2v,SW,,head,5000,1-1,w2v,"dim=100,window=30,epochs=5,min_count=1",tfidf_mean,100,SVM-RBF,"{""C"": ""1.0"", ""class_weight"": ""balanced"", ""gamma"": ""scale""}",none,0.806677,0.802566,0.912306,0.844668,0.84405,0.040579,0.0,default,-0.33769157,-0.33769157,"SVM-RBF(C=1.0,class_weight=balanced,gamma=scale)|w=none"
667,tfidf,SW,,head,50000,1-1,tfidf,,,532,LinearSVC,"{""C"": ""0.01"", ""class_weight"": ""balanced""}",none,0.806633,0.801859,0.943134,0.881797,0.857899,0.03633,0.0,default,-0.0797499,-0.06230985,"LinearSVC(C=0.01,class_weight=balanced)|w=none"
668,w2v,SW,,head,5000,1-1,w2v,"dim=300,window=30,epochs=5,min_count=1",tfidf_mean,300,SVM-RBF,"{""C"": ""1.0"", ""class_weight"": ""balanced"", ""gamma"": ""scale""}",none,0.806601,0.802462,0.911348,0.842079,0.842079,0.04125,0.0,default,-0.34622402,-0.34622402,"SVM-RBF(C=1.0,class_weight=balanced,gamma=scale)|w=none"
669,w2v,SW,,head,5000,1-1,w2v,"dim=200,window=10,epochs=10,min_count=5",mean_max,200,RF,"{""class_weight"": ""balanced"", ""max_depth"": ""None"", ""min_samples_leaf"": ""1"", ""n_estimators"": ""600""}",none,0.80652,0.801207,0.964916,0.917876,0.917876,0.072902,0.5,default,0.225,0.225,"RF(class_weight=balanced,max_depth=None,min_samples_leaf=1,n_estimators=600)|w=none"
670,tfidf,SW,,strided,5000,1-1,tfidf,,,434,LinearSVC,"{""C"": ""0.01"", ""class_weight"": ""None""}",none,0.805884,0.800663,0.934421,0.83952,0.859536,0.050442,0.0,default,-0.14857727,-0.14857727,"LinearSVC(C=0.01,class_weight=None)|w=none"
671,tfidf,SW,,strided,5000,1-1,tfidf,,,434,LogReg,"{""C"": ""0.1"", ""class_weight"": ""None""}",none,0.805714,0.800526,0.935199,0.843633,0.863242,0.05083,0.5,default,0.42260375,0.42260375,"LogReg(C=0.1,class_weight=None)|w=none"
672,w2v,SW,,head,5000,1-1,w2v,"dim=300,window=30,epochs=5,min_count=1",mean,300,SVM-RBF,"{""C"": ""1.0"", ""class_weight"": ""balanced"", ""gamma"": ""scale""}",none,0.805438,0.802271,0.88925,0.823193,0.827445,0.024618,0.0,default,-0.08578445,-0.08578445,"SVM-RBF(C=1.0,class_weight=balanced,gamma=scale)|w=none"
673,w2v,SW,,head,5000,1-1,w2v,"dim=200,window=10,epochs=10,min_count=5",tfidf_mean,200,RF,"{""class_weight"": ""None"", ""max_depth"": ""None"", ""min_samples_leaf"": ""1"", ""n_estimators"": ""1000""}",none,0.805149,0.799933,0.96196,0.898348,0.889068,0.086228,0.5,default,0.14825781,0.14825781,"RF(class_weight=None,max_depth=None,min_samples_leaf=1,n_estimators=1000)|w=none"
674,w2v,SW,,head,5000,1-1,w2v,"dim=200,window=10,epochs=10,min_count=5",mean_max,200,SVM-RBF,"{""C"": ""10.0"", ""class_weight"": ""balanced"", ""gamma"": ""scale""}",none,0.804895,0.799878,0.881925,0.845345,0.845345,0.09145,0.0,default,-0.55917328,-0.55917328,"SVM-RBF(C=10.0,class_weight=balanced,gamma=scale)|w=none"
675,w2v,SW,,head,5000,1-1,w2v,"dim=300,window=5,epochs=5,min_count=1",mean_max,300,SVM-RBF,"{""C"": ""100.0"", ""class_weight"": ""balanced"", ""gamma"": ""scale""}",none,0.804722,0.799556,0.870476,0.813432,0.813432,0.063571,0.0,default,-0.53501482,-0.53501482,"SVM-RBF(C=100.0,class_weight=balanced,gamma=scale)|w=none"
676,w2v,SW,,head,5000,1-1,w2v,"dim=300,window=30,epochs=5,min_count=1",mean_max,300,SVM-RBF,"{""C"": ""100.0"", ""class_weight"": ""balanced"", ""gamma"": ""scale""}",none,0.804556,0.79942,0.871701,0.833644,0.833644,0.042367,0.0,default,-0.77588199,-0.77588199,"SVM-RBF(C=100.0,class_weight=balanced,gamma=scale)|w=none"
677,w2v,SW,,head,5000,1-1,w2v,"dim=200,window=10,epochs=10,min_count=5",mean_max,200,SVM-RBF,"{""C"": ""10.0"", ""class_weight"": ""None"", ""gamma"": ""scale""}",class_arch,0.804385,0.799284,0.890049,0.837425,0.839841,0.095336,0.0,default,-0.70254734,-0.70254734,"SVM-RBF(C=10.0,class_weight=None,gamma=scale)|w=class_arch"
678,w2v,SW,,head,5000,1-1,w2v,"dim=100,window=5,epochs=5,min_count=1",tfidf_mean,100,LogReg,"{""C"": ""1.0"", ""class_weight"": ""balanced""}",none,0.804217,0.800675,0.881706,0.797491,0.806156,0.035882,0.5,default,0.61057488,0.61057488,"LogReg(C=1.0,class_weight=balanced)|w=none"
679,w2v,SW,,head,5000,1-1,w2v,"dim=200,window=10,epochs=10,min_count=5",tfidf_mean,200,SVM-RBF,"{""C"": ""1.0"", ""class_weight"": ""balanced"", ""gamma"": ""scale""}",none,0.804045,0.800186,0.90716,0.834817,0.835785,0.038785,0.0,default,-0.28765173,-0.28765173,"SVM-RBF(C=1.0,class_weight=balanced,gamma=scale)|w=none"
680,w2v,SW,,head,5000,1-1,w2v,"dim=100,window=30,epochs=5,min_count=1",mean,100,RF,"{""class_weight"": ""balanced"", ""max_depth"": ""None"", ""min_samples_leaf"": ""1"", ""n_estimators"": ""600""}",none,0.803717,0.798586,0.949669,0.860495,0.862442,0.081973,0.5,default,0.15333333,0.15333333,"RF(class_weight=balanced,max_depth=None,min_samples_leaf=1,n_estimators=600)|w=none"
681,w2v,SW,,head,5000,1-1,w2v,"dim=100,window=5,epochs=5,min_count=1",mean_max,100,MLP,"{""alpha"": ""0.01"", ""early_stopping"": ""False"", ""hidden_layer_sizes"": ""(500,)"", ""learning_rate_init"": ""0.001""}",none,0.803652,0.798668,0.914299,0.8558,0.8558,0.117275,0.5,default,0.05677249,0.05677249,"MLP(alpha=0.01,early_stopping=False,hidden_layer_sizes=(500,),learning_rate_init=0.001)|w=none"
682,w2v,SW,,head,5000,1-1,w2v,"dim=300,window=5,epochs=5,min_count=1",mean_max,300,RF,"{""class_weight"": ""balanced"", ""max_depth"": ""None"", ""min_samples_leaf"": ""1"", ""n_estimators"": ""600""}",none,0.803543,0.798409,0.963643,0.913545,0.908333,0.079273,0.5,default,0.20803385,0.20803385,"RF(class_weight=balanced,max_depth=None,min_samples_leaf=1,n_estimators=600)|w=none"
683,w2v,SW,,head,5000,1-1,w2v,"dim=100,window=30,epochs=5,min_count=1",mean,100,RF,"{""class_weight"": ""balanced"", ""max_depth"": ""20"", ""min_samples_leaf"": ""2"", ""n_estimators"": ""600""}",none,0.803453,0.798346,0.950236,0.860233,0.860233,0.078637,0.5,default,0.13759788,0.13759788,"RF(class_weight=balanced,max_depth=20,min_samples_leaf=2,n_estimators=600)|w=none"
684,w2v,SW,,head,5000,1-1,w2v,"dim=100,window=5,epochs=5,min_count=1",mean_max,100,RF,"{""class_weight"": ""balanced"", ""max_depth"": ""None"", ""min_samples_leaf"": ""1"", ""n_estimators"": ""600""}",none,0.803433,0.798305,0.958942,0.920199,0.920199,0.073074,0.5,default,0.255,0.255,"RF(class_weight=balanced,max_depth=None,min_samples_leaf=1,n_estimators=600)|w=none"
685,w2v,SW,,head,5000,1-1,w2v,"dim=300,window=5,epochs=5,min_count=1",mean_max,300,LogReg,"{""C"": ""1.0"", ""class_weight"": ""balanced""}",none,0.803257,0.798251,0.863925,0.805174,0.798984,0.058434,0.5,default,0.15990862,0.15990862,"LogReg(C=1.0,class_weight=balanced)|w=none"
686,w2v,SW,,head,5000,1-1,w2v,"dim=300,window=5,epochs=5,min_count=1",tfidf_mean,300,LogReg,"{""C"": ""1.0"", ""class_weight"": ""balanced""}",none,0.803195,0.799674,0.881921,0.790155,0.799649,0.036616,0.5,default,0.60132953,0.60132953,"LogReg(C=1.0,class_weight=balanced)|w=none"
687,w2v,SW,,head,5000,1-1,w2v,"dim=300,window=30,epochs=5,min_count=1",mean_max,300,LogReg,"{""C"": ""1.0"", ""class_weight"": ""balanced""}",none,0.8027,0.79777,0.856317,0.800982,0.800982,0.057149,0.5,default,0.25923738,0.25923738,"LogReg(C=1.0,class_weight=balanced)|w=none"
688,w2v,SW,,strided,20000,1-1,w2v,"dim=100,window=30,epochs=5,min_count=1",mean,100,RF,"{""class_weight"": ""balanced"", ""max_depth"": ""None"", ""min_samples_leaf"": ""1"", ""n_estimators"": ""600""}",none,0.802479,0.797407,0.966827,0.902457,0.902457,0.080007,0.5,default,0.14833333,0.14833333,"RF(class_weight=balanced,max_depth=None,min_samples_leaf=1,n_estimators=600)|w=none"
689,w2v,SW,,strided,20000,1-1,w2v,"dim=300,window=5,epochs=5,min_count=1",mean_max,300,RF,"{""class_weight"": ""balanced"", ""max_depth"": ""None"", ""min_samples_leaf"": ""1"", ""n_estimators"": ""600""}",none,0.802368,0.797303,0.976415,0.938486,0.938486,0.047073,0.5,default,0.245,0.245,"RF(class_weight=balanced,max_depth=None,min_samples_leaf=1,n_estimators=600)|w=none"
690,w2v,SW,,head,5000,1-1,w2v,"dim=200,window=10,epochs=10,min_count=5",mean_max,200,SVM-RBF,"{""C"": ""100.0"", ""class_weight"": ""balanced"", ""gamma"": ""scale""}",none,0.802339,0.797312,0.893177,0.869829,0.854442,0.09768,0.0,default,-0.88219048,-0.88219048,"SVM-RBF(C=100.0,class_weight=balanced,gamma=scale)|w=none"
691,w2v,SW,,head,5000,1-1,w2v,"dim=300,window=5,epochs=5,min_count=1",mean,300,RF,"{""class_weight"": ""None"", ""max_depth"": ""None"", ""min_samples_leaf"": ""1"", ""n_estimators"": ""1000""}",none,0.802222,0.797167,0.951874,0.886879,0.886879,0.08678,0.5,default,0.15,0.15,"RF(class_weight=None,max_depth=None,min_samples_leaf=1,n_estimators=1000)|w=none"
692,w2v,SW,,head,5000,1-1,w2v,"dim=300,window=30,epochs=5,min_count=1",mean_max,300,MLP,"{""alpha"": ""0.01"", ""early_stopping"": ""False"", ""hidden_layer_sizes"": ""(500,)"", ""learning_rate_init"": ""0.001""}",none,0.802072,0.797031,0.891504,0.840564,0.840564,0.069388,0.5,default,0.04916745,0.04916745,"MLP(alpha=0.01,early_stopping=False,hidden_layer_sizes=(500,),learning_rate_init=0.001)|w=none"
693,w2v,SW,,strided,20000,1-1,w2v,"dim=300,window=5,epochs=5,min_count=1",mean_max,300,RF,"{""class_weight"": ""None"", ""max_depth"": ""None"", ""min_samples_leaf"": ""1"", ""n_estimators"": ""1000""}",none,0.802031,0.79699,0.976056,0.938071,0.937509,0.027948,0.5,default,0.22041016,0.283,"RF(class_weight=None,max_depth=None,min_samples_leaf=1,n_estimators=1000)|w=none"
694,w2v,SW,,strided,20000,1-1,w2v,"dim=100,window=30,epochs=5,min_count=1",mean,100,RF,"{""class_weight"": ""None"", ""max_depth"": ""None"", ""min_samples_leaf"": ""1"", ""n_estimators"": ""1000""}",none,0.801891,0.796854,0.966054,0.893526,0.893381,0.08647,0.5,default,0.13872656,0.159,"RF(class_weight=None,max_depth=None,min_samples_leaf=1,n_estimators=1000)|w=none"
695,tfidf,SW,,head,5000,1-1,tfidf,,,367,LogReg,"{""C"": ""1.0"", ""class_weight"": ""None""}",class_arch,0.8018,0.796832,0.894414,0.795476,0.811015,0.071262,0.5,default,0.35202621,0.35202621,"LogReg(C=1.0,class_weight=None)|w=class_arch"
696,w2v,SW,,head,5000,1-1,w2v,"dim=300,window=30,epochs=5,min_count=1",mean_max,300,SVM-RBF,"{""C"": ""10.0"", ""class_weight"": ""None"", ""gamma"": ""scale""}",class_arch,0.801758,0.796759,0.878309,0.830991,0.830991,0.037251,0.0,default,-0.67805573,-0.67805573,"SVM-RBF(C=10.0,class_weight=None,gamma=scale)|w=class_arch"
697,w2v,SW,,head,5000,1-1,w2v,"dim=100,window=30,epochs=5,min_count=1",mean_max,100,RF,"{""class_weight"": ""None"", ""max_depth"": ""None"", ""min_samples_leaf"": ""1"", ""n_estimators"": ""1000""}",none,0.801745,0.796718,0.960522,0.903754,0.905718,0.082566,0.5,default,0.242,0.242,"RF(class_weight=None,max_depth=None,min_samples_leaf=1,n_estimators=1000)|w=none"
698,w2v,SW,,head,5000,1-1,w2v,"dim=100,window=30,epochs=5,min_count=1",mean,100,RF,"{""class_weight"": ""None"", ""max_depth"": ""None"", ""min_samples_leaf"": ""1"", ""n_estimators"": ""1000""}",none,0.800425,0.795476,0.951679,0.861008,0.861008,0.079939,0.5,default,0.122,0.156,"RF(class_weight=None,max_depth=None,min_samples_leaf=1,n_estimators=1000)|w=none"
699,w2v,SW,,head,5000,1-1,w2v,"dim=300,window=5,epochs=5,min_count=1",mean_max,300,SVM-RBF,"{""C"": ""10.0"", ""class_weight"": ""balanced"", ""gamma"": ""scale""}",none,0.800274,0.79534,0.880351,0.835361,0.83312,0.039524,0.0,default,-0.68732236,-0.68732236,"SVM-RBF(C=10.0,class_weight=balanced,gamma=scale)|w=none"
700,w2v,SW,,head,5000,1-1,w2v,"dim=300,window=5,epochs=5,min_count=1",mean,300,RF,"{""class_weight"": ""balanced"", ""max_depth"": ""None"", ""min_samples_leaf"": ""1"", ""n_estimators"": ""600""}",none,0.800237,0.795299,0.951813,0.885701,0.885701,0.088231,0.5,default,0.16333333,0.16333333,"RF(class_weight=balanced,max_depth=None,min_samples_leaf=1,n_estimators=600)|w=none"
701,w2v,SW,,head,5000,1-1,w2v,"dim=300,window=30,epochs=5,min_count=1",mean_max,300,MLP,"{""alpha"": ""0.001"", ""early_stopping"": ""True"", ""hidden_layer_sizes"": ""(256, 128)"", ""learning_rate_init"": ""0.001""}",none,0.799691,0.794828,0.899451,0.825346,0.828628,0.065672,0.5,default,0.1519166,0.24828856,"MLP(alpha=0.001,early_stopping=True,hidden_layer_sizes=(256, 128),learning_rate_init=0.001)|w=none"
702,w2v,SW,,head,5000,1-1,w2v,"dim=300,window=30,epochs=5,min_count=1",mean_max,300,RF,"{""class_weight"": ""None"", ""max_depth"": ""None"", ""min_samples_leaf"": ""1"", ""n_estimators"": ""1000""}",none,0.799284,0.794402,0.961888,0.910865,0.911848,0.09209,0.5,default,0.221,0.221,"RF(class_weight=None,max_depth=None,min_samples_leaf=1,n_estimators=1000)|w=none"
703,w2v,SW,,head,5000,1-1,w2v,"dim=100,window=5,epochs=5,min_count=1",mean_max,100,SVM-RBF,"{""C"": ""100.0"", ""class_weight"": ""balanced"", ""gamma"": ""scale""}",none,0.799106,0.794234,0.889992,0.854468,0.82717,0.057097,0.0,default,-0.88328048,-0.88328048,"SVM-RBF(C=100.0,class_weight=balanced,gamma=scale)|w=none"
704,w2v,SW,,head,5000,1-1,w2v,"dim=100,window=30,epochs=5,min_count=1",mean_max,100,RF,"{""class_weight"": ""balanced"", ""max_depth"": ""None"", ""min_samples_leaf"": ""1"", ""n_estimators"": ""600""}",none,0.798808,0.793953,0.959726,0.899378,0.903242,0.08523,0.5,default,0.18166667,0.2459375,"RF(class_weight=balanced,max_depth=None,min_samples_leaf=1,n_estimators=600)|w=none"
705,w2v,SW,,strided,5000,1-1,w2v,"dim=100,window=30,epochs=5,min_count=1",tfidf_mean,100,SVM-RBF,"{""C"": ""100.0"", ""class_weight"": ""balanced"", ""gamma"": ""scale""}",none,0.798739,0.793889,0.924611,0.864958,0.866905,0.102121,0.0,default,-0.63872919,-0.63872919,"SVM-RBF(C=100.0,class_weight=balanced,gamma=scale)|w=none"
706,tfidf,SW,,head,50000,1-1,tfidf,,,532,LogReg,"{""C"": ""0.1"", ""class_weight"": ""None""}",none,0.798162,0.793377,0.945587,0.881404,0.886269,0.050862,0.5,default,0.40474308,0.42089175,"LogReg(C=0.1,class_weight=None)|w=none"
707,w2v,SW,,head,5000,1-1,w2v,"dim=300,window=10,epochs=20,min_count=1",mean,300,SVM-RBF,"{""C"": ""1.0"", ""class_weight"": ""balanced"", ""gamma"": ""scale""}",none,0.798102,0.794945,0.884931,0.830674,0.831904,0.025904,0.0,default,-0.13355611,-0.13355611,"SVM-RBF(C=1.0,class_weight=balanced,gamma=scale)|w=none"
708,tfidf,SW,,strided,5000,1-1,tfidf,,,434,LinearSVC,"{""C"": ""0.1"", ""class_weight"": ""None""}",class_arch,0.798004,0.7932,0.955324,0.890475,0.893795,0.057418,0.0,default,-0.33106884,-0.27999073,"LinearSVC(C=0.1,class_weight=None)|w=class_arch"
709,tfidf,SW,,head,5000,1-1,tfidf,,,367,LinearSVC,"{""C"": ""0.1"", ""class_weight"": ""None""}",class_arch,0.79768,0.792887,0.891598,0.829453,0.814926,0.066672,0.0,default,-0.34014772,-0.34014772,"LinearSVC(C=0.1,class_weight=None)|w=class_arch"
710,w2v,SW,,head,5000,1-1,w2v,"dim=300,window=10,epochs=20,min_count=1",tfidf_mean,300,RF,"{""class_weight"": ""None"", ""max_depth"": ""None"", ""min_samples_leaf"": ""1"", ""n_estimators"": ""1000""}",none,0.797402,0.792638,0.956911,0.90587,0.90587,0.08622,0.5,default,0.16813672,0.194,"RF(class_weight=None,max_depth=None,min_samples_leaf=1,n_estimators=1000)|w=none"
711,w2v,SW,,head,5000,1-1,w2v,"dim=100,window=30,epochs=5,min_count=1",mean_max,100,LogReg,"{""C"": ""1.0"", ""class_weight"": ""balanced""}",none,0.797195,0.792665,0.817054,0.796237,0.798618,0.05842,0.5,default,0.61329632,0.61329632,"LogReg(C=1.0,class_weight=balanced)|w=none"
712,w2v,SW,,head,5000,1-1,w2v,"dim=300,window=10,epochs=20,min_count=1",mean,300,RF,"{""class_weight"": ""balanced"", ""max_depth"": ""None"", ""min_samples_leaf"": ""1"", ""n_estimators"": ""600""}",none,0.796811,0.792085,0.948565,0.857755,0.864705,0.086915,0.5,default,0.17088542,0.17088542,"RF(class_weight=balanced,max_depth=None,min_samples_leaf=1,n_estimators=600)|w=none"
713,w2v,SW,,head,5000,1-1,w2v,"dim=300,window=10,epochs=20,min_count=1",mean_max,300,MLP,"{""alpha"": ""0.001"", ""early_stopping"": ""True"", ""hidden_layer_sizes"": ""(256, 128)"", ""learning_rate_init"": ""0.001""}",none,0.796721,0.792216,0.89045,0.814372,0.824602,0.013552,0.5,default,0.3286077,0.3286077,"MLP(alpha=0.001,early_stopping=True,hidden_layer_sizes=(256, 128),learning_rate_init=0.001)|w=none"
714,w2v,SW,,head,5000,1-1,w2v,"dim=300,window=10,epochs=20,min_count=1",mean,300,RF,"{""class_weight"": ""None"", ""max_depth"": ""None"", ""min_samples_leaf"": ""1"", ""n_estimators"": ""1000""}",none,0.795975,0.791292,0.949657,0.851437,0.858728,0.082728,0.5,default,0.131,0.237,"RF(class_weight=None,max_depth=None,min_samples_leaf=1,n_estimators=1000)|w=none"
715,w2v,SW,,head,5000,1-1,w2v,"dim=300,window=30,epochs=5,min_count=1",mean_max,300,RF,"{""class_weight"": ""balanced"", ""max_depth"": ""None"", ""min_samples_leaf"": ""1"", ""n_estimators"": ""600""}",none,0.795869,0.791219,0.959057,0.901237,0.901237,0.093904,0.5,default,0.21333333,0.21333333,"RF(class_weight=balanced,max_depth=None,min_samples_leaf=1,n_estimators=600)|w=none"
716,w2v,SW,,head,5000,1-1,w2v,"dim=300,window=5,epochs=5,min_count=1",mean,300,MLP,"{""alpha"": ""0.001"", ""early_stopping"": ""True"", ""hidden_layer_sizes"": ""(256, 128)"", ""learning_rate_init"": ""0.001""}",none,0.795262,0.790611,0.880281,0.826291,0.826291,0.094826,0.5,default,0.26514488,0.26514488,"MLP(alpha=0.001,early_stopping=True,hidden_layer_sizes=(256, 128),learning_rate_init=0.001)|w=none"
717,w2v,SW,,head,5000,1-1,w2v,"dim=100,window=30,epochs=5,min_count=1",mean_max,100,MLP,"{""alpha"": ""0.01"", ""early_stopping"": ""False"", ""hidden_layer_sizes"": ""(500,)"", ""learning_rate_init"": ""0.001""}",none,0.794643,0.790018,0.872367,0.821161,0.821161,0.077728,0.5,default,0.26022227,0.26022227,"MLP(alpha=0.01,early_stopping=False,hidden_layer_sizes=(500,),learning_rate_init=0.001)|w=none"
718,w2v,SW,,head,5000,1-1,w2v,"dim=200,window=10,epochs=10,min_count=5",mean_max,200,LogReg,"{""C"": ""1.0"", ""class_weight"": ""balanced""}",none,0.79447,0.789891,0.862025,0.801812,0.801812,0.087073,0.5,default,0.07471672,0.07471672,"LogReg(C=1.0,class_weight=balanced)|w=none"
719,w2v,SW,,head,5000,1-1,w2v,"dim=300,window=10,epochs=20,min_count=1",mean_max,300,RF,"{""class_weight"": ""None"", ""max_depth"": ""None"", ""min_samples_leaf"": ""1"", ""n_estimators"": ""1000""}",none,0.794207,0.789664,0.963553,0.906057,0.906549,0.092769,0.5,default,0.185,0.232,"RF(class_weight=None,max_depth=None,min_samples_leaf=1,n_estimators=1000)|w=none"
720,w2v,SW,,head,5000,1-1,w2v,"dim=200,window=10,epochs=10,min_count=5",mean,200,SVM-RBF,"{""C"": ""1.0"", ""class_weight"": ""balanced"", ""gamma"": ""scale""}",none,0.792097,0.788861,0.877847,0.826773,0.827632,0.01377,0.0,default,-0.26955159,-0.14569557,"SVM-RBF(C=1.0,class_weight=balanced,gamma=scale)|w=none"
721,w2v,SW,,strided,5000,1-1,w2v,"dim=300,window=10,epochs=20,min_count=1",tfidf_mean,300,SVM-RBF,"{""C"": ""100.0"", ""class_weight"": ""balanced"", ""gamma"": ""scale""}",none,0.791933,0.787461,0.90364,0.839348,0.839348,0.109701,0.0,default,-0.59747375,-0.59747375,"SVM-RBF(C=100.0,class_weight=balanced,gamma=scale)|w=none"
722,w2v,SW,,head,5000,1-1,w2v,"dim=100,window=5,epochs=5,min_count=1",mean_max,100,MLP,"{""alpha"": ""0.0001"", ""early_stopping"": ""True"", ""hidden_layer_sizes"": ""(500,)"", ""learning_rate_init"": ""0.001""}",none,0.791257,0.786812,0.901717,0.842749,0.83164,0.046675,0.5,default,0.24875114,0.24875114,"MLP(alpha=0.0001,early_stopping=True,hidden_layer_sizes=(500,),learning_rate_init=0.001)|w=none"
723,w2v,SW,,strided,20000,1-1,w2v,"dim=100,window=30,epochs=5,min_count=1",mean_max,100,SVM-RBF,"{""C"": ""100.0"", ""class_weight"": ""balanced"", ""gamma"": ""scale""}",none,0.791074,0.786635,0.946358,0.922143,0.922143,0.113124,0.0,default,-0.84157598,-0.84157598,"SVM-RBF(C=100.0,class_weight=balanced,gamma=scale)|w=none"
724,w2v,SW,,head,5000,1-1,w2v,"dim=300,window=10,epochs=20,min_count=1",mean_max,300,RF,"{""class_weight"": ""balanced"", ""max_depth"": ""None"", ""min_samples_leaf"": ""1"", ""n_estimators"": ""600""}",none,0.790512,0.786241,0.960917,0.9002,0.90411,0.094008,0.5,default,0.205,0.205,"RF(class_weight=balanced,max_depth=None,min_samples_leaf=1,n_estimators=600)|w=none"
725,w2v,SW,,head,5000,1-1,w2v,"dim=200,window=10,epochs=10,min_count=5",mean_max,200,SVM-RBF,"{""C"": ""1.0"", ""class_weight"": ""balanced"", ""gamma"": ""scale""}",none,0.790372,0.786245,0.897025,0.824202,0.814885,0.036728,0.0,default,-0.41059331,-0.41059331,"SVM-RBF(C=1.0,class_weight=balanced,gamma=scale)|w=none"
726,w2v,SW,,head,5000,1-1,w2v,"dim=100,window=5,epochs=5,min_count=1",mean,100,SVM-RBF,"{""C"": ""1.0"", ""class_weight"": ""balanced"", ""gamma"": ""scale""}",none,0.790347,0.787274,0.86483,0.823497,0.819847,0.009601,0.0,default,-0.43458777,-0.43458777,"SVM-RBF(C=1.0,class_weight=balanced,gamma=scale)|w=none"
727,w2v,SW,,head,20000,1-1,w2v,"dim=300,window=5,epochs=5,min_count=1",mean_max,300,SVM-RBF,"{""C"": ""10.0"", ""class_weight"": ""None"", ""gamma"": ""0.1""}",none,0.790072,0.785992,0.976248,0.930667,0.931556,0.076556,0.0,default,-0.31339214,-0.31339214,"SVM-RBF(C=10.0,class_weight=None,gamma=0.1)|w=none"
728,w2v,SW,,head,5000,1-1,w2v,"dim=100,window=5,epochs=5,min_count=1",mean,100,LogReg,"{""C"": ""1.0"", ""class_weight"": ""balanced""}",none,0.789904,0.786648,0.860405,0.776915,0.772004,0.047251,0.5,default,0.58882855,0.58882855,"LogReg(C=1.0,class_weight=balanced)|w=none"
729,w2v,SW,,head,5000,1-1,w2v,"dim=300,window=5,epochs=5,min_count=1",mean,300,MLP,"{""alpha"": ""0.0001"", ""early_stopping"": ""True"", ""hidden_layer_sizes"": ""(500,)"", ""learning_rate_init"": ""0.001""}",none,0.789899,0.785796,0.85151,0.759105,0.759105,0.077065,0.5,default,0.50092097,0.50092097,"MLP(alpha=0.0001,early_stopping=True,hidden_layer_sizes=(500,),learning_rate_init=0.001)|w=none"
730,w2v,SW,,head,5000,1-1,w2v,"dim=300,window=5,epochs=5,min_count=1",mean_max,300,SVM-RBF,"{""C"": ""10.0"", ""class_weight"": ""None"", ""gamma"": ""scale""}",class_arch,0.789698,0.785416,0.87729,0.821274,0.824876,0.042482,0.0,default,-0.78319738,-0.47613975,"SVM-RBF(C=10.0,class_weight=None,gamma=scale)|w=class_arch"
731,w2v,SW,,head,5000,1-1,w2v,"dim=300,window=30,epochs=5,min_count=1",tfidf_mean,300,RF,"{""class_weight"": ""balanced"", ""max_depth"": ""None"", ""min_samples_leaf"": ""1"", ""n_estimators"": ""600""}",none,0.789578,0.785312,0.958335,0.882473,0.882473,0.092324,0.5,default,0.13833333,0.23113932,"RF(class_weight=balanced,max_depth=None,min_samples_leaf=1,n_estimators=600)|w=none"
732,w2v,SW,,head,5000,1-1,w2v,"dim=300,window=5,epochs=5,min_count=1",mean,300,LogReg,"{""C"": ""1.0"", ""class_weight"": ""balanced""}",none,0.788882,0.785646,0.862297,0.779748,0.779748,0.049023,0.5,default,0.4183456,0.4183456,"LogReg(C=1.0,class_weight=balanced)|w=none"
733,w2v,SW,,head,5000,1-1,w2v,"dim=300,window=5,epochs=5,min_count=1",mean,300,SVM-RBF,"{""C"": ""1.0"", ""class_weight"": ""balanced"", ""gamma"": ""scale""}",none,0.787612,0.784509,0.864349,0.823524,0.820361,0.011991,0.0,default,-0.43919666,-0.43919666,"SVM-RBF(C=1.0,class_weight=balanced,gamma=scale)|w=none"
734,w2v,SW,,head,5000,1-1,w2v,"dim=100,window=30,epochs=5,min_count=1",tfidf_mean,100,RF,"{""class_weight"": ""balanced"", ""max_depth"": ""None"", ""min_samples_leaf"": ""1"", ""n_estimators"": ""600""}",none,0.786825,0.782787,0.959404,0.876228,0.891579,0.081779,0.5,default,0.20666667,0.21833333,"RF(class_weight=balanced,max_depth=None,min_samples_leaf=1,n_estimators=600)|w=none"
735,w2v,SW,,head,5000,1-1,w2v,"dim=300,window=10,epochs=20,min_count=1",mean_max,300,SVM-RBF,"{""C"": ""1.0"", ""class_weight"": ""balanced"", ""gamma"": ""scale""}",none,0.786799,0.782605,0.908609,0.8262,0.837721,0.020661,0.0,default,-0.34097047,-0.34097047,"SVM-RBF(C=1.0,class_weight=balanced,gamma=scale)|w=none"
736,w2v,SW,,head,5000,1-1,w2v,"dim=200,window=10,epochs=10,min_count=5",mean,200,RF,"{""class_weight"": ""None"", ""max_depth"": ""None"", ""min_samples_leaf"": ""1"", ""n_estimators"": ""1000""}",none,0.786003,0.781993,0.957744,0.884918,0.892259,0.082687,0.5,default,0.2485625,0.2485625,"RF(class_weight=None,max_depth=None,min_samples_leaf=1,n_estimators=1000)|w=none"
737,w2v,SW,,head,5000,1-1,w2v,"dim=100,window=30,epochs=5,min_count=1",mean_max,100,MLP,"{""alpha"": ""0.0001"", ""early_stopping"": ""True"", ""hidden_layer_sizes"": ""(500,)"", ""learning_rate_init"": ""0.001""}",class_arch,0.785764,0.781594,0.867774,0.824074,0.824247,0.031368,0.5,default,0.26772482,0.32926986,"MLP(alpha=0.0001,early_stopping=True,hidden_layer_sizes=(500,),learning_rate_init=0.001)|w=class_arch"
738,w2v,SW,,head,5000,1-1,w2v,"dim=100,window=5,epochs=5,min_count=1",mean_max,100,SVM-RBF,"{""C"": ""10.0"", ""class_weight"": ""balanced"", ""gamma"": ""scale""}",none,0.785442,0.781377,0.908936,0.834795,0.836743,0.087171,0.0,default,-0.8248523,-0.8248523,"SVM-RBF(C=10.0,class_weight=balanced,gamma=scale)|w=none"
739,w2v,SW,,head,5000,1-1,w2v,"dim=100,window=30,epochs=5,min_count=1",mean,100,SVM-RBF,"{""C"": ""10.0"", ""class_weight"": ""None"", ""gamma"": ""0.1""}",none,0.785428,0.781408,0.935966,0.892764,0.892764,0.072388,0.0,default,-0.81606636,-0.81606636,"SVM-RBF(C=10.0,class_weight=None,gamma=0.1)|w=none"
740,w2v,SW,,head,5000,1-1,w2v,"dim=300,window=30,epochs=5,min_count=1",mean_max,300,SVM-RBF,"{""C"": ""10.0"", ""class_weight"": ""balanced"", ""gamma"": ""scale""}",none,0.784736,0.780656,0.885462,0.832493,0.834803,0.082041,0.0,default,-0.53220255,-0.53220255,"SVM-RBF(C=10.0,class_weight=balanced,gamma=scale)|w=none"
741,w2v,SW,,head,5000,1-1,w2v,"dim=300,window=30,epochs=5,min_count=1",mean,300,SVM-RBF,"{""C"": ""10.0"", ""class_weight"": ""None"", ""gamma"": ""0.1""}",none,0.784237,0.780302,0.934511,0.89961,0.871403,0.073337,0.0,default,-0.85039954,-0.7885694,"SVM-RBF(C=10.0,class_weight=None,gamma=0.1)|w=none"
742,tfidf,SW,,head,50000,1-1,tfidf,,,532,LinearSVC,"{""C"": ""0.01"", ""class_weight"": ""None""}",none,0.784148,0.780103,0.944304,0.860058,0.85887,0.0578,0.0,default,-0.15396258,-0.15396258,"LinearSVC(C=0.01,class_weight=None)|w=none"
743,w2v,SW,,head,5000,1-1,w2v,"dim=200,window=10,epochs=10,min_count=5",mean,200,RF,"{""class_weight"": ""balanced"", ""max_depth"": ""None"", ""min_samples_leaf"": ""1"", ""n_estimators"": ""600""}",none,0.783356,0.779572,0.956545,0.88054,0.890277,0.086486,0.5,default,0.23947266,0.23947266,"RF(class_weight=balanced,max_depth=None,min_samples_leaf=1,n_estimators=600)|w=none"
744,w2v,SW,,head,5000,1-1,w2v,"dim=200,window=10,epochs=10,min_count=5",mean_max,200,MLP,"{""alpha"": ""0.001"", ""early_stopping"": ""True"", ""hidden_layer_sizes"": ""(256, 128)"", ""learning_rate_init"": ""0.001""}",none,0.782497,0.778548,0.904148,0.830257,0.830257,0.032686,0.5,default,0.26684135,0.26684135,"MLP(alpha=0.001,early_stopping=True,hidden_layer_sizes=(256, 128),learning_rate_init=0.001)|w=none"
745,w2v,SW,,strided,5000,1-1,w2v,"dim=300,window=10,epochs=20,min_count=1",mean,300,SVM-RBF,"{""C"": ""10.0"", ""class_weight"": ""None"", ""gamma"": ""0.1""}",none,0.781548,0.777682,0.919149,0.891812,0.89173,0.080011,0.0,default,-0.53802627,-0.53802627,"SVM-RBF(C=10.0,class_weight=None,gamma=0.1)|w=none"
746,w2v,SW,,head,5000,1-1,w2v,"dim=300,window=30,epochs=5,min_count=1",mean,300,RF,"{""class_weight"": ""balanced"", ""max_depth"": ""20"", ""min_samples_leaf"": ""2"", ""n_estimators"": ""600""}",none,0.781081,0.777464,0.952876,0.862158,0.858904,0.098919,0.5,default,0.14426764,0.19735977,"RF(class_weight=balanced,max_depth=20,min_samples_leaf=2,n_estimators=600)|w=none"
747,w2v,SW,,head,5000,1-1,w2v,"dim=300,window=5,epochs=5,min_count=1",mean_max,300,MLP,"{""alpha"": ""0.001"", ""early_stopping"": ""True"", ""hidden_layer_sizes"": ""(256, 128)"", ""learning_rate_init"": ""0.001""}",none,0.779965,0.776294,0.892782,0.811259,0.811259,0.03345,0.5,default,0.22899303,0.22899303,"MLP(alpha=0.001,early_stopping=True,hidden_layer_sizes=(256, 128),learning_rate_init=0.001)|w=none"
748,w2v,SW,,head,5000,1-1,w2v,"dim=300,window=10,epochs=20,min_count=1",tfidf_mean,300,RF,"{""class_weight"": ""balanced"", ""max_depth"": ""None"", ""min_samples_leaf"": ""1"", ""n_estimators"": ""600""}",none,0.779746,0.776254,0.954917,0.897731,0.897731,0.085531,0.5,default,0.16833333,0.18166667,"RF(class_weight=balanced,max_depth=None,min_samples_leaf=1,n_estimators=600)|w=none"
749,w2v,SW,,head,5000,1-1,w2v,"dim=200,window=10,epochs=10,min_count=5",tfidf_mean,200,RF,"{""class_weight"": ""balanced"", ""max_depth"": ""None"", ""min_samples_leaf"": ""1"", ""n_estimators"": ""600""}",none,0.778608,0.775284,0.960879,0.890673,0.886661,0.099501,0.5,default,0.16833333,0.16833333,"RF(class_weight=balanced,max_depth=None,min_samples_leaf=1,n_estimators=600)|w=none"
750,w2v,SW,,head,5000,1-1,w2v,"dim=300,window=10,epochs=20,min_count=1",mean,300,RF,"{""class_weight"": ""balanced"", ""max_depth"": ""20"", ""min_samples_leaf"": ""2"", ""n_estimators"": ""600""}",none,0.778539,0.775148,0.948853,0.876143,0.867819,0.096307,0.5,default,0.18459487,0.18459487,"RF(class_weight=balanced,max_depth=20,min_samples_leaf=2,n_estimators=600)|w=none"
751,w2v,SW,,head,5000,1-1,w2v,"dim=300,window=30,epochs=5,min_count=1",mean,300,RF,"{""class_weight"": ""None"", ""max_depth"": ""None"", ""min_samples_leaf"": ""1"", ""n_estimators"": ""1000""}",none,0.778068,0.774699,0.953765,0.856754,0.850836,0.103479,0.5,default,0.104,0.19280469,"RF(class_weight=None,max_depth=None,min_samples_leaf=1,n_estimators=1000)|w=none"
752,w2v,SW,,head,5000,1-1,w2v,"dim=300,window=30,epochs=5,min_count=1",mean,300,RF,"{""class_weight"": ""balanced"", ""max_depth"": ""None"", ""min_samples_leaf"": ""1"", ""n_estimators"": ""600""}",none,0.77733,0.774041,0.951486,0.857349,0.860263,0.104047,0.5,default,0.145,0.145,"RF(class_weight=balanced,max_depth=None,min_samples_leaf=1,n_estimators=600)|w=none"
753,w2v,SW,,head,5000,1-1,w2v,"dim=100,window=30,epochs=5,min_count=1",mean_max,100,SVM-RBF,"{""C"": ""10.0"", ""class_weight"": ""balanced"", ""gamma"": ""scale""}",none,0.7727,0.769322,0.8539,0.790187,0.790187,0.090707,0.0,default,-0.25894903,-0.25894903,"SVM-RBF(C=10.0,class_weight=balanced,gamma=scale)|w=none"
754,w2v,SW,,head,5000,1-1,w2v,"dim=100,window=5,epochs=5,min_count=1",mean_max,100,SVM-RBF,"{""C"": ""1.0"", ""class_weight"": ""balanced"", ""gamma"": ""scale""}",none,0.772514,0.768986,0.879518,0.784211,0.78812,0.053559,0.0,default,-0.32540363,-0.32540363,"SVM-RBF(C=1.0,class_weight=balanced,gamma=scale)|w=none"
755,w2v,SW,,head,5000,1-1,w2v,"dim=200,window=10,epochs=10,min_count=5",mean_max,200,MLP,"{""alpha"": ""0.0001"", ""early_stopping"": ""True"", ""hidden_layer_sizes"": ""(500,)"", ""learning_rate_init"": ""0.001""}",none,0.771757,0.768624,0.865846,0.762098,0.760258,0.091166,0.5,default,0.29302252,0.29302252,"MLP(alpha=0.0001,early_stopping=True,hidden_layer_sizes=(500,),learning_rate_init=0.001)|w=none"
756,w2v,SW,,head,5000,1-1,w2v,"dim=100,window=5,epochs=5,min_count=1",mean_max,100,MLP,"{""alpha"": ""0.0001"", ""early_stopping"": ""True"", ""hidden_layer_sizes"": ""(500,)"", ""learning_rate_init"": ""0.001""}",class_arch,0.771457,0.768016,0.877931,0.810317,0.810317,0.06864,0.5,default,0.25011566,0.25011566,"MLP(alpha=0.0001,early_stopping=True,hidden_layer_sizes=(500,),learning_rate_init=0.001)|w=class_arch"
757,w2v,SW,,head,5000,1-1,w2v,"dim=200,window=10,epochs=10,min_count=5",mean,200,MLP,"{""alpha"": ""0.0001"", ""early_stopping"": ""True"", ""hidden_layer_sizes"": ""(500,)"", ""learning_rate_init"": ""0.001""}",class_arch,0.77109,0.768102,0.886127,0.806022,0.806022,0.094075,0.5,default,0.33395592,0.33395592,"MLP(alpha=0.0001,early_stopping=True,hidden_layer_sizes=(500,),learning_rate_init=0.001)|w=class_arch"
758,w2v,SW,,head,20000,1-1,w2v,"dim=100,window=30,epochs=5,min_count=1",mean_max,100,MLP,"{""alpha"": ""0.0001"", ""early_stopping"": ""True"", ""hidden_layer_sizes"": ""(500,)"", ""learning_rate_init"": ""0.001""}",class_arch,0.766004,0.763301,0.936876,0.887341,0.887341,0.050415,0.5,default,0.22917033,0.22917033,"MLP(alpha=0.0001,early_stopping=True,hidden_layer_sizes=(500,),learning_rate_init=0.001)|w=class_arch"
759,w2v,SW,,head,5000,1-1,w2v,"dim=100,window=5,epochs=5,min_count=1",mean_max,100,SVM-RBF,"{""C"": ""10.0"", ""class_weight"": ""None"", ""gamma"": ""scale""}",class_arch,0.765262,0.762644,0.886483,0.811741,0.811741,0.084529,0.0,default,-0.6371621,-0.6371621,"SVM-RBF(C=10.0,class_weight=None,gamma=scale)|w=class_arch"
760,w2v,SW,,head,5000,1-1,w2v,"dim=300,window=5,epochs=5,min_count=1",mean_max,300,SVM-RBF,"{""C"": ""1.0"", ""class_weight"": ""balanced"", ""gamma"": ""scale""}",none,0.764628,0.761587,0.867959,0.76291,0.771745,0.030724,0.0,default,-0.7191744,-0.31026466,"SVM-RBF(C=1.0,class_weight=balanced,gamma=scale)|w=none"
761,w2v,SW,,head,5000,1-1,w2v,"dim=300,window=10,epochs=20,min_count=1",mean_max,300,MLP,"{""alpha"": ""0.0001"", ""early_stopping"": ""True"", ""hidden_layer_sizes"": ""(500,)"", ""learning_rate_init"": ""0.001""}",class_arch,0.764073,0.761202,0.859742,0.772011,0.772011,0.031831,0.5,default,0.19821188,0.19821188,"MLP(alpha=0.0001,early_stopping=True,hidden_layer_sizes=(500,),learning_rate_init=0.001)|w=class_arch"
762,w2v,SW,,head,5000,1-1,w2v,"dim=300,window=10,epochs=20,min_count=1",mean_max,300,MLP,"{""alpha"": ""0.01"", ""early_stopping"": ""False"", ""hidden_layer_sizes"": ""(500,)"", ""learning_rate_init"": ""0.001""}",none,0.76268,0.760023,0.871599,0.799765,0.783827,0.027226,0.5,default,0.13278383,0.13278383,"MLP(alpha=0.01,early_stopping=False,hidden_layer_sizes=(500,),learning_rate_init=0.001)|w=none"
763,w2v,SW,,head,5000,1-1,w2v,"dim=300,window=30,epochs=5,min_count=1",mean_max,300,MLP,"{""alpha"": ""0.0001"", ""early_stopping"": ""True"", ""hidden_layer_sizes"": ""(500,)"", ""learning_rate_init"": ""0.001""}",none,0.762468,0.759615,0.86615,0.780354,0.774776,0.03936,0.5,default,0.32047998,0.32047998,"MLP(alpha=0.0001,early_stopping=True,hidden_layer_sizes=(500,),learning_rate_init=0.001)|w=none"
764,w2v,SW,,strided,5000,1-1,w2v,"dim=300,window=10,epochs=20,min_count=1",tfidf_mean,300,SVM-RBF,"{""C"": ""10.0"", ""class_weight"": ""None"", ""gamma"": ""0.1""}",none,0.759088,0.757281,0.906288,0.874378,0.874694,0.109261,0.0,default,-0.77293185,-0.61580608,"SVM-RBF(C=10.0,class_weight=None,gamma=0.1)|w=none"
765,w2v,SW,,head,5000,1-1,w2v,"dim=100,window=5,epochs=5,min_count=1",mean,100,MLP,"{""alpha"": ""0.0001"", ""early_stopping"": ""True"", ""hidden_layer_sizes"": ""(500,)"", ""learning_rate_init"": ""0.001""}",class_arch,0.758691,0.756056,0.830653,0.735792,0.735792,0.078005,0.5,default,0.49433386,0.49433386,"MLP(alpha=0.0001,early_stopping=True,hidden_layer_sizes=(500,),learning_rate_init=0.001)|w=class_arch"
766,w2v,SW,,head,5000,1-1,w2v,"dim=300,window=5,epochs=5,min_count=1",mean_max,300,MLP,"{""alpha"": ""0.0001"", ""early_stopping"": ""True"", ""hidden_layer_sizes"": ""(500,)"", ""learning_rate_init"": ""0.001""}",class_arch,0.757937,0.755871,0.845915,0.80213,0.80213,0.076918,0.5,default,0.24098067,0.24098067,"MLP(alpha=0.0001,early_stopping=True,hidden_layer_sizes=(500,),learning_rate_init=0.001)|w=class_arch"
767,tfidf,SW,,head,5000,1-1,tfidf,,,367,LogReg,"{""C"": ""0.1"", ""class_weight"": ""None""}",none,0.757061,0.755245,0.885987,0.795563,0.816872,0.078989,0.5,default,0.4405701,0.4405701,"LogReg(C=0.1,class_weight=None)|w=none"
768,w2v,SW,,head,5000,1-1,w2v,"dim=300,window=10,epochs=20,min_count=1",mean_max,300,SVM-RBF,"{""C"": ""100.0"", ""class_weight"": ""balanced"", ""gamma"": ""scale""}",none,0.75399,0.752888,0.869522,0.837141,0.828112,0.042888,0.0,default,-0.99621622,-0.99621622,"SVM-RBF(C=100.0,class_weight=balanced,gamma=scale)|w=none"
769,w2v,SW,,head,5000,1-1,w2v,"dim=300,window=30,epochs=5,min_count=1",mean_max,300,MLP,"{""alpha"": ""0.0001"", ""early_stopping"": ""True"", ""hidden_layer_sizes"": ""(500,)"", ""learning_rate_init"": ""0.001""}",class_arch,0.751825,0.75034,0.844493,0.757501,0.757501,0.108778,0.5,default,0.26612089,0.26612089,"MLP(alpha=0.0001,early_stopping=True,hidden_layer_sizes=(500,),learning_rate_init=0.001)|w=class_arch"
770,w2v,SW,,head,5000,1-1,w2v,"dim=100,window=30,epochs=5,min_count=1",mean_max,100,SVM-RBF,"{""C"": ""10.0"", ""class_weight"": ""None"", ""gamma"": ""scale""}",class_arch,0.74921,0.747887,0.834066,0.805434,0.805434,0.084469,0.0,default,-0.42695174,-0.42695174,"SVM-RBF(C=10.0,class_weight=None,gamma=scale)|w=class_arch"
771,w2v,SW,,head,5000,1-1,w2v,"dim=300,window=10,epochs=20,min_count=1",mean_max,300,SVM-RBF,"{""C"": ""10.0"", ""class_weight"": ""balanced"", ""gamma"": ""scale""}",none,0.748418,0.747638,0.911292,0.826645,0.828855,0.040155,0.0,default,-0.93367964,-0.51525722,"SVM-RBF(C=10.0,class_weight=balanced,gamma=scale)|w=none"
772,w2v,SW,,head,5000,1-1,w2v,"dim=300,window=10,epochs=20,min_count=1",mean_max,300,SVM-RBF,"{""C"": ""10.0"", ""class_weight"": ""None"", ""gamma"": ""scale""}",class_arch,0.744806,0.744559,0.907825,0.835978,0.859696,0.048991,0.0,default,-0.50255324,-0.50255324,"SVM-RBF(C=10.0,class_weight=None,gamma=scale)|w=class_arch"
773,w2v,SW,,head,5000,1-1,w2v,"dim=200,window=10,epochs=10,min_count=5",mean_max,200,MLP,"{""alpha"": ""0.0001"", ""early_stopping"": ""True"", ""hidden_layer_sizes"": ""(500,)"", ""learning_rate_init"": ""0.001""}",class_arch,0.744086,0.742542,0.833957,0.751268,0.760203,0.08159,0.5,default,0.28729891,0.28729891,"MLP(alpha=0.0001,early_stopping=True,hidden_layer_sizes=(500,),learning_rate_init=0.001)|w=class_arch"
774,w2v,SW,,head,5000,1-1,w2v,"dim=100,window=30,epochs=5,min_count=1",mean_max,100,SVM-RBF,"{""C"": ""1.0"", ""class_weight"": ""balanced"", ""gamma"": ""scale""}",none,0.743417,0.741245,0.849246,0.750907,0.750907,0.034192,0.0,default,-0.41491487,-0.41491487,"SVM-RBF(C=1.0,class_weight=balanced,gamma=scale)|w=none"
775,w2v,SW,,head,5000,1-1,w2v,"dim=300,window=30,epochs=5,min_count=1",mean_max,300,SVM-RBF,"{""C"": ""1.0"", ""class_weight"": ""balanced"", ""gamma"": ""scale""}",none,0.738767,0.737668,0.866223,0.756956,0.757413,0.03547,0.0,default,-0.66959571,-0.61226572,"SVM-RBF(C=1.0,class_weight=balanced,gamma=scale)|w=none"
776,w2v,SW,,head,5000,1-1,w2v,"dim=300,window=10,epochs=20,min_count=1",mean_max,300,LogReg,"{""C"": ""1.0"", ""class_weight"": ""balanced""}",none,0.735813,0.736199,0.849566,0.769564,0.770273,0.059481,0.5,default,0.07687799,0.07687799,"LogReg(C=1.0,class_weight=balanced)|w=none"
777,tfidf,SW,,head,5000,1-1,tfidf,,,367,LinearSVC,"{""C"": ""0.01"", ""class_weight"": ""None""}",none,0.724376,0.72662,0.883432,0.82894,0.82894,0.065152,0.0,default,-0.11205782,-0.11205782,"LinearSVC(C=0.01,class_weight=None)|w=none"
778,w2v,SW,,strided,5000,1-1,w2v,"dim=100,window=30,epochs=5,min_count=1",mean_max,100,SVM-RBF,"{""C"": ""10.0"", ""class_weight"": ""None"", ""gamma"": ""0.1""}",none,0.69853,0.706146,0.965283,0.926578,0.923497,0.034578,0.0,default,-0.3709491,-0.3709491,"SVM-RBF(C=10.0,class_weight=None,gamma=0.1)|w=none"
779,w2v,SW,,head,5000,1-1,w2v,"dim=300,window=5,epochs=5,min_count=1",mean_max,300,SVM-RBF,"{""C"": ""10.0"", ""class_weight"": ""None"", ""gamma"": ""0.1""}",none,0.686186,0.696191,0.954399,0.898229,0.897671,0.101565,0.0,default,-0.47317992,-0.47317992,"SVM-RBF(C=10.0,class_weight=None,gamma=0.1)|w=none"
780,w2v,SW,,strided,5000,1-1,w2v,"dim=300,window=10,epochs=20,min_count=1",mean_max,300,SVM-RBF,"{""C"": ""10.0"", ""class_weight"": ""None"", ""gamma"": ""0.1""}",none,0.683776,0.694667,0.967469,0.926712,0.927615,0.096744,0.0,default,-0.38442724,-0.3195676,"SVM-RBF(C=10.0,class_weight=None,gamma=0.1)|w=none"
781,w2v,SW,,head,5000,1-1,w2v,"dim=100,window=5,epochs=5,min_count=1",mean_max,100,SVM-RBF,"{""C"": ""10.0"", ""class_weight"": ""None"", ""gamma"": ""0.1""}",none,0.667374,0.681602,0.949444,0.886171,0.889108,0.09797,0.0,default,-0.56971659,-0.56971659,"SVM-RBF(C=10.0,class_weight=None,gamma=0.1)|w=none"
782,w2v,SW,,strided,20000,1-1,w2v,"dim=100,window=30,epochs=5,min_count=1",mean_max,100,SVM-RBF,"{""C"": ""10.0"", ""class_weight"": ""None"", ""gamma"": ""0.1""}",none,0.569443,0.61353,0.938934,0.885658,0.885658,0.093092,0.0,default,-0.41008901,-0.41008901,"SVM-RBF(C=10.0,class_weight=None,gamma=0.1)|w=none"
783,w2v,SW,,head,5000,1-1,w2v,"dim=200,window=10,epochs=10,min_count=5",mean_max,200,SVM-RBF,"{""C"": ""10.0"", ""class_weight"": ""None"", ""gamma"": ""0.1""}",none,0.384985,0.51293,0.933158,0.835384,0.836348,0.016226,0.0,default,-0.41124958,-0.40530147,"SVM-RBF(C=10.0,class_weight=None,gamma=0.1)|w=none"
784,w2v,SW,,head,20000,1-1,w2v,"dim=100,window=30,epochs=5,min_count=1",mean_max,100,SVM-RBF,"{""C"": ""10.0"", ""class_weight"": ""None"", ""gamma"": ""0.1""}",none,0.379384,0.510613,0.932567,0.829558,0.838494,0.025021,0.0,default,-0.49625482,-0.49625482,"SVM-RBF(C=10.0,class_weight=None,gamma=0.1)|w=none"
785,w2v,SW,,head,5000,1-1,w2v,"dim=100,window=30,epochs=5,min_count=1",mean_max,100,SVM-RBF,"{""C"": ""10.0"", ""class_weight"": ""None"", ""gamma"": ""0.1""}",none,0.36949,0.505291,0.900306,0.864638,0.797599,0.009321,0.0,default,-0.47326916,-0.47326916,"SVM-RBF(C=10.0,class_weight=None,gamma=0.1)|w=none"
786,w2v,SW,,head,5000,1-1,w2v,"dim=300,window=30,epochs=5,min_count=1",mean_max,300,SVM-RBF,"{""C"": ""10.0"", ""class_weight"": ""None"", ""gamma"": ""0.1""}",none,0.368301,0.504738,0.901089,0.848239,0.848239,0.009591,0.0,default,-0.47318966,-0.47318966,"SVM-RBF(C=10.0,class_weight=None,gamma=0.1)|w=none"
787,w2v,SW,,head,5000,1-1,w2v,"dim=300,window=10,epochs=20,min_count=1",mean_max,300,SVM-RBF,"{""C"": ""10.0"", ""class_weight"": ""None"", ""gamma"": ""0.1""}",none,0.36352,0.502525,0.91405,0.819077,0.819077,0.007479,0.0,default,-0.47106504,-0.47106504,"SVM-RBF(C=10.0,class_weight=None,gamma=0.1)|w=none"
