sha256,file,source,label,group,fold,split,arch,family,image_tree
00e131f0dd8fe1aa629795e56c7e39cceb022314a121fb0cf4f919f49f2a4c24,root__00e131f0dd8fe1aa629795e56c7e39cceb022314a121fb0cf4f919f49f2a4c24,mendeley_goodware,0,file:00e131f0dd8fe1aa629795e56c7e39cceb022314a121fb0cf4f919f49f2a4c24,train,train,x86,root,unified_mendeley
010a39f2c33b3df513c599e951b61afc8299c85b60c86e957e9da17c1cd5655a,root__010a39f2c33b3df513c599e951b61afc8299c85b60c86e957e9da17c1cd5655a,mendeley_goodware,0,file:010a39f2c33b3df513c599e951b61afc8299c85b60c86e957e9da17c1cd5655a,val,train,x64,root,unified_mendeley
010cd530cddfe5f993dba923d7d8caccadad82a7b4d4434fb5728603ec72fe14,root__010cd530cddfe5f993dba923d7d8caccadad82a7b4d4434fb5728603ec72fe14,mendeley_goodware,0,file:010cd530cddfe5f993dba923d7d8caccadad82a7b4d4434fb5728603ec72fe14,val,train,x64,root,unified_mendeley
012bd119b1a7aeeca8fb89cf81e97b9072d45017f3630b0224b38b4e48b0cdd1,root__012bd119b1a7aeeca8fb89cf81e97b9072d45017f3630b0224b38b4e48b0cdd1,mendeley_goodware,0,file:012bd119b1a7aeeca8fb89cf81e97b9072d45017f3630b0224b38b4e48b0cdd1,train,train,x86,root,unified_mendeley
0143d20771b6fe7aeac9bc8ad5cac5fadcf7b7c69d4aa1640856eb8e4420226f,root__0143d20771b6fe7aeac9bc8ad5cac5fadcf7b7c69d4aa1640856eb8e4420226f,mendeley_goodware,0,file:0143d20771b6fe7aeac9bc8ad5cac5fadcf7b7c69d4aa1640856eb8e4420226f,train,train,x86,root,unified_mendeley
017ffd84b46daf0e07968aadaa6de3cb4e1457afd3bc3fbadbf01c661bfe465e,root__017ffd84b46daf0e07968aadaa6de3cb4e1457afd3bc3fbadbf01c661bfe465e,mendeley_goodware,0,file:017ffd84b46daf0e07968aadaa6de3cb4e1457afd3bc3fbadbf01c661bfe465e,train,train,x86,root,unified_mendeley
01e70a17d75c8d92b4ba590f9bce72d7f23bf379190f613fc84c04197dd134b1,root__01e70a17d75c8d92b4ba590f9bce72d7f23bf379190f613fc84c04197dd134b1,mendeley_goodware,0,file:01e70a17d75c8d92b4ba590f9bce72d7f23bf379190f613fc84c04197dd134b1,train,train,x86,root,unified_mendeley
01fb1113428954458ea746240361d0acebd0e2e955291e654fb7e254cc26909b,root__01fb1113428954458ea746240361d0acebd0e2e955291e654fb7e254cc26909b,mendeley_goodware,0,file:01fb1113428954458ea746240361d0acebd0e2e955291e654fb7e254cc26909b,train,train,x64,root,unified_mendeley
02448530591c7996e84f596139262d8a2ab29b9674cc17a2afbb91d93f84fdab,root__02448530591c7996e84f596139262d8a2ab29b9674cc17a2afbb91d93f84fdab,mendeley_goodware,0,file:02448530591c7996e84f596139262d8a2ab29b9674cc17a2afbb91d93f84fdab,train,train,x86,root,unified_mendeley
02550c0aad3f86f5c6efb1f5043c358d78c6d847539755d95672935d974d5ae8,root__02550c0aad3f86f5c6efb1f5043c358d78c6d847539755d95672935d974d5ae8,mendeley_goodware,0,file:02550c0aad3f86f5c6efb1f5043c358d78c6d847539755d95672935d974d5ae8,train,train,x64,root,unified_mendeley
02879a69bb7a97a15fff2fa2f9ce1fdc2811104c88b72873e915167c9b70aebb,root__02879a69bb7a97a15fff2fa2f9ce1fdc2811104c88b72873e915167c9b70aebb,mendeley_goodware,0,file:02879a69bb7a97a15fff2fa2f9ce1fdc2811104c88b72873e915167c9b70aebb,train,train,x64,root,unified_mendeley
029146256081fdd6bc7e87da05c03584617d81f61ec7020ae86f1fd42e7c74e2,root__029146256081fdd6bc7e87da05c03584617d81f61ec7020ae86f1fd42e7c74e2,mendeley_goodware,0,file:029146256081fdd6bc7e87da05c03584617d81f61ec7020ae86f1fd42e7c74e2,test,test,x86,root,unified_mendeley
029f918a29b2b311711788e8a477c8de529c11d7dba3caf99cbbde5a983efdad,root__029f918a29b2b311711788e8a477c8de529c11d7dba3caf99cbbde5a983efdad,mendeley_goodware,0,file:029f918a29b2b311711788e8a477c8de529c11d7dba3caf99cbbde5a983efdad,train,train,x86,root,unified_mendeley
02abc26a1f1fb25cb24992bf62eeab05b570e1310f64aaa1cb1433f7ba77b3bb,root__02abc26a1f1fb25cb24992bf62eeab05b570e1310f64aaa1cb1433f7ba77b3bb,mendeley_goodware,0,file:02abc26a1f1fb25cb24992bf62eeab05b570e1310f64aaa1cb1433f7ba77b3bb,train,train,x86,root,unified_mendeley
0327da6cf9c4f737758a45818f1db141a0ba13db7dffe64f472193a8e72a8409,root__0327da6cf9c4f737758a45818f1db141a0ba13db7dffe64f472193a8e72a8409,mendeley_goodware,0,file:0327da6cf9c4f737758a45818f1db141a0ba13db7dffe64f472193a8e72a8409,train,train,x64,root,unified_mendeley
036e9c86b1d9338c2328822680fa51dbbc0e7855bc73254f147ea99a24c17602,root__036e9c86b1d9338c2328822680fa51dbbc0e7855bc73254f147ea99a24c17602,mendeley_goodware,0,file:036e9c86b1d9338c2328822680fa51dbbc0e7855bc73254f147ea99a24c17602,train,train,x64,root,unified_mendeley
03a2b57652de99fdc2d427a20b20cbf5d9427314e90614101095bdcf7ed0f7a5,root__03a2b57652de99fdc2d427a20b20cbf5d9427314e90614101095bdcf7ed0f7a5,mendeley_goodware,0,file:03a2b57652de99fdc2d427a20b20cbf5d9427314e90614101095bdcf7ed0f7a5,train,train,x64,root,unified_mendeley
03dc58aa00e5773631c70e11766fad0b2e244798adf706e0967f54ab05570c1d,root__03dc58aa00e5773631c70e11766fad0b2e244798adf706e0967f54ab05570c1d,mendeley_goodware,0,file:03dc58aa00e5773631c70e11766fad0b2e244798adf706e0967f54ab05570c1d,train,train,x64,root,unified_mendeley
040377cd45a4e0540fc5c3d4850cb01072d6668750e1379392e884e500748b69,root__040377cd45a4e0540fc5c3d4850cb01072d6668750e1379392e884e500748b69,mendeley_goodware,0,file:040377cd45a4e0540fc5c3d4850cb01072d6668750e1379392e884e500748b69,val,train,x86,root,unified_mendeley
04dab27086855d4a2294b9f8451ba224a79d5f403d5f29a694d9c62356562578,root__04dab27086855d4a2294b9f8451ba224a79d5f403d5f29a694d9c62356562578,mendeley_goodware,0,file:04dab27086855d4a2294b9f8451ba224a79d5f403d5f29a694d9c62356562578,test,test,x64,root,unified_mendeley
04ffec4d17033e8c7a851826a4d8ab94197243a8a54fffaca76ad944646b2cea,root__04ffec4d17033e8c7a851826a4d8ab94197243a8a54fffaca76ad944646b2cea,mendeley_goodware,0,file:04ffec4d17033e8c7a851826a4d8ab94197243a8a54fffaca76ad944646b2cea,train,train,x64,root,unified_mendeley
05910cdb1c0892af91d31e7db38a09f0dedda1cad76989726f0f4c1915c7040c,root__05910cdb1c0892af91d31e7db38a09f0dedda1cad76989726f0f4c1915c7040c,mendeley_goodware,0,file:05910cdb1c0892af91d31e7db38a09f0dedda1cad76989726f0f4c1915c7040c,train,train,x64,root,unified_mendeley
0613c8cd54fdfb88868a7a8a379fde648dab69425b53f77f2b1b2c996cb8db85,root__0613c8cd54fdfb88868a7a8a379fde648dab69425b53f77f2b1b2c996cb8db85,mendeley_goodware,0,file:0613c8cd54fdfb88868a7a8a379fde648dab69425b53f77f2b1b2c996cb8db85,train,train,x86,root,unified_mendeley
061530d0b77e48e28b41bf1dec1c1aae262688c1f545a389d5b2c7b8d20b4d5e,root__061530d0b77e48e28b41bf1dec1c1aae262688c1f545a389d5b2c7b8d20b4d5e,mendeley_goodware,0,file:061530d0b77e48e28b41bf1dec1c1aae262688c1f545a389d5b2c7b8d20b4d5e,train,train,x86,root,unified_mendeley
0658a4f89aa37fe3341abbc5654d64e0aa0ef803c40c8a9d7c59664529fad0a3,root__0658a4f89aa37fe3341abbc5654d64e0aa0ef803c40c8a9d7c59664529fad0a3,mendeley_goodware,0,file:0658a4f89aa37fe3341abbc5654d64e0aa0ef803c40c8a9d7c59664529fad0a3,train,train,x86,root,unified_mendeley
066aeb24ec4007483edb2ac0893236069f463e598fc18ff5646b28d067a74f58,root__066aeb24ec4007483edb2ac0893236069f463e598fc18ff5646b28d067a74f58,mendeley_goodware,0,file:066aeb24ec4007483edb2ac0893236069f463e598fc18ff5646b28d067a74f58,val,train,x64,root,unified_mendeley
067b2cc5d42fa87aea45c8fe0cf9808d431d5258f081ddd829b3f7980d23e23a,root__067b2cc5d42fa87aea45c8fe0cf9808d431d5258f081ddd829b3f7980d23e23a,mendeley_goodware,0,file:067b2cc5d42fa87aea45c8fe0cf9808d431d5258f081ddd829b3f7980d23e23a,train,train,x64,root,unified_mendeley
06faa3dcf4be59c070bbaaee30bcf5479478005601c0db21d6af5788dfbd012e,root__06faa3dcf4be59c070bbaaee30bcf5479478005601c0db21d6af5788dfbd012e,mendeley_goodware,0,file:06faa3dcf4be59c070bbaaee30bcf5479478005601c0db21d6af5788dfbd012e,train,train,x64,root,unified_mendeley
071da06da3d61e49c4a0edca37097b39b7c96a1aa820453f8cc6c8aa55cfd98e,root__071da06da3d61e49c4a0edca37097b39b7c96a1aa820453f8cc6c8aa55cfd98e,mendeley_goodware,0,file:071da06da3d61e49c4a0edca37097b39b7c96a1aa820453f8cc6c8aa55cfd98e,train,train,x64,root,unified_mendeley
071e545daae61b9aded9d889bf4e8d953d825c1203793f9b4c09e02550544216,root__071e545daae61b9aded9d889bf4e8d953d825c1203793f9b4c09e02550544216,mendeley_goodware,0,file:071e545daae61b9aded9d889bf4e8d953d825c1203793f9b4c09e02550544216,train,train,x64,root,unified_mendeley
075fa41e449213910f6d45f5713fef8ed71ea913c1ebe594407894141f103d64,root__075fa41e449213910f6d45f5713fef8ed71ea913c1ebe594407894141f103d64,mendeley_goodware,0,file:075fa41e449213910f6d45f5713fef8ed71ea913c1ebe594407894141f103d64,train,train,x86,root,unified_mendeley
078cbbbcc628066d667b667436e8defd83609e3f2f424d9862fe7f79c2b5771b,root__078cbbbcc628066d667b667436e8defd83609e3f2f424d9862fe7f79c2b5771b,mendeley_goodware,0,file:078cbbbcc628066d667b667436e8defd83609e3f2f424d9862fe7f79c2b5771b,train,train,x64,root,unified_mendeley
07db5ba62c8cea74d1ced75e04cbbd234f5330bea8def0c0628b37eeee59577d,root__07db5ba62c8cea74d1ced75e04cbbd234f5330bea8def0c0628b37eeee59577d,mendeley_goodware,0,file:07db5ba62c8cea74d1ced75e04cbbd234f5330bea8def0c0628b37eeee59577d,train,train,x64,root,unified_mendeley
082f66a7561db1dd64b1a22f5778365b4633ccd14ad84c63bff3d3d3f695419f,root__082f66a7561db1dd64b1a22f5778365b4633ccd14ad84c63bff3d3d3f695419f,mendeley_goodware,0,file:082f66a7561db1dd64b1a22f5778365b4633ccd14ad84c63bff3d3d3f695419f,test,test,x64,root,unified_mendeley
084b1740d0afa302d7eb48af224a7346252bedfbc3cd46feaf42f89269f1a1a5,root__084b1740d0afa302d7eb48af224a7346252bedfbc3cd46feaf42f89269f1a1a5,mendeley_goodware,0,file:084b1740d0afa302d7eb48af224a7346252bedfbc3cd46feaf42f89269f1a1a5,train,train,x86,root,unified_mendeley
084ea84ae09a76189cda863bed2c210519298dab273aba5b74e7f517b6c3b7de,root__084ea84ae09a76189cda863bed2c210519298dab273aba5b74e7f517b6c3b7de,mendeley_goodware,0,file:084ea84ae09a76189cda863bed2c210519298dab273aba5b74e7f517b6c3b7de,train,train,x86,root,unified_mendeley
087cb3c3fe201e9b0aff754f4503c61a5187ade8468e5d3b81c8be0e97172a50,root__087cb3c3fe201e9b0aff754f4503c61a5187ade8468e5d3b81c8be0e97172a50,mendeley_goodware,0,file:087cb3c3fe201e9b0aff754f4503c61a5187ade8468e5d3b81c8be0e97172a50,train,train,x86,root,unified_mendeley
087f961e00a9ff8d8c886cd9303e189ed40151ce5a2957878d420d3f319cf1dc,root__087f961e00a9ff8d8c886cd9303e189ed40151ce5a2957878d420d3f319cf1dc,mendeley_goodware,0,file:087f961e00a9ff8d8c886cd9303e189ed40151ce5a2957878d420d3f319cf1dc,train,train,x86,root,unified_mendeley
0883578668bf5aa07ba2c4cfd8b0ccfccdd048b8e741e5b3de0c03ac84a09d2e,root__0883578668bf5aa07ba2c4cfd8b0ccfccdd048b8e741e5b3de0c03ac84a09d2e,mendeley_goodware,0,file:0883578668bf5aa07ba2c4cfd8b0ccfccdd048b8e741e5b3de0c03ac84a09d2e,train,train,x86,root,unified_mendeley
08956005e9902380d46ff6506fbc3a93d0712ca57bfeeaed2cfae54c52987f4b,root__08956005e9902380d46ff6506fbc3a93d0712ca57bfeeaed2cfae54c52987f4b,mendeley_goodware,0,file:08956005e9902380d46ff6506fbc3a93d0712ca57bfeeaed2cfae54c52987f4b,train,train,x86,root,unified_mendeley
08e10e9cea509841825580ca9bcec8bba07a6450bb9e18ef643e191a63c64be9,root__08e10e9cea509841825580ca9bcec8bba07a6450bb9e18ef643e191a63c64be9,mendeley_goodware,0,file:08e10e9cea509841825580ca9bcec8bba07a6450bb9e18ef643e191a63c64be9,test,test,x86,root,unified_mendeley
0908afb32ed5892530fdafd0499457b04f32526df0be2f1ebc3ee6316b9f1edf,root__0908afb32ed5892530fdafd0499457b04f32526df0be2f1ebc3ee6316b9f1edf,mendeley_goodware,0,file:0908afb32ed5892530fdafd0499457b04f32526df0be2f1ebc3ee6316b9f1edf,train,train,x86,root,unified_mendeley
095ea48ed2f233da5d60130d9a2a8f7529ac6ad513ec7d390e7f86a4ed2ab6d0,root__095ea48ed2f233da5d60130d9a2a8f7529ac6ad513ec7d390e7f86a4ed2ab6d0,mendeley_goodware,0,file:095ea48ed2f233da5d60130d9a2a8f7529ac6ad513ec7d390e7f86a4ed2ab6d0,train,train,x86,root,unified_mendeley
09948762942fc066eb07c479fa49b63f3cff299af2ee8256904ba9b098ec50df,root__09948762942fc066eb07c479fa49b63f3cff299af2ee8256904ba9b098ec50df,mendeley_goodware,0,file:09948762942fc066eb07c479fa49b63f3cff299af2ee8256904ba9b098ec50df,train,train,x86,root,unified_mendeley
09b64137c8b5f9097ffa255c1363bd7f9547b1efca25c716d361156dec616f51,root__09b64137c8b5f9097ffa255c1363bd7f9547b1efca25c716d361156dec616f51,mendeley_goodware,0,file:09b64137c8b5f9097ffa255c1363bd7f9547b1efca25c716d361156dec616f51,train,train,x86,root,unified_mendeley
09ef4b9244eb44567917f2c42d946f0f0feec3eb2fab4a82a9cfb7a4880a88c3,root__09ef4b9244eb44567917f2c42d946f0f0feec3eb2fab4a82a9cfb7a4880a88c3,mendeley_goodware,0,file:09ef4b9244eb44567917f2c42d946f0f0feec3eb2fab4a82a9cfb7a4880a88c3,test,test,x86,root,unified_mendeley
09f3023554be864f31d80f2e7e7c7e824d79a69ddf84f1f02a433e85e866282c,root__09f3023554be864f31d80f2e7e7c7e824d79a69ddf84f1f02a433e85e866282c,mendeley_goodware,0,file:09f3023554be864f31d80f2e7e7c7e824d79a69ddf84f1f02a433e85e866282c,train,train,x64,root,unified_mendeley
0a07e8abedea7406f4f1bd0a2a10cc46fd9461d464118d23e2845eb68af26e1a,root__0a07e8abedea7406f4f1bd0a2a10cc46fd9461d464118d23e2845eb68af26e1a,mendeley_goodware,0,file:0a07e8abedea7406f4f1bd0a2a10cc46fd9461d464118d23e2845eb68af26e1a,train,train,x86,root,unified_mendeley
0a16863f1b9de9f5b4b50ea4414eca88a4f0894c7c2bdfff0bd0d98f7f60ebd0,root__0a16863f1b9de9f5b4b50ea4414eca88a4f0894c7c2bdfff0bd0d98f7f60ebd0,mendeley_goodware,0,file:0a16863f1b9de9f5b4b50ea4414eca88a4f0894c7c2bdfff0bd0d98f7f60ebd0,train,train,x86,root,unified_mendeley
0a33b7629ac61cbf5f813bf29cb723bd84df41fe4447d7725d9817454d100ede,root__0a33b7629ac61cbf5f813bf29cb723bd84df41fe4447d7725d9817454d100ede,mendeley_goodware,0,file:0a33b7629ac61cbf5f813bf29cb723bd84df41fe4447d7725d9817454d100ede,train,train,x86,root,unified_mendeley
0ab4c1d3cca866ce08b55e266a3bf85182f9a8b18d16bf90b41c6546ce0d82b2,root__0ab4c1d3cca866ce08b55e266a3bf85182f9a8b18d16bf90b41c6546ce0d82b2,mendeley_goodware,0,file:0ab4c1d3cca866ce08b55e266a3bf85182f9a8b18d16bf90b41c6546ce0d82b2,train,train,x86,root,unified_mendeley
0addeceb61359346c7d752f0fa3d1ce72e8a494cae651a1df2bf1e867e5dfc7c,root__0addeceb61359346c7d752f0fa3d1ce72e8a494cae651a1df2bf1e867e5dfc7c,mendeley_goodware,0,file:0addeceb61359346c7d752f0fa3d1ce72e8a494cae651a1df2bf1e867e5dfc7c,train,train,x86,root,unified_mendeley
0ae37c1d7fc84e5e956874458508205f4dad68d933be6b801cff2e42475664b5,root__0ae37c1d7fc84e5e956874458508205f4dad68d933be6b801cff2e42475664b5,mendeley_goodware,0,file:0ae37c1d7fc84e5e956874458508205f4dad68d933be6b801cff2e42475664b5,train,train,x86,root,unified_mendeley
0b5e810c20fc5e8906aa993bb09ea021982c95a8244c2d56518ea16d22f16362,root__0b5e810c20fc5e8906aa993bb09ea021982c95a8244c2d56518ea16d22f16362,mendeley_goodware,0,file:0b5e810c20fc5e8906aa993bb09ea021982c95a8244c2d56518ea16d22f16362,val,train,x64,root,unified_mendeley
0b9aa3e563b8af8d51b2f79081ca210bece60355fdbaae20497eb8b899af7826,root__0b9aa3e563b8af8d51b2f79081ca210bece60355fdbaae20497eb8b899af7826,mendeley_goodware,0,file:0b9aa3e563b8af8d51b2f79081ca210bece60355fdbaae20497eb8b899af7826,train,train,x86,root,unified_mendeley
0bda29fc48c8d6f66d823577e136e39b185a5ffee086c1258bbbd66ef3a92084,root__0bda29fc48c8d6f66d823577e136e39b185a5ffee086c1258bbbd66ef3a92084,mendeley_goodware,0,file:0bda29fc48c8d6f66d823577e136e39b185a5ffee086c1258bbbd66ef3a92084,train,train,x86,root,unified_mendeley
0c0e91427a4b0e4cd0b59bdb73054252fb74c0977d13a73ab7423e15528b0485,root__0c0e91427a4b0e4cd0b59bdb73054252fb74c0977d13a73ab7423e15528b0485,mendeley_goodware,0,file:0c0e91427a4b0e4cd0b59bdb73054252fb74c0977d13a73ab7423e15528b0485,train,train,x64,root,unified_mendeley
0c2ecdf4ffa41aca379c44e21792767ed3e7bab091657dc84e6abc7caf6547f6,root__0c2ecdf4ffa41aca379c44e21792767ed3e7bab091657dc84e6abc7caf6547f6,mendeley_goodware,0,file:0c2ecdf4ffa41aca379c44e21792767ed3e7bab091657dc84e6abc7caf6547f6,val,train,x64,root,unified_mendeley
0caf7e4653326d385dc8cc1b87156f6290408188ba8d4f2cc69b6cca5a03b536,root__0caf7e4653326d385dc8cc1b87156f6290408188ba8d4f2cc69b6cca5a03b536,mendeley_goodware,0,file:0caf7e4653326d385dc8cc1b87156f6290408188ba8d4f2cc69b6cca5a03b536,train,train,x86,root,unified_mendeley
0cb3de81ae063b9cf252b560bf0ef054b85b037dc4db0e71db8bffa20bbb3951,root__0cb3de81ae063b9cf252b560bf0ef054b85b037dc4db0e71db8bffa20bbb3951,mendeley_goodware,0,file:0cb3de81ae063b9cf252b560bf0ef054b85b037dc4db0e71db8bffa20bbb3951,train,train,x64,root,unified_mendeley
0cbccbdea62087e9a6e75b0e464cee09af59d8e5e348173e201baad667957f27,root__0cbccbdea62087e9a6e75b0e464cee09af59d8e5e348173e201baad667957f27,mendeley_goodware,0,file:0cbccbdea62087e9a6e75b0e464cee09af59d8e5e348173e201baad667957f27,train,train,x86,root,unified_mendeley
0d07ec1eb0ff9dcabe175c93e5f354484ff2ba1ff5acce13ed3872a31e7fe22a,root__0d07ec1eb0ff9dcabe175c93e5f354484ff2ba1ff5acce13ed3872a31e7fe22a,mendeley_goodware,0,file:0d07ec1eb0ff9dcabe175c93e5f354484ff2ba1ff5acce13ed3872a31e7fe22a,train,train,x64,root,unified_mendeley
0d2c60fd4fa8024b44c69a023f7c5c03d175df4f278b1a12c2631db374f6d8de,root__0d2c60fd4fa8024b44c69a023f7c5c03d175df4f278b1a12c2631db374f6d8de,mendeley_goodware,0,file:0d2c60fd4fa8024b44c69a023f7c5c03d175df4f278b1a12c2631db374f6d8de,val,train,x86,root,unified_mendeley
0db918e616456bc10f3f583cebb27d3fbc5a15b9899bbba22594d8a2acc6f9c3,root__0db918e616456bc10f3f583cebb27d3fbc5a15b9899bbba22594d8a2acc6f9c3,mendeley_goodware,0,file:0db918e616456bc10f3f583cebb27d3fbc5a15b9899bbba22594d8a2acc6f9c3,train,train,x86,root,unified_mendeley
0de2f69d0c256f0b95795961e7ec40ef6dcd023d95293c414bbd68d9bccb413a,root__0de2f69d0c256f0b95795961e7ec40ef6dcd023d95293c414bbd68d9bccb413a,mendeley_goodware,0,file:0de2f69d0c256f0b95795961e7ec40ef6dcd023d95293c414bbd68d9bccb413a,train,train,x64,root,unified_mendeley
0e8430217b5215859ddb9b141649982b838538286334f309042fa614d5026d87,root__0e8430217b5215859ddb9b141649982b838538286334f309042fa614d5026d87,mendeley_goodware,0,file:0e8430217b5215859ddb9b141649982b838538286334f309042fa614d5026d87,train,train,x86,root,unified_mendeley
0e8ad31d5cddf35d3b8f31a734031efec5956ce3952f1b313a3eb04e4a2f9185,root__0e8ad31d5cddf35d3b8f31a734031efec5956ce3952f1b313a3eb04e4a2f9185,mendeley_goodware,0,file:0e8ad31d5cddf35d3b8f31a734031efec5956ce3952f1b313a3eb04e4a2f9185,val,train,x64,root,unified_mendeley
0e930949fad2bcd206d0b1129f21defbb5eae4b21df5a7099e8b17814ea90f30,root__0e930949fad2bcd206d0b1129f21defbb5eae4b21df5a7099e8b17814ea90f30,mendeley_goodware,0,file:0e930949fad2bcd206d0b1129f21defbb5eae4b21df5a7099e8b17814ea90f30,train,train,x64,root,unified_mendeley
0ec01b252ec583a9848ad5e47890fdda60aa584a425c5ef20466d57f665709d7,root__0ec01b252ec583a9848ad5e47890fdda60aa584a425c5ef20466d57f665709d7,mendeley_goodware,0,file:0ec01b252ec583a9848ad5e47890fdda60aa584a425c5ef20466d57f665709d7,train,train,x64,root,unified_mendeley
0eefd2619d77d7bafed95197e0c0ef30147acaddcd81eb2761ee9893fd55f91b,root__0eefd2619d77d7bafed95197e0c0ef30147acaddcd81eb2761ee9893fd55f91b,mendeley_goodware,0,file:0eefd2619d77d7bafed95197e0c0ef30147acaddcd81eb2761ee9893fd55f91b,train,train,x64,root,unified_mendeley
0f5b2f2015f1e02fb901a2406e1a00df69307b8331e8d9149914f7bdc93718d7,root__0f5b2f2015f1e02fb901a2406e1a00df69307b8331e8d9149914f7bdc93718d7,mendeley_goodware,0,file:0f5b2f2015f1e02fb901a2406e1a00df69307b8331e8d9149914f7bdc93718d7,train,train,x86,root,unified_mendeley
0f903e79de5699274787ae868dd54595514ffc75aa315a85c18df189dc2dceb9,root__0f903e79de5699274787ae868dd54595514ffc75aa315a85c18df189dc2dceb9,mendeley_goodware,0,file:0f903e79de5699274787ae868dd54595514ffc75aa315a85c18df189dc2dceb9,test,test,x86,root,unified_mendeley
0fbb4f848d9fb14d7bf81b0454203810869c527c3435e8747a2213dd86f8129a,root__0fbb4f848d9fb14d7bf81b0454203810869c527c3435e8747a2213dd86f8129a,mendeley_goodware,0,file:0fbb4f848d9fb14d7bf81b0454203810869c527c3435e8747a2213dd86f8129a,train,train,x86,root,unified_mendeley
0fd82b7b6f97df74df7c02b2cd79e9ae306ac5b66709874146f5d042aa8c38fc,root__0fd82b7b6f97df74df7c02b2cd79e9ae306ac5b66709874146f5d042aa8c38fc,mendeley_goodware,0,file:0fd82b7b6f97df74df7c02b2cd79e9ae306ac5b66709874146f5d042aa8c38fc,val,train,x86,root,unified_mendeley
0ffcc65f70860f3961694ba64dbe7d69b09b5f0d6eb095dff8349d6b2f1f0e96,root__0ffcc65f70860f3961694ba64dbe7d69b09b5f0d6eb095dff8349d6b2f1f0e96,mendeley_goodware,0,file:0ffcc65f70860f3961694ba64dbe7d69b09b5f0d6eb095dff8349d6b2f1f0e96,train,train,x86,root,unified_mendeley
103078b84013b55f8cfdb5a89973f1930cf50aef7d0c22dabaa9ac6bed967d5e,root__103078b84013b55f8cfdb5a89973f1930cf50aef7d0c22dabaa9ac6bed967d5e,mendeley_goodware,0,file:103078b84013b55f8cfdb5a89973f1930cf50aef7d0c22dabaa9ac6bed967d5e,train,train,x64,root,unified_mendeley
104f7ddf72823f0516861bcd5e1d25d0617b9754aadfa24796404124dd120c42,root__104f7ddf72823f0516861bcd5e1d25d0617b9754aadfa24796404124dd120c42,mendeley_goodware,0,file:104f7ddf72823f0516861bcd5e1d25d0617b9754aadfa24796404124dd120c42,train,train,x64,root,unified_mendeley
1084213dbb1e447f59520f74476e72b949d213894409999ee144bdfe4002f80b,root__1084213dbb1e447f59520f74476e72b949d213894409999ee144bdfe4002f80b,mendeley_goodware,0,file:1084213dbb1e447f59520f74476e72b949d213894409999ee144bdfe4002f80b,train,train,x64,root,unified_mendeley
10d4937d6d559d7b445af08dfcdc953bdb9079e78c02c3c54bf4343499fb66e5,root__10d4937d6d559d7b445af08dfcdc953bdb9079e78c02c3c54bf4343499fb66e5,mendeley_goodware,0,file:10d4937d6d559d7b445af08dfcdc953bdb9079e78c02c3c54bf4343499fb66e5,train,train,x86,root,unified_mendeley
10dc5121651abce100801be5c40993078aad91ca118fde3d47ee7a9916f0b66a,root__10dc5121651abce100801be5c40993078aad91ca118fde3d47ee7a9916f0b66a,mendeley_goodware,0,file:10dc5121651abce100801be5c40993078aad91ca118fde3d47ee7a9916f0b66a,train,train,x64,root,unified_mendeley
10f68d684cdeabe73cc18d9311481fc885ae085eaa315495e3e20a9f48864320,root__10f68d684cdeabe73cc18d9311481fc885ae085eaa315495e3e20a9f48864320,mendeley_goodware,0,file:10f68d684cdeabe73cc18d9311481fc885ae085eaa315495e3e20a9f48864320,train,train,x86,root,unified_mendeley
1116994b5c9df53bbc26f495bf96c5b087f470edc6ccdf56529e0d9df15b447b,root__1116994b5c9df53bbc26f495bf96c5b087f470edc6ccdf56529e0d9df15b447b,mendeley_goodware,0,file:1116994b5c9df53bbc26f495bf96c5b087f470edc6ccdf56529e0d9df15b447b,train,train,x86,root,unified_mendeley
112725aa0a890535231f201529cb5f382e5f00959f268a6a637818b74216d13c,root__112725aa0a890535231f201529cb5f382e5f00959f268a6a637818b74216d13c,mendeley_goodware,0,file:112725aa0a890535231f201529cb5f382e5f00959f268a6a637818b74216d13c,train,train,x86,root,unified_mendeley
112ed7579dc752b5178d1a4f50608305ed6bd8d309662c60609dfa2e7328a2f1,root__112ed7579dc752b5178d1a4f50608305ed6bd8d309662c60609dfa2e7328a2f1,mendeley_goodware,0,file:112ed7579dc752b5178d1a4f50608305ed6bd8d309662c60609dfa2e7328a2f1,test,test,x86,root,unified_mendeley
119e5331ef646222b6ae4fd0adc8a9cdb13a5a18d88254bd7745796e0087d5e2,root__119e5331ef646222b6ae4fd0adc8a9cdb13a5a18d88254bd7745796e0087d5e2,mendeley_goodware,0,file:119e5331ef646222b6ae4fd0adc8a9cdb13a5a18d88254bd7745796e0087d5e2,train,train,x86,root,unified_mendeley
11aeedeadef669487f4445116f617924ec4355d33eff895509f4a46eec8ef217,root__11aeedeadef669487f4445116f617924ec4355d33eff895509f4a46eec8ef217,mendeley_goodware,0,file:11aeedeadef669487f4445116f617924ec4355d33eff895509f4a46eec8ef217,train,train,x64,root,unified_mendeley
11fc84778b6b88dde720b4b84354a64f3256be6149cd5f558350bb3f5ce8c204,root__11fc84778b6b88dde720b4b84354a64f3256be6149cd5f558350bb3f5ce8c204,mendeley_goodware,0,file:11fc84778b6b88dde720b4b84354a64f3256be6149cd5f558350bb3f5ce8c204,train,train,x86,root,unified_mendeley
12986975bf6377d5c01ff6985af32d50c30adfaca1593d113b77e0f54a9633f6,root__12986975bf6377d5c01ff6985af32d50c30adfaca1593d113b77e0f54a9633f6,mendeley_goodware,0,file:12986975bf6377d5c01ff6985af32d50c30adfaca1593d113b77e0f54a9633f6,train,train,x86,root,unified_mendeley
12c94c614fb752dc1f6797b5fb3ad67719e3c924facda35dc36792c8e5ac45fc,root__12c94c614fb752dc1f6797b5fb3ad67719e3c924facda35dc36792c8e5ac45fc,mendeley_goodware,0,file:12c94c614fb752dc1f6797b5fb3ad67719e3c924facda35dc36792c8e5ac45fc,train,train,x86,root,unified_mendeley
12ec4e280bafaf7fad9c15fe83a1f0688d744e4c4a168721ff7ff86894f3713d,root__12ec4e280bafaf7fad9c15fe83a1f0688d744e4c4a168721ff7ff86894f3713d,mendeley_goodware,0,file:12ec4e280bafaf7fad9c15fe83a1f0688d744e4c4a168721ff7ff86894f3713d,test,test,x86,root,unified_mendeley
137892cc79f32bf5a94a86d86ff107df006e77fd3f0215137da978c6552cb73a,root__137892cc79f32bf5a94a86d86ff107df006e77fd3f0215137da978c6552cb73a,mendeley_goodware,0,file:137892cc79f32bf5a94a86d86ff107df006e77fd3f0215137da978c6552cb73a,train,train,x86,root,unified_mendeley
138435960f0717184f933aed18cb27773a6acb4f6028c14a7381efbd343185ba,root__138435960f0717184f933aed18cb27773a6acb4f6028c14a7381efbd343185ba,mendeley_goodware,0,file:138435960f0717184f933aed18cb27773a6acb4f6028c14a7381efbd343185ba,train,train,x64,root,unified_mendeley
139c36496aa0ba2ca83ac50aa6411e7b05e70e0527b66f937d5e3d810142999b,root__139c36496aa0ba2ca83ac50aa6411e7b05e70e0527b66f937d5e3d810142999b,mendeley_goodware,0,file:139c36496aa0ba2ca83ac50aa6411e7b05e70e0527b66f937d5e3d810142999b,train,train,x86,root,unified_mendeley
139e1b46169664e8530ab0098037858c205e26b7b2021f8a3609091cc07a4bf0,root__139e1b46169664e8530ab0098037858c205e26b7b2021f8a3609091cc07a4bf0,mendeley_goodware,0,file:139e1b46169664e8530ab0098037858c205e26b7b2021f8a3609091cc07a4bf0,train,train,x64,root,unified_mendeley
13ad43ee6d19dfc9709c3106d796bc3f21791a564e443d042a5aa117f2680649,root__13ad43ee6d19dfc9709c3106d796bc3f21791a564e443d042a5aa117f2680649,mendeley_goodware,0,file:13ad43ee6d19dfc9709c3106d796bc3f21791a564e443d042a5aa117f2680649,train,train,x64,root,unified_mendeley
1425d610beb0e3cc092ebe55ca1817ad0ae703489a20bfcabe52e0e2473a8a54,root__1425d610beb0e3cc092ebe55ca1817ad0ae703489a20bfcabe52e0e2473a8a54,mendeley_goodware,0,file:1425d610beb0e3cc092ebe55ca1817ad0ae703489a20bfcabe52e0e2473a8a54,train,train,x86,root,unified_mendeley
148b7b678fe8e74f8d92412b14eff11496d7b1ab7b8a548b327594f806df77af,root__148b7b678fe8e74f8d92412b14eff11496d7b1ab7b8a548b327594f806df77af,mendeley_goodware,0,file:148b7b678fe8e74f8d92412b14eff11496d7b1ab7b8a548b327594f806df77af,train,train,x64,root,unified_mendeley
14a2f1c100a8a376e6027813657a877efc09c8a4137f4323af2e16ed1ea6b7d4,root__14a2f1c100a8a376e6027813657a877efc09c8a4137f4323af2e16ed1ea6b7d4,mendeley_goodware,0,file:14a2f1c100a8a376e6027813657a877efc09c8a4137f4323af2e16ed1ea6b7d4,test,test,x86,root,unified_mendeley
15099976118e7caa876f4d33fc948e29009509115557a62a9c897024dc62d26d,root__15099976118e7caa876f4d33fc948e29009509115557a62a9c897024dc62d26d,mendeley_goodware,0,file:15099976118e7caa876f4d33fc948e29009509115557a62a9c897024dc62d26d,train,train,x64,root,unified_mendeley
15193d5f8dec86170c71f88626a89ce684cf9036770822c6565f38d734165ffe,root__15193d5f8dec86170c71f88626a89ce684cf9036770822c6565f38d734165ffe,mendeley_goodware,0,file:15193d5f8dec86170c71f88626a89ce684cf9036770822c6565f38d734165ffe,test,test,x86,root,unified_mendeley
155cb7bdbaee5e16007b3f41d768f655cce14f81681aa14cd7cc1fa744c2ca6b,root__155cb7bdbaee5e16007b3f41d768f655cce14f81681aa14cd7cc1fa744c2ca6b,mendeley_goodware,0,file:155cb7bdbaee5e16007b3f41d768f655cce14f81681aa14cd7cc1fa744c2ca6b,train,train,x86,root,unified_mendeley
1641406fea81f03972e0f9fbe72f335032628ff6b17a9cd28a56dc5bc2983c40,root__1641406fea81f03972e0f9fbe72f335032628ff6b17a9cd28a56dc5bc2983c40,mendeley_goodware,0,file:1641406fea81f03972e0f9fbe72f335032628ff6b17a9cd28a56dc5bc2983c40,train,train,x86,root,unified_mendeley
1689688b1d2f5f75fa038d340ca6ffb379c99df9137e6be57861b80d68727a23,root__1689688b1d2f5f75fa038d340ca6ffb379c99df9137e6be57861b80d68727a23,mendeley_goodware,0,file:1689688b1d2f5f75fa038d340ca6ffb379c99df9137e6be57861b80d68727a23,train,train,x64,root,unified_mendeley
178fdde885393cb47b1093649db7d9b83da6968c1a9e0e1c7c62f58600c82c8a,root__178fdde885393cb47b1093649db7d9b83da6968c1a9e0e1c7c62f58600c82c8a,mendeley_goodware,0,file:178fdde885393cb47b1093649db7d9b83da6968c1a9e0e1c7c62f58600c82c8a,train,train,x86,root,unified_mendeley
17cac86c16cf40741b5e0fd87ff02830694e1da2715f75e18231867b79e6df45,root__17cac86c16cf40741b5e0fd87ff02830694e1da2715f75e18231867b79e6df45,mendeley_goodware,0,file:17cac86c16cf40741b5e0fd87ff02830694e1da2715f75e18231867b79e6df45,train,train,x64,root,unified_mendeley
1821432c03406169be2e21ea5211c99e9b590b8087dd61dce42a72676b620c50,root__1821432c03406169be2e21ea5211c99e9b590b8087dd61dce42a72676b620c50,mendeley_goodware,0,file:1821432c03406169be2e21ea5211c99e9b590b8087dd61dce42a72676b620c50,val,train,x86,root,unified_mendeley
1839a4aad437b18b30e9fe880edbda89eea9b76dd0725dad2c99029ceb4e64bc,root__1839a4aad437b18b30e9fe880edbda89eea9b76dd0725dad2c99029ceb4e64bc,mendeley_goodware,0,file:1839a4aad437b18b30e9fe880edbda89eea9b76dd0725dad2c99029ceb4e64bc,train,train,x86,root,unified_mendeley
1870f9a217929452371dbf1339035bc21b0043ba735bf27500c8a00c04dd53d4,root__1870f9a217929452371dbf1339035bc21b0043ba735bf27500c8a00c04dd53d4,mendeley_goodware,0,file:1870f9a217929452371dbf1339035bc21b0043ba735bf27500c8a00c04dd53d4,train,train,x86,root,unified_mendeley
18fdb4262a2a83f9f8d58e7a4370b18ab73dc0c89e0ad12264bfac266144ab26,root__18fdb4262a2a83f9f8d58e7a4370b18ab73dc0c89e0ad12264bfac266144ab26,mendeley_goodware,0,file:18fdb4262a2a83f9f8d58e7a4370b18ab73dc0c89e0ad12264bfac266144ab26,train,train,x64,root,unified_mendeley
19093d38293025c71767696b1bbf125d5eadaf30d99043acd5884e71addb04a6,root__19093d38293025c71767696b1bbf125d5eadaf30d99043acd5884e71addb04a6,mendeley_goodware,0,file:19093d38293025c71767696b1bbf125d5eadaf30d99043acd5884e71addb04a6,test,test,x86,root,unified_mendeley
19373acc55f4daa9810341a2b164f0b7346a1e2ee5d18a6c75d20e7b0394fb08,root__19373acc55f4daa9810341a2b164f0b7346a1e2ee5d18a6c75d20e7b0394fb08,mendeley_goodware,0,file:19373acc55f4daa9810341a2b164f0b7346a1e2ee5d18a6c75d20e7b0394fb08,train,train,x64,root,unified_mendeley
195a7dd209aa9082477490d3ec19fb7b14008608947b39523cea0f8fd3dbaab9,root__195a7dd209aa9082477490d3ec19fb7b14008608947b39523cea0f8fd3dbaab9,mendeley_goodware,0,file:195a7dd209aa9082477490d3ec19fb7b14008608947b39523cea0f8fd3dbaab9,train,train,x86,root,unified_mendeley
19a0f77701d524b52e22bc9d8bee00bb47bc8af135304fd9387e6f2b16b621d8,root__19a0f77701d524b52e22bc9d8bee00bb47bc8af135304fd9387e6f2b16b621d8,mendeley_goodware,0,file:19a0f77701d524b52e22bc9d8bee00bb47bc8af135304fd9387e6f2b16b621d8,train,train,x86,root,unified_mendeley
1a4b1740610c61f1efe390ef5632b89566e35a381558bb609921d2606361b9be,root__1a4b1740610c61f1efe390ef5632b89566e35a381558bb609921d2606361b9be,mendeley_goodware,0,file:1a4b1740610c61f1efe390ef5632b89566e35a381558bb609921d2606361b9be,train,train,x86,root,unified_mendeley
1a53dc6b9353e49aa29ba328dcb2451e006029c8e6ed7c5e48b2ef5744a3a4c2,root__1a53dc6b9353e49aa29ba328dcb2451e006029c8e6ed7c5e48b2ef5744a3a4c2,mendeley_goodware,0,file:1a53dc6b9353e49aa29ba328dcb2451e006029c8e6ed7c5e48b2ef5744a3a4c2,train,train,x64,root,unified_mendeley
1a62f305b020458191910d468638d79357bafac5f2d3939a7990f0f1cd0d66c9,root__1a62f305b020458191910d468638d79357bafac5f2d3939a7990f0f1cd0d66c9,mendeley_goodware,0,file:1a62f305b020458191910d468638d79357bafac5f2d3939a7990f0f1cd0d66c9,train,train,x86,root,unified_mendeley
1aaa904c2afcca523962461f16b5ecbf202c621e06693ddd787c533b17043793,root__1aaa904c2afcca523962461f16b5ecbf202c621e06693ddd787c533b17043793,mendeley_goodware,0,file:1aaa904c2afcca523962461f16b5ecbf202c621e06693ddd787c533b17043793,train,train,x86,root,unified_mendeley
1abb7854a3561f1f6a0f22378fb485742de9af8f8306215d9579d6dd01c51244,root__1abb7854a3561f1f6a0f22378fb485742de9af8f8306215d9579d6dd01c51244,mendeley_goodware,0,file:1abb7854a3561f1f6a0f22378fb485742de9af8f8306215d9579d6dd01c51244,train,train,x86,root,unified_mendeley
1b170e9624d0c6a699f6fed4f612802b3d82c21b6c27f9b41296c1f814a0f668,root__1b170e9624d0c6a699f6fed4f612802b3d82c21b6c27f9b41296c1f814a0f668,mendeley_goodware,0,file:1b170e9624d0c6a699f6fed4f612802b3d82c21b6c27f9b41296c1f814a0f668,train,train,x86,root,unified_mendeley
1b17921adc27fd0d29f5f1f02a333596fc25cca27e2ae010f7b42fd8ac9ea80e,root__1b17921adc27fd0d29f5f1f02a333596fc25cca27e2ae010f7b42fd8ac9ea80e,mendeley_goodware,0,file:1b17921adc27fd0d29f5f1f02a333596fc25cca27e2ae010f7b42fd8ac9ea80e,train,train,x64,root,unified_mendeley
1b2ec8189777f5592a003c5ad8114848f0300590e034face6107d78e2ee8fb97,root__1b2ec8189777f5592a003c5ad8114848f0300590e034face6107d78e2ee8fb97,mendeley_goodware,0,file:1b2ec8189777f5592a003c5ad8114848f0300590e034face6107d78e2ee8fb97,train,train,x86,root,unified_mendeley
1b6bafe51de393236a98a913379aa3c5ef21595216c3605c0cd43184f8361459,root__1b6bafe51de393236a98a913379aa3c5ef21595216c3605c0cd43184f8361459,mendeley_goodware,0,file:1b6bafe51de393236a98a913379aa3c5ef21595216c3605c0cd43184f8361459,train,train,x64,root,unified_mendeley
1b81d1cd1b8a5200cc656f59f98a6062daa6d678aac6dcbbf48787cbc1d5ceb8,root__1b81d1cd1b8a5200cc656f59f98a6062daa6d678aac6dcbbf48787cbc1d5ceb8,mendeley_goodware,0,file:1b81d1cd1b8a5200cc656f59f98a6062daa6d678aac6dcbbf48787cbc1d5ceb8,train,train,x64,root,unified_mendeley
1bd75ed2adbb32c2863b5a3b117dec61ee2bfbdf4aa6892670ca5e23c2d9424f,root__1bd75ed2adbb32c2863b5a3b117dec61ee2bfbdf4aa6892670ca5e23c2d9424f,mendeley_goodware,0,file:1bd75ed2adbb32c2863b5a3b117dec61ee2bfbdf4aa6892670ca5e23c2d9424f,val,train,x64,root,unified_mendeley
1be8afd2962596807611e6a8836952d6bbdc24bde52a34905006ff78f1ad5d12,root__1be8afd2962596807611e6a8836952d6bbdc24bde52a34905006ff78f1ad5d12,mendeley_goodware,0,file:1be8afd2962596807611e6a8836952d6bbdc24bde52a34905006ff78f1ad5d12,train,train,x86,root,unified_mendeley
1c209b731ecb4c76bdac01ec789c8c8fce59bb7aa145c4791c8d4a4932bfdf74,root__1c209b731ecb4c76bdac01ec789c8c8fce59bb7aa145c4791c8d4a4932bfdf74,mendeley_goodware,0,file:1c209b731ecb4c76bdac01ec789c8c8fce59bb7aa145c4791c8d4a4932bfdf74,val,train,x86,root,unified_mendeley
1c8227150762b47731dd6b99304d3e5647824f9c1b4d7fb8cd755b29f00bc93b,root__1c8227150762b47731dd6b99304d3e5647824f9c1b4d7fb8cd755b29f00bc93b,mendeley_goodware,0,file:1c8227150762b47731dd6b99304d3e5647824f9c1b4d7fb8cd755b29f00bc93b,train,train,x64,root,unified_mendeley
1c8ab51e9c5f40c9520d617282c0a09b3422ee45d19f8272fe6209083ad46217,root__1c8ab51e9c5f40c9520d617282c0a09b3422ee45d19f8272fe6209083ad46217,mendeley_goodware,0,file:1c8ab51e9c5f40c9520d617282c0a09b3422ee45d19f8272fe6209083ad46217,train,train,x86,root,unified_mendeley
1cca7028745528dd38ce2a385f5dad4ef6be6b4a5e2d31c760cf9f21a0510774,root__1cca7028745528dd38ce2a385f5dad4ef6be6b4a5e2d31c760cf9f21a0510774,mendeley_goodware,0,file:1cca7028745528dd38ce2a385f5dad4ef6be6b4a5e2d31c760cf9f21a0510774,train,train,x86,root,unified_mendeley
1ce5f75ee898393f1f0e9a96b63c9ec84349beb282cdc78fd69ef090daa78428,root__1ce5f75ee898393f1f0e9a96b63c9ec84349beb282cdc78fd69ef090daa78428,mendeley_goodware,0,file:1ce5f75ee898393f1f0e9a96b63c9ec84349beb282cdc78fd69ef090daa78428,train,train,x86,root,unified_mendeley
1d16441035eb9c6ea116de582bbc9b6e794c4bed3b4045348cf10a62f6cc71a1,root__1d16441035eb9c6ea116de582bbc9b6e794c4bed3b4045348cf10a62f6cc71a1,mendeley_goodware,0,file:1d16441035eb9c6ea116de582bbc9b6e794c4bed3b4045348cf10a62f6cc71a1,train,train,x86,root,unified_mendeley
1d3c438fdd5d56ecfcc7c92b5d1fa097e5c44377b8b749611058023d9e209bdd,root__1d3c438fdd5d56ecfcc7c92b5d1fa097e5c44377b8b749611058023d9e209bdd,mendeley_goodware,0,file:1d3c438fdd5d56ecfcc7c92b5d1fa097e5c44377b8b749611058023d9e209bdd,train,train,x64,root,unified_mendeley
1d4660b153b0750f6f1728abae5a86c606747d36af12c5a827d24e03a1c90c6a,root__1d4660b153b0750f6f1728abae5a86c606747d36af12c5a827d24e03a1c90c6a,mendeley_goodware,0,file:1d4660b153b0750f6f1728abae5a86c606747d36af12c5a827d24e03a1c90c6a,train,train,x86,root,unified_mendeley
1d687ab68f31af9e818dfea2a3e87cfbfc9e4d39dd1ba01e4ac410fa172181d3,root__1d687ab68f31af9e818dfea2a3e87cfbfc9e4d39dd1ba01e4ac410fa172181d3,mendeley_goodware,0,file:1d687ab68f31af9e818dfea2a3e87cfbfc9e4d39dd1ba01e4ac410fa172181d3,val,train,x86,root,unified_mendeley
1daab7ac618071e392a2ff6de6d8eed170a96e29d064eb67ea9c135e72731b44,root__1daab7ac618071e392a2ff6de6d8eed170a96e29d064eb67ea9c135e72731b44,mendeley_goodware,0,file:1daab7ac618071e392a2ff6de6d8eed170a96e29d064eb67ea9c135e72731b44,val,train,x64,root,unified_mendeley
1df2f5fc3369f5901068ad9463d7a165fd8e7ee7a12ca6c1a88992bb1484632e,root__1df2f5fc3369f5901068ad9463d7a165fd8e7ee7a12ca6c1a88992bb1484632e,mendeley_goodware,0,file:1df2f5fc3369f5901068ad9463d7a165fd8e7ee7a12ca6c1a88992bb1484632e,train,train,x86,root,unified_mendeley
1e16706ef43131a1fcc3535cd5bb9e10c2f423e585d88b1701c7c5bd07233ca4,root__1e16706ef43131a1fcc3535cd5bb9e10c2f423e585d88b1701c7c5bd07233ca4,mendeley_goodware,0,file:1e16706ef43131a1fcc3535cd5bb9e10c2f423e585d88b1701c7c5bd07233ca4,train,train,x64,root,unified_mendeley
1e44e8a5e0f6aa5e5091e4bb14f72bab0223f51afb81c693f0aa935f1804319d,root__1e44e8a5e0f6aa5e5091e4bb14f72bab0223f51afb81c693f0aa935f1804319d,mendeley_goodware,0,file:1e44e8a5e0f6aa5e5091e4bb14f72bab0223f51afb81c693f0aa935f1804319d,train,train,x64,root,unified_mendeley
1e51215842f854ff2ddfa699850f03921efed246014c10b0e2bcbe465cf5fd83,root__1e51215842f854ff2ddfa699850f03921efed246014c10b0e2bcbe465cf5fd83,mendeley_goodware,0,file:1e51215842f854ff2ddfa699850f03921efed246014c10b0e2bcbe465cf5fd83,train,train,x64,root,unified_mendeley
1e61a6d0b6415b19a59771bddaf7649a80d4a6d322ab11686fc22d70d8c284cc,root__1e61a6d0b6415b19a59771bddaf7649a80d4a6d322ab11686fc22d70d8c284cc,mendeley_goodware,0,file:1e61a6d0b6415b19a59771bddaf7649a80d4a6d322ab11686fc22d70d8c284cc,train,train,x86,root,unified_mendeley
1e672a7cb8f5defb355143f971fb09738e46d186ef7dabdea75301bf6d9243b6,root__1e672a7cb8f5defb355143f971fb09738e46d186ef7dabdea75301bf6d9243b6,mendeley_goodware,0,file:1e672a7cb8f5defb355143f971fb09738e46d186ef7dabdea75301bf6d9243b6,train,train,x86,root,unified_mendeley
1e97eca81395d1bd5e627debfdb02828bd3655d68c8f7296395d574781faa32e,root__1e97eca81395d1bd5e627debfdb02828bd3655d68c8f7296395d574781faa32e,mendeley_goodware,0,file:1e97eca81395d1bd5e627debfdb02828bd3655d68c8f7296395d574781faa32e,train,train,x86,root,unified_mendeley
1eab4b9691e9efa1da02bdcb84035f65eda4b525e5aee925a6e1e4107f8e4f31,root__1eab4b9691e9efa1da02bdcb84035f65eda4b525e5aee925a6e1e4107f8e4f31,mendeley_goodware,0,file:1eab4b9691e9efa1da02bdcb84035f65eda4b525e5aee925a6e1e4107f8e4f31,train,train,x64,root,unified_mendeley
1ee3d7c80d075d64f97d04d036e558043f2f6bc959c87cd5b0a6d53b96b96a0f,root__1ee3d7c80d075d64f97d04d036e558043f2f6bc959c87cd5b0a6d53b96b96a0f,mendeley_goodware,0,file:1ee3d7c80d075d64f97d04d036e558043f2f6bc959c87cd5b0a6d53b96b96a0f,train,train,x86,root,unified_mendeley
1eed87be63be5d0cd9eb54eb30b06e3ebbabdd0aa7557a7662397e35db42a582,root__1eed87be63be5d0cd9eb54eb30b06e3ebbabdd0aa7557a7662397e35db42a582,mendeley_goodware,0,file:1eed87be63be5d0cd9eb54eb30b06e3ebbabdd0aa7557a7662397e35db42a582,train,train,x64,root,unified_mendeley
1eef86c7e1736d42dc5c061d7fa29d6db13bf4b0fec0136a6a172735686b1f1c,root__1eef86c7e1736d42dc5c061d7fa29d6db13bf4b0fec0136a6a172735686b1f1c,mendeley_goodware,0,file:1eef86c7e1736d42dc5c061d7fa29d6db13bf4b0fec0136a6a172735686b1f1c,train,train,x64,root,unified_mendeley
1f2e4a320ee7ce81b1ae422895a08f890039837d705965517ec9a11318005a68,root__1f2e4a320ee7ce81b1ae422895a08f890039837d705965517ec9a11318005a68,mendeley_goodware,0,file:1f2e4a320ee7ce81b1ae422895a08f890039837d705965517ec9a11318005a68,train,train,x86,root,unified_mendeley
1f7de5d4699a7129b1c02f963dfecf0e6009804bc27c90a105c9e8907417766a,root__1f7de5d4699a7129b1c02f963dfecf0e6009804bc27c90a105c9e8907417766a,mendeley_goodware,0,file:1f7de5d4699a7129b1c02f963dfecf0e6009804bc27c90a105c9e8907417766a,train,train,x64,root,unified_mendeley
1fb4935bc80e85c9cd965eaaf5ad0ef0ea59a825da5970795bbb12139d920a07,root__1fb4935bc80e85c9cd965eaaf5ad0ef0ea59a825da5970795bbb12139d920a07,mendeley_goodware,0,file:1fb4935bc80e85c9cd965eaaf5ad0ef0ea59a825da5970795bbb12139d920a07,train,train,x86,root,unified_mendeley
1fb73d95bd75dcc9734c2586e8d9c5eea74706786d6ad71523ffc8799817348f,root__1fb73d95bd75dcc9734c2586e8d9c5eea74706786d6ad71523ffc8799817348f,mendeley_goodware,0,file:1fb73d95bd75dcc9734c2586e8d9c5eea74706786d6ad71523ffc8799817348f,train,train,x86,root,unified_mendeley
1fececc9f0d4eac2035e235690f99b52fe60e921071547a1a8b960abc2e5c63c,root__1fececc9f0d4eac2035e235690f99b52fe60e921071547a1a8b960abc2e5c63c,mendeley_goodware,0,file:1fececc9f0d4eac2035e235690f99b52fe60e921071547a1a8b960abc2e5c63c,train,train,x86,root,unified_mendeley
200bd1a8af02f3e8f9fdb6ca773d4a640e6a1b271108a6dd0039669ecf75bfe9,root__200bd1a8af02f3e8f9fdb6ca773d4a640e6a1b271108a6dd0039669ecf75bfe9,mendeley_goodware,0,file:200bd1a8af02f3e8f9fdb6ca773d4a640e6a1b271108a6dd0039669ecf75bfe9,train,train,x86,root,unified_mendeley
2021f09ac39f2269f45ee9b9df94fa6216ad902a933463f0dea87f016a175211,root__2021f09ac39f2269f45ee9b9df94fa6216ad902a933463f0dea87f016a175211,mendeley_goodware,0,file:2021f09ac39f2269f45ee9b9df94fa6216ad902a933463f0dea87f016a175211,train,train,x86,root,unified_mendeley
20247e34c5139fa1ef689c134148b2373be2d1a1e1a568950d9641826f6a1d4e,root__20247e34c5139fa1ef689c134148b2373be2d1a1e1a568950d9641826f6a1d4e,mendeley_goodware,0,file:20247e34c5139fa1ef689c134148b2373be2d1a1e1a568950d9641826f6a1d4e,train,train,x64,root,unified_mendeley
2026d94d25d0cd10d7d43bf60b91f45f8b728af2afab195f2d3d5456390c53f6,root__2026d94d25d0cd10d7d43bf60b91f45f8b728af2afab195f2d3d5456390c53f6,mendeley_goodware,0,file:2026d94d25d0cd10d7d43bf60b91f45f8b728af2afab195f2d3d5456390c53f6,train,train,x86,root,unified_mendeley
20475a39e2c44fee59e1c7d68d99866dc65ca45740b5212db9e83da2b7d1f575,root__20475a39e2c44fee59e1c7d68d99866dc65ca45740b5212db9e83da2b7d1f575,mendeley_goodware,0,file:20475a39e2c44fee59e1c7d68d99866dc65ca45740b5212db9e83da2b7d1f575,train,train,x64,root,unified_mendeley
209e721c99a55e6d399b398b1628b6c8c697ac7d491a4a89d584de4c6aa3c253,root__209e721c99a55e6d399b398b1628b6c8c697ac7d491a4a89d584de4c6aa3c253,mendeley_goodware,0,file:209e721c99a55e6d399b398b1628b6c8c697ac7d491a4a89d584de4c6aa3c253,test,test,x86,root,unified_mendeley
20ade22fa45a4bf6c0ef5c17b21e9661db6aac6968aed663349b27c4f3021961,root__20ade22fa45a4bf6c0ef5c17b21e9661db6aac6968aed663349b27c4f3021961,mendeley_goodware,0,file:20ade22fa45a4bf6c0ef5c17b21e9661db6aac6968aed663349b27c4f3021961,train,train,x86,root,unified_mendeley
210513bc15a0dc19a74614c294b7b056d1baf82c5a25b60d374aee9cf59cab07,root__210513bc15a0dc19a74614c294b7b056d1baf82c5a25b60d374aee9cf59cab07,mendeley_goodware,0,file:210513bc15a0dc19a74614c294b7b056d1baf82c5a25b60d374aee9cf59cab07,val,train,x64,root,unified_mendeley
22a98a3262c6d53079e80b18a7bc24f407bd007be09113d440c53a1aef32b381,root__22a98a3262c6d53079e80b18a7bc24f407bd007be09113d440c53a1aef32b381,mendeley_goodware,0,file:22a98a3262c6d53079e80b18a7bc24f407bd007be09113d440c53a1aef32b381,train,train,x64,root,unified_mendeley
22b2a930d97c30bf53b7bc9838f8c4c938d7d0f806eae3601f9a01aeac803443,root__22b2a930d97c30bf53b7bc9838f8c4c938d7d0f806eae3601f9a01aeac803443,mendeley_goodware,0,file:22b2a930d97c30bf53b7bc9838f8c4c938d7d0f806eae3601f9a01aeac803443,train,train,x86,root,unified_mendeley
22cf868e24751d82c0a1459895a786451a308e4e5aed101adda22ac39da06ed1,root__22cf868e24751d82c0a1459895a786451a308e4e5aed101adda22ac39da06ed1,mendeley_goodware,0,file:22cf868e24751d82c0a1459895a786451a308e4e5aed101adda22ac39da06ed1,train,train,x86,root,unified_mendeley
22e67fb02edbb758cf7e2f9efce2313065fd5f297452fe8b66d0f428da140021,root__22e67fb02edbb758cf7e2f9efce2313065fd5f297452fe8b66d0f428da140021,mendeley_goodware,0,file:22e67fb02edbb758cf7e2f9efce2313065fd5f297452fe8b66d0f428da140021,train,train,x86,root,unified_mendeley
231fd04cbe983d7db323e179297edb7d9698bb70701d72fad36a7a5195086e0f,root__231fd04cbe983d7db323e179297edb7d9698bb70701d72fad36a7a5195086e0f,mendeley_goodware,0,file:231fd04cbe983d7db323e179297edb7d9698bb70701d72fad36a7a5195086e0f,train,train,x86,root,unified_mendeley
2348acb60563ca0997da7378e5454515937ef9d54000a5e2e7fb5c81495896af,root__2348acb60563ca0997da7378e5454515937ef9d54000a5e2e7fb5c81495896af,mendeley_goodware,0,file:2348acb60563ca0997da7378e5454515937ef9d54000a5e2e7fb5c81495896af,train,train,x86,root,unified_mendeley
239e42f9b954493f90933e65dca47d19b7de1b25cc851bdef122f4ce64a77f90,root__239e42f9b954493f90933e65dca47d19b7de1b25cc851bdef122f4ce64a77f90,mendeley_goodware,0,file:239e42f9b954493f90933e65dca47d19b7de1b25cc851bdef122f4ce64a77f90,train,train,x86,root,unified_mendeley
2418929fec25b3a30c10fe01901f4d75d6895480df500beb19717517ccd5bb41,root__2418929fec25b3a30c10fe01901f4d75d6895480df500beb19717517ccd5bb41,mendeley_goodware,0,file:2418929fec25b3a30c10fe01901f4d75d6895480df500beb19717517ccd5bb41,train,train,x64,root,unified_mendeley
243d1ab7b5573b2e816e7adc93bb36c40fd19e8c7e2f39d81172f32dfb13d802,root__243d1ab7b5573b2e816e7adc93bb36c40fd19e8c7e2f39d81172f32dfb13d802,mendeley_goodware,0,file:243d1ab7b5573b2e816e7adc93bb36c40fd19e8c7e2f39d81172f32dfb13d802,train,train,x86,root,unified_mendeley
24d5ae729dba94c00615c3c13a5fc0707912f991353f9db826ab03ee066766a6,root__24d5ae729dba94c00615c3c13a5fc0707912f991353f9db826ab03ee066766a6,mendeley_goodware,0,file:24d5ae729dba94c00615c3c13a5fc0707912f991353f9db826ab03ee066766a6,train,train,x64,root,unified_mendeley
24f001784d68cc80e944422807c052c0d2e9e51c75c3cd578da610576208abaa,root__24f001784d68cc80e944422807c052c0d2e9e51c75c3cd578da610576208abaa,mendeley_goodware,0,file:24f001784d68cc80e944422807c052c0d2e9e51c75c3cd578da610576208abaa,train,train,x86,root,unified_mendeley
24fcb7577a7c4e585c886fd93604f3da8d7cce032a8423cb45ce83e5ed89af80,root__24fcb7577a7c4e585c886fd93604f3da8d7cce032a8423cb45ce83e5ed89af80,mendeley_goodware,0,file:24fcb7577a7c4e585c886fd93604f3da8d7cce032a8423cb45ce83e5ed89af80,test,test,x86,root,unified_mendeley
25484d9bab580d1d7ba0f514093791d8c9f4367bdd69f3f9943cb7d82b3052c4,root__25484d9bab580d1d7ba0f514093791d8c9f4367bdd69f3f9943cb7d82b3052c4,mendeley_goodware,0,file:25484d9bab580d1d7ba0f514093791d8c9f4367bdd69f3f9943cb7d82b3052c4,val,train,x64,root,unified_mendeley
255a65b31bf86c5137efd1c354a9a587c586e5a19005ae2d32409372cf5bca52,root__255a65b31bf86c5137efd1c354a9a587c586e5a19005ae2d32409372cf5bca52,mendeley_goodware,0,file:255a65b31bf86c5137efd1c354a9a587c586e5a19005ae2d32409372cf5bca52,train,train,x86,root,unified_mendeley
255ae38c59bcdc3ae0c706bee5eb333041f3b52de15bbf2a4b1e4c1723f33864,root__255ae38c59bcdc3ae0c706bee5eb333041f3b52de15bbf2a4b1e4c1723f33864,mendeley_goodware,0,file:255ae38c59bcdc3ae0c706bee5eb333041f3b52de15bbf2a4b1e4c1723f33864,train,train,x86,root,unified_mendeley
258d2ca55d04630e525daf4fefa4304ad3acf890a12f0ad7ef9f7739ddc01112,root__258d2ca55d04630e525daf4fefa4304ad3acf890a12f0ad7ef9f7739ddc01112,mendeley_goodware,0,file:258d2ca55d04630e525daf4fefa4304ad3acf890a12f0ad7ef9f7739ddc01112,train,train,x64,root,unified_mendeley
25a7759a8a47b5ba8a65d9d2771c3cf33da5458e65d43336f4674b11beb80aae,root__25a7759a8a47b5ba8a65d9d2771c3cf33da5458e65d43336f4674b11beb80aae,mendeley_goodware,0,file:25a7759a8a47b5ba8a65d9d2771c3cf33da5458e65d43336f4674b11beb80aae,test,test,x86,root,unified_mendeley
25f014600a497a9948f90c72204cf334297a47777e3fe67d376b9d2b1baf1955,root__25f014600a497a9948f90c72204cf334297a47777e3fe67d376b9d2b1baf1955,mendeley_goodware,0,file:25f014600a497a9948f90c72204cf334297a47777e3fe67d376b9d2b1baf1955,val,train,x64,root,unified_mendeley
25f2586c2fadd61a8c4983c42594693c32bffa1f5105daededa02d97d72ce031,root__25f2586c2fadd61a8c4983c42594693c32bffa1f5105daededa02d97d72ce031,mendeley_goodware,0,file:25f2586c2fadd61a8c4983c42594693c32bffa1f5105daededa02d97d72ce031,test,test,x86,root,unified_mendeley
262de0c95806384a8e07af5f72a1df3666eb36bb5e715f6bd19f5e00a8f7533b,root__262de0c95806384a8e07af5f72a1df3666eb36bb5e715f6bd19f5e00a8f7533b,mendeley_goodware,0,file:262de0c95806384a8e07af5f72a1df3666eb36bb5e715f6bd19f5e00a8f7533b,test,test,x86,root,unified_mendeley
26617332c466dee638a3272548fd8733feca9e29ee93a05d3447b3dce25083d5,root__26617332c466dee638a3272548fd8733feca9e29ee93a05d3447b3dce25083d5,mendeley_goodware,0,file:26617332c466dee638a3272548fd8733feca9e29ee93a05d3447b3dce25083d5,test,test,x86,root,unified_mendeley
26d697895af9cc4f327c82de0deaab10da33d83527abe47e7ebc261079c3dc52,root__26d697895af9cc4f327c82de0deaab10da33d83527abe47e7ebc261079c3dc52,mendeley_goodware,0,file:26d697895af9cc4f327c82de0deaab10da33d83527abe47e7ebc261079c3dc52,train,train,x86,root,unified_mendeley
26dda3026e983ca98575339a0c8ffb5700dd9fb03693e92d5f192489b3f44067,root__26dda3026e983ca98575339a0c8ffb5700dd9fb03693e92d5f192489b3f44067,mendeley_goodware,0,file:26dda3026e983ca98575339a0c8ffb5700dd9fb03693e92d5f192489b3f44067,train,train,x86,root,unified_mendeley
26e68d4381774a6fd0bf5ca2eacef55f2ab28536e3176a1c6362dffc68b22b8a,root__26e68d4381774a6fd0bf5ca2eacef55f2ab28536e3176a1c6362dffc68b22b8a,mendeley_goodware,0,file:26e68d4381774a6fd0bf5ca2eacef55f2ab28536e3176a1c6362dffc68b22b8a,train,train,x86,root,unified_mendeley
2704bd8527e3bc9998564a83da7a86c7781dbf3307e436694bbaee6b13f8fde1,root__2704bd8527e3bc9998564a83da7a86c7781dbf3307e436694bbaee6b13f8fde1,mendeley_goodware,0,file:2704bd8527e3bc9998564a83da7a86c7781dbf3307e436694bbaee6b13f8fde1,train,train,x86,root,unified_mendeley
27440393c18ebccd75abee131f60daab6b2b017fdf71f6dd741c631316786e8a,root__27440393c18ebccd75abee131f60daab6b2b017fdf71f6dd741c631316786e8a,mendeley_goodware,0,file:27440393c18ebccd75abee131f60daab6b2b017fdf71f6dd741c631316786e8a,val,train,x64,root,unified_mendeley
2747462e89fcdbf41ab73f46a8efb67057792fd659d5af9f54f1f8cf19f555d9,root__2747462e89fcdbf41ab73f46a8efb67057792fd659d5af9f54f1f8cf19f555d9,mendeley_goodware,0,file:2747462e89fcdbf41ab73f46a8efb67057792fd659d5af9f54f1f8cf19f555d9,train,train,x86,root,unified_mendeley
2782a7f6336daf4cc25a88995456678f02afe0f01c86d24ef75cf54996710a75,root__2782a7f6336daf4cc25a88995456678f02afe0f01c86d24ef75cf54996710a75,mendeley_goodware,0,file:2782a7f6336daf4cc25a88995456678f02afe0f01c86d24ef75cf54996710a75,train,train,x64,root,unified_mendeley
27c7412c781627ddf490a890f2ffd65f9533b75678a2770b1f0bb755d192f348,root__27c7412c781627ddf490a890f2ffd65f9533b75678a2770b1f0bb755d192f348,mendeley_goodware,0,file:27c7412c781627ddf490a890f2ffd65f9533b75678a2770b1f0bb755d192f348,train,train,x86,root,unified_mendeley
27f59813b4cfecf7f9b70f31fd8be3cd6a91227cd065978a9f57cc05ae8f0632,root__27f59813b4cfecf7f9b70f31fd8be3cd6a91227cd065978a9f57cc05ae8f0632,mendeley_goodware,0,file:27f59813b4cfecf7f9b70f31fd8be3cd6a91227cd065978a9f57cc05ae8f0632,train,train,x64,root,unified_mendeley
2818a2f074106a1e72f57831f85cafdb5bd66addbcfda391426a37ae19443def,root__2818a2f074106a1e72f57831f85cafdb5bd66addbcfda391426a37ae19443def,mendeley_goodware,0,file:2818a2f074106a1e72f57831f85cafdb5bd66addbcfda391426a37ae19443def,train,train,x86,root,unified_mendeley
283fd8cda8454f7a85d55fe60bc17e208ac25996bc98312186a625c930631dd5,root__283fd8cda8454f7a85d55fe60bc17e208ac25996bc98312186a625c930631dd5,mendeley_goodware,0,file:283fd8cda8454f7a85d55fe60bc17e208ac25996bc98312186a625c930631dd5,train,train,x86,root,unified_mendeley
28639b051e710031ab27d1b09d3f46dffb93c9dac24ae96bc781489841a2201a,root__28639b051e710031ab27d1b09d3f46dffb93c9dac24ae96bc781489841a2201a,mendeley_goodware,0,file:28639b051e710031ab27d1b09d3f46dffb93c9dac24ae96bc781489841a2201a,test,test,x86,root,unified_mendeley
28695005c5b4780b5258367964580af6568ac187d0e8726eb1c70370ad042cb8,root__28695005c5b4780b5258367964580af6568ac187d0e8726eb1c70370ad042cb8,mendeley_goodware,0,file:28695005c5b4780b5258367964580af6568ac187d0e8726eb1c70370ad042cb8,train,train,x86,root,unified_mendeley
28779fecc70f191e46ebb30471551492bffd7817a8d44e52c3b2dc17ee003a92,root__28779fecc70f191e46ebb30471551492bffd7817a8d44e52c3b2dc17ee003a92,mendeley_goodware,0,file:28779fecc70f191e46ebb30471551492bffd7817a8d44e52c3b2dc17ee003a92,train,train,x64,root,unified_mendeley
2877e57b2490f708413b93d8e8ccfab21542bf4f7d5ef582c995fb3059e2dbdd,root__2877e57b2490f708413b93d8e8ccfab21542bf4f7d5ef582c995fb3059e2dbdd,mendeley_goodware,0,file:2877e57b2490f708413b93d8e8ccfab21542bf4f7d5ef582c995fb3059e2dbdd,train,train,x64,root,unified_mendeley
28841ff3ed4eac80df25970c163a652d58517d8fe971383ef50073cc8b2aefc3,root__28841ff3ed4eac80df25970c163a652d58517d8fe971383ef50073cc8b2aefc3,mendeley_goodware,0,file:28841ff3ed4eac80df25970c163a652d58517d8fe971383ef50073cc8b2aefc3,train,train,x64,root,unified_mendeley
28bb332d73ddd4147c6009cb10ac073b6072be2114554f85c5c37f557af0fc8b,root__28bb332d73ddd4147c6009cb10ac073b6072be2114554f85c5c37f557af0fc8b,mendeley_goodware,0,file:28bb332d73ddd4147c6009cb10ac073b6072be2114554f85c5c37f557af0fc8b,train,train,x64,root,unified_mendeley
28bca4d3873eb8ac2faa7ed5ef0629e7a7b13d984030a157479e0c0b0653ca67,root__28bca4d3873eb8ac2faa7ed5ef0629e7a7b13d984030a157479e0c0b0653ca67,mendeley_goodware,0,file:28bca4d3873eb8ac2faa7ed5ef0629e7a7b13d984030a157479e0c0b0653ca67,train,train,x64,root,unified_mendeley
28c46c4ee53050720e06c4bb0d1f64aef651438e3a712398d488426355a330c7,root__28c46c4ee53050720e06c4bb0d1f64aef651438e3a712398d488426355a330c7,mendeley_goodware,0,file:28c46c4ee53050720e06c4bb0d1f64aef651438e3a712398d488426355a330c7,train,train,x64,root,unified_mendeley
28d452dd1be5394ee3f5b1b595f4a138fea6067f59c95609d69fbe4c6d6b4c82,root__28d452dd1be5394ee3f5b1b595f4a138fea6067f59c95609d69fbe4c6d6b4c82,mendeley_goodware,0,file:28d452dd1be5394ee3f5b1b595f4a138fea6067f59c95609d69fbe4c6d6b4c82,train,train,x64,root,unified_mendeley
29a8e556ac9db50b809da213ba3cc2e80d88e90a90e6c58e8177a5f3cf6b134d,root__29a8e556ac9db50b809da213ba3cc2e80d88e90a90e6c58e8177a5f3cf6b134d,mendeley_goodware,0,file:29a8e556ac9db50b809da213ba3cc2e80d88e90a90e6c58e8177a5f3cf6b134d,test,test,x86,root,unified_mendeley
29ad9108c2fc8b8c5472ec63b7250b4bfd5afeab1f359d3bca2e0726ff94e29c,root__29ad9108c2fc8b8c5472ec63b7250b4bfd5afeab1f359d3bca2e0726ff94e29c,mendeley_goodware,0,file:29ad9108c2fc8b8c5472ec63b7250b4bfd5afeab1f359d3bca2e0726ff94e29c,train,train,x64,root,unified_mendeley
29bd8c3471b341ca78b9c2612de89ce3558a3cd07d675995000e0b3c79b05509,root__29bd8c3471b341ca78b9c2612de89ce3558a3cd07d675995000e0b3c79b05509,mendeley_goodware,0,file:29bd8c3471b341ca78b9c2612de89ce3558a3cd07d675995000e0b3c79b05509,train,train,x86,root,unified_mendeley
29f48c967efd519b84c8ff518bf7f6cafa13bb34d8fa9af893c05a10197f3a34,root__29f48c967efd519b84c8ff518bf7f6cafa13bb34d8fa9af893c05a10197f3a34,mendeley_goodware,0,file:29f48c967efd519b84c8ff518bf7f6cafa13bb34d8fa9af893c05a10197f3a34,train,train,x86,root,unified_mendeley
2a7081195acf53b272040bd4f232691b626b522123d3fe402fca91b3fd64f158,root__2a7081195acf53b272040bd4f232691b626b522123d3fe402fca91b3fd64f158,mendeley_goodware,0,file:2a7081195acf53b272040bd4f232691b626b522123d3fe402fca91b3fd64f158,train,train,x86,root,unified_mendeley
2b2acc344b1da9bbbe863f0fa877ba1d94fd8b0d01d49dc1b412e552ad6e7eb2,root__2b2acc344b1da9bbbe863f0fa877ba1d94fd8b0d01d49dc1b412e552ad6e7eb2,mendeley_goodware,0,file:2b2acc344b1da9bbbe863f0fa877ba1d94fd8b0d01d49dc1b412e552ad6e7eb2,val,train,x86,root,unified_mendeley
2b568cc6ae6b25fea9b706338b9b6c33668b88de5cf242c274a1034ac7fcdd5b,root__2b568cc6ae6b25fea9b706338b9b6c33668b88de5cf242c274a1034ac7fcdd5b,mendeley_goodware,0,file:2b568cc6ae6b25fea9b706338b9b6c33668b88de5cf242c274a1034ac7fcdd5b,train,train,x64,root,unified_mendeley
2b6b1315f4ff6955281353024f427486f58430f2129a98fa7375c12a580bbd7f,root__2b6b1315f4ff6955281353024f427486f58430f2129a98fa7375c12a580bbd7f,mendeley_goodware,0,file:2b6b1315f4ff6955281353024f427486f58430f2129a98fa7375c12a580bbd7f,train,train,x64,root,unified_mendeley
2b7a6693be12f9df7a56f5467911927438ebc0c06f979195536c942cbe6c2cce,root__2b7a6693be12f9df7a56f5467911927438ebc0c06f979195536c942cbe6c2cce,mendeley_goodware,0,file:2b7a6693be12f9df7a56f5467911927438ebc0c06f979195536c942cbe6c2cce,train,train,x64,root,unified_mendeley
2c5bea1f522cea917428ba0420e948dfeb78efe6328b1b6cdc9fbbda317995e0,root__2c5bea1f522cea917428ba0420e948dfeb78efe6328b1b6cdc9fbbda317995e0,mendeley_goodware,0,file:2c5bea1f522cea917428ba0420e948dfeb78efe6328b1b6cdc9fbbda317995e0,train,train,x86,root,unified_mendeley
2c749ebe67bfb2496b47d2bcd8b05e32134e71bcc51d0b1bf63b2dd668f56b5e,root__2c749ebe67bfb2496b47d2bcd8b05e32134e71bcc51d0b1bf63b2dd668f56b5e,mendeley_goodware,0,file:2c749ebe67bfb2496b47d2bcd8b05e32134e71bcc51d0b1bf63b2dd668f56b5e,train,train,x64,root,unified_mendeley
2c91f17dd33e78430451d47f2e26715eb6e1fd8125e530182ec0caceb4cd755f,root__2c91f17dd33e78430451d47f2e26715eb6e1fd8125e530182ec0caceb4cd755f,mendeley_goodware,0,file:2c91f17dd33e78430451d47f2e26715eb6e1fd8125e530182ec0caceb4cd755f,train,train,x64,root,unified_mendeley
2c9b505df820bae828a619cfc186453a10b5c7d87e03d53226a26314f7df9bf8,root__2c9b505df820bae828a619cfc186453a10b5c7d87e03d53226a26314f7df9bf8,mendeley_goodware,0,file:2c9b505df820bae828a619cfc186453a10b5c7d87e03d53226a26314f7df9bf8,train,train,x86,root,unified_mendeley
2d5c643b34f7ee7928105cf95b6f2230312c333a7f8295ce2c99ee8d31e88814,root__2d5c643b34f7ee7928105cf95b6f2230312c333a7f8295ce2c99ee8d31e88814,mendeley_goodware,0,file:2d5c643b34f7ee7928105cf95b6f2230312c333a7f8295ce2c99ee8d31e88814,test,test,x64,root,unified_mendeley
2d863c3cc9c692cd5dedd26db675be759ef99dd2a7abbb60dda5d692d67d08ef,root__2d863c3cc9c692cd5dedd26db675be759ef99dd2a7abbb60dda5d692d67d08ef,mendeley_goodware,0,file:2d863c3cc9c692cd5dedd26db675be759ef99dd2a7abbb60dda5d692d67d08ef,train,train,x86,root,unified_mendeley
2db6bbfb18c68629fe87269e3bebd97c73588bcb2ce2825d7f9a3628101c935a,root__2db6bbfb18c68629fe87269e3bebd97c73588bcb2ce2825d7f9a3628101c935a,mendeley_goodware,0,file:2db6bbfb18c68629fe87269e3bebd97c73588bcb2ce2825d7f9a3628101c935a,train,train,x64,root,unified_mendeley
2dc2c75e781320f26de2ce4e9bd6abef01b8ad349854dee2b44ef4e859bb480d,root__2dc2c75e781320f26de2ce4e9bd6abef01b8ad349854dee2b44ef4e859bb480d,mendeley_goodware,0,file:2dc2c75e781320f26de2ce4e9bd6abef01b8ad349854dee2b44ef4e859bb480d,train,train,x64,root,unified_mendeley
2ddf7a0a416c31783ac15082b660d1b0fc27e0cbecd1728d36485a534856d3e0,root__2ddf7a0a416c31783ac15082b660d1b0fc27e0cbecd1728d36485a534856d3e0,mendeley_goodware,0,file:2ddf7a0a416c31783ac15082b660d1b0fc27e0cbecd1728d36485a534856d3e0,train,train,x86,root,unified_mendeley
2e1dae9e3bfd5c1b10d261dab595e65e2e11038b18fe02f194c44452c38c6bf3,root__2e1dae9e3bfd5c1b10d261dab595e65e2e11038b18fe02f194c44452c38c6bf3,mendeley_goodware,0,file:2e1dae9e3bfd5c1b10d261dab595e65e2e11038b18fe02f194c44452c38c6bf3,train,train,x64,root,unified_mendeley
2e248ea87c79d1142c6b03d4cd296b610bae6a88e9f72d2ba1bf646a67a05a0b,root__2e248ea87c79d1142c6b03d4cd296b610bae6a88e9f72d2ba1bf646a67a05a0b,mendeley_goodware,0,file:2e248ea87c79d1142c6b03d4cd296b610bae6a88e9f72d2ba1bf646a67a05a0b,train,train,x64,root,unified_mendeley
2e2a00d89f4f476200fc2c98e607c114613d08a4460caf3d6bbb47bf05c3ac5a,root__2e2a00d89f4f476200fc2c98e607c114613d08a4460caf3d6bbb47bf05c3ac5a,mendeley_goodware,0,file:2e2a00d89f4f476200fc2c98e607c114613d08a4460caf3d6bbb47bf05c3ac5a,train,train,x64,root,unified_mendeley
2e2cafd7954a9fb3fd321194bd3bb691cecee01189a51e821ed1b40dce929007,root__2e2cafd7954a9fb3fd321194bd3bb691cecee01189a51e821ed1b40dce929007,mendeley_goodware,0,file:2e2cafd7954a9fb3fd321194bd3bb691cecee01189a51e821ed1b40dce929007,train,train,x86,root,unified_mendeley
2e3bd3de5c065b1518a32c9104769726e9b51ca15acb810fcedd2b26b2148d75,root__2e3bd3de5c065b1518a32c9104769726e9b51ca15acb810fcedd2b26b2148d75,mendeley_goodware,0,file:2e3bd3de5c065b1518a32c9104769726e9b51ca15acb810fcedd2b26b2148d75,train,train,x64,root,unified_mendeley
2e9edac8ad372bd9adffe852a18f5fbd25de804c0ca39c2f5b88365cc443c138,root__2e9edac8ad372bd9adffe852a18f5fbd25de804c0ca39c2f5b88365cc443c138,mendeley_goodware,0,file:2e9edac8ad372bd9adffe852a18f5fbd25de804c0ca39c2f5b88365cc443c138,train,train,x64,root,unified_mendeley
2ea40420fc11dcec6cba69fd25ac7c6cd92e371ca506d3bc3112aa5d629bca04,root__2ea40420fc11dcec6cba69fd25ac7c6cd92e371ca506d3bc3112aa5d629bca04,mendeley_goodware,0,file:2ea40420fc11dcec6cba69fd25ac7c6cd92e371ca506d3bc3112aa5d629bca04,train,train,x86,root,unified_mendeley
2ed9ae5d9b7c1b78eecb0074c7225f6d7a8cfc79754eea690382b4aaf3647cf8,root__2ed9ae5d9b7c1b78eecb0074c7225f6d7a8cfc79754eea690382b4aaf3647cf8,mendeley_goodware,0,file:2ed9ae5d9b7c1b78eecb0074c7225f6d7a8cfc79754eea690382b4aaf3647cf8,train,train,x64,root,unified_mendeley
2f0397ca20000338b80be0cf02d14c26dcad1a3c354b504774aa111a7c73e94a,root__2f0397ca20000338b80be0cf02d14c26dcad1a3c354b504774aa111a7c73e94a,mendeley_goodware,0,file:2f0397ca20000338b80be0cf02d14c26dcad1a3c354b504774aa111a7c73e94a,train,train,x64,root,unified_mendeley
2f07466f0653b10ef398867152b9efa760556d4ea5f28dccd3f17d7e4ef831d7,root__2f07466f0653b10ef398867152b9efa760556d4ea5f28dccd3f17d7e4ef831d7,mendeley_goodware,0,file:2f07466f0653b10ef398867152b9efa760556d4ea5f28dccd3f17d7e4ef831d7,val,train,x86,root,unified_mendeley
2f389504b35baeb1c9e352fc09ab6766e393e25e1e05d1dd3fba9a434d779835,root__2f389504b35baeb1c9e352fc09ab6766e393e25e1e05d1dd3fba9a434d779835,mendeley_goodware,0,file:2f389504b35baeb1c9e352fc09ab6766e393e25e1e05d1dd3fba9a434d779835,test,test,x86,root,unified_mendeley
2f7b8b98870523146a952c3e194992af4b550622a877176581e1230e5f24a677,root__2f7b8b98870523146a952c3e194992af4b550622a877176581e1230e5f24a677,mendeley_goodware,0,file:2f7b8b98870523146a952c3e194992af4b550622a877176581e1230e5f24a677,train,train,x86,root,unified_mendeley
2fac5f116eac447be41d986ab866847ed1583b6df12f8e2c8f1177b424d28a0c,root__2fac5f116eac447be41d986ab866847ed1583b6df12f8e2c8f1177b424d28a0c,mendeley_goodware,0,file:2fac5f116eac447be41d986ab866847ed1583b6df12f8e2c8f1177b424d28a0c,train,train,x86,root,unified_mendeley
2fb93e55f4e65d1f6e969c92119ed2b2fe05a65b7aebe6ef3be9f3025d692e17,root__2fb93e55f4e65d1f6e969c92119ed2b2fe05a65b7aebe6ef3be9f3025d692e17,mendeley_goodware,0,file:2fb93e55f4e65d1f6e969c92119ed2b2fe05a65b7aebe6ef3be9f3025d692e17,train,train,x86,root,unified_mendeley
3036c3a4c3884d8ac8b58436f308332ab4a1879e1c805e568eb1a0f8b85255e8,root__3036c3a4c3884d8ac8b58436f308332ab4a1879e1c805e568eb1a0f8b85255e8,mendeley_goodware,0,file:3036c3a4c3884d8ac8b58436f308332ab4a1879e1c805e568eb1a0f8b85255e8,train,train,x86,root,unified_mendeley
30409e8c030059b1af27f735f3715186da383906ff7abc2788338a0339a382db,root__30409e8c030059b1af27f735f3715186da383906ff7abc2788338a0339a382db,mendeley_goodware,0,file:30409e8c030059b1af27f735f3715186da383906ff7abc2788338a0339a382db,train,train,x86,root,unified_mendeley
30a413132a3fbd21976e5572527e0b00e7241e35da4e2c97acccd4ac505ffbec,root__30a413132a3fbd21976e5572527e0b00e7241e35da4e2c97acccd4ac505ffbec,mendeley_goodware,0,file:30a413132a3fbd21976e5572527e0b00e7241e35da4e2c97acccd4ac505ffbec,train,train,x64,root,unified_mendeley
30e148de260094fa9efc09a8596bbedc3ee76b438c1e7640c01b1128e6528c17,root__30e148de260094fa9efc09a8596bbedc3ee76b438c1e7640c01b1128e6528c17,mendeley_goodware,0,file:30e148de260094fa9efc09a8596bbedc3ee76b438c1e7640c01b1128e6528c17,train,train,x86,root,unified_mendeley
310d64eb8f9d0b8cde591aa0b8857bf2bcd3cd25a232429904c34388d1b9f829,root__310d64eb8f9d0b8cde591aa0b8857bf2bcd3cd25a232429904c34388d1b9f829,mendeley_goodware,0,file:310d64eb8f9d0b8cde591aa0b8857bf2bcd3cd25a232429904c34388d1b9f829,train,train,x64,root,unified_mendeley
3118826c737001df153068efc171276509739c660d756c6129d8ab3d31d91b9c,root__3118826c737001df153068efc171276509739c660d756c6129d8ab3d31d91b9c,mendeley_goodware,0,file:3118826c737001df153068efc171276509739c660d756c6129d8ab3d31d91b9c,val,train,x64,root,unified_mendeley
31eb4115e6a2ff36bdc86642d11db743b2e2485f5d2c115430d6fa50c0691183,root__31eb4115e6a2ff36bdc86642d11db743b2e2485f5d2c115430d6fa50c0691183,mendeley_goodware,0,file:31eb4115e6a2ff36bdc86642d11db743b2e2485f5d2c115430d6fa50c0691183,train,train,x86,root,unified_mendeley
324ef7350f35d6f923b64f12f32a9ed07fa7c90c5c335c86d76c9c1a166fde4f,root__324ef7350f35d6f923b64f12f32a9ed07fa7c90c5c335c86d76c9c1a166fde4f,mendeley_goodware,0,file:324ef7350f35d6f923b64f12f32a9ed07fa7c90c5c335c86d76c9c1a166fde4f,train,train,x64,root,unified_mendeley
3274d12cdb16a7f44a96335ae17151c6c8667fbfe36e4c11edc9d1b825078e17,root__3274d12cdb16a7f44a96335ae17151c6c8667fbfe36e4c11edc9d1b825078e17,mendeley_goodware,0,file:3274d12cdb16a7f44a96335ae17151c6c8667fbfe36e4c11edc9d1b825078e17,train,train,x64,root,unified_mendeley
3275f3bf650229e13a79fee7d478631ffaa4bf033143cf18e9fbf0f5678e3efa,root__3275f3bf650229e13a79fee7d478631ffaa4bf033143cf18e9fbf0f5678e3efa,mendeley_goodware,0,file:3275f3bf650229e13a79fee7d478631ffaa4bf033143cf18e9fbf0f5678e3efa,train,train,x86,root,unified_mendeley
3286f3271943104e023e36323f0abbb114c2c59e3a95d64951b1aafe964272a0,root__3286f3271943104e023e36323f0abbb114c2c59e3a95d64951b1aafe964272a0,mendeley_goodware,0,file:3286f3271943104e023e36323f0abbb114c2c59e3a95d64951b1aafe964272a0,train,train,x86,root,unified_mendeley
32d6c00267508358974a3a0a40113a4f9773f476120e9c0742f40b89ffda7394,root__32d6c00267508358974a3a0a40113a4f9773f476120e9c0742f40b89ffda7394,mendeley_goodware,0,file:32d6c00267508358974a3a0a40113a4f9773f476120e9c0742f40b89ffda7394,val,train,x86,root,unified_mendeley
32e17494769b6d40044f32d60e1ccad32b66cc5f707a3e45d568a4570335854f,root__32e17494769b6d40044f32d60e1ccad32b66cc5f707a3e45d568a4570335854f,mendeley_goodware,0,file:32e17494769b6d40044f32d60e1ccad32b66cc5f707a3e45d568a4570335854f,train,train,x86,root,unified_mendeley
32f91b0ce7278e96f19b134722ab5260990d59d1b3381116bc5078b860ae57a8,root__32f91b0ce7278e96f19b134722ab5260990d59d1b3381116bc5078b860ae57a8,mendeley_goodware,0,file:32f91b0ce7278e96f19b134722ab5260990d59d1b3381116bc5078b860ae57a8,train,train,x86,root,unified_mendeley
3303a5d0310f58e179bb03ce8245c1892f4cc9fd7733e7da00794595c59c7d76,root__3303a5d0310f58e179bb03ce8245c1892f4cc9fd7733e7da00794595c59c7d76,mendeley_goodware,0,file:3303a5d0310f58e179bb03ce8245c1892f4cc9fd7733e7da00794595c59c7d76,train,train,x86,root,unified_mendeley
3325883fd89108dd698638098cd9dfa14a2a75fd5fa812bdfd69be23f5ca4c3d,root__3325883fd89108dd698638098cd9dfa14a2a75fd5fa812bdfd69be23f5ca4c3d,mendeley_goodware,0,file:3325883fd89108dd698638098cd9dfa14a2a75fd5fa812bdfd69be23f5ca4c3d,train,train,x86,root,unified_mendeley
332fa83bdc982ab5a509eff6fdac3161034bf55b32b7f7dc3c7551fe3a6a0cbc,root__332fa83bdc982ab5a509eff6fdac3161034bf55b32b7f7dc3c7551fe3a6a0cbc,mendeley_goodware,0,file:332fa83bdc982ab5a509eff6fdac3161034bf55b32b7f7dc3c7551fe3a6a0cbc,train,train,x86,root,unified_mendeley
334402abd21a9de3927d38651c7547f1859dadf5eb9d86e56cb6d0cb93947c8a,root__334402abd21a9de3927d38651c7547f1859dadf5eb9d86e56cb6d0cb93947c8a,mendeley_goodware,0,file:334402abd21a9de3927d38651c7547f1859dadf5eb9d86e56cb6d0cb93947c8a,train,train,x86,root,unified_mendeley
3369e8fea09c3c226d636b13108da357093d0d98214236417839a94f56d3ba02,root__3369e8fea09c3c226d636b13108da357093d0d98214236417839a94f56d3ba02,mendeley_goodware,0,file:3369e8fea09c3c226d636b13108da357093d0d98214236417839a94f56d3ba02,train,train,x64,root,unified_mendeley
3386b848e8218274a91d56cfcf95caa5a641ed9b82db1a9c686e22ce0c42a649,root__3386b848e8218274a91d56cfcf95caa5a641ed9b82db1a9c686e22ce0c42a649,mendeley_goodware,0,file:3386b848e8218274a91d56cfcf95caa5a641ed9b82db1a9c686e22ce0c42a649,train,train,x86,root,unified_mendeley
339aea890fcf05db4c32a7ab498f64f66317e8176a56dbd883cb7c5aaa4b9396,root__339aea890fcf05db4c32a7ab498f64f66317e8176a56dbd883cb7c5aaa4b9396,mendeley_goodware,0,file:339aea890fcf05db4c32a7ab498f64f66317e8176a56dbd883cb7c5aaa4b9396,train,train,x86,root,unified_mendeley
33cde8194a91e09684d7082d963e39f5e78bf2b82ead77835f5f6a6aee33a5a2,root__33cde8194a91e09684d7082d963e39f5e78bf2b82ead77835f5f6a6aee33a5a2,mendeley_goodware,0,file:33cde8194a91e09684d7082d963e39f5e78bf2b82ead77835f5f6a6aee33a5a2,train,train,x86,root,unified_mendeley
33d2a21e0f13052f38ac0db672f69c6f00a265c2a7d3240b844b397106a34c62,root__33d2a21e0f13052f38ac0db672f69c6f00a265c2a7d3240b844b397106a34c62,mendeley_goodware,0,file:33d2a21e0f13052f38ac0db672f69c6f00a265c2a7d3240b844b397106a34c62,train,train,x64,root,unified_mendeley
33fcd1363966ab6478fe5b1061fa5a401bb8bf5c0996a837e1b08ff892393ef1,root__33fcd1363966ab6478fe5b1061fa5a401bb8bf5c0996a837e1b08ff892393ef1,mendeley_goodware,0,file:33fcd1363966ab6478fe5b1061fa5a401bb8bf5c0996a837e1b08ff892393ef1,val,train,x86,root,unified_mendeley
3406b6adf7d5bf8d7b75c9761b9ba24d1daba8ee00bc5d014fe947b2dc0423a4,root__3406b6adf7d5bf8d7b75c9761b9ba24d1daba8ee00bc5d014fe947b2dc0423a4,mendeley_goodware,0,file:3406b6adf7d5bf8d7b75c9761b9ba24d1daba8ee00bc5d014fe947b2dc0423a4,train,train,x64,root,unified_mendeley
3408b443926447c03a7575c563163b8e9adf54aae9f4fad959a4a61d588fa234,root__3408b443926447c03a7575c563163b8e9adf54aae9f4fad959a4a61d588fa234,mendeley_goodware,0,file:3408b443926447c03a7575c563163b8e9adf54aae9f4fad959a4a61d588fa234,train,train,x86,root,unified_mendeley
341df1664336394cb93d9771b58d0b4b40ab82b5cd97ad03b9543a3b4f7a8a56,root__341df1664336394cb93d9771b58d0b4b40ab82b5cd97ad03b9543a3b4f7a8a56,mendeley_goodware,0,file:341df1664336394cb93d9771b58d0b4b40ab82b5cd97ad03b9543a3b4f7a8a56,train,train,x64,root,unified_mendeley
343e8924ea917f83ded38fff89675a233011d82b2aba9d4a9675c24a039f5be5,root__343e8924ea917f83ded38fff89675a233011d82b2aba9d4a9675c24a039f5be5,mendeley_goodware,0,file:343e8924ea917f83ded38fff89675a233011d82b2aba9d4a9675c24a039f5be5,val,train,x86,root,unified_mendeley
34b6d32d2345db5dfe803573f4aa74479ea961004b2f72d25a486d55369aecd8,root__34b6d32d2345db5dfe803573f4aa74479ea961004b2f72d25a486d55369aecd8,mendeley_goodware,0,file:34b6d32d2345db5dfe803573f4aa74479ea961004b2f72d25a486d55369aecd8,train,train,x64,root,unified_mendeley
34bf90c6cb7391e460e5a79a4e1f36e20dcba067bd05d81ac1a402530da27db9,root__34bf90c6cb7391e460e5a79a4e1f36e20dcba067bd05d81ac1a402530da27db9,mendeley_goodware,0,file:34bf90c6cb7391e460e5a79a4e1f36e20dcba067bd05d81ac1a402530da27db9,val,train,x86,root,unified_mendeley
3555b6148f8bf9415c1b0db8b03c649b530670c7775631d6f26fda5eee547f24,root__3555b6148f8bf9415c1b0db8b03c649b530670c7775631d6f26fda5eee547f24,mendeley_goodware,0,file:3555b6148f8bf9415c1b0db8b03c649b530670c7775631d6f26fda5eee547f24,train,train,x86,root,unified_mendeley
359b9f5426377a2706913ac56cec43ab2f0538ccd788d6fdf2dce21554dddb3a,root__359b9f5426377a2706913ac56cec43ab2f0538ccd788d6fdf2dce21554dddb3a,mendeley_goodware,0,file:359b9f5426377a2706913ac56cec43ab2f0538ccd788d6fdf2dce21554dddb3a,train,train,x64,root,unified_mendeley
35b8b8eb934516b9a2c6ffa15964c7ac8129de9b17c5597dafcadc06a72a164d,root__35b8b8eb934516b9a2c6ffa15964c7ac8129de9b17c5597dafcadc06a72a164d,mendeley_goodware,0,file:35b8b8eb934516b9a2c6ffa15964c7ac8129de9b17c5597dafcadc06a72a164d,val,train,x86,root,unified_mendeley
35e08ae5ae1d826c5fc8e41cfa5cfd30a0463975059bd4e8ff710a94f7d9f31a,root__35e08ae5ae1d826c5fc8e41cfa5cfd30a0463975059bd4e8ff710a94f7d9f31a,mendeley_goodware,0,file:35e08ae5ae1d826c5fc8e41cfa5cfd30a0463975059bd4e8ff710a94f7d9f31a,train,train,x86,root,unified_mendeley
366857de6e835ca6a12e33503f6726a2e8528e7f1f9ac74435e2a6bd3c3ed481,root__366857de6e835ca6a12e33503f6726a2e8528e7f1f9ac74435e2a6bd3c3ed481,mendeley_goodware,0,file:366857de6e835ca6a12e33503f6726a2e8528e7f1f9ac74435e2a6bd3c3ed481,train,train,x86,root,unified_mendeley
3671fe70ba3059daa1166cddd7351134aa2bca08411eff3c995f729f5e339b65,root__3671fe70ba3059daa1166cddd7351134aa2bca08411eff3c995f729f5e339b65,mendeley_goodware,0,file:3671fe70ba3059daa1166cddd7351134aa2bca08411eff3c995f729f5e339b65,test,test,x86,root,unified_mendeley
36783db622a69e5f98aeb9a11f3c03239b1a6a720f80d49b8e2d17bd8aa73a30,root__36783db622a69e5f98aeb9a11f3c03239b1a6a720f80d49b8e2d17bd8aa73a30,mendeley_goodware,0,file:36783db622a69e5f98aeb9a11f3c03239b1a6a720f80d49b8e2d17bd8aa73a30,train,train,x86,root,unified_mendeley
36a36855bed0f40d193f8de0035c13c636c6cbd52e4f88759c4858fd0cde08e3,root__36a36855bed0f40d193f8de0035c13c636c6cbd52e4f88759c4858fd0cde08e3,mendeley_goodware,0,file:36a36855bed0f40d193f8de0035c13c636c6cbd52e4f88759c4858fd0cde08e3,train,train,x86,root,unified_mendeley
36a594f2f7fe6977cc05d75dd5d4eb19f538f608043562e20ca6d5eec7da1457,root__36a594f2f7fe6977cc05d75dd5d4eb19f538f608043562e20ca6d5eec7da1457,mendeley_goodware,0,file:36a594f2f7fe6977cc05d75dd5d4eb19f538f608043562e20ca6d5eec7da1457,train,train,x64,root,unified_mendeley
36afa68f37cf3392e913b77bd7ed853dd21a98b23d589361c47402a9d5bfbc25,root__36afa68f37cf3392e913b77bd7ed853dd21a98b23d589361c47402a9d5bfbc25,mendeley_goodware,0,file:36afa68f37cf3392e913b77bd7ed853dd21a98b23d589361c47402a9d5bfbc25,train,train,x64,root,unified_mendeley
36ef04735adfff417ae761bf6595badb54a4cceb3550aba7cfd4f7234c90ee7d,root__36ef04735adfff417ae761bf6595badb54a4cceb3550aba7cfd4f7234c90ee7d,mendeley_goodware,0,file:36ef04735adfff417ae761bf6595badb54a4cceb3550aba7cfd4f7234c90ee7d,train,train,x64,root,unified_mendeley
3702851830630fa50aeac479253b244781143c7e1419e4fb5014ae8963ec457a,root__3702851830630fa50aeac479253b244781143c7e1419e4fb5014ae8963ec457a,mendeley_goodware,0,file:3702851830630fa50aeac479253b244781143c7e1419e4fb5014ae8963ec457a,train,train,x86,root,unified_mendeley
3707cf2fe3de581ff2624dda457aacfd79b6b1e4644f1b242ebd4d15b68116ca,root__3707cf2fe3de581ff2624dda457aacfd79b6b1e4644f1b242ebd4d15b68116ca,mendeley_goodware,0,file:3707cf2fe3de581ff2624dda457aacfd79b6b1e4644f1b242ebd4d15b68116ca,test,test,x86,root,unified_mendeley
370fc041059686cb2bc050169c4197b09b6411379ec831c6423349c883afe6c1,root__370fc041059686cb2bc050169c4197b09b6411379ec831c6423349c883afe6c1,mendeley_goodware,0,file:370fc041059686cb2bc050169c4197b09b6411379ec831c6423349c883afe6c1,test,test,x86,root,unified_mendeley
3770792f203f31f4bcc1a80ef529c4af6ccba83880fe0af7ce48e6362dddfcef,root__3770792f203f31f4bcc1a80ef529c4af6ccba83880fe0af7ce48e6362dddfcef,mendeley_goodware,0,file:3770792f203f31f4bcc1a80ef529c4af6ccba83880fe0af7ce48e6362dddfcef,train,train,x64,root,unified_mendeley
37ed1945a2bc2f4c53b0231be12efd84ad6d4568dab2d0b4197bbbf847f0ec26,root__37ed1945a2bc2f4c53b0231be12efd84ad6d4568dab2d0b4197bbbf847f0ec26,mendeley_goodware,0,file:37ed1945a2bc2f4c53b0231be12efd84ad6d4568dab2d0b4197bbbf847f0ec26,train,train,x86,root,unified_mendeley
380c65cbc51c60a1cde42cb111f0a9d924bcc6f1aed540f64f431a1e0c842e3b,root__380c65cbc51c60a1cde42cb111f0a9d924bcc6f1aed540f64f431a1e0c842e3b,mendeley_goodware,0,file:380c65cbc51c60a1cde42cb111f0a9d924bcc6f1aed540f64f431a1e0c842e3b,test,test,x86,root,unified_mendeley
381a38d6e7a146b99e2be866b9e95ffe31f0dcfcec62272c7c0d6b7114c9227f,root__381a38d6e7a146b99e2be866b9e95ffe31f0dcfcec62272c7c0d6b7114c9227f,mendeley_goodware,0,file:381a38d6e7a146b99e2be866b9e95ffe31f0dcfcec62272c7c0d6b7114c9227f,train,train,x86,root,unified_mendeley
383ecc5dbcdd98163c556ca6e4486c5dc6a35c3f1cff88dcf12da2cdaba80970,root__383ecc5dbcdd98163c556ca6e4486c5dc6a35c3f1cff88dcf12da2cdaba80970,mendeley_goodware,0,file:383ecc5dbcdd98163c556ca6e4486c5dc6a35c3f1cff88dcf12da2cdaba80970,train,train,x86,root,unified_mendeley
384d45d78fe1c75b3392d10025b713c77907517a45e7100eda88d05e1b087efa,root__384d45d78fe1c75b3392d10025b713c77907517a45e7100eda88d05e1b087efa,mendeley_goodware,0,file:384d45d78fe1c75b3392d10025b713c77907517a45e7100eda88d05e1b087efa,train,train,x86,root,unified_mendeley
38f63666e563582be04bed228f588e66c2cde09fa0a2c4b5c3f4acae179f0057,root__38f63666e563582be04bed228f588e66c2cde09fa0a2c4b5c3f4acae179f0057,mendeley_goodware,0,file:38f63666e563582be04bed228f588e66c2cde09fa0a2c4b5c3f4acae179f0057,train,train,x86,root,unified_mendeley
38f65ccc55e9c28bfb8e44a11a8295f3dd9f73de29f67ff5e043f0bd5a2003ef,root__38f65ccc55e9c28bfb8e44a11a8295f3dd9f73de29f67ff5e043f0bd5a2003ef,mendeley_goodware,0,file:38f65ccc55e9c28bfb8e44a11a8295f3dd9f73de29f67ff5e043f0bd5a2003ef,train,train,x64,root,unified_mendeley
3929af74ab0cc0327bfc3378aab072f8043121b9fa0b96ab0a09f981872b1d57,root__3929af74ab0cc0327bfc3378aab072f8043121b9fa0b96ab0a09f981872b1d57,mendeley_goodware,0,file:3929af74ab0cc0327bfc3378aab072f8043121b9fa0b96ab0a09f981872b1d57,test,test,x64,root,unified_mendeley
393b9b7aed4a797a729f49396fbd601f8c0b91b21b5c6ce35f62a7747b868769,root__393b9b7aed4a797a729f49396fbd601f8c0b91b21b5c6ce35f62a7747b868769,mendeley_goodware,0,file:393b9b7aed4a797a729f49396fbd601f8c0b91b21b5c6ce35f62a7747b868769,train,train,x64,root,unified_mendeley
399fa8df749525ccbd63e69a0802e8d9ddfd0cced7fef6841baff66772e975e2,root__399fa8df749525ccbd63e69a0802e8d9ddfd0cced7fef6841baff66772e975e2,mendeley_goodware,0,file:399fa8df749525ccbd63e69a0802e8d9ddfd0cced7fef6841baff66772e975e2,train,train,x86,root,unified_mendeley
39b1da5439fe7bb9b1c1fada4772f4003bd89cae1999344b8efc09489e2ca678,root__39b1da5439fe7bb9b1c1fada4772f4003bd89cae1999344b8efc09489e2ca678,mendeley_goodware,0,file:39b1da5439fe7bb9b1c1fada4772f4003bd89cae1999344b8efc09489e2ca678,val,train,x86,root,unified_mendeley
3ab98c6f549c2aee60b63222e302bebf5f9ec4d834c72db7eda5073916717a06,root__3ab98c6f549c2aee60b63222e302bebf5f9ec4d834c72db7eda5073916717a06,mendeley_goodware,0,file:3ab98c6f549c2aee60b63222e302bebf5f9ec4d834c72db7eda5073916717a06,train,train,x86,root,unified_mendeley
3abd18001afb644059e8a4156db397a414eedb18898c50fba8705db785276ff8,root__3abd18001afb644059e8a4156db397a414eedb18898c50fba8705db785276ff8,mendeley_goodware,0,file:3abd18001afb644059e8a4156db397a414eedb18898c50fba8705db785276ff8,train,train,x64,root,unified_mendeley
3ad1581a219b3edd8bc952dd906614a9503e53812b64fa2324212a8154774904,root__3ad1581a219b3edd8bc952dd906614a9503e53812b64fa2324212a8154774904,mendeley_goodware,0,file:3ad1581a219b3edd8bc952dd906614a9503e53812b64fa2324212a8154774904,train,train,x86,root,unified_mendeley
3af3f78d6c67afc4eff7e64c90bbbb445921e92ef25a06aacd156f82761d0691,root__3af3f78d6c67afc4eff7e64c90bbbb445921e92ef25a06aacd156f82761d0691,mendeley_goodware,0,file:3af3f78d6c67afc4eff7e64c90bbbb445921e92ef25a06aacd156f82761d0691,train,train,x86,root,unified_mendeley
3bb8445c95142da1bda0e3440b53cc70e05a3fe996a77e6dcfb2919fd8878ca9,root__3bb8445c95142da1bda0e3440b53cc70e05a3fe996a77e6dcfb2919fd8878ca9,mendeley_goodware,0,file:3bb8445c95142da1bda0e3440b53cc70e05a3fe996a77e6dcfb2919fd8878ca9,train,train,x64,root,unified_mendeley
3bbefd1ea391e235d4c4f92deeca9b2ce72e58cf3f4cce5abb148b8702095322,root__3bbefd1ea391e235d4c4f92deeca9b2ce72e58cf3f4cce5abb148b8702095322,mendeley_goodware,0,file:3bbefd1ea391e235d4c4f92deeca9b2ce72e58cf3f4cce5abb148b8702095322,train,train,x64,root,unified_mendeley
3bf08f79f3b25ef7f013379d008594f649c69e9ec5df5005f3e4a2a8c121f305,root__3bf08f79f3b25ef7f013379d008594f649c69e9ec5df5005f3e4a2a8c121f305,mendeley_goodware,0,file:3bf08f79f3b25ef7f013379d008594f649c69e9ec5df5005f3e4a2a8c121f305,test,test,x64,root,unified_mendeley
3bf9b0d64afb7250743bd8c5594d76f0de70373314ede370fdcdf83acf929758,root__3bf9b0d64afb7250743bd8c5594d76f0de70373314ede370fdcdf83acf929758,mendeley_goodware,0,file:3bf9b0d64afb7250743bd8c5594d76f0de70373314ede370fdcdf83acf929758,train,train,x86,root,unified_mendeley
3c8fca34b2568cfd9cf54809160468ee0e06c12e80f194519a3aea3b6ca166bd,root__3c8fca34b2568cfd9cf54809160468ee0e06c12e80f194519a3aea3b6ca166bd,mendeley_goodware,0,file:3c8fca34b2568cfd9cf54809160468ee0e06c12e80f194519a3aea3b6ca166bd,train,train,x64,root,unified_mendeley
3d244e2bd05619fe4272e9e30c183e440cff48bcda8e24d62b12cab68c9957e3,root__3d244e2bd05619fe4272e9e30c183e440cff48bcda8e24d62b12cab68c9957e3,mendeley_goodware,0,file:3d244e2bd05619fe4272e9e30c183e440cff48bcda8e24d62b12cab68c9957e3,train,train,x86,root,unified_mendeley
3d7264ed904de68e54bf3d60bbaafabaaad653392b882af18ece392cbaf53828,root__3d7264ed904de68e54bf3d60bbaafabaaad653392b882af18ece392cbaf53828,mendeley_goodware,0,file:3d7264ed904de68e54bf3d60bbaafabaaad653392b882af18ece392cbaf53828,train,train,x86,root,unified_mendeley
3da90503c57c57c198904eab618ab5ed4942e8fa225643f4705328cdf4c69ec4,root__3da90503c57c57c198904eab618ab5ed4942e8fa225643f4705328cdf4c69ec4,mendeley_goodware,0,file:3da90503c57c57c198904eab618ab5ed4942e8fa225643f4705328cdf4c69ec4,val,train,x86,root,unified_mendeley
3dcd82b2b87f8b6deb6f88aa41692d4fbde2d887c3be177d62bdda8ab74eb917,root__3dcd82b2b87f8b6deb6f88aa41692d4fbde2d887c3be177d62bdda8ab74eb917,mendeley_goodware,0,file:3dcd82b2b87f8b6deb6f88aa41692d4fbde2d887c3be177d62bdda8ab74eb917,train,train,x64,root,unified_mendeley
3de0d85f8170457e741b8c7b2ec0cbfc5bdf6eb37012e4a5e7eee93b149ae7cf,root__3de0d85f8170457e741b8c7b2ec0cbfc5bdf6eb37012e4a5e7eee93b149ae7cf,mendeley_goodware,0,file:3de0d85f8170457e741b8c7b2ec0cbfc5bdf6eb37012e4a5e7eee93b149ae7cf,train,train,x64,root,unified_mendeley
3e842b86a5cc701077364bf8cb983e9bb6d716b072d0d0cfee90367cb9f65f15,root__3e842b86a5cc701077364bf8cb983e9bb6d716b072d0d0cfee90367cb9f65f15,mendeley_goodware,0,file:3e842b86a5cc701077364bf8cb983e9bb6d716b072d0d0cfee90367cb9f65f15,train,train,x86,root,unified_mendeley
3e8e7238533a1e251c9c607d84890ffa02983f02d5911a79df557e328801a5da,root__3e8e7238533a1e251c9c607d84890ffa02983f02d5911a79df557e328801a5da,mendeley_goodware,0,file:3e8e7238533a1e251c9c607d84890ffa02983f02d5911a79df557e328801a5da,val,train,x86,root,unified_mendeley
3eacc4101f8d7e0360cfb1be38cf46fb3a6901fcb89dbcf45a0806c751219a73,root__3eacc4101f8d7e0360cfb1be38cf46fb3a6901fcb89dbcf45a0806c751219a73,mendeley_goodware,0,file:3eacc4101f8d7e0360cfb1be38cf46fb3a6901fcb89dbcf45a0806c751219a73,train,train,x64,root,unified_mendeley
3ee00a42a65d2df9ee571875a11f53b56c8494e90e1e8e60e128aabdb56399c8,root__3ee00a42a65d2df9ee571875a11f53b56c8494e90e1e8e60e128aabdb56399c8,mendeley_goodware,0,file:3ee00a42a65d2df9ee571875a11f53b56c8494e90e1e8e60e128aabdb56399c8,train,train,x86,root,unified_mendeley
3f14c822bd440fec8458fd11e950315e3d784908629b301526a57a3a623bf70c,root__3f14c822bd440fec8458fd11e950315e3d784908629b301526a57a3a623bf70c,mendeley_goodware,0,file:3f14c822bd440fec8458fd11e950315e3d784908629b301526a57a3a623bf70c,train,train,x86,root,unified_mendeley
3f31a25abbf5e75f49c2b596034ba12f95d92fe5ac06d62f15995af8499908ef,root__3f31a25abbf5e75f49c2b596034ba12f95d92fe5ac06d62f15995af8499908ef,mendeley_goodware,0,file:3f31a25abbf5e75f49c2b596034ba12f95d92fe5ac06d62f15995af8499908ef,val,train,x64,root,unified_mendeley
3f47e9e6b84ef6b37b72faa771a8068bfc8904cc30999a5268321233216940ec,root__3f47e9e6b84ef6b37b72faa771a8068bfc8904cc30999a5268321233216940ec,mendeley_goodware,0,file:3f47e9e6b84ef6b37b72faa771a8068bfc8904cc30999a5268321233216940ec,val,train,x64,root,unified_mendeley
3f496107a57e2f49a3f9e54892f30409d3077b160a971c12e120243e82bff4f6,root__3f496107a57e2f49a3f9e54892f30409d3077b160a971c12e120243e82bff4f6,mendeley_goodware,0,file:3f496107a57e2f49a3f9e54892f30409d3077b160a971c12e120243e82bff4f6,val,train,x64,root,unified_mendeley
3f82d416fbee431b0ae798078f9c354711577f48b38901788c784a5ec0dd13b3,root__3f82d416fbee431b0ae798078f9c354711577f48b38901788c784a5ec0dd13b3,mendeley_goodware,0,file:3f82d416fbee431b0ae798078f9c354711577f48b38901788c784a5ec0dd13b3,train,train,x64,root,unified_mendeley
3f880f5fdcb485b0f9b1445e034dfbe2f80d7b3b0564d99f4fe290ffc0d1f7a5,root__3f880f5fdcb485b0f9b1445e034dfbe2f80d7b3b0564d99f4fe290ffc0d1f7a5,mendeley_goodware,0,file:3f880f5fdcb485b0f9b1445e034dfbe2f80d7b3b0564d99f4fe290ffc0d1f7a5,test,test,x86,root,unified_mendeley
3f8b655190d79c5fba4af0914c434fbe97c3ad88a950bec32eb69606cf224689,root__3f8b655190d79c5fba4af0914c434fbe97c3ad88a950bec32eb69606cf224689,mendeley_goodware,0,file:3f8b655190d79c5fba4af0914c434fbe97c3ad88a950bec32eb69606cf224689,train,train,x64,root,unified_mendeley
3fc04b6586a1e1d456f5aba24d299a5af5774f6081cfbf87c86c5ee7d53b1f40,root__3fc04b6586a1e1d456f5aba24d299a5af5774f6081cfbf87c86c5ee7d53b1f40,mendeley_goodware,0,file:3fc04b6586a1e1d456f5aba24d299a5af5774f6081cfbf87c86c5ee7d53b1f40,train,train,x64,root,unified_mendeley
406fad255f76bcc195213941396d97e1504d002d52f5d2d43aa7d2560718c125,root__406fad255f76bcc195213941396d97e1504d002d52f5d2d43aa7d2560718c125,mendeley_goodware,0,file:406fad255f76bcc195213941396d97e1504d002d52f5d2d43aa7d2560718c125,train,train,x86,root,unified_mendeley
40ae510ae126fe5775904851384ec91d53d5f97232abb7fa723d19767bc88aa6,root__40ae510ae126fe5775904851384ec91d53d5f97232abb7fa723d19767bc88aa6,mendeley_goodware,0,file:40ae510ae126fe5775904851384ec91d53d5f97232abb7fa723d19767bc88aa6,val,train,x86,root,unified_mendeley
40d9dfc15851a039bde710beb13d262dad1ae7ed6e296feb5e044ebdca306a63,root__40d9dfc15851a039bde710beb13d262dad1ae7ed6e296feb5e044ebdca306a63,mendeley_goodware,0,file:40d9dfc15851a039bde710beb13d262dad1ae7ed6e296feb5e044ebdca306a63,train,train,x86,root,unified_mendeley
40ed5ee39901b8537bcbc487b939ed7f50ec3a86eaf248db1783641daa0e47c9,root__40ed5ee39901b8537bcbc487b939ed7f50ec3a86eaf248db1783641daa0e47c9,mendeley_goodware,0,file:40ed5ee39901b8537bcbc487b939ed7f50ec3a86eaf248db1783641daa0e47c9,train,train,x86,root,unified_mendeley
411de7b0b05e673eec567145fe18e765c771d57ac57ecdb1b4f6f385cb734afb,root__411de7b0b05e673eec567145fe18e765c771d57ac57ecdb1b4f6f385cb734afb,mendeley_goodware,0,file:411de7b0b05e673eec567145fe18e765c771d57ac57ecdb1b4f6f385cb734afb,train,train,x86,root,unified_mendeley
411e7e2d9703fa9d41622fe28dcbb775fbcdc67885a86cb7bf5f20a3f3b69961,root__411e7e2d9703fa9d41622fe28dcbb775fbcdc67885a86cb7bf5f20a3f3b69961,mendeley_goodware,0,file:411e7e2d9703fa9d41622fe28dcbb775fbcdc67885a86cb7bf5f20a3f3b69961,train,train,x86,root,unified_mendeley
4156d60544639cc6b06e229372d61f50b6bef46121040e5bfd31639d9c3aa14b,root__4156d60544639cc6b06e229372d61f50b6bef46121040e5bfd31639d9c3aa14b,mendeley_goodware,0,file:4156d60544639cc6b06e229372d61f50b6bef46121040e5bfd31639d9c3aa14b,train,train,x64,root,unified_mendeley
4182172a01bdfc08c5cf7e8652f7d9d81858345a770e2b6b507840e4c1c7764f,root__4182172a01bdfc08c5cf7e8652f7d9d81858345a770e2b6b507840e4c1c7764f,mendeley_goodware,0,file:4182172a01bdfc08c5cf7e8652f7d9d81858345a770e2b6b507840e4c1c7764f,train,train,x86,root,unified_mendeley
41b3f0af54f2351288992247826d96727bdb95f3467f5dd02d27dfd562f7767f,root__41b3f0af54f2351288992247826d96727bdb95f3467f5dd02d27dfd562f7767f,mendeley_goodware,0,file:41b3f0af54f2351288992247826d96727bdb95f3467f5dd02d27dfd562f7767f,train,train,x64,root,unified_mendeley
41b43cdfaba9d453b1cd0258d4fc591b0bbf5bf682449395f3bfb51fc7340ea8,root__41b43cdfaba9d453b1cd0258d4fc591b0bbf5bf682449395f3bfb51fc7340ea8,mendeley_goodware,0,file:41b43cdfaba9d453b1cd0258d4fc591b0bbf5bf682449395f3bfb51fc7340ea8,val,train,x86,root,unified_mendeley
41bb53be1ee4c34cc75511f0e416f289d1e95a40864dc1afebe66a3dd77c8f9a,root__41bb53be1ee4c34cc75511f0e416f289d1e95a40864dc1afebe66a3dd77c8f9a,mendeley_goodware,0,file:41bb53be1ee4c34cc75511f0e416f289d1e95a40864dc1afebe66a3dd77c8f9a,train,train,x64,root,unified_mendeley
42d13db2be5a3b913ef39622f8357752a6ca625ae1280992c21d971ce9b7e701,root__42d13db2be5a3b913ef39622f8357752a6ca625ae1280992c21d971ce9b7e701,mendeley_goodware,0,file:42d13db2be5a3b913ef39622f8357752a6ca625ae1280992c21d971ce9b7e701,train,train,x64,root,unified_mendeley
42d17f2a5f8e59f9ee20813760bf809925a7fdc0781cb71b36d164148bcfdd83,root__42d17f2a5f8e59f9ee20813760bf809925a7fdc0781cb71b36d164148bcfdd83,mendeley_goodware,0,file:42d17f2a5f8e59f9ee20813760bf809925a7fdc0781cb71b36d164148bcfdd83,train,train,x64,root,unified_mendeley
42fb09a1dbd94565f6956464202515599d1b7251ce6f4d6a5c4f1a3295264cba,root__42fb09a1dbd94565f6956464202515599d1b7251ce6f4d6a5c4f1a3295264cba,mendeley_goodware,0,file:42fb09a1dbd94565f6956464202515599d1b7251ce6f4d6a5c4f1a3295264cba,train,train,x64,root,unified_mendeley
439997e510099ccd0d086dc1a99df6651ced076b34df2029a6cbbdad6204b469,root__439997e510099ccd0d086dc1a99df6651ced076b34df2029a6cbbdad6204b469,mendeley_goodware,0,file:439997e510099ccd0d086dc1a99df6651ced076b34df2029a6cbbdad6204b469,train,train,x86,root,unified_mendeley
43dc58af302374f77c3faeac2fb446b1d813712d2650d9618e8d80e312f2e6fd,root__43dc58af302374f77c3faeac2fb446b1d813712d2650d9618e8d80e312f2e6fd,mendeley_goodware,0,file:43dc58af302374f77c3faeac2fb446b1d813712d2650d9618e8d80e312f2e6fd,train,train,x64,root,unified_mendeley
440c61c7fbfb4808c339f6f15f49850a71458441e2f70e0024d6565e513b1416,root__440c61c7fbfb4808c339f6f15f49850a71458441e2f70e0024d6565e513b1416,mendeley_goodware,0,file:440c61c7fbfb4808c339f6f15f49850a71458441e2f70e0024d6565e513b1416,train,train,x86,root,unified_mendeley
44109d47dffb3f6b02e699b29c3f2c733699f346dee13973332f4d16f7ad96bb,root__44109d47dffb3f6b02e699b29c3f2c733699f346dee13973332f4d16f7ad96bb,mendeley_goodware,0,file:44109d47dffb3f6b02e699b29c3f2c733699f346dee13973332f4d16f7ad96bb,train,train,x86,root,unified_mendeley
4527102d9b5aa52ad008c99e5740fbe4307b19c1bceb1c6fd8606bc23aef344a,root__4527102d9b5aa52ad008c99e5740fbe4307b19c1bceb1c6fd8606bc23aef344a,mendeley_goodware,0,file:4527102d9b5aa52ad008c99e5740fbe4307b19c1bceb1c6fd8606bc23aef344a,val,train,x86,root,unified_mendeley
4541091e0f28f0fe29a1c3ed9086922f0fca4910ac3bd4178064b3cb8097ad20,root__4541091e0f28f0fe29a1c3ed9086922f0fca4910ac3bd4178064b3cb8097ad20,mendeley_goodware,0,file:4541091e0f28f0fe29a1c3ed9086922f0fca4910ac3bd4178064b3cb8097ad20,train,train,x86,root,unified_mendeley
454a7dd1e163f3cd5c45deb369da34b9a29ca8729d9c07e304fe7bc0f78c84c7,root__454a7dd1e163f3cd5c45deb369da34b9a29ca8729d9c07e304fe7bc0f78c84c7,mendeley_goodware,0,file:454a7dd1e163f3cd5c45deb369da34b9a29ca8729d9c07e304fe7bc0f78c84c7,train,train,x64,root,unified_mendeley
454c1b87d93688b96c8ed26ad80533844484448d3ff5d869c52972db8c63d7b6,root__454c1b87d93688b96c8ed26ad80533844484448d3ff5d869c52972db8c63d7b6,mendeley_goodware,0,file:454c1b87d93688b96c8ed26ad80533844484448d3ff5d869c52972db8c63d7b6,train,train,x86,root,unified_mendeley
458e46e92b872430f68363a4061403a88f41fda8807f69418b54e83db199643b,root__458e46e92b872430f68363a4061403a88f41fda8807f69418b54e83db199643b,mendeley_goodware,0,file:458e46e92b872430f68363a4061403a88f41fda8807f69418b54e83db199643b,train,train,x86,root,unified_mendeley
4591abc010c00a0c9ad881627e2a2748a15d0f768906ae574244dd8e7106bf94,root__4591abc010c00a0c9ad881627e2a2748a15d0f768906ae574244dd8e7106bf94,mendeley_goodware,0,file:4591abc010c00a0c9ad881627e2a2748a15d0f768906ae574244dd8e7106bf94,train,train,x86,root,unified_mendeley
45ae712fcf3b3f5259c850d4ba0531ad656f6c770155d0bb306e1637c1c7fd6b,root__45ae712fcf3b3f5259c850d4ba0531ad656f6c770155d0bb306e1637c1c7fd6b,mendeley_goodware,0,file:45ae712fcf3b3f5259c850d4ba0531ad656f6c770155d0bb306e1637c1c7fd6b,train,train,x64,root,unified_mendeley
45b6520c82a66891989f40b5e36fa73e7465bba7115904e722dbe2f86f8ca7c2,root__45b6520c82a66891989f40b5e36fa73e7465bba7115904e722dbe2f86f8ca7c2,mendeley_goodware,0,file:45b6520c82a66891989f40b5e36fa73e7465bba7115904e722dbe2f86f8ca7c2,train,train,x64,root,unified_mendeley
4606cded75e04ce0ff8e80e53d8843743291a570b248f3b13f709c89800dc740,root__4606cded75e04ce0ff8e80e53d8843743291a570b248f3b13f709c89800dc740,mendeley_goodware,0,file:4606cded75e04ce0ff8e80e53d8843743291a570b248f3b13f709c89800dc740,train,train,x86,root,unified_mendeley
463180573f43cc8a3c2879e9ae442d751d1b9541c8e81a547fb6449d3e5dd2b5,root__463180573f43cc8a3c2879e9ae442d751d1b9541c8e81a547fb6449d3e5dd2b5,mendeley_goodware,0,file:463180573f43cc8a3c2879e9ae442d751d1b9541c8e81a547fb6449d3e5dd2b5,train,train,x86,root,unified_mendeley
46b2890ce8663055e5cae9707159d14a175a1ed0cdec05b8245a6455e75f343d,root__46b2890ce8663055e5cae9707159d14a175a1ed0cdec05b8245a6455e75f343d,mendeley_goodware,0,file:46b2890ce8663055e5cae9707159d14a175a1ed0cdec05b8245a6455e75f343d,test,test,x86,root,unified_mendeley
46cfe718806eedae3f5e7c1ebe14f717512ac6861388c461fcb455eb9c8ffc5a,root__46cfe718806eedae3f5e7c1ebe14f717512ac6861388c461fcb455eb9c8ffc5a,mendeley_goodware,0,file:46cfe718806eedae3f5e7c1ebe14f717512ac6861388c461fcb455eb9c8ffc5a,train,train,x64,root,unified_mendeley
47551f6cc45dca849834471a6823f9ddced63eda6d6116917943aec8ea8eb3ad,root__47551f6cc45dca849834471a6823f9ddced63eda6d6116917943aec8ea8eb3ad,mendeley_goodware,0,file:47551f6cc45dca849834471a6823f9ddced63eda6d6116917943aec8ea8eb3ad,train,train,x64,root,unified_mendeley
47cf991ca0f91adcd98af1bade9e2bce82600d842237404bd6a5313a539b2e13,root__47cf991ca0f91adcd98af1bade9e2bce82600d842237404bd6a5313a539b2e13,mendeley_goodware,0,file:47cf991ca0f91adcd98af1bade9e2bce82600d842237404bd6a5313a539b2e13,val,train,x86,root,unified_mendeley
47eb6d62cc9b494eb451d19a84407a879b0a4a98a46301558f6da66d5a3cef84,root__47eb6d62cc9b494eb451d19a84407a879b0a4a98a46301558f6da66d5a3cef84,mendeley_goodware,0,file:47eb6d62cc9b494eb451d19a84407a879b0a4a98a46301558f6da66d5a3cef84,train,train,x86,root,unified_mendeley
48f852164ef4747fcddff463034cad33167e341d241536b122ae74fc8841c941,root__48f852164ef4747fcddff463034cad33167e341d241536b122ae74fc8841c941,mendeley_goodware,0,file:48f852164ef4747fcddff463034cad33167e341d241536b122ae74fc8841c941,train,train,x64,root,unified_mendeley
49343c909213ce6486ca75b061ef223fed1ae0a54940e40352f5a457dc20db76,root__49343c909213ce6486ca75b061ef223fed1ae0a54940e40352f5a457dc20db76,mendeley_goodware,0,file:49343c909213ce6486ca75b061ef223fed1ae0a54940e40352f5a457dc20db76,train,train,x64,root,unified_mendeley
496b42aaa7aaf0665e5edd52d4348ec4105fb758db674b110fa252df247c91dc,root__496b42aaa7aaf0665e5edd52d4348ec4105fb758db674b110fa252df247c91dc,mendeley_goodware,0,file:496b42aaa7aaf0665e5edd52d4348ec4105fb758db674b110fa252df247c91dc,train,train,x86,root,unified_mendeley
49f6d2e206ab8bcbe91a8978f711530554b2586f6ad70e94dc7852b696404dc9,root__49f6d2e206ab8bcbe91a8978f711530554b2586f6ad70e94dc7852b696404dc9,mendeley_goodware,0,file:49f6d2e206ab8bcbe91a8978f711530554b2586f6ad70e94dc7852b696404dc9,train,train,x86,root,unified_mendeley
4a871ec0d82d4adc240cd937f7a95bbdbc3d4dedd27fabb4b61a3df30fa89bdc,root__4a871ec0d82d4adc240cd937f7a95bbdbc3d4dedd27fabb4b61a3df30fa89bdc,mendeley_goodware,0,file:4a871ec0d82d4adc240cd937f7a95bbdbc3d4dedd27fabb4b61a3df30fa89bdc,test,test,x64,root,unified_mendeley
4adc7b6e2e43726eff05bb3ff3df554f8427ab093ef3efed6a425769bd52f158,root__4adc7b6e2e43726eff05bb3ff3df554f8427ab093ef3efed6a425769bd52f158,mendeley_goodware,0,file:4adc7b6e2e43726eff05bb3ff3df554f8427ab093ef3efed6a425769bd52f158,train,train,x86,root,unified_mendeley
4b5238d19adaa19bf502cbdb693f2b8c14dc4280f8269755ba07c93397766b98,root__4b5238d19adaa19bf502cbdb693f2b8c14dc4280f8269755ba07c93397766b98,mendeley_goodware,0,file:4b5238d19adaa19bf502cbdb693f2b8c14dc4280f8269755ba07c93397766b98,train,train,x64,root,unified_mendeley
4b54d71c16a277f89613eed4f073fc4e0ca02451df90588d7bd250af6a169c68,root__4b54d71c16a277f89613eed4f073fc4e0ca02451df90588d7bd250af6a169c68,mendeley_goodware,0,file:4b54d71c16a277f89613eed4f073fc4e0ca02451df90588d7bd250af6a169c68,test,test,x86,root,unified_mendeley
4b72c902892c8bd605264eb44c53fba8160d29c73680bae4eb8a5292cdab3f43,root__4b72c902892c8bd605264eb44c53fba8160d29c73680bae4eb8a5292cdab3f43,mendeley_goodware,0,file:4b72c902892c8bd605264eb44c53fba8160d29c73680bae4eb8a5292cdab3f43,val,train,x86,root,unified_mendeley
4b7feb0d02361b9bb9f73f958a36c43636020f348210663974bcb60533939f85,root__4b7feb0d02361b9bb9f73f958a36c43636020f348210663974bcb60533939f85,mendeley_goodware,0,file:4b7feb0d02361b9bb9f73f958a36c43636020f348210663974bcb60533939f85,train,train,x86,root,unified_mendeley
4bcd912b99b7ddfc456cc45aafe81d8f14598d02816851f9af195e875607b797,root__4bcd912b99b7ddfc456cc45aafe81d8f14598d02816851f9af195e875607b797,mendeley_goodware,0,file:4bcd912b99b7ddfc456cc45aafe81d8f14598d02816851f9af195e875607b797,train,train,x64,root,unified_mendeley
4c13ccd996d58673bec9fa19b1f06b8ca1d6823307b76c5a2a79799f1073bf64,root__4c13ccd996d58673bec9fa19b1f06b8ca1d6823307b76c5a2a79799f1073bf64,mendeley_goodware,0,file:4c13ccd996d58673bec9fa19b1f06b8ca1d6823307b76c5a2a79799f1073bf64,train,train,x64,root,unified_mendeley
4c1cd7e17beb0ca9365a3fa2b1ed14c905597bc8b3cac202933c9833a9bece11,root__4c1cd7e17beb0ca9365a3fa2b1ed14c905597bc8b3cac202933c9833a9bece11,mendeley_goodware,0,file:4c1cd7e17beb0ca9365a3fa2b1ed14c905597bc8b3cac202933c9833a9bece11,train,train,x64,root,unified_mendeley
4c74b2451a049c885d010f70407648d853124a1d76e6f4ee3987e5344d78dc1e,root__4c74b2451a049c885d010f70407648d853124a1d76e6f4ee3987e5344d78dc1e,mendeley_goodware,0,file:4c74b2451a049c885d010f70407648d853124a1d76e6f4ee3987e5344d78dc1e,test,test,x86,root,unified_mendeley
4cd0f919d243abd480b413ec5a507a1792545b48e0a38e1e9b4349a289ebed4a,root__4cd0f919d243abd480b413ec5a507a1792545b48e0a38e1e9b4349a289ebed4a,mendeley_goodware,0,file:4cd0f919d243abd480b413ec5a507a1792545b48e0a38e1e9b4349a289ebed4a,train,train,x86,root,unified_mendeley
4cd15dac4efd155fdba0505d5efcf7a521d91c09f2f460725e9383e85cf390a8,root__4cd15dac4efd155fdba0505d5efcf7a521d91c09f2f460725e9383e85cf390a8,mendeley_goodware,0,file:4cd15dac4efd155fdba0505d5efcf7a521d91c09f2f460725e9383e85cf390a8,test,test,x86,root,unified_mendeley
4ceb3cadc9abaca022e62ecfa6d4ee69b79e4aabdca70bcd6230a0f4f38f2f0a,root__4ceb3cadc9abaca022e62ecfa6d4ee69b79e4aabdca70bcd6230a0f4f38f2f0a,mendeley_goodware,0,file:4ceb3cadc9abaca022e62ecfa6d4ee69b79e4aabdca70bcd6230a0f4f38f2f0a,train,train,x64,root,unified_mendeley
4cfbcc35f1403584cf932b48f1fbd9506f43874443412b35681fc66392c9b64a,root__4cfbcc35f1403584cf932b48f1fbd9506f43874443412b35681fc66392c9b64a,mendeley_goodware,0,file:4cfbcc35f1403584cf932b48f1fbd9506f43874443412b35681fc66392c9b64a,train,train,x64,root,unified_mendeley
4d40f9df9ce3ea88664d0a481204278655d47e9195ee8162f078b121e2422af7,root__4d40f9df9ce3ea88664d0a481204278655d47e9195ee8162f078b121e2422af7,mendeley_goodware,0,file:4d40f9df9ce3ea88664d0a481204278655d47e9195ee8162f078b121e2422af7,test,test,x86,root,unified_mendeley
4d65d42a1af2c1193b6dddfcc1393e4887cab79c109103e7b234b518d9001207,root__4d65d42a1af2c1193b6dddfcc1393e4887cab79c109103e7b234b518d9001207,mendeley_goodware,0,file:4d65d42a1af2c1193b6dddfcc1393e4887cab79c109103e7b234b518d9001207,train,train,x86,root,unified_mendeley
4d6b2e5242862760cb9d4b848df760cd3a5a011dd59a5c633ec966d32d1d6ea2,root__4d6b2e5242862760cb9d4b848df760cd3a5a011dd59a5c633ec966d32d1d6ea2,mendeley_goodware,0,file:4d6b2e5242862760cb9d4b848df760cd3a5a011dd59a5c633ec966d32d1d6ea2,train,train,x86,root,unified_mendeley
4da3797b3aab0bdc53a2b923c43a84e16269c4683a556fae0f491b827baee1c8,root__4da3797b3aab0bdc53a2b923c43a84e16269c4683a556fae0f491b827baee1c8,mendeley_goodware,0,file:4da3797b3aab0bdc53a2b923c43a84e16269c4683a556fae0f491b827baee1c8,train,train,x64,root,unified_mendeley
4dc2df0dec806d4aff3be1487fe3f049e4346f55c9191bf770cc8cf86beaf181,root__4dc2df0dec806d4aff3be1487fe3f049e4346f55c9191bf770cc8cf86beaf181,mendeley_goodware,0,file:4dc2df0dec806d4aff3be1487fe3f049e4346f55c9191bf770cc8cf86beaf181,train,train,x86,root,unified_mendeley
4e33971633facdd829ce50546aa86077ad0f8718e78aadf49dd1e756bfc4942a,root__4e33971633facdd829ce50546aa86077ad0f8718e78aadf49dd1e756bfc4942a,mendeley_goodware,0,file:4e33971633facdd829ce50546aa86077ad0f8718e78aadf49dd1e756bfc4942a,train,train,x64,root,unified_mendeley
4e53dae1544b1047003ee578a3a93230e442c70f88b389767eb72c17e7a68f62,root__4e53dae1544b1047003ee578a3a93230e442c70f88b389767eb72c17e7a68f62,mendeley_goodware,0,file:4e53dae1544b1047003ee578a3a93230e442c70f88b389767eb72c17e7a68f62,train,train,x86,root,unified_mendeley
4ebcab32eee80d2875531dcb071fffb8b6930e19ee4997bee8c126d365ce3945,root__4ebcab32eee80d2875531dcb071fffb8b6930e19ee4997bee8c126d365ce3945,mendeley_goodware,0,file:4ebcab32eee80d2875531dcb071fffb8b6930e19ee4997bee8c126d365ce3945,train,train,x64,root,unified_mendeley
4ebfebb9e3fffdf8b84d7d9d3903b19c775456277cdf67ad8152e246ddd832d0,root__4ebfebb9e3fffdf8b84d7d9d3903b19c775456277cdf67ad8152e246ddd832d0,mendeley_goodware,0,file:4ebfebb9e3fffdf8b84d7d9d3903b19c775456277cdf67ad8152e246ddd832d0,train,train,x64,root,unified_mendeley
4ee41489d15c07c193e793f9fb62b3a11cd487215659834d0be52b717e3c2c61,root__4ee41489d15c07c193e793f9fb62b3a11cd487215659834d0be52b717e3c2c61,mendeley_goodware,0,file:4ee41489d15c07c193e793f9fb62b3a11cd487215659834d0be52b717e3c2c61,train,train,x86,root,unified_mendeley
4f101320a686d94b4a478a6335d505788eebb3e6a08edb49e314196039979484,root__4f101320a686d94b4a478a6335d505788eebb3e6a08edb49e314196039979484,mendeley_goodware,0,file:4f101320a686d94b4a478a6335d505788eebb3e6a08edb49e314196039979484,train,train,x64,root,unified_mendeley
4f31428f3d32ac0428c2840ace93360f34eb69d88f91843cbd95cdc2cc3a3064,root__4f31428f3d32ac0428c2840ace93360f34eb69d88f91843cbd95cdc2cc3a3064,mendeley_goodware,0,file:4f31428f3d32ac0428c2840ace93360f34eb69d88f91843cbd95cdc2cc3a3064,test,test,x86,root,unified_mendeley
4f3474844d26e788bb61745b40b2e3bf5f339ca3f229d303c318de181e638c8a,root__4f3474844d26e788bb61745b40b2e3bf5f339ca3f229d303c318de181e638c8a,mendeley_goodware,0,file:4f3474844d26e788bb61745b40b2e3bf5f339ca3f229d303c318de181e638c8a,train,train,x64,root,unified_mendeley
4f424dc5e0c16cbbac4a12c3750297f0f58697e102fb2001c655868ed829274f,root__4f424dc5e0c16cbbac4a12c3750297f0f58697e102fb2001c655868ed829274f,mendeley_goodware,0,file:4f424dc5e0c16cbbac4a12c3750297f0f58697e102fb2001c655868ed829274f,train,train,x64,root,unified_mendeley
4f60a141c22c345edebeeaf474e8f6827e2c2aff2a8aa844720d9700a0287d93,root__4f60a141c22c345edebeeaf474e8f6827e2c2aff2a8aa844720d9700a0287d93,mendeley_goodware,0,file:4f60a141c22c345edebeeaf474e8f6827e2c2aff2a8aa844720d9700a0287d93,train,train,x86,root,unified_mendeley
4fb18811fed500a9d1e24f14c158ccd7095d5777d2f2f8247982d14119dbc8dd,root__4fb18811fed500a9d1e24f14c158ccd7095d5777d2f2f8247982d14119dbc8dd,mendeley_goodware,0,file:4fb18811fed500a9d1e24f14c158ccd7095d5777d2f2f8247982d14119dbc8dd,train,train,x64,root,unified_mendeley
4fecea309763cba5109b644c4db5da4e17cb69e0772aabd00716aada14ef9b2f,root__4fecea309763cba5109b644c4db5da4e17cb69e0772aabd00716aada14ef9b2f,mendeley_goodware,0,file:4fecea309763cba5109b644c4db5da4e17cb69e0772aabd00716aada14ef9b2f,train,train,x86,root,unified_mendeley
501f02cbab23348a8e5e593c17c02119df2aaac82e747a789744e572e12b1b58,root__501f02cbab23348a8e5e593c17c02119df2aaac82e747a789744e572e12b1b58,mendeley_goodware,0,file:501f02cbab23348a8e5e593c17c02119df2aaac82e747a789744e572e12b1b58,train,train,x86,root,unified_mendeley
50259658b30d267db199a0805e0986798dd799e18700fd198b894ce9e04db851,root__50259658b30d267db199a0805e0986798dd799e18700fd198b894ce9e04db851,mendeley_goodware,0,file:50259658b30d267db199a0805e0986798dd799e18700fd198b894ce9e04db851,train,train,x86,root,unified_mendeley
50a2f167cc31f53a9fbd23c5b9f0c28f72db92aae6d6638f25d41e9f5a30a4bd,root__50a2f167cc31f53a9fbd23c5b9f0c28f72db92aae6d6638f25d41e9f5a30a4bd,mendeley_goodware,0,file:50a2f167cc31f53a9fbd23c5b9f0c28f72db92aae6d6638f25d41e9f5a30a4bd,train,train,x86,root,unified_mendeley
50b26ff7b0230c9c1495b979fe0d30cbae6d07f0f484bc7458b007ec09397450,root__50b26ff7b0230c9c1495b979fe0d30cbae6d07f0f484bc7458b007ec09397450,mendeley_goodware,0,file:50b26ff7b0230c9c1495b979fe0d30cbae6d07f0f484bc7458b007ec09397450,train,train,x86,root,unified_mendeley
51259f775be738ce33c857b7777e88c8b6a9afe0c3202e99d4c76f688f315424,root__51259f775be738ce33c857b7777e88c8b6a9afe0c3202e99d4c76f688f315424,mendeley_goodware,0,file:51259f775be738ce33c857b7777e88c8b6a9afe0c3202e99d4c76f688f315424,train,train,x86,root,unified_mendeley
5131ab09ac9f309607a8d7dae578aedbfb5931c8a419187abac231350db38cfd,root__5131ab09ac9f309607a8d7dae578aedbfb5931c8a419187abac231350db38cfd,mendeley_goodware,0,file:5131ab09ac9f309607a8d7dae578aedbfb5931c8a419187abac231350db38cfd,train,train,x64,root,unified_mendeley
51a048bdfbe2c718312560cf49f31148ee8b78265e70345958c69f70f068d850,root__51a048bdfbe2c718312560cf49f31148ee8b78265e70345958c69f70f068d850,mendeley_goodware,0,file:51a048bdfbe2c718312560cf49f31148ee8b78265e70345958c69f70f068d850,test,test,x86,root,unified_mendeley
521ade81216d39918c8015e6230624a0ddef0b92a7695b6be659ce8b4c750b1c,root__521ade81216d39918c8015e6230624a0ddef0b92a7695b6be659ce8b4c750b1c,mendeley_goodware,0,file:521ade81216d39918c8015e6230624a0ddef0b92a7695b6be659ce8b4c750b1c,val,train,x86,root,unified_mendeley
52237230f3def4db702e9b6ea4f6f337c9d259360ee15a9ccff0da6c33241c7a,root__52237230f3def4db702e9b6ea4f6f337c9d259360ee15a9ccff0da6c33241c7a,mendeley_goodware,0,file:52237230f3def4db702e9b6ea4f6f337c9d259360ee15a9ccff0da6c33241c7a,val,train,x86,root,unified_mendeley
525bd5f5db594bbb3b97fcb7d2a6f2df0e12456ccb6853245c6f70bb3cf172e2,root__525bd5f5db594bbb3b97fcb7d2a6f2df0e12456ccb6853245c6f70bb3cf172e2,mendeley_goodware,0,file:525bd5f5db594bbb3b97fcb7d2a6f2df0e12456ccb6853245c6f70bb3cf172e2,train,train,x64,root,unified_mendeley
52c7fde4778e6f30bac544d028069c20fe423ee235adf4e50a79c86bf44ad2d0,root__52c7fde4778e6f30bac544d028069c20fe423ee235adf4e50a79c86bf44ad2d0,mendeley_goodware,0,file:52c7fde4778e6f30bac544d028069c20fe423ee235adf4e50a79c86bf44ad2d0,train,train,x64,root,unified_mendeley
52c9f0dfb5d018119e6b63bb809cd524f07715e342dd7d3c66452231e81d8f99,root__52c9f0dfb5d018119e6b63bb809cd524f07715e342dd7d3c66452231e81d8f99,mendeley_goodware,0,file:52c9f0dfb5d018119e6b63bb809cd524f07715e342dd7d3c66452231e81d8f99,train,train,x86,root,unified_mendeley
52d52b59561c3ddba7998cfdc82263846691cca7bcca70016ba2e6216e3b5683,root__52d52b59561c3ddba7998cfdc82263846691cca7bcca70016ba2e6216e3b5683,mendeley_goodware,0,file:52d52b59561c3ddba7998cfdc82263846691cca7bcca70016ba2e6216e3b5683,train,train,x64,root,unified_mendeley
53155ba796602cabdb95f932f8c7677a236fe1defcd247e03570aab9500df9eb,root__53155ba796602cabdb95f932f8c7677a236fe1defcd247e03570aab9500df9eb,mendeley_goodware,0,file:53155ba796602cabdb95f932f8c7677a236fe1defcd247e03570aab9500df9eb,train,train,x64,root,unified_mendeley
535ea2d0ad12b98fff904fdb547ba169a5aeb97d6c3ec7d77975c9f156102c17,root__535ea2d0ad12b98fff904fdb547ba169a5aeb97d6c3ec7d77975c9f156102c17,mendeley_goodware,0,file:535ea2d0ad12b98fff904fdb547ba169a5aeb97d6c3ec7d77975c9f156102c17,train,train,x64,root,unified_mendeley
5361e075552716e77cfabd48dbf31e661221e4589937b1d65bc3eecac0685b0a,root__5361e075552716e77cfabd48dbf31e661221e4589937b1d65bc3eecac0685b0a,mendeley_goodware,0,file:5361e075552716e77cfabd48dbf31e661221e4589937b1d65bc3eecac0685b0a,train,train,x64,root,unified_mendeley
539b4469df07d1a83db99b961de4cd41e0aa037eb4a01865486b617c44760e8f,root__539b4469df07d1a83db99b961de4cd41e0aa037eb4a01865486b617c44760e8f,mendeley_goodware,0,file:539b4469df07d1a83db99b961de4cd41e0aa037eb4a01865486b617c44760e8f,val,train,x64,root,unified_mendeley
53b07ab9dae0e58b06dab40cf837dd9150a6125759b4d4a18d3c36a07042b9e7,root__53b07ab9dae0e58b06dab40cf837dd9150a6125759b4d4a18d3c36a07042b9e7,mendeley_goodware,0,file:53b07ab9dae0e58b06dab40cf837dd9150a6125759b4d4a18d3c36a07042b9e7,train,train,x86,root,unified_mendeley
542c4b92d2fa26e0c26771a3624440df3ef09ccd2eaf1a2873486ce461f9dc30,root__542c4b92d2fa26e0c26771a3624440df3ef09ccd2eaf1a2873486ce461f9dc30,mendeley_goodware,0,file:542c4b92d2fa26e0c26771a3624440df3ef09ccd2eaf1a2873486ce461f9dc30,train,train,x86,root,unified_mendeley
5430d26fc5dcc293989756bb357da300d26eadaebb5ea92e5f01d55415d05f37,root__5430d26fc5dcc293989756bb357da300d26eadaebb5ea92e5f01d55415d05f37,mendeley_goodware,0,file:5430d26fc5dcc293989756bb357da300d26eadaebb5ea92e5f01d55415d05f37,train,train,x64,root,unified_mendeley
54939b60003d8394cbfc761da90fd73042e80815e28dbcfe6608ff076a70e319,root__54939b60003d8394cbfc761da90fd73042e80815e28dbcfe6608ff076a70e319,mendeley_goodware,0,file:54939b60003d8394cbfc761da90fd73042e80815e28dbcfe6608ff076a70e319,train,train,x86,root,unified_mendeley
54ac8cbce47718ea2fc7f7f504df88a82715d052973cbc7c46483f7554aadcb8,root__54ac8cbce47718ea2fc7f7f504df88a82715d052973cbc7c46483f7554aadcb8,mendeley_goodware,0,file:54ac8cbce47718ea2fc7f7f504df88a82715d052973cbc7c46483f7554aadcb8,val,train,x86,root,unified_mendeley
54b01a24a46939c794198ea64a4f2cf326190e2b8d322741940dee3aa28b0bcb,root__54b01a24a46939c794198ea64a4f2cf326190e2b8d322741940dee3aa28b0bcb,mendeley_goodware,0,file:54b01a24a46939c794198ea64a4f2cf326190e2b8d322741940dee3aa28b0bcb,test,test,x86,root,unified_mendeley
54bd0e8075f63285c1408516913abd9913ba058a80a43e345ad42b34f36f6c12,root__54bd0e8075f63285c1408516913abd9913ba058a80a43e345ad42b34f36f6c12,mendeley_goodware,0,file:54bd0e8075f63285c1408516913abd9913ba058a80a43e345ad42b34f36f6c12,train,train,x86,root,unified_mendeley
54e05115742cf02f57d92f9908014c8a4f847bb6c2fab77d46514439563853e4,root__54e05115742cf02f57d92f9908014c8a4f847bb6c2fab77d46514439563853e4,mendeley_goodware,0,file:54e05115742cf02f57d92f9908014c8a4f847bb6c2fab77d46514439563853e4,train,train,x64,root,unified_mendeley
55006ad12e81756ce62630173ffc24ce8865b3aaf2b8497af1ff6ab2e13fbd67,root__55006ad12e81756ce62630173ffc24ce8865b3aaf2b8497af1ff6ab2e13fbd67,mendeley_goodware,0,file:55006ad12e81756ce62630173ffc24ce8865b3aaf2b8497af1ff6ab2e13fbd67,train,train,x86,root,unified_mendeley
5502bc3dd8f997bee50dbc9a3445c3b0e6407e916503589e3fda06a8759c0de3,root__5502bc3dd8f997bee50dbc9a3445c3b0e6407e916503589e3fda06a8759c0de3,mendeley_goodware,0,file:5502bc3dd8f997bee50dbc9a3445c3b0e6407e916503589e3fda06a8759c0de3,val,train,x86,root,unified_mendeley
555a8b4b7c5e9614e3ef7af2fafc6181aa98ad9d10ebfd845d82f33efeb7e1c7,root__555a8b4b7c5e9614e3ef7af2fafc6181aa98ad9d10ebfd845d82f33efeb7e1c7,mendeley_goodware,0,file:555a8b4b7c5e9614e3ef7af2fafc6181aa98ad9d10ebfd845d82f33efeb7e1c7,train,train,x86,root,unified_mendeley
563cf8c22ff6281110c0c52f2f783a8d87fbaee1f9476e525f859f420e9bc3c7,root__563cf8c22ff6281110c0c52f2f783a8d87fbaee1f9476e525f859f420e9bc3c7,mendeley_goodware,0,file:563cf8c22ff6281110c0c52f2f783a8d87fbaee1f9476e525f859f420e9bc3c7,train,train,x86,root,unified_mendeley
564f1c7b9f5e9818656dfdce2bdfb7af2c7a78819e67a2f8766cb2dd785f01e5,root__564f1c7b9f5e9818656dfdce2bdfb7af2c7a78819e67a2f8766cb2dd785f01e5,mendeley_goodware,0,file:564f1c7b9f5e9818656dfdce2bdfb7af2c7a78819e67a2f8766cb2dd785f01e5,train,train,x64,root,unified_mendeley
5656480117dc4d6fec50b7fd91f05acea3d9d6e60e2fa513a3cfec94a76f85cf,root__5656480117dc4d6fec50b7fd91f05acea3d9d6e60e2fa513a3cfec94a76f85cf,mendeley_goodware,0,file:5656480117dc4d6fec50b7fd91f05acea3d9d6e60e2fa513a3cfec94a76f85cf,train,train,x64,root,unified_mendeley
56e8d6c41d904c855fc44bc50e7460ac0d1803111c0c8032b12c00b3c0482816,root__56e8d6c41d904c855fc44bc50e7460ac0d1803111c0c8032b12c00b3c0482816,mendeley_goodware,0,file:56e8d6c41d904c855fc44bc50e7460ac0d1803111c0c8032b12c00b3c0482816,train,train,x64,root,unified_mendeley
56eed6fc7aab5d170efed962c844c4c6f107bb9e530a077fea7411f4fcb3f205,root__56eed6fc7aab5d170efed962c844c4c6f107bb9e530a077fea7411f4fcb3f205,mendeley_goodware,0,file:56eed6fc7aab5d170efed962c844c4c6f107bb9e530a077fea7411f4fcb3f205,test,test,x86,root,unified_mendeley
56f089acc5cac52c964990a0ed12e951d33ccebb712428fcbb8ec7c950052b33,root__56f089acc5cac52c964990a0ed12e951d33ccebb712428fcbb8ec7c950052b33,mendeley_goodware,0,file:56f089acc5cac52c964990a0ed12e951d33ccebb712428fcbb8ec7c950052b33,train,train,x86,root,unified_mendeley
5709f63fbc119f93e6d86090a6156bda3179a7d2ed74345600e288acb9567962,root__5709f63fbc119f93e6d86090a6156bda3179a7d2ed74345600e288acb9567962,mendeley_goodware,0,file:5709f63fbc119f93e6d86090a6156bda3179a7d2ed74345600e288acb9567962,train,train,x64,root,unified_mendeley
5718c40a309aad4db4f616ef89af0c823948ee157a3f3e843533cff4618a85f9,root__5718c40a309aad4db4f616ef89af0c823948ee157a3f3e843533cff4618a85f9,mendeley_goodware,0,file:5718c40a309aad4db4f616ef89af0c823948ee157a3f3e843533cff4618a85f9,train,train,x64,root,unified_mendeley
5794412bac7ab501fae95486435f09fb0f4fb149735a4d3a4f53166a23f5d2b1,root__5794412bac7ab501fae95486435f09fb0f4fb149735a4d3a4f53166a23f5d2b1,mendeley_goodware,0,file:5794412bac7ab501fae95486435f09fb0f4fb149735a4d3a4f53166a23f5d2b1,train,train,x64,root,unified_mendeley
57bb8f92760c7c6d0015486b3c470026416ee695f1b9eac151bab251f497ec2c,root__57bb8f92760c7c6d0015486b3c470026416ee695f1b9eac151bab251f497ec2c,mendeley_goodware,0,file:57bb8f92760c7c6d0015486b3c470026416ee695f1b9eac151bab251f497ec2c,train,train,x64,root,unified_mendeley
58037e8767caff16722c3dbc1e3b733b9fd269c5a244ce1fa3973e3d31c13fa8,root__58037e8767caff16722c3dbc1e3b733b9fd269c5a244ce1fa3973e3d31c13fa8,mendeley_goodware,0,file:58037e8767caff16722c3dbc1e3b733b9fd269c5a244ce1fa3973e3d31c13fa8,train,train,x86,root,unified_mendeley
583eaf01e0ba2ac1f41715fb2bcc2da911ce96989060c2c231f5eefef3746ede,root__583eaf01e0ba2ac1f41715fb2bcc2da911ce96989060c2c231f5eefef3746ede,mendeley_goodware,0,file:583eaf01e0ba2ac1f41715fb2bcc2da911ce96989060c2c231f5eefef3746ede,train,train,x64,root,unified_mendeley
58900c00ba169518386d4f114a91edef83c2cc1040cc1a0210449f86b1104453,root__58900c00ba169518386d4f114a91edef83c2cc1040cc1a0210449f86b1104453,mendeley_goodware,0,file:58900c00ba169518386d4f114a91edef83c2cc1040cc1a0210449f86b1104453,train,train,x86,root,unified_mendeley
5892a60a785558b902f1249bcb6dfd34100335caa95a0a89a54437e5440cc5dd,root__5892a60a785558b902f1249bcb6dfd34100335caa95a0a89a54437e5440cc5dd,mendeley_goodware,0,file:5892a60a785558b902f1249bcb6dfd34100335caa95a0a89a54437e5440cc5dd,train,train,x86,root,unified_mendeley
5906fd255354b8cbc8abf0d0d56b570376c4a9c2b021907c6c167168b807695b,root__5906fd255354b8cbc8abf0d0d56b570376c4a9c2b021907c6c167168b807695b,mendeley_goodware,0,file:5906fd255354b8cbc8abf0d0d56b570376c4a9c2b021907c6c167168b807695b,train,train,x86,root,unified_mendeley
5916053e488db2235f980160cbbd8c5ef2699b35a3e683efd7074ff03dbe623c,root__5916053e488db2235f980160cbbd8c5ef2699b35a3e683efd7074ff03dbe623c,mendeley_goodware,0,file:5916053e488db2235f980160cbbd8c5ef2699b35a3e683efd7074ff03dbe623c,train,train,x86,root,unified_mendeley
598555a7e053c7456ee8a06a892309386e69d473c73284de9bbc0ba73b17e70a,root__598555a7e053c7456ee8a06a892309386e69d473c73284de9bbc0ba73b17e70a,mendeley_goodware,0,file:598555a7e053c7456ee8a06a892309386e69d473c73284de9bbc0ba73b17e70a,train,train,x86,root,unified_mendeley
59911f2c3bbbeb69233ddfc1c9be173b00c35372c850fb197e7a73c136649594,root__59911f2c3bbbeb69233ddfc1c9be173b00c35372c850fb197e7a73c136649594,mendeley_goodware,0,file:59911f2c3bbbeb69233ddfc1c9be173b00c35372c850fb197e7a73c136649594,train,train,x64,root,unified_mendeley
5993b9bcffe02c78e12669bb60d25b0f2840a426bc24657b2dac54b95009fad7,root__5993b9bcffe02c78e12669bb60d25b0f2840a426bc24657b2dac54b95009fad7,mendeley_goodware,0,file:5993b9bcffe02c78e12669bb60d25b0f2840a426bc24657b2dac54b95009fad7,train,train,x64,root,unified_mendeley
59d9270c8d7a6153ed5e0dfcae3a6eeea74033e867581ad89de5efa464bffc0e,root__59d9270c8d7a6153ed5e0dfcae3a6eeea74033e867581ad89de5efa464bffc0e,mendeley_goodware,0,file:59d9270c8d7a6153ed5e0dfcae3a6eeea74033e867581ad89de5efa464bffc0e,train,train,x86,root,unified_mendeley
59f8910653ef69dccd0e1c4ef13fd13e5162afd8eae96d8dd75f73a7f0a4d442,root__59f8910653ef69dccd0e1c4ef13fd13e5162afd8eae96d8dd75f73a7f0a4d442,mendeley_goodware,0,file:59f8910653ef69dccd0e1c4ef13fd13e5162afd8eae96d8dd75f73a7f0a4d442,train,train,x86,root,unified_mendeley
5a5833957c998bbc0d39287275daeb5d27c21e9a4581d09fae3c7a80131467ef,root__5a5833957c998bbc0d39287275daeb5d27c21e9a4581d09fae3c7a80131467ef,mendeley_goodware,0,file:5a5833957c998bbc0d39287275daeb5d27c21e9a4581d09fae3c7a80131467ef,train,train,x64,root,unified_mendeley
5a7c14146018cdf58bba0b291ae2b6e4826dc1a45f335f4dfc378e1eb545d27b,root__5a7c14146018cdf58bba0b291ae2b6e4826dc1a45f335f4dfc378e1eb545d27b,mendeley_goodware,0,file:5a7c14146018cdf58bba0b291ae2b6e4826dc1a45f335f4dfc378e1eb545d27b,train,train,x64,root,unified_mendeley
5a83436f94bac035ca5bfb6729f40937ce8e67ff66450241baa9a6b607c49de3,root__5a83436f94bac035ca5bfb6729f40937ce8e67ff66450241baa9a6b607c49de3,mendeley_goodware,0,file:5a83436f94bac035ca5bfb6729f40937ce8e67ff66450241baa9a6b607c49de3,train,train,x86,root,unified_mendeley
5a9a5ae741322bfea383c1384d616e466c435a24c44e3322a774b93fbbe70d39,root__5a9a5ae741322bfea383c1384d616e466c435a24c44e3322a774b93fbbe70d39,mendeley_goodware,0,file:5a9a5ae741322bfea383c1384d616e466c435a24c44e3322a774b93fbbe70d39,val,train,x64,root,unified_mendeley
5a9de5ab7fe13ce4841c14238ceadd4fb86521fcd75c351f605bca66d3f99b8f,root__5a9de5ab7fe13ce4841c14238ceadd4fb86521fcd75c351f605bca66d3f99b8f,mendeley_goodware,0,file:5a9de5ab7fe13ce4841c14238ceadd4fb86521fcd75c351f605bca66d3f99b8f,train,train,x86,root,unified_mendeley
5b667ff25a5f2ecf810e2f60dd079dc68fce6eafa174e6de835b8aed919e12f3,root__5b667ff25a5f2ecf810e2f60dd079dc68fce6eafa174e6de835b8aed919e12f3,mendeley_goodware,0,file:5b667ff25a5f2ecf810e2f60dd079dc68fce6eafa174e6de835b8aed919e12f3,train,train,x86,root,unified_mendeley
5ba58ea77e77dd0f86bdd200b931cce7d9f48f92df7545e30fdcc91198f09504,root__5ba58ea77e77dd0f86bdd200b931cce7d9f48f92df7545e30fdcc91198f09504,mendeley_goodware,0,file:5ba58ea77e77dd0f86bdd200b931cce7d9f48f92df7545e30fdcc91198f09504,train,train,x64,root,unified_mendeley
5be325905df8aab7089ab2348d89343f55a2f88dadd75de8f382e8fa026451bd,root__5be325905df8aab7089ab2348d89343f55a2f88dadd75de8f382e8fa026451bd,mendeley_goodware,0,file:5be325905df8aab7089ab2348d89343f55a2f88dadd75de8f382e8fa026451bd,train,train,x86,root,unified_mendeley
5be37eab49ceee5c5245fd7c002672b0540c8f27af74bb98e4cd109418b76150,root__5be37eab49ceee5c5245fd7c002672b0540c8f27af74bb98e4cd109418b76150,mendeley_goodware,0,file:5be37eab49ceee5c5245fd7c002672b0540c8f27af74bb98e4cd109418b76150,train,train,x64,root,unified_mendeley
5c865d2d1012ebf9f2503f06f2c4b8afccae063d1e79421e0244e0cf627e5ff1,root__5c865d2d1012ebf9f2503f06f2c4b8afccae063d1e79421e0244e0cf627e5ff1,mendeley_goodware,0,file:5c865d2d1012ebf9f2503f06f2c4b8afccae063d1e79421e0244e0cf627e5ff1,train,train,x86,root,unified_mendeley
5cda3e1cbcd3004687b599ccd5819ffce3ab8c5ed4a0cda6e57f7a14c119e3cc,root__5cda3e1cbcd3004687b599ccd5819ffce3ab8c5ed4a0cda6e57f7a14c119e3cc,mendeley_goodware,0,file:5cda3e1cbcd3004687b599ccd5819ffce3ab8c5ed4a0cda6e57f7a14c119e3cc,test,test,x86,root,unified_mendeley
5ce0b07dbc12f4f9263376047a7a2f269958df61e1510ac3b817796410cc2b00,root__5ce0b07dbc12f4f9263376047a7a2f269958df61e1510ac3b817796410cc2b00,mendeley_goodware,0,file:5ce0b07dbc12f4f9263376047a7a2f269958df61e1510ac3b817796410cc2b00,train,train,x86,root,unified_mendeley
5cf3fcead3274ce273fae2cb5523114cb88b3e91b99d3237318563d24e1a8ec9,root__5cf3fcead3274ce273fae2cb5523114cb88b3e91b99d3237318563d24e1a8ec9,mendeley_goodware,0,file:5cf3fcead3274ce273fae2cb5523114cb88b3e91b99d3237318563d24e1a8ec9,train,train,x86,root,unified_mendeley
5d4c3ef49bb510b7fbb943acf60bd6b74fc6d295b9cc93933155cbaf535f03eb,root__5d4c3ef49bb510b7fbb943acf60bd6b74fc6d295b9cc93933155cbaf535f03eb,mendeley_goodware,0,file:5d4c3ef49bb510b7fbb943acf60bd6b74fc6d295b9cc93933155cbaf535f03eb,train,train,x86,root,unified_mendeley
5d6e6f7b1f1c71676656b26334d799b5e59f3f139e574caf80e113bbec58e9b4,root__5d6e6f7b1f1c71676656b26334d799b5e59f3f139e574caf80e113bbec58e9b4,mendeley_goodware,0,file:5d6e6f7b1f1c71676656b26334d799b5e59f3f139e574caf80e113bbec58e9b4,train,train,x86,root,unified_mendeley
5dd47d108e5fac31954b861dba016409aa5eba891eda6527d752a700d89e4eee,root__5dd47d108e5fac31954b861dba016409aa5eba891eda6527d752a700d89e4eee,mendeley_goodware,0,file:5dd47d108e5fac31954b861dba016409aa5eba891eda6527d752a700d89e4eee,test,test,x86,root,unified_mendeley
5dd9e262e00da660044614288e1ff0d5669ee94079f134eb2e29bfd415fa5dc5,root__5dd9e262e00da660044614288e1ff0d5669ee94079f134eb2e29bfd415fa5dc5,mendeley_goodware,0,file:5dd9e262e00da660044614288e1ff0d5669ee94079f134eb2e29bfd415fa5dc5,train,train,x86,root,unified_mendeley
5e3f311ae67f046b56435067bcdd39fbf836fa0421fbc8c8b0e43e8e47524954,root__5e3f311ae67f046b56435067bcdd39fbf836fa0421fbc8c8b0e43e8e47524954,mendeley_goodware,0,file:5e3f311ae67f046b56435067bcdd39fbf836fa0421fbc8c8b0e43e8e47524954,train,train,x86,root,unified_mendeley
5e814bebf59998e85eb0e5aebca1487acebec63277d1b0a451308b599cd48df9,root__5e814bebf59998e85eb0e5aebca1487acebec63277d1b0a451308b599cd48df9,mendeley_goodware,0,file:5e814bebf59998e85eb0e5aebca1487acebec63277d1b0a451308b599cd48df9,train,train,x64,root,unified_mendeley
5eb05dba9bb7ba0df72caf0c5a5041eed0b905ec9a4cff7c44b0240fce329cb5,root__5eb05dba9bb7ba0df72caf0c5a5041eed0b905ec9a4cff7c44b0240fce329cb5,mendeley_goodware,0,file:5eb05dba9bb7ba0df72caf0c5a5041eed0b905ec9a4cff7c44b0240fce329cb5,train,train,x86,root,unified_mendeley
5ebe027a2f6f98b0f66794182d6dee910e33537574b4f7ba7db8689281c1e82d,root__5ebe027a2f6f98b0f66794182d6dee910e33537574b4f7ba7db8689281c1e82d,mendeley_goodware,0,file:5ebe027a2f6f98b0f66794182d6dee910e33537574b4f7ba7db8689281c1e82d,train,train,x86,root,unified_mendeley
5f067f86ad0f88a629263162810bf5052f5ebbd97d5d0de936311bb44c9f35e7,root__5f067f86ad0f88a629263162810bf5052f5ebbd97d5d0de936311bb44c9f35e7,mendeley_goodware,0,file:5f067f86ad0f88a629263162810bf5052f5ebbd97d5d0de936311bb44c9f35e7,train,train,x86,root,unified_mendeley
5f5fd58dd10d655c83f76fb074014e5428c667d1b415e647b44bfcd38183cfb0,root__5f5fd58dd10d655c83f76fb074014e5428c667d1b415e647b44bfcd38183cfb0,mendeley_goodware,0,file:5f5fd58dd10d655c83f76fb074014e5428c667d1b415e647b44bfcd38183cfb0,val,train,x86,root,unified_mendeley
5fa57fd786e2f47e05d1b6fb5718e5d37cdcce37843474364b657189f1a065ec,root__5fa57fd786e2f47e05d1b6fb5718e5d37cdcce37843474364b657189f1a065ec,mendeley_goodware,0,file:5fa57fd786e2f47e05d1b6fb5718e5d37cdcce37843474364b657189f1a065ec,test,test,x86,root,unified_mendeley
5fb2d17787ffec622ab296775632f9b7a4be42cc06d3da92b4cd6bc288ad035c,root__5fb2d17787ffec622ab296775632f9b7a4be42cc06d3da92b4cd6bc288ad035c,mendeley_goodware,0,file:5fb2d17787ffec622ab296775632f9b7a4be42cc06d3da92b4cd6bc288ad035c,val,train,x86,root,unified_mendeley
5fe9d729c8d187aaa44fe5396c5e0301a2c8d2d6a2f33e9c9814dae97dd49071,root__5fe9d729c8d187aaa44fe5396c5e0301a2c8d2d6a2f33e9c9814dae97dd49071,mendeley_goodware,0,file:5fe9d729c8d187aaa44fe5396c5e0301a2c8d2d6a2f33e9c9814dae97dd49071,train,train,x86,root,unified_mendeley
6011b7720954a6252fd2c10e5c4e1fc86f77bfed410998216284a0d8adc4d66f,root__6011b7720954a6252fd2c10e5c4e1fc86f77bfed410998216284a0d8adc4d66f,mendeley_goodware,0,file:6011b7720954a6252fd2c10e5c4e1fc86f77bfed410998216284a0d8adc4d66f,train,train,x64,root,unified_mendeley
604492b8398751f0798079cec26d674c125885f55b2beab1bc484ebdb723bb63,root__604492b8398751f0798079cec26d674c125885f55b2beab1bc484ebdb723bb63,mendeley_goodware,0,file:604492b8398751f0798079cec26d674c125885f55b2beab1bc484ebdb723bb63,train,train,x86,root,unified_mendeley
608beb64be5bebe6d576f6ef2d0493a6f73ef85f75ff121b05c38eb7028e118c,root__608beb64be5bebe6d576f6ef2d0493a6f73ef85f75ff121b05c38eb7028e118c,mendeley_goodware,0,file:608beb64be5bebe6d576f6ef2d0493a6f73ef85f75ff121b05c38eb7028e118c,train,train,x86,root,unified_mendeley
6098a611c167fe005ad388b9328176115be47a8797ace1adc791ae44188f65a3,root__6098a611c167fe005ad388b9328176115be47a8797ace1adc791ae44188f65a3,mendeley_goodware,0,file:6098a611c167fe005ad388b9328176115be47a8797ace1adc791ae44188f65a3,train,train,x86,root,unified_mendeley
609a3a73a983a1c47511282d31d9fcfe7909950944ac5324344596215cd778aa,root__609a3a73a983a1c47511282d31d9fcfe7909950944ac5324344596215cd778aa,mendeley_goodware,0,file:609a3a73a983a1c47511282d31d9fcfe7909950944ac5324344596215cd778aa,train,train,x64,root,unified_mendeley
60b3ee96a2bb3165762ac2ed90e6c55b2f49800d344af1df7c7047d280e810f4,root__60b3ee96a2bb3165762ac2ed90e6c55b2f49800d344af1df7c7047d280e810f4,mendeley_goodware,0,file:60b3ee96a2bb3165762ac2ed90e6c55b2f49800d344af1df7c7047d280e810f4,test,test,x86,root,unified_mendeley
61261391d8f4283d539ba4cd19bed875296ba8e1aadceab272c9353f90a22df4,root__61261391d8f4283d539ba4cd19bed875296ba8e1aadceab272c9353f90a22df4,mendeley_goodware,0,file:61261391d8f4283d539ba4cd19bed875296ba8e1aadceab272c9353f90a22df4,train,train,x86,root,unified_mendeley
615b0bcf86f66d24802dea27bcb1e72f82876bcf79be4b6b52c761e0f5eff71d,root__615b0bcf86f66d24802dea27bcb1e72f82876bcf79be4b6b52c761e0f5eff71d,mendeley_goodware,0,file:615b0bcf86f66d24802dea27bcb1e72f82876bcf79be4b6b52c761e0f5eff71d,train,train,x64,root,unified_mendeley
619e84381f1387b59b623ecf8e8ce46f661c2e6f41a5ca908ac670f180ea7dff,root__619e84381f1387b59b623ecf8e8ce46f661c2e6f41a5ca908ac670f180ea7dff,mendeley_goodware,0,file:619e84381f1387b59b623ecf8e8ce46f661c2e6f41a5ca908ac670f180ea7dff,train,train,x64,root,unified_mendeley
61b7327d80eb19db7c4620e9a086bfb88bcd4691a3e1f0737f2ed66d3197ae33,root__61b7327d80eb19db7c4620e9a086bfb88bcd4691a3e1f0737f2ed66d3197ae33,mendeley_goodware,0,file:61b7327d80eb19db7c4620e9a086bfb88bcd4691a3e1f0737f2ed66d3197ae33,train,train,x86,root,unified_mendeley
6212e4eb194109c71815ace1ed8d56139dda04be2f6e1bb01eac9315c6fb5abf,root__6212e4eb194109c71815ace1ed8d56139dda04be2f6e1bb01eac9315c6fb5abf,mendeley_goodware,0,file:6212e4eb194109c71815ace1ed8d56139dda04be2f6e1bb01eac9315c6fb5abf,train,train,x86,root,unified_mendeley
6219c1bc22930d17997dd21dec663705aba0b01fed1d11f73b6a9c721f894cb5,root__6219c1bc22930d17997dd21dec663705aba0b01fed1d11f73b6a9c721f894cb5,mendeley_goodware,0,file:6219c1bc22930d17997dd21dec663705aba0b01fed1d11f73b6a9c721f894cb5,train,train,x86,root,unified_mendeley
621b40b1a33b0bc91733ae1f8568e83b388f362e3ffabcdf8648c0bb68856805,root__621b40b1a33b0bc91733ae1f8568e83b388f362e3ffabcdf8648c0bb68856805,mendeley_goodware,0,file:621b40b1a33b0bc91733ae1f8568e83b388f362e3ffabcdf8648c0bb68856805,train,train,x64,root,unified_mendeley
621f2cc798234a31b17b90cfc91b6e6f9a3a249e37ea9c235ab83e39fa4c7e63,root__621f2cc798234a31b17b90cfc91b6e6f9a3a249e37ea9c235ab83e39fa4c7e63,mendeley_goodware,0,file:621f2cc798234a31b17b90cfc91b6e6f9a3a249e37ea9c235ab83e39fa4c7e63,train,train,x86,root,unified_mendeley
622ed60aabb0f9d2b23c182ffa932facf6826392ad37e8bac78c915ee744015f,root__622ed60aabb0f9d2b23c182ffa932facf6826392ad37e8bac78c915ee744015f,mendeley_goodware,0,file:622ed60aabb0f9d2b23c182ffa932facf6826392ad37e8bac78c915ee744015f,train,train,x86,root,unified_mendeley
6260d75a2cb30201c5424defec3ba505edb92b91802825e2fd6eb9bd58ed5cca,root__6260d75a2cb30201c5424defec3ba505edb92b91802825e2fd6eb9bd58ed5cca,mendeley_goodware,0,file:6260d75a2cb30201c5424defec3ba505edb92b91802825e2fd6eb9bd58ed5cca,train,train,x86,root,unified_mendeley
626117a7aabf84d6db68e5d670c72ef5d0d586b474ddf5b7eca85b046f97582e,root__626117a7aabf84d6db68e5d670c72ef5d0d586b474ddf5b7eca85b046f97582e,mendeley_goodware,0,file:626117a7aabf84d6db68e5d670c72ef5d0d586b474ddf5b7eca85b046f97582e,train,train,x86,root,unified_mendeley
62b9eb6b5510ee9cb4a1d77073fb77d1eaafa5c9a9ac43eeb541e2564ea9f866,root__62b9eb6b5510ee9cb4a1d77073fb77d1eaafa5c9a9ac43eeb541e2564ea9f866,mendeley_goodware,0,file:62b9eb6b5510ee9cb4a1d77073fb77d1eaafa5c9a9ac43eeb541e2564ea9f866,train,train,x86,root,unified_mendeley
630d9c23ccdcb8f9d52e71383494f7182fc246f8bc2715d800b93e3212a4537c,root__630d9c23ccdcb8f9d52e71383494f7182fc246f8bc2715d800b93e3212a4537c,mendeley_goodware,0,file:630d9c23ccdcb8f9d52e71383494f7182fc246f8bc2715d800b93e3212a4537c,train,train,x64,root,unified_mendeley
6389121821ae3c480d0fc754cf05b6da24848b6d0b9e00f631bca4ec54c9387e,root__6389121821ae3c480d0fc754cf05b6da24848b6d0b9e00f631bca4ec54c9387e,mendeley_goodware,0,file:6389121821ae3c480d0fc754cf05b6da24848b6d0b9e00f631bca4ec54c9387e,train,train,x86,root,unified_mendeley
63c358d7bba1ad1c3d015ef625fdf659ae527595c82366866ab557d1cdc87b06,root__63c358d7bba1ad1c3d015ef625fdf659ae527595c82366866ab557d1cdc87b06,mendeley_goodware,0,file:63c358d7bba1ad1c3d015ef625fdf659ae527595c82366866ab557d1cdc87b06,val,train,x64,root,unified_mendeley
63cf046991df5bcd6551ad0afedd86c825ae52946415877205aebe666419c356,root__63cf046991df5bcd6551ad0afedd86c825ae52946415877205aebe666419c356,mendeley_goodware,0,file:63cf046991df5bcd6551ad0afedd86c825ae52946415877205aebe666419c356,train,train,x64,root,unified_mendeley
642393ce850a4d47f749d280240d087c1e78f7321345c2db8a50984ef44f00af,root__642393ce850a4d47f749d280240d087c1e78f7321345c2db8a50984ef44f00af,mendeley_goodware,0,file:642393ce850a4d47f749d280240d087c1e78f7321345c2db8a50984ef44f00af,train,train,x64,root,unified_mendeley
64547b7a4a9de8af79ff0eefadde2aed10c17f9d8f9a2465c0110c848d85317a,root__64547b7a4a9de8af79ff0eefadde2aed10c17f9d8f9a2465c0110c848d85317a,mendeley_goodware,0,file:64547b7a4a9de8af79ff0eefadde2aed10c17f9d8f9a2465c0110c848d85317a,train,train,x86,root,unified_mendeley
647a9a621162cd7a5008934a08e23ff7c1135d6f1261689fd954aa17d50f9729,root__647a9a621162cd7a5008934a08e23ff7c1135d6f1261689fd954aa17d50f9729,mendeley_goodware,0,file:647a9a621162cd7a5008934a08e23ff7c1135d6f1261689fd954aa17d50f9729,test,test,x86,root,unified_mendeley
648b4ffd8dbf9b5ee9a7273d4c17e958061ca9fbe46cadfb9db7ad580d9157e3,root__648b4ffd8dbf9b5ee9a7273d4c17e958061ca9fbe46cadfb9db7ad580d9157e3,mendeley_goodware,0,file:648b4ffd8dbf9b5ee9a7273d4c17e958061ca9fbe46cadfb9db7ad580d9157e3,train,train,x86,root,unified_mendeley
648cd26cb4f955f1c5f0fd6a4d3cd58a8d1f6eb6b082a7791b5b2a0a5b46f327,root__648cd26cb4f955f1c5f0fd6a4d3cd58a8d1f6eb6b082a7791b5b2a0a5b46f327,mendeley_goodware,0,file:648cd26cb4f955f1c5f0fd6a4d3cd58a8d1f6eb6b082a7791b5b2a0a5b46f327,train,train,x64,root,unified_mendeley
64aa5cbcb935a5ce42239bfeabbccc5f42a33dae8739b07c0d5413f33d7ce9fb,root__64aa5cbcb935a5ce42239bfeabbccc5f42a33dae8739b07c0d5413f33d7ce9fb,mendeley_goodware,0,file:64aa5cbcb935a5ce42239bfeabbccc5f42a33dae8739b07c0d5413f33d7ce9fb,train,train,x64,root,unified_mendeley
64bc17d02d409b0eae84dccc71dd0c5115ef208efc79a30281e60404a5632d91,root__64bc17d02d409b0eae84dccc71dd0c5115ef208efc79a30281e60404a5632d91,mendeley_goodware,0,file:64bc17d02d409b0eae84dccc71dd0c5115ef208efc79a30281e60404a5632d91,val,train,x86,root,unified_mendeley
64e712c74fe655f769e9941d5714f001c7d590ae85622e5d9793dbf656f15e58,root__64e712c74fe655f769e9941d5714f001c7d590ae85622e5d9793dbf656f15e58,mendeley_goodware,0,file:64e712c74fe655f769e9941d5714f001c7d590ae85622e5d9793dbf656f15e58,test,test,x86,root,unified_mendeley
656671d3874b77aabdfb3d1cc3b32703da33dbe9e7711d645c4cc9c46e03c5d6,root__656671d3874b77aabdfb3d1cc3b32703da33dbe9e7711d645c4cc9c46e03c5d6,mendeley_goodware,0,file:656671d3874b77aabdfb3d1cc3b32703da33dbe9e7711d645c4cc9c46e03c5d6,train,train,x86,root,unified_mendeley
659b5325cc6cd215b04e24f56d4f80fd29edfbf3432836f99e4968d9a9a25862,root__659b5325cc6cd215b04e24f56d4f80fd29edfbf3432836f99e4968d9a9a25862,mendeley_goodware,0,file:659b5325cc6cd215b04e24f56d4f80fd29edfbf3432836f99e4968d9a9a25862,val,train,x64,root,unified_mendeley
65b49c91a2460ffc6e0463dd49555afd9e9da811cc208007fc421800f4c652b0,root__65b49c91a2460ffc6e0463dd49555afd9e9da811cc208007fc421800f4c652b0,mendeley_goodware,0,file:65b49c91a2460ffc6e0463dd49555afd9e9da811cc208007fc421800f4c652b0,train,train,x64,root,unified_mendeley
660f45568effe4564725702ddaa6b36113ee99fb9ad4c0fabca88ccdf06b3d76,root__660f45568effe4564725702ddaa6b36113ee99fb9ad4c0fabca88ccdf06b3d76,mendeley_goodware,0,file:660f45568effe4564725702ddaa6b36113ee99fb9ad4c0fabca88ccdf06b3d76,train,train,x64,root,unified_mendeley
6638857a3bf187626b5e4878e10479ae5e4107dc786744f32d1e659955524b24,root__6638857a3bf187626b5e4878e10479ae5e4107dc786744f32d1e659955524b24,mendeley_goodware,0,file:6638857a3bf187626b5e4878e10479ae5e4107dc786744f32d1e659955524b24,train,train,x64,root,unified_mendeley
66497b018d3efe3e95422ac7c161247b358032ee33cc13c89502ace1c4a1f2fc,root__66497b018d3efe3e95422ac7c161247b358032ee33cc13c89502ace1c4a1f2fc,mendeley_goodware,0,file:66497b018d3efe3e95422ac7c161247b358032ee33cc13c89502ace1c4a1f2fc,val,train,x64,root,unified_mendeley
669e28e939116f4e8d8c27029d95da8d4813031870ba5573dde41bd7cf1d1e51,root__669e28e939116f4e8d8c27029d95da8d4813031870ba5573dde41bd7cf1d1e51,mendeley_goodware,0,file:669e28e939116f4e8d8c27029d95da8d4813031870ba5573dde41bd7cf1d1e51,test,test,x86,root,unified_mendeley
66bfd9498b55a6af8eca7c1def18f7d701a207742d43b36d4aac18a8f3da7ddc,root__66bfd9498b55a6af8eca7c1def18f7d701a207742d43b36d4aac18a8f3da7ddc,mendeley_goodware,0,file:66bfd9498b55a6af8eca7c1def18f7d701a207742d43b36d4aac18a8f3da7ddc,train,train,x86,root,unified_mendeley
671e99acd38fdab12a7937e8421c56ec3cad64eeb91f202189ccad57002aeeda,root__671e99acd38fdab12a7937e8421c56ec3cad64eeb91f202189ccad57002aeeda,mendeley_goodware,0,file:671e99acd38fdab12a7937e8421c56ec3cad64eeb91f202189ccad57002aeeda,train,train,x86,root,unified_mendeley
67247aa01f43e691febb1000da0df0ef50837bca39115f1c76e088f6e509952f,root__67247aa01f43e691febb1000da0df0ef50837bca39115f1c76e088f6e509952f,mendeley_goodware,0,file:67247aa01f43e691febb1000da0df0ef50837bca39115f1c76e088f6e509952f,train,train,x64,root,unified_mendeley
681d9d7a1793cf0bce7743f0edd2724691df270b80867477a5ec3217a57ae634,root__681d9d7a1793cf0bce7743f0edd2724691df270b80867477a5ec3217a57ae634,mendeley_goodware,0,file:681d9d7a1793cf0bce7743f0edd2724691df270b80867477a5ec3217a57ae634,train,train,x64,root,unified_mendeley
681ee181bc2908f47afb241247634ec222add04feeab8d1dbd8cd29ba0c0e768,root__681ee181bc2908f47afb241247634ec222add04feeab8d1dbd8cd29ba0c0e768,mendeley_goodware,0,file:681ee181bc2908f47afb241247634ec222add04feeab8d1dbd8cd29ba0c0e768,train,train,x64,root,unified_mendeley
6820988b6804a05c7fc2f674961275861163395c2d73f6ad4a450f49282cc735,root__6820988b6804a05c7fc2f674961275861163395c2d73f6ad4a450f49282cc735,mendeley_goodware,0,file:6820988b6804a05c7fc2f674961275861163395c2d73f6ad4a450f49282cc735,train,train,x64,root,unified_mendeley
684e7b6c1f01da2d50cddc2ea987b3adc835c1b588ab049042b4163ff1c8de54,root__684e7b6c1f01da2d50cddc2ea987b3adc835c1b588ab049042b4163ff1c8de54,mendeley_goodware,0,file:684e7b6c1f01da2d50cddc2ea987b3adc835c1b588ab049042b4163ff1c8de54,test,test,x86,root,unified_mendeley
6852fd7df69a0b9ecd5cc75096df7a2de1ae5d2aab7199b20a9474bec2bf1b12,root__6852fd7df69a0b9ecd5cc75096df7a2de1ae5d2aab7199b20a9474bec2bf1b12,mendeley_goodware,0,file:6852fd7df69a0b9ecd5cc75096df7a2de1ae5d2aab7199b20a9474bec2bf1b12,train,train,x86,root,unified_mendeley
685ad8a16cacb7109bb05bf91bcc3ad7edcedd96ea00e52136a01dd05ff4640e,root__685ad8a16cacb7109bb05bf91bcc3ad7edcedd96ea00e52136a01dd05ff4640e,mendeley_goodware,0,file:685ad8a16cacb7109bb05bf91bcc3ad7edcedd96ea00e52136a01dd05ff4640e,train,train,x86,root,unified_mendeley
68601caee437fdd4cc9c85ec4f10344e4e13fcfc1597656978b541042fc8beec,root__68601caee437fdd4cc9c85ec4f10344e4e13fcfc1597656978b541042fc8beec,mendeley_goodware,0,file:68601caee437fdd4cc9c85ec4f10344e4e13fcfc1597656978b541042fc8beec,train,train,x64,root,unified_mendeley
68654262029a6f62dee7f9d296a69a99dd6811c7aa6056de40ce34440d4513ce,root__68654262029a6f62dee7f9d296a69a99dd6811c7aa6056de40ce34440d4513ce,mendeley_goodware,0,file:68654262029a6f62dee7f9d296a69a99dd6811c7aa6056de40ce34440d4513ce,train,train,x86,root,unified_mendeley
686ea820f3bdf8da8a6b73dbca069c846896c5885b0193d23af2ca9d5f1d6d9b,root__686ea820f3bdf8da8a6b73dbca069c846896c5885b0193d23af2ca9d5f1d6d9b,mendeley_goodware,0,file:686ea820f3bdf8da8a6b73dbca069c846896c5885b0193d23af2ca9d5f1d6d9b,train,train,x86,root,unified_mendeley
688e4514367f2cc0bfaa789ef515afb4cbc0d3655d791d1090edc8a3b2a24c48,root__688e4514367f2cc0bfaa789ef515afb4cbc0d3655d791d1090edc8a3b2a24c48,mendeley_goodware,0,file:688e4514367f2cc0bfaa789ef515afb4cbc0d3655d791d1090edc8a3b2a24c48,test,test,x86,root,unified_mendeley
68a9f9df7ff13695d94e572aedf75e203d8bb7fa6ee4481c3017a3bff523563e,root__68a9f9df7ff13695d94e572aedf75e203d8bb7fa6ee4481c3017a3bff523563e,mendeley_goodware,0,file:68a9f9df7ff13695d94e572aedf75e203d8bb7fa6ee4481c3017a3bff523563e,train,train,x64,root,unified_mendeley
68c0d0cf9076650118dd276e00d3c2ea00869acf43923720c9748f5c109de285,root__68c0d0cf9076650118dd276e00d3c2ea00869acf43923720c9748f5c109de285,mendeley_goodware,0,file:68c0d0cf9076650118dd276e00d3c2ea00869acf43923720c9748f5c109de285,train,train,x64,root,unified_mendeley
68f48f49d269c6ee7ca86200f896004025165b000ccd8e4d0fc6e83725facb09,root__68f48f49d269c6ee7ca86200f896004025165b000ccd8e4d0fc6e83725facb09,mendeley_goodware,0,file:68f48f49d269c6ee7ca86200f896004025165b000ccd8e4d0fc6e83725facb09,test,test,x64,root,unified_mendeley
6903fa3d474347c150e8e61dbcf737b7a20c7022489a1f049cd90998ef2274ef,root__6903fa3d474347c150e8e61dbcf737b7a20c7022489a1f049cd90998ef2274ef,mendeley_goodware,0,file:6903fa3d474347c150e8e61dbcf737b7a20c7022489a1f049cd90998ef2274ef,val,train,x64,root,unified_mendeley
692c7a7a1a693ac5e49008292d2332cfa858c0aebdc945b05068f51af132c39b,root__692c7a7a1a693ac5e49008292d2332cfa858c0aebdc945b05068f51af132c39b,mendeley_goodware,0,file:692c7a7a1a693ac5e49008292d2332cfa858c0aebdc945b05068f51af132c39b,train,train,x86,root,unified_mendeley
6978a7d518e8b096070b854cb79176c6fcf18a7747f6d7efdc90e62aeb2d290c,root__6978a7d518e8b096070b854cb79176c6fcf18a7747f6d7efdc90e62aeb2d290c,mendeley_goodware,0,file:6978a7d518e8b096070b854cb79176c6fcf18a7747f6d7efdc90e62aeb2d290c,train,train,x86,root,unified_mendeley
69d8788e4b86d6643f17bdb06033faf97859d1ee25a8a68c4a032828f721ed20,root__69d8788e4b86d6643f17bdb06033faf97859d1ee25a8a68c4a032828f721ed20,mendeley_goodware,0,file:69d8788e4b86d6643f17bdb06033faf97859d1ee25a8a68c4a032828f721ed20,train,train,x86,root,unified_mendeley
69e1fa308f613185ffbdea6a8237569db8445d60c4633f21abf6cdb0ffe91eba,root__69e1fa308f613185ffbdea6a8237569db8445d60c4633f21abf6cdb0ffe91eba,mendeley_goodware,0,file:69e1fa308f613185ffbdea6a8237569db8445d60c4633f21abf6cdb0ffe91eba,train,train,x64,root,unified_mendeley
6a04d6ffc6b849b0c86cdabc5f2d5734b6d7dbb0440db100253a339701f5c87c,root__6a04d6ffc6b849b0c86cdabc5f2d5734b6d7dbb0440db100253a339701f5c87c,mendeley_goodware,0,file:6a04d6ffc6b849b0c86cdabc5f2d5734b6d7dbb0440db100253a339701f5c87c,train,train,x86,root,unified_mendeley
6a42c41b345f3f8a22e5f3658b4673abae612242acf12042ec5de4dee57a98d8,root__6a42c41b345f3f8a22e5f3658b4673abae612242acf12042ec5de4dee57a98d8,mendeley_goodware,0,file:6a42c41b345f3f8a22e5f3658b4673abae612242acf12042ec5de4dee57a98d8,train,train,x86,root,unified_mendeley
6a87c8f19275cec2457028bbe8b74343e4a6df2be9ea61e2d32220d2f9489f43,root__6a87c8f19275cec2457028bbe8b74343e4a6df2be9ea61e2d32220d2f9489f43,mendeley_goodware,0,file:6a87c8f19275cec2457028bbe8b74343e4a6df2be9ea61e2d32220d2f9489f43,val,train,x64,root,unified_mendeley
6ac1bb76543c10b5294aaf286132152757f90825efecb3c0066f5f2acc7aa1d7,root__6ac1bb76543c10b5294aaf286132152757f90825efecb3c0066f5f2acc7aa1d7,mendeley_goodware,0,file:6ac1bb76543c10b5294aaf286132152757f90825efecb3c0066f5f2acc7aa1d7,train,train,x64,root,unified_mendeley
6acd895e794fbaa1443ccfc8b9160824171f9dd6b6a872e85c810efad2388254,root__6acd895e794fbaa1443ccfc8b9160824171f9dd6b6a872e85c810efad2388254,mendeley_goodware,0,file:6acd895e794fbaa1443ccfc8b9160824171f9dd6b6a872e85c810efad2388254,test,test,x86,root,unified_mendeley
6ad4c8709495483139f91f2fdc27294650d56eb94a01c8ac45ff15aa51a89c6f,root__6ad4c8709495483139f91f2fdc27294650d56eb94a01c8ac45ff15aa51a89c6f,mendeley_goodware,0,file:6ad4c8709495483139f91f2fdc27294650d56eb94a01c8ac45ff15aa51a89c6f,val,train,x64,root,unified_mendeley
6b02d1305936151043755bc23a178ffc0f25fcc00b63abe3eb399e9511827f81,root__6b02d1305936151043755bc23a178ffc0f25fcc00b63abe3eb399e9511827f81,mendeley_goodware,0,file:6b02d1305936151043755bc23a178ffc0f25fcc00b63abe3eb399e9511827f81,train,train,x86,root,unified_mendeley
6b2eea8205fb9a603f49a638cfba45a0c32d71c8f26e9b10cb01050b42fd0bd8,root__6b2eea8205fb9a603f49a638cfba45a0c32d71c8f26e9b10cb01050b42fd0bd8,mendeley_goodware,0,file:6b2eea8205fb9a603f49a638cfba45a0c32d71c8f26e9b10cb01050b42fd0bd8,train,train,x64,root,unified_mendeley
6b4e6bb29538f24afcf8b823383b846d2d483d83b38c3f74902995de6e6679f8,root__6b4e6bb29538f24afcf8b823383b846d2d483d83b38c3f74902995de6e6679f8,mendeley_goodware,0,file:6b4e6bb29538f24afcf8b823383b846d2d483d83b38c3f74902995de6e6679f8,train,train,x86,root,unified_mendeley
6b6867040c45a9a1d02ee1fc66c8b5ae2ef5cc8cfae70ac5e11dd1ce1092ff95,root__6b6867040c45a9a1d02ee1fc66c8b5ae2ef5cc8cfae70ac5e11dd1ce1092ff95,mendeley_goodware,0,file:6b6867040c45a9a1d02ee1fc66c8b5ae2ef5cc8cfae70ac5e11dd1ce1092ff95,train,train,x86,root,unified_mendeley
6b7275e494800a3e9e0c388376951d2a90751baec531aa6c646b9f3984ee58f9,root__6b7275e494800a3e9e0c388376951d2a90751baec531aa6c646b9f3984ee58f9,mendeley_goodware,0,file:6b7275e494800a3e9e0c388376951d2a90751baec531aa6c646b9f3984ee58f9,train,train,x64,root,unified_mendeley
6b74bb2bfe0cda5617eac3a3eefccc9554186b098dc70da573b153af36525569,root__6b74bb2bfe0cda5617eac3a3eefccc9554186b098dc70da573b153af36525569,mendeley_goodware,0,file:6b74bb2bfe0cda5617eac3a3eefccc9554186b098dc70da573b153af36525569,val,train,x86,root,unified_mendeley
6bafeab61149af6a607d33c92b001b3798872bd2d6a37acfcd90226c980005f6,root__6bafeab61149af6a607d33c92b001b3798872bd2d6a37acfcd90226c980005f6,mendeley_goodware,0,file:6bafeab61149af6a607d33c92b001b3798872bd2d6a37acfcd90226c980005f6,train,train,x86,root,unified_mendeley
6c2c4f7c5e89ee2e4bc8186350226bde1e8cb77e0661e2519547cf3aa4c035bf,root__6c2c4f7c5e89ee2e4bc8186350226bde1e8cb77e0661e2519547cf3aa4c035bf,mendeley_goodware,0,file:6c2c4f7c5e89ee2e4bc8186350226bde1e8cb77e0661e2519547cf3aa4c035bf,train,train,x64,root,unified_mendeley
6ce1e6f41ff63b5d5b663447633da00bf87bbac5125e689ea3babefc8f981cc6,root__6ce1e6f41ff63b5d5b663447633da00bf87bbac5125e689ea3babefc8f981cc6,mendeley_goodware,0,file:6ce1e6f41ff63b5d5b663447633da00bf87bbac5125e689ea3babefc8f981cc6,train,train,x64,root,unified_mendeley
6cf9dbed273e35c0719ef691074ec6d84e6a89e5f9674120eec757a501e8564c,root__6cf9dbed273e35c0719ef691074ec6d84e6a89e5f9674120eec757a501e8564c,mendeley_goodware,0,file:6cf9dbed273e35c0719ef691074ec6d84e6a89e5f9674120eec757a501e8564c,train,train,x64,root,unified_mendeley
6d2c6ee1304b427729955f375cd2a632f44028f0423f5d1e80bcbbca600e5a63,root__6d2c6ee1304b427729955f375cd2a632f44028f0423f5d1e80bcbbca600e5a63,mendeley_goodware,0,file:6d2c6ee1304b427729955f375cd2a632f44028f0423f5d1e80bcbbca600e5a63,train,train,x86,root,unified_mendeley
6d42e1981e0b9d704351705b3f14e7e982766775ceda9d6a8ef15e9d7ec32f99,root__6d42e1981e0b9d704351705b3f14e7e982766775ceda9d6a8ef15e9d7ec32f99,mendeley_goodware,0,file:6d42e1981e0b9d704351705b3f14e7e982766775ceda9d6a8ef15e9d7ec32f99,train,train,x86,root,unified_mendeley
6d8c32ad2f8501e2935dfdd978e02b064dfde5ca3b344ace60153a749a48584e,root__6d8c32ad2f8501e2935dfdd978e02b064dfde5ca3b344ace60153a749a48584e,mendeley_goodware,0,file:6d8c32ad2f8501e2935dfdd978e02b064dfde5ca3b344ace60153a749a48584e,test,test,x86,root,unified_mendeley
6d9589a6db768b9eb658215059b9848b9de96dd8ea701be8a11f28e062684e20,root__6d9589a6db768b9eb658215059b9848b9de96dd8ea701be8a11f28e062684e20,mendeley_goodware,0,file:6d9589a6db768b9eb658215059b9848b9de96dd8ea701be8a11f28e062684e20,train,train,x64,root,unified_mendeley
6df9bbee22b10f164b6087f005bc0f7c8dc648ad68b80e62c48e1c0d18531a54,root__6df9bbee22b10f164b6087f005bc0f7c8dc648ad68b80e62c48e1c0d18531a54,mendeley_goodware,0,file:6df9bbee22b10f164b6087f005bc0f7c8dc648ad68b80e62c48e1c0d18531a54,train,train,x64,root,unified_mendeley
6e28c875bfa690d77cdc3fe2e9e1209ec9517034daede8bd28903e3fb6915d40,root__6e28c875bfa690d77cdc3fe2e9e1209ec9517034daede8bd28903e3fb6915d40,mendeley_goodware,0,file:6e28c875bfa690d77cdc3fe2e9e1209ec9517034daede8bd28903e3fb6915d40,train,train,x86,root,unified_mendeley
6e346773a3f393e5143842870f82db0dd6bb739a69501b5248592832ed53826a,root__6e346773a3f393e5143842870f82db0dd6bb739a69501b5248592832ed53826a,mendeley_goodware,0,file:6e346773a3f393e5143842870f82db0dd6bb739a69501b5248592832ed53826a,val,train,x64,root,unified_mendeley
6e369db1dbf7d749c9e88e730bea34ee06b53d2d35b958e1d038525cffbec52b,root__6e369db1dbf7d749c9e88e730bea34ee06b53d2d35b958e1d038525cffbec52b,mendeley_goodware,0,file:6e369db1dbf7d749c9e88e730bea34ee06b53d2d35b958e1d038525cffbec52b,train,train,x64,root,unified_mendeley
6e64aa0e02e0ea6acd0f2aa7970fab24dc30e14c6c64f936cd2075f99e715d46,root__6e64aa0e02e0ea6acd0f2aa7970fab24dc30e14c6c64f936cd2075f99e715d46,mendeley_goodware,0,file:6e64aa0e02e0ea6acd0f2aa7970fab24dc30e14c6c64f936cd2075f99e715d46,train,train,x64,root,unified_mendeley
6e667dbb373198b1bf4ffd8d0ca668f13d1b8b202dbd48d060eaaf7bd14033ed,root__6e667dbb373198b1bf4ffd8d0ca668f13d1b8b202dbd48d060eaaf7bd14033ed,mendeley_goodware,0,file:6e667dbb373198b1bf4ffd8d0ca668f13d1b8b202dbd48d060eaaf7bd14033ed,train,train,x64,root,unified_mendeley
6e80e7bd8fd4033397ca27e216f53d322613e4f5373d836e3f593100085c2f1d,root__6e80e7bd8fd4033397ca27e216f53d322613e4f5373d836e3f593100085c2f1d,mendeley_goodware,0,file:6e80e7bd8fd4033397ca27e216f53d322613e4f5373d836e3f593100085c2f1d,test,test,x86,root,unified_mendeley
6ea6cc9abfd2adf586c80e11d56c83b7f2906e564162b04ba68871f6dbceaf0d,root__6ea6cc9abfd2adf586c80e11d56c83b7f2906e564162b04ba68871f6dbceaf0d,mendeley_goodware,0,file:6ea6cc9abfd2adf586c80e11d56c83b7f2906e564162b04ba68871f6dbceaf0d,val,train,x86,root,unified_mendeley
6f1c2fd98615b9b0427abb5af0def53e3205b4a9e5eec008e2284e28e839b096,root__6f1c2fd98615b9b0427abb5af0def53e3205b4a9e5eec008e2284e28e839b096,mendeley_goodware,0,file:6f1c2fd98615b9b0427abb5af0def53e3205b4a9e5eec008e2284e28e839b096,train,train,x86,root,unified_mendeley
6f445101d7b70f76e310559158ea47655f90d4aee0f0e02a1764f16acc653422,root__6f445101d7b70f76e310559158ea47655f90d4aee0f0e02a1764f16acc653422,mendeley_goodware,0,file:6f445101d7b70f76e310559158ea47655f90d4aee0f0e02a1764f16acc653422,train,train,x86,root,unified_mendeley
6f6067fe2d9ff65bccd9fb974c57e6efe707756cbb672e839d01486b116985c2,root__6f6067fe2d9ff65bccd9fb974c57e6efe707756cbb672e839d01486b116985c2,mendeley_goodware,0,file:6f6067fe2d9ff65bccd9fb974c57e6efe707756cbb672e839d01486b116985c2,train,train,x86,root,unified_mendeley
6f928475e24f329dfd465d7b2411573b9824c317c704708e077f4732e58d0153,root__6f928475e24f329dfd465d7b2411573b9824c317c704708e077f4732e58d0153,mendeley_goodware,0,file:6f928475e24f329dfd465d7b2411573b9824c317c704708e077f4732e58d0153,train,train,x86,root,unified_mendeley
6fe68e81da381f3bd1852e18d9223f73d453dd08a9c076b10c3852a1381d802e,root__6fe68e81da381f3bd1852e18d9223f73d453dd08a9c076b10c3852a1381d802e,mendeley_goodware,0,file:6fe68e81da381f3bd1852e18d9223f73d453dd08a9c076b10c3852a1381d802e,train,train,x86,root,unified_mendeley
6fe8c19cbeeb97935af77512b176a25a9cd92e20a1ab98f1d357b9971bc04cc8,root__6fe8c19cbeeb97935af77512b176a25a9cd92e20a1ab98f1d357b9971bc04cc8,mendeley_goodware,0,file:6fe8c19cbeeb97935af77512b176a25a9cd92e20a1ab98f1d357b9971bc04cc8,train,train,x64,root,unified_mendeley
70482716fd2273aa00f2f5428945a47c4aa6f3a1f5fc4355bb241b165f6a98f3,root__70482716fd2273aa00f2f5428945a47c4aa6f3a1f5fc4355bb241b165f6a98f3,mendeley_goodware,0,file:70482716fd2273aa00f2f5428945a47c4aa6f3a1f5fc4355bb241b165f6a98f3,train,train,x86,root,unified_mendeley
708dceedc93b0da05583e0320fbd36b952e1dba1f5c896ccac2fbf1ba0d86c17,root__708dceedc93b0da05583e0320fbd36b952e1dba1f5c896ccac2fbf1ba0d86c17,mendeley_goodware,0,file:708dceedc93b0da05583e0320fbd36b952e1dba1f5c896ccac2fbf1ba0d86c17,train,train,x86,root,unified_mendeley
70aaf2b367b97fa35d599a6db4d08875206ef18c99d8c8c5b5f25e4f5509931a,root__70aaf2b367b97fa35d599a6db4d08875206ef18c99d8c8c5b5f25e4f5509931a,mendeley_goodware,0,file:70aaf2b367b97fa35d599a6db4d08875206ef18c99d8c8c5b5f25e4f5509931a,train,train,x86,root,unified_mendeley
714bc26da9cd95e6268a6a01af211d76de86dc7f2918630e69695d3944b11b12,root__714bc26da9cd95e6268a6a01af211d76de86dc7f2918630e69695d3944b11b12,mendeley_goodware,0,file:714bc26da9cd95e6268a6a01af211d76de86dc7f2918630e69695d3944b11b12,train,train,x64,root,unified_mendeley
714fa4bb546f7ffff41818f39d97ca4915efc7b0751976463c5ab5ad917f409f,root__714fa4bb546f7ffff41818f39d97ca4915efc7b0751976463c5ab5ad917f409f,mendeley_goodware,0,file:714fa4bb546f7ffff41818f39d97ca4915efc7b0751976463c5ab5ad917f409f,train,train,x64,root,unified_mendeley
7160db2b7a6680480e64f0845512d203a575f807831faf9a652aaef0988f876c,root__7160db2b7a6680480e64f0845512d203a575f807831faf9a652aaef0988f876c,mendeley_goodware,0,file:7160db2b7a6680480e64f0845512d203a575f807831faf9a652aaef0988f876c,train,train,x64,root,unified_mendeley
71b5f4aa8d12dd4b7982b2d5607cb9b5f40c7e7676dc36f2aeeb482561117251,root__71b5f4aa8d12dd4b7982b2d5607cb9b5f40c7e7676dc36f2aeeb482561117251,mendeley_goodware,0,file:71b5f4aa8d12dd4b7982b2d5607cb9b5f40c7e7676dc36f2aeeb482561117251,train,train,x64,root,unified_mendeley
71de854321ef0bc934efcde0511b6eb9b7ac978f711cf57e5ccbfd662a1a9160,root__71de854321ef0bc934efcde0511b6eb9b7ac978f711cf57e5ccbfd662a1a9160,mendeley_goodware,0,file:71de854321ef0bc934efcde0511b6eb9b7ac978f711cf57e5ccbfd662a1a9160,train,train,x86,root,unified_mendeley
71ef84a9a310e34483ce3d40d805743f2d59de1d3adad3f1639a6cfdaae08efd,root__71ef84a9a310e34483ce3d40d805743f2d59de1d3adad3f1639a6cfdaae08efd,mendeley_goodware,0,file:71ef84a9a310e34483ce3d40d805743f2d59de1d3adad3f1639a6cfdaae08efd,train,train,x64,root,unified_mendeley
721c14e332532b2f2abe1dcb8954c96d882525837b8468da9da26710292928fd,root__721c14e332532b2f2abe1dcb8954c96d882525837b8468da9da26710292928fd,mendeley_goodware,0,file:721c14e332532b2f2abe1dcb8954c96d882525837b8468da9da26710292928fd,train,train,x64,root,unified_mendeley
722edc97aeb8c19c6b07b5928dd13a1da42d95704b865cbbecf535336936e689,root__722edc97aeb8c19c6b07b5928dd13a1da42d95704b865cbbecf535336936e689,mendeley_goodware,0,file:722edc97aeb8c19c6b07b5928dd13a1da42d95704b865cbbecf535336936e689,train,train,x64,root,unified_mendeley
7254ae6958f1d4159d3683898c5609faf37852c3f7a58722a2a4c82172443374,root__7254ae6958f1d4159d3683898c5609faf37852c3f7a58722a2a4c82172443374,mendeley_goodware,0,file:7254ae6958f1d4159d3683898c5609faf37852c3f7a58722a2a4c82172443374,test,test,x86,root,unified_mendeley
72900a86f3bed7570aa708657a76dd76bb80b68db543d303da401ac6983e39ce,root__72900a86f3bed7570aa708657a76dd76bb80b68db543d303da401ac6983e39ce,mendeley_goodware,0,file:72900a86f3bed7570aa708657a76dd76bb80b68db543d303da401ac6983e39ce,train,train,x86,root,unified_mendeley
72bf239d274e0e91aa8972f5fe5cbaac40fcb93ba452c38a7c79954f03a0a43f,root__72bf239d274e0e91aa8972f5fe5cbaac40fcb93ba452c38a7c79954f03a0a43f,mendeley_goodware,0,file:72bf239d274e0e91aa8972f5fe5cbaac40fcb93ba452c38a7c79954f03a0a43f,train,train,x86,root,unified_mendeley
730ccb3ef2cd574c4483547d3b2802ec8c328c9a30ebc8a0338498039966ccb8,root__730ccb3ef2cd574c4483547d3b2802ec8c328c9a30ebc8a0338498039966ccb8,mendeley_goodware,0,file:730ccb3ef2cd574c4483547d3b2802ec8c328c9a30ebc8a0338498039966ccb8,train,train,x86,root,unified_mendeley
7345d6ff5c72d2982b4c34e497d27cfe078832d4c15e483c6a3bfe728f0680a7,root__7345d6ff5c72d2982b4c34e497d27cfe078832d4c15e483c6a3bfe728f0680a7,mendeley_goodware,0,file:7345d6ff5c72d2982b4c34e497d27cfe078832d4c15e483c6a3bfe728f0680a7,train,train,x64,root,unified_mendeley
734a3636cf6a00686da684aa5cef3705caf5696c3749210b6b02ab91f6fa5a46,root__734a3636cf6a00686da684aa5cef3705caf5696c3749210b6b02ab91f6fa5a46,mendeley_goodware,0,file:734a3636cf6a00686da684aa5cef3705caf5696c3749210b6b02ab91f6fa5a46,train,train,x86,root,unified_mendeley
7357e786c047e96f887d669540e53fe3e96ac3c638eae10641d4cbc22d66d1f1,root__7357e786c047e96f887d669540e53fe3e96ac3c638eae10641d4cbc22d66d1f1,mendeley_goodware,0,file:7357e786c047e96f887d669540e53fe3e96ac3c638eae10641d4cbc22d66d1f1,train,train,x86,root,unified_mendeley
7442c2ad1eb752832fb6d4f6ad0e66c8163a055d27ccf894f65adb8441d4f2d2,root__7442c2ad1eb752832fb6d4f6ad0e66c8163a055d27ccf894f65adb8441d4f2d2,mendeley_goodware,0,file:7442c2ad1eb752832fb6d4f6ad0e66c8163a055d27ccf894f65adb8441d4f2d2,val,train,x86,root,unified_mendeley
74604d9f365c5a4648508cdb314da7b78e172adb29c1ffafa63ffa9b20057ec3,root__74604d9f365c5a4648508cdb314da7b78e172adb29c1ffafa63ffa9b20057ec3,mendeley_goodware,0,file:74604d9f365c5a4648508cdb314da7b78e172adb29c1ffafa63ffa9b20057ec3,test,test,x86,root,unified_mendeley
746d9e5c6208a3854d4fb19fa3dfe691741a0a02b6e142916927749dcdbf4539,root__746d9e5c6208a3854d4fb19fa3dfe691741a0a02b6e142916927749dcdbf4539,mendeley_goodware,0,file:746d9e5c6208a3854d4fb19fa3dfe691741a0a02b6e142916927749dcdbf4539,train,train,x64,root,unified_mendeley
74f5b521d214d9dbbdfbb46f2124b87b9585098ac68a23c6ff101055e7a1c3b3,root__74f5b521d214d9dbbdfbb46f2124b87b9585098ac68a23c6ff101055e7a1c3b3,mendeley_goodware,0,file:74f5b521d214d9dbbdfbb46f2124b87b9585098ac68a23c6ff101055e7a1c3b3,train,train,x86,root,unified_mendeley
758bc1f2f542731f09368904e1ceb240a8ada6abded95a2295fb84e758055c87,root__758bc1f2f542731f09368904e1ceb240a8ada6abded95a2295fb84e758055c87,mendeley_goodware,0,file:758bc1f2f542731f09368904e1ceb240a8ada6abded95a2295fb84e758055c87,val,train,x64,root,unified_mendeley
758d9e687dc94a11cee15e4d415fb619c64e854a6d642e42cb83f4838e4e4c4f,root__758d9e687dc94a11cee15e4d415fb619c64e854a6d642e42cb83f4838e4e4c4f,mendeley_goodware,0,file:758d9e687dc94a11cee15e4d415fb619c64e854a6d642e42cb83f4838e4e4c4f,train,train,x64,root,unified_mendeley
7651a9e5721c2fcee4c34a253062914ab93c7b3b415d313658b058aed4f2fde2,root__7651a9e5721c2fcee4c34a253062914ab93c7b3b415d313658b058aed4f2fde2,mendeley_goodware,0,file:7651a9e5721c2fcee4c34a253062914ab93c7b3b415d313658b058aed4f2fde2,train,train,x64,root,unified_mendeley
76c62b0dc6d0eec97ce4af5dbf7658c6025147ef73653c8e0ce33c15cf4d8570,root__76c62b0dc6d0eec97ce4af5dbf7658c6025147ef73653c8e0ce33c15cf4d8570,mendeley_goodware,0,file:76c62b0dc6d0eec97ce4af5dbf7658c6025147ef73653c8e0ce33c15cf4d8570,train,train,x86,root,unified_mendeley
76d84d58e52d3679a13ec9666d56e70885ed349af522baca4eeaf23433261e34,root__76d84d58e52d3679a13ec9666d56e70885ed349af522baca4eeaf23433261e34,mendeley_goodware,0,file:76d84d58e52d3679a13ec9666d56e70885ed349af522baca4eeaf23433261e34,train,train,x64,root,unified_mendeley
76ef4a2185d473cd99079c756bf17d8c78826d234359d80ccbfe4e9f10c95e99,root__76ef4a2185d473cd99079c756bf17d8c78826d234359d80ccbfe4e9f10c95e99,mendeley_goodware,0,file:76ef4a2185d473cd99079c756bf17d8c78826d234359d80ccbfe4e9f10c95e99,train,train,x64,root,unified_mendeley
77264f41c4107b9c7e9abc32e82cf0f6097f16902de096f32bdd0ec298c07ad2,root__77264f41c4107b9c7e9abc32e82cf0f6097f16902de096f32bdd0ec298c07ad2,mendeley_goodware,0,file:77264f41c4107b9c7e9abc32e82cf0f6097f16902de096f32bdd0ec298c07ad2,train,train,x64,root,unified_mendeley
7747b7a25a6589b061a8c5e54107392cd3f494a5065f3abac77e6f60ea349cc0,root__7747b7a25a6589b061a8c5e54107392cd3f494a5065f3abac77e6f60ea349cc0,mendeley_goodware,0,file:7747b7a25a6589b061a8c5e54107392cd3f494a5065f3abac77e6f60ea349cc0,train,train,x86,root,unified_mendeley
776501b9c220b910503be488126970e5d5159afa543706b528b8a0737184ef9e,root__776501b9c220b910503be488126970e5d5159afa543706b528b8a0737184ef9e,mendeley_goodware,0,file:776501b9c220b910503be488126970e5d5159afa543706b528b8a0737184ef9e,train,train,x64,root,unified_mendeley
7825146856defe9d7d240585117330a3d6b3bc8e4023ffa94c351cde6feb2f39,root__7825146856defe9d7d240585117330a3d6b3bc8e4023ffa94c351cde6feb2f39,mendeley_goodware,0,file:7825146856defe9d7d240585117330a3d6b3bc8e4023ffa94c351cde6feb2f39,train,train,x86,root,unified_mendeley
78a53c3a37b03db2824fbe314ba6f9a5d4a0afaefa5163bbbcaa6c878aab3b30,root__78a53c3a37b03db2824fbe314ba6f9a5d4a0afaefa5163bbbcaa6c878aab3b30,mendeley_goodware,0,file:78a53c3a37b03db2824fbe314ba6f9a5d4a0afaefa5163bbbcaa6c878aab3b30,train,train,x86,root,unified_mendeley
78b8d920926ebcc685865a5ac91f21ed40889d538dde6a4092764f44d7c015f4,root__78b8d920926ebcc685865a5ac91f21ed40889d538dde6a4092764f44d7c015f4,mendeley_goodware,0,file:78b8d920926ebcc685865a5ac91f21ed40889d538dde6a4092764f44d7c015f4,train,train,x86,root,unified_mendeley
78defb3da5896a26cb05090ae0e9945027a206215f97b4ce5dac9dea9469767b,root__78defb3da5896a26cb05090ae0e9945027a206215f97b4ce5dac9dea9469767b,mendeley_goodware,0,file:78defb3da5896a26cb05090ae0e9945027a206215f97b4ce5dac9dea9469767b,train,train,x86,root,unified_mendeley
79210132e336dd6b885e3a74fb6b916a5bbdaa75fbe10108e8a6287c2f92459f,root__79210132e336dd6b885e3a74fb6b916a5bbdaa75fbe10108e8a6287c2f92459f,mendeley_goodware,0,file:79210132e336dd6b885e3a74fb6b916a5bbdaa75fbe10108e8a6287c2f92459f,train,train,x86,root,unified_mendeley
7994237531700a8fae449ac3c38176e5220d167f4053466c1343f400b6af2d47,root__7994237531700a8fae449ac3c38176e5220d167f4053466c1343f400b6af2d47,mendeley_goodware,0,file:7994237531700a8fae449ac3c38176e5220d167f4053466c1343f400b6af2d47,train,train,x64,root,unified_mendeley
79c03e83b42e3c0402680b47a2493c3c506e2d212062859bd7c4ebaca46f3ad5,root__79c03e83b42e3c0402680b47a2493c3c506e2d212062859bd7c4ebaca46f3ad5,mendeley_goodware,0,file:79c03e83b42e3c0402680b47a2493c3c506e2d212062859bd7c4ebaca46f3ad5,train,train,x64,root,unified_mendeley
79cccf88dd152c2ab8be92bc8b835cda56728d381be3617042620b0a5cd9308b,root__79cccf88dd152c2ab8be92bc8b835cda56728d381be3617042620b0a5cd9308b,mendeley_goodware,0,file:79cccf88dd152c2ab8be92bc8b835cda56728d381be3617042620b0a5cd9308b,train,train,x86,root,unified_mendeley
7abaa3b7753d4bf42ba4d828a5641f7f74a2dfe3a853ce017b8af1e9b5c46f02,root__7abaa3b7753d4bf42ba4d828a5641f7f74a2dfe3a853ce017b8af1e9b5c46f02,mendeley_goodware,0,file:7abaa3b7753d4bf42ba4d828a5641f7f74a2dfe3a853ce017b8af1e9b5c46f02,train,train,x86,root,unified_mendeley
7b5583bfa1184142ecba28948b5dd2083a09c5d262841cea7b5aee9695293413,root__7b5583bfa1184142ecba28948b5dd2083a09c5d262841cea7b5aee9695293413,mendeley_goodware,0,file:7b5583bfa1184142ecba28948b5dd2083a09c5d262841cea7b5aee9695293413,train,train,x64,root,unified_mendeley
7b913b7d5d0dbd99a038b71d00454fc18789bd0096996da72344e8edbbcf62f5,root__7b913b7d5d0dbd99a038b71d00454fc18789bd0096996da72344e8edbbcf62f5,mendeley_goodware,0,file:7b913b7d5d0dbd99a038b71d00454fc18789bd0096996da72344e8edbbcf62f5,train,train,x86,root,unified_mendeley
7c0b13d17fab5ea169b9c637c604b71503f86728c03d27c1ab81a18f8caae391,root__7c0b13d17fab5ea169b9c637c604b71503f86728c03d27c1ab81a18f8caae391,mendeley_goodware,0,file:7c0b13d17fab5ea169b9c637c604b71503f86728c03d27c1ab81a18f8caae391,train,train,x86,root,unified_mendeley
7c1ee5bbfc1e54f1dc6e883e83b571bb7bb955f032bd58388f0d71730a0e5cdf,root__7c1ee5bbfc1e54f1dc6e883e83b571bb7bb955f032bd58388f0d71730a0e5cdf,mendeley_goodware,0,file:7c1ee5bbfc1e54f1dc6e883e83b571bb7bb955f032bd58388f0d71730a0e5cdf,train,train,x86,root,unified_mendeley
7c2fde2638780cf0e81b7ffda6dbb57108498f85d944168b0884aa1e300bb53d,root__7c2fde2638780cf0e81b7ffda6dbb57108498f85d944168b0884aa1e300bb53d,mendeley_goodware,0,file:7c2fde2638780cf0e81b7ffda6dbb57108498f85d944168b0884aa1e300bb53d,train,train,x86,root,unified_mendeley
7ce0d1716206ea262eac237edfad7c98cc0c73ecaddb5f0c307330190a44c5b1,root__7ce0d1716206ea262eac237edfad7c98cc0c73ecaddb5f0c307330190a44c5b1,mendeley_goodware,0,file:7ce0d1716206ea262eac237edfad7c98cc0c73ecaddb5f0c307330190a44c5b1,train,train,x86,root,unified_mendeley
7ce434a8ebe13ea6088e6fcc8eba6c553afae427569010c2fe52308c1e9e6fb1,root__7ce434a8ebe13ea6088e6fcc8eba6c553afae427569010c2fe52308c1e9e6fb1,mendeley_goodware,0,file:7ce434a8ebe13ea6088e6fcc8eba6c553afae427569010c2fe52308c1e9e6fb1,train,train,x64,root,unified_mendeley
7d23eb4f5b2cd52d69a5113c78a6f64da6106cc96a1dda42cacbe426b1217584,root__7d23eb4f5b2cd52d69a5113c78a6f64da6106cc96a1dda42cacbe426b1217584,mendeley_goodware,0,file:7d23eb4f5b2cd52d69a5113c78a6f64da6106cc96a1dda42cacbe426b1217584,train,train,x86,root,unified_mendeley
7d4c3d063e8da3250b94a3c81edad89ed3ac218228ea177c3576590a42d027b6,root__7d4c3d063e8da3250b94a3c81edad89ed3ac218228ea177c3576590a42d027b6,mendeley_goodware,0,file:7d4c3d063e8da3250b94a3c81edad89ed3ac218228ea177c3576590a42d027b6,train,train,x64,root,unified_mendeley
7deea9dffb0573e7e0b0a1c5eae9f4f6416d969283c10f77f6c70bc1430d3c22,root__7deea9dffb0573e7e0b0a1c5eae9f4f6416d969283c10f77f6c70bc1430d3c22,mendeley_goodware,0,file:7deea9dffb0573e7e0b0a1c5eae9f4f6416d969283c10f77f6c70bc1430d3c22,test,test,x86,root,unified_mendeley
7e1065bd659f3403d2655e5e5a459996f2ea742459a0ca6f866edd3d90276802,root__7e1065bd659f3403d2655e5e5a459996f2ea742459a0ca6f866edd3d90276802,mendeley_goodware,0,file:7e1065bd659f3403d2655e5e5a459996f2ea742459a0ca6f866edd3d90276802,train,train,x64,root,unified_mendeley
7e125b3af9e9bc1faf52c24e5e0a4e287d362ec07af491fa8d7f27609befbe43,root__7e125b3af9e9bc1faf52c24e5e0a4e287d362ec07af491fa8d7f27609befbe43,mendeley_goodware,0,file:7e125b3af9e9bc1faf52c24e5e0a4e287d362ec07af491fa8d7f27609befbe43,train,train,x86,root,unified_mendeley
7e5d13c4b13be142da676fa5f533aa92d12f7c66ac04ec26066c271326b789e7,root__7e5d13c4b13be142da676fa5f533aa92d12f7c66ac04ec26066c271326b789e7,mendeley_goodware,0,file:7e5d13c4b13be142da676fa5f533aa92d12f7c66ac04ec26066c271326b789e7,train,train,x64,root,unified_mendeley
7ea5d41e6b070cb440690d426d7a2d89d11432ef3ddc9200752ade9819d1c06b,root__7ea5d41e6b070cb440690d426d7a2d89d11432ef3ddc9200752ade9819d1c06b,mendeley_goodware,0,file:7ea5d41e6b070cb440690d426d7a2d89d11432ef3ddc9200752ade9819d1c06b,test,test,x86,root,unified_mendeley
7edeeea5741eff81baf814c72eb0d02de1c6461a62676ea301e2ad99d048f123,root__7edeeea5741eff81baf814c72eb0d02de1c6461a62676ea301e2ad99d048f123,mendeley_goodware,0,file:7edeeea5741eff81baf814c72eb0d02de1c6461a62676ea301e2ad99d048f123,train,train,x86,root,unified_mendeley
7ee7a6fb1bdd972502d1eb23b7bd471a66cad63ca3b57d787a173fb290808eb6,root__7ee7a6fb1bdd972502d1eb23b7bd471a66cad63ca3b57d787a173fb290808eb6,mendeley_goodware,0,file:7ee7a6fb1bdd972502d1eb23b7bd471a66cad63ca3b57d787a173fb290808eb6,train,train,x64,root,unified_mendeley
7f239aaac50f44d90a1fe427fb6711052e83e3ab3a6d4d0ededc9ec345ce7351,root__7f239aaac50f44d90a1fe427fb6711052e83e3ab3a6d4d0ededc9ec345ce7351,mendeley_goodware,0,file:7f239aaac50f44d90a1fe427fb6711052e83e3ab3a6d4d0ededc9ec345ce7351,train,train,x86,root,unified_mendeley
7f2c546ab66aa9aed47eead71170bda9db6d5ecd6cfdc0ce0a7bc80b92d157e8,root__7f2c546ab66aa9aed47eead71170bda9db6d5ecd6cfdc0ce0a7bc80b92d157e8,mendeley_goodware,0,file:7f2c546ab66aa9aed47eead71170bda9db6d5ecd6cfdc0ce0a7bc80b92d157e8,train,train,x86,root,unified_mendeley
7f2f046ad83e7ac41f4a5f9319ab3564bac0c91f36c042d08be2b298bf3f8292,root__7f2f046ad83e7ac41f4a5f9319ab3564bac0c91f36c042d08be2b298bf3f8292,mendeley_goodware,0,file:7f2f046ad83e7ac41f4a5f9319ab3564bac0c91f36c042d08be2b298bf3f8292,train,train,x64,root,unified_mendeley
7f5137d52afbfd12f0eaca9b7b0f3b4b6d66d99c610f2335364ac59944112d98,root__7f5137d52afbfd12f0eaca9b7b0f3b4b6d66d99c610f2335364ac59944112d98,mendeley_goodware,0,file:7f5137d52afbfd12f0eaca9b7b0f3b4b6d66d99c610f2335364ac59944112d98,train,train,x86,root,unified_mendeley
7f7fae31cf7b8b04112f746c27b51bb37f3dccef08e5459ab65cbe0f44a146b5,root__7f7fae31cf7b8b04112f746c27b51bb37f3dccef08e5459ab65cbe0f44a146b5,mendeley_goodware,0,file:7f7fae31cf7b8b04112f746c27b51bb37f3dccef08e5459ab65cbe0f44a146b5,train,train,x64,root,unified_mendeley
7f9304a0b0492f3e18c46ea4d17ee1323b9ab27ee584ff4f25487f1d04820a6e,root__7f9304a0b0492f3e18c46ea4d17ee1323b9ab27ee584ff4f25487f1d04820a6e,mendeley_goodware,0,file:7f9304a0b0492f3e18c46ea4d17ee1323b9ab27ee584ff4f25487f1d04820a6e,train,train,x86,root,unified_mendeley
7fb56536d846405d6b9be71bc8bc485e01b54aa336ac9a6be47adfe7410d2b2c,root__7fb56536d846405d6b9be71bc8bc485e01b54aa336ac9a6be47adfe7410d2b2c,mendeley_goodware,0,file:7fb56536d846405d6b9be71bc8bc485e01b54aa336ac9a6be47adfe7410d2b2c,train,train,x64,root,unified_mendeley
800cfdb1883b3a4c3ae46aa9cdad81ad792d5bfa504827ef5696ec0b21907e9a,root__800cfdb1883b3a4c3ae46aa9cdad81ad792d5bfa504827ef5696ec0b21907e9a,mendeley_goodware,0,file:800cfdb1883b3a4c3ae46aa9cdad81ad792d5bfa504827ef5696ec0b21907e9a,train,train,x64,root,unified_mendeley
801dd9b98f263862e076461217fc2c774aa514e5482d0ea0acce6ed31bb4731b,root__801dd9b98f263862e076461217fc2c774aa514e5482d0ea0acce6ed31bb4731b,mendeley_goodware,0,file:801dd9b98f263862e076461217fc2c774aa514e5482d0ea0acce6ed31bb4731b,train,train,x64,root,unified_mendeley
805b4fbf4243d7426441da9aedf6e0f8be1cf31f7c412f5d31950c6f058c9ce7,root__805b4fbf4243d7426441da9aedf6e0f8be1cf31f7c412f5d31950c6f058c9ce7,mendeley_goodware,0,file:805b4fbf4243d7426441da9aedf6e0f8be1cf31f7c412f5d31950c6f058c9ce7,train,train,x64,root,unified_mendeley
8095d4d7726438f8665e00c1a405ab94db6358dc14740783795cf8617a64f19e,root__8095d4d7726438f8665e00c1a405ab94db6358dc14740783795cf8617a64f19e,mendeley_goodware,0,file:8095d4d7726438f8665e00c1a405ab94db6358dc14740783795cf8617a64f19e,train,train,x64,root,unified_mendeley
80a8911bd52933500d8f2e554e7cf0954c250df13d151d080011c2be3a5aff68,root__80a8911bd52933500d8f2e554e7cf0954c250df13d151d080011c2be3a5aff68,mendeley_goodware,0,file:80a8911bd52933500d8f2e554e7cf0954c250df13d151d080011c2be3a5aff68,train,train,x86,root,unified_mendeley
80e5b10cc8083f9da2a77430d6289906213929f99173dfa9d407405dedceeae1,root__80e5b10cc8083f9da2a77430d6289906213929f99173dfa9d407405dedceeae1,mendeley_goodware,0,file:80e5b10cc8083f9da2a77430d6289906213929f99173dfa9d407405dedceeae1,train,train,x64,root,unified_mendeley
81271f14f316a69d455e7e17bd5279bd742d634c734cc17aa306d8e2302288ff,root__81271f14f316a69d455e7e17bd5279bd742d634c734cc17aa306d8e2302288ff,mendeley_goodware,0,file:81271f14f316a69d455e7e17bd5279bd742d634c734cc17aa306d8e2302288ff,test,test,x86,root,unified_mendeley
813d0279efbf3bbed7deb6fc994ccf091eeba2ea5a516ca4759e9b748f4e0118,root__813d0279efbf3bbed7deb6fc994ccf091eeba2ea5a516ca4759e9b748f4e0118,mendeley_goodware,0,file:813d0279efbf3bbed7deb6fc994ccf091eeba2ea5a516ca4759e9b748f4e0118,train,train,x86,root,unified_mendeley
816d7616238958dfe0bb811a063eb3102efd82eff14408f5cab4cb5258bfd019,root__816d7616238958dfe0bb811a063eb3102efd82eff14408f5cab4cb5258bfd019,mendeley_goodware,0,file:816d7616238958dfe0bb811a063eb3102efd82eff14408f5cab4cb5258bfd019,val,train,x86,root,unified_mendeley
818c9a805968969964b75275772718e99f78a20a13f9b63e4bf9ffcf76e0b77c,root__818c9a805968969964b75275772718e99f78a20a13f9b63e4bf9ffcf76e0b77c,mendeley_goodware,0,file:818c9a805968969964b75275772718e99f78a20a13f9b63e4bf9ffcf76e0b77c,train,train,x86,root,unified_mendeley
81b5bbaa76411a13187e12d7a4d7671a3479e328ed525c45583d856ab709c506,root__81b5bbaa76411a13187e12d7a4d7671a3479e328ed525c45583d856ab709c506,mendeley_goodware,0,file:81b5bbaa76411a13187e12d7a4d7671a3479e328ed525c45583d856ab709c506,train,train,x86,root,unified_mendeley
81ca60464f7e079a3f3411968cfea5eade8085a5b96ef46621e07319dc404f1e,root__81ca60464f7e079a3f3411968cfea5eade8085a5b96ef46621e07319dc404f1e,mendeley_goodware,0,file:81ca60464f7e079a3f3411968cfea5eade8085a5b96ef46621e07319dc404f1e,train,train,x86,root,unified_mendeley
81cfb6946e0ec7bebe065c1c1bc685ee3ab051836b812749760a68c7db794944,root__81cfb6946e0ec7bebe065c1c1bc685ee3ab051836b812749760a68c7db794944,mendeley_goodware,0,file:81cfb6946e0ec7bebe065c1c1bc685ee3ab051836b812749760a68c7db794944,train,train,x64,root,unified_mendeley
81e6d6cb7a0f50f5bc331fd2af48a90f2dcee9ff7ef4f1abe0b87866f7837985,root__81e6d6cb7a0f50f5bc331fd2af48a90f2dcee9ff7ef4f1abe0b87866f7837985,mendeley_goodware,0,file:81e6d6cb7a0f50f5bc331fd2af48a90f2dcee9ff7ef4f1abe0b87866f7837985,train,train,x86,root,unified_mendeley
81f85a88dd1829663d5e748ca95709eff5328444bbdb2c888f85124d939f6899,root__81f85a88dd1829663d5e748ca95709eff5328444bbdb2c888f85124d939f6899,mendeley_goodware,0,file:81f85a88dd1829663d5e748ca95709eff5328444bbdb2c888f85124d939f6899,train,train,x64,root,unified_mendeley
824e43f05c9bbdb033095021357977957b59875f330a8a2970c535361a87d1a3,root__824e43f05c9bbdb033095021357977957b59875f330a8a2970c535361a87d1a3,mendeley_goodware,0,file:824e43f05c9bbdb033095021357977957b59875f330a8a2970c535361a87d1a3,train,train,x86,root,unified_mendeley
826075cd67d0b9e552813f6770a28b93e69110b72d1cab2b2cbac6143a055f19,root__826075cd67d0b9e552813f6770a28b93e69110b72d1cab2b2cbac6143a055f19,mendeley_goodware,0,file:826075cd67d0b9e552813f6770a28b93e69110b72d1cab2b2cbac6143a055f19,train,train,x86,root,unified_mendeley
82984508d7814caf0e73d70aba19359297cf23a53ff1ac891bcb84b803321858,root__82984508d7814caf0e73d70aba19359297cf23a53ff1ac891bcb84b803321858,mendeley_goodware,0,file:82984508d7814caf0e73d70aba19359297cf23a53ff1ac891bcb84b803321858,train,train,x86,root,unified_mendeley
83111b6e62952bf164f25f3c2ba39d4e5d23486e2f059c1052643882407a1bbf,root__83111b6e62952bf164f25f3c2ba39d4e5d23486e2f059c1052643882407a1bbf,mendeley_goodware,0,file:83111b6e62952bf164f25f3c2ba39d4e5d23486e2f059c1052643882407a1bbf,train,train,x64,root,unified_mendeley
8323c8291c5008d0cab7a6a0845d3222091c594342fa148106aac9c8eb2287b0,root__8323c8291c5008d0cab7a6a0845d3222091c594342fa148106aac9c8eb2287b0,mendeley_goodware,0,file:8323c8291c5008d0cab7a6a0845d3222091c594342fa148106aac9c8eb2287b0,train,train,x86,root,unified_mendeley
837115f05f375b2506c57fc917c21905b46679126035113d38a60dce9b5b675f,root__837115f05f375b2506c57fc917c21905b46679126035113d38a60dce9b5b675f,mendeley_goodware,0,file:837115f05f375b2506c57fc917c21905b46679126035113d38a60dce9b5b675f,train,train,x86,root,unified_mendeley
837c16c1ca64e6db32421fc56efbd80bfca8e9c8888e9240ab859c43adac1442,root__837c16c1ca64e6db32421fc56efbd80bfca8e9c8888e9240ab859c43adac1442,mendeley_goodware,0,file:837c16c1ca64e6db32421fc56efbd80bfca8e9c8888e9240ab859c43adac1442,val,train,x86,root,unified_mendeley
83b0c43da684f0b658deda684866092c3fbb450060cf59f439b4c2da4ec974ab,root__83b0c43da684f0b658deda684866092c3fbb450060cf59f439b4c2da4ec974ab,mendeley_goodware,0,file:83b0c43da684f0b658deda684866092c3fbb450060cf59f439b4c2da4ec974ab,train,train,x86,root,unified_mendeley
83f4e6ca6e840970e488a28e7c7f2c8332389b7a5d79788baffdf4b1c0180aad,root__83f4e6ca6e840970e488a28e7c7f2c8332389b7a5d79788baffdf4b1c0180aad,mendeley_goodware,0,file:83f4e6ca6e840970e488a28e7c7f2c8332389b7a5d79788baffdf4b1c0180aad,train,train,x86,root,unified_mendeley
842c9f4669fcf7e5adeb1e5c886feda38c925115a299639779b84a3d98461131,root__842c9f4669fcf7e5adeb1e5c886feda38c925115a299639779b84a3d98461131,mendeley_goodware,0,file:842c9f4669fcf7e5adeb1e5c886feda38c925115a299639779b84a3d98461131,train,train,x86,root,unified_mendeley
8438bdfaac4f440c0acba656784f7b3cfad86a57195520d6ddf341bce100929d,root__8438bdfaac4f440c0acba656784f7b3cfad86a57195520d6ddf341bce100929d,mendeley_goodware,0,file:8438bdfaac4f440c0acba656784f7b3cfad86a57195520d6ddf341bce100929d,train,train,x64,root,unified_mendeley
844de83e1d288d3956b8241967a7b3f17514e2e10ba0fda2817259e3a2224af6,root__844de83e1d288d3956b8241967a7b3f17514e2e10ba0fda2817259e3a2224af6,mendeley_goodware,0,file:844de83e1d288d3956b8241967a7b3f17514e2e10ba0fda2817259e3a2224af6,test,test,x86,root,unified_mendeley
849a391f2c1832d380ba19b22486c9acc1066b40ec4a7ddd122f4e4d34c82f44,root__849a391f2c1832d380ba19b22486c9acc1066b40ec4a7ddd122f4e4d34c82f44,mendeley_goodware,0,file:849a391f2c1832d380ba19b22486c9acc1066b40ec4a7ddd122f4e4d34c82f44,train,train,x64,root,unified_mendeley
84a4c2c662e6e005d63843238125989552dbcc20cebdb5e2de1a030f250f99ad,root__84a4c2c662e6e005d63843238125989552dbcc20cebdb5e2de1a030f250f99ad,mendeley_goodware,0,file:84a4c2c662e6e005d63843238125989552dbcc20cebdb5e2de1a030f250f99ad,test,test,x86,root,unified_mendeley
84d445a0f798532435fe51177a43f541c0c928e194166083f85377b590969f30,root__84d445a0f798532435fe51177a43f541c0c928e194166083f85377b590969f30,mendeley_goodware,0,file:84d445a0f798532435fe51177a43f541c0c928e194166083f85377b590969f30,train,train,x64,root,unified_mendeley
84edc696e06971794e000ca4b6af047295e48710cfd7c2483ef47eff3ed441ee,root__84edc696e06971794e000ca4b6af047295e48710cfd7c2483ef47eff3ed441ee,mendeley_goodware,0,file:84edc696e06971794e000ca4b6af047295e48710cfd7c2483ef47eff3ed441ee,test,test,x86,root,unified_mendeley
8523f20fdcd3371638c5d9b8e28e970a92ac6d0307b845326f3a73d798999605,root__8523f20fdcd3371638c5d9b8e28e970a92ac6d0307b845326f3a73d798999605,mendeley_goodware,0,file:8523f20fdcd3371638c5d9b8e28e970a92ac6d0307b845326f3a73d798999605,train,train,x86,root,unified_mendeley
857179d4d9ed6e8f9f37c7b3110d3398c1f662d4850d3fa155620b4b0fbf7858,root__857179d4d9ed6e8f9f37c7b3110d3398c1f662d4850d3fa155620b4b0fbf7858,mendeley_goodware,0,file:857179d4d9ed6e8f9f37c7b3110d3398c1f662d4850d3fa155620b4b0fbf7858,train,train,x64,root,unified_mendeley
858c89edd8cdbe97311e1d55a0aed85240b4372f7701282d8fa5c77cd8135cfd,root__858c89edd8cdbe97311e1d55a0aed85240b4372f7701282d8fa5c77cd8135cfd,mendeley_goodware,0,file:858c89edd8cdbe97311e1d55a0aed85240b4372f7701282d8fa5c77cd8135cfd,train,train,x86,root,unified_mendeley
85b07eef4f715d18c45714ba17b6d3e10efdb676b46881c814c7b0c76578c759,root__85b07eef4f715d18c45714ba17b6d3e10efdb676b46881c814c7b0c76578c759,mendeley_goodware,0,file:85b07eef4f715d18c45714ba17b6d3e10efdb676b46881c814c7b0c76578c759,val,train,x64,root,unified_mendeley
85b3a95732635980c9f0c522c5c5c46c051206ccdb9891188816c4bedeea4c1c,root__85b3a95732635980c9f0c522c5c5c46c051206ccdb9891188816c4bedeea4c1c,mendeley_goodware,0,file:85b3a95732635980c9f0c522c5c5c46c051206ccdb9891188816c4bedeea4c1c,train,train,x86,root,unified_mendeley
85e3be65508ade1b8406e64904d13f156deb976102965e8ddcb50eeace567bc5,root__85e3be65508ade1b8406e64904d13f156deb976102965e8ddcb50eeace567bc5,mendeley_goodware,0,file:85e3be65508ade1b8406e64904d13f156deb976102965e8ddcb50eeace567bc5,train,train,x86,root,unified_mendeley
85ec0a9865b5982ddae8bce00c2252291e4ea39a32ec8b57ba1540a5bacad821,root__85ec0a9865b5982ddae8bce00c2252291e4ea39a32ec8b57ba1540a5bacad821,mendeley_goodware,0,file:85ec0a9865b5982ddae8bce00c2252291e4ea39a32ec8b57ba1540a5bacad821,train,train,x86,root,unified_mendeley
85f773d523490fee9d8469ae0c8d46506900c49e7307c301b6b1f7ff79c425af,root__85f773d523490fee9d8469ae0c8d46506900c49e7307c301b6b1f7ff79c425af,mendeley_goodware,0,file:85f773d523490fee9d8469ae0c8d46506900c49e7307c301b6b1f7ff79c425af,train,train,x64,root,unified_mendeley
861be38c943b54ec9f90b4372c68bc254e98967e0c724ac1f603749b6362ef41,root__861be38c943b54ec9f90b4372c68bc254e98967e0c724ac1f603749b6362ef41,mendeley_goodware,0,file:861be38c943b54ec9f90b4372c68bc254e98967e0c724ac1f603749b6362ef41,test,test,x86,root,unified_mendeley
862cac03bed619999040844cafe65c65cd3df4692ed46d3ccf986e369a7c781f,root__862cac03bed619999040844cafe65c65cd3df4692ed46d3ccf986e369a7c781f,mendeley_goodware,0,file:862cac03bed619999040844cafe65c65cd3df4692ed46d3ccf986e369a7c781f,train,train,x86,root,unified_mendeley
868830b6decf00218834269b847723b303eeb8a8071dbf9dea0ca225409c1333,root__868830b6decf00218834269b847723b303eeb8a8071dbf9dea0ca225409c1333,mendeley_goodware,0,file:868830b6decf00218834269b847723b303eeb8a8071dbf9dea0ca225409c1333,train,train,x64,root,unified_mendeley
8691580b678eb391ccebf667640b825ce6b53bcbd15af92062712a47ec223492,root__8691580b678eb391ccebf667640b825ce6b53bcbd15af92062712a47ec223492,mendeley_goodware,0,file:8691580b678eb391ccebf667640b825ce6b53bcbd15af92062712a47ec223492,train,train,x64,root,unified_mendeley
86c7db0e662ca65f8e5989a629e00b03354cc385a9aee8bed7aaae28672d0a5f,root__86c7db0e662ca65f8e5989a629e00b03354cc385a9aee8bed7aaae28672d0a5f,mendeley_goodware,0,file:86c7db0e662ca65f8e5989a629e00b03354cc385a9aee8bed7aaae28672d0a5f,train,train,x86,root,unified_mendeley
87da2d47af6b894ad6337ae211f359fc090aa97826cddf8c76dd135ea7620301,root__87da2d47af6b894ad6337ae211f359fc090aa97826cddf8c76dd135ea7620301,mendeley_goodware,0,file:87da2d47af6b894ad6337ae211f359fc090aa97826cddf8c76dd135ea7620301,test,test,x86,root,unified_mendeley
8860e4273f59caa71fa585697e291270f94cee83439e5c94726d918d7c72f362,root__8860e4273f59caa71fa585697e291270f94cee83439e5c94726d918d7c72f362,mendeley_goodware,0,file:8860e4273f59caa71fa585697e291270f94cee83439e5c94726d918d7c72f362,train,train,x64,root,unified_mendeley
8870d531b91db8afb53ab87c8e6f63d33129e89398acced55d2939a78f2c72a5,root__8870d531b91db8afb53ab87c8e6f63d33129e89398acced55d2939a78f2c72a5,mendeley_goodware,0,file:8870d531b91db8afb53ab87c8e6f63d33129e89398acced55d2939a78f2c72a5,train,train,x86,root,unified_mendeley
8893773a22e051d377582bc26e518a5c6cf759cdc9326b2ffa542fdb4ea4fa98,root__8893773a22e051d377582bc26e518a5c6cf759cdc9326b2ffa542fdb4ea4fa98,mendeley_goodware,0,file:8893773a22e051d377582bc26e518a5c6cf759cdc9326b2ffa542fdb4ea4fa98,train,train,x86,root,unified_mendeley
88a279bc4eb61f06196218e3649e4d01211b3e83e8ba70aed2535b66d8210291,root__88a279bc4eb61f06196218e3649e4d01211b3e83e8ba70aed2535b66d8210291,mendeley_goodware,0,file:88a279bc4eb61f06196218e3649e4d01211b3e83e8ba70aed2535b66d8210291,train,train,x86,root,unified_mendeley
88d092b00754f42af2e0ddae8a1aa013b0a70ab720a66d9256671c1184a90491,root__88d092b00754f42af2e0ddae8a1aa013b0a70ab720a66d9256671c1184a90491,mendeley_goodware,0,file:88d092b00754f42af2e0ddae8a1aa013b0a70ab720a66d9256671c1184a90491,test,test,x86,root,unified_mendeley
88e94095e5a0d268347dc8deeeec4b0823a53f6fecdb849c30a9d1efdf7c551d,root__88e94095e5a0d268347dc8deeeec4b0823a53f6fecdb849c30a9d1efdf7c551d,mendeley_goodware,0,file:88e94095e5a0d268347dc8deeeec4b0823a53f6fecdb849c30a9d1efdf7c551d,train,train,x64,root,unified_mendeley
89349060ff226221c5e399f10c9aa4f253212be6d695d0d0a628cf6453307df5,root__89349060ff226221c5e399f10c9aa4f253212be6d695d0d0a628cf6453307df5,mendeley_goodware,0,file:89349060ff226221c5e399f10c9aa4f253212be6d695d0d0a628cf6453307df5,test,test,x86,root,unified_mendeley
89500235e2416b8931f749e87e591b2661a3b31eb607cb654f89b5c0b84277b6,root__89500235e2416b8931f749e87e591b2661a3b31eb607cb654f89b5c0b84277b6,mendeley_goodware,0,file:89500235e2416b8931f749e87e591b2661a3b31eb607cb654f89b5c0b84277b6,train,train,x64,root,unified_mendeley
8959b6d0fc36460ccade56b404e2c90f13ad0b94977c6c2abfeb84f33948b227,root__8959b6d0fc36460ccade56b404e2c90f13ad0b94977c6c2abfeb84f33948b227,mendeley_goodware,0,file:8959b6d0fc36460ccade56b404e2c90f13ad0b94977c6c2abfeb84f33948b227,train,train,x64,root,unified_mendeley
8a05a4990c0370142ddfec7d489737ccc4b96fafe0a80e06af7ae04a1c7be722,root__8a05a4990c0370142ddfec7d489737ccc4b96fafe0a80e06af7ae04a1c7be722,mendeley_goodware,0,file:8a05a4990c0370142ddfec7d489737ccc4b96fafe0a80e06af7ae04a1c7be722,train,train,x86,root,unified_mendeley
8a21a42d7802078337536943bc5b3e844e7170e8765d02d55ad540fc1c5a80c9,root__8a21a42d7802078337536943bc5b3e844e7170e8765d02d55ad540fc1c5a80c9,mendeley_goodware,0,file:8a21a42d7802078337536943bc5b3e844e7170e8765d02d55ad540fc1c5a80c9,train,train,x86,root,unified_mendeley
8a33f306c829a34b16d5835b7fabf33d2a99c0e971f6f433f5989e9b3ddba9eb,root__8a33f306c829a34b16d5835b7fabf33d2a99c0e971f6f433f5989e9b3ddba9eb,mendeley_goodware,0,file:8a33f306c829a34b16d5835b7fabf33d2a99c0e971f6f433f5989e9b3ddba9eb,train,train,x64,root,unified_mendeley
8a3ce3ab02882aef898d1c3a69f5873ac3721da8304517b112ff2d1b46190d6c,root__8a3ce3ab02882aef898d1c3a69f5873ac3721da8304517b112ff2d1b46190d6c,mendeley_goodware,0,file:8a3ce3ab02882aef898d1c3a69f5873ac3721da8304517b112ff2d1b46190d6c,train,train,x86,root,unified_mendeley
8a5015cb87a7b3347a0bb9aeccc6f8e24f6538f07cd3c7f4b65e7880a2dcc885,root__8a5015cb87a7b3347a0bb9aeccc6f8e24f6538f07cd3c7f4b65e7880a2dcc885,mendeley_goodware,0,file:8a5015cb87a7b3347a0bb9aeccc6f8e24f6538f07cd3c7f4b65e7880a2dcc885,train,train,x86,root,unified_mendeley
8a81904787f6cf011c1ade068a1e8783620a47e34b3010c7a739de6bdd81a20a,root__8a81904787f6cf011c1ade068a1e8783620a47e34b3010c7a739de6bdd81a20a,mendeley_goodware,0,file:8a81904787f6cf011c1ade068a1e8783620a47e34b3010c7a739de6bdd81a20a,train,train,x86,root,unified_mendeley
8aa842d57512f3551adc2d0e9a75383bffd3e62ff79f5ad941c7c36e4194a236,root__8aa842d57512f3551adc2d0e9a75383bffd3e62ff79f5ad941c7c36e4194a236,mendeley_goodware,0,file:8aa842d57512f3551adc2d0e9a75383bffd3e62ff79f5ad941c7c36e4194a236,train,train,x64,root,unified_mendeley
8aa93254874c5df3616c15ecbdf4c8f066e8c99b49875056c3249c04fc870a6a,root__8aa93254874c5df3616c15ecbdf4c8f066e8c99b49875056c3249c04fc870a6a,mendeley_goodware,0,file:8aa93254874c5df3616c15ecbdf4c8f066e8c99b49875056c3249c04fc870a6a,train,train,x86,root,unified_mendeley
8ab2f9a4ca87575f03f554aeed6c5e0d7692fa9b5d420008a1521f7f7bd2d0a5,root__8ab2f9a4ca87575f03f554aeed6c5e0d7692fa9b5d420008a1521f7f7bd2d0a5,mendeley_goodware,0,file:8ab2f9a4ca87575f03f554aeed6c5e0d7692fa9b5d420008a1521f7f7bd2d0a5,train,train,x64,root,unified_mendeley
8b5743d4acf8c571f039f83464672306d9f899e4c8512fab9538807c43df4a67,root__8b5743d4acf8c571f039f83464672306d9f899e4c8512fab9538807c43df4a67,mendeley_goodware,0,file:8b5743d4acf8c571f039f83464672306d9f899e4c8512fab9538807c43df4a67,train,train,x64,root,unified_mendeley
8bf56a77361dec5b48a38c938271e0411913dda6b059a61137d0c888490e0332,root__8bf56a77361dec5b48a38c938271e0411913dda6b059a61137d0c888490e0332,mendeley_goodware,0,file:8bf56a77361dec5b48a38c938271e0411913dda6b059a61137d0c888490e0332,train,train,x86,root,unified_mendeley
8c4eb1cfb1a741d23f4598218ffe3654ddc8e02485d718a823c24a7c7e899401,root__8c4eb1cfb1a741d23f4598218ffe3654ddc8e02485d718a823c24a7c7e899401,mendeley_goodware,0,file:8c4eb1cfb1a741d23f4598218ffe3654ddc8e02485d718a823c24a7c7e899401,train,train,x64,root,unified_mendeley
8c7d1a4a1f1f8732a92eb1edf3384c0b5496246a40a88165d9845a805a90899b,root__8c7d1a4a1f1f8732a92eb1edf3384c0b5496246a40a88165d9845a805a90899b,mendeley_goodware,0,file:8c7d1a4a1f1f8732a92eb1edf3384c0b5496246a40a88165d9845a805a90899b,train,train,x64,root,unified_mendeley
8d329719ab5bb2c71c4299be12089d7550b446416a9f0bb3ea9f85faad42d838,root__8d329719ab5bb2c71c4299be12089d7550b446416a9f0bb3ea9f85faad42d838,mendeley_goodware,0,file:8d329719ab5bb2c71c4299be12089d7550b446416a9f0bb3ea9f85faad42d838,train,train,x64,root,unified_mendeley
8d4ff0ed8d5986608fbc1bec7c4eabda574f7ac865ee7f8c3dbd8df00e94ddb6,root__8d4ff0ed8d5986608fbc1bec7c4eabda574f7ac865ee7f8c3dbd8df00e94ddb6,mendeley_goodware,0,file:8d4ff0ed8d5986608fbc1bec7c4eabda574f7ac865ee7f8c3dbd8df00e94ddb6,train,train,x64,root,unified_mendeley
8d75d2064795b16a201334f72d27084ebc943a9be777df8072ff2921b27fb15a,root__8d75d2064795b16a201334f72d27084ebc943a9be777df8072ff2921b27fb15a,mendeley_goodware,0,file:8d75d2064795b16a201334f72d27084ebc943a9be777df8072ff2921b27fb15a,val,train,x86,root,unified_mendeley
8da6e35e2095f405debed1f4128717d035ac0e4888f49a9e6b5945d4c8bc2157,root__8da6e35e2095f405debed1f4128717d035ac0e4888f49a9e6b5945d4c8bc2157,mendeley_goodware,0,file:8da6e35e2095f405debed1f4128717d035ac0e4888f49a9e6b5945d4c8bc2157,train,train,x86,root,unified_mendeley
8dba456d2bc6634909e79320fae988f588a10458e15bbd9165d883f96d28b6cb,root__8dba456d2bc6634909e79320fae988f588a10458e15bbd9165d883f96d28b6cb,mendeley_goodware,0,file:8dba456d2bc6634909e79320fae988f588a10458e15bbd9165d883f96d28b6cb,train,train,x64,root,unified_mendeley
8de895a62785c1294f402260671cfdbb2223e3448947c3ace893b8a298a1d37a,root__8de895a62785c1294f402260671cfdbb2223e3448947c3ace893b8a298a1d37a,mendeley_goodware,0,file:8de895a62785c1294f402260671cfdbb2223e3448947c3ace893b8a298a1d37a,train,train,x86,root,unified_mendeley
8deac34e5e7fb1613c1eda8602f4913d3b9429fad277cc59f065fd377a612dc0,root__8deac34e5e7fb1613c1eda8602f4913d3b9429fad277cc59f065fd377a612dc0,mendeley_goodware,0,file:8deac34e5e7fb1613c1eda8602f4913d3b9429fad277cc59f065fd377a612dc0,train,train,x86,root,unified_mendeley
8dffb52b6826067ed8b56f549cbe53f4f5908e21582a54a9172ecfbad90afe37,root__8dffb52b6826067ed8b56f549cbe53f4f5908e21582a54a9172ecfbad90afe37,mendeley_goodware,0,file:8dffb52b6826067ed8b56f549cbe53f4f5908e21582a54a9172ecfbad90afe37,train,train,x86,root,unified_mendeley
8e0d841929ecd6e1223205e0163e1f5b4938973f7bd743a6094a84c3d4db9f56,root__8e0d841929ecd6e1223205e0163e1f5b4938973f7bd743a6094a84c3d4db9f56,mendeley_goodware,0,file:8e0d841929ecd6e1223205e0163e1f5b4938973f7bd743a6094a84c3d4db9f56,val,train,x64,root,unified_mendeley
8e53dead0b8e0a136e126f45328a940427aabcbe4a16e77aaff6bb9e609e5f9f,root__8e53dead0b8e0a136e126f45328a940427aabcbe4a16e77aaff6bb9e609e5f9f,mendeley_goodware,0,file:8e53dead0b8e0a136e126f45328a940427aabcbe4a16e77aaff6bb9e609e5f9f,train,train,x86,root,unified_mendeley
8e6c80ff8e5590d9a1917a7cd4f2786c4ed7469f7f2943aa45d68d4744f3bd00,root__8e6c80ff8e5590d9a1917a7cd4f2786c4ed7469f7f2943aa45d68d4744f3bd00,mendeley_goodware,0,file:8e6c80ff8e5590d9a1917a7cd4f2786c4ed7469f7f2943aa45d68d4744f3bd00,train,train,x64,root,unified_mendeley
8eda1c8903a3a80919bf6cca66e43f9b0ceccacd791a359d63a1cda2621c01ae,root__8eda1c8903a3a80919bf6cca66e43f9b0ceccacd791a359d63a1cda2621c01ae,mendeley_goodware,0,file:8eda1c8903a3a80919bf6cca66e43f9b0ceccacd791a359d63a1cda2621c01ae,train,train,x64,root,unified_mendeley
8f276b011a160b71cb04a4a6b2e2436c0988efab8c7dcd63fa5f317a4f97fca6,root__8f276b011a160b71cb04a4a6b2e2436c0988efab8c7dcd63fa5f317a4f97fca6,mendeley_goodware,0,file:8f276b011a160b71cb04a4a6b2e2436c0988efab8c7dcd63fa5f317a4f97fca6,val,train,x86,root,unified_mendeley
8f41a8061b49e39c5b675b183e8c5db39fa2cebebb69bf503c609b5bbe4d0d95,root__8f41a8061b49e39c5b675b183e8c5db39fa2cebebb69bf503c609b5bbe4d0d95,mendeley_goodware,0,file:8f41a8061b49e39c5b675b183e8c5db39fa2cebebb69bf503c609b5bbe4d0d95,train,train,x86,root,unified_mendeley
8f863dd7e40a15b3dc07bbd96c2dc49f76c0bb5c730e2b9ca4beb58b0c14b6b4,root__8f863dd7e40a15b3dc07bbd96c2dc49f76c0bb5c730e2b9ca4beb58b0c14b6b4,mendeley_goodware,0,file:8f863dd7e40a15b3dc07bbd96c2dc49f76c0bb5c730e2b9ca4beb58b0c14b6b4,train,train,x86,root,unified_mendeley
8fbac98180bcf2d79ccea364f3d7e1301e1592727b99c712b1db5e2e50a7bf25,root__8fbac98180bcf2d79ccea364f3d7e1301e1592727b99c712b1db5e2e50a7bf25,mendeley_goodware,0,file:8fbac98180bcf2d79ccea364f3d7e1301e1592727b99c712b1db5e2e50a7bf25,train,train,x64,root,unified_mendeley
8fc99d5aa8a124a217d12adebc52ac8a47f04e4a214a9d44cc125a70fff58a85,root__8fc99d5aa8a124a217d12adebc52ac8a47f04e4a214a9d44cc125a70fff58a85,mendeley_goodware,0,file:8fc99d5aa8a124a217d12adebc52ac8a47f04e4a214a9d44cc125a70fff58a85,train,train,x86,root,unified_mendeley
8fd03db433633a4927801f54fc020ea18baf99525b1a1f9166ac92a8f55d3d63,root__8fd03db433633a4927801f54fc020ea18baf99525b1a1f9166ac92a8f55d3d63,mendeley_goodware,0,file:8fd03db433633a4927801f54fc020ea18baf99525b1a1f9166ac92a8f55d3d63,train,train,x64,root,unified_mendeley
90168783dbd9ac5cb2899297154b871ff50e218cd4c825fbb60668cae4463144,root__90168783dbd9ac5cb2899297154b871ff50e218cd4c825fbb60668cae4463144,mendeley_goodware,0,file:90168783dbd9ac5cb2899297154b871ff50e218cd4c825fbb60668cae4463144,train,train,x86,root,unified_mendeley
9033a46f756fa5225ed30692317d92b31fa5b23fa4587caa87172031efa25e12,root__9033a46f756fa5225ed30692317d92b31fa5b23fa4587caa87172031efa25e12,mendeley_goodware,0,file:9033a46f756fa5225ed30692317d92b31fa5b23fa4587caa87172031efa25e12,train,train,x64,root,unified_mendeley
90e0f7d70da50c178e8ab75b217ca475cd9d64553ae40d65f6995ee8fbe21b96,root__90e0f7d70da50c178e8ab75b217ca475cd9d64553ae40d65f6995ee8fbe21b96,mendeley_goodware,0,file:90e0f7d70da50c178e8ab75b217ca475cd9d64553ae40d65f6995ee8fbe21b96,train,train,x86,root,unified_mendeley
9139ed7f97278edf90ee8dc179e30a00d475a6cd34670b6e122e4d603c19dd6a,root__9139ed7f97278edf90ee8dc179e30a00d475a6cd34670b6e122e4d603c19dd6a,mendeley_goodware,0,file:9139ed7f97278edf90ee8dc179e30a00d475a6cd34670b6e122e4d603c19dd6a,test,test,x86,root,unified_mendeley
914650f6dc5783422e107159e0b69a0917d43cd5016ecdc14f06577a11ff36f0,root__914650f6dc5783422e107159e0b69a0917d43cd5016ecdc14f06577a11ff36f0,mendeley_goodware,0,file:914650f6dc5783422e107159e0b69a0917d43cd5016ecdc14f06577a11ff36f0,train,train,x86,root,unified_mendeley
914714ac5287f34e5c836abd6bd918c8f68fcb805990ef7bab378bfe4da27f44,root__914714ac5287f34e5c836abd6bd918c8f68fcb805990ef7bab378bfe4da27f44,mendeley_goodware,0,file:914714ac5287f34e5c836abd6bd918c8f68fcb805990ef7bab378bfe4da27f44,train,train,x64,root,unified_mendeley
9162b0ff6453363794763bfcf06bd80f560780a20f8a2b590bae987034f3a48e,root__9162b0ff6453363794763bfcf06bd80f560780a20f8a2b590bae987034f3a48e,mendeley_goodware,0,file:9162b0ff6453363794763bfcf06bd80f560780a20f8a2b590bae987034f3a48e,train,train,x86,root,unified_mendeley
917f104892ff1890be2ab218b99c2dfed8287ab93ea6895ba74090783d4e341c,root__917f104892ff1890be2ab218b99c2dfed8287ab93ea6895ba74090783d4e341c,mendeley_goodware,0,file:917f104892ff1890be2ab218b99c2dfed8287ab93ea6895ba74090783d4e341c,train,train,x64,root,unified_mendeley
91da25a19cde4f3eeb591e92adeedd34a4eba6761028439d24805a305c428a05,root__91da25a19cde4f3eeb591e92adeedd34a4eba6761028439d24805a305c428a05,mendeley_goodware,0,file:91da25a19cde4f3eeb591e92adeedd34a4eba6761028439d24805a305c428a05,train,train,x86,root,unified_mendeley
91fa08fc4d0bde8a61ff89d9ef544dd8308ec00b3281169226c854f0545c1024,root__91fa08fc4d0bde8a61ff89d9ef544dd8308ec00b3281169226c854f0545c1024,mendeley_goodware,0,file:91fa08fc4d0bde8a61ff89d9ef544dd8308ec00b3281169226c854f0545c1024,train,train,x86,root,unified_mendeley
925f4358d32c7dfc9d8b8e0107ec638d23b72b538e45e438f5686c83e342a4c3,root__925f4358d32c7dfc9d8b8e0107ec638d23b72b538e45e438f5686c83e342a4c3,mendeley_goodware,0,file:925f4358d32c7dfc9d8b8e0107ec638d23b72b538e45e438f5686c83e342a4c3,train,train,x64,root,unified_mendeley
92b1ee57e55af477cfd0b39ab5b096bc593c290ba46687d622c70e08c061b3bd,root__92b1ee57e55af477cfd0b39ab5b096bc593c290ba46687d622c70e08c061b3bd,mendeley_goodware,0,file:92b1ee57e55af477cfd0b39ab5b096bc593c290ba46687d622c70e08c061b3bd,test,test,x86,root,unified_mendeley
92d439505705f69f2ef86863a68f9f287a04c5f5a81c94a49a2af36d646b9c92,root__92d439505705f69f2ef86863a68f9f287a04c5f5a81c94a49a2af36d646b9c92,mendeley_goodware,0,file:92d439505705f69f2ef86863a68f9f287a04c5f5a81c94a49a2af36d646b9c92,train,train,x86,root,unified_mendeley
92e224a1e945b43143d74d1396b391c0fe9e123fd075c8ff368a7800b1fcd985,root__92e224a1e945b43143d74d1396b391c0fe9e123fd075c8ff368a7800b1fcd985,mendeley_goodware,0,file:92e224a1e945b43143d74d1396b391c0fe9e123fd075c8ff368a7800b1fcd985,train,train,x64,root,unified_mendeley
930ef8d553d8cdee74724955431f13efdb1be212bc615e67a3cfd4d1a74d3497,root__930ef8d553d8cdee74724955431f13efdb1be212bc615e67a3cfd4d1a74d3497,mendeley_goodware,0,file:930ef8d553d8cdee74724955431f13efdb1be212bc615e67a3cfd4d1a74d3497,train,train,x86,root,unified_mendeley
93215f71173d4632a6fc976b5322de284264c6f6be7195195f05c2fe61fe1fb4,root__93215f71173d4632a6fc976b5322de284264c6f6be7195195f05c2fe61fe1fb4,mendeley_goodware,0,file:93215f71173d4632a6fc976b5322de284264c6f6be7195195f05c2fe61fe1fb4,train,train,x64,root,unified_mendeley
933410f4a3cd7142cd6950c0d9e33e11b5e37b129dc142022a67c06313581541,root__933410f4a3cd7142cd6950c0d9e33e11b5e37b129dc142022a67c06313581541,mendeley_goodware,0,file:933410f4a3cd7142cd6950c0d9e33e11b5e37b129dc142022a67c06313581541,train,train,x64,root,unified_mendeley
9358ef8cb7fb08581d74274005263bd8fa2e6e0fc443930b25fd345cf6ce9071,root__9358ef8cb7fb08581d74274005263bd8fa2e6e0fc443930b25fd345cf6ce9071,mendeley_goodware,0,file:9358ef8cb7fb08581d74274005263bd8fa2e6e0fc443930b25fd345cf6ce9071,train,train,x64,root,unified_mendeley
939d06cab2527efcdc3ab98fc450452552ac99c45a312095aefcba6a2549d9da,root__939d06cab2527efcdc3ab98fc450452552ac99c45a312095aefcba6a2549d9da,mendeley_goodware,0,file:939d06cab2527efcdc3ab98fc450452552ac99c45a312095aefcba6a2549d9da,train,train,x64,root,unified_mendeley
93a154b7fbb37be138a8317ceb02f1bb78eb46e30ec36b90a8d3cb4a0cba5ea4,root__93a154b7fbb37be138a8317ceb02f1bb78eb46e30ec36b90a8d3cb4a0cba5ea4,mendeley_goodware,0,file:93a154b7fbb37be138a8317ceb02f1bb78eb46e30ec36b90a8d3cb4a0cba5ea4,train,train,x86,root,unified_mendeley
93bac4d5013074dbe590beded6cf4a9cff601ac0dacfaafa79d8cfb698fe7b4c,root__93bac4d5013074dbe590beded6cf4a9cff601ac0dacfaafa79d8cfb698fe7b4c,mendeley_goodware,0,file:93bac4d5013074dbe590beded6cf4a9cff601ac0dacfaafa79d8cfb698fe7b4c,train,train,x64,root,unified_mendeley
942e94f84340fa275fecfe87bc1caec8f667e9eea29e67f72e3f2e2546bb3197,root__942e94f84340fa275fecfe87bc1caec8f667e9eea29e67f72e3f2e2546bb3197,mendeley_goodware,0,file:942e94f84340fa275fecfe87bc1caec8f667e9eea29e67f72e3f2e2546bb3197,train,train,x86,root,unified_mendeley
94c5c38ad8252b9481330d500185d57b0a8a40c319a4df5f35912bbb2b791cda,root__94c5c38ad8252b9481330d500185d57b0a8a40c319a4df5f35912bbb2b791cda,mendeley_goodware,0,file:94c5c38ad8252b9481330d500185d57b0a8a40c319a4df5f35912bbb2b791cda,train,train,x86,root,unified_mendeley
950fca3c60fb1b5a33ff2735fba089ad22f9770a401dbfafd55a2b7c80064b23,root__950fca3c60fb1b5a33ff2735fba089ad22f9770a401dbfafd55a2b7c80064b23,mendeley_goodware,0,file:950fca3c60fb1b5a33ff2735fba089ad22f9770a401dbfafd55a2b7c80064b23,train,train,x86,root,unified_mendeley
953571b89810ba5644a79e42b9cf9aa38e0ac12f7d183b64d588f6c281341096,root__953571b89810ba5644a79e42b9cf9aa38e0ac12f7d183b64d588f6c281341096,mendeley_goodware,0,file:953571b89810ba5644a79e42b9cf9aa38e0ac12f7d183b64d588f6c281341096,train,train,x86,root,unified_mendeley
95606e5b80a8dffebb1d8ba89ea09225c95e15f389553890b36f4cd7bec99464,root__95606e5b80a8dffebb1d8ba89ea09225c95e15f389553890b36f4cd7bec99464,mendeley_goodware,0,file:95606e5b80a8dffebb1d8ba89ea09225c95e15f389553890b36f4cd7bec99464,test,test,x86,root,unified_mendeley
9572884598bdb3c1a4b7d2e0e1b6945ed62f4172221e468ef53aa5a25e809691,root__9572884598bdb3c1a4b7d2e0e1b6945ed62f4172221e468ef53aa5a25e809691,mendeley_goodware,0,file:9572884598bdb3c1a4b7d2e0e1b6945ed62f4172221e468ef53aa5a25e809691,train,train,x86,root,unified_mendeley
95c45abbbf54a5dd4f6a7e43cb44c2ed32b4f2e6d323d2884d2a66952ddccd3f,root__95c45abbbf54a5dd4f6a7e43cb44c2ed32b4f2e6d323d2884d2a66952ddccd3f,mendeley_goodware,0,file:95c45abbbf54a5dd4f6a7e43cb44c2ed32b4f2e6d323d2884d2a66952ddccd3f,train,train,x86,root,unified_mendeley
95e5d1c1143c151784dfc920cf5c69b64c728085b8d69f9d82974fae77cf9b62,root__95e5d1c1143c151784dfc920cf5c69b64c728085b8d69f9d82974fae77cf9b62,mendeley_goodware,0,file:95e5d1c1143c151784dfc920cf5c69b64c728085b8d69f9d82974fae77cf9b62,train,train,x86,root,unified_mendeley
963e6a79b77518fa2d4e45604764a5065eb4563f7af7d1526dad76aed49cd96e,root__963e6a79b77518fa2d4e45604764a5065eb4563f7af7d1526dad76aed49cd96e,mendeley_goodware,0,file:963e6a79b77518fa2d4e45604764a5065eb4563f7af7d1526dad76aed49cd96e,train,train,x86,root,unified_mendeley
965acd45bd7d44fd374d3e598e88148affd8c7c148ea846167fb04f7837a5503,root__965acd45bd7d44fd374d3e598e88148affd8c7c148ea846167fb04f7837a5503,mendeley_goodware,0,file:965acd45bd7d44fd374d3e598e88148affd8c7c148ea846167fb04f7837a5503,train,train,x64,root,unified_mendeley
9678e117e3ff4e49f77d1ba3b848b5a9d977dcb97306804043f4e1c9fe529b8d,root__9678e117e3ff4e49f77d1ba3b848b5a9d977dcb97306804043f4e1c9fe529b8d,mendeley_goodware,0,file:9678e117e3ff4e49f77d1ba3b848b5a9d977dcb97306804043f4e1c9fe529b8d,train,train,x86,root,unified_mendeley
969c973b438c9d151267b1ed594154e3751ddc4b5ec76c2c90b726a82119c77f,root__969c973b438c9d151267b1ed594154e3751ddc4b5ec76c2c90b726a82119c77f,mendeley_goodware,0,file:969c973b438c9d151267b1ed594154e3751ddc4b5ec76c2c90b726a82119c77f,train,train,x86,root,unified_mendeley
96a5c3c5dbd8722a1b12c72271740764eb73baa1a953c2c8ec3c742b7e3ce11f,root__96a5c3c5dbd8722a1b12c72271740764eb73baa1a953c2c8ec3c742b7e3ce11f,mendeley_goodware,0,file:96a5c3c5dbd8722a1b12c72271740764eb73baa1a953c2c8ec3c742b7e3ce11f,train,train,x64,root,unified_mendeley
97141b2ccf3b5b077ba509f8f94893f5969285a370d8a1f6b97fcc7d6ca7076c,root__97141b2ccf3b5b077ba509f8f94893f5969285a370d8a1f6b97fcc7d6ca7076c,mendeley_goodware,0,file:97141b2ccf3b5b077ba509f8f94893f5969285a370d8a1f6b97fcc7d6ca7076c,train,train,x86,root,unified_mendeley
974a95d16a089b476ca8f931cd0d5cd59c8061b04cce8ffd423aab555a1dfbe3,root__974a95d16a089b476ca8f931cd0d5cd59c8061b04cce8ffd423aab555a1dfbe3,mendeley_goodware,0,file:974a95d16a089b476ca8f931cd0d5cd59c8061b04cce8ffd423aab555a1dfbe3,train,train,x86,root,unified_mendeley
9755ef8deea93ae9d7efaceb3ccdf9a14cbf75c31ca6115b0c939efff02fb293,root__9755ef8deea93ae9d7efaceb3ccdf9a14cbf75c31ca6115b0c939efff02fb293,mendeley_goodware,0,file:9755ef8deea93ae9d7efaceb3ccdf9a14cbf75c31ca6115b0c939efff02fb293,train,train,x64,root,unified_mendeley
979f2d0bb1b051a6363daaf2ed90aca5079bed5466af26c4d2ce919275e74de0,root__979f2d0bb1b051a6363daaf2ed90aca5079bed5466af26c4d2ce919275e74de0,mendeley_goodware,0,file:979f2d0bb1b051a6363daaf2ed90aca5079bed5466af26c4d2ce919275e74de0,train,train,x86,root,unified_mendeley
97c23b8888ffe8f4a9d9a0de8eda27cbe029049cf07e1164c2e79c3623139e42,root__97c23b8888ffe8f4a9d9a0de8eda27cbe029049cf07e1164c2e79c3623139e42,mendeley_goodware,0,file:97c23b8888ffe8f4a9d9a0de8eda27cbe029049cf07e1164c2e79c3623139e42,val,train,x86,root,unified_mendeley
9910d2c25f494b1c1668e6b67efedef17109419ce73cfad2d9de5bd2896d400a,root__9910d2c25f494b1c1668e6b67efedef17109419ce73cfad2d9de5bd2896d400a,mendeley_goodware,0,file:9910d2c25f494b1c1668e6b67efedef17109419ce73cfad2d9de5bd2896d400a,train,train,x64,root,unified_mendeley
9911e0e65221485e2a2f6d439ca2f0187d23e829327797fdaee55f8751e32849,root__9911e0e65221485e2a2f6d439ca2f0187d23e829327797fdaee55f8751e32849,mendeley_goodware,0,file:9911e0e65221485e2a2f6d439ca2f0187d23e829327797fdaee55f8751e32849,val,train,x64,root,unified_mendeley
991aab6b229a376b02b64d95f5dac5059c33aa8cc914a640201a95d556b21399,root__991aab6b229a376b02b64d95f5dac5059c33aa8cc914a640201a95d556b21399,mendeley_goodware,0,file:991aab6b229a376b02b64d95f5dac5059c33aa8cc914a640201a95d556b21399,train,train,x86,root,unified_mendeley
991c6c66b4ee63d5c286c37db453015da873c8197e77dd1c00cf60d6e07dc2b7,root__991c6c66b4ee63d5c286c37db453015da873c8197e77dd1c00cf60d6e07dc2b7,mendeley_goodware,0,file:991c6c66b4ee63d5c286c37db453015da873c8197e77dd1c00cf60d6e07dc2b7,train,train,x86,root,unified_mendeley
99396631afecc96682e046c06f60f2e17b183418431482c551f13fb3bd7b09c1,root__99396631afecc96682e046c06f60f2e17b183418431482c551f13fb3bd7b09c1,mendeley_goodware,0,file:99396631afecc96682e046c06f60f2e17b183418431482c551f13fb3bd7b09c1,train,train,x86,root,unified_mendeley
9947daf25487c97017038efc3e19f6b8d7f3208bbac05bd9c7de2cd0a37c48c4,root__9947daf25487c97017038efc3e19f6b8d7f3208bbac05bd9c7de2cd0a37c48c4,mendeley_goodware,0,file:9947daf25487c97017038efc3e19f6b8d7f3208bbac05bd9c7de2cd0a37c48c4,train,train,x86,root,unified_mendeley
999113aee6783853d56f3aa40bd524fc567df553aec310c797193704219930d7,root__999113aee6783853d56f3aa40bd524fc567df553aec310c797193704219930d7,mendeley_goodware,0,file:999113aee6783853d56f3aa40bd524fc567df553aec310c797193704219930d7,train,train,x86,root,unified_mendeley
9a18550136d91fd0af3d8d3e202a5a348ddee9639498f2b5fc9630e83406d7e1,root__9a18550136d91fd0af3d8d3e202a5a348ddee9639498f2b5fc9630e83406d7e1,mendeley_goodware,0,file:9a18550136d91fd0af3d8d3e202a5a348ddee9639498f2b5fc9630e83406d7e1,train,train,x86,root,unified_mendeley
9a42ebd4abf86ffef637d63fa8445d582ea720bb59d81713a23d918414d9efc5,root__9a42ebd4abf86ffef637d63fa8445d582ea720bb59d81713a23d918414d9efc5,mendeley_goodware,0,file:9a42ebd4abf86ffef637d63fa8445d582ea720bb59d81713a23d918414d9efc5,train,train,x86,root,unified_mendeley
9abf9dc2cd723d9c8bc68d16bc8c175c4f5445e18c0b7b5628329c750c4dfc73,root__9abf9dc2cd723d9c8bc68d16bc8c175c4f5445e18c0b7b5628329c750c4dfc73,mendeley_goodware,0,file:9abf9dc2cd723d9c8bc68d16bc8c175c4f5445e18c0b7b5628329c750c4dfc73,train,train,x86,root,unified_mendeley
9c6457b6bb0cf9f4d7a4dcb490dc22b5ce658817890815906ad1a36de88e4949,root__9c6457b6bb0cf9f4d7a4dcb490dc22b5ce658817890815906ad1a36de88e4949,mendeley_goodware,0,file:9c6457b6bb0cf9f4d7a4dcb490dc22b5ce658817890815906ad1a36de88e4949,train,train,x86,root,unified_mendeley
9c83851090cc599ac32283fa78cace99300293884120a01300e13cb73e825ea7,root__9c83851090cc599ac32283fa78cace99300293884120a01300e13cb73e825ea7,mendeley_goodware,0,file:9c83851090cc599ac32283fa78cace99300293884120a01300e13cb73e825ea7,train,train,x64,root,unified_mendeley
9c91ac38988f6bccf323041922204af60047b5ee3e62d9d9e1b55c7634cca9e2,root__9c91ac38988f6bccf323041922204af60047b5ee3e62d9d9e1b55c7634cca9e2,mendeley_goodware,0,file:9c91ac38988f6bccf323041922204af60047b5ee3e62d9d9e1b55c7634cca9e2,train,train,x64,root,unified_mendeley
9cecfc7977baa23a840f987a28813227bab3f2dfdf1d571b51327107b5aa8ce2,root__9cecfc7977baa23a840f987a28813227bab3f2dfdf1d571b51327107b5aa8ce2,mendeley_goodware,0,file:9cecfc7977baa23a840f987a28813227bab3f2dfdf1d571b51327107b5aa8ce2,train,train,x64,root,unified_mendeley
9cf66eaf1b13f74cf0770f1b7cdb557889dda61eab13ce5ed2b7c324a711f16a,root__9cf66eaf1b13f74cf0770f1b7cdb557889dda61eab13ce5ed2b7c324a711f16a,mendeley_goodware,0,file:9cf66eaf1b13f74cf0770f1b7cdb557889dda61eab13ce5ed2b7c324a711f16a,train,train,x64,root,unified_mendeley
9cfc867becec3e1fce830526108f7a7c3e9b0e2fc001ee6cde6e49c956f781e9,root__9cfc867becec3e1fce830526108f7a7c3e9b0e2fc001ee6cde6e49c956f781e9,mendeley_goodware,0,file:9cfc867becec3e1fce830526108f7a7c3e9b0e2fc001ee6cde6e49c956f781e9,train,train,x64,root,unified_mendeley
9d10903332ce9604f37f609432205c151db2b4797e90b1e044fd15530d378c45,root__9d10903332ce9604f37f609432205c151db2b4797e90b1e044fd15530d378c45,mendeley_goodware,0,file:9d10903332ce9604f37f609432205c151db2b4797e90b1e044fd15530d378c45,train,train,x86,root,unified_mendeley
9d3ab89e9aa2c2c3686f43c7c8fa312b9f80180ce86137151726d16966816c50,root__9d3ab89e9aa2c2c3686f43c7c8fa312b9f80180ce86137151726d16966816c50,mendeley_goodware,0,file:9d3ab89e9aa2c2c3686f43c7c8fa312b9f80180ce86137151726d16966816c50,train,train,x86,root,unified_mendeley
9d42469f46915bc0e3245ba8ccae16be43726412ce8af339e9efbaa74131ae52,root__9d42469f46915bc0e3245ba8ccae16be43726412ce8af339e9efbaa74131ae52,mendeley_goodware,0,file:9d42469f46915bc0e3245ba8ccae16be43726412ce8af339e9efbaa74131ae52,train,train,x86,root,unified_mendeley
9d950a12f26b79f07c7c44edc1e0c6ed318f1ceec677574ae866d83149a3e600,root__9d950a12f26b79f07c7c44edc1e0c6ed318f1ceec677574ae866d83149a3e600,mendeley_goodware,0,file:9d950a12f26b79f07c7c44edc1e0c6ed318f1ceec677574ae866d83149a3e600,train,train,x86,root,unified_mendeley
9d9efb1655826bc2cc5f0767c2f461bbe6d8e743113eb6b396b5966740373dec,root__9d9efb1655826bc2cc5f0767c2f461bbe6d8e743113eb6b396b5966740373dec,mendeley_goodware,0,file:9d9efb1655826bc2cc5f0767c2f461bbe6d8e743113eb6b396b5966740373dec,train,train,x86,root,unified_mendeley
9db90b902e53c4b16f467417074245c99c1289c83036c3695e6122f037a9d373,root__9db90b902e53c4b16f467417074245c99c1289c83036c3695e6122f037a9d373,mendeley_goodware,0,file:9db90b902e53c4b16f467417074245c99c1289c83036c3695e6122f037a9d373,train,train,x86,root,unified_mendeley
9dbca701e0a0f9cf7d98f5bc7a5e7d0c844f992ee4e2670f124f6344fa182e42,root__9dbca701e0a0f9cf7d98f5bc7a5e7d0c844f992ee4e2670f124f6344fa182e42,mendeley_goodware,0,file:9dbca701e0a0f9cf7d98f5bc7a5e7d0c844f992ee4e2670f124f6344fa182e42,train,train,x64,root,unified_mendeley
9dc1e17904c26fb63f7568087df8e844714e567d31e0caf03ec56941525b16f7,root__9dc1e17904c26fb63f7568087df8e844714e567d31e0caf03ec56941525b16f7,mendeley_goodware,0,file:9dc1e17904c26fb63f7568087df8e844714e567d31e0caf03ec56941525b16f7,train,train,x64,root,unified_mendeley
9e68fcf6fd1104bbd1ca47bb36347abc621329924f880b75793638af04dc607e,root__9e68fcf6fd1104bbd1ca47bb36347abc621329924f880b75793638af04dc607e,mendeley_goodware,0,file:9e68fcf6fd1104bbd1ca47bb36347abc621329924f880b75793638af04dc607e,train,train,x64,root,unified_mendeley
9e832e9e0ab949f84785e7a48c19b2a559ca021e9e8e9b5e1b10a33b7d2d723d,root__9e832e9e0ab949f84785e7a48c19b2a559ca021e9e8e9b5e1b10a33b7d2d723d,mendeley_goodware,0,file:9e832e9e0ab949f84785e7a48c19b2a559ca021e9e8e9b5e1b10a33b7d2d723d,test,test,x86,root,unified_mendeley
9ea21744e33d0eef5b6f346d05a31f428fa4ede6f64211e78f582d2448a10296,root__9ea21744e33d0eef5b6f346d05a31f428fa4ede6f64211e78f582d2448a10296,mendeley_goodware,0,file:9ea21744e33d0eef5b6f346d05a31f428fa4ede6f64211e78f582d2448a10296,train,train,x86,root,unified_mendeley
9eb93fbde0a661888a0ace44906dc7da3872fe610a348cafa81e56f8b8ea4975,root__9eb93fbde0a661888a0ace44906dc7da3872fe610a348cafa81e56f8b8ea4975,mendeley_goodware,0,file:9eb93fbde0a661888a0ace44906dc7da3872fe610a348cafa81e56f8b8ea4975,train,train,x86,root,unified_mendeley
9f09ac611e45a839281389f98e85724f375af47516aa5f22f6054fb09cd4ea81,root__9f09ac611e45a839281389f98e85724f375af47516aa5f22f6054fb09cd4ea81,mendeley_goodware,0,file:9f09ac611e45a839281389f98e85724f375af47516aa5f22f6054fb09cd4ea81,train,train,x86,root,unified_mendeley
9f631112a0570ab316d643745c3a0752eff11e51eeab7e2e07cce81b28dea55d,root__9f631112a0570ab316d643745c3a0752eff11e51eeab7e2e07cce81b28dea55d,mendeley_goodware,0,file:9f631112a0570ab316d643745c3a0752eff11e51eeab7e2e07cce81b28dea55d,train,train,x64,root,unified_mendeley
9f6811971cdce6361a269d74de51d9e6282d0b009ea9e489f2f777b2c54a87c8,root__9f6811971cdce6361a269d74de51d9e6282d0b009ea9e489f2f777b2c54a87c8,mendeley_goodware,0,file:9f6811971cdce6361a269d74de51d9e6282d0b009ea9e489f2f777b2c54a87c8,test,test,x86,root,unified_mendeley
9f769e52ac15ae1d0b6a3da293f612ac24303882b1d49ef7a5105ed1b24210d3,root__9f769e52ac15ae1d0b6a3da293f612ac24303882b1d49ef7a5105ed1b24210d3,mendeley_goodware,0,file:9f769e52ac15ae1d0b6a3da293f612ac24303882b1d49ef7a5105ed1b24210d3,train,train,x64,root,unified_mendeley
9fe1d946c3dbcfa6030f2d1581ccc0643345705f5a9e327313e95343c2b48221,root__9fe1d946c3dbcfa6030f2d1581ccc0643345705f5a9e327313e95343c2b48221,mendeley_goodware,0,file:9fe1d946c3dbcfa6030f2d1581ccc0643345705f5a9e327313e95343c2b48221,train,train,x86,root,unified_mendeley
a016b037465a9b2f07ef652786bb86ad27a66f16298056d04f769f9d001cd9c0,root__a016b037465a9b2f07ef652786bb86ad27a66f16298056d04f769f9d001cd9c0,mendeley_goodware,0,file:a016b037465a9b2f07ef652786bb86ad27a66f16298056d04f769f9d001cd9c0,train,train,x86,root,unified_mendeley
a017ddc237fe1ee3346279cc71c1a84822520804a605b66fa3ba0c217984389b,root__a017ddc237fe1ee3346279cc71c1a84822520804a605b66fa3ba0c217984389b,mendeley_goodware,0,file:a017ddc237fe1ee3346279cc71c1a84822520804a605b66fa3ba0c217984389b,train,train,x64,root,unified_mendeley
a09b8d56c2a8c50d4007296821eca42edc23c8a70c868762abff11d4668ac1bd,root__a09b8d56c2a8c50d4007296821eca42edc23c8a70c868762abff11d4668ac1bd,mendeley_goodware,0,file:a09b8d56c2a8c50d4007296821eca42edc23c8a70c868762abff11d4668ac1bd,train,train,x86,root,unified_mendeley
a0a0c256070d7dc62a260ca36cf25b08521d8c35f2ac6f93224854cc538b564a,root__a0a0c256070d7dc62a260ca36cf25b08521d8c35f2ac6f93224854cc538b564a,mendeley_goodware,0,file:a0a0c256070d7dc62a260ca36cf25b08521d8c35f2ac6f93224854cc538b564a,train,train,x86,root,unified_mendeley
a0bb35738d10a16190f279a30c27e1e217a5e121ec0b2a2608506dd107342c6a,root__a0bb35738d10a16190f279a30c27e1e217a5e121ec0b2a2608506dd107342c6a,mendeley_goodware,0,file:a0bb35738d10a16190f279a30c27e1e217a5e121ec0b2a2608506dd107342c6a,train,train,x86,root,unified_mendeley
a122af3090368a1c1aec1b56f66858aef6979367a512e01a6e4f6f56a7204926,root__a122af3090368a1c1aec1b56f66858aef6979367a512e01a6e4f6f56a7204926,mendeley_goodware,0,file:a122af3090368a1c1aec1b56f66858aef6979367a512e01a6e4f6f56a7204926,train,train,x86,root,unified_mendeley
a12358d698e191ead19ec5340c5fd0c5653f64181dd5c8207320a9c6f3822f60,root__a12358d698e191ead19ec5340c5fd0c5653f64181dd5c8207320a9c6f3822f60,mendeley_goodware,0,file:a12358d698e191ead19ec5340c5fd0c5653f64181dd5c8207320a9c6f3822f60,train,train,x86,root,unified_mendeley
a13c30df2c1d6c82a068c207e4ea66b4614c272b733511d234827fbabe6f73f3,root__a13c30df2c1d6c82a068c207e4ea66b4614c272b733511d234827fbabe6f73f3,mendeley_goodware,0,file:a13c30df2c1d6c82a068c207e4ea66b4614c272b733511d234827fbabe6f73f3,train,train,x86,root,unified_mendeley
a1f2954dbb7d9111fb2dc9497a320e29e3a0cc2c00afe9d96c58f78b1247cd70,root__a1f2954dbb7d9111fb2dc9497a320e29e3a0cc2c00afe9d96c58f78b1247cd70,mendeley_goodware,0,file:a1f2954dbb7d9111fb2dc9497a320e29e3a0cc2c00afe9d96c58f78b1247cd70,train,train,x64,root,unified_mendeley
a1f495fb35cc72823bf0c556c59c0a1e7589f7109a3b287abaa5f803c652009e,root__a1f495fb35cc72823bf0c556c59c0a1e7589f7109a3b287abaa5f803c652009e,mendeley_goodware,0,file:a1f495fb35cc72823bf0c556c59c0a1e7589f7109a3b287abaa5f803c652009e,train,train,x86,root,unified_mendeley
a20ef49100324263721a6e12e50994a111d0306373ad3a0127835a210d308069,root__a20ef49100324263721a6e12e50994a111d0306373ad3a0127835a210d308069,mendeley_goodware,0,file:a20ef49100324263721a6e12e50994a111d0306373ad3a0127835a210d308069,test,test,x86,root,unified_mendeley
a22ab3ede6914729ed60c690b0aa2e8012c012a235067ca7851b04311933b4c1,root__a22ab3ede6914729ed60c690b0aa2e8012c012a235067ca7851b04311933b4c1,mendeley_goodware,0,file:a22ab3ede6914729ed60c690b0aa2e8012c012a235067ca7851b04311933b4c1,val,train,x86,root,unified_mendeley
a278eab3c60f800fe4155a69147fa6f491b3dc021b83599a035b9c77d29096b5,root__a278eab3c60f800fe4155a69147fa6f491b3dc021b83599a035b9c77d29096b5,mendeley_goodware,0,file:a278eab3c60f800fe4155a69147fa6f491b3dc021b83599a035b9c77d29096b5,train,train,x86,root,unified_mendeley
a28bf11b34f5e0d1dc6e8f1d572c52ec7586f6d1d2ad80f63f389c01d002595e,root__a28bf11b34f5e0d1dc6e8f1d572c52ec7586f6d1d2ad80f63f389c01d002595e,mendeley_goodware,0,file:a28bf11b34f5e0d1dc6e8f1d572c52ec7586f6d1d2ad80f63f389c01d002595e,train,train,x64,root,unified_mendeley
a2a38886919bdeec8150b2474f84671cba2d061967ded2bcb97ed6bb57c3644d,root__a2a38886919bdeec8150b2474f84671cba2d061967ded2bcb97ed6bb57c3644d,mendeley_goodware,0,file:a2a38886919bdeec8150b2474f84671cba2d061967ded2bcb97ed6bb57c3644d,train,train,x64,root,unified_mendeley
a300fec2ae5eed7452cae3ac88e4f7274bd0d2378ec71e58c3f4465c2f27f5f5,root__a300fec2ae5eed7452cae3ac88e4f7274bd0d2378ec71e58c3f4465c2f27f5f5,mendeley_goodware,0,file:a300fec2ae5eed7452cae3ac88e4f7274bd0d2378ec71e58c3f4465c2f27f5f5,train,train,x86,root,unified_mendeley
a338c5ed1adb02894b1fef51a8f885401c3d08e3368ad75d833d0b368a90cccd,root__a338c5ed1adb02894b1fef51a8f885401c3d08e3368ad75d833d0b368a90cccd,mendeley_goodware,0,file:a338c5ed1adb02894b1fef51a8f885401c3d08e3368ad75d833d0b368a90cccd,train,train,x86,root,unified_mendeley
a381276ca1909cfa4e3812ccf4a9d8fffdf691945d297fffa0fefc81d5495532,root__a381276ca1909cfa4e3812ccf4a9d8fffdf691945d297fffa0fefc81d5495532,mendeley_goodware,0,file:a381276ca1909cfa4e3812ccf4a9d8fffdf691945d297fffa0fefc81d5495532,train,train,x64,root,unified_mendeley
a3da3d238e1118920ba40ca238a10e5aea0fcb76970bc0c6a104b9198c2510ec,root__a3da3d238e1118920ba40ca238a10e5aea0fcb76970bc0c6a104b9198c2510ec,mendeley_goodware,0,file:a3da3d238e1118920ba40ca238a10e5aea0fcb76970bc0c6a104b9198c2510ec,val,train,x86,root,unified_mendeley
a436c4ff2539b2a65f4787a0af777075a0e40ef019b78f7276273266f439873c,root__a436c4ff2539b2a65f4787a0af777075a0e40ef019b78f7276273266f439873c,mendeley_goodware,0,file:a436c4ff2539b2a65f4787a0af777075a0e40ef019b78f7276273266f439873c,train,train,x86,root,unified_mendeley
a43f9205c2a08397981b7728afcd3819e5b70f9d67100bf5d88b115e6badd82b,root__a43f9205c2a08397981b7728afcd3819e5b70f9d67100bf5d88b115e6badd82b,mendeley_goodware,0,file:a43f9205c2a08397981b7728afcd3819e5b70f9d67100bf5d88b115e6badd82b,train,train,x86,root,unified_mendeley
a4d77f6d6ff398fe564bb4010caf6a19884b6f62a892350c94c71992744e659b,root__a4d77f6d6ff398fe564bb4010caf6a19884b6f62a892350c94c71992744e659b,mendeley_goodware,0,file:a4d77f6d6ff398fe564bb4010caf6a19884b6f62a892350c94c71992744e659b,train,train,x86,root,unified_mendeley
a4e302774835b5a4742414f7946e93c301373d769c2b1190e4cfd159dd8181b8,root__a4e302774835b5a4742414f7946e93c301373d769c2b1190e4cfd159dd8181b8,mendeley_goodware,0,file:a4e302774835b5a4742414f7946e93c301373d769c2b1190e4cfd159dd8181b8,test,test,x86,root,unified_mendeley
a52b302aaa40a678bc61653f1271debda2d6b1cec6cc13972120d63a25d0cb12,root__a52b302aaa40a678bc61653f1271debda2d6b1cec6cc13972120d63a25d0cb12,mendeley_goodware,0,file:a52b302aaa40a678bc61653f1271debda2d6b1cec6cc13972120d63a25d0cb12,train,train,x64,root,unified_mendeley
a54e3494461db40dbe0ac3e6d5b0b557ead7f28fa1941ff99e696eef946a2840,root__a54e3494461db40dbe0ac3e6d5b0b557ead7f28fa1941ff99e696eef946a2840,mendeley_goodware,0,file:a54e3494461db40dbe0ac3e6d5b0b557ead7f28fa1941ff99e696eef946a2840,train,train,x86,root,unified_mendeley
a54fc1d12215a624b124aece0c9c47491b4e3974339c5a395a4aa1c5f4fbb65b,root__a54fc1d12215a624b124aece0c9c47491b4e3974339c5a395a4aa1c5f4fbb65b,mendeley_goodware,0,file:a54fc1d12215a624b124aece0c9c47491b4e3974339c5a395a4aa1c5f4fbb65b,train,train,x64,root,unified_mendeley
a5525f7c0b0091a1f701db85d305768c4262f8f91ab40563712a2c3ad48f3005,root__a5525f7c0b0091a1f701db85d305768c4262f8f91ab40563712a2c3ad48f3005,mendeley_goodware,0,file:a5525f7c0b0091a1f701db85d305768c4262f8f91ab40563712a2c3ad48f3005,train,train,x86,root,unified_mendeley
a55faefb1924ff313802cd586594d55a7ebd6282ba236953d77d5797953629cd,root__a55faefb1924ff313802cd586594d55a7ebd6282ba236953d77d5797953629cd,mendeley_goodware,0,file:a55faefb1924ff313802cd586594d55a7ebd6282ba236953d77d5797953629cd,train,train,x64,root,unified_mendeley
a57b027f6619281b920503c26a30fa3daefc874be3fc31257f63106f7a434643,root__a57b027f6619281b920503c26a30fa3daefc874be3fc31257f63106f7a434643,mendeley_goodware,0,file:a57b027f6619281b920503c26a30fa3daefc874be3fc31257f63106f7a434643,val,train,x64,root,unified_mendeley
a584b2dd163daabdc51f9e41ab3ef154b3e880d17c06dc3fdafd62fc6e266c4f,root__a584b2dd163daabdc51f9e41ab3ef154b3e880d17c06dc3fdafd62fc6e266c4f,mendeley_goodware,0,file:a584b2dd163daabdc51f9e41ab3ef154b3e880d17c06dc3fdafd62fc6e266c4f,train,train,x86,root,unified_mendeley
a59282984c23991a66cbbd6f654b979180a2e24a73b7be0929f6494180a4feb8,root__a59282984c23991a66cbbd6f654b979180a2e24a73b7be0929f6494180a4feb8,mendeley_goodware,0,file:a59282984c23991a66cbbd6f654b979180a2e24a73b7be0929f6494180a4feb8,train,train,x64,root,unified_mendeley
a599e319bc738b22ef91aa1a0770b823cf7affe2cefb09e46421f614066c5d54,root__a599e319bc738b22ef91aa1a0770b823cf7affe2cefb09e46421f614066c5d54,mendeley_goodware,0,file:a599e319bc738b22ef91aa1a0770b823cf7affe2cefb09e46421f614066c5d54,train,train,x86,root,unified_mendeley
a609e0c72d93caebb606b6663fce9061a9087e242585194717c8900aa1a9e270,root__a609e0c72d93caebb606b6663fce9061a9087e242585194717c8900aa1a9e270,mendeley_goodware,0,file:a609e0c72d93caebb606b6663fce9061a9087e242585194717c8900aa1a9e270,train,train,x86,root,unified_mendeley
a60b5c160c2b722420c05e4f3dd6750d11bafc22851d3cde48247246b669d545,root__a60b5c160c2b722420c05e4f3dd6750d11bafc22851d3cde48247246b669d545,mendeley_goodware,0,file:a60b5c160c2b722420c05e4f3dd6750d11bafc22851d3cde48247246b669d545,test,test,x86,root,unified_mendeley
a61c91b1ff6694756f674e1debe2031f19b0634fae9a35926106ec91d96c0ebb,root__a61c91b1ff6694756f674e1debe2031f19b0634fae9a35926106ec91d96c0ebb,mendeley_goodware,0,file:a61c91b1ff6694756f674e1debe2031f19b0634fae9a35926106ec91d96c0ebb,test,test,x86,root,unified_mendeley
a632557b425c9473cff244a9e69503cfecd14b8eebd9ab3ebef8a7128df4db31,root__a632557b425c9473cff244a9e69503cfecd14b8eebd9ab3ebef8a7128df4db31,mendeley_goodware,0,file:a632557b425c9473cff244a9e69503cfecd14b8eebd9ab3ebef8a7128df4db31,train,train,x64,root,unified_mendeley
a6be7a9d2fe57190c49d9e71aefa994d60cad48787b6739e032b0527c0862616,root__a6be7a9d2fe57190c49d9e71aefa994d60cad48787b6739e032b0527c0862616,mendeley_goodware,0,file:a6be7a9d2fe57190c49d9e71aefa994d60cad48787b6739e032b0527c0862616,test,test,x86,root,unified_mendeley
a6cfc215218b562cbe4fd37178d03c2f811e230c4c01ab1b0d6b163323117455,root__a6cfc215218b562cbe4fd37178d03c2f811e230c4c01ab1b0d6b163323117455,mendeley_goodware,0,file:a6cfc215218b562cbe4fd37178d03c2f811e230c4c01ab1b0d6b163323117455,test,test,x86,root,unified_mendeley
a6edae256e4a18ad055f82d06fe9063268fb0177f1219f7b54ece42e76cbe0aa,root__a6edae256e4a18ad055f82d06fe9063268fb0177f1219f7b54ece42e76cbe0aa,mendeley_goodware,0,file:a6edae256e4a18ad055f82d06fe9063268fb0177f1219f7b54ece42e76cbe0aa,train,train,x64,root,unified_mendeley
a718da8b2a1197d449d43c18f1fb9cf18aef47bdd61a7961120f02392d1b0fe7,root__a718da8b2a1197d449d43c18f1fb9cf18aef47bdd61a7961120f02392d1b0fe7,mendeley_goodware,0,file:a718da8b2a1197d449d43c18f1fb9cf18aef47bdd61a7961120f02392d1b0fe7,train,train,x64,root,unified_mendeley
a733b3e7c718371fd75855b43d778710016e3545c9ac3705e26c080c43763140,root__a733b3e7c718371fd75855b43d778710016e3545c9ac3705e26c080c43763140,mendeley_goodware,0,file:a733b3e7c718371fd75855b43d778710016e3545c9ac3705e26c080c43763140,train,train,x86,root,unified_mendeley
a745831032340b3f68d3171c150e3f176a59cd6c633d90d843de8d205e426e71,root__a745831032340b3f68d3171c150e3f176a59cd6c633d90d843de8d205e426e71,mendeley_goodware,0,file:a745831032340b3f68d3171c150e3f176a59cd6c633d90d843de8d205e426e71,train,train,x64,root,unified_mendeley
a7b6ac2649e6398cec55a349929fe1de8da137b9f77ecd7d9036f4bacb29bb59,root__a7b6ac2649e6398cec55a349929fe1de8da137b9f77ecd7d9036f4bacb29bb59,mendeley_goodware,0,file:a7b6ac2649e6398cec55a349929fe1de8da137b9f77ecd7d9036f4bacb29bb59,val,train,x64,root,unified_mendeley
a7f4bcc5958b493e4022e1424100e6a7da2a6eb3345818dc0b41cdc1c7bd86fc,root__a7f4bcc5958b493e4022e1424100e6a7da2a6eb3345818dc0b41cdc1c7bd86fc,mendeley_goodware,0,file:a7f4bcc5958b493e4022e1424100e6a7da2a6eb3345818dc0b41cdc1c7bd86fc,val,train,x64,root,unified_mendeley
a80bbcdf47fd3ca663614727d3743fcb38ce6659b5c19ade1efcc127728cb526,root__a80bbcdf47fd3ca663614727d3743fcb38ce6659b5c19ade1efcc127728cb526,mendeley_goodware,0,file:a80bbcdf47fd3ca663614727d3743fcb38ce6659b5c19ade1efcc127728cb526,train,train,x86,root,unified_mendeley
a8801f55523961a7dc8b38cbf48fbc1e46ae8e993e09153a240ac8f996c3a46f,root__a8801f55523961a7dc8b38cbf48fbc1e46ae8e993e09153a240ac8f996c3a46f,mendeley_goodware,0,file:a8801f55523961a7dc8b38cbf48fbc1e46ae8e993e09153a240ac8f996c3a46f,train,train,x64,root,unified_mendeley
a8c4b812d428abc71d8d2de96913e0aa6cc7a998b906ccb03a65b11c4ef6bef6,root__a8c4b812d428abc71d8d2de96913e0aa6cc7a998b906ccb03a65b11c4ef6bef6,mendeley_goodware,0,file:a8c4b812d428abc71d8d2de96913e0aa6cc7a998b906ccb03a65b11c4ef6bef6,train,train,x86,root,unified_mendeley
a9440c1eb0fe345648556c153f545cf52f36471c9cf5d34d60e8efca6865986b,root__a9440c1eb0fe345648556c153f545cf52f36471c9cf5d34d60e8efca6865986b,mendeley_goodware,0,file:a9440c1eb0fe345648556c153f545cf52f36471c9cf5d34d60e8efca6865986b,train,train,x64,root,unified_mendeley
a99acdfc69c9a7c3e027a9bec724d3c366d3fc52429bf6e2c1ffc8156beb7d75,root__a99acdfc69c9a7c3e027a9bec724d3c366d3fc52429bf6e2c1ffc8156beb7d75,mendeley_goodware,0,file:a99acdfc69c9a7c3e027a9bec724d3c366d3fc52429bf6e2c1ffc8156beb7d75,train,train,x64,root,unified_mendeley
a9bfe5633ced879d8a94b66a06a294bc6d6ef466eaee46ae4d25cb0e3a1d79a5,root__a9bfe5633ced879d8a94b66a06a294bc6d6ef466eaee46ae4d25cb0e3a1d79a5,mendeley_goodware,0,file:a9bfe5633ced879d8a94b66a06a294bc6d6ef466eaee46ae4d25cb0e3a1d79a5,train,train,x86,root,unified_mendeley
a9c8dc72b50c0deaf09db1eae874d892082cdaa42a51b99a09e4f93c43d3d78e,root__a9c8dc72b50c0deaf09db1eae874d892082cdaa42a51b99a09e4f93c43d3d78e,mendeley_goodware,0,file:a9c8dc72b50c0deaf09db1eae874d892082cdaa42a51b99a09e4f93c43d3d78e,train,train,x64,root,unified_mendeley
aa19ab5f5c954583c46e2c4099a2765432c6cccb5d20803167fcc1727ae5416c,root__aa19ab5f5c954583c46e2c4099a2765432c6cccb5d20803167fcc1727ae5416c,mendeley_goodware,0,file:aa19ab5f5c954583c46e2c4099a2765432c6cccb5d20803167fcc1727ae5416c,train,train,x86,root,unified_mendeley
aa55edcff2e8f053f37c313450310946836b5d29dfe01af787d91f61f03f4266,root__aa55edcff2e8f053f37c313450310946836b5d29dfe01af787d91f61f03f4266,mendeley_goodware,0,file:aa55edcff2e8f053f37c313450310946836b5d29dfe01af787d91f61f03f4266,test,test,x86,root,unified_mendeley
aa65429b8c782dd27979f780bbc68ac6f75ba61827bafa40bdcaffa159d7b3b2,root__aa65429b8c782dd27979f780bbc68ac6f75ba61827bafa40bdcaffa159d7b3b2,mendeley_goodware,0,file:aa65429b8c782dd27979f780bbc68ac6f75ba61827bafa40bdcaffa159d7b3b2,train,train,x86,root,unified_mendeley
aa82381aeff9d1908f76d5ffcf7dbf2492ce4725af7df06818e6d574b97ea1cb,root__aa82381aeff9d1908f76d5ffcf7dbf2492ce4725af7df06818e6d574b97ea1cb,mendeley_goodware,0,file:aa82381aeff9d1908f76d5ffcf7dbf2492ce4725af7df06818e6d574b97ea1cb,train,train,x64,root,unified_mendeley
aaddf5b583bd083eb9cfbadea6ed40225bc2217799b695e9860c9b7671ffdccd,root__aaddf5b583bd083eb9cfbadea6ed40225bc2217799b695e9860c9b7671ffdccd,mendeley_goodware,0,file:aaddf5b583bd083eb9cfbadea6ed40225bc2217799b695e9860c9b7671ffdccd,val,train,x86,root,unified_mendeley
aaf46718d4b117571179c57d2af8ca5449a96212529c8158c87ccfc78f5a2d01,root__aaf46718d4b117571179c57d2af8ca5449a96212529c8158c87ccfc78f5a2d01,mendeley_goodware,0,file:aaf46718d4b117571179c57d2af8ca5449a96212529c8158c87ccfc78f5a2d01,test,test,x64,root,unified_mendeley
ab28506b58ec7c62d5bfad4bb6ef754b490a28abef3d51c1c8e877468fb283ca,root__ab28506b58ec7c62d5bfad4bb6ef754b490a28abef3d51c1c8e877468fb283ca,mendeley_goodware,0,file:ab28506b58ec7c62d5bfad4bb6ef754b490a28abef3d51c1c8e877468fb283ca,train,train,x86,root,unified_mendeley
ab64955fad1305a21acd2556dd71af10ab413e2eacb97deed213a75ef935248e,root__ab64955fad1305a21acd2556dd71af10ab413e2eacb97deed213a75ef935248e,mendeley_goodware,0,file:ab64955fad1305a21acd2556dd71af10ab413e2eacb97deed213a75ef935248e,train,train,x64,root,unified_mendeley
ab86c762e07cd3bd5a41926ee35d4bdfd97c0c2607e713573081fd34aa2fafa9,root__ab86c762e07cd3bd5a41926ee35d4bdfd97c0c2607e713573081fd34aa2fafa9,mendeley_goodware,0,file:ab86c762e07cd3bd5a41926ee35d4bdfd97c0c2607e713573081fd34aa2fafa9,train,train,x86,root,unified_mendeley
abba5482c44f404fba5a6414ea4e56de1b65a77c2499638863018a5b569164a5,root__abba5482c44f404fba5a6414ea4e56de1b65a77c2499638863018a5b569164a5,mendeley_goodware,0,file:abba5482c44f404fba5a6414ea4e56de1b65a77c2499638863018a5b569164a5,val,train,x86,root,unified_mendeley
ac7c2f5e8761342650129917953e8a7b9a5fdd94de66d4fe1da73caec729c429,root__ac7c2f5e8761342650129917953e8a7b9a5fdd94de66d4fe1da73caec729c429,mendeley_goodware,0,file:ac7c2f5e8761342650129917953e8a7b9a5fdd94de66d4fe1da73caec729c429,train,train,x64,root,unified_mendeley
ac9284e17feb93f313fa31b5b62cf6e6743f0df3797c3d513e6fd3e55382115f,root__ac9284e17feb93f313fa31b5b62cf6e6743f0df3797c3d513e6fd3e55382115f,mendeley_goodware,0,file:ac9284e17feb93f313fa31b5b62cf6e6743f0df3797c3d513e6fd3e55382115f,train,train,x64,root,unified_mendeley
ac9535dfd7bb58fbb48aee69d5cab6cdd7b32dc92c3ca78b4e345607279507f2,root__ac9535dfd7bb58fbb48aee69d5cab6cdd7b32dc92c3ca78b4e345607279507f2,mendeley_goodware,0,file:ac9535dfd7bb58fbb48aee69d5cab6cdd7b32dc92c3ca78b4e345607279507f2,train,train,x86,root,unified_mendeley
aca461fd070d009740519feff8289fd1be2be3cc09011b28503fd535114adb3c,root__aca461fd070d009740519feff8289fd1be2be3cc09011b28503fd535114adb3c,mendeley_goodware,0,file:aca461fd070d009740519feff8289fd1be2be3cc09011b28503fd535114adb3c,train,train,x64,root,unified_mendeley
aca66f4bc15e1b8ede8f05f59dfafb15fa47d9e89ea1d4cf59264ba3d483f47c,root__aca66f4bc15e1b8ede8f05f59dfafb15fa47d9e89ea1d4cf59264ba3d483f47c,mendeley_goodware,0,file:aca66f4bc15e1b8ede8f05f59dfafb15fa47d9e89ea1d4cf59264ba3d483f47c,train,train,x86,root,unified_mendeley
acc0dd7aa13dc8eea216261f7f33f5d36c73c86a52bceded1d5105580608c306,root__acc0dd7aa13dc8eea216261f7f33f5d36c73c86a52bceded1d5105580608c306,mendeley_goodware,0,file:acc0dd7aa13dc8eea216261f7f33f5d36c73c86a52bceded1d5105580608c306,train,train,x86,root,unified_mendeley
accc72935ecd8f06b0620eef47d3622f8a5d27447beca7ac88de00b820985c3d,root__accc72935ecd8f06b0620eef47d3622f8a5d27447beca7ac88de00b820985c3d,mendeley_goodware,0,file:accc72935ecd8f06b0620eef47d3622f8a5d27447beca7ac88de00b820985c3d,test,test,x86,root,unified_mendeley
acd8bc7e3cd27db0eba06078dad305d60ddd4fe9fce29f8db936ea0e4e22d6f6,root__acd8bc7e3cd27db0eba06078dad305d60ddd4fe9fce29f8db936ea0e4e22d6f6,mendeley_goodware,0,file:acd8bc7e3cd27db0eba06078dad305d60ddd4fe9fce29f8db936ea0e4e22d6f6,test,test,x86,root,unified_mendeley
acda4f5448b1da3633da5a240ffacd64bd89abf55c3ef6f162fe5326f4810973,root__acda4f5448b1da3633da5a240ffacd64bd89abf55c3ef6f162fe5326f4810973,mendeley_goodware,0,file:acda4f5448b1da3633da5a240ffacd64bd89abf55c3ef6f162fe5326f4810973,train,train,x86,root,unified_mendeley
ace546697cc29946f459eecc3b0c3035530aa603880b811c7d1b0156ad7eb692,root__ace546697cc29946f459eecc3b0c3035530aa603880b811c7d1b0156ad7eb692,mendeley_goodware,0,file:ace546697cc29946f459eecc3b0c3035530aa603880b811c7d1b0156ad7eb692,train,train,x86,root,unified_mendeley
acf0537ab5146885ac0a332d7de770b60e61be2119164d67c3836058a2ead8ca,root__acf0537ab5146885ac0a332d7de770b60e61be2119164d67c3836058a2ead8ca,mendeley_goodware,0,file:acf0537ab5146885ac0a332d7de770b60e61be2119164d67c3836058a2ead8ca,train,train,x64,root,unified_mendeley
acfc36f82928ff28bbd6a22886d4829f2e28d9c42d8077daa048d08b9398f7e6,root__acfc36f82928ff28bbd6a22886d4829f2e28d9c42d8077daa048d08b9398f7e6,mendeley_goodware,0,file:acfc36f82928ff28bbd6a22886d4829f2e28d9c42d8077daa048d08b9398f7e6,train,train,x86,root,unified_mendeley
ad3fa4a386f66287949064bb551e938c9fd35b15a127f7a6bdac44e244cabb38,root__ad3fa4a386f66287949064bb551e938c9fd35b15a127f7a6bdac44e244cabb38,mendeley_goodware,0,file:ad3fa4a386f66287949064bb551e938c9fd35b15a127f7a6bdac44e244cabb38,train,train,x64,root,unified_mendeley
ad50d6f3f21a34d2fe251d5c3cc0e0f42170e2c70e45b7712bdbda0543b8bbf8,root__ad50d6f3f21a34d2fe251d5c3cc0e0f42170e2c70e45b7712bdbda0543b8bbf8,mendeley_goodware,0,file:ad50d6f3f21a34d2fe251d5c3cc0e0f42170e2c70e45b7712bdbda0543b8bbf8,train,train,x64,root,unified_mendeley
ae0411c0be7e5b40bd5f134d385eaaaa132efe37ce23cc413cdd270789f46e24,root__ae0411c0be7e5b40bd5f134d385eaaaa132efe37ce23cc413cdd270789f46e24,mendeley_goodware,0,file:ae0411c0be7e5b40bd5f134d385eaaaa132efe37ce23cc413cdd270789f46e24,train,train,x86,root,unified_mendeley
ae4b0e81c601521da974d53e44295c98331ced7c9cc2f260434e6bc0c475dda3,root__ae4b0e81c601521da974d53e44295c98331ced7c9cc2f260434e6bc0c475dda3,mendeley_goodware,0,file:ae4b0e81c601521da974d53e44295c98331ced7c9cc2f260434e6bc0c475dda3,train,train,x64,root,unified_mendeley
ae5f01d8915fe8ec47d12cd69e87820a212f7cd046a85545acf7db24e7e4f5a9,root__ae5f01d8915fe8ec47d12cd69e87820a212f7cd046a85545acf7db24e7e4f5a9,mendeley_goodware,0,file:ae5f01d8915fe8ec47d12cd69e87820a212f7cd046a85545acf7db24e7e4f5a9,val,train,x86,root,unified_mendeley
ae6351a712719286c4e636b35a79aa47a769d8562de721893d9cfb0769506eb8,root__ae6351a712719286c4e636b35a79aa47a769d8562de721893d9cfb0769506eb8,mendeley_goodware,0,file:ae6351a712719286c4e636b35a79aa47a769d8562de721893d9cfb0769506eb8,train,train,x64,root,unified_mendeley
ae663f66615f66a4f5970fff2ebc7b50142bb5fa809b472d942b50887daf9f0f,root__ae663f66615f66a4f5970fff2ebc7b50142bb5fa809b472d942b50887daf9f0f,mendeley_goodware,0,file:ae663f66615f66a4f5970fff2ebc7b50142bb5fa809b472d942b50887daf9f0f,train,train,x86,root,unified_mendeley
ae92672afbe430ed7074988847ece2cc80b7a1022e4bf27f0679955e2c425328,root__ae92672afbe430ed7074988847ece2cc80b7a1022e4bf27f0679955e2c425328,mendeley_goodware,0,file:ae92672afbe430ed7074988847ece2cc80b7a1022e4bf27f0679955e2c425328,test,test,x86,root,unified_mendeley
aed0ca2c872fc5a99d48190872026e1ecfae466699359bb980912025622f4fae,root__aed0ca2c872fc5a99d48190872026e1ecfae466699359bb980912025622f4fae,mendeley_goodware,0,file:aed0ca2c872fc5a99d48190872026e1ecfae466699359bb980912025622f4fae,train,train,x86,root,unified_mendeley
aee1ca98e74c1de9fb55372f5a8ce642e69775b8f4ad1025a899b52e3c706601,root__aee1ca98e74c1de9fb55372f5a8ce642e69775b8f4ad1025a899b52e3c706601,mendeley_goodware,0,file:aee1ca98e74c1de9fb55372f5a8ce642e69775b8f4ad1025a899b52e3c706601,train,train,x86,root,unified_mendeley
aef5bf320220b76e88a53a23a8c7caa535c7d5656a66612da6a60a344869df12,root__aef5bf320220b76e88a53a23a8c7caa535c7d5656a66612da6a60a344869df12,mendeley_goodware,0,file:aef5bf320220b76e88a53a23a8c7caa535c7d5656a66612da6a60a344869df12,train,train,x64,root,unified_mendeley
af43c56b754a0d259e76dbfa74ad0938ecac10b74a396a0d11137e056435386e,root__af43c56b754a0d259e76dbfa74ad0938ecac10b74a396a0d11137e056435386e,mendeley_goodware,0,file:af43c56b754a0d259e76dbfa74ad0938ecac10b74a396a0d11137e056435386e,train,train,x64,root,unified_mendeley
af6d27d9f03c1e7299bdd77b9ed45e7f1e75dfd03c611ebd3360670841fb494c,root__af6d27d9f03c1e7299bdd77b9ed45e7f1e75dfd03c611ebd3360670841fb494c,mendeley_goodware,0,file:af6d27d9f03c1e7299bdd77b9ed45e7f1e75dfd03c611ebd3360670841fb494c,test,test,x86,root,unified_mendeley
b01b1fad43094c5b336f8ed8818013db66d2a71141ee5c3602b951a7bf78b989,root__b01b1fad43094c5b336f8ed8818013db66d2a71141ee5c3602b951a7bf78b989,mendeley_goodware,0,file:b01b1fad43094c5b336f8ed8818013db66d2a71141ee5c3602b951a7bf78b989,train,train,x86,root,unified_mendeley
b04d792e44f821da9bf92ea927a6dd72ecf23b15f738dc4f222c839f7242e9cd,root__b04d792e44f821da9bf92ea927a6dd72ecf23b15f738dc4f222c839f7242e9cd,mendeley_goodware,0,file:b04d792e44f821da9bf92ea927a6dd72ecf23b15f738dc4f222c839f7242e9cd,train,train,x64,root,unified_mendeley
b0668b6596578d5d918c8d29083423c8025bd49328130383841139dd575868c6,root__b0668b6596578d5d918c8d29083423c8025bd49328130383841139dd575868c6,mendeley_goodware,0,file:b0668b6596578d5d918c8d29083423c8025bd49328130383841139dd575868c6,train,train,x86,root,unified_mendeley
b0832dec07a4cb6228b7b392d6abafb79e9bf7327605ae3e86e1e617de7495a5,root__b0832dec07a4cb6228b7b392d6abafb79e9bf7327605ae3e86e1e617de7495a5,mendeley_goodware,0,file:b0832dec07a4cb6228b7b392d6abafb79e9bf7327605ae3e86e1e617de7495a5,val,train,x86,root,unified_mendeley
b0941aa867814b4ea71785515ba81ce05ad42b591bed90d6005f1c89aa2ce59b,root__b0941aa867814b4ea71785515ba81ce05ad42b591bed90d6005f1c89aa2ce59b,mendeley_goodware,0,file:b0941aa867814b4ea71785515ba81ce05ad42b591bed90d6005f1c89aa2ce59b,train,train,x86,root,unified_mendeley
b0bdb7af4b4e1c735791d5874691345d8d8f78149380e970b5f53f75c580ffeb,root__b0bdb7af4b4e1c735791d5874691345d8d8f78149380e970b5f53f75c580ffeb,mendeley_goodware,0,file:b0bdb7af4b4e1c735791d5874691345d8d8f78149380e970b5f53f75c580ffeb,train,train,x64,root,unified_mendeley
b0fa083d8276ede756d9e525b18eebc9067357747228f0d965d452fa194e0c47,root__b0fa083d8276ede756d9e525b18eebc9067357747228f0d965d452fa194e0c47,mendeley_goodware,0,file:b0fa083d8276ede756d9e525b18eebc9067357747228f0d965d452fa194e0c47,train,train,x86,root,unified_mendeley
b10cb64a755f67c25d42a5716d9c89094c799dd736d0a4e0639574b1ed5e7096,root__b10cb64a755f67c25d42a5716d9c89094c799dd736d0a4e0639574b1ed5e7096,mendeley_goodware,0,file:b10cb64a755f67c25d42a5716d9c89094c799dd736d0a4e0639574b1ed5e7096,train,train,x86,root,unified_mendeley
b1223b86d03c3583b84e46a9a6ad009d770fc4114640402ede19793167593a8f,root__b1223b86d03c3583b84e46a9a6ad009d770fc4114640402ede19793167593a8f,mendeley_goodware,0,file:b1223b86d03c3583b84e46a9a6ad009d770fc4114640402ede19793167593a8f,train,train,x64,root,unified_mendeley
b137efebc097fda9311a4526e450238b07e15b6ea78f78b0c14c1eb073a171f6,root__b137efebc097fda9311a4526e450238b07e15b6ea78f78b0c14c1eb073a171f6,mendeley_goodware,0,file:b137efebc097fda9311a4526e450238b07e15b6ea78f78b0c14c1eb073a171f6,train,train,x86,root,unified_mendeley
b147cc9a14b92e224c7755d41e0453506f983e7874573f1df79f3ebf27bed090,root__b147cc9a14b92e224c7755d41e0453506f983e7874573f1df79f3ebf27bed090,mendeley_goodware,0,file:b147cc9a14b92e224c7755d41e0453506f983e7874573f1df79f3ebf27bed090,val,train,x64,root,unified_mendeley
b1997fe5a386eab419fc9066a4723937d57d5e61cc9d741f9ee9232e0d9ed96c,root__b1997fe5a386eab419fc9066a4723937d57d5e61cc9d741f9ee9232e0d9ed96c,mendeley_goodware,0,file:b1997fe5a386eab419fc9066a4723937d57d5e61cc9d741f9ee9232e0d9ed96c,train,train,x86,root,unified_mendeley
b1a25d53c302c3b4e7d6affbc309e67c3761e0d189b9fc1389e16c626ef8b09d,root__b1a25d53c302c3b4e7d6affbc309e67c3761e0d189b9fc1389e16c626ef8b09d,mendeley_goodware,0,file:b1a25d53c302c3b4e7d6affbc309e67c3761e0d189b9fc1389e16c626ef8b09d,val,train,x64,root,unified_mendeley
b1b7a772c927b4d3e2e4d59ba69e3fe955506ff80cee0947d54c6b3fabef6860,root__b1b7a772c927b4d3e2e4d59ba69e3fe955506ff80cee0947d54c6b3fabef6860,mendeley_goodware,0,file:b1b7a772c927b4d3e2e4d59ba69e3fe955506ff80cee0947d54c6b3fabef6860,train,train,x86,root,unified_mendeley
b1d0dda4668eade6c0dfdc9daf4ce801175f0903fe15b97518673d05f6504cb5,root__b1d0dda4668eade6c0dfdc9daf4ce801175f0903fe15b97518673d05f6504cb5,mendeley_goodware,0,file:b1d0dda4668eade6c0dfdc9daf4ce801175f0903fe15b97518673d05f6504cb5,train,train,x86,root,unified_mendeley
b2268460262b8587c8acd530a5edd7fb5d13cf41640d8bcf02a2ea213882fab4,root__b2268460262b8587c8acd530a5edd7fb5d13cf41640d8bcf02a2ea213882fab4,mendeley_goodware,0,file:b2268460262b8587c8acd530a5edd7fb5d13cf41640d8bcf02a2ea213882fab4,train,train,x86,root,unified_mendeley
b24167bd69e44f8f0772c8fd99d3bd3270f7cd1007d5d3b5259f4858a1e91f73,root__b24167bd69e44f8f0772c8fd99d3bd3270f7cd1007d5d3b5259f4858a1e91f73,mendeley_goodware,0,file:b24167bd69e44f8f0772c8fd99d3bd3270f7cd1007d5d3b5259f4858a1e91f73,train,train,x86,root,unified_mendeley
b2adf4cb63c8b1b2ff014bd328deac96354c6f834faf0660efd8f7e89f1b2399,root__b2adf4cb63c8b1b2ff014bd328deac96354c6f834faf0660efd8f7e89f1b2399,mendeley_goodware,0,file:b2adf4cb63c8b1b2ff014bd328deac96354c6f834faf0660efd8f7e89f1b2399,train,train,x86,root,unified_mendeley
b2b3f5f90495d89ed03494178d3faf2afdac867e7733bc64c73b34243c5e8685,root__b2b3f5f90495d89ed03494178d3faf2afdac867e7733bc64c73b34243c5e8685,mendeley_goodware,0,file:b2b3f5f90495d89ed03494178d3faf2afdac867e7733bc64c73b34243c5e8685,train,train,x86,root,unified_mendeley
b2dcc55a4e7bdc26ca24b3539ea584e0b3775b761b9c810e5f54db927d1cec14,root__b2dcc55a4e7bdc26ca24b3539ea584e0b3775b761b9c810e5f54db927d1cec14,mendeley_goodware,0,file:b2dcc55a4e7bdc26ca24b3539ea584e0b3775b761b9c810e5f54db927d1cec14,test,test,x86,root,unified_mendeley
b2f5db4cbcd7dbdece131c69ca7f1a20daf715d6b2ed40723b456708bdc9bcd8,root__b2f5db4cbcd7dbdece131c69ca7f1a20daf715d6b2ed40723b456708bdc9bcd8,mendeley_goodware,0,file:b2f5db4cbcd7dbdece131c69ca7f1a20daf715d6b2ed40723b456708bdc9bcd8,train,train,x64,root,unified_mendeley
b33650a4e2b61d934783e1fa732dbc618f5f8b4c523fb6af68ff12e6cac74687,root__b33650a4e2b61d934783e1fa732dbc618f5f8b4c523fb6af68ff12e6cac74687,mendeley_goodware,0,file:b33650a4e2b61d934783e1fa732dbc618f5f8b4c523fb6af68ff12e6cac74687,train,train,x86,root,unified_mendeley
b350d80e95786958036866622bc212ff604eed498b21d2703450ce4cd108c28e,root__b350d80e95786958036866622bc212ff604eed498b21d2703450ce4cd108c28e,mendeley_goodware,0,file:b350d80e95786958036866622bc212ff604eed498b21d2703450ce4cd108c28e,val,train,x86,root,unified_mendeley
b353e5947033ea7f136fdeeb39bb55b0d6a7695ab4f192ae8e215b80b722fb83,root__b353e5947033ea7f136fdeeb39bb55b0d6a7695ab4f192ae8e215b80b722fb83,mendeley_goodware,0,file:b353e5947033ea7f136fdeeb39bb55b0d6a7695ab4f192ae8e215b80b722fb83,train,train,x86,root,unified_mendeley
b36628817a85b2491cb70b6f1f7283c5c9ccb7efde9ace06ae09a9360bcdbb53,root__b36628817a85b2491cb70b6f1f7283c5c9ccb7efde9ace06ae09a9360bcdbb53,mendeley_goodware,0,file:b36628817a85b2491cb70b6f1f7283c5c9ccb7efde9ace06ae09a9360bcdbb53,train,train,x64,root,unified_mendeley
b36ab0c62f6bd1c124a67c00ecb392359517d1558136b72ab6fca034ce93712f,root__b36ab0c62f6bd1c124a67c00ecb392359517d1558136b72ab6fca034ce93712f,mendeley_goodware,0,file:b36ab0c62f6bd1c124a67c00ecb392359517d1558136b72ab6fca034ce93712f,train,train,x86,root,unified_mendeley
b38941d1cf30b57be85a4b70345cf4bc2b79c20bd8cdc5835ed9f258a5dcff16,root__b38941d1cf30b57be85a4b70345cf4bc2b79c20bd8cdc5835ed9f258a5dcff16,mendeley_goodware,0,file:b38941d1cf30b57be85a4b70345cf4bc2b79c20bd8cdc5835ed9f258a5dcff16,train,train,x64,root,unified_mendeley
b38e19ebdad15526cf8305059b53dfaa2f277eae2e46edf787f84d637cca9170,root__b38e19ebdad15526cf8305059b53dfaa2f277eae2e46edf787f84d637cca9170,mendeley_goodware,0,file:b38e19ebdad15526cf8305059b53dfaa2f277eae2e46edf787f84d637cca9170,train,train,x64,root,unified_mendeley
b3958d6fad71fa64227f2b41f57dbf9bab434746ba0d249e226408199c218f48,root__b3958d6fad71fa64227f2b41f57dbf9bab434746ba0d249e226408199c218f48,mendeley_goodware,0,file:b3958d6fad71fa64227f2b41f57dbf9bab434746ba0d249e226408199c218f48,train,train,x64,root,unified_mendeley
b3982e67820abc7b41818a7236232ce6de92689b76b6f152fab9ef302528566d,root__b3982e67820abc7b41818a7236232ce6de92689b76b6f152fab9ef302528566d,mendeley_goodware,0,file:b3982e67820abc7b41818a7236232ce6de92689b76b6f152fab9ef302528566d,train,train,x86,root,unified_mendeley
b3ac4d5312a75adde820c903bdd641cbceeab05afa2f16e4ee1a07dbd8f892d1,root__b3ac4d5312a75adde820c903bdd641cbceeab05afa2f16e4ee1a07dbd8f892d1,mendeley_goodware,0,file:b3ac4d5312a75adde820c903bdd641cbceeab05afa2f16e4ee1a07dbd8f892d1,train,train,x64,root,unified_mendeley
b3d7aab8ad319dcf7050fe8ce67d69c8c59adc0d90c19a144c2d5c1f66c1babf,root__b3d7aab8ad319dcf7050fe8ce67d69c8c59adc0d90c19a144c2d5c1f66c1babf,mendeley_goodware,0,file:b3d7aab8ad319dcf7050fe8ce67d69c8c59adc0d90c19a144c2d5c1f66c1babf,train,train,x64,root,unified_mendeley
b437fec40dbcd4105eed821ff75ba7eea5145bae15783701ae09d52f31db3e98,root__b437fec40dbcd4105eed821ff75ba7eea5145bae15783701ae09d52f31db3e98,mendeley_goodware,0,file:b437fec40dbcd4105eed821ff75ba7eea5145bae15783701ae09d52f31db3e98,train,train,x86,root,unified_mendeley
b4914bca35d3c88df3318b86dc58f379a0b52c8bdac613fa19fcee5dcaca649d,root__b4914bca35d3c88df3318b86dc58f379a0b52c8bdac613fa19fcee5dcaca649d,mendeley_goodware,0,file:b4914bca35d3c88df3318b86dc58f379a0b52c8bdac613fa19fcee5dcaca649d,test,test,x86,root,unified_mendeley
b49e30ae3d388505f0a30fd137e62ee6c2df73e6db6536553b62592d01cf6f6c,root__b49e30ae3d388505f0a30fd137e62ee6c2df73e6db6536553b62592d01cf6f6c,mendeley_goodware,0,file:b49e30ae3d388505f0a30fd137e62ee6c2df73e6db6536553b62592d01cf6f6c,train,train,x86,root,unified_mendeley
b4a874c5ccfa9a698e4a56d7453105cc7617802c385abe1603760a9bb33d39ed,root__b4a874c5ccfa9a698e4a56d7453105cc7617802c385abe1603760a9bb33d39ed,mendeley_goodware,0,file:b4a874c5ccfa9a698e4a56d7453105cc7617802c385abe1603760a9bb33d39ed,train,train,x86,root,unified_mendeley
b504a13f1d9e2c60ff2093bd2f5b7cfc657bf3087f68473d9a8d07110bdfad31,root__b504a13f1d9e2c60ff2093bd2f5b7cfc657bf3087f68473d9a8d07110bdfad31,mendeley_goodware,0,file:b504a13f1d9e2c60ff2093bd2f5b7cfc657bf3087f68473d9a8d07110bdfad31,train,train,x64,root,unified_mendeley
b55e38fc187a30eaf5b9316a50bd8b06dbb4a3878fb173cc28a298dacdef0554,root__b55e38fc187a30eaf5b9316a50bd8b06dbb4a3878fb173cc28a298dacdef0554,mendeley_goodware,0,file:b55e38fc187a30eaf5b9316a50bd8b06dbb4a3878fb173cc28a298dacdef0554,train,train,x86,root,unified_mendeley
b56487bbe5c6c72a3d6319bd855f9448051cfed69d8f34d240dd2f4176ea0dcf,root__b56487bbe5c6c72a3d6319bd855f9448051cfed69d8f34d240dd2f4176ea0dcf,mendeley_goodware,0,file:b56487bbe5c6c72a3d6319bd855f9448051cfed69d8f34d240dd2f4176ea0dcf,train,train,x64,root,unified_mendeley
b5a99113cc15c20ec50f2e2042a06c7760ee79504c559d8368334923f6be1eb7,root__b5a99113cc15c20ec50f2e2042a06c7760ee79504c559d8368334923f6be1eb7,mendeley_goodware,0,file:b5a99113cc15c20ec50f2e2042a06c7760ee79504c559d8368334923f6be1eb7,train,train,x86,root,unified_mendeley
b5ce167b949c0ed0033acc0427df0412ed717e42e42099381e4b3d44cb2b5b34,root__b5ce167b949c0ed0033acc0427df0412ed717e42e42099381e4b3d44cb2b5b34,mendeley_goodware,0,file:b5ce167b949c0ed0033acc0427df0412ed717e42e42099381e4b3d44cb2b5b34,test,test,x86,root,unified_mendeley
b636be5941a8fccbac70d73bf4aae8179add31bccc8dc0d32bdec50b1b4d60a6,root__b636be5941a8fccbac70d73bf4aae8179add31bccc8dc0d32bdec50b1b4d60a6,mendeley_goodware,0,file:b636be5941a8fccbac70d73bf4aae8179add31bccc8dc0d32bdec50b1b4d60a6,train,train,x86,root,unified_mendeley
b72cb28ce540f306f7abf0f2e808799dbe6b53f6502295f608be584ca1114fa0,root__b72cb28ce540f306f7abf0f2e808799dbe6b53f6502295f608be584ca1114fa0,mendeley_goodware,0,file:b72cb28ce540f306f7abf0f2e808799dbe6b53f6502295f608be584ca1114fa0,train,train,x86,root,unified_mendeley
b769136c930e2a96ced9db5803b86e3fe7ed786f5236875e4ad6493463993245,root__b769136c930e2a96ced9db5803b86e3fe7ed786f5236875e4ad6493463993245,mendeley_goodware,0,file:b769136c930e2a96ced9db5803b86e3fe7ed786f5236875e4ad6493463993245,train,train,x86,root,unified_mendeley
b77b21a524249000737112909827cefbbe582fd863dff54612050ae69cb5a80c,root__b77b21a524249000737112909827cefbbe582fd863dff54612050ae69cb5a80c,mendeley_goodware,0,file:b77b21a524249000737112909827cefbbe582fd863dff54612050ae69cb5a80c,train,train,x64,root,unified_mendeley
b79559c5e0a0cee775bee1517115e3326ab9f69896b8cdd85e3925bdeabcff75,root__b79559c5e0a0cee775bee1517115e3326ab9f69896b8cdd85e3925bdeabcff75,mendeley_goodware,0,file:b79559c5e0a0cee775bee1517115e3326ab9f69896b8cdd85e3925bdeabcff75,train,train,x86,root,unified_mendeley
b7ae247af132aabe61de264ba3f3f6f18a0be528fd75c2246834d52379eddb6c,root__b7ae247af132aabe61de264ba3f3f6f18a0be528fd75c2246834d52379eddb6c,mendeley_goodware,0,file:b7ae247af132aabe61de264ba3f3f6f18a0be528fd75c2246834d52379eddb6c,train,train,x86,root,unified_mendeley
b7de6e79e0d1de3e8970bc876eb247d0fccc45c9450606ec3ec5a7c2d99534df,root__b7de6e79e0d1de3e8970bc876eb247d0fccc45c9450606ec3ec5a7c2d99534df,mendeley_goodware,0,file:b7de6e79e0d1de3e8970bc876eb247d0fccc45c9450606ec3ec5a7c2d99534df,train,train,x64,root,unified_mendeley
b80303ac5429803f60cbb8c93bcc9d2fb1adf191e324ce9439dd2557d4978455,root__b80303ac5429803f60cbb8c93bcc9d2fb1adf191e324ce9439dd2557d4978455,mendeley_goodware,0,file:b80303ac5429803f60cbb8c93bcc9d2fb1adf191e324ce9439dd2557d4978455,train,train,x86,root,unified_mendeley
b8375160593c224f2cacdd8d3c97a5b320ac0a9ec6e75cfcb2d2fb76605f4a1f,root__b8375160593c224f2cacdd8d3c97a5b320ac0a9ec6e75cfcb2d2fb76605f4a1f,mendeley_goodware,0,file:b8375160593c224f2cacdd8d3c97a5b320ac0a9ec6e75cfcb2d2fb76605f4a1f,val,train,x86,root,unified_mendeley
b8597f7274dd8d8badbe4613c15b041d46e60cb6d0b8c29e054a150a4fdd80b4,root__b8597f7274dd8d8badbe4613c15b041d46e60cb6d0b8c29e054a150a4fdd80b4,mendeley_goodware,0,file:b8597f7274dd8d8badbe4613c15b041d46e60cb6d0b8c29e054a150a4fdd80b4,train,train,x86,root,unified_mendeley
b8d558f0e7856c519bce673f8a01602c747b23bb50aa5a65ef856bfdd41226ee,root__b8d558f0e7856c519bce673f8a01602c747b23bb50aa5a65ef856bfdd41226ee,mendeley_goodware,0,file:b8d558f0e7856c519bce673f8a01602c747b23bb50aa5a65ef856bfdd41226ee,train,train,x64,root,unified_mendeley
b8e0841130eb3dc73e827e8cdd0ca7a8caa2da7aa0d7de74433b13b0c19ab7a1,root__b8e0841130eb3dc73e827e8cdd0ca7a8caa2da7aa0d7de74433b13b0c19ab7a1,mendeley_goodware,0,file:b8e0841130eb3dc73e827e8cdd0ca7a8caa2da7aa0d7de74433b13b0c19ab7a1,train,train,x86,root,unified_mendeley
b8e52abd573af6b8773a567425a5fa667be939e3bc1e522b0db388a4f0fa2b5d,root__b8e52abd573af6b8773a567425a5fa667be939e3bc1e522b0db388a4f0fa2b5d,mendeley_goodware,0,file:b8e52abd573af6b8773a567425a5fa667be939e3bc1e522b0db388a4f0fa2b5d,train,train,x86,root,unified_mendeley
b931705e1a89015958eda80045a1ebac354e49a45a770f4f6aeaa4064361ecb9,root__b931705e1a89015958eda80045a1ebac354e49a45a770f4f6aeaa4064361ecb9,mendeley_goodware,0,file:b931705e1a89015958eda80045a1ebac354e49a45a770f4f6aeaa4064361ecb9,val,train,x86,root,unified_mendeley
b9b24776156d0448ec1ea55019ae85f2e17a2d0d133d1a7d1a86d82561073da5,root__b9b24776156d0448ec1ea55019ae85f2e17a2d0d133d1a7d1a86d82561073da5,mendeley_goodware,0,file:b9b24776156d0448ec1ea55019ae85f2e17a2d0d133d1a7d1a86d82561073da5,train,train,x64,root,unified_mendeley
ba0d713bfe319df63b7145f2952ff6c81c35aad0ff1676d9e467dfe3ae443b17,root__ba0d713bfe319df63b7145f2952ff6c81c35aad0ff1676d9e467dfe3ae443b17,mendeley_goodware,0,file:ba0d713bfe319df63b7145f2952ff6c81c35aad0ff1676d9e467dfe3ae443b17,train,train,x64,root,unified_mendeley
ba468fac470fd88e72a7253189bf3673079d1e31bb1f7725516f9fa757047a7a,root__ba468fac470fd88e72a7253189bf3673079d1e31bb1f7725516f9fa757047a7a,mendeley_goodware,0,file:ba468fac470fd88e72a7253189bf3673079d1e31bb1f7725516f9fa757047a7a,train,train,x86,root,unified_mendeley
ba52a2907835a2da38496f8570453bd2acbdecdcb5e3c0879344ca7a3e938c5e,root__ba52a2907835a2da38496f8570453bd2acbdecdcb5e3c0879344ca7a3e938c5e,mendeley_goodware,0,file:ba52a2907835a2da38496f8570453bd2acbdecdcb5e3c0879344ca7a3e938c5e,train,train,x86,root,unified_mendeley
ba598efd9d9c4449deac83f78cec893aa127f31767902d6dd69a157b65450240,root__ba598efd9d9c4449deac83f78cec893aa127f31767902d6dd69a157b65450240,mendeley_goodware,0,file:ba598efd9d9c4449deac83f78cec893aa127f31767902d6dd69a157b65450240,train,train,x64,root,unified_mendeley
bb0306e2bc7de7985ae8e6c3dff4f71dc7bbd84b8b10929d92ea6a6ef5a78418,root__bb0306e2bc7de7985ae8e6c3dff4f71dc7bbd84b8b10929d92ea6a6ef5a78418,mendeley_goodware,0,file:bb0306e2bc7de7985ae8e6c3dff4f71dc7bbd84b8b10929d92ea6a6ef5a78418,train,train,x86,root,unified_mendeley
bb060ed91b37ce78c41ddfc0246f9c191c79c740130d9266d0168083d71767ad,root__bb060ed91b37ce78c41ddfc0246f9c191c79c740130d9266d0168083d71767ad,mendeley_goodware,0,file:bb060ed91b37ce78c41ddfc0246f9c191c79c740130d9266d0168083d71767ad,test,test,x64,root,unified_mendeley
bb0826dbe223873d104d8eea7b476559e8d8b8b18b5add44fb7e15f2c7863b2d,root__bb0826dbe223873d104d8eea7b476559e8d8b8b18b5add44fb7e15f2c7863b2d,mendeley_goodware,0,file:bb0826dbe223873d104d8eea7b476559e8d8b8b18b5add44fb7e15f2c7863b2d,train,train,x86,root,unified_mendeley
bba9a387d81f95e0f67b0bc1de30ba48126f6f5dbf138b63536e6bab6e11ed20,root__bba9a387d81f95e0f67b0bc1de30ba48126f6f5dbf138b63536e6bab6e11ed20,mendeley_goodware,0,file:bba9a387d81f95e0f67b0bc1de30ba48126f6f5dbf138b63536e6bab6e11ed20,train,train,x64,root,unified_mendeley
bbc83e4759d4b82bad31e371ad679aa414c72273bf97cee5aed8337ed8a4d79f,root__bbc83e4759d4b82bad31e371ad679aa414c72273bf97cee5aed8337ed8a4d79f,mendeley_goodware,0,file:bbc83e4759d4b82bad31e371ad679aa414c72273bf97cee5aed8337ed8a4d79f,train,train,x64,root,unified_mendeley
bc00c5d2b7c4661c9815097bff81684d4b3c6e0235d77cff300ef4c37918b761,root__bc00c5d2b7c4661c9815097bff81684d4b3c6e0235d77cff300ef4c37918b761,mendeley_goodware,0,file:bc00c5d2b7c4661c9815097bff81684d4b3c6e0235d77cff300ef4c37918b761,train,train,x86,root,unified_mendeley
bc14dead89d55e50e5f4828f84b654a1a4b16a1badf0b000fac45fd2cbb6a1e8,root__bc14dead89d55e50e5f4828f84b654a1a4b16a1badf0b000fac45fd2cbb6a1e8,mendeley_goodware,0,file:bc14dead89d55e50e5f4828f84b654a1a4b16a1badf0b000fac45fd2cbb6a1e8,train,train,x86,root,unified_mendeley
bc42118aaa1877eeff34b9a93dca8b94ed50109fb6436ae22e27d8e3b2bca78f,root__bc42118aaa1877eeff34b9a93dca8b94ed50109fb6436ae22e27d8e3b2bca78f,mendeley_goodware,0,file:bc42118aaa1877eeff34b9a93dca8b94ed50109fb6436ae22e27d8e3b2bca78f,train,train,x86,root,unified_mendeley
bc516f17afc7658c4f20726272d9ce9f77c83dd5575307b15dbbdeca6f04d273,root__bc516f17afc7658c4f20726272d9ce9f77c83dd5575307b15dbbdeca6f04d273,mendeley_goodware,0,file:bc516f17afc7658c4f20726272d9ce9f77c83dd5575307b15dbbdeca6f04d273,train,train,x64,root,unified_mendeley
bcb046625db80875af6732ceef40bfbaf801875a1be9e9d4d8b4c94111018e47,root__bcb046625db80875af6732ceef40bfbaf801875a1be9e9d4d8b4c94111018e47,mendeley_goodware,0,file:bcb046625db80875af6732ceef40bfbaf801875a1be9e9d4d8b4c94111018e47,train,train,x86,root,unified_mendeley
bcdbe1ec59f98bf406818c46a8576f99e677f86f48323162958d2ac24a21e6cf,root__bcdbe1ec59f98bf406818c46a8576f99e677f86f48323162958d2ac24a21e6cf,mendeley_goodware,0,file:bcdbe1ec59f98bf406818c46a8576f99e677f86f48323162958d2ac24a21e6cf,train,train,x86,root,unified_mendeley
bce1ed648e567ab47031c4bdbe74dedff257c3bf17c72ef8cfa6e18dcb4ae1e0,root__bce1ed648e567ab47031c4bdbe74dedff257c3bf17c72ef8cfa6e18dcb4ae1e0,mendeley_goodware,0,file:bce1ed648e567ab47031c4bdbe74dedff257c3bf17c72ef8cfa6e18dcb4ae1e0,test,test,x86,root,unified_mendeley
bcf02179ac47ce43dd46bf50d0f758b49f925dae41a3263167119fa1138a6214,root__bcf02179ac47ce43dd46bf50d0f758b49f925dae41a3263167119fa1138a6214,mendeley_goodware,0,file:bcf02179ac47ce43dd46bf50d0f758b49f925dae41a3263167119fa1138a6214,val,train,x64,root,unified_mendeley
bd2cc4ed5309adbae88ef6e401b33ee922e088d9fbca95d4c9d1b2a440d5cd80,root__bd2cc4ed5309adbae88ef6e401b33ee922e088d9fbca95d4c9d1b2a440d5cd80,mendeley_goodware,0,file:bd2cc4ed5309adbae88ef6e401b33ee922e088d9fbca95d4c9d1b2a440d5cd80,train,train,x86,root,unified_mendeley
bd545e5cb5c83d18b45a58e4d8db20e7cf2d248e7ab08d21f3ce4e2873426ef5,root__bd545e5cb5c83d18b45a58e4d8db20e7cf2d248e7ab08d21f3ce4e2873426ef5,mendeley_goodware,0,file:bd545e5cb5c83d18b45a58e4d8db20e7cf2d248e7ab08d21f3ce4e2873426ef5,train,train,x86,root,unified_mendeley
be1da17611b83eb23f7c86c444bb4aa6bec1526137a27e14dff869308cf0fc89,root__be1da17611b83eb23f7c86c444bb4aa6bec1526137a27e14dff869308cf0fc89,mendeley_goodware,0,file:be1da17611b83eb23f7c86c444bb4aa6bec1526137a27e14dff869308cf0fc89,train,train,x86,root,unified_mendeley
be279f10d7ff4c18d69724ef0eb04c91d8a34aac0db610e638b000991dfb8b02,root__be279f10d7ff4c18d69724ef0eb04c91d8a34aac0db610e638b000991dfb8b02,mendeley_goodware,0,file:be279f10d7ff4c18d69724ef0eb04c91d8a34aac0db610e638b000991dfb8b02,train,train,x86,root,unified_mendeley
beafa7dcd542cb7ac4136faa8675c736cc01ef8f5c7ca2a53d98643c4e6d52ba,root__beafa7dcd542cb7ac4136faa8675c736cc01ef8f5c7ca2a53d98643c4e6d52ba,mendeley_goodware,0,file:beafa7dcd542cb7ac4136faa8675c736cc01ef8f5c7ca2a53d98643c4e6d52ba,test,test,x86,root,unified_mendeley
bf1f2f2c58d4e1772596d6b76db2b08d379b58063a9945ca92903657360df98b,root__bf1f2f2c58d4e1772596d6b76db2b08d379b58063a9945ca92903657360df98b,mendeley_goodware,0,file:bf1f2f2c58d4e1772596d6b76db2b08d379b58063a9945ca92903657360df98b,val,train,x86,root,unified_mendeley
bf3c9388dd956344c9c0e95a6aa43cf394dd2d28b1f381269f89d45d5a7d3624,root__bf3c9388dd956344c9c0e95a6aa43cf394dd2d28b1f381269f89d45d5a7d3624,mendeley_goodware,0,file:bf3c9388dd956344c9c0e95a6aa43cf394dd2d28b1f381269f89d45d5a7d3624,train,train,x86,root,unified_mendeley
bf557534ced01cf06a6d53c9b61cbe7668163c7b3aab7bff386fada0f68a122e,root__bf557534ced01cf06a6d53c9b61cbe7668163c7b3aab7bff386fada0f68a122e,mendeley_goodware,0,file:bf557534ced01cf06a6d53c9b61cbe7668163c7b3aab7bff386fada0f68a122e,val,train,x86,root,unified_mendeley
bf673cc9f938248cf886901e0e6f206ca973dd5f43b3bcaf664b2da0fc103b6d,root__bf673cc9f938248cf886901e0e6f206ca973dd5f43b3bcaf664b2da0fc103b6d,mendeley_goodware,0,file:bf673cc9f938248cf886901e0e6f206ca973dd5f43b3bcaf664b2da0fc103b6d,train,train,x64,root,unified_mendeley
bffe1b9f0b4139c5fcbf318149e54b71dd53daecf34d8e1f281549a02de1f332,root__bffe1b9f0b4139c5fcbf318149e54b71dd53daecf34d8e1f281549a02de1f332,mendeley_goodware,0,file:bffe1b9f0b4139c5fcbf318149e54b71dd53daecf34d8e1f281549a02de1f332,train,train,x86,root,unified_mendeley
c0330094cea5d1439175f47649d80633daf118c1324b8be69efe1a6d6b94b24a,root__c0330094cea5d1439175f47649d80633daf118c1324b8be69efe1a6d6b94b24a,mendeley_goodware,0,file:c0330094cea5d1439175f47649d80633daf118c1324b8be69efe1a6d6b94b24a,train,train,x64,root,unified_mendeley
c0d57288c4928fd7f077b7f0c7d5f8c17c18cb7c88e48952a2dbd9d13454d6f4,root__c0d57288c4928fd7f077b7f0c7d5f8c17c18cb7c88e48952a2dbd9d13454d6f4,mendeley_goodware,0,file:c0d57288c4928fd7f077b7f0c7d5f8c17c18cb7c88e48952a2dbd9d13454d6f4,train,train,x64,root,unified_mendeley
c149cb85f732beb95bf6564d72bdfdd9306f7050edfd9d2cd475420efe3b84fc,root__c149cb85f732beb95bf6564d72bdfdd9306f7050edfd9d2cd475420efe3b84fc,mendeley_goodware,0,file:c149cb85f732beb95bf6564d72bdfdd9306f7050edfd9d2cd475420efe3b84fc,test,test,x86,root,unified_mendeley
c14b2ba705a90daf60c741b55fefbb51629edf3ef5ebbce80b3d17f1b4def019,root__c14b2ba705a90daf60c741b55fefbb51629edf3ef5ebbce80b3d17f1b4def019,mendeley_goodware,0,file:c14b2ba705a90daf60c741b55fefbb51629edf3ef5ebbce80b3d17f1b4def019,train,train,x86,root,unified_mendeley
c164072e7f6a1dda58dd1c8d780e54165f0a7b38b570a210e2be6205ab070e69,root__c164072e7f6a1dda58dd1c8d780e54165f0a7b38b570a210e2be6205ab070e69,mendeley_goodware,0,file:c164072e7f6a1dda58dd1c8d780e54165f0a7b38b570a210e2be6205ab070e69,train,train,x86,root,unified_mendeley
c167f48daabf6efa074c80d90ed1e388673b8d168675ec1acb24ddde1d268c97,root__c167f48daabf6efa074c80d90ed1e388673b8d168675ec1acb24ddde1d268c97,mendeley_goodware,0,file:c167f48daabf6efa074c80d90ed1e388673b8d168675ec1acb24ddde1d268c97,test,test,x86,root,unified_mendeley
c170bcb14bafd3a8675da5ae54d5e1dfd5b1044d6880d1debe2507af82bcd7c9,root__c170bcb14bafd3a8675da5ae54d5e1dfd5b1044d6880d1debe2507af82bcd7c9,mendeley_goodware,0,file:c170bcb14bafd3a8675da5ae54d5e1dfd5b1044d6880d1debe2507af82bcd7c9,test,test,x86,root,unified_mendeley
c1d31010bb094ed0208e9c177c865b49976f23ec22c67373600746109801efe8,root__c1d31010bb094ed0208e9c177c865b49976f23ec22c67373600746109801efe8,mendeley_goodware,0,file:c1d31010bb094ed0208e9c177c865b49976f23ec22c67373600746109801efe8,train,train,x64,root,unified_mendeley
c1e2a96b5d73d08a52bc5a2e634d408c2d42071147d40a894c8b4606de83484d,root__c1e2a96b5d73d08a52bc5a2e634d408c2d42071147d40a894c8b4606de83484d,mendeley_goodware,0,file:c1e2a96b5d73d08a52bc5a2e634d408c2d42071147d40a894c8b4606de83484d,train,train,x64,root,unified_mendeley
c1f0e89faa6595649c786bf3012d8e6ba45bbf319e587ab9bbdd94bea87228ef,root__c1f0e89faa6595649c786bf3012d8e6ba45bbf319e587ab9bbdd94bea87228ef,mendeley_goodware,0,file:c1f0e89faa6595649c786bf3012d8e6ba45bbf319e587ab9bbdd94bea87228ef,train,train,x64,root,unified_mendeley
c22b1bd1e16218ed90a5c2f25dfacfeca4ecbbe5888a86a1ab34aa0e454035e6,root__c22b1bd1e16218ed90a5c2f25dfacfeca4ecbbe5888a86a1ab34aa0e454035e6,mendeley_goodware,0,file:c22b1bd1e16218ed90a5c2f25dfacfeca4ecbbe5888a86a1ab34aa0e454035e6,test,test,x86,root,unified_mendeley
c24b4b784c546aa324d3bbf99d60d08b1f89c5812a5b87713211e37137548a06,root__c24b4b784c546aa324d3bbf99d60d08b1f89c5812a5b87713211e37137548a06,mendeley_goodware,0,file:c24b4b784c546aa324d3bbf99d60d08b1f89c5812a5b87713211e37137548a06,train,train,x86,root,unified_mendeley
c271ea846416669b5bd61e084733a0cc448da917065899b936f00928380df4c3,root__c271ea846416669b5bd61e084733a0cc448da917065899b936f00928380df4c3,mendeley_goodware,0,file:c271ea846416669b5bd61e084733a0cc448da917065899b936f00928380df4c3,test,test,x86,root,unified_mendeley
c2e36c346b29f50376f3f487f5c18489a7a46158f55d72b8db79cf493c4fe160,root__c2e36c346b29f50376f3f487f5c18489a7a46158f55d72b8db79cf493c4fe160,mendeley_goodware,0,file:c2e36c346b29f50376f3f487f5c18489a7a46158f55d72b8db79cf493c4fe160,val,train,x64,root,unified_mendeley
c30905df30f2b91fa848b3e4eff4b8027ef93b2b670e3eb137f689118fca6013,root__c30905df30f2b91fa848b3e4eff4b8027ef93b2b670e3eb137f689118fca6013,mendeley_goodware,0,file:c30905df30f2b91fa848b3e4eff4b8027ef93b2b670e3eb137f689118fca6013,val,train,x86,root,unified_mendeley
c30d7a84dc2888e010a767c96878c671d65682d71d7b8694713ba731cb7f2eff,root__c30d7a84dc2888e010a767c96878c671d65682d71d7b8694713ba731cb7f2eff,mendeley_goodware,0,file:c30d7a84dc2888e010a767c96878c671d65682d71d7b8694713ba731cb7f2eff,test,test,x86,root,unified_mendeley
c32bc56669f88a4182f1b691b19d098ec2069c1f66c66f53e64d71942b1f857b,root__c32bc56669f88a4182f1b691b19d098ec2069c1f66c66f53e64d71942b1f857b,mendeley_goodware,0,file:c32bc56669f88a4182f1b691b19d098ec2069c1f66c66f53e64d71942b1f857b,train,train,x64,root,unified_mendeley
c34d682afde0423f9e4dcdaa3a88392281f35aa21d2bc301ca28f9938286b519,root__c34d682afde0423f9e4dcdaa3a88392281f35aa21d2bc301ca28f9938286b519,mendeley_goodware,0,file:c34d682afde0423f9e4dcdaa3a88392281f35aa21d2bc301ca28f9938286b519,train,train,x64,root,unified_mendeley
c36543dcb42b09122114ce7c9ee347ceb69693b87cbfa6308a37100b64baae20,root__c36543dcb42b09122114ce7c9ee347ceb69693b87cbfa6308a37100b64baae20,mendeley_goodware,0,file:c36543dcb42b09122114ce7c9ee347ceb69693b87cbfa6308a37100b64baae20,val,train,x64,root,unified_mendeley
c370e9606a929aca877e7e5267a9f05ffa09a7cc4c53575b3be8216dfed945b1,root__c370e9606a929aca877e7e5267a9f05ffa09a7cc4c53575b3be8216dfed945b1,mendeley_goodware,0,file:c370e9606a929aca877e7e5267a9f05ffa09a7cc4c53575b3be8216dfed945b1,train,train,x86,root,unified_mendeley
c3837a39e4c5705adf0f172d326bcd6975c7fd610915656da62d0a635cff9a97,root__c3837a39e4c5705adf0f172d326bcd6975c7fd610915656da62d0a635cff9a97,mendeley_goodware,0,file:c3837a39e4c5705adf0f172d326bcd6975c7fd610915656da62d0a635cff9a97,train,train,x64,root,unified_mendeley
c388af0018fa47383090a6fe112aabaf59ab2fc8579c814f66b71879c397d957,root__c388af0018fa47383090a6fe112aabaf59ab2fc8579c814f66b71879c397d957,mendeley_goodware,0,file:c388af0018fa47383090a6fe112aabaf59ab2fc8579c814f66b71879c397d957,train,train,x64,root,unified_mendeley
c3bd45be64119aa6655d7f9ba1860bf137b9e2d6657dbdb3a92fa019af7e17be,root__c3bd45be64119aa6655d7f9ba1860bf137b9e2d6657dbdb3a92fa019af7e17be,mendeley_goodware,0,file:c3bd45be64119aa6655d7f9ba1860bf137b9e2d6657dbdb3a92fa019af7e17be,train,train,x86,root,unified_mendeley
c3bf35b99f90d420b879f5f7bbea8b39ad265865ee7538a72fd147f8a900f1c7,root__c3bf35b99f90d420b879f5f7bbea8b39ad265865ee7538a72fd147f8a900f1c7,mendeley_goodware,0,file:c3bf35b99f90d420b879f5f7bbea8b39ad265865ee7538a72fd147f8a900f1c7,train,train,x86,root,unified_mendeley
c41bffaf1466bb7375a31032fc6c95517449208ec40e7d42b0499c76bf438404,root__c41bffaf1466bb7375a31032fc6c95517449208ec40e7d42b0499c76bf438404,mendeley_goodware,0,file:c41bffaf1466bb7375a31032fc6c95517449208ec40e7d42b0499c76bf438404,val,train,x86,root,unified_mendeley
c449398aec9ae1b7575dc7822a99e3cf08897550075661d8d74ecf61a9eccfb5,root__c449398aec9ae1b7575dc7822a99e3cf08897550075661d8d74ecf61a9eccfb5,mendeley_goodware,0,file:c449398aec9ae1b7575dc7822a99e3cf08897550075661d8d74ecf61a9eccfb5,val,train,x86,root,unified_mendeley
c49560f7a206b6b55d89c205a4631dfedd2b4a78ab81fea8706989a5627f95a1,root__c49560f7a206b6b55d89c205a4631dfedd2b4a78ab81fea8706989a5627f95a1,mendeley_goodware,0,file:c49560f7a206b6b55d89c205a4631dfedd2b4a78ab81fea8706989a5627f95a1,train,train,x64,root,unified_mendeley
c4df6979a44b5b0f5340e002cde51b3e577648740e8cbaf8dc36c521913e83b1,root__c4df6979a44b5b0f5340e002cde51b3e577648740e8cbaf8dc36c521913e83b1,mendeley_goodware,0,file:c4df6979a44b5b0f5340e002cde51b3e577648740e8cbaf8dc36c521913e83b1,test,test,x86,root,unified_mendeley
c50890d996815aed2ad9450585f47996a2026ecc3a7f38f28f838832b5bba8cb,root__c50890d996815aed2ad9450585f47996a2026ecc3a7f38f28f838832b5bba8cb,mendeley_goodware,0,file:c50890d996815aed2ad9450585f47996a2026ecc3a7f38f28f838832b5bba8cb,train,train,x64,root,unified_mendeley
c50b9614f7bb8b9f47a96c8301752697fefebc39dfd03a837deb1e4b6d2603f0,root__c50b9614f7bb8b9f47a96c8301752697fefebc39dfd03a837deb1e4b6d2603f0,mendeley_goodware,0,file:c50b9614f7bb8b9f47a96c8301752697fefebc39dfd03a837deb1e4b6d2603f0,train,train,x86,root,unified_mendeley
c659982f5b0024bb1e956b12059509c7a94f8f737d2ee2a9ba1339b77c29ab9d,root__c659982f5b0024bb1e956b12059509c7a94f8f737d2ee2a9ba1339b77c29ab9d,mendeley_goodware,0,file:c659982f5b0024bb1e956b12059509c7a94f8f737d2ee2a9ba1339b77c29ab9d,train,train,x64,root,unified_mendeley
c66d4d5a57fb0a3266b9c194c86712c504720b8f1e666244c25f1c8689c23c27,root__c66d4d5a57fb0a3266b9c194c86712c504720b8f1e666244c25f1c8689c23c27,mendeley_goodware,0,file:c66d4d5a57fb0a3266b9c194c86712c504720b8f1e666244c25f1c8689c23c27,train,train,x64,root,unified_mendeley
c688f830a8790dd717ba7e7eafddad749f951d1dd765196d375847c7b46be965,root__c688f830a8790dd717ba7e7eafddad749f951d1dd765196d375847c7b46be965,mendeley_goodware,0,file:c688f830a8790dd717ba7e7eafddad749f951d1dd765196d375847c7b46be965,train,train,x64,root,unified_mendeley
c6a297eed867bbdc05263fd75d00f9fb3c8be862b7454f9727af662d092da711,root__c6a297eed867bbdc05263fd75d00f9fb3c8be862b7454f9727af662d092da711,mendeley_goodware,0,file:c6a297eed867bbdc05263fd75d00f9fb3c8be862b7454f9727af662d092da711,train,train,x86,root,unified_mendeley
c6aa828881ce6871f1c15f9a4ce466f9db9d459a5e81950dcc069a3cf2d81c3e,root__c6aa828881ce6871f1c15f9a4ce466f9db9d459a5e81950dcc069a3cf2d81c3e,mendeley_goodware,0,file:c6aa828881ce6871f1c15f9a4ce466f9db9d459a5e81950dcc069a3cf2d81c3e,train,train,x86,root,unified_mendeley
c775d4cf087cc4ff852a2a3f48f2ad0e108c07cbaecfa0cda7073ccc185ae2c9,root__c775d4cf087cc4ff852a2a3f48f2ad0e108c07cbaecfa0cda7073ccc185ae2c9,mendeley_goodware,0,file:c775d4cf087cc4ff852a2a3f48f2ad0e108c07cbaecfa0cda7073ccc185ae2c9,train,train,x86,root,unified_mendeley
c8156efcdeba75d95b9a7b2548f708b75a25226e35201913cd1307f342755c97,root__c8156efcdeba75d95b9a7b2548f708b75a25226e35201913cd1307f342755c97,mendeley_goodware,0,file:c8156efcdeba75d95b9a7b2548f708b75a25226e35201913cd1307f342755c97,test,test,x86,root,unified_mendeley
c81c0a3607ae65e64b1889b412e997267773c67ddbaff80f8cde988d9452f709,root__c81c0a3607ae65e64b1889b412e997267773c67ddbaff80f8cde988d9452f709,mendeley_goodware,0,file:c81c0a3607ae65e64b1889b412e997267773c67ddbaff80f8cde988d9452f709,train,train,x86,root,unified_mendeley
c84ce4f35dfe0ada475f680551d653d264855a1d477ead3af5c0564e8b74a4a7,root__c84ce4f35dfe0ada475f680551d653d264855a1d477ead3af5c0564e8b74a4a7,mendeley_goodware,0,file:c84ce4f35dfe0ada475f680551d653d264855a1d477ead3af5c0564e8b74a4a7,test,test,x86,root,unified_mendeley
c89f5f77e9acf4fe5659d820b955661b4f938eb571a3e5636823b2e6209f0c23,root__c89f5f77e9acf4fe5659d820b955661b4f938eb571a3e5636823b2e6209f0c23,mendeley_goodware,0,file:c89f5f77e9acf4fe5659d820b955661b4f938eb571a3e5636823b2e6209f0c23,test,test,x64,root,unified_mendeley
c8b2f1ef4100d7e93cd6ce1766b502b347a86288f91368f4891bb8be8e338ad2,root__c8b2f1ef4100d7e93cd6ce1766b502b347a86288f91368f4891bb8be8e338ad2,mendeley_goodware,0,file:c8b2f1ef4100d7e93cd6ce1766b502b347a86288f91368f4891bb8be8e338ad2,train,train,x64,root,unified_mendeley
c8d1af1cdfe8faf7c12a8bccf7234209cdf02ee3eacde237864cb2afa0278134,root__c8d1af1cdfe8faf7c12a8bccf7234209cdf02ee3eacde237864cb2afa0278134,mendeley_goodware,0,file:c8d1af1cdfe8faf7c12a8bccf7234209cdf02ee3eacde237864cb2afa0278134,val,train,x64,root,unified_mendeley
c917e06dd0073cc6b54c72d12a75fddc199bd1352b2b008db27eadeb6d47f054,root__c917e06dd0073cc6b54c72d12a75fddc199bd1352b2b008db27eadeb6d47f054,mendeley_goodware,0,file:c917e06dd0073cc6b54c72d12a75fddc199bd1352b2b008db27eadeb6d47f054,train,train,x86,root,unified_mendeley
c91f6b286b59ae125bc039512ff9801354c10e74dca9cd803067d2cd1441592f,root__c91f6b286b59ae125bc039512ff9801354c10e74dca9cd803067d2cd1441592f,mendeley_goodware,0,file:c91f6b286b59ae125bc039512ff9801354c10e74dca9cd803067d2cd1441592f,train,train,x64,root,unified_mendeley
c92623725c8f960a88007e88e96026251be79d30b14454fefcf127cd83d8b26f,root__c92623725c8f960a88007e88e96026251be79d30b14454fefcf127cd83d8b26f,mendeley_goodware,0,file:c92623725c8f960a88007e88e96026251be79d30b14454fefcf127cd83d8b26f,train,train,x64,root,unified_mendeley
c9328104baca9cc3203e6bebf338f4ef1f9563a28ee9edec4c8862089cbb8bcc,root__c9328104baca9cc3203e6bebf338f4ef1f9563a28ee9edec4c8862089cbb8bcc,mendeley_goodware,0,file:c9328104baca9cc3203e6bebf338f4ef1f9563a28ee9edec4c8862089cbb8bcc,test,test,x86,root,unified_mendeley
c94d41b92d051c1d7f30fc60196958799b4acff3fa2a2cdf8ced9d0b8b42b583,root__c94d41b92d051c1d7f30fc60196958799b4acff3fa2a2cdf8ced9d0b8b42b583,mendeley_goodware,0,file:c94d41b92d051c1d7f30fc60196958799b4acff3fa2a2cdf8ced9d0b8b42b583,train,train,x86,root,unified_mendeley
c9806c79056652eace305c47c6bdef9dec73a1cb9a5ce149eb0ae4101f038057,root__c9806c79056652eace305c47c6bdef9dec73a1cb9a5ce149eb0ae4101f038057,mendeley_goodware,0,file:c9806c79056652eace305c47c6bdef9dec73a1cb9a5ce149eb0ae4101f038057,train,train,x86,root,unified_mendeley
c9d6e2daf1cca67d1705bc743f1610d61f5742783abab8826c28350f8b3f8fb1,root__c9d6e2daf1cca67d1705bc743f1610d61f5742783abab8826c28350f8b3f8fb1,mendeley_goodware,0,file:c9d6e2daf1cca67d1705bc743f1610d61f5742783abab8826c28350f8b3f8fb1,train,train,x86,root,unified_mendeley
ca3a6c0a812b197c1aee95629529833ae25960319c35477ee10c7aafce3dc45f,root__ca3a6c0a812b197c1aee95629529833ae25960319c35477ee10c7aafce3dc45f,mendeley_goodware,0,file:ca3a6c0a812b197c1aee95629529833ae25960319c35477ee10c7aafce3dc45f,train,train,x64,root,unified_mendeley
ca4c0e31bb8ddf99b5f3df595b09fb4bc93a1cc7d465adc289488d16683cd935,root__ca4c0e31bb8ddf99b5f3df595b09fb4bc93a1cc7d465adc289488d16683cd935,mendeley_goodware,0,file:ca4c0e31bb8ddf99b5f3df595b09fb4bc93a1cc7d465adc289488d16683cd935,train,train,x64,root,unified_mendeley
cb7f28d3121604628402db28b7627de8d64a1b7116b883c83ae496d6f6d0b667,root__cb7f28d3121604628402db28b7627de8d64a1b7116b883c83ae496d6f6d0b667,mendeley_goodware,0,file:cb7f28d3121604628402db28b7627de8d64a1b7116b883c83ae496d6f6d0b667,train,train,x64,root,unified_mendeley
cbd3dbd850289f1888b4dc6884f0e5474063fe4d57e9f8bef0b325f76284bbd6,root__cbd3dbd850289f1888b4dc6884f0e5474063fe4d57e9f8bef0b325f76284bbd6,mendeley_goodware,0,file:cbd3dbd850289f1888b4dc6884f0e5474063fe4d57e9f8bef0b325f76284bbd6,train,train,x86,root,unified_mendeley
cbea3de4376780698c7af4ddafe1848b363116f8e602a682ee11b7b1e81b4d63,root__cbea3de4376780698c7af4ddafe1848b363116f8e602a682ee11b7b1e81b4d63,mendeley_goodware,0,file:cbea3de4376780698c7af4ddafe1848b363116f8e602a682ee11b7b1e81b4d63,train,train,x86,root,unified_mendeley
cc0500c90955a751ae3e2ed274422b2b2b5ca586d610ee1d71e006dd07687ecc,root__cc0500c90955a751ae3e2ed274422b2b2b5ca586d610ee1d71e006dd07687ecc,mendeley_goodware,0,file:cc0500c90955a751ae3e2ed274422b2b2b5ca586d610ee1d71e006dd07687ecc,val,train,x86,root,unified_mendeley
cc3634a0c23d805cb2ad417f1c33e6a84a4eba456888f8ec4ac6ed5bc0d68149,root__cc3634a0c23d805cb2ad417f1c33e6a84a4eba456888f8ec4ac6ed5bc0d68149,mendeley_goodware,0,file:cc3634a0c23d805cb2ad417f1c33e6a84a4eba456888f8ec4ac6ed5bc0d68149,train,train,x64,root,unified_mendeley
cc855323b6ab7259c92bd1310211dd95174e43be2f46c828e38f0060dd2e4488,root__cc855323b6ab7259c92bd1310211dd95174e43be2f46c828e38f0060dd2e4488,mendeley_goodware,0,file:cc855323b6ab7259c92bd1310211dd95174e43be2f46c828e38f0060dd2e4488,train,train,x64,root,unified_mendeley
cccc915570282b00fdec95524eddfe18187898fe50d8284eee890beaf81f3116,root__cccc915570282b00fdec95524eddfe18187898fe50d8284eee890beaf81f3116,mendeley_goodware,0,file:cccc915570282b00fdec95524eddfe18187898fe50d8284eee890beaf81f3116,test,test,x86,root,unified_mendeley
ccdcc49b612bd8c3c5075bf760b2e49dda20a23a16e156ec3955dd349bcb5805,root__ccdcc49b612bd8c3c5075bf760b2e49dda20a23a16e156ec3955dd349bcb5805,mendeley_goodware,0,file:ccdcc49b612bd8c3c5075bf760b2e49dda20a23a16e156ec3955dd349bcb5805,train,train,x86,root,unified_mendeley
ccde97bb6fc523a56f17625ac7f9f3858247e7df439451423c5e2688793bdf9a,root__ccde97bb6fc523a56f17625ac7f9f3858247e7df439451423c5e2688793bdf9a,mendeley_goodware,0,file:ccde97bb6fc523a56f17625ac7f9f3858247e7df439451423c5e2688793bdf9a,train,train,x64,root,unified_mendeley
ccfaf494e520e4f265ad1de5252979809f1a28eb002f0e79c52981b00e63ac4f,root__ccfaf494e520e4f265ad1de5252979809f1a28eb002f0e79c52981b00e63ac4f,mendeley_goodware,0,file:ccfaf494e520e4f265ad1de5252979809f1a28eb002f0e79c52981b00e63ac4f,train,train,x64,root,unified_mendeley
cd0f437d9658f06e19fe93809270e2906148807314703475457c70c59d54c354,root__cd0f437d9658f06e19fe93809270e2906148807314703475457c70c59d54c354,mendeley_goodware,0,file:cd0f437d9658f06e19fe93809270e2906148807314703475457c70c59d54c354,train,train,x86,root,unified_mendeley
cd1d2562eece91292a10b50c171a98d86770a5f122b4c87fbdd9b1a76e59e298,root__cd1d2562eece91292a10b50c171a98d86770a5f122b4c87fbdd9b1a76e59e298,mendeley_goodware,0,file:cd1d2562eece91292a10b50c171a98d86770a5f122b4c87fbdd9b1a76e59e298,train,train,x86,root,unified_mendeley
cd35ab2423321e6926f903d8da750f05f687f97e7fdc516a786f7f80a35a1510,root__cd35ab2423321e6926f903d8da750f05f687f97e7fdc516a786f7f80a35a1510,mendeley_goodware,0,file:cd35ab2423321e6926f903d8da750f05f687f97e7fdc516a786f7f80a35a1510,test,test,x86,root,unified_mendeley
cd4649748eef2d035b01039d1113dde1194e4608a3a0c665e8fa689c1cab7bfd,root__cd4649748eef2d035b01039d1113dde1194e4608a3a0c665e8fa689c1cab7bfd,mendeley_goodware,0,file:cd4649748eef2d035b01039d1113dde1194e4608a3a0c665e8fa689c1cab7bfd,train,train,x64,root,unified_mendeley
cdee381e615fc567fd60056c80dc423a9e8261d06a4a489fc166299413cf13d0,root__cdee381e615fc567fd60056c80dc423a9e8261d06a4a489fc166299413cf13d0,mendeley_goodware,0,file:cdee381e615fc567fd60056c80dc423a9e8261d06a4a489fc166299413cf13d0,train,train,x86,root,unified_mendeley
ce88d88e233a9ab9b47bea00af705ecf49869be78e671bd09aa4f7d5a34c9953,root__ce88d88e233a9ab9b47bea00af705ecf49869be78e671bd09aa4f7d5a34c9953,mendeley_goodware,0,file:ce88d88e233a9ab9b47bea00af705ecf49869be78e671bd09aa4f7d5a34c9953,train,train,x86,root,unified_mendeley
cf095dbd04ebab55b598e0f27c88304571edc70f41156567c1700b70cd5e728b,root__cf095dbd04ebab55b598e0f27c88304571edc70f41156567c1700b70cd5e728b,mendeley_goodware,0,file:cf095dbd04ebab55b598e0f27c88304571edc70f41156567c1700b70cd5e728b,train,train,x64,root,unified_mendeley
cf19eaff8ae1d6a4ab70a2e2ce996f49d3afdc193ee8f69aef881e5727bc8f38,root__cf19eaff8ae1d6a4ab70a2e2ce996f49d3afdc193ee8f69aef881e5727bc8f38,mendeley_goodware,0,file:cf19eaff8ae1d6a4ab70a2e2ce996f49d3afdc193ee8f69aef881e5727bc8f38,train,train,x86,root,unified_mendeley
cf7f814331696e120864d5d8227ee5abc3ba8b2e46d7e7df20dc317dfa1d1434,root__cf7f814331696e120864d5d8227ee5abc3ba8b2e46d7e7df20dc317dfa1d1434,mendeley_goodware,0,file:cf7f814331696e120864d5d8227ee5abc3ba8b2e46d7e7df20dc317dfa1d1434,train,train,x86,root,unified_mendeley
cfa1818bbca8013c8ea41d920314b591d8bf7300c6b3f9a2c02b0a9288e79f6a,root__cfa1818bbca8013c8ea41d920314b591d8bf7300c6b3f9a2c02b0a9288e79f6a,mendeley_goodware,0,file:cfa1818bbca8013c8ea41d920314b591d8bf7300c6b3f9a2c02b0a9288e79f6a,train,train,x86,root,unified_mendeley
d0b9e7c79bd8462b182157df410cfebdd2d28d1e89773590df383acec9826957,root__d0b9e7c79bd8462b182157df410cfebdd2d28d1e89773590df383acec9826957,mendeley_goodware,0,file:d0b9e7c79bd8462b182157df410cfebdd2d28d1e89773590df383acec9826957,train,train,x64,root,unified_mendeley
d0e616d3960e7830cf948842525d183bc9bb4ae61a6878a9c8a86662c449402e,root__d0e616d3960e7830cf948842525d183bc9bb4ae61a6878a9c8a86662c449402e,mendeley_goodware,0,file:d0e616d3960e7830cf948842525d183bc9bb4ae61a6878a9c8a86662c449402e,train,train,x64,root,unified_mendeley
d0f640ba7db3906ae5352eee6989bde941b51d20fc4a61bbeb83281112b1d28a,root__d0f640ba7db3906ae5352eee6989bde941b51d20fc4a61bbeb83281112b1d28a,mendeley_goodware,0,file:d0f640ba7db3906ae5352eee6989bde941b51d20fc4a61bbeb83281112b1d28a,train,train,x86,root,unified_mendeley
d194ddb62b9709bf1a09b7bace03933efb06774040bbfcda7fb9ebecb2861402,root__d194ddb62b9709bf1a09b7bace03933efb06774040bbfcda7fb9ebecb2861402,mendeley_goodware,0,file:d194ddb62b9709bf1a09b7bace03933efb06774040bbfcda7fb9ebecb2861402,val,train,x64,root,unified_mendeley
d1a6fd804666268f55416b5aa0e0cd127738febc0ec62181e68e676de4a028a9,root__d1a6fd804666268f55416b5aa0e0cd127738febc0ec62181e68e676de4a028a9,mendeley_goodware,0,file:d1a6fd804666268f55416b5aa0e0cd127738febc0ec62181e68e676de4a028a9,train,train,x64,root,unified_mendeley
d1e1296f3107f9a1b7feca788ca64041dd4d2a3fd4627f0b38bcce122df42f42,root__d1e1296f3107f9a1b7feca788ca64041dd4d2a3fd4627f0b38bcce122df42f42,mendeley_goodware,0,file:d1e1296f3107f9a1b7feca788ca64041dd4d2a3fd4627f0b38bcce122df42f42,train,train,x64,root,unified_mendeley
d1eafeb10517d36fff08f19572ef71421dd742ae1ad22d8a0d711c9766d99fb3,root__d1eafeb10517d36fff08f19572ef71421dd742ae1ad22d8a0d711c9766d99fb3,mendeley_goodware,0,file:d1eafeb10517d36fff08f19572ef71421dd742ae1ad22d8a0d711c9766d99fb3,test,test,x86,root,unified_mendeley
d206949aec043ef7efbdef73bce66443f05a5706a1ff55dc7da9c7ad621aa60c,root__d206949aec043ef7efbdef73bce66443f05a5706a1ff55dc7da9c7ad621aa60c,mendeley_goodware,0,file:d206949aec043ef7efbdef73bce66443f05a5706a1ff55dc7da9c7ad621aa60c,train,train,x86,root,unified_mendeley
d229dd1449323c8f986b45e50cc99eda66e54cc9916a05a0e65c469d5fb3d74c,root__d229dd1449323c8f986b45e50cc99eda66e54cc9916a05a0e65c469d5fb3d74c,mendeley_goodware,0,file:d229dd1449323c8f986b45e50cc99eda66e54cc9916a05a0e65c469d5fb3d74c,val,train,x64,root,unified_mendeley
d234cde414f5ddf8f003049b83bd47aa330713f2b805fd96ccf9a780b1ac8f3b,root__d234cde414f5ddf8f003049b83bd47aa330713f2b805fd96ccf9a780b1ac8f3b,mendeley_goodware,0,file:d234cde414f5ddf8f003049b83bd47aa330713f2b805fd96ccf9a780b1ac8f3b,test,test,x64,root,unified_mendeley
d271499cc7039391130509e21f8e1ba7a9e8a49fef71528b94a0448224dfc186,root__d271499cc7039391130509e21f8e1ba7a9e8a49fef71528b94a0448224dfc186,mendeley_goodware,0,file:d271499cc7039391130509e21f8e1ba7a9e8a49fef71528b94a0448224dfc186,train,train,x64,root,unified_mendeley
d280ff3983af2b77eeea7c5d1f021cccd254444c30f65700df097328b6e3ad2f,root__d280ff3983af2b77eeea7c5d1f021cccd254444c30f65700df097328b6e3ad2f,mendeley_goodware,0,file:d280ff3983af2b77eeea7c5d1f021cccd254444c30f65700df097328b6e3ad2f,train,train,x86,root,unified_mendeley
d2a6bd3aa9853d5e4026c5f65ac60da579e4a94c90ffa636d4c70f070dba82f6,root__d2a6bd3aa9853d5e4026c5f65ac60da579e4a94c90ffa636d4c70f070dba82f6,mendeley_goodware,0,file:d2a6bd3aa9853d5e4026c5f65ac60da579e4a94c90ffa636d4c70f070dba82f6,train,train,x64,root,unified_mendeley
d2b72b003c278fbecf32daedeb9b3cf88746e9ed33b8739f4fd96efab494f244,root__d2b72b003c278fbecf32daedeb9b3cf88746e9ed33b8739f4fd96efab494f244,mendeley_goodware,0,file:d2b72b003c278fbecf32daedeb9b3cf88746e9ed33b8739f4fd96efab494f244,train,train,x64,root,unified_mendeley
d2ba02aae7518e185ac8c38beeb303ca448810ecd21e1d546532f621de6669b6,root__d2ba02aae7518e185ac8c38beeb303ca448810ecd21e1d546532f621de6669b6,mendeley_goodware,0,file:d2ba02aae7518e185ac8c38beeb303ca448810ecd21e1d546532f621de6669b6,train,train,x64,root,unified_mendeley
d3156ee400dde48a9f7178cf5c8717a2553bf9acd3c2322717a53bf207842d8c,root__d3156ee400dde48a9f7178cf5c8717a2553bf9acd3c2322717a53bf207842d8c,mendeley_goodware,0,file:d3156ee400dde48a9f7178cf5c8717a2553bf9acd3c2322717a53bf207842d8c,train,train,x64,root,unified_mendeley
d356b8786f34a59b80a1170fad8e942172073e6c0f9f014da4064e332ae1ace9,root__d356b8786f34a59b80a1170fad8e942172073e6c0f9f014da4064e332ae1ace9,mendeley_goodware,0,file:d356b8786f34a59b80a1170fad8e942172073e6c0f9f014da4064e332ae1ace9,val,train,x86,root,unified_mendeley
d4e66ed99de8b27c7ec96e66ed10086811b0f75ee0d308a5ac7e1e08c5bd0788,root__d4e66ed99de8b27c7ec96e66ed10086811b0f75ee0d308a5ac7e1e08c5bd0788,mendeley_goodware,0,file:d4e66ed99de8b27c7ec96e66ed10086811b0f75ee0d308a5ac7e1e08c5bd0788,train,train,x64,root,unified_mendeley
d50771e8dbc656cbe87670806f9a9fa4146a354858e549cff70bcb07b69d1c02,root__d50771e8dbc656cbe87670806f9a9fa4146a354858e549cff70bcb07b69d1c02,mendeley_goodware,0,file:d50771e8dbc656cbe87670806f9a9fa4146a354858e549cff70bcb07b69d1c02,train,train,x64,root,unified_mendeley
d51e975785649155c327584547566b1c703ba435c1e1367d18be01b67e325d15,root__d51e975785649155c327584547566b1c703ba435c1e1367d18be01b67e325d15,mendeley_goodware,0,file:d51e975785649155c327584547566b1c703ba435c1e1367d18be01b67e325d15,val,train,x86,root,unified_mendeley
d575c86dd61b1b45314b2015a31a700e4636437f1b1738e60725119d68982603,root__d575c86dd61b1b45314b2015a31a700e4636437f1b1738e60725119d68982603,mendeley_goodware,0,file:d575c86dd61b1b45314b2015a31a700e4636437f1b1738e60725119d68982603,train,train,x86,root,unified_mendeley
d58172ffc44bc94722c950984d056919739fdff69eab646a06f499cb137204f6,root__d58172ffc44bc94722c950984d056919739fdff69eab646a06f499cb137204f6,mendeley_goodware,0,file:d58172ffc44bc94722c950984d056919739fdff69eab646a06f499cb137204f6,val,train,x64,root,unified_mendeley
d60be154d0807e322f110a8cb51d25776b6d08547921283ae6e5cf7bc98e686f,root__d60be154d0807e322f110a8cb51d25776b6d08547921283ae6e5cf7bc98e686f,mendeley_goodware,0,file:d60be154d0807e322f110a8cb51d25776b6d08547921283ae6e5cf7bc98e686f,train,train,x64,root,unified_mendeley
d6677a6e60b5473b1214e860e55de9795af1478c3ce1a0c4e8889c781c2f5726,root__d6677a6e60b5473b1214e860e55de9795af1478c3ce1a0c4e8889c781c2f5726,mendeley_goodware,0,file:d6677a6e60b5473b1214e860e55de9795af1478c3ce1a0c4e8889c781c2f5726,train,train,x64,root,unified_mendeley
d6820254f4911743b71ff428691d8ab7c1f164e49c1f11f7c725caa620c7d903,root__d6820254f4911743b71ff428691d8ab7c1f164e49c1f11f7c725caa620c7d903,mendeley_goodware,0,file:d6820254f4911743b71ff428691d8ab7c1f164e49c1f11f7c725caa620c7d903,val,train,x86,root,unified_mendeley
d6a053d094400a51be6cc02b4726e8c22023102ef65c97b8ca6a54ce1792c3d6,root__d6a053d094400a51be6cc02b4726e8c22023102ef65c97b8ca6a54ce1792c3d6,mendeley_goodware,0,file:d6a053d094400a51be6cc02b4726e8c22023102ef65c97b8ca6a54ce1792c3d6,train,train,x86,root,unified_mendeley
d6c7259046e76e147e2d0f40329e0605287c80a51e6417babcd4b5d9998949ce,root__d6c7259046e76e147e2d0f40329e0605287c80a51e6417babcd4b5d9998949ce,mendeley_goodware,0,file:d6c7259046e76e147e2d0f40329e0605287c80a51e6417babcd4b5d9998949ce,train,train,x64,root,unified_mendeley
d74c1659560e1244d9097a3f61de5a588c4bace7f5e6676b5d65bbed6ff1675c,root__d74c1659560e1244d9097a3f61de5a588c4bace7f5e6676b5d65bbed6ff1675c,mendeley_goodware,0,file:d74c1659560e1244d9097a3f61de5a588c4bace7f5e6676b5d65bbed6ff1675c,train,train,x86,root,unified_mendeley
d7577fb88cca3169c7931dc0d8ec9a444227dc14f6c71d6d39d86a0c5cad1976,root__d7577fb88cca3169c7931dc0d8ec9a444227dc14f6c71d6d39d86a0c5cad1976,mendeley_goodware,0,file:d7577fb88cca3169c7931dc0d8ec9a444227dc14f6c71d6d39d86a0c5cad1976,train,train,x64,root,unified_mendeley
d7a4f824b02c13daaca06815f1d579612b24d6b0fc4138317fc23d2aa7e24025,root__d7a4f824b02c13daaca06815f1d579612b24d6b0fc4138317fc23d2aa7e24025,mendeley_goodware,0,file:d7a4f824b02c13daaca06815f1d579612b24d6b0fc4138317fc23d2aa7e24025,train,train,x64,root,unified_mendeley
d7bf8a4a861733af3a9a54708cb3203cc058bc86b72e297402038dc2b5f79e4c,root__d7bf8a4a861733af3a9a54708cb3203cc058bc86b72e297402038dc2b5f79e4c,mendeley_goodware,0,file:d7bf8a4a861733af3a9a54708cb3203cc058bc86b72e297402038dc2b5f79e4c,train,train,x64,root,unified_mendeley
d7da17404acb12c657aedc1ab1cc31a6ba168e055c9f179e26054c59c3df0a3f,root__d7da17404acb12c657aedc1ab1cc31a6ba168e055c9f179e26054c59c3df0a3f,mendeley_goodware,0,file:d7da17404acb12c657aedc1ab1cc31a6ba168e055c9f179e26054c59c3df0a3f,train,train,x64,root,unified_mendeley
d89e213986248c2b964221d7817b5c9df326a30e46a07b1b6b8dbccd981d0cda,root__d89e213986248c2b964221d7817b5c9df326a30e46a07b1b6b8dbccd981d0cda,mendeley_goodware,0,file:d89e213986248c2b964221d7817b5c9df326a30e46a07b1b6b8dbccd981d0cda,train,train,x64,root,unified_mendeley
d8be9be37be1108b2a3e7eaf990ffe7fd0bb495c244b142c1baf554983e5e5e3,root__d8be9be37be1108b2a3e7eaf990ffe7fd0bb495c244b142c1baf554983e5e5e3,mendeley_goodware,0,file:d8be9be37be1108b2a3e7eaf990ffe7fd0bb495c244b142c1baf554983e5e5e3,train,train,x64,root,unified_mendeley
d8d22521e9f1bb335c4a1030ca84ba0e6f89496b74fba1cdb00f53794e69e024,root__d8d22521e9f1bb335c4a1030ca84ba0e6f89496b74fba1cdb00f53794e69e024,mendeley_goodware,0,file:d8d22521e9f1bb335c4a1030ca84ba0e6f89496b74fba1cdb00f53794e69e024,test,test,x86,root,unified_mendeley
d8eceac9d02f7e8aaaca7beeb8dc3ff28a0574e07fb34ca8e6720a6bc1126292,root__d8eceac9d02f7e8aaaca7beeb8dc3ff28a0574e07fb34ca8e6720a6bc1126292,mendeley_goodware,0,file:d8eceac9d02f7e8aaaca7beeb8dc3ff28a0574e07fb34ca8e6720a6bc1126292,train,train,x86,root,unified_mendeley
d973513e4c048829ea1281a7c57a4c352a366b5b8fc9e39f177781af68e36396,root__d973513e4c048829ea1281a7c57a4c352a366b5b8fc9e39f177781af68e36396,mendeley_goodware,0,file:d973513e4c048829ea1281a7c57a4c352a366b5b8fc9e39f177781af68e36396,train,train,x86,root,unified_mendeley
d9eca9bd677d3ffee01018f527c92d84d6d6bfb994a0bea49325be1131c4ff22,root__d9eca9bd677d3ffee01018f527c92d84d6d6bfb994a0bea49325be1131c4ff22,mendeley_goodware,0,file:d9eca9bd677d3ffee01018f527c92d84d6d6bfb994a0bea49325be1131c4ff22,test,test,x86,root,unified_mendeley
da05ad8215b01ea9ca9dbfd8c12fba5933b12acda27c29e4188dbb27378b42c0,root__da05ad8215b01ea9ca9dbfd8c12fba5933b12acda27c29e4188dbb27378b42c0,mendeley_goodware,0,file:da05ad8215b01ea9ca9dbfd8c12fba5933b12acda27c29e4188dbb27378b42c0,test,test,x86,root,unified_mendeley
da06498e2e0f3d8e5f0f7bbf9e92062f855cbd99d6dc76569d746f77139a5edb,root__da06498e2e0f3d8e5f0f7bbf9e92062f855cbd99d6dc76569d746f77139a5edb,mendeley_goodware,0,file:da06498e2e0f3d8e5f0f7bbf9e92062f855cbd99d6dc76569d746f77139a5edb,train,train,x86,root,unified_mendeley
da16ffcf609ebc6af859d6dec0fa8bee132fc2be9cde0a3f5baac52a73f8e141,root__da16ffcf609ebc6af859d6dec0fa8bee132fc2be9cde0a3f5baac52a73f8e141,mendeley_goodware,0,file:da16ffcf609ebc6af859d6dec0fa8bee132fc2be9cde0a3f5baac52a73f8e141,train,train,x64,root,unified_mendeley
daefd03187f9289bca4ad4819d30fa1214dc418a15bc8b65ca5597ca805a1054,root__daefd03187f9289bca4ad4819d30fa1214dc418a15bc8b65ca5597ca805a1054,mendeley_goodware,0,file:daefd03187f9289bca4ad4819d30fa1214dc418a15bc8b65ca5597ca805a1054,train,train,x86,root,unified_mendeley
db06c542723327d95d54d7d21954cdb7787b7a56ab85aff58c3c9746b85bab69,root__db06c542723327d95d54d7d21954cdb7787b7a56ab85aff58c3c9746b85bab69,mendeley_goodware,0,file:db06c542723327d95d54d7d21954cdb7787b7a56ab85aff58c3c9746b85bab69,train,train,x86,root,unified_mendeley
db8c1f668b8ddd46e1d668112c08b783b49265a8b9defc11621933e797a06a36,root__db8c1f668b8ddd46e1d668112c08b783b49265a8b9defc11621933e797a06a36,mendeley_goodware,0,file:db8c1f668b8ddd46e1d668112c08b783b49265a8b9defc11621933e797a06a36,train,train,x86,root,unified_mendeley
dba5d56949ba383dab17c3ab95eac8b3f1b693729676d1a5637790f6e7f01abd,root__dba5d56949ba383dab17c3ab95eac8b3f1b693729676d1a5637790f6e7f01abd,mendeley_goodware,0,file:dba5d56949ba383dab17c3ab95eac8b3f1b693729676d1a5637790f6e7f01abd,train,train,x64,root,unified_mendeley
dbaab927a8d30bdb081e504b6ffad04946fa7ce1d1f56cf932c009731d7e857c,root__dbaab927a8d30bdb081e504b6ffad04946fa7ce1d1f56cf932c009731d7e857c,mendeley_goodware,0,file:dbaab927a8d30bdb081e504b6ffad04946fa7ce1d1f56cf932c009731d7e857c,train,train,x64,root,unified_mendeley
dbb53e2b86f1e84b9265ff9f3fac85687490774d6833a8e3f0b8ade39e41a7d1,root__dbb53e2b86f1e84b9265ff9f3fac85687490774d6833a8e3f0b8ade39e41a7d1,mendeley_goodware,0,file:dbb53e2b86f1e84b9265ff9f3fac85687490774d6833a8e3f0b8ade39e41a7d1,test,test,x86,root,unified_mendeley
dbec13f4d435550c761bd0f5ebfe7885f22792c1a495af5220234435debf8b2b,root__dbec13f4d435550c761bd0f5ebfe7885f22792c1a495af5220234435debf8b2b,mendeley_goodware,0,file:dbec13f4d435550c761bd0f5ebfe7885f22792c1a495af5220234435debf8b2b,train,train,x86,root,unified_mendeley
dc3b8ad4e6c1c0db35dd29c2903235f2e1744550b85c62a05a122542ddf9b8a5,root__dc3b8ad4e6c1c0db35dd29c2903235f2e1744550b85c62a05a122542ddf9b8a5,mendeley_goodware,0,file:dc3b8ad4e6c1c0db35dd29c2903235f2e1744550b85c62a05a122542ddf9b8a5,val,train,x86,root,unified_mendeley
dc4c6e1a6185cba6b1d894f172123aaf52ed260618388e27fbe9467918aea84c,root__dc4c6e1a6185cba6b1d894f172123aaf52ed260618388e27fbe9467918aea84c,mendeley_goodware,0,file:dc4c6e1a6185cba6b1d894f172123aaf52ed260618388e27fbe9467918aea84c,train,train,x86,root,unified_mendeley
dc70e4001b3995f60d4e4d7ad5ecec534159673b1886ae79c2445374ad74811b,root__dc70e4001b3995f60d4e4d7ad5ecec534159673b1886ae79c2445374ad74811b,mendeley_goodware,0,file:dc70e4001b3995f60d4e4d7ad5ecec534159673b1886ae79c2445374ad74811b,train,train,x86,root,unified_mendeley
dcace777ff9c705f4bec24bff4b34531f1e62df8b69e8703cbfeaa8cc743dcdb,root__dcace777ff9c705f4bec24bff4b34531f1e62df8b69e8703cbfeaa8cc743dcdb,mendeley_goodware,0,file:dcace777ff9c705f4bec24bff4b34531f1e62df8b69e8703cbfeaa8cc743dcdb,train,train,x86,root,unified_mendeley
dd8a449737ca241bf34be50df7acf09bb62af97cc6ae8e6e5b4cccb6da7f4dec,root__dd8a449737ca241bf34be50df7acf09bb62af97cc6ae8e6e5b4cccb6da7f4dec,mendeley_goodware,0,file:dd8a449737ca241bf34be50df7acf09bb62af97cc6ae8e6e5b4cccb6da7f4dec,train,train,x86,root,unified_mendeley
ddb1ec5e7029d8d419ba365888ebf1494f4c5d5ffcd2f0161cefd1b01ded82bb,root__ddb1ec5e7029d8d419ba365888ebf1494f4c5d5ffcd2f0161cefd1b01ded82bb,mendeley_goodware,0,file:ddb1ec5e7029d8d419ba365888ebf1494f4c5d5ffcd2f0161cefd1b01ded82bb,train,train,x86,root,unified_mendeley
ddc920acfdb76dd6dfdc0cae7714c1d2995fd6042d1fc2efb1cc1df9478fa26f,root__ddc920acfdb76dd6dfdc0cae7714c1d2995fd6042d1fc2efb1cc1df9478fa26f,mendeley_goodware,0,file:ddc920acfdb76dd6dfdc0cae7714c1d2995fd6042d1fc2efb1cc1df9478fa26f,train,train,x64,root,unified_mendeley
ddce139b59faffe5abdb12fb6c7fbd256e6e18ca7fa5938cb164e94857ba07e9,root__ddce139b59faffe5abdb12fb6c7fbd256e6e18ca7fa5938cb164e94857ba07e9,mendeley_goodware,0,file:ddce139b59faffe5abdb12fb6c7fbd256e6e18ca7fa5938cb164e94857ba07e9,train,train,x86,root,unified_mendeley
ddd8016bdfe96238a3889da97cb9bd0b3afc4fb2392ccf2f0a74b247431e90e4,root__ddd8016bdfe96238a3889da97cb9bd0b3afc4fb2392ccf2f0a74b247431e90e4,mendeley_goodware,0,file:ddd8016bdfe96238a3889da97cb9bd0b3afc4fb2392ccf2f0a74b247431e90e4,train,train,x86,root,unified_mendeley
ddefaedb6e9da7e17be3ee8e0a8563a6ab5751e85aca55b90666f449b93d92ec,root__ddefaedb6e9da7e17be3ee8e0a8563a6ab5751e85aca55b90666f449b93d92ec,mendeley_goodware,0,file:ddefaedb6e9da7e17be3ee8e0a8563a6ab5751e85aca55b90666f449b93d92ec,train,train,x64,root,unified_mendeley
de8001f9cd159ae36431842707d752a9e89411f81809a7004f76683799c64ec0,root__de8001f9cd159ae36431842707d752a9e89411f81809a7004f76683799c64ec0,mendeley_goodware,0,file:de8001f9cd159ae36431842707d752a9e89411f81809a7004f76683799c64ec0,test,test,x86,root,unified_mendeley
defa27b0544db54f4329fdc40eb42b38af9b443dad08450a8ad1ea5127025944,root__defa27b0544db54f4329fdc40eb42b38af9b443dad08450a8ad1ea5127025944,mendeley_goodware,0,file:defa27b0544db54f4329fdc40eb42b38af9b443dad08450a8ad1ea5127025944,train,train,x86,root,unified_mendeley
df1fca6b2e0551db775f54cbc2e38cfa39f3920d075fe450c556a2079572ae54,root__df1fca6b2e0551db775f54cbc2e38cfa39f3920d075fe450c556a2079572ae54,mendeley_goodware,0,file:df1fca6b2e0551db775f54cbc2e38cfa39f3920d075fe450c556a2079572ae54,train,train,x86,root,unified_mendeley
df73a20b0036611e2e2fcb63f620d5945532d7634a1913457b2f242158eae6e0,root__df73a20b0036611e2e2fcb63f620d5945532d7634a1913457b2f242158eae6e0,mendeley_goodware,0,file:df73a20b0036611e2e2fcb63f620d5945532d7634a1913457b2f242158eae6e0,train,train,x86,root,unified_mendeley
dfc70b4b3ccfb3332bb77b93570a5112c5c5824774a54c070be9b6e676b78f43,root__dfc70b4b3ccfb3332bb77b93570a5112c5c5824774a54c070be9b6e676b78f43,mendeley_goodware,0,file:dfc70b4b3ccfb3332bb77b93570a5112c5c5824774a54c070be9b6e676b78f43,train,train,x64,root,unified_mendeley
e000c782af989e016efcef1664b9d652b0fee59b011e28154072f7b6001b124d,root__e000c782af989e016efcef1664b9d652b0fee59b011e28154072f7b6001b124d,mendeley_goodware,0,file:e000c782af989e016efcef1664b9d652b0fee59b011e28154072f7b6001b124d,train,train,x86,root,unified_mendeley
e049ebf01a506888fdc9d7976ed8ed025fd1b77a3cf2ff0456858a81654f4894,root__e049ebf01a506888fdc9d7976ed8ed025fd1b77a3cf2ff0456858a81654f4894,mendeley_goodware,0,file:e049ebf01a506888fdc9d7976ed8ed025fd1b77a3cf2ff0456858a81654f4894,test,test,x86,root,unified_mendeley
e04a7680d80e671a20641680c062af29b8021fe3a8bfce93810dc978f1635ee1,root__e04a7680d80e671a20641680c062af29b8021fe3a8bfce93810dc978f1635ee1,mendeley_goodware,0,file:e04a7680d80e671a20641680c062af29b8021fe3a8bfce93810dc978f1635ee1,train,train,x64,root,unified_mendeley
e0549ee0cc793b88c0a42e3abb9eba566225b787ec98e3fdf90cf53b902661d7,root__e0549ee0cc793b88c0a42e3abb9eba566225b787ec98e3fdf90cf53b902661d7,mendeley_goodware,0,file:e0549ee0cc793b88c0a42e3abb9eba566225b787ec98e3fdf90cf53b902661d7,train,train,x64,root,unified_mendeley
e055ad8bba4531e57c33e764ed2e4c9f6f1ffe7ff52447b8fb2c3b36730b3f16,root__e055ad8bba4531e57c33e764ed2e4c9f6f1ffe7ff52447b8fb2c3b36730b3f16,mendeley_goodware,0,file:e055ad8bba4531e57c33e764ed2e4c9f6f1ffe7ff52447b8fb2c3b36730b3f16,train,train,x86,root,unified_mendeley
e0588984db635c54b6606e31a982d5b84b38e81e12c55314d0e68dca004c4aeb,root__e0588984db635c54b6606e31a982d5b84b38e81e12c55314d0e68dca004c4aeb,mendeley_goodware,0,file:e0588984db635c54b6606e31a982d5b84b38e81e12c55314d0e68dca004c4aeb,train,train,x86,root,unified_mendeley
e05cd6d7aea164bfc9c258052a63b4a214833b0d3aa4af89f171dff19ad3cda1,root__e05cd6d7aea164bfc9c258052a63b4a214833b0d3aa4af89f171dff19ad3cda1,mendeley_goodware,0,file:e05cd6d7aea164bfc9c258052a63b4a214833b0d3aa4af89f171dff19ad3cda1,train,train,x64,root,unified_mendeley
e0975f041b54f0d8721b8c9bf9d6ecb5863a7317368e67a9826663822de66ded,root__e0975f041b54f0d8721b8c9bf9d6ecb5863a7317368e67a9826663822de66ded,mendeley_goodware,0,file:e0975f041b54f0d8721b8c9bf9d6ecb5863a7317368e67a9826663822de66ded,train,train,x86,root,unified_mendeley
e0e722a00c127e0425d2078e738b7a684c9f55a9bf521c67e9a40d796c8be0e9,root__e0e722a00c127e0425d2078e738b7a684c9f55a9bf521c67e9a40d796c8be0e9,mendeley_goodware,0,file:e0e722a00c127e0425d2078e738b7a684c9f55a9bf521c67e9a40d796c8be0e9,train,train,x86,root,unified_mendeley
e1491b1f6921849fcde3bc4b5cbb5d07890a997ed18f0051abba3407b8c0f39b,root__e1491b1f6921849fcde3bc4b5cbb5d07890a997ed18f0051abba3407b8c0f39b,mendeley_goodware,0,file:e1491b1f6921849fcde3bc4b5cbb5d07890a997ed18f0051abba3407b8c0f39b,train,train,x86,root,unified_mendeley
e15f5060b60e862f2d03a8ed04f50ce48a8011d42d4f25a5f9777c5d026614b6,root__e15f5060b60e862f2d03a8ed04f50ce48a8011d42d4f25a5f9777c5d026614b6,mendeley_goodware,0,file:e15f5060b60e862f2d03a8ed04f50ce48a8011d42d4f25a5f9777c5d026614b6,train,train,x64,root,unified_mendeley
e18ef4345ebe9d354516594a7cc8b3fb33c934013d5ce209fb4cfe6eb9695b05,root__e18ef4345ebe9d354516594a7cc8b3fb33c934013d5ce209fb4cfe6eb9695b05,mendeley_goodware,0,file:e18ef4345ebe9d354516594a7cc8b3fb33c934013d5ce209fb4cfe6eb9695b05,train,train,x86,root,unified_mendeley
e1ae2ec83fec0c8cf01b9e4c3da910be61abf3071e56eda834590c405e8e4e69,root__e1ae2ec83fec0c8cf01b9e4c3da910be61abf3071e56eda834590c405e8e4e69,mendeley_goodware,0,file:e1ae2ec83fec0c8cf01b9e4c3da910be61abf3071e56eda834590c405e8e4e69,train,train,x64,root,unified_mendeley
e2023f25c5da9c4fd73a061c8a94f576aa9a4c812e480c8b0b37f8e40b7a41cd,root__e2023f25c5da9c4fd73a061c8a94f576aa9a4c812e480c8b0b37f8e40b7a41cd,mendeley_goodware,0,file:e2023f25c5da9c4fd73a061c8a94f576aa9a4c812e480c8b0b37f8e40b7a41cd,train,train,x86,root,unified_mendeley
e2095dbe5ff7a1e7113abdf8d26bd8532789ce5b725fbf5321225e743b8e29b0,root__e2095dbe5ff7a1e7113abdf8d26bd8532789ce5b725fbf5321225e743b8e29b0,mendeley_goodware,0,file:e2095dbe5ff7a1e7113abdf8d26bd8532789ce5b725fbf5321225e743b8e29b0,train,train,x64,root,unified_mendeley
e233391af22be0e39d8d2e3faeece9d424031ce97dfa9ae3a7a453f2e6f5c5cb,root__e233391af22be0e39d8d2e3faeece9d424031ce97dfa9ae3a7a453f2e6f5c5cb,mendeley_goodware,0,file:e233391af22be0e39d8d2e3faeece9d424031ce97dfa9ae3a7a453f2e6f5c5cb,train,train,x64,root,unified_mendeley
e24570abd130832732d0dd3ec4efb6e3e1835064513c8b8a2b1ae0d530b04534,root__e24570abd130832732d0dd3ec4efb6e3e1835064513c8b8a2b1ae0d530b04534,mendeley_goodware,0,file:e24570abd130832732d0dd3ec4efb6e3e1835064513c8b8a2b1ae0d530b04534,train,train,x86,root,unified_mendeley
e2544e63fe1c1ba957ec5723b74cf78476a2c54568af569a37d7a4f9fb804c93,root__e2544e63fe1c1ba957ec5723b74cf78476a2c54568af569a37d7a4f9fb804c93,mendeley_goodware,0,file:e2544e63fe1c1ba957ec5723b74cf78476a2c54568af569a37d7a4f9fb804c93,train,train,x64,root,unified_mendeley
e26e459631c3c6a9ee9c498bbcee99ec67e8534a52313e1b13c0ed9639d162cb,root__e26e459631c3c6a9ee9c498bbcee99ec67e8534a52313e1b13c0ed9639d162cb,mendeley_goodware,0,file:e26e459631c3c6a9ee9c498bbcee99ec67e8534a52313e1b13c0ed9639d162cb,test,test,x86,root,unified_mendeley
e272d0e33299bca60479683eae0d9b5d880293c01b337d5759fee812ea631a39,root__e272d0e33299bca60479683eae0d9b5d880293c01b337d5759fee812ea631a39,mendeley_goodware,0,file:e272d0e33299bca60479683eae0d9b5d880293c01b337d5759fee812ea631a39,train,train,x64,root,unified_mendeley
e299d47d2d13351bc147cdc743da298b623db0ba6cefab1a69313ac4d7d9278c,root__e299d47d2d13351bc147cdc743da298b623db0ba6cefab1a69313ac4d7d9278c,mendeley_goodware,0,file:e299d47d2d13351bc147cdc743da298b623db0ba6cefab1a69313ac4d7d9278c,train,train,x86,root,unified_mendeley
e2a0e5c527deac05b9f22450b8edb41e08f1621a96ac420b924138804c69256c,root__e2a0e5c527deac05b9f22450b8edb41e08f1621a96ac420b924138804c69256c,mendeley_goodware,0,file:e2a0e5c527deac05b9f22450b8edb41e08f1621a96ac420b924138804c69256c,train,train,x86,root,unified_mendeley
e2a940041a0dc53165050930f73f3958a86f1ea8d9429d73718d8def8c6e9f8d,root__e2a940041a0dc53165050930f73f3958a86f1ea8d9429d73718d8def8c6e9f8d,mendeley_goodware,0,file:e2a940041a0dc53165050930f73f3958a86f1ea8d9429d73718d8def8c6e9f8d,test,test,x86,root,unified_mendeley
e2b239c09e953a4d59c70487848230ab339a9ad5a8d4f06b0b505bf7142e6bfb,root__e2b239c09e953a4d59c70487848230ab339a9ad5a8d4f06b0b505bf7142e6bfb,mendeley_goodware,0,file:e2b239c09e953a4d59c70487848230ab339a9ad5a8d4f06b0b505bf7142e6bfb,train,train,x64,root,unified_mendeley
e3046d83040d114af09c6b7738f69b14ec180ece999573489a7d3386e4ababb5,root__e3046d83040d114af09c6b7738f69b14ec180ece999573489a7d3386e4ababb5,mendeley_goodware,0,file:e3046d83040d114af09c6b7738f69b14ec180ece999573489a7d3386e4ababb5,train,train,x86,root,unified_mendeley
e31e2c01f113e60e8abba26c11eb8792d93f8965dfbac70c7ed784ba82e3bae3,root__e31e2c01f113e60e8abba26c11eb8792d93f8965dfbac70c7ed784ba82e3bae3,mendeley_goodware,0,file:e31e2c01f113e60e8abba26c11eb8792d93f8965dfbac70c7ed784ba82e3bae3,train,train,x86,root,unified_mendeley
e325fb07b8a5855a1305819ea571926f02687bdf3caa26064ac0360e612886f0,root__e325fb07b8a5855a1305819ea571926f02687bdf3caa26064ac0360e612886f0,mendeley_goodware,0,file:e325fb07b8a5855a1305819ea571926f02687bdf3caa26064ac0360e612886f0,train,train,x64,root,unified_mendeley
e3912b625e6356f1f962cdeb2d4d6a2750cefa90ceead7ee26cb5516a53ee041,root__e3912b625e6356f1f962cdeb2d4d6a2750cefa90ceead7ee26cb5516a53ee041,mendeley_goodware,0,file:e3912b625e6356f1f962cdeb2d4d6a2750cefa90ceead7ee26cb5516a53ee041,train,train,x64,root,unified_mendeley
e3af98717bf1cda7dc4aacb5b34d111ac237604161cd96f7929ec33f2ff260b6,root__e3af98717bf1cda7dc4aacb5b34d111ac237604161cd96f7929ec33f2ff260b6,mendeley_goodware,0,file:e3af98717bf1cda7dc4aacb5b34d111ac237604161cd96f7929ec33f2ff260b6,val,train,x86,root,unified_mendeley
e3ea8b0b905f0cb4b355c0650672962a18212420aa75732b689439fbd956b208,root__e3ea8b0b905f0cb4b355c0650672962a18212420aa75732b689439fbd956b208,mendeley_goodware,0,file:e3ea8b0b905f0cb4b355c0650672962a18212420aa75732b689439fbd956b208,train,train,x86,root,unified_mendeley
e3f747950b9bbd6c5f1e963ad21f6f9db52f4f50be9216eb13c96994395e9df1,root__e3f747950b9bbd6c5f1e963ad21f6f9db52f4f50be9216eb13c96994395e9df1,mendeley_goodware,0,file:e3f747950b9bbd6c5f1e963ad21f6f9db52f4f50be9216eb13c96994395e9df1,train,train,x64,root,unified_mendeley
e3f7f0cc0cb19faa1549b6648e16846e4d981f14e6b2b731c15b2e57d9d791c4,root__e3f7f0cc0cb19faa1549b6648e16846e4d981f14e6b2b731c15b2e57d9d791c4,mendeley_goodware,0,file:e3f7f0cc0cb19faa1549b6648e16846e4d981f14e6b2b731c15b2e57d9d791c4,train,train,x86,root,unified_mendeley
e4220435f20b966623b7646c247397ddaf5ce0d8a2a5ef2bc9915e6d111ea765,root__e4220435f20b966623b7646c247397ddaf5ce0d8a2a5ef2bc9915e6d111ea765,mendeley_goodware,0,file:e4220435f20b966623b7646c247397ddaf5ce0d8a2a5ef2bc9915e6d111ea765,train,train,x86,root,unified_mendeley
e46b3ca5a0ebb4a6979f852f50e22bd08c9f2d0206cc04383978be0172ac88ee,root__e46b3ca5a0ebb4a6979f852f50e22bd08c9f2d0206cc04383978be0172ac88ee,mendeley_goodware,0,file:e46b3ca5a0ebb4a6979f852f50e22bd08c9f2d0206cc04383978be0172ac88ee,train,train,x64,root,unified_mendeley
e59194cb1dc42b5cd68d4b642a627869602b67e02d84ff46456ed5a4876efa9f,root__e59194cb1dc42b5cd68d4b642a627869602b67e02d84ff46456ed5a4876efa9f,mendeley_goodware,0,file:e59194cb1dc42b5cd68d4b642a627869602b67e02d84ff46456ed5a4876efa9f,train,train,x86,root,unified_mendeley
e68e5da4b741f92bc748df79b876b37fdff184af98113523153729fa1961aab0,root__e68e5da4b741f92bc748df79b876b37fdff184af98113523153729fa1961aab0,mendeley_goodware,0,file:e68e5da4b741f92bc748df79b876b37fdff184af98113523153729fa1961aab0,train,train,x64,root,unified_mendeley
e6e28735d5715423afb88b124920426e8f83b99d2fce1f1f873879573c5b4c04,root__e6e28735d5715423afb88b124920426e8f83b99d2fce1f1f873879573c5b4c04,mendeley_goodware,0,file:e6e28735d5715423afb88b124920426e8f83b99d2fce1f1f873879573c5b4c04,train,train,x64,root,unified_mendeley
e71620ec8934f98f2bdf69d8aa1d98c62d39465d13834f1de6440c6aaae15049,root__e71620ec8934f98f2bdf69d8aa1d98c62d39465d13834f1de6440c6aaae15049,mendeley_goodware,0,file:e71620ec8934f98f2bdf69d8aa1d98c62d39465d13834f1de6440c6aaae15049,train,train,x86,root,unified_mendeley
e71c51e926c3f50bc62113c60bd42e6e23d1f37855268d1ec3ccad6b8836db4f,root__e71c51e926c3f50bc62113c60bd42e6e23d1f37855268d1ec3ccad6b8836db4f,mendeley_goodware,0,file:e71c51e926c3f50bc62113c60bd42e6e23d1f37855268d1ec3ccad6b8836db4f,test,test,x64,root,unified_mendeley
e71cda5e7c018f18aefcdfbce171cfeee7b8d556e5036d8b8f0864efc5f2156b,root__e71cda5e7c018f18aefcdfbce171cfeee7b8d556e5036d8b8f0864efc5f2156b,mendeley_goodware,0,file:e71cda5e7c018f18aefcdfbce171cfeee7b8d556e5036d8b8f0864efc5f2156b,train,train,x64,root,unified_mendeley
e73cb3e2c1053cbb73bd82b796e9d734eb1ee8890ad1d768f6a51765e9799cec,root__e73cb3e2c1053cbb73bd82b796e9d734eb1ee8890ad1d768f6a51765e9799cec,mendeley_goodware,0,file:e73cb3e2c1053cbb73bd82b796e9d734eb1ee8890ad1d768f6a51765e9799cec,train,train,x86,root,unified_mendeley
e782e9a9c28c78981b0e2d1bd1d8537af125ea1a076854cd37ad7c9117302ce3,root__e782e9a9c28c78981b0e2d1bd1d8537af125ea1a076854cd37ad7c9117302ce3,mendeley_goodware,0,file:e782e9a9c28c78981b0e2d1bd1d8537af125ea1a076854cd37ad7c9117302ce3,train,train,x86,root,unified_mendeley
e78ee0b4f95be14b6256395f6a58221078825f6505b334bc8ea70b9a46e9cba5,root__e78ee0b4f95be14b6256395f6a58221078825f6505b334bc8ea70b9a46e9cba5,mendeley_goodware,0,file:e78ee0b4f95be14b6256395f6a58221078825f6505b334bc8ea70b9a46e9cba5,train,train,x64,root,unified_mendeley
e7abfe2896f3a3f7c71797535e2016aa24f1363482c1eb799a51e5b0444b8082,root__e7abfe2896f3a3f7c71797535e2016aa24f1363482c1eb799a51e5b0444b8082,mendeley_goodware,0,file:e7abfe2896f3a3f7c71797535e2016aa24f1363482c1eb799a51e5b0444b8082,train,train,x86,root,unified_mendeley
e8814ddc5bc8abc5f108c376473d9b493982717916b5fb272ae39fc9463c7d55,root__e8814ddc5bc8abc5f108c376473d9b493982717916b5fb272ae39fc9463c7d55,mendeley_goodware,0,file:e8814ddc5bc8abc5f108c376473d9b493982717916b5fb272ae39fc9463c7d55,val,train,x86,root,unified_mendeley
e885649f0fb611fa01f72ef9bd7a103c52eb5a1a7cca0659477dab05264aac1c,root__e885649f0fb611fa01f72ef9bd7a103c52eb5a1a7cca0659477dab05264aac1c,mendeley_goodware,0,file:e885649f0fb611fa01f72ef9bd7a103c52eb5a1a7cca0659477dab05264aac1c,train,train,x86,root,unified_mendeley
e8b204ee371cd08f73aa00fc57378d6f0ad93d87d53db44f0c0ea594108f12c5,root__e8b204ee371cd08f73aa00fc57378d6f0ad93d87d53db44f0c0ea594108f12c5,mendeley_goodware,0,file:e8b204ee371cd08f73aa00fc57378d6f0ad93d87d53db44f0c0ea594108f12c5,train,train,x64,root,unified_mendeley
e8e9e1c1384552e8a3e6cf6343118727221f115f348f72e6fdca6ffc82a10620,root__e8e9e1c1384552e8a3e6cf6343118727221f115f348f72e6fdca6ffc82a10620,mendeley_goodware,0,file:e8e9e1c1384552e8a3e6cf6343118727221f115f348f72e6fdca6ffc82a10620,train,train,x64,root,unified_mendeley
e931a485dfde7c57f281d79d09dfb803510f4f84d69b8f14ad2ac9ad6ee26f31,root__e931a485dfde7c57f281d79d09dfb803510f4f84d69b8f14ad2ac9ad6ee26f31,mendeley_goodware,0,file:e931a485dfde7c57f281d79d09dfb803510f4f84d69b8f14ad2ac9ad6ee26f31,train,train,x64,root,unified_mendeley
e95bb55a91d8e5943b6eac1853fdf46c3236e730619548bc1457bf670868b652,root__e95bb55a91d8e5943b6eac1853fdf46c3236e730619548bc1457bf670868b652,mendeley_goodware,0,file:e95bb55a91d8e5943b6eac1853fdf46c3236e730619548bc1457bf670868b652,test,test,x86,root,unified_mendeley
e98cada9b35901a1b9d58bd26f468a642a1b12ab49fe1f0338fd7e527e1e81eb,root__e98cada9b35901a1b9d58bd26f468a642a1b12ab49fe1f0338fd7e527e1e81eb,mendeley_goodware,0,file:e98cada9b35901a1b9d58bd26f468a642a1b12ab49fe1f0338fd7e527e1e81eb,train,train,x64,root,unified_mendeley
e9f1f2c4fbca349cba6d1f3039ff6ad9375a702101a9d69d602e263323bc15fe,root__e9f1f2c4fbca349cba6d1f3039ff6ad9375a702101a9d69d602e263323bc15fe,mendeley_goodware,0,file:e9f1f2c4fbca349cba6d1f3039ff6ad9375a702101a9d69d602e263323bc15fe,train,train,x86,root,unified_mendeley
ea468ef7815f4e628c295bd05ed247dcd942cd71afa991b9ec4b94d963110aa4,root__ea468ef7815f4e628c295bd05ed247dcd942cd71afa991b9ec4b94d963110aa4,mendeley_goodware,0,file:ea468ef7815f4e628c295bd05ed247dcd942cd71afa991b9ec4b94d963110aa4,train,train,x86,root,unified_mendeley
ea48b4f5787d0941991b17a9a2075cd89f8217cd00260c5283e2a2bf97efac64,root__ea48b4f5787d0941991b17a9a2075cd89f8217cd00260c5283e2a2bf97efac64,mendeley_goodware,0,file:ea48b4f5787d0941991b17a9a2075cd89f8217cd00260c5283e2a2bf97efac64,train,train,x64,root,unified_mendeley
ea795660987ab06f1be1509bedc84e1113faf66de7b11872d6cfaab081a125f6,root__ea795660987ab06f1be1509bedc84e1113faf66de7b11872d6cfaab081a125f6,mendeley_goodware,0,file:ea795660987ab06f1be1509bedc84e1113faf66de7b11872d6cfaab081a125f6,train,train,x86,root,unified_mendeley
ea9a82ac3f573c55c9fad569c18075d0c56bb6a2bd3cbb9c6991c09203176fcc,root__ea9a82ac3f573c55c9fad569c18075d0c56bb6a2bd3cbb9c6991c09203176fcc,mendeley_goodware,0,file:ea9a82ac3f573c55c9fad569c18075d0c56bb6a2bd3cbb9c6991c09203176fcc,train,train,x86,root,unified_mendeley
eab0f1fa1c025867dff4facc726c3e6bded9b7b04954f10eaf9c441f6f382911,root__eab0f1fa1c025867dff4facc726c3e6bded9b7b04954f10eaf9c441f6f382911,mendeley_goodware,0,file:eab0f1fa1c025867dff4facc726c3e6bded9b7b04954f10eaf9c441f6f382911,train,train,x86,root,unified_mendeley
eb0b5567b4eddd0c6788e6e0d6defa23170355ffadb564dafb7d92a3e027f440,root__eb0b5567b4eddd0c6788e6e0d6defa23170355ffadb564dafb7d92a3e027f440,mendeley_goodware,0,file:eb0b5567b4eddd0c6788e6e0d6defa23170355ffadb564dafb7d92a3e027f440,test,test,x86,root,unified_mendeley
eb10676bb918d14b74929941471ecf6d02cd189e391549f1d03a692fff62eba2,root__eb10676bb918d14b74929941471ecf6d02cd189e391549f1d03a692fff62eba2,mendeley_goodware,0,file:eb10676bb918d14b74929941471ecf6d02cd189e391549f1d03a692fff62eba2,train,train,x86,root,unified_mendeley
eb71926b0f0f8b48f831c9589fad0f355f4e2a311f034c951a39de396fb552b9,root__eb71926b0f0f8b48f831c9589fad0f355f4e2a311f034c951a39de396fb552b9,mendeley_goodware,0,file:eb71926b0f0f8b48f831c9589fad0f355f4e2a311f034c951a39de396fb552b9,train,train,x86,root,unified_mendeley
eb900bd3851e484655059f6223a9758b451ff27cdd668f070906b9e01eac5c75,root__eb900bd3851e484655059f6223a9758b451ff27cdd668f070906b9e01eac5c75,mendeley_goodware,0,file:eb900bd3851e484655059f6223a9758b451ff27cdd668f070906b9e01eac5c75,train,train,x64,root,unified_mendeley
eb9048606c0ce6be9f82f0b6b62a977133a6c43459e3dc6417f941d591fab2a8,root__eb9048606c0ce6be9f82f0b6b62a977133a6c43459e3dc6417f941d591fab2a8,mendeley_goodware,0,file:eb9048606c0ce6be9f82f0b6b62a977133a6c43459e3dc6417f941d591fab2a8,train,train,x86,root,unified_mendeley
eb98f1e34cbad6a2cc56c430df952cc184f28c164f012ee6a223f07a089ce5c2,root__eb98f1e34cbad6a2cc56c430df952cc184f28c164f012ee6a223f07a089ce5c2,mendeley_goodware,0,file:eb98f1e34cbad6a2cc56c430df952cc184f28c164f012ee6a223f07a089ce5c2,val,train,x86,root,unified_mendeley
ec30a097830520b77a6beff40544271d01cb625cb29ecee1e8ad6d4b9ba4e961,root__ec30a097830520b77a6beff40544271d01cb625cb29ecee1e8ad6d4b9ba4e961,mendeley_goodware,0,file:ec30a097830520b77a6beff40544271d01cb625cb29ecee1e8ad6d4b9ba4e961,train,train,x86,root,unified_mendeley
ec39f8fdbda62dc70392d7efff271fd189c087336dc716e51abae888caef5a32,root__ec39f8fdbda62dc70392d7efff271fd189c087336dc716e51abae888caef5a32,mendeley_goodware,0,file:ec39f8fdbda62dc70392d7efff271fd189c087336dc716e51abae888caef5a32,train,train,x64,root,unified_mendeley
ec3c85abc032be22b15edda535a56550857e5df04504314a3e626d9140773e26,root__ec3c85abc032be22b15edda535a56550857e5df04504314a3e626d9140773e26,mendeley_goodware,0,file:ec3c85abc032be22b15edda535a56550857e5df04504314a3e626d9140773e26,test,test,x86,root,unified_mendeley
ed38d575d3ce8e16710182c17afc86181ffa23b9023156938c2c14141279867f,root__ed38d575d3ce8e16710182c17afc86181ffa23b9023156938c2c14141279867f,mendeley_goodware,0,file:ed38d575d3ce8e16710182c17afc86181ffa23b9023156938c2c14141279867f,train,train,x86,root,unified_mendeley
ed5d3d9e296176b1a25bafe738893d25423f31f1ab8b7aec295e375502690a6d,root__ed5d3d9e296176b1a25bafe738893d25423f31f1ab8b7aec295e375502690a6d,mendeley_goodware,0,file:ed5d3d9e296176b1a25bafe738893d25423f31f1ab8b7aec295e375502690a6d,val,train,x86,root,unified_mendeley
ede5c31b07b327336a5e9877ba00982b5a81eaca029a66e051b9c9554fd34119,root__ede5c31b07b327336a5e9877ba00982b5a81eaca029a66e051b9c9554fd34119,mendeley_goodware,0,file:ede5c31b07b327336a5e9877ba00982b5a81eaca029a66e051b9c9554fd34119,train,train,x64,root,unified_mendeley
ee52a12396236ca1f2bd97fed17a0feab53367482e3826811ad9377b35fc9318,root__ee52a12396236ca1f2bd97fed17a0feab53367482e3826811ad9377b35fc9318,mendeley_goodware,0,file:ee52a12396236ca1f2bd97fed17a0feab53367482e3826811ad9377b35fc9318,train,train,x86,root,unified_mendeley
ee8a99812902444c7f3769d8175c98ff936277054958735d49bc66db5f81f5f5,root__ee8a99812902444c7f3769d8175c98ff936277054958735d49bc66db5f81f5f5,mendeley_goodware,0,file:ee8a99812902444c7f3769d8175c98ff936277054958735d49bc66db5f81f5f5,train,train,x86,root,unified_mendeley
eefe1cc1b637e823908ad21afc46a2ca593d506eb0f136503884cf373b88c7f5,root__eefe1cc1b637e823908ad21afc46a2ca593d506eb0f136503884cf373b88c7f5,mendeley_goodware,0,file:eefe1cc1b637e823908ad21afc46a2ca593d506eb0f136503884cf373b88c7f5,train,train,x86,root,unified_mendeley
ef1a2c13454e4a9ab5fd7b1745648c4cd2740b0dfcdf133445f5787cfdd2684c,root__ef1a2c13454e4a9ab5fd7b1745648c4cd2740b0dfcdf133445f5787cfdd2684c,mendeley_goodware,0,file:ef1a2c13454e4a9ab5fd7b1745648c4cd2740b0dfcdf133445f5787cfdd2684c,train,train,x64,root,unified_mendeley
ef37fa6999c453544a19aeab24f344abdfae761e810c9c29de6cf2eac2f1eaad,root__ef37fa6999c453544a19aeab24f344abdfae761e810c9c29de6cf2eac2f1eaad,mendeley_goodware,0,file:ef37fa6999c453544a19aeab24f344abdfae761e810c9c29de6cf2eac2f1eaad,train,train,x64,root,unified_mendeley
ef577d51307e12c4315c0504199b8a01175bf7e742d1ce4c4d41cae4543d6ac4,root__ef577d51307e12c4315c0504199b8a01175bf7e742d1ce4c4d41cae4543d6ac4,mendeley_goodware,0,file:ef577d51307e12c4315c0504199b8a01175bf7e742d1ce4c4d41cae4543d6ac4,train,train,x86,root,unified_mendeley
efa29a2024460f1df66adb96968f0515a910ed91429059101c0285bb1bed86bc,root__efa29a2024460f1df66adb96968f0515a910ed91429059101c0285bb1bed86bc,mendeley_goodware,0,file:efa29a2024460f1df66adb96968f0515a910ed91429059101c0285bb1bed86bc,train,train,x86,root,unified_mendeley
f00ea11118b39d06a3d361e851b6d13b29a3fc0c787ab763e9c351f718cb90bb,root__f00ea11118b39d06a3d361e851b6d13b29a3fc0c787ab763e9c351f718cb90bb,mendeley_goodware,0,file:f00ea11118b39d06a3d361e851b6d13b29a3fc0c787ab763e9c351f718cb90bb,train,train,x64,root,unified_mendeley
f07c30677874f7ca02e3fc5a791348c133b299ab88f681e4d4118e5286bc2d94,root__f07c30677874f7ca02e3fc5a791348c133b299ab88f681e4d4118e5286bc2d94,mendeley_goodware,0,file:f07c30677874f7ca02e3fc5a791348c133b299ab88f681e4d4118e5286bc2d94,train,train,x64,root,unified_mendeley
f0b28504ec664520e6fb17e1e9addfa38dc84510c7b1ea49d3f068f247096fa2,root__f0b28504ec664520e6fb17e1e9addfa38dc84510c7b1ea49d3f068f247096fa2,mendeley_goodware,0,file:f0b28504ec664520e6fb17e1e9addfa38dc84510c7b1ea49d3f068f247096fa2,train,train,x86,root,unified_mendeley
f0bc5dec82646e976a1277f96c78f12e36643020a93b0419a216d948c0eab2fc,root__f0bc5dec82646e976a1277f96c78f12e36643020a93b0419a216d948c0eab2fc,mendeley_goodware,0,file:f0bc5dec82646e976a1277f96c78f12e36643020a93b0419a216d948c0eab2fc,train,train,x64,root,unified_mendeley
f0cddba84ac1da81b4f340b7b14193ff85e80b6444febe5f7686de6061ed7c67,root__f0cddba84ac1da81b4f340b7b14193ff85e80b6444febe5f7686de6061ed7c67,mendeley_goodware,0,file:f0cddba84ac1da81b4f340b7b14193ff85e80b6444febe5f7686de6061ed7c67,train,train,x64,root,unified_mendeley
f0d0591c4cd1a475ed985659b03d16c0fc772a82a7efb643b8d94ae851b4a2b7,root__f0d0591c4cd1a475ed985659b03d16c0fc772a82a7efb643b8d94ae851b4a2b7,mendeley_goodware,0,file:f0d0591c4cd1a475ed985659b03d16c0fc772a82a7efb643b8d94ae851b4a2b7,train,train,x64,root,unified_mendeley
f100f9542a3d3b48868adfca2a5ca4c48960c66d5c0ea1b5d28f994a3b0d3739,root__f100f9542a3d3b48868adfca2a5ca4c48960c66d5c0ea1b5d28f994a3b0d3739,mendeley_goodware,0,file:f100f9542a3d3b48868adfca2a5ca4c48960c66d5c0ea1b5d28f994a3b0d3739,train,train,x86,root,unified_mendeley
f1447c3852642b5d56ff7e2a0ecedd9b8ba89a4b3a0915f2a3c826adbc1a54fe,root__f1447c3852642b5d56ff7e2a0ecedd9b8ba89a4b3a0915f2a3c826adbc1a54fe,mendeley_goodware,0,file:f1447c3852642b5d56ff7e2a0ecedd9b8ba89a4b3a0915f2a3c826adbc1a54fe,train,train,x86,root,unified_mendeley
f155ec0206ff0f6ab76c775f00e8aac3859d3b0953a311147fc3ded7b8762904,root__f155ec0206ff0f6ab76c775f00e8aac3859d3b0953a311147fc3ded7b8762904,mendeley_goodware,0,file:f155ec0206ff0f6ab76c775f00e8aac3859d3b0953a311147fc3ded7b8762904,train,train,x86,root,unified_mendeley
f15fc7fb329dde9cf492cd6172c58a4805013b0631fac394840144f5151bbbbe,root__f15fc7fb329dde9cf492cd6172c58a4805013b0631fac394840144f5151bbbbe,mendeley_goodware,0,file:f15fc7fb329dde9cf492cd6172c58a4805013b0631fac394840144f5151bbbbe,train,train,x86,root,unified_mendeley
f16d328095ffc06989cceebad3d880565896f9460812889c544b4d956d5c047d,root__f16d328095ffc06989cceebad3d880565896f9460812889c544b4d956d5c047d,mendeley_goodware,0,file:f16d328095ffc06989cceebad3d880565896f9460812889c544b4d956d5c047d,val,train,x64,root,unified_mendeley
f1716b20db3b2839be0c1747c4b86e4be88f7ab6f287b9f4c8256ded6a4011ef,root__f1716b20db3b2839be0c1747c4b86e4be88f7ab6f287b9f4c8256ded6a4011ef,mendeley_goodware,0,file:f1716b20db3b2839be0c1747c4b86e4be88f7ab6f287b9f4c8256ded6a4011ef,train,train,x86,root,unified_mendeley
f181c43663f8844e34626d4dfc099ee10b03ab454a3d374829b03a7c466662a3,root__f181c43663f8844e34626d4dfc099ee10b03ab454a3d374829b03a7c466662a3,mendeley_goodware,0,file:f181c43663f8844e34626d4dfc099ee10b03ab454a3d374829b03a7c466662a3,test,test,x86,root,unified_mendeley
f1bd97c1a4b20a4097688f2485b523def4848e3e1f58621c94d88fc74521c003,root__f1bd97c1a4b20a4097688f2485b523def4848e3e1f58621c94d88fc74521c003,mendeley_goodware,0,file:f1bd97c1a4b20a4097688f2485b523def4848e3e1f58621c94d88fc74521c003,val,train,x64,root,unified_mendeley
f1c64110cb9927ba635bea397f2725e8eebf8ed21cfab326394bd5242f270071,root__f1c64110cb9927ba635bea397f2725e8eebf8ed21cfab326394bd5242f270071,mendeley_goodware,0,file:f1c64110cb9927ba635bea397f2725e8eebf8ed21cfab326394bd5242f270071,train,train,x64,root,unified_mendeley
f1d4768c014668647e5588c984fe3bdf639828f62bc338f2c4fcdb96336bb99c,root__f1d4768c014668647e5588c984fe3bdf639828f62bc338f2c4fcdb96336bb99c,mendeley_goodware,0,file:f1d4768c014668647e5588c984fe3bdf639828f62bc338f2c4fcdb96336bb99c,test,test,x86,root,unified_mendeley
f1d7464233146e55dedf17ed942521ef2274e51963d6e4441279d100278a53e6,root__f1d7464233146e55dedf17ed942521ef2274e51963d6e4441279d100278a53e6,mendeley_goodware,0,file:f1d7464233146e55dedf17ed942521ef2274e51963d6e4441279d100278a53e6,train,train,x86,root,unified_mendeley
f1e7e298c28441180a0fdf04b870fae5e00e0796925e3211e5df35616814c4ef,root__f1e7e298c28441180a0fdf04b870fae5e00e0796925e3211e5df35616814c4ef,mendeley_goodware,0,file:f1e7e298c28441180a0fdf04b870fae5e00e0796925e3211e5df35616814c4ef,train,train,x64,root,unified_mendeley
f20049db84fc681c3c71af480fb3c4d40ad5185fbcb458b39ef65f1ee4619915,root__f20049db84fc681c3c71af480fb3c4d40ad5185fbcb458b39ef65f1ee4619915,mendeley_goodware,0,file:f20049db84fc681c3c71af480fb3c4d40ad5185fbcb458b39ef65f1ee4619915,test,test,x86,root,unified_mendeley
f21789813565ed6486e70a99005bbd7e57f8046c4e21a9bdb2d4d7140924f727,root__f21789813565ed6486e70a99005bbd7e57f8046c4e21a9bdb2d4d7140924f727,mendeley_goodware,0,file:f21789813565ed6486e70a99005bbd7e57f8046c4e21a9bdb2d4d7140924f727,val,train,x86,root,unified_mendeley
f22b3505d734e3733b39072664262ea84f8ef7faa09cb3a4c1d589785d115ec1,root__f22b3505d734e3733b39072664262ea84f8ef7faa09cb3a4c1d589785d115ec1,mendeley_goodware,0,file:f22b3505d734e3733b39072664262ea84f8ef7faa09cb3a4c1d589785d115ec1,val,train,x86,root,unified_mendeley
f26cfb5e1205a9bb0212afe4072a3a46361040f4d2478993d220117329576a28,root__f26cfb5e1205a9bb0212afe4072a3a46361040f4d2478993d220117329576a28,mendeley_goodware,0,file:f26cfb5e1205a9bb0212afe4072a3a46361040f4d2478993d220117329576a28,val,train,x86,root,unified_mendeley
f26fe48050b0baabf42a927a7b91482c88aae2b79f16b7bb907144081a2955d0,root__f26fe48050b0baabf42a927a7b91482c88aae2b79f16b7bb907144081a2955d0,mendeley_goodware,0,file:f26fe48050b0baabf42a927a7b91482c88aae2b79f16b7bb907144081a2955d0,train,train,x64,root,unified_mendeley
f277312a50141009f69bcbffbc449c2d2b5f4169a87bb5195836e6114916a968,root__f277312a50141009f69bcbffbc449c2d2b5f4169a87bb5195836e6114916a968,mendeley_goodware,0,file:f277312a50141009f69bcbffbc449c2d2b5f4169a87bb5195836e6114916a968,train,train,x64,root,unified_mendeley
f27a32776e3fce6c6a5d3a9d46a84a286f71fd8380c5a7065ee34c3ec3d7932f,root__f27a32776e3fce6c6a5d3a9d46a84a286f71fd8380c5a7065ee34c3ec3d7932f,mendeley_goodware,0,file:f27a32776e3fce6c6a5d3a9d46a84a286f71fd8380c5a7065ee34c3ec3d7932f,train,train,x64,root,unified_mendeley
f284f5bc396cfc09fc47268e2956e44ab3c042882c250fb52872632401e987b0,root__f284f5bc396cfc09fc47268e2956e44ab3c042882c250fb52872632401e987b0,mendeley_goodware,0,file:f284f5bc396cfc09fc47268e2956e44ab3c042882c250fb52872632401e987b0,train,train,x86,root,unified_mendeley
f2d7ef4d1a42cba9e2fceb2521e414fee946a1bd0ce912427438c2f4d9209a90,root__f2d7ef4d1a42cba9e2fceb2521e414fee946a1bd0ce912427438c2f4d9209a90,mendeley_goodware,0,file:f2d7ef4d1a42cba9e2fceb2521e414fee946a1bd0ce912427438c2f4d9209a90,train,train,x86,root,unified_mendeley
f2f2eed19e058382550e6c6d009a601d3104cb72ed581f36ca194bf08c6cab32,root__f2f2eed19e058382550e6c6d009a601d3104cb72ed581f36ca194bf08c6cab32,mendeley_goodware,0,file:f2f2eed19e058382550e6c6d009a601d3104cb72ed581f36ca194bf08c6cab32,train,train,x86,root,unified_mendeley
f2f89b701f30446739027a54f657713bd61ff40077f27034bca7eed4276cd36d,root__f2f89b701f30446739027a54f657713bd61ff40077f27034bca7eed4276cd36d,mendeley_goodware,0,file:f2f89b701f30446739027a54f657713bd61ff40077f27034bca7eed4276cd36d,val,train,x86,root,unified_mendeley
f31d8aedef1e9b1e1fe03a083a8e21e2cb8cb55380ed521e0fd2a7e00cff1165,root__f31d8aedef1e9b1e1fe03a083a8e21e2cb8cb55380ed521e0fd2a7e00cff1165,mendeley_goodware,0,file:f31d8aedef1e9b1e1fe03a083a8e21e2cb8cb55380ed521e0fd2a7e00cff1165,train,train,x86,root,unified_mendeley
f34671c31b5f00bfed0608055d42763ab56e4bb3b881c80b29b682243174a632,root__f34671c31b5f00bfed0608055d42763ab56e4bb3b881c80b29b682243174a632,mendeley_goodware,0,file:f34671c31b5f00bfed0608055d42763ab56e4bb3b881c80b29b682243174a632,test,test,x86,root,unified_mendeley
f3652c841f52f6c543d5bf17cd6cd43f3b768a5382056c700c0dd18e3004e30e,root__f3652c841f52f6c543d5bf17cd6cd43f3b768a5382056c700c0dd18e3004e30e,mendeley_goodware,0,file:f3652c841f52f6c543d5bf17cd6cd43f3b768a5382056c700c0dd18e3004e30e,test,test,x86,root,unified_mendeley
f3653821e5dbb52c9b7f62a36a810eed6ca16cef6372b3c91518cb92d2932ba8,root__f3653821e5dbb52c9b7f62a36a810eed6ca16cef6372b3c91518cb92d2932ba8,mendeley_goodware,0,file:f3653821e5dbb52c9b7f62a36a810eed6ca16cef6372b3c91518cb92d2932ba8,train,train,x64,root,unified_mendeley
f393d6fbcbbe46cc63c7996d0f35763ba46e512cc18adc3ead71855c59bab946,root__f393d6fbcbbe46cc63c7996d0f35763ba46e512cc18adc3ead71855c59bab946,mendeley_goodware,0,file:f393d6fbcbbe46cc63c7996d0f35763ba46e512cc18adc3ead71855c59bab946,train,train,x86,root,unified_mendeley
f3a6aa97dc5bbd6b0ff5bc1f1b04aa69d651397cb680c9f71248c2769044ec7f,root__f3a6aa97dc5bbd6b0ff5bc1f1b04aa69d651397cb680c9f71248c2769044ec7f,mendeley_goodware,0,file:f3a6aa97dc5bbd6b0ff5bc1f1b04aa69d651397cb680c9f71248c2769044ec7f,train,train,x86,root,unified_mendeley
f3a8986adb353e75fdfca44a0c1dc6796ddbfbdeb936f2482c5386f6f7a27df7,root__f3a8986adb353e75fdfca44a0c1dc6796ddbfbdeb936f2482c5386f6f7a27df7,mendeley_goodware,0,file:f3a8986adb353e75fdfca44a0c1dc6796ddbfbdeb936f2482c5386f6f7a27df7,train,train,x86,root,unified_mendeley
f3b9f792190e92dbd834b66ee8c6a5ed0398ff6b1e353699ca7d9bf1ea3cf13d,root__f3b9f792190e92dbd834b66ee8c6a5ed0398ff6b1e353699ca7d9bf1ea3cf13d,mendeley_goodware,0,file:f3b9f792190e92dbd834b66ee8c6a5ed0398ff6b1e353699ca7d9bf1ea3cf13d,train,train,x64,root,unified_mendeley
f3e7364d4f1fc8fe1046e7a89eb5bcd5427f7731e2a4bd4fc57bb70cc18949fa,root__f3e7364d4f1fc8fe1046e7a89eb5bcd5427f7731e2a4bd4fc57bb70cc18949fa,mendeley_goodware,0,file:f3e7364d4f1fc8fe1046e7a89eb5bcd5427f7731e2a4bd4fc57bb70cc18949fa,test,test,x86,root,unified_mendeley
f501b18d8270ce7802e724c84d1eba5c5d77adb9113739605fb45e302edf9c4c,root__f501b18d8270ce7802e724c84d1eba5c5d77adb9113739605fb45e302edf9c4c,mendeley_goodware,0,file:f501b18d8270ce7802e724c84d1eba5c5d77adb9113739605fb45e302edf9c4c,val,train,x86,root,unified_mendeley
f50dd10f1d17f31632366bb5a639f190377e70b60871eea0a288f5cb0ddbf78a,root__f50dd10f1d17f31632366bb5a639f190377e70b60871eea0a288f5cb0ddbf78a,mendeley_goodware,0,file:f50dd10f1d17f31632366bb5a639f190377e70b60871eea0a288f5cb0ddbf78a,train,train,x86,root,unified_mendeley
f5b948089ae9470fa566945b84b9402fed1093ecdc49bd8a1b6ef744370e6b10,root__f5b948089ae9470fa566945b84b9402fed1093ecdc49bd8a1b6ef744370e6b10,mendeley_goodware,0,file:f5b948089ae9470fa566945b84b9402fed1093ecdc49bd8a1b6ef744370e6b10,train,train,x86,root,unified_mendeley
f5fe16960331d2cb819706baa6e1935097cc09a843a4747ffbcd3c8e27ed1cd5,root__f5fe16960331d2cb819706baa6e1935097cc09a843a4747ffbcd3c8e27ed1cd5,mendeley_goodware,0,file:f5fe16960331d2cb819706baa6e1935097cc09a843a4747ffbcd3c8e27ed1cd5,train,train,x86,root,unified_mendeley
f6112b403195d586d859f1d4e1c3a5a7d2d4380a450f06e62ea9ee877f019818,root__f6112b403195d586d859f1d4e1c3a5a7d2d4380a450f06e62ea9ee877f019818,mendeley_goodware,0,file:f6112b403195d586d859f1d4e1c3a5a7d2d4380a450f06e62ea9ee877f019818,train,train,x64,root,unified_mendeley
f61f3d37bfd439fb99ecd0fc28d85ffaa0839af7b82bae7c757c43e5c62f1563,root__f61f3d37bfd439fb99ecd0fc28d85ffaa0839af7b82bae7c757c43e5c62f1563,mendeley_goodware,0,file:f61f3d37bfd439fb99ecd0fc28d85ffaa0839af7b82bae7c757c43e5c62f1563,train,train,x86,root,unified_mendeley
f62b14dc9d1d407fb0b0cc4802804081833a1934aca935e6efe232becbbe84d6,root__f62b14dc9d1d407fb0b0cc4802804081833a1934aca935e6efe232becbbe84d6,mendeley_goodware,0,file:f62b14dc9d1d407fb0b0cc4802804081833a1934aca935e6efe232becbbe84d6,train,train,x86,root,unified_mendeley
f633828387901a9f6db431a410b5f7fe18bdddc4f630c6a839a46b061e59860e,root__f633828387901a9f6db431a410b5f7fe18bdddc4f630c6a839a46b061e59860e,mendeley_goodware,0,file:f633828387901a9f6db431a410b5f7fe18bdddc4f630c6a839a46b061e59860e,train,train,x86,root,unified_mendeley
f647d15bac7651fb3fc23779d7568f7c14b139745aff03201ea5f569a7d84810,root__f647d15bac7651fb3fc23779d7568f7c14b139745aff03201ea5f569a7d84810,mendeley_goodware,0,file:f647d15bac7651fb3fc23779d7568f7c14b139745aff03201ea5f569a7d84810,train,train,x64,root,unified_mendeley
f74564ee309e829b35886a4579eabe84a8510b4ed776df06af1adb342e8c3f3d,root__f74564ee309e829b35886a4579eabe84a8510b4ed776df06af1adb342e8c3f3d,mendeley_goodware,0,file:f74564ee309e829b35886a4579eabe84a8510b4ed776df06af1adb342e8c3f3d,train,train,x64,root,unified_mendeley
f77449e3a879213db36ef8181ec2e7119a2a633608e6f6d93b08f02cdfc056c8,root__f77449e3a879213db36ef8181ec2e7119a2a633608e6f6d93b08f02cdfc056c8,mendeley_goodware,0,file:f77449e3a879213db36ef8181ec2e7119a2a633608e6f6d93b08f02cdfc056c8,test,test,x86,root,unified_mendeley
f77ab445cf9cff6db53584827a7e010fb66486ca64585511dedde7798a235d78,root__f77ab445cf9cff6db53584827a7e010fb66486ca64585511dedde7798a235d78,mendeley_goodware,0,file:f77ab445cf9cff6db53584827a7e010fb66486ca64585511dedde7798a235d78,test,test,x86,root,unified_mendeley
f782795034537c063c760d7bf93b652ec85313e02314e2d00e415013a0ab490c,root__f782795034537c063c760d7bf93b652ec85313e02314e2d00e415013a0ab490c,mendeley_goodware,0,file:f782795034537c063c760d7bf93b652ec85313e02314e2d00e415013a0ab490c,train,train,x64,root,unified_mendeley
f789eda0aad66a19554f31fadfd46dcb976a82b314b3c26a51b6a21037ee7067,root__f789eda0aad66a19554f31fadfd46dcb976a82b314b3c26a51b6a21037ee7067,mendeley_goodware,0,file:f789eda0aad66a19554f31fadfd46dcb976a82b314b3c26a51b6a21037ee7067,train,train,x64,root,unified_mendeley
f791bbe8dfaa3456fc94e0525bfedceedfb4f0b1f38f17829199fca5f0d9d09d,root__f791bbe8dfaa3456fc94e0525bfedceedfb4f0b1f38f17829199fca5f0d9d09d,mendeley_goodware,0,file:f791bbe8dfaa3456fc94e0525bfedceedfb4f0b1f38f17829199fca5f0d9d09d,train,train,x86,root,unified_mendeley
f7abcb1234f29423664862b279b57d1d160ae50c749c3fb6dea786e8ec8bc7ce,root__f7abcb1234f29423664862b279b57d1d160ae50c749c3fb6dea786e8ec8bc7ce,mendeley_goodware,0,file:f7abcb1234f29423664862b279b57d1d160ae50c749c3fb6dea786e8ec8bc7ce,train,train,x86,root,unified_mendeley
f7f3db52e9c7c4b9c66a1c134ac81db3c7a98d4f0f85207fb1660c187bd1d53b,root__f7f3db52e9c7c4b9c66a1c134ac81db3c7a98d4f0f85207fb1660c187bd1d53b,mendeley_goodware,0,file:f7f3db52e9c7c4b9c66a1c134ac81db3c7a98d4f0f85207fb1660c187bd1d53b,train,train,x64,root,unified_mendeley
f7fc08e4e54f235f6ed97ed3a728174884fd442bbd4d423f478efab0a5d4928a,root__f7fc08e4e54f235f6ed97ed3a728174884fd442bbd4d423f478efab0a5d4928a,mendeley_goodware,0,file:f7fc08e4e54f235f6ed97ed3a728174884fd442bbd4d423f478efab0a5d4928a,train,train,x64,root,unified_mendeley
f814061ad1ff183b6a8ac3df9a8377e042f527c9a15d276ccc0493fb47aa8962,root__f814061ad1ff183b6a8ac3df9a8377e042f527c9a15d276ccc0493fb47aa8962,mendeley_goodware,0,file:f814061ad1ff183b6a8ac3df9a8377e042f527c9a15d276ccc0493fb47aa8962,train,train,x86,root,unified_mendeley
f81ac38a39589a12c01fa32b5bd0a4a501e77384b0a9d67525ce4014dde659f0,root__f81ac38a39589a12c01fa32b5bd0a4a501e77384b0a9d67525ce4014dde659f0,mendeley_goodware,0,file:f81ac38a39589a12c01fa32b5bd0a4a501e77384b0a9d67525ce4014dde659f0,test,test,x86,root,unified_mendeley
f82c3c989673184353d760c703559312f4e7baf440d935e8f600eb20501fab21,root__f82c3c989673184353d760c703559312f4e7baf440d935e8f600eb20501fab21,mendeley_goodware,0,file:f82c3c989673184353d760c703559312f4e7baf440d935e8f600eb20501fab21,train,train,x64,root,unified_mendeley
f8603f7e5e3158e5e381854e1036781269c56a7671555628ab20c1102640ac3f,root__f8603f7e5e3158e5e381854e1036781269c56a7671555628ab20c1102640ac3f,mendeley_goodware,0,file:f8603f7e5e3158e5e381854e1036781269c56a7671555628ab20c1102640ac3f,train,train,x86,root,unified_mendeley
f87e4878bf32dffa00c92993140b01a80bfc277304caba583619a4a44f5ee648,root__f87e4878bf32dffa00c92993140b01a80bfc277304caba583619a4a44f5ee648,mendeley_goodware,0,file:f87e4878bf32dffa00c92993140b01a80bfc277304caba583619a4a44f5ee648,test,test,x86,root,unified_mendeley
f8cbfef5d24ce0f99ff88007e816ca29d421aaf06f81a3cc56d35e563eb1c2fb,root__f8cbfef5d24ce0f99ff88007e816ca29d421aaf06f81a3cc56d35e563eb1c2fb,mendeley_goodware,0,file:f8cbfef5d24ce0f99ff88007e816ca29d421aaf06f81a3cc56d35e563eb1c2fb,train,train,x64,root,unified_mendeley
f9518595f18be0e98f7e4cd146aaa3de381987200392226c7b2c9c7fb231163a,root__f9518595f18be0e98f7e4cd146aaa3de381987200392226c7b2c9c7fb231163a,mendeley_goodware,0,file:f9518595f18be0e98f7e4cd146aaa3de381987200392226c7b2c9c7fb231163a,test,test,x86,root,unified_mendeley
f95b41b9f0c6bebfd8f3c5f21c6f6fd82099d0c34692dc6b6e20fb4aedfa1284,root__f95b41b9f0c6bebfd8f3c5f21c6f6fd82099d0c34692dc6b6e20fb4aedfa1284,mendeley_goodware,0,file:f95b41b9f0c6bebfd8f3c5f21c6f6fd82099d0c34692dc6b6e20fb4aedfa1284,val,train,x86,root,unified_mendeley
f95b7ba752c6452da9d83f84ca7307ae079d220718bcb2babf145903bac894dd,root__f95b7ba752c6452da9d83f84ca7307ae079d220718bcb2babf145903bac894dd,mendeley_goodware,0,file:f95b7ba752c6452da9d83f84ca7307ae079d220718bcb2babf145903bac894dd,val,train,x86,root,unified_mendeley
f983d1a5eaa26f8300dc6d8cc7b15782e6f0bf3f7b3a57c845bc4b2c470e0879,root__f983d1a5eaa26f8300dc6d8cc7b15782e6f0bf3f7b3a57c845bc4b2c470e0879,mendeley_goodware,0,file:f983d1a5eaa26f8300dc6d8cc7b15782e6f0bf3f7b3a57c845bc4b2c470e0879,train,train,x86,root,unified_mendeley
faa6319583c55f4b911365e6a1f51a47eb8b8e390f9ce45ad690ffd9e81e0841,root__faa6319583c55f4b911365e6a1f51a47eb8b8e390f9ce45ad690ffd9e81e0841,mendeley_goodware,0,file:faa6319583c55f4b911365e6a1f51a47eb8b8e390f9ce45ad690ffd9e81e0841,train,train,x64,root,unified_mendeley
faa971f17a142ebd5518e5b3c55af0f0c264adf43644d8ccf972440048620d07,root__faa971f17a142ebd5518e5b3c55af0f0c264adf43644d8ccf972440048620d07,mendeley_goodware,0,file:faa971f17a142ebd5518e5b3c55af0f0c264adf43644d8ccf972440048620d07,train,train,x64,root,unified_mendeley
faceb6f5d1cdc5ad50a4a1b92c4cd3fcdabcf7e8d418014a1b1221c1defa3d8f,root__faceb6f5d1cdc5ad50a4a1b92c4cd3fcdabcf7e8d418014a1b1221c1defa3d8f,mendeley_goodware,0,file:faceb6f5d1cdc5ad50a4a1b92c4cd3fcdabcf7e8d418014a1b1221c1defa3d8f,train,train,x86,root,unified_mendeley
fb047a422ce97d7b2f5fdf505a3f7ea64e78c987293ef079582049487bbd2506,root__fb047a422ce97d7b2f5fdf505a3f7ea64e78c987293ef079582049487bbd2506,mendeley_goodware,0,file:fb047a422ce97d7b2f5fdf505a3f7ea64e78c987293ef079582049487bbd2506,train,train,x86,root,unified_mendeley
fb169c7cda21796ff822cb536e67ab0071a3e54404338897d8b9e58238c103c3,root__fb169c7cda21796ff822cb536e67ab0071a3e54404338897d8b9e58238c103c3,mendeley_goodware,0,file:fb169c7cda21796ff822cb536e67ab0071a3e54404338897d8b9e58238c103c3,train,train,x64,root,unified_mendeley
fb40ed0ffa6bc795923a941dab6b7d6b43583d0f152a6df4d8953d2c1a0cb417,root__fb40ed0ffa6bc795923a941dab6b7d6b43583d0f152a6df4d8953d2c1a0cb417,mendeley_goodware,0,file:fb40ed0ffa6bc795923a941dab6b7d6b43583d0f152a6df4d8953d2c1a0cb417,train,train,x64,root,unified_mendeley
fb821854d62befd5c7a26bba2ff022569890bcbb138ed8be0592351112a9d3e2,root__fb821854d62befd5c7a26bba2ff022569890bcbb138ed8be0592351112a9d3e2,mendeley_goodware,0,file:fb821854d62befd5c7a26bba2ff022569890bcbb138ed8be0592351112a9d3e2,train,train,x64,root,unified_mendeley
fb85fad33e989f58345632e9fc022447032a5f476e3233f03345d322831263bd,root__fb85fad33e989f58345632e9fc022447032a5f476e3233f03345d322831263bd,mendeley_goodware,0,file:fb85fad33e989f58345632e9fc022447032a5f476e3233f03345d322831263bd,train,train,x64,root,unified_mendeley
fc1ff185db2c960afd5803d5e9b7156fd37261cdebcbce45af9c9768f4e05a58,root__fc1ff185db2c960afd5803d5e9b7156fd37261cdebcbce45af9c9768f4e05a58,mendeley_goodware,0,file:fc1ff185db2c960afd5803d5e9b7156fd37261cdebcbce45af9c9768f4e05a58,train,train,x64,root,unified_mendeley
fc2d32ed8a89aa4f73b34c0e9f00d195dcc4f9162e2d3d7beb7718da305accd3,root__fc2d32ed8a89aa4f73b34c0e9f00d195dcc4f9162e2d3d7beb7718da305accd3,mendeley_goodware,0,file:fc2d32ed8a89aa4f73b34c0e9f00d195dcc4f9162e2d3d7beb7718da305accd3,val,train,x64,root,unified_mendeley
fcaeb485b06c35fed924de260d740790207974062738817ed1db6ed54ba5963e,root__fcaeb485b06c35fed924de260d740790207974062738817ed1db6ed54ba5963e,mendeley_goodware,0,file:fcaeb485b06c35fed924de260d740790207974062738817ed1db6ed54ba5963e,train,train,x86,root,unified_mendeley
fce757df018fa2b95366fb49d30fb77665ba96428f053f587b7696328b7aca10,root__fce757df018fa2b95366fb49d30fb77665ba96428f053f587b7696328b7aca10,mendeley_goodware,0,file:fce757df018fa2b95366fb49d30fb77665ba96428f053f587b7696328b7aca10,test,test,x86,root,unified_mendeley
fcecf396f9ef1b3ddadde1aeeda5d49cf2d28c85ebdb3f6678d7a064b4069278,root__fcecf396f9ef1b3ddadde1aeeda5d49cf2d28c85ebdb3f6678d7a064b4069278,mendeley_goodware,0,file:fcecf396f9ef1b3ddadde1aeeda5d49cf2d28c85ebdb3f6678d7a064b4069278,train,train,x86,root,unified_mendeley
fd769b5b165cef7d330bd5dc396c2ef4f56dfc319a64e40093e37b721830fe01,root__fd769b5b165cef7d330bd5dc396c2ef4f56dfc319a64e40093e37b721830fe01,mendeley_goodware,0,file:fd769b5b165cef7d330bd5dc396c2ef4f56dfc319a64e40093e37b721830fe01,train,train,x64,root,unified_mendeley
fdcaed54b4afae915c6d895547f9f3ef75018d824c0c2085a81f1acb6ccced55,root__fdcaed54b4afae915c6d895547f9f3ef75018d824c0c2085a81f1acb6ccced55,mendeley_goodware,0,file:fdcaed54b4afae915c6d895547f9f3ef75018d824c0c2085a81f1acb6ccced55,train,train,x86,root,unified_mendeley
fdf0b1661961460da878209ec10d067d40994e1cfc53d0efb49a2ceade66c282,root__fdf0b1661961460da878209ec10d067d40994e1cfc53d0efb49a2ceade66c282,mendeley_goodware,0,file:fdf0b1661961460da878209ec10d067d40994e1cfc53d0efb49a2ceade66c282,train,train,x86,root,unified_mendeley
fe3302f87fe878471793f70fdbfe1f5ce569f3890595653149d9a38a6f6882cb,root__fe3302f87fe878471793f70fdbfe1f5ce569f3890595653149d9a38a6f6882cb,mendeley_goodware,0,file:fe3302f87fe878471793f70fdbfe1f5ce569f3890595653149d9a38a6f6882cb,test,test,x86,root,unified_mendeley
fe6a7c6e23ff1ea7d297aeb0d2b4c5e6e39db31764a3afec31b4ca3f385e3fc8,root__fe6a7c6e23ff1ea7d297aeb0d2b4c5e6e39db31764a3afec31b4ca3f385e3fc8,mendeley_goodware,0,file:fe6a7c6e23ff1ea7d297aeb0d2b4c5e6e39db31764a3afec31b4ca3f385e3fc8,train,train,x64,root,unified_mendeley
fea9f9282e6dcd1ffa71f1f2b9229ffa1de7814b0b856f14ec82ccb5f06feefd,root__fea9f9282e6dcd1ffa71f1f2b9229ffa1de7814b0b856f14ec82ccb5f06feefd,mendeley_goodware,0,file:fea9f9282e6dcd1ffa71f1f2b9229ffa1de7814b0b856f14ec82ccb5f06feefd,train,train,x86,root,unified_mendeley
feba3d1ffdae3a7a05d8c0a6624a083629aa52632186543a9a383061f9bf8b14,root__feba3d1ffdae3a7a05d8c0a6624a083629aa52632186543a9a383061f9bf8b14,mendeley_goodware,0,file:feba3d1ffdae3a7a05d8c0a6624a083629aa52632186543a9a383061f9bf8b14,train,train,x64,root,unified_mendeley
fec037ccdff3197b4320d4479fcf1910ed1f401c20fcf9cfa802d70ef3769cb0,root__fec037ccdff3197b4320d4479fcf1910ed1f401c20fcf9cfa802d70ef3769cb0,mendeley_goodware,0,file:fec037ccdff3197b4320d4479fcf1910ed1f401c20fcf9cfa802d70ef3769cb0,test,test,x86,root,unified_mendeley
fefacc46c97599a960107da7e7f49591602936b270b150c3a888cba66a1136f3,root__fefacc46c97599a960107da7e7f49591602936b270b150c3a888cba66a1136f3,mendeley_goodware,0,file:fefacc46c97599a960107da7e7f49591602936b270b150c3a888cba66a1136f3,test,test,x86,root,unified_mendeley
ff09a4d63b2dcc092ec63fe998cbf028a8c162422ee34fa9d69afc67d43038e1,root__ff09a4d63b2dcc092ec63fe998cbf028a8c162422ee34fa9d69afc67d43038e1,mendeley_goodware,0,file:ff09a4d63b2dcc092ec63fe998cbf028a8c162422ee34fa9d69afc67d43038e1,test,test,x86,root,unified_mendeley
ff105c9aea9fdedd8fecba63a29d7420352e5fddff350c48120ce257ebc634df,root__ff105c9aea9fdedd8fecba63a29d7420352e5fddff350c48120ce257ebc634df,mendeley_goodware,0,file:ff105c9aea9fdedd8fecba63a29d7420352e5fddff350c48120ce257ebc634df,train,train,x86,root,unified_mendeley
ff2144014012a9bdeb2f2e1775ba18ea0810cfa2771cfdc9bc075a2e3716c219,root__ff2144014012a9bdeb2f2e1775ba18ea0810cfa2771cfdc9bc075a2e3716c219,mendeley_goodware,0,file:ff2144014012a9bdeb2f2e1775ba18ea0810cfa2771cfdc9bc075a2e3716c219,train,train,x86,root,unified_mendeley
ff4d515cdcbe9ce053d9cc4d3412f962875098ac87133019eeb12a0f9494bb91,root__ff4d515cdcbe9ce053d9cc4d3412f962875098ac87133019eeb12a0f9494bb91,mendeley_goodware,0,file:ff4d515cdcbe9ce053d9cc4d3412f962875098ac87133019eeb12a0f9494bb91,val,train,x64,root,unified_mendeley
ff892cc591bed1b9ba539aeabd86e9d19387d4378f050676553f21e340df68ef,root__ff892cc591bed1b9ba539aeabd86e9d19387d4378f050676553f21e340df68ef,mendeley_goodware,0,file:ff892cc591bed1b9ba539aeabd86e9d19387d4378f050676553f21e340df68ef,train,train,x86,root,unified_mendeley
fff9eb872eeeafc6399fa8f8bdecf047b15fcbd714e9a796025815f715f754e5,root__fff9eb872eeeafc6399fa8f8bdecf047b15fcbd714e9a796025815f715f754e5,mendeley_goodware,0,file:fff9eb872eeeafc6399fa8f8bdecf047b15fcbd714e9a796025815f715f754e5,train,train,x64,root,unified_mendeley
fffc540eab0035a188e47b8f2fa25bbe0c367a97b459bc0c440651388dd42647,root__fffc540eab0035a188e47b8f2fa25bbe0c367a97b459bc0c440651388dd42647,mendeley_goodware,0,file:fffc540eab0035a188e47b8f2fa25bbe0c367a97b459bc0c440651388dd42647,train,train,x64,root,unified_mendeley
05af0cf40590aef24b28fa04c6b4998b7ab3b7f26e60c507adb84f3d837778f2,avaddon__05af0cf40590aef24b28fa04c6b4998b7ab3b7f26e60c507adb84f3d837778f2,mendeley_ransomware,1,avaddon,train,train,x86,avaddon,unified_mendeley
09f01f2256663969229c2c954f7b29751b41a0c2b36cdb9b67c9491b76c04898,avaddon__09f01f2256663969229c2c954f7b29751b41a0c2b36cdb9b67c9491b76c04898,mendeley_ransomware,1,avaddon,train,train,x86,avaddon,unified_mendeley
0ff4058f709d278ed662719b9627618c48e7a656c59f6bfecda9081c7cbd742b,avaddon__0ff4058f709d278ed662719b9627618c48e7a656c59f6bfecda9081c7cbd742b,mendeley_ransomware,1,avaddon,train,train,x86,avaddon,unified_mendeley
1228d0f04f0ba82569fc1c0609f9fd6c377a91b9ea44c1e7f9f84b2b90552da2,avaddon__1228d0f04f0ba82569fc1c0609f9fd6c377a91b9ea44c1e7f9f84b2b90552da2,mendeley_ransomware,1,avaddon,train,train,x86,avaddon,unified_mendeley
146712f0832c4e2fbe24245d18f2913746436e38d5438f5eca15dfd0fb50ec24,avaddon__146712f0832c4e2fbe24245d18f2913746436e38d5438f5eca15dfd0fb50ec24,mendeley_ransomware,1,avaddon,train,train,x86,avaddon,unified_mendeley
17e68e1fb7737ec554eab4b7aea90ebb2fb23c953d920b8d8f1ab4825c3faede,avaddon__17e68e1fb7737ec554eab4b7aea90ebb2fb23c953d920b8d8f1ab4825c3faede,mendeley_ransomware,1,avaddon,train,train,x86,avaddon,unified_mendeley
17efb277d1893fe4255b9178e9bf6ce55d8a514f9805fd2ab8f7065498c53d97,avaddon__17efb277d1893fe4255b9178e9bf6ce55d8a514f9805fd2ab8f7065498c53d97,mendeley_ransomware,1,avaddon,train,train,x86,avaddon,unified_mendeley
1c53a211e69cb490911485d71573fd1a4210d7167094a6d7b28926157acd31f0,avaddon__1c53a211e69cb490911485d71573fd1a4210d7167094a6d7b28926157acd31f0,mendeley_ransomware,1,avaddon,train,train,x86,avaddon,unified_mendeley
1d5f21f26caefe394d6b217a654f0effb6a6a986257229daf447e8b8966f693e,avaddon__1d5f21f26caefe394d6b217a654f0effb6a6a986257229daf447e8b8966f693e,mendeley_ransomware,1,avaddon,train,train,x86,avaddon,unified_mendeley
1e8df42c2e51f919886eaf955c8fc9630ba9aca8bba47b1541ead131feb55a11,avaddon__1e8df42c2e51f919886eaf955c8fc9630ba9aca8bba47b1541ead131feb55a11,mendeley_ransomware,1,avaddon,train,train,x86,avaddon,unified_mendeley
240d0e4653fdcac298777ad397af4df50fe355aa87fd82146ae40e9e998eab90,avaddon__240d0e4653fdcac298777ad397af4df50fe355aa87fd82146ae40e9e998eab90,mendeley_ransomware,1,avaddon,train,train,x86,avaddon,unified_mendeley
2462a1cc358704bf1f12d266a0cc596bce16ba58f8611aa0fdeb094f61f1631a,avaddon__2462a1cc358704bf1f12d266a0cc596bce16ba58f8611aa0fdeb094f61f1631a,mendeley_ransomware,1,avaddon,train,train,x86,avaddon,unified_mendeley
2a63fd5330739eaf96adab4e1f4162655ab0e1d977787fb0495f0a2ed137b96b,avaddon__2a63fd5330739eaf96adab4e1f4162655ab0e1d977787fb0495f0a2ed137b96b,mendeley_ransomware,1,avaddon,train,train,x86,avaddon,unified_mendeley
2bfdaec2c8e4b66d6c9c3b5887c8cd94e4e590c593169c1e11b06e3240c87803,avaddon__2bfdaec2c8e4b66d6c9c3b5887c8cd94e4e590c593169c1e11b06e3240c87803,mendeley_ransomware,1,avaddon,train,train,x86,avaddon,unified_mendeley
2c277c4960f11e457fdc506d139d6a6064c3b967834d1e986c68b508cae55cd0,avaddon__2c277c4960f11e457fdc506d139d6a6064c3b967834d1e986c68b508cae55cd0,mendeley_ransomware,1,avaddon,train,train,x86,avaddon,unified_mendeley
319ec1a54148644197b40ed4d73b8fe5646c4f6ebf76d1487bce40a72d37baa7,avaddon__319ec1a54148644197b40ed4d73b8fe5646c4f6ebf76d1487bce40a72d37baa7,mendeley_ransomware,1,avaddon,train,train,x86,avaddon,unified_mendeley
32643547aefae01363ff01beb15fa818827896088670a78e814a227ca120975a,avaddon__32643547aefae01363ff01beb15fa818827896088670a78e814a227ca120975a,mendeley_ransomware,1,avaddon,train,train,x86,avaddon,unified_mendeley
3e9dba43f0b8303ca3f57a09c2b829806720064e6aada312fab2c52484004db2,avaddon__3e9dba43f0b8303ca3f57a09c2b829806720064e6aada312fab2c52484004db2,mendeley_ransomware,1,avaddon,train,train,x86,avaddon,unified_mendeley
41302ba84885fcc5960d4e474d71f6af7c2a631c24d691179ff0a733eb1a4970,avaddon__41302ba84885fcc5960d4e474d71f6af7c2a631c24d691179ff0a733eb1a4970,mendeley_ransomware,1,avaddon,train,train,x86,avaddon,unified_mendeley
433875f694fb7f96b4fe51e4c3d9a45515e849d1ffd9aa528fb9b23f6323e106,avaddon__433875f694fb7f96b4fe51e4c3d9a45515e849d1ffd9aa528fb9b23f6323e106,mendeley_ransomware,1,avaddon,train,train,x86,avaddon,unified_mendeley
46a8c1e768f632d69d06bfbd93932d102965c9e3f7c37d4a92e30aaeca905675,avaddon__46a8c1e768f632d69d06bfbd93932d102965c9e3f7c37d4a92e30aaeca905675,mendeley_ransomware,1,avaddon,train,train,x86,avaddon,unified_mendeley
476991b5d212883d22cf78d6830b61f13ce3b9ea8ff2c4d4e6dbd5fcad4b9a95,avaddon__476991b5d212883d22cf78d6830b61f13ce3b9ea8ff2c4d4e6dbd5fcad4b9a95,mendeley_ransomware,1,avaddon,train,train,x86,avaddon,unified_mendeley
48d7cd572f14aed7a90d6b66097a885a889e6e7416a6aaa2eb442706ff661275,avaddon__48d7cd572f14aed7a90d6b66097a885a889e6e7416a6aaa2eb442706ff661275,mendeley_ransomware,1,avaddon,train,train,x86,avaddon,unified_mendeley
4c4477f81ec823fa43bc2499d0fac1c8ccc1e828f1086aa8bfc7ba7122605da2,avaddon__4c4477f81ec823fa43bc2499d0fac1c8ccc1e828f1086aa8bfc7ba7122605da2,mendeley_ransomware,1,avaddon,train,train,x86,avaddon,unified_mendeley
534716ee4d6d52692aa4b7cb4176330f139a282f3cd143b41807e95733c64ede,avaddon__534716ee4d6d52692aa4b7cb4176330f139a282f3cd143b41807e95733c64ede,mendeley_ransomware,1,avaddon,train,train,x86,avaddon,unified_mendeley
5f171bd6646d203350bab1ac76aa789479b0af70616022d40b9c1efd9fd73cb9,avaddon__5f171bd6646d203350bab1ac76aa789479b0af70616022d40b9c1efd9fd73cb9,mendeley_ransomware,1,avaddon,train,train,x86,avaddon,unified_mendeley
63d793d1815aa1b119d580312630569fb2eb1880396df7cbe339adcd5c3ae2de,avaddon__63d793d1815aa1b119d580312630569fb2eb1880396df7cbe339adcd5c3ae2de,mendeley_ransomware,1,avaddon,train,train,x86,avaddon,unified_mendeley
6c40bc4bd88759b8bab164742f0d617a576e5488d816a7ce53e9ee71918fbd5e,avaddon__6c40bc4bd88759b8bab164742f0d617a576e5488d816a7ce53e9ee71918fbd5e,mendeley_ransomware,1,avaddon,train,train,x86,avaddon,unified_mendeley
7777b09e492304a37ac771a33be44dcf685ec528f20faaecf84bcafe3b870a6a,avaddon__7777b09e492304a37ac771a33be44dcf685ec528f20faaecf84bcafe3b870a6a,mendeley_ransomware,1,avaddon,train,train,x86,avaddon,unified_mendeley
81493b11fc6acd0d4d8bb653dd9fcdaec16affbcbb509c01f6377db68efceee3,avaddon__81493b11fc6acd0d4d8bb653dd9fcdaec16affbcbb509c01f6377db68efceee3,mendeley_ransomware,1,avaddon,train,train,x86,avaddon,unified_mendeley
864a03baf372f7881cd005d7440de314f9fd9a2b1c83057ebbb5ffa8e4eb08ce,avaddon__864a03baf372f7881cd005d7440de314f9fd9a2b1c83057ebbb5ffa8e4eb08ce,mendeley_ransomware,1,avaddon,train,train,x86,avaddon,unified_mendeley
898a9d34e5e5c49b03fcc27216fb83f1c9690e4fc75a9e9aa144f4d93d564471,avaddon__898a9d34e5e5c49b03fcc27216fb83f1c9690e4fc75a9e9aa144f4d93d564471,mendeley_ransomware,1,avaddon,train,train,x86,avaddon,unified_mendeley
90ebe699b4485af1eede919d39c1d080f5046a3d572ac4cd56d591de32e1746f,avaddon__90ebe699b4485af1eede919d39c1d080f5046a3d572ac4cd56d591de32e1746f,mendeley_ransomware,1,avaddon,train,train,x86,avaddon,unified_mendeley
99f433c40fae957a270e150dd6a3946fe746503cfb19efe53e0d8e52ad12f5fe,avaddon__99f433c40fae957a270e150dd6a3946fe746503cfb19efe53e0d8e52ad12f5fe,mendeley_ransomware,1,avaddon,train,train,x86,avaddon,unified_mendeley
9bf8178897ad95d55f2c74eb3827419164228f3d2dcb25cd71190f758dad8b91,avaddon__9bf8178897ad95d55f2c74eb3827419164228f3d2dcb25cd71190f758dad8b91,mendeley_ransomware,1,avaddon,train,train,x86,avaddon,unified_mendeley
a714d94634dfc13ed21a8a9b7fb1990c257050f809b0a53c9a5928e3c220f45d,avaddon__a714d94634dfc13ed21a8a9b7fb1990c257050f809b0a53c9a5928e3c220f45d,mendeley_ransomware,1,avaddon,train,train,x86,avaddon,unified_mendeley
accdf7be34e793269c8e340d73a34199a9a4b3503e9b2120e9f3ef250f18922c,avaddon__accdf7be34e793269c8e340d73a34199a9a4b3503e9b2120e9f3ef250f18922c,mendeley_ransomware,1,avaddon,train,train,x86,avaddon,unified_mendeley
adc2ccee19ca8ffb238053f98d87d1ae41cfa794248db23dce8e2db80a8cad56,avaddon__adc2ccee19ca8ffb238053f98d87d1ae41cfa794248db23dce8e2db80a8cad56,mendeley_ransomware,1,avaddon,train,train,x86,avaddon,unified_mendeley
ba410968db8d8b0d7faa1c48862c1235f78bc01a3f0929bd8ef9ac644fed3b70,avaddon__ba410968db8d8b0d7faa1c48862c1235f78bc01a3f0929bd8ef9ac644fed3b70,mendeley_ransomware,1,avaddon,train,train,x86,avaddon,unified_mendeley
bc5c264c4dc0207f6d500c47f870cc2aef641c4bf0efa3b1a408b83922cc61ac,avaddon__bc5c264c4dc0207f6d500c47f870cc2aef641c4bf0efa3b1a408b83922cc61ac,mendeley_ransomware,1,avaddon,train,train,x86,avaddon,unified_mendeley
d084e7c9160b96e53d799ef955a676aa28290cf51a2ba3354ccdd33829638175,avaddon__d084e7c9160b96e53d799ef955a676aa28290cf51a2ba3354ccdd33829638175,mendeley_ransomware,1,avaddon,train,train,x86,avaddon,unified_mendeley
d8470ac79ec2e92a5bbbab94cfa02f5162d23c6bf9cfb15d42edb97c6b9d0095,avaddon__d8470ac79ec2e92a5bbbab94cfa02f5162d23c6bf9cfb15d42edb97c6b9d0095,mendeley_ransomware,1,avaddon,train,train,x86,avaddon,unified_mendeley
dab7eb2503e0d61d02e6156a47361da97afc53c1dee17c420a0a05de891172c3,avaddon__dab7eb2503e0d61d02e6156a47361da97afc53c1dee17c420a0a05de891172c3,mendeley_ransomware,1,avaddon,train,train,x86,avaddon,unified_mendeley
dcb49ab9ec92111797dbf28f8a4df23729648d250f1abf9b06562d95afc400f6,avaddon__dcb49ab9ec92111797dbf28f8a4df23729648d250f1abf9b06562d95afc400f6,mendeley_ransomware,1,avaddon,train,train,x86,avaddon,unified_mendeley
e3493fea655027d88224954f32985caff0aebaa858df3314747f6f4e4a92ac8d,avaddon__e3493fea655027d88224954f32985caff0aebaa858df3314747f6f4e4a92ac8d,mendeley_ransomware,1,avaddon,train,train,x86,avaddon,unified_mendeley
e3f39c3866a3b619e9f2b0eaa346bd9dae42b3330be1392828bbfb3d3619cdac,avaddon__e3f39c3866a3b619e9f2b0eaa346bd9dae42b3330be1392828bbfb3d3619cdac,mendeley_ransomware,1,avaddon,train,train,x86,avaddon,unified_mendeley
f50ba2fd7e441ef2bffeb6355d33f367248097351d0fa42932c59c6dd26557b5,avaddon__f50ba2fd7e441ef2bffeb6355d33f367248097351d0fa42932c59c6dd26557b5,mendeley_ransomware,1,avaddon,train,train,x86,avaddon,unified_mendeley
fc42cbd5939fcb8b6851021497041c80acd81ce7a43b952ab7807d5a05d2ed97,avaddon__fc42cbd5939fcb8b6851021497041c80acd81ce7a43b952ab7807d5a05d2ed97,mendeley_ransomware,1,avaddon,train,train,x86,avaddon,unified_mendeley
fcdb893993c8b5e81fa9f73c40384a6c8cec4d9e5b06f8a2ec6ebb3d5a886db2,avaddon__fcdb893993c8b5e81fa9f73c40384a6c8cec4d9e5b06f8a2ec6ebb3d5a886db2,mendeley_ransomware,1,avaddon,train,train,x86,avaddon,unified_mendeley
002e70b8fde758f88adc506f3c71df1eb32ce1a2b5bec45f3e8e43dba923709f,avoslocker__002e70b8fde758f88adc506f3c71df1eb32ce1a2b5bec45f3e8e43dba923709f,mendeley_ransomware,1,avoslocker,test,test,x86,avoslocker,unified_mendeley
01792043e07a0db52664c5878b253531b293754dc6fd6a8426899c1a66ddd61f,avoslocker__01792043e07a0db52664c5878b253531b293754dc6fd6a8426899c1a66ddd61f,mendeley_ransomware,1,avoslocker,test,test,x86,avoslocker,unified_mendeley
05f6252ae8441e6198a97e7bbae93c03fff0850e082406d6d784274d5ae07122,avoslocker__05f6252ae8441e6198a97e7bbae93c03fff0850e082406d6d784274d5ae07122,mendeley_ransomware,1,avoslocker,test,test,x86,avoslocker,unified_mendeley
0b1f19ba8740b10ed017671aab023228756a6864fb008bf23f3c606189bdcd98,avoslocker__0b1f19ba8740b10ed017671aab023228756a6864fb008bf23f3c606189bdcd98,mendeley_ransomware,1,avoslocker,test,test,x86,avoslocker,unified_mendeley
0befaa4e0feb435459faba84b6952dd7ebfa77d74059a6f7d154d75491fd1c14,avoslocker__0befaa4e0feb435459faba84b6952dd7ebfa77d74059a6f7d154d75491fd1c14,mendeley_ransomware,1,avoslocker,test,test,x86,avoslocker,unified_mendeley
0c50b3543005814bebd996484e72eb53d57d369781f9b979f78d70733672278b,avoslocker__0c50b3543005814bebd996484e72eb53d57d369781f9b979f78d70733672278b,mendeley_ransomware,1,avoslocker,test,test,x86,avoslocker,unified_mendeley
0d094770db65ec637489116e1510ee787a48d6d130aad26ae40f7dbca6fe7182,avoslocker__0d094770db65ec637489116e1510ee787a48d6d130aad26ae40f7dbca6fe7182,mendeley_ransomware,1,avoslocker,test,test,x86,avoslocker,unified_mendeley
0f22ae8e435cfeb4e527199c9083e7093c79892656eff686d55909e8528493db,avoslocker__0f22ae8e435cfeb4e527199c9083e7093c79892656eff686d55909e8528493db,mendeley_ransomware,1,avoslocker,test,test,x86,avoslocker,unified_mendeley
123888ff76ffd20da224ef3afed3fd564c4f6fef6c2169bccdbb81a9d7cc9d0b,avoslocker__123888ff76ffd20da224ef3afed3fd564c4f6fef6c2169bccdbb81a9d7cc9d0b,mendeley_ransomware,1,avoslocker,test,test,x86,avoslocker,unified_mendeley
1b0433a15184ab1859a01b0092ccc9d56d9e5536fbf91493ba4b9e681165122a,avoslocker__1b0433a15184ab1859a01b0092ccc9d56d9e5536fbf91493ba4b9e681165122a,mendeley_ransomware,1,avoslocker,test,test,x86,avoslocker,unified_mendeley
1f102cc8bb6a14cc2bd9b9311acb66ed5a6035e8510ea34a328a7bc09d9a3a81,avoslocker__1f102cc8bb6a14cc2bd9b9311acb66ed5a6035e8510ea34a328a7bc09d9a3a81,mendeley_ransomware,1,avoslocker,test,test,x86,avoslocker,unified_mendeley
2736d807b3d6e2dc3bedbfcd1d460df0b5065b36258ea6dc820f565d82f5d0a7,avoslocker__2736d807b3d6e2dc3bedbfcd1d460df0b5065b36258ea6dc820f565d82f5d0a7,mendeley_ransomware,1,avoslocker,test,test,x86,avoslocker,unified_mendeley
27cd3e759ec4858adaea63050ad1fc22e4850c1e157d88c0943c2589fa39b5a4,avoslocker__27cd3e759ec4858adaea63050ad1fc22e4850c1e157d88c0943c2589fa39b5a4,mendeley_ransomware,1,avoslocker,test,test,x86,avoslocker,unified_mendeley
29910ea42c8e2abb22d5a88053e1725c93a104e61560a2f8d88716d619bcaa08,avoslocker__29910ea42c8e2abb22d5a88053e1725c93a104e61560a2f8d88716d619bcaa08,mendeley_ransomware,1,avoslocker,test,test,x86,avoslocker,unified_mendeley
31a6ddb891c3470c6d32ced24aaa5de84c77b24042a44c157d456e31c9325402,avoslocker__31a6ddb891c3470c6d32ced24aaa5de84c77b24042a44c157d456e31c9325402,mendeley_ransomware,1,avoslocker,test,test,x86,avoslocker,unified_mendeley
373a791f058539d72983e38ebe68e98132fcf996d04e9a181145f22a96689386,avoslocker__373a791f058539d72983e38ebe68e98132fcf996d04e9a181145f22a96689386,mendeley_ransomware,1,avoslocker,test,test,x86,avoslocker,unified_mendeley
380275cac2a1793403674bd8cb686b478f457d65c25e3d58a3a1f856f829723b,avoslocker__380275cac2a1793403674bd8cb686b478f457d65c25e3d58a3a1f856f829723b,mendeley_ransomware,1,avoslocker,test,test,x86,avoslocker,unified_mendeley
43b7a60c0ef8b4af001f45a0c57410b7374b1d75a6811e0dfc86e4d60f503856,avoslocker__43b7a60c0ef8b4af001f45a0c57410b7374b1d75a6811e0dfc86e4d60f503856,mendeley_ransomware,1,avoslocker,test,test,x86,avoslocker,unified_mendeley
452967e7a2a6102a50036faa6f348b57ca5c514992bf8f7e0416d2dd9b1ab13a,avoslocker__452967e7a2a6102a50036faa6f348b57ca5c514992bf8f7e0416d2dd9b1ab13a,mendeley_ransomware,1,avoslocker,test,test,x86,avoslocker,unified_mendeley
45b95b6ee5a726bf41b6a52020bb03cdf128e381998f317d8bd34deb4074cf62,avoslocker__45b95b6ee5a726bf41b6a52020bb03cdf128e381998f317d8bd34deb4074cf62,mendeley_ransomware,1,avoslocker,test,test,x86,avoslocker,unified_mendeley
5b7bed7349f6b1499b7eac111d7264101b13eeb9684830a4a93bab5f9d79d77e,avoslocker__5b7bed7349f6b1499b7eac111d7264101b13eeb9684830a4a93bab5f9d79d77e,mendeley_ransomware,1,avoslocker,test,test,x86,avoslocker,unified_mendeley
5d6e4bd7bd7239fab20e043fb292974497297af89759b1b0d48d7d006e5e96fa,avoslocker__5d6e4bd7bd7239fab20e043fb292974497297af89759b1b0d48d7d006e5e96fa,mendeley_ransomware,1,avoslocker,test,test,x86,avoslocker,unified_mendeley
5db3f3c20f7860682ea6d7ebbe3db042337aa18d874f26699213cef2a5764304,avoslocker__5db3f3c20f7860682ea6d7ebbe3db042337aa18d874f26699213cef2a5764304,mendeley_ransomware,1,avoslocker,test,test,x86,avoslocker,unified_mendeley
603b5241cb49ef17c2522b60600b15d9e1273ccbf4d39aec4d34e16297968955,avoslocker__603b5241cb49ef17c2522b60600b15d9e1273ccbf4d39aec4d34e16297968955,mendeley_ransomware,1,avoslocker,test,test,x86,avoslocker,unified_mendeley
62a8e739d111437b798d1b5f9286366c10cb48a1a7818519babc7f3a9bb5124e,avoslocker__62a8e739d111437b798d1b5f9286366c10cb48a1a7818519babc7f3a9bb5124e,mendeley_ransomware,1,avoslocker,test,test,x86,avoslocker,unified_mendeley
66de24f5e32ddf0b20d64701862f3c23071018cc0758e34f487cdf795a89b73b,avoslocker__66de24f5e32ddf0b20d64701862f3c23071018cc0758e34f487cdf795a89b73b,mendeley_ransomware,1,avoslocker,test,test,x86,avoslocker,unified_mendeley
6cc510a772d7718c95216eb56a84a96201241b264755f28875e685f06e95e1a2,avoslocker__6cc510a772d7718c95216eb56a84a96201241b264755f28875e685f06e95e1a2,mendeley_ransomware,1,avoslocker,test,test,x86,avoslocker,unified_mendeley
718810b8eeb682fc70df602d952c0c83e028c5a5bfa44c506756980caf2edebb,avoslocker__718810b8eeb682fc70df602d952c0c83e028c5a5bfa44c506756980caf2edebb,mendeley_ransomware,1,avoslocker,test,test,x86,avoslocker,unified_mendeley
7d1e470e36c68e1156a7828f8002254dcde68dc61f998ab5636c12ba63f472dd,avoslocker__7d1e470e36c68e1156a7828f8002254dcde68dc61f998ab5636c12ba63f472dd,mendeley_ransomware,1,avoslocker,test,test,x86,avoslocker,unified_mendeley
84d94c032543e8797a514323b0b8fd8bd69b4183f17351628b13d1464093af2d,avoslocker__84d94c032543e8797a514323b0b8fd8bd69b4183f17351628b13d1464093af2d,mendeley_ransomware,1,avoslocker,test,test,x86,avoslocker,unified_mendeley
85115951fe456441a3f6fccd09b9101b12255ac4e029c3b0c8be1ab450a4bc6c,avoslocker__85115951fe456441a3f6fccd09b9101b12255ac4e029c3b0c8be1ab450a4bc6c,mendeley_ransomware,1,avoslocker,test,test,x86,avoslocker,unified_mendeley
8ac411f4b10581c38be5c2767747ee0a9279eb4faf02d8e7842b8376e8f742bf,avoslocker__8ac411f4b10581c38be5c2767747ee0a9279eb4faf02d8e7842b8376e8f742bf,mendeley_ransomware,1,avoslocker,test,test,x86,avoslocker,unified_mendeley
93b11a9a72d51d4aa80c0791c19dcc49cc164ae98b67cdff619743766611e947,avoslocker__93b11a9a72d51d4aa80c0791c19dcc49cc164ae98b67cdff619743766611e947,mendeley_ransomware,1,avoslocker,test,test,x86,avoslocker,unified_mendeley
9a2c0204689a19d372560fb1da472e25c9747289178a81a8aa4e3622a63fe773,avoslocker__9a2c0204689a19d372560fb1da472e25c9747289178a81a8aa4e3622a63fe773,mendeley_ransomware,1,avoslocker,test,test,x86,avoslocker,unified_mendeley
9e4b3871a7ea10afc1ad09f93f9205b6aa1863a984c729ee764eac2215d322e6,avoslocker__9e4b3871a7ea10afc1ad09f93f9205b6aa1863a984c729ee764eac2215d322e6,mendeley_ransomware,1,avoslocker,test,test,x86,avoslocker,unified_mendeley
a1b504b8e34200d8029f6d75491d517e460162cb9df438257ee4ed85f61c18bc,avoslocker__a1b504b8e34200d8029f6d75491d517e460162cb9df438257ee4ed85f61c18bc,mendeley_ransomware,1,avoslocker,test,test,x86,avoslocker,unified_mendeley
b4c4e9aabd821e6a664fb320a043c133e4e3d0381342079a50e12ca017f489bc,avoslocker__b4c4e9aabd821e6a664fb320a043c133e4e3d0381342079a50e12ca017f489bc,mendeley_ransomware,1,avoslocker,test,test,x86,avoslocker,unified_mendeley
bff12a83b1fc2e0ad0000ad9b68abc8eada559bb1094caaf5b9f52887df23705,avoslocker__bff12a83b1fc2e0ad0000ad9b68abc8eada559bb1094caaf5b9f52887df23705,mendeley_ransomware,1,avoslocker,test,test,x86,avoslocker,unified_mendeley
c0a42741eef72991d9d0ee8b6c0531fc19151457a8b59bdcf7b6373d1fe56e02,avoslocker__c0a42741eef72991d9d0ee8b6c0531fc19151457a8b59bdcf7b6373d1fe56e02,mendeley_ransomware,1,avoslocker,test,test,x86,avoslocker,unified_mendeley
c65547704c20045f006d0653144101bbdf9dd5d2aa6b4db61b83f847704b10f6,avoslocker__c65547704c20045f006d0653144101bbdf9dd5d2aa6b4db61b83f847704b10f6,mendeley_ransomware,1,avoslocker,test,test,x86,avoslocker,unified_mendeley
c7307b1cfd6685c2b3a19a7239a40e8afa5432ffe039bb4b3caca8a70ad1eed6,avoslocker__c7307b1cfd6685c2b3a19a7239a40e8afa5432ffe039bb4b3caca8a70ad1eed6,mendeley_ransomware,1,avoslocker,test,test,x86,avoslocker,unified_mendeley
da6e60b4e39c6c556836a18a09a52cd83c47f9cf6dc9e3ad298cbcb925a62a96,avoslocker__da6e60b4e39c6c556836a18a09a52cd83c47f9cf6dc9e3ad298cbcb925a62a96,mendeley_ransomware,1,avoslocker,test,test,x86,avoslocker,unified_mendeley
e2a945032dc77a8a9d36b709438612aca5858eee52d7c0ad1e375f9e9e080305,avoslocker__e2a945032dc77a8a9d36b709438612aca5858eee52d7c0ad1e375f9e9e080305,mendeley_ransomware,1,avoslocker,test,test,x86,avoslocker,unified_mendeley
e62c0bdf69b88a5bd95872cbcf4da4de4eef226bc9ef0452ee652eeee519b15a,avoslocker__e62c0bdf69b88a5bd95872cbcf4da4de4eef226bc9ef0452ee652eeee519b15a,mendeley_ransomware,1,avoslocker,test,test,x86,avoslocker,unified_mendeley
ec955f589f25d0d28e55964a1aa79c27492026982994cd4ca1faf7e8a78db4bc,avoslocker__ec955f589f25d0d28e55964a1aa79c27492026982994cd4ca1faf7e8a78db4bc,mendeley_ransomware,1,avoslocker,test,test,x86,avoslocker,unified_mendeley
f250bca3637c0b189a19f0fca944008a48cf0cf9c037b288173b11ca2056a107,avoslocker__f250bca3637c0b189a19f0fca944008a48cf0cf9c037b288173b11ca2056a107,mendeley_ransomware,1,avoslocker,test,test,x86,avoslocker,unified_mendeley
f810deb1ba171cea5b595c6d3f816127fb182833f7a08a98de93226d4f6a336f,avoslocker__f810deb1ba171cea5b595c6d3f816127fb182833f7a08a98de93226d4f6a336f,mendeley_ransomware,1,avoslocker,test,test,x86,avoslocker,unified_mendeley
f8e99bbacc62b0f72aa12f5f92e35607fa0382a881fe4a4b9476fc6b87a03c78,avoslocker__f8e99bbacc62b0f72aa12f5f92e35607fa0382a881fe4a4b9476fc6b87a03c78,mendeley_ransomware,1,avoslocker,test,test,x86,avoslocker,unified_mendeley
fb544e1f74ce02937c3a3657be8d125d5953996115f65697b7d39e237020706f,avoslocker__fb544e1f74ce02937c3a3657be8d125d5953996115f65697b7d39e237020706f,mendeley_ransomware,1,avoslocker,test,test,x86,avoslocker,unified_mendeley
ffd933ad53f22a0f10cceb4986087258f72dffdd36999b7014c6b37c157ee45f,avoslocker__ffd933ad53f22a0f10cceb4986087258f72dffdd36999b7014c6b37c157ee45f,mendeley_ransomware,1,avoslocker,test,test,x86,avoslocker,unified_mendeley
0099963e7285aeafc09e4214a45a6a210253d514cbd0d4b0c3997647a0afe879,babuk__0099963e7285aeafc09e4214a45a6a210253d514cbd0d4b0c3997647a0afe879,mendeley_ransomware,1,babuk,train,train,x86,babuk,unified_mendeley
01c647838c374e91e8f9fe967fd25235d72264414bb0d5b82c4fbd4151a9717f,babuk__01c647838c374e91e8f9fe967fd25235d72264414bb0d5b82c4fbd4151a9717f,mendeley_ransomware,1,babuk,train,train,x86,babuk,unified_mendeley
028facff67136de55fe200177a190da625c8e1713b4e7d95bf5fc5412a5afffc,babuk__028facff67136de55fe200177a190da625c8e1713b4e7d95bf5fc5412a5afffc,mendeley_ransomware,1,babuk,train,train,x86,babuk,unified_mendeley
0294114d5f411b6c47eb255d4ed6865df99d1c5252f4f585aabf44e6cbacaa59,babuk__0294114d5f411b6c47eb255d4ed6865df99d1c5252f4f585aabf44e6cbacaa59,mendeley_ransomware,1,babuk,train,train,x86,babuk,unified_mendeley
03110baa5aad9d01610293f2b8cd21b44cc7efa0a465e677d6b3f92510a4b1d7,babuk__03110baa5aad9d01610293f2b8cd21b44cc7efa0a465e677d6b3f92510a4b1d7,mendeley_ransomware,1,babuk,train,train,x86,babuk,unified_mendeley
04126b30c1c2663cdf2b6386781aedbfce2ef418a0b01de510bd536903f577e3,babuk__04126b30c1c2663cdf2b6386781aedbfce2ef418a0b01de510bd536903f577e3,mendeley_ransomware,1,babuk,train,train,x86,babuk,unified_mendeley
049e53f72c8afa5ccb850429d55a00e2fbe799e68247fd13f5058146cf0f4cf8,babuk__049e53f72c8afa5ccb850429d55a00e2fbe799e68247fd13f5058146cf0f4cf8,mendeley_ransomware,1,babuk,train,train,x86,babuk,unified_mendeley
06d370217abec9468bc22c30ba3be72b8de1a7459f9e927656dcf2613a314bf6,babuk__06d370217abec9468bc22c30ba3be72b8de1a7459f9e927656dcf2613a314bf6,mendeley_ransomware,1,babuk,train,train,x86,babuk,unified_mendeley
105af5c40c65f51979308e022c25dd285db3cd20e9656caaba0e9b1fc253898b,babuk__105af5c40c65f51979308e022c25dd285db3cd20e9656caaba0e9b1fc253898b,mendeley_ransomware,1,babuk,train,train,x86,babuk,unified_mendeley
106118444e0a7405c13531f8cd70191f36356581d58789dfc5df3da7ba0f9223,babuk__106118444e0a7405c13531f8cd70191f36356581d58789dfc5df3da7ba0f9223,mendeley_ransomware,1,babuk,train,train,x86,babuk,unified_mendeley
18e299d4331ccff805275b21f33be0a3bd3d1d9ce72a79ba78d2f32dd657bfbb,babuk__18e299d4331ccff805275b21f33be0a3bd3d1d9ce72a79ba78d2f32dd657bfbb,mendeley_ransomware,1,babuk,train,train,x86,babuk,unified_mendeley
1b9412ca5e9deb29aeaa37be05ae8d0a8a636c12fdff8c17032aa017f6075c02,babuk__1b9412ca5e9deb29aeaa37be05ae8d0a8a636c12fdff8c17032aa017f6075c02,mendeley_ransomware,1,babuk,train,train,x86,babuk,unified_mendeley
1deb1efad2c469198aabbb618285e2229052273cf654ee5925c2540ded224402,babuk__1deb1efad2c469198aabbb618285e2229052273cf654ee5925c2540ded224402,mendeley_ransomware,1,babuk,train,train,x86,babuk,unified_mendeley
1e24560100d010c27cc19c59f9fe1531e4286ecb21fe53763165f30c5f58dc90,babuk__1e24560100d010c27cc19c59f9fe1531e4286ecb21fe53763165f30c5f58dc90,mendeley_ransomware,1,babuk,train,train,x86,babuk,unified_mendeley
1f2edda243404918b78aa6123aa1fc5b18dd9506e4042c7a1547b565334527e1,babuk__1f2edda243404918b78aa6123aa1fc5b18dd9506e4042c7a1547b565334527e1,mendeley_ransomware,1,babuk,train,train,x86,babuk,unified_mendeley
2138c8a34a1eff40ba3fc81b6e3b7564c6b695b140e82f3fcf23b2ec2bf291cf,babuk__2138c8a34a1eff40ba3fc81b6e3b7564c6b695b140e82f3fcf23b2ec2bf291cf,mendeley_ransomware,1,babuk,train,train,x86,babuk,unified_mendeley
245e191bfe998ad9ef2d6b169af22f3c290e9950234f8ddd0f4a03cb3eebf761,babuk__245e191bfe998ad9ef2d6b169af22f3c290e9950234f8ddd0f4a03cb3eebf761,mendeley_ransomware,1,babuk,train,train,x86,babuk,unified_mendeley
30fcff7add11ea6685a233c8ce1fc30abe67044630524a6eb363573a4a9f88b8,babuk__30fcff7add11ea6685a233c8ce1fc30abe67044630524a6eb363573a4a9f88b8,mendeley_ransomware,1,babuk,train,train,x86,babuk,unified_mendeley
36e4a3de5c4395d295bdf1d70a215d9669b626c58083ec2d8ab29513830faaa6,babuk__36e4a3de5c4395d295bdf1d70a215d9669b626c58083ec2d8ab29513830faaa6,mendeley_ransomware,1,babuk,train,train,x86,babuk,unified_mendeley
54c82ad27174fd6ed72793b1ccf9d26613eb572960e847a63538420c69d06c5b,babuk__54c82ad27174fd6ed72793b1ccf9d26613eb572960e847a63538420c69d06c5b,mendeley_ransomware,1,babuk,train,train,x86,babuk,unified_mendeley
575c7b60f3b1dfc3cdd42e868b88df19cef81a5577254a314dc7d1da0fd64cfb,babuk__575c7b60f3b1dfc3cdd42e868b88df19cef81a5577254a314dc7d1da0fd64cfb,mendeley_ransomware,1,babuk,train,train,x86,babuk,unified_mendeley
59ea8dda6806b4cbb1acd0bcf74be1e94b6a72da46e53de6ef9d611988163189,babuk__59ea8dda6806b4cbb1acd0bcf74be1e94b6a72da46e53de6ef9d611988163189,mendeley_ransomware,1,babuk,train,train,x86,babuk,unified_mendeley
6015d5535840e9ac9058c659f9ff661deb4838f2b93e74d2c0dcb126fae21322,babuk__6015d5535840e9ac9058c659f9ff661deb4838f2b93e74d2c0dcb126fae21322,mendeley_ransomware,1,babuk,train,train,x86,babuk,unified_mendeley
6103e26f6f9d5fd895d9c06e1f5e141ce74d8ebda999cda6a58a4393de5ed094,babuk__6103e26f6f9d5fd895d9c06e1f5e141ce74d8ebda999cda6a58a4393de5ed094,mendeley_ransomware,1,babuk,train,train,x86,babuk,unified_mendeley
678bfbf5d73d6cf38532e11b11dbed17668d94711e2e2ea27311dd46490201b7,babuk__678bfbf5d73d6cf38532e11b11dbed17668d94711e2e2ea27311dd46490201b7,mendeley_ransomware,1,babuk,train,train,x86,babuk,unified_mendeley
6d4ced2e85587e81d6a09b147ec7cccc054bc0fbb92afc39586de1b2bf57f812,babuk__6d4ced2e85587e81d6a09b147ec7cccc054bc0fbb92afc39586de1b2bf57f812,mendeley_ransomware,1,babuk,train,train,x86,babuk,unified_mendeley
71936bc3ee40c7ea678889d2ad5fa7eb39401752cd58988ce462f9d4048578ac,babuk__71936bc3ee40c7ea678889d2ad5fa7eb39401752cd58988ce462f9d4048578ac,mendeley_ransomware,1,babuk,train,train,x86,babuk,unified_mendeley
77c7839c7e8d4aaf52e33a2f29db8459381b5cc3b2700072305a8bae5e0762a9,babuk__77c7839c7e8d4aaf52e33a2f29db8459381b5cc3b2700072305a8bae5e0762a9,mendeley_ransomware,1,babuk,train,train,x86,babuk,unified_mendeley
8203c2f00ecd3ae960cb3247a7d7bfb35e55c38939607c85dbdb5c92f0495fa9,babuk__8203c2f00ecd3ae960cb3247a7d7bfb35e55c38939607c85dbdb5c92f0495fa9,mendeley_ransomware,1,babuk,train,train,x86,babuk,unified_mendeley
9a089790e04683ebf37d9746e0284322f59c46eef2a86cc231839482f323e871,babuk__9a089790e04683ebf37d9746e0284322f59c46eef2a86cc231839482f323e871,mendeley_ransomware,1,babuk,train,train,x86,babuk,unified_mendeley
9caa8e8a98ef7841c1b230c22f78b5c10aa9348a2bfd0dfe2670853b6d0ba92c,babuk__9caa8e8a98ef7841c1b230c22f78b5c10aa9348a2bfd0dfe2670853b6d0ba92c,mendeley_ransomware,1,babuk,train,train,x86,babuk,unified_mendeley
a2b5ebfc52a447cde255e1ec1ac8797ad49b156ed427df8c292d6aeb4dad5523,babuk__a2b5ebfc52a447cde255e1ec1ac8797ad49b156ed427df8c292d6aeb4dad5523,mendeley_ransomware,1,babuk,train,train,x86,babuk,unified_mendeley
a52267dc795a51404cbf2a7e8e7875929783bcc62abd6b7cfd1921c938cf2756,babuk__a52267dc795a51404cbf2a7e8e7875929783bcc62abd6b7cfd1921c938cf2756,mendeley_ransomware,1,babuk,train,train,x86,babuk,unified_mendeley
ab4eae618bb05b4fb4a8d3790a0d18a3e1566ab477519991cb161398803a8847,babuk__ab4eae618bb05b4fb4a8d3790a0d18a3e1566ab477519991cb161398803a8847,mendeley_ransomware,1,babuk,train,train,x86,babuk,unified_mendeley
ae6020a06d2a95cbe91b439f4433e87d198547dec629ab0900ccfe17e729cff1,babuk__ae6020a06d2a95cbe91b439f4433e87d198547dec629ab0900ccfe17e729cff1,mendeley_ransomware,1,babuk,train,train,x86,babuk,unified_mendeley
b4be6b8acda97f36c448365751d5c9a9e1b91f47cedfde79e1de258413c3de71,babuk__b4be6b8acda97f36c448365751d5c9a9e1b91f47cedfde79e1de258413c3de71,mendeley_ransomware,1,babuk,train,train,x86,babuk,unified_mendeley
bb31f235e86b0fda185e6580ef5327f80d6a6c754f78499e8647de5e229769cc,babuk__bb31f235e86b0fda185e6580ef5327f80d6a6c754f78499e8647de5e229769cc,mendeley_ransomware,1,babuk,train,train,x86,babuk,unified_mendeley
c4282e9040cdc1df92b722568a8b4c42ce9f6533fed0bd34b7fdbae264947784,babuk__c4282e9040cdc1df92b722568a8b4c42ce9f6533fed0bd34b7fdbae264947784,mendeley_ransomware,1,babuk,train,train,x86,babuk,unified_mendeley
ca0d9c8e8b2ed05fcf10178e1d194f5e484892dbe59ede4ae9549d27a5c8fd75,babuk__ca0d9c8e8b2ed05fcf10178e1d194f5e484892dbe59ede4ae9549d27a5c8fd75,mendeley_ransomware,1,babuk,train,train,x86,babuk,unified_mendeley
ea95f131bd9b49104d9e7ae83335254549ded9d71d557c6e4746740aecca2c85,babuk__ea95f131bd9b49104d9e7ae83335254549ded9d71d557c6e4746740aecca2c85,mendeley_ransomware,1,babuk,train,train,x86,babuk,unified_mendeley
eec8782eacf1c447a8ddbfe795842958ff68511ddbb5025255151f2b98fe8f78,babuk__eec8782eacf1c447a8ddbfe795842958ff68511ddbb5025255151f2b98fe8f78,mendeley_ransomware,1,babuk,train,train,x86,babuk,unified_mendeley
f1719415abe4dcba0daef0a1e5c8994d1d3c0c659d3e0a11b34f307370dd8683,babuk__f1719415abe4dcba0daef0a1e5c8994d1d3c0c659d3e0a11b34f307370dd8683,mendeley_ransomware,1,babuk,train,train,x86,babuk,unified_mendeley
1fd07b8d1728e416f897bef4f1471126f9b18ef108eb952f4b75050da22e8e43,bianlian__1fd07b8d1728e416f897bef4f1471126f9b18ef108eb952f4b75050da22e8e43,mendeley_ransomware,1,bianlian,test,test,x64,bianlian,unified_mendeley
20bab94e6d9c8ed4832ce3b58f9150b16f9e5f40ffdcb747e10366cab5a30352,bianlian__20bab94e6d9c8ed4832ce3b58f9150b16f9e5f40ffdcb747e10366cab5a30352,mendeley_ransomware,1,bianlian,test,test,x64,bianlian,unified_mendeley
3a2f6e614ff030804aa18cb03fcc3bc357f6226786efb4a734cbe2a3a1984b6f,bianlian__3a2f6e614ff030804aa18cb03fcc3bc357f6226786efb4a734cbe2a3a1984b6f,mendeley_ransomware,1,bianlian,test,test,x64,bianlian,unified_mendeley
46d340eaf6b78207e24b6011422f1a5b4a566e493d72365c6a1cace11c36b28b,bianlian__46d340eaf6b78207e24b6011422f1a5b4a566e493d72365c6a1cace11c36b28b,mendeley_ransomware,1,bianlian,test,test,x64,bianlian,unified_mendeley
50c86fb27bed1962903a5f9d155544e3fdb859ae19e967a10f0bf3a60bb8954f,bianlian__50c86fb27bed1962903a5f9d155544e3fdb859ae19e967a10f0bf3a60bb8954f,mendeley_ransomware,1,bianlian,test,test,x64,bianlian,unified_mendeley
c0fe7bfb0d1ffeb61fb9cafeeab79ffd1660ff3637798e315ff15d802a3c974e,bianlian__c0fe7bfb0d1ffeb61fb9cafeeab79ffd1660ff3637798e315ff15d802a3c974e,mendeley_ransomware,1,bianlian,test,test,x64,bianlian,unified_mendeley
cd17afd9115b2d83e948a1bcabf508f42d0fe7edb56cc62f5cc467c938e45033,bianlian__cd17afd9115b2d83e948a1bcabf508f42d0fe7edb56cc62f5cc467c938e45033,mendeley_ransomware,1,bianlian,test,test,x64,bianlian,unified_mendeley
d602562ba7273695df9248a8590b510ccd49fefb97f5c75d485895abba13418d,bianlian__d602562ba7273695df9248a8590b510ccd49fefb97f5c75d485895abba13418d,mendeley_ransomware,1,bianlian,test,test,x64,bianlian,unified_mendeley
da7a959ae7ea237bb6cd913119a35baa43a68e375f892857f6d77eaa62aabbaf,bianlian__da7a959ae7ea237bb6cd913119a35baa43a68e375f892857f6d77eaa62aabbaf,mendeley_ransomware,1,bianlian,test,test,x64,bianlian,unified_mendeley
eaf5e26c5e73f3db82cd07ea45e4d244ccb3ec3397ab5263a1a74add7bbcb6e2,bianlian__eaf5e26c5e73f3db82cd07ea45e4d244ccb3ec3397ab5263a1a74add7bbcb6e2,mendeley_ransomware,1,bianlian,test,test,x64,bianlian,unified_mendeley
f7a3a8734c004682201b8873691d684985329be3fcdba965f268103a086ebaad,bianlian__f7a3a8734c004682201b8873691d684985329be3fcdba965f268103a086ebaad,mendeley_ransomware,1,bianlian,test,test,x64,bianlian,unified_mendeley
03309c90e6c60a2e3cd44374efa3003ae10cd9e05ba6a39c77aa5289b32cb969,blackbasta__03309c90e6c60a2e3cd44374efa3003ae10cd9e05ba6a39c77aa5289b32cb969,mendeley_ransomware,1,blackbasta,test,test,x64,blackbasta,unified_mendeley
15560b1e35a3a8612a7ba91d00dea6b8dd6e4f3f857399c22c0c75377c9b31a2,blackbasta__15560b1e35a3a8612a7ba91d00dea6b8dd6e4f3f857399c22c0c75377c9b31a2,mendeley_ransomware,1,blackbasta,test,test,x86,blackbasta,unified_mendeley
15abbff9fbce7f5782c1654775938dcd2ce0a8ebd683a008547f8a4e421888c4,blackbasta__15abbff9fbce7f5782c1654775938dcd2ce0a8ebd683a008547f8a4e421888c4,mendeley_ransomware,1,blackbasta,test,test,x86,blackbasta,unified_mendeley
17205c43189c22dfcb278f5cc45c2562f622b0b6280dcd43cc1d3c274095eb90,blackbasta__17205c43189c22dfcb278f5cc45c2562f622b0b6280dcd43cc1d3c274095eb90,mendeley_ransomware,1,blackbasta,test,test,x86,blackbasta,unified_mendeley
1bb7e645d4ff753157bbdd78829276356cb6660a767ab7158fc7dec3fe8b0e2f,blackbasta__1bb7e645d4ff753157bbdd78829276356cb6660a767ab7158fc7dec3fe8b0e2f,mendeley_ransomware,1,blackbasta,test,test,x86,blackbasta,unified_mendeley
203d2807df6ef531efbec7bfd109986de3e23df64c01ea4e337cbe5ba675248b,blackbasta__203d2807df6ef531efbec7bfd109986de3e23df64c01ea4e337cbe5ba675248b,mendeley_ransomware,1,blackbasta,test,test,x86,blackbasta,unified_mendeley
2327018dab0e3beaed2123bcb5392405ab1e502dfa72a5a32c2c164346bb9bc6,blackbasta__2327018dab0e3beaed2123bcb5392405ab1e502dfa72a5a32c2c164346bb9bc6,mendeley_ransomware,1,blackbasta,test,test,x86,blackbasta,unified_mendeley
350ba7fca67721c74385faff083914ecdd66ef107a765dfb7ac08b38d5c9c0bd,blackbasta__350ba7fca67721c74385faff083914ecdd66ef107a765dfb7ac08b38d5c9c0bd,mendeley_ransomware,1,blackbasta,test,test,x86,blackbasta,unified_mendeley
48976d7bf38cca4e952507e9ab27e3874ca01092eed53d0fde89c5966e9533bb,blackbasta__48976d7bf38cca4e952507e9ab27e3874ca01092eed53d0fde89c5966e9533bb,mendeley_ransomware,1,blackbasta,test,test,x86,blackbasta,unified_mendeley
5b6c3d277711d9f847be59b16fd08390fc07d3b27c7c6804e2170f456e9f1173,blackbasta__5b6c3d277711d9f847be59b16fd08390fc07d3b27c7c6804e2170f456e9f1173,mendeley_ransomware,1,blackbasta,test,test,x86,blackbasta,unified_mendeley
5d2204f3a20e163120f52a2e3595db19890050b2faa96c6cba6b094b0a52b0aa,blackbasta__5d2204f3a20e163120f52a2e3595db19890050b2faa96c6cba6b094b0a52b0aa,mendeley_ransomware,1,blackbasta,test,test,x86,blackbasta,unified_mendeley
653da5127b0ecbc5c373ce510c0d5191f61f2df912c9b6f4989aa3775933bc33,blackbasta__653da5127b0ecbc5c373ce510c0d5191f61f2df912c9b6f4989aa3775933bc33,mendeley_ransomware,1,blackbasta,test,test,x86,blackbasta,unified_mendeley
699aaea1598a034cde7ed88cd8a8a36fd59447e09bddef566357061774c48a76,blackbasta__699aaea1598a034cde7ed88cd8a8a36fd59447e09bddef566357061774c48a76,mendeley_ransomware,1,blackbasta,test,test,x86,blackbasta,unified_mendeley
7883f01096db9bcf090c2317749b6873036c27ba92451b212b8645770e1f0b8a,blackbasta__7883f01096db9bcf090c2317749b6873036c27ba92451b212b8645770e1f0b8a,mendeley_ransomware,1,blackbasta,test,test,x86,blackbasta,unified_mendeley
81515e1c72fadae2c4bb15883e0c1d8979b49fd52d8c65ca03e05a75ca6683c9,blackbasta__81515e1c72fadae2c4bb15883e0c1d8979b49fd52d8c65ca03e05a75ca6683c9,mendeley_ransomware,1,blackbasta,test,test,x86,blackbasta,unified_mendeley
856b5dc509c17f5be68186b6a8ab272fc0dd12000c978548d8488ee997b015e5,blackbasta__856b5dc509c17f5be68186b6a8ab272fc0dd12000c978548d8488ee997b015e5,mendeley_ransomware,1,blackbasta,test,test,x86,blackbasta,unified_mendeley
9a55f55886285eef7ffabdd55c0232d1458175b1d868c03d3e304ce7d98980bc,blackbasta__9a55f55886285eef7ffabdd55c0232d1458175b1d868c03d3e304ce7d98980bc,mendeley_ransomware,1,blackbasta,test,test,x86,blackbasta,unified_mendeley
9b57d94b33cd712bf409e0128f26a75d2d9746ef65012ce6cd72caf47650d2a6,blackbasta__9b57d94b33cd712bf409e0128f26a75d2d9746ef65012ce6cd72caf47650d2a6,mendeley_ransomware,1,blackbasta,test,test,x86,blackbasta,unified_mendeley
9bbe6414ce22cb5e19f294004cb5cdbc883479d99629ddcdb5b70e9806306e42,blackbasta__9bbe6414ce22cb5e19f294004cb5cdbc883479d99629ddcdb5b70e9806306e42,mendeley_ransomware,1,blackbasta,test,test,x86,blackbasta,unified_mendeley
9fce9ee85516533bae34fc1184a7cf31fa9f2c7889b13774f83d1df561708833,blackbasta__9fce9ee85516533bae34fc1184a7cf31fa9f2c7889b13774f83d1df561708833,mendeley_ransomware,1,blackbasta,test,test,x86,blackbasta,unified_mendeley
a083060d38984e7c6f36dcd2c57ec1aa3f50f9c201c8538257c8cbf2b3217e96,blackbasta__a083060d38984e7c6f36dcd2c57ec1aa3f50f9c201c8538257c8cbf2b3217e96,mendeley_ransomware,1,blackbasta,test,test,x64,blackbasta,unified_mendeley
ae7c868713e1d02b4db60128c651eb1e3f6a33c02544cc4cb57c3aa6c6581b6e,blackbasta__ae7c868713e1d02b4db60128c651eb1e3f6a33c02544cc4cb57c3aa6c6581b6e,mendeley_ransomware,1,blackbasta,test,test,x86,blackbasta,unified_mendeley
affcb453760dbc48b39f8d4defbcc4fc65d00df6fae395ee27f031c1833abada,blackbasta__affcb453760dbc48b39f8d4defbcc4fc65d00df6fae395ee27f031c1833abada,mendeley_ransomware,1,blackbasta,test,test,x86,blackbasta,unified_mendeley
c4c8be0c939e4c24e11bad90549e3951b7969e78056d819425ca53e87af8d8ed,blackbasta__c4c8be0c939e4c24e11bad90549e3951b7969e78056d819425ca53e87af8d8ed,mendeley_ransomware,1,blackbasta,test,test,x86,blackbasta,unified_mendeley
c532d28f9700abba1a4803c3a9d886c8c4fb26f84cf2399c533d68cfdcec4fa7,blackbasta__c532d28f9700abba1a4803c3a9d886c8c4fb26f84cf2399c533d68cfdcec4fa7,mendeley_ransomware,1,blackbasta,test,test,x86,blackbasta,unified_mendeley
cce74c82a718be7484abf7c51011793f2717cfb2068c92aa35416a93cbd13cfa,blackbasta__cce74c82a718be7484abf7c51011793f2717cfb2068c92aa35416a93cbd13cfa,mendeley_ransomware,1,blackbasta,test,test,x86,blackbasta,unified_mendeley
d943a4aabd76582218fd1a9a0a77b2f6a6715b198f9994f0feae6f249b40fdf9,blackbasta__d943a4aabd76582218fd1a9a0a77b2f6a6715b198f9994f0feae6f249b40fdf9,mendeley_ransomware,1,blackbasta,test,test,x86,blackbasta,unified_mendeley
df21822582a5519efcd7347e4faa365aafa6feaf2892c7f2f2bf1abeac104e2d,blackbasta__df21822582a5519efcd7347e4faa365aafa6feaf2892c7f2f2bf1abeac104e2d,mendeley_ransomware,1,blackbasta,test,test,x86,blackbasta,unified_mendeley
e28188e516db1bda9015c30de59a2e91996b67c2e2b44989a6b0f562577fd757,blackbasta__e28188e516db1bda9015c30de59a2e91996b67c2e2b44989a6b0f562577fd757,mendeley_ransomware,1,blackbasta,test,test,x86,blackbasta,unified_mendeley
e9fefd053b8c77c7db13d528b97d2b974dfd86775a8cc9c53b8efdb07db8842c,blackbasta__e9fefd053b8c77c7db13d528b97d2b974dfd86775a8cc9c53b8efdb07db8842c,mendeley_ransomware,1,blackbasta,test,test,x64,blackbasta,unified_mendeley
0b102d8ac22224747d38c9fbf2c91579abae050357f0a1d01fac1ec1315ad291,blackbyte__0b102d8ac22224747d38c9fbf2c91579abae050357f0a1d01fac1ec1315ad291,mendeley_ransomware,1,blackbyte,test,test,x64,blackbyte,unified_mendeley
13581edc2d33951db376e3a5f5f1fb89fee309450cc2248ebbd3b5560b9c3081,blackbyte__13581edc2d33951db376e3a5f5f1fb89fee309450cc2248ebbd3b5560b9c3081,mendeley_ransomware,1,blackbyte,test,test,x64,blackbyte,unified_mendeley
44a5e78fce5455579123af23665262b10165ac710a9f7538b764af76d7771550,blackbyte__44a5e78fce5455579123af23665262b10165ac710a9f7538b764af76d7771550,mendeley_ransomware,1,blackbyte,test,test,x64,blackbyte,unified_mendeley
6f36a4a1364cfb063a0463d9e1287248700ccf1e0d8e280e034b02cf3db3c442,blackbyte__6f36a4a1364cfb063a0463d9e1287248700ccf1e0d8e280e034b02cf3db3c442,mendeley_ransomware,1,blackbyte,test,test,x64,blackbyte,unified_mendeley
70e861184ba4bf7b1f5aa549b15b0207519f9b7ecd4ecdeaf99af832f88285a5,blackbyte__70e861184ba4bf7b1f5aa549b15b0207519f9b7ecd4ecdeaf99af832f88285a5,mendeley_ransomware,1,blackbyte,test,test,x64,blackbyte,unified_mendeley
8450ca5ae10e3f959eede67d21621f80fd0b0ff913a5468aef4304d5f99a77fc,blackbyte__8450ca5ae10e3f959eede67d21621f80fd0b0ff913a5468aef4304d5f99a77fc,mendeley_ransomware,1,blackbyte,test,test,x64,blackbyte,unified_mendeley
938a0841b643da4d0e04848b04b7f735c64e05ce45b5118618c6af685d651f08,blackbyte__938a0841b643da4d0e04848b04b7f735c64e05ce45b5118618c6af685d651f08,mendeley_ransomware,1,blackbyte,test,test,x64,blackbyte,unified_mendeley
1048a41107f4d9a68c1f5fc0b99ac75dc198047f18bb6e50f3d462f262b8f6cd,blackcat__1048a41107f4d9a68c1f5fc0b99ac75dc198047f18bb6e50f3d462f262b8f6cd,mendeley_ransomware,1,blackcat,test,test,x86,blackcat,unified_mendeley
12138a12e35563461860d8c39d80e7cbf80aced9a3f197bf7e6a452a70e07048,blackcat__12138a12e35563461860d8c39d80e7cbf80aced9a3f197bf7e6a452a70e07048,mendeley_ransomware,1,blackcat,test,test,x86,blackcat,unified_mendeley
13828b390d5f58b002e808c2c4f02fdd920e236cc8015480fa33b6c1a9300e31,blackcat__13828b390d5f58b002e808c2c4f02fdd920e236cc8015480fa33b6c1a9300e31,mendeley_ransomware,1,blackcat,test,test,x86,blackcat,unified_mendeley
15b57c1b68cd6ce3c161042e0f3be9f32d78151fe95461eedc59a79fc222c7ed,blackcat__15b57c1b68cd6ce3c161042e0f3be9f32d78151fe95461eedc59a79fc222c7ed,mendeley_ransomware,1,blackcat,test,test,x86,blackcat,unified_mendeley
1e8696116c400742d13d6dfcad676badee68eac4a42a0693556f5dcfa82d0a46,blackcat__1e8696116c400742d13d6dfcad676badee68eac4a42a0693556f5dcfa82d0a46,mendeley_ransomware,1,blackcat,test,test,x86,blackcat,unified_mendeley
214ea9347df948e515af3f0ed446722e36f011e8cd34a221eb6e506269b955f3,blackcat__214ea9347df948e515af3f0ed446722e36f011e8cd34a221eb6e506269b955f3,mendeley_ransomware,1,blackcat,test,test,x86,blackcat,unified_mendeley
25364fb9f14a97437eb079e0778f724f3817faa7d23de316b2eca11bdae1e343,blackcat__25364fb9f14a97437eb079e0778f724f3817faa7d23de316b2eca11bdae1e343,mendeley_ransomware,1,blackcat,test,test,x86,blackcat,unified_mendeley
32304c278117353bd112132323055e113b62182d1efcc83abec1e736cf8da9e1,blackcat__32304c278117353bd112132323055e113b62182d1efcc83abec1e736cf8da9e1,mendeley_ransomware,1,blackcat,test,test,x86,blackcat,unified_mendeley
3850817e83a1cf4195920110bb2995a0386fdaeacbf81e13f52bdb3d124911f5,blackcat__3850817e83a1cf4195920110bb2995a0386fdaeacbf81e13f52bdb3d124911f5,mendeley_ransomware,1,blackcat,test,test,x86,blackcat,unified_mendeley
3a96c3075b8494fe6a76c6325946ab3f200e75ce26ad886446ea1394b5ac6ba1,blackcat__3a96c3075b8494fe6a76c6325946ab3f200e75ce26ad886446ea1394b5ac6ba1,mendeley_ransomware,1,blackcat,test,test,x86,blackcat,unified_mendeley
3b18241ac1018db1c2fb5c9e8306490bcafb373c852f1c5ebae65c672632a620,blackcat__3b18241ac1018db1c2fb5c9e8306490bcafb373c852f1c5ebae65c672632a620,mendeley_ransomware,1,blackcat,test,test,x86,blackcat,unified_mendeley
3c8ad2dae0b1bb536925b4e8d5a87e77c6134371eada2c7628358d6c6d3083dc,blackcat__3c8ad2dae0b1bb536925b4e8d5a87e77c6134371eada2c7628358d6c6d3083dc,mendeley_ransomware,1,blackcat,test,test,x86,blackcat,unified_mendeley
3de2a56cc13e85bc214d583dbd101857a129b796dae0c499fb5045a1508231ef,blackcat__3de2a56cc13e85bc214d583dbd101857a129b796dae0c499fb5045a1508231ef,mendeley_ransomware,1,blackcat,test,test,x86,blackcat,unified_mendeley
3ed830b0803b63aca0a82661475c863801afd2e2b03c2675b05019d55f25a1f4,blackcat__3ed830b0803b63aca0a82661475c863801afd2e2b03c2675b05019d55f25a1f4,mendeley_ransomware,1,blackcat,test,test,x86,blackcat,unified_mendeley
4fea41b61b2bd700fc6613c18c05aeb4df37bcbe777868081b0ed1076ee7aacb,blackcat__4fea41b61b2bd700fc6613c18c05aeb4df37bcbe777868081b0ed1076ee7aacb,mendeley_ransomware,1,blackcat,test,test,x86,blackcat,unified_mendeley
59868f4b346bd401e067380cac69080709c86e06fae219bfb5bc17605a71ab3f,blackcat__59868f4b346bd401e067380cac69080709c86e06fae219bfb5bc17605a71ab3f,mendeley_ransomware,1,blackcat,test,test,x86,blackcat,unified_mendeley
5a604a8f0e72f3bf7901b7b67f881031a402ab8072269c00233a554df548f54d,blackcat__5a604a8f0e72f3bf7901b7b67f881031a402ab8072269c00233a554df548f54d,mendeley_ransomware,1,blackcat,test,test,x86,blackcat,unified_mendeley
655abd0b5067ec53b25ea387c9aebe0fbafd5209e53bc7447c7d7425cb76b175,blackcat__655abd0b5067ec53b25ea387c9aebe0fbafd5209e53bc7447c7d7425cb76b175,mendeley_ransomware,1,blackcat,test,test,x86,blackcat,unified_mendeley
6660d0e87a142ab1bde4521d9c6f5e148490b05a57c71122e28280b35452e896,blackcat__6660d0e87a142ab1bde4521d9c6f5e148490b05a57c71122e28280b35452e896,mendeley_ransomware,1,blackcat,test,test,x86,blackcat,unified_mendeley
67d1f4077e929385cfd869bf279892bf10a2c8f0af4119e4bc15a2add9461fec,blackcat__67d1f4077e929385cfd869bf279892bf10a2c8f0af4119e4bc15a2add9461fec,mendeley_ransomware,1,blackcat,test,test,x86,blackcat,unified_mendeley
6dd995d896a9a593b2c48d09da60bd83866d8577273f36d38788d83ad8173e68,blackcat__6dd995d896a9a593b2c48d09da60bd83866d8577273f36d38788d83ad8173e68,mendeley_ransomware,1,blackcat,test,test,x86,blackcat,unified_mendeley
731adcf2d7fb61a8335e23dbee2436249e5d5753977ec465754c6b699e9bf161,blackcat__731adcf2d7fb61a8335e23dbee2436249e5d5753977ec465754c6b699e9bf161,mendeley_ransomware,1,blackcat,test,test,x86,blackcat,unified_mendeley
74abc075fc1d5c8985c952afc25a48ba874e76f96af4dc33414e84db9e10b9ee,blackcat__74abc075fc1d5c8985c952afc25a48ba874e76f96af4dc33414e84db9e10b9ee,mendeley_ransomware,1,blackcat,test,test,x86,blackcat,unified_mendeley
79802d6a6be8433720857d2b53b46f8011ec734a237aae1c3c1fea50ff683c13,blackcat__79802d6a6be8433720857d2b53b46f8011ec734a237aae1c3c1fea50ff683c13,mendeley_ransomware,1,blackcat,test,test,x86,blackcat,unified_mendeley
7b2449bb8be1b37a9d580c2592a67a759a3116fe640041d0f36dc93ca3db4487,blackcat__7b2449bb8be1b37a9d580c2592a67a759a3116fe640041d0f36dc93ca3db4487,mendeley_ransomware,1,blackcat,test,test,x86,blackcat,unified_mendeley
7bb383b31d1b415bc067e612203cc6bda53e914f7ca5291299e92f59d47cabf8,blackcat__7bb383b31d1b415bc067e612203cc6bda53e914f7ca5291299e92f59d47cabf8,mendeley_ransomware,1,blackcat,test,test,x86,blackcat,unified_mendeley
82479ba19531a5b3f108f21f939190de2073395a708bb4446d6acc398518b802,blackcat__82479ba19531a5b3f108f21f939190de2073395a708bb4446d6acc398518b802,mendeley_ransomware,1,blackcat,test,test,x86,blackcat,unified_mendeley
87a14583b72250a660b74f1e475a268f95285820d72fbd5115f1b8c6ec787a9a,blackcat__87a14583b72250a660b74f1e475a268f95285820d72fbd5115f1b8c6ec787a9a,mendeley_ransomware,1,blackcat,test,test,x86,blackcat,unified_mendeley
8a22a91c931ac80ca91cf91fef678c4bee00e3eb5ad24f209bc8595e012ba5b0,blackcat__8a22a91c931ac80ca91cf91fef678c4bee00e3eb5ad24f209bc8595e012ba5b0,mendeley_ransomware,1,blackcat,test,test,x86,blackcat,unified_mendeley
942946c6ae139b1f1efc91262f91034542eb75b80c3c66c10d69dda014d706d6,blackcat__942946c6ae139b1f1efc91262f91034542eb75b80c3c66c10d69dda014d706d6,mendeley_ransomware,1,blackcat,test,test,x86,blackcat,unified_mendeley
94e56379b7a31b01cf826076a74fc4ddb7f86f7991a6f58300f28712d484aa33,blackcat__94e56379b7a31b01cf826076a74fc4ddb7f86f7991a6f58300f28712d484aa33,mendeley_ransomware,1,blackcat,test,test,x86,blackcat,unified_mendeley
99d09068ac1b9d6db4f8bcff698ffff8e112a506c0f01afff460c5a3b1393ef8,blackcat__99d09068ac1b9d6db4f8bcff698ffff8e112a506c0f01afff460c5a3b1393ef8,mendeley_ransomware,1,blackcat,test,test,x86,blackcat,unified_mendeley
9f6876762614e407d0ee6005f165dd4bbd12cb21986abc4a3a5c7dc6271fcdc3,blackcat__9f6876762614e407d0ee6005f165dd4bbd12cb21986abc4a3a5c7dc6271fcdc3,mendeley_ransomware,1,blackcat,test,test,x86,blackcat,unified_mendeley
9fb1067dd3edf3d517517e9c191f3f07067bf30aa034a36ebf6543d83cea5ec1,blackcat__9fb1067dd3edf3d517517e9c191f3f07067bf30aa034a36ebf6543d83cea5ec1,mendeley_ransomware,1,blackcat,test,test,x86,blackcat,unified_mendeley
a15f278540238f0308608e76a76c01c60e04f5e5bbe9ffce5455f2e965574a12,blackcat__a15f278540238f0308608e76a76c01c60e04f5e5bbe9ffce5455f2e965574a12,mendeley_ransomware,1,blackcat,test,test,x86,blackcat,unified_mendeley
acf8884a4bfb9ebfe99ed607c4f1cf625cd705ac4317c092ef6dcca3d47027aa,blackcat__acf8884a4bfb9ebfe99ed607c4f1cf625cd705ac4317c092ef6dcca3d47027aa,mendeley_ransomware,1,blackcat,test,test,x86,blackcat,unified_mendeley
bacedbb23254934b736a9daf6de52620c9250a49686d519ceaf0a8d25da0a97f,blackcat__bacedbb23254934b736a9daf6de52620c9250a49686d519ceaf0a8d25da0a97f,mendeley_ransomware,1,blackcat,test,test,x86,blackcat,unified_mendeley
bb6b249336cd7001b1c55d3724b5e35a150e752ed795c36e0d5dcba00eedb62a,blackcat__bb6b249336cd7001b1c55d3724b5e35a150e752ed795c36e0d5dcba00eedb62a,mendeley_ransomware,1,blackcat,test,test,x86,blackcat,unified_mendeley
bd337d4e83ab1c2cacb43e4569f977d188f1bb7c7a077026304bf186d49d4117,blackcat__bd337d4e83ab1c2cacb43e4569f977d188f1bb7c7a077026304bf186d49d4117,mendeley_ransomware,1,blackcat,test,test,x86,blackcat,unified_mendeley
bd4e603e953d8c7803f3c7d72cd7197d996ab80ce80b9da96a4df7d10969bb55,blackcat__bd4e603e953d8c7803f3c7d72cd7197d996ab80ce80b9da96a4df7d10969bb55,mendeley_ransomware,1,blackcat,test,test,x86,blackcat,unified_mendeley
c124dc2c4f82b3258f1538656de8cbd2c5133137cad2d6c7b874de8232763d95,blackcat__c124dc2c4f82b3258f1538656de8cbd2c5133137cad2d6c7b874de8232763d95,mendeley_ransomware,1,blackcat,test,test,x86,blackcat,unified_mendeley
c50bca08a8e80850ec18d258ff937b7b72a500d9027c730c86b05aa73c938b5d,blackcat__c50bca08a8e80850ec18d258ff937b7b72a500d9027c730c86b05aa73c938b5d,mendeley_ransomware,1,blackcat,test,test,x86,blackcat,unified_mendeley
cefea76dfdbb48cfe1a3db2c8df34e898e29bec9b2c13e79ef40655c637833ae,blackcat__cefea76dfdbb48cfe1a3db2c8df34e898e29bec9b2c13e79ef40655c637833ae,mendeley_ransomware,1,blackcat,test,test,x86,blackcat,unified_mendeley
d0e0923cf7f97c86b6cde608bc7a0332d03881e598de7b8e41c114d1576e4534,blackcat__d0e0923cf7f97c86b6cde608bc7a0332d03881e598de7b8e41c114d1576e4534,mendeley_ransomware,1,blackcat,test,test,x86,blackcat,unified_mendeley
d3fd49f8f42fa571209af568a65119433e114bb66da21eda12b96a16b5ebfe21,blackcat__d3fd49f8f42fa571209af568a65119433e114bb66da21eda12b96a16b5ebfe21,mendeley_ransomware,1,blackcat,test,test,x86,blackcat,unified_mendeley
d767524e1bbb8d50129485ffa667eb1d379c745c30d4588672636998c20f857f,blackcat__d767524e1bbb8d50129485ffa667eb1d379c745c30d4588672636998c20f857f,mendeley_ransomware,1,blackcat,test,test,x86,blackcat,unified_mendeley
e55cc3426298f9f848849304d10b9222925eb19caebaebaa44dfb85ad2346062,blackcat__e55cc3426298f9f848849304d10b9222925eb19caebaebaa44dfb85ad2346062,mendeley_ransomware,1,blackcat,test,test,x86,blackcat,unified_mendeley
e88795f5be1970400521e0041c4603c62ff681f24ac75f926d524d092eecb6ee,blackcat__e88795f5be1970400521e0041c4603c62ff681f24ac75f926d524d092eecb6ee,mendeley_ransomware,1,blackcat,test,test,x86,blackcat,unified_mendeley
f2b3f1ed693021b20f456a058b86b08abfc4876c7a3ae18aea6e95567fd55b2e,blackcat__f2b3f1ed693021b20f456a058b86b08abfc4876c7a3ae18aea6e95567fd55b2e,mendeley_ransomware,1,blackcat,test,test,x86,blackcat,unified_mendeley
f837f1cd60e9941aa60f7be50a8f2aaaac380f560db8ee001408f35c1b7a97cb,blackcat__f837f1cd60e9941aa60f7be50a8f2aaaac380f560db8ee001408f35c1b7a97cb,mendeley_ransomware,1,blackcat,test,test,x86,blackcat,unified_mendeley
0751c422962dcd500d7cf2cf8bf544ddf5b2fe3465df7dd9b9998f6bba5e08a4,blackmatter__0751c422962dcd500d7cf2cf8bf544ddf5b2fe3465df7dd9b9998f6bba5e08a4,mendeley_ransomware,1,blackmatter,train,train,x86,blackmatter,unified_mendeley
14a3e308c90183b3785b6c26ec40d29405361cd8dec204a62235733401bf5f5c,blackmatter__14a3e308c90183b3785b6c26ec40d29405361cd8dec204a62235733401bf5f5c,mendeley_ransomware,1,blackmatter,train,train,x86,blackmatter,unified_mendeley
1c63a4fdee1528429886a0de5e89eaa540a058bf27cd378b8d139e045a2f7849,blackmatter__1c63a4fdee1528429886a0de5e89eaa540a058bf27cd378b8d139e045a2f7849,mendeley_ransomware,1,blackmatter,train,train,x86,blackmatter,unified_mendeley
1eea3cbd729d4493c0c0a84efe6840abf1760efe221dc971d32ca5017b5c19c2,blackmatter__1eea3cbd729d4493c0c0a84efe6840abf1760efe221dc971d32ca5017b5c19c2,mendeley_ransomware,1,blackmatter,train,train,x86,blackmatter,unified_mendeley
20742987e6f743814b25e214f8b2cd43111e2f60a8856a6cca87cafd85422f41,blackmatter__20742987e6f743814b25e214f8b2cd43111e2f60a8856a6cca87cafd85422f41,mendeley_ransomware,1,blackmatter,train,train,x86,blackmatter,unified_mendeley
22d7d67c3af10b1a37f277ebabe2d1eb4fd25afbd6437d4377400e148bcc08d6,blackmatter__22d7d67c3af10b1a37f277ebabe2d1eb4fd25afbd6437d4377400e148bcc08d6,mendeley_ransomware,1,blackmatter,train,train,x86,blackmatter,unified_mendeley
2466fca0e29b06c78ffa8a44193fb58c30e6bec4e54bbef8e6622349b95cce4c,blackmatter__2466fca0e29b06c78ffa8a44193fb58c30e6bec4e54bbef8e6622349b95cce4c,mendeley_ransomware,1,blackmatter,train,train,x86,blackmatter,unified_mendeley
25f95280b390eda74f9fd28f31bf57af0daf37bd48575e40d8b0ea9dccd37831,blackmatter__25f95280b390eda74f9fd28f31bf57af0daf37bd48575e40d8b0ea9dccd37831,mendeley_ransomware,1,blackmatter,train,train,x86,blackmatter,unified_mendeley
26a7146fbed74a17e9f2f18145063de07cc103ce53c75c8d79bbc5560235c345,blackmatter__26a7146fbed74a17e9f2f18145063de07cc103ce53c75c8d79bbc5560235c345,mendeley_ransomware,1,blackmatter,train,train,x86,blackmatter,unified_mendeley
2aad85dbd4c79bd21c6218892552d5c9fb216293a251559ba59d45d56a01437c,blackmatter__2aad85dbd4c79bd21c6218892552d5c9fb216293a251559ba59d45d56a01437c,mendeley_ransomware,1,blackmatter,train,train,x86,blackmatter,unified_mendeley
2c323453e959257c7aa86dc180bb3aaaa5c5ec06fa4e72b632d9e4b817052009,blackmatter__2c323453e959257c7aa86dc180bb3aaaa5c5ec06fa4e72b632d9e4b817052009,mendeley_ransomware,1,blackmatter,train,train,x86,blackmatter,unified_mendeley
2cdb5edf3039863c30818ca34d9240cb0068ad33128895500721bcdca70c78fd,blackmatter__2cdb5edf3039863c30818ca34d9240cb0068ad33128895500721bcdca70c78fd,mendeley_ransomware,1,blackmatter,train,train,x86,blackmatter,unified_mendeley
2e50eb85f6e271001e69c5733af95c34728893145766066c5ff8708dcc0e43b2,blackmatter__2e50eb85f6e271001e69c5733af95c34728893145766066c5ff8708dcc0e43b2,mendeley_ransomware,1,blackmatter,train,train,x86,blackmatter,unified_mendeley
3893fbe4c6db1b0a22c65ad81a3c3930f1943edb9660218c50b4c04bc36d4a15,blackmatter__3893fbe4c6db1b0a22c65ad81a3c3930f1943edb9660218c50b4c04bc36d4a15,mendeley_ransomware,1,blackmatter,train,train,x86,blackmatter,unified_mendeley
3a4bd5288b89aa26fbe39353b93c1205efa671be4f96e50beae0965f45fdcc40,blackmatter__3a4bd5288b89aa26fbe39353b93c1205efa671be4f96e50beae0965f45fdcc40,mendeley_ransomware,1,blackmatter,train,train,x86,blackmatter,unified_mendeley
45ecce9dfec886e2b092a996f6affb9e7417d6121e58b0ec643be7e36a03106d,blackmatter__45ecce9dfec886e2b092a996f6affb9e7417d6121e58b0ec643be7e36a03106d,mendeley_ransomware,1,blackmatter,train,train,x86,blackmatter,unified_mendeley
4be85e2083b64838fb66b92195a250228a721cdb5ae91817ea97b37aa53f4a2b,blackmatter__4be85e2083b64838fb66b92195a250228a721cdb5ae91817ea97b37aa53f4a2b,mendeley_ransomware,1,blackmatter,train,train,x86,blackmatter,unified_mendeley
520bd9ed608c668810971dbd51184c6a29819674280b018dc4027bc38fc42e57,blackmatter__520bd9ed608c668810971dbd51184c6a29819674280b018dc4027bc38fc42e57,mendeley_ransomware,1,blackmatter,train,train,x86,blackmatter,unified_mendeley
53c704934228ec0660e50422b5ee340332f0df491aa50c6367ed343edb5ed16a,blackmatter__53c704934228ec0660e50422b5ee340332f0df491aa50c6367ed343edb5ed16a,mendeley_ransomware,1,blackmatter,train,train,x86,blackmatter,unified_mendeley
5da8d2e1b36be0d661d276ea6523760dbe3fa4f3fdb7e32b144812ce50c483fa,blackmatter__5da8d2e1b36be0d661d276ea6523760dbe3fa4f3fdb7e32b144812ce50c483fa,mendeley_ransomware,1,blackmatter,train,train,x86,blackmatter,unified_mendeley
66e6563ecef8f33b1b283a63404a2029550af9a6574b84e0fb3f2c6a8f42e89f,blackmatter__66e6563ecef8f33b1b283a63404a2029550af9a6574b84e0fb3f2c6a8f42e89f,mendeley_ransomware,1,blackmatter,train,train,x86,blackmatter,unified_mendeley
67d8a3a6816aaf8e187d75a11d733c65191202487c5295eed403510c45b2b478,blackmatter__67d8a3a6816aaf8e187d75a11d733c65191202487c5295eed403510c45b2b478,mendeley_ransomware,1,blackmatter,train,train,x86,blackmatter,unified_mendeley
6d4712df42ad0982041ef0e2e109ab5718b43830f2966bd9207a7fac3af883db,blackmatter__6d4712df42ad0982041ef0e2e109ab5718b43830f2966bd9207a7fac3af883db,mendeley_ransomware,1,blackmatter,train,train,x86,blackmatter,unified_mendeley
6ee278e62994b9340a2f1584a1c156ffa378075ebf134b1e06d5e3e426a01f75,blackmatter__6ee278e62994b9340a2f1584a1c156ffa378075ebf134b1e06d5e3e426a01f75,mendeley_ransomware,1,blackmatter,train,train,x86,blackmatter,unified_mendeley
706f3eec328e91ff7f66c8f0a2fb9b556325c153a329a2062dc85879c540839d,blackmatter__706f3eec328e91ff7f66c8f0a2fb9b556325c153a329a2062dc85879c540839d,mendeley_ransomware,1,blackmatter,train,train,x86,blackmatter,unified_mendeley
730f2d6243055c786d737bae0665267b962c64f57132e9ab401d6e7625c3d0a4,blackmatter__730f2d6243055c786d737bae0665267b962c64f57132e9ab401d6e7625c3d0a4,mendeley_ransomware,1,blackmatter,train,train,x86,blackmatter,unified_mendeley
7f6dd0ca03f04b64024e86a72a6d7cfab6abccc2173b85896fc4b431990a5984,blackmatter__7f6dd0ca03f04b64024e86a72a6d7cfab6abccc2173b85896fc4b431990a5984,mendeley_ransomware,1,blackmatter,train,train,x86,blackmatter,unified_mendeley
84af3f15701d259f3729d83beb15ca738028432c261353d1f9242469d791714f,blackmatter__84af3f15701d259f3729d83beb15ca738028432c261353d1f9242469d791714f,mendeley_ransomware,1,blackmatter,train,train,x86,blackmatter,unified_mendeley
8e41970c748b56f4ab656e9e51295d9bf53c40da2ae0a1b099459d732716f739,blackmatter__8e41970c748b56f4ab656e9e51295d9bf53c40da2ae0a1b099459d732716f739,mendeley_ransomware,1,blackmatter,train,train,x86,blackmatter,unified_mendeley
8eada5114fbbc73b7d648b38623fc206367c94c0e76cb3b395a33ea8859d2952,blackmatter__8eada5114fbbc73b7d648b38623fc206367c94c0e76cb3b395a33ea8859d2952,mendeley_ransomware,1,blackmatter,train,train,x86,blackmatter,unified_mendeley
8f1b0affffb2f2f58b477515d1ce54f4daa40a761d828041603d5536c2d53539,blackmatter__8f1b0affffb2f2f58b477515d1ce54f4daa40a761d828041603d5536c2d53539,mendeley_ransomware,1,blackmatter,train,train,x86,blackmatter,unified_mendeley
9bae897c19f237c22b6bdc024df27455e739be24bed07ef0d409f2df87eeda58,blackmatter__9bae897c19f237c22b6bdc024df27455e739be24bed07ef0d409f2df87eeda58,mendeley_ransomware,1,blackmatter,train,train,x86,blackmatter,unified_mendeley
9bd4aaf4c7a7cde7757d7083acba1936909a37709b78f702d5997f18edc2c0c6,blackmatter__9bd4aaf4c7a7cde7757d7083acba1936909a37709b78f702d5997f18edc2c0c6,mendeley_ransomware,1,blackmatter,train,train,x86,blackmatter,unified_mendeley
9cf9441554ac727f9d191ad9de1dc101867ffe5264699cafcf2734a4b89d5d6a,blackmatter__9cf9441554ac727f9d191ad9de1dc101867ffe5264699cafcf2734a4b89d5d6a,mendeley_ransomware,1,blackmatter,train,train,x86,blackmatter,unified_mendeley
a6903580ab0f4f6e41778b8d20c663b56436ae1dda08a241f3ac22ad329870fb,blackmatter__a6903580ab0f4f6e41778b8d20c663b56436ae1dda08a241f3ac22ad329870fb,mendeley_ransomware,1,blackmatter,train,train,x86,blackmatter,unified_mendeley
b824bbc645f15e213b4cb2628f7d383e9e37282059b03f6fe60f7c84ea1fed1f,blackmatter__b824bbc645f15e213b4cb2628f7d383e9e37282059b03f6fe60f7c84ea1fed1f,mendeley_ransomware,1,blackmatter,train,train,x86,blackmatter,unified_mendeley
bd0a7378cd96701edafc0a8ddd7b2a9904552be29804750bff47b3e08e23319f,blackmatter__bd0a7378cd96701edafc0a8ddd7b2a9904552be29804750bff47b3e08e23319f,mendeley_ransomware,1,blackmatter,train,train,x86,blackmatter,unified_mendeley
c6e2ef30a86baa670590bd21acf5b91822117e0cbe6060060bc5fe0182dace99,blackmatter__c6e2ef30a86baa670590bd21acf5b91822117e0cbe6060060bc5fe0182dace99,mendeley_ransomware,1,blackmatter,train,train,x86,blackmatter,unified_mendeley
ccee26ea662c87a6c3171b091044282849cc8d46d4b9b9da6cf429b8114c4239,blackmatter__ccee26ea662c87a6c3171b091044282849cc8d46d4b9b9da6cf429b8114c4239,mendeley_ransomware,1,blackmatter,train,train,x86,blackmatter,unified_mendeley
d4647619fa2dc8fef5560d1662cbee6eb7dc95298dd40edf12dd4c8ee902d767,blackmatter__d4647619fa2dc8fef5560d1662cbee6eb7dc95298dd40edf12dd4c8ee902d767,mendeley_ransomware,1,blackmatter,train,train,x86,blackmatter,unified_mendeley
daed41395ba663bef2c52e3d1723ac46253a9008b582bb8d9da9cb0044991720,blackmatter__daed41395ba663bef2c52e3d1723ac46253a9008b582bb8d9da9cb0044991720,mendeley_ransomware,1,blackmatter,train,train,x86,blackmatter,unified_mendeley
e4fd947a781611c85ea2e5afa51b186de7f351026c28eb067ad70028acd72cda,blackmatter__e4fd947a781611c85ea2e5afa51b186de7f351026c28eb067ad70028acd72cda,mendeley_ransomware,1,blackmatter,train,train,x86,blackmatter,unified_mendeley
fe2b2beeff98cae90f58a5b2f01dab31eaa98d274757a7dd9f70f4dc8432a6e2,blackmatter__fe2b2beeff98cae90f58a5b2f01dab31eaa98d274757a7dd9f70f4dc8432a6e2,mendeley_ransomware,1,blackmatter,train,train,x86,blackmatter,unified_mendeley
06ad123df8f3fcc6ca4785c0b52fc57e6e54f44e403fca2fdbd339580d3c53b0,bluesky__06ad123df8f3fcc6ca4785c0b52fc57e6e54f44e403fca2fdbd339580d3c53b0,mendeley_ransomware,1,bluesky,test,test,x86,bluesky,unified_mendeley
11ae63b3a7caac549374aaa3c7fea9cba7f23ae83118745fee0a4157f61156f2,bluesky__11ae63b3a7caac549374aaa3c7fea9cba7f23ae83118745fee0a4157f61156f2,mendeley_ransomware,1,bluesky,test,test,x86,bluesky,unified_mendeley
11e409f8b0799cd64c53d40ff10cbc639a1f85cd5ba6544fe42689a96302cc2e,bluesky__11e409f8b0799cd64c53d40ff10cbc639a1f85cd5ba6544fe42689a96302cc2e,mendeley_ransomware,1,bluesky,test,test,x86,bluesky,unified_mendeley
18329783ad51783d679aec6111ca171eb1176f8fa866949a5267009c14605aa6,bluesky__18329783ad51783d679aec6111ca171eb1176f8fa866949a5267009c14605aa6,mendeley_ransomware,1,bluesky,test,test,x86,bluesky,unified_mendeley
1b44b3e401f26547ee820bc0fe90904c55ec59d74e4385fe5bdd1826738fa9e6,bluesky__1b44b3e401f26547ee820bc0fe90904c55ec59d74e4385fe5bdd1826738fa9e6,mendeley_ransomware,1,bluesky,test,test,x86,bluesky,unified_mendeley
2176a3cdf5db56f5dcab475f362d459d4b2b3dafc3c146caaf3100009d0c8a5f,bluesky__2176a3cdf5db56f5dcab475f362d459d4b2b3dafc3c146caaf3100009d0c8a5f,mendeley_ransomware,1,bluesky,test,test,x86,bluesky,unified_mendeley
2280898cb29faf1785e782596d8029cb471537ec38352e5c17cc263f1f52b8ef,bluesky__2280898cb29faf1785e782596d8029cb471537ec38352e5c17cc263f1f52b8ef,mendeley_ransomware,1,bluesky,test,test,x86,bluesky,unified_mendeley
22a020af0e4be83dea45c0700d065d9ae64630748c02b58397f6c6d91c3efb0d,bluesky__22a020af0e4be83dea45c0700d065d9ae64630748c02b58397f6c6d91c3efb0d,mendeley_ransomware,1,bluesky,test,test,x86,bluesky,unified_mendeley
2ee6dfbfb2afd7442c9f2212eb142876698851c3ffb552ee420c0281e35a836e,bluesky__2ee6dfbfb2afd7442c9f2212eb142876698851c3ffb552ee420c0281e35a836e,mendeley_ransomware,1,bluesky,test,test,x86,bluesky,unified_mendeley
311dc38f619f40f06bee5157119ab4b93684924f53e4ff2da34412f9dac111a4,bluesky__311dc38f619f40f06bee5157119ab4b93684924f53e4ff2da34412f9dac111a4,mendeley_ransomware,1,bluesky,test,test,x86,bluesky,unified_mendeley
376fdb43699c90fd6cca2706c14827791137b3a753c7368a202de63f588fdb2f,bluesky__376fdb43699c90fd6cca2706c14827791137b3a753c7368a202de63f588fdb2f,mendeley_ransomware,1,bluesky,test,test,x86,bluesky,unified_mendeley
38478119e3344e735cf60442e7528db63046a543a5f422db8f946b2c2693d19a,bluesky__38478119e3344e735cf60442e7528db63046a543a5f422db8f946b2c2693d19a,mendeley_ransomware,1,bluesky,test,test,x86,bluesky,unified_mendeley
3e035f2d7d30869ce53171ef5a0f761bfb9c14d94d9fe6da385e20b8d96dc2fb,bluesky__3e035f2d7d30869ce53171ef5a0f761bfb9c14d94d9fe6da385e20b8d96dc2fb,mendeley_ransomware,1,bluesky,test,test,x86,bluesky,unified_mendeley
47971a5a44f487f341d482fdcb91271a2aea4d3eee7191c69568690d2fe9f251,bluesky__47971a5a44f487f341d482fdcb91271a2aea4d3eee7191c69568690d2fe9f251,mendeley_ransomware,1,bluesky,test,test,x86,bluesky,unified_mendeley
4c752131e47710d47dd0084a22ac03cd5924eb617e97cf895159ae03d86f561e,bluesky__4c752131e47710d47dd0084a22ac03cd5924eb617e97cf895159ae03d86f561e,mendeley_ransomware,1,bluesky,test,test,x86,bluesky,unified_mendeley
4fd0c22d92f8bf7a062497867a802bdbab4c802ac10c8b529fe7f896e7517492,bluesky__4fd0c22d92f8bf7a062497867a802bdbab4c802ac10c8b529fe7f896e7517492,mendeley_ransomware,1,bluesky,test,test,x86,bluesky,unified_mendeley
6e1057e52d296655f932b8a9da7302b31379ce5b9ba4cc32ed3af4c15c7adcf0,bluesky__6e1057e52d296655f932b8a9da7302b31379ce5b9ba4cc32ed3af4c15c7adcf0,mendeley_ransomware,1,bluesky,test,test,x86,bluesky,unified_mendeley
840af927adbfdeb7070e1cf73ed195cf48c8d5f35b6de12f58b73898d7056d3d,bluesky__840af927adbfdeb7070e1cf73ed195cf48c8d5f35b6de12f58b73898d7056d3d,mendeley_ransomware,1,bluesky,test,test,x86,bluesky,unified_mendeley
8dfd7ee796dd98daefbc1458a34f0460ebd8508df319d44ab48f4cbc579a7f09,bluesky__8dfd7ee796dd98daefbc1458a34f0460ebd8508df319d44ab48f4cbc579a7f09,mendeley_ransomware,1,bluesky,test,test,x86,bluesky,unified_mendeley
905de085d2a9ebf553e3325eb9c878b9855f85c10f77e80c46519056658d6bab,bluesky__905de085d2a9ebf553e3325eb9c878b9855f85c10f77e80c46519056658d6bab,mendeley_ransomware,1,bluesky,test,test,x86,bluesky,unified_mendeley
91795d3e8925e647444eb383e52cdc5046db10fa320afc817fab29b085e7d76f,bluesky__91795d3e8925e647444eb383e52cdc5046db10fa320afc817fab29b085e7d76f,mendeley_ransomware,1,bluesky,test,test,x86,bluesky,unified_mendeley
94733075d7ccdc9d770f71200e11f84c00b8a529182b504fb997e9b331470f9a,bluesky__94733075d7ccdc9d770f71200e11f84c00b8a529182b504fb997e9b331470f9a,mendeley_ransomware,1,bluesky,test,test,x86,bluesky,unified_mendeley
99828018b3af892707985f6a3f8c3d34ae1d1575fdefd7a05f1e6861181ec1b2,bluesky__99828018b3af892707985f6a3f8c3d34ae1d1575fdefd7a05f1e6861181ec1b2,mendeley_ransomware,1,bluesky,test,test,x86,bluesky,unified_mendeley
9e302bb7d1031c0b2a4ad6ec955e7d2c0ab9c0d18d56132029c4c6198b91384f,bluesky__9e302bb7d1031c0b2a4ad6ec955e7d2c0ab9c0d18d56132029c4c6198b91384f,mendeley_ransomware,1,bluesky,test,test,x86,bluesky,unified_mendeley
afccc93c4122d7e63543fc342a4ba9319c4969797c0c3ed32b944b07c83aea16,bluesky__afccc93c4122d7e63543fc342a4ba9319c4969797c0c3ed32b944b07c83aea16,mendeley_ransomware,1,bluesky,test,test,x86,bluesky,unified_mendeley
b39fcf37d9019cc92127ee82c03df5e37aa8238cd76cc6eca2e3d1e7e977fc26,bluesky__b39fcf37d9019cc92127ee82c03df5e37aa8238cd76cc6eca2e3d1e7e977fc26,mendeley_ransomware,1,bluesky,test,test,x86,bluesky,unified_mendeley
b5b105751a2bf965a6b78eeff100fe4c75282ad6f37f98b9adcd15d8c64283ec,bluesky__b5b105751a2bf965a6b78eeff100fe4c75282ad6f37f98b9adcd15d8c64283ec,mendeley_ransomware,1,bluesky,test,test,x86,bluesky,unified_mendeley
baaa0e49398ef681ef71e84a7a86dd2b78f36ac83785e0d9a061067ebaf8b006,bluesky__baaa0e49398ef681ef71e84a7a86dd2b78f36ac83785e0d9a061067ebaf8b006,mendeley_ransomware,1,bluesky,test,test,x86,bluesky,unified_mendeley
c0514cd580275b54f5b1d69086c9f415e7afb805479bfea50251e82dc2e60e12,bluesky__c0514cd580275b54f5b1d69086c9f415e7afb805479bfea50251e82dc2e60e12,mendeley_ransomware,1,bluesky,test,test,x86,bluesky,unified_mendeley
c75748dc544629a8a5d08c0d8ba7fda3508a3efdaed905ad800ffddbc8d3b8df,bluesky__c75748dc544629a8a5d08c0d8ba7fda3508a3efdaed905ad800ffddbc8d3b8df,mendeley_ransomware,1,bluesky,test,test,x86,bluesky,unified_mendeley
d401be3ec0699cfdc1a16a9243ebc25181385e428122b0b1a283b7a8d47dd0bc,bluesky__d401be3ec0699cfdc1a16a9243ebc25181385e428122b0b1a283b7a8d47dd0bc,mendeley_ransomware,1,bluesky,test,test,x86,bluesky,unified_mendeley
d4f4069b1c40a5b27ba0bc15c09dceb7035d054a022bb5d558850edfba0b9534,bluesky__d4f4069b1c40a5b27ba0bc15c09dceb7035d054a022bb5d558850edfba0b9534,mendeley_ransomware,1,bluesky,test,test,x86,bluesky,unified_mendeley
d6386b2747335f7b0d13b1f69d995944ad8e9b71e09b036dbc0b907e583d857a,bluesky__d6386b2747335f7b0d13b1f69d995944ad8e9b71e09b036dbc0b907e583d857a,mendeley_ransomware,1,bluesky,test,test,x86,bluesky,unified_mendeley
e75717be1633b5e3602827dc3b5788ff691dd325b0eddd2d0d9ddcee29de364f,bluesky__e75717be1633b5e3602827dc3b5788ff691dd325b0eddd2d0d9ddcee29de364f,mendeley_ransomware,1,bluesky,test,test,x86,bluesky,unified_mendeley
00e815ade8f3ad89a7726da8edd168df13f96ccb6c3daaf995aa9428bfb9ecf1,clop__00e815ade8f3ad89a7726da8edd168df13f96ccb6c3daaf995aa9428bfb9ecf1,mendeley_ransomware,1,clop,test,test,x86,clop,unified_mendeley
04e97922edd766b69fecf42370b52f81fe9efd7927e16eb8374042f565430365,clop__04e97922edd766b69fecf42370b52f81fe9efd7927e16eb8374042f565430365,mendeley_ransomware,1,clop,test,test,x86,clop,unified_mendeley
0778c67835cce4819fecc56c1059c791c0cf023a3a2c4db0ac696d1c3966f9e2,clop__0778c67835cce4819fecc56c1059c791c0cf023a3a2c4db0ac696d1c3966f9e2,mendeley_ransomware,1,clop,test,test,x86,clop,unified_mendeley
07d7a103b08ef363d8b8c3c8ce320c8256d45db08c26d440a9a4ca74d7b46e62,clop__07d7a103b08ef363d8b8c3c8ce320c8256d45db08c26d440a9a4ca74d7b46e62,mendeley_ransomware,1,clop,test,test,x86,clop,unified_mendeley
09ab880f3021ac2d05e09bebd567ddf5f6f7cfb396573efd819a056931f3b391,clop__09ab880f3021ac2d05e09bebd567ddf5f6f7cfb396573efd819a056931f3b391,mendeley_ransomware,1,clop,test,test,x86,clop,unified_mendeley
0d19f60423cb2128555e831dc340152f9588c99f3e47d64f0bb4206a6213d579,clop__0d19f60423cb2128555e831dc340152f9588c99f3e47d64f0bb4206a6213d579,mendeley_ransomware,1,clop,test,test,x86,clop,unified_mendeley
0e3fd4f37b395b9177ccec786f339dd2dc3a539f69b49ac41e55ca21ead7fe73,clop__0e3fd4f37b395b9177ccec786f339dd2dc3a539f69b49ac41e55ca21ead7fe73,mendeley_ransomware,1,clop,test,test,x86,clop,unified_mendeley
111773fea3e49a77d35abfbeffc2b33fd4b0527d36a643f34be123850ae51fb9,clop__111773fea3e49a77d35abfbeffc2b33fd4b0527d36a643f34be123850ae51fb9,mendeley_ransomware,1,clop,test,test,x86,clop,unified_mendeley
128f74421cf96f74d721c1ba4c65b5ca262b3bdd9f96a90090ae4b2f092bc60f,clop__128f74421cf96f74d721c1ba4c65b5ca262b3bdd9f96a90090ae4b2f092bc60f,mendeley_ransomware,1,clop,test,test,x86,clop,unified_mendeley
15f9ed36d9efc6e570b4f506791ce2c6a849853e2f6d587f30fb12d39dba2649,clop__15f9ed36d9efc6e570b4f506791ce2c6a849853e2f6d587f30fb12d39dba2649,mendeley_ransomware,1,clop,test,test,x86,clop,unified_mendeley
1e5a161314bc521356f821200004f9af454ac027e34e25d2961320956be0791b,clop__1e5a161314bc521356f821200004f9af454ac027e34e25d2961320956be0791b,mendeley_ransomware,1,clop,test,test,x86,clop,unified_mendeley
220c50ccf6a9d9727e9f442df42469f027d9f7a2ea833319971746280023bb0c,clop__220c50ccf6a9d9727e9f442df42469f027d9f7a2ea833319971746280023bb0c,mendeley_ransomware,1,clop,test,test,x86,clop,unified_mendeley
2f29950640d024779134334cad79e2013871afa08c7be94356694db12ee437e2,clop__2f29950640d024779134334cad79e2013871afa08c7be94356694db12ee437e2,mendeley_ransomware,1,clop,test,test,x86,clop,unified_mendeley
3320f11728458d01eef62e10e48897ec1c2277c1fe1aa2d471a16b4dccfc1207,clop__3320f11728458d01eef62e10e48897ec1c2277c1fe1aa2d471a16b4dccfc1207,mendeley_ransomware,1,clop,test,test,x86,clop,unified_mendeley
389e03b1a1fd1c527d48df74d3c26a0483a5b105f36841193172f1ee80e62c1b,clop__389e03b1a1fd1c527d48df74d3c26a0483a5b105f36841193172f1ee80e62c1b,mendeley_ransomware,1,clop,test,test,x86,clop,unified_mendeley
3d94c4a92382c5c45062d8ea0517be4011be8ba42e9c9a614a99327d0ebdf05b,clop__3d94c4a92382c5c45062d8ea0517be4011be8ba42e9c9a614a99327d0ebdf05b,mendeley_ransomware,1,clop,test,test,x86,clop,unified_mendeley
428988730867a648960bc25c6b0f73431e9beb028331dfa7b5f5760a5042c12d,clop__428988730867a648960bc25c6b0f73431e9beb028331dfa7b5f5760a5042c12d,mendeley_ransomware,1,clop,test,test,x86,clop,unified_mendeley
43e633a9a26287e9be7a4788d750258d64612e7b625ab5a3f0a9128469e99c2d,clop__43e633a9a26287e9be7a4788d750258d64612e7b625ab5a3f0a9128469e99c2d,mendeley_ransomware,1,clop,test,test,x86,clop,unified_mendeley
46cd508b7e77bb2c1d47f7fef0042a13c516f8163f9373ef9dfac180131c65ed,clop__46cd508b7e77bb2c1d47f7fef0042a13c516f8163f9373ef9dfac180131c65ed,mendeley_ransomware,1,clop,test,test,x86,clop,unified_mendeley
4b13034d10c60ae0b507b1c21c52fbc3ec75e827225a86e629ecea5fdfffe609,clop__4b13034d10c60ae0b507b1c21c52fbc3ec75e827225a86e629ecea5fdfffe609,mendeley_ransomware,1,clop,test,test,x86,clop,unified_mendeley
4d8374ad8f1dd3885358fa779f04e5890906de40d084a1aeb4afc1decb116289,clop__4d8374ad8f1dd3885358fa779f04e5890906de40d084a1aeb4afc1decb116289,mendeley_ransomware,1,clop,test,test,x86,clop,unified_mendeley
589152e247730d8bbcb546bb43cc79ad72c0098fd76a1c95224e9b8f5f6b9d15,clop__589152e247730d8bbcb546bb43cc79ad72c0098fd76a1c95224e9b8f5f6b9d15,mendeley_ransomware,1,clop,test,test,x86,clop,unified_mendeley
64de5359969b2dc8d3aa4d5fd43409defda2c5794a4e89ca7da9396cf4edf279,clop__64de5359969b2dc8d3aa4d5fd43409defda2c5794a4e89ca7da9396cf4edf279,mendeley_ransomware,1,clop,test,test,x86,clop,unified_mendeley
6b3a6afb6edc1c9d36e0793f00be3c0cf6626db26b3cfd31d6a18793453303a7,clop__6b3a6afb6edc1c9d36e0793f00be3c0cf6626db26b3cfd31d6a18793453303a7,mendeley_ransomware,1,clop,test,test,x86,clop,unified_mendeley
8209162e0985c360c59c568f2f33de74364f0c5f1e984e5785c64825e8ad9fd0,clop__8209162e0985c360c59c568f2f33de74364f0c5f1e984e5785c64825e8ad9fd0,mendeley_ransomware,1,clop,test,test,x86,clop,unified_mendeley
85b71784734705f6119cdb59b1122ce721895662a6d98bb01e82de7a4f37a188,clop__85b71784734705f6119cdb59b1122ce721895662a6d98bb01e82de7a4f37a188,mendeley_ransomware,1,clop,test,test,x86,clop,unified_mendeley
8681d4d20676c19ad62400f47f66146f82b30941937ebf85c1f207257c05cea5,clop__8681d4d20676c19ad62400f47f66146f82b30941937ebf85c1f207257c05cea5,mendeley_ransomware,1,clop,test,test,x86,clop,unified_mendeley
876202dfc6af9577162ab4ad567e93681d0b1ebde5eacf45c4254a2385f23060,clop__876202dfc6af9577162ab4ad567e93681d0b1ebde5eacf45c4254a2385f23060,mendeley_ransomware,1,clop,test,test,x86,clop,unified_mendeley
8a2dfaffc9420e209f132cdd3aedda4bbc4c18e02c47687006f67c13a36f1dc6,clop__8a2dfaffc9420e209f132cdd3aedda4bbc4c18e02c47687006f67c13a36f1dc6,mendeley_ransomware,1,clop,test,test,x86,clop,unified_mendeley
8fb307c24f655cc773d692f1354c4c6e265e5e275f66372e460ca61952e38618,clop__8fb307c24f655cc773d692f1354c4c6e265e5e275f66372e460ca61952e38618,mendeley_ransomware,1,clop,test,test,x86,clop,unified_mendeley
9322ac5c62ad267bedcbfb7e6736377495a00923531fa244c3a2cc98a990c125,clop__9322ac5c62ad267bedcbfb7e6736377495a00923531fa244c3a2cc98a990c125,mendeley_ransomware,1,clop,test,test,x86,clop,unified_mendeley
968307a367471e25bef58b0d4687ab4fdf34539bbfb603b5b19ae99d4d0c0340,clop__968307a367471e25bef58b0d4687ab4fdf34539bbfb603b5b19ae99d4d0c0340,mendeley_ransomware,1,clop,test,test,x86,clop,unified_mendeley
9ff6a067f5f97ce0dd05fc338699875a4e736477bc933b97d24a1416f9fd7644,clop__9ff6a067f5f97ce0dd05fc338699875a4e736477bc933b97d24a1416f9fd7644,mendeley_ransomware,1,clop,test,test,x86,clop,unified_mendeley
aaa4f5bb1bd81db677b21938b03b0cd282c200a9cd0d82ef85c83805c9e8e66f,clop__aaa4f5bb1bd81db677b21938b03b0cd282c200a9cd0d82ef85c83805c9e8e66f,mendeley_ransomware,1,clop,test,test,x86,clop,unified_mendeley
c150954e5fdfc100fbb74258cad6ef2595c239c105ff216b1d9a759c0104be04,clop__c150954e5fdfc100fbb74258cad6ef2595c239c105ff216b1d9a759c0104be04,mendeley_ransomware,1,clop,test,test,x86,clop,unified_mendeley
c7e52cc6f1f659ec5d30473e89b7136216de5fbe53ec77a62f1a486d8ffe78ed,clop__c7e52cc6f1f659ec5d30473e89b7136216de5fbe53ec77a62f1a486d8ffe78ed,mendeley_ransomware,1,clop,test,test,x86,clop,unified_mendeley
d0cde86d47219e9c56b717f55dcdb01b0566344c13aa671613598cab427345b9,clop__d0cde86d47219e9c56b717f55dcdb01b0566344c13aa671613598cab427345b9,mendeley_ransomware,1,clop,test,test,x86,clop,unified_mendeley
e48900dc697582db4655569bb844602ced3ad2b10b507223912048f1f3039ac6,clop__e48900dc697582db4655569bb844602ced3ad2b10b507223912048f1f3039ac6,mendeley_ransomware,1,clop,test,test,x86,clop,unified_mendeley
e77c8c7514b36d30d0bf51545fe148ebce3f92adba6748c4de71cc105eb56a9c,clop__e77c8c7514b36d30d0bf51545fe148ebce3f92adba6748c4de71cc105eb56a9c,mendeley_ransomware,1,clop,test,test,x86,clop,unified_mendeley
e7f17df3e41c7ac23d3b979a4dd8e92bdf12e08e8dd064bd8614a415322dc639,clop__e7f17df3e41c7ac23d3b979a4dd8e92bdf12e08e8dd064bd8614a415322dc639,mendeley_ransomware,1,clop,test,test,x86,clop,unified_mendeley
e805dd0124b9f062f6b5bc9de627eabc601b9d6e8ffe1d90ee552a1ece598a89,clop__e805dd0124b9f062f6b5bc9de627eabc601b9d6e8ffe1d90ee552a1ece598a89,mendeley_ransomware,1,clop,test,test,x86,clop,unified_mendeley
ed3dfa9f2452537d378ead320e1506d392d3f91557d8c52714dfd6024176cf73,clop__ed3dfa9f2452537d378ead320e1506d392d3f91557d8c52714dfd6024176cf73,mendeley_ransomware,1,clop,test,test,x86,clop,unified_mendeley
ee83fd9b8368bd4d2cdbebdccfdb41373c3c490d9c5b8d17530990e084131f29,clop__ee83fd9b8368bd4d2cdbebdccfdb41373c3c490d9c5b8d17530990e084131f29,mendeley_ransomware,1,clop,test,test,x86,clop,unified_mendeley
f55e4553ed04f085bc5b93cf7e5386c3d938abcb13a95ef1d2c3f8b21c454db8,clop__f55e4553ed04f085bc5b93cf7e5386c3d938abcb13a95ef1d2c3f8b21c454db8,mendeley_ransomware,1,clop,test,test,x86,clop,unified_mendeley
ff2811f8085bde8751d340bb731c83486b62f80850ceffdb594526da8945ce57,clop__ff2811f8085bde8751d340bb731c83486b62f80850ceffdb594526da8945ce57,mendeley_ransomware,1,clop,test,test,x86,clop,unified_mendeley
002dd9b7cbf8ca2a09434f8c4abd85631efe922ab8daa1219d86d83a0228aeda,conti__002dd9b7cbf8ca2a09434f8c4abd85631efe922ab8daa1219d86d83a0228aeda,mendeley_ransomware,1,conti,train,train,x86,conti,unified_mendeley
004ede55a972e10d9a21bcf338b4907d6eed65bf5ad6abbbd5aec7d8484bdedf,conti__004ede55a972e10d9a21bcf338b4907d6eed65bf5ad6abbbd5aec7d8484bdedf,mendeley_ransomware,1,conti,train,train,x86,conti,unified_mendeley
040fcbd360c7498756519cb0e687120bd623da80784034ea89178409491b1c44,conti__040fcbd360c7498756519cb0e687120bd623da80784034ea89178409491b1c44,mendeley_ransomware,1,conti,train,train,x86,conti,unified_mendeley
0460cfa76fb0a02be92b0bc99a09168ebe38dbc8eeb1aa966dca66f0e849b53d,conti__0460cfa76fb0a02be92b0bc99a09168ebe38dbc8eeb1aa966dca66f0e849b53d,mendeley_ransomware,1,conti,train,train,x86,conti,unified_mendeley
0951fde8a8ea9cd45d2be14d63e6e55c8e87af0da45cf3776b495871652aa862,conti__0951fde8a8ea9cd45d2be14d63e6e55c8e87af0da45cf3776b495871652aa862,mendeley_ransomware,1,conti,train,train,x86,conti,unified_mendeley
198667b1eda010a431dfb051a101cc73ead1d45ba8d0f6641ec1c14bca4106f3,conti__198667b1eda010a431dfb051a101cc73ead1d45ba8d0f6641ec1c14bca4106f3,mendeley_ransomware,1,conti,train,train,x86,conti,unified_mendeley
1b8081bae0e493d098b8756b1e7c4b19715a78946cf227f2c27f9311e6718420,conti__1b8081bae0e493d098b8756b1e7c4b19715a78946cf227f2c27f9311e6718420,mendeley_ransomware,1,conti,train,train,x86,conti,unified_mendeley
1ce8a939b3e7d84c59c12dc9e1091532f4336dac533847b6533b01d9dcf494e9,conti__1ce8a939b3e7d84c59c12dc9e1091532f4336dac533847b6533b01d9dcf494e9,mendeley_ransomware,1,conti,train,train,x86,conti,unified_mendeley
1ef1ff8b1e81815d13bdd293554ddf8b3e57490dd3ef4add7c2837ddc67f9c24,conti__1ef1ff8b1e81815d13bdd293554ddf8b3e57490dd3ef4add7c2837ddc67f9c24,mendeley_ransomware,1,conti,train,train,x86,conti,unified_mendeley
26b2401211769d2fa1415228b4b1305eeeed249a996d149ad83b6fc9c4f703ce,conti__26b2401211769d2fa1415228b4b1305eeeed249a996d149ad83b6fc9c4f703ce,mendeley_ransomware,1,conti,train,train,x86,conti,unified_mendeley
2fc6d7df9252b1e2c4eb3ad7d0d29c188d87548127c44cebc40db9abe8e5aa35,conti__2fc6d7df9252b1e2c4eb3ad7d0d29c188d87548127c44cebc40db9abe8e5aa35,mendeley_ransomware,1,conti,train,train,x86,conti,unified_mendeley
4bfd58d4e4a6fe5e91b408bc190a24d352124902085f9c2da948ad7d79b72618,conti__4bfd58d4e4a6fe5e91b408bc190a24d352124902085f9c2da948ad7d79b72618,mendeley_ransomware,1,conti,train,train,x86,conti,unified_mendeley
4d8fcd9492a256c0cb9567e63b53b75c2a591f5eebe7293298239736034b742a,conti__4d8fcd9492a256c0cb9567e63b53b75c2a591f5eebe7293298239736034b742a,mendeley_ransomware,1,conti,train,train,x86,conti,unified_mendeley
4f17d7fa344b970890ed1bc52a0da95146cab9fe56ecabafafacb0ad212558c9,conti__4f17d7fa344b970890ed1bc52a0da95146cab9fe56ecabafafacb0ad212558c9,mendeley_ransomware,1,conti,train,train,x86,conti,unified_mendeley
53b1c1b2f41a7fc300e97d036e57539453ff82001dd3f6abf07f4896b1f9ca22,conti__53b1c1b2f41a7fc300e97d036e57539453ff82001dd3f6abf07f4896b1f9ca22,mendeley_ransomware,1,conti,train,train,x86,conti,unified_mendeley
58ca4e482db7cf5c924256e53d8516d422e76cf4b85b43dc2b9ba0c7cb471ff7,conti__58ca4e482db7cf5c924256e53d8516d422e76cf4b85b43dc2b9ba0c7cb471ff7,mendeley_ransomware,1,conti,train,train,x86,conti,unified_mendeley
58e3640032796983185ef3ce07d0fbce620514a73909d8573f72264a57ac8379,conti__58e3640032796983185ef3ce07d0fbce620514a73909d8573f72264a57ac8379,mendeley_ransomware,1,conti,train,train,x86,conti,unified_mendeley
59a9f0de96eff57768e995b296ae75778a232f30d95a7b7ab5048c621b50c66d,conti__59a9f0de96eff57768e995b296ae75778a232f30d95a7b7ab5048c621b50c66d,mendeley_ransomware,1,conti,train,train,x86,conti,unified_mendeley
61dd6a0b2870d62f56c7fe0039d42bf5351588f927267fe7b4ee0761872a3b20,conti__61dd6a0b2870d62f56c7fe0039d42bf5351588f927267fe7b4ee0761872a3b20,mendeley_ransomware,1,conti,train,train,x86,conti,unified_mendeley
633b9d373da7d2916f4d3b2902d4817c0f3ad5de5466ac85f34bdd37a8d3dd37,conti__633b9d373da7d2916f4d3b2902d4817c0f3ad5de5466ac85f34bdd37a8d3dd37,mendeley_ransomware,1,conti,train,train,x86,conti,unified_mendeley
64a3a3ec70d20636299b8fe4f50c2b4d077f9934ee2d6ccf7d440b05b9770f56,conti__64a3a3ec70d20636299b8fe4f50c2b4d077f9934ee2d6ccf7d440b05b9770f56,mendeley_ransomware,1,conti,train,train,x86,conti,unified_mendeley
6815e1e06e29863290319eb3e814ae2a394271aa2f95cc7c31a649c4c2f4fd04,conti__6815e1e06e29863290319eb3e814ae2a394271aa2f95cc7c31a649c4c2f4fd04,mendeley_ransomware,1,conti,train,train,x86,conti,unified_mendeley
707b752f6bd89d4f97d08602d0546a56d27acfe00e6d5df2a2cb67c5e2eeee30,conti__707b752f6bd89d4f97d08602d0546a56d27acfe00e6d5df2a2cb67c5e2eeee30,mendeley_ransomware,1,conti,train,train,x86,conti,unified_mendeley
7ca57576c6a2d7dbf49faeafd4804c6b86d9af7fff1390c58a30eb9d9bf2fbfd,conti__7ca57576c6a2d7dbf49faeafd4804c6b86d9af7fff1390c58a30eb9d9bf2fbfd,mendeley_ransomware,1,conti,train,train,x86,conti,unified_mendeley
98a09f7896a7c20229e696d6e8344fe9593fd70afada5d986e04c0d6933cc4db,conti__98a09f7896a7c20229e696d6e8344fe9593fd70afada5d986e04c0d6933cc4db,mendeley_ransomware,1,conti,train,train,x86,conti,unified_mendeley
9aed278f54f65e546fb9f7f34dff26d0835a0a21a5a4fc4c026bf84596ed277e,conti__9aed278f54f65e546fb9f7f34dff26d0835a0a21a5a4fc4c026bf84596ed277e,mendeley_ransomware,1,conti,train,train,x86,conti,unified_mendeley
b524ed1cc22253f09d56f54d8ded4566b63352ff739f58de961f8a5bebb0fad9,conti__b524ed1cc22253f09d56f54d8ded4566b63352ff739f58de961f8a5bebb0fad9,mendeley_ransomware,1,conti,train,train,x86,conti,unified_mendeley
c14f8bc656284715516f26935afe487a1d584f56ffabbcb98f2974f6ca6cd3a4,conti__c14f8bc656284715516f26935afe487a1d584f56ffabbcb98f2974f6ca6cd3a4,mendeley_ransomware,1,conti,train,train,x86,conti,unified_mendeley
d16645bce49ea342c4b4f5afa3f711bf0a3986a4a7354f96f24a21f161fff7cb,conti__d16645bce49ea342c4b4f5afa3f711bf0a3986a4a7354f96f24a21f161fff7cb,mendeley_ransomware,1,conti,train,train,x86,conti,unified_mendeley
d21c71a090cd6759efc1f258b4d087e82c281ce65a9d76f20a24857901e694fc,conti__d21c71a090cd6759efc1f258b4d087e82c281ce65a9d76f20a24857901e694fc,mendeley_ransomware,1,conti,train,train,x86,conti,unified_mendeley
d236d64b7bf9510ea1746d10a4c164a2ef2c724cc62b2bca91d72bdf24821e40,conti__d236d64b7bf9510ea1746d10a4c164a2ef2c724cc62b2bca91d72bdf24821e40,mendeley_ransomware,1,conti,train,train,x86,conti,unified_mendeley
d338295d50d5b39d8377c593f6d46feb512823e2724704448cc885b40c5056e0,conti__d338295d50d5b39d8377c593f6d46feb512823e2724704448cc885b40c5056e0,mendeley_ransomware,1,conti,train,train,x86,conti,unified_mendeley
d3c75c5bc4ae087d547bd722bd84478ee6baf8c3355b930f26cc19777cd39d4c,conti__d3c75c5bc4ae087d547bd722bd84478ee6baf8c3355b930f26cc19777cd39d4c,mendeley_ransomware,1,conti,train,train,x86,conti,unified_mendeley
d417f3785a33da8b26ce68b62e66bdf7d46869b692fe325541a7be2b98119bd1,conti__d417f3785a33da8b26ce68b62e66bdf7d46869b692fe325541a7be2b98119bd1,mendeley_ransomware,1,conti,train,train,x86,conti,unified_mendeley
d7868354f2dfe79e91adef4f7b24bcb60772a76c577bcc5c71709c8a3e26eb5d,conti__d7868354f2dfe79e91adef4f7b24bcb60772a76c577bcc5c71709c8a3e26eb5d,mendeley_ransomware,1,conti,train,train,x86,conti,unified_mendeley
dbc76355c56a885a1475174fb5325d61b875fd6207ef465cae05617b49463a38,conti__dbc76355c56a885a1475174fb5325d61b875fd6207ef465cae05617b49463a38,mendeley_ransomware,1,conti,train,train,x86,conti,unified_mendeley
e16fea1b8874cc6b26e7e2df9697f03f86efa82247bb3b2922f1d05052dbcbb4,conti__e16fea1b8874cc6b26e7e2df9697f03f86efa82247bb3b2922f1d05052dbcbb4,mendeley_ransomware,1,conti,train,train,x86,conti,unified_mendeley
e64e350861b86d4e05668bc25e6c952880f6b39ca921496ccce1487dbf6acab6,conti__e64e350861b86d4e05668bc25e6c952880f6b39ca921496ccce1487dbf6acab6,mendeley_ransomware,1,conti,train,train,x86,conti,unified_mendeley
eae876886f19ba384f55778634a35a1d975414e83f22f6111e3e792f706301fe,conti__eae876886f19ba384f55778634a35a1d975414e83f22f6111e3e792f706301fe,mendeley_ransomware,1,conti,train,train,x86,conti,unified_mendeley
ef2cd9ded5532af231e0990feaf2df8fd79dc63f7a677192e17b89ef4adb7dd2,conti__ef2cd9ded5532af231e0990feaf2df8fd79dc63f7a677192e17b89ef4adb7dd2,mendeley_ransomware,1,conti,train,train,x86,conti,unified_mendeley
ef870eae64e28ebd71c8ad909af39ea9a072256bfd634210f4de24ded5a3304a,conti__ef870eae64e28ebd71c8ad909af39ea9a072256bfd634210f4de24ded5a3304a,mendeley_ransomware,1,conti,train,train,x86,conti,unified_mendeley
f20ed03ba228b36064517c1e5fff9ae40d957451a5c6d9a48f9bbe2c3dd881b7,conti__f20ed03ba228b36064517c1e5fff9ae40d957451a5c6d9a48f9bbe2c3dd881b7,mendeley_ransomware,1,conti,train,train,x86,conti,unified_mendeley
f7b83f07f6fec1df0fa73c935c96dc2ec8fbe0de3b17bb56f9963c92c22715c3,conti__f7b83f07f6fec1df0fa73c935c96dc2ec8fbe0de3b17bb56f9963c92c22715c3,mendeley_ransomware,1,conti,train,train,x86,conti,unified_mendeley
f848c62dbc910ee32990161cc598f550707d26c524394be35c7bdb7a62626047,conti__f848c62dbc910ee32990161cc598f550707d26c524394be35c7bdb7a62626047,mendeley_ransomware,1,conti,train,train,x86,conti,unified_mendeley
f99c69327a746f4fde02b7a550cf6c9f48e5e22fcb49bea0e3e4bc5a3efa605c,conti__f99c69327a746f4fde02b7a550cf6c9f48e5e22fcb49bea0e3e4bc5a3efa605c,mendeley_ransomware,1,conti,train,train,x86,conti,unified_mendeley
fc783af396a1bd9c81613cd051db69e778c102953aec0d6f67743846f3b862e6,conti__fc783af396a1bd9c81613cd051db69e778c102953aec0d6f67743846f3b862e6,mendeley_ransomware,1,conti,train,train,x86,conti,unified_mendeley
fe1652f4b828c9f98ff4a37829f4a988ad3c1601fc0dff7f99fe941ae4e81864,conti__fe1652f4b828c9f98ff4a37829f4a988ad3c1601fc0dff7f99fe941ae4e81864,mendeley_ransomware,1,conti,train,train,x86,conti,unified_mendeley
fe6e84192da5c0210d4bd51e809792b28e60edb337917f903a7e9a31bc40cf86,conti__fe6e84192da5c0210d4bd51e809792b28e60edb337917f903a7e9a31bc40cf86,mendeley_ransomware,1,conti,train,train,x86,conti,unified_mendeley
029c5d48e425206e2ae84a63d62bdbc80362702913b38618a423c541c8a0ed40,darkside__029c5d48e425206e2ae84a63d62bdbc80362702913b38618a423c541c8a0ed40,mendeley_ransomware,1,darkside,train,train,x86,darkside,unified_mendeley
0a0c225f0e5ee941a79f2b7701f1285e4975a2859eb4d025d96d9e366e81abb9,darkside__0a0c225f0e5ee941a79f2b7701f1285e4975a2859eb4d025d96d9e366e81abb9,mendeley_ransomware,1,darkside,train,train,x86,darkside,unified_mendeley
12ee27f56ec8a2a3eb2fe69179be3f7a7193ce2b92963ad33356ed299f7ed975,darkside__12ee27f56ec8a2a3eb2fe69179be3f7a7193ce2b92963ad33356ed299f7ed975,mendeley_ransomware,1,darkside,train,train,x86,darkside,unified_mendeley
151fbd6c299e734f7853497bd083abfa29f8c186a9db31dbe330ace2d35660d5,darkside__151fbd6c299e734f7853497bd083abfa29f8c186a9db31dbe330ace2d35660d5,mendeley_ransomware,1,darkside,train,train,x86,darkside,unified_mendeley
1667e1635736f2b2ba9727457f995a67201ddcd818496c9296713ffa18e17a43,darkside__1667e1635736f2b2ba9727457f995a67201ddcd818496c9296713ffa18e17a43,mendeley_ransomware,1,darkside,train,train,x86,darkside,unified_mendeley
17139a10fd226d01738fe9323918614aa913b2a50e1a516e95cced93fa151c61,darkside__17139a10fd226d01738fe9323918614aa913b2a50e1a516e95cced93fa151c61,mendeley_ransomware,1,darkside,train,train,x86,darkside,unified_mendeley
1cc7c198a8a2c935fd6f07970479e544f5b35a8eb3173de0305ebdf76a0988cb,darkside__1cc7c198a8a2c935fd6f07970479e544f5b35a8eb3173de0305ebdf76a0988cb,mendeley_ransomware,1,darkside,train,train,x86,darkside,unified_mendeley
1ef8db7e8bd3aaba8b1cef96cd52fde587871571b1719c5d40f9a9c98dd26f84,darkside__1ef8db7e8bd3aaba8b1cef96cd52fde587871571b1719c5d40f9a9c98dd26f84,mendeley_ransomware,1,darkside,train,train,x86,darkside,unified_mendeley
243dff06fc80a049f4fb37292f8b8def0fce29768f345c88ee10699e22b0ae60,darkside__243dff06fc80a049f4fb37292f8b8def0fce29768f345c88ee10699e22b0ae60,mendeley_ransomware,1,darkside,train,train,x86,darkside,unified_mendeley
2d82be244e23001148ed5a6d83856b6f7cd20c3f7786481303d5d584c51ff5f0,darkside__2d82be244e23001148ed5a6d83856b6f7cd20c3f7786481303d5d584c51ff5f0,mendeley_ransomware,1,darkside,train,train,x86,darkside,unified_mendeley
2de09a815efcc64810046de69b8e0aa1c9e9beee77b66560a0b15d737485e3c5,darkside__2de09a815efcc64810046de69b8e0aa1c9e9beee77b66560a0b15d737485e3c5,mendeley_ransomware,1,darkside,train,train,x86,darkside,unified_mendeley
43e61519be440115eeaa3738a0e4aa4bb3c8ac5f9bdfce1a896db17a374eb8aa,darkside__43e61519be440115eeaa3738a0e4aa4bb3c8ac5f9bdfce1a896db17a374eb8aa,mendeley_ransomware,1,darkside,train,train,x86,darkside,unified_mendeley
47eccaaa672667a9cea23e24fd702f7b3a45cbf8585403586be474585fd80243,darkside__47eccaaa672667a9cea23e24fd702f7b3a45cbf8585403586be474585fd80243,mendeley_ransomware,1,darkside,train,train,x86,darkside,unified_mendeley
508dd6f7ed6c143cf5e1ed6a4051dd8ee7b5bf4b7f55e0704d21ba785f2d5add,darkside__508dd6f7ed6c143cf5e1ed6a4051dd8ee7b5bf4b7f55e0704d21ba785f2d5add,mendeley_ransomware,1,darkside,train,train,x86,darkside,unified_mendeley
516664139b0ddd044397a56482d7308d87c213c320a3151ccb9738e8f932654b,darkside__516664139b0ddd044397a56482d7308d87c213c320a3151ccb9738e8f932654b,mendeley_ransomware,1,darkside,train,train,x86,darkside,unified_mendeley
521c503bc3f5d8b2aa8819e8e30e2019e74ea9649a57529fb32c3dfc66a1e7ef,darkside__521c503bc3f5d8b2aa8819e8e30e2019e74ea9649a57529fb32c3dfc66a1e7ef,mendeley_ransomware,1,darkside,train,train,x86,darkside,unified_mendeley
533672da9d276012ebab3ce9f4cd09a7f537f65c6e4b63d43f0c1697e2f5e48d,darkside__533672da9d276012ebab3ce9f4cd09a7f537f65c6e4b63d43f0c1697e2f5e48d,mendeley_ransomware,1,darkside,train,train,x86,darkside,unified_mendeley
56e7b9c4b8962b6ff0d1e0162ca8515a07b576cd47ba90221354838733f8689a,darkside__56e7b9c4b8962b6ff0d1e0162ca8515a07b576cd47ba90221354838733f8689a,mendeley_ransomware,1,darkside,train,train,x86,darkside,unified_mendeley
665afa26d6110bb35ec8a60878068a0e69e1c805d9073bef71a48a3404c164e9,darkside__665afa26d6110bb35ec8a60878068a0e69e1c805d9073bef71a48a3404c164e9,mendeley_ransomware,1,darkside,train,train,x86,darkside,unified_mendeley
68872cc22fbdf0c2f69c32ac878ba9a7b7cf61fe5dd0e3da200131b8b23438e7,darkside__68872cc22fbdf0c2f69c32ac878ba9a7b7cf61fe5dd0e3da200131b8b23438e7,mendeley_ransomware,1,darkside,train,train,x86,darkside,unified_mendeley
78782fd324bc98a57274bd3fff8f756217c011484ebf6b614060115a699ee134,darkside__78782fd324bc98a57274bd3fff8f756217c011484ebf6b614060115a699ee134,mendeley_ransomware,1,darkside,train,train,x86,darkside,unified_mendeley
8cfd28911878af048fb96b6cc0b9da770542576d5c2b20b193c3cfc4bde4d3bc,darkside__8cfd28911878af048fb96b6cc0b9da770542576d5c2b20b193c3cfc4bde4d3bc,mendeley_ransomware,1,darkside,train,train,x86,darkside,unified_mendeley
973dfafc3051d8c2849f62c556ab8057da706f15d1ffd8871de894ae3a24d86b,darkside__973dfafc3051d8c2849f62c556ab8057da706f15d1ffd8871de894ae3a24d86b,mendeley_ransomware,1,darkside,train,train,x86,darkside,unified_mendeley
a11cc5051e3a88428db495f6d8e4b6381a1cb3fa5946a525ef5c00bfcb44e210,darkside__a11cc5051e3a88428db495f6d8e4b6381a1cb3fa5946a525ef5c00bfcb44e210,mendeley_ransomware,1,darkside,train,train,x86,darkside,unified_mendeley
ac092962654b46a670b030026d07f5b8161cecd2abd6eece52b7892965aa521b,darkside__ac092962654b46a670b030026d07f5b8161cecd2abd6eece52b7892965aa521b,mendeley_ransomware,1,darkside,train,train,x86,darkside,unified_mendeley
afb22b1ff281c085b60052831ead0a0ed300fac0160f87851dacc67d4e158178,darkside__afb22b1ff281c085b60052831ead0a0ed300fac0160f87851dacc67d4e158178,mendeley_ransomware,1,darkside,train,train,x86,darkside,unified_mendeley
b565e9266717161163e884793dc1004f9f2ca94ab0533df9c167d5d188cebf2f,darkside__b565e9266717161163e884793dc1004f9f2ca94ab0533df9c167d5d188cebf2f,mendeley_ransomware,1,darkside,train,train,x86,darkside,unified_mendeley
b6855793aebdd821a7f368585335cb132a043d30cb1f8dccceb5d2127ed4b9a4,darkside__b6855793aebdd821a7f368585335cb132a043d30cb1f8dccceb5d2127ed4b9a4,mendeley_ransomware,1,darkside,train,train,x86,darkside,unified_mendeley
bac7f1cb70a0fe909590f7b270248705d216b4abaf4e5dd4969fa4f1949badec,darkside__bac7f1cb70a0fe909590f7b270248705d216b4abaf4e5dd4969fa4f1949badec,mendeley_ransomware,1,darkside,train,train,x86,darkside,unified_mendeley
bc32a2ccf158ebe2b76646be865a4c6dd91da6b8e5bb0dd9520102a9bfea5439,darkside__bc32a2ccf158ebe2b76646be865a4c6dd91da6b8e5bb0dd9520102a9bfea5439,mendeley_ransomware,1,darkside,train,train,x86,darkside,unified_mendeley
cbbc7052fed8d0002d07736a68219f01a5a4e1c19ee50310e2381e96fa8836ed,darkside__cbbc7052fed8d0002d07736a68219f01a5a4e1c19ee50310e2381e96fa8836ed,mendeley_ransomware,1,darkside,train,train,x86,darkside,unified_mendeley
cc54647e8c3fe7b701d78a6fa072c52641ac11d395a6d2ffaf05f38f53112556,darkside__cc54647e8c3fe7b701d78a6fa072c52641ac11d395a6d2ffaf05f38f53112556,mendeley_ransomware,1,darkside,train,train,x86,darkside,unified_mendeley
d43b271fb4931263f8fa54b297e3cf60762a0fe5c50ed76999f276dcc3c283be,darkside__d43b271fb4931263f8fa54b297e3cf60762a0fe5c50ed76999f276dcc3c283be,mendeley_ransomware,1,darkside,train,train,x86,darkside,unified_mendeley
d97c0b6ee613e03aa3256fcdd3757e54ba4c7bb5910887247dc857f2701f9a46,darkside__d97c0b6ee613e03aa3256fcdd3757e54ba4c7bb5910887247dc857f2701f9a46,mendeley_ransomware,1,darkside,train,train,x86,darkside,unified_mendeley
e0493b082077648eb33ca1294f2b26bc4c96d3820913c46330923e8bb3d73230,darkside__e0493b082077648eb33ca1294f2b26bc4c96d3820913c46330923e8bb3d73230,mendeley_ransomware,1,darkside,train,train,x86,darkside,unified_mendeley
ec368752c2cf3b23efbfa5705f9e582fc9d6766435a7b8eea8ef045082c6fbce,darkside__ec368752c2cf3b23efbfa5705f9e582fc9d6766435a7b8eea8ef045082c6fbce,mendeley_ransomware,1,darkside,train,train,x86,darkside,unified_mendeley
f3f25af554bedfa4ee2824bb858280282bd87828d446048619dc49fe061741b4,darkside__f3f25af554bedfa4ee2824bb858280282bd87828d446048619dc49fe061741b4,mendeley_ransomware,1,darkside,train,train,x86,darkside,unified_mendeley
fb76b4a667c6d790c39fcc93a3aac8cd2a224f0eb9ece4ecfd7825f606c2a8b6,darkside__fb76b4a667c6d790c39fcc93a3aac8cd2a224f0eb9ece4ecfd7825f606c2a8b6,mendeley_ransomware,1,darkside,train,train,x86,darkside,unified_mendeley
00ce72bb6fb1d2c1d32aa4c4a147e1b9b390cf9d3ae8b5c0cab2718118db4430,dharma__00ce72bb6fb1d2c1d32aa4c4a147e1b9b390cf9d3ae8b5c0cab2718118db4430,mendeley_ransomware,1,dharma,train,train,x86,dharma,unified_mendeley
038e577d25d5b9237fbbef6080f53f462b01e75f83449bf0020ef0b14f371ac6,dharma__038e577d25d5b9237fbbef6080f53f462b01e75f83449bf0020ef0b14f371ac6,mendeley_ransomware,1,dharma,train,train,x86,dharma,unified_mendeley
085105e613ad37808a8db9a3c2ba5561d5d38d5c5c43b469c93d15f0d64af0c1,dharma__085105e613ad37808a8db9a3c2ba5561d5d38d5c5c43b469c93d15f0d64af0c1,mendeley_ransomware,1,dharma,train,train,x86,dharma,unified_mendeley
0a40acb8ddbc2ed8f8b703681fadf9fcb2672fdb75d93c150b45c6465cc9b1b4,dharma__0a40acb8ddbc2ed8f8b703681fadf9fcb2672fdb75d93c150b45c6465cc9b1b4,mendeley_ransomware,1,dharma,train,train,x86,dharma,unified_mendeley
118d216a9a9a4fd19ac8e56cef76fe9529269a152857ad8e98386361a5fb8e0d,dharma__118d216a9a9a4fd19ac8e56cef76fe9529269a152857ad8e98386361a5fb8e0d,mendeley_ransomware,1,dharma,train,train,x86,dharma,unified_mendeley
17227020b2f5ca57f2d632d0d37de8d0ffcdef142e98a6af591e8180963cd3cc,dharma__17227020b2f5ca57f2d632d0d37de8d0ffcdef142e98a6af591e8180963cd3cc,mendeley_ransomware,1,dharma,train,train,x86,dharma,unified_mendeley
18c2ad1d4db2011971f1a67a82762cc48d3e6c4f2e5d27fbc719bff465f98933,dharma__18c2ad1d4db2011971f1a67a82762cc48d3e6c4f2e5d27fbc719bff465f98933,mendeley_ransomware,1,dharma,train,train,x86,dharma,unified_mendeley
246fbca7a62d38c5c15e47bddbb92c303e2470adaf514817b43c9f274cb47e7f,dharma__246fbca7a62d38c5c15e47bddbb92c303e2470adaf514817b43c9f274cb47e7f,mendeley_ransomware,1,dharma,train,train,x86,dharma,unified_mendeley
2c487a43ae6091d64f09bcfb1baa8b43fb502e9c9fc34f828cebfe251d9ad1f5,dharma__2c487a43ae6091d64f09bcfb1baa8b43fb502e9c9fc34f828cebfe251d9ad1f5,mendeley_ransomware,1,dharma,train,train,x86,dharma,unified_mendeley
2d0eb35f04745646d8c6eb3d1ab1c3e8bc8c30f1a9dc0ad89ea260e898ed9d4e,dharma__2d0eb35f04745646d8c6eb3d1ab1c3e8bc8c30f1a9dc0ad89ea260e898ed9d4e,mendeley_ransomware,1,dharma,train,train,x86,dharma,unified_mendeley
2dd2c201103ac3a5bf77ae7b30d0032ed215f59f883543c816e516ab454383fb,dharma__2dd2c201103ac3a5bf77ae7b30d0032ed215f59f883543c816e516ab454383fb,mendeley_ransomware,1,dharma,train,train,x86,dharma,unified_mendeley
307077d1a3fd2b53b94d88268e31b0b89b8c0c2ee9dbb46041d3e2395243f1b3,dharma__307077d1a3fd2b53b94d88268e31b0b89b8c0c2ee9dbb46041d3e2395243f1b3,mendeley_ransomware,1,dharma,train,train,x86,dharma,unified_mendeley
324cb383fd7f47c079b162b725215bb4badfd4c0b2e41d330fa38344e59e77ce,dharma__324cb383fd7f47c079b162b725215bb4badfd4c0b2e41d330fa38344e59e77ce,mendeley_ransomware,1,dharma,train,train,x86,dharma,unified_mendeley
32eadf068d9d090fcf57145a09df4ce515c196387e409a01fbf052ff790879bf,dharma__32eadf068d9d090fcf57145a09df4ce515c196387e409a01fbf052ff790879bf,mendeley_ransomware,1,dharma,train,train,x86,dharma,unified_mendeley
34c485ad11076ede709ff409c0e1867dc50fd40311ae6e7318ddf50679fa4049,dharma__34c485ad11076ede709ff409c0e1867dc50fd40311ae6e7318ddf50679fa4049,mendeley_ransomware,1,dharma,train,train,x86,dharma,unified_mendeley
3e7f30a802c595379ad3158ffe4ba5bc9e4a4d304430a2d846330adee70dc9a5,dharma__3e7f30a802c595379ad3158ffe4ba5bc9e4a4d304430a2d846330adee70dc9a5,mendeley_ransomware,1,dharma,train,train,x86,dharma,unified_mendeley
40a837f93edb2531fe35733d725efb490c7b5199d031a6e087b5041aed6eea05,dharma__40a837f93edb2531fe35733d725efb490c7b5199d031a6e087b5041aed6eea05,mendeley_ransomware,1,dharma,train,train,x86,dharma,unified_mendeley
438af5e212ca33f9e04431dfac555945a3f0926865930f96230adb07dec0a2be,dharma__438af5e212ca33f9e04431dfac555945a3f0926865930f96230adb07dec0a2be,mendeley_ransomware,1,dharma,train,train,x86,dharma,unified_mendeley
4708750c9a6fdeaec5f499a3cd26bb5f61db4f82e66484dc7b44118effbb246f,dharma__4708750c9a6fdeaec5f499a3cd26bb5f61db4f82e66484dc7b44118effbb246f,mendeley_ransomware,1,dharma,train,train,x86,dharma,unified_mendeley
4992506df46c0b80f4619f3cb7478346561260366422c085f18356194b6cc3e3,dharma__4992506df46c0b80f4619f3cb7478346561260366422c085f18356194b6cc3e3,mendeley_ransomware,1,dharma,train,train,x86,dharma,unified_mendeley
4b6de6cf9a91af3abf522643cb138747725ec1ae47d1defd66488e246a1fec8d,dharma__4b6de6cf9a91af3abf522643cb138747725ec1ae47d1defd66488e246a1fec8d,mendeley_ransomware,1,dharma,train,train,x86,dharma,unified_mendeley
4d8ffa30554984f32eabbcb7a99699dd833ea85a8483db8753cc40bde7cee923,dharma__4d8ffa30554984f32eabbcb7a99699dd833ea85a8483db8753cc40bde7cee923,mendeley_ransomware,1,dharma,train,train,x86,dharma,unified_mendeley
53cee5760768d57218ccc210948592f29d41b98cba17a81a87d0392e1eeffaf6,dharma__53cee5760768d57218ccc210948592f29d41b98cba17a81a87d0392e1eeffaf6,mendeley_ransomware,1,dharma,train,train,x86,dharma,unified_mendeley
553532c3bc00e3b85bcbac054bc4f05cb4fffba6f44a17c663dd37732ce1772d,dharma__553532c3bc00e3b85bcbac054bc4f05cb4fffba6f44a17c663dd37732ce1772d,mendeley_ransomware,1,dharma,train,train,x86,dharma,unified_mendeley
553f674770840d592fd718f1cb8eed6d4210c7ce73944fb2d200e8588584fccb,dharma__553f674770840d592fd718f1cb8eed6d4210c7ce73944fb2d200e8588584fccb,mendeley_ransomware,1,dharma,train,train,x86,dharma,unified_mendeley
55f111fa13c58f4e6eb6f9828621a463944b7de26fa09cff5a38c31f457def7d,dharma__55f111fa13c58f4e6eb6f9828621a463944b7de26fa09cff5a38c31f457def7d,mendeley_ransomware,1,dharma,train,train,x86,dharma,unified_mendeley
56f1a65ab205548d7cc50c044c510210f084d7c7a381be7e3dd6530da1ce6aff,dharma__56f1a65ab205548d7cc50c044c510210f084d7c7a381be7e3dd6530da1ce6aff,mendeley_ransomware,1,dharma,train,train,x86,dharma,unified_mendeley
584e757b4fb9b56105c3a57053976323f82535c8264082f81dd43f233c04cab9,dharma__584e757b4fb9b56105c3a57053976323f82535c8264082f81dd43f233c04cab9,mendeley_ransomware,1,dharma,train,train,x86,dharma,unified_mendeley
5997f7c46d8860cb07a00edf9e093e21a2416cc508c51dbd3838628d9b46b0d5,dharma__5997f7c46d8860cb07a00edf9e093e21a2416cc508c51dbd3838628d9b46b0d5,mendeley_ransomware,1,dharma,train,train,x86,dharma,unified_mendeley
5a0d1265d52d2f76dae31aab48b706a72f03078a6111694f59c4ebf06e6e9f43,dharma__5a0d1265d52d2f76dae31aab48b706a72f03078a6111694f59c4ebf06e6e9f43,mendeley_ransomware,1,dharma,train,train,x86,dharma,unified_mendeley
629302ede09446efc6c44bea6fb9d4c62354816e227f61868528b6af43eeee94,dharma__629302ede09446efc6c44bea6fb9d4c62354816e227f61868528b6af43eeee94,mendeley_ransomware,1,dharma,train,train,x86,dharma,unified_mendeley
6985917d29596b66d9bbc745a13d5577110d9b0408719c5559d23dd59a9e4f0b,dharma__6985917d29596b66d9bbc745a13d5577110d9b0408719c5559d23dd59a9e4f0b,mendeley_ransomware,1,dharma,train,train,x86,dharma,unified_mendeley
8e8b6818423930eea073315743b788aef2f41198961946046b7b89042cb3f95a,dharma__8e8b6818423930eea073315743b788aef2f41198961946046b7b89042cb3f95a,mendeley_ransomware,1,dharma,train,train,x86,dharma,unified_mendeley
90c54543aaf085e00879d4fe98a6dfb8148548f374828d50b6e3ac44668138b2,dharma__90c54543aaf085e00879d4fe98a6dfb8148548f374828d50b6e3ac44668138b2,mendeley_ransomware,1,dharma,train,train,x86,dharma,unified_mendeley
97689f3967844dd326e7a2b68e7da5b6b3967eea7748d1e3313910a16cacdf16,dharma__97689f3967844dd326e7a2b68e7da5b6b3967eea7748d1e3313910a16cacdf16,mendeley_ransomware,1,dharma,train,train,x86,dharma,unified_mendeley
9a4e6b6a25332f21e4e15bd5c67ea1613db78bf02fa3cef2eba47f27723f8d58,dharma__9a4e6b6a25332f21e4e15bd5c67ea1613db78bf02fa3cef2eba47f27723f8d58,mendeley_ransomware,1,dharma,train,train,x86,dharma,unified_mendeley
a08c192df62e58faf203a10d830a6f0c34f1d843373ce5ca6f4826ed45a36764,dharma__a08c192df62e58faf203a10d830a6f0c34f1d843373ce5ca6f4826ed45a36764,mendeley_ransomware,1,dharma,train,train,x86,dharma,unified_mendeley
ad14312e134f8b9483b2d701b1470758e8944764ec803252efede6b1c49e9485,dharma__ad14312e134f8b9483b2d701b1470758e8944764ec803252efede6b1c49e9485,mendeley_ransomware,1,dharma,train,train,x86,dharma,unified_mendeley
b565c8e1e81796db13409f37e4bd28877272b5e54ab5c0a3d9b6a024e7f5a039,dharma__b565c8e1e81796db13409f37e4bd28877272b5e54ab5c0a3d9b6a024e7f5a039,mendeley_ransomware,1,dharma,train,train,x86,dharma,unified_mendeley
b6c644a1644dd9b81a604fb6ad6a8cebf4a9b14d5c41da633a93ba2f459f31ae,dharma__b6c644a1644dd9b81a604fb6ad6a8cebf4a9b14d5c41da633a93ba2f459f31ae,mendeley_ransomware,1,dharma,train,train,x86,dharma,unified_mendeley
c855a83b6b0b51c9e9bc1b2676d5644f1c578b87734517ce63820ca33d155707,dharma__c855a83b6b0b51c9e9bc1b2676d5644f1c578b87734517ce63820ca33d155707,mendeley_ransomware,1,dharma,train,train,x86,dharma,unified_mendeley
d13c712deac973ddd3666c02b76e8c0f2f5a4291078b579e231cdb8f5554efb2,dharma__d13c712deac973ddd3666c02b76e8c0f2f5a4291078b579e231cdb8f5554efb2,mendeley_ransomware,1,dharma,train,train,x86,dharma,unified_mendeley
d424fd77dc8e421ac66621a2ea3a36533e6cdb19335b909cbaaac970993e62a4,dharma__d424fd77dc8e421ac66621a2ea3a36533e6cdb19335b909cbaaac970993e62a4,mendeley_ransomware,1,dharma,train,train,x86,dharma,unified_mendeley
d4b6920e28ddba697f8e2e33f6479d16c9b92fefdc36894e3c594e3f71095e4d,dharma__d4b6920e28ddba697f8e2e33f6479d16c9b92fefdc36894e3c594e3f71095e4d,mendeley_ransomware,1,dharma,train,train,x86,dharma,unified_mendeley
e4a43f0bb8216496b95826c2c1aeb2f3ece6a7d87a8dbc7a0cc6a3935ace3d90,dharma__e4a43f0bb8216496b95826c2c1aeb2f3ece6a7d87a8dbc7a0cc6a3935ace3d90,mendeley_ransomware,1,dharma,train,train,x86,dharma,unified_mendeley
e589257b8ad21635e0b1cf15b0936f939b19153806c3dcb9d502853525977817,dharma__e589257b8ad21635e0b1cf15b0936f939b19153806c3dcb9d502853525977817,mendeley_ransomware,1,dharma,train,train,x86,dharma,unified_mendeley
0b5f142418adffa1ba2c6fed16dee81a505481b411759aa7355c1d3fb0d719b4,doppelpaymer__0b5f142418adffa1ba2c6fed16dee81a505481b411759aa7355c1d3fb0d719b4,mendeley_ransomware,1,doppelpaymer,train,train,x86,doppelpaymer,unified_mendeley
0fe622ba1a8d90793d2646b8afa7c75834d1a4bf9dd0696e5b894037c13ed299,doppelpaymer__0fe622ba1a8d90793d2646b8afa7c75834d1a4bf9dd0696e5b894037c13ed299,mendeley_ransomware,1,doppelpaymer,train,train,x86,doppelpaymer,unified_mendeley
17528798f8b5ec83731a383b16b692bb3a5aa6d9c09fe0e9bb6fb92687350963,doppelpaymer__17528798f8b5ec83731a383b16b692bb3a5aa6d9c09fe0e9bb6fb92687350963,mendeley_ransomware,1,doppelpaymer,train,train,x86,doppelpaymer,unified_mendeley
3da52a407801a5e41d792a65d145f056059d470a242849b92032f51fcec8ecfc,doppelpaymer__3da52a407801a5e41d792a65d145f056059d470a242849b92032f51fcec8ecfc,mendeley_ransomware,1,doppelpaymer,train,train,x86,doppelpaymer,unified_mendeley
46254a390027a1708f6951f8af3da13d033dee9a71a4ee75f257087218676dd5,doppelpaymer__46254a390027a1708f6951f8af3da13d033dee9a71a4ee75f257087218676dd5,mendeley_ransomware,1,doppelpaymer,train,train,x86,doppelpaymer,unified_mendeley
516fb7b0f610494d2702c31402dcb1116a489760f70ea102c900482d0514f465,doppelpaymer__516fb7b0f610494d2702c31402dcb1116a489760f70ea102c900482d0514f465,mendeley_ransomware,1,doppelpaymer,train,train,x86,doppelpaymer,unified_mendeley
53709a38525d1f76995a3f70fdab6521eb0f2a568cb31693db15231198ed55a5,doppelpaymer__53709a38525d1f76995a3f70fdab6521eb0f2a568cb31693db15231198ed55a5,mendeley_ransomware,1,doppelpaymer,train,train,x86,doppelpaymer,unified_mendeley
60ab87df9a77924e9f12484fa94f63fa4bb4c646072cf4b002492f59b1ee0103,doppelpaymer__60ab87df9a77924e9f12484fa94f63fa4bb4c646072cf4b002492f59b1ee0103,mendeley_ransomware,1,doppelpaymer,train,train,x86,doppelpaymer,unified_mendeley
624255fef7e958cc3de9e454d2de4ae1a914a41fedc98b2042756042f68c2b69,doppelpaymer__624255fef7e958cc3de9e454d2de4ae1a914a41fedc98b2042756042f68c2b69,mendeley_ransomware,1,doppelpaymer,train,train,x86,doppelpaymer,unified_mendeley
64aae03c2a7f3646e6e85102074f691fc64c605d3cd7e5f2c019e0be25e03962,doppelpaymer__64aae03c2a7f3646e6e85102074f691fc64c605d3cd7e5f2c019e0be25e03962,mendeley_ransomware,1,doppelpaymer,train,train,x86,doppelpaymer,unified_mendeley
750150ec6d50212936151b881c6e3bae30bf76fb233602b064984bc46fc4f4c0,doppelpaymer__750150ec6d50212936151b881c6e3bae30bf76fb233602b064984bc46fc4f4c0,mendeley_ransomware,1,doppelpaymer,train,train,x86,doppelpaymer,unified_mendeley
7f0dcd67e61f9f1388d3ba92cca0c6da0c49751f96d77b3100e0c6173092524c,doppelpaymer__7f0dcd67e61f9f1388d3ba92cca0c6da0c49751f96d77b3100e0c6173092524c,mendeley_ransomware,1,doppelpaymer,train,train,x86,doppelpaymer,unified_mendeley
84dfebb04d3f98ea63f803c46d83243c4bbdbcb6a6be238600e2ff9118fb05ed,doppelpaymer__84dfebb04d3f98ea63f803c46d83243c4bbdbcb6a6be238600e2ff9118fb05ed,mendeley_ransomware,1,doppelpaymer,train,train,x86,doppelpaymer,unified_mendeley
a0c3976f5d93927b0ee4e5c17057d3bb028ff26e4200ba63fbc9fa0d311eda57,doppelpaymer__a0c3976f5d93927b0ee4e5c17057d3bb028ff26e4200ba63fbc9fa0d311eda57,mendeley_ransomware,1,doppelpaymer,train,train,x86,doppelpaymer,unified_mendeley
b3e2ebc49bed60465f27a1ad5364014053bb0182ae3eb06211a12f2008893ee0,doppelpaymer__b3e2ebc49bed60465f27a1ad5364014053bb0182ae3eb06211a12f2008893ee0,mendeley_ransomware,1,doppelpaymer,train,train,x86,doppelpaymer,unified_mendeley
c66157a916c7f874bd381a775b8eede422eb59819872fdffafc5649eefa76373,doppelpaymer__c66157a916c7f874bd381a775b8eede422eb59819872fdffafc5649eefa76373,mendeley_ransomware,1,doppelpaymer,train,train,x86,doppelpaymer,unified_mendeley
cf961a8a5da4d9453ac1eea45b6f33a896616c4872a50ca603b9899aac403691,doppelpaymer__cf961a8a5da4d9453ac1eea45b6f33a896616c4872a50ca603b9899aac403691,mendeley_ransomware,1,doppelpaymer,train,train,x86,doppelpaymer,unified_mendeley
d4d2701df5c47ccb3ccb95693fcb0cfa493695be32c6daba2218ca73f76cf9e9,doppelpaymer__d4d2701df5c47ccb3ccb95693fcb0cfa493695be32c6daba2218ca73f76cf9e9,mendeley_ransomware,1,doppelpaymer,train,train,x86,doppelpaymer,unified_mendeley
f27e8691520ca218bccc6bfc6880d52bcce3e2218fd1cb0d40c85260df2d822c,doppelpaymer__f27e8691520ca218bccc6bfc6880d52bcce3e2218fd1cb0d40c85260df2d822c,mendeley_ransomware,1,doppelpaymer,train,train,x86,doppelpaymer,unified_mendeley
f658ddcf8e87de957a81bb92d44ce02913b427e8bccbe663669ee2613d355555,doppelpaymer__f658ddcf8e87de957a81bb92d44ce02913b427e8bccbe663669ee2613d355555,mendeley_ransomware,1,doppelpaymer,train,train,x86,doppelpaymer,unified_mendeley
f6c5fe6cf03045fa15b36adaaefba0b3a2bee19551c34b61f886904c5060f457,doppelpaymer__f6c5fe6cf03045fa15b36adaaefba0b3a2bee19551c34b61f886904c5060f457,mendeley_ransomware,1,doppelpaymer,train,train,x86,doppelpaymer,unified_mendeley
fb04d01431c33b1ec19cc2986e48174e97a0c62fdab1ec08cacf3969f3d51bda,doppelpaymer__fb04d01431c33b1ec19cc2986e48174e97a0c62fdab1ec08cacf3969f3d51bda,mendeley_ransomware,1,doppelpaymer,train,train,x86,doppelpaymer,unified_mendeley
027d99aaaa6803a07d07ce0ba1fa66964388129d3b26dcf8621a3310692b0a61,exorcist__027d99aaaa6803a07d07ce0ba1fa66964388129d3b26dcf8621a3310692b0a61,mendeley_ransomware,1,exorcist,train,train,x86,exorcist,unified_mendeley
2b37a372626063afce9e08199342a41bbe4183b0d5ba7864ff61eb6e6f7c4fdf,exorcist__2b37a372626063afce9e08199342a41bbe4183b0d5ba7864ff61eb6e6f7c4fdf,mendeley_ransomware,1,exorcist,train,train,x64,exorcist,unified_mendeley
428ce154645d5d70743dcd489ce18e3618f7a9b8fe6856584c1501d5e5841a8b,exorcist__428ce154645d5d70743dcd489ce18e3618f7a9b8fe6856584c1501d5e5841a8b,mendeley_ransomware,1,exorcist,train,train,x86,exorcist,unified_mendeley
4d1b3c3907d6ad35f69899e5e8244e541e86e643c2628b61f254341ff95ecb52,exorcist__4d1b3c3907d6ad35f69899e5e8244e541e86e643c2628b61f254341ff95ecb52,mendeley_ransomware,1,exorcist,train,train,x86,exorcist,unified_mendeley
6db3aae21a6d80857c85f58c4c8b2cf9c6b7f8b8a9ab1d5496d18eaf9bd0bd01,exorcist__6db3aae21a6d80857c85f58c4c8b2cf9c6b7f8b8a9ab1d5496d18eaf9bd0bd01,mendeley_ransomware,1,exorcist,train,train,x86,exorcist,unified_mendeley
793dcc731fa2c6f7406fd52c7ac43926ac23e39badce09677128cce0192e19b0,exorcist__793dcc731fa2c6f7406fd52c7ac43926ac23e39badce09677128cce0192e19b0,mendeley_ransomware,1,exorcist,train,train,x64,exorcist,unified_mendeley
8ce8636d2b4807cf66f78156ad7af4035202f6b770eed78b5fe875d3e321b155,exorcist__8ce8636d2b4807cf66f78156ad7af4035202f6b770eed78b5fe875d3e321b155,mendeley_ransomware,1,exorcist,train,train,x86,exorcist,unified_mendeley
8d684a790a5683b8decde9fb5a819c4a164d3032723a151a30ff26d3c2b1aabf,exorcist__8d684a790a5683b8decde9fb5a819c4a164d3032723a151a30ff26d3c2b1aabf,mendeley_ransomware,1,exorcist,train,train,x86,exorcist,unified_mendeley
8da469200a4b3899b23a34232eec537f12c621aa3c8766a9745d8ff721ef5296,exorcist__8da469200a4b3899b23a34232eec537f12c621aa3c8766a9745d8ff721ef5296,mendeley_ransomware,1,exorcist,train,train,x86,exorcist,unified_mendeley
a7e27cc38a39ff242da39d05e04b95ea9b656829dfe2e90e8226351da8813d7d,exorcist__a7e27cc38a39ff242da39d05e04b95ea9b656829dfe2e90e8226351da8813d7d,mendeley_ransomware,1,exorcist,train,train,x86,exorcist,unified_mendeley
b1280c85c41ba01ae9d6bf83b8d1483033dce2d15133b273e303cf935e0be9f8,exorcist__b1280c85c41ba01ae9d6bf83b8d1483033dce2d15133b273e303cf935e0be9f8,mendeley_ransomware,1,exorcist,train,train,x64,exorcist,unified_mendeley
b1bcc54ef15f91d9291357eca02862174bd6158e95813eff1ab0c16ba48ff10e,exorcist__b1bcc54ef15f91d9291357eca02862174bd6158e95813eff1ab0c16ba48ff10e,mendeley_ransomware,1,exorcist,train,train,x86,exorcist,unified_mendeley
bf6e5f9d060ebc5bb70144ca6e795bfc249c6590ab9f45e258ec9b5f3d49eeb6,exorcist__bf6e5f9d060ebc5bb70144ca6e795bfc249c6590ab9f45e258ec9b5f3d49eeb6,mendeley_ransomware,1,exorcist,train,train,x86,exorcist,unified_mendeley
cea934f291a4be8edb7b29e5c960093da9ee47195e53720dd6df5c977e741f4f,exorcist__cea934f291a4be8edb7b29e5c960093da9ee47195e53720dd6df5c977e741f4f,mendeley_ransomware,1,exorcist,train,train,x86,exorcist,unified_mendeley
dfecb46078038bcfa9d0b8db18bdc0646f33bad55ee7dd5ee46e61c6cf399620,exorcist__dfecb46078038bcfa9d0b8db18bdc0646f33bad55ee7dd5ee46e61c6cf399620,mendeley_ransomware,1,exorcist,train,train,x86,exorcist,unified_mendeley
eeb8a83d7532797d39d060ffb2a65562e8d803c4dbd8379289f99367cac2f850,exorcist__eeb8a83d7532797d39d060ffb2a65562e8d803c4dbd8379289f99367cac2f850,mendeley_ransomware,1,exorcist,train,train,x64,exorcist,unified_mendeley
f86e27e58356c554269b93713ea53b797d92359f0abb25bf70fe2de278278f7f,exorcist__f86e27e58356c554269b93713ea53b797d92359f0abb25bf70fe2de278278f7f,mendeley_ransomware,1,exorcist,train,train,x86,exorcist,unified_mendeley
0030c9190c6f96dffea80d960cf4d87aacbeffb2f08c2c9e7a60b318bd636dbf,gandcrab__0030c9190c6f96dffea80d960cf4d87aacbeffb2f08c2c9e7a60b318bd636dbf,mendeley_ransomware,1,gandcrab,train,train,x86,gandcrab,unified_mendeley
007988b1ffdce1e161071f92a130b64650735a5eed6445806c2c967d0902c286,gandcrab__007988b1ffdce1e161071f92a130b64650735a5eed6445806c2c967d0902c286,mendeley_ransomware,1,gandcrab,train,train,x86,gandcrab,unified_mendeley
07c82be075c33f06ef8e411d5f32e7b3d51a47be63233f2d66250cbf2903b777,gandcrab__07c82be075c33f06ef8e411d5f32e7b3d51a47be63233f2d66250cbf2903b777,mendeley_ransomware,1,gandcrab,train,train,x86,gandcrab,unified_mendeley
098aad386b0f549cefddf2001dba9f31f40d88a3618cd3a8d5589b4b0b467342,gandcrab__098aad386b0f549cefddf2001dba9f31f40d88a3618cd3a8d5589b4b0b467342,mendeley_ransomware,1,gandcrab,train,train,x86,gandcrab,unified_mendeley
0d38a79805947ec49ba34769b9a9f9cdfc4032c3c7112bed465d46b09b587ef9,gandcrab__0d38a79805947ec49ba34769b9a9f9cdfc4032c3c7112bed465d46b09b587ef9,mendeley_ransomware,1,gandcrab,train,train,x86,gandcrab,unified_mendeley
0d8a1610fbe90831d4aae127563c8b6d0f0fe85aae3cd7062013f74cf38be4f0,gandcrab__0d8a1610fbe90831d4aae127563c8b6d0f0fe85aae3cd7062013f74cf38be4f0,mendeley_ransomware,1,gandcrab,train,train,x86,gandcrab,unified_mendeley
137e0d194e572f779a9334960063f1c482e73d4758d75663f2a298393bc52bea,gandcrab__137e0d194e572f779a9334960063f1c482e73d4758d75663f2a298393bc52bea,mendeley_ransomware,1,gandcrab,train,train,x86,gandcrab,unified_mendeley
1673a950aa003ed5110d0ced961bfb29e9acd424897cd27d846f3a686d73678c,gandcrab__1673a950aa003ed5110d0ced961bfb29e9acd424897cd27d846f3a686d73678c,mendeley_ransomware,1,gandcrab,train,train,x86,gandcrab,unified_mendeley
1b808c06993ff740e36df55805d367217933c17bff9a34c6767a5e6f3d4453fd,gandcrab__1b808c06993ff740e36df55805d367217933c17bff9a34c6767a5e6f3d4453fd,mendeley_ransomware,1,gandcrab,train,train,x86,gandcrab,unified_mendeley
2698c0506fd1c0332cfab3d1a7b3438269f2a2d1168eb3d09c83d805bf0724b1,gandcrab__2698c0506fd1c0332cfab3d1a7b3438269f2a2d1168eb3d09c83d805bf0724b1,mendeley_ransomware,1,gandcrab,train,train,x86,gandcrab,unified_mendeley
2c9538b89e32cac819526b5ec77a19cd32ec88c60631bec1f00311c11e3b0219,gandcrab__2c9538b89e32cac819526b5ec77a19cd32ec88c60631bec1f00311c11e3b0219,mendeley_ransomware,1,gandcrab,train,train,x86,gandcrab,unified_mendeley
2e92f62d73a7157e74bf3810356b799cfb77bf57b97e6f8c9261f02ed1ce944c,gandcrab__2e92f62d73a7157e74bf3810356b799cfb77bf57b97e6f8c9261f02ed1ce944c,mendeley_ransomware,1,gandcrab,train,train,x86,gandcrab,unified_mendeley
2fbe3c62a6ee7966c9bbc46be6e38d2a442fe544f38e74312b25f32f38d72715,gandcrab__2fbe3c62a6ee7966c9bbc46be6e38d2a442fe544f38e74312b25f32f38d72715,mendeley_ransomware,1,gandcrab,train,train,x86,gandcrab,unified_mendeley
33d1fcc12e2e01e484477df9a0c748fa6efd96fb2d004f6af7413939ebf36e12,gandcrab__33d1fcc12e2e01e484477df9a0c748fa6efd96fb2d004f6af7413939ebf36e12,mendeley_ransomware,1,gandcrab,train,train,x86,gandcrab,unified_mendeley
4837a97055193bf58d97c1c0e46dafdb754a5bd7654908231e3fb6cd650eec4c,gandcrab__4837a97055193bf58d97c1c0e46dafdb754a5bd7654908231e3fb6cd650eec4c,mendeley_ransomware,1,gandcrab,train,train,x86,gandcrab,unified_mendeley
4864e064c66cfa321ff21d0730b9d2e78009803b3c99b1500b8ccdf31efd4b7d,gandcrab__4864e064c66cfa321ff21d0730b9d2e78009803b3c99b1500b8ccdf31efd4b7d,mendeley_ransomware,1,gandcrab,train,train,x86,gandcrab,unified_mendeley
4b5fe7497864d07f78af15fa3e1aa3702b303b89f9644624871d83dd0f484749,gandcrab__4b5fe7497864d07f78af15fa3e1aa3702b303b89f9644624871d83dd0f484749,mendeley_ransomware,1,gandcrab,train,train,x86,gandcrab,unified_mendeley
4be2d7cc2d715d7e5b87eb21f0c984f4da961d63aec448c790800fc1f76f2b98,gandcrab__4be2d7cc2d715d7e5b87eb21f0c984f4da961d63aec448c790800fc1f76f2b98,mendeley_ransomware,1,gandcrab,train,train,x86,gandcrab,unified_mendeley
52f2b6380b492c175837418285cbefa51f1de3187d00c01383bb5f9ca4ebe7db,gandcrab__52f2b6380b492c175837418285cbefa51f1de3187d00c01383bb5f9ca4ebe7db,mendeley_ransomware,1,gandcrab,train,train,x86,gandcrab,unified_mendeley
5c95c59b3a7fc2dfa43c0b372e3ae5af566d458d35296f3bd4313bbc4dcf050b,gandcrab__5c95c59b3a7fc2dfa43c0b372e3ae5af566d458d35296f3bd4313bbc4dcf050b,mendeley_ransomware,1,gandcrab,train,train,x86,gandcrab,unified_mendeley
5c9fec26413d6b015d395afb86b87bb0ef245618bfae2d6c3a9bffb3fc56052c,gandcrab__5c9fec26413d6b015d395afb86b87bb0ef245618bfae2d6c3a9bffb3fc56052c,mendeley_ransomware,1,gandcrab,train,train,x86,gandcrab,unified_mendeley
64d341ecbc52f9d78080bf23559ec1778824979dd19498ee44032ec1d5224ff6,gandcrab__64d341ecbc52f9d78080bf23559ec1778824979dd19498ee44032ec1d5224ff6,mendeley_ransomware,1,gandcrab,train,train,x86,gandcrab,unified_mendeley
650b1403bcd20a724261ecb656112ed5742610e41097d05d5eff160ce8fd0f91,gandcrab__650b1403bcd20a724261ecb656112ed5742610e41097d05d5eff160ce8fd0f91,mendeley_ransomware,1,gandcrab,train,train,x86,gandcrab,unified_mendeley
657ba4fed4cbf7c0b83967bfc80be084fb0a55afe6393914742232810275f052,gandcrab__657ba4fed4cbf7c0b83967bfc80be084fb0a55afe6393914742232810275f052,mendeley_ransomware,1,gandcrab,train,train,x86,gandcrab,unified_mendeley
6f4de91333804c26c9b9807a8480bd2b7c7116bd42c3ad3f8f3d6d835d2153b2,gandcrab__6f4de91333804c26c9b9807a8480bd2b7c7116bd42c3ad3f8f3d6d835d2153b2,mendeley_ransomware,1,gandcrab,train,train,x86,gandcrab,unified_mendeley
7a6daa99265f10fe73576aafdfcf5c8ccbd9602d482f999cdc53c7b4c7f89687,gandcrab__7a6daa99265f10fe73576aafdfcf5c8ccbd9602d482f999cdc53c7b4c7f89687,mendeley_ransomware,1,gandcrab,train,train,x86,gandcrab,unified_mendeley
7cbc7453ac42556c52a88011cca5e634d86a3f5398e44c8d33b3c08f0ffde633,gandcrab__7cbc7453ac42556c52a88011cca5e634d86a3f5398e44c8d33b3c08f0ffde633,mendeley_ransomware,1,gandcrab,train,train,x86,gandcrab,unified_mendeley
81e34ce24935bf192ee0eff4a43c673ff65a36e4f6c5a12973371c7389037625,gandcrab__81e34ce24935bf192ee0eff4a43c673ff65a36e4f6c5a12973371c7389037625,mendeley_ransomware,1,gandcrab,train,train,x86,gandcrab,unified_mendeley
872bf2c276fe3242513c2ed1b254a5ab3c0dea273dde944c05b711697811753f,gandcrab__872bf2c276fe3242513c2ed1b254a5ab3c0dea273dde944c05b711697811753f,mendeley_ransomware,1,gandcrab,train,train,x86,gandcrab,unified_mendeley
97351c2e4ccee87ee68146c2efee6f138e03bcfc7b029d106661d00f40528039,gandcrab__97351c2e4ccee87ee68146c2efee6f138e03bcfc7b029d106661d00f40528039,mendeley_ransomware,1,gandcrab,train,train,x86,gandcrab,unified_mendeley
9f7b9c0a9f745304a16b2e3b699b6ad2b7d3835cd6305b112f2590a9386c7fca,gandcrab__9f7b9c0a9f745304a16b2e3b699b6ad2b7d3835cd6305b112f2590a9386c7fca,mendeley_ransomware,1,gandcrab,train,train,x86,gandcrab,unified_mendeley
a383ec861e033b3a0035caa3447aff798dc5f63f8931682610b09bae7c2cb88e,gandcrab__a383ec861e033b3a0035caa3447aff798dc5f63f8931682610b09bae7c2cb88e,mendeley_ransomware,1,gandcrab,train,train,x86,gandcrab,unified_mendeley
a45bd4059d804b586397f43ee95232378d519c6b8978d334e07f6047435fe926,gandcrab__a45bd4059d804b586397f43ee95232378d519c6b8978d334e07f6047435fe926,mendeley_ransomware,1,gandcrab,train,train,x86,gandcrab,unified_mendeley
a4934922ea9e1e6924f24bba64af5888d2b4df87ffb938d92304a5677549899b,gandcrab__a4934922ea9e1e6924f24bba64af5888d2b4df87ffb938d92304a5677549899b,mendeley_ransomware,1,gandcrab,train,train,x86,gandcrab,unified_mendeley
a81d350afaf97cc038b3f20b46d4757150d7854df5e56780326f91bc7d4fd215,gandcrab__a81d350afaf97cc038b3f20b46d4757150d7854df5e56780326f91bc7d4fd215,mendeley_ransomware,1,gandcrab,train,train,x86,gandcrab,unified_mendeley
adad8b68c55b43fb2344c3051a28514b9ee25c9664dc7b35f36477c923664519,gandcrab__adad8b68c55b43fb2344c3051a28514b9ee25c9664dc7b35f36477c923664519,mendeley_ransomware,1,gandcrab,train,train,x86,gandcrab,unified_mendeley
b42540e0be78f72f1c3578634f8c89fbc9bd838c425bcbe2aabb0816dd3d2f84,gandcrab__b42540e0be78f72f1c3578634f8c89fbc9bd838c425bcbe2aabb0816dd3d2f84,mendeley_ransomware,1,gandcrab,train,train,x86,gandcrab,unified_mendeley
b4f1fb8fea5f5155e0e7f4ecd22d4c4a9582df7fb240af41728ad98c70949c11,gandcrab__b4f1fb8fea5f5155e0e7f4ecd22d4c4a9582df7fb240af41728ad98c70949c11,mendeley_ransomware,1,gandcrab,train,train,x86,gandcrab,unified_mendeley
b86383ac86f27e1e6fc8656407bfbcd2462ee00640e7a310a6df265c9a0e2ae6,gandcrab__b86383ac86f27e1e6fc8656407bfbcd2462ee00640e7a310a6df265c9a0e2ae6,mendeley_ransomware,1,gandcrab,train,train,x86,gandcrab,unified_mendeley
c1eca612b5b4a7ac0076d05f8e4a6c5296296c1bf0139479b9c2dd02eb75d11f,gandcrab__c1eca612b5b4a7ac0076d05f8e4a6c5296296c1bf0139479b9c2dd02eb75d11f,mendeley_ransomware,1,gandcrab,train,train,x86,gandcrab,unified_mendeley
c45c084efff13cc2d01cecde8656f71c9b56b6f00704e35d1f019acc787858c4,gandcrab__c45c084efff13cc2d01cecde8656f71c9b56b6f00704e35d1f019acc787858c4,mendeley_ransomware,1,gandcrab,train,train,x86,gandcrab,unified_mendeley
cbcff29c73b151176818c93d10ae34a1be58c710bf8b4b86b4d8e13e2232264f,gandcrab__cbcff29c73b151176818c93d10ae34a1be58c710bf8b4b86b4d8e13e2232264f,mendeley_ransomware,1,gandcrab,train,train,x86,gandcrab,unified_mendeley
ce093ffa19f020a2b73719f653b5e0423df28ef1d59035d55e99154a85c5c668,gandcrab__ce093ffa19f020a2b73719f653b5e0423df28ef1d59035d55e99154a85c5c668,mendeley_ransomware,1,gandcrab,train,train,x86,gandcrab,unified_mendeley
ce8a3474f1be9d750b5a5d5447e8f66b651d215799c1b5acb261296426542659,gandcrab__ce8a3474f1be9d750b5a5d5447e8f66b651d215799c1b5acb261296426542659,mendeley_ransomware,1,gandcrab,train,train,x86,gandcrab,unified_mendeley
da8c0a6ac025e95d408e72e2656d4cad02d4a3b4027ecef9d97c1a12311f37b4,gandcrab__da8c0a6ac025e95d408e72e2656d4cad02d4a3b4027ecef9d97c1a12311f37b4,mendeley_ransomware,1,gandcrab,train,train,x86,gandcrab,unified_mendeley
dbb88de4201933bdb099b21f91786be636b6e4486765f023abd3319300ed0006,gandcrab__dbb88de4201933bdb099b21f91786be636b6e4486765f023abd3319300ed0006,mendeley_ransomware,1,gandcrab,train,train,x86,gandcrab,unified_mendeley
dc4e3c1a007475326c0a04eef870cecfd719c35f11908a113ce26355a62138ca,gandcrab__dc4e3c1a007475326c0a04eef870cecfd719c35f11908a113ce26355a62138ca,mendeley_ransomware,1,gandcrab,train,train,x86,gandcrab,unified_mendeley
dcdd516739eb88e2781d92429e58f7d97298d63d2a3b4df805f771407f02d33e,gandcrab__dcdd516739eb88e2781d92429e58f7d97298d63d2a3b4df805f771407f02d33e,mendeley_ransomware,1,gandcrab,train,train,x86,gandcrab,unified_mendeley
f0cce9bb1ede97017e6edac8f3372c522df26b73a6f136cfcfb2e1d94d0e3168,gandcrab__f0cce9bb1ede97017e6edac8f3372c522df26b73a6f136cfcfb2e1d94d0e3168,mendeley_ransomware,1,gandcrab,train,train,x86,gandcrab,unified_mendeley
05ae137c49d99b41296d91667f040082fc33d6f28acbccdc28cfbedf59f6f75b,hive__05ae137c49d99b41296d91667f040082fc33d6f28acbccdc28cfbedf59f6f75b,mendeley_ransomware,1,hive,test,test,x64,hive,unified_mendeley
06173ef5e0646e104caad18a0f849975dfcddf6c292edfa4c2980b8947502ac8,hive__06173ef5e0646e104caad18a0f849975dfcddf6c292edfa4c2980b8947502ac8,mendeley_ransomware,1,hive,test,test,x64,hive,unified_mendeley
065208b037a2691eb75a14f97bdbd9914122655d42f6249d2cca419a1e4ba6f1,hive__065208b037a2691eb75a14f97bdbd9914122655d42f6249d2cca419a1e4ba6f1,mendeley_ransomware,1,hive,test,test,x64,hive,unified_mendeley
08661aa84e59af054e1e7bcde2340b9b7ce83768273999c9ad055e6b6cbd4977,hive__08661aa84e59af054e1e7bcde2340b9b7ce83768273999c9ad055e6b6cbd4977,mendeley_ransomware,1,hive,test,test,x64,hive,unified_mendeley
0b71b4195c1dd5febd1bf22f62834c471e3c55f76ffa15d536b245652654ed94,hive__0b71b4195c1dd5febd1bf22f62834c471e3c55f76ffa15d536b245652654ed94,mendeley_ransomware,1,hive,test,test,x86,hive,unified_mendeley
15a290552f9cdc38b18e6c0babe7fdd52ff8abfa73ff823220fa994e7f023dc0,hive__15a290552f9cdc38b18e6c0babe7fdd52ff8abfa73ff823220fa994e7f023dc0,mendeley_ransomware,1,hive,test,test,x64,hive,unified_mendeley
1613ba0352b2e9b8d40d001de73c0b747413fae95707f646ac8ad9e3c2f9dce7,hive__1613ba0352b2e9b8d40d001de73c0b747413fae95707f646ac8ad9e3c2f9dce7,mendeley_ransomware,1,hive,test,test,x64,hive,unified_mendeley
1670e8bb8065d23e1b93ed8173f079f338abef880047da21af95dd4db57e20bd,hive__1670e8bb8065d23e1b93ed8173f079f338abef880047da21af95dd4db57e20bd,mendeley_ransomware,1,hive,test,test,x64,hive,unified_mendeley
16d0c9651cae4ca2641f9e875be9f7b39737292eede7a7870b6081922f40b4b1,hive__16d0c9651cae4ca2641f9e875be9f7b39737292eede7a7870b6081922f40b4b1,mendeley_ransomware,1,hive,test,test,x64,hive,unified_mendeley
174fce7e7e2df156a3496ad0f4ecbb8aa6e2b76befc1f5e7a5108601ac62fc70,hive__174fce7e7e2df156a3496ad0f4ecbb8aa6e2b76befc1f5e7a5108601ac62fc70,mendeley_ransomware,1,hive,test,test,x64,hive,unified_mendeley
199006f7d4dbc6ccdecbe99b18e8582ba42e6f66f6e3de865eebd3de095a3a63,hive__199006f7d4dbc6ccdecbe99b18e8582ba42e6f66f6e3de865eebd3de095a3a63,mendeley_ransomware,1,hive,test,test,x64,hive,unified_mendeley
1fb6c6be88080f6a91c33616a9aa4c839dbc1062a904eeacd9fd379a22962498,hive__1fb6c6be88080f6a91c33616a9aa4c839dbc1062a904eeacd9fd379a22962498,mendeley_ransomware,1,hive,test,test,x64,hive,unified_mendeley
201215fdd6ba159d22621f2424f75b25fbe6dac1c85126e174e4ae999ef88111,hive__201215fdd6ba159d22621f2424f75b25fbe6dac1c85126e174e4ae999ef88111,mendeley_ransomware,1,hive,test,test,x64,hive,unified_mendeley
206de75058a7dfa0b96784965baab63a137f2e89a97e623842e7d0bb3f12c2fc,hive__206de75058a7dfa0b96784965baab63a137f2e89a97e623842e7d0bb3f12c2fc,mendeley_ransomware,1,hive,test,test,x86,hive,unified_mendeley
29d2f9308947efac0c804497666e1f03d61bc9321fdb498152a5d481d1e61a35,hive__29d2f9308947efac0c804497666e1f03d61bc9321fdb498152a5d481d1e61a35,mendeley_ransomware,1,hive,test,test,x64,hive,unified_mendeley
30414f35f5ae50c9133017c6100b6f82dca0ca872ac6fbcf159b7b1d2303664f,hive__30414f35f5ae50c9133017c6100b6f82dca0ca872ac6fbcf159b7b1d2303664f,mendeley_ransomware,1,hive,test,test,x64,hive,unified_mendeley
32ff0e5d87ec16544b6ff936d6fd58023925c3bdabaf962c492f6b078cb01914,hive__32ff0e5d87ec16544b6ff936d6fd58023925c3bdabaf962c492f6b078cb01914,mendeley_ransomware,1,hive,test,test,x64,hive,unified_mendeley
33aceb3dc0681a56226d4cfce32eee7a431e66f5c746a4d6dc7506a72b317277,hive__33aceb3dc0681a56226d4cfce32eee7a431e66f5c746a4d6dc7506a72b317277,mendeley_ransomware,1,hive,test,test,x64,hive,unified_mendeley
3489cfa46b9cc21f3fbd73d3225b1f42223a9c14bec10c8d305f72192314a372,hive__3489cfa46b9cc21f3fbd73d3225b1f42223a9c14bec10c8d305f72192314a372,mendeley_ransomware,1,hive,test,test,x64,hive,unified_mendeley
36759cab7043cd7561ac6c3968832b30c9a442eff4d536e901d4ff70aef4d32d,hive__36759cab7043cd7561ac6c3968832b30c9a442eff4d536e901d4ff70aef4d32d,mendeley_ransomware,1,hive,test,test,x64,hive,unified_mendeley
382da46b770736639b495071c4c5a0b139eb486583b7b9548274ce6e4f663cb8,hive__382da46b770736639b495071c4c5a0b139eb486583b7b9548274ce6e4f663cb8,mendeley_ransomware,1,hive,test,test,x86,hive,unified_mendeley
4a484842f4376660894109a2123cd4e1917193efcce9b776e8c769fc667c05b3,hive__4a484842f4376660894109a2123cd4e1917193efcce9b776e8c769fc667c05b3,mendeley_ransomware,1,hive,test,test,x64,hive,unified_mendeley
4a5bc30a85bc4b000d8dcedf533c8049fb6d42f31c7a0a524aaa2a0275ac6c0f,hive__4a5bc30a85bc4b000d8dcedf533c8049fb6d42f31c7a0a524aaa2a0275ac6c0f,mendeley_ransomware,1,hive,test,test,x64,hive,unified_mendeley
4b62c93fbf0b964c4de93a0ce456bccdaee2908b3c0135b3f62912068a728d3e,hive__4b62c93fbf0b964c4de93a0ce456bccdaee2908b3c0135b3f62912068a728d3e,mendeley_ransomware,1,hive,test,test,x86,hive,unified_mendeley
4d15aa5d68b0e8b081c18d0ee5c06cc1758d17246a8d01b3c8ac48d1ef07610b,hive__4d15aa5d68b0e8b081c18d0ee5c06cc1758d17246a8d01b3c8ac48d1ef07610b,mendeley_ransomware,1,hive,test,test,x64,hive,unified_mendeley
545a22b900104571ca0718336c6dfe37574263f1670d55835859b30f9776b028,hive__545a22b900104571ca0718336c6dfe37574263f1670d55835859b30f9776b028,mendeley_ransomware,1,hive,test,test,x86,hive,unified_mendeley
6920e86a65fc94f9fd46c46c09187b802a13801904e06c6aa63c10e0c9197218,hive__6920e86a65fc94f9fd46c46c09187b802a13801904e06c6aa63c10e0c9197218,mendeley_ransomware,1,hive,test,test,x64,hive,unified_mendeley
70b278b5e01f7cc409a112892e8f2ff243afa0d0815d060e31a813ba24316d37,hive__70b278b5e01f7cc409a112892e8f2ff243afa0d0815d060e31a813ba24316d37,mendeley_ransomware,1,hive,test,test,x86,hive,unified_mendeley
7bdb4508714a56fe5e6d9eb757ee475d08809470c6a02baa901484f0697cc362,hive__7bdb4508714a56fe5e6d9eb757ee475d08809470c6a02baa901484f0697cc362,mendeley_ransomware,1,hive,test,test,x64,hive,unified_mendeley
7cb066628b72dafaf1ad07e3c98c8bc5520df2f3b417d5b0acb5ded1b0279347,hive__7cb066628b72dafaf1ad07e3c98c8bc5520df2f3b417d5b0acb5ded1b0279347,mendeley_ransomware,1,hive,test,test,x64,hive,unified_mendeley
7fb0391651fff5ea815395dd278986dc23af9e91036ce178dd25951758ea94c6,hive__7fb0391651fff5ea815395dd278986dc23af9e91036ce178dd25951758ea94c6,mendeley_ransomware,1,hive,test,test,x64,hive,unified_mendeley
89a9279a31e78ceb036d8be5b2e3c7aeb1021a05cff7bbd5e5025250c911234b,hive__89a9279a31e78ceb036d8be5b2e3c7aeb1021a05cff7bbd5e5025250c911234b,mendeley_ransomware,1,hive,test,test,x64,hive,unified_mendeley
9377cbf352b7aa61f79190789c669ab2d6855cb3429ce494bc79abe0267bf4cc,hive__9377cbf352b7aa61f79190789c669ab2d6855cb3429ce494bc79abe0267bf4cc,mendeley_ransomware,1,hive,test,test,x64,hive,unified_mendeley
a33e93343f46eafa16ccd18a9376f528e146de57673d9fad0a6ce68130cd9357,hive__a33e93343f46eafa16ccd18a9376f528e146de57673d9fad0a6ce68130cd9357,mendeley_ransomware,1,hive,test,test,x64,hive,unified_mendeley
a4878bb4655f21dd34b5a8a853ebea6b9cca292190c6ca180b4afe44077002ab,hive__a4878bb4655f21dd34b5a8a853ebea6b9cca292190c6ca180b4afe44077002ab,mendeley_ransomware,1,hive,test,test,x64,hive,unified_mendeley
b1bfc90de9dcea999dedf285c3d3d7e1901847d84ec297224a0d82720d0ed501,hive__b1bfc90de9dcea999dedf285c3d3d7e1901847d84ec297224a0d82720d0ed501,mendeley_ransomware,1,hive,test,test,x64,hive,unified_mendeley
b5daf399518d76b8e7ca86ada767d9e90fd0ae6efbe5acc2cc775b929f188228,hive__b5daf399518d76b8e7ca86ada767d9e90fd0ae6efbe5acc2cc775b929f188228,mendeley_ransomware,1,hive,test,test,x64,hive,unified_mendeley
b6b1ea26464c92c3d25956815c301caf6fa0da9723a2ef847e2bb9cd11563d8b,hive__b6b1ea26464c92c3d25956815c301caf6fa0da9723a2ef847e2bb9cd11563d8b,mendeley_ransomware,1,hive,test,test,x64,hive,unified_mendeley
bd7f4d6a3f224536879cca70b940b16251c56707124d52fb09ad828a889648cd,hive__bd7f4d6a3f224536879cca70b940b16251c56707124d52fb09ad828a889648cd,mendeley_ransomware,1,hive,test,test,x86,hive,unified_mendeley
bd9807c6e5c69f21153103703faa8067a9a883124bcfeb6b0f0645158a97d57d,hive__bd9807c6e5c69f21153103703faa8067a9a883124bcfeb6b0f0645158a97d57d,mendeley_ransomware,1,hive,test,test,x64,hive,unified_mendeley
c2fa59fb0c3ed403c5f115310bbb62621bc9ddbf5cba29730e16c65e53b88f64,hive__c2fa59fb0c3ed403c5f115310bbb62621bc9ddbf5cba29730e16c65e53b88f64,mendeley_ransomware,1,hive,test,test,x64,hive,unified_mendeley
c7c04bcd56f282bc27f160cc80ccab73485dd3123f2efb35b9726a8528b7950f,hive__c7c04bcd56f282bc27f160cc80ccab73485dd3123f2efb35b9726a8528b7950f,mendeley_ransomware,1,hive,test,test,x64,hive,unified_mendeley
cba0c8e316db8c6abcdb69f03936a803d81299d9ae4c59c77839c37cda752539,hive__cba0c8e316db8c6abcdb69f03936a803d81299d9ae4c59c77839c37cda752539,mendeley_ransomware,1,hive,test,test,x64,hive,unified_mendeley
d83a875db07877be5b2b67341d665a06f476f862a48363f30440091d359a749f,hive__d83a875db07877be5b2b67341d665a06f476f862a48363f30440091d359a749f,mendeley_ransomware,1,hive,test,test,x64,hive,unified_mendeley
da2128b5608ed39f1a4e4568e0751bd9f8cb4e8587f1a262314d13c03a6a8b9e,hive__da2128b5608ed39f1a4e4568e0751bd9f8cb4e8587f1a262314d13c03a6a8b9e,mendeley_ransomware,1,hive,test,test,x64,hive,unified_mendeley
e17cf8294694af4ed412123981f620908a192947aab6ecd0c31cc59f2ac540ce,hive__e17cf8294694af4ed412123981f620908a192947aab6ecd0c31cc59f2ac540ce,mendeley_ransomware,1,hive,test,test,x64,hive,unified_mendeley
e9def82da36450f16c48af3abbba2a31f53c9c2f6fae6cf895fbf10698c04ed2,hive__e9def82da36450f16c48af3abbba2a31f53c9c2f6fae6cf895fbf10698c04ed2,mendeley_ransomware,1,hive,test,test,x64,hive,unified_mendeley
ea953cb3c4858e971dc4d75a2a11a6d0af42af36c0cad9c3f1e08d4c6e5f2ef8,hive__ea953cb3c4858e971dc4d75a2a11a6d0af42af36c0cad9c3f1e08d4c6e5f2ef8,mendeley_ransomware,1,hive,test,test,x64,hive,unified_mendeley
edf745e4d22485a77b93437843023b27d072fcffb14ea91ca8f309b14d5c5826,hive__edf745e4d22485a77b93437843023b27d072fcffb14ea91ca8f309b14d5c5826,mendeley_ransomware,1,hive,test,test,x64,hive,unified_mendeley
eeee2a6820eedbe2a37e4c992dc6b3135ee0e340892d2acf74e8a5defb30c7d4,hive__eeee2a6820eedbe2a37e4c992dc6b3135ee0e340892d2acf74e8a5defb30c7d4,mendeley_ransomware,1,hive,test,test,x64,hive,unified_mendeley
541825cb652606c2ea12fd25a842a8b3456d025841c3a7f563655ef77bb67219,holyghost__541825cb652606c2ea12fd25a842a8b3456d025841c3a7f563655ef77bb67219,mendeley_ransomware,1,holyghost,test,test,x64,holyghost,unified_mendeley
99fc54786a72f32fd44c7391c2171ca31e72ca52725c68e2dde94d04c286fccd,holyghost__99fc54786a72f32fd44c7391c2171ca31e72ca52725c68e2dde94d04c286fccd,mendeley_ransomware,1,holyghost,test,test,x86,holyghost,unified_mendeley
bea866b327a2dc2aa104b7ad7307008919c06620771ec3715a059e675d9f40af,holyghost__bea866b327a2dc2aa104b7ad7307008919c06620771ec3715a059e675d9f40af,mendeley_ransomware,1,holyghost,test,test,x64,holyghost,unified_mendeley
f8fc2445a9814ca8cf48a979bff7f182d6538f4d1ff438cf259268e8b4b76f86,holyghost__f8fc2445a9814ca8cf48a979bff7f182d6538f4d1ff438cf259268e8b4b76f86,mendeley_ransomware,1,holyghost,test,test,x64,holyghost,unified_mendeley
04f76d44db4c3a8d810348f65e539f8d65af3ee764c058290033da8f5c508fc5,karma__04f76d44db4c3a8d810348f65e539f8d65af3ee764c058290033da8f5c508fc5,mendeley_ransomware,1,karma,test,test,x86,karma,unified_mendeley
0d037ee0252e4f26800bcf7c750f61d0c549b7ba0a522c75e8d96dcf4f689e27,karma__0d037ee0252e4f26800bcf7c750f61d0c549b7ba0a522c75e8d96dcf4f689e27,mendeley_ransomware,1,karma,test,test,x86,karma,unified_mendeley
124f3a5caf6eb464027f2865225a6a1238c3639e5b4a399f0f7f2dda7bd75aec,karma__124f3a5caf6eb464027f2865225a6a1238c3639e5b4a399f0f7f2dda7bd75aec,mendeley_ransomware,1,karma,test,test,x86,karma,unified_mendeley
19417c0a38a1206007a0cc82c0fc2e19db897214d27d0998bc4dbac53cc2788d,karma__19417c0a38a1206007a0cc82c0fc2e19db897214d27d0998bc4dbac53cc2788d,mendeley_ransomware,1,karma,test,test,x86,karma,unified_mendeley
1c41acdc2e9d8b89522ebb51d65b4c41d7fd130a14ce9d449edb05f53bbb8d59,karma__1c41acdc2e9d8b89522ebb51d65b4c41d7fd130a14ce9d449edb05f53bbb8d59,mendeley_ransomware,1,karma,test,test,x86,karma,unified_mendeley
1f6be41de7ce3d1b8b90856a85600326a3c1dc5ce5bfdaa1572568b1dd114a0f,karma__1f6be41de7ce3d1b8b90856a85600326a3c1dc5ce5bfdaa1572568b1dd114a0f,mendeley_ransomware,1,karma,test,test,x86,karma,unified_mendeley
34629751d8202be456dcf149b516afefc980a9128dd6096fd6286fee530a0d20,karma__34629751d8202be456dcf149b516afefc980a9128dd6096fd6286fee530a0d20,mendeley_ransomware,1,karma,test,test,x86,karma,unified_mendeley
3ff1b90dbad5d78397fdc731c3a3c080d91fc488ac9152793b538b74a1e2d8f3,karma__3ff1b90dbad5d78397fdc731c3a3c080d91fc488ac9152793b538b74a1e2d8f3,mendeley_ransomware,1,karma,test,test,x86,karma,unified_mendeley
4dec9a9044631caef283c7f39a576e4e5c1cc1e6a97ce5c60936a3a3d0097818,karma__4dec9a9044631caef283c7f39a576e4e5c1cc1e6a97ce5c60936a3a3d0097818,mendeley_ransomware,1,karma,test,test,x86,karma,unified_mendeley
6c98d424ab1b9bfba683eda340fef6540ffe4ec4634f4b95cf9c70fe4ab2de90,karma__6c98d424ab1b9bfba683eda340fef6540ffe4ec4634f4b95cf9c70fe4ab2de90,mendeley_ransomware,1,karma,test,test,x86,karma,unified_mendeley
84d24a16949b5a89162411ab98ab2230128d8f01a3d3695874394733ac2a1dbd,karma__84d24a16949b5a89162411ab98ab2230128d8f01a3d3695874394733ac2a1dbd,mendeley_ransomware,1,karma,test,test,x86,karma,unified_mendeley
a63937d94b4d0576c083398497f35abc2ed116138bd22fad4aec5714f83371b0,karma__a63937d94b4d0576c083398497f35abc2ed116138bd22fad4aec5714f83371b0,mendeley_ransomware,1,karma,test,test,x86,karma,unified_mendeley
ad841882052c3f9d856ad9a393232e0a59d28e17c240d23258f1dac62f903ab8,karma__ad841882052c3f9d856ad9a393232e0a59d28e17c240d23258f1dac62f903ab8,mendeley_ransomware,1,karma,test,test,x86,karma,unified_mendeley
00ad914476509f84b40f2dbe804dc7c37a1a24ef3472674574d3367079bf0a2a,lockbit__00ad914476509f84b40f2dbe804dc7c37a1a24ef3472674574d3367079bf0a2a,mendeley_ransomware,1,lockbit,train,train,x86,lockbit,unified_mendeley
04f65270c92dda82c759c1eee49cf8f4c98a2ed0071272e49132331fda482dba,lockbit__04f65270c92dda82c759c1eee49cf8f4c98a2ed0071272e49132331fda482dba,mendeley_ransomware,1,lockbit,train,train,x86,lockbit,unified_mendeley
082f91d85c437f415cea44b36afb4198da07b78593c836a398cd96365166e7d8,lockbit__082f91d85c437f415cea44b36afb4198da07b78593c836a398cd96365166e7d8,mendeley_ransomware,1,lockbit,train,train,x86,lockbit,unified_mendeley
0cd33e6b180862072a00a0c2f897afa754df071bcec3d13e581c41a5c27a3102,lockbit__0cd33e6b180862072a00a0c2f897afa754df071bcec3d13e581c41a5c27a3102,mendeley_ransomware,1,lockbit,train,train,x86,lockbit,unified_mendeley
21aab3925870f8e11cf4c94b9b84d252118278a50206e622b8148001e205213f,lockbit__21aab3925870f8e11cf4c94b9b84d252118278a50206e622b8148001e205213f,mendeley_ransomware,1,lockbit,train,train,x86,lockbit,unified_mendeley
2508d0ab9bed37a9f8d1ab04d2440849fcfc7e149971baf452a0440a924eeac5,lockbit__2508d0ab9bed37a9f8d1ab04d2440849fcfc7e149971baf452a0440a924eeac5,mendeley_ransomware,1,lockbit,train,train,x86,lockbit,unified_mendeley
33d79363679a3a7a1066a28784d1a472276389f7621af35a03dc643ea9b37165,lockbit__33d79363679a3a7a1066a28784d1a472276389f7621af35a03dc643ea9b37165,mendeley_ransomware,1,lockbit,train,train,x86,lockbit,unified_mendeley
3b52db44c2cdd8adfacb906362837ed449e96fcf761de4b1f26388b66b6edabe,lockbit__3b52db44c2cdd8adfacb906362837ed449e96fcf761de4b1f26388b66b6edabe,mendeley_ransomware,1,lockbit,train,train,x86,lockbit,unified_mendeley
40c436f4ac5193735d05cfe2375d29449a90269a718fba9d7af179317688e2fb,lockbit__40c436f4ac5193735d05cfe2375d29449a90269a718fba9d7af179317688e2fb,mendeley_ransomware,1,lockbit,train,train,x86,lockbit,unified_mendeley
411c61de0ff1356abeb8daed0e63c8214fd73685e6f3b6f73c96d07250d8542c,lockbit__411c61de0ff1356abeb8daed0e63c8214fd73685e6f3b6f73c96d07250d8542c,mendeley_ransomware,1,lockbit,train,train,x86,lockbit,unified_mendeley
43ae62f2d7be7a9bf34c9a46ce26b94e8f73c8b7ea434830f51553a0fc820d1b,lockbit__43ae62f2d7be7a9bf34c9a46ce26b94e8f73c8b7ea434830f51553a0fc820d1b,mendeley_ransomware,1,lockbit,train,train,x86,lockbit,unified_mendeley
4672f4ade47a4717255db6bcd9ae1fb6f4d71e85d059bb08e65df55d416126eb,lockbit__4672f4ade47a4717255db6bcd9ae1fb6f4d71e85d059bb08e65df55d416126eb,mendeley_ransomware,1,lockbit,train,train,x86,lockbit,unified_mendeley
50d08c974f7abce2da5c2a8976d3c6017334a418359d7bb031bd0914b848b24a,lockbit__50d08c974f7abce2da5c2a8976d3c6017334a418359d7bb031bd0914b848b24a,mendeley_ransomware,1,lockbit,train,train,x86,lockbit,unified_mendeley
51634f69ba2c47e171bc6ca7acb570eefe3fafdc2dfa78be46d9f1920cb309bd,lockbit__51634f69ba2c47e171bc6ca7acb570eefe3fafdc2dfa78be46d9f1920cb309bd,mendeley_ransomware,1,lockbit,train,train,x86,lockbit,unified_mendeley
53cb4674c759d5b16aa29618d36a6008e5d730585a1bcf3b465fd2517a0e90c2,lockbit__53cb4674c759d5b16aa29618d36a6008e5d730585a1bcf3b465fd2517a0e90c2,mendeley_ransomware,1,lockbit,train,train,x86,lockbit,unified_mendeley
54664bedb8b1e8e5a05a60490739080c757a234a71cbee0917f1bdfde3c95b97,lockbit__54664bedb8b1e8e5a05a60490739080c757a234a71cbee0917f1bdfde3c95b97,mendeley_ransomware,1,lockbit,train,train,x86,lockbit,unified_mendeley
54d14a53b99a62a19cd544c389fdf2dff02bea9fcaee7cf54f81b3ba8442877f,lockbit__54d14a53b99a62a19cd544c389fdf2dff02bea9fcaee7cf54f81b3ba8442877f,mendeley_ransomware,1,lockbit,train,train,x86,lockbit,unified_mendeley
5a67b802ccb3ff343066d6f285b8c933dbd9b43da1e7592f512d54d6e517b5ee,lockbit__5a67b802ccb3ff343066d6f285b8c933dbd9b43da1e7592f512d54d6e517b5ee,mendeley_ransomware,1,lockbit,train,train,x86,lockbit,unified_mendeley
626a4fa1f52623e89b3011c37c2d3ca4069dc5a4d3f5c4f74d4579c2d3d50356,lockbit__626a4fa1f52623e89b3011c37c2d3ca4069dc5a4d3f5c4f74d4579c2d3d50356,mendeley_ransomware,1,lockbit,train,train,x86,lockbit,unified_mendeley
69310d0c9f42dd45ee986a3220f40e860ce4c9b24ab83a85c4f2f5c15439d6f5,lockbit__69310d0c9f42dd45ee986a3220f40e860ce4c9b24ab83a85c4f2f5c15439d6f5,mendeley_ransomware,1,lockbit,train,train,x86,lockbit,unified_mendeley
7363f13db048624a97528e2a2592e6657e4882028933506b5df9ecc62f869528,lockbit__7363f13db048624a97528e2a2592e6657e4882028933506b5df9ecc62f869528,mendeley_ransomware,1,lockbit,train,train,x86,lockbit,unified_mendeley
80e8fadc73c34a227ed4cc9c5c822391c593c3eaba8d841feb4f4b3c7234d08e,lockbit__80e8fadc73c34a227ed4cc9c5c822391c593c3eaba8d841feb4f4b3c7234d08e,mendeley_ransomware,1,lockbit,train,train,x86,lockbit,unified_mendeley
85d83b744c8837c9391358a4e75e364d52aa35e7727b61331b5085be363d59b3,lockbit__85d83b744c8837c9391358a4e75e364d52aa35e7727b61331b5085be363d59b3,mendeley_ransomware,1,lockbit,train,train,x86,lockbit,unified_mendeley
8d141b8ef137032125cece55ec945038c35d4eeed54ce43e0b99c2731e8790ba,lockbit__8d141b8ef137032125cece55ec945038c35d4eeed54ce43e0b99c2731e8790ba,mendeley_ransomware,1,lockbit,train,train,x86,lockbit,unified_mendeley
95739e350d7f2aca2c609768ee72ad67fcf05efca5c7ad8df3027c82b9c454cf,lockbit__95739e350d7f2aca2c609768ee72ad67fcf05efca5c7ad8df3027c82b9c454cf,mendeley_ransomware,1,lockbit,train,train,x86,lockbit,unified_mendeley
9dd6cc25b2f920b825e15682a4d06435a42b281674ba6e99c8e2b2222c9d638f,lockbit__9dd6cc25b2f920b825e15682a4d06435a42b281674ba6e99c8e2b2222c9d638f,mendeley_ransomware,1,lockbit,train,train,x86,lockbit,unified_mendeley
a2ad5cc5045a1645f07da7eab14ba13eb69ab7286204f61ba6a4226bfade7f17,lockbit__a2ad5cc5045a1645f07da7eab14ba13eb69ab7286204f61ba6a4226bfade7f17,mendeley_ransomware,1,lockbit,train,train,x86,lockbit,unified_mendeley
a4c7080ed8a6caa39e35dd47234c0960f91e43135186378c064f90291a0455c6,lockbit__a4c7080ed8a6caa39e35dd47234c0960f91e43135186378c064f90291a0455c6,mendeley_ransomware,1,lockbit,train,train,x86,lockbit,unified_mendeley
a696ad284e82463e8e7942976bc517feb4247e42d14595c5997c2e6558dc17a9,lockbit__a696ad284e82463e8e7942976bc517feb4247e42d14595c5997c2e6558dc17a9,mendeley_ransomware,1,lockbit,train,train,x86,lockbit,unified_mendeley
a9cb8fb06970ee8652983bdad227d24f50133853b64e29b76bae98b4063409b3,lockbit__a9cb8fb06970ee8652983bdad227d24f50133853b64e29b76bae98b4063409b3,mendeley_ransomware,1,lockbit,train,train,x86,lockbit,unified_mendeley
ac123fae7b38fab3b9dfc3b28af23688d1ad1e66b659ab38e75ca334d7c91bf2,lockbit__ac123fae7b38fab3b9dfc3b28af23688d1ad1e66b659ab38e75ca334d7c91bf2,mendeley_ransomware,1,lockbit,train,train,x86,lockbit,unified_mendeley
bcbb1e388759eea5c1fbb4f35c29b6f66f3f4ca4c715bab35c8fc56dcf3fa621,lockbit__bcbb1e388759eea5c1fbb4f35c29b6f66f3f4ca4c715bab35c8fc56dcf3fa621,mendeley_ransomware,1,lockbit,train,train,x86,lockbit,unified_mendeley
bdc2801e747ee4dd2b50b1ecd3fa3eb53b6c8101ec37eff8d18e485a7f4a7bd0,lockbit__bdc2801e747ee4dd2b50b1ecd3fa3eb53b6c8101ec37eff8d18e485a7f4a7bd0,mendeley_ransomware,1,lockbit,train,train,x86,lockbit,unified_mendeley
c64105b9808685b07ce4a6d47d797cbe7c045101fb793ff9389a6620c7755bb7,lockbit__c64105b9808685b07ce4a6d47d797cbe7c045101fb793ff9389a6620c7755bb7,mendeley_ransomware,1,lockbit,train,train,x86,lockbit,unified_mendeley
d03a96edaf798e9a80442f4fc4fe0c8cb1a2ba3a1876f9defdc6c28ba266a77d,lockbit__d03a96edaf798e9a80442f4fc4fe0c8cb1a2ba3a1876f9defdc6c28ba266a77d,mendeley_ransomware,1,lockbit,train,train,x86,lockbit,unified_mendeley
d0de5ea05083d0284943accb929c6700592b230af4d6b05e281760b64b97802e,lockbit__d0de5ea05083d0284943accb929c6700592b230af4d6b05e281760b64b97802e,mendeley_ransomware,1,lockbit,train,train,x86,lockbit,unified_mendeley
d5ea463e0719ee2d1705ff305cdd8529bd2ff23dde79c502c4f478937a91f874,lockbit__d5ea463e0719ee2d1705ff305cdd8529bd2ff23dde79c502c4f478937a91f874,mendeley_ransomware,1,lockbit,train,train,x86,lockbit,unified_mendeley
dad101c7193fd0b995723ec830aade763d853665fdc9cf9f0bc77adf25b460ce,lockbit__dad101c7193fd0b995723ec830aade763d853665fdc9cf9f0bc77adf25b460ce,mendeley_ransomware,1,lockbit,train,train,x86,lockbit,unified_mendeley
dec4ca3a0863919f85c2a1a4a7e607e68063a9be1719ccb395353fe4a2d087e5,lockbit__dec4ca3a0863919f85c2a1a4a7e607e68063a9be1719ccb395353fe4a2d087e5,mendeley_ransomware,1,lockbit,train,train,x86,lockbit,unified_mendeley
df232fc543fc078df14cd07e7ad676d1b53e1de4f1909512ac97b03c2e1d1c51,lockbit__df232fc543fc078df14cd07e7ad676d1b53e1de4f1909512ac97b03c2e1d1c51,mendeley_ransomware,1,lockbit,train,train,x86,lockbit,unified_mendeley
dfc52af21bad04c3860c0cdb5c8e7760b3fd1e5abbe038154f956a7dd1d6437c,lockbit__dfc52af21bad04c3860c0cdb5c8e7760b3fd1e5abbe038154f956a7dd1d6437c,mendeley_ransomware,1,lockbit,train,train,x86,lockbit,unified_mendeley
e216372e4328f1cf5cf39a73540b508adc8d777fef90ca77af635c2331deb5cc,lockbit__e216372e4328f1cf5cf39a73540b508adc8d777fef90ca77af635c2331deb5cc,mendeley_ransomware,1,lockbit,train,train,x86,lockbit,unified_mendeley
e31c78b7d21539b10d3b70317135f843217881270f7356b0a2e197d698833d01,lockbit__e31c78b7d21539b10d3b70317135f843217881270f7356b0a2e197d698833d01,mendeley_ransomware,1,lockbit,train,train,x86,lockbit,unified_mendeley
e75e79383b75613f4c1b87eef929cf719d9b344c4de122ab4139ad2328d38aed,lockbit__e75e79383b75613f4c1b87eef929cf719d9b344c4de122ab4139ad2328d38aed,mendeley_ransomware,1,lockbit,train,train,x86,lockbit,unified_mendeley
ead321bd27e49aa74c46662449189289dede9d0a70b017abaf9fe3a4c76e5760,lockbit__ead321bd27e49aa74c46662449189289dede9d0a70b017abaf9fe3a4c76e5760,mendeley_ransomware,1,lockbit,train,train,x86,lockbit,unified_mendeley
ee2115e39ffc78a185d533fab74ee5683f233c3d0865443ea9fcadead1fc99ea,lockbit__ee2115e39ffc78a185d533fab74ee5683f233c3d0865443ea9fcadead1fc99ea,mendeley_ransomware,1,lockbit,train,train,x86,lockbit,unified_mendeley
faaa06208acdf230496128dfd656984d3f0f99a9b5be4f2cbaaec0bb830bdcf9,lockbit__faaa06208acdf230496128dfd656984d3f0f99a9b5be4f2cbaaec0bb830bdcf9,mendeley_ransomware,1,lockbit,train,train,x86,lockbit,unified_mendeley
1264b40feaa824d5ba31cef3c8a4ede230c61ef71c8a7994875deefe32bd8b3d,lorenz__1264b40feaa824d5ba31cef3c8a4ede230c61ef71c8a7994875deefe32bd8b3d,mendeley_ransomware,1,lorenz,test,test,x86,lorenz,unified_mendeley
40ff1ab8ac09057421079dae83fb675d7a2a3da6c7d0cd6400a0d720c5b0f58c,lorenz__40ff1ab8ac09057421079dae83fb675d7a2a3da6c7d0cd6400a0d720c5b0f58c,mendeley_ransomware,1,lorenz,test,test,x86,lorenz,unified_mendeley
427713275e7c4515e3c577684a7c5f96e45771fee54f1c3162a2d6a2cc4cd76e,lorenz__427713275e7c4515e3c577684a7c5f96e45771fee54f1c3162a2d6a2cc4cd76e,mendeley_ransomware,1,lorenz,test,test,x86,lorenz,unified_mendeley
4b1170f7774acfdc5517fbe1c911f2bd9f1af498f3c3d25078f05c95701cc999,lorenz__4b1170f7774acfdc5517fbe1c911f2bd9f1af498f3c3d25078f05c95701cc999,mendeley_ransomware,1,lorenz,test,test,x86,lorenz,unified_mendeley
5b03b861884cb3e14a8b888c7dee2ee0d494933df863d504882345fa278d1ea5,lorenz__5b03b861884cb3e14a8b888c7dee2ee0d494933df863d504882345fa278d1ea5,mendeley_ransomware,1,lorenz,test,test,x86,lorenz,unified_mendeley
71cdbbc62e10983db183ca60ab964c1a3dab0d279c5326b2e920522480780956,lorenz__71cdbbc62e10983db183ca60ab964c1a3dab0d279c5326b2e920522480780956,mendeley_ransomware,1,lorenz,test,test,x86,lorenz,unified_mendeley
7275034886da11ca6d828547f15cab259e22ba624c5f5762afd237aa686455dd,lorenz__7275034886da11ca6d828547f15cab259e22ba624c5f5762afd237aa686455dd,mendeley_ransomware,1,lorenz,test,test,x86,lorenz,unified_mendeley
8ea6a6d4578029c7b2dbbfb525ec88b2cb309901ec5a987847471b6101f0de41,lorenz__8ea6a6d4578029c7b2dbbfb525ec88b2cb309901ec5a987847471b6101f0de41,mendeley_ransomware,1,lorenz,test,test,x86,lorenz,unified_mendeley
8f9024ac4d0420ebf43fb0fb77d3aa4be926234d1a0308804ccd71b99761d40e,lorenz__8f9024ac4d0420ebf43fb0fb77d3aa4be926234d1a0308804ccd71b99761d40e,mendeley_ransomware,1,lorenz,test,test,x86,lorenz,unified_mendeley
971f0a32094b8ac10712503305ac6789048d190a209c436839e2e6b0acb016f3,lorenz__971f0a32094b8ac10712503305ac6789048d190a209c436839e2e6b0acb016f3,mendeley_ransomware,1,lorenz,test,test,x86,lorenz,unified_mendeley
a0ccb9019b90716c8ee1bc0829e0e04cf7166be2f25987abbc8987e65cef2e6f,lorenz__a0ccb9019b90716c8ee1bc0829e0e04cf7166be2f25987abbc8987e65cef2e6f,mendeley_ransomware,1,lorenz,test,test,x86,lorenz,unified_mendeley
a9fdbc6d20b780ca42660ad4803f391308fa0243fbc515fd3c1acf935dd43c1e,lorenz__a9fdbc6d20b780ca42660ad4803f391308fa0243fbc515fd3c1acf935dd43c1e,mendeley_ransomware,1,lorenz,test,test,x86,lorenz,unified_mendeley
bdfb7e435f689c2c8d84d1b987c8abf84f300a1d4b9d1389b299937c751adb17,lorenz__bdfb7e435f689c2c8d84d1b987c8abf84f300a1d4b9d1389b299937c751adb17,mendeley_ransomware,1,lorenz,test,test,x86,lorenz,unified_mendeley
cef17b9289ba18c979b704648c0f2b736f65f9f9158b471bc2486b6c14e14a4d,lorenz__cef17b9289ba18c979b704648c0f2b736f65f9f9158b471bc2486b6c14e14a4d,mendeley_ransomware,1,lorenz,test,test,x86,lorenz,unified_mendeley
fcb8f82961a3f02c9e94da452c5efef868a2c2344fbaaeca51b3c710bb0df8cf,lorenz__fcb8f82961a3f02c9e94da452c5efef868a2c2344fbaaeca51b3c710bb0df8cf,mendeley_ransomware,1,lorenz,test,test,x86,lorenz,unified_mendeley
ff86191d98d0ce841e0973743aeb05fb354492d1983fe33521a285cf3c9bcc2e,lorenz__ff86191d98d0ce841e0973743aeb05fb354492d1983fe33521a285cf3c9bcc2e,mendeley_ransomware,1,lorenz,test,test,x86,lorenz,unified_mendeley
07d305bba3b31f810315d3c0a835e1bdb11e325f410a14fd7b732b8afda69507,makop__07d305bba3b31f810315d3c0a835e1bdb11e325f410a14fd7b732b8afda69507,mendeley_ransomware,1,makop,train,train,x86,makop,unified_mendeley
1066b29d5f34d57efa4877907fa846ea474c3f03b5c0759171929195347fa00c,makop__1066b29d5f34d57efa4877907fa846ea474c3f03b5c0759171929195347fa00c,mendeley_ransomware,1,makop,train,train,x86,makop,unified_mendeley
176cb863f10a9f2fac32eb5d75c01c91dadb99d229db56d2535a25067e55835f,makop__176cb863f10a9f2fac32eb5d75c01c91dadb99d229db56d2535a25067e55835f,mendeley_ransomware,1,makop,train,train,x86,makop,unified_mendeley
28aeaf450afc07c4db9c35814e130ca2c0b8448c85b573bbb59337c794782980,makop__28aeaf450afc07c4db9c35814e130ca2c0b8448c85b573bbb59337c794782980,mendeley_ransomware,1,makop,train,train,x86,makop,unified_mendeley
4cd59f4f2c399a3f23e2b4ae73d80a2136b2aed895bec72fa12e9b52a750d2cc,makop__4cd59f4f2c399a3f23e2b4ae73d80a2136b2aed895bec72fa12e9b52a750d2cc,mendeley_ransomware,1,makop,train,train,x86,makop,unified_mendeley
560d7fbb78858d4337f9a97226e137a27db581721641bab2e11d34ce55f5ddba,makop__560d7fbb78858d4337f9a97226e137a27db581721641bab2e11d34ce55f5ddba,mendeley_ransomware,1,makop,train,train,x86,makop,unified_mendeley
77703bf5f0224b4b6bc3c2333300eac887ce49e3e0bb4bc3d20b7e33cee749de,makop__77703bf5f0224b4b6bc3c2333300eac887ce49e3e0bb4bc3d20b7e33cee749de,mendeley_ransomware,1,makop,train,train,x86,makop,unified_mendeley
89a12a1980732a6d039f48d358968903f2a5af157413bdf3310dd0ebe765ae40,makop__89a12a1980732a6d039f48d358968903f2a5af157413bdf3310dd0ebe765ae40,mendeley_ransomware,1,makop,train,train,x86,makop,unified_mendeley
91e573ed92344a8eb7110e6af97f10b9f848f25f9f1a0fe411e2eef39e3dc342,makop__91e573ed92344a8eb7110e6af97f10b9f848f25f9f1a0fe411e2eef39e3dc342,mendeley_ransomware,1,makop,train,train,x86,makop,unified_mendeley
a617fdbff227afe8c89ba96d34724fb03c0c08857c508c8c80f3fedc916fe2b4,makop__a617fdbff227afe8c89ba96d34724fb03c0c08857c508c8c80f3fedc916fe2b4,mendeley_ransomware,1,makop,train,train,x86,makop,unified_mendeley
a6566bc4c76a36a0e880d2151e0a86a59c3af57082b7c83a669dba3f28afb959,makop__a6566bc4c76a36a0e880d2151e0a86a59c3af57082b7c83a669dba3f28afb959,mendeley_ransomware,1,makop,train,train,x86,makop,unified_mendeley
bc0ed3e73b8d1fdc839f2e8ed3578ca3221dba4eb984e581cb00dfb4cdfb7d49,makop__bc0ed3e73b8d1fdc839f2e8ed3578ca3221dba4eb984e581cb00dfb4cdfb7d49,mendeley_ransomware,1,makop,train,train,x86,makop,unified_mendeley
bc7965625bc87ba2730d9261ff122cf0a1d17cb64b8dad7a4b83d17029c8e1b4,makop__bc7965625bc87ba2730d9261ff122cf0a1d17cb64b8dad7a4b83d17029c8e1b4,mendeley_ransomware,1,makop,train,train,x86,makop,unified_mendeley
c23f9fca61a45de8a8808706523039b6385bc55d4b2b9545a5babf9d472700ec,makop__c23f9fca61a45de8a8808706523039b6385bc55d4b2b9545a5babf9d472700ec,mendeley_ransomware,1,makop,train,train,x86,makop,unified_mendeley
c311e0cd1b2052427260e95e3c7268451456167eb256a6032aa82d8e93ff6e34,makop__c311e0cd1b2052427260e95e3c7268451456167eb256a6032aa82d8e93ff6e34,mendeley_ransomware,1,makop,train,train,x86,makop,unified_mendeley
c34d0660da24b48480de58aaa394bd27f5a5b1ed9249d897ca4dde70312a87ec,makop__c34d0660da24b48480de58aaa394bd27f5a5b1ed9249d897ca4dde70312a87ec,mendeley_ransomware,1,makop,train,train,x86,makop,unified_mendeley
cb81d92235ea10499bf064b26c233dc498d24568e5b74f62249d63d1cf2a6c59,makop__cb81d92235ea10499bf064b26c233dc498d24568e5b74f62249d63d1cf2a6c59,mendeley_ransomware,1,makop,train,train,x86,makop,unified_mendeley
d07923f73f1b5f41ab02c3239468bc0eacfe31c02b84814b6bc522a98d9b4b22,makop__d07923f73f1b5f41ab02c3239468bc0eacfe31c02b84814b6bc522a98d9b4b22,mendeley_ransomware,1,makop,train,train,x86,makop,unified_mendeley
d64a2e8e21b9dd345095cbbe7a32ef47ac3d33012d350b9ec198db3838ca5eaa,makop__d64a2e8e21b9dd345095cbbe7a32ef47ac3d33012d350b9ec198db3838ca5eaa,mendeley_ransomware,1,makop,train,train,x86,makop,unified_mendeley
d779233bd09cb2c570f3a0965956c184e16d4e4783617f1d8b0c2b1e00d2a21a,makop__d779233bd09cb2c570f3a0965956c184e16d4e4783617f1d8b0c2b1e00d2a21a,mendeley_ransomware,1,makop,train,train,x86,makop,unified_mendeley
dc4f16af2ff3065b35e8b87c244c36013d228ed81f3f652d87637a968193a1c8,makop__dc4f16af2ff3065b35e8b87c244c36013d228ed81f3f652d87637a968193a1c8,mendeley_ransomware,1,makop,train,train,x86,makop,unified_mendeley
dc8fe9639a589c71112fc94da954701a72bcfc3f31df71ad52d10e6a5c3eb29f,makop__dc8fe9639a589c71112fc94da954701a72bcfc3f31df71ad52d10e6a5c3eb29f,mendeley_ransomware,1,makop,train,train,x86,makop,unified_mendeley
dffefbde27442b9095388b1871ffdc101c430b9a814138be4f962328a5b73fde,makop__dffefbde27442b9095388b1871ffdc101c430b9a814138be4f962328a5b73fde,mendeley_ransomware,1,makop,train,train,x86,makop,unified_mendeley
e4133986284c2640065ed2cc5798ee1751479732c169a8728f41536306a42ba2,makop__e4133986284c2640065ed2cc5798ee1751479732c169a8728f41536306a42ba2,mendeley_ransomware,1,makop,train,train,x86,makop,unified_mendeley
e85e974255245ba41d391acc207908eeddb5ec95285e5375496a89617c5fb843,makop__e85e974255245ba41d391acc207908eeddb5ec95285e5375496a89617c5fb843,mendeley_ransomware,1,makop,train,train,x86,makop,unified_mendeley
eba743212808c7565cc2f69a3a72e4e8c8b3c4d666fffe4ac2ab740fc6be596f,makop__eba743212808c7565cc2f69a3a72e4e8c8b3c4d666fffe4ac2ab740fc6be596f,mendeley_ransomware,1,makop,train,train,x86,makop,unified_mendeley
f8b9df9ad59e5ca3f91c0fd59d53a172205b1fee47496e85ed0711e6a8981bdd,makop__f8b9df9ad59e5ca3f91c0fd59d53a172205b1fee47496e85ed0711e6a8981bdd,mendeley_ransomware,1,makop,train,train,x86,makop,unified_mendeley
fa3621661fa0f97e266a8257980820cfd78272c11c7e2cfcd919fdf3356b3295,makop__fa3621661fa0f97e266a8257980820cfd78272c11c7e2cfcd919fdf3356b3295,mendeley_ransomware,1,makop,train,train,x86,makop,unified_mendeley
fc257f64a0279bb5ae221b968d3f38bbb7237a8475c165c5a8430fe6633e3fe6,makop__fc257f64a0279bb5ae221b968d3f38bbb7237a8475c165c5a8430fe6633e3fe6,mendeley_ransomware,1,makop,train,train,x86,makop,unified_mendeley
fe52d906fa596e7ae16633074ff7178b3ac40e26a93f0009f1b33d5cbf219e91,makop__fe52d906fa596e7ae16633074ff7178b3ac40e26a93f0009f1b33d5cbf219e91,mendeley_ransomware,1,makop,train,train,x86,makop,unified_mendeley
45d8ac1ac692d6bb0fe776620371fca02b60cac8db23c4cc7ab5df262da42b78,maui__45d8ac1ac692d6bb0fe776620371fca02b60cac8db23c4cc7ab5df262da42b78,mendeley_ransomware,1,maui,test,test,x86,maui,unified_mendeley
5b7ecf7e9d0715f1122baf4ce745c5fcd769dee48150616753fec4d6da16e99e,maui__5b7ecf7e9d0715f1122baf4ce745c5fcd769dee48150616753fec4d6da16e99e,mendeley_ransomware,1,maui,test,test,x86,maui,unified_mendeley
830207029d83fd46a4a89cd623103ba2321b866428aa04360376e6a390063570,maui__830207029d83fd46a4a89cd623103ba2321b866428aa04360376e6a390063570,mendeley_ransomware,1,maui,test,test,x86,maui,unified_mendeley
033d88301b55148a4498c2ec6b5209ad5f539c81b652e294889642a3aa0399c0,maze__033d88301b55148a4498c2ec6b5209ad5f539c81b652e294889642a3aa0399c0,mendeley_ransomware,1,maze,train,train,x86,maze,unified_mendeley
04e22ab46a8d5dc5fea6c41ea6fdc913b793a4e33df8f0bc1868b72b180c0e6e,maze__04e22ab46a8d5dc5fea6c41ea6fdc913b793a4e33df8f0bc1868b72b180c0e6e,mendeley_ransomware,1,maze,train,train,x86,maze,unified_mendeley
05297f8224bf663a3376a5983377e747a56256a18b30c914a2e10d5d5a144862,maze__05297f8224bf663a3376a5983377e747a56256a18b30c914a2e10d5d5a144862,mendeley_ransomware,1,maze,train,train,x86,maze,unified_mendeley
0624ac72025625c84cf14eb1bb30791f4c0ceb1114796c261fb2a02dc70fbac3,maze__0624ac72025625c84cf14eb1bb30791f4c0ceb1114796c261fb2a02dc70fbac3,mendeley_ransomware,1,maze,train,train,x86,maze,unified_mendeley
067f1b8f1e0b2bfe286f5169e17834e8cf7f4266b8d97f28ea78995dc81b0e7b,maze__067f1b8f1e0b2bfe286f5169e17834e8cf7f4266b8d97f28ea78995dc81b0e7b,mendeley_ransomware,1,maze,train,train,x86,maze,unified_mendeley
0b9c99276ed36110afc58b3fb59ada135146180189c25d99618ca5897537ee21,maze__0b9c99276ed36110afc58b3fb59ada135146180189c25d99618ca5897537ee21,mendeley_ransomware,1,maze,train,train,x86,maze,unified_mendeley
0f489f6c5423d2c671655b14237dff2bd14cd8261c96e9a8c170980913f8d57e,maze__0f489f6c5423d2c671655b14237dff2bd14cd8261c96e9a8c170980913f8d57e,mendeley_ransomware,1,maze,train,train,x86,maze,unified_mendeley
0fb01d846e2682ed2507367d2d4537c45800304410b270a13e94f1ca778d161e,maze__0fb01d846e2682ed2507367d2d4537c45800304410b270a13e94f1ca778d161e,mendeley_ransomware,1,maze,train,train,x86,maze,unified_mendeley
1156e9951df46c4854cf9bc5bb96101b0b923c4e10adcffc286a0a1078fcb3da,maze__1156e9951df46c4854cf9bc5bb96101b0b923c4e10adcffc286a0a1078fcb3da,mendeley_ransomware,1,maze,train,train,x86,maze,unified_mendeley
1161b030293e58d15b6a6a814a61a6432cf2c98ce9d156986157b432f3ebcf78,maze__1161b030293e58d15b6a6a814a61a6432cf2c98ce9d156986157b432f3ebcf78,mendeley_ransomware,1,maze,train,train,x86,maze,unified_mendeley
138e4c4e33a36e147d296a4d9695e3adf1a33611d97e0365dd3884be1c26c60e,maze__138e4c4e33a36e147d296a4d9695e3adf1a33611d97e0365dd3884be1c26c60e,mendeley_ransomware,1,maze,train,train,x86,maze,unified_mendeley
22ccc6a9a8834e08f190486524fb86b177f332b5835f4bd75f31b4b667271bb0,maze__22ccc6a9a8834e08f190486524fb86b177f332b5835f4bd75f31b4b667271bb0,mendeley_ransomware,1,maze,train,train,x86,maze,unified_mendeley
2a6c602769ac15bd837f9ff390acc443d023ee62f76e1be8236dd2dd957eef3d,maze__2a6c602769ac15bd837f9ff390acc443d023ee62f76e1be8236dd2dd957eef3d,mendeley_ransomware,1,maze,train,train,x86,maze,unified_mendeley
2c69536793ab6f3a38bd0ab79d70ad8fb271b975c8c707175246f11d5be22f8c,maze__2c69536793ab6f3a38bd0ab79d70ad8fb271b975c8c707175246f11d5be22f8c,mendeley_ransomware,1,maze,train,train,x86,maze,unified_mendeley
33afa2f1d53d5279b6fc87ce6834193fdd7e16e4b44e895aae4b9da00be0c502,maze__33afa2f1d53d5279b6fc87ce6834193fdd7e16e4b44e895aae4b9da00be0c502,mendeley_ransomware,1,maze,train,train,x86,maze,unified_mendeley
3645ca9ccd69bb7bef64843e8d79e20e98faee45c94f56dccb67a83616f8f827,maze__3645ca9ccd69bb7bef64843e8d79e20e98faee45c94f56dccb67a83616f8f827,mendeley_ransomware,1,maze,train,train,x86,maze,unified_mendeley
3885589a3c94d0475a6d994e4644e682f4cff93f8b4d65f37508ffe706861363,maze__3885589a3c94d0475a6d994e4644e682f4cff93f8b4d65f37508ffe706861363,mendeley_ransomware,1,maze,train,train,x86,maze,unified_mendeley
4263eacd358d5ef9efacff1f63ff79487639136c0268938755a4bfe3f5797167,maze__4263eacd358d5ef9efacff1f63ff79487639136c0268938755a4bfe3f5797167,mendeley_ransomware,1,maze,train,train,x86,maze,unified_mendeley
4674a5f259bdca4233d6e20c7797dd66db2a841be82dc9b73b71e04c51b546c9,maze__4674a5f259bdca4233d6e20c7797dd66db2a841be82dc9b73b71e04c51b546c9,mendeley_ransomware,1,maze,train,train,x86,maze,unified_mendeley
4744bd1157df9fd3864cd5cbfd46cfc167d7708ff6414aee4a034bbab1e03272,maze__4744bd1157df9fd3864cd5cbfd46cfc167d7708ff6414aee4a034bbab1e03272,mendeley_ransomware,1,maze,train,train,x86,maze,unified_mendeley
485da83d711d4f9b1f968c7c7e62b30a9987e7cc5a961e5b92a4ab9fcb11611d,maze__485da83d711d4f9b1f968c7c7e62b30a9987e7cc5a961e5b92a4ab9fcb11611d,mendeley_ransomware,1,maze,train,train,x86,maze,unified_mendeley
4a95493039deedeceb37ae0c4065f0c55dac7f6ec66a691acea0a693a830cfb0,maze__4a95493039deedeceb37ae0c4065f0c55dac7f6ec66a691acea0a693a830cfb0,mendeley_ransomware,1,maze,train,train,x86,maze,unified_mendeley
4c051e7271b06cf26f59d2076be6e543595ae8599d7c62b55dbfbc438d6e4fe8,maze__4c051e7271b06cf26f59d2076be6e543595ae8599d7c62b55dbfbc438d6e4fe8,mendeley_ransomware,1,maze,train,train,x86,maze,unified_mendeley
4debcfc3bae9fdb89f223c050e7b5ce3e63783ce811781e4721f112743fecebe,maze__4debcfc3bae9fdb89f223c050e7b5ce3e63783ce811781e4721f112743fecebe,mendeley_ransomware,1,maze,train,train,x86,maze,unified_mendeley
4e2554b448424859b508433e6c4a043718343febc7894a849f446dd197b47d1e,maze__4e2554b448424859b508433e6c4a043718343febc7894a849f446dd197b47d1e,mendeley_ransomware,1,maze,train,train,x86,maze,unified_mendeley
4feb2e00c0dc0c42f42fd2c93f48e350c37386768e7774f82cdc98c8bc8dbc69,maze__4feb2e00c0dc0c42f42fd2c93f48e350c37386768e7774f82cdc98c8bc8dbc69,mendeley_ransomware,1,maze,train,train,x86,maze,unified_mendeley
5094956aca00a39f205b83898e38dac3ef5c75781acf4c619af290079dea641b,maze__5094956aca00a39f205b83898e38dac3ef5c75781acf4c619af290079dea641b,mendeley_ransomware,1,maze,train,train,x86,maze,unified_mendeley
512cdfb0645fb0fe040c2ba7d37625cde03c2d0fe32966558f5374a19afa65ea,maze__512cdfb0645fb0fe040c2ba7d37625cde03c2d0fe32966558f5374a19afa65ea,mendeley_ransomware,1,maze,train,train,x86,maze,unified_mendeley
5acbcc1df967d37bf86e429030c9c8ad43e84c8ec5d74bfe3737816c74994c18,maze__5acbcc1df967d37bf86e429030c9c8ad43e84c8ec5d74bfe3737816c74994c18,mendeley_ransomware,1,maze,train,train,x86,maze,unified_mendeley
65c5d3e814ea91a79ce2864cd0e62c5683538d9724eb3122c5d9a3a4981ba52e,maze__65c5d3e814ea91a79ce2864cd0e62c5683538d9724eb3122c5d9a3a4981ba52e,mendeley_ransomware,1,maze,train,train,x86,maze,unified_mendeley
7619b76b2b82ebb0e4d682a63ba22c8d776718e4e94feb72f1219b2ca6bc2ac7,maze__7619b76b2b82ebb0e4d682a63ba22c8d776718e4e94feb72f1219b2ca6bc2ac7,mendeley_ransomware,1,maze,train,train,x86,maze,unified_mendeley
7642b9322ad6492c843c3f11c7c6c33157a903610cd1d7e8b46634330b355480,maze__7642b9322ad6492c843c3f11c7c6c33157a903610cd1d7e8b46634330b355480,mendeley_ransomware,1,maze,train,train,x86,maze,unified_mendeley
767e8ba21d351fa1d93dbd9224d60b29b806221c9c5d30f24c6a4a5f73f3a6c1,maze__767e8ba21d351fa1d93dbd9224d60b29b806221c9c5d30f24c6a4a5f73f3a6c1,mendeley_ransomware,1,maze,train,train,x86,maze,unified_mendeley
7f725e79ec9e7b2ffddb48296f6d9aeee9601a02a1645a20077844f1d9874684,maze__7f725e79ec9e7b2ffddb48296f6d9aeee9601a02a1645a20077844f1d9874684,mendeley_ransomware,1,maze,train,train,x86,maze,unified_mendeley
877c439da147bab8e2c32f03814e3973c22cbcd112d35bc2735b803ac9113da1,maze__877c439da147bab8e2c32f03814e3973c22cbcd112d35bc2735b803ac9113da1,mendeley_ransomware,1,maze,train,train,x86,maze,unified_mendeley
a0ec83d873925b445308815d6f0a6ea1eddb90e38bb484f3ded27c66092ce8c0,maze__a0ec83d873925b445308815d6f0a6ea1eddb90e38bb484f3ded27c66092ce8c0,mendeley_ransomware,1,maze,train,train,x86,maze,unified_mendeley
a6bf25b3bfc2ab57ad8c1c7e130379a3a4dc0a97b6b3da04e27db79ed361e697,maze__a6bf25b3bfc2ab57ad8c1c7e130379a3a4dc0a97b6b3da04e27db79ed361e697,mendeley_ransomware,1,maze,train,train,x86,maze,unified_mendeley
ac457fc7c907ca04a4aa2e243d4b5120c58d338b44771c84e0d282d625d463a0,maze__ac457fc7c907ca04a4aa2e243d4b5120c58d338b44771c84e0d282d625d463a0,mendeley_ransomware,1,maze,train,train,x86,maze,unified_mendeley
b62c47fe08cdb67d2a9754ea95ce87aeb7bfb6a7fd0ae10e919494d4bbd234a0,maze__b62c47fe08cdb67d2a9754ea95ce87aeb7bfb6a7fd0ae10e919494d4bbd234a0,mendeley_ransomware,1,maze,train,train,x86,maze,unified_mendeley
b8522cf655bc40aeb9e0f0ed9f5e423dc6f7148f2525ec2609d1f2d75c55772d,maze__b8522cf655bc40aeb9e0f0ed9f5e423dc6f7148f2525ec2609d1f2d75c55772d,mendeley_ransomware,1,maze,train,train,x64,maze,unified_mendeley
c212469a0a0f7956bb05cf955b846d31f905df8458f09645f3da51cd341a8fe5,maze__c212469a0a0f7956bb05cf955b846d31f905df8458f09645f3da51cd341a8fe5,mendeley_ransomware,1,maze,train,train,x86,maze,unified_mendeley
c926460840e4a88cd8f45cfabd4e59dcf804f97e502d773ee528c7dd7dd80ace,maze__c926460840e4a88cd8f45cfabd4e59dcf804f97e502d773ee528c7dd7dd80ace,mendeley_ransomware,1,maze,train,train,x86,maze,unified_mendeley
d65fa9ed1220cfa12d22239ca62a4b5978bb613090fc1dcb0cccdf191151d125,maze__d65fa9ed1220cfa12d22239ca62a4b5978bb613090fc1dcb0cccdf191151d125,mendeley_ransomware,1,maze,train,train,x86,maze,unified_mendeley
ddf779192b026a7c9e207b4fa65a8cf134cb4a6ed21aa768958a8cb8332fef69,maze__ddf779192b026a7c9e207b4fa65a8cf134cb4a6ed21aa768958a8cb8332fef69,mendeley_ransomware,1,maze,train,train,x86,maze,unified_mendeley
e8a091a84dd2ea7ee429135ff48e9f48f7787637ccb79f6c3eb42f34588bc684,maze__e8a091a84dd2ea7ee429135ff48e9f48f7787637ccb79f6c3eb42f34588bc684,mendeley_ransomware,1,maze,train,train,x86,maze,unified_mendeley
ecd04ebbb3df053ce4efa2b73912fd4d086d1720f9b410235ee9c1e529ea52a2,maze__ecd04ebbb3df053ce4efa2b73912fd4d086d1720f9b410235ee9c1e529ea52a2,mendeley_ransomware,1,maze,train,train,x86,maze,unified_mendeley
f03172bd32ed16df6dda8e8146d24b073b864da59d669218fcc5e97835a5e956,maze__f03172bd32ed16df6dda8e8146d24b073b864da59d669218fcc5e97835a5e956,mendeley_ransomware,1,maze,train,train,x86,maze,unified_mendeley
00ed4c347cd62526226363a0aceb851b2ef7e3a4da78433a28f2cd6cbd5f1b99,mountlocker__00ed4c347cd62526226363a0aceb851b2ef7e3a4da78433a28f2cd6cbd5f1b99,mendeley_ransomware,1,mountlocker,val,train,x64,mountlocker,unified_mendeley
0aa8099c5a65062ba4baec8274e1a0650ff36e757a91312e1755fded50a79d47,mountlocker__0aa8099c5a65062ba4baec8274e1a0650ff36e757a91312e1755fded50a79d47,mendeley_ransomware,1,mountlocker,val,train,x64,mountlocker,unified_mendeley
187610fb06cc60c73c0062b593c5fe3ba29e0436e396969feb9ed25391ff7e8b,mountlocker__187610fb06cc60c73c0062b593c5fe3ba29e0436e396969feb9ed25391ff7e8b,mendeley_ransomware,1,mountlocker,val,train,x64,mountlocker,unified_mendeley
226a723ffb4a91d9950a8b266167c5b354ab0db1dc225578494917fe53867ef2,mountlocker__226a723ffb4a91d9950a8b266167c5b354ab0db1dc225578494917fe53867ef2,mendeley_ransomware,1,mountlocker,val,train,x86,mountlocker,unified_mendeley
4a5ac3c6f8383cc33c795804ba5f7f5553c029bbb4a6d28f1e4d8fb5107902c1,mountlocker__4a5ac3c6f8383cc33c795804ba5f7f5553c029bbb4a6d28f1e4d8fb5107902c1,mendeley_ransomware,1,mountlocker,val,train,x64,mountlocker,unified_mendeley
4b917b60f4df6d6d08e895d179a22dcb7c38c6a6a6f39c96c3ded10368d86273,mountlocker__4b917b60f4df6d6d08e895d179a22dcb7c38c6a6a6f39c96c3ded10368d86273,mendeley_ransomware,1,mountlocker,val,train,x86,mountlocker,unified_mendeley
5eae13527d4e39059025c3e56dad966cf67476fe7830090e40c14d0a4046adf0,mountlocker__5eae13527d4e39059025c3e56dad966cf67476fe7830090e40c14d0a4046adf0,mendeley_ransomware,1,mountlocker,val,train,x64,mountlocker,unified_mendeley
8b539f3ba05fe82c4f992ffbeb6ab55151b36dce2d03b64721e966dedf82be81,mountlocker__8b539f3ba05fe82c4f992ffbeb6ab55151b36dce2d03b64721e966dedf82be81,mendeley_ransomware,1,mountlocker,val,train,x64,mountlocker,unified_mendeley
96056182d93b582b3d56bd82a560bafd5cde413c4ca216f4f62ab446c61c9b6a,mountlocker__96056182d93b582b3d56bd82a560bafd5cde413c4ca216f4f62ab446c61c9b6a,mendeley_ransomware,1,mountlocker,val,train,x86,mountlocker,unified_mendeley
b26749b17ca691328ba67ee49d4d9997c101966c607ab578afad204459b7bf8f,mountlocker__b26749b17ca691328ba67ee49d4d9997c101966c607ab578afad204459b7bf8f,mendeley_ransomware,1,mountlocker,val,train,x86,mountlocker,unified_mendeley
d228d35fcc1dfff6e5cb2a251f6dd4b1306f9e21faffe99bef0fd0aedd830e4e,mountlocker__d228d35fcc1dfff6e5cb2a251f6dd4b1306f9e21faffe99bef0fd0aedd830e4e,mendeley_ransomware,1,mountlocker,val,train,x64,mountlocker,unified_mendeley
e435a95489a4ebdfdc12031091f92a7f9c5e3f6cc9b55355ee4030d82553e9ac,mountlocker__e435a95489a4ebdfdc12031091f92a7f9c5e3f6cc9b55355ee4030d82553e9ac,mendeley_ransomware,1,mountlocker,val,train,x64,mountlocker,unified_mendeley
e7c277aae66085f1e0c4789fe51cac50e3ea86d79c8a242ffc066ed0b0548037,mountlocker__e7c277aae66085f1e0c4789fe51cac50e3ea86d79c8a242ffc066ed0b0548037,mendeley_ransomware,1,mountlocker,val,train,x86,mountlocker,unified_mendeley
f570d5b17671e6f3e56eae6ad87be3a6bbfac46c677e478618afd9f59bf35963,mountlocker__f570d5b17671e6f3e56eae6ad87be3a6bbfac46c677e478618afd9f59bf35963,mendeley_ransomware,1,mountlocker,val,train,x64,mountlocker,unified_mendeley
006c9ba4ca0218e7bd2c7c21653497d3215bbeefbc1f5c2781549b306bab8e5e,nefilim__006c9ba4ca0218e7bd2c7c21653497d3215bbeefbc1f5c2781549b306bab8e5e,mendeley_ransomware,1,nefilim,train,train,x64,nefilim,unified_mendeley
08c7dfde13ade4b13350ae290616d7c2f4a87cbeac9a3886e90a175ee40fb641,nefilim__08c7dfde13ade4b13350ae290616d7c2f4a87cbeac9a3886e90a175ee40fb641,mendeley_ransomware,1,nefilim,train,train,x86,nefilim,unified_mendeley
0bafde9b22d7147de8fdb852bcd529b1730acddc9eb71316b66c180106f777f5,nefilim__0bafde9b22d7147de8fdb852bcd529b1730acddc9eb71316b66c180106f777f5,mendeley_ransomware,1,nefilim,train,train,x64,nefilim,unified_mendeley
148845af1fc1221f27992cac24273aada38ef2482624850897bce87413f79888,nefilim__148845af1fc1221f27992cac24273aada38ef2482624850897bce87413f79888,mendeley_ransomware,1,nefilim,train,train,x86,nefilim,unified_mendeley
1e519cc1c302778535315ebfb4d6b1113ee81904644a8be5afa67bdd9474827a,nefilim__1e519cc1c302778535315ebfb4d6b1113ee81904644a8be5afa67bdd9474827a,mendeley_ransomware,1,nefilim,train,train,x86,nefilim,unified_mendeley
24ada19b269279612370bdf16f2becc1d5b7e0f69821050e2d9b48cfc874dca0,nefilim__24ada19b269279612370bdf16f2becc1d5b7e0f69821050e2d9b48cfc874dca0,mendeley_ransomware,1,nefilim,train,train,x86,nefilim,unified_mendeley
2d4b2b807ace9dfc3f13962c65f1b6b9b6ba80394c517729ada50d6302792d9c,nefilim__2d4b2b807ace9dfc3f13962c65f1b6b9b6ba80394c517729ada50d6302792d9c,mendeley_ransomware,1,nefilim,train,train,x64,nefilim,unified_mendeley
353ee5805bc5c7a98fb5d522b15743055484dc47144535628d102a4098532cd5,nefilim__353ee5805bc5c7a98fb5d522b15743055484dc47144535628d102a4098532cd5,mendeley_ransomware,1,nefilim,train,train,x86,nefilim,unified_mendeley
3bac058dbea51f52ce154fed0325fd835f35c1cd521462ce048b41c9b099e1e5,nefilim__3bac058dbea51f52ce154fed0325fd835f35c1cd521462ce048b41c9b099e1e5,mendeley_ransomware,1,nefilim,train,train,x86,nefilim,unified_mendeley
45e35c9b095871fbc9b85afff4e79dd36b7812b96a302e1ccc65ce7668667fe6,nefilim__45e35c9b095871fbc9b85afff4e79dd36b7812b96a302e1ccc65ce7668667fe6,mendeley_ransomware,1,nefilim,train,train,x86,nefilim,unified_mendeley
511fee839098dfa28dd859ffd3ece5148be13bfb83baa807ed7cac2200103390,nefilim__511fee839098dfa28dd859ffd3ece5148be13bfb83baa807ed7cac2200103390,mendeley_ransomware,1,nefilim,train,train,x64,nefilim,unified_mendeley
52e25bdd600695cfed0d4ee3aca4f121bfebf0de889593e6ba06282845cf39ea,nefilim__52e25bdd600695cfed0d4ee3aca4f121bfebf0de889593e6ba06282845cf39ea,mendeley_ransomware,1,nefilim,train,train,x86,nefilim,unified_mendeley
7a73032ece59af3316c4a64490344ee111e4cb06aaf00b4a96c10adfdd655599,nefilim__7a73032ece59af3316c4a64490344ee111e4cb06aaf00b4a96c10adfdd655599,mendeley_ransomware,1,nefilim,train,train,x86,nefilim,unified_mendeley
7de8ca88e240fb905fc2e8fd5db6c5af82d8e21556f0ae36d055f623128c3377,nefilim__7de8ca88e240fb905fc2e8fd5db6c5af82d8e21556f0ae36d055f623128c3377,mendeley_ransomware,1,nefilim,train,train,x86,nefilim,unified_mendeley
8be1c54a1a4d07c84b7454e789a26f04a30ca09933b41475423167e232abea2b,nefilim__8be1c54a1a4d07c84b7454e789a26f04a30ca09933b41475423167e232abea2b,mendeley_ransomware,1,nefilim,train,train,x86,nefilim,unified_mendeley
9093233af919545a06bb718dd45e2b033be1caaf0844eec11c1f4cb8c0df3527,nefilim__9093233af919545a06bb718dd45e2b033be1caaf0844eec11c1f4cb8c0df3527,mendeley_ransomware,1,nefilim,train,train,x64,nefilim,unified_mendeley
9c6b020769101b8274ec0814628a42efb45fce1798a3d5abf35a78021ec3eca4,nefilim__9c6b020769101b8274ec0814628a42efb45fce1798a3d5abf35a78021ec3eca4,mendeley_ransomware,1,nefilim,train,train,x86,nefilim,unified_mendeley
9e6be0a3bf10410a43c979902507647a4e4f4625a1470ad1ed90e460183b5995,nefilim__9e6be0a3bf10410a43c979902507647a4e4f4625a1470ad1ed90e460183b5995,mendeley_ransomware,1,nefilim,train,train,x86,nefilim,unified_mendeley
a2fe2942436546be34c1f83639f1624cae786ab2a57a29a75f27520792cbf3da,nefilim__a2fe2942436546be34c1f83639f1624cae786ab2a57a29a75f27520792cbf3da,mendeley_ransomware,1,nefilim,train,train,x86,nefilim,unified_mendeley
a51fec27e478a1908fc58c96eb14f3719608ed925f1b44eb67bbcc67bd4c4099,nefilim__a51fec27e478a1908fc58c96eb14f3719608ed925f1b44eb67bbcc67bd4c4099,mendeley_ransomware,1,nefilim,train,train,x86,nefilim,unified_mendeley
b227fa0485e34511627a8a4a7d3f1abb6231517be62d022916273b7a51b80a17,nefilim__b227fa0485e34511627a8a4a7d3f1abb6231517be62d022916273b7a51b80a17,mendeley_ransomware,1,nefilim,train,train,x86,nefilim,unified_mendeley
b8066b7ec376bc5928d78693d236dbf47414571df05f818a43fb5f52136e8f2e,nefilim__b8066b7ec376bc5928d78693d236dbf47414571df05f818a43fb5f52136e8f2e,mendeley_ransomware,1,nefilim,train,train,x86,nefilim,unified_mendeley
c2b9f3b84e3e990e2c225e05ea65e7a3aaaf5a688864d0ee68ed2eece557fac0,nefilim__c2b9f3b84e3e990e2c225e05ea65e7a3aaaf5a688864d0ee68ed2eece557fac0,mendeley_ransomware,1,nefilim,train,train,x64,nefilim,unified_mendeley
c81c2c539ccba4c38add72e271fe63a2e389f2f645050289257fc6af4f47a82e,nefilim__c81c2c539ccba4c38add72e271fe63a2e389f2f645050289257fc6af4f47a82e,mendeley_ransomware,1,nefilim,train,train,x64,nefilim,unified_mendeley
d4492a9eb36f87a9b3156b59052ebaf10e264d5d1ce4c015a6b0d205614e58e3,nefilim__d4492a9eb36f87a9b3156b59052ebaf10e264d5d1ce4c015a6b0d205614e58e3,mendeley_ransomware,1,nefilim,train,train,x86,nefilim,unified_mendeley
d7730301815e33bd571c6ef6db91534de5b4a0e7a0f4eab41f2e5d6d6f330df2,nefilim__d7730301815e33bd571c6ef6db91534de5b4a0e7a0f4eab41f2e5d6d6f330df2,mendeley_ransomware,1,nefilim,train,train,x86,nefilim,unified_mendeley
dda5c2bcd1a1bacd2381fef6801e482bc3c3c39692b2ed9b2f5ba6acc149c193,nefilim__dda5c2bcd1a1bacd2381fef6801e482bc3c3c39692b2ed9b2f5ba6acc149c193,mendeley_ransomware,1,nefilim,train,train,x64,nefilim,unified_mendeley
e3dfc0485c5ecbeeb9a71473a25a6a8cdf616b7f05d66788ed6e6ade76aaf1af,nefilim__e3dfc0485c5ecbeeb9a71473a25a6a8cdf616b7f05d66788ed6e6ade76aaf1af,mendeley_ransomware,1,nefilim,train,train,x86,nefilim,unified_mendeley
e508f4cda8e32c9b0b6112865b955ff88fbc5b2cfdd27cc09121108a782badc5,nefilim__e508f4cda8e32c9b0b6112865b955ff88fbc5b2cfdd27cc09121108a782badc5,mendeley_ransomware,1,nefilim,train,train,x86,nefilim,unified_mendeley
e7782335cc26b9362ec4525d23f0e6c1bf32b0cadcfa2d95f4955aed2e350cfd,nefilim__e7782335cc26b9362ec4525d23f0e6c1bf32b0cadcfa2d95f4955aed2e350cfd,mendeley_ransomware,1,nefilim,train,train,x86,nefilim,unified_mendeley
e7ccbcc9f500272f8b6422e9900c5131768cc9ca074e6cb8cc92bce385a7ee2e,nefilim__e7ccbcc9f500272f8b6422e9900c5131768cc9ca074e6cb8cc92bce385a7ee2e,mendeley_ransomware,1,nefilim,train,train,x64,nefilim,unified_mendeley
eacbf729bb96cf2eddac62806a555309d08a705f6084dd98c7cf93503927c34f,nefilim__eacbf729bb96cf2eddac62806a555309d08a705f6084dd98c7cf93503927c34f,mendeley_ransomware,1,nefilim,train,train,x86,nefilim,unified_mendeley
eb9a7ce77f7475b7652a66e548af6d7271ccadb35f2f947a4dfe63e522274374,nefilim__eb9a7ce77f7475b7652a66e548af6d7271ccadb35f2f947a4dfe63e522274374,mendeley_ransomware,1,nefilim,train,train,x86,nefilim,unified_mendeley
f9ed3c070a2731acbfef6d4b2af980b6e922b2dda0e9227e02f4b4f3821f4b17,nefilim__f9ed3c070a2731acbfef6d4b2af980b6e922b2dda0e9227e02f4b4f3821f4b17,mendeley_ransomware,1,nefilim,train,train,x64,nefilim,unified_mendeley
fb3f622cf5557364a0a3abacc3e9acf399b3631bf3630acb8132514c486751e7,nefilim__fb3f622cf5557364a0a3abacc3e9acf399b3631bf3630acb8132514c486751e7,mendeley_ransomware,1,nefilim,train,train,x64,nefilim,unified_mendeley
fcc2921020690a58c60eba35df885e575669e9803212f7791d7e1956f9bf8020,nefilim__fcc2921020690a58c60eba35df885e575669e9803212f7791d7e1956f9bf8020,mendeley_ransomware,1,nefilim,train,train,x86,nefilim,unified_mendeley
fdaefa45c8679a161c6590b8f5bb735c12c9768172f81c930bb68c93a53002f7,nefilim__fdaefa45c8679a161c6590b8f5bb735c12c9768172f81c930bb68c93a53002f7,mendeley_ransomware,1,nefilim,train,train,x86,nefilim,unified_mendeley
02cb34da6e620d9428f9c8f375fe96a397464d272f723abd8296c4b420fb0e77,netwalker__02cb34da6e620d9428f9c8f375fe96a397464d272f723abd8296c4b420fb0e77,mendeley_ransomware,1,netwalker,train,train,x86,netwalker,unified_mendeley
07b743dffd93be79b3ae4e8d5e0f05aec66af1115c4ec070df4cd35e800452d7,netwalker__07b743dffd93be79b3ae4e8d5e0f05aec66af1115c4ec070df4cd35e800452d7,mendeley_ransomware,1,netwalker,train,train,x86,netwalker,unified_mendeley
0afd99c3f7593c760c4001313963f3e7fd709ca56046044033d790602a8cb378,netwalker__0afd99c3f7593c760c4001313963f3e7fd709ca56046044033d790602a8cb378,mendeley_ransomware,1,netwalker,train,train,x86,netwalker,unified_mendeley
0d7ee7ce88e790ad66aa53589f5a2638207bc3adf2eb4f8a813fd52b5b22ba27,netwalker__0d7ee7ce88e790ad66aa53589f5a2638207bc3adf2eb4f8a813fd52b5b22ba27,mendeley_ransomware,1,netwalker,train,train,x86,netwalker,unified_mendeley
162ae350c47c2e14864d0c0f927bf424eb6b844017329c9b1e216f3e2d724d98,netwalker__162ae350c47c2e14864d0c0f927bf424eb6b844017329c9b1e216f3e2d724d98,mendeley_ransomware,1,netwalker,train,train,x86,netwalker,unified_mendeley
209779474d4b8e7246245092e7d094ce5730c5c1d36bc03d9b8120f211dc3ebe,netwalker__209779474d4b8e7246245092e7d094ce5730c5c1d36bc03d9b8120f211dc3ebe,mendeley_ransomware,1,netwalker,train,train,x86,netwalker,unified_mendeley
22a5872ba6adfe449e46d9a223cb7567697e30f89d6d42095e48de3033359de3,netwalker__22a5872ba6adfe449e46d9a223cb7567697e30f89d6d42095e48de3033359de3,mendeley_ransomware,1,netwalker,train,train,x86,netwalker,unified_mendeley
346fdff8d24cbb7ebd56f60933beca37a4437b5e1eb6e64f7ab21d48c862b5b7,netwalker__346fdff8d24cbb7ebd56f60933beca37a4437b5e1eb6e64f7ab21d48c862b5b7,mendeley_ransomware,1,netwalker,train,train,x86,netwalker,unified_mendeley
352cd5d318e4cff15910dc70b609ef9bf1d1ee0b7f01e186bedb5e7d245e3ec6,netwalker__352cd5d318e4cff15910dc70b609ef9bf1d1ee0b7f01e186bedb5e7d245e3ec6,mendeley_ransomware,1,netwalker,train,train,x86,netwalker,unified_mendeley
444169e156b48a54e9f96b6b3a1c333670546663c8a2e14e561884c052420043,netwalker__444169e156b48a54e9f96b6b3a1c333670546663c8a2e14e561884c052420043,mendeley_ransomware,1,netwalker,train,train,x86,netwalker,unified_mendeley
44b5d24e5e8fd8e8ee7141f970f76a13c89dd26c44b336dc9d6b61fda3abf335,netwalker__44b5d24e5e8fd8e8ee7141f970f76a13c89dd26c44b336dc9d6b61fda3abf335,mendeley_ransomware,1,netwalker,train,train,x86,netwalker,unified_mendeley
46dbb7709411b1429233e0d8d33a02cccd54005a2b4015dcfa8a890252177df9,netwalker__46dbb7709411b1429233e0d8d33a02cccd54005a2b4015dcfa8a890252177df9,mendeley_ransomware,1,netwalker,train,train,x86,netwalker,unified_mendeley
4abf2d4b604ad5c3dca0006e9762562ea104e76e7c0dcfa8fddafda8b11b2eaf,netwalker__4abf2d4b604ad5c3dca0006e9762562ea104e76e7c0dcfa8fddafda8b11b2eaf,mendeley_ransomware,1,netwalker,train,train,x86,netwalker,unified_mendeley
4f7bdda79e389d6660fca8e2a90a175307a7f615fa7673b10ee820d9300b5c60,netwalker__4f7bdda79e389d6660fca8e2a90a175307a7f615fa7673b10ee820d9300b5c60,mendeley_ransomware,1,netwalker,train,train,x86,netwalker,unified_mendeley
573873b7b2fbb390ff21bb4e986f69fa25a1f3eea2c5fe446d46c186ab92257d,netwalker__573873b7b2fbb390ff21bb4e986f69fa25a1f3eea2c5fe446d46c186ab92257d,mendeley_ransomware,1,netwalker,train,train,x86,netwalker,unified_mendeley
5d869c0e077596bf0834f08dce062af1477bf09c8f6aa0a45d6a080478e45512,netwalker__5d869c0e077596bf0834f08dce062af1477bf09c8f6aa0a45d6a080478e45512,mendeley_ransomware,1,netwalker,train,train,x86,netwalker,unified_mendeley
5e03e3d93a456405952cdadee3018043789f118b871b93d113ce371c079f19dd,netwalker__5e03e3d93a456405952cdadee3018043789f118b871b93d113ce371c079f19dd,mendeley_ransomware,1,netwalker,train,train,x86,netwalker,unified_mendeley
61d26a517d9a6dfaa47a65828a244f122d89e565dd86a2a6ac860aa95d9304a4,netwalker__61d26a517d9a6dfaa47a65828a244f122d89e565dd86a2a6ac860aa95d9304a4,mendeley_ransomware,1,netwalker,train,train,x86,netwalker,unified_mendeley
62df5824be844b16d99bf4a59e6bf51bcaa7a2c2f4852d983bc33eaf60a9c5ca,netwalker__62df5824be844b16d99bf4a59e6bf51bcaa7a2c2f4852d983bc33eaf60a9c5ca,mendeley_ransomware,1,netwalker,train,train,x86,netwalker,unified_mendeley
63ad8faf3c2b306ccd8aa7874e24e7d48e0f6bbeeb37adab26c2efa1410022c4,netwalker__63ad8faf3c2b306ccd8aa7874e24e7d48e0f6bbeeb37adab26c2efa1410022c4,mendeley_ransomware,1,netwalker,train,train,x86,netwalker,unified_mendeley
6bd34d33ccb47430751ae964ca56ec206da0fa3bdc5eb670fc54edf4c11629bc,netwalker__6bd34d33ccb47430751ae964ca56ec206da0fa3bdc5eb670fc54edf4c11629bc,mendeley_ransomware,1,netwalker,train,train,x86,netwalker,unified_mendeley
6c39c5f5d143700d4ad43b0aa7fb6a51e77817060467cf3462ef037176e1f50f,netwalker__6c39c5f5d143700d4ad43b0aa7fb6a51e77817060467cf3462ef037176e1f50f,mendeley_ransomware,1,netwalker,train,train,x86,netwalker,unified_mendeley
6f89cfef50cadb9e7e986ec913eb8c68bb14af5c576fe98dbe41060edf3cfe8a,netwalker__6f89cfef50cadb9e7e986ec913eb8c68bb14af5c576fe98dbe41060edf3cfe8a,mendeley_ransomware,1,netwalker,train,train,x86,netwalker,unified_mendeley
75ef9e3e44ac11bb06f499b9f4f43a4cc331887529b81d0e62aef87178ca5e65,netwalker__75ef9e3e44ac11bb06f499b9f4f43a4cc331887529b81d0e62aef87178ca5e65,mendeley_ransomware,1,netwalker,train,train,x86,netwalker,unified_mendeley
84b8dbafd5cd64fb300b30bf943430a18f34cad3f0d8f7251d34354fea85aab2,netwalker__84b8dbafd5cd64fb300b30bf943430a18f34cad3f0d8f7251d34354fea85aab2,mendeley_ransomware,1,netwalker,train,train,x86,netwalker,unified_mendeley
853fa18adc3f9263a0f98a9a257dd70d7e1aee0545ab47a114f44506482bd188,netwalker__853fa18adc3f9263a0f98a9a257dd70d7e1aee0545ab47a114f44506482bd188,mendeley_ransomware,1,netwalker,train,train,x86,netwalker,unified_mendeley
8587037c15463d10a17094ef8fa9f608cc20c99fa0206ce496b412f8c7f4a1b8,netwalker__8587037c15463d10a17094ef8fa9f608cc20c99fa0206ce496b412f8c7f4a1b8,mendeley_ransomware,1,netwalker,train,train,x86,netwalker,unified_mendeley
868cb8251a245c416cd92fcbd3e30aa7b7ca7c271760fa120d2435fd3bf2fde9,netwalker__868cb8251a245c416cd92fcbd3e30aa7b7ca7c271760fa120d2435fd3bf2fde9,mendeley_ransomware,1,netwalker,train,train,x86,netwalker,unified_mendeley
882e89ea1b8d70646bdf6476d8cb46991b950f27e03e93bf49ea3209c2d69581,netwalker__882e89ea1b8d70646bdf6476d8cb46991b950f27e03e93bf49ea3209c2d69581,mendeley_ransomware,1,netwalker,train,train,x86,netwalker,unified_mendeley
8f06645838d3d75e44d4527e2928c71af0a7214254867379359eb3e46109cbde,netwalker__8f06645838d3d75e44d4527e2928c71af0a7214254867379359eb3e46109cbde,mendeley_ransomware,1,netwalker,train,train,x86,netwalker,unified_mendeley
98cf38865117a3e333df1fb0a538b97f66fea568746fefb697e76ca8c686a3e3,netwalker__98cf38865117a3e333df1fb0a538b97f66fea568746fefb697e76ca8c686a3e3,mendeley_ransomware,1,netwalker,train,train,x86,netwalker,unified_mendeley
a8c4b8096fd12078acf5f08230e561381fe8d0859a5949825ab411f6312f5da5,netwalker__a8c4b8096fd12078acf5f08230e561381fe8d0859a5949825ab411f6312f5da5,mendeley_ransomware,1,netwalker,train,train,x86,netwalker,unified_mendeley
a9a147313861a5a4e7abd76b3287ce5f6183966b89c5ca95c0e0cf587f40189d,netwalker__a9a147313861a5a4e7abd76b3287ce5f6183966b89c5ca95c0e0cf587f40189d,mendeley_ransomware,1,netwalker,train,train,x86,netwalker,unified_mendeley
ac0882d87027ac22fc79cfe2d55d9a9d097d0f8eb425cf182de1b872080930ec,netwalker__ac0882d87027ac22fc79cfe2d55d9a9d097d0f8eb425cf182de1b872080930ec,mendeley_ransomware,1,netwalker,train,train,x86,netwalker,unified_mendeley
b2d68a79a621c3f9e46f9df52ed19b8fec22c3cf5f4e3d8630a2bc68fd43d2ee,netwalker__b2d68a79a621c3f9e46f9df52ed19b8fec22c3cf5f4e3d8630a2bc68fd43d2ee,mendeley_ransomware,1,netwalker,train,train,x86,netwalker,unified_mendeley
b587d049e9fae11f4fe70d5f6c9007f99483f683ee55217110094206bd6a92f2,netwalker__b587d049e9fae11f4fe70d5f6c9007f99483f683ee55217110094206bd6a92f2,mendeley_ransomware,1,netwalker,train,train,x86,netwalker,unified_mendeley
b96ee4a55d59836de7851f99a18324c6aa8bc223fb581f1875db631d0c914425,netwalker__b96ee4a55d59836de7851f99a18324c6aa8bc223fb581f1875db631d0c914425,mendeley_ransomware,1,netwalker,train,train,x86,netwalker,unified_mendeley
bd3fdf1b50911d537a97cb93db13f2b4026f109ed23a393f262621faed81dae1,netwalker__bd3fdf1b50911d537a97cb93db13f2b4026f109ed23a393f262621faed81dae1,mendeley_ransomware,1,netwalker,train,train,x86,netwalker,unified_mendeley
bde6a59a4611aba5862ce66aef2fb12d841ad0ba0ad0a590b26eaddb7ad52a9e,netwalker__bde6a59a4611aba5862ce66aef2fb12d841ad0ba0ad0a590b26eaddb7ad52a9e,mendeley_ransomware,1,netwalker,train,train,x86,netwalker,unified_mendeley
c21ecd18f0bbb28112240013ad42dad5c01d20927791239ada5b61e1c6f5f010,netwalker__c21ecd18f0bbb28112240013ad42dad5c01d20927791239ada5b61e1c6f5f010,mendeley_ransomware,1,netwalker,train,train,x86,netwalker,unified_mendeley
ce399a2d07c0851164bd8cc9e940b84b88c43ef564846ca654df4abf36c278e6,netwalker__ce399a2d07c0851164bd8cc9e940b84b88c43ef564846ca654df4abf36c278e6,mendeley_ransomware,1,netwalker,train,train,x86,netwalker,unified_mendeley
d5c106719e9c8878795899bede78505796659b1b347fe9374d8b2061fcc6a84c,netwalker__d5c106719e9c8878795899bede78505796659b1b347fe9374d8b2061fcc6a84c,mendeley_ransomware,1,netwalker,train,train,x86,netwalker,unified_mendeley
d7c7947d060da8f4207e7e919e8f777f6f8ea475085291d5a547546a39a096fc,netwalker__d7c7947d060da8f4207e7e919e8f777f6f8ea475085291d5a547546a39a096fc,mendeley_ransomware,1,netwalker,train,train,x86,netwalker,unified_mendeley
de04d2402154f676f757cf1380671f396f3fc9f7dbb683d9461edd2718c4e09d,netwalker__de04d2402154f676f757cf1380671f396f3fc9f7dbb683d9461edd2718c4e09d,mendeley_ransomware,1,netwalker,train,train,x86,netwalker,unified_mendeley
e01691e3b7d9d1c6de7e0ef902bf609543cdf084e600fd0a3833deaa501464ee,netwalker__e01691e3b7d9d1c6de7e0ef902bf609543cdf084e600fd0a3833deaa501464ee,mendeley_ransomware,1,netwalker,train,train,x86,netwalker,unified_mendeley
e7dfaf7ac518e174e42e59d45c179d083ad53eead79ed4420e311441e1af79d4,netwalker__e7dfaf7ac518e174e42e59d45c179d083ad53eead79ed4420e311441e1af79d4,mendeley_ransomware,1,netwalker,train,train,x86,netwalker,unified_mendeley
ee531cd7011cb5c2625d40892b70cf7e3860dbb92648391068e1f340e5d6c47f,netwalker__ee531cd7011cb5c2625d40892b70cf7e3860dbb92648391068e1f340e5d6c47f,mendeley_ransomware,1,netwalker,train,train,x86,netwalker,unified_mendeley
f2215e1a848bc5a5d172745201ea428b1d16fee7c814c5c5180a94a134592e86,netwalker__f2215e1a848bc5a5d172745201ea428b1d16fee7c814c5c5180a94a134592e86,mendeley_ransomware,1,netwalker,train,train,x86,netwalker,unified_mendeley
f298725e197f974b7a8407c5d79114a4ac322c573813d543141ccf1d9119dd8b,netwalker__f298725e197f974b7a8407c5d79114a4ac322c573813d543141ccf1d9119dd8b,mendeley_ransomware,1,netwalker,train,train,x86,netwalker,unified_mendeley
fd3489f6067ef7ca3999776205839424cb7349134baaeb693abcecaa2c5bf913,netwalker__fd3489f6067ef7ca3999776205839424cb7349134baaeb693abcecaa2c5bf913,mendeley_ransomware,1,netwalker,train,train,x86,netwalker,unified_mendeley
03bb4d5c0179fdceacc5df7645e6e7fa93e931ac9beb1968c7bbe40ba3499194,phobos__03bb4d5c0179fdceacc5df7645e6e7fa93e931ac9beb1968c7bbe40ba3499194,mendeley_ransomware,1,phobos,train,train,x86,phobos,unified_mendeley
03d7a1c01a60f9718304c719a5734516e5e3f43ea0547f48e4462a063d986cfb,phobos__03d7a1c01a60f9718304c719a5734516e5e3f43ea0547f48e4462a063d986cfb,mendeley_ransomware,1,phobos,train,train,x86,phobos,unified_mendeley
0aeebdda8c7a94d43b965e60582de8a1a0d47810dbea9cdf66d6d8e3883a8b8f,phobos__0aeebdda8c7a94d43b965e60582de8a1a0d47810dbea9cdf66d6d8e3883a8b8f,mendeley_ransomware,1,phobos,train,train,x86,phobos,unified_mendeley
0b3f4c353eef59e7c2cf0e211de11fe646d9fd20289f2bea7005b35aa6247a4a,phobos__0b3f4c353eef59e7c2cf0e211de11fe646d9fd20289f2bea7005b35aa6247a4a,mendeley_ransomware,1,phobos,train,train,x86,phobos,unified_mendeley
0b4c743246478a6a8c9fa3ff8e04f297507c2f0ea5d61a1284fe65387d172f81,phobos__0b4c743246478a6a8c9fa3ff8e04f297507c2f0ea5d61a1284fe65387d172f81,mendeley_ransomware,1,phobos,train,train,x86,phobos,unified_mendeley
17cde554e888f4d8aba412d384577e57f875bc8424b68c5a1fd0f03cac112015,phobos__17cde554e888f4d8aba412d384577e57f875bc8424b68c5a1fd0f03cac112015,mendeley_ransomware,1,phobos,train,train,x86,phobos,unified_mendeley
265d1ae339e9397976d9328b2c84aca61a7cb6c0bca9f2f8dc213678e2b2ad86,phobos__265d1ae339e9397976d9328b2c84aca61a7cb6c0bca9f2f8dc213678e2b2ad86,mendeley_ransomware,1,phobos,train,train,x86,phobos,unified_mendeley
2704e269fb5cf9a02070a0ea07d82dc9d87f2cb95e60cb71d6c6d38b01869f66,phobos__2704e269fb5cf9a02070a0ea07d82dc9d87f2cb95e60cb71d6c6d38b01869f66,mendeley_ransomware,1,phobos,train,train,x86,phobos,unified_mendeley
2cbd9c81648cfb8b74613a1911495f9298251f8122a43081c388f02089f54356,phobos__2cbd9c81648cfb8b74613a1911495f9298251f8122a43081c388f02089f54356,mendeley_ransomware,1,phobos,train,train,x86,phobos,unified_mendeley
348de24864a72767079e72f6015f4c8d0d8a0a75bf14496fd9fa9065e0ad446e,phobos__348de24864a72767079e72f6015f4c8d0d8a0a75bf14496fd9fa9065e0ad446e,mendeley_ransomware,1,phobos,train,train,x86,phobos,unified_mendeley
38c47ad9fdb1ca30b15b2692431171b568556cbff7dfb17ba16c37d7daae9a05,phobos__38c47ad9fdb1ca30b15b2692431171b568556cbff7dfb17ba16c37d7daae9a05,mendeley_ransomware,1,phobos,train,train,x86,phobos,unified_mendeley
3c4ad3e800eb1b6e313b86f527ffed41f34e46221da557d611b55bae2ba46588,phobos__3c4ad3e800eb1b6e313b86f527ffed41f34e46221da557d611b55bae2ba46588,mendeley_ransomware,1,phobos,train,train,x86,phobos,unified_mendeley
3e6baf63074d60cb1b0371f90b3fdbabba6e516ffeff0f7ab9efa09a46e98686,phobos__3e6baf63074d60cb1b0371f90b3fdbabba6e516ffeff0f7ab9efa09a46e98686,mendeley_ransomware,1,phobos,train,train,x86,phobos,unified_mendeley
43f846c12c24a078ebe33f71e8ea3b4f75107aeb275e2c3cd9dc61617c9757fc,phobos__43f846c12c24a078ebe33f71e8ea3b4f75107aeb275e2c3cd9dc61617c9757fc,mendeley_ransomware,1,phobos,train,train,x86,phobos,unified_mendeley
4683b5b970eda0d6fa43ac4e80f24452f81de09171f9e969d61323080e3a9e74,phobos__4683b5b970eda0d6fa43ac4e80f24452f81de09171f9e969d61323080e3a9e74,mendeley_ransomware,1,phobos,train,train,x86,phobos,unified_mendeley
4d5220a88b195e3ccdc40ba1c99d5d84d06dacc0720070a72aa34c9895939a25,phobos__4d5220a88b195e3ccdc40ba1c99d5d84d06dacc0720070a72aa34c9895939a25,mendeley_ransomware,1,phobos,train,train,x86,phobos,unified_mendeley
4d9413a0fdefb9b2471a3209e2b7dbfa835e709ce7ed8b57f2366611f566ebec,phobos__4d9413a0fdefb9b2471a3209e2b7dbfa835e709ce7ed8b57f2366611f566ebec,mendeley_ransomware,1,phobos,train,train,x86,phobos,unified_mendeley
53bbce404ca0e33a3988d04edb8921ec48cdcc586c8ffb7b37b09ec10c0be29f,phobos__53bbce404ca0e33a3988d04edb8921ec48cdcc586c8ffb7b37b09ec10c0be29f,mendeley_ransomware,1,phobos,train,train,x86,phobos,unified_mendeley
64a95c8862fe88df0a77bff4ef03f6a2c2cf632cc3ffe84506c534d5874bb277,phobos__64a95c8862fe88df0a77bff4ef03f6a2c2cf632cc3ffe84506c534d5874bb277,mendeley_ransomware,1,phobos,train,train,x86,phobos,unified_mendeley
6b7d70ca7d02133afbc24eeb585f2921bc35c01b23b90a66f515290c49cf0952,phobos__6b7d70ca7d02133afbc24eeb585f2921bc35c01b23b90a66f515290c49cf0952,mendeley_ransomware,1,phobos,train,train,x86,phobos,unified_mendeley
6bb2c8953b3ec0955a974e16b6efa5048c9e016e91e3dc8789728ae02578adad,phobos__6bb2c8953b3ec0955a974e16b6efa5048c9e016e91e3dc8789728ae02578adad,mendeley_ransomware,1,phobos,train,train,x86,phobos,unified_mendeley
6e9c9b72d1bdb993184c7aa05d961e706a57b3becf151ca4f883a80a07fdd955,phobos__6e9c9b72d1bdb993184c7aa05d961e706a57b3becf151ca4f883a80a07fdd955,mendeley_ransomware,1,phobos,train,train,x86,phobos,unified_mendeley
706fe1633019def71fb5ad355f325b73b0d34ecaf42fcc77ede27663d86f3879,phobos__706fe1633019def71fb5ad355f325b73b0d34ecaf42fcc77ede27663d86f3879,mendeley_ransomware,1,phobos,train,train,x86,phobos,unified_mendeley
7343a16f151cde44130211896a231771200b64ba9fc048337589b10ffe6727b7,phobos__7343a16f151cde44130211896a231771200b64ba9fc048337589b10ffe6727b7,mendeley_ransomware,1,phobos,train,train,x86,phobos,unified_mendeley
76258eafda16daf2ebd66bdd981d5392b0c0e1a8f8fd7a60b32276fbd77261d4,phobos__76258eafda16daf2ebd66bdd981d5392b0c0e1a8f8fd7a60b32276fbd77261d4,mendeley_ransomware,1,phobos,train,train,x86,phobos,unified_mendeley
790eb5cdc4d2c2f33cd5188972c03da2cf89d84ab0393378615a812bdc151ad4,phobos__790eb5cdc4d2c2f33cd5188972c03da2cf89d84ab0393378615a812bdc151ad4,mendeley_ransomware,1,phobos,train,train,x86,phobos,unified_mendeley
7915b61828b1bd4f1c5bc155286380f659af69c78fbe7031da4487e07a95d5ff,phobos__7915b61828b1bd4f1c5bc155286380f659af69c78fbe7031da4487e07a95d5ff,mendeley_ransomware,1,phobos,train,train,x86,phobos,unified_mendeley
7949bf3e09366bdb23ca7472cb6c4d9183ad5b081ac5a568d556aec8beae0785,phobos__7949bf3e09366bdb23ca7472cb6c4d9183ad5b081ac5a568d556aec8beae0785,mendeley_ransomware,1,phobos,train,train,x86,phobos,unified_mendeley
82a9abbe818fc7b3995a5f1db0780d4b1ed11b74fc72bd1b8143003ceb18d25e,phobos__82a9abbe818fc7b3995a5f1db0780d4b1ed11b74fc72bd1b8143003ceb18d25e,mendeley_ransomware,1,phobos,train,train,x86,phobos,unified_mendeley
8710ad8fb2938326655335455987aa17961b2496a345a7ed9f4bbfcb278212bc,phobos__8710ad8fb2938326655335455987aa17961b2496a345a7ed9f4bbfcb278212bc,mendeley_ransomware,1,phobos,train,train,x86,phobos,unified_mendeley
9a29079f2656a9b205b0c62e64dcac011a6ae7a0a6d8b46ff9e1d84fdef57efa,phobos__9a29079f2656a9b205b0c62e64dcac011a6ae7a0a6d8b46ff9e1d84fdef57efa,mendeley_ransomware,1,phobos,train,train,x86,phobos,unified_mendeley
9a3fefc29aa41f621cd99fd5c35c8521b2f383d6a21970f4ccc8069c9730a864,phobos__9a3fefc29aa41f621cd99fd5c35c8521b2f383d6a21970f4ccc8069c9730a864,mendeley_ransomware,1,phobos,train,train,x86,phobos,unified_mendeley
9bd421c6f7f7d8278036944fcad3e04db408619678acf1b2024ef69d85c3932b,phobos__9bd421c6f7f7d8278036944fcad3e04db408619678acf1b2024ef69d85c3932b,mendeley_ransomware,1,phobos,train,train,x86,phobos,unified_mendeley
9dde984b21a00bc3307c28bd81f229500b795ce4e908b6f8cb5fbd338b22b8e1,phobos__9dde984b21a00bc3307c28bd81f229500b795ce4e908b6f8cb5fbd338b22b8e1,mendeley_ransomware,1,phobos,train,train,x86,phobos,unified_mendeley
a4c7517fe4548f71f2f2e6848100d638c3bd7d03fa225ca598a03824b7575fd1,phobos__a4c7517fe4548f71f2f2e6848100d638c3bd7d03fa225ca598a03824b7575fd1,mendeley_ransomware,1,phobos,train,train,x86,phobos,unified_mendeley
ab465569d9e8d1d97722f7719cd676ad8565d1e1bfa8b72b2ef7864da90d9b49,phobos__ab465569d9e8d1d97722f7719cd676ad8565d1e1bfa8b72b2ef7864da90d9b49,mendeley_ransomware,1,phobos,train,train,x86,phobos,unified_mendeley
b3bc4a50c29b60d62471b29a11251196267b42832806390193d856d5e29fd8fa,phobos__b3bc4a50c29b60d62471b29a11251196267b42832806390193d856d5e29fd8fa,mendeley_ransomware,1,phobos,train,train,x86,phobos,unified_mendeley
c032850d72d2f4d6f81eb62f59bcaf667bfdacc018ba5c27c93f603a7b6abc5e,phobos__c032850d72d2f4d6f81eb62f59bcaf667bfdacc018ba5c27c93f603a7b6abc5e,mendeley_ransomware,1,phobos,train,train,x86,phobos,unified_mendeley
ce40058314b131a63ee248a85505ac02b9473c1032d7bfe63b081dc57171dd3f,phobos__ce40058314b131a63ee248a85505ac02b9473c1032d7bfe63b081dc57171dd3f,mendeley_ransomware,1,phobos,train,train,x86,phobos,unified_mendeley
d50b23e12c661bb78fa3cb317e679fabc4178600048572368bec173a520e4aaf,phobos__d50b23e12c661bb78fa3cb317e679fabc4178600048572368bec173a520e4aaf,mendeley_ransomware,1,phobos,train,train,x86,phobos,unified_mendeley
d71748408052ff7047bdf2d6d29ecbca0be93522f8a03d00b405841ba818794d,phobos__d71748408052ff7047bdf2d6d29ecbca0be93522f8a03d00b405841ba818794d,mendeley_ransomware,1,phobos,train,train,x86,phobos,unified_mendeley
d7d50f809a7808ca53c4430d484bb100aaf9c74c6c12080ff888b8c04212f405,phobos__d7d50f809a7808ca53c4430d484bb100aaf9c74c6c12080ff888b8c04212f405,mendeley_ransomware,1,phobos,train,train,x86,phobos,unified_mendeley
e54392c329658f6b36b4422de94172be965db417d8f9b58a379cbc2492295ece,phobos__e54392c329658f6b36b4422de94172be965db417d8f9b58a379cbc2492295ece,mendeley_ransomware,1,phobos,train,train,x86,phobos,unified_mendeley
ec21b0fae8166d18ea5f9dddd8fdbb5fe26dd62903d3173388b97208d724f3c8,phobos__ec21b0fae8166d18ea5f9dddd8fdbb5fe26dd62903d3173388b97208d724f3c8,mendeley_ransomware,1,phobos,train,train,x86,phobos,unified_mendeley
f0aec57001a184ea82122a59c6e5be48042f75d6f11a40125995ba9531aab718,phobos__f0aec57001a184ea82122a59c6e5be48042f75d6f11a40125995ba9531aab718,mendeley_ransomware,1,phobos,train,train,x86,phobos,unified_mendeley
f30035bd2f3bd2c03eb6f1c9bac2a4ce3a51da23e37e9faacabeb9dce0605429,phobos__f30035bd2f3bd2c03eb6f1c9bac2a4ce3a51da23e37e9faacabeb9dce0605429,mendeley_ransomware,1,phobos,train,train,x86,phobos,unified_mendeley
f60eef88ef6c4a37ac4a78b36188cf4da6cedf5e46c4b8d082a3947b6b116884,phobos__f60eef88ef6c4a37ac4a78b36188cf4da6cedf5e46c4b8d082a3947b6b116884,mendeley_ransomware,1,phobos,train,train,x86,phobos,unified_mendeley
f9348fb8d78baa055f90288fec94b67d3f3d30eaa5744feeacef871ee3ad8eb8,phobos__f9348fb8d78baa055f90288fec94b67d3f3d30eaa5744feeacef871ee3ad8eb8,mendeley_ransomware,1,phobos,train,train,x86,phobos,unified_mendeley
fa0a1227da320afa57509dadf4ece1f264c184abd61f425ae00c43c19e09b006,phobos__fa0a1227da320afa57509dadf4ece1f264c184abd61f425ae00c43c19e09b006,mendeley_ransomware,1,phobos,train,train,x86,phobos,unified_mendeley
006ae41910887f0811a3ba2868ef9576bbd265216554850112319af878f06e55,playcrypt__006ae41910887f0811a3ba2868ef9576bbd265216554850112319af878f06e55,mendeley_ransomware,1,playcrypt,test,test,x86,playcrypt,unified_mendeley
0b4f893402b51880d0df703c21195aa0f50cbdd3a5b223cc333cd24f0167c16d,playcrypt__0b4f893402b51880d0df703c21195aa0f50cbdd3a5b223cc333cd24f0167c16d,mendeley_ransomware,1,playcrypt,test,test,x86,playcrypt,unified_mendeley
0bb0f63a3bd6cc79efc18648b28912bd873a8e14c4918ee3579421f728a62fae,playcrypt__0bb0f63a3bd6cc79efc18648b28912bd873a8e14c4918ee3579421f728a62fae,mendeley_ransomware,1,playcrypt,test,test,x86,playcrypt,unified_mendeley
0ed328af77f2576071bfd543938fc01101daac01f216dc43bc091a8da4aff18d,playcrypt__0ed328af77f2576071bfd543938fc01101daac01f216dc43bc091a8da4aff18d,mendeley_ransomware,1,playcrypt,test,test,x86,playcrypt,unified_mendeley
12d1a0dc37d877dbf81bd18e8bd57b2843cc254c9a3cfcbecb70305612e60cae,playcrypt__12d1a0dc37d877dbf81bd18e8bd57b2843cc254c9a3cfcbecb70305612e60cae,mendeley_ransomware,1,playcrypt,test,test,x86,playcrypt,unified_mendeley
157c43a3a4e014827e42cf4dd20cc8efa71cdf098f5d1d04b6cd1a972d6a8c7a,playcrypt__157c43a3a4e014827e42cf4dd20cc8efa71cdf098f5d1d04b6cd1a972d6a8c7a,mendeley_ransomware,1,playcrypt,test,test,x86,playcrypt,unified_mendeley
176476f9d924d83343a51a90ade097d12b7594dc5dbca1771c440047dfbe81eb,playcrypt__176476f9d924d83343a51a90ade097d12b7594dc5dbca1771c440047dfbe81eb,mendeley_ransomware,1,playcrypt,test,test,x86,playcrypt,unified_mendeley
2ab190542c3ec7b2b6e6d4bccce4c5d6a572f98c6bc89b014fea0c8fd6db6723,playcrypt__2ab190542c3ec7b2b6e6d4bccce4c5d6a572f98c6bc89b014fea0c8fd6db6723,mendeley_ransomware,1,playcrypt,test,test,x86,playcrypt,unified_mendeley
2e9126dfad03bdaf54f9b29ade42038c83f65ac7288376f45768901660f62d7b,playcrypt__2e9126dfad03bdaf54f9b29ade42038c83f65ac7288376f45768901660f62d7b,mendeley_ransomware,1,playcrypt,test,test,x86,playcrypt,unified_mendeley
3e6317229d122073f57264d6f69ae3e145decad3666ddad8173c942e80588e69,playcrypt__3e6317229d122073f57264d6f69ae3e145decad3666ddad8173c942e80588e69,mendeley_ransomware,1,playcrypt,test,test,x86,playcrypt,unified_mendeley
463e5c95af41e43a9d6ee85bf84421e64e3de6583c9e2c0bb3e695171a28e913,playcrypt__463e5c95af41e43a9d6ee85bf84421e64e3de6583c9e2c0bb3e695171a28e913,mendeley_ransomware,1,playcrypt,test,test,x86,playcrypt,unified_mendeley
47c7cee3d76106279c4c28ad1de3c833c1ba0a2ec56b0150586c7e8480ccae57,playcrypt__47c7cee3d76106279c4c28ad1de3c833c1ba0a2ec56b0150586c7e8480ccae57,mendeley_ransomware,1,playcrypt,test,test,x86,playcrypt,unified_mendeley
5573cbe13c0dbfd3d0e467b9907f3a89c1c133c774ada906ea256e228ae885d5,playcrypt__5573cbe13c0dbfd3d0e467b9907f3a89c1c133c774ada906ea256e228ae885d5,mendeley_ransomware,1,playcrypt,test,test,x86,playcrypt,unified_mendeley
5e94626c6bcb825acede3826811ed693644d6dbb7caeeefb8575c2ec711a65a6,playcrypt__5e94626c6bcb825acede3826811ed693644d6dbb7caeeefb8575c2ec711a65a6,mendeley_ransomware,1,playcrypt,test,test,x86,playcrypt,unified_mendeley
5eca08ddca898427de5ab13fedf25426102c3a0621d086b63f2e37d2d04ba3e9,playcrypt__5eca08ddca898427de5ab13fedf25426102c3a0621d086b63f2e37d2d04ba3e9,mendeley_ransomware,1,playcrypt,test,test,x86,playcrypt,unified_mendeley
608e2b023dc8f7e02ae2000fc7dbfc24e47807d1e4264cbd6bb5839c81f91934,playcrypt__608e2b023dc8f7e02ae2000fc7dbfc24e47807d1e4264cbd6bb5839c81f91934,mendeley_ransomware,1,playcrypt,test,test,x86,playcrypt,unified_mendeley
61c63be1e0ebf23a616e02f8929364f270b03190ab9132fa638b3dd20b6dc109,playcrypt__61c63be1e0ebf23a616e02f8929364f270b03190ab9132fa638b3dd20b6dc109,mendeley_ransomware,1,playcrypt,test,test,x86,playcrypt,unified_mendeley
73e19be4da76bb4e52cb82493c75690977fc3a5f589a9b47e834362545ef512a,playcrypt__73e19be4da76bb4e52cb82493c75690977fc3a5f589a9b47e834362545ef512a,mendeley_ransomware,1,playcrypt,test,test,x86,playcrypt,unified_mendeley
757524b09e5d4f2399172c4ac0f6996ec34dec90110542973d438d5370aff280,playcrypt__757524b09e5d4f2399172c4ac0f6996ec34dec90110542973d438d5370aff280,mendeley_ransomware,1,playcrypt,test,test,x86,playcrypt,unified_mendeley
7d14b98cdc1b898bd0d9be80398fc59ab560e8c44e0a9dedac8ad4ece3d450b0,playcrypt__7d14b98cdc1b898bd0d9be80398fc59ab560e8c44e0a9dedac8ad4ece3d450b0,mendeley_ransomware,1,playcrypt,test,test,x86,playcrypt,unified_mendeley
8962de34e5d63228d5ab037c87262e5b13bb9c17e73e5db7d6be4212d66f1c22,playcrypt__8962de34e5d63228d5ab037c87262e5b13bb9c17e73e5db7d6be4212d66f1c22,mendeley_ransomware,1,playcrypt,test,test,x86,playcrypt,unified_mendeley
92f3abed62d710064a19f2a50c4482cd02adfd821ace4c2f3030f96290166189,playcrypt__92f3abed62d710064a19f2a50c4482cd02adfd821ace4c2f3030f96290166189,mendeley_ransomware,1,playcrypt,test,test,x86,playcrypt,unified_mendeley
952fec5f9e7137951700d7e4239728f903e360b3fdb0332deb9448bdc31c2f3f,playcrypt__952fec5f9e7137951700d7e4239728f903e360b3fdb0332deb9448bdc31c2f3f,mendeley_ransomware,1,playcrypt,test,test,x86,playcrypt,unified_mendeley
957a6aee2437a5c4d31372af2f6bceb29e1c7a49d650fe207cefc624bf6bca82,playcrypt__957a6aee2437a5c4d31372af2f6bceb29e1c7a49d650fe207cefc624bf6bca82,mendeley_ransomware,1,playcrypt,test,test,x86,playcrypt,unified_mendeley
96835abb2917ee87359a8669c4f28b9e8b1ee402e45153e98474a7b2135ca2cd,playcrypt__96835abb2917ee87359a8669c4f28b9e8b1ee402e45153e98474a7b2135ca2cd,mendeley_ransomware,1,playcrypt,test,test,x86,playcrypt,unified_mendeley
97c1b1ff5aee63fd1c042384e9b88e869fc33105c60d65819bcf98a610508c8d,playcrypt__97c1b1ff5aee63fd1c042384e9b88e869fc33105c60d65819bcf98a610508c8d,mendeley_ransomware,1,playcrypt,test,test,x86,playcrypt,unified_mendeley
9e69416cac3cb428cfb1894fbf7990692978edbf57737ad4c812d53c49687898,playcrypt__9e69416cac3cb428cfb1894fbf7990692978edbf57737ad4c812d53c49687898,mendeley_ransomware,1,playcrypt,test,test,x86,playcrypt,unified_mendeley
ac2077199eff791b44274b3f0634e5c23ff219e4097136d59baaf6fba337989f,playcrypt__ac2077199eff791b44274b3f0634e5c23ff219e4097136d59baaf6fba337989f,mendeley_ransomware,1,playcrypt,test,test,x86,playcrypt,unified_mendeley
bb51255ec929ae1fb34981b8b988769027ee49e68c0958a4a2a76b59a0dc1cff,playcrypt__bb51255ec929ae1fb34981b8b988769027ee49e68c0958a4a2a76b59a0dc1cff,mendeley_ransomware,1,playcrypt,test,test,x86,playcrypt,unified_mendeley
bbd84d10f6a56bfeca23fd5d11d9e370fdfa91be73aa60c9d460b2671145c109,playcrypt__bbd84d10f6a56bfeca23fd5d11d9e370fdfa91be73aa60c9d460b2671145c109,mendeley_ransomware,1,playcrypt,test,test,x86,playcrypt,unified_mendeley
c0eab1dbd64ffbe9c2f77f0e71e30cfff8467aa7e9ce2ed74e7a8dcdd861e3a6,playcrypt__c0eab1dbd64ffbe9c2f77f0e71e30cfff8467aa7e9ce2ed74e7a8dcdd861e3a6,mendeley_ransomware,1,playcrypt,test,test,x86,playcrypt,unified_mendeley
c3e9740759f6cdd8eab97bc23430e1f042862ab41eacec0bb763693e5745549c,playcrypt__c3e9740759f6cdd8eab97bc23430e1f042862ab41eacec0bb763693e5745549c,mendeley_ransomware,1,playcrypt,test,test,x86,playcrypt,unified_mendeley
c441e4d38af87a46dae4ea4823456e42145238d300b51d83a7060cee0b57de28,playcrypt__c441e4d38af87a46dae4ea4823456e42145238d300b51d83a7060cee0b57de28,mendeley_ransomware,1,playcrypt,test,test,x86,playcrypt,unified_mendeley
cd16f6b2faaf801a0de5d5afc68ed50a5bde9b4905bb00fe5f408b265ec081e5,playcrypt__cd16f6b2faaf801a0de5d5afc68ed50a5bde9b4905bb00fe5f408b265ec081e5,mendeley_ransomware,1,playcrypt,test,test,x86,playcrypt,unified_mendeley
d9d64a1e9e7d6911f256f2d449cc8ab58301396374265215e5c121bf036ba58d,playcrypt__d9d64a1e9e7d6911f256f2d449cc8ab58301396374265215e5c121bf036ba58d,mendeley_ransomware,1,playcrypt,test,test,x86,playcrypt,unified_mendeley
dcaf62ee4637397b2aaa73dbe41cfb514c71565f1d4770944c9b678cd2545087,playcrypt__dcaf62ee4637397b2aaa73dbe41cfb514c71565f1d4770944c9b678cd2545087,mendeley_ransomware,1,playcrypt,test,test,x86,playcrypt,unified_mendeley
dd101db5d9503f33a0c23d79da3642e999375748f7c1532e98c813b114bdfa1a,playcrypt__dd101db5d9503f33a0c23d79da3642e999375748f7c1532e98c813b114bdfa1a,mendeley_ransomware,1,playcrypt,test,test,x86,playcrypt,unified_mendeley
e4f32fe39ce7f9f293ccbfde30adfdc36caf7cfb6ccc396870527f45534b840b,playcrypt__e4f32fe39ce7f9f293ccbfde30adfdc36caf7cfb6ccc396870527f45534b840b,mendeley_ransomware,1,playcrypt,test,test,x86,playcrypt,unified_mendeley
e641b622b1f180fe189e3f39b3466b16ca5040b5a1869e5d30c92cca5727d3f0,playcrypt__e641b622b1f180fe189e3f39b3466b16ca5040b5a1869e5d30c92cca5727d3f0,mendeley_ransomware,1,playcrypt,test,test,x86,playcrypt,unified_mendeley
f054f373cead893f868fd9b4acc24f751afefbb80cf961e305f97741f952a641,playcrypt__f054f373cead893f868fd9b4acc24f751afefbb80cf961e305f97741f952a641,mendeley_ransomware,1,playcrypt,test,test,x86,playcrypt,unified_mendeley
f284064ee25c56c68dd76370470567818ffcbf4ae134c7beca1c3ba773c21619,playcrypt__f284064ee25c56c68dd76370470567818ffcbf4ae134c7beca1c3ba773c21619,mendeley_ransomware,1,playcrypt,test,test,x86,playcrypt,unified_mendeley
f39d6741cbb99a81decbe5e75c07e846b5a36b40bc1bb0c0c61415300cc43b6c,playcrypt__f39d6741cbb99a81decbe5e75c07e846b5a36b40bc1bb0c0c61415300cc43b6c,mendeley_ransomware,1,playcrypt,test,test,x86,playcrypt,unified_mendeley
f6072ff57c1cfe74b88f521d70c524bcbbb60c561705e9febe033f51131be408,playcrypt__f6072ff57c1cfe74b88f521d70c524bcbbb60c561705e9febe033f51131be408,mendeley_ransomware,1,playcrypt,test,test,x86,playcrypt,unified_mendeley
0433efd9ba06378eb6eae864c85aafc8b6de79ef6512345294e9e379cc054c3d,pysa__0433efd9ba06378eb6eae864c85aafc8b6de79ef6512345294e9e379cc054c3d,mendeley_ransomware,1,pysa,train,train,x86,pysa,unified_mendeley
049263e712631a447fd13c8255ed456bcac8b4227502841acd8f229d89dc066c,pysa__049263e712631a447fd13c8255ed456bcac8b4227502841acd8f229d89dc066c,mendeley_ransomware,1,pysa,train,train,x86,pysa,unified_mendeley
051fb654403340420102430f807ea41ab790666488d897dc5b0008e99fed47d6,pysa__051fb654403340420102430f807ea41ab790666488d897dc5b0008e99fed47d6,mendeley_ransomware,1,pysa,train,train,x86,pysa,unified_mendeley
0f0014669bc10a7d87472cafc05301c66516857607b920ddeb3039f4cb8f0a50,pysa__0f0014669bc10a7d87472cafc05301c66516857607b920ddeb3039f4cb8f0a50,mendeley_ransomware,1,pysa,train,train,x86,pysa,unified_mendeley
153222163442b304f5cee295268115c9cfdf0f1168f49f9e3fae52340eee51ec,pysa__153222163442b304f5cee295268115c9cfdf0f1168f49f9e3fae52340eee51ec,mendeley_ransomware,1,pysa,train,train,x86,pysa,unified_mendeley
1e2009549452ed6b524b94ed683079ee60c2b9542b1bfd5b9ee42e9161d5e7c8,pysa__1e2009549452ed6b524b94ed683079ee60c2b9542b1bfd5b9ee42e9161d5e7c8,mendeley_ransomware,1,pysa,train,train,x86,pysa,unified_mendeley
2a2eb971b878f56a0a5762656be6f59ec9623451acf4cf16b8c02e478d044cd0,pysa__2a2eb971b878f56a0a5762656be6f59ec9623451acf4cf16b8c02e478d044cd0,mendeley_ransomware,1,pysa,train,train,x86,pysa,unified_mendeley
327934c4c11ba37f42a91e1b7b956d5a4511f918e63047a8c4aa081fd39de6d9,pysa__327934c4c11ba37f42a91e1b7b956d5a4511f918e63047a8c4aa081fd39de6d9,mendeley_ransomware,1,pysa,train,train,x86,pysa,unified_mendeley
32d6be4f86451871f70590f01ce01e9263abe18286db1272928a23c125e844f3,pysa__32d6be4f86451871f70590f01ce01e9263abe18286db1272928a23c125e844f3,mendeley_ransomware,1,pysa,train,train,x86,pysa,unified_mendeley
39ef1d9afd248791d765f0deaed6ebaac5416876a705e407cc97a35dad038fd8,pysa__39ef1d9afd248791d765f0deaed6ebaac5416876a705e407cc97a35dad038fd8,mendeley_ransomware,1,pysa,train,train,x86,pysa,unified_mendeley
3a83805e3ad41c6acd7931a0902b519669b8f38e491357c6f31fa46509f3c77e,pysa__3a83805e3ad41c6acd7931a0902b519669b8f38e491357c6f31fa46509f3c77e,mendeley_ransomware,1,pysa,train,train,x86,pysa,unified_mendeley
425945a93beb160f101d51de36363d1e7ebc45279987c3eaf5e7f183ed0a3776,pysa__425945a93beb160f101d51de36363d1e7ebc45279987c3eaf5e7f183ed0a3776,mendeley_ransomware,1,pysa,train,train,x86,pysa,unified_mendeley
44f1def68aef34687bfacf3668e56873f9d603fc6741d5da1209cc55bdc6f1f9,pysa__44f1def68aef34687bfacf3668e56873f9d603fc6741d5da1209cc55bdc6f1f9,mendeley_ransomware,1,pysa,train,train,x86,pysa,unified_mendeley
4770a0447ebc83a36e590da8d01ff4a418d58221c1f44d21f433aaf18fad5a99,pysa__4770a0447ebc83a36e590da8d01ff4a418d58221c1f44d21f433aaf18fad5a99,mendeley_ransomware,1,pysa,train,train,x86,pysa,unified_mendeley
48355bd2a57d92e017bdada911a4b31aa7225c0b12231c9cbda6717616abaea3,pysa__48355bd2a57d92e017bdada911a4b31aa7225c0b12231c9cbda6717616abaea3,mendeley_ransomware,1,pysa,train,train,x86,pysa,unified_mendeley
4dc802894c45ec4d119d002a7569be6c99a9bba732d0057364da9350f9d3659b,pysa__4dc802894c45ec4d119d002a7569be6c99a9bba732d0057364da9350f9d3659b,mendeley_ransomware,1,pysa,train,train,x86,pysa,unified_mendeley
5510ae74b7e2a10fdafa577dc278612f7796b0252b7d1438615e26c49e1fc560,pysa__5510ae74b7e2a10fdafa577dc278612f7796b0252b7d1438615e26c49e1fc560,mendeley_ransomware,1,pysa,train,train,x86,pysa,unified_mendeley
58ebe9b1c926c87dc1e9d924942504a56456007bff8de4932ef18e476da700c2,pysa__58ebe9b1c926c87dc1e9d924942504a56456007bff8de4932ef18e476da700c2,mendeley_ransomware,1,pysa,train,train,x86,pysa,unified_mendeley
61bb42fe06b3511d512af33ef59baa295b29bd62eb4d0bf28639c7910a65e4ae,pysa__61bb42fe06b3511d512af33ef59baa295b29bd62eb4d0bf28639c7910a65e4ae,mendeley_ransomware,1,pysa,train,train,x86,pysa,unified_mendeley
6f3cd5f05ab4f404c78bab92f705c91d967b31a9b06017d910af312fa87ae3d6,pysa__6f3cd5f05ab4f404c78bab92f705c91d967b31a9b06017d910af312fa87ae3d6,mendeley_ransomware,1,pysa,train,train,x86,pysa,unified_mendeley
6f4338a7a3ef8e491279ae81543a08554cad15d1bce6007047bc4449d945b799,pysa__6f4338a7a3ef8e491279ae81543a08554cad15d1bce6007047bc4449d945b799,mendeley_ransomware,1,pysa,train,train,x86,pysa,unified_mendeley
75c8e93ffcfd84f0d3444c0b9fc8c9a462f91540c8760025c393a749d198d9db,pysa__75c8e93ffcfd84f0d3444c0b9fc8c9a462f91540c8760025c393a749d198d9db,mendeley_ransomware,1,pysa,train,train,x86,pysa,unified_mendeley
7c774062bc55e2d0e869d5d69820aa6e3b759454dbc926475b4db6f7f2b6cb14,pysa__7c774062bc55e2d0e869d5d69820aa6e3b759454dbc926475b4db6f7f2b6cb14,mendeley_ransomware,1,pysa,train,train,x86,pysa,unified_mendeley
7fd3000a3afbf077589c300f90b59864ec1fb716feba8e288ed87291c8fdf7c3,pysa__7fd3000a3afbf077589c300f90b59864ec1fb716feba8e288ed87291c8fdf7c3,mendeley_ransomware,1,pysa,train,train,x86,pysa,unified_mendeley
83c4877cc0d7ae061e10103e1491dad26458c39bf2d6eeeb2b02b98c640238ba,pysa__83c4877cc0d7ae061e10103e1491dad26458c39bf2d6eeeb2b02b98c640238ba,mendeley_ransomware,1,pysa,train,train,x86,pysa,unified_mendeley
8b4b233e87c61c8698e086b376da640c9ab2ecd71c58b1f6a2eceb60b7e1a691,pysa__8b4b233e87c61c8698e086b376da640c9ab2ecd71c58b1f6a2eceb60b7e1a691,mendeley_ransomware,1,pysa,train,train,x86,pysa,unified_mendeley
8c4a385620a2ac889f5727bd80eba534b73cccd81839e1afd210be1eac2e2a91,pysa__8c4a385620a2ac889f5727bd80eba534b73cccd81839e1afd210be1eac2e2a91,mendeley_ransomware,1,pysa,train,train,x86,pysa,unified_mendeley
90cf35560032c380ddaaa05d9ed6baacbc7526a94a992a07fd02f92f371a8e92,pysa__90cf35560032c380ddaaa05d9ed6baacbc7526a94a992a07fd02f92f371a8e92,mendeley_ransomware,1,pysa,train,train,x86,pysa,unified_mendeley
931772ac59f5859e053589202c8db81edc01911391fe5b32c9abb5bbc2b06e43,pysa__931772ac59f5859e053589202c8db81edc01911391fe5b32c9abb5bbc2b06e43,mendeley_ransomware,1,pysa,train,train,x86,pysa,unified_mendeley
a18c85399cd1ec3f1ec85cd66ff2e97a0dcf7ccb17ecf697a5376da8eda4d327,pysa__a18c85399cd1ec3f1ec85cd66ff2e97a0dcf7ccb17ecf697a5376da8eda4d327,mendeley_ransomware,1,pysa,train,train,x86,pysa,unified_mendeley
af99b482eb0b3ff976fa719bf0079da15f62a6c203911655ed93e52ae05c4ac8,pysa__af99b482eb0b3ff976fa719bf0079da15f62a6c203911655ed93e52ae05c4ac8,mendeley_ransomware,1,pysa,train,train,x86,pysa,unified_mendeley
d1b6ee9b716fe48e51ac4e6bec691366bb08d507773d61a5d14fb15ec5e25e2b,pysa__d1b6ee9b716fe48e51ac4e6bec691366bb08d507773d61a5d14fb15ec5e25e2b,mendeley_ransomware,1,pysa,train,train,x86,pysa,unified_mendeley
e4287e9708a73ce6a9b7a3e7c72462b01f7cc3c595d972cf2984185ac1a3a4a8,pysa__e4287e9708a73ce6a9b7a3e7c72462b01f7cc3c595d972cf2984185ac1a3a4a8,mendeley_ransomware,1,pysa,train,train,x86,pysa,unified_mendeley
e9662b468135f758a9487a1be50159ef57f3050b753de2915763b4ed78839ead,pysa__e9662b468135f758a9487a1be50159ef57f3050b753de2915763b4ed78839ead,mendeley_ransomware,1,pysa,train,train,x86,pysa,unified_mendeley
f0939ebfda6b30a330a00c57497038a54da359e316e0d6e6e71871fd50fec16a,pysa__f0939ebfda6b30a330a00c57497038a54da359e316e0d6e6e71871fd50fec16a,mendeley_ransomware,1,pysa,train,train,x86,pysa,unified_mendeley
f602319a51dfad374687a6d18f87c9f8e7b9cab956a4993c2ed83e7adad6e2db,pysa__f602319a51dfad374687a6d18f87c9f8e7b9cab956a4993c2ed83e7adad6e2db,mendeley_ransomware,1,pysa,train,train,x86,pysa,unified_mendeley
fb31b023d2545563862c9c314d91770fcec7bb7a4b13abfdb5244266a67446a3,pysa__fb31b023d2545563862c9c314d91770fcec7bb7a4b13abfdb5244266a67446a3,mendeley_ransomware,1,pysa,train,train,x86,pysa,unified_mendeley
fd4db629ddb82ee6f339ed998fafaaf74f74cc7391c95263ca63df900b69ef1b,pysa__fd4db629ddb82ee6f339ed998fafaaf74f74cc7391c95263ca63df900b69ef1b,mendeley_ransomware,1,pysa,train,train,x86,pysa,unified_mendeley
0789a9c0a0d4f3422cb4e9b8e64f1ba92f7b88e2edfd14b7b9a7f5eee5135a4f,quantum__0789a9c0a0d4f3422cb4e9b8e64f1ba92f7b88e2edfd14b7b9a7f5eee5135a4f,mendeley_ransomware,1,quantum,test,test,x64,quantum,unified_mendeley
0f3bb820adf6d3bba54988ef40d8188ae48b34b757277e86728bdb8441d01ea2,quantum__0f3bb820adf6d3bba54988ef40d8188ae48b34b757277e86728bdb8441d01ea2,mendeley_ransomware,1,quantum,test,test,x64,quantum,unified_mendeley
2fd8356abd42b19799aca857990a5f49631b02bd3253f80d96b5d27dcfd2f7c9,quantum__2fd8356abd42b19799aca857990a5f49631b02bd3253f80d96b5d27dcfd2f7c9,mendeley_ransomware,1,quantum,test,test,x64,quantum,unified_mendeley
511c1021fad76670d6d407139e5fef62b34ca9656fb735bd7d406728568fa280,quantum__511c1021fad76670d6d407139e5fef62b34ca9656fb735bd7d406728568fa280,mendeley_ransomware,1,quantum,test,test,x86,quantum,unified_mendeley
834c1dc19baf8b9edf78f17ffd5b46eea29eb05aaa348304baa218811eac7bfe,quantum__834c1dc19baf8b9edf78f17ffd5b46eea29eb05aaa348304baa218811eac7bfe,mendeley_ransomware,1,quantum,test,test,x64,quantum,unified_mendeley
b63e94928da25e18caa1506305b9ca3dedc267e747dfa4710860e757d2cc8192,quantum__b63e94928da25e18caa1506305b9ca3dedc267e747dfa4710860e757d2cc8192,mendeley_ransomware,1,quantum,test,test,x64,quantum,unified_mendeley
0209d66c757282330b026a4cf00dfffc64c88a460d3e43212abe2e721d066d23,ragnarok__0209d66c757282330b026a4cf00dfffc64c88a460d3e43212abe2e721d066d23,mendeley_ransomware,1,ragnarok,train,train,x86,ragnarok,unified_mendeley
0272f2709880a7d60be927bd860a02c19665a3142b4dc22c13a11bec157b2a6a,ragnarok__0272f2709880a7d60be927bd860a02c19665a3142b4dc22c13a11bec157b2a6a,mendeley_ransomware,1,ragnarok,train,train,x86,ragnarok,unified_mendeley
041fd213326dd5c10a16caf88ff076bb98c68c052284430fba5f601023d39a14,ragnarok__041fd213326dd5c10a16caf88ff076bb98c68c052284430fba5f601023d39a14,mendeley_ransomware,1,ragnarok,train,train,x86,ragnarok,unified_mendeley
04c9cc0d1577d5ee54a4e2d4dd12f17011d13703cdd0e6efd46718d14fd9aa87,ragnarok__04c9cc0d1577d5ee54a4e2d4dd12f17011d13703cdd0e6efd46718d14fd9aa87,mendeley_ransomware,1,ragnarok,train,train,x86,ragnarok,unified_mendeley
0766beb30c575fc68d1ca134bd53c086d2ce63b040e4d0bbd6d89d8c26ca04f6,ragnarok__0766beb30c575fc68d1ca134bd53c086d2ce63b040e4d0bbd6d89d8c26ca04f6,mendeley_ransomware,1,ragnarok,train,train,x86,ragnarok,unified_mendeley
1602d04000a8c7221ed0d97d79f3157303e209d4640d31b8566dd52c2b09d033,ragnarok__1602d04000a8c7221ed0d97d79f3157303e209d4640d31b8566dd52c2b09d033,mendeley_ransomware,1,ragnarok,train,train,x86,ragnarok,unified_mendeley
16166851c86178085cfa28127c3e20dfe692ac9da7428c08888c9c4b2d0aadad,ragnarok__16166851c86178085cfa28127c3e20dfe692ac9da7428c08888c9c4b2d0aadad,mendeley_ransomware,1,ragnarok,train,train,x86,ragnarok,unified_mendeley
1f0ea8ee29856eacc5fd26521d44e14201832820bba38534310f7eb6f28d5f77,ragnarok__1f0ea8ee29856eacc5fd26521d44e14201832820bba38534310f7eb6f28d5f77,mendeley_ransomware,1,ragnarok,train,train,x86,ragnarok,unified_mendeley
27ff7406aa1507ba4b5fbdd2d579c1ed3d301e4399b99fb1ba8c1d47748be339,ragnarok__27ff7406aa1507ba4b5fbdd2d579c1ed3d301e4399b99fb1ba8c1d47748be339,mendeley_ransomware,1,ragnarok,train,train,x86,ragnarok,unified_mendeley
2be37eb63aa942a7ff3a7101afa786489b34bfe284b8ae746436c5f5e188eb04,ragnarok__2be37eb63aa942a7ff3a7101afa786489b34bfe284b8ae746436c5f5e188eb04,mendeley_ransomware,1,ragnarok,train,train,x86,ragnarok,unified_mendeley
2c6fe093fd80bb076e88c50cfd6c86f187c0520c8790d771e1368bd241d59f17,ragnarok__2c6fe093fd80bb076e88c50cfd6c86f187c0520c8790d771e1368bd241d59f17,mendeley_ransomware,1,ragnarok,train,train,x86,ragnarok,unified_mendeley
30dcc7a8ae98e52ee5547379048ca1fc90925e09a2a81c055021ba225c1d064c,ragnarok__30dcc7a8ae98e52ee5547379048ca1fc90925e09a2a81c055021ba225c1d064c,mendeley_ransomware,1,ragnarok,train,train,x86,ragnarok,unified_mendeley
32d16594582e303443462bb4a8e37424e853154b900ec8d47c42f199c8be6fea,ragnarok__32d16594582e303443462bb4a8e37424e853154b900ec8d47c42f199c8be6fea,mendeley_ransomware,1,ragnarok,train,train,x86,ragnarok,unified_mendeley
3b43751ed88e4d1f82cf52ca2d4477e3e35c35f08c1b4e3ab21c80720601e804,ragnarok__3b43751ed88e4d1f82cf52ca2d4477e3e35c35f08c1b4e3ab21c80720601e804,mendeley_ransomware,1,ragnarok,train,train,x86,ragnarok,unified_mendeley
3bc8ce79ee7043c9ad70698e3fc2013806244dc5112c8c8d465e96757b57b1e1,ragnarok__3bc8ce79ee7043c9ad70698e3fc2013806244dc5112c8c8d465e96757b57b1e1,mendeley_ransomware,1,ragnarok,train,train,x86,ragnarok,unified_mendeley
3c103850d13c9564b06087c9ad55ca2c1e2e9b9d063cb7a39d7a105f689f87a8,ragnarok__3c103850d13c9564b06087c9ad55ca2c1e2e9b9d063cb7a39d7a105f689f87a8,mendeley_ransomware,1,ragnarok,train,train,x86,ragnarok,unified_mendeley
467be4279ce6d4a973aa79eae37ad09174b79c5eb48c03093c9a52a4bd04d092,ragnarok__467be4279ce6d4a973aa79eae37ad09174b79c5eb48c03093c9a52a4bd04d092,mendeley_ransomware,1,ragnarok,train,train,x86,ragnarok,unified_mendeley
4e17fb5415d3bfbf419afe186e0a3ed1c6478bddf9fb9b996e98f6318456a7e6,ragnarok__4e17fb5415d3bfbf419afe186e0a3ed1c6478bddf9fb9b996e98f6318456a7e6,mendeley_ransomware,1,ragnarok,train,train,x86,ragnarok,unified_mendeley
4e8e84ad831cf251366b609720d6e3c6523fdd66ea0f989acb5d62e62e418cdf,ragnarok__4e8e84ad831cf251366b609720d6e3c6523fdd66ea0f989acb5d62e62e418cdf,mendeley_ransomware,1,ragnarok,train,train,x86,ragnarok,unified_mendeley
4f0268288fb680fbabc48b09a87e828a6e18782516fa9b9bfc23acc2727f6ba9,ragnarok__4f0268288fb680fbabc48b09a87e828a6e18782516fa9b9bfc23acc2727f6ba9,mendeley_ransomware,1,ragnarok,train,train,x86,ragnarok,unified_mendeley
53df85f3250eb84f9c8b29731173d8cc9b4416744203b64edc76dd3b589d85c1,ragnarok__53df85f3250eb84f9c8b29731173d8cc9b4416744203b64edc76dd3b589d85c1,mendeley_ransomware,1,ragnarok,train,train,x86,ragnarok,unified_mendeley
63096f288f49b25d50f4aea52dc1fc00871b3927fa2a81fa0b0d752b261a3059,ragnarok__63096f288f49b25d50f4aea52dc1fc00871b3927fa2a81fa0b0d752b261a3059,mendeley_ransomware,1,ragnarok,train,train,x86,ragnarok,unified_mendeley
68eb2d2d7866775d6bf106a914281491d23769a9eda88fc078328150b8432bb3,ragnarok__68eb2d2d7866775d6bf106a914281491d23769a9eda88fc078328150b8432bb3,mendeley_ransomware,1,ragnarok,train,train,x86,ragnarok,unified_mendeley
6edc6154834951ffc012f575e2827da8e4aca4f67f24ef59a678e02dc40c9c91,ragnarok__6edc6154834951ffc012f575e2827da8e4aca4f67f24ef59a678e02dc40c9c91,mendeley_ransomware,1,ragnarok,train,train,x86,ragnarok,unified_mendeley
73697bf67323eac51eff5c4c5c9fefbeea0c7c9fc125341fa7d85e97c097a71f,ragnarok__73697bf67323eac51eff5c4c5c9fefbeea0c7c9fc125341fa7d85e97c097a71f,mendeley_ransomware,1,ragnarok,train,train,x86,ragnarok,unified_mendeley
7af61ce420051640c50b0e73e718dd8c55dddfcb58917a3bead9d3ece2f3e929,ragnarok__7af61ce420051640c50b0e73e718dd8c55dddfcb58917a3bead9d3ece2f3e929,mendeley_ransomware,1,ragnarok,train,train,x86,ragnarok,unified_mendeley
9706a97ffa43a0258571def8912dc2b8bf1ee207676052ad1b9c16ca9953fc2c,ragnarok__9706a97ffa43a0258571def8912dc2b8bf1ee207676052ad1b9c16ca9953fc2c,mendeley_ransomware,1,ragnarok,train,train,x86,ragnarok,unified_mendeley
9bdd7f965d1c67396afb0a84c78b4d12118ff377db7efdca4a1340933120f376,ragnarok__9bdd7f965d1c67396afb0a84c78b4d12118ff377db7efdca4a1340933120f376,mendeley_ransomware,1,ragnarok,train,train,x86,ragnarok,unified_mendeley
ac16f3e23516cf6b22830c399b4aba9706d37adceb5eb8ea9960f71f1425df79,ragnarok__ac16f3e23516cf6b22830c399b4aba9706d37adceb5eb8ea9960f71f1425df79,mendeley_ransomware,1,ragnarok,train,train,x86,ragnarok,unified_mendeley
b5466ce462df16b3a29f22192b1291d70479cacf35bd5e937f35b2567da948fe,ragnarok__b5466ce462df16b3a29f22192b1291d70479cacf35bd5e937f35b2567da948fe,mendeley_ransomware,1,ragnarok,train,train,x86,ragnarok,unified_mendeley
b7319f3e21c3941fc2a960b67a150b02f1f3389825164140e75dfa023a73d34c,ragnarok__b7319f3e21c3941fc2a960b67a150b02f1f3389825164140e75dfa023a73d34c,mendeley_ransomware,1,ragnarok,train,train,x86,ragnarok,unified_mendeley
c2bd70495630ed8279de0713a010e5e55f3da29323b59ef71401b12942ba52f6,ragnarok__c2bd70495630ed8279de0713a010e5e55f3da29323b59ef71401b12942ba52f6,mendeley_ransomware,1,ragnarok,train,train,x86,ragnarok,unified_mendeley
c85b211a9cf462aa88efe3db72ab5ab9ed91480355f1fd359d2680fdcb1b0c28,ragnarok__c85b211a9cf462aa88efe3db72ab5ab9ed91480355f1fd359d2680fdcb1b0c28,mendeley_ransomware,1,ragnarok,train,train,x86,ragnarok,unified_mendeley
d333d5eb3fc8fdd2c18e65723400c2ab939988fae9802937af329bb6b3735720,ragnarok__d333d5eb3fc8fdd2c18e65723400c2ab939988fae9802937af329bb6b3735720,mendeley_ransomware,1,ragnarok,train,train,x86,ragnarok,unified_mendeley
db8b499d613b604a439bca37c3be2f578bdfcde1b2271eccbcf22db85996e785,ragnarok__db8b499d613b604a439bca37c3be2f578bdfcde1b2271eccbcf22db85996e785,mendeley_ransomware,1,ragnarok,train,train,x86,ragnarok,unified_mendeley
dd5d4cf9422b6e4514d49a3ec542cffb682be8a24079010cda689afbb44ac0f4,ragnarok__dd5d4cf9422b6e4514d49a3ec542cffb682be8a24079010cda689afbb44ac0f4,mendeley_ransomware,1,ragnarok,train,train,x86,ragnarok,unified_mendeley
dd79b2abc21e766fe3076038482ded43e5069a1af9e0ad29e06dce387bfae900,ragnarok__dd79b2abc21e766fe3076038482ded43e5069a1af9e0ad29e06dce387bfae900,mendeley_ransomware,1,ragnarok,train,train,x86,ragnarok,unified_mendeley
e1957024039b0e48a15c27448f19d4df4f0e4666f9ac34e7f4d42dd3c32e15ed,ragnarok__e1957024039b0e48a15c27448f19d4df4f0e4666f9ac34e7f4d42dd3c32e15ed,mendeley_ransomware,1,ragnarok,train,train,x86,ragnarok,unified_mendeley
e7fe3b83e1730593d372b5a848e84066c07d75ee4790395a258822cfb8502412,ragnarok__e7fe3b83e1730593d372b5a848e84066c07d75ee4790395a258822cfb8502412,mendeley_ransomware,1,ragnarok,train,train,x86,ragnarok,unified_mendeley
ec35c76ad2c8192f09c02eca1f263b406163470ca8438d054db7adcf5bfc0597,ragnarok__ec35c76ad2c8192f09c02eca1f263b406163470ca8438d054db7adcf5bfc0597,mendeley_ransomware,1,ragnarok,train,train,x86,ragnarok,unified_mendeley
ee7221f0d74d03a613ca334aa6cacbcff381a10a1d0ded8a485c3ad1ba8530e1,ragnarok__ee7221f0d74d03a613ca334aa6cacbcff381a10a1d0ded8a485c3ad1ba8530e1,mendeley_ransomware,1,ragnarok,train,train,x86,ragnarok,unified_mendeley
fc990b79c1f106bfe21a6b2faa0455429e12e1707546e9475d5ea66daf10fd98,ragnarok__fc990b79c1f106bfe21a6b2faa0455429e12e1707546e9475d5ea66daf10fd98,mendeley_ransomware,1,ragnarok,train,train,x86,ragnarok,unified_mendeley
08cf8ed94cc1ef6ae23133f3e506a50d8aad9047c6fa74568a0373d991261aa4,ransomexx__08cf8ed94cc1ef6ae23133f3e506a50d8aad9047c6fa74568a0373d991261aa4,mendeley_ransomware,1,ransomexx,train,train,x86,ransomexx,unified_mendeley
09bb81e5a6c716f14c625ff36beb3b184d0089ed29252af10635b604b69f22ef,ransomexx__09bb81e5a6c716f14c625ff36beb3b184d0089ed29252af10635b604b69f22ef,mendeley_ransomware,1,ransomexx,train,train,x86,ransomexx,unified_mendeley
0b42bf15b77cfe9f9e693f2776691647e78a91be27f5bdb8d1a366be510a773f,ransomexx__0b42bf15b77cfe9f9e693f2776691647e78a91be27f5bdb8d1a366be510a773f,mendeley_ransomware,1,ransomexx,train,train,x86,ransomexx,unified_mendeley
10c4067908181cebb72202d92ff7a054b19ef3aada939bf76178e35be9506525,ransomexx__10c4067908181cebb72202d92ff7a054b19ef3aada939bf76178e35be9506525,mendeley_ransomware,1,ransomexx,train,train,x86,ransomexx,unified_mendeley
1fb3db9bfa0960ff9cf5cd4dc875ec72dd3fd8a60340c7bf2631d8bc30d54a0f,ransomexx__1fb3db9bfa0960ff9cf5cd4dc875ec72dd3fd8a60340c7bf2631d8bc30d54a0f,mendeley_ransomware,1,ransomexx,train,train,x86,ransomexx,unified_mendeley
248c45236a4d4b5aec67b01a1e2e42a15bb6d2de0dee296f345d976ac01c3646,ransomexx__248c45236a4d4b5aec67b01a1e2e42a15bb6d2de0dee296f345d976ac01c3646,mendeley_ransomware,1,ransomexx,train,train,x86,ransomexx,unified_mendeley
45de0b468a1d23bb4d557f426fde7decdc2c18e94ce69c414663db5eea2d4f28,ransomexx__45de0b468a1d23bb4d557f426fde7decdc2c18e94ce69c414663db5eea2d4f28,mendeley_ransomware,1,ransomexx,train,train,x86,ransomexx,unified_mendeley
4cae449450c07b7aa74314173c7b00d409eabfe22b86859f3b3acedd66010458,ransomexx__4cae449450c07b7aa74314173c7b00d409eabfe22b86859f3b3acedd66010458,mendeley_ransomware,1,ransomexx,train,train,x86,ransomexx,unified_mendeley
64c51351aafb4cd339934a78d064847bdd833b963eafbade86eb51ac2c1677f4,ransomexx__64c51351aafb4cd339934a78d064847bdd833b963eafbade86eb51ac2c1677f4,mendeley_ransomware,1,ransomexx,train,train,x86,ransomexx,unified_mendeley
c0f07b493cc32ffcbb4ca1ca92f5752c4040b1d0be7b69981c22a27f69cfb890,ransomexx__c0f07b493cc32ffcbb4ca1ca92f5752c4040b1d0be7b69981c22a27f69cfb890,mendeley_ransomware,1,ransomexx,train,train,x86,ransomexx,unified_mendeley
d85f4448d5aea240d68c07bec6f363986d71940c3c1a3e49053d55fd1741c41e,ransomexx__d85f4448d5aea240d68c07bec6f363986d71940c3c1a3e49053d55fd1741c41e,mendeley_ransomware,1,ransomexx,train,train,x86,ransomexx,unified_mendeley
ed2b1f855fc7a39a7cf2cfbfd5a10707801ba313bab9c5d748fcd3703aad66fc,ransomexx__ed2b1f855fc7a39a7cf2cfbfd5a10707801ba313bab9c5d748fcd3703aad66fc,mendeley_ransomware,1,ransomexx,train,train,x86,ransomexx,unified_mendeley
fa28436aaf459d16215dd2d96ea5756c09198216c52d90a7a20abde4e826909b,ransomexx__fa28436aaf459d16215dd2d96ea5756c09198216c52d90a7a20abde4e826909b,mendeley_ransomware,1,ransomexx,train,train,x86,ransomexx,unified_mendeley
04419b76566142902680b2c44b216905b44a5743502530066e408bac72d20864,revil__04419b76566142902680b2c44b216905b44a5743502530066e408bac72d20864,mendeley_ransomware,1,revil,val,train,x86,revil,unified_mendeley
08c2d24cb9c632f9aa84254bb673c9df04d4ac23ee07e840794e9438b06e9bd2,revil__08c2d24cb9c632f9aa84254bb673c9df04d4ac23ee07e840794e9438b06e9bd2,mendeley_ransomware,1,revil,val,train,x86,revil,unified_mendeley
12d8bfa1aeb557c146b98f069f3456cc8392863a2f4ad938722cd7ca1a773b39,revil__12d8bfa1aeb557c146b98f069f3456cc8392863a2f4ad938722cd7ca1a773b39,mendeley_ransomware,1,revil,val,train,x86,revil,unified_mendeley
1407486e00e1c186e5ea73d53c9f026f1e72609cb6fcd90ebc4545aae30728db,revil__1407486e00e1c186e5ea73d53c9f026f1e72609cb6fcd90ebc4545aae30728db,mendeley_ransomware,1,revil,val,train,x86,revil,unified_mendeley
1fb2178279b76d9ed5e3c24b24885a31ec521e58a4688597600d26f88df5b8e1,revil__1fb2178279b76d9ed5e3c24b24885a31ec521e58a4688597600d26f88df5b8e1,mendeley_ransomware,1,revil,val,train,x86,revil,unified_mendeley
1fe9b489c25bb23b04d9996e8107671edee69bd6f6def2fe7ece38a0fb35f98e,revil__1fe9b489c25bb23b04d9996e8107671edee69bd6f6def2fe7ece38a0fb35f98e,mendeley_ransomware,1,revil,val,train,x86,revil,unified_mendeley
20d46f118a5e925f992932f20dd658e4d464ac8d8218f7fba683029d51761709,revil__20d46f118a5e925f992932f20dd658e4d464ac8d8218f7fba683029d51761709,mendeley_ransomware,1,revil,val,train,x86,revil,unified_mendeley
2df2fab33c1db5b049284a6bd5aa1f58bec4cb370b0663870b6a57ef33b5028c,revil__2df2fab33c1db5b049284a6bd5aa1f58bec4cb370b0663870b6a57ef33b5028c,mendeley_ransomware,1,revil,val,train,x86,revil,unified_mendeley
2ea781140f7e86c63b636249b5fdba9828661bdd846fd95c195c5b986b84a507,revil__2ea781140f7e86c63b636249b5fdba9828661bdd846fd95c195c5b986b84a507,mendeley_ransomware,1,revil,val,train,x86,revil,unified_mendeley
2f00cd865ea857a2d9d399385c408e99f9daaa1b6c193f2195393bd459524b3e,revil__2f00cd865ea857a2d9d399385c408e99f9daaa1b6c193f2195393bd459524b3e,mendeley_ransomware,1,revil,val,train,x86,revil,unified_mendeley
329983dc2a23bd951b24780947cb9a6ae3fb80d5ef546e8538dfd9459b176483,revil__329983dc2a23bd951b24780947cb9a6ae3fb80d5ef546e8538dfd9459b176483,mendeley_ransomware,1,revil,val,train,x86,revil,unified_mendeley
3b0cf9bc480a7fc4a560ab26cd35a72313b1fa49bf6ef208c434a32b3f1588c4,revil__3b0cf9bc480a7fc4a560ab26cd35a72313b1fa49bf6ef208c434a32b3f1588c4,mendeley_ransomware,1,revil,val,train,x86,revil,unified_mendeley
3c56d3fe6373d5b84074f214b883ca65685d04141ff829f73ff65531bf1f86ad,revil__3c56d3fe6373d5b84074f214b883ca65685d04141ff829f73ff65531bf1f86ad,mendeley_ransomware,1,revil,val,train,x86,revil,unified_mendeley
42438a67636a6981b4e3209449040f6b393f10fe0636dfca2260fc0f4271e135,revil__42438a67636a6981b4e3209449040f6b393f10fe0636dfca2260fc0f4271e135,mendeley_ransomware,1,revil,val,train,x86,revil,unified_mendeley
44cd22cb40115a504bf933ec006d47ae0076f450f76b54783f846beca81c4c93,revil__44cd22cb40115a504bf933ec006d47ae0076f450f76b54783f846beca81c4c93,mendeley_ransomware,1,revil,val,train,x86,revil,unified_mendeley
52612bceee07152f2e2e6699b3c085149e11979f34fe248bda14e03a0d950e85,revil__52612bceee07152f2e2e6699b3c085149e11979f34fe248bda14e03a0d950e85,mendeley_ransomware,1,revil,val,train,x86,revil,unified_mendeley
5467fe3f38ccf0c56c1aba7cbbc56109b747f7a53c333a3f5a1cfe6094e1fa2b,revil__5467fe3f38ccf0c56c1aba7cbbc56109b747f7a53c333a3f5a1cfe6094e1fa2b,mendeley_ransomware,1,revil,val,train,x86,revil,unified_mendeley
54f07b825fd662618e1142ee47ef5c988c08ae59c60209bef250fc68bfd3826c,revil__54f07b825fd662618e1142ee47ef5c988c08ae59c60209bef250fc68bfd3826c,mendeley_ransomware,1,revil,val,train,x86,revil,unified_mendeley
5f56d5748940e4039053f85978074bde16d64bd5ba97f6f0026ba8172cb29e93,revil__5f56d5748940e4039053f85978074bde16d64bd5ba97f6f0026ba8172cb29e93,mendeley_ransomware,1,revil,val,train,x86,revil,unified_mendeley
62a27299a63f16f14ab36532e5afc203f817df9eef94630a4873d35d8f685fbd,revil__62a27299a63f16f14ab36532e5afc203f817df9eef94630a4873d35d8f685fbd,mendeley_ransomware,1,revil,val,train,x86,revil,unified_mendeley
66060484cccedb839fb646d4e6020e079319374b2847c52dcec55c5ad60b1beb,revil__66060484cccedb839fb646d4e6020e079319374b2847c52dcec55c5ad60b1beb,mendeley_ransomware,1,revil,val,train,x86,revil,unified_mendeley
6834005e47c6ad53cb0793e1f13b6ea45383d86691b179f4229214d8768d0ceb,revil__6834005e47c6ad53cb0793e1f13b6ea45383d86691b179f4229214d8768d0ceb,mendeley_ransomware,1,revil,val,train,x86,revil,unified_mendeley
6c5ddbe058da35b2731fe10234520a6bb78604f860ed4188a1bd07e62fe4ec11,revil__6c5ddbe058da35b2731fe10234520a6bb78604f860ed4188a1bd07e62fe4ec11,mendeley_ransomware,1,revil,val,train,x86,revil,unified_mendeley
74ce1be7fe32869dbbfe599d7992c306a7ee693eb517924135975daa64a3a92f,revil__74ce1be7fe32869dbbfe599d7992c306a7ee693eb517924135975daa64a3a92f,mendeley_ransomware,1,revil,val,train,x86,revil,unified_mendeley
7cd8f10164a6c3209574751d16c4e9297334f11a08ade649055450d41e0d31e9,revil__7cd8f10164a6c3209574751d16c4e9297334f11a08ade649055450d41e0d31e9,mendeley_ransomware,1,revil,val,train,x86,revil,unified_mendeley
7e70460a2e395485fe6328a58e09400fc7963afeb29fdadb924c340e758b267c,revil__7e70460a2e395485fe6328a58e09400fc7963afeb29fdadb924c340e758b267c,mendeley_ransomware,1,revil,val,train,x86,revil,unified_mendeley
8c716101e118ac65d7bdb900e0100d012256abb1d7cdf64830e5943a795ccce2,revil__8c716101e118ac65d7bdb900e0100d012256abb1d7cdf64830e5943a795ccce2,mendeley_ransomware,1,revil,val,train,x86,revil,unified_mendeley
93c4b144a4ef5e9ebcb5de425f6151fb6fd892d1042b21e639ab6c358cad3940,revil__93c4b144a4ef5e9ebcb5de425f6151fb6fd892d1042b21e639ab6c358cad3940,mendeley_ransomware,1,revil,val,train,x86,revil,unified_mendeley
9b11711efed24b3c6723521a7d7eb4a52e4914db7420e278aa36e727459d59dd,revil__9b11711efed24b3c6723521a7d7eb4a52e4914db7420e278aa36e727459d59dd,mendeley_ransomware,1,revil,val,train,x86,revil,unified_mendeley
9df39b3b2b0ed8ed469d028cc4269655d6b70aef8b22a308f34e1929e4b00992,revil__9df39b3b2b0ed8ed469d028cc4269655d6b70aef8b22a308f34e1929e4b00992,mendeley_ransomware,1,revil,val,train,x86,revil,unified_mendeley
9f256973ee6ddcd3d781761480c00220a140fad833dc9a6a085f45c419d1714e,revil__9f256973ee6ddcd3d781761480c00220a140fad833dc9a6a085f45c419d1714e,mendeley_ransomware,1,revil,val,train,x86,revil,unified_mendeley
ab0aa003d7238940cbdf7393677f968c4a252516de7f0699cd4654abd2e7ae83,revil__ab0aa003d7238940cbdf7393677f968c4a252516de7f0699cd4654abd2e7ae83,mendeley_ransomware,1,revil,val,train,x86,revil,unified_mendeley
ad144912fc680308d6b8fe71dfff6b5e2779b47ebdc7b60a4a5cfb038e89b382,revil__ad144912fc680308d6b8fe71dfff6b5e2779b47ebdc7b60a4a5cfb038e89b382,mendeley_ransomware,1,revil,val,train,x86,revil,unified_mendeley
b49c1caf4d71f47c73e112f22e033ee59610a5ae080e76797d5ef1dcc4a93d07,revil__b49c1caf4d71f47c73e112f22e033ee59610a5ae080e76797d5ef1dcc4a93d07,mendeley_ransomware,1,revil,val,train,x86,revil,unified_mendeley
b9924321b4f05ec0b98e272ddd4f91feb69eb93c44186ca165a4d51beed91152,revil__b9924321b4f05ec0b98e272ddd4f91feb69eb93c44186ca165a4d51beed91152,mendeley_ransomware,1,revil,val,train,x86,revil,unified_mendeley
bbcaee51155609d365f6bb297d124efea685df0243ec1d4efb5043d9afe5963d,revil__bbcaee51155609d365f6bb297d124efea685df0243ec1d4efb5043d9afe5963d,mendeley_ransomware,1,revil,val,train,x86,revil,unified_mendeley
c7a3f735583f0ad0e623a1a248188a0b5fbb7997c2a4a5278bd09e9ce5d6fc33,revil__c7a3f735583f0ad0e623a1a248188a0b5fbb7997c2a4a5278bd09e9ce5d6fc33,mendeley_ransomware,1,revil,val,train,x86,revil,unified_mendeley
cb4af8d6d57163b0322bd033b36379f805bdb59ec550049ea568cc0a7dfe52cd,revil__cb4af8d6d57163b0322bd033b36379f805bdb59ec550049ea568cc0a7dfe52cd,mendeley_ransomware,1,revil,val,train,x86,revil,unified_mendeley
d0e075a9346acbeca7095df2fc5e7c28909961184078e251f737f09b8ef892b6,revil__d0e075a9346acbeca7095df2fc5e7c28909961184078e251f737f09b8ef892b6,mendeley_ransomware,1,revil,val,train,x86,revil,unified_mendeley
d55f983c994caa160ec63a59f6b4250fe67fb3e8c43a388aec60a4a6978e9f1e,revil__d55f983c994caa160ec63a59f6b4250fe67fb3e8c43a388aec60a4a6978e9f1e,mendeley_ransomware,1,revil,val,train,x86,revil,unified_mendeley
d74f04f0b948d9586629e06e2a2a21bdf20d678e47058afb637414eb3701c1f6,revil__d74f04f0b948d9586629e06e2a2a21bdf20d678e47058afb637414eb3701c1f6,mendeley_ransomware,1,revil,val,train,x86,revil,unified_mendeley
d91f951bdcf35012ac6b47c28cf32ec143e4269243d8c229f6cb326fd343df95,revil__d91f951bdcf35012ac6b47c28cf32ec143e4269243d8c229f6cb326fd343df95,mendeley_ransomware,1,revil,val,train,x86,revil,unified_mendeley
db59d4ab0aaf660fe778f9190102e1b808bc5d357026736ca335e4858ec512eb,revil__db59d4ab0aaf660fe778f9190102e1b808bc5d357026736ca335e4858ec512eb,mendeley_ransomware,1,revil,val,train,x86,revil,unified_mendeley
dc6b0e8c1e9c113f0364e1c8370060dee3fcbe25b667ddeca7623a95cd21411f,revil__dc6b0e8c1e9c113f0364e1c8370060dee3fcbe25b667ddeca7623a95cd21411f,mendeley_ransomware,1,revil,val,train,x86,revil,unified_mendeley
de20c90de7becbb2f8b92ac42d71a3db3db498472746d0d6f53c368dadba44b0,revil__de20c90de7becbb2f8b92ac42d71a3db3db498472746d0d6f53c368dadba44b0,mendeley_ransomware,1,revil,val,train,x86,revil,unified_mendeley
fd164c4c121371f94cfd3a034ad8cf8edc7c0f7141a8f4c9da1683d41b212a87,revil__fd164c4c121371f94cfd3a034ad8cf8edc7c0f7141a8f4c9da1683d41b212a87,mendeley_ransomware,1,revil,val,train,x86,revil,unified_mendeley
feea9f9c02b891d9a7d3656060ffcc203b9cbc28a49be3fcc7c9884c71a4f7c7,revil__feea9f9c02b891d9a7d3656060ffcc203b9cbc28a49be3fcc7c9884c71a4f7c7,mendeley_ransomware,1,revil,val,train,x86,revil,unified_mendeley
00812c29572306776424ca61a1f0fed18504e1776fa0d49b1f805c655daf871b,ryuk__00812c29572306776424ca61a1f0fed18504e1776fa0d49b1f805c655daf871b,mendeley_ransomware,1,ryuk,val,train,x64,ryuk,unified_mendeley
05e06709523fd798da963c2c24254de0fcca6c57e1052996798ecc74ff43b41f,ryuk__05e06709523fd798da963c2c24254de0fcca6c57e1052996798ecc74ff43b41f,mendeley_ransomware,1,ryuk,val,train,x86,ryuk,unified_mendeley
0cf36731f5b8651d53fc651607c3fccac24b631c08dca4493d8e07d2fbff1db3,ryuk__0cf36731f5b8651d53fc651607c3fccac24b631c08dca4493d8e07d2fbff1db3,mendeley_ransomware,1,ryuk,val,train,x86,ryuk,unified_mendeley
113af75f13547be184822f1268f984b79f35965a1b1f963d23b50a09741b0aec,ryuk__113af75f13547be184822f1268f984b79f35965a1b1f963d23b50a09741b0aec,mendeley_ransomware,1,ryuk,val,train,x64,ryuk,unified_mendeley
1455091954ecf9ccd6fe60cb8e982d9cfb4b3dc8414443ccfdfc444079829d56,ryuk__1455091954ecf9ccd6fe60cb8e982d9cfb4b3dc8414443ccfdfc444079829d56,mendeley_ransomware,1,ryuk,val,train,x64,ryuk,unified_mendeley
180f82bbedb03dc29328e32e054069870a1e65078b78b2120a84c96aaed7d843,ryuk__180f82bbedb03dc29328e32e054069870a1e65078b78b2120a84c96aaed7d843,mendeley_ransomware,1,ryuk,val,train,x86,ryuk,unified_mendeley
19ee4afc768bb6dccc68de4c6cac24cd2b258263d84493c352dabfa23d829082,ryuk__19ee4afc768bb6dccc68de4c6cac24cd2b258263d84493c352dabfa23d829082,mendeley_ransomware,1,ryuk,val,train,x86,ryuk,unified_mendeley
1e11567d33a1738bd8223ce819f5c27aeeb8611ef288c4a7f9374f750252ec56,ryuk__1e11567d33a1738bd8223ce819f5c27aeeb8611ef288c4a7f9374f750252ec56,mendeley_ransomware,1,ryuk,val,train,x86,ryuk,unified_mendeley
23f8aa94ffb3c08a62735fe7fee5799880a8f322ce1d55ec49a13a3f85312db2,ryuk__23f8aa94ffb3c08a62735fe7fee5799880a8f322ce1d55ec49a13a3f85312db2,mendeley_ransomware,1,ryuk,val,train,x86,ryuk,unified_mendeley
2ec5256a7edb90b1c05c92f79e8a48c205b29e1ac910a535aa83c30b8dbbeff8,ryuk__2ec5256a7edb90b1c05c92f79e8a48c205b29e1ac910a535aa83c30b8dbbeff8,mendeley_ransomware,1,ryuk,val,train,x86,ryuk,unified_mendeley
2fd1542c42b9fc68a52a53bde2731c26a9861cf8093c620e30e5729c810d0c8f,ryuk__2fd1542c42b9fc68a52a53bde2731c26a9861cf8093c620e30e5729c810d0c8f,mendeley_ransomware,1,ryuk,val,train,x86,ryuk,unified_mendeley
3c037dcc0145a331e0154e016e0636d7f77be792d2d698b3b982fab33acc242a,ryuk__3c037dcc0145a331e0154e016e0636d7f77be792d2d698b3b982fab33acc242a,mendeley_ransomware,1,ryuk,val,train,x64,ryuk,unified_mendeley
40b865d1c3ab1b8544bcf57c88edd30679870d40b27d62feb237a19f0c5f9cd1,ryuk__40b865d1c3ab1b8544bcf57c88edd30679870d40b27d62feb237a19f0c5f9cd1,mendeley_ransomware,1,ryuk,val,train,x86,ryuk,unified_mendeley
478990938b7cae1f3266d232993c12265e8c8dcd4382ea381cf1e6cf6d21b350,ryuk__478990938b7cae1f3266d232993c12265e8c8dcd4382ea381cf1e6cf6d21b350,mendeley_ransomware,1,ryuk,val,train,x64,ryuk,unified_mendeley
47b93698f3be772dad103ea109a0e7dba745afe3e93aa9dc2d9739e0b4991f5d,ryuk__47b93698f3be772dad103ea109a0e7dba745afe3e93aa9dc2d9739e0b4991f5d,mendeley_ransomware,1,ryuk,val,train,x86,ryuk,unified_mendeley
4992a629599d25933b55fee0b69198e80ecdcb3727a0b11b3d2891e6cd5da555,ryuk__4992a629599d25933b55fee0b69198e80ecdcb3727a0b11b3d2891e6cd5da555,mendeley_ransomware,1,ryuk,val,train,x86,ryuk,unified_mendeley
4c746cd4561e5a26ceeacb566d62258c04e29a40ac5dc1d2475aacb8099b0fe7,ryuk__4c746cd4561e5a26ceeacb566d62258c04e29a40ac5dc1d2475aacb8099b0fe7,mendeley_ransomware,1,ryuk,val,train,x64,ryuk,unified_mendeley
4cb0bf61d61ad3383636df11b3e4da8e67bb0acea03e981ecdd48d08ed8c796c,ryuk__4cb0bf61d61ad3383636df11b3e4da8e67bb0acea03e981ecdd48d08ed8c796c,mendeley_ransomware,1,ryuk,val,train,x86,ryuk,unified_mendeley
5b1f242aee0eabd4dffea0fe5f08aba60abf7c8d1e4f7fc7357af7f20ccd0204,ryuk__5b1f242aee0eabd4dffea0fe5f08aba60abf7c8d1e4f7fc7357af7f20ccd0204,mendeley_ransomware,1,ryuk,val,train,x86,ryuk,unified_mendeley
5e2c9d80fa4528fe9777738a9cba9ede08cdae353fd4cb2d9caf0c9801fd5711,ryuk__5e2c9d80fa4528fe9777738a9cba9ede08cdae353fd4cb2d9caf0c9801fd5711,mendeley_ransomware,1,ryuk,val,train,x86,ryuk,unified_mendeley
63b44f7fe68cb8a05fa98c5acc59851d4b73f5bbd76e9910c94042c523da8d5b,ryuk__63b44f7fe68cb8a05fa98c5acc59851d4b73f5bbd76e9910c94042c523da8d5b,mendeley_ransomware,1,ryuk,val,train,x86,ryuk,unified_mendeley
63c7173636a3ea5fe8bd62ccd4fa32ac43f2648301a07e8ece7ad6f34f9ffb38,ryuk__63c7173636a3ea5fe8bd62ccd4fa32ac43f2648301a07e8ece7ad6f34f9ffb38,mendeley_ransomware,1,ryuk,val,train,x86,ryuk,unified_mendeley
647f76c278160f537fce57e355f7e8d42e2b381f28a779ad9b71c00f20fb3ced,ryuk__647f76c278160f537fce57e355f7e8d42e2b381f28a779ad9b71c00f20fb3ced,mendeley_ransomware,1,ryuk,val,train,x86,ryuk,unified_mendeley
781bc4dcbd459893397a8b987bf697f5b95435dfaf7fe3f4d2224728e7a2202a,ryuk__781bc4dcbd459893397a8b987bf697f5b95435dfaf7fe3f4d2224728e7a2202a,mendeley_ransomware,1,ryuk,val,train,x86,ryuk,unified_mendeley
7c1e0597dd5a1e2d48c9cede54843aa7c299f7404630b5a2aafac2eec7358b20,ryuk__7c1e0597dd5a1e2d48c9cede54843aa7c299f7404630b5a2aafac2eec7358b20,mendeley_ransomware,1,ryuk,val,train,x64,ryuk,unified_mendeley
7faeb64c50cd15d036ca259a047d6c62ed491fff3729433fefba0b02c059d5ed,ryuk__7faeb64c50cd15d036ca259a047d6c62ed491fff3729433fefba0b02c059d5ed,mendeley_ransomware,1,ryuk,val,train,x86,ryuk,unified_mendeley
84516cefc7fc9fb77046ae6ed0d1606eeedea4d99de335f6faa99c2f905a06c3,ryuk__84516cefc7fc9fb77046ae6ed0d1606eeedea4d99de335f6faa99c2f905a06c3,mendeley_ransomware,1,ryuk,val,train,x86,ryuk,unified_mendeley
8862b060db997bc9077e3bece06529c1c116af379985f6138a07ab5fde61b54c,ryuk__8862b060db997bc9077e3bece06529c1c116af379985f6138a07ab5fde61b54c,mendeley_ransomware,1,ryuk,val,train,x86,ryuk,unified_mendeley
88b1b4966650de59cef20c340b28739c52dc9ead91d9959a338a8e531ad38335,ryuk__88b1b4966650de59cef20c340b28739c52dc9ead91d9959a338a8e531ad38335,mendeley_ransomware,1,ryuk,val,train,x86,ryuk,unified_mendeley
9eb7abf2228ad28d8b7f571e0495d4a35da40607f04355307077975e271553b8,ryuk__9eb7abf2228ad28d8b7f571e0495d4a35da40607f04355307077975e271553b8,mendeley_ransomware,1,ryuk,val,train,x86,ryuk,unified_mendeley
9fe66773c84d371ef1b424005996ade4d5e16fb00306a1d54b107b2b2d03fe17,ryuk__9fe66773c84d371ef1b424005996ade4d5e16fb00306a1d54b107b2b2d03fe17,mendeley_ransomware,1,ryuk,val,train,x64,ryuk,unified_mendeley
a671d564c50b3056b915bdc6b063b781989b42e01a3743a1cb82849414fed0f8,ryuk__a671d564c50b3056b915bdc6b063b781989b42e01a3743a1cb82849414fed0f8,mendeley_ransomware,1,ryuk,val,train,x64,ryuk,unified_mendeley
a7b12a646be6e9815135dbcb8ce4e5f87089fb9fc2ce8da0d4a6d26e82e49696,ryuk__a7b12a646be6e9815135dbcb8ce4e5f87089fb9fc2ce8da0d4a6d26e82e49696,mendeley_ransomware,1,ryuk,val,train,x64,ryuk,unified_mendeley
badf8718f626889f7ceabb1c9d8660265952052037ddde346193b630201eefe4,ryuk__badf8718f626889f7ceabb1c9d8660265952052037ddde346193b630201eefe4,mendeley_ransomware,1,ryuk,val,train,x86,ryuk,unified_mendeley
bbbf38de4f40754f235441a8e6a4c8bdb9365dab7f5cfcdac77dbb4d6236360b,ryuk__bbbf38de4f40754f235441a8e6a4c8bdb9365dab7f5cfcdac77dbb4d6236360b,mendeley_ransomware,1,ryuk,val,train,x86,ryuk,unified_mendeley
c9961b737c158252bb3d52ce956842b0d903471d210220f70f09d500d9197d1e,ryuk__c9961b737c158252bb3d52ce956842b0d903471d210220f70f09d500d9197d1e,mendeley_ransomware,1,ryuk,val,train,x86,ryuk,unified_mendeley
cc4a0b4080844e20fb9535679f7b09a3e2449729ce1815d1e5a64272b0225465,ryuk__cc4a0b4080844e20fb9535679f7b09a3e2449729ce1815d1e5a64272b0225465,mendeley_ransomware,1,ryuk,val,train,x86,ryuk,unified_mendeley
d0d7a8f588693b7cc967fb4069419125625eb7454ba553c0416f35fc95307cbe,ryuk__d0d7a8f588693b7cc967fb4069419125625eb7454ba553c0416f35fc95307cbe,mendeley_ransomware,1,ryuk,val,train,x86,ryuk,unified_mendeley
d5d744e0f7984ec01593da35f26bf24e95e4b1cc8bd1c0ff4f31de5dbf94e38f,ryuk__d5d744e0f7984ec01593da35f26bf24e95e4b1cc8bd1c0ff4f31de5dbf94e38f,mendeley_ransomware,1,ryuk,val,train,x86,ryuk,unified_mendeley
d7333223dcc1002aae04e25e31d8c297efa791a2c1e609d67ac6d9af338efbe8,ryuk__d7333223dcc1002aae04e25e31d8c297efa791a2c1e609d67ac6d9af338efbe8,mendeley_ransomware,1,ryuk,val,train,x86,ryuk,unified_mendeley
d9092abd8267613ab978e367e6d457738f2f73bdf87ec3682fd976b4f3dd9d45,ryuk__d9092abd8267613ab978e367e6d457738f2f73bdf87ec3682fd976b4f3dd9d45,mendeley_ransomware,1,ryuk,val,train,x86,ryuk,unified_mendeley
d91572ef64c5c77b1085a5e6cc40cab2a78f714288c29d1d8bdbb613aa5c9c6d,ryuk__d91572ef64c5c77b1085a5e6cc40cab2a78f714288c29d1d8bdbb613aa5c9c6d,mendeley_ransomware,1,ryuk,val,train,x64,ryuk,unified_mendeley
d956b9643f528c77bb3118ea3ff3a22457f214d154b83d2ea1c001badda68196,ryuk__d956b9643f528c77bb3118ea3ff3a22457f214d154b83d2ea1c001badda68196,mendeley_ransomware,1,ryuk,val,train,x86,ryuk,unified_mendeley
de708f2807f96938e5eb0295d5ebfee870b34dd0cb70708607d4e1adf767ce7b,ryuk__de708f2807f96938e5eb0295d5ebfee870b34dd0cb70708607d4e1adf767ce7b,mendeley_ransomware,1,ryuk,val,train,x64,ryuk,unified_mendeley
df6847bbf7e75ded54028081f5f27abb199562409aee6e20f99abcda5b48fb51,ryuk__df6847bbf7e75ded54028081f5f27abb199562409aee6e20f99abcda5b48fb51,mendeley_ransomware,1,ryuk,val,train,x86,ryuk,unified_mendeley
e8a0e80dfc520bf7e76c33a90ed6d286e8729e9defe6bb7da2f38bc2db33f399,ryuk__e8a0e80dfc520bf7e76c33a90ed6d286e8729e9defe6bb7da2f38bc2db33f399,mendeley_ransomware,1,ryuk,val,train,x86,ryuk,unified_mendeley
ec3da4ac9ec917e66ab943ab149119807922f64f2e4960ebadc36fe7520b300f,ryuk__ec3da4ac9ec917e66ab943ab149119807922f64f2e4960ebadc36fe7520b300f,mendeley_ransomware,1,ryuk,val,train,x86,ryuk,unified_mendeley
0056768cbb7902dec5ec3975300228352c31adf62061177316a8523614bf7c79,stop__0056768cbb7902dec5ec3975300228352c31adf62061177316a8523614bf7c79,mendeley_ransomware,1,stop,train,train,x86,stop,unified_mendeley
007ae7550fcc0e7368a9ebd1dcc6066145f256af24847075cde83233ced10d00,stop__007ae7550fcc0e7368a9ebd1dcc6066145f256af24847075cde83233ced10d00,mendeley_ransomware,1,stop,train,train,x86,stop,unified_mendeley
015ec781353fb693d510bccc466c61747c5e248f866fb2f632bc7f76afd758e2,stop__015ec781353fb693d510bccc466c61747c5e248f866fb2f632bc7f76afd758e2,mendeley_ransomware,1,stop,train,train,x86,stop,unified_mendeley
01d812b41a6ce4a4295cabc3fecde728149ecf4263c7f9f072f50eb004ee1068,stop__01d812b41a6ce4a4295cabc3fecde728149ecf4263c7f9f072f50eb004ee1068,mendeley_ransomware,1,stop,train,train,x86,stop,unified_mendeley
01f04b5d88ada9262d116d2482048845233ee7b31b924d79f3cefdb5c429cf19,stop__01f04b5d88ada9262d116d2482048845233ee7b31b924d79f3cefdb5c429cf19,mendeley_ransomware,1,stop,train,train,x86,stop,unified_mendeley
0345956163130a14d545e02b3a55f501e1425d6a71e0bddd084ea260c225357f,stop__0345956163130a14d545e02b3a55f501e1425d6a71e0bddd084ea260c225357f,mendeley_ransomware,1,stop,train,train,x86,stop,unified_mendeley
051e1afb0b50910012ef8218db2664d062fe6cccb59344af8bdbbba1c3b5809b,stop__051e1afb0b50910012ef8218db2664d062fe6cccb59344af8bdbbba1c3b5809b,mendeley_ransomware,1,stop,train,train,x86,stop,unified_mendeley
0642d31bfde0f3804840f168e0a2a870ca674c106d3c32fbf1e20fa1f3a036a8,stop__0642d31bfde0f3804840f168e0a2a870ca674c106d3c32fbf1e20fa1f3a036a8,mendeley_ransomware,1,stop,train,train,x86,stop,unified_mendeley
07388045c0aa457cba88a2bba1e7e56d359cdf70463cab7eb6a41dda2b616ba2,stop__07388045c0aa457cba88a2bba1e7e56d359cdf70463cab7eb6a41dda2b616ba2,mendeley_ransomware,1,stop,train,train,x86,stop,unified_mendeley
0c213ef729950323440d62292de91d2e7bc17970a902c72ae8171ff382ef5221,stop__0c213ef729950323440d62292de91d2e7bc17970a902c72ae8171ff382ef5221,mendeley_ransomware,1,stop,train,train,x86,stop,unified_mendeley
0cc3dc3c3ab412bbfeb1dc25084a490c08bc29ef3ef8b2933c631025d7197a4d,stop__0cc3dc3c3ab412bbfeb1dc25084a490c08bc29ef3ef8b2933c631025d7197a4d,mendeley_ransomware,1,stop,train,train,x86,stop,unified_mendeley
0e563a11fbad32ff02ffe4fc9bad5c022bf7a36855c3407058e14e69ca8d69a3,stop__0e563a11fbad32ff02ffe4fc9bad5c022bf7a36855c3407058e14e69ca8d69a3,mendeley_ransomware,1,stop,train,train,x86,stop,unified_mendeley
0e9d06b7301792e220b72b88ca51dda59cc3e8f7618fe45cc1d68dfac0b17756,stop__0e9d06b7301792e220b72b88ca51dda59cc3e8f7618fe45cc1d68dfac0b17756,mendeley_ransomware,1,stop,train,train,x86,stop,unified_mendeley
0ef4e9d927784280b371ab3aebfb056ce7b1e377916507d483ef9a4ff8b202f1,stop__0ef4e9d927784280b371ab3aebfb056ce7b1e377916507d483ef9a4ff8b202f1,mendeley_ransomware,1,stop,train,train,x86,stop,unified_mendeley
11cb404eb6fc6d0aaca61b0edcbc009a2be321ce6fca9f865a272874678656a6,stop__11cb404eb6fc6d0aaca61b0edcbc009a2be321ce6fca9f865a272874678656a6,mendeley_ransomware,1,stop,train,train,x86,stop,unified_mendeley
1505ed1116425351ff433108f7cfa7b05e12531a961a9ef8a2df1209c35bd6a7,stop__1505ed1116425351ff433108f7cfa7b05e12531a961a9ef8a2df1209c35bd6a7,mendeley_ransomware,1,stop,train,train,x86,stop,unified_mendeley
19c8842028f5d34e2032e68de5913be7875cf0ad46e0914bf3d3ca6874dd22db,stop__19c8842028f5d34e2032e68de5913be7875cf0ad46e0914bf3d3ca6874dd22db,mendeley_ransomware,1,stop,train,train,x86,stop,unified_mendeley
20e8997a74ae8dd68fe98e7454c4056d09c6f92c19e52dd832f82e02082932e9,stop__20e8997a74ae8dd68fe98e7454c4056d09c6f92c19e52dd832f82e02082932e9,mendeley_ransomware,1,stop,train,train,x86,stop,unified_mendeley
32b0fbaf95fefcc9b89243be8721625592fc9ed92d76a48cab263898fd3d5c08,stop__32b0fbaf95fefcc9b89243be8721625592fc9ed92d76a48cab263898fd3d5c08,mendeley_ransomware,1,stop,train,train,x86,stop,unified_mendeley
446f4aff5e8617a75939deeddfec9c0cd2434f3a06f63ae037594b93c0f6ee61,stop__446f4aff5e8617a75939deeddfec9c0cd2434f3a06f63ae037594b93c0f6ee61,mendeley_ransomware,1,stop,train,train,x86,stop,unified_mendeley
45c47a6726cb73283befa8f3157d82efd25e757c8e22f46fb93b557f4622994f,stop__45c47a6726cb73283befa8f3157d82efd25e757c8e22f46fb93b557f4622994f,mendeley_ransomware,1,stop,train,train,x86,stop,unified_mendeley
486ab4d9e0a524b8f734a9e45821538c31e18c7632af8e0765dc417b9a87c64d,stop__486ab4d9e0a524b8f734a9e45821538c31e18c7632af8e0765dc417b9a87c64d,mendeley_ransomware,1,stop,train,train,x86,stop,unified_mendeley
52875170b3d4d831363ef0544a1f07934099ec94af1b8c7aa6c54b68086e640a,stop__52875170b3d4d831363ef0544a1f07934099ec94af1b8c7aa6c54b68086e640a,mendeley_ransomware,1,stop,train,train,x86,stop,unified_mendeley
5d294a14a491dc4e08593b2f6cdcaace1e894c449b05b4132b9ba5c005848c58,stop__5d294a14a491dc4e08593b2f6cdcaace1e894c449b05b4132b9ba5c005848c58,mendeley_ransomware,1,stop,train,train,x86,stop,unified_mendeley
5d5c067cbfd22a4bc080b26fd63a8fdbe5364e3f32079ddd0bdd65ffd4ac438e,stop__5d5c067cbfd22a4bc080b26fd63a8fdbe5364e3f32079ddd0bdd65ffd4ac438e,mendeley_ransomware,1,stop,train,train,x86,stop,unified_mendeley
6bcc1457190babad51e35d278328e52505b1917de234acf427f7e7b48e0e6f0e,stop__6bcc1457190babad51e35d278328e52505b1917de234acf427f7e7b48e0e6f0e,mendeley_ransomware,1,stop,train,train,x86,stop,unified_mendeley
96b6e097f79c99aa21d05542bd4a6317303a28aaf6fb4ff0f790a7f701747979,stop__96b6e097f79c99aa21d05542bd4a6317303a28aaf6fb4ff0f790a7f701747979,mendeley_ransomware,1,stop,train,train,x86,stop,unified_mendeley
99e6627336c4f6097f2268b21bc77a0e8fc0006c6d73db5c085037513c93c097,stop__99e6627336c4f6097f2268b21bc77a0e8fc0006c6d73db5c085037513c93c097,mendeley_ransomware,1,stop,train,train,x86,stop,unified_mendeley
ab773ef4933bf0d52210c6494f3611a6805c4fd880d1c62171e96f5d5b25f46f,stop__ab773ef4933bf0d52210c6494f3611a6805c4fd880d1c62171e96f5d5b25f46f,mendeley_ransomware,1,stop,train,train,x86,stop,unified_mendeley
bb85125d08e5f947de240348d133dadf0475af0556856e09d497ba14d2d4ac54,stop__bb85125d08e5f947de240348d133dadf0475af0556856e09d497ba14d2d4ac54,mendeley_ransomware,1,stop,train,train,x86,stop,unified_mendeley
cc16ec8062a3ed597edf121dc8e74170c70dc50159a70604f9e6f4256974c396,stop__cc16ec8062a3ed597edf121dc8e74170c70dc50159a70604f9e6f4256974c396,mendeley_ransomware,1,stop,train,train,x86,stop,unified_mendeley
d5c60ae5f174a2a2d95921e5b18c78e4c1ff4881a43540075309b47b827ef523,stop__d5c60ae5f174a2a2d95921e5b18c78e4c1ff4881a43540075309b47b827ef523,mendeley_ransomware,1,stop,train,train,x86,stop,unified_mendeley
eba1e2d8d2f3b1eaddaf6331df44e59c2e2ac9c907034f221db2684e89d75ec8,stop__eba1e2d8d2f3b1eaddaf6331df44e59c2e2ac9c907034f221db2684e89d75ec8,mendeley_ransomware,1,stop,train,train,x86,stop,unified_mendeley
f1e4755ee17247030f6baa75f18b41670b8f0d1d65a76826ad004225a87b646e,stop__f1e4755ee17247030f6baa75f18b41670b8f0d1d65a76826ad004225a87b646e,mendeley_ransomware,1,stop,train,train,x86,stop,unified_mendeley
f6476d08d2657e0ad84f224ab3eaa38568f79e65a5b84b72bd1da16a1bf10f13,stop__f6476d08d2657e0ad84f224ab3eaa38568f79e65a5b84b72bd1da16a1bf10f13,mendeley_ransomware,1,stop,train,train,x86,stop,unified_mendeley
06e3e56153ca25cb9790495f0768e9b615e088f9241ac7f3b974f2e9cd97bd21,wastedlocker__06e3e56153ca25cb9790495f0768e9b615e088f9241ac7f3b974f2e9cd97bd21,mendeley_ransomware,1,wastedlocker,train,train,x86,wastedlocker,unified_mendeley
0e06a89b601e02fe57ed699b2a5a000821647516fbc0e9a4c08c08c5d0b92cea,wastedlocker__0e06a89b601e02fe57ed699b2a5a000821647516fbc0e9a4c08c08c5d0b92cea,mendeley_ransomware,1,wastedlocker,train,train,x86,wastedlocker,unified_mendeley
0e6bad4b12da9130adde3f36955484e8cba3e4113067bc2551ec88074c2b7d60,wastedlocker__0e6bad4b12da9130adde3f36955484e8cba3e4113067bc2551ec88074c2b7d60,mendeley_ransomware,1,wastedlocker,train,train,x86,wastedlocker,unified_mendeley
37a30621364d3083424b24b0255fc8f5752d88c381600d840574e551c284fb6e,wastedlocker__37a30621364d3083424b24b0255fc8f5752d88c381600d840574e551c284fb6e,mendeley_ransomware,1,wastedlocker,train,train,x86,wastedlocker,unified_mendeley
3cf9f70a28656cb3d6c0ab960f89df9b2b5939e930edb8e11d46b2560ab460cd,wastedlocker__3cf9f70a28656cb3d6c0ab960f89df9b2b5939e930edb8e11d46b2560ab460cd,mendeley_ransomware,1,wastedlocker,train,train,x86,wastedlocker,unified_mendeley
3d9440075113f8dbb08c9fe78cfee716db07f45a99fd82bf4df610d4a4671587,wastedlocker__3d9440075113f8dbb08c9fe78cfee716db07f45a99fd82bf4df610d4a4671587,mendeley_ransomware,1,wastedlocker,train,train,x86,wastedlocker,unified_mendeley
4d7e4660c8e71d4d663dac8ea2b8cde6e07277b2839beda6ad88eb66f3f5a71b,wastedlocker__4d7e4660c8e71d4d663dac8ea2b8cde6e07277b2839beda6ad88eb66f3f5a71b,mendeley_ransomware,1,wastedlocker,train,train,x86,wastedlocker,unified_mendeley
5359628eee82f04a5f72aa33f181887b306095c4af5cb37cba7eba7ca61c814c,wastedlocker__5359628eee82f04a5f72aa33f181887b306095c4af5cb37cba7eba7ca61c814c,mendeley_ransomware,1,wastedlocker,train,train,x86,wastedlocker,unified_mendeley
5cd04805f9753ca08b82e88c27bf5426d1d356bb26b281885573051048911367,wastedlocker__5cd04805f9753ca08b82e88c27bf5426d1d356bb26b281885573051048911367,mendeley_ransomware,1,wastedlocker,train,train,x86,wastedlocker,unified_mendeley
5d3257b8c18ddb6832aad76f0c64acb47703781edfe0a1652f73a7ebbde5edc9,wastedlocker__5d3257b8c18ddb6832aad76f0c64acb47703781edfe0a1652f73a7ebbde5edc9,mendeley_ransomware,1,wastedlocker,train,train,x86,wastedlocker,unified_mendeley
633e3f41ab072d59eb255348209fd3228a8abc3168601c7f95342ef85efdc6b2,wastedlocker__633e3f41ab072d59eb255348209fd3228a8abc3168601c7f95342ef85efdc6b2,mendeley_ransomware,1,wastedlocker,train,train,x86,wastedlocker,unified_mendeley
6b13593902307f9ad68271be9205aabedd35a3b566f88dc891fbf53833cf4844,wastedlocker__6b13593902307f9ad68271be9205aabedd35a3b566f88dc891fbf53833cf4844,mendeley_ransomware,1,wastedlocker,train,train,x86,wastedlocker,unified_mendeley
6d35b01dbe014c6efc18d587c2be5e12617e1681cc670ba5c49fe7ead9de780e,wastedlocker__6d35b01dbe014c6efc18d587c2be5e12617e1681cc670ba5c49fe7ead9de780e,mendeley_ransomware,1,wastedlocker,train,train,x86,wastedlocker,unified_mendeley
7a45a4ae68992e5be784b4a6da7acd98dc28281fe238f22c1f7c1d85a90d144a,wastedlocker__7a45a4ae68992e5be784b4a6da7acd98dc28281fe238f22c1f7c1d85a90d144a,mendeley_ransomware,1,wastedlocker,train,train,x86,wastedlocker,unified_mendeley
7de425238719622bf2b2150591631b0a71d6a5dade419a4e67b9bdbfa272b559,wastedlocker__7de425238719622bf2b2150591631b0a71d6a5dade419a4e67b9bdbfa272b559,mendeley_ransomware,1,wastedlocker,train,train,x86,wastedlocker,unified_mendeley
887aac61771af200f7e58bf0d02cb96d9befa11deda4e448f0a700ccb186ce9d,wastedlocker__887aac61771af200f7e58bf0d02cb96d9befa11deda4e448f0a700ccb186ce9d,mendeley_ransomware,1,wastedlocker,train,train,x86,wastedlocker,unified_mendeley
8897db876553f942b2eb4005f8475a232bafb82a50ca7761a621842e894a3d80,wastedlocker__8897db876553f942b2eb4005f8475a232bafb82a50ca7761a621842e894a3d80,mendeley_ransomware,1,wastedlocker,train,train,x86,wastedlocker,unified_mendeley
8dc3389d37519b24aef2bcf2a15530ea1b13ff4b98228967c9876835bdb99a01,wastedlocker__8dc3389d37519b24aef2bcf2a15530ea1b13ff4b98228967c9876835bdb99a01,mendeley_ransomware,1,wastedlocker,train,train,x86,wastedlocker,unified_mendeley
905ea119ad8d3e54cd228c458a1b5681abc1f35df782977a23812ec4efa0288a,wastedlocker__905ea119ad8d3e54cd228c458a1b5681abc1f35df782977a23812ec4efa0288a,mendeley_ransomware,1,wastedlocker,train,train,x86,wastedlocker,unified_mendeley
9744b5f5d07149c5619d7fec67622b4e43bf3b28a803c2ab4121be4080e2b165,wastedlocker__9744b5f5d07149c5619d7fec67622b4e43bf3b28a803c2ab4121be4080e2b165,mendeley_ransomware,1,wastedlocker,train,train,x86,wastedlocker,unified_mendeley
97a1e14988672f7381d54e70785994ed45c2efe3da37e07be251a627f25078a7,wastedlocker__97a1e14988672f7381d54e70785994ed45c2efe3da37e07be251a627f25078a7,mendeley_ransomware,1,wastedlocker,train,train,x86,wastedlocker,unified_mendeley
9c61d32200b225cb4f0150b758617db552fccf119f3b0bd68f65a53c05e3aba4,wastedlocker__9c61d32200b225cb4f0150b758617db552fccf119f3b0bd68f65a53c05e3aba4,mendeley_ransomware,1,wastedlocker,train,train,x86,wastedlocker,unified_mendeley
aa05e7a187ddec2e11fc1c9eafe61408d085b0ab6cd12caeaf531c9dca129772,wastedlocker__aa05e7a187ddec2e11fc1c9eafe61408d085b0ab6cd12caeaf531c9dca129772,mendeley_ransomware,1,wastedlocker,train,train,x86,wastedlocker,unified_mendeley
ab007094afec534a2aa64436f214866014a664e7399aeaf361790ede5eec6b56,wastedlocker__ab007094afec534a2aa64436f214866014a664e7399aeaf361790ede5eec6b56,mendeley_ransomware,1,wastedlocker,train,train,x86,wastedlocker,unified_mendeley
ae255679f487e2e9075ffd5e8c7836dd425229c1e3bd40cfc46fbbceceec7cf4,wastedlocker__ae255679f487e2e9075ffd5e8c7836dd425229c1e3bd40cfc46fbbceceec7cf4,mendeley_ransomware,1,wastedlocker,train,train,x86,wastedlocker,unified_mendeley
b79565748d4e057ce732761bbeaa5578cb18f12c1890cdecd78a86e16fedd937,wastedlocker__b79565748d4e057ce732761bbeaa5578cb18f12c1890cdecd78a86e16fedd937,mendeley_ransomware,1,wastedlocker,train,train,x86,wastedlocker,unified_mendeley
bad14e9954f35a8274869047146a6150b354bf917f6a55d5ff9698c6c87cd83e,wastedlocker__bad14e9954f35a8274869047146a6150b354bf917f6a55d5ff9698c6c87cd83e,mendeley_ransomware,1,wastedlocker,train,train,x86,wastedlocker,unified_mendeley
bcdac1a2b67e2b47f8129814dca3bcf7d55404757eb09f1c3103f57da3153ec8,wastedlocker__bcdac1a2b67e2b47f8129814dca3bcf7d55404757eb09f1c3103f57da3153ec8,mendeley_ransomware,1,wastedlocker,train,train,x86,wastedlocker,unified_mendeley
d054e9223a2665b1746727d7bf9b008181c2d60c6a20b27490e4adb151560823,wastedlocker__d054e9223a2665b1746727d7bf9b008181c2d60c6a20b27490e4adb151560823,mendeley_ransomware,1,wastedlocker,train,train,x86,wastedlocker,unified_mendeley
d5b5a063656f2ce6dc50ed24278a2d21f2bb762c8e65c0d2ffc2477986896acf,wastedlocker__d5b5a063656f2ce6dc50ed24278a2d21f2bb762c8e65c0d2ffc2477986896acf,mendeley_ransomware,1,wastedlocker,train,train,x86,wastedlocker,unified_mendeley
db665f26dbc4ca92d326f2cb98faafb9e84d404346b201cd88bec91ce4206bb2,wastedlocker__db665f26dbc4ca92d326f2cb98faafb9e84d404346b201cd88bec91ce4206bb2,mendeley_ransomware,1,wastedlocker,train,train,x86,wastedlocker,unified_mendeley
e3bf41de3a7edf556d43b6196652aa036e48a602bb3f7c98af9dae992222a8eb,wastedlocker__e3bf41de3a7edf556d43b6196652aa036e48a602bb3f7c98af9dae992222a8eb,mendeley_ransomware,1,wastedlocker,train,train,x86,wastedlocker,unified_mendeley
e64a291f2b6238621e446496b96c14c7d9702a1ea2ab1f59088f5b2b75ffb1b8,wastedlocker__e64a291f2b6238621e446496b96c14c7d9702a1ea2ab1f59088f5b2b75ffb1b8,mendeley_ransomware,1,wastedlocker,train,train,x86,wastedlocker,unified_mendeley
ec9b412e9a6e0da1a21c01158c4c8313b61b033f58d16d913d72229794069d18,wastedlocker__ec9b412e9a6e0da1a21c01158c4c8313b61b033f58d16d913d72229794069d18,mendeley_ransomware,1,wastedlocker,train,train,x86,wastedlocker,unified_mendeley
ed0632acb266a4ec3f51dd803c8025bccd654e53c64eb613e203c590897079b3,wastedlocker__ed0632acb266a4ec3f51dd803c8025bccd654e53c64eb613e203c590897079b3,mendeley_ransomware,1,wastedlocker,train,train,x86,wastedlocker,unified_mendeley
ef7a9166c63d90cd5a4c5c58cb458da4c967a2baab2ad433de0aa20dfbf568f7,wastedlocker__ef7a9166c63d90cd5a4c5c58cb458da4c967a2baab2ad433de0aa20dfbf568f7,mendeley_ransomware,1,wastedlocker,train,train,x86,wastedlocker,unified_mendeley
0bed6711e6db24563a66ee99928864e8cf3f8cff0636c1efca1b14ef15941603,zeppelin__0bed6711e6db24563a66ee99928864e8cf3f8cff0636c1efca1b14ef15941603,mendeley_ransomware,1,zeppelin,train,train,x86,zeppelin,unified_mendeley
43812b98e4f9480d25b426a23a7b4d2a4e498110545c7a3cb21159bf75c18e7b,zeppelin__43812b98e4f9480d25b426a23a7b4d2a4e498110545c7a3cb21159bf75c18e7b,mendeley_ransomware,1,zeppelin,train,train,x86,zeppelin,unified_mendeley
438d83a22ed38bb2241a99b96d644826522b28327f63055840ee7632d8e95cd8,zeppelin__438d83a22ed38bb2241a99b96d644826522b28327f63055840ee7632d8e95cd8,mendeley_ransomware,1,zeppelin,train,train,x86,zeppelin,unified_mendeley
54f6ec27eb7526c439d33e7592e4864842fccf950d828fe14ef7c8eb080ee371,zeppelin__54f6ec27eb7526c439d33e7592e4864842fccf950d828fe14ef7c8eb080ee371,mendeley_ransomware,1,zeppelin,train,train,x86,zeppelin,unified_mendeley
56dc200341cac71492c374d9251791c60308d96d4387a8bbae999fdb5d841375,zeppelin__56dc200341cac71492c374d9251791c60308d96d4387a8bbae999fdb5d841375,mendeley_ransomware,1,zeppelin,train,train,x64,zeppelin,unified_mendeley
5876685b455f0c3f0228d03744b34df3e38add056fdbe111f639eafddf4fcc14,zeppelin__5876685b455f0c3f0228d03744b34df3e38add056fdbe111f639eafddf4fcc14,mendeley_ransomware,1,zeppelin,train,train,x64,zeppelin,unified_mendeley
5c1141aa7d0b9fba71822607f3b1b086e2cc4529e63221a9a6ede74fa366512f,zeppelin__5c1141aa7d0b9fba71822607f3b1b086e2cc4529e63221a9a6ede74fa366512f,mendeley_ransomware,1,zeppelin,train,train,x86,zeppelin,unified_mendeley
7d809e8c9b98c16647bbfac49854c28ecc3fe6d4345410deeaa79445cc50cf51,zeppelin__7d809e8c9b98c16647bbfac49854c28ecc3fe6d4345410deeaa79445cc50cf51,mendeley_ransomware,1,zeppelin,train,train,x86,zeppelin,unified_mendeley
824a76c39895bc3ad4f5dfc27fc3ac80d26514118c4669505a1f0cfdc8fdbcdc,zeppelin__824a76c39895bc3ad4f5dfc27fc3ac80d26514118c4669505a1f0cfdc8fdbcdc,mendeley_ransomware,1,zeppelin,train,train,x86,zeppelin,unified_mendeley
8ab4218a7ee9239d218f2729d6c00fb0246eeea1e97f85833dacfc73457c8b06,zeppelin__8ab4218a7ee9239d218f2729d6c00fb0246eeea1e97f85833dacfc73457c8b06,mendeley_ransomware,1,zeppelin,train,train,x86,zeppelin,unified_mendeley
8d44fdbedd0ec9ae59fad78bdb12d15d6903470eb1046b45c227193b233adda6,zeppelin__8d44fdbedd0ec9ae59fad78bdb12d15d6903470eb1046b45c227193b233adda6,mendeley_ransomware,1,zeppelin,train,train,x86,zeppelin,unified_mendeley
8de5795d080b582e5e58549e73bfa8c6e04a2c0fb98436647955817f2d4640e6,zeppelin__8de5795d080b582e5e58549e73bfa8c6e04a2c0fb98436647955817f2d4640e6,mendeley_ransomware,1,zeppelin,train,train,x86,zeppelin,unified_mendeley
99ee7cf74c8de999f2a1cc8cefacad3c866a86e78c87a56323729bfad967a4e9,zeppelin__99ee7cf74c8de999f2a1cc8cefacad3c866a86e78c87a56323729bfad967a4e9,mendeley_ransomware,1,zeppelin,train,train,x64,zeppelin,unified_mendeley
a9735152febae244b51417ebab74895bd57eb8ba11a16ef172676871fa0b01e2,zeppelin__a9735152febae244b51417ebab74895bd57eb8ba11a16ef172676871fa0b01e2,mendeley_ransomware,1,zeppelin,train,train,x86,zeppelin,unified_mendeley
b7f96fbb9844cac5c7f4ec966683f3564bbb9a2f453927e1c579dcb0154f5f83,zeppelin__b7f96fbb9844cac5c7f4ec966683f3564bbb9a2f453927e1c579dcb0154f5f83,mendeley_ransomware,1,zeppelin,train,train,x86,zeppelin,unified_mendeley
ece7ddff2ff9fdb8e7f55b674baa9c975ce86ff79e02db6ea9259a0187d2d481,zeppelin__ece7ddff2ff9fdb8e7f55b674baa9c975ce86ff79e02db6ea9259a0187d2d481,mendeley_ransomware,1,zeppelin,train,train,x86,zeppelin,unified_mendeley
f38c40c74a0a9953697c63fbd375c064cb2d59ce478435c7357bd68f382dd26f,zeppelin__f38c40c74a0a9953697c63fbd375c064cb2d59ce478435c7357bd68f382dd26f,mendeley_ransomware,1,zeppelin,train,train,x64,zeppelin,unified_mendeley
fb80bbea1c179bf695c6817b78306696ebb474e4a2e49ce2e38b819338d43d49,zeppelin__fb80bbea1c179bf695c6817b78306696ebb474e4a2e49ce2e38b819338d43d49,mendeley_ransomware,1,zeppelin,train,train,x64,zeppelin,unified_mendeley
