sha256,file,source,label,group,fold,split,arch,family,image_tree
002a44ed41c37738d05584b5dacc7e3e745f893bf3a6642bd4ef7f86376b84f8,goodware_balanced__everyday__002a44ed41c37738d05584b5dacc7e3e745f893bf3a6642bd4ef7f86376b84f8,balanced_goodware,0,krita,train,train,x64,everyday,unified_goodware_balanced
0201743b99e124095f55925d9acf37f738ef8051688d3eb15845b2d22760b13d,goodware_balanced__everyday__0201743b99e124095f55925d9acf37f738ef8051688d3eb15845b2d22760b13d,balanced_goodware,0,kicad,train,train,x64,everyday,unified_goodware_balanced
0263cba73432578b2f5cef90815f374f78b34b6ceda9fd3f22343316803cdb98,goodware_balanced__everyday__0263cba73432578b2f5cef90815f374f78b34b6ceda9fd3f22343316803cdb98,balanced_goodware,0,bitwarden,test,test,x86,everyday,unified_goodware_balanced
0288a76922126860bf8c736428ad7a735fd56bb797642ce346e53eb6a1f4b8ca,goodware_balanced__everyday__0288a76922126860bf8c736428ad7a735fd56bb797642ce346e53eb6a1f4b8ca,balanced_goodware,0,rstudio,train,train,x64,everyday,unified_goodware_balanced
028e30518580ba97bb8bc0255658f901f5764e08b4b247f7c3f49a9eb1f359a9,goodware_balanced__everyday__028e30518580ba97bb8bc0255658f901f5764e08b4b247f7c3f49a9eb1f359a9,balanced_goodware,0,krita,train,train,x64,everyday,unified_goodware_balanced
02911a45769295890ae87b36dfe4ea36ab8f6cc6dbb5d558b89eeb6b1a0bfe52,goodware_balanced__everyday__02911a45769295890ae87b36dfe4ea36ab8f6cc6dbb5d558b89eeb6b1a0bfe52,balanced_goodware,0,kicad,train,train,x64,everyday,unified_goodware_balanced
05a77da99709c8f0717716119060ebf8fa119c03f0235003f49cfcd102fa439a,goodware_balanced__everyday__05a77da99709c8f0717716119060ebf8fa119c03f0235003f49cfcd102fa439a,balanced_goodware,0,krita,train,train,x64,everyday,unified_goodware_balanced
05dbb43499bcff44424c7ac2d987ea9e9742cd90afe360e84ba0bccade17f71b,goodware_balanced__everyday__05dbb43499bcff44424c7ac2d987ea9e9742cd90afe360e84ba0bccade17f71b,balanced_goodware,0,sysinternals,val,train,x64,everyday,unified_goodware_balanced
063c757e30b61857c97849bf36f5a596c1c6c7d8af291547266faaf17a5b0e33,goodware_balanced__everyday__063c757e30b61857c97849bf36f5a596c1c6c7d8af291547266faaf17a5b0e33,balanced_goodware,0,rstudio,train,train,x64,everyday,unified_goodware_balanced
06e7f514d66c70fd884e9a8de91abb9054dc2f196a69ec3e6f9ec2bf5b4731a0,goodware_balanced__everyday__06e7f514d66c70fd884e9a8de91abb9054dc2f196a69ec3e6f9ec2bf5b4731a0,balanced_goodware,0,libreoffice,train,train,x64,everyday,unified_goodware_balanced
0707efdb08f901ea26cf8cfc3a2e5ee9d81ea2c2513c7cc187c68fc332b504f4,goodware_balanced__everyday__0707efdb08f901ea26cf8cfc3a2e5ee9d81ea2c2513c7cc187c68fc332b504f4,balanced_goodware,0,krita,train,train,x64,everyday,unified_goodware_balanced
076d4e90d5b57d74f28d63fcc2285a3b5f05273d984d8c08f0f37b1ad7fd0d67,goodware_balanced__everyday__076d4e90d5b57d74f28d63fcc2285a3b5f05273d984d8c08f0f37b1ad7fd0d67,balanced_goodware,0,freecad,train,train,x64,everyday,unified_goodware_balanced
0797b9f6e0281d8f31791d8f92b375d1074ff7c68266f9372ab54f26b9dcdd3c,goodware_balanced__everyday__0797b9f6e0281d8f31791d8f92b375d1074ff7c68266f9372ab54f26b9dcdd3c,balanced_goodware,0,sysinternals,val,train,x64,everyday,unified_goodware_balanced
084eb81dd181d43522b6a97a17a536f1df632885701e0425aa0d9e617d9240db,goodware_balanced__everyday__084eb81dd181d43522b6a97a17a536f1df632885701e0425aa0d9e617d9240db,balanced_goodware,0,scribus,train,train,x64,everyday,unified_goodware_balanced
0893c4d31c7d9c2106eea64f10d6b17a00b742727662a883c39990bcee6a7d15,goodware_balanced__everyday__0893c4d31c7d9c2106eea64f10d6b17a00b742727662a883c39990bcee6a7d15,balanced_goodware,0,notepadpp,train,train,x86,everyday,unified_goodware_balanced
08c8da7d224a0d49c7f84fbb0ee9a9236941aec7a5ac481ad97e13d7ed34f292,goodware_balanced__everyday__08c8da7d224a0d49c7f84fbb0ee9a9236941aec7a5ac481ad97e13d7ed34f292,balanced_goodware,0,rstudio,train,train,x64,everyday,unified_goodware_balanced
093d1c6b91d280c9644635c667753e0aa0e78c656eb4082147bf30364787d96f,goodware_balanced__everyday__093d1c6b91d280c9644635c667753e0aa0e78c656eb4082147bf30364787d96f,balanced_goodware,0,sysinternals,val,train,x64,everyday,unified_goodware_balanced
09c3d09c9ba126cc8f1831b93f1de3ed11907788597822483d2eb7f7f01064ca,goodware_balanced__everyday__09c3d09c9ba126cc8f1831b93f1de3ed11907788597822483d2eb7f7f01064ca,balanced_goodware,0,irfanview,test,test,x64,everyday,unified_goodware_balanced
0a204f0878b609685b49f4170a01e3662837637097c51e33b0e7456a11edcd5f,goodware_balanced__everyday__0a204f0878b609685b49f4170a01e3662837637097c51e33b0e7456a11edcd5f,balanced_goodware,0,scribus,train,train,x64,everyday,unified_goodware_balanced
0aa26bf7434cae18b07efeeef1b71b0e8d6ecd23cea046f1d537ae240a6dc13a,goodware_balanced__everyday__0aa26bf7434cae18b07efeeef1b71b0e8d6ecd23cea046f1d537ae240a6dc13a,balanced_goodware,0,freecad,train,train,x64,everyday,unified_goodware_balanced
0ad5613f92827f7269a07bf478078566850624bda57d67b723fe0e3b365ed6d6,goodware_balanced__everyday__0ad5613f92827f7269a07bf478078566850624bda57d67b723fe0e3b365ed6d6,balanced_goodware,0,libreoffice,train,train,x64,everyday,unified_goodware_balanced
0b8191b543c8d667cb1743d288c9a8222152f28a9529c3ca4f8513b7c52aabf9,goodware_balanced__everyday__0b8191b543c8d667cb1743d288c9a8222152f28a9529c3ca4f8513b7c52aabf9,balanced_goodware,0,freecad,train,train,x64,everyday,unified_goodware_balanced
0bb0b6478f8cdd80c6c3862bdd78f80dafdee2c58b32b11b7fc600f1b425c57e,goodware_balanced__everyday__0bb0b6478f8cdd80c6c3862bdd78f80dafdee2c58b32b11b7fc600f1b425c57e,balanced_goodware,0,obs,train,train,x64,everyday,unified_goodware_balanced
0c98f92cfb0cbf575dbfcd2e1830ae663dfe99ca7be3ec11a90e3873c02564f7,goodware_balanced__everyday__0c98f92cfb0cbf575dbfcd2e1830ae663dfe99ca7be3ec11a90e3873c02564f7,balanced_goodware,0,krita,train,train,x64,everyday,unified_goodware_balanced
0e6fe2eecce07c292ea572d5999de792bc92ca48bfba6a2729e1a35eb58b4f06,goodware_balanced__everyday__0e6fe2eecce07c292ea572d5999de792bc92ca48bfba6a2729e1a35eb58b4f06,balanced_goodware,0,krita,train,train,x64,everyday,unified_goodware_balanced
0ecdc1c9a5948f8a0c8ec7a28f4a0110d02e2b282ec5e86c9ae09d97ead239df,goodware_balanced__everyday__0ecdc1c9a5948f8a0c8ec7a28f4a0110d02e2b282ec5e86c9ae09d97ead239df,balanced_goodware,0,vim,train,train,x64,everyday,unified_goodware_balanced
0ed017e60f9808f497fe61aa1df92d7bd8daf28556fab4e6853aa3cc3d456348,goodware_balanced__everyday__0ed017e60f9808f497fe61aa1df92d7bd8daf28556fab4e6853aa3cc3d456348,balanced_goodware,0,zotero,test,test,x64,everyday,unified_goodware_balanced
0ef445f74b89ecb61939f7b2d1aa5dc4a6099f003ebd324ac1076f1473335ded,goodware_balanced__everyday__0ef445f74b89ecb61939f7b2d1aa5dc4a6099f003ebd324ac1076f1473335ded,balanced_goodware,0,freecad,train,train,x64,everyday,unified_goodware_balanced
0f885b509a685d2bbfa652fed26b5fb31d88fbdab0a978c641d1c7b8aa460aa9,goodware_balanced__everyday__0f885b509a685d2bbfa652fed26b5fb31d88fbdab0a978c641d1c7b8aa460aa9,balanced_goodware,0,kicad,train,train,x64,everyday,unified_goodware_balanced
108c787f32493864b6deabd9a51828c3a7620dbc31f7ae71fbaf2ea5a69b4467,goodware_balanced__everyday__108c787f32493864b6deabd9a51828c3a7620dbc31f7ae71fbaf2ea5a69b4467,balanced_goodware,0,scribus,train,train,x64,everyday,unified_goodware_balanced
10a90b6610df1ef2593f8982214491a260007a8561dde58cd14d1214b055b5e5,goodware_balanced__everyday__10a90b6610df1ef2593f8982214491a260007a8561dde58cd14d1214b055b5e5,balanced_goodware,0,kicad,train,train,x64,everyday,unified_goodware_balanced
10cb3ddfb67ef352365d5cdf1fce0376693d2d6e90aefefee41b3c0c5ce363e4,goodware_balanced__everyday__10cb3ddfb67ef352365d5cdf1fce0376693d2d6e90aefefee41b3c0c5ce363e4,balanced_goodware,0,inkscape,train,train,x64,everyday,unified_goodware_balanced
10f70976cd39b7ae515eb961505b4c5f52e9b711058212a077a310e31cc633bb,goodware_balanced__everyday__10f70976cd39b7ae515eb961505b4c5f52e9b711058212a077a310e31cc633bb,balanced_goodware,0,libreoffice,train,train,x64,everyday,unified_goodware_balanced
1185d50762fef7bf99743e92fd4d86bb1d2a3a5bf5ab49e44467dfc6c84ce23c,goodware_balanced__everyday__1185d50762fef7bf99743e92fd4d86bb1d2a3a5bf5ab49e44467dfc6c84ce23c,balanced_goodware,0,inkscape,train,train,x64,everyday,unified_goodware_balanced
1198fd224b9210b65d4aae818ee94957e1534f781869750d3fe00c89c67d5133,goodware_balanced__everyday__1198fd224b9210b65d4aae818ee94957e1534f781869750d3fe00c89c67d5133,balanced_goodware,0,freecad,train,train,x64,everyday,unified_goodware_balanced
11f9a40835d6f47cff4065581c04957a55b7e07d65916a14603eeca018de6cc6,goodware_balanced__everyday__11f9a40835d6f47cff4065581c04957a55b7e07d65916a14603eeca018de6cc6,balanced_goodware,0,freecad,train,train,x64,everyday,unified_goodware_balanced
120ba05e5447a2d51589ab7d53c57ed769bfcf10a3f3a83e2c9740776da37ede,goodware_balanced__everyday__120ba05e5447a2d51589ab7d53c57ed769bfcf10a3f3a83e2c9740776da37ede,balanced_goodware,0,sysinternals,val,train,x64,everyday,unified_goodware_balanced
12222b0908eb69581985f7e04aa6240e928fb08aa5a3ec36acae3440633c9eb1,goodware_balanced__everyday__12222b0908eb69581985f7e04aa6240e928fb08aa5a3ec36acae3440633c9eb1,balanced_goodware,0,steam,test,test,x86,everyday,unified_goodware_balanced
130132d7c7636a63a7a008a32859439b6f65a64c9fd5e1d737d7e34124dd0f57,goodware_balanced__everyday__130132d7c7636a63a7a008a32859439b6f65a64c9fd5e1d737d7e34124dd0f57,balanced_goodware,0,inkscape,train,train,x64,everyday,unified_goodware_balanced
13f451d72d1f7810aec40cfa00e7977bbd98ed455fbf9eb61fc25d7f46f46dce,goodware_balanced__everyday__13f451d72d1f7810aec40cfa00e7977bbd98ed455fbf9eb61fc25d7f46f46dce,balanced_goodware,0,obs,train,train,x64,everyday,unified_goodware_balanced
13fd3ad690c73cf0ad26c6716d4e9d1581b47c22fb7518b1d3bf9cfb8f9e9123,goodware_balanced__everyday__13fd3ad690c73cf0ad26c6716d4e9d1581b47c22fb7518b1d3bf9cfb8f9e9123,balanced_goodware,0,sysinternals,val,train,x86,everyday,unified_goodware_balanced
14b3075caa51a67c8d307bc3084152bb4be4c9ce863194bb4351c450d8675930,goodware_balanced__everyday__14b3075caa51a67c8d307bc3084152bb4be4c9ce863194bb4351c450d8675930,balanced_goodware,0,inkscape,train,train,x64,everyday,unified_goodware_balanced
156892c4aa6899dd9db6dfa861fc78d5daf24152063051ae8f9736459a59ea97,goodware_balanced__everyday__156892c4aa6899dd9db6dfa861fc78d5daf24152063051ae8f9736459a59ea97,balanced_goodware,0,obs,train,train,x64,everyday,unified_goodware_balanced
15844f7e8a06afce371b9a43748588edf0dd1b746c1847f7dda6b9abfc017ec9,goodware_balanced__everyday__15844f7e8a06afce371b9a43748588edf0dd1b746c1847f7dda6b9abfc017ec9,balanced_goodware,0,scribus,train,train,x64,everyday,unified_goodware_balanced
161075c7ec94909e8b342c0d5b2101cc34a3afcb94cd597af8f22116cd6fb9d7,goodware_balanced__everyday__161075c7ec94909e8b342c0d5b2101cc34a3afcb94cd597af8f22116cd6fb9d7,balanced_goodware,0,foobar2000,train,train,x64,everyday,unified_goodware_balanced
1618c62a45280aa9042f29fdabda08694cfcf3ab94bc47d771d137dea288ecca,goodware_balanced__everyday__1618c62a45280aa9042f29fdabda08694cfcf3ab94bc47d771d137dea288ecca,balanced_goodware,0,libreoffice,train,train,x64,everyday,unified_goodware_balanced
16cffa63f9cbd0f97eecddfb613835fefb647a0d82ba3e8001ebc966cec96436,goodware_balanced__everyday__16cffa63f9cbd0f97eecddfb613835fefb647a0d82ba3e8001ebc966cec96436,balanced_goodware,0,kicad,train,train,x64,everyday,unified_goodware_balanced
170f4f516d2aaa5de3d533966d8191c3939aff3515011d5318779662e1fb144e,goodware_balanced__everyday__170f4f516d2aaa5de3d533966d8191c3939aff3515011d5318779662e1fb144e,balanced_goodware,0,freecad,train,train,x64,everyday,unified_goodware_balanced
1737f86a822741737fa13be24de388069a8fa75505f48e128d3164b913a0259b,goodware_balanced__everyday__1737f86a822741737fa13be24de388069a8fa75505f48e128d3164b913a0259b,balanced_goodware,0,freecad,train,train,x64,everyday,unified_goodware_balanced
178369e3c40aad4e2af5c5da9faf66e327e60297a4c4627887f5de2bc904b71d,goodware_balanced__everyday__178369e3c40aad4e2af5c5da9faf66e327e60297a4c4627887f5de2bc904b71d,balanced_goodware,0,obs,train,train,x64,everyday,unified_goodware_balanced
17dc08856a1cda3f5b824e0fee3cd6bcabbf5eee6e48b92d52e6747ffe54cb3f,goodware_balanced__everyday__17dc08856a1cda3f5b824e0fee3cd6bcabbf5eee6e48b92d52e6747ffe54cb3f,balanced_goodware,0,freecad,train,train,x64,everyday,unified_goodware_balanced
186813ea8f857ca79422a02c79924cc27fe61d5f63f29d1902bf26f02eba487f,goodware_balanced__everyday__186813ea8f857ca79422a02c79924cc27fe61d5f63f29d1902bf26f02eba487f,balanced_goodware,0,krita,train,train,x64,everyday,unified_goodware_balanced
18b4b89e944276a2be7e3f8463bdafbe3d4ef9739144f546734e7028acad2988,goodware_balanced__everyday__18b4b89e944276a2be7e3f8463bdafbe3d4ef9739144f546734e7028acad2988,balanced_goodware,0,scribus,train,train,x64,everyday,unified_goodware_balanced
18fed721381dfef8d72987680ac2155e630f7795adbc2a0ee0d2ec976b6ba864,goodware_balanced__everyday__18fed721381dfef8d72987680ac2155e630f7795adbc2a0ee0d2ec976b6ba864,balanced_goodware,0,kicad,train,train,x64,everyday,unified_goodware_balanced
190132c6ce0665d3a117907e4d4431a34ea7e76d305d5870b0e52f2e4587d9e4,goodware_balanced__everyday__190132c6ce0665d3a117907e4d4431a34ea7e76d305d5870b0e52f2e4587d9e4,balanced_goodware,0,zotero,test,test,x64,everyday,unified_goodware_balanced
1b2aeaf38eccfe40b0f14d3896c6c7d37c7a95ebd6e2854fecb44c2f633effed,goodware_balanced__everyday__1b2aeaf38eccfe40b0f14d3896c6c7d37c7a95ebd6e2854fecb44c2f633effed,balanced_goodware,0,krita,train,train,x64,everyday,unified_goodware_balanced
1b7f04375f9a994ff9f66068c077ebbb6f7c5ee0dc7b43c5d65624630e6b71c3,goodware_balanced__everyday__1b7f04375f9a994ff9f66068c077ebbb6f7c5ee0dc7b43c5d65624630e6b71c3,balanced_goodware,0,freecad,train,train,x64,everyday,unified_goodware_balanced
1bfcabe2756657587c5f879041b55265c2a954c2ba8125ada842d2a33b371695,goodware_balanced__everyday__1bfcabe2756657587c5f879041b55265c2a954c2ba8125ada842d2a33b371695,balanced_goodware,0,rstudio,train,train,x64,everyday,unified_goodware_balanced
1c064571a442d1920b913b3d8faf6465be677df5e414ec9e4c266252966f6432,goodware_balanced__everyday__1c064571a442d1920b913b3d8faf6465be677df5e414ec9e4c266252966f6432,balanced_goodware,0,obs,train,train,x64,everyday,unified_goodware_balanced
1d597fa6301985ee3e1e127f6ff022e16874abecdf5d939cd837d293ce52ef37,goodware_balanced__everyday__1d597fa6301985ee3e1e127f6ff022e16874abecdf5d939cd837d293ce52ef37,balanced_goodware,0,freecad,train,train,x64,everyday,unified_goodware_balanced
1d84aa191fbbd842d5eeed302195579de1256a9acb980308bf31a631ac01e530,goodware_balanced__everyday__1d84aa191fbbd842d5eeed302195579de1256a9acb980308bf31a631ac01e530,balanced_goodware,0,obs,train,train,x86,everyday,unified_goodware_balanced
1e57a6df9e3742e31a1c6d9bff81ebeeae8a7de3b45a26e5079d5e1cce54cd98,goodware_balanced__everyday__1e57a6df9e3742e31a1c6d9bff81ebeeae8a7de3b45a26e5079d5e1cce54cd98,balanced_goodware,0,zotero,test,test,x64,everyday,unified_goodware_balanced
1e9213ef703b7c94f00627537a093d203f0dc46a5c3bcc816142a2e0cfc73916,goodware_balanced__everyday__1e9213ef703b7c94f00627537a093d203f0dc46a5c3bcc816142a2e0cfc73916,balanced_goodware,0,freecad,train,train,x64,everyday,unified_goodware_balanced
1ea0e1be2c81548b57729380713e0afaa3454ad95fac8b7dd2efae50d8b7f077,goodware_balanced__everyday__1ea0e1be2c81548b57729380713e0afaa3454ad95fac8b7dd2efae50d8b7f077,balanced_goodware,0,inkscape,train,train,x64,everyday,unified_goodware_balanced
1f282cd939a209821879e136f2fd36ae556452f637d9fa06cad71c9550c6f8d8,goodware_balanced__everyday__1f282cd939a209821879e136f2fd36ae556452f637d9fa06cad71c9550c6f8d8,balanced_goodware,0,obs,train,train,x64,everyday,unified_goodware_balanced
1f3553e3eac3ff99ab01b01f3285ae2353c14c666557d46b17191ba3a4872e90,goodware_balanced__everyday__1f3553e3eac3ff99ab01b01f3285ae2353c14c666557d46b17191ba3a4872e90,balanced_goodware,0,irfanview,test,test,x86,everyday,unified_goodware_balanced
1f43a5250cd9b148c5a52e6453a1d85c9a02dc88401ea9c5feadd35c4b07808f,goodware_balanced__everyday__1f43a5250cd9b148c5a52e6453a1d85c9a02dc88401ea9c5feadd35c4b07808f,balanced_goodware,0,kicad,train,train,x64,everyday,unified_goodware_balanced
1f83b8e909f8e444446f299af059a607398884df3f65f4a75e99481e111f8d49,goodware_balanced__everyday__1f83b8e909f8e444446f299af059a607398884df3f65f4a75e99481e111f8d49,balanced_goodware,0,libreoffice,train,train,x64,everyday,unified_goodware_balanced
201d8e77ccc2575d910d47042a986480b1da28cf0033e7ee726ad9d45ccf4daa,goodware_balanced__everyday__201d8e77ccc2575d910d47042a986480b1da28cf0033e7ee726ad9d45ccf4daa,balanced_goodware,0,sysinternals,val,train,x64,everyday,unified_goodware_balanced
20de79c4d1d189cdf8abc31196a1883f647735ce465f296d0e7875119917b6f1,goodware_balanced__everyday__20de79c4d1d189cdf8abc31196a1883f647735ce465f296d0e7875119917b6f1,balanced_goodware,0,libreoffice,train,train,x64,everyday,unified_goodware_balanced
2156d7d3158ea589e8187c5cb82442ee6c37ee982bc0d728edc8a50a2a1c4281,goodware_balanced__everyday__2156d7d3158ea589e8187c5cb82442ee6c37ee982bc0d728edc8a50a2a1c4281,balanced_goodware,0,sysinternals,val,train,x86,everyday,unified_goodware_balanced
217208e5b48c9ab9e30e65a5ff41b8245cdc707f82c7c44fe366472feea0e3fd,goodware_balanced__everyday__217208e5b48c9ab9e30e65a5ff41b8245cdc707f82c7c44fe366472feea0e3fd,balanced_goodware,0,vim,train,train,x64,everyday,unified_goodware_balanced
21bbf25ca0ef7454ae6add54dc9f36aee0de2763061fb8aa801af493162f1d8c,goodware_balanced__everyday__21bbf25ca0ef7454ae6add54dc9f36aee0de2763061fb8aa801af493162f1d8c,balanced_goodware,0,libreoffice,train,train,x64,everyday,unified_goodware_balanced
22518dcdbb297a4c9173f924a15c79b920e645a78312d7aeb5fb0a4660a79ae7,goodware_balanced__everyday__22518dcdbb297a4c9173f924a15c79b920e645a78312d7aeb5fb0a4660a79ae7,balanced_goodware,0,irfanview,test,test,x64,everyday,unified_goodware_balanced
226da6b414470d17a4b4d368bb55916ab3922b1ae10bb2325ea627f63b1aea71,goodware_balanced__everyday__226da6b414470d17a4b4d368bb55916ab3922b1ae10bb2325ea627f63b1aea71,balanced_goodware,0,obs,train,train,x86,everyday,unified_goodware_balanced
22c7a4eaa72fcb8545cb8f1960702adab4d06c16f4653ff3f7b5e6649f4f9317,goodware_balanced__everyday__22c7a4eaa72fcb8545cb8f1960702adab4d06c16f4653ff3f7b5e6649f4f9317,balanced_goodware,0,inkscape,train,train,x64,everyday,unified_goodware_balanced
239aeeaac6ed82d0fee98a9c7408c4a354d7e642bc861610d1ca3f887dce0893,goodware_balanced__everyday__239aeeaac6ed82d0fee98a9c7408c4a354d7e642bc861610d1ca3f887dce0893,balanced_goodware,0,libreoffice,train,train,x64,everyday,unified_goodware_balanced
23b479701e142a4ceddc4c80f6903f63240818735daf2a58fb1dd4857b4e2a51,goodware_balanced__everyday__23b479701e142a4ceddc4c80f6903f63240818735daf2a58fb1dd4857b4e2a51,balanced_goodware,0,freecad,train,train,x64,everyday,unified_goodware_balanced
2405355f0a58067b258f8df33c327e3a3d716eaac5a3a5aebb757842d85bd376,goodware_balanced__everyday__2405355f0a58067b258f8df33c327e3a3d716eaac5a3a5aebb757842d85bd376,balanced_goodware,0,kicad,train,train,x64,everyday,unified_goodware_balanced
24551b614e40eb5d0e2b6e50f6f717148d3bd68842fac654406fa7b2d09f9ac1,goodware_balanced__everyday__24551b614e40eb5d0e2b6e50f6f717148d3bd68842fac654406fa7b2d09f9ac1,balanced_goodware,0,kicad,train,train,x64,everyday,unified_goodware_balanced
24bafcc570cc9bbb6b6e6652a57a519e0464e3996891aaba6f55299cce20b04f,goodware_balanced__everyday__24bafcc570cc9bbb6b6e6652a57a519e0464e3996891aaba6f55299cce20b04f,balanced_goodware,0,sysinternals,val,train,x64,everyday,unified_goodware_balanced
25f3a977a88ce16782841e69f514a9ea1486715f233533233dc6442fc1a122d0,goodware_balanced__everyday__25f3a977a88ce16782841e69f514a9ea1486715f233533233dc6442fc1a122d0,balanced_goodware,0,krita,train,train,x64,everyday,unified_goodware_balanced
27038cb10080d92915c08d08f3ec37a85bed87bdb05d47b90425917b00f4654f,goodware_balanced__everyday__27038cb10080d92915c08d08f3ec37a85bed87bdb05d47b90425917b00f4654f,balanced_goodware,0,sysinternals,val,train,x64,everyday,unified_goodware_balanced
285675320a75869ed6918e96f5b6390167ccc1c6a947ff937dd4ca1c96b1b36f,goodware_balanced__everyday__285675320a75869ed6918e96f5b6390167ccc1c6a947ff937dd4ca1c96b1b36f,balanced_goodware,0,irfanview,test,test,x64,everyday,unified_goodware_balanced
28af247eca739d17fd68979b8c5067deaf85d4bf8478f480d00dc0337c06f47c,goodware_balanced__everyday__28af247eca739d17fd68979b8c5067deaf85d4bf8478f480d00dc0337c06f47c,balanced_goodware,0,rstudio,train,train,x86,everyday,unified_goodware_balanced
28b001bb9a72ae7a24242bfab248d767a1ac5dec981c672a3944f7a072375e9a,goodware_balanced__everyday__28b001bb9a72ae7a24242bfab248d767a1ac5dec981c672a3944f7a072375e9a,balanced_goodware,0,freecad,train,train,x64,everyday,unified_goodware_balanced
2939ddac46ee0deb9bf7ecc0ffa06b0702ae73407bf6842c0ffbd1bd291b9f83,goodware_balanced__everyday__2939ddac46ee0deb9bf7ecc0ffa06b0702ae73407bf6842c0ffbd1bd291b9f83,balanced_goodware,0,krita,train,train,x64,everyday,unified_goodware_balanced
29d23bc492e48a5ae68444302d3430e07d08e04278d53aa70d9367d9cf8bceb7,goodware_balanced__everyday__29d23bc492e48a5ae68444302d3430e07d08e04278d53aa70d9367d9cf8bceb7,balanced_goodware,0,sysinternals,val,train,x64,everyday,unified_goodware_balanced
29e4fd2da9dec07463a2a2c3787f9ef64da2b2ab868ff86521bdc34ca8c79990,goodware_balanced__everyday__29e4fd2da9dec07463a2a2c3787f9ef64da2b2ab868ff86521bdc34ca8c79990,balanced_goodware,0,obs,train,train,x64,everyday,unified_goodware_balanced
2a4fc634d47348ec1ee6673b011d4c8e450536e26cceab5b01dd6e94b0aee955,goodware_balanced__everyday__2a4fc634d47348ec1ee6673b011d4c8e450536e26cceab5b01dd6e94b0aee955,balanced_goodware,0,scribus,train,train,x64,everyday,unified_goodware_balanced
2a7a30658f9978ee47aabe0fd38ff24f61615b1bc034d9e8ff734400d13e7868,goodware_balanced__everyday__2a7a30658f9978ee47aabe0fd38ff24f61615b1bc034d9e8ff734400d13e7868,balanced_goodware,0,krita,train,train,x64,everyday,unified_goodware_balanced
2ad224c19800e03b741de2bd1364de9a2a7165b79bc03fb7125d66f7edd3d0d5,goodware_balanced__everyday__2ad224c19800e03b741de2bd1364de9a2a7165b79bc03fb7125d66f7edd3d0d5,balanced_goodware,0,obs,train,train,x64,everyday,unified_goodware_balanced
2ba6d0e0f119fca53da275287805e126fb11c0ca6ebcdaa4bfe9e8f898297c6b,goodware_balanced__everyday__2ba6d0e0f119fca53da275287805e126fb11c0ca6ebcdaa4bfe9e8f898297c6b,balanced_goodware,0,freecad,train,train,x64,everyday,unified_goodware_balanced
2bce54cc680dc17e27ff42dc0725eb3fb698d3095caef176f86b4de91a4ae1b0,goodware_balanced__everyday__2bce54cc680dc17e27ff42dc0725eb3fb698d3095caef176f86b4de91a4ae1b0,balanced_goodware,0,freecad,train,train,x64,everyday,unified_goodware_balanced
2bd4d711229b45f4256af0e276a22be50ee3eef2f7a46aab6d208764c6270b7e,goodware_balanced__everyday__2bd4d711229b45f4256af0e276a22be50ee3eef2f7a46aab6d208764c6270b7e,balanced_goodware,0,krita,train,train,x64,everyday,unified_goodware_balanced
2c0a3e328419b3b50b0430f38c6b5882e302177f4b003aba6a0e7e035807043d,goodware_balanced__everyday__2c0a3e328419b3b50b0430f38c6b5882e302177f4b003aba6a0e7e035807043d,balanced_goodware,0,rstudio,train,train,x86,everyday,unified_goodware_balanced
2c8a69db34181f8a4f22bb14c25ff7ef36e689563578446d7a46e938b5e1dd67,goodware_balanced__everyday__2c8a69db34181f8a4f22bb14c25ff7ef36e689563578446d7a46e938b5e1dd67,balanced_goodware,0,libreoffice,train,train,x64,everyday,unified_goodware_balanced
2d385ceed73c784e797a7d54fe18a059fcf7479cb3ee2e5b124e227ddb897130,goodware_balanced__everyday__2d385ceed73c784e797a7d54fe18a059fcf7479cb3ee2e5b124e227ddb897130,balanced_goodware,0,inkscape,train,train,x64,everyday,unified_goodware_balanced
2dd6dd98acaadbd5d94eeb8aa579cf74212d76d7ba82c6f3ff9bd41ccd32a74f,goodware_balanced__everyday__2dd6dd98acaadbd5d94eeb8aa579cf74212d76d7ba82c6f3ff9bd41ccd32a74f,balanced_goodware,0,libreoffice,train,train,x64,everyday,unified_goodware_balanced
2e02c49159a881c72be222622fe6134c151b5984246d4c5bbfe73746311a5e94,goodware_balanced__everyday__2e02c49159a881c72be222622fe6134c151b5984246d4c5bbfe73746311a5e94,balanced_goodware,0,krita,train,train,x64,everyday,unified_goodware_balanced
2e3fca3a9b5b1ca317edd9c01bd750ec422008085fc8b715c14e04c975e270bd,goodware_balanced__everyday__2e3fca3a9b5b1ca317edd9c01bd750ec422008085fc8b715c14e04c975e270bd,balanced_goodware,0,libreoffice,train,train,x64,everyday,unified_goodware_balanced
2eb368c0b913d2fa3b45bc7d0a01251351d763f9bf61266770a112a01f886dbb,goodware_balanced__everyday__2eb368c0b913d2fa3b45bc7d0a01251351d763f9bf61266770a112a01f886dbb,balanced_goodware,0,freecad,train,train,x64,everyday,unified_goodware_balanced
2ec38f64a03a2f44526f225a69c1a56547f895003df68a78afc5436d16e23dc4,goodware_balanced__everyday__2ec38f64a03a2f44526f225a69c1a56547f895003df68a78afc5436d16e23dc4,balanced_goodware,0,kicad,train,train,x64,everyday,unified_goodware_balanced
2ef930cac265a2d8cb890c37df2df781354bd3662c3d183f934e8050fb96c655,goodware_balanced__everyday__2ef930cac265a2d8cb890c37df2df781354bd3662c3d183f934e8050fb96c655,balanced_goodware,0,irfanview,test,test,x64,everyday,unified_goodware_balanced
2f3402b3af138d341b56b7c1cd0162cac2f853a11c9e570ddbb94135f51814e8,goodware_balanced__everyday__2f3402b3af138d341b56b7c1cd0162cac2f853a11c9e570ddbb94135f51814e8,balanced_goodware,0,obs,train,train,x64,everyday,unified_goodware_balanced
2fd22f7d04bfa8ee8614e0f2445265df3dceb9bf32021c826a72f53ee693cf3e,goodware_balanced__everyday__2fd22f7d04bfa8ee8614e0f2445265df3dceb9bf32021c826a72f53ee693cf3e,balanced_goodware,0,inkscape,train,train,x64,everyday,unified_goodware_balanced
30c6c3dd3cc7fcea6e6081ce821adc7b2888542dae30bf00e881c0a105eb4d11,goodware_balanced__everyday__30c6c3dd3cc7fcea6e6081ce821adc7b2888542dae30bf00e881c0a105eb4d11,balanced_goodware,0,rstudio,train,train,x86,everyday,unified_goodware_balanced
31f65b7afe91e23ae88d8229fd54c5eb494ffd4594bdc3d6a91d2d69892b284b,goodware_balanced__everyday__31f65b7afe91e23ae88d8229fd54c5eb494ffd4594bdc3d6a91d2d69892b284b,balanced_goodware,0,gitextensions,test,test,x64,everyday,unified_goodware_balanced
3214ec65fe230e39473f7208f2d4efdee74485339280e4537ab4a4783e930e92,goodware_balanced__everyday__3214ec65fe230e39473f7208f2d4efdee74485339280e4537ab4a4783e930e92,balanced_goodware,0,freecad,train,train,x64,everyday,unified_goodware_balanced
321ab21462c398224c13524b50113a467eea0eea905085aa483676bda9ab8f78,goodware_balanced__everyday__321ab21462c398224c13524b50113a467eea0eea905085aa483676bda9ab8f78,balanced_goodware,0,scribus,train,train,x64,everyday,unified_goodware_balanced
321e306ceae9fbf904704d90fb7121c12c93b4321d48198d27d0aafa1d550752,goodware_balanced__everyday__321e306ceae9fbf904704d90fb7121c12c93b4321d48198d27d0aafa1d550752,balanced_goodware,0,freecad,train,train,x64,everyday,unified_goodware_balanced
3240070569767f87560f6308494f1fa547ba58dc29e3d9d6c3d7501bee23f1be,goodware_balanced__everyday__3240070569767f87560f6308494f1fa547ba58dc29e3d9d6c3d7501bee23f1be,balanced_goodware,0,freecad,train,train,x64,everyday,unified_goodware_balanced
3262adaf1f6ae2045c54693ffb43ff1c9dd7a5cea94da2a97c87a08f33ed5d5b,goodware_balanced__everyday__3262adaf1f6ae2045c54693ffb43ff1c9dd7a5cea94da2a97c87a08f33ed5d5b,balanced_goodware,0,freecad,train,train,x64,everyday,unified_goodware_balanced
327ddfdd831d261ffabd4564ece7e697a7fd239caefd672be2d9be342b6729c5,goodware_balanced__everyday__327ddfdd831d261ffabd4564ece7e697a7fd239caefd672be2d9be342b6729c5,balanced_goodware,0,freecad,train,train,x64,everyday,unified_goodware_balanced
32acc1bc543116cbe2cff10cb867772df2f254ff2634c870aef0b46c4b696fdb,goodware_balanced__everyday__32acc1bc543116cbe2cff10cb867772df2f254ff2634c870aef0b46c4b696fdb,balanced_goodware,0,libreoffice,train,train,x86,everyday,unified_goodware_balanced
335ee568bb9d3f5fa25d6260e3b2217b49163159eb8cd2afed73699985238e7a,goodware_balanced__everyday__335ee568bb9d3f5fa25d6260e3b2217b49163159eb8cd2afed73699985238e7a,balanced_goodware,0,freecad,train,train,x64,everyday,unified_goodware_balanced
33de99eeda0f06f4b4ad43a1fd23977343e1358f5dbb4b0d5e1b84850dc18afc,goodware_balanced__everyday__33de99eeda0f06f4b4ad43a1fd23977343e1358f5dbb4b0d5e1b84850dc18afc,balanced_goodware,0,musicbee,test,test,x86,everyday,unified_goodware_balanced
33e47131a29121f4b0b56bb3083e0e01e6616efc84086e9377d5872cf2d952c0,goodware_balanced__everyday__33e47131a29121f4b0b56bb3083e0e01e6616efc84086e9377d5872cf2d952c0,balanced_goodware,0,kicad,train,train,x64,everyday,unified_goodware_balanced
33ffac602d229368719c176661ed635b52208798e854b593e84f307fef6f7d3a,goodware_balanced__everyday__33ffac602d229368719c176661ed635b52208798e854b593e84f307fef6f7d3a,balanced_goodware,0,zotero,test,test,x86,everyday,unified_goodware_balanced
3477356b6f298661c55599d6f14853e94c44e4d2564cf90251728bc001283243,goodware_balanced__everyday__3477356b6f298661c55599d6f14853e94c44e4d2564cf90251728bc001283243,balanced_goodware,0,krita,train,train,x64,everyday,unified_goodware_balanced
356a169066c536ba9df3645b42c01c0aa624c36dd71c64363e90acd25fb613d2,goodware_balanced__everyday__356a169066c536ba9df3645b42c01c0aa624c36dd71c64363e90acd25fb613d2,balanced_goodware,0,kicad,train,train,x64,everyday,unified_goodware_balanced
35f604a84370b1767881b61f54e450844030c52e4db798f3d3974567d9721885,goodware_balanced__everyday__35f604a84370b1767881b61f54e450844030c52e4db798f3d3974567d9721885,balanced_goodware,0,inkscape,train,train,x64,everyday,unified_goodware_balanced
36267c9501696e1da01459004f445130bae1ad729bd3f1d21d971d52d3b008c2,goodware_balanced__everyday__36267c9501696e1da01459004f445130bae1ad729bd3f1d21d971d52d3b008c2,balanced_goodware,0,libreoffice,train,train,x64,everyday,unified_goodware_balanced
36721b156ec7da8e221a50280b078cabff976c48c0d5408f640b7c96f6f73d2a,goodware_balanced__everyday__36721b156ec7da8e221a50280b078cabff976c48c0d5408f640b7c96f6f73d2a,balanced_goodware,0,vim,train,train,x86,everyday,unified_goodware_balanced
37621bdac3ced1103278e8c0ef7b73dfa1cbe9becfbaff421a46fbc78d636b5f,goodware_balanced__everyday__37621bdac3ced1103278e8c0ef7b73dfa1cbe9becfbaff421a46fbc78d636b5f,balanced_goodware,0,sysinternals,val,train,x86,everyday,unified_goodware_balanced
378505a30a5d7ecc9e8bf25bddb7bcd8f00e6e2e90bb09dd7441e7ded658d54f,goodware_balanced__everyday__378505a30a5d7ecc9e8bf25bddb7bcd8f00e6e2e90bb09dd7441e7ded658d54f,balanced_goodware,0,vim,train,train,x64,everyday,unified_goodware_balanced
37d3cfb5dbca416cea7f21299a97f8b84a02c6bc8bc6dc5e9fda9b16eabd744f,goodware_balanced__everyday__37d3cfb5dbca416cea7f21299a97f8b84a02c6bc8bc6dc5e9fda9b16eabd744f,balanced_goodware,0,foobar2000,train,train,x64,everyday,unified_goodware_balanced
38ff6bcb91bd6cbceec26bc60007c60031d9f35181fbae851bd239f361cf38db,goodware_balanced__everyday__38ff6bcb91bd6cbceec26bc60007c60031d9f35181fbae851bd239f361cf38db,balanced_goodware,0,sysinternals,val,train,x64,everyday,unified_goodware_balanced
3988cc6aff5797fb8acf07880d73c0492b39ffdab9fb9e35e9d6b79baf86e050,goodware_balanced__everyday__3988cc6aff5797fb8acf07880d73c0492b39ffdab9fb9e35e9d6b79baf86e050,balanced_goodware,0,inkscape,train,train,x64,everyday,unified_goodware_balanced
398b56c8bd36b1d3a167cf131ccbb6b1fa345d24b7deb4aa98127f7a657d0f56,goodware_balanced__everyday__398b56c8bd36b1d3a167cf131ccbb6b1fa345d24b7deb4aa98127f7a657d0f56,balanced_goodware,0,freecad,train,train,x64,everyday,unified_goodware_balanced
3998cb9058c3bbdceb5f050bac38c202786304db395972c6f6744a166acc37b8,goodware_balanced__everyday__3998cb9058c3bbdceb5f050bac38c202786304db395972c6f6744a166acc37b8,balanced_goodware,0,kicad,train,train,x64,everyday,unified_goodware_balanced
39cadc8fbbe075ea6b5f823f5a13126b01b7a5a04076a8ed381135aa4a218174,goodware_balanced__everyday__39cadc8fbbe075ea6b5f823f5a13126b01b7a5a04076a8ed381135aa4a218174,balanced_goodware,0,kicad,train,train,x64,everyday,unified_goodware_balanced
3a0f0eee83751ab7ee9adfa99207d64673c1ca432d108ebde361037d712614f4,goodware_balanced__everyday__3a0f0eee83751ab7ee9adfa99207d64673c1ca432d108ebde361037d712614f4,balanced_goodware,0,kicad,train,train,x64,everyday,unified_goodware_balanced
3a101fa91d4e8831dfb748a1e345ab74fd4a551e64254710bdf53972ba9b473c,goodware_balanced__everyday__3a101fa91d4e8831dfb748a1e345ab74fd4a551e64254710bdf53972ba9b473c,balanced_goodware,0,notepadpp,train,train,x86,everyday,unified_goodware_balanced
3b26e7adf52bc993b500fb89433e3a9ff292536bcd1d23efa33ca7ffac93ceaa,goodware_balanced__everyday__3b26e7adf52bc993b500fb89433e3a9ff292536bcd1d23efa33ca7ffac93ceaa,balanced_goodware,0,libreoffice,train,train,x64,everyday,unified_goodware_balanced
3c179f9772094f3e15fbf16b433f8de2fa9b11881f34bdb4fcc65ff6e12e8b9e,goodware_balanced__everyday__3c179f9772094f3e15fbf16b433f8de2fa9b11881f34bdb4fcc65ff6e12e8b9e,balanced_goodware,0,scribus,train,train,x64,everyday,unified_goodware_balanced
3ced74374cd3b9b640f3fd6a9b4564274f8d2d3ac152b6426b7e72a4b3d58af9,goodware_balanced__everyday__3ced74374cd3b9b640f3fd6a9b4564274f8d2d3ac152b6426b7e72a4b3d58af9,balanced_goodware,0,krita,train,train,x64,everyday,unified_goodware_balanced
3cf426ca8242fdc9e23157e968a22fa813252a5d717e0a805a17092006f1a036,goodware_balanced__everyday__3cf426ca8242fdc9e23157e968a22fa813252a5d717e0a805a17092006f1a036,balanced_goodware,0,freecad,train,train,x64,everyday,unified_goodware_balanced
3d7e4fbeca2023c34aca290f966501af14ffe4f72fb8e1ed1814b1e736a15e62,goodware_balanced__everyday__3d7e4fbeca2023c34aca290f966501af14ffe4f72fb8e1ed1814b1e736a15e62,balanced_goodware,0,freecad,train,train,x64,everyday,unified_goodware_balanced
3dfabf025cbcaafadef8dabe15f18597a5a937ac99c5517a5912f28ca8b6271f,goodware_balanced__everyday__3dfabf025cbcaafadef8dabe15f18597a5a937ac99c5517a5912f28ca8b6271f,balanced_goodware,0,rstudio,train,train,x64,everyday,unified_goodware_balanced
3e2399ae5ce16dd69f7e2c71d928cf54a1024afced8155f1fd663a3e123d9226,goodware_balanced__everyday__3e2399ae5ce16dd69f7e2c71d928cf54a1024afced8155f1fd663a3e123d9226,balanced_goodware,0,steam,test,test,x86,everyday,unified_goodware_balanced
3e3340fad10d8c4607df0abe689ec89f0bcaba40f4cfd5fa924d912ceb4cd8c1,goodware_balanced__everyday__3e3340fad10d8c4607df0abe689ec89f0bcaba40f4cfd5fa924d912ceb4cd8c1,balanced_goodware,0,inkscape,train,train,x64,everyday,unified_goodware_balanced
3e57cc1d455a7c33e74124888bff4c73501c8b1993a8c1e896f4d995ec93bc53,goodware_balanced__everyday__3e57cc1d455a7c33e74124888bff4c73501c8b1993a8c1e896f4d995ec93bc53,balanced_goodware,0,sysinternals,val,train,x86,everyday,unified_goodware_balanced
3e78deada5d62a77cbcefca2b7facb76b2bdd250add02091e1286dae1a1352b4,goodware_balanced__everyday__3e78deada5d62a77cbcefca2b7facb76b2bdd250add02091e1286dae1a1352b4,balanced_goodware,0,libreoffice,train,train,x64,everyday,unified_goodware_balanced
3e82ef738e1b91bb99e4fb30948cbc4c2ae3b2e60e4b3f783ba6dd7da4b3ee08,goodware_balanced__everyday__3e82ef738e1b91bb99e4fb30948cbc4c2ae3b2e60e4b3f783ba6dd7da4b3ee08,balanced_goodware,0,obs,train,train,x64,everyday,unified_goodware_balanced
3ea06f0ee098b4823cb79599df3780e7f23cce52c19aac31d2a0d47efe33a5e9,goodware_balanced__everyday__3ea06f0ee098b4823cb79599df3780e7f23cce52c19aac31d2a0d47efe33a5e9,balanced_goodware,0,foobar2000,train,train,x64,everyday,unified_goodware_balanced
3f5015cbb6ea512c522a71f94bd59a30941b79f0adda2252875488b44c34c16d,goodware_balanced__everyday__3f5015cbb6ea512c522a71f94bd59a30941b79f0adda2252875488b44c34c16d,balanced_goodware,0,kicad,train,train,x64,everyday,unified_goodware_balanced
3fd6cd893345280300d09eb0effbfe09532f5ae4c4efea9f4bcb750efb24aa00,goodware_balanced__everyday__3fd6cd893345280300d09eb0effbfe09532f5ae4c4efea9f4bcb750efb24aa00,balanced_goodware,0,krita,train,train,x64,everyday,unified_goodware_balanced
4011748ddf472b7e856d909fdfb4e9b19c3d23fcd8121039ac91f99d5ffa65db,goodware_balanced__everyday__4011748ddf472b7e856d909fdfb4e9b19c3d23fcd8121039ac91f99d5ffa65db,balanced_goodware,0,musicbee,test,test,x64,everyday,unified_goodware_balanced
402c72ad83bf254dd215041023751b0dca47c2816a2b065b0f4b5fe8f38e0da7,goodware_balanced__everyday__402c72ad83bf254dd215041023751b0dca47c2816a2b065b0f4b5fe8f38e0da7,balanced_goodware,0,freecad,train,train,x64,everyday,unified_goodware_balanced
40bacf4d323ec800803add519c00075998da102b1fb41340dfe0429707ea1e9c,goodware_balanced__everyday__40bacf4d323ec800803add519c00075998da102b1fb41340dfe0429707ea1e9c,balanced_goodware,0,krita,train,train,x86,everyday,unified_goodware_balanced
41299bf3e17d9427b8a8b03dab5e22715f09f21941728e4b31f4385ed7c27e89,goodware_balanced__everyday__41299bf3e17d9427b8a8b03dab5e22715f09f21941728e4b31f4385ed7c27e89,balanced_goodware,0,krita,train,train,x64,everyday,unified_goodware_balanced
42222f1366d0adeb20703dc1e7650c04eed179834eef5998147c3922a59ad9af,goodware_balanced__everyday__42222f1366d0adeb20703dc1e7650c04eed179834eef5998147c3922a59ad9af,balanced_goodware,0,rstudio,train,train,x64,everyday,unified_goodware_balanced
426a95d5da694b2dbb280743173038fa1e45d1c452478d4636b01252a2102545,goodware_balanced__everyday__426a95d5da694b2dbb280743173038fa1e45d1c452478d4636b01252a2102545,balanced_goodware,0,kicad,train,train,x64,everyday,unified_goodware_balanced
42943ab7129ee1fc42a572fecd59828ef014a55993786c0d9e4d381656c34cb4,goodware_balanced__everyday__42943ab7129ee1fc42a572fecd59828ef014a55993786c0d9e4d381656c34cb4,balanced_goodware,0,irfanview,test,test,x64,everyday,unified_goodware_balanced
4317e077aa947b4f7c5497107ef7c6125e8af4e591b7c9a8780ea64366d2cf92,goodware_balanced__everyday__4317e077aa947b4f7c5497107ef7c6125e8af4e591b7c9a8780ea64366d2cf92,balanced_goodware,0,freecad,train,train,x64,everyday,unified_goodware_balanced
43203ae51a144e4ff92d4110c93af12b7c9525a1f5435efedfd3499dc12d16c2,goodware_balanced__everyday__43203ae51a144e4ff92d4110c93af12b7c9525a1f5435efedfd3499dc12d16c2,balanced_goodware,0,sysinternals,val,train,x86,everyday,unified_goodware_balanced
443a6ec9433eca3ef99be8c1869dd34c4662b6beb564fdf06db364885c0ce3c0,goodware_balanced__everyday__443a6ec9433eca3ef99be8c1869dd34c4662b6beb564fdf06db364885c0ce3c0,balanced_goodware,0,libreoffice,train,train,x64,everyday,unified_goodware_balanced
445916ad8f798a69684b52ac41dbf5ba9a8d3d12fb752bf53802ecab10df0b8e,goodware_balanced__everyday__445916ad8f798a69684b52ac41dbf5ba9a8d3d12fb752bf53802ecab10df0b8e,balanced_goodware,0,obs,train,train,x64,everyday,unified_goodware_balanced
44d2f7aa099f31cabe027cb7c21d5e9ca7d3ee0926064db87711cf8dfcbc5c62,goodware_balanced__everyday__44d2f7aa099f31cabe027cb7c21d5e9ca7d3ee0926064db87711cf8dfcbc5c62,balanced_goodware,0,freecad,train,train,x64,everyday,unified_goodware_balanced
450d3ea7268c118954a83adead14879cd671ae58b52f352b33763067db85e78b,goodware_balanced__everyday__450d3ea7268c118954a83adead14879cd671ae58b52f352b33763067db85e78b,balanced_goodware,0,obs,train,train,x64,everyday,unified_goodware_balanced
4627f12b8295b1ebafd9909dfd0eaa46583e68e8976c8fef76e64122fd2149b6,goodware_balanced__everyday__4627f12b8295b1ebafd9909dfd0eaa46583e68e8976c8fef76e64122fd2149b6,balanced_goodware,0,obs,train,train,x86,everyday,unified_goodware_balanced
4672d9d45075c810cc974feb0827da25442f2d69d675837f8048f728f370c4c2,goodware_balanced__everyday__4672d9d45075c810cc974feb0827da25442f2d69d675837f8048f728f370c4c2,balanced_goodware,0,kicad,train,train,x64,everyday,unified_goodware_balanced
46fd3e8966ce422ad4662f8c6fa08eb255507857fa306efd8c05e52daeeddda8,goodware_balanced__everyday__46fd3e8966ce422ad4662f8c6fa08eb255507857fa306efd8c05e52daeeddda8,balanced_goodware,0,libreoffice,train,train,x64,everyday,unified_goodware_balanced
47872cc77f8e18cf642f868f23340a468e537e64521d9a3a416c8b84384d064b,goodware_balanced__everyday__47872cc77f8e18cf642f868f23340a468e537e64521d9a3a416c8b84384d064b,balanced_goodware,0,freecad,train,train,x86,everyday,unified_goodware_balanced
47e633e8ae09c06d00638356ac4b466697f6f5057465e5e46d62898dad8c53b4,goodware_balanced__everyday__47e633e8ae09c06d00638356ac4b466697f6f5057465e5e46d62898dad8c53b4,balanced_goodware,0,obs,train,train,x64,everyday,unified_goodware_balanced
48038a81e54884bd355d936452cdd5bd9c966bcc5f536aba13842d192bf85236,goodware_balanced__everyday__48038a81e54884bd355d936452cdd5bd9c966bcc5f536aba13842d192bf85236,balanced_goodware,0,libreoffice,train,train,x64,everyday,unified_goodware_balanced
481eb3a2c30cd5d37160d538cec4b196511d3c3bcca73e6b7e64f303de0303e9,goodware_balanced__everyday__481eb3a2c30cd5d37160d538cec4b196511d3c3bcca73e6b7e64f303de0303e9,balanced_goodware,0,libreoffice,train,train,x64,everyday,unified_goodware_balanced
484be0aafa5ae3d5759427594e405fb70beb7c78dc8e576bcc70067c30d619cc,goodware_balanced__everyday__484be0aafa5ae3d5759427594e405fb70beb7c78dc8e576bcc70067c30d619cc,balanced_goodware,0,gitextensions,test,test,x64,everyday,unified_goodware_balanced
48c7593ebd2b67ea6f021eaff5e16e1288a3df3d37e45719fff6219b8a1c37e0,goodware_balanced__everyday__48c7593ebd2b67ea6f021eaff5e16e1288a3df3d37e45719fff6219b8a1c37e0,balanced_goodware,0,freecad,train,train,x64,everyday,unified_goodware_balanced
4930e9a3525dbe2df501590ab8d2ec8adf5993ed65d544629491b4c22c104929,goodware_balanced__everyday__4930e9a3525dbe2df501590ab8d2ec8adf5993ed65d544629491b4c22c104929,balanced_goodware,0,kicad,train,train,x64,everyday,unified_goodware_balanced
496a779a1802c0225e8da83f10d83c5269e16615ed4d2cae24f6563575f3ba5b,goodware_balanced__everyday__496a779a1802c0225e8da83f10d83c5269e16615ed4d2cae24f6563575f3ba5b,balanced_goodware,0,freecad,train,train,x64,everyday,unified_goodware_balanced
49bb810dcaf4106325ced027ae03288d0bbab218f10a1d4e80bb4aa6911726a5,goodware_balanced__everyday__49bb810dcaf4106325ced027ae03288d0bbab218f10a1d4e80bb4aa6911726a5,balanced_goodware,0,inkscape,train,train,x64,everyday,unified_goodware_balanced
49bb91fb8af0aba7a1f1b7a8565d58e39d280c94312d0c70662111bdff3f8f49,goodware_balanced__everyday__49bb91fb8af0aba7a1f1b7a8565d58e39d280c94312d0c70662111bdff3f8f49,balanced_goodware,0,libreoffice,train,train,x64,everyday,unified_goodware_balanced
49c0ddeac72b130d4f8ae90510219949022c1f992adb48d81a4972f2cd6c2585,goodware_balanced__everyday__49c0ddeac72b130d4f8ae90510219949022c1f992adb48d81a4972f2cd6c2585,balanced_goodware,0,obs,train,train,x64,everyday,unified_goodware_balanced
4a3387a54eeca83f3a8ff1f5f282f7966c9e7bfe159c8eb45444cab01b3e167e,goodware_balanced__everyday__4a3387a54eeca83f3a8ff1f5f282f7966c9e7bfe159c8eb45444cab01b3e167e,balanced_goodware,0,scribus,train,train,x86,everyday,unified_goodware_balanced
4a591a6f3aa966c8b78c138d141f7bc3dbc693d3948f64d2736fa3e25a4659cb,goodware_balanced__everyday__4a591a6f3aa966c8b78c138d141f7bc3dbc693d3948f64d2736fa3e25a4659cb,balanced_goodware,0,freecad,train,train,x64,everyday,unified_goodware_balanced
4b79c51fe9c22b66ee35374c12d02353eb915799d62c1bdf21e73ef69e2fb960,goodware_balanced__everyday__4b79c51fe9c22b66ee35374c12d02353eb915799d62c1bdf21e73ef69e2fb960,balanced_goodware,0,krita,train,train,x64,everyday,unified_goodware_balanced
4b8ea8d0f4777c97d98177e831240596ebcc881449948a50b80124a82fe9affd,goodware_balanced__everyday__4b8ea8d0f4777c97d98177e831240596ebcc881449948a50b80124a82fe9affd,balanced_goodware,0,libreoffice,train,train,x64,everyday,unified_goodware_balanced
4bc716719b6f142d60621d992b695e9d83aeacd8019c2c491ae8a7e6aca00737,goodware_balanced__everyday__4bc716719b6f142d60621d992b695e9d83aeacd8019c2c491ae8a7e6aca00737,balanced_goodware,0,obs,train,train,x64,everyday,unified_goodware_balanced
4bee05aa0637468a19cd82490858fc69e93fce8d22c0aeb272a76b71f0dc93e9,goodware_balanced__everyday__4bee05aa0637468a19cd82490858fc69e93fce8d22c0aeb272a76b71f0dc93e9,balanced_goodware,0,gitextensions,test,test,x86,everyday,unified_goodware_balanced
4c0c8a43b5c3f7e8fad6947ad1de1314646b9115062ebb4c8a0341e37eece6ce,goodware_balanced__everyday__4c0c8a43b5c3f7e8fad6947ad1de1314646b9115062ebb4c8a0341e37eece6ce,balanced_goodware,0,libreoffice,train,train,x64,everyday,unified_goodware_balanced
4c21f534deffd6b8552b92d9b622dd03c09f03ccdc512a56c9b5693d8396f918,goodware_balanced__everyday__4c21f534deffd6b8552b92d9b622dd03c09f03ccdc512a56c9b5693d8396f918,balanced_goodware,0,rstudio,train,train,x86,everyday,unified_goodware_balanced
4ceceebc8150422c6d8d9a06c2e9686d5a5d90f1033f60ad92ab81fe810e2a28,goodware_balanced__everyday__4ceceebc8150422c6d8d9a06c2e9686d5a5d90f1033f60ad92ab81fe810e2a28,balanced_goodware,0,vim,train,train,x86,everyday,unified_goodware_balanced
4d03baecfbddab9d04c15f051ddd4c50928f432e550eb0e6ab5dbea52ead4f06,goodware_balanced__everyday__4d03baecfbddab9d04c15f051ddd4c50928f432e550eb0e6ab5dbea52ead4f06,balanced_goodware,0,freecad,train,train,x64,everyday,unified_goodware_balanced
4e40b4e63d31d281a3239317ffdc9c204656b8328df97ec5eb56726ef7966373,goodware_balanced__everyday__4e40b4e63d31d281a3239317ffdc9c204656b8328df97ec5eb56726ef7966373,balanced_goodware,0,krita,train,train,x64,everyday,unified_goodware_balanced
4e4c58fde8989d231d5d61d7924a8a9c1f6624641dbc56fca656a5449a37a2ab,goodware_balanced__everyday__4e4c58fde8989d231d5d61d7924a8a9c1f6624641dbc56fca656a5449a37a2ab,balanced_goodware,0,krita,train,train,x64,everyday,unified_goodware_balanced
4eed8d3549ea541f48aa975e6b4a8da35547c4d1a81247e1a1ec8d2431617e1d,goodware_balanced__everyday__4eed8d3549ea541f48aa975e6b4a8da35547c4d1a81247e1a1ec8d2431617e1d,balanced_goodware,0,kicad,train,train,x64,everyday,unified_goodware_balanced
4efb836a58deaf8e090f5657475fd371e4c7b2bfe613aeec1001e3c06c51826c,goodware_balanced__everyday__4efb836a58deaf8e090f5657475fd371e4c7b2bfe613aeec1001e3c06c51826c,balanced_goodware,0,kicad,train,train,x64,everyday,unified_goodware_balanced
4f816165a098c1a73c4cf5c4621943fb5b698b61e56043b20ea38146b2b28e30,goodware_balanced__everyday__4f816165a098c1a73c4cf5c4621943fb5b698b61e56043b20ea38146b2b28e30,balanced_goodware,0,freecad,train,train,x64,everyday,unified_goodware_balanced
4fa330a01151942fdedde2cc9df660a07585b7d9228a9e67fb5e774148d58a4b,goodware_balanced__everyday__4fa330a01151942fdedde2cc9df660a07585b7d9228a9e67fb5e774148d58a4b,balanced_goodware,0,rstudio,train,train,x86,everyday,unified_goodware_balanced
4fe07ab7572ed76c86d61a113fa2bc23926472ec6b61f02a549eed4e2723f754,goodware_balanced__everyday__4fe07ab7572ed76c86d61a113fa2bc23926472ec6b61f02a549eed4e2723f754,balanced_goodware,0,vim,train,train,x64,everyday,unified_goodware_balanced
50155027edb4c0e4abcd4c8265b6cb0f55c09b2ceb80b917264b218cc06b1390,goodware_balanced__everyday__50155027edb4c0e4abcd4c8265b6cb0f55c09b2ceb80b917264b218cc06b1390,balanced_goodware,0,notepadpp,train,train,x64,everyday,unified_goodware_balanced
508d23882c0b14a9b875534e653ca0fec349cd5f9acaedd9454b727083ecf910,goodware_balanced__everyday__508d23882c0b14a9b875534e653ca0fec349cd5f9acaedd9454b727083ecf910,balanced_goodware,0,scribus,train,train,x64,everyday,unified_goodware_balanced
51088dd6e9d71cc476566bed361b99c5569117742c5c8ff8c2d3ab1a1b07d9af,goodware_balanced__everyday__51088dd6e9d71cc476566bed361b99c5569117742c5c8ff8c2d3ab1a1b07d9af,balanced_goodware,0,vim,train,train,x64,everyday,unified_goodware_balanced
51df6e194e69e51af06bf2735b41f19b8c72fc82f5925905c99412d4ee79e5ea,goodware_balanced__everyday__51df6e194e69e51af06bf2735b41f19b8c72fc82f5925905c99412d4ee79e5ea,balanced_goodware,0,inkscape,train,train,x64,everyday,unified_goodware_balanced
52107346540fbe5486ffa10671bff95f5dcdb4bcc191c6d631b2d7e373a4413f,goodware_balanced__everyday__52107346540fbe5486ffa10671bff95f5dcdb4bcc191c6d631b2d7e373a4413f,balanced_goodware,0,irfanview,test,test,x64,everyday,unified_goodware_balanced
521ae75c009393af343d5fcbe0158bcb387115a012b3cd668a005eb85919c327,goodware_balanced__everyday__521ae75c009393af343d5fcbe0158bcb387115a012b3cd668a005eb85919c327,balanced_goodware,0,krita,train,train,x64,everyday,unified_goodware_balanced
52752c65d3886ef32064f4d60a0639e6b453a878a2199e688778cda590f1060e,goodware_balanced__everyday__52752c65d3886ef32064f4d60a0639e6b453a878a2199e688778cda590f1060e,balanced_goodware,0,inkscape,train,train,x64,everyday,unified_goodware_balanced
5279a6c2053327fa48b2f77cd14e79ae31547482964b9e5c1f44e1e0fbf1afe8,goodware_balanced__everyday__5279a6c2053327fa48b2f77cd14e79ae31547482964b9e5c1f44e1e0fbf1afe8,balanced_goodware,0,inkscape,train,train,x64,everyday,unified_goodware_balanced
52ba8f3e898388358b1f8e80ec50b1110bfc93ddbdf875fdfe522f898173d74e,goodware_balanced__everyday__52ba8f3e898388358b1f8e80ec50b1110bfc93ddbdf875fdfe522f898173d74e,balanced_goodware,0,freecad,train,train,x64,everyday,unified_goodware_balanced
52ccc7e4ec5ad0aecf307c0328826340f5d504aa59f7c4143b9a1b9fff16ccda,goodware_balanced__everyday__52ccc7e4ec5ad0aecf307c0328826340f5d504aa59f7c4143b9a1b9fff16ccda,balanced_goodware,0,inkscape,train,train,x64,everyday,unified_goodware_balanced
536998086b957a743fea6ddcbec107025aa23db3ae0af1505779986a9d342ad7,goodware_balanced__everyday__536998086b957a743fea6ddcbec107025aa23db3ae0af1505779986a9d342ad7,balanced_goodware,0,kicad,train,train,x86,everyday,unified_goodware_balanced
5458490f1feacc104e03890b4a4ff0bba502fe265f1ba6890cd0593c520bc23a,goodware_balanced__everyday__5458490f1feacc104e03890b4a4ff0bba502fe265f1ba6890cd0593c520bc23a,balanced_goodware,0,libreoffice,train,train,x64,everyday,unified_goodware_balanced
54a40a99e1aaecb1a31db0e0b35c85bba77df08cbde712e65944028a7e8c4596,goodware_balanced__everyday__54a40a99e1aaecb1a31db0e0b35c85bba77df08cbde712e65944028a7e8c4596,balanced_goodware,0,libreoffice,train,train,x64,everyday,unified_goodware_balanced
5549384ebfa2b73536ba5d3400230207e62bb91a571ef23b7ded339738cadc3d,goodware_balanced__everyday__5549384ebfa2b73536ba5d3400230207e62bb91a571ef23b7ded339738cadc3d,balanced_goodware,0,scribus,train,train,x64,everyday,unified_goodware_balanced
554f523914cdbaed8b17527170502199c185bd69a41c81102c50dbb0e5e5a78d,goodware_balanced__everyday__554f523914cdbaed8b17527170502199c185bd69a41c81102c50dbb0e5e5a78d,balanced_goodware,0,sysinternals,val,train,x64,everyday,unified_goodware_balanced
55f28ab1a200b94f4b005b04d7b00548bbf88b2713cc6b0a095dfb9fbc10476b,goodware_balanced__everyday__55f28ab1a200b94f4b005b04d7b00548bbf88b2713cc6b0a095dfb9fbc10476b,balanced_goodware,0,libreoffice,train,train,x64,everyday,unified_goodware_balanced
561e7334682dbe8cfc387a975cc63ef40505b409439aedd8c6925904c6b41fae,goodware_balanced__everyday__561e7334682dbe8cfc387a975cc63ef40505b409439aedd8c6925904c6b41fae,balanced_goodware,0,krita,train,train,x64,everyday,unified_goodware_balanced
5654c38ce36d13bedb654c299428503aaf535caadb3f00e0ae031ce4c293f733,goodware_balanced__everyday__5654c38ce36d13bedb654c299428503aaf535caadb3f00e0ae031ce4c293f733,balanced_goodware,0,krita,train,train,x64,everyday,unified_goodware_balanced
566b095dd1de495a3f0233cb08d75ab3e7d7b184c80e2fc23f23f22ca8558632,goodware_balanced__everyday__566b095dd1de495a3f0233cb08d75ab3e7d7b184c80e2fc23f23f22ca8558632,balanced_goodware,0,obs,train,train,x86,everyday,unified_goodware_balanced
575d7e5a4c3a9fb5619952575e2b8e031df0c981785618da56b7e3299376a905,goodware_balanced__everyday__575d7e5a4c3a9fb5619952575e2b8e031df0c981785618da56b7e3299376a905,balanced_goodware,0,kicad,train,train,x64,everyday,unified_goodware_balanced
576d2ab235e32acc129eda78a3b9a3d3e78b0c97a01940d962cb8502acd030d1,goodware_balanced__everyday__576d2ab235e32acc129eda78a3b9a3d3e78b0c97a01940d962cb8502acd030d1,balanced_goodware,0,rstudio,train,train,x64,everyday,unified_goodware_balanced
578f70ee56bf8369fcbb095fc87a425a3e11fa7c29e530ef23c38badfe08ddbd,goodware_balanced__everyday__578f70ee56bf8369fcbb095fc87a425a3e11fa7c29e530ef23c38badfe08ddbd,balanced_goodware,0,krita,train,train,x64,everyday,unified_goodware_balanced
57998a0a8168a75eb8e5958019b29f86edee70931bdbcc18e06c9b93f4b70cbe,goodware_balanced__everyday__57998a0a8168a75eb8e5958019b29f86edee70931bdbcc18e06c9b93f4b70cbe,balanced_goodware,0,rstudio,train,train,x86,everyday,unified_goodware_balanced
5822f6410f08282afe6fdbaf26a3bef43d10ece70e6c710923697d0c31f86b59,goodware_balanced__everyday__5822f6410f08282afe6fdbaf26a3bef43d10ece70e6c710923697d0c31f86b59,balanced_goodware,0,libreoffice,train,train,x64,everyday,unified_goodware_balanced
58771b56ec864b20b3afaba5af71ef33a04a427969942c194020fc71eb97b699,goodware_balanced__everyday__58771b56ec864b20b3afaba5af71ef33a04a427969942c194020fc71eb97b699,balanced_goodware,0,inkscape,train,train,x64,everyday,unified_goodware_balanced
58848667d5a2b133f002b19e8a652cf0941e5c3baf890e0db5f6611ec2a47799,goodware_balanced__everyday__58848667d5a2b133f002b19e8a652cf0941e5c3baf890e0db5f6611ec2a47799,balanced_goodware,0,obs,train,train,x64,everyday,unified_goodware_balanced
58b166f9497ca4f1f5f29fb9fd704dbb9ef463b8400c5dc2bfe8212e8faa73c0,goodware_balanced__everyday__58b166f9497ca4f1f5f29fb9fd704dbb9ef463b8400c5dc2bfe8212e8faa73c0,balanced_goodware,0,scribus,train,train,x64,everyday,unified_goodware_balanced
5944bcc7217c874d8c704b9a1a15c62187ca56c7ba7c4f50e04f04a84d79b3d8,goodware_balanced__everyday__5944bcc7217c874d8c704b9a1a15c62187ca56c7ba7c4f50e04f04a84d79b3d8,balanced_goodware,0,foobar2000,train,train,x64,everyday,unified_goodware_balanced
5a0210cb6cf0b566cc3e7c15feb7821cc8d26c79320de53ada6c21c065de7510,goodware_balanced__everyday__5a0210cb6cf0b566cc3e7c15feb7821cc8d26c79320de53ada6c21c065de7510,balanced_goodware,0,krita,train,train,x64,everyday,unified_goodware_balanced
5a69590992c1c6bcb5b7cd28fa1c27848ec0b6c8996e4365be9361220714a6b5,goodware_balanced__everyday__5a69590992c1c6bcb5b7cd28fa1c27848ec0b6c8996e4365be9361220714a6b5,balanced_goodware,0,krita,train,train,x64,everyday,unified_goodware_balanced
5b121838af61a0a3072c50769ad9940eba4425ad713d33675595b4d087d1a178,goodware_balanced__everyday__5b121838af61a0a3072c50769ad9940eba4425ad713d33675595b4d087d1a178,balanced_goodware,0,libreoffice,train,train,x64,everyday,unified_goodware_balanced
5b32e5f00e9bb6768335a31e995ced4be7fe00f14f758db8cd44e73640bef6b3,goodware_balanced__everyday__5b32e5f00e9bb6768335a31e995ced4be7fe00f14f758db8cd44e73640bef6b3,balanced_goodware,0,foobar2000,train,train,x64,everyday,unified_goodware_balanced
5bbabced7a2fc6f417bdb44b25ee1e3e3c5b421ed0e33cb003586850ea341b47,goodware_balanced__everyday__5bbabced7a2fc6f417bdb44b25ee1e3e3c5b421ed0e33cb003586850ea341b47,balanced_goodware,0,krita,train,train,x64,everyday,unified_goodware_balanced
5c006896a5371b843137d27a9128999ea4f8ecf2215dd034dee0d57da56b5072,goodware_balanced__everyday__5c006896a5371b843137d27a9128999ea4f8ecf2215dd034dee0d57da56b5072,balanced_goodware,0,kicad,train,train,x64,everyday,unified_goodware_balanced
5c30df87f397e06aec59af95a0c2606401a81983295f0978fdc2afc2de9859cd,goodware_balanced__everyday__5c30df87f397e06aec59af95a0c2606401a81983295f0978fdc2afc2de9859cd,balanced_goodware,0,sysinternals,val,train,x64,everyday,unified_goodware_balanced
5d96bbc4e5b726d87c7cf547f5fe98f8f05434ec2130bd60cbf5671fd3a7381b,goodware_balanced__everyday__5d96bbc4e5b726d87c7cf547f5fe98f8f05434ec2130bd60cbf5671fd3a7381b,balanced_goodware,0,sysinternals,val,train,x64,everyday,unified_goodware_balanced
5e4a69b425540864e8aff5b99be6ba94c78274f559f254df20bec6ae6a338c60,goodware_balanced__everyday__5e4a69b425540864e8aff5b99be6ba94c78274f559f254df20bec6ae6a338c60,balanced_goodware,0,freecad,train,train,x64,everyday,unified_goodware_balanced
5e6475288a07b405eee20726f43d7720556e6b30cc11f38e5465e6464fc0f0a3,goodware_balanced__everyday__5e6475288a07b405eee20726f43d7720556e6b30cc11f38e5465e6464fc0f0a3,balanced_goodware,0,zotero,test,test,x64,everyday,unified_goodware_balanced
5e679b584a09788f16218a63c59bc11bf015c7ace9ec94be92e52bc83744898d,goodware_balanced__everyday__5e679b584a09788f16218a63c59bc11bf015c7ace9ec94be92e52bc83744898d,balanced_goodware,0,kicad,train,train,x64,everyday,unified_goodware_balanced
5e7016c28a8d6410be55e79f8201a6a31683d41b6292cf20744640090d824291,goodware_balanced__everyday__5e7016c28a8d6410be55e79f8201a6a31683d41b6292cf20744640090d824291,balanced_goodware,0,freecad,train,train,x64,everyday,unified_goodware_balanced
5ef168f83b55d2cbd2426afc5e6fa8161270fa6a2a312831332dc472c95dfa42,goodware_balanced__everyday__5ef168f83b55d2cbd2426afc5e6fa8161270fa6a2a312831332dc472c95dfa42,balanced_goodware,0,sysinternals,val,train,x86,everyday,unified_goodware_balanced
5f0494dd46a59f1a0d2b6f1984322980d84105a6efee10b0414ec0cf2e5b0bc5,goodware_balanced__everyday__5f0494dd46a59f1a0d2b6f1984322980d84105a6efee10b0414ec0cf2e5b0bc5,balanced_goodware,0,libreoffice,train,train,x64,everyday,unified_goodware_balanced
600ffba0767acae0c65b6aa4e836de2ca50f7cfa292d538e8bfaa981ebad73ab,goodware_balanced__everyday__600ffba0767acae0c65b6aa4e836de2ca50f7cfa292d538e8bfaa981ebad73ab,balanced_goodware,0,kicad,train,train,x64,everyday,unified_goodware_balanced
6018a90eb1ddfb122753f313c2761a89a3ab3eb97f104d0060f9f66accf6302c,goodware_balanced__everyday__6018a90eb1ddfb122753f313c2761a89a3ab3eb97f104d0060f9f66accf6302c,balanced_goodware,0,libreoffice,train,train,x64,everyday,unified_goodware_balanced
6042371724545a5c0f6b9dab743c5ac3182a250a8bf34633689958d893da85f5,goodware_balanced__everyday__6042371724545a5c0f6b9dab743c5ac3182a250a8bf34633689958d893da85f5,balanced_goodware,0,vlc,train,train,x64,everyday,unified_goodware_balanced
60de59344a0f410a70088f78433dde35790f11edaaaa3c8c344ce7bfde4722da,goodware_balanced__everyday__60de59344a0f410a70088f78433dde35790f11edaaaa3c8c344ce7bfde4722da,balanced_goodware,0,scribus,train,train,x64,everyday,unified_goodware_balanced
6176aa454376cd4efc52e78a6d10d5013bb901476e5b68e93b30344b7bf18f86,goodware_balanced__everyday__6176aa454376cd4efc52e78a6d10d5013bb901476e5b68e93b30344b7bf18f86,balanced_goodware,0,zoom,test,test,x86,everyday,unified_goodware_balanced
6187771511c43960016f79c760249c08e43a9835caa0f58c9e41b98cc92032cc,goodware_balanced__everyday__6187771511c43960016f79c760249c08e43a9835caa0f58c9e41b98cc92032cc,balanced_goodware,0,obs,train,train,x64,everyday,unified_goodware_balanced
623de362fe5a1a3a95203730b4815fd8c736d8de8d5605a90d324881f72b7c02,goodware_balanced__everyday__623de362fe5a1a3a95203730b4815fd8c736d8de8d5605a90d324881f72b7c02,balanced_goodware,0,zotero,test,test,x86,everyday,unified_goodware_balanced
631ccac18d29bb168188f4830a51bdea4aa31c791ace1750b69e31a3f8510c62,goodware_balanced__everyday__631ccac18d29bb168188f4830a51bdea4aa31c791ace1750b69e31a3f8510c62,balanced_goodware,0,kicad,train,train,x64,everyday,unified_goodware_balanced
639c4970a3804d5932a25d17b45bc45c27a79eb41ee1bc9c6a60cca043255d5f,goodware_balanced__everyday__639c4970a3804d5932a25d17b45bc45c27a79eb41ee1bc9c6a60cca043255d5f,balanced_goodware,0,inkscape,train,train,x64,everyday,unified_goodware_balanced
63a1c2a47ee4a67a723f6c228f11281c397593d7598a5d58d6550f631126a7c4,goodware_balanced__everyday__63a1c2a47ee4a67a723f6c228f11281c397593d7598a5d58d6550f631126a7c4,balanced_goodware,0,foobar2000,train,train,x64,everyday,unified_goodware_balanced
6422bf28f71d1dea5455f906bda7d1b9b687ac1008fb4e08bef3496a4eb9b4c3,goodware_balanced__everyday__6422bf28f71d1dea5455f906bda7d1b9b687ac1008fb4e08bef3496a4eb9b4c3,balanced_goodware,0,inkscape,train,train,x64,everyday,unified_goodware_balanced
642f969e7118ae8e8068c30182fbda3cd6100c5f291f404d9f37d6fd00982c30,goodware_balanced__everyday__642f969e7118ae8e8068c30182fbda3cd6100c5f291f404d9f37d6fd00982c30,balanced_goodware,0,inkscape,train,train,x64,everyday,unified_goodware_balanced
647fdb0610747601a3f34aa64ddf36e671a803f3d3c65d564069b0983e59462a,goodware_balanced__everyday__647fdb0610747601a3f34aa64ddf36e671a803f3d3c65d564069b0983e59462a,balanced_goodware,0,inkscape,train,train,x64,everyday,unified_goodware_balanced
64984fb18253088c6ad8219f640a2dbd6e58a15cd43f74780d824b2ad64da7c0,goodware_balanced__everyday__64984fb18253088c6ad8219f640a2dbd6e58a15cd43f74780d824b2ad64da7c0,balanced_goodware,0,freecad,train,train,x64,everyday,unified_goodware_balanced
6510f7ac9406fb94d3db47036394b2c74eda1c76ceeed16a0f229a0b6e6029b1,goodware_balanced__everyday__6510f7ac9406fb94d3db47036394b2c74eda1c76ceeed16a0f229a0b6e6029b1,balanced_goodware,0,libreoffice,train,train,x64,everyday,unified_goodware_balanced
654bf83d99aa89de0eab224a6039d647fb3e067ff2fe6efe265d9d870b13b0e9,goodware_balanced__everyday__654bf83d99aa89de0eab224a6039d647fb3e067ff2fe6efe265d9d870b13b0e9,balanced_goodware,0,scribus,train,train,x64,everyday,unified_goodware_balanced
665f9a7fd8a53531f7646411e63ecbc6535b137c5e521b0c02dd2a9d592e0663,goodware_balanced__everyday__665f9a7fd8a53531f7646411e63ecbc6535b137c5e521b0c02dd2a9d592e0663,balanced_goodware,0,vim,train,train,x64,everyday,unified_goodware_balanced
66673ce2a6bf711d01b3c2efbcd3d727a2d6db4dd5ccb916927a2df751ed1608,goodware_balanced__everyday__66673ce2a6bf711d01b3c2efbcd3d727a2d6db4dd5ccb916927a2df751ed1608,balanced_goodware,0,notepadpp,train,train,x64,everyday,unified_goodware_balanced
67eefb3ea5c2f1640d7371e1084bf6b6b838ad005c9084edaccadc3de13ea082,goodware_balanced__everyday__67eefb3ea5c2f1640d7371e1084bf6b6b838ad005c9084edaccadc3de13ea082,balanced_goodware,0,obs,train,train,x64,everyday,unified_goodware_balanced
6875a1e27e9f4d4c34a1a1c1eece7173ca3504ec2e72b1bc3987366ed7b729f3,goodware_balanced__everyday__6875a1e27e9f4d4c34a1a1c1eece7173ca3504ec2e72b1bc3987366ed7b729f3,balanced_goodware,0,libreoffice,train,train,x64,everyday,unified_goodware_balanced
687d6702539b74eecba5c5433ef5f72c338b86d7af1e765ee785354478e8f2ce,goodware_balanced__everyday__687d6702539b74eecba5c5433ef5f72c338b86d7af1e765ee785354478e8f2ce,balanced_goodware,0,kicad,train,train,x64,everyday,unified_goodware_balanced
68e60b9c4b09ca7183339cf22d11a651719680437188bf62537f7389171649e3,goodware_balanced__everyday__68e60b9c4b09ca7183339cf22d11a651719680437188bf62537f7389171649e3,balanced_goodware,0,obs,train,train,x64,everyday,unified_goodware_balanced
696acdbfa6d75530d59012ae2cbba999983a969d2dff4a65e0e04efcaa1b1c2a,goodware_balanced__everyday__696acdbfa6d75530d59012ae2cbba999983a969d2dff4a65e0e04efcaa1b1c2a,balanced_goodware,0,freecad,train,train,x64,everyday,unified_goodware_balanced
69a2377617b0a0a9434313b51547a2658bb666de2127d6a77d3952c6c0283dac,goodware_balanced__everyday__69a2377617b0a0a9434313b51547a2658bb666de2127d6a77d3952c6c0283dac,balanced_goodware,0,krita,train,train,x64,everyday,unified_goodware_balanced
69d66b368c3c1a1840da868c988e7ba6ed7f747c8d49216178f37511bae0e081,goodware_balanced__everyday__69d66b368c3c1a1840da868c988e7ba6ed7f747c8d49216178f37511bae0e081,balanced_goodware,0,freecad,train,train,x64,everyday,unified_goodware_balanced
6a99bc0128e0c7d6cbbf615fcc26909565e17d4ca3451b97f8987f9c6acbc6c8,goodware_balanced__everyday__6a99bc0128e0c7d6cbbf615fcc26909565e17d4ca3451b97f8987f9c6acbc6c8,balanced_goodware,0,rstudio,train,train,x64,everyday,unified_goodware_balanced
6af1a06197d34d27c1ff9c1c4eba9eddaef1c380f0cc9f19e6f09aed0b130c7f,goodware_balanced__everyday__6af1a06197d34d27c1ff9c1c4eba9eddaef1c380f0cc9f19e6f09aed0b130c7f,balanced_goodware,0,kicad,train,train,x64,everyday,unified_goodware_balanced
6b3ac1943e77ac212ad8b41929d15f8bd6bac06b065c4e264f1bfcac5b9c75d9,goodware_balanced__everyday__6b3ac1943e77ac212ad8b41929d15f8bd6bac06b065c4e264f1bfcac5b9c75d9,balanced_goodware,0,obs,train,train,x64,everyday,unified_goodware_balanced
6b5a9a46f9eb79f98b5b52f2e160205f59cb57359d73ce979160a3e014ee064d,goodware_balanced__everyday__6b5a9a46f9eb79f98b5b52f2e160205f59cb57359d73ce979160a3e014ee064d,balanced_goodware,0,libreoffice,train,train,x64,everyday,unified_goodware_balanced
6b7e36c089194347be1bea5fea08dc97316f2181e40427e7e2867ad7ba3906a0,goodware_balanced__everyday__6b7e36c089194347be1bea5fea08dc97316f2181e40427e7e2867ad7ba3906a0,balanced_goodware,0,irfanview,test,test,x64,everyday,unified_goodware_balanced
6bde065129ff325b375674497139df36c65dfd55e16303c4872b244e32b3a681,goodware_balanced__everyday__6bde065129ff325b375674497139df36c65dfd55e16303c4872b244e32b3a681,balanced_goodware,0,freecad,train,train,x64,everyday,unified_goodware_balanced
6d1657e08318630738fb0841ee28bbe7272b41b3b2ef93adaa228c4cd10092c6,goodware_balanced__everyday__6d1657e08318630738fb0841ee28bbe7272b41b3b2ef93adaa228c4cd10092c6,balanced_goodware,0,inkscape,train,train,x64,everyday,unified_goodware_balanced
6d260ed82396f6ea290e61c9f67ebaf0af0f3a8015d35dc878ce41bdf13ff798,goodware_balanced__everyday__6d260ed82396f6ea290e61c9f67ebaf0af0f3a8015d35dc878ce41bdf13ff798,balanced_goodware,0,sysinternals,val,train,x64,everyday,unified_goodware_balanced
6d3a6cde6fc4d3c79aabf785c04d2736a3e2fd9b0366c9b741f054a13ecd939e,goodware_balanced__everyday__6d3a6cde6fc4d3c79aabf785c04d2736a3e2fd9b0366c9b741f054a13ecd939e,balanced_goodware,0,zotero,test,test,x64,everyday,unified_goodware_balanced
6d49ed806389b4892bcf29c6ed6e3984e06aa0d608bd5494db19d1b9c5feb2c5,goodware_balanced__everyday__6d49ed806389b4892bcf29c6ed6e3984e06aa0d608bd5494db19d1b9c5feb2c5,balanced_goodware,0,inkscape,train,train,x64,everyday,unified_goodware_balanced
6d5637104c46831b0dda78deb396dd54cda34edc63af62cc3511caf56339a830,goodware_balanced__everyday__6d5637104c46831b0dda78deb396dd54cda34edc63af62cc3511caf56339a830,balanced_goodware,0,inkscape,train,train,x64,everyday,unified_goodware_balanced
6dd5e26f75020796e687cf8ef7e0b9e8a17a64b15457292bbe4dc39f9b913b14,goodware_balanced__everyday__6dd5e26f75020796e687cf8ef7e0b9e8a17a64b15457292bbe4dc39f9b913b14,balanced_goodware,0,rstudio,train,train,x64,everyday,unified_goodware_balanced
6e49d218cb7fc8ac831e141954a9a14635f558362a2edd156d06a84e2e10dfc8,goodware_balanced__everyday__6e49d218cb7fc8ac831e141954a9a14635f558362a2edd156d06a84e2e10dfc8,balanced_goodware,0,scribus,train,train,x64,everyday,unified_goodware_balanced
6e8e3df539bfa37730086700b835bb0a881f42383997c15adf5d0f52e9f74e20,goodware_balanced__everyday__6e8e3df539bfa37730086700b835bb0a881f42383997c15adf5d0f52e9f74e20,balanced_goodware,0,inkscape,train,train,x64,everyday,unified_goodware_balanced
6f7cc1a6170b2740710dd08376eefb1c09a33de340e009da892d803087290658,goodware_balanced__everyday__6f7cc1a6170b2740710dd08376eefb1c09a33de340e009da892d803087290658,balanced_goodware,0,kicad,train,train,x64,everyday,unified_goodware_balanced
70117e56a644c1ade3edbeda85ebbe78d5a8441342868165fd4ebbdbe891edd0,goodware_balanced__everyday__70117e56a644c1ade3edbeda85ebbe78d5a8441342868165fd4ebbdbe891edd0,balanced_goodware,0,inkscape,train,train,x64,everyday,unified_goodware_balanced
715a9b58de0995d1a08384c522ad9af210e2791aaf8e87a6c07bfe72ebfd2cb5,goodware_balanced__everyday__715a9b58de0995d1a08384c522ad9af210e2791aaf8e87a6c07bfe72ebfd2cb5,balanced_goodware,0,notepadpp,train,train,x86,everyday,unified_goodware_balanced
7182838d8cd59d624665a905879b5d8ab328a41fd8e91664ddb490e9d37cc2ad,goodware_balanced__everyday__7182838d8cd59d624665a905879b5d8ab328a41fd8e91664ddb490e9d37cc2ad,balanced_goodware,0,obs,train,train,x64,everyday,unified_goodware_balanced
71c5829b83ef3afa5a1b515163fde317cb16dbb68c00aa0b118bd59bdc315bc3,goodware_balanced__everyday__71c5829b83ef3afa5a1b515163fde317cb16dbb68c00aa0b118bd59bdc315bc3,balanced_goodware,0,krita,train,train,x64,everyday,unified_goodware_balanced
722d0b74306317389621eb6515e2d744995958c4a706bec1b7494feedbd8a4eb,goodware_balanced__everyday__722d0b74306317389621eb6515e2d744995958c4a706bec1b7494feedbd8a4eb,balanced_goodware,0,krita,train,train,x64,everyday,unified_goodware_balanced
72f789134e9844da5f5efdf5b7780a12ca50c19ea078d9264dc5c4fb81403370,goodware_balanced__everyday__72f789134e9844da5f5efdf5b7780a12ca50c19ea078d9264dc5c4fb81403370,balanced_goodware,0,obs,train,train,x64,everyday,unified_goodware_balanced
72ffe8859eaa63637f5a62b7c454241db35938f8326f6ccf20352e00f8df2fe5,goodware_balanced__everyday__72ffe8859eaa63637f5a62b7c454241db35938f8326f6ccf20352e00f8df2fe5,balanced_goodware,0,steam,test,test,x86,everyday,unified_goodware_balanced
734465cfa6c18eeeff0acc122cbb1d6caf1b3644f195e1794b35f5cbfe86d906,goodware_balanced__everyday__734465cfa6c18eeeff0acc122cbb1d6caf1b3644f195e1794b35f5cbfe86d906,balanced_goodware,0,rstudio,train,train,x64,everyday,unified_goodware_balanced
73e75f5790a76c42e71db5b58e34086a3e9b224aa69669f76d41ff20e4167954,goodware_balanced__everyday__73e75f5790a76c42e71db5b58e34086a3e9b224aa69669f76d41ff20e4167954,balanced_goodware,0,zotero,test,test,x64,everyday,unified_goodware_balanced
751656c6a24637ea10418f048c2fdf00ccaf799ff85087e4e63a26fafa5e5b46,goodware_balanced__everyday__751656c6a24637ea10418f048c2fdf00ccaf799ff85087e4e63a26fafa5e5b46,balanced_goodware,0,sysinternals,val,train,x64,everyday,unified_goodware_balanced
75f12ea2f30d9c0d872dade345f30f562e6d93847b6a509ba53beec6d0b2c346,goodware_balanced__everyday__75f12ea2f30d9c0d872dade345f30f562e6d93847b6a509ba53beec6d0b2c346,balanced_goodware,0,scribus,train,train,x86,everyday,unified_goodware_balanced
760cddfa3524baf2ddec6a0e8c93644c53746bb63faa9994bc9b7476e8b6637b,goodware_balanced__everyday__760cddfa3524baf2ddec6a0e8c93644c53746bb63faa9994bc9b7476e8b6637b,balanced_goodware,0,inkscape,train,train,x64,everyday,unified_goodware_balanced
760df89c2341f9c39c0250c283cb9caad185244fd6b76e8157cdf49928dc1d8e,goodware_balanced__everyday__760df89c2341f9c39c0250c283cb9caad185244fd6b76e8157cdf49928dc1d8e,balanced_goodware,0,notepadpp,train,train,x86,everyday,unified_goodware_balanced
76159a7754da8c75446b0e0b2dde38601ff6256def2be0d9719a4353c786dd0b,goodware_balanced__everyday__76159a7754da8c75446b0e0b2dde38601ff6256def2be0d9719a4353c786dd0b,balanced_goodware,0,obs,train,train,x64,everyday,unified_goodware_balanced
7686adc66fbdde37ff8bae190474d109e0d921369a68123e56f1486fda7f6d26,goodware_balanced__everyday__7686adc66fbdde37ff8bae190474d109e0d921369a68123e56f1486fda7f6d26,balanced_goodware,0,kicad,train,train,x64,everyday,unified_goodware_balanced
768f0109131e5066982a394e380eb990346119b96a1fb775090d5263027fe322,goodware_balanced__everyday__768f0109131e5066982a394e380eb990346119b96a1fb775090d5263027fe322,balanced_goodware,0,scribus,train,train,x64,everyday,unified_goodware_balanced
76acc1bdeb9de3e890c981ac8f7006363f243c199aa832e3ea8b811dca64015e,goodware_balanced__everyday__76acc1bdeb9de3e890c981ac8f7006363f243c199aa832e3ea8b811dca64015e,balanced_goodware,0,obs,train,train,x64,everyday,unified_goodware_balanced
76c377efbe82610fe1fa04bfd798d7f6fb5911218b670b19cecb7f9f2cd0dd01,goodware_balanced__everyday__76c377efbe82610fe1fa04bfd798d7f6fb5911218b670b19cecb7f9f2cd0dd01,balanced_goodware,0,libreoffice,train,train,x64,everyday,unified_goodware_balanced
77c04fd489f5c9dbc7eac08a21c34d2ac5603bd6e4db365a89c1bc690f2e06aa,goodware_balanced__everyday__77c04fd489f5c9dbc7eac08a21c34d2ac5603bd6e4db365a89c1bc690f2e06aa,balanced_goodware,0,scribus,train,train,x64,everyday,unified_goodware_balanced
77e039c905030a641e53658a008b74e90635a5ea9b6b79eabd0f2003bdfca59a,goodware_balanced__everyday__77e039c905030a641e53658a008b74e90635a5ea9b6b79eabd0f2003bdfca59a,balanced_goodware,0,rstudio,train,train,x64,everyday,unified_goodware_balanced
781b3d83fab8020b78bfb9cda56fe32903de6edc8ed414e8bdbcb80912427486,goodware_balanced__everyday__781b3d83fab8020b78bfb9cda56fe32903de6edc8ed414e8bdbcb80912427486,balanced_goodware,0,freecad,train,train,x64,everyday,unified_goodware_balanced
786bdb932eed3feb588ba6957d277273a19367cc678e79c628ea7b31cade49d9,goodware_balanced__everyday__786bdb932eed3feb588ba6957d277273a19367cc678e79c628ea7b31cade49d9,balanced_goodware,0,obs,train,train,x64,everyday,unified_goodware_balanced
786d92b9457a1122dec26bcd4354e79af03eb7678a00d4dd930c32662a7d7209,goodware_balanced__everyday__786d92b9457a1122dec26bcd4354e79af03eb7678a00d4dd930c32662a7d7209,balanced_goodware,0,sysinternals,val,train,x64,everyday,unified_goodware_balanced
78813d3bce1e5e9c9d0c65b1a7ff07ed0645927005a36e104bddaa89374f1d84,goodware_balanced__everyday__78813d3bce1e5e9c9d0c65b1a7ff07ed0645927005a36e104bddaa89374f1d84,balanced_goodware,0,kicad,train,train,x64,everyday,unified_goodware_balanced
788ed0c535937ede89722d9352e9a3bcc0234879b60816828ca7b95b10bd5082,goodware_balanced__everyday__788ed0c535937ede89722d9352e9a3bcc0234879b60816828ca7b95b10bd5082,balanced_goodware,0,obs,train,train,x64,everyday,unified_goodware_balanced
793f0c844a2a40bf86d1d9b885e3474f884a3d0d51f9900e0eb02de69b05d1d3,goodware_balanced__everyday__793f0c844a2a40bf86d1d9b885e3474f884a3d0d51f9900e0eb02de69b05d1d3,balanced_goodware,0,inkscape,train,train,x64,everyday,unified_goodware_balanced
7954a8bbeb1f650bb5d2b8c4c6b642fd4585319d2092433ca841c7d672a4634b,goodware_balanced__everyday__7954a8bbeb1f650bb5d2b8c4c6b642fd4585319d2092433ca841c7d672a4634b,balanced_goodware,0,sysinternals,val,train,x64,everyday,unified_goodware_balanced
79ed6d2a983cc93a7ad6b96eb9d0fae21871988a2823cce11d4060ace35753fb,goodware_balanced__everyday__79ed6d2a983cc93a7ad6b96eb9d0fae21871988a2823cce11d4060ace35753fb,balanced_goodware,0,obs,train,train,x64,everyday,unified_goodware_balanced
7a319ffaba23a017d7b1e18ba726ba6c54c53d6446db55f92af53c279894f8ad,goodware_balanced__everyday__7a319ffaba23a017d7b1e18ba726ba6c54c53d6446db55f92af53c279894f8ad,balanced_goodware,0,libreoffice,train,train,x64,everyday,unified_goodware_balanced
7aa3767c02de958cbe2fc49ac3613059dd11879626d8811d282cefade2c91c84,goodware_balanced__everyday__7aa3767c02de958cbe2fc49ac3613059dd11879626d8811d282cefade2c91c84,balanced_goodware,0,freecad,train,train,x64,everyday,unified_goodware_balanced
7b2a949bf460fb37a3888c9048698f43222a185a48323023df1c51e78a3ca1c2,goodware_balanced__everyday__7b2a949bf460fb37a3888c9048698f43222a185a48323023df1c51e78a3ca1c2,balanced_goodware,0,notepadpp,train,train,x86,everyday,unified_goodware_balanced
7b646dbccb20d5eb8c977735d3d69ea449395f8d79fdbe28bf8988b46e0ede80,goodware_balanced__everyday__7b646dbccb20d5eb8c977735d3d69ea449395f8d79fdbe28bf8988b46e0ede80,balanced_goodware,0,sysinternals,val,train,x64,everyday,unified_goodware_balanced
7b6ace9e528bf946ca544cc54ea94d4a0b892d853c300397c6868229616a639a,goodware_balanced__everyday__7b6ace9e528bf946ca544cc54ea94d4a0b892d853c300397c6868229616a639a,balanced_goodware,0,vim,train,train,x86,everyday,unified_goodware_balanced
7ba47558c99e18c2c6449be804b5e765c48d3a70ceaa04c1e0fae67ff1d7178d,goodware_balanced__everyday__7ba47558c99e18c2c6449be804b5e765c48d3a70ceaa04c1e0fae67ff1d7178d,balanced_goodware,0,sysinternals,val,train,x64,everyday,unified_goodware_balanced
7bd7a81f491ff14e3d3519f8e7b66d75e73536100e257f31c2c746a47f55f36d,goodware_balanced__everyday__7bd7a81f491ff14e3d3519f8e7b66d75e73536100e257f31c2c746a47f55f36d,balanced_goodware,0,krita,train,train,x64,everyday,unified_goodware_balanced
7ca4466b2c0d7345792bc3fadf1603cf09e91cf1e4414fffbd78dae60e69c639,goodware_balanced__everyday__7ca4466b2c0d7345792bc3fadf1603cf09e91cf1e4414fffbd78dae60e69c639,balanced_goodware,0,freecad,train,train,x64,everyday,unified_goodware_balanced
7d3654531c32d941b8cae81c4137fc542172bfa9635f169cb392f245a0a12bcb,goodware_balanced__everyday__7d3654531c32d941b8cae81c4137fc542172bfa9635f169cb392f245a0a12bcb,balanced_goodware,0,steam,test,test,x86,everyday,unified_goodware_balanced
7d68569e0eb3efa4313761786ce8ba156a2f400da350c1559ab119fdab0ca606,goodware_balanced__everyday__7d68569e0eb3efa4313761786ce8ba156a2f400da350c1559ab119fdab0ca606,balanced_goodware,0,freecad,train,train,x64,everyday,unified_goodware_balanced
7db32397945600deb50f217d8e246008fffbf89be78a696475ea26c8aa30bba9,goodware_balanced__everyday__7db32397945600deb50f217d8e246008fffbf89be78a696475ea26c8aa30bba9,balanced_goodware,0,krita,train,train,x64,everyday,unified_goodware_balanced
7de5743f68d9bd6cff0fb8021c22d4069e2e993d97735db0ef65756ff915f39c,goodware_balanced__everyday__7de5743f68d9bd6cff0fb8021c22d4069e2e993d97735db0ef65756ff915f39c,balanced_goodware,0,rstudio,train,train,x86,everyday,unified_goodware_balanced
7e0f8a08715e5b2a4d983e7f85ddce27128cb52f2646826811b4cb1caadc4033,goodware_balanced__everyday__7e0f8a08715e5b2a4d983e7f85ddce27128cb52f2646826811b4cb1caadc4033,balanced_goodware,0,libreoffice,train,train,x64,everyday,unified_goodware_balanced
7f0734fdf277db336a6fd955c6eed19207706c5a38d03ec8edb4f662ccd78d3d,goodware_balanced__everyday__7f0734fdf277db336a6fd955c6eed19207706c5a38d03ec8edb4f662ccd78d3d,balanced_goodware,0,krita,train,train,x64,everyday,unified_goodware_balanced
7f1115edffe53e5f02bb12e6cb63c46a6e3613490a05333556ac4f78a152d921,goodware_balanced__everyday__7f1115edffe53e5f02bb12e6cb63c46a6e3613490a05333556ac4f78a152d921,balanced_goodware,0,rstudio,train,train,x64,everyday,unified_goodware_balanced
7fa6bd73d7ba4dcb77c269140a1dcb41c60dd37aaae646e56f9a8e29f94245f2,goodware_balanced__everyday__7fa6bd73d7ba4dcb77c269140a1dcb41c60dd37aaae646e56f9a8e29f94245f2,balanced_goodware,0,irfanview,test,test,x64,everyday,unified_goodware_balanced
7fa8de3266307de0a84b9d5705e381aa6649fbdb25821712ffef4570d6de18a1,goodware_balanced__everyday__7fa8de3266307de0a84b9d5705e381aa6649fbdb25821712ffef4570d6de18a1,balanced_goodware,0,libreoffice,train,train,x64,everyday,unified_goodware_balanced
7ffdf12b0c6cf284feb655813d2dd96e663210c94cc38f11422846756886b29e,goodware_balanced__everyday__7ffdf12b0c6cf284feb655813d2dd96e663210c94cc38f11422846756886b29e,balanced_goodware,0,freecad,train,train,x64,everyday,unified_goodware_balanced
802481856055f72b1ba329444667e6019511d9e9783b7fa32832d524601951b3,goodware_balanced__everyday__802481856055f72b1ba329444667e6019511d9e9783b7fa32832d524601951b3,balanced_goodware,0,krita,train,train,x64,everyday,unified_goodware_balanced
80ec395c2c5ad8b9728784d6aec611e0ce7a5ddefebef093235b420fdb74a7ab,goodware_balanced__everyday__80ec395c2c5ad8b9728784d6aec611e0ce7a5ddefebef093235b420fdb74a7ab,balanced_goodware,0,rstudio,train,train,x86,everyday,unified_goodware_balanced
80f31c467ca03c29dfdbeffb4f13f66160d77859b21463b8a0f50b3bcf1abbd2,goodware_balanced__everyday__80f31c467ca03c29dfdbeffb4f13f66160d77859b21463b8a0f50b3bcf1abbd2,balanced_goodware,0,vim,train,train,x64,everyday,unified_goodware_balanced
812329369de17fc76c802b0f6b60dc0c1c955cf13673f815d79f3b4ca2dd3e93,goodware_balanced__everyday__812329369de17fc76c802b0f6b60dc0c1c955cf13673f815d79f3b4ca2dd3e93,balanced_goodware,0,gitextensions,test,test,x86,everyday,unified_goodware_balanced
81a618f21cb87db9076134e70388b6e9cb7c2106739011b6a51772d22cae06b7,goodware_balanced__everyday__81a618f21cb87db9076134e70388b6e9cb7c2106739011b6a51772d22cae06b7,balanced_goodware,0,libreoffice,train,train,x64,everyday,unified_goodware_balanced
81ebd897b788a2dc7893df7c06e46f50675c4bfb554394cf20ddef1d3e454fad,goodware_balanced__everyday__81ebd897b788a2dc7893df7c06e46f50675c4bfb554394cf20ddef1d3e454fad,balanced_goodware,0,freecad,train,train,x64,everyday,unified_goodware_balanced
824ed5cdcd7512f3edab94d28f7fa072353b4e0afebb14e4e08a6793686890ac,goodware_balanced__everyday__824ed5cdcd7512f3edab94d28f7fa072353b4e0afebb14e4e08a6793686890ac,balanced_goodware,0,obs,train,train,x64,everyday,unified_goodware_balanced
8287727077bea370814add8b664568790b1453db772ed15b463467436eaef08d,goodware_balanced__everyday__8287727077bea370814add8b664568790b1453db772ed15b463467436eaef08d,balanced_goodware,0,kicad,train,train,x64,everyday,unified_goodware_balanced
8427b1fc58ec707813e5c0a51eb5d69397bb333250a7b891be4d3b123f1e0f1c,goodware_balanced__everyday__8427b1fc58ec707813e5c0a51eb5d69397bb333250a7b891be4d3b123f1e0f1c,balanced_goodware,0,kicad,train,train,x64,everyday,unified_goodware_balanced
843068991daaa1f73ad9f6239bce4d0f6a07a51f18c37ea2a867e9beca71295c,goodware_balanced__everyday__843068991daaa1f73ad9f6239bce4d0f6a07a51f18c37ea2a867e9beca71295c,balanced_goodware,0,libreoffice,train,train,x86,everyday,unified_goodware_balanced
84c22579ca09f4fd8a8d9f56a6348c4ad2a92d4722c9f1213dd73c2f68a381e3,goodware_balanced__everyday__84c22579ca09f4fd8a8d9f56a6348c4ad2a92d4722c9f1213dd73c2f68a381e3,balanced_goodware,0,sysinternals,val,train,x86,everyday,unified_goodware_balanced
84d4b083a25d9365a969b7de20a0bdc7f1ae04f5ce3eefc4517ca1b13c308d1d,goodware_balanced__everyday__84d4b083a25d9365a969b7de20a0bdc7f1ae04f5ce3eefc4517ca1b13c308d1d,balanced_goodware,0,sysinternals,val,train,x64,everyday,unified_goodware_balanced
84fe7824717bb55d7f32c7487e37012a1bc6cd4c8c0202be4bfb07e770f8dc51,goodware_balanced__everyday__84fe7824717bb55d7f32c7487e37012a1bc6cd4c8c0202be4bfb07e770f8dc51,balanced_goodware,0,scribus,train,train,x64,everyday,unified_goodware_balanced
8516a2f5e51b74c22965a114bb9c5c99685ca19e89af59a2e377bc27eb6b6858,goodware_balanced__everyday__8516a2f5e51b74c22965a114bb9c5c99685ca19e89af59a2e377bc27eb6b6858,balanced_goodware,0,freecad,train,train,x64,everyday,unified_goodware_balanced
852833f138f403a36508be7ef2c23d35ea495a1af538431a325e7e70c8559924,goodware_balanced__everyday__852833f138f403a36508be7ef2c23d35ea495a1af538431a325e7e70c8559924,balanced_goodware,0,gitextensions,test,test,x86,everyday,unified_goodware_balanced
858699b20e9942b1daba2c79a62d66eceae6e19cbb2a4675b6be9e05258862c5,goodware_balanced__everyday__858699b20e9942b1daba2c79a62d66eceae6e19cbb2a4675b6be9e05258862c5,balanced_goodware,0,inkscape,train,train,x64,everyday,unified_goodware_balanced
85dae1e95d77845f2cb59bcac3d4afe74bbe4c91a9bcc5bf4a71cd43104dbe7c,goodware_balanced__everyday__85dae1e95d77845f2cb59bcac3d4afe74bbe4c91a9bcc5bf4a71cd43104dbe7c,balanced_goodware,0,libreoffice,train,train,x86,everyday,unified_goodware_balanced
85eab30be67a554ccda5e708d6820b84b74afc9d4da517bd471d95cab23380d6,goodware_balanced__everyday__85eab30be67a554ccda5e708d6820b84b74afc9d4da517bd471d95cab23380d6,balanced_goodware,0,sysinternals,val,train,x64,everyday,unified_goodware_balanced
865a915f0316e8cda6978ac2275931bc6c1efa427b8f89923dadc40ad7308f5c,goodware_balanced__everyday__865a915f0316e8cda6978ac2275931bc6c1efa427b8f89923dadc40ad7308f5c,balanced_goodware,0,zotero,test,test,x64,everyday,unified_goodware_balanced
86882c66a83b12f18f68b31c6ccf8ebd19bb88b0379a7291e7849fc0497f18b4,goodware_balanced__everyday__86882c66a83b12f18f68b31c6ccf8ebd19bb88b0379a7291e7849fc0497f18b4,balanced_goodware,0,krita,train,train,x64,everyday,unified_goodware_balanced
868b46ba50ee031b42214da5b967cf60dee4758f1282e2f3add9941b177289c3,goodware_balanced__everyday__868b46ba50ee031b42214da5b967cf60dee4758f1282e2f3add9941b177289c3,balanced_goodware,0,freecad,train,train,x64,everyday,unified_goodware_balanced
876ef593d3faeb62f8422b9f1dcbd62ae1a94147b9586590e39307cb3fba102d,goodware_balanced__everyday__876ef593d3faeb62f8422b9f1dcbd62ae1a94147b9586590e39307cb3fba102d,balanced_goodware,0,obs,train,train,x64,everyday,unified_goodware_balanced
87bf8a8331691b32cf6c8e9b282c9c2a825ed0b83eba0f24e539f667c042684e,goodware_balanced__everyday__87bf8a8331691b32cf6c8e9b282c9c2a825ed0b83eba0f24e539f667c042684e,balanced_goodware,0,obs,train,train,x64,everyday,unified_goodware_balanced
894aeebd244459f700c03f17371ebe1ccd9b8f90533910cfd713a01cfd6a4d39,goodware_balanced__everyday__894aeebd244459f700c03f17371ebe1ccd9b8f90533910cfd713a01cfd6a4d39,balanced_goodware,0,obs,train,train,x64,everyday,unified_goodware_balanced
899bb0f0943869fa43f098b8fc9fe85ee96f6340ebc3d962261c157d8ed05943,goodware_balanced__everyday__899bb0f0943869fa43f098b8fc9fe85ee96f6340ebc3d962261c157d8ed05943,balanced_goodware,0,freecad,train,train,x64,everyday,unified_goodware_balanced
89c930d2e4482799f4f0f040b994c457310912ed1bbf2a4b61e58cc98f31f0d5,goodware_balanced__everyday__89c930d2e4482799f4f0f040b994c457310912ed1bbf2a4b61e58cc98f31f0d5,balanced_goodware,0,rstudio,train,train,x86,everyday,unified_goodware_balanced
89da22d247d2a0efcb9b90184d9924b6a786ba934b50f2400b0130232293986d,goodware_balanced__everyday__89da22d247d2a0efcb9b90184d9924b6a786ba934b50f2400b0130232293986d,balanced_goodware,0,obs,train,train,x64,everyday,unified_goodware_balanced
8a37f041468f5da24cf7903fa8f0ff5cb685e760c619c707b398b2fe921dbbfa,goodware_balanced__everyday__8a37f041468f5da24cf7903fa8f0ff5cb685e760c619c707b398b2fe921dbbfa,balanced_goodware,0,libreoffice,train,train,x64,everyday,unified_goodware_balanced
8ae9f16a72441f43fb4ae8f72c843736726e067ea4a8def2646748631cc4e872,goodware_balanced__everyday__8ae9f16a72441f43fb4ae8f72c843736726e067ea4a8def2646748631cc4e872,balanced_goodware,0,vlc,train,train,x64,everyday,unified_goodware_balanced
8aeb65065da88d9c3919189871ee5508d8252aebe01cec8bcd82518d292fd3d4,goodware_balanced__everyday__8aeb65065da88d9c3919189871ee5508d8252aebe01cec8bcd82518d292fd3d4,balanced_goodware,0,obs,train,train,x64,everyday,unified_goodware_balanced
8b9d033bbca0de67c45d4d9ec856d09c36973f19bc79b62bb13697d922f2c08b,goodware_balanced__everyday__8b9d033bbca0de67c45d4d9ec856d09c36973f19bc79b62bb13697d922f2c08b,balanced_goodware,0,kicad,train,train,x64,everyday,unified_goodware_balanced
8bf0d5a2bca0bbb09de532f8d8694928c978d9862aa8064f3b9a09058aaca9a4,goodware_balanced__everyday__8bf0d5a2bca0bbb09de532f8d8694928c978d9862aa8064f3b9a09058aaca9a4,balanced_goodware,0,vlc,train,train,x64,everyday,unified_goodware_balanced
8c532c9d5a2b47fdc870b63ac4179e60af51826a571191a7a9193d766ac49aa0,goodware_balanced__everyday__8c532c9d5a2b47fdc870b63ac4179e60af51826a571191a7a9193d766ac49aa0,balanced_goodware,0,kicad,train,train,x64,everyday,unified_goodware_balanced
8c579cb72ee8a2c2a4996f96d8a513ce8ce0e7607786866499f0099ac446754b,goodware_balanced__everyday__8c579cb72ee8a2c2a4996f96d8a513ce8ce0e7607786866499f0099ac446754b,balanced_goodware,0,zotero,test,test,x64,everyday,unified_goodware_balanced
8c9d0d38f521e86a780ae9b2a7c222ee14aad597dbe85a05b9241a9a52782aed,goodware_balanced__everyday__8c9d0d38f521e86a780ae9b2a7c222ee14aad597dbe85a05b9241a9a52782aed,balanced_goodware,0,foobar2000,train,train,x64,everyday,unified_goodware_balanced
8d3bd71754d3d76621b1e0f04014214b047222d236a61420921ea53c555d5cdd,goodware_balanced__everyday__8d3bd71754d3d76621b1e0f04014214b047222d236a61420921ea53c555d5cdd,balanced_goodware,0,zotero,test,test,x64,everyday,unified_goodware_balanced
8d94f8d6904ae4afc282599155aeba84d29163c00aa36bbe6c314bef4a40e27b,goodware_balanced__everyday__8d94f8d6904ae4afc282599155aeba84d29163c00aa36bbe6c314bef4a40e27b,balanced_goodware,0,sysinternals,val,train,x64,everyday,unified_goodware_balanced
8d950068f46a04e77ad6637c680cccf5d703a1828fbd6bdca513268af4f2170f,goodware_balanced__everyday__8d950068f46a04e77ad6637c680cccf5d703a1828fbd6bdca513268af4f2170f,balanced_goodware,0,sysinternals,val,train,x64,everyday,unified_goodware_balanced
8eb731da34fe70fbf36239ca5292f92d5f44004ed4d9d10827421454de8c27a9,goodware_balanced__everyday__8eb731da34fe70fbf36239ca5292f92d5f44004ed4d9d10827421454de8c27a9,balanced_goodware,0,inkscape,train,train,x64,everyday,unified_goodware_balanced
8f3ae18547929e4fa48756747cad8836b1efd9b2a17c593f4df8b3f0120dba9a,goodware_balanced__everyday__8f3ae18547929e4fa48756747cad8836b1efd9b2a17c593f4df8b3f0120dba9a,balanced_goodware,0,scribus,train,train,x64,everyday,unified_goodware_balanced
8f9c4dfea5243517b5a3c54254ce5afecc1d0c3c0974034faf71d4c4d74038e8,goodware_balanced__everyday__8f9c4dfea5243517b5a3c54254ce5afecc1d0c3c0974034faf71d4c4d74038e8,balanced_goodware,0,rstudio,train,train,x64,everyday,unified_goodware_balanced
901437548ad4fc7f62bc0401ac57ce04d04bf5eee309d06ac2545cdcc524fd72,goodware_balanced__everyday__901437548ad4fc7f62bc0401ac57ce04d04bf5eee309d06ac2545cdcc524fd72,balanced_goodware,0,inkscape,train,train,x64,everyday,unified_goodware_balanced
90788cc217e4f5e78ec988061552fcd1c1a3ab61c6df3de132aae606383fbc27,goodware_balanced__everyday__90788cc217e4f5e78ec988061552fcd1c1a3ab61c6df3de132aae606383fbc27,balanced_goodware,0,rstudio,train,train,x86,everyday,unified_goodware_balanced
90ab61a7aa3c626e4885e32f5ffa8d7d8ab0316515a9fdcbddcd8653b888c5e2,goodware_balanced__everyday__90ab61a7aa3c626e4885e32f5ffa8d7d8ab0316515a9fdcbddcd8653b888c5e2,balanced_goodware,0,freecad,train,train,x64,everyday,unified_goodware_balanced
90b317ca8f61756d730973c833948cfe94bdcaa24b067597d95338a6195fd28b,goodware_balanced__everyday__90b317ca8f61756d730973c833948cfe94bdcaa24b067597d95338a6195fd28b,balanced_goodware,0,scribus,train,train,x64,everyday,unified_goodware_balanced
90c94d307c47389db58f59770c05b362e697ac1d6195172571a7cf0cc8929138,goodware_balanced__everyday__90c94d307c47389db58f59770c05b362e697ac1d6195172571a7cf0cc8929138,balanced_goodware,0,inkscape,train,train,x64,everyday,unified_goodware_balanced
90ed0bed4c4ad50d2ad75e96f3cf4c6613c0f8fac8f99778faff4ce72be970d6,goodware_balanced__everyday__90ed0bed4c4ad50d2ad75e96f3cf4c6613c0f8fac8f99778faff4ce72be970d6,balanced_goodware,0,irfanview,test,test,x64,everyday,unified_goodware_balanced
9147871f31a59592b9aa541664a26ff011a7efdf7b7c40ca075fc8caadac8952,goodware_balanced__everyday__9147871f31a59592b9aa541664a26ff011a7efdf7b7c40ca075fc8caadac8952,balanced_goodware,0,kicad,train,train,x64,everyday,unified_goodware_balanced
91a0ccadff6431b58efd02cca64b36bef547d634d79566b9b019232d441b06ee,goodware_balanced__everyday__91a0ccadff6431b58efd02cca64b36bef547d634d79566b9b019232d441b06ee,balanced_goodware,0,obs,train,train,x64,everyday,unified_goodware_balanced
91a484dc79be64dd11bf5acb62c893e57505fcd8809483aa92b04f10d81f9de0,goodware_balanced__everyday__91a484dc79be64dd11bf5acb62c893e57505fcd8809483aa92b04f10d81f9de0,balanced_goodware,0,steam,test,test,x86,everyday,unified_goodware_balanced
9293164d5c1b5b714b62a76ba7ebf13b00216335d69fc85e2a7c2d7b03f35b0c,goodware_balanced__everyday__9293164d5c1b5b714b62a76ba7ebf13b00216335d69fc85e2a7c2d7b03f35b0c,balanced_goodware,0,rstudio,train,train,x86,everyday,unified_goodware_balanced
936f611c2129600d35ab7aad45546a837f4f3a9ca7f673e5d66b48c313b9cd75,goodware_balanced__everyday__936f611c2129600d35ab7aad45546a837f4f3a9ca7f673e5d66b48c313b9cd75,balanced_goodware,0,vim,train,train,x64,everyday,unified_goodware_balanced
937beb296965968386664ae8dd01bcdcbf351983303b508adaf7320abc5a0db9,goodware_balanced__everyday__937beb296965968386664ae8dd01bcdcbf351983303b508adaf7320abc5a0db9,balanced_goodware,0,rstudio,train,train,x64,everyday,unified_goodware_balanced
93822008bc163b0538f67a143d3207cfbed19633671d60e6fad14853a0b44690,goodware_balanced__everyday__93822008bc163b0538f67a143d3207cfbed19633671d60e6fad14853a0b44690,balanced_goodware,0,vlc,train,train,x64,everyday,unified_goodware_balanced
939e96491916917bf44aa4a53b969940aba551977c25363d32bcf8b2ead3cf40,goodware_balanced__everyday__939e96491916917bf44aa4a53b969940aba551977c25363d32bcf8b2ead3cf40,balanced_goodware,0,kicad,train,train,x64,everyday,unified_goodware_balanced
94cf3e4bae925248a38f5947bbf2aa702fcb148a0e1ac9f8324dd22a2fbdd27d,goodware_balanced__everyday__94cf3e4bae925248a38f5947bbf2aa702fcb148a0e1ac9f8324dd22a2fbdd27d,balanced_goodware,0,inkscape,train,train,x64,everyday,unified_goodware_balanced
94f9507828d391cf96d700d34918114f1c1e03f91dd1243a19275e0435690925,goodware_balanced__everyday__94f9507828d391cf96d700d34918114f1c1e03f91dd1243a19275e0435690925,balanced_goodware,0,inkscape,train,train,x64,everyday,unified_goodware_balanced
9512fb24e612c4c2ca4e7e40c3fcf530d6ab1009aecb378d3df0322c2de0e092,goodware_balanced__everyday__9512fb24e612c4c2ca4e7e40c3fcf530d6ab1009aecb378d3df0322c2de0e092,balanced_goodware,0,scribus,train,train,x64,everyday,unified_goodware_balanced
951b1b5fd5cb13cde159cebc7c60465587e2061363d1d8847ab78b6c4fba7501,goodware_balanced__everyday__951b1b5fd5cb13cde159cebc7c60465587e2061363d1d8847ab78b6c4fba7501,balanced_goodware,0,sysinternals,val,train,x86,everyday,unified_goodware_balanced
95684d0a038fae94175039fa59433aed4116a194408fbf79ae499f301c6a8633,goodware_balanced__everyday__95684d0a038fae94175039fa59433aed4116a194408fbf79ae499f301c6a8633,balanced_goodware,0,kicad,train,train,x64,everyday,unified_goodware_balanced
9588e2c1fde90a8febce6d33df24fb6a8d7dfaafdd4c892b19f51033b390b42e,goodware_balanced__everyday__9588e2c1fde90a8febce6d33df24fb6a8d7dfaafdd4c892b19f51033b390b42e,balanced_goodware,0,inkscape,train,train,x64,everyday,unified_goodware_balanced
958aac5115c00a7e2fe560c1296d5d49d51c62e80b36f660d2b4ebb46a153179,goodware_balanced__everyday__958aac5115c00a7e2fe560c1296d5d49d51c62e80b36f660d2b4ebb46a153179,balanced_goodware,0,godot,train,train,x64,everyday,unified_goodware_balanced
95bc0771c37ab52e72fa7c7a64c060b8d4f665793dd3164d53784fa54c69ac31,goodware_balanced__everyday__95bc0771c37ab52e72fa7c7a64c060b8d4f665793dd3164d53784fa54c69ac31,balanced_goodware,0,scribus,train,train,x64,everyday,unified_goodware_balanced
9632a50b7ac4d1e798a9f85289e61161c4ef74577813d0290d77b311bac8664e,goodware_balanced__everyday__9632a50b7ac4d1e798a9f85289e61161c4ef74577813d0290d77b311bac8664e,balanced_goodware,0,freecad,train,train,x64,everyday,unified_goodware_balanced
96463308ff07c31f1bd768cb842b05c4965191cbf080eeadd3b34738d1816059,goodware_balanced__everyday__96463308ff07c31f1bd768cb842b05c4965191cbf080eeadd3b34738d1816059,balanced_goodware,0,obs,train,train,x64,everyday,unified_goodware_balanced
969d04a8f786750834ea01af8d409dc4199c5257702e9dc3c74d8afe7b328bb1,goodware_balanced__everyday__969d04a8f786750834ea01af8d409dc4199c5257702e9dc3c74d8afe7b328bb1,balanced_goodware,0,libreoffice,train,train,x64,everyday,unified_goodware_balanced
96fd9c39bccb3d2ba78551e004f68bba8b3c7906cf18c48cda690e6e0f319645,goodware_balanced__everyday__96fd9c39bccb3d2ba78551e004f68bba8b3c7906cf18c48cda690e6e0f319645,balanced_goodware,0,libreoffice,train,train,x64,everyday,unified_goodware_balanced
97f079606941a114890726485333a5097cda092adb13aca6cb25ce4de644ca87,goodware_balanced__everyday__97f079606941a114890726485333a5097cda092adb13aca6cb25ce4de644ca87,balanced_goodware,0,zotero,test,test,x64,everyday,unified_goodware_balanced
980e64020cfceb02652a2a08270b84b974f18f290e9cb798f5d46d3aa3a0ec94,goodware_balanced__everyday__980e64020cfceb02652a2a08270b84b974f18f290e9cb798f5d46d3aa3a0ec94,balanced_goodware,0,sysinternals,val,train,x86,everyday,unified_goodware_balanced
98720d8675036560545db93da0427b46361f565f7f517f77c11db7f72d9c8cdd,goodware_balanced__everyday__98720d8675036560545db93da0427b46361f565f7f517f77c11db7f72d9c8cdd,balanced_goodware,0,sysinternals,val,train,x64,everyday,unified_goodware_balanced
996645d7f16a6294babb6da83478062aed7b72318d7a51b66e90ab5d3edc51a5,goodware_balanced__everyday__996645d7f16a6294babb6da83478062aed7b72318d7a51b66e90ab5d3edc51a5,balanced_goodware,0,notepadpp,train,train,x86,everyday,unified_goodware_balanced
99c9f35f6621ebea4b4a30b90af3950ba400848d389b2134921abad8df1b4877,goodware_balanced__everyday__99c9f35f6621ebea4b4a30b90af3950ba400848d389b2134921abad8df1b4877,balanced_goodware,0,kicad,train,train,x64,everyday,unified_goodware_balanced
99edc411dc3b8ff301d174b7a72284fcd85b0d59fedd2fd9ac347206889ffbb7,goodware_balanced__everyday__99edc411dc3b8ff301d174b7a72284fcd85b0d59fedd2fd9ac347206889ffbb7,balanced_goodware,0,scribus,train,train,x64,everyday,unified_goodware_balanced
9a6d1f99da5dd08584c4fad06d2a77fa36304552a96d171a233b122bcf79a73a,goodware_balanced__everyday__9a6d1f99da5dd08584c4fad06d2a77fa36304552a96d171a233b122bcf79a73a,balanced_goodware,0,vim,train,train,x86,everyday,unified_goodware_balanced
9ab6ae787389abe110de9eb8189c1327e63904ca731cd10a422497177ebe7bc6,goodware_balanced__everyday__9ab6ae787389abe110de9eb8189c1327e63904ca731cd10a422497177ebe7bc6,balanced_goodware,0,kicad,train,train,x64,everyday,unified_goodware_balanced
9abb3942c6f78d78826592378940280e8e6855e0d624ca460207e3ce96d63b09,goodware_balanced__everyday__9abb3942c6f78d78826592378940280e8e6855e0d624ca460207e3ce96d63b09,balanced_goodware,0,obs,train,train,x64,everyday,unified_goodware_balanced
9add1a61155ec47cf6f347faf776b746eebbde1dc9360d81b8a909da34650642,goodware_balanced__everyday__9add1a61155ec47cf6f347faf776b746eebbde1dc9360d81b8a909da34650642,balanced_goodware,0,vim,train,train,x64,everyday,unified_goodware_balanced
9bd85116a22923d648d6b0ad09f21d08df7bd3d8860b24a5b4a6d4ac788b7340,goodware_balanced__everyday__9bd85116a22923d648d6b0ad09f21d08df7bd3d8860b24a5b4a6d4ac788b7340,balanced_goodware,0,inkscape,train,train,x64,everyday,unified_goodware_balanced
9bee068179ba1c05855ba10e6d361f1fd0bcbefd6e5c781b205cf32d8bd63e1c,goodware_balanced__everyday__9bee068179ba1c05855ba10e6d361f1fd0bcbefd6e5c781b205cf32d8bd63e1c,balanced_goodware,0,scribus,train,train,x64,everyday,unified_goodware_balanced
9c0cd38841f3da44c106ba5127e9ae4a55ee2bf4416f0676db713785cb8f438b,goodware_balanced__everyday__9c0cd38841f3da44c106ba5127e9ae4a55ee2bf4416f0676db713785cb8f438b,balanced_goodware,0,scribus,train,train,x64,everyday,unified_goodware_balanced
9c5541b190c4b45f5b70a87d633ba60e0c44930cd70862bac619b56acc7dca3a,goodware_balanced__everyday__9c5541b190c4b45f5b70a87d633ba60e0c44930cd70862bac619b56acc7dca3a,balanced_goodware,0,libreoffice,train,train,x64,everyday,unified_goodware_balanced
9df94a8f5ee00e8296d8520f0d59a11efca6d8c1cab2b35ff91cd6132a1a880d,goodware_balanced__everyday__9df94a8f5ee00e8296d8520f0d59a11efca6d8c1cab2b35ff91cd6132a1a880d,balanced_goodware,0,inkscape,train,train,x64,everyday,unified_goodware_balanced
9e028a874e05dc66550767af5eccfbda4b3169128aba56f598d5b8dcb352570c,goodware_balanced__everyday__9e028a874e05dc66550767af5eccfbda4b3169128aba56f598d5b8dcb352570c,balanced_goodware,0,kicad,train,train,x64,everyday,unified_goodware_balanced
9e4bd95d7cbb8d43d9d52c4d996236e4fb6d722e11bb526bbc498f81abfb5eb2,goodware_balanced__everyday__9e4bd95d7cbb8d43d9d52c4d996236e4fb6d722e11bb526bbc498f81abfb5eb2,balanced_goodware,0,zotero,test,test,x64,everyday,unified_goodware_balanced
9e59de9c608dd6889a264d36ce07db3048384daf1e6bb688f86f2ea3fd7e2687,goodware_balanced__everyday__9e59de9c608dd6889a264d36ce07db3048384daf1e6bb688f86f2ea3fd7e2687,balanced_goodware,0,kicad,train,train,x64,everyday,unified_goodware_balanced
9ea0bc83dcc50fb92164b66c2a3bbdc14ff5758cfebd3dca53d02ca7d89ce5f4,goodware_balanced__everyday__9ea0bc83dcc50fb92164b66c2a3bbdc14ff5758cfebd3dca53d02ca7d89ce5f4,balanced_goodware,0,freecad,train,train,x64,everyday,unified_goodware_balanced
9ece85bbc1557b9ecad201f22afc5cebb14fc485a90cd6454fa5231334cc8f74,goodware_balanced__everyday__9ece85bbc1557b9ecad201f22afc5cebb14fc485a90cd6454fa5231334cc8f74,balanced_goodware,0,kicad,train,train,x64,everyday,unified_goodware_balanced
9f60047cf870b5352d840b302faf48d0a4fde3a2e9efd367d5621ed8a3de458a,goodware_balanced__everyday__9f60047cf870b5352d840b302faf48d0a4fde3a2e9efd367d5621ed8a3de458a,balanced_goodware,0,scribus,train,train,x86,everyday,unified_goodware_balanced
a054a6bb69aaf4666157f968740412e9697085cbc1e48a78f8dd9622169c5aaf,goodware_balanced__everyday__a054a6bb69aaf4666157f968740412e9697085cbc1e48a78f8dd9622169c5aaf,balanced_goodware,0,inkscape,train,train,x64,everyday,unified_goodware_balanced
a06c9ea4f815dac75d2c99684d433fbfc782010fae887837a03f085a29a217e8,goodware_balanced__everyday__a06c9ea4f815dac75d2c99684d433fbfc782010fae887837a03f085a29a217e8,balanced_goodware,0,zotero,test,test,x64,everyday,unified_goodware_balanced
a0a1eae58ab10d67e1981fc216151c81f01a62791065f51c15c2d0cabb21d42e,goodware_balanced__everyday__a0a1eae58ab10d67e1981fc216151c81f01a62791065f51c15c2d0cabb21d42e,balanced_goodware,0,zotero,test,test,x64,everyday,unified_goodware_balanced
a12581d37f291121346e8ba2fdfec64a3d72c07aec6350ea0cd2f7aac2f750a4,goodware_balanced__everyday__a12581d37f291121346e8ba2fdfec64a3d72c07aec6350ea0cd2f7aac2f750a4,balanced_goodware,0,rstudio,train,train,x64,everyday,unified_goodware_balanced
a143678aa07f22c405e339b83aaff2f5488e8461ecdfea2ced1b3e4584fb722b,goodware_balanced__everyday__a143678aa07f22c405e339b83aaff2f5488e8461ecdfea2ced1b3e4584fb722b,balanced_goodware,0,inkscape,train,train,x64,everyday,unified_goodware_balanced
a1a05c00ab7075547d430fd1c21fd9258b48a01f3731ace91fe4c12ca3a34947,goodware_balanced__everyday__a1a05c00ab7075547d430fd1c21fd9258b48a01f3731ace91fe4c12ca3a34947,balanced_goodware,0,rstudio,train,train,x64,everyday,unified_goodware_balanced
a2394a11272ae38e7fb6ea862e783daa6d704a3d9c73a51dfe978b7692df6b1f,goodware_balanced__everyday__a2394a11272ae38e7fb6ea862e783daa6d704a3d9c73a51dfe978b7692df6b1f,balanced_goodware,0,sysinternals,val,train,x86,everyday,unified_goodware_balanced
a2a065786f146eee219031bc9a28845cff78abf570296e88dd5ad051abb8188f,goodware_balanced__everyday__a2a065786f146eee219031bc9a28845cff78abf570296e88dd5ad051abb8188f,balanced_goodware,0,obs,train,train,x64,everyday,unified_goodware_balanced
a2efff8d5bce9db4b899d38afaa706bdfd822711f929616a51b0dbc9f76c6281,goodware_balanced__everyday__a2efff8d5bce9db4b899d38afaa706bdfd822711f929616a51b0dbc9f76c6281,balanced_goodware,0,sysinternals,val,train,x64,everyday,unified_goodware_balanced
a3114d846863be6fd3c6fcd25381ea2027ede9eeb2b3fb3909644bde7f3e01c7,goodware_balanced__everyday__a3114d846863be6fd3c6fcd25381ea2027ede9eeb2b3fb3909644bde7f3e01c7,balanced_goodware,0,kicad,train,train,x64,everyday,unified_goodware_balanced
a34a20b9626be6dc5c2947c626bf5e8b214c3dc93c4e66fdfb02826c625067bb,goodware_balanced__everyday__a34a20b9626be6dc5c2947c626bf5e8b214c3dc93c4e66fdfb02826c625067bb,balanced_goodware,0,scribus,train,train,x64,everyday,unified_goodware_balanced
a38f46fe1a1bba3a8c7cc942bac945413c5c0e992ca599f9f09181b7f5645f52,goodware_balanced__everyday__a38f46fe1a1bba3a8c7cc942bac945413c5c0e992ca599f9f09181b7f5645f52,balanced_goodware,0,rstudio,train,train,x86,everyday,unified_goodware_balanced
a39ff6dd9804d4662cea016173bbfd010116077d9b8a10b9ded4345dc4973443,goodware_balanced__everyday__a39ff6dd9804d4662cea016173bbfd010116077d9b8a10b9ded4345dc4973443,balanced_goodware,0,obs,train,train,x64,everyday,unified_goodware_balanced
a3eb82a2a40baeb68553fd9d776eaf5838dc81ae4d901405c4ee2b47c44b1ab8,goodware_balanced__everyday__a3eb82a2a40baeb68553fd9d776eaf5838dc81ae4d901405c4ee2b47c44b1ab8,balanced_goodware,0,krita,train,train,x64,everyday,unified_goodware_balanced
a420075a63f870abcb6816ae4f54c9d98d39c0390c11dd435549facd6a3e1f70,goodware_balanced__everyday__a420075a63f870abcb6816ae4f54c9d98d39c0390c11dd435549facd6a3e1f70,balanced_goodware,0,inkscape,train,train,x64,everyday,unified_goodware_balanced
a45bba2264e2fa72279b3cd3a3e7a04145ea1067c10f7af8325c01b010247e2d,goodware_balanced__everyday__a45bba2264e2fa72279b3cd3a3e7a04145ea1067c10f7af8325c01b010247e2d,balanced_goodware,0,gitextensions,test,test,x86,everyday,unified_goodware_balanced
a46cf69931499cad28a36ea9eb2bccf5a214a5d31380836c72fa04f10636a0f9,goodware_balanced__everyday__a46cf69931499cad28a36ea9eb2bccf5a214a5d31380836c72fa04f10636a0f9,balanced_goodware,0,kicad,train,train,x64,everyday,unified_goodware_balanced
a48ac157609888471bf8578fb8b2aef6b0068f7e0742fccf2e0e288b0b2cfdfb,goodware_balanced__everyday__a48ac157609888471bf8578fb8b2aef6b0068f7e0742fccf2e0e288b0b2cfdfb,balanced_goodware,0,sysinternals,val,train,x86,everyday,unified_goodware_balanced
a4e1b83a841f3c301e4e3892891de1f6bba715902add3939c450251ebe93ce1d,goodware_balanced__everyday__a4e1b83a841f3c301e4e3892891de1f6bba715902add3939c450251ebe93ce1d,balanced_goodware,0,sysinternals,val,train,x86,everyday,unified_goodware_balanced
a4ef5f67adb71b07078b27419a503104ac86a69539f7096fe421053042acc7c0,goodware_balanced__everyday__a4ef5f67adb71b07078b27419a503104ac86a69539f7096fe421053042acc7c0,balanced_goodware,0,foobar2000,train,train,x64,everyday,unified_goodware_balanced
a531e72de3c64d43fb83cbfb6fa63e5ee982a970292ec51314e29d0acabf1dd5,goodware_balanced__everyday__a531e72de3c64d43fb83cbfb6fa63e5ee982a970292ec51314e29d0acabf1dd5,balanced_goodware,0,inkscape,train,train,x64,everyday,unified_goodware_balanced
a6f4632378a58ccf20b81be1530e709eb0e527d7954c3388379cc91362255ba0,goodware_balanced__everyday__a6f4632378a58ccf20b81be1530e709eb0e527d7954c3388379cc91362255ba0,balanced_goodware,0,freecad,train,train,x64,everyday,unified_goodware_balanced
a7553d77edca85bec980e38e69bf0e9f36962f20be0ee759e9a96030d519c5a0,goodware_balanced__everyday__a7553d77edca85bec980e38e69bf0e9f36962f20be0ee759e9a96030d519c5a0,balanced_goodware,0,sysinternals,val,train,x86,everyday,unified_goodware_balanced
a77ae0ec5c2c23685d3c6da15b6cb3339ce3eb7b528e52e969252b8c3f2639f1,goodware_balanced__everyday__a77ae0ec5c2c23685d3c6da15b6cb3339ce3eb7b528e52e969252b8c3f2639f1,balanced_goodware,0,obs,train,train,x64,everyday,unified_goodware_balanced
a785ae14b5debae83404942d5ef7a51c83a53c603d6f5a23162d7f52ff96d9ff,goodware_balanced__everyday__a785ae14b5debae83404942d5ef7a51c83a53c603d6f5a23162d7f52ff96d9ff,balanced_goodware,0,obs,train,train,x64,everyday,unified_goodware_balanced
a7ae5e62a44d7ee55b36af3fb9cea7a1fa25a9b9d152b0494777bea2b706a057,goodware_balanced__everyday__a7ae5e62a44d7ee55b36af3fb9cea7a1fa25a9b9d152b0494777bea2b706a057,balanced_goodware,0,libreoffice,train,train,x64,everyday,unified_goodware_balanced
a7eadf0436b0b44ce94babb90ff0a75ca5db414412cbb0e7849f2ddac2541142,goodware_balanced__everyday__a7eadf0436b0b44ce94babb90ff0a75ca5db414412cbb0e7849f2ddac2541142,balanced_goodware,0,gitextensions,test,test,x86,everyday,unified_goodware_balanced
a94ff9b65c1e57b3c9ec1dad5e9868a87b9660270d0bb6ea8b3e489775a6c5d4,goodware_balanced__everyday__a94ff9b65c1e57b3c9ec1dad5e9868a87b9660270d0bb6ea8b3e489775a6c5d4,balanced_goodware,0,libreoffice,train,train,x64,everyday,unified_goodware_balanced
a955ab07e75e8773d20821fb94774267f2f5a8773641646c809024b2e298ef31,goodware_balanced__everyday__a955ab07e75e8773d20821fb94774267f2f5a8773641646c809024b2e298ef31,balanced_goodware,0,inkscape,train,train,x64,everyday,unified_goodware_balanced
a957d7b7bd5919f9149278ced30472e8a8641de3bf79e102f3952c82714df8d6,goodware_balanced__everyday__a957d7b7bd5919f9149278ced30472e8a8641de3bf79e102f3952c82714df8d6,balanced_goodware,0,irfanview,test,test,x64,everyday,unified_goodware_balanced
a96515e126f3c112e679e9c82c4cc7224705238e391f3ee4cb81aef6aacf3c66,goodware_balanced__everyday__a96515e126f3c112e679e9c82c4cc7224705238e391f3ee4cb81aef6aacf3c66,balanced_goodware,0,freecad,train,train,x64,everyday,unified_goodware_balanced
a9beb701c7d5b45f61d1868f8584068e95cfecdf6bc057ad4ef6858c6caefc14,goodware_balanced__everyday__a9beb701c7d5b45f61d1868f8584068e95cfecdf6bc057ad4ef6858c6caefc14,balanced_goodware,0,obs,train,train,x64,everyday,unified_goodware_balanced
aa5528f6841204a11d6fea3bc5af364eae79126baa461649b95267a1d08d5bbc,goodware_balanced__everyday__aa5528f6841204a11d6fea3bc5af364eae79126baa461649b95267a1d08d5bbc,balanced_goodware,0,obs,train,train,x64,everyday,unified_goodware_balanced
ac7539f02b0dc952284316f53a3434cee18ae803e56becbd50fd829fe09fdaef,goodware_balanced__everyday__ac7539f02b0dc952284316f53a3434cee18ae803e56becbd50fd829fe09fdaef,balanced_goodware,0,freecad,train,train,x64,everyday,unified_goodware_balanced
ac8bd697cd2849b9a2924c46dcbe139cb6117cf8ce0fc65479f56c5dd0337797,goodware_balanced__everyday__ac8bd697cd2849b9a2924c46dcbe139cb6117cf8ce0fc65479f56c5dd0337797,balanced_goodware,0,libreoffice,train,train,x64,everyday,unified_goodware_balanced
ae1a50511be58e987483fdbc12125407443926d2d394669ade2352776e920dd3,goodware_balanced__everyday__ae1a50511be58e987483fdbc12125407443926d2d394669ade2352776e920dd3,balanced_goodware,0,rstudio,train,train,x64,everyday,unified_goodware_balanced
ae221d0a0e2d20976adb1355775febed829cf3500187f4f8c31b9a981588459f,goodware_balanced__everyday__ae221d0a0e2d20976adb1355775febed829cf3500187f4f8c31b9a981588459f,balanced_goodware,0,kicad,train,train,x64,everyday,unified_goodware_balanced
ae67d1bda3d9c10560819e9e02ba475aeb3f7df7e8f73586d546f44ba6ef8046,goodware_balanced__everyday__ae67d1bda3d9c10560819e9e02ba475aeb3f7df7e8f73586d546f44ba6ef8046,balanced_goodware,0,rstudio,train,train,x86,everyday,unified_goodware_balanced
aeaaec8e53757688b7fe9270e79770d57ab8959fc62caae5f4a878066707e2b9,goodware_balanced__everyday__aeaaec8e53757688b7fe9270e79770d57ab8959fc62caae5f4a878066707e2b9,balanced_goodware,0,freecad,train,train,x64,everyday,unified_goodware_balanced
aef4b1cbc6659a1742ccc6f5aea991e7609e602986804ad6ce02043dfa7fbb35,goodware_balanced__everyday__aef4b1cbc6659a1742ccc6f5aea991e7609e602986804ad6ce02043dfa7fbb35,balanced_goodware,0,inkscape,train,train,x64,everyday,unified_goodware_balanced
af4c156a79d7e6a87a572bb418abc9ef5242ab4133bc6a223bed94baf1f94b37,goodware_balanced__everyday__af4c156a79d7e6a87a572bb418abc9ef5242ab4133bc6a223bed94baf1f94b37,balanced_goodware,0,scribus,train,train,x64,everyday,unified_goodware_balanced
af50f6325a4b794898aab4f455ef5a4108954ba5dbb0cb579af97b416d7e4989,goodware_balanced__everyday__af50f6325a4b794898aab4f455ef5a4108954ba5dbb0cb579af97b416d7e4989,balanced_goodware,0,krita,train,train,x64,everyday,unified_goodware_balanced
b0138ef6a432552dbf99231ac204e31eceb0c4573ffbcfa314b11e81ceacf1f0,goodware_balanced__everyday__b0138ef6a432552dbf99231ac204e31eceb0c4573ffbcfa314b11e81ceacf1f0,balanced_goodware,0,zotero,test,test,x64,everyday,unified_goodware_balanced
b0a5df06d647c15a5e1696546599dc08808509709034a923e96c26cd57a80aa3,goodware_balanced__everyday__b0a5df06d647c15a5e1696546599dc08808509709034a923e96c26cd57a80aa3,balanced_goodware,0,krita,train,train,x64,everyday,unified_goodware_balanced
b0f6800b2bb4c86e091120e9087c75f9b1b3e46b89cf65744d65cf5ab01fd385,goodware_balanced__everyday__b0f6800b2bb4c86e091120e9087c75f9b1b3e46b89cf65744d65cf5ab01fd385,balanced_goodware,0,sysinternals,val,train,x86,everyday,unified_goodware_balanced
b19969bddaeef3892c12c70fb1c121373e0e3d4b9c10173bc275f4816f98b2b4,goodware_balanced__everyday__b19969bddaeef3892c12c70fb1c121373e0e3d4b9c10173bc275f4816f98b2b4,balanced_goodware,0,obs,train,train,x64,everyday,unified_goodware_balanced
b1e857e184818a6fa21e44c658fa3d6a752881ce909b18cc2d677dba0e2db87c,goodware_balanced__everyday__b1e857e184818a6fa21e44c658fa3d6a752881ce909b18cc2d677dba0e2db87c,balanced_goodware,0,rstudio,train,train,x86,everyday,unified_goodware_balanced
b229993c86e9a52e5e57f0a76312b99188e9c2795a31885545fc175350ddb87b,goodware_balanced__everyday__b229993c86e9a52e5e57f0a76312b99188e9c2795a31885545fc175350ddb87b,balanced_goodware,0,krita,train,train,x64,everyday,unified_goodware_balanced
b234725c91d4d85467dfb38b9a304111ea304dec963117337234b4df8b958746,goodware_balanced__everyday__b234725c91d4d85467dfb38b9a304111ea304dec963117337234b4df8b958746,balanced_goodware,0,obs,train,train,x64,everyday,unified_goodware_balanced
b2ab1ec1b7b1615fd8deb4289dfc7dc0fc51468a9aaba94d3de771bb22d1316a,goodware_balanced__everyday__b2ab1ec1b7b1615fd8deb4289dfc7dc0fc51468a9aaba94d3de771bb22d1316a,balanced_goodware,0,kicad,train,train,x64,everyday,unified_goodware_balanced
b35f34db259eb41badd248b88401c48dec617cb4571776acab7e36cfc5e21896,goodware_balanced__everyday__b35f34db259eb41badd248b88401c48dec617cb4571776acab7e36cfc5e21896,balanced_goodware,0,inkscape,train,train,x64,everyday,unified_goodware_balanced
b37d1b4acab5310c4e4f6e2a961d146454ff740d943724a68fa3cebc85deb7cd,goodware_balanced__everyday__b37d1b4acab5310c4e4f6e2a961d146454ff740d943724a68fa3cebc85deb7cd,balanced_goodware,0,inkscape,train,train,x64,everyday,unified_goodware_balanced
b3e7e9fcab970a70da8ad51e08bc9398da777256612750197a21e88f96ac2455,goodware_balanced__everyday__b3e7e9fcab970a70da8ad51e08bc9398da777256612750197a21e88f96ac2455,balanced_goodware,0,libreoffice,train,train,x64,everyday,unified_goodware_balanced
b45154a2eced1a04980978862fa2ca69c147c1fa3ec5d0c242c05e49635c8509,goodware_balanced__everyday__b45154a2eced1a04980978862fa2ca69c147c1fa3ec5d0c242c05e49635c8509,balanced_goodware,0,irfanview,test,test,x86,everyday,unified_goodware_balanced
b4a0a7c30de391e68ff85ef67dc37de3eebce3621587996d9bd4202d4ca992ef,goodware_balanced__everyday__b4a0a7c30de391e68ff85ef67dc37de3eebce3621587996d9bd4202d4ca992ef,balanced_goodware,0,irfanview,test,test,x64,everyday,unified_goodware_balanced
b52149deb05c1494eb31a399f5a49065afac967af2fb515d24c63850a735cda9,goodware_balanced__everyday__b52149deb05c1494eb31a399f5a49065afac967af2fb515d24c63850a735cda9,balanced_goodware,0,freecad,train,train,x64,everyday,unified_goodware_balanced
b603c086a7f0de6c88798af60e6423d06a02c35ce152c2ad5ef2528d95accd43,goodware_balanced__everyday__b603c086a7f0de6c88798af60e6423d06a02c35ce152c2ad5ef2528d95accd43,balanced_goodware,0,kicad,train,train,x64,everyday,unified_goodware_balanced
b60e4fcb98c0f266e68679d3432ac3ec1135acf6563223e98cf96398db6dbca7,goodware_balanced__everyday__b60e4fcb98c0f266e68679d3432ac3ec1135acf6563223e98cf96398db6dbca7,balanced_goodware,0,freecad,train,train,x64,everyday,unified_goodware_balanced
b6cd49607aa0a026e77278f7fae83691c16ef1998b6eb8fda1c39f6d1ca2c43f,goodware_balanced__everyday__b6cd49607aa0a026e77278f7fae83691c16ef1998b6eb8fda1c39f6d1ca2c43f,balanced_goodware,0,freecad,train,train,x64,everyday,unified_goodware_balanced
b78823c9c7a52b043f5fa6de376df685d6d8308c89973b667792987953ce3191,goodware_balanced__everyday__b78823c9c7a52b043f5fa6de376df685d6d8308c89973b667792987953ce3191,balanced_goodware,0,sysinternals,val,train,x86,everyday,unified_goodware_balanced
b8040c1bd1d076ac9430f24953dfc812fb18361c1d177acf1c7a8273b7bc82a9,goodware_balanced__everyday__b8040c1bd1d076ac9430f24953dfc812fb18361c1d177acf1c7a8273b7bc82a9,balanced_goodware,0,kicad,train,train,x64,everyday,unified_goodware_balanced
b8a8524de389e244b57baa72e8878869436e8addffaf11621ec7a572dbf5c602,goodware_balanced__everyday__b8a8524de389e244b57baa72e8878869436e8addffaf11621ec7a572dbf5c602,balanced_goodware,0,sysinternals,val,train,x86,everyday,unified_goodware_balanced
b8eeed8716d77bc7185aa24e9c95f4215c3a3296bf6eeb5501d01f94bc59ddbe,goodware_balanced__everyday__b8eeed8716d77bc7185aa24e9c95f4215c3a3296bf6eeb5501d01f94bc59ddbe,balanced_goodware,0,obs,train,train,x64,everyday,unified_goodware_balanced
b910c405a546aeb24031cd122c52e00c25f5510af0ce32932ced9065fb7c16a4,goodware_balanced__everyday__b910c405a546aeb24031cd122c52e00c25f5510af0ce32932ced9065fb7c16a4,balanced_goodware,0,inkscape,train,train,x64,everyday,unified_goodware_balanced
b9a380e963e1bae032da6d7b0ec13868bf9068dc5aba9f256526bed0cd4d8352,goodware_balanced__everyday__b9a380e963e1bae032da6d7b0ec13868bf9068dc5aba9f256526bed0cd4d8352,balanced_goodware,0,kicad,train,train,x64,everyday,unified_goodware_balanced
b9a5dfe25e1396809d37465543b6efe89b07c50ef5c3839ec72d06c5118d6cee,goodware_balanced__everyday__b9a5dfe25e1396809d37465543b6efe89b07c50ef5c3839ec72d06c5118d6cee,balanced_goodware,0,libreoffice,train,train,x64,everyday,unified_goodware_balanced
ba8cc06d72db250d1a622d2dcc01d8add41c4db9e42e65e0a74e922ea5a1747d,goodware_balanced__everyday__ba8cc06d72db250d1a622d2dcc01d8add41c4db9e42e65e0a74e922ea5a1747d,balanced_goodware,0,zotero,test,test,x64,everyday,unified_goodware_balanced
baa58eb3efb7893b658db506013dcb94f2714596babadc92f3d58a6dd24ccc93,goodware_balanced__everyday__baa58eb3efb7893b658db506013dcb94f2714596babadc92f3d58a6dd24ccc93,balanced_goodware,0,freecad,train,train,x64,everyday,unified_goodware_balanced
bb6ce83ddaad4f530a66a1048fac868dfc3b86f5e7b8e240d84d1633e385aee8,goodware_balanced__everyday__bb6ce83ddaad4f530a66a1048fac868dfc3b86f5e7b8e240d84d1633e385aee8,balanced_goodware,0,steam,test,test,x86,everyday,unified_goodware_balanced
bc457cfb2748cf7d32c64f6b8811013a5188d7b7e5fed0816c0382ce419903cb,goodware_balanced__everyday__bc457cfb2748cf7d32c64f6b8811013a5188d7b7e5fed0816c0382ce419903cb,balanced_goodware,0,zotero,test,test,x64,everyday,unified_goodware_balanced
bc98a0dab4c5397a2d989b8233d3d52a3ad8d5ea5468a7e29b8e5f1b88f95f1b,goodware_balanced__everyday__bc98a0dab4c5397a2d989b8233d3d52a3ad8d5ea5468a7e29b8e5f1b88f95f1b,balanced_goodware,0,libreoffice,train,train,x64,everyday,unified_goodware_balanced
bce5a9cad6e32325640d26d5de1622005fa4ca919ce9bbf0e623c8f86df5eda2,goodware_balanced__everyday__bce5a9cad6e32325640d26d5de1622005fa4ca919ce9bbf0e623c8f86df5eda2,balanced_goodware,0,kicad,train,train,x64,everyday,unified_goodware_balanced
bd3c52a6ac35b117dbd4bcaa3e0ae4f230dfb2910748d7e4f5236f7b10c679f7,goodware_balanced__everyday__bd3c52a6ac35b117dbd4bcaa3e0ae4f230dfb2910748d7e4f5236f7b10c679f7,balanced_goodware,0,libreoffice,train,train,x64,everyday,unified_goodware_balanced
bd6d8ede4d70759bef710a3fdd287548a5801f0bc732d779dfdc9fa9b60aad03,goodware_balanced__everyday__bd6d8ede4d70759bef710a3fdd287548a5801f0bc732d779dfdc9fa9b60aad03,balanced_goodware,0,obs,train,train,x64,everyday,unified_goodware_balanced
bdba64fdd18aad8de2773d3553786d0f9560ae3ae005a17b6cc6bef124219370,goodware_balanced__everyday__bdba64fdd18aad8de2773d3553786d0f9560ae3ae005a17b6cc6bef124219370,balanced_goodware,0,inkscape,train,train,x64,everyday,unified_goodware_balanced
bdd0f1c1ac7d93b23c5a8f185dce9364deb952a2b183c3c418723cd7415a5d4c,goodware_balanced__everyday__bdd0f1c1ac7d93b23c5a8f185dce9364deb952a2b183c3c418723cd7415a5d4c,balanced_goodware,0,libreoffice,train,train,x64,everyday,unified_goodware_balanced
be03a2c0d69d1e0a41ad00d8b6c5cee8b3ebd352de25c98e81acf7d13b7d9c25,goodware_balanced__everyday__be03a2c0d69d1e0a41ad00d8b6c5cee8b3ebd352de25c98e81acf7d13b7d9c25,balanced_goodware,0,krita,train,train,x64,everyday,unified_goodware_balanced
be0fdb6528bae3aafda7ab4ce78a26d853e1ddfd155e0a89bb5ab1a0b37a7d69,goodware_balanced__everyday__be0fdb6528bae3aafda7ab4ce78a26d853e1ddfd155e0a89bb5ab1a0b37a7d69,balanced_goodware,0,obs,train,train,x64,everyday,unified_goodware_balanced
beba5a12b0c1a941baa1427656fc1da9a2674dbd6c336b0870c960e65c43a87e,goodware_balanced__everyday__beba5a12b0c1a941baa1427656fc1da9a2674dbd6c336b0870c960e65c43a87e,balanced_goodware,0,sysinternals,val,train,x64,everyday,unified_goodware_balanced
bed435e6fbe19db5d567826e824c0bcf0eddc67f9d05c0c772aa46178f583eab,goodware_balanced__everyday__bed435e6fbe19db5d567826e824c0bcf0eddc67f9d05c0c772aa46178f583eab,balanced_goodware,0,scribus,train,train,x64,everyday,unified_goodware_balanced
bf153603efb90fd587fcc6a1ff839d093b7ef4bbbae4199b28418b16177f097e,goodware_balanced__everyday__bf153603efb90fd587fcc6a1ff839d093b7ef4bbbae4199b28418b16177f097e,balanced_goodware,0,krita,train,train,x64,everyday,unified_goodware_balanced
bf33857f46e56ea7930c1eea25c5f7175a6aaa3df36bf8301a785e6ca726a0b9,goodware_balanced__everyday__bf33857f46e56ea7930c1eea25c5f7175a6aaa3df36bf8301a785e6ca726a0b9,balanced_goodware,0,rstudio,train,train,x86,everyday,unified_goodware_balanced
bf4b6c671529d6b7acee05d8f937519e9c15ed214bc7f62b161aad066d07bb20,goodware_balanced__everyday__bf4b6c671529d6b7acee05d8f937519e9c15ed214bc7f62b161aad066d07bb20,balanced_goodware,0,libreoffice,train,train,x64,everyday,unified_goodware_balanced
bf5c1d5c3a84ca1008353fe6e5c3e45b62f1324ed79c956e56ae2f1a6121b9e4,goodware_balanced__everyday__bf5c1d5c3a84ca1008353fe6e5c3e45b62f1324ed79c956e56ae2f1a6121b9e4,balanced_goodware,0,scribus,train,train,x64,everyday,unified_goodware_balanced
bf9b29e45ef119705717110054fb4ddbe67bb70aff12082456b0062072bc61a2,goodware_balanced__everyday__bf9b29e45ef119705717110054fb4ddbe67bb70aff12082456b0062072bc61a2,balanced_goodware,0,libreoffice,train,train,x64,everyday,unified_goodware_balanced
bfa5740f028a8f310ca01c779bbc5f2f1b435c41539c54de592f715bb0c10389,goodware_balanced__everyday__bfa5740f028a8f310ca01c779bbc5f2f1b435c41539c54de592f715bb0c10389,balanced_goodware,0,vlc,train,train,x64,everyday,unified_goodware_balanced
bfad5aef4c63a669e3c140655cdfdf395b6c979b400a447bd5dcb65ed8826c3d,goodware_balanced__everyday__bfad5aef4c63a669e3c140655cdfdf395b6c979b400a447bd5dcb65ed8826c3d,balanced_goodware,0,kicad,train,train,x64,everyday,unified_goodware_balanced
bfc54ad16e9d36344a6b1c7780041eeac2606213b592792814022b92262f3fa6,goodware_balanced__everyday__bfc54ad16e9d36344a6b1c7780041eeac2606213b592792814022b92262f3fa6,balanced_goodware,0,freecad,train,train,x64,everyday,unified_goodware_balanced
c0151c55aab33c9cf30d3566337ffad9de4f1c7b5564940f5aa9ca468232b1de,goodware_balanced__everyday__c0151c55aab33c9cf30d3566337ffad9de4f1c7b5564940f5aa9ca468232b1de,balanced_goodware,0,krita,train,train,x64,everyday,unified_goodware_balanced
c0dfbac7ad106fd37aa66770e681354b199666119c52ef5065c256839adaed0f,goodware_balanced__everyday__c0dfbac7ad106fd37aa66770e681354b199666119c52ef5065c256839adaed0f,balanced_goodware,0,zotero,test,test,x64,everyday,unified_goodware_balanced
c108dce470ee6c576d8d1995166493e25188e143236616ff9234786d544470d3,goodware_balanced__everyday__c108dce470ee6c576d8d1995166493e25188e143236616ff9234786d544470d3,balanced_goodware,0,scribus,train,train,x64,everyday,unified_goodware_balanced
c121acb390f5407a32f23504bf60b14b74af26f56329262a0a82d941dd0981c0,goodware_balanced__everyday__c121acb390f5407a32f23504bf60b14b74af26f56329262a0a82d941dd0981c0,balanced_goodware,0,irfanview,test,test,x64,everyday,unified_goodware_balanced
c156881a983926b82daf4e2dd954da31915e399e3cccddb444f0a09b51eef9aa,goodware_balanced__everyday__c156881a983926b82daf4e2dd954da31915e399e3cccddb444f0a09b51eef9aa,balanced_goodware,0,kicad,train,train,x64,everyday,unified_goodware_balanced
c1f1d8f3bce5bb371d453782cd3fa21978f255f37877ec4bf2952ae66cdebdc9,goodware_balanced__everyday__c1f1d8f3bce5bb371d453782cd3fa21978f255f37877ec4bf2952ae66cdebdc9,balanced_goodware,0,kicad,train,train,x64,everyday,unified_goodware_balanced
c20951a14d10bf632ea5505f1323d6b49c49983cca59dd53a26042c0763b2b1e,goodware_balanced__everyday__c20951a14d10bf632ea5505f1323d6b49c49983cca59dd53a26042c0763b2b1e,balanced_goodware,0,libreoffice,train,train,x64,everyday,unified_goodware_balanced
c22ba278731375729bceaf44be307d8e2788ec748dcacc1f622b9d3837ab310d,goodware_balanced__everyday__c22ba278731375729bceaf44be307d8e2788ec748dcacc1f622b9d3837ab310d,balanced_goodware,0,libreoffice,train,train,x64,everyday,unified_goodware_balanced
c2567ccf3f410c3411ba7cd4b7ba14f393a0e70a1d0c0593297df6706b5fba96,goodware_balanced__everyday__c2567ccf3f410c3411ba7cd4b7ba14f393a0e70a1d0c0593297df6706b5fba96,balanced_goodware,0,inkscape,train,train,x64,everyday,unified_goodware_balanced
c2ea9e69d6af0e06c5ba91199630686a26f9fd29dfd5c9823fad7f15cac26d6b,goodware_balanced__everyday__c2ea9e69d6af0e06c5ba91199630686a26f9fd29dfd5c9823fad7f15cac26d6b,balanced_goodware,0,libreoffice,train,train,x64,everyday,unified_goodware_balanced
c3a1f24d9cbf1decba3205f722861856ca8779ad5106b6ea1388cd8c0ed737e5,goodware_balanced__everyday__c3a1f24d9cbf1decba3205f722861856ca8779ad5106b6ea1388cd8c0ed737e5,balanced_goodware,0,rstudio,train,train,x64,everyday,unified_goodware_balanced
c4dc54bf046f09b8ccbdbfae5f4f374bbf4ceb90dd1219033ac21d28ebc792ae,goodware_balanced__everyday__c4dc54bf046f09b8ccbdbfae5f4f374bbf4ceb90dd1219033ac21d28ebc792ae,balanced_goodware,0,vim,train,train,x64,everyday,unified_goodware_balanced
c5424c40cd70ef85765a55d2ff96bb602b5f30ed536938ff004f14db5db3c2df,goodware_balanced__everyday__c5424c40cd70ef85765a55d2ff96bb602b5f30ed536938ff004f14db5db3c2df,balanced_goodware,0,rstudio,train,train,x86,everyday,unified_goodware_balanced
c5c20737cab116cb5f40a124cbe48eee03e1cc83fc3cda13dfcc0bfad3aa796c,goodware_balanced__everyday__c5c20737cab116cb5f40a124cbe48eee03e1cc83fc3cda13dfcc0bfad3aa796c,balanced_goodware,0,notepadpp,train,train,x64,everyday,unified_goodware_balanced
c602c44a4d4088dbf5a659f36ba1c3a9d81f8367577de0cb940c0b8afee5c376,goodware_balanced__everyday__c602c44a4d4088dbf5a659f36ba1c3a9d81f8367577de0cb940c0b8afee5c376,balanced_goodware,0,steam,test,test,x86,everyday,unified_goodware_balanced
c611eff38f59d54b2e69a970df586f2d939912261ccde86552f7b1b387f4c17e,goodware_balanced__everyday__c611eff38f59d54b2e69a970df586f2d939912261ccde86552f7b1b387f4c17e,balanced_goodware,0,freecad,train,train,x64,everyday,unified_goodware_balanced
c62c08223e450dfc2fff33c752cc228505ffd9d755201958ba800d5d30481a2c,goodware_balanced__everyday__c62c08223e450dfc2fff33c752cc228505ffd9d755201958ba800d5d30481a2c,balanced_goodware,0,inkscape,train,train,x64,everyday,unified_goodware_balanced
c679c9a6b0b2583bc273e27ad76929b9d6ce4c67e335aa6f7d4efc1b5b20f394,goodware_balanced__everyday__c679c9a6b0b2583bc273e27ad76929b9d6ce4c67e335aa6f7d4efc1b5b20f394,balanced_goodware,0,inkscape,train,train,x64,everyday,unified_goodware_balanced
c6b1262f94ca5002e351474d6a5de26dc69a800226bd88c52137d1606d856605,goodware_balanced__everyday__c6b1262f94ca5002e351474d6a5de26dc69a800226bd88c52137d1606d856605,balanced_goodware,0,kicad,train,train,x64,everyday,unified_goodware_balanced
c7901b547063aa351a1dbdb2a48f5cf441c1cfe3c282b6ff61e4e8100f77dd59,goodware_balanced__everyday__c7901b547063aa351a1dbdb2a48f5cf441c1cfe3c282b6ff61e4e8100f77dd59,balanced_goodware,0,scribus,train,train,x64,everyday,unified_goodware_balanced
c7c3e2e7b729891141f5a7cb172390e57072783187edc92db95d4b7b7fe8cc4c,goodware_balanced__everyday__c7c3e2e7b729891141f5a7cb172390e57072783187edc92db95d4b7b7fe8cc4c,balanced_goodware,0,sysinternals,val,train,x64,everyday,unified_goodware_balanced
c8884857e8c603de6d4590f8e3c71c45c3c9a5ddb29b143ec47963724c901e94,goodware_balanced__everyday__c8884857e8c603de6d4590f8e3c71c45c3c9a5ddb29b143ec47963724c901e94,balanced_goodware,0,irfanview,test,test,x86,everyday,unified_goodware_balanced
c91b3183a37572b96ed1b0303b6b9fd955ff5275f49cd5cca99028dff1f89cf1,goodware_balanced__everyday__c91b3183a37572b96ed1b0303b6b9fd955ff5275f49cd5cca99028dff1f89cf1,balanced_goodware,0,libreoffice,train,train,x64,everyday,unified_goodware_balanced
c9a86555a0bc49a57e4fabb4d2ae384ce585bf744e41809df851b5395727a674,goodware_balanced__everyday__c9a86555a0bc49a57e4fabb4d2ae384ce585bf744e41809df851b5395727a674,balanced_goodware,0,obs,train,train,x64,everyday,unified_goodware_balanced
cb8e1ce54cc21a1b0ad1730d3da229301de9b8304ef723b6050d5ca05712a4f5,goodware_balanced__everyday__cb8e1ce54cc21a1b0ad1730d3da229301de9b8304ef723b6050d5ca05712a4f5,balanced_goodware,0,freecad,train,train,x64,everyday,unified_goodware_balanced
cba2b21ac68f6072042c731a0c565d6d16479da786dd15adce82948bc9f78322,goodware_balanced__everyday__cba2b21ac68f6072042c731a0c565d6d16479da786dd15adce82948bc9f78322,balanced_goodware,0,rstudio,train,train,x86,everyday,unified_goodware_balanced
cbc62eb9c44a0efe2dd9af04230c6345da66dcc120dafa707d93ad3ca21540e7,goodware_balanced__everyday__cbc62eb9c44a0efe2dd9af04230c6345da66dcc120dafa707d93ad3ca21540e7,balanced_goodware,0,irfanview,test,test,x64,everyday,unified_goodware_balanced
cbfcb7982ca4b975ad965fac960fce89ab8fd835b1ae5c4635740c9845791120,goodware_balanced__everyday__cbfcb7982ca4b975ad965fac960fce89ab8fd835b1ae5c4635740c9845791120,balanced_goodware,0,libreoffice,train,train,x64,everyday,unified_goodware_balanced
cc13ad77435617ce67248513e9d99e75ee0e4b8ae2027a55f2c757d812e70614,goodware_balanced__everyday__cc13ad77435617ce67248513e9d99e75ee0e4b8ae2027a55f2c757d812e70614,balanced_goodware,0,inkscape,train,train,x64,everyday,unified_goodware_balanced
ccd1c21178c2e239eaa6c904a25c7f26efdfadb0faf344e62b1bbb39a30241d5,goodware_balanced__everyday__ccd1c21178c2e239eaa6c904a25c7f26efdfadb0faf344e62b1bbb39a30241d5,balanced_goodware,0,inkscape,train,train,x64,everyday,unified_goodware_balanced
ccde4f28a6364fb3b59f2c2ed8cca6290cb20d47a50ec509b760bb751e091d80,goodware_balanced__everyday__ccde4f28a6364fb3b59f2c2ed8cca6290cb20d47a50ec509b760bb751e091d80,balanced_goodware,0,freecad,train,train,x64,everyday,unified_goodware_balanced
cd6dff1047a96f808997eef79bec92c585e3455eae9be807bb7d3a3e3dadb39b,goodware_balanced__everyday__cd6dff1047a96f808997eef79bec92c585e3455eae9be807bb7d3a3e3dadb39b,balanced_goodware,0,obs,train,train,x64,everyday,unified_goodware_balanced
cd8e84c1f8d1ee3a7014343e3fb236329d2b67c1ec233ea4b208d99e3f95105b,goodware_balanced__everyday__cd8e84c1f8d1ee3a7014343e3fb236329d2b67c1ec233ea4b208d99e3f95105b,balanced_goodware,0,scribus,train,train,x86,everyday,unified_goodware_balanced
cdad24fa1d83debbc1be96e2307c13d6fc32817b54c236a297036d4f80d043be,goodware_balanced__everyday__cdad24fa1d83debbc1be96e2307c13d6fc32817b54c236a297036d4f80d043be,balanced_goodware,0,bitwarden,test,test,x86,everyday,unified_goodware_balanced
ce1634b822328bab1da5f6e2e01e2bfe5f7fabed46514c3e6cbadb37450e8409,goodware_balanced__everyday__ce1634b822328bab1da5f6e2e01e2bfe5f7fabed46514c3e6cbadb37450e8409,balanced_goodware,0,inkscape,train,train,x64,everyday,unified_goodware_balanced
ce177dc8cf42513ff819c7b8597c7be290f9e98632a34ecd868dc76003421f0d,goodware_balanced__everyday__ce177dc8cf42513ff819c7b8597c7be290f9e98632a34ecd868dc76003421f0d,balanced_goodware,0,steam,test,test,x86,everyday,unified_goodware_balanced
cf2420faf91d8252dffc0538927031d6f99db2cb766fd439f87bb8546be69750,goodware_balanced__everyday__cf2420faf91d8252dffc0538927031d6f99db2cb766fd439f87bb8546be69750,balanced_goodware,0,notepadpp,train,train,x64,everyday,unified_goodware_balanced
cf821125c685f550ca3b20884a8fd2ddc638724eff06bdeb3a330e50d1b00449,goodware_balanced__everyday__cf821125c685f550ca3b20884a8fd2ddc638724eff06bdeb3a330e50d1b00449,balanced_goodware,0,krita,train,train,x64,everyday,unified_goodware_balanced
cfd61c6d7c74266d259424959541b01c4ec89f9b929a531c2618fa2ed5c89392,goodware_balanced__everyday__cfd61c6d7c74266d259424959541b01c4ec89f9b929a531c2618fa2ed5c89392,balanced_goodware,0,krita,train,train,x64,everyday,unified_goodware_balanced
cfda723c1984c53c6d9cd0ab71f1249ebf68c7e07a4ae0658bfc7629b999580c,goodware_balanced__everyday__cfda723c1984c53c6d9cd0ab71f1249ebf68c7e07a4ae0658bfc7629b999580c,balanced_goodware,0,inkscape,train,train,x64,everyday,unified_goodware_balanced
cfea1a8e77d1a665135426c273938b7f0bc90e90a1fe03ce82fb94cf1c2031ba,goodware_balanced__everyday__cfea1a8e77d1a665135426c273938b7f0bc90e90a1fe03ce82fb94cf1c2031ba,balanced_goodware,0,freecad,train,train,x64,everyday,unified_goodware_balanced
d0f7e108ffbb958b551c798ce733104632002ff5d03f2a1988b8f6bb65cf6552,goodware_balanced__everyday__d0f7e108ffbb958b551c798ce733104632002ff5d03f2a1988b8f6bb65cf6552,balanced_goodware,0,inkscape,train,train,x64,everyday,unified_goodware_balanced
d11c9bc8d6d463253e11b6f6a4a9706eca03c64b691f83011c0ff88d8d040024,goodware_balanced__everyday__d11c9bc8d6d463253e11b6f6a4a9706eca03c64b691f83011c0ff88d8d040024,balanced_goodware,0,freecad,train,train,x64,everyday,unified_goodware_balanced
d1fc99ae304bd1d2bf28abeb62531da959e2431916194981b88c958fd713a8e6,goodware_balanced__everyday__d1fc99ae304bd1d2bf28abeb62531da959e2431916194981b88c958fd713a8e6,balanced_goodware,0,sysinternals,val,train,x64,everyday,unified_goodware_balanced
d2154f936f29eb70f9a8b678ea7c08d01c9a4a405cf1881dfff30d7226d9c87e,goodware_balanced__everyday__d2154f936f29eb70f9a8b678ea7c08d01c9a4a405cf1881dfff30d7226d9c87e,balanced_goodware,0,vim,train,train,x64,everyday,unified_goodware_balanced
d22ac0cebd24d1c7bb173d05b96f0c7d7536fd027120a12bf5664086d1c0ee16,goodware_balanced__everyday__d22ac0cebd24d1c7bb173d05b96f0c7d7536fd027120a12bf5664086d1c0ee16,balanced_goodware,0,libreoffice,train,train,x64,everyday,unified_goodware_balanced
d251f79daa9179f50a43c10fecb277acac3aee7489a961bfdbb9c629e1a4dee0,goodware_balanced__everyday__d251f79daa9179f50a43c10fecb277acac3aee7489a961bfdbb9c629e1a4dee0,balanced_goodware,0,obs,train,train,x64,everyday,unified_goodware_balanced
d29380c7056383f3e7a80bf9e150f0b8c425c1cf2568d1336e88979ddc2307af,goodware_balanced__everyday__d29380c7056383f3e7a80bf9e150f0b8c425c1cf2568d1336e88979ddc2307af,balanced_goodware,0,inkscape,train,train,x64,everyday,unified_goodware_balanced
d2ac0bf5746dd127f480d6a8d198c2e04daa35818fdad370d2b9a895811f9497,goodware_balanced__everyday__d2ac0bf5746dd127f480d6a8d198c2e04daa35818fdad370d2b9a895811f9497,balanced_goodware,0,freecad,train,train,x64,everyday,unified_goodware_balanced
d3247f03dcd7b9335344ebba76a0b92370f32f1cb0e480c734da52db2bd8df60,goodware_balanced__everyday__d3247f03dcd7b9335344ebba76a0b92370f32f1cb0e480c734da52db2bd8df60,balanced_goodware,0,sysinternals,val,train,x64,everyday,unified_goodware_balanced
d33db4296a80a3a0350c6af8693cabd38707c5c0185f240641ac8e919747543d,goodware_balanced__everyday__d33db4296a80a3a0350c6af8693cabd38707c5c0185f240641ac8e919747543d,balanced_goodware,0,libreoffice,train,train,x64,everyday,unified_goodware_balanced
d3475b834dd3eb77910f37f71b0341d358bcbdda5b9f04cc4a3a8e2be1bc8e35,goodware_balanced__everyday__d3475b834dd3eb77910f37f71b0341d358bcbdda5b9f04cc4a3a8e2be1bc8e35,balanced_goodware,0,vlc,train,train,x64,everyday,unified_goodware_balanced
d350b89be8623f169bea3665842a081c6cd197713faf786e339bb0fb64003b77,goodware_balanced__everyday__d350b89be8623f169bea3665842a081c6cd197713faf786e339bb0fb64003b77,balanced_goodware,0,irfanview,test,test,x86,everyday,unified_goodware_balanced
d39735ec3be1bf6c86de02f022f37e07de4c301124a8e4dbf5683b6ebd8d9e34,goodware_balanced__everyday__d39735ec3be1bf6c86de02f022f37e07de4c301124a8e4dbf5683b6ebd8d9e34,balanced_goodware,0,zotero,test,test,x64,everyday,unified_goodware_balanced
d3c108cac90396fe6310fff89b99b3ca98530d7e463211ebd018beab56a9547b,goodware_balanced__everyday__d3c108cac90396fe6310fff89b99b3ca98530d7e463211ebd018beab56a9547b,balanced_goodware,0,krita,train,train,x64,everyday,unified_goodware_balanced
d51167f7c1144e0b9313b16d649de4f3af49c01041f5edae15df40bffd0e79a5,goodware_balanced__everyday__d51167f7c1144e0b9313b16d649de4f3af49c01041f5edae15df40bffd0e79a5,balanced_goodware,0,notepadpp,train,train,x64,everyday,unified_goodware_balanced
d58f0aff065550d3873df961bf9e479c3884f1b7ef6859c1ff38cae4c2c81777,goodware_balanced__everyday__d58f0aff065550d3873df961bf9e479c3884f1b7ef6859c1ff38cae4c2c81777,balanced_goodware,0,inkscape,train,train,x64,everyday,unified_goodware_balanced
d677179a932f97638a43ed72743cb2524cee082fdacf31f62b9e2490122b019c,goodware_balanced__everyday__d677179a932f97638a43ed72743cb2524cee082fdacf31f62b9e2490122b019c,balanced_goodware,0,libreoffice,train,train,x64,everyday,unified_goodware_balanced
d689cb1dbd2e4c06cd15e51a6871c406c595790ddcdcd7dc8d0401c7183720ef,goodware_balanced__everyday__d689cb1dbd2e4c06cd15e51a6871c406c595790ddcdcd7dc8d0401c7183720ef,balanced_goodware,0,sysinternals,val,train,x86,everyday,unified_goodware_balanced
d6e149258301197199dfbb74f27a71081e46103b587b5025a3a965e31c983b64,goodware_balanced__everyday__d6e149258301197199dfbb74f27a71081e46103b587b5025a3a965e31c983b64,balanced_goodware,0,krita,train,train,x64,everyday,unified_goodware_balanced
d77d9a8704a77e1b116058a8429435dc12fe5ed8a6b551f17df891bbf698174c,goodware_balanced__everyday__d77d9a8704a77e1b116058a8429435dc12fe5ed8a6b551f17df891bbf698174c,balanced_goodware,0,obs,train,train,x64,everyday,unified_goodware_balanced
d7c1a5fdab2eb285e0b1957dc285922e6e13adf743910d3f2e98e8e1fa243e8f,goodware_balanced__everyday__d7c1a5fdab2eb285e0b1957dc285922e6e13adf743910d3f2e98e8e1fa243e8f,balanced_goodware,0,freecad,train,train,x64,everyday,unified_goodware_balanced
d8ba04bb8c4bc4fe20bb8e15bb70aa8ac3c461b688599edd12dd317927a20bff,goodware_balanced__everyday__d8ba04bb8c4bc4fe20bb8e15bb70aa8ac3c461b688599edd12dd317927a20bff,balanced_goodware,0,kicad,train,train,x64,everyday,unified_goodware_balanced
d9100e99b2b915623294e18377d162afe9fd354bf0c4a7208f1270721714a553,goodware_balanced__everyday__d9100e99b2b915623294e18377d162afe9fd354bf0c4a7208f1270721714a553,balanced_goodware,0,rstudio,train,train,x86,everyday,unified_goodware_balanced
d91f680b1f54dcceddd9ead63dc08ee11845803f2cc6de7c545335803016f2d0,goodware_balanced__everyday__d91f680b1f54dcceddd9ead63dc08ee11845803f2cc6de7c545335803016f2d0,balanced_goodware,0,rstudio,train,train,x86,everyday,unified_goodware_balanced
d98cd5d8c76e4ae98d91f62941c87fc01933ed7b505fcc7e62968f5af133663c,goodware_balanced__everyday__d98cd5d8c76e4ae98d91f62941c87fc01933ed7b505fcc7e62968f5af133663c,balanced_goodware,0,scribus,train,train,x64,everyday,unified_goodware_balanced
d9de6e1b79294396d9e9b63adef5d639b2e61c61e9dff70e45438467c08dfdd0,goodware_balanced__everyday__d9de6e1b79294396d9e9b63adef5d639b2e61c61e9dff70e45438467c08dfdd0,balanced_goodware,0,krita,train,train,x64,everyday,unified_goodware_balanced
d9df80d225bc0c832ade1f631f0fe2fb03da8b25ce09055064181b9e4f29771f,goodware_balanced__everyday__d9df80d225bc0c832ade1f631f0fe2fb03da8b25ce09055064181b9e4f29771f,balanced_goodware,0,krita,train,train,x64,everyday,unified_goodware_balanced
da015dafef2a3bf3c6fed28a4f5776095eea95e51dfdc44cdac4f296a067df6f,goodware_balanced__everyday__da015dafef2a3bf3c6fed28a4f5776095eea95e51dfdc44cdac4f296a067df6f,balanced_goodware,0,libreoffice,train,train,x64,everyday,unified_goodware_balanced
da71c950bb1f44d090f6a5fd12434c3785aca94d7fc8cf7f6cbbd2de7ea531c7,goodware_balanced__everyday__da71c950bb1f44d090f6a5fd12434c3785aca94d7fc8cf7f6cbbd2de7ea531c7,balanced_goodware,0,zoom,test,test,x86,everyday,unified_goodware_balanced
da8fb9c02b6847f4132b5ea538e7b83a7ed7b4bea1041aeefaf7b5e9c2abd964,goodware_balanced__everyday__da8fb9c02b6847f4132b5ea538e7b83a7ed7b4bea1041aeefaf7b5e9c2abd964,balanced_goodware,0,krita,train,train,x64,everyday,unified_goodware_balanced
dafd970692ce7ae656cc71daac98a136f0e0ba518186c26c5d1ee4156b2a3988,goodware_balanced__everyday__dafd970692ce7ae656cc71daac98a136f0e0ba518186c26c5d1ee4156b2a3988,balanced_goodware,0,freecad,train,train,x64,everyday,unified_goodware_balanced
db16be40b8373b83c7214c408faa87b9140fc7d2e15b2284fcd0576f48836fda,goodware_balanced__everyday__db16be40b8373b83c7214c408faa87b9140fc7d2e15b2284fcd0576f48836fda,balanced_goodware,0,libreoffice,train,train,x64,everyday,unified_goodware_balanced
db5095a244a93b051fad18dc12269b8161a9e319a3d3d638d2b6326fa0d6ecd2,goodware_balanced__everyday__db5095a244a93b051fad18dc12269b8161a9e319a3d3d638d2b6326fa0d6ecd2,balanced_goodware,0,gitextensions,test,test,x64,everyday,unified_goodware_balanced
db78229ee56ed2d6c782a51497b2b9444996762c846e81f2d9edc58e35a43260,goodware_balanced__everyday__db78229ee56ed2d6c782a51497b2b9444996762c846e81f2d9edc58e35a43260,balanced_goodware,0,freecad,train,train,x64,everyday,unified_goodware_balanced
db9a968484787c1e03b69bff796d906c211c5bf75c5d6d7d25412bc5d9d27691,goodware_balanced__everyday__db9a968484787c1e03b69bff796d906c211c5bf75c5d6d7d25412bc5d9d27691,balanced_goodware,0,krita,train,train,x64,everyday,unified_goodware_balanced
db9fb5f352b1feb6a269986cb916aa4e7899e7e050ab68ea2deb6a5b3d4a9dc7,goodware_balanced__everyday__db9fb5f352b1feb6a269986cb916aa4e7899e7e050ab68ea2deb6a5b3d4a9dc7,balanced_goodware,0,notepadpp,train,train,x64,everyday,unified_goodware_balanced
dba254b1446808887d452bcd6c27685462c39dc2f1da181765f0898b4eb1b953,goodware_balanced__everyday__dba254b1446808887d452bcd6c27685462c39dc2f1da181765f0898b4eb1b953,balanced_goodware,0,rstudio,train,train,x86,everyday,unified_goodware_balanced
dbb0040cd73c83aac965319eaafe81a962154668eb2e7773d79a6a8040b446b0,goodware_balanced__everyday__dbb0040cd73c83aac965319eaafe81a962154668eb2e7773d79a6a8040b446b0,balanced_goodware,0,vim,train,train,x86,everyday,unified_goodware_balanced
dbd79981d441b65d25f5b21fa29c9093734afe99960e1f1e9e2fed3239c543a5,goodware_balanced__everyday__dbd79981d441b65d25f5b21fa29c9093734afe99960e1f1e9e2fed3239c543a5,balanced_goodware,0,notepadpp,train,train,x64,everyday,unified_goodware_balanced
dbf494a8558ab3a12f7d79c3a9d4b27167ad1b56998946a93b9d4b0c8e97843b,goodware_balanced__everyday__dbf494a8558ab3a12f7d79c3a9d4b27167ad1b56998946a93b9d4b0c8e97843b,balanced_goodware,0,freecad,train,train,x64,everyday,unified_goodware_balanced
dc8ae6136313ed0ee26aed6e9d3a192413d62e12c7c568fae5a7abb784ca4c72,goodware_balanced__everyday__dc8ae6136313ed0ee26aed6e9d3a192413d62e12c7c568fae5a7abb784ca4c72,balanced_goodware,0,rstudio,train,train,x86,everyday,unified_goodware_balanced
dcdb9bd39b6014434190a9949dedf633726fdb470e95cc47cdaa47c1964b969f,goodware_balanced__everyday__dcdb9bd39b6014434190a9949dedf633726fdb470e95cc47cdaa47c1964b969f,balanced_goodware,0,sysinternals,val,train,x86,everyday,unified_goodware_balanced
dcdc6ec773103d01ec77cc18e4014a907a3c118743191cad71aad3c659e29ba7,goodware_balanced__everyday__dcdc6ec773103d01ec77cc18e4014a907a3c118743191cad71aad3c659e29ba7,balanced_goodware,0,sysinternals,val,train,x86,everyday,unified_goodware_balanced
dd08a7a10990f6a1582f7373b90c33ca12b04dd6c24d7ea5eb4718716cc36d57,goodware_balanced__everyday__dd08a7a10990f6a1582f7373b90c33ca12b04dd6c24d7ea5eb4718716cc36d57,balanced_goodware,0,obs,train,train,x64,everyday,unified_goodware_balanced
dd0d1a8c4511261333e90a94d9912000592c46731b615aa7a37cd2b3eb6a8d58,goodware_balanced__everyday__dd0d1a8c4511261333e90a94d9912000592c46731b615aa7a37cd2b3eb6a8d58,balanced_goodware,0,notepadpp,train,train,x86,everyday,unified_goodware_balanced
dd133bb31359ad425c3c8196102c74d11e41ab357132d9cfca76aa0dfa29c549,goodware_balanced__everyday__dd133bb31359ad425c3c8196102c74d11e41ab357132d9cfca76aa0dfa29c549,balanced_goodware,0,inkscape,train,train,x64,everyday,unified_goodware_balanced
dd1aaf87878b234e18dbed4d5e7d6334d1a152739cd9f81cf37ceab08c396147,goodware_balanced__everyday__dd1aaf87878b234e18dbed4d5e7d6334d1a152739cd9f81cf37ceab08c396147,balanced_goodware,0,freecad,train,train,x64,everyday,unified_goodware_balanced
dd6871de4cdf3009f12077ba9238f1f5c3dd7d28bf7842794a616adb00858bc7,goodware_balanced__everyday__dd6871de4cdf3009f12077ba9238f1f5c3dd7d28bf7842794a616adb00858bc7,balanced_goodware,0,scribus,train,train,x64,everyday,unified_goodware_balanced
dd7eeb3dd57a4e0262634b7023507325947e789b2ec06ec6006ecf4c62074837,goodware_balanced__everyday__dd7eeb3dd57a4e0262634b7023507325947e789b2ec06ec6006ecf4c62074837,balanced_goodware,0,zotero,test,test,x64,everyday,unified_goodware_balanced
dd9b48fe5200bfa686040e95f0584c0f4cb4d0c40474fbf6f31cddc3671e889f,goodware_balanced__everyday__dd9b48fe5200bfa686040e95f0584c0f4cb4d0c40474fbf6f31cddc3671e889f,balanced_goodware,0,krita,train,train,x64,everyday,unified_goodware_balanced
dde04e5f52072112562e46402b396685b34d18c8a81fef98d4d175f9da712d83,goodware_balanced__everyday__dde04e5f52072112562e46402b396685b34d18c8a81fef98d4d175f9da712d83,balanced_goodware,0,zotero,test,test,x64,everyday,unified_goodware_balanced
de0059f55b67c973cfb5d0e31c033fcd6d159b014fcee74b5299acbd7256ea8e,goodware_balanced__everyday__de0059f55b67c973cfb5d0e31c033fcd6d159b014fcee74b5299acbd7256ea8e,balanced_goodware,0,freecad,train,train,x64,everyday,unified_goodware_balanced
de35388e089cbcd723ad7ec968ea4ff1d3811f5b0f5c66606bfeb7d7906631f9,goodware_balanced__everyday__de35388e089cbcd723ad7ec968ea4ff1d3811f5b0f5c66606bfeb7d7906631f9,balanced_goodware,0,inkscape,train,train,x64,everyday,unified_goodware_balanced
df218749a7126692209a16c3566924daedba00eac3d69ac62e598bd45135085f,goodware_balanced__everyday__df218749a7126692209a16c3566924daedba00eac3d69ac62e598bd45135085f,balanced_goodware,0,rstudio,train,train,x64,everyday,unified_goodware_balanced
e02be5cffeb8323ec12fb701b68bf8a5204fefdf1722de7650a2c9fc8ac78eaa,goodware_balanced__everyday__e02be5cffeb8323ec12fb701b68bf8a5204fefdf1722de7650a2c9fc8ac78eaa,balanced_goodware,0,libreoffice,train,train,x64,everyday,unified_goodware_balanced
e0305e88dcb41a3d71e1492d8459e48b5657612ee7c98a7f9eaef7c7664d1598,goodware_balanced__everyday__e0305e88dcb41a3d71e1492d8459e48b5657612ee7c98a7f9eaef7c7664d1598,balanced_goodware,0,vim,train,train,x64,everyday,unified_goodware_balanced
e03dad3283a8ed8d12a1cd60186872e08ebd11abc61de9d5240377269707e67c,goodware_balanced__everyday__e03dad3283a8ed8d12a1cd60186872e08ebd11abc61de9d5240377269707e67c,balanced_goodware,0,krita,train,train,x64,everyday,unified_goodware_balanced
e0dc3112796dbaa37f25ab54b7fac2fbf791cbc6e36a84fc61c6423b84a3677b,goodware_balanced__everyday__e0dc3112796dbaa37f25ab54b7fac2fbf791cbc6e36a84fc61c6423b84a3677b,balanced_goodware,0,scribus,train,train,x86,everyday,unified_goodware_balanced
e1000ef817a5d8db82d1d58022c7ee3e1edffd2f9da15781902a4de2b71242e1,goodware_balanced__everyday__e1000ef817a5d8db82d1d58022c7ee3e1edffd2f9da15781902a4de2b71242e1,balanced_goodware,0,rstudio,train,train,x86,everyday,unified_goodware_balanced
e1e724af90e427de5d38f311d088fa14f2f370cad0e71752922754f0a44ba6db,goodware_balanced__everyday__e1e724af90e427de5d38f311d088fa14f2f370cad0e71752922754f0a44ba6db,balanced_goodware,0,obs,train,train,x64,everyday,unified_goodware_balanced
e254f3cb131035214e152146016abd08cca3dc12c8d810e2809f27e363654c1c,goodware_balanced__everyday__e254f3cb131035214e152146016abd08cca3dc12c8d810e2809f27e363654c1c,balanced_goodware,0,obs,train,train,x64,everyday,unified_goodware_balanced
e2837be10257ee5b1441c7056aa5f92c46fb5ac24d1e4e00ffc0a2d1cfe637bc,goodware_balanced__everyday__e2837be10257ee5b1441c7056aa5f92c46fb5ac24d1e4e00ffc0a2d1cfe637bc,balanced_goodware,0,sysinternals,val,train,x64,everyday,unified_goodware_balanced
e28f3d1adba5bf9ced97c0cfcdd63dc19a7f74ffe6aa3a1b25ef57c613bccbf8,goodware_balanced__everyday__e28f3d1adba5bf9ced97c0cfcdd63dc19a7f74ffe6aa3a1b25ef57c613bccbf8,balanced_goodware,0,krita,train,train,x64,everyday,unified_goodware_balanced
e2c9b3d6346ff078546d100cabc0f68bdc23cefd34f55d6fa706cfa978999610,goodware_balanced__everyday__e2c9b3d6346ff078546d100cabc0f68bdc23cefd34f55d6fa706cfa978999610,balanced_goodware,0,inkscape,train,train,x64,everyday,unified_goodware_balanced
e311315166dc94845af96ffc49107205841aaa58e7c5115d135d5dc559dee567,goodware_balanced__everyday__e311315166dc94845af96ffc49107205841aaa58e7c5115d135d5dc559dee567,balanced_goodware,0,freecad,train,train,x64,everyday,unified_goodware_balanced
e329ec41d531fd65c97f3117b589df288e34d85223899907e572519670308324,goodware_balanced__everyday__e329ec41d531fd65c97f3117b589df288e34d85223899907e572519670308324,balanced_goodware,0,inkscape,train,train,x64,everyday,unified_goodware_balanced
e3651cbd3a91b742d662dc11a9d9a6b4e03c652b8b694d90298d38d446885039,goodware_balanced__everyday__e3651cbd3a91b742d662dc11a9d9a6b4e03c652b8b694d90298d38d446885039,balanced_goodware,0,rstudio,train,train,x86,everyday,unified_goodware_balanced
e39da31d87c447cfa9c5b1251df92ff418f9e873997e76ccab1ccca72c9d65d9,goodware_balanced__everyday__e39da31d87c447cfa9c5b1251df92ff418f9e873997e76ccab1ccca72c9d65d9,balanced_goodware,0,sysinternals,val,train,x86,everyday,unified_goodware_balanced
e3e5f4d20430107bc2f8de10b06e088c1f8f144530b611a7fb8087ebe29efc7c,goodware_balanced__everyday__e3e5f4d20430107bc2f8de10b06e088c1f8f144530b611a7fb8087ebe29efc7c,balanced_goodware,0,freecad,train,train,x64,everyday,unified_goodware_balanced
e451287843b3927c6046eaabd3e22b929bc1f445eec23a73b1398b115d02e4fb,goodware_balanced__everyday__e451287843b3927c6046eaabd3e22b929bc1f445eec23a73b1398b115d02e4fb,balanced_goodware,0,sysinternals,val,train,x64,everyday,unified_goodware_balanced
e492d5af6e53aaea3f3b4af095aba68e9cd3b0c06ceb470468ea18546624c375,goodware_balanced__everyday__e492d5af6e53aaea3f3b4af095aba68e9cd3b0c06ceb470468ea18546624c375,balanced_goodware,0,zotero,test,test,x64,everyday,unified_goodware_balanced
e4a5a2409213dbc121371945eabe3476fcdfe08f8e0456ad44c126a6e1a4c8b6,goodware_balanced__everyday__e4a5a2409213dbc121371945eabe3476fcdfe08f8e0456ad44c126a6e1a4c8b6,balanced_goodware,0,freecad,train,train,x64,everyday,unified_goodware_balanced
e51af69a548541f9c16a1ebc61ff1a43c9a3b565d3ae2c4e2abcdbb116a07dab,goodware_balanced__everyday__e51af69a548541f9c16a1ebc61ff1a43c9a3b565d3ae2c4e2abcdbb116a07dab,balanced_goodware,0,kicad,train,train,x64,everyday,unified_goodware_balanced
e5a281f7154fb2d1888b9d8681190bd1240525b4d09ac1cbc1ad01c500272a02,goodware_balanced__everyday__e5a281f7154fb2d1888b9d8681190bd1240525b4d09ac1cbc1ad01c500272a02,balanced_goodware,0,libreoffice,train,train,x64,everyday,unified_goodware_balanced
e5ac3bdf5e21430c92e610c4b092b3dd502ccdb514669db87103598686d157f6,goodware_balanced__everyday__e5ac3bdf5e21430c92e610c4b092b3dd502ccdb514669db87103598686d157f6,balanced_goodware,0,libreoffice,train,train,x64,everyday,unified_goodware_balanced
e65a355edf1b9c208c3fcd2744496c5e5ab0fd5876b161157505ccd80a23df69,goodware_balanced__everyday__e65a355edf1b9c208c3fcd2744496c5e5ab0fd5876b161157505ccd80a23df69,balanced_goodware,0,libreoffice,train,train,x64,everyday,unified_goodware_balanced
e6889dafd5028a42471d838909a06d7ebd06a35f87d6bd0054c295886dd4158e,goodware_balanced__everyday__e6889dafd5028a42471d838909a06d7ebd06a35f87d6bd0054c295886dd4158e,balanced_goodware,0,inkscape,train,train,x64,everyday,unified_goodware_balanced
e74fce7b487227e8d8cfb6efed3638158e900881f9fcb6076ed7d1e27d1a64b7,goodware_balanced__everyday__e74fce7b487227e8d8cfb6efed3638158e900881f9fcb6076ed7d1e27d1a64b7,balanced_goodware,0,obs,train,train,x64,everyday,unified_goodware_balanced
e79066670cd8e8b95662f4cd417c4fa6f5b0c77e856a7b41c7de0e00059ba6f2,goodware_balanced__everyday__e79066670cd8e8b95662f4cd417c4fa6f5b0c77e856a7b41c7de0e00059ba6f2,balanced_goodware,0,obs,train,train,x64,everyday,unified_goodware_balanced
e816c713a44fc46d463273e5ffa7073ecf4cf65374565ddc287be705cf380625,goodware_balanced__everyday__e816c713a44fc46d463273e5ffa7073ecf4cf65374565ddc287be705cf380625,balanced_goodware,0,krita,train,train,x64,everyday,unified_goodware_balanced
e9105d08d4170eac5790bab271b255e945ea0a7b7a1fa50e2d2404889dbb1012,goodware_balanced__everyday__e9105d08d4170eac5790bab271b255e945ea0a7b7a1fa50e2d2404889dbb1012,balanced_goodware,0,kicad,train,train,x64,everyday,unified_goodware_balanced
e9513840e2b96db8ceeb41cf6f5fdb85e58fe7dc44b6b9afb62b198c5505aa88,goodware_balanced__everyday__e9513840e2b96db8ceeb41cf6f5fdb85e58fe7dc44b6b9afb62b198c5505aa88,balanced_goodware,0,obs,train,train,x86,everyday,unified_goodware_balanced
e970913798481432cd590991577089e68510b861dc669dcab24feb06aae0df52,goodware_balanced__everyday__e970913798481432cd590991577089e68510b861dc669dcab24feb06aae0df52,balanced_goodware,0,sysinternals,val,train,x64,everyday,unified_goodware_balanced
ea147b27f6d6a64c54d9d9229e77cf6b4399601ce49ed698b4a3033ffc7f081d,goodware_balanced__everyday__ea147b27f6d6a64c54d9d9229e77cf6b4399601ce49ed698b4a3033ffc7f081d,balanced_goodware,0,obs,train,train,x64,everyday,unified_goodware_balanced
ea253ef7bc0894d81b061599f91c7d6c4ae3d5d7e07a0dd12c9e4a135303b398,goodware_balanced__everyday__ea253ef7bc0894d81b061599f91c7d6c4ae3d5d7e07a0dd12c9e4a135303b398,balanced_goodware,0,libreoffice,train,train,x64,everyday,unified_goodware_balanced
ea56edd9516bc802a7f7bbe3c181179e4eac79ab76bbfa684da62e03415fc126,goodware_balanced__everyday__ea56edd9516bc802a7f7bbe3c181179e4eac79ab76bbfa684da62e03415fc126,balanced_goodware,0,inkscape,train,train,x64,everyday,unified_goodware_balanced
ea845b43c323e35df041b8914a520f1d9643e3689454ab3049c2103458a0142d,goodware_balanced__everyday__ea845b43c323e35df041b8914a520f1d9643e3689454ab3049c2103458a0142d,balanced_goodware,0,sysinternals,val,train,x86,everyday,unified_goodware_balanced
ea8be07160565096f76844aecc28b87eb9b1a8eec1cd27d8023ead197fcb8cbb,goodware_balanced__everyday__ea8be07160565096f76844aecc28b87eb9b1a8eec1cd27d8023ead197fcb8cbb,balanced_goodware,0,kicad,train,train,x64,everyday,unified_goodware_balanced
eb0cf2e33accce9fdd086f0fa367d3a9296d30efa773efa61cecb208be425170,goodware_balanced__everyday__eb0cf2e33accce9fdd086f0fa367d3a9296d30efa773efa61cecb208be425170,balanced_goodware,0,libreoffice,train,train,x64,everyday,unified_goodware_balanced
eb1215ad89c84666ab3888b3b7e52f4378dc73ef4ed3c385fe711866f51cdc36,goodware_balanced__everyday__eb1215ad89c84666ab3888b3b7e52f4378dc73ef4ed3c385fe711866f51cdc36,balanced_goodware,0,gitextensions,test,test,x64,everyday,unified_goodware_balanced
ec23b70ece5adda17c6e1d53fdbd901abb42726710c64d24c2ab4ebf97f237cf,goodware_balanced__everyday__ec23b70ece5adda17c6e1d53fdbd901abb42726710c64d24c2ab4ebf97f237cf,balanced_goodware,0,inkscape,train,train,x64,everyday,unified_goodware_balanced
ed04a4823f221e9197b8f3c3da1d6859ff5b176185bde2f1c923a442516c810a,goodware_balanced__everyday__ed04a4823f221e9197b8f3c3da1d6859ff5b176185bde2f1c923a442516c810a,balanced_goodware,0,bitwarden,test,test,x86,everyday,unified_goodware_balanced
ed15d49c2d32321d8a05c98acc1862536b854f57c0470382fe8a78f06b606f10,goodware_balanced__everyday__ed15d49c2d32321d8a05c98acc1862536b854f57c0470382fe8a78f06b606f10,balanced_goodware,0,gitextensions,test,test,x86,everyday,unified_goodware_balanced
ed2944f3ec41f7039de2f0b64de6c532b0456d448e5b824df52182d6bc6b4dc5,goodware_balanced__everyday__ed2944f3ec41f7039de2f0b64de6c532b0456d448e5b824df52182d6bc6b4dc5,balanced_goodware,0,obs,train,train,x64,everyday,unified_goodware_balanced
ed5cba391500f8ff7ca34787bbf2f3a211f24aea2cf5ce2b644d5e017eee7619,goodware_balanced__everyday__ed5cba391500f8ff7ca34787bbf2f3a211f24aea2cf5ce2b644d5e017eee7619,balanced_goodware,0,freecad,train,train,x64,everyday,unified_goodware_balanced
ed9e641d2f8af90b5d40b63913b5e43bea5df3e9b048623accf9a5f3c38c0114,goodware_balanced__everyday__ed9e641d2f8af90b5d40b63913b5e43bea5df3e9b048623accf9a5f3c38c0114,balanced_goodware,0,freecad,train,train,x64,everyday,unified_goodware_balanced
edc6f1ae481ee6b19aa53cc9d7493e5ef0dc3fdc8decc6b9c3efa0d13ee2225a,goodware_balanced__everyday__edc6f1ae481ee6b19aa53cc9d7493e5ef0dc3fdc8decc6b9c3efa0d13ee2225a,balanced_goodware,0,zotero,test,test,x64,everyday,unified_goodware_balanced
ede2d84ab473e7365ea53e393e13a6df9ceff965953250b6f4a9acaf4839c956,goodware_balanced__everyday__ede2d84ab473e7365ea53e393e13a6df9ceff965953250b6f4a9acaf4839c956,balanced_goodware,0,kicad,train,train,x64,everyday,unified_goodware_balanced
edfae1a69522f87b12c6dac3225d930e4848832e3c551ee1e7d31736bf4525ef,goodware_balanced__everyday__edfae1a69522f87b12c6dac3225d930e4848832e3c551ee1e7d31736bf4525ef,balanced_goodware,0,sysinternals,val,train,x64,everyday,unified_goodware_balanced
ee257df943a679a5bb5223d6e15abffeaf5838d878dde754b000445b279593c3,goodware_balanced__everyday__ee257df943a679a5bb5223d6e15abffeaf5838d878dde754b000445b279593c3,balanced_goodware,0,libreoffice,train,train,x64,everyday,unified_goodware_balanced
ee2c4850e62277e5efded460afd708af22007ef5f2c2c9dae7a699fc3de346d0,goodware_balanced__everyday__ee2c4850e62277e5efded460afd708af22007ef5f2c2c9dae7a699fc3de346d0,balanced_goodware,0,sysinternals,val,train,x64,everyday,unified_goodware_balanced
ee382079abb647c219d15c206d6abf80498028989cd1132a6edc80f8763fb3c3,goodware_balanced__everyday__ee382079abb647c219d15c206d6abf80498028989cd1132a6edc80f8763fb3c3,balanced_goodware,0,rstudio,train,train,x64,everyday,unified_goodware_balanced
ee470708a580bde7f91b77703853800d4ed36eea4d8ded81d96fc27dd40a77a8,goodware_balanced__everyday__ee470708a580bde7f91b77703853800d4ed36eea4d8ded81d96fc27dd40a77a8,balanced_goodware,0,libreoffice,train,train,x64,everyday,unified_goodware_balanced
ee62aa6859e1030f022c9e5183e4eb39dcb15c78cfa57c7bc6a4fc7cf770673e,goodware_balanced__everyday__ee62aa6859e1030f022c9e5183e4eb39dcb15c78cfa57c7bc6a4fc7cf770673e,balanced_goodware,0,rstudio,train,train,x64,everyday,unified_goodware_balanced
eef1491ff437a4de2c96a96f1b8e73755b15e4f5afffbb00994a82a2e0b3a713,goodware_balanced__everyday__eef1491ff437a4de2c96a96f1b8e73755b15e4f5afffbb00994a82a2e0b3a713,balanced_goodware,0,zotero,test,test,x64,everyday,unified_goodware_balanced
eff5baa9d7677fddfb589418a38f66a8ec0a4c91beed5cbf1be5f4857f38c9c0,goodware_balanced__everyday__eff5baa9d7677fddfb589418a38f66a8ec0a4c91beed5cbf1be5f4857f38c9c0,balanced_goodware,0,krita,train,train,x64,everyday,unified_goodware_balanced
f0062cd2eafd85b4042fc13557e788c6c7f1745bce80b2541d9464fa4b100e6d,goodware_balanced__everyday__f0062cd2eafd85b4042fc13557e788c6c7f1745bce80b2541d9464fa4b100e6d,balanced_goodware,0,freecad,train,train,x64,everyday,unified_goodware_balanced
f0b3777c0568760a8c64491de877a4e71e50616bd7f476536cf34d50322ffe0c,goodware_balanced__everyday__f0b3777c0568760a8c64491de877a4e71e50616bd7f476536cf34d50322ffe0c,balanced_goodware,0,vim,train,train,x64,everyday,unified_goodware_balanced
f1564b3c3eee87d62ef04ccf2c6b453020d3547faa2ccc5c9e2cef94fe659f2f,goodware_balanced__everyday__f1564b3c3eee87d62ef04ccf2c6b453020d3547faa2ccc5c9e2cef94fe659f2f,balanced_goodware,0,sysinternals,val,train,x64,everyday,unified_goodware_balanced
f2069a52880ec885ee7f0511186100eb7fada0411a2b4948fafea7735b878a18,goodware_balanced__everyday__f2069a52880ec885ee7f0511186100eb7fada0411a2b4948fafea7735b878a18,balanced_goodware,0,foobar2000,train,train,x64,everyday,unified_goodware_balanced
f2331c006742a46c671917f6067b7f4f331a687703f5df327fd2d78ae80df105,goodware_balanced__everyday__f2331c006742a46c671917f6067b7f4f331a687703f5df327fd2d78ae80df105,balanced_goodware,0,foobar2000,train,train,x64,everyday,unified_goodware_balanced
f23c10c525f2273d53293c56821b7095732ace091b7825ed7b21bf79b05d52a9,goodware_balanced__everyday__f23c10c525f2273d53293c56821b7095732ace091b7825ed7b21bf79b05d52a9,balanced_goodware,0,sysinternals,val,train,x86,everyday,unified_goodware_balanced
f28bd69d9f76ce57c4cc0bf665c15338347805df97ef6117f940ab3227ece9cf,goodware_balanced__everyday__f28bd69d9f76ce57c4cc0bf665c15338347805df97ef6117f940ab3227ece9cf,balanced_goodware,0,obs,train,train,x64,everyday,unified_goodware_balanced
f2bbd6ec82c6bd85d9da1845804eec2aaeba140b81ee34c4448e172c2b5d0bef,goodware_balanced__everyday__f2bbd6ec82c6bd85d9da1845804eec2aaeba140b81ee34c4448e172c2b5d0bef,balanced_goodware,0,krita,train,train,x64,everyday,unified_goodware_balanced
f3acd1286c88599201f07df8d6caf7f20aa7fe8623a0f852bf19f273c44473d5,goodware_balanced__everyday__f3acd1286c88599201f07df8d6caf7f20aa7fe8623a0f852bf19f273c44473d5,balanced_goodware,0,gitextensions,test,test,x64,everyday,unified_goodware_balanced
f3da93c5385ca2060cb713521d1cf478e4db455fb8ec8a10a3f6dcaee797047f,goodware_balanced__everyday__f3da93c5385ca2060cb713521d1cf478e4db455fb8ec8a10a3f6dcaee797047f,balanced_goodware,0,kicad,train,train,x64,everyday,unified_goodware_balanced
f4318b06bacb82b4ddcbf0707de81d2b8856097cfad624124f1aeec1845839a6,goodware_balanced__everyday__f4318b06bacb82b4ddcbf0707de81d2b8856097cfad624124f1aeec1845839a6,balanced_goodware,0,freecad,train,train,x64,everyday,unified_goodware_balanced
f573204372a49d147ab0e55e3dd958564620734cd3115b1cef061a82e043a394,goodware_balanced__everyday__f573204372a49d147ab0e55e3dd958564620734cd3115b1cef061a82e043a394,balanced_goodware,0,inkscape,train,train,x64,everyday,unified_goodware_balanced
f66d4ff92204ec372b31acd142c87e96cf0850a2b3fc62fb33bce69d55a5bdb8,goodware_balanced__everyday__f66d4ff92204ec372b31acd142c87e96cf0850a2b3fc62fb33bce69d55a5bdb8,balanced_goodware,0,inkscape,train,train,x64,everyday,unified_goodware_balanced
f6c0d5a6c911de1920ff9146c6ae9551e283cb8207c92287ffd49a937ff95fe3,goodware_balanced__everyday__f6c0d5a6c911de1920ff9146c6ae9551e283cb8207c92287ffd49a937ff95fe3,balanced_goodware,0,inkscape,train,train,x64,everyday,unified_goodware_balanced
f79dc37d5da5158e765adc9d2256c3dc26727f830114f92ed71f3bee2a1a0766,goodware_balanced__everyday__f79dc37d5da5158e765adc9d2256c3dc26727f830114f92ed71f3bee2a1a0766,balanced_goodware,0,zotero,test,test,x64,everyday,unified_goodware_balanced
f829e6aea3062557a76e5b430e415a34b8de17dd71bb1aa4d14a112f9b24c85b,goodware_balanced__everyday__f829e6aea3062557a76e5b430e415a34b8de17dd71bb1aa4d14a112f9b24c85b,balanced_goodware,0,krita,train,train,x64,everyday,unified_goodware_balanced
f8f2eada2831b90d341fe11fa13936c8523ef49dfc3d895d0b4580f804e958f4,goodware_balanced__everyday__f8f2eada2831b90d341fe11fa13936c8523ef49dfc3d895d0b4580f804e958f4,balanced_goodware,0,kicad,train,train,x64,everyday,unified_goodware_balanced
f990a0b8a0b51dee1f6c4750afba512267241f755116065c13246c0b9286821c,goodware_balanced__everyday__f990a0b8a0b51dee1f6c4750afba512267241f755116065c13246c0b9286821c,balanced_goodware,0,kicad,train,train,x64,everyday,unified_goodware_balanced
fa367ae36bfbe7c989c24c7abbb13482fc20bc35e7812dc377aa1c281ee14cc0,goodware_balanced__everyday__fa367ae36bfbe7c989c24c7abbb13482fc20bc35e7812dc377aa1c281ee14cc0,balanced_goodware,0,steam,test,test,x86,everyday,unified_goodware_balanced
fa3ec467597a1d6cda9c02202595c0acbbe1dbb09e9866c09488830c7883d295,goodware_balanced__everyday__fa3ec467597a1d6cda9c02202595c0acbbe1dbb09e9866c09488830c7883d295,balanced_goodware,0,libreoffice,train,train,x64,everyday,unified_goodware_balanced
fabd82a4c6c90ac7153b473d9cde0d9e44ea65459c5b4329af1cd0a2993ed9b0,goodware_balanced__everyday__fabd82a4c6c90ac7153b473d9cde0d9e44ea65459c5b4329af1cd0a2993ed9b0,balanced_goodware,0,libreoffice,train,train,x64,everyday,unified_goodware_balanced
fb0d02ea26bb1e5df5a07147931caf1ae3d7d1d9b4d83f168b678e7f3a1c0ecd,goodware_balanced__everyday__fb0d02ea26bb1e5df5a07147931caf1ae3d7d1d9b4d83f168b678e7f3a1c0ecd,balanced_goodware,0,sysinternals,val,train,x64,everyday,unified_goodware_balanced
fda85fa87d43734c79307323f1cfcd244feee1b361916373cf97038a67368dfb,goodware_balanced__everyday__fda85fa87d43734c79307323f1cfcd244feee1b361916373cf97038a67368dfb,balanced_goodware,0,obs,train,train,x64,everyday,unified_goodware_balanced
fe0334231967d68201cc311f6b45673f8aa095a29a63fd19783726781325bae9,goodware_balanced__everyday__fe0334231967d68201cc311f6b45673f8aa095a29a63fd19783726781325bae9,balanced_goodware,0,krita,train,train,x64,everyday,unified_goodware_balanced
fe3f386f43aa2e1e99463ea6c8a680ec770ef419658c7e254c6d63924c2e3de5,goodware_balanced__everyday__fe3f386f43aa2e1e99463ea6c8a680ec770ef419658c7e254c6d63924c2e3de5,balanced_goodware,0,zotero,test,test,x64,everyday,unified_goodware_balanced
ff6273a7ed3e7942a2219db89a52d25e249324fe45a665a7bf6116fbe3b8940b,goodware_balanced__everyday__ff6273a7ed3e7942a2219db89a52d25e249324fe45a665a7bf6116fbe3b8940b,balanced_goodware,0,freecad,train,train,x64,everyday,unified_goodware_balanced
ff995ea3af81fa04506421831e303d3db776bdb7bbe9e6087af8859975fcbfe0,goodware_balanced__everyday__ff995ea3af81fa04506421831e303d3db776bdb7bbe9e6087af8859975fcbfe0,balanced_goodware,0,kicad,train,train,x64,everyday,unified_goodware_balanced
ffdf8d2413b08f4f9a812eeb0c7bdd61c2276a3d852930bec4346a424fc95fea,goodware_balanced__everyday__ffdf8d2413b08f4f9a812eeb0c7bdd61c2276a3d852930bec4346a424fc95fea,balanced_goodware,0,freecad,train,train,x64,everyday,unified_goodware_balanced
0024c8ebf0deda45f66a000f7f0e63ab9fbe90dde7f29ba45be811df015cd8d7,goodware_balanced__hard_negative__0024c8ebf0deda45f66a000f7f0e63ab9fbe90dde7f29ba45be811df015cd8d7,balanced_goodware,0,llvm,train,train,x64,hard_negative,unified_goodware_balanced
023ff0bbd6fe5d08b0b36935435f7617453d3cda87f66a966841b299fb82d884,goodware_balanced__hard_negative__023ff0bbd6fe5d08b0b36935435f7617453d3cda87f66a966841b299fb82d884,balanced_goodware,0,msys2,train,train,x64,hard_negative,unified_goodware_balanced
02c6aa0e6e624411a9f19b0360a7865ab15908e26024510e5c38a9c08362c35a,goodware_balanced__hard_negative__02c6aa0e6e624411a9f19b0360a7865ab15908e26024510e5c38a9c08362c35a,balanced_goodware,0,clamav,train,train,x64,hard_negative,unified_goodware_balanced
02eb5bc42001e7cf234c78582dc8eac581043c466374247211decb3b5f958798,goodware_balanced__hard_negative__02eb5bc42001e7cf234c78582dc8eac581043c466374247211decb3b5f958798,balanced_goodware,0,keepassxc,train,train,x64,hard_negative,unified_goodware_balanced
032d5eabad191243218830ce05360b8de82f14b3abe0b52179acfff47d291ae3,goodware_balanced__hard_negative__032d5eabad191243218830ce05360b8de82f14b3abe0b52179acfff47d291ae3,balanced_goodware,0,clamav,train,train,x64,hard_negative,unified_goodware_balanced
0351b93f56319d3798761119b3ada8fcce6f3a1335f1eee944a60819336f45c8,goodware_balanced__hard_negative__0351b93f56319d3798761119b3ada8fcce6f3a1335f1eee944a60819336f45c8,balanced_goodware,0,llvm,train,train,x64,hard_negative,unified_goodware_balanced
04e86e1a3db487ce85091448b0a4c6ef3a3bb4e9da2032f0e8f5fdcab28d3ea7,goodware_balanced__hard_negative__04e86e1a3db487ce85091448b0a4c6ef3a3bb4e9da2032f0e8f5fdcab28d3ea7,balanced_goodware,0,sdelete,test,test,x86,hard_negative,unified_goodware_balanced
0534cef5f54eb6d10b2e90bd6089dc413c555771e12220be9a5cc48adddc803d,goodware_balanced__hard_negative__0534cef5f54eb6d10b2e90bd6089dc413c555771e12220be9a5cc48adddc803d,balanced_goodware,0,sqlitebrowser,train,train,x64,hard_negative,unified_goodware_balanced
06a3fbab9e15af54b788d5e0e5354ad41240351f1496aeddcb43df9fd9c99b8c,goodware_balanced__hard_negative__06a3fbab9e15af54b788d5e0e5354ad41240351f1496aeddcb43df9fd9c99b8c,balanced_goodware,0,bleachbit,train,train,x86,hard_negative,unified_goodware_balanced
06bd1d8d9c867a96e6f8a0f6b830768284947f2ad20d1856d7096507c1e63126,goodware_balanced__hard_negative__06bd1d8d9c867a96e6f8a0f6b830768284947f2ad20d1856d7096507c1e63126,balanced_goodware,0,gpg4win,train,train,x64,hard_negative,unified_goodware_balanced
071b0d3a08503a8b88aeeda1d20f371a563377028f6e252dc66cce60ab8f823e,goodware_balanced__hard_negative__071b0d3a08503a8b88aeeda1d20f371a563377028f6e252dc66cce60ab8f823e,balanced_goodware,0,defender_defs,val,train,x64,hard_negative,unified_goodware_balanced
072e118022df20c1807207dc3be15aaacf5fdb9e08199c041fae4f0a61178865,goodware_balanced__hard_negative__072e118022df20c1807207dc3be15aaacf5fdb9e08199c041fae4f0a61178865,balanced_goodware,0,keepassxc,train,train,x64,hard_negative,unified_goodware_balanced
07642f8668ff23fe987c33a92ad92d52ad8c7c58e0e2306af6332e38a7433876,goodware_balanced__hard_negative__07642f8668ff23fe987c33a92ad92d52ad8c7c58e0e2306af6332e38a7433876,balanced_goodware,0,clamav,train,train,x64,hard_negative,unified_goodware_balanced
083f482c8656c86932c28906445cb3c10c0c5ee649a90ff3e0080ee4447d3dfc,goodware_balanced__hard_negative__083f482c8656c86932c28906445cb3c10c0c5ee649a90ff3e0080ee4447d3dfc,balanced_goodware,0,cmake,test,test,x64,hard_negative,unified_goodware_balanced
0860ffe3366164e90d32b6c6e743e59bae2817467741a7b525cb0d148e8e7824,goodware_balanced__hard_negative__0860ffe3366164e90d32b6c6e743e59bae2817467741a7b525cb0d148e8e7824,balanced_goodware,0,bazel,test,test,x64,hard_negative,unified_goodware_balanced
087ec10febd6fcf4b4d999b1f4c7a6fcf5f317dbda199f5b948a1d7f1e4f18d2,goodware_balanced__hard_negative__087ec10febd6fcf4b4d999b1f4c7a6fcf5f317dbda199f5b948a1d7f1e4f18d2,balanced_goodware,0,llvm,train,train,x64,hard_negative,unified_goodware_balanced
08e0518f7e4ef40fd7b90a2846825974cffb2dacec62fa881404c0cc3e7866b8,goodware_balanced__hard_negative__08e0518f7e4ef40fd7b90a2846825974cffb2dacec62fa881404c0cc3e7866b8,balanced_goodware,0,clamav,train,train,x64,hard_negative,unified_goodware_balanced
090968d0d9c386924a2838c484855595890da9879544c7d8b4b201f9756712c6,goodware_balanced__hard_negative__090968d0d9c386924a2838c484855595890da9879544c7d8b4b201f9756712c6,balanced_goodware,0,eraser,test,test,x86,hard_negative,unified_goodware_balanced
0cfa774327b40e5c59a64d3ca4d64d402352a1db28885af99892ee5164c1b48f,goodware_balanced__hard_negative__0cfa774327b40e5c59a64d3ca4d64d402352a1db28885af99892ee5164c1b48f,balanced_goodware,0,llvm,train,train,x64,hard_negative,unified_goodware_balanced
0d3715001790f0fd18d3e850f947b540530b2d2deb9a2e6a9e84f2ed7b234235,goodware_balanced__hard_negative__0d3715001790f0fd18d3e850f947b540530b2d2deb9a2e6a9e84f2ed7b234235,balanced_goodware,0,winrar,train,train,x64,hard_negative,unified_goodware_balanced
0e87a2551e1b6a50b20529d44d1a0e0cbdb25e464310ba301129f097d913eecc,goodware_balanced__hard_negative__0e87a2551e1b6a50b20529d44d1a0e0cbdb25e464310ba301129f097d913eecc,balanced_goodware,0,winrar,train,train,x64,hard_negative,unified_goodware_balanced
0eb871f6b0a92159cb712c3e60b79d996b26c5ed5ebe359911d074bf33457022,goodware_balanced__hard_negative__0eb871f6b0a92159cb712c3e60b79d996b26c5ed5ebe359911d074bf33457022,balanced_goodware,0,onedrive,train,train,x64,hard_negative,unified_goodware_balanced
0f05969fb926a62a338782b32446ea3e28e4bfbffc0dbd25ed303fab3404abac,goodware_balanced__hard_negative__0f05969fb926a62a338782b32446ea3e28e4bfbffc0dbd25ed303fab3404abac,balanced_goodware,0,sqlitebrowser,train,train,x64,hard_negative,unified_goodware_balanced
0fdd5dd08bea3b61f2685661b0eff533f4953f3338d4a284e0ffab374ef29638,goodware_balanced__hard_negative__0fdd5dd08bea3b61f2685661b0eff533f4953f3338d4a284e0ffab374ef29638,balanced_goodware,0,msys2,train,train,x64,hard_negative,unified_goodware_balanced
0fe831eeacc938944036f2bbdfde82b2f755a17134727358f1bfc096694d7f89,goodware_balanced__hard_negative__0fe831eeacc938944036f2bbdfde82b2f755a17134727358f1bfc096694d7f89,balanced_goodware,0,msys2,train,train,x64,hard_negative,unified_goodware_balanced
1024b9a10312010a5c833780c164a8951cd09c6a125404d40cccad3abb5b5840,goodware_balanced__hard_negative__1024b9a10312010a5c833780c164a8951cd09c6a125404d40cccad3abb5b5840,balanced_goodware,0,xz,train,train,x86,hard_negative,unified_goodware_balanced
10c04ebbc7aca3d8546ad27233102237422b32958423d9c6e88e4af5730d350e,goodware_balanced__hard_negative__10c04ebbc7aca3d8546ad27233102237422b32958423d9c6e88e4af5730d350e,balanced_goodware,0,keepassxc,train,train,x64,hard_negative,unified_goodware_balanced
1111bc75d354ec186feadee2ec5615b8847d7b31bc2aa4153bd3b63f36ddde7f,goodware_balanced__hard_negative__1111bc75d354ec186feadee2ec5615b8847d7b31bc2aa4153bd3b63f36ddde7f,balanced_goodware,0,bleachbit,train,train,x86,hard_negative,unified_goodware_balanced
115d0d897439d54e7a18578890b143fe19ad75510582de6d67c7bbd138709810,goodware_balanced__hard_negative__115d0d897439d54e7a18578890b143fe19ad75510582de6d67c7bbd138709810,balanced_goodware,0,llvm,train,train,x64,hard_negative,unified_goodware_balanced
1269ead38dd74424a22d85d10bf2ba03f76ca973932a31f883178f811db94ebb,goodware_balanced__hard_negative__1269ead38dd74424a22d85d10bf2ba03f76ca973932a31f883178f811db94ebb,balanced_goodware,0,bleachbit,train,train,x86,hard_negative,unified_goodware_balanced
12b5664c17c2b1f3450f9d377d6899ebcc1c17e878cc6ba3e9f671809a249c09,goodware_balanced__hard_negative__12b5664c17c2b1f3450f9d377d6899ebcc1c17e878cc6ba3e9f671809a249c09,balanced_goodware,0,msys2,train,train,x64,hard_negative,unified_goodware_balanced
13071dc72a97cf3c84fa754714c99f3b91f3aa784393994401bec0a7869cdb51,goodware_balanced__hard_negative__13071dc72a97cf3c84fa754714c99f3b91f3aa784393994401bec0a7869cdb51,balanced_goodware,0,sqlitebrowser,train,train,x64,hard_negative,unified_goodware_balanced
130d6b728ba6f4b129c84cd3a6ee0b71a11219f813c4df181fb6823ffba7f484,goodware_balanced__hard_negative__130d6b728ba6f4b129c84cd3a6ee0b71a11219f813c4df181fb6823ffba7f484,balanced_goodware,0,winrar,train,train,x64,hard_negative,unified_goodware_balanced
1321883a60d7cfb3869ab858c3e9bfb5aa8922ed36b64cddfc5f67cd484762a9,goodware_balanced__hard_negative__1321883a60d7cfb3869ab858c3e9bfb5aa8922ed36b64cddfc5f67cd484762a9,balanced_goodware,0,bandizip,train,train,x64,hard_negative,unified_goodware_balanced
1447c98b9561b543e582fe240834d491da50da4e405c509f9deb1da34fc3cc87,goodware_balanced__hard_negative__1447c98b9561b543e582fe240834d491da50da4e405c509f9deb1da34fc3cc87,balanced_goodware,0,xz,train,train,x64,hard_negative,unified_goodware_balanced
149b5188261ec0a991bdefd7758e41d2e91aabaf571be563057f7cac2ac92ce6,goodware_balanced__hard_negative__149b5188261ec0a991bdefd7758e41d2e91aabaf571be563057f7cac2ac92ce6,balanced_goodware,0,msys2,train,train,x64,hard_negative,unified_goodware_balanced
1549c7049be32695594bedd09bbd352a94b6013a9d5c43364f3c6cd7a09ab61c,goodware_balanced__hard_negative__1549c7049be32695594bedd09bbd352a94b6013a9d5c43364f3c6cd7a09ab61c,balanced_goodware,0,age,val,train,x64,hard_negative,unified_goodware_balanced
18f16150ebdd708359b23eca5f21b9ec784cbe0bc66aff2f4b95a39e8a9b7b82,goodware_balanced__hard_negative__18f16150ebdd708359b23eca5f21b9ec784cbe0bc66aff2f4b95a39e8a9b7b82,balanced_goodware,0,gpg4win,train,train,x64,hard_negative,unified_goodware_balanced
196bd7418c6ca90eb75dfb675ec1f66910dc8df920f956adec41837c2e47fe9b,goodware_balanced__hard_negative__196bd7418c6ca90eb75dfb675ec1f66910dc8df920f956adec41837c2e47fe9b,balanced_goodware,0,bandizip,train,train,x64,hard_negative,unified_goodware_balanced
1982a635db9652304131c9c6ff9a693e70241600d2ef22b354962aa37997de0b,goodware_balanced__hard_negative__1982a635db9652304131c9c6ff9a693e70241600d2ef22b354962aa37997de0b,balanced_goodware,0,dupeguru,val,train,x64,hard_negative,unified_goodware_balanced
1af0212e0482a18547bda9f976c18b0ceb6df8fa222fe7060ab929c9616990f1,goodware_balanced__hard_negative__1af0212e0482a18547bda9f976c18b0ceb6df8fa222fe7060ab929c9616990f1,balanced_goodware,0,llvm,train,train,x64,hard_negative,unified_goodware_balanced
1dae2d754e919acfff8e26c40694e4ef42b1b34805b25a607186efaf88879eb7,goodware_balanced__hard_negative__1dae2d754e919acfff8e26c40694e4ef42b1b34805b25a607186efaf88879eb7,balanced_goodware,0,sqlitebrowser,train,train,x64,hard_negative,unified_goodware_balanced
1e4222f195d84e7355109d778e751dfe3c085e42c947f7fe3d7853181329dd40,goodware_balanced__hard_negative__1e4222f195d84e7355109d778e751dfe3c085e42c947f7fe3d7853181329dd40,balanced_goodware,0,llvm,train,train,x64,hard_negative,unified_goodware_balanced
1f0f5f2ce671e0f68cf96176721df0e5e6f527c8ca9cfa98aa875b5a3816d460,goodware_balanced__hard_negative__1f0f5f2ce671e0f68cf96176721df0e5e6f527c8ca9cfa98aa875b5a3816d460,balanced_goodware,0,dupeguru,val,train,x64,hard_negative,unified_goodware_balanced
2149332a52ee24c8a25000d2922114093a379d20ae74ad7565e616c524edac48,goodware_balanced__hard_negative__2149332a52ee24c8a25000d2922114093a379d20ae74ad7565e616c524edac48,balanced_goodware,0,onedrive,train,train,x64,hard_negative,unified_goodware_balanced
2171b82f75da4c87e3f1f484ed6cde707fa1bb8155a293189691c72cb3bf62b4,goodware_balanced__hard_negative__2171b82f75da4c87e3f1f484ed6cde707fa1bb8155a293189691c72cb3bf62b4,balanced_goodware,0,llvm,train,train,x64,hard_negative,unified_goodware_balanced
2212e66eadd559705e244409354ed264c286a3cac7a3e511737c3d31e2a0f4ae,goodware_balanced__hard_negative__2212e66eadd559705e244409354ed264c286a3cac7a3e511737c3d31e2a0f4ae,balanced_goodware,0,sqlitebrowser,train,train,x64,hard_negative,unified_goodware_balanced
22134aa35616792551e25af1604294390ebbff576a48dcd61269651c5f99ee62,goodware_balanced__hard_negative__22134aa35616792551e25af1604294390ebbff576a48dcd61269651c5f99ee62,balanced_goodware,0,bandizip,train,train,x86,hard_negative,unified_goodware_balanced
2222f8f65af66a89581a2ebf875c5a37df322856f9ffdd3c72ffd6a115db4fdd,goodware_balanced__hard_negative__2222f8f65af66a89581a2ebf875c5a37df322856f9ffdd3c72ffd6a115db4fdd,balanced_goodware,0,7zip,test,test,x86,hard_negative,unified_goodware_balanced
222bee0a9763efba1bd8291d0e1762f70417f0c4fc38bc4f4d4dd546ed866dfd,goodware_balanced__hard_negative__222bee0a9763efba1bd8291d0e1762f70417f0c4fc38bc4f4d4dd546ed866dfd,balanced_goodware,0,clamav,train,train,x64,hard_negative,unified_goodware_balanced
2337b19264211dfbb7c2f29f9ed047f8d54c9236538fde0c7d01a71f02ab2616,goodware_balanced__hard_negative__2337b19264211dfbb7c2f29f9ed047f8d54c9236538fde0c7d01a71f02ab2616,balanced_goodware,0,gpg4win,train,train,x86,hard_negative,unified_goodware_balanced
23ba1f532439a239f3f90fc887084ed62f630db13b5553b8723a035cd1913091,goodware_balanced__hard_negative__23ba1f532439a239f3f90fc887084ed62f630db13b5553b8723a035cd1913091,balanced_goodware,0,bleachbit,train,train,x86,hard_negative,unified_goodware_balanced
242e0a5e5d3d7ea6fafde9909d7b13555fb24e6053eabd1229a0a7cfb54a992a,goodware_balanced__hard_negative__242e0a5e5d3d7ea6fafde9909d7b13555fb24e6053eabd1229a0a7cfb54a992a,balanced_goodware,0,gpg4win,train,train,x64,hard_negative,unified_goodware_balanced
2517c9ba14092a06611d3eec1adb3f2fabed787b79b78c2906d986a78b6ea29e,goodware_balanced__hard_negative__2517c9ba14092a06611d3eec1adb3f2fabed787b79b78c2906d986a78b6ea29e,balanced_goodware,0,xz,train,train,x64,hard_negative,unified_goodware_balanced
25c03cecd756b5f7c7440c0371405744fa4ad821c4a3aff882aa0bff1d5d6dfa,goodware_balanced__hard_negative__25c03cecd756b5f7c7440c0371405744fa4ad821c4a3aff882aa0bff1d5d6dfa,balanced_goodware,0,handbrake,train,train,x64,hard_negative,unified_goodware_balanced
25eeecbe72dd08fc3f719d4c47ffc143200dcba9d4fe3aeba98c5ee2e9800b57,goodware_balanced__hard_negative__25eeecbe72dd08fc3f719d4c47ffc143200dcba9d4fe3aeba98c5ee2e9800b57,balanced_goodware,0,keepassxc,train,train,x64,hard_negative,unified_goodware_balanced
265d2be53a18e7c50a1bd95486d4071dd2ee703700875d6c412ec7ee90158200,goodware_balanced__hard_negative__265d2be53a18e7c50a1bd95486d4071dd2ee703700875d6c412ec7ee90158200,balanced_goodware,0,llvm,train,train,x64,hard_negative,unified_goodware_balanced
2718d0fe42a9d32c172c130e374d67817136914ec4467fe281f1dc09911842b7,goodware_balanced__hard_negative__2718d0fe42a9d32c172c130e374d67817136914ec4467fe281f1dc09911842b7,balanced_goodware,0,msys2,train,train,x64,hard_negative,unified_goodware_balanced
27f6c1ad03dab08c0433d15a49f4381029cc1cf001046b5b33fd7ff104b76fd6,goodware_balanced__hard_negative__27f6c1ad03dab08c0433d15a49f4381029cc1cf001046b5b33fd7ff104b76fd6,balanced_goodware,0,keepassxc,train,train,x64,hard_negative,unified_goodware_balanced
2821a4ed191da07372acd302e5f6feae7a7985e285e1417765ebe74025af45f0,goodware_balanced__hard_negative__2821a4ed191da07372acd302e5f6feae7a7985e285e1417765ebe74025af45f0,balanced_goodware,0,age,val,train,x64,hard_negative,unified_goodware_balanced
2838dc37de3174f9c23b4828e037e64975490e377cec79f40a90d1ac01ffda71,goodware_balanced__hard_negative__2838dc37de3174f9c23b4828e037e64975490e377cec79f40a90d1ac01ffda71,balanced_goodware,0,clamav,train,train,x64,hard_negative,unified_goodware_balanced
283a0f725ea2f0187de8a4be49c70eb211f9b759d3174429fb28d2235e9e4e31,goodware_balanced__hard_negative__283a0f725ea2f0187de8a4be49c70eb211f9b759d3174429fb28d2235e9e4e31,balanced_goodware,0,clamav,train,train,x64,hard_negative,unified_goodware_balanced
285e5220d6d4240b6a4bdb6357d427e457313376e3464d3cb973637a384ed02a,goodware_balanced__hard_negative__285e5220d6d4240b6a4bdb6357d427e457313376e3464d3cb973637a384ed02a,balanced_goodware,0,chocolatey,train,train,x86,hard_negative,unified_goodware_balanced
28b411eaa03d8a2c898af0ac81287fd5075cf3b36ac617660d6e0efdf00cdd92,goodware_balanced__hard_negative__28b411eaa03d8a2c898af0ac81287fd5075cf3b36ac617660d6e0efdf00cdd92,balanced_goodware,0,bandizip,train,train,x86,hard_negative,unified_goodware_balanced
292e376526c762e411112d027a1cfff742cf286730f2ee55640808b458a69ee8,goodware_balanced__hard_negative__292e376526c762e411112d027a1cfff742cf286730f2ee55640808b458a69ee8,balanced_goodware,0,xz,train,train,x64,hard_negative,unified_goodware_balanced
29af14a2f529b6c938dca11114feea4373ea61539f59bfa888f381c8436ca917,goodware_balanced__hard_negative__29af14a2f529b6c938dca11114feea4373ea61539f59bfa888f381c8436ca917,balanced_goodware,0,keepassxc,train,train,x64,hard_negative,unified_goodware_balanced
2bb2a5c5ee725434a4b164839b0c68f7fea7775e7ad63715a5c6338c1632485a,goodware_balanced__hard_negative__2bb2a5c5ee725434a4b164839b0c68f7fea7775e7ad63715a5c6338c1632485a,balanced_goodware,0,nextcloud,train,train,x64,hard_negative,unified_goodware_balanced
2fd19749560be03020026f2d842b69af47f0ea2c7946bda17eed26a4a9235695,goodware_balanced__hard_negative__2fd19749560be03020026f2d842b69af47f0ea2c7946bda17eed26a4a9235695,balanced_goodware,0,postgresql,test,test,x86,hard_negative,unified_goodware_balanced
30035484c81590976627f8face9507caa8581a7dc7630cccf6a8d6de65cab707,goodware_balanced__hard_negative__30035484c81590976627f8face9507caa8581a7dc7630cccf6a8d6de65cab707,balanced_goodware,0,dupeguru,val,train,x64,hard_negative,unified_goodware_balanced
307a306fd3c2e1beab674d0b60fc8b6a74f0d0d7cf9db02201f03328bf1a25f0,goodware_balanced__hard_negative__307a306fd3c2e1beab674d0b60fc8b6a74f0d0d7cf9db02201f03328bf1a25f0,balanced_goodware,0,7zip,test,test,x64,hard_negative,unified_goodware_balanced
31a1b6c4035b9bdfbedb4d953299a64abd66e5af15ab443a4c0c67631263fe6c,goodware_balanced__hard_negative__31a1b6c4035b9bdfbedb4d953299a64abd66e5af15ab443a4c0c67631263fe6c,balanced_goodware,0,bleachbit,train,train,x86,hard_negative,unified_goodware_balanced
32f513b7172394cac17e0496d4ce1256f1f17e410a84fb5c85c0cb746c53e714,goodware_balanced__hard_negative__32f513b7172394cac17e0496d4ce1256f1f17e410a84fb5c85c0cb746c53e714,balanced_goodware,0,llvm,train,train,x64,hard_negative,unified_goodware_balanced
33186c9f69ce69667c7272b52d4312383c7d7574cde2765df418ba4aca4f58a6,goodware_balanced__hard_negative__33186c9f69ce69667c7272b52d4312383c7d7574cde2765df418ba4aca4f58a6,balanced_goodware,0,bleachbit,train,train,x86,hard_negative,unified_goodware_balanced
34a08f42f7075d7e0fd81fafac39b8f423cf5d8e47e9b6aeb56c69ffaf698308,goodware_balanced__hard_negative__34a08f42f7075d7e0fd81fafac39b8f423cf5d8e47e9b6aeb56c69ffaf698308,balanced_goodware,0,defender_defs,val,train,x64,hard_negative,unified_goodware_balanced
3564ce8b510acfe456f7135e0c1ac1f71cfa39c787909192be8f8ed40dcbe305,goodware_balanced__hard_negative__3564ce8b510acfe456f7135e0c1ac1f71cfa39c787909192be8f8ed40dcbe305,balanced_goodware,0,gpg4win,train,train,x86,hard_negative,unified_goodware_balanced
3611072ecea17f86e995de88af1b815d4af1d0c4ba364d66d9b93be33465b65a,goodware_balanced__hard_negative__3611072ecea17f86e995de88af1b815d4af1d0c4ba364d66d9b93be33465b65a,balanced_goodware,0,llvm,train,train,x64,hard_negative,unified_goodware_balanced
36174dd4c5f37c5f065c7a26e0ac65c4c3a41fdc0416882af856a23a5d03bb9d,goodware_balanced__hard_negative__36174dd4c5f37c5f065c7a26e0ac65c4c3a41fdc0416882af856a23a5d03bb9d,balanced_goodware,0,sqlitebrowser,train,train,x64,hard_negative,unified_goodware_balanced
36799daa9e54a8b77e76128763154a00f1d4f39014c78766c1a44d8ee24b72d4,goodware_balanced__hard_negative__36799daa9e54a8b77e76128763154a00f1d4f39014c78766c1a44d8ee24b72d4,balanced_goodware,0,msys2,train,train,x64,hard_negative,unified_goodware_balanced
3788c669d4b645e5a576de9fc77fca776bf516d43c89143dc2ca28291ba14358,goodware_balanced__hard_negative__3788c669d4b645e5a576de9fc77fca776bf516d43c89143dc2ca28291ba14358,balanced_goodware,0,sqlitebrowser,train,train,x64,hard_negative,unified_goodware_balanced
37e9ca82171a130ae8de71ed501b23ecff6f9a623ff661f94a65da4d2e5475bc,goodware_balanced__hard_negative__37e9ca82171a130ae8de71ed501b23ecff6f9a623ff661f94a65da4d2e5475bc,balanced_goodware,0,gpg4win,train,train,x64,hard_negative,unified_goodware_balanced
37feafd85206205daf61a08bf433596cb453da0aa924aba7f2a7d5bc2078138e,goodware_balanced__hard_negative__37feafd85206205daf61a08bf433596cb453da0aa924aba7f2a7d5bc2078138e,balanced_goodware,0,gpg4win,train,train,x64,hard_negative,unified_goodware_balanced
4032fdd45184333d7c963eec87664a8339c6f31dc5ae94bb5008fe5e88feaf1f,goodware_balanced__hard_negative__4032fdd45184333d7c963eec87664a8339c6f31dc5ae94bb5008fe5e88feaf1f,balanced_goodware,0,clamav,train,train,x64,hard_negative,unified_goodware_balanced
409f810b4d3a175084e11d567fc9584b0cdf1272ccd0b0f52dfb68cbb3d392e2,goodware_balanced__hard_negative__409f810b4d3a175084e11d567fc9584b0cdf1272ccd0b0f52dfb68cbb3d392e2,balanced_goodware,0,winrar,train,train,x86,hard_negative,unified_goodware_balanced
40f9ea9e0efa3f43c69f3633ec5beb52f60784ed2381e557491e5160edc634ac,goodware_balanced__hard_negative__40f9ea9e0efa3f43c69f3633ec5beb52f60784ed2381e557491e5160edc634ac,balanced_goodware,0,bleachbit,train,train,x86,hard_negative,unified_goodware_balanced
42dde60befcf1d9f96b8366a9988626b97d7d0d829ebea32f756d6ecd9ea99a8,goodware_balanced__hard_negative__42dde60befcf1d9f96b8366a9988626b97d7d0d829ebea32f756d6ecd9ea99a8,balanced_goodware,0,sqlitebrowser,train,train,x64,hard_negative,unified_goodware_balanced
44b1d70219f88564d94da9fc8a7ca4d25d103575519c84a44df3057b8af98f71,goodware_balanced__hard_negative__44b1d70219f88564d94da9fc8a7ca4d25d103575519c84a44df3057b8af98f71,balanced_goodware,0,handbrake,train,train,x86,hard_negative,unified_goodware_balanced
455682c2212474ae895bfb931ffd7d1d15993451bdbe65ace820c9e747ca3490,goodware_balanced__hard_negative__455682c2212474ae895bfb931ffd7d1d15993451bdbe65ace820c9e747ca3490,balanced_goodware,0,dupeguru,val,train,x64,hard_negative,unified_goodware_balanced
45d8a4c5a7acbc42c164c66ec8ef1955b804b50e461127f94390a58675ca865b,goodware_balanced__hard_negative__45d8a4c5a7acbc42c164c66ec8ef1955b804b50e461127f94390a58675ca865b,balanced_goodware,0,gpg4win,train,train,x64,hard_negative,unified_goodware_balanced
46418520bb71d68275a90d6f8fc0ef3878a7b5d706c2f7319f88d9d3571e3bed,goodware_balanced__hard_negative__46418520bb71d68275a90d6f8fc0ef3878a7b5d706c2f7319f88d9d3571e3bed,balanced_goodware,0,bandizip,train,train,x86,hard_negative,unified_goodware_balanced
46f97f0b2e0ebee2542abe8672fc20deb2bdfb6bfe5fefe3f1012d49ddfa494d,goodware_balanced__hard_negative__46f97f0b2e0ebee2542abe8672fc20deb2bdfb6bfe5fefe3f1012d49ddfa494d,balanced_goodware,0,onedrive,train,train,x64,hard_negative,unified_goodware_balanced
473a39be81549d0f73ff3ceed01d6a9b23b09c414108d5dd66fb9865510157d9,goodware_balanced__hard_negative__473a39be81549d0f73ff3ceed01d6a9b23b09c414108d5dd66fb9865510157d9,balanced_goodware,0,bandizip,train,train,x64,hard_negative,unified_goodware_balanced
47e9ba7108104566202e24482f0d637f15165decb243c1af2be8b4d633d81e2d,goodware_balanced__hard_negative__47e9ba7108104566202e24482f0d637f15165decb243c1af2be8b4d633d81e2d,balanced_goodware,0,bazel,test,test,x64,hard_negative,unified_goodware_balanced
496008c203874d6834455b64a9d7e34583e68b6bc716b5dfb70ee9813f11ae04,goodware_balanced__hard_negative__496008c203874d6834455b64a9d7e34583e68b6bc716b5dfb70ee9813f11ae04,balanced_goodware,0,gpg4win,train,train,x64,hard_negative,unified_goodware_balanced
4aefc084927ed3da8108c68eeea073e51dc5b55ce02b09451b8b0fdebeaf11a8,goodware_balanced__hard_negative__4aefc084927ed3da8108c68eeea073e51dc5b55ce02b09451b8b0fdebeaf11a8,balanced_goodware,0,keepassxc,train,train,x64,hard_negative,unified_goodware_balanced
4b923ca8a83306061c7fa685ffb39c1ec96fc8524a8c004b38321b937b416436,goodware_balanced__hard_negative__4b923ca8a83306061c7fa685ffb39c1ec96fc8524a8c004b38321b937b416436,balanced_goodware,0,keepassxc,train,train,x64,hard_negative,unified_goodware_balanced
4ca5b37e1c59d06b2f8d6a4269c1d8a6cc02424cf9a225b5baf6d82ac8c6adf4,goodware_balanced__hard_negative__4ca5b37e1c59d06b2f8d6a4269c1d8a6cc02424cf9a225b5baf6d82ac8c6adf4,balanced_goodware,0,keepassxc,train,train,x64,hard_negative,unified_goodware_balanced
4d53927edabd05c9b2bb48e1692eda6fdafc95780f2a914e7b777e27bdb5cc02,goodware_balanced__hard_negative__4d53927edabd05c9b2bb48e1692eda6fdafc95780f2a914e7b777e27bdb5cc02,balanced_goodware,0,llvm,train,train,x64,hard_negative,unified_goodware_balanced
4d54ce1164c9827a93d93ef50c83152be0ed1a7a279857f59e27338fc60b2468,goodware_balanced__hard_negative__4d54ce1164c9827a93d93ef50c83152be0ed1a7a279857f59e27338fc60b2468,balanced_goodware,0,bandizip,train,train,x86,hard_negative,unified_goodware_balanced
4e7cd5f2945dab99aa937ed08c58c95b021036bfc2a2ef879d4c396477b1a85d,goodware_balanced__hard_negative__4e7cd5f2945dab99aa937ed08c58c95b021036bfc2a2ef879d4c396477b1a85d,balanced_goodware,0,keepassxc,train,train,x64,hard_negative,unified_goodware_balanced
4eccadb925b73eb08c8041f856be6c3d162f22183e6cb08449c7ef1746d8a17f,goodware_balanced__hard_negative__4eccadb925b73eb08c8041f856be6c3d162f22183e6cb08449c7ef1746d8a17f,balanced_goodware,0,clamav,train,train,x64,hard_negative,unified_goodware_balanced
4ef341ae9302e793878020f0740b09b0f31cb380408a697f75c69fdbd20fc7a1,goodware_balanced__hard_negative__4ef341ae9302e793878020f0740b09b0f31cb380408a697f75c69fdbd20fc7a1,balanced_goodware,0,sqlitebrowser,train,train,x64,hard_negative,unified_goodware_balanced
4f500992a53c41a0ba44a11c33c481d8763505a7453be12d85107856ab8fb332,goodware_balanced__hard_negative__4f500992a53c41a0ba44a11c33c481d8763505a7453be12d85107856ab8fb332,balanced_goodware,0,clamav,train,train,x64,hard_negative,unified_goodware_balanced
4f9547bf2a335e79210fc990287cdc73f8dc44aab66d62ea1b5b292a08d29f34,goodware_balanced__hard_negative__4f9547bf2a335e79210fc990287cdc73f8dc44aab66d62ea1b5b292a08d29f34,balanced_goodware,0,gpg4win,train,train,x64,hard_negative,unified_goodware_balanced
4fdbdc6541c1ec5a45437798101725dc2c6a3d743d04e1a0ba40dbceca66db26,goodware_balanced__hard_negative__4fdbdc6541c1ec5a45437798101725dc2c6a3d743d04e1a0ba40dbceca66db26,balanced_goodware,0,onedrive,train,train,x64,hard_negative,unified_goodware_balanced
50fad5605b3d57627848b3b84a744dfb6a045609b8236b04124f2234676758d8,goodware_balanced__hard_negative__50fad5605b3d57627848b3b84a744dfb6a045609b8236b04124f2234676758d8,balanced_goodware,0,dupeguru,val,train,x64,hard_negative,unified_goodware_balanced
515da90d8c999e207049cd384bd21e9c718b16750e9d1c5075772b9dc02d7ff3,goodware_balanced__hard_negative__515da90d8c999e207049cd384bd21e9c718b16750e9d1c5075772b9dc02d7ff3,balanced_goodware,0,llvm,train,train,x64,hard_negative,unified_goodware_balanced
515f7582a9651980783e36663a97655903f7722279ac00070b8de7e8e374fb86,goodware_balanced__hard_negative__515f7582a9651980783e36663a97655903f7722279ac00070b8de7e8e374fb86,balanced_goodware,0,cryptsync,test,test,x86,hard_negative,unified_goodware_balanced
529c5b3372d8e5d237899c7ef9dd46bc09b6b918c03a0f151f9b76efeb4466b2,goodware_balanced__hard_negative__529c5b3372d8e5d237899c7ef9dd46bc09b6b918c03a0f151f9b76efeb4466b2,balanced_goodware,0,bleachbit,train,train,x86,hard_negative,unified_goodware_balanced
52ab290affa5f734ddcfbd20723e279fb71a412c3ecd518fe8814990957be5ba,goodware_balanced__hard_negative__52ab290affa5f734ddcfbd20723e279fb71a412c3ecd518fe8814990957be5ba,balanced_goodware,0,clamav,train,train,x64,hard_negative,unified_goodware_balanced
56bd92e0aa76783d1fb2f4c3d57dcaab87c695faf216b8a91129edd79ce51984,goodware_balanced__hard_negative__56bd92e0aa76783d1fb2f4c3d57dcaab87c695faf216b8a91129edd79ce51984,balanced_goodware,0,llvm,train,train,x64,hard_negative,unified_goodware_balanced
57815d5390c6b2db696088b1b7f08d806a13323a325f277352cf53817bec718d,goodware_balanced__hard_negative__57815d5390c6b2db696088b1b7f08d806a13323a325f277352cf53817bec718d,balanced_goodware,0,keepassxc,train,train,x64,hard_negative,unified_goodware_balanced
5821cb8e80034712b3dacd542e8ab878771b1df66ecf835838c29c91bc5234c9,goodware_balanced__hard_negative__5821cb8e80034712b3dacd542e8ab878771b1df66ecf835838c29c91bc5234c9,balanced_goodware,0,gpg4win,train,train,x64,hard_negative,unified_goodware_balanced
59f25d598cea9209fd2ea7908dd4fc48b63a348bd28d6557b9f3fba5fe6d6e7e,goodware_balanced__hard_negative__59f25d598cea9209fd2ea7908dd4fc48b63a348bd28d6557b9f3fba5fe6d6e7e,balanced_goodware,0,keepassxc,train,train,x64,hard_negative,unified_goodware_balanced
5a7ff949f6d93d86491eb5b26b1cfc60051168a60622650224b89995ac420023,goodware_balanced__hard_negative__5a7ff949f6d93d86491eb5b26b1cfc60051168a60622650224b89995ac420023,balanced_goodware,0,openkm,train,train,x64,hard_negative,unified_goodware_balanced
5a90b00c4531dfb9cfd16ca01f307e9c23e4df0332a0a10f9423dc8bf5ace48c,goodware_balanced__hard_negative__5a90b00c4531dfb9cfd16ca01f307e9c23e4df0332a0a10f9423dc8bf5ace48c,balanced_goodware,0,xz,train,train,x86,hard_negative,unified_goodware_balanced
5b046a2ce2b643249355d5976541ef780b4803bf83931b207564d6a63374de44,goodware_balanced__hard_negative__5b046a2ce2b643249355d5976541ef780b4803bf83931b207564d6a63374de44,balanced_goodware,0,onedrive,train,train,x64,hard_negative,unified_goodware_balanced
5b096261d79b67945b0070030e0e4ac7f276e0641f3a52cf72ace038d77d4371,goodware_balanced__hard_negative__5b096261d79b67945b0070030e0e4ac7f276e0641f3a52cf72ace038d77d4371,balanced_goodware,0,cmake,test,test,x64,hard_negative,unified_goodware_balanced
5b1de573a117da2b586bcd0b2add5115b62139900d2c0dd7fb287c6108300663,goodware_balanced__hard_negative__5b1de573a117da2b586bcd0b2add5115b62139900d2c0dd7fb287c6108300663,balanced_goodware,0,gpg4win,train,train,x64,hard_negative,unified_goodware_balanced
5b4c71b22e76e6837f9b089dd14d338ebaf2315e10cf012bc830d9b6b5878c4a,goodware_balanced__hard_negative__5b4c71b22e76e6837f9b089dd14d338ebaf2315e10cf012bc830d9b6b5878c4a,balanced_goodware,0,cryptsync,test,test,x86,hard_negative,unified_goodware_balanced
5b641dec81aec1cf7ac0cce9fc067bb642fbd32da138a36e3bdac3bb5b36c37a,goodware_balanced__hard_negative__5b641dec81aec1cf7ac0cce9fc067bb642fbd32da138a36e3bdac3bb5b36c37a,balanced_goodware,0,sqlitebrowser,train,train,x64,hard_negative,unified_goodware_balanced
5d7e525494e8a5c27282ce015b3444dfe230b982feecf7e477142a45be85b41a,goodware_balanced__hard_negative__5d7e525494e8a5c27282ce015b3444dfe230b982feecf7e477142a45be85b41a,balanced_goodware,0,clamav,train,train,x64,hard_negative,unified_goodware_balanced
5e3a7c21267ed891e05d74b46d625aaedf94173deabdb7711c1396cdee7c8c56,goodware_balanced__hard_negative__5e3a7c21267ed891e05d74b46d625aaedf94173deabdb7711c1396cdee7c8c56,balanced_goodware,0,msys2,train,train,x64,hard_negative,unified_goodware_balanced
5e4565a39da52bb2e584f70df21239f3c30fde446849efde2639be1dcffb3d10,goodware_balanced__hard_negative__5e4565a39da52bb2e584f70df21239f3c30fde446849efde2639be1dcffb3d10,balanced_goodware,0,xz,train,train,x64,hard_negative,unified_goodware_balanced
5e7d2d41b8b92a880e83b8cc0ca173f5da61218604186196787ee1600956be1e,goodware_balanced__hard_negative__5e7d2d41b8b92a880e83b8cc0ca173f5da61218604186196787ee1600956be1e,balanced_goodware,0,sqlitebrowser,train,train,x64,hard_negative,unified_goodware_balanced
601acf672040aa81cc8fa07f43d06f44b33c7f6e3396276c94410bf9ba72de41,goodware_balanced__hard_negative__601acf672040aa81cc8fa07f43d06f44b33c7f6e3396276c94410bf9ba72de41,balanced_goodware,0,msys2,train,train,x64,hard_negative,unified_goodware_balanced
60582d4004febdf6b071b6d5163e5f45adcf1b928e8e53c7c8d556c8156f44f3,goodware_balanced__hard_negative__60582d4004febdf6b071b6d5163e5f45adcf1b928e8e53c7c8d556c8156f44f3,balanced_goodware,0,gpg4win,train,train,x64,hard_negative,unified_goodware_balanced
60a25dd9b1a3e747cdd2e7508710f63cf47a5e8b7ebf849b9816ea6ce6df73c8,goodware_balanced__hard_negative__60a25dd9b1a3e747cdd2e7508710f63cf47a5e8b7ebf849b9816ea6ce6df73c8,balanced_goodware,0,xz,train,train,x86,hard_negative,unified_goodware_balanced
6246c925a73167253444afc24a0deb83a3f43b7d636af84d6aaf48a98a62f024,goodware_balanced__hard_negative__6246c925a73167253444afc24a0deb83a3f43b7d636af84d6aaf48a98a62f024,balanced_goodware,0,gpg4win,train,train,x86,hard_negative,unified_goodware_balanced
644989f130de72e4b420f188921da4bbccffa1daa15645344873116faae3d983,goodware_balanced__hard_negative__644989f130de72e4b420f188921da4bbccffa1daa15645344873116faae3d983,balanced_goodware,0,keepassxc,train,train,x64,hard_negative,unified_goodware_balanced
64ef45eb9cbc17b51baec8c96507457b863f9c8a4054a9da00266cf2966baee3,goodware_balanced__hard_negative__64ef45eb9cbc17b51baec8c96507457b863f9c8a4054a9da00266cf2966baee3,balanced_goodware,0,llvm,train,train,x64,hard_negative,unified_goodware_balanced
65e064258f2e418816b304f646ff9e87af101e4c9552ab064bb74d281c38659f,goodware_balanced__hard_negative__65e064258f2e418816b304f646ff9e87af101e4c9552ab064bb74d281c38659f,balanced_goodware,0,eraser,test,test,x86,hard_negative,unified_goodware_balanced
677db7332e55ef46bbf868c98be7bb80efde32643014af8c305888edebe6673f,goodware_balanced__hard_negative__677db7332e55ef46bbf868c98be7bb80efde32643014af8c305888edebe6673f,balanced_goodware,0,clamav,train,train,x64,hard_negative,unified_goodware_balanced
68b927614f282205c5b633d4f8e91e449fc255673d824f2b1781f79d6beaac68,goodware_balanced__hard_negative__68b927614f282205c5b633d4f8e91e449fc255673d824f2b1781f79d6beaac68,balanced_goodware,0,llvm,train,train,x64,hard_negative,unified_goodware_balanced
690249099fbdf70c64bcb6a746eccea159b92b3292d549d0fdc729883210a2ea,goodware_balanced__hard_negative__690249099fbdf70c64bcb6a746eccea159b92b3292d549d0fdc729883210a2ea,balanced_goodware,0,clamav,train,train,x64,hard_negative,unified_goodware_balanced
69a684c3bb586b123f96e0e03f4ba4ff765f9ea280c68afd43de0de0b995ff4e,goodware_balanced__hard_negative__69a684c3bb586b123f96e0e03f4ba4ff765f9ea280c68afd43de0de0b995ff4e,balanced_goodware,0,msys2,train,train,x64,hard_negative,unified_goodware_balanced
69fd4df057985c40e510e2fac182881c7f85e90aa13ec703f763a8fdb2ce61f8,goodware_balanced__hard_negative__69fd4df057985c40e510e2fac182881c7f85e90aa13ec703f763a8fdb2ce61f8,balanced_goodware,0,7zip,test,test,x64,hard_negative,unified_goodware_balanced
6a6b24c26760aeb579f7f04acd30a2be801029bb837944762f1eeaf917d94ead,goodware_balanced__hard_negative__6a6b24c26760aeb579f7f04acd30a2be801029bb837944762f1eeaf917d94ead,balanced_goodware,0,keepassxc,train,train,x64,hard_negative,unified_goodware_balanced
6ba837ce8bafe2bad595164f14bc3e85905e5c7fe88a0a0efb99a2ba9f025f72,goodware_balanced__hard_negative__6ba837ce8bafe2bad595164f14bc3e85905e5c7fe88a0a0efb99a2ba9f025f72,balanced_goodware,0,sqlitebrowser,train,train,x64,hard_negative,unified_goodware_balanced
6bb9f151230c924d9d01c9a579d6b6e908bff57f2570997002ea6f05ffd9d5b9,goodware_balanced__hard_negative__6bb9f151230c924d9d01c9a579d6b6e908bff57f2570997002ea6f05ffd9d5b9,balanced_goodware,0,bleachbit,train,train,x86,hard_negative,unified_goodware_balanced
6bc522c2739b103b9c99ac4b7a993c0817a6c0b9a32f15ce5e55ceb35416cf7a,goodware_balanced__hard_negative__6bc522c2739b103b9c99ac4b7a993c0817a6c0b9a32f15ce5e55ceb35416cf7a,balanced_goodware,0,onedrive,train,train,x64,hard_negative,unified_goodware_balanced
6cdddffc72c5ee10c2d1a7c838b0f96733098a0db80df13d9ed4f4ab9bba9b45,goodware_balanced__hard_negative__6cdddffc72c5ee10c2d1a7c838b0f96733098a0db80df13d9ed4f4ab9bba9b45,balanced_goodware,0,bandizip,train,train,x86,hard_negative,unified_goodware_balanced
6cf691eac0473c1392edcc7189ac9075ce76d85de6cb95253b48559744e8e0eb,goodware_balanced__hard_negative__6cf691eac0473c1392edcc7189ac9075ce76d85de6cb95253b48559744e8e0eb,balanced_goodware,0,clamav,train,train,x64,hard_negative,unified_goodware_balanced
6d52c2ecd443c0b9c2b2bd0e9519d03f90e28d111e45446b82be35969f2355e1,goodware_balanced__hard_negative__6d52c2ecd443c0b9c2b2bd0e9519d03f90e28d111e45446b82be35969f2355e1,balanced_goodware,0,bazel,test,test,x64,hard_negative,unified_goodware_balanced
6d6cab59d3cb3838dacd4ab9279969c1c18d92296f59d1521b57106cd80a9308,goodware_balanced__hard_negative__6d6cab59d3cb3838dacd4ab9279969c1c18d92296f59d1521b57106cd80a9308,balanced_goodware,0,age,val,train,x64,hard_negative,unified_goodware_balanced
6e37acd0d357871f92b7fde7206c904c734caa02f94544df646957df8c4987af,goodware_balanced__hard_negative__6e37acd0d357871f92b7fde7206c904c734caa02f94544df646957df8c4987af,balanced_goodware,0,sqlitebrowser,train,train,x64,hard_negative,unified_goodware_balanced
6e3c4c58c7900db4ca989fb3dc2d4c7e3332cec4bb09e66f76cbe2b4c6b6768b,goodware_balanced__hard_negative__6e3c4c58c7900db4ca989fb3dc2d4c7e3332cec4bb09e66f76cbe2b4c6b6768b,balanced_goodware,0,bandizip,train,train,x64,hard_negative,unified_goodware_balanced
6e90c28559dd44f793853cd82b54e78050aa11f54ff14afcb31dbd0943d4a2c4,goodware_balanced__hard_negative__6e90c28559dd44f793853cd82b54e78050aa11f54ff14afcb31dbd0943d4a2c4,balanced_goodware,0,msys2,train,train,x64,hard_negative,unified_goodware_balanced
6f18653c512efb00c94098359a430b9b116ff68d0cbbb4942f043a8ff672b475,goodware_balanced__hard_negative__6f18653c512efb00c94098359a430b9b116ff68d0cbbb4942f043a8ff672b475,balanced_goodware,0,bandizip,train,train,x86,hard_negative,unified_goodware_balanced
6fe2e201a956304503f808d0909a26d9b49e1a7e99f6ee6d93721ac4a76a7c6e,goodware_balanced__hard_negative__6fe2e201a956304503f808d0909a26d9b49e1a7e99f6ee6d93721ac4a76a7c6e,balanced_goodware,0,msys2,train,train,x64,hard_negative,unified_goodware_balanced
7020260c8db5116042315ea73714ac36ad94acdc330852280e889212506085c0,goodware_balanced__hard_negative__7020260c8db5116042315ea73714ac36ad94acdc330852280e889212506085c0,balanced_goodware,0,openkm,train,train,x64,hard_negative,unified_goodware_balanced
713f17b253d802d283d306ce75647e37d83a546aeb1a881e5d9e529e856c007e,goodware_balanced__hard_negative__713f17b253d802d283d306ce75647e37d83a546aeb1a881e5d9e529e856c007e,balanced_goodware,0,clamav,train,train,x64,hard_negative,unified_goodware_balanced
72de1900946337aba56616b14713a2efa293ecdf54b945a9d7d0f6676c3b9ecd,goodware_balanced__hard_negative__72de1900946337aba56616b14713a2efa293ecdf54b945a9d7d0f6676c3b9ecd,balanced_goodware,0,llvm,train,train,x64,hard_negative,unified_goodware_balanced
7348cfc6444438b8845fb3f59381227325d40ca2187d463e82fc7b8e93e38db5,goodware_balanced__hard_negative__7348cfc6444438b8845fb3f59381227325d40ca2187d463e82fc7b8e93e38db5,balanced_goodware,0,sqlitebrowser,train,train,x64,hard_negative,unified_goodware_balanced
734b2d1705f171930b2d4e1750ef55b468e588c4c9308b8fe949f934ef5bda15,goodware_balanced__hard_negative__734b2d1705f171930b2d4e1750ef55b468e588c4c9308b8fe949f934ef5bda15,balanced_goodware,0,onedrive,train,train,x64,hard_negative,unified_goodware_balanced
752d597cee7e95cb517327146bf42f124c0d6c0bc48b3ecc3b1b3b0531a52f44,goodware_balanced__hard_negative__752d597cee7e95cb517327146bf42f124c0d6c0bc48b3ecc3b1b3b0531a52f44,balanced_goodware,0,openkm,train,train,x86,hard_negative,unified_goodware_balanced
7675a6eafc4cb6af976079d80f62a913c3ae877b2596368ce2670cf6089db1d5,goodware_balanced__hard_negative__7675a6eafc4cb6af976079d80f62a913c3ae877b2596368ce2670cf6089db1d5,balanced_goodware,0,bleachbit,train,train,x86,hard_negative,unified_goodware_balanced
7676e19080022665aa82dfca66015c3c795ee734e42549869c8aace768619c47,goodware_balanced__hard_negative__7676e19080022665aa82dfca66015c3c795ee734e42549869c8aace768619c47,balanced_goodware,0,bazel,test,test,x64,hard_negative,unified_goodware_balanced
7725d4bfd0fbf0557ba1cbbf2bbeb75fb9921a6c0cd1f418a387a0fb740c2546,goodware_balanced__hard_negative__7725d4bfd0fbf0557ba1cbbf2bbeb75fb9921a6c0cd1f418a387a0fb740c2546,balanced_goodware,0,gpg4win,train,train,x64,hard_negative,unified_goodware_balanced
783d4f1feb8dc0bc00acb8c094d6c1ab39ac6b5858874e60dd3d45677af4307a,goodware_balanced__hard_negative__783d4f1feb8dc0bc00acb8c094d6c1ab39ac6b5858874e60dd3d45677af4307a,balanced_goodware,0,sqlitebrowser,train,train,x64,hard_negative,unified_goodware_balanced
7a586b9397aaed4733cda6990a3a94a3e6f65d07e9aa632f624817d3de52c73c,goodware_balanced__hard_negative__7a586b9397aaed4733cda6990a3a94a3e6f65d07e9aa632f624817d3de52c73c,balanced_goodware,0,onedrive,train,train,x64,hard_negative,unified_goodware_balanced
7a58c531a0938042df1af075fc136b69c9487d29347aeddd301805ba3f30a7cb,goodware_balanced__hard_negative__7a58c531a0938042df1af075fc136b69c9487d29347aeddd301805ba3f30a7cb,balanced_goodware,0,onedrive,train,train,x64,hard_negative,unified_goodware_balanced
7b27a08e3750cd99353c2f4c7daaef03115eabfd5fc7b5d3a4ed3144b3365d85,goodware_balanced__hard_negative__7b27a08e3750cd99353c2f4c7daaef03115eabfd5fc7b5d3a4ed3144b3365d85,balanced_goodware,0,bleachbit,train,train,x86,hard_negative,unified_goodware_balanced
7b56611ca051176b4e28a155bfad853fdf6799e88a7a8b30f1f80d82a3d9a78c,goodware_balanced__hard_negative__7b56611ca051176b4e28a155bfad853fdf6799e88a7a8b30f1f80d82a3d9a78c,balanced_goodware,0,keepassxc,train,train,x64,hard_negative,unified_goodware_balanced
7bf3d57f6874c4c50aee67f7c2e6c4a22545a098b5cbe9e8a276ec41a8a0e666,goodware_balanced__hard_negative__7bf3d57f6874c4c50aee67f7c2e6c4a22545a098b5cbe9e8a276ec41a8a0e666,balanced_goodware,0,msys2,train,train,x64,hard_negative,unified_goodware_balanced
7dd9aa02e271c68ca6d5f18d651d23a15d7259715af43326578f7dde27f37637,goodware_balanced__hard_negative__7dd9aa02e271c68ca6d5f18d651d23a15d7259715af43326578f7dde27f37637,balanced_goodware,0,clamav,train,train,x64,hard_negative,unified_goodware_balanced
7e0b45d5a886f1c199dcaa536623465c7b9b5385c4b403a7ffb2c1d77e49ea1c,goodware_balanced__hard_negative__7e0b45d5a886f1c199dcaa536623465c7b9b5385c4b403a7ffb2c1d77e49ea1c,balanced_goodware,0,keepassxc,train,train,x64,hard_negative,unified_goodware_balanced
7fb13edab4367b5c3df7df9bad9c750df3433d6baceafcabefb3b23c83b73ba1,goodware_balanced__hard_negative__7fb13edab4367b5c3df7df9bad9c750df3433d6baceafcabefb3b23c83b73ba1,balanced_goodware,0,sqlitebrowser,train,train,x64,hard_negative,unified_goodware_balanced
802e0f5a1b5ca1bac6953f57e0694d2c03b96bcb854ad9ac17dfdbf28500fefe,goodware_balanced__hard_negative__802e0f5a1b5ca1bac6953f57e0694d2c03b96bcb854ad9ac17dfdbf28500fefe,balanced_goodware,0,keepassxc,train,train,x64,hard_negative,unified_goodware_balanced
805c84114ed9e7d6522ad5dde0a4b2e078166d95c73439459dd093ca289149e2,goodware_balanced__hard_negative__805c84114ed9e7d6522ad5dde0a4b2e078166d95c73439459dd093ca289149e2,balanced_goodware,0,gpg4win,train,train,x64,hard_negative,unified_goodware_balanced
8076aae03feac7c66b319579e82172eed168deed2a3f25e5e2d3c60f55e84111,goodware_balanced__hard_negative__8076aae03feac7c66b319579e82172eed168deed2a3f25e5e2d3c60f55e84111,balanced_goodware,0,zstd,val,train,x64,hard_negative,unified_goodware_balanced
80934e8f208a0cc2a87a6057f871d0f492461952b8672464749a6c3dff34109c,goodware_balanced__hard_negative__80934e8f208a0cc2a87a6057f871d0f492461952b8672464749a6c3dff34109c,balanced_goodware,0,llvm,train,train,x64,hard_negative,unified_goodware_balanced
811d2a9e553dac91c7afa6d01fa6a621b19ffa2b80168cfda49ec69dc996c126,goodware_balanced__hard_negative__811d2a9e553dac91c7afa6d01fa6a621b19ffa2b80168cfda49ec69dc996c126,balanced_goodware,0,llvm,train,train,x64,hard_negative,unified_goodware_balanced
817590846acc27efff227395ea1dcd83bd6bd80bf31d211ce791557c6c959fe0,goodware_balanced__hard_negative__817590846acc27efff227395ea1dcd83bd6bd80bf31d211ce791557c6c959fe0,balanced_goodware,0,bazel,test,test,x64,hard_negative,unified_goodware_balanced
81cbc7541f1035d56e58b3ade609f74c886cb4b636cce506f4f59724a650a96c,goodware_balanced__hard_negative__81cbc7541f1035d56e58b3ade609f74c886cb4b636cce506f4f59724a650a96c,balanced_goodware,0,msys2,train,train,x64,hard_negative,unified_goodware_balanced
832813cd782ce2327753e0208e8053391bc0795093045f8c476913ff757fcdd3,goodware_balanced__hard_negative__832813cd782ce2327753e0208e8053391bc0795093045f8c476913ff757fcdd3,balanced_goodware,0,clamav,train,train,x64,hard_negative,unified_goodware_balanced
83967f1b02b43c4efeda302795722c809e0e81b8307de73558d10484d5676a7d,goodware_balanced__hard_negative__83967f1b02b43c4efeda302795722c809e0e81b8307de73558d10484d5676a7d,balanced_goodware,0,7zip,test,test,x64,hard_negative,unified_goodware_balanced
84468965a541829728d1fa02d32e987ab1a844ec4a23644058ef477ff8b3264a,goodware_balanced__hard_negative__84468965a541829728d1fa02d32e987ab1a844ec4a23644058ef477ff8b3264a,balanced_goodware,0,msys2,train,train,x64,hard_negative,unified_goodware_balanced
84bd2055385b655b82467f9cd7b2005074ad37d1bd069bf08aae842dbc24992c,goodware_balanced__hard_negative__84bd2055385b655b82467f9cd7b2005074ad37d1bd069bf08aae842dbc24992c,balanced_goodware,0,bleachbit,train,train,x86,hard_negative,unified_goodware_balanced
8630e5d78cefec64e63b56bcead2407e0e83484e05174043bb3150725719665e,goodware_balanced__hard_negative__8630e5d78cefec64e63b56bcead2407e0e83484e05174043bb3150725719665e,balanced_goodware,0,bandizip,train,train,x86,hard_negative,unified_goodware_balanced
870e2d0a9a921c48bc481fe1acac6bbf4094ecc5eae79421f3e4833b21f97efd,goodware_balanced__hard_negative__870e2d0a9a921c48bc481fe1acac6bbf4094ecc5eae79421f3e4833b21f97efd,balanced_goodware,0,llvm,train,train,x64,hard_negative,unified_goodware_balanced
87bda95e467e0af3cda173b383e50b7df477b109225edc4dd33b698f29a171c3,goodware_balanced__hard_negative__87bda95e467e0af3cda173b383e50b7df477b109225edc4dd33b698f29a171c3,balanced_goodware,0,winrar,train,train,x64,hard_negative,unified_goodware_balanced
8a7331cbc2e74affaa83554fc2286f75ef093f409f6a3721f19d82902399eb2c,goodware_balanced__hard_negative__8a7331cbc2e74affaa83554fc2286f75ef093f409f6a3721f19d82902399eb2c,balanced_goodware,0,llvm,train,train,x64,hard_negative,unified_goodware_balanced
8a91052ef261b5fbf3223ae9ce789af73dfe1e9b0ba5bdbc4d564870a24f2bae,goodware_balanced__hard_negative__8a91052ef261b5fbf3223ae9ce789af73dfe1e9b0ba5bdbc4d564870a24f2bae,balanced_goodware,0,dupeguru,val,train,x64,hard_negative,unified_goodware_balanced
8ba78b62e7f04fcdcce5d24cf6ce98b1b9709e28b587c51a7d75095f453b2206,goodware_balanced__hard_negative__8ba78b62e7f04fcdcce5d24cf6ce98b1b9709e28b587c51a7d75095f453b2206,balanced_goodware,0,onedrive,train,train,x64,hard_negative,unified_goodware_balanced
8d2ff4ce9096ddccc4f4cd62c2e41fc854cfd1b0d6e8d296645a7f5fd4ae565a,goodware_balanced__hard_negative__8d2ff4ce9096ddccc4f4cd62c2e41fc854cfd1b0d6e8d296645a7f5fd4ae565a,balanced_goodware,0,sqlitebrowser,train,train,x64,hard_negative,unified_goodware_balanced
8dfb5ea54cad133f95da7e00941982426af6c34c56d8c26d66dc0838da1e32cb,goodware_balanced__hard_negative__8dfb5ea54cad133f95da7e00941982426af6c34c56d8c26d66dc0838da1e32cb,balanced_goodware,0,keepassxc,train,train,x64,hard_negative,unified_goodware_balanced
8ef634ecd7c6447606fd1b08a561196720d98a482b6d47ae9ed48e1c085a4f94,goodware_balanced__hard_negative__8ef634ecd7c6447606fd1b08a561196720d98a482b6d47ae9ed48e1c085a4f94,balanced_goodware,0,llvm,train,train,x64,hard_negative,unified_goodware_balanced
8f07e1112ed283e5cd2798833e9a3c32d8961381bc36da04af57a1b0ca9bd40b,goodware_balanced__hard_negative__8f07e1112ed283e5cd2798833e9a3c32d8961381bc36da04af57a1b0ca9bd40b,balanced_goodware,0,zstd,val,train,x64,hard_negative,unified_goodware_balanced
8f9b2c726daf1eee8b0eba60070e0aa3ce9969fd0950ee34bcd466a423d6fe68,goodware_balanced__hard_negative__8f9b2c726daf1eee8b0eba60070e0aa3ce9969fd0950ee34bcd466a423d6fe68,balanced_goodware,0,keepassxc,train,train,x64,hard_negative,unified_goodware_balanced
91cd05c16c61c39788c47434602a59c17f5b08dbb3eee04ce85f8d5b70e8e604,goodware_balanced__hard_negative__91cd05c16c61c39788c47434602a59c17f5b08dbb3eee04ce85f8d5b70e8e604,balanced_goodware,0,clamav,train,train,x64,hard_negative,unified_goodware_balanced
91eb3cbb68ca5e50663126705127703d9c94ae0fc0d267e6602d38bcfcb74524,goodware_balanced__hard_negative__91eb3cbb68ca5e50663126705127703d9c94ae0fc0d267e6602d38bcfcb74524,balanced_goodware,0,llvm,train,train,x64,hard_negative,unified_goodware_balanced
93850555c90ee0c6c71b68b3c00c8d146a2166028288e4f7451962448b8ef843,goodware_balanced__hard_negative__93850555c90ee0c6c71b68b3c00c8d146a2166028288e4f7451962448b8ef843,balanced_goodware,0,xz,train,train,x64,hard_negative,unified_goodware_balanced
946cbc80aa7836765347f6f8b2e7a8c2bda029135d89046942d28c1ad4d94d5d,goodware_balanced__hard_negative__946cbc80aa7836765347f6f8b2e7a8c2bda029135d89046942d28c1ad4d94d5d,balanced_goodware,0,keepassxc,train,train,x64,hard_negative,unified_goodware_balanced
96f83844da70cdf48a19f7cb35071a61f0e50409ec3afb0b268522a9922c6724,goodware_balanced__hard_negative__96f83844da70cdf48a19f7cb35071a61f0e50409ec3afb0b268522a9922c6724,balanced_goodware,0,nextcloud,train,train,x64,hard_negative,unified_goodware_balanced
97b03baa795862300ecbaf12136147e9c4d77cb4e774083285da2d76a223ade8,goodware_balanced__hard_negative__97b03baa795862300ecbaf12136147e9c4d77cb4e774083285da2d76a223ade8,balanced_goodware,0,bazel,test,test,x64,hard_negative,unified_goodware_balanced
986af49c2d1eefeac324f724ff54597753d1053927fa5d58a37a457f578e1cf8,goodware_balanced__hard_negative__986af49c2d1eefeac324f724ff54597753d1053927fa5d58a37a457f578e1cf8,balanced_goodware,0,llvm,train,train,x64,hard_negative,unified_goodware_balanced
994193e4b23459cd714f288e4e6239d7c0562410c57bc8e9f2509ef2316d209b,goodware_balanced__hard_negative__994193e4b23459cd714f288e4e6239d7c0562410c57bc8e9f2509ef2316d209b,balanced_goodware,0,gpg4win,train,train,x64,hard_negative,unified_goodware_balanced
9ab321a755847a5cb427246ef063b2b6cd74673ff866a0836f6d56b90f8fe41f,goodware_balanced__hard_negative__9ab321a755847a5cb427246ef063b2b6cd74673ff866a0836f6d56b90f8fe41f,balanced_goodware,0,msys2,train,train,x64,hard_negative,unified_goodware_balanced
9b408e9346718e52ac09b92ee3e2e277c1d20941071946324cafee5585323893,goodware_balanced__hard_negative__9b408e9346718e52ac09b92ee3e2e277c1d20941071946324cafee5585323893,balanced_goodware,0,clamav,train,train,x64,hard_negative,unified_goodware_balanced
9c0a0a11629cced6a064932e95a0158ee936739d75a56338702fed97cb0bad55,goodware_balanced__hard_negative__9c0a0a11629cced6a064932e95a0158ee936739d75a56338702fed97cb0bad55,balanced_goodware,0,dupeguru,val,train,x64,hard_negative,unified_goodware_balanced
9c3b2fa2383eeed92bb5810bdcf893ae30fa654a30b453ab2e49a95e1ccf1631,goodware_balanced__hard_negative__9c3b2fa2383eeed92bb5810bdcf893ae30fa654a30b453ab2e49a95e1ccf1631,balanced_goodware,0,dupeguru,val,train,x64,hard_negative,unified_goodware_balanced
9e6409c3264a6f33f5f97c58265c06e95bf91a896e8e179ebaeb8204c5d19ed3,goodware_balanced__hard_negative__9e6409c3264a6f33f5f97c58265c06e95bf91a896e8e179ebaeb8204c5d19ed3,balanced_goodware,0,openkm,train,train,x86,hard_negative,unified_goodware_balanced
9ef14a86401c82d98f0a121089b401a004cae455fa0cf7f01c000e6d5b22bd5c,goodware_balanced__hard_negative__9ef14a86401c82d98f0a121089b401a004cae455fa0cf7f01c000e6d5b22bd5c,balanced_goodware,0,onedrive,train,train,x64,hard_negative,unified_goodware_balanced
a371980f5893f4ecf3b06b6cde388dc9c6ac2d311b7b5708d61eafa84c5c0b41,goodware_balanced__hard_negative__a371980f5893f4ecf3b06b6cde388dc9c6ac2d311b7b5708d61eafa84c5c0b41,balanced_goodware,0,sdelete,test,test,x64,hard_negative,unified_goodware_balanced
a37c68351580785cebc7d7f010f8e1945081a97d18d32b1f4fa4cebabeeb765b,goodware_balanced__hard_negative__a37c68351580785cebc7d7f010f8e1945081a97d18d32b1f4fa4cebabeeb765b,balanced_goodware,0,dupeguru,val,train,x64,hard_negative,unified_goodware_balanced
a3850e8c2a9038f77c300670b1239f738024c8580c5e8b83f5f155aca496031f,goodware_balanced__hard_negative__a3850e8c2a9038f77c300670b1239f738024c8580c5e8b83f5f155aca496031f,balanced_goodware,0,bleachbit,train,train,x86,hard_negative,unified_goodware_balanced
a4c2229bdc2a2a630acdc095b4d86008e5c3e3bc7773174354f3da4f5beb9cde,goodware_balanced__hard_negative__a4c2229bdc2a2a630acdc095b4d86008e5c3e3bc7773174354f3da4f5beb9cde,balanced_goodware,0,clamav,train,train,x64,hard_negative,unified_goodware_balanced
a54bc546a2d102317b934256b5fb55329658f46f839aa2c194c06fe2fd32bd59,goodware_balanced__hard_negative__a54bc546a2d102317b934256b5fb55329658f46f839aa2c194c06fe2fd32bd59,balanced_goodware,0,llvm,train,train,x64,hard_negative,unified_goodware_balanced
a56282062e09299b336d2fa859fcabe7908fe9ac4ab9e7d6bf9f6e33e69bad63,goodware_balanced__hard_negative__a56282062e09299b336d2fa859fcabe7908fe9ac4ab9e7d6bf9f6e33e69bad63,balanced_goodware,0,bleachbit,train,train,x86,hard_negative,unified_goodware_balanced
a5f3f036eeedc224526dbd8f3d16b94f3317a2375cf0f01e1d9b133eea9e3326,goodware_balanced__hard_negative__a5f3f036eeedc224526dbd8f3d16b94f3317a2375cf0f01e1d9b133eea9e3326,balanced_goodware,0,bleachbit,train,train,x86,hard_negative,unified_goodware_balanced
a6e1c709b42e10461422b7045cb5ad0de7bd1c6639bb67db45dea414bcf1bdea,goodware_balanced__hard_negative__a6e1c709b42e10461422b7045cb5ad0de7bd1c6639bb67db45dea414bcf1bdea,balanced_goodware,0,bleachbit,train,train,x86,hard_negative,unified_goodware_balanced
a7bbea234e5aeb4ea14c0cef875eb5913f67cdaaa7a665ef7c398dce5c04e495,goodware_balanced__hard_negative__a7bbea234e5aeb4ea14c0cef875eb5913f67cdaaa7a665ef7c398dce5c04e495,balanced_goodware,0,bandizip,train,train,x64,hard_negative,unified_goodware_balanced
a91ac3c13521a15e660fce28f6bd0dddd834b4b6d5046ce454dfe030e508bdb8,goodware_balanced__hard_negative__a91ac3c13521a15e660fce28f6bd0dddd834b4b6d5046ce454dfe030e508bdb8,balanced_goodware,0,sqlitebrowser,train,train,x64,hard_negative,unified_goodware_balanced
a94b1a5ba095ac7ff81e138a1231e42e3a07391e85eeb86c3bb5c9245244597a,goodware_balanced__hard_negative__a94b1a5ba095ac7ff81e138a1231e42e3a07391e85eeb86c3bb5c9245244597a,balanced_goodware,0,msys2,train,train,x64,hard_negative,unified_goodware_balanced
aa9ec502e20b927d236e19036b40a5da5ddd4ae030553a6608f821becd646efb,goodware_balanced__hard_negative__aa9ec502e20b927d236e19036b40a5da5ddd4ae030553a6608f821becd646efb,balanced_goodware,0,cryptsync,test,test,x86,hard_negative,unified_goodware_balanced
ab8247ca4554871e5d75c0ee118ee8663727bd6fdf37ad76b17e9cc8d5f286a8,goodware_balanced__hard_negative__ab8247ca4554871e5d75c0ee118ee8663727bd6fdf37ad76b17e9cc8d5f286a8,balanced_goodware,0,cmake,test,test,x64,hard_negative,unified_goodware_balanced
ad2a9a614e7c72848ffe3df86644f5ad7273ee9591ee5dbe3f31df8e50b981e3,goodware_balanced__hard_negative__ad2a9a614e7c72848ffe3df86644f5ad7273ee9591ee5dbe3f31df8e50b981e3,balanced_goodware,0,msys2,train,train,x64,hard_negative,unified_goodware_balanced
adb3fa6e7a334385337ebef6a17823e139e640ebc0c439dd0bbd615269a336a5,goodware_balanced__hard_negative__adb3fa6e7a334385337ebef6a17823e139e640ebc0c439dd0bbd615269a336a5,balanced_goodware,0,keepassxc,train,train,x64,hard_negative,unified_goodware_balanced
aede4ec454a82f146eb4a721e616e2086870107d88aabc6b0bd1eea0a505d935,goodware_balanced__hard_negative__aede4ec454a82f146eb4a721e616e2086870107d88aabc6b0bd1eea0a505d935,balanced_goodware,0,clamav,train,train,x64,hard_negative,unified_goodware_balanced
af7eb32483616fd138fc4ef3ee3fe0666699f0921862fd15ca96f56b2fd45cec,goodware_balanced__hard_negative__af7eb32483616fd138fc4ef3ee3fe0666699f0921862fd15ca96f56b2fd45cec,balanced_goodware,0,llvm,train,train,x64,hard_negative,unified_goodware_balanced
b02767c6076559a0fa81d122f5f70813ae886dab5a7de7841eead58b96672bb6,goodware_balanced__hard_negative__b02767c6076559a0fa81d122f5f70813ae886dab5a7de7841eead58b96672bb6,balanced_goodware,0,xz,train,train,x86,hard_negative,unified_goodware_balanced
b087192b55ffa7e1f2a93c9af7e2e2a8c9776ef8d893a4a7ab0474cd6fd68f4c,goodware_balanced__hard_negative__b087192b55ffa7e1f2a93c9af7e2e2a8c9776ef8d893a4a7ab0474cd6fd68f4c,balanced_goodware,0,gpg4win,train,train,x64,hard_negative,unified_goodware_balanced
b2c9507de96f47f81a183985c2c1e350ee68fead1da3d91b90e5cfdb2dd46a56,goodware_balanced__hard_negative__b2c9507de96f47f81a183985c2c1e350ee68fead1da3d91b90e5cfdb2dd46a56,balanced_goodware,0,winrar,train,train,x64,hard_negative,unified_goodware_balanced
b3308e0364886d68e09bc649bf4f3377edf3d3dab180f1ac4ed186b1aa95aabe,goodware_balanced__hard_negative__b3308e0364886d68e09bc649bf4f3377edf3d3dab180f1ac4ed186b1aa95aabe,balanced_goodware,0,msys2,train,train,x64,hard_negative,unified_goodware_balanced
b3498f0a10ac4cb42cf7213db4944a34594ff36c78c50a0f249c9085d1b1ff39,goodware_balanced__hard_negative__b3498f0a10ac4cb42cf7213db4944a34594ff36c78c50a0f249c9085d1b1ff39,balanced_goodware,0,sqlitebrowser,train,train,x64,hard_negative,unified_goodware_balanced
b6b3f83b488b2d31c6d576b46c776dffeb6fef63bd4d40135668bbf6dd81f5a6,goodware_balanced__hard_negative__b6b3f83b488b2d31c6d576b46c776dffeb6fef63bd4d40135668bbf6dd81f5a6,balanced_goodware,0,gpg4win,train,train,x64,hard_negative,unified_goodware_balanced
b6d2aff18ed89e5b1ddb13e3592e44d558d1d03ecc811eda2eb113fc1fb340ea,goodware_balanced__hard_negative__b6d2aff18ed89e5b1ddb13e3592e44d558d1d03ecc811eda2eb113fc1fb340ea,balanced_goodware,0,cmake,test,test,x64,hard_negative,unified_goodware_balanced
b74f02c336f12ea66dcced28f5c8d77de56818acc97337c82153f5ef60ebb265,goodware_balanced__hard_negative__b74f02c336f12ea66dcced28f5c8d77de56818acc97337c82153f5ef60ebb265,balanced_goodware,0,bleachbit,train,train,x86,hard_negative,unified_goodware_balanced
b7ccc4031a06e173f41e74d35103f6c35d3228667aad27f299beb4a396191873,goodware_balanced__hard_negative__b7ccc4031a06e173f41e74d35103f6c35d3228667aad27f299beb4a396191873,balanced_goodware,0,bleachbit,train,train,x86,hard_negative,unified_goodware_balanced
b7d0578889c4906e978ae10468cbf2fb04863bd30d515366adaf2f294397f958,goodware_balanced__hard_negative__b7d0578889c4906e978ae10468cbf2fb04863bd30d515366adaf2f294397f958,balanced_goodware,0,gpg4win,train,train,x64,hard_negative,unified_goodware_balanced
ba58b753c09dc86312d72e5af855a535279d58af1f5a41e05d2cda7a49f4eee6,goodware_balanced__hard_negative__ba58b753c09dc86312d72e5af855a535279d58af1f5a41e05d2cda7a49f4eee6,balanced_goodware,0,sqlitebrowser,train,train,x64,hard_negative,unified_goodware_balanced
ba8699a11ab87daebf6cd4dca73218c5cbb1176ddf012b6dc75dba90e5332440,goodware_balanced__hard_negative__ba8699a11ab87daebf6cd4dca73218c5cbb1176ddf012b6dc75dba90e5332440,balanced_goodware,0,llvm,train,train,x64,hard_negative,unified_goodware_balanced
bd5943884f62e5bcaff5323c078a574ab9fbcd08186914465a7a8acd7550bd93,goodware_balanced__hard_negative__bd5943884f62e5bcaff5323c078a574ab9fbcd08186914465a7a8acd7550bd93,balanced_goodware,0,age,val,train,x64,hard_negative,unified_goodware_balanced
bfab0d98dbaaa2263a6906fbda266b4b8d410a4c0d1b0e1d18c66b7c26bea2d1,goodware_balanced__hard_negative__bfab0d98dbaaa2263a6906fbda266b4b8d410a4c0d1b0e1d18c66b7c26bea2d1,balanced_goodware,0,mariadb,test,test,x64,hard_negative,unified_goodware_balanced
c036d09e6063deddd8bc56932c486830eefa416492293373d21fefb9328ca074,goodware_balanced__hard_negative__c036d09e6063deddd8bc56932c486830eefa416492293373d21fefb9328ca074,balanced_goodware,0,msys2,train,train,x64,hard_negative,unified_goodware_balanced
c238f7991cc7a0e2a707d2dd59b800951ea92ec15c3e6c2b1e0229adb8cec1a1,goodware_balanced__hard_negative__c238f7991cc7a0e2a707d2dd59b800951ea92ec15c3e6c2b1e0229adb8cec1a1,balanced_goodware,0,dupeguru,val,train,x64,hard_negative,unified_goodware_balanced
c57f626dd07175e23aaef766d9c699fce950483b1ceb665c4771a45d87c14099,goodware_balanced__hard_negative__c57f626dd07175e23aaef766d9c699fce950483b1ceb665c4771a45d87c14099,balanced_goodware,0,msys2,train,train,x64,hard_negative,unified_goodware_balanced
c6989259a78960805b8b646843d2ef3a8a19e5533359e8a252aad2f3cc78c844,goodware_balanced__hard_negative__c6989259a78960805b8b646843d2ef3a8a19e5533359e8a252aad2f3cc78c844,balanced_goodware,0,chocolatey,train,train,x86,hard_negative,unified_goodware_balanced
c887e307972807fda5e8df030b1ca3a90c493e0badff112ddeb91f51b18928c0,goodware_balanced__hard_negative__c887e307972807fda5e8df030b1ca3a90c493e0badff112ddeb91f51b18928c0,balanced_goodware,0,bandizip,train,train,x64,hard_negative,unified_goodware_balanced
ca72e89bd0b687479dca056cd9ced948080fba267c06f59425372f41fd0943ed,goodware_balanced__hard_negative__ca72e89bd0b687479dca056cd9ced948080fba267c06f59425372f41fd0943ed,balanced_goodware,0,bazel,test,test,x64,hard_negative,unified_goodware_balanced
caa209a0573a8c0e9e9af162670ad6649fe448508249004e0c7c8ad059a580c3,goodware_balanced__hard_negative__caa209a0573a8c0e9e9af162670ad6649fe448508249004e0c7c8ad059a580c3,balanced_goodware,0,age,val,train,x64,hard_negative,unified_goodware_balanced
caaef5eaed5f91c75fe2da535bca7fcba712fb052cedb259a8947f5d2e4eae0b,goodware_balanced__hard_negative__caaef5eaed5f91c75fe2da535bca7fcba712fb052cedb259a8947f5d2e4eae0b,balanced_goodware,0,llvm,train,train,x64,hard_negative,unified_goodware_balanced
cb20653f03bf4d17621a946c8b6229d1f350734c479554b584655b25ea7768ea,goodware_balanced__hard_negative__cb20653f03bf4d17621a946c8b6229d1f350734c479554b584655b25ea7768ea,balanced_goodware,0,bleachbit,train,train,x86,hard_negative,unified_goodware_balanced
cc6f1c7ca71d62893d22f632015d7c3a620ec7de1a2aaf2f463b95c86ccc8366,goodware_balanced__hard_negative__cc6f1c7ca71d62893d22f632015d7c3a620ec7de1a2aaf2f463b95c86ccc8366,balanced_goodware,0,gpg4win,train,train,x86,hard_negative,unified_goodware_balanced
ccb2ee85b5310fa78dbbd01c138620c4111d85ed53aedee46f10079a54ee0467,goodware_balanced__hard_negative__ccb2ee85b5310fa78dbbd01c138620c4111d85ed53aedee46f10079a54ee0467,balanced_goodware,0,llvm,train,train,x64,hard_negative,unified_goodware_balanced
ce7de10b9c5fe9c8b700739dc17c3dd37dbd753fcc7a77bd97a00222c6dd302d,goodware_balanced__hard_negative__ce7de10b9c5fe9c8b700739dc17c3dd37dbd753fcc7a77bd97a00222c6dd302d,balanced_goodware,0,onedrive,train,train,x64,hard_negative,unified_goodware_balanced
cea78a58bdfa78085ca276a864649fa3ad2ccb9509ef17aff49c5f3126d9f1b8,goodware_balanced__hard_negative__cea78a58bdfa78085ca276a864649fa3ad2ccb9509ef17aff49c5f3126d9f1b8,balanced_goodware,0,gpg4win,train,train,x64,hard_negative,unified_goodware_balanced
cf014b73e689c499b410ea3513ef7b78fbdd383208fb71557186a71bbf16dc4f,goodware_balanced__hard_negative__cf014b73e689c499b410ea3513ef7b78fbdd383208fb71557186a71bbf16dc4f,balanced_goodware,0,keepassxc,train,train,x64,hard_negative,unified_goodware_balanced
cf050d345e1e1d8c1811100cc0a99251c346d24a6ebed1f767cb4b7a9afbbda8,goodware_balanced__hard_negative__cf050d345e1e1d8c1811100cc0a99251c346d24a6ebed1f767cb4b7a9afbbda8,balanced_goodware,0,onedrive,train,train,x64,hard_negative,unified_goodware_balanced
cfc08ce451552ba12de0a7ec350c4cfbdc3dc7114dbf8ea564562cac770dc5d8,goodware_balanced__hard_negative__cfc08ce451552ba12de0a7ec350c4cfbdc3dc7114dbf8ea564562cac770dc5d8,balanced_goodware,0,age,val,train,x64,hard_negative,unified_goodware_balanced
d0344ca7223d78f1f502b6feb2b141b6041e3dabefd849e18a1f026b2227e8e0,goodware_balanced__hard_negative__d0344ca7223d78f1f502b6feb2b141b6041e3dabefd849e18a1f026b2227e8e0,balanced_goodware,0,sqlitebrowser,train,train,x64,hard_negative,unified_goodware_balanced
d052be9cb42b3798e7a7a65c48a51a4253d8685d7720679b4279007fd6a1aa3f,goodware_balanced__hard_negative__d052be9cb42b3798e7a7a65c48a51a4253d8685d7720679b4279007fd6a1aa3f,balanced_goodware,0,clamav,train,train,x64,hard_negative,unified_goodware_balanced
d0c3b8dfc94808bc6963e68a5c2e0da92542b0717d67d9a26f9fed022a790d1e,goodware_balanced__hard_negative__d0c3b8dfc94808bc6963e68a5c2e0da92542b0717d67d9a26f9fed022a790d1e,balanced_goodware,0,keepassxc,train,train,x64,hard_negative,unified_goodware_balanced
d346e161f2cbaccccae0a2861c4e9baf888d6aa1bfcfba4ba6ded922a65f8c75,goodware_balanced__hard_negative__d346e161f2cbaccccae0a2861c4e9baf888d6aa1bfcfba4ba6ded922a65f8c75,balanced_goodware,0,handbrake,train,train,x64,hard_negative,unified_goodware_balanced
d34fcd6823fa7340a86f1f68de2a2c851e7511fa7c40bb57de95ca10333c27ea,goodware_balanced__hard_negative__d34fcd6823fa7340a86f1f68de2a2c851e7511fa7c40bb57de95ca10333c27ea,balanced_goodware,0,age,val,train,x64,hard_negative,unified_goodware_balanced
d3dc5b9b37f15be90b091d13635f4a99a8d5e71a5c6114ee5fcba04bcc65fa04,goodware_balanced__hard_negative__d3dc5b9b37f15be90b091d13635f4a99a8d5e71a5c6114ee5fcba04bcc65fa04,balanced_goodware,0,llvm,train,train,x64,hard_negative,unified_goodware_balanced
d4bf61059ef4f075d226109344af96b317d168bc4562405fe2bf997663827052,goodware_balanced__hard_negative__d4bf61059ef4f075d226109344af96b317d168bc4562405fe2bf997663827052,balanced_goodware,0,llvm,train,train,x64,hard_negative,unified_goodware_balanced
d5eef4e1fa6e7d0bfcc243f0788c0e6804d980d6f928f6da526ab87c3cb2a5aa,goodware_balanced__hard_negative__d5eef4e1fa6e7d0bfcc243f0788c0e6804d980d6f928f6da526ab87c3cb2a5aa,balanced_goodware,0,gpg4win,train,train,x64,hard_negative,unified_goodware_balanced
d79c4f137de6c148a1fc9612c81a27289df863d3fba3f4d60772866570ea02cb,goodware_balanced__hard_negative__d79c4f137de6c148a1fc9612c81a27289df863d3fba3f4d60772866570ea02cb,balanced_goodware,0,bleachbit,train,train,x86,hard_negative,unified_goodware_balanced
d81b73be95a54d5bd8337e6757a91b97e1afd214b4562c86ea1d6fe07b2e6a9f,goodware_balanced__hard_negative__d81b73be95a54d5bd8337e6757a91b97e1afd214b4562c86ea1d6fe07b2e6a9f,balanced_goodware,0,llvm,train,train,x64,hard_negative,unified_goodware_balanced
d9b21182952682fe7ba63af1df24e23ace592c35b3f31eceef9f0eabeb5881b9,goodware_balanced__hard_negative__d9b21182952682fe7ba63af1df24e23ace592c35b3f31eceef9f0eabeb5881b9,balanced_goodware,0,sqlitebrowser,train,train,x64,hard_negative,unified_goodware_balanced
d9f227e2c23c774ea6c40841933f31747db4c57f267f32c3c2ff3f3a89f35b9c,goodware_balanced__hard_negative__d9f227e2c23c774ea6c40841933f31747db4c57f267f32c3c2ff3f3a89f35b9c,balanced_goodware,0,bleachbit,train,train,x86,hard_negative,unified_goodware_balanced
db1119dcf3d2c85d2031c7413e7f6a4cbd67fb6380ba816b59ec129d1e14b16d,goodware_balanced__hard_negative__db1119dcf3d2c85d2031c7413e7f6a4cbd67fb6380ba816b59ec129d1e14b16d,balanced_goodware,0,clamav,train,train,x64,hard_negative,unified_goodware_balanced
dc60b3687796ef5f53e2c86a3429e4d1aaf4d4aedacfa84c9d9581bf54459da3,goodware_balanced__hard_negative__dc60b3687796ef5f53e2c86a3429e4d1aaf4d4aedacfa84c9d9581bf54459da3,balanced_goodware,0,bandizip,train,train,x86,hard_negative,unified_goodware_balanced
dc7b8fe078068ff0579a9fb1fc7a0bdb0be9acac45537faec8c7e385a7ac1d6c,goodware_balanced__hard_negative__dc7b8fe078068ff0579a9fb1fc7a0bdb0be9acac45537faec8c7e385a7ac1d6c,balanced_goodware,0,bandizip,train,train,x64,hard_negative,unified_goodware_balanced
dcb5761b0d33645b9565fd6b5e022b15db0082062c0fed22202a9e6bebc86ed5,goodware_balanced__hard_negative__dcb5761b0d33645b9565fd6b5e022b15db0082062c0fed22202a9e6bebc86ed5,balanced_goodware,0,winrar,train,train,x64,hard_negative,unified_goodware_balanced
e110d4ab4c863542124bff0ed1247990a2a7a09fdf884cd8fd822e1c124bfd2b,goodware_balanced__hard_negative__e110d4ab4c863542124bff0ed1247990a2a7a09fdf884cd8fd822e1c124bfd2b,balanced_goodware,0,msys2,train,train,x64,hard_negative,unified_goodware_balanced
e114dafaad1895adff84cc6c9d294df34eca4e02c05ce0f62229234cfd6300f8,goodware_balanced__hard_negative__e114dafaad1895adff84cc6c9d294df34eca4e02c05ce0f62229234cfd6300f8,balanced_goodware,0,clamav,train,train,x64,hard_negative,unified_goodware_balanced
e15afdb6eddab05b3ff71a8d9683c0e4faf07467705a38441c5a317cbe75b14b,goodware_balanced__hard_negative__e15afdb6eddab05b3ff71a8d9683c0e4faf07467705a38441c5a317cbe75b14b,balanced_goodware,0,bazel,test,test,x64,hard_negative,unified_goodware_balanced
e17632e5166878494198c44cbd58d2266644647341b9b2967c5bebe8f0f61a79,goodware_balanced__hard_negative__e17632e5166878494198c44cbd58d2266644647341b9b2967c5bebe8f0f61a79,balanced_goodware,0,gpg4win,train,train,x64,hard_negative,unified_goodware_balanced
e1d44c16949fee18a8474aac8b84db6737c938c2f88aa8fc8591edcaeee4f083,goodware_balanced__hard_negative__e1d44c16949fee18a8474aac8b84db6737c938c2f88aa8fc8591edcaeee4f083,balanced_goodware,0,gpg4win,train,train,x64,hard_negative,unified_goodware_balanced
e4f01bff1fa0381615a7e174fef0cd37bc0363b9a98cc261c60206b031e2bd1c,goodware_balanced__hard_negative__e4f01bff1fa0381615a7e174fef0cd37bc0363b9a98cc261c60206b031e2bd1c,balanced_goodware,0,clamav,train,train,x64,hard_negative,unified_goodware_balanced
e5628f9a9f55ecf367db84cb25609ecc7dfa8245b3fc49d05781a2f0ac38280a,goodware_balanced__hard_negative__e5628f9a9f55ecf367db84cb25609ecc7dfa8245b3fc49d05781a2f0ac38280a,balanced_goodware,0,clamav,train,train,x64,hard_negative,unified_goodware_balanced
e75c187a496f8f1da9684e49d146f887bc0473719cb089b6c2d55e2cf0b79992,goodware_balanced__hard_negative__e75c187a496f8f1da9684e49d146f887bc0473719cb089b6c2d55e2cf0b79992,balanced_goodware,0,clamav,train,train,x64,hard_negative,unified_goodware_balanced
e780c23d5d6bf60d7e80e073586be5f4d7f91faa0a0d1f07b3088b5d710f8395,goodware_balanced__hard_negative__e780c23d5d6bf60d7e80e073586be5f4d7f91faa0a0d1f07b3088b5d710f8395,balanced_goodware,0,msys2,train,train,x64,hard_negative,unified_goodware_balanced
e95d43ca007961b594e7fe843552af2f7508330dc8b2de6c935036636e91c0b1,goodware_balanced__hard_negative__e95d43ca007961b594e7fe843552af2f7508330dc8b2de6c935036636e91c0b1,balanced_goodware,0,xz,train,train,x86,hard_negative,unified_goodware_balanced
e994847e01a6f1e4cbdc5a864616ac262f67ee4f14db194984661a8d927ab7f4,goodware_balanced__hard_negative__e994847e01a6f1e4cbdc5a864616ac262f67ee4f14db194984661a8d927ab7f4,balanced_goodware,0,dupeguru,val,train,x64,hard_negative,unified_goodware_balanced
ea8c3658f203602525ba054856aaa8d1ab022455dc8b012e7d99d2767a9936b2,goodware_balanced__hard_negative__ea8c3658f203602525ba054856aaa8d1ab022455dc8b012e7d99d2767a9936b2,balanced_goodware,0,bandizip,train,train,x64,hard_negative,unified_goodware_balanced
ebc4f14a05deb7443a2ca3c8c379b6ae1b0f1a3fe193e00f51e10da6bb3adf3a,goodware_balanced__hard_negative__ebc4f14a05deb7443a2ca3c8c379b6ae1b0f1a3fe193e00f51e10da6bb3adf3a,balanced_goodware,0,7zip,test,test,x64,hard_negative,unified_goodware_balanced
ebdf91f0310ab67a79abd2385fa428205856f81e3a753e6e47c31d5946ddd590,goodware_balanced__hard_negative__ebdf91f0310ab67a79abd2385fa428205856f81e3a753e6e47c31d5946ddd590,balanced_goodware,0,sqlitebrowser,train,train,x64,hard_negative,unified_goodware_balanced
ec0ba438a6171c6582286ab8d3f51671e9d2f8e1186c4895cbd059e8875def6d,goodware_balanced__hard_negative__ec0ba438a6171c6582286ab8d3f51671e9d2f8e1186c4895cbd059e8875def6d,balanced_goodware,0,bleachbit,train,train,x86,hard_negative,unified_goodware_balanced
ed1c8769f5096afd000fc730a37b11177fcf90890345071ab7fbceac684d571f,goodware_balanced__hard_negative__ed1c8769f5096afd000fc730a37b11177fcf90890345071ab7fbceac684d571f,balanced_goodware,0,dupeguru,val,train,x64,hard_negative,unified_goodware_balanced
ef396128da91efdb75e917588e1745f384f010f56d559b24ceee3544d205dea5,goodware_balanced__hard_negative__ef396128da91efdb75e917588e1745f384f010f56d559b24ceee3544d205dea5,balanced_goodware,0,bazel,test,test,x64,hard_negative,unified_goodware_balanced
efc5c17a368927c6e5277cac32d9612af596c21a77dc6d66f56d52e9d78dc0db,goodware_balanced__hard_negative__efc5c17a368927c6e5277cac32d9612af596c21a77dc6d66f56d52e9d78dc0db,balanced_goodware,0,llvm,train,train,x64,hard_negative,unified_goodware_balanced
f1948c29bf14fefa7f8ef01982f15c1bc57b104f37bcc4f07e463804e098f20f,goodware_balanced__hard_negative__f1948c29bf14fefa7f8ef01982f15c1bc57b104f37bcc4f07e463804e098f20f,balanced_goodware,0,onedrive,train,train,x86,hard_negative,unified_goodware_balanced
f368912f61ddea8b302acf9114891ec57f8a45b0de77f076b1d19c960bc6f7cf,goodware_balanced__hard_negative__f368912f61ddea8b302acf9114891ec57f8a45b0de77f076b1d19c960bc6f7cf,balanced_goodware,0,clamav,train,train,x64,hard_negative,unified_goodware_balanced
f4205eebaa398e7e20313fcf0d93ee1bde73d973d548067063a6bdb5972358c1,goodware_balanced__hard_negative__f4205eebaa398e7e20313fcf0d93ee1bde73d973d548067063a6bdb5972358c1,balanced_goodware,0,cmake,test,test,x64,hard_negative,unified_goodware_balanced
f4a229a082d16f80016f366156a2b951550f1e9df6d4177323bbedd92a429909,goodware_balanced__hard_negative__f4a229a082d16f80016f366156a2b951550f1e9df6d4177323bbedd92a429909,balanced_goodware,0,sqlitebrowser,train,train,x64,hard_negative,unified_goodware_balanced
f4ae445c6bcc659ff30e0375d6825171e3128eba9c667fc003d56003e7b5f682,goodware_balanced__hard_negative__f4ae445c6bcc659ff30e0375d6825171e3128eba9c667fc003d56003e7b5f682,balanced_goodware,0,llvm,train,train,x64,hard_negative,unified_goodware_balanced
f4d2cd003a49f8e94eb3f93a78161035ff941e02c30fd32299e19b4714206a00,goodware_balanced__hard_negative__f4d2cd003a49f8e94eb3f93a78161035ff941e02c30fd32299e19b4714206a00,balanced_goodware,0,keepassxc,train,train,x64,hard_negative,unified_goodware_balanced
f561764bc3e9ed208744321a89a819b562edeaf06e203c02a06976121fda1991,goodware_balanced__hard_negative__f561764bc3e9ed208744321a89a819b562edeaf06e203c02a06976121fda1991,balanced_goodware,0,winrar,train,train,x64,hard_negative,unified_goodware_balanced
f60dd9f2fcbd495674dfc1555effb710eb081fc7d4cae5fa58c438ab50405081,goodware_balanced__hard_negative__f60dd9f2fcbd495674dfc1555effb710eb081fc7d4cae5fa58c438ab50405081,balanced_goodware,0,dupeguru,val,train,x64,hard_negative,unified_goodware_balanced
f6cf838fa37c93ff6569d587a7e9b28a38556c71a000cf2b9dd8dd6f710dc5d7,goodware_balanced__hard_negative__f6cf838fa37c93ff6569d587a7e9b28a38556c71a000cf2b9dd8dd6f710dc5d7,balanced_goodware,0,msys2,train,train,x64,hard_negative,unified_goodware_balanced
f7838ffb53dc157b10cea3bd6e6ac0dc4fe6c3612408388c28695e4310523d6a,goodware_balanced__hard_negative__f7838ffb53dc157b10cea3bd6e6ac0dc4fe6c3612408388c28695e4310523d6a,balanced_goodware,0,bandizip,train,train,x86,hard_negative,unified_goodware_balanced
f7929b91f359406b8e226f2a914535db3c3c49ddc5d5d358dfb4e9ef554c0814,goodware_balanced__hard_negative__f7929b91f359406b8e226f2a914535db3c3c49ddc5d5d358dfb4e9ef554c0814,balanced_goodware,0,keepassxc,train,train,x64,hard_negative,unified_goodware_balanced
f81f269e9b259b827ac9046c396dafbf8b13de454762fdb32a2147cda2174df3,goodware_balanced__hard_negative__f81f269e9b259b827ac9046c396dafbf8b13de454762fdb32a2147cda2174df3,balanced_goodware,0,bandizip,train,train,x64,hard_negative,unified_goodware_balanced
f84d22d9a75c7ff0ad3efc37705c92701a0f2fea64b1ee976bf13174be3b61f2,goodware_balanced__hard_negative__f84d22d9a75c7ff0ad3efc37705c92701a0f2fea64b1ee976bf13174be3b61f2,balanced_goodware,0,bandizip,train,train,x64,hard_negative,unified_goodware_balanced
f98cac3d941c48ee7ae1b7fff1134e101929b51695f41eaa987ec1851e705094,goodware_balanced__hard_negative__f98cac3d941c48ee7ae1b7fff1134e101929b51695f41eaa987ec1851e705094,balanced_goodware,0,handbrake,train,train,x64,hard_negative,unified_goodware_balanced
fa35ccd05b9c82c0b000af12716ef3819d67516ddd5e940ed22221d627e3718e,goodware_balanced__hard_negative__fa35ccd05b9c82c0b000af12716ef3819d67516ddd5e940ed22221d627e3718e,balanced_goodware,0,clamav,train,train,x64,hard_negative,unified_goodware_balanced
fb4e980cb5fafa8a4cd4239329aed93f7c32ed939c94b61fb2df657f3c6ad158,goodware_balanced__hard_negative__fb4e980cb5fafa8a4cd4239329aed93f7c32ed939c94b61fb2df657f3c6ad158,balanced_goodware,0,sqlitebrowser,train,train,x64,hard_negative,unified_goodware_balanced
fb9e1c2fa0d0974adad5ffecb78ae2538331048944dfe6ce9c496459b857283e,goodware_balanced__hard_negative__fb9e1c2fa0d0974adad5ffecb78ae2538331048944dfe6ce9c496459b857283e,balanced_goodware,0,onedrive,train,train,x64,hard_negative,unified_goodware_balanced
fc46083ab31a20bacc8135766c063b6cc72e16abbed0294f4d9c630b05e8b8f5,goodware_balanced__hard_negative__fc46083ab31a20bacc8135766c063b6cc72e16abbed0294f4d9c630b05e8b8f5,balanced_goodware,0,7zip,test,test,x64,hard_negative,unified_goodware_balanced
fc825633d2b831517253092a1e4a10b5b68452ba3a2af0b5f2a5a0d2c180a752,goodware_balanced__hard_negative__fc825633d2b831517253092a1e4a10b5b68452ba3a2af0b5f2a5a0d2c180a752,balanced_goodware,0,msys2,train,train,x64,hard_negative,unified_goodware_balanced
fcf4f6744944ff55178d722350b1cfc514b74a6d8ff450c5f4f7938d6f595bbe,goodware_balanced__hard_negative__fcf4f6744944ff55178d722350b1cfc514b74a6d8ff450c5f4f7938d6f595bbe,balanced_goodware,0,llvm,train,train,x64,hard_negative,unified_goodware_balanced
ff3b9246180446e92bf0f107dabf3a9b6e449ffdaf470bfe84687ff8e2579416,goodware_balanced__hard_negative__ff3b9246180446e92bf0f107dabf3a9b6e449ffdaf470bfe84687ff8e2579416,balanced_goodware,0,bandizip,train,train,x64,hard_negative,unified_goodware_balanced
00be02c348a0eaafee529cba278bf6ff32c9be09077fd29f85bad56ea2b20913,goodware_balanced__system__00be02c348a0eaafee529cba278bf6ff32c9be09077fd29f85bad56ea2b20913,balanced_goodware,0,file:system_upnpcont.exe.txt,train,train,x64,system,unified_goodware_balanced
0111d485351ef0deffd9403a0f8e123759a04a928fbd055b901de18164c4fa39,goodware_balanced__system__0111d485351ef0deffd9403a0f8e123759a04a928fbd055b901de18164c4fa39,balanced_goodware,0,file:system_PresentationHost_0111d485.exe.txt,train,train,x64,system,unified_goodware_balanced
03ca1617c7cce076176495f1d2ab524e0d1177768dc432da777c7b985f1b4563,goodware_balanced__system__03ca1617c7cce076176495f1d2ab524e0d1177768dc432da777c7b985f1b4563,balanced_goodware,0,file:system_wusa_03ca1617.exe.txt,train,train,x86,system,unified_goodware_balanced
0491edb04bf8f6a39b676bff46a3449ac6a2c859c5f71e054f20b02697f30323,goodware_balanced__system__0491edb04bf8f6a39b676bff46a3449ac6a2c859c5f71e054f20b02697f30323,balanced_goodware,0,file:system_LogonUI.exe.txt,train,train,x64,system,unified_goodware_balanced
04b9b2738a20aaec49f861c2e8f3e0b8ce72f6292e6bf2903a7104d212e3d19e,goodware_balanced__system__04b9b2738a20aaec49f861c2e8f3e0b8ce72f6292e6bf2903a7104d212e3d19e,balanced_goodware,0,file:system_VSSVC.exe.txt,train,train,x64,system,unified_goodware_balanced
051351ccfa53c4db4d9741987a26665b4cdd7edbb388f36173c5b1f842232d56,goodware_balanced__system__051351ccfa53c4db4d9741987a26665b4cdd7edbb388f36173c5b1f842232d56,balanced_goodware,0,file:system_bfscfg.exe.txt,train,train,x64,system,unified_goodware_balanced
05b316c86e52514b8cf99f00ae428a15ca9e30524567b7605bfaf16332dfdeeb,goodware_balanced__system__05b316c86e52514b8cf99f00ae428a15ca9e30524567b7605bfaf16332dfdeeb,balanced_goodware,0,file:system_bitsadmin.exe.txt,train,train,x86,system,unified_goodware_balanced
05dcb1619c0fa52b544b2b17015c17195aea0f60d7c287e49d9b04c428e8b765,goodware_balanced__system__05dcb1619c0fa52b544b2b17015c17195aea0f60d7c287e49d9b04c428e8b765,balanced_goodware,0,file:system_Ldr64.exe.txt,train,train,x64,system,unified_goodware_balanced
0618aba58573dc4d3ee8617f223602708cfaebdf763f42def048b80b59f26807,goodware_balanced__system__0618aba58573dc4d3ee8617f223602708cfaebdf763f42def048b80b59f26807,balanced_goodware,0,file:system_ApproveChildRequest.exe.txt,train,train,x64,system,unified_goodware_balanced
062ba2df1901fdee5107c2bc7e9d24e89839a0d04207de1dd85d4b8aee52cf81,goodware_balanced__system__062ba2df1901fdee5107c2bc7e9d24e89839a0d04207de1dd85d4b8aee52cf81,balanced_goodware,0,file:system_mstsc.exe.txt,train,train,x64,system,unified_goodware_balanced
06e4c2ba3bc61a241c39db68ffde44b2ab21c4ec7d9615dc6d0d17cf190d04f8,goodware_balanced__system__06e4c2ba3bc61a241c39db68ffde44b2ab21c4ec7d9615dc6d0d17cf190d04f8,balanced_goodware,0,file:system_dpapimig.exe.txt,train,train,x86,system,unified_goodware_balanced
08b0b969a5800b21b97637ed9685ed095ee25215fbb3b09147bf16d2835fd7d3,goodware_balanced__system__08b0b969a5800b21b97637ed9685ed095ee25215fbb3b09147bf16d2835fd7d3,balanced_goodware,0,file:system_poqexec.exe.txt,train,train,x64,system,unified_goodware_balanced
08d0c042df6aeb693f0ba84a027ed1bda9564b192d97ea8cb1f45af12928c88e,goodware_balanced__system__08d0c042df6aeb693f0ba84a027ed1bda9564b192d97ea8cb1f45af12928c88e,balanced_goodware,0,file:system_dgtrayicon.exe.txt,train,train,x64,system,unified_goodware_balanced
0a5f73ef16805bfcad0c75b7edb3e850420d884ef12da80aaa21f5ce028b4e0b,goodware_balanced__system__0a5f73ef16805bfcad0c75b7edb3e850420d884ef12da80aaa21f5ce028b4e0b,balanced_goodware,0,file:system_provlaunch.exe.txt,train,train,x86,system,unified_goodware_balanced
0df42e045bca512d9312e0ca7ac248b81e67824773476c6121e8f34e5ab5ee26,goodware_balanced__system__0df42e045bca512d9312e0ca7ac248b81e67824773476c6121e8f34e5ab5ee26,balanced_goodware,0,file:system_la57setup.exe.txt,train,train,x64,system,unified_goodware_balanced
0f45d230444ecbda33d04bd0d898588c028554185ce3eb02aa2cb00829345efb,goodware_balanced__system__0f45d230444ecbda33d04bd0d898588c028554185ce3eb02aa2cb00829345efb,balanced_goodware,0,file:system_SensorRuntimeBroker.exe.txt,train,train,x64,system,unified_goodware_balanced
1001d5c0d074ba670f4bbe90f1809959d3bf9d8d6f5e85ecac9c1c01e05fa499,goodware_balanced__system__1001d5c0d074ba670f4bbe90f1809959d3bf9d8d6f5e85ecac9c1c01e05fa499,balanced_goodware,0,file:system_NpcapHelper_1001d5c0.exe.txt,train,train,x64,system,unified_goodware_balanced
1157667c58d4820249e54d6acab81397dcd9413e1ad1d1427db97a0d39bcdb3e,goodware_balanced__system__1157667c58d4820249e54d6acab81397dcd9413e1ad1d1427db97a0d39bcdb3e,balanced_goodware,0,file:system_NETSTAT.EXE.txt,train,train,x64,system,unified_goodware_balanced
1158282ec3c67273591450ef3967dbd3cb3b1fea6ae1acd68f9bc0f440b65453,goodware_balanced__system__1158282ec3c67273591450ef3967dbd3cb3b1fea6ae1acd68f9bc0f440b65453,balanced_goodware,0,file:system_wowreg32.exe.txt,train,train,x64,system,unified_goodware_balanced
129027ad497609547ead4467f43f09a974d8ff9bd44cd116935ca019bc14f204,goodware_balanced__system__129027ad497609547ead4467f43f09a974d8ff9bd44cd116935ca019bc14f204,balanced_goodware,0,file:system_SystemSettingsAdminFlows.exe.txt,test,test,x64,system,unified_goodware_balanced
12d3e106489c6a0e0dcda41643bb3d9c4e3399a7bd77dcb24b14a0b3f3c05e78,goodware_balanced__system__12d3e106489c6a0e0dcda41643bb3d9c4e3399a7bd77dcb24b14a0b3f3c05e78,balanced_goodware,0,file:system_grpconv.exe.txt,train,train,x86,system,unified_goodware_balanced
1341f06c94f78bbcdf95ee91d7ad34a2bc9e4b745c3f82b5b406d1e11122e8fb,goodware_balanced__system__1341f06c94f78bbcdf95ee91d7ad34a2bc9e4b745c3f82b5b406d1e11122e8fb,balanced_goodware,0,file:system_tzutil_1341f06c.exe.txt,train,train,x86,system,unified_goodware_balanced
1351de1d0cc7ebe3366205bde929c36297ff7cf04dfce707569f3eca0f88906c,goodware_balanced__system__1351de1d0cc7ebe3366205bde929c36297ff7cf04dfce707569f3eca0f88906c,balanced_goodware,0,file:system_PinEnrollmentBroker.exe.txt,train,train,x64,system,unified_goodware_balanced
13aa072103656881bab86c09ac0f8362265783bbfb428e85ff060e6018ec2488,goodware_balanced__system__13aa072103656881bab86c09ac0f8362265783bbfb428e85ff060e6018ec2488,balanced_goodware,0,file:system_ntoskrnl.exe.txt,train,train,x64,system,unified_goodware_balanced
152fd67b64bd389629406fb8cd1caf0d20b4581eb4a7ace00b987337b06590cd,goodware_balanced__system__152fd67b64bd389629406fb8cd1caf0d20b4581eb4a7ace00b987337b06590cd,balanced_goodware,0,file:system_dvdplay.exe.txt,train,train,x86,system,unified_goodware_balanced
158598ed3d590937c964b43dd91546ffcabab5636b6ce619b4ffc43224013bb6,goodware_balanced__system__158598ed3d590937c964b43dd91546ffcabab5636b6ce619b4ffc43224013bb6,balanced_goodware,0,file:system_subst.exe.txt,test,test,x64,system,unified_goodware_balanced
15e47a9ccd644903cf9cf4c38017949107e0c1c20ae15a29db84ee53a87aced8,goodware_balanced__system__15e47a9ccd644903cf9cf4c38017949107e0c1c20ae15a29db84ee53a87aced8,balanced_goodware,0,file:system_EhStorAuthn.exe.txt,train,train,x64,system,unified_goodware_balanced
16885037343ccdf6f1f2061fc769c27ec3333918a2d95c7d7b7d176818c056a0,goodware_balanced__system__16885037343ccdf6f1f2061fc769c27ec3333918a2d95c7d7b7d176818c056a0,balanced_goodware,0,file:system_at.exe.txt,train,train,x64,system,unified_goodware_balanced
190b3a78bf58078b10092a62447f161dbe101f2e1d1c9dbc92e4486333bdbe5f,goodware_balanced__system__190b3a78bf58078b10092a62447f161dbe101f2e1d1c9dbc92e4486333bdbe5f,balanced_goodware,0,file:system_msra.exe.txt,train,train,x64,system,unified_goodware_balanced
1a16371b1af0756187aa6dbd367ef368033df469ae31c68347ddb250bbf85c2f,goodware_balanced__system__1a16371b1af0756187aa6dbd367ef368033df469ae31c68347ddb250bbf85c2f,balanced_goodware,0,file:system_LaunchWinApp.exe.txt,val,train,x86,system,unified_goodware_balanced
1b5abd9359447efa59380843eb245dc280b9e17c9f51388cf3ed1cec4b650fb6,goodware_balanced__system__1b5abd9359447efa59380843eb245dc280b9e17c9f51388cf3ed1cec4b650fb6,balanced_goodware,0,file:system_EaseOfAccessDialog_1b5abd93.exe.txt,train,train,x86,system,unified_goodware_balanced
1bf16afcdfdc3ee24d934a699ac2ac3a44d5b11009b015efb2995f85302bdde2,goodware_balanced__system__1bf16afcdfdc3ee24d934a699ac2ac3a44d5b11009b015efb2995f85302bdde2,balanced_goodware,0,file:system_WlanHelper.exe.txt,train,train,x64,system,unified_goodware_balanced
1ca3815352c0bf2e2941c4b11a16e770499089d1063b5238a3648dea648f8344,goodware_balanced__system__1ca3815352c0bf2e2941c4b11a16e770499089d1063b5238a3648dea648f8344,balanced_goodware,0,file:system_dmclient.exe.txt,train,train,x64,system,unified_goodware_balanced
1eb074b2ab9574aece8d05c3ccfe69e6c7ae0b620e30319f2f292d2ce9c41be6,goodware_balanced__system__1eb074b2ab9574aece8d05c3ccfe69e6c7ae0b620e30319f2f292d2ce9c41be6,balanced_goodware,0,file:system_efsui.exe.txt,train,train,x86,system,unified_goodware_balanced
1f1aabe87e5e93a8fff769bf3614dd559c51c80fc045e11868f3843d9a004d1e,goodware_balanced__system__1f1aabe87e5e93a8fff769bf3614dd559c51c80fc045e11868f3843d9a004d1e,balanced_goodware,0,file:system_mshta.exe.txt,test,test,x64,system,unified_goodware_balanced
20921491296b32dcf1d393d9f8885af45d7b9bc33f516e16b91e53566fac0b4b,goodware_balanced__system__20921491296b32dcf1d393d9f8885af45d7b9bc33f516e16b91e53566fac0b4b,balanced_goodware,0,file:system_msinfo32_20921491.exe.txt,train,train,x64,system,unified_goodware_balanced
21283cf516dfac2b8fd4d3982ecdf5c096251a90c9e4c728e8f01dfb79f736a7,goodware_balanced__system__21283cf516dfac2b8fd4d3982ecdf5c096251a90c9e4c728e8f01dfb79f736a7,balanced_goodware,0,file:system_cscript.exe.txt,val,train,x86,system,unified_goodware_balanced
2206ce4bd1b694649a74610c32c30b7f72cfa5a2e4d5f492ce6d1e6cbdd151ee,goodware_balanced__system__2206ce4bd1b694649a74610c32c30b7f72cfa5a2e4d5f492ce6d1e6cbdd151ee,balanced_goodware,0,file:system_print_2206ce4b.exe.txt,train,train,x64,system,unified_goodware_balanced
228d6fdb97304161786ad956066f83cc4b19e628785c24baf741145cd3bdf9c0,goodware_balanced__system__228d6fdb97304161786ad956066f83cc4b19e628785c24baf741145cd3bdf9c0,balanced_goodware,0,file:system_Robocopy.exe.txt,val,train,x86,system,unified_goodware_balanced
2447bbda9b3be251d1f758ab8dff66cde6d7a268d21d7fa36b6606b986ea9bd8,goodware_balanced__system__2447bbda9b3be251d1f758ab8dff66cde6d7a268d21d7fa36b6606b986ea9bd8,balanced_goodware,0,file:system_wscript_2447bbda.exe.txt,test,test,x86,system,unified_goodware_balanced
254e75be0a7636203d60a05849dda1e91735272e363f411bfba97c368a5d16ae,goodware_balanced__system__254e75be0a7636203d60a05849dda1e91735272e363f411bfba97c368a5d16ae,balanced_goodware,0,file:system_WerFault.exe.txt,train,train,x64,system,unified_goodware_balanced
25f72423acea4176022987841d90ce1390b0a52f01e838afd9ef515a8864c9b0,goodware_balanced__system__25f72423acea4176022987841d90ce1390b0a52f01e838afd9ef515a8864c9b0,balanced_goodware,0,file:system_esimtool.exe.txt,train,train,x64,system,unified_goodware_balanced
26a67411c92a472a58223646536f1391f815b4130746ed6fe4767805fab4f620,goodware_balanced__system__26a67411c92a472a58223646536f1391f815b4130746ed6fe4767805fab4f620,balanced_goodware,0,file:system_rasautou.exe.txt,train,train,x64,system,unified_goodware_balanced
26a872c8e10cb4264b595561f2a45266dd11412186696875a6ce3d549af9edf0,goodware_balanced__system__26a872c8e10cb4264b595561f2a45266dd11412186696875a6ce3d549af9edf0,balanced_goodware,0,file:system_VaultCmd.exe.txt,train,train,x64,system,unified_goodware_balanced
2814b34fd2df2113774034460cbe6ed20db59a0a0c0f47caaee6ef0fc948e00c,goodware_balanced__system__2814b34fd2df2113774034460cbe6ed20db59a0a0c0f47caaee6ef0fc948e00c,balanced_goodware,0,file:system_compact.exe.txt,train,train,x64,system,unified_goodware_balanced
29a7f20c590f93ea5e172dcd49635d5fb4d8b368bd11f6bf805f2cd782da501e,goodware_balanced__system__29a7f20c590f93ea5e172dcd49635d5fb4d8b368bd11f6bf805f2cd782da501e,balanced_goodware,0,file:system_sdiagnhost.exe.txt,train,train,x64,system,unified_goodware_balanced
29f2edf4d25f3c14686e74d0189fe13b74e8cee3ae6d93394503ceb974dda30e,goodware_balanced__system__29f2edf4d25f3c14686e74d0189fe13b74e8cee3ae6d93394503ceb974dda30e,balanced_goodware,0,file:system_Defrag.exe.txt,train,train,x64,system,unified_goodware_balanced
2a0229a870c8ca1cdd871f01db1770738bfe138d6280b5a8261680765cc44986,goodware_balanced__system__2a0229a870c8ca1cdd871f01db1770738bfe138d6280b5a8261680765cc44986,balanced_goodware,0,file:system_browser_broker.exe.txt,train,train,x64,system,unified_goodware_balanced
2b0b90a0e8cfef294fa5ae6a8807eebe9c894614872eba21ea54858340292b6d,goodware_balanced__system__2b0b90a0e8cfef294fa5ae6a8807eebe9c894614872eba21ea54858340292b6d,balanced_goodware,0,file:system_WpcTok.exe.txt,train,train,x64,system,unified_goodware_balanced
2b2c0245874d77165f389034a9d1ed2431cb552fd98c661e0faed90e21b11182,goodware_balanced__system__2b2c0245874d77165f389034a9d1ed2431cb552fd98c661e0faed90e21b11182,balanced_goodware,0,file:system_BitLockerDeviceEncryption.exe.txt,train,train,x64,system,unified_goodware_balanced
2b8c52fb7b619c5ff03ae0b14328b786270d574eaa2c9142977eafd126ffeee4,goodware_balanced__system__2b8c52fb7b619c5ff03ae0b14328b786270d574eaa2c9142977eafd126ffeee4,balanced_goodware,0,file:system_WMIADAP.exe.txt,train,train,x64,system,unified_goodware_balanced
2d886cb4915d75644c17f8efa6acab06dc561e62424f69b130b987e1899170c1,goodware_balanced__system__2d886cb4915d75644c17f8efa6acab06dc561e62424f69b130b987e1899170c1,balanced_goodware,0,file:system_wiaacmgr_2d886cb4.exe.txt,train,train,x64,system,unified_goodware_balanced
2ef6650c8d7f0ed252f6f414d8d8faa164739ebdbc6a2ba0ebac895a405d68b2,goodware_balanced__system__2ef6650c8d7f0ed252f6f414d8d8faa164739ebdbc6a2ba0ebac895a405d68b2,balanced_goodware,0,file:system_wscript.exe.txt,train,train,x64,system,unified_goodware_balanced
2f21494955b17b1767c787fdfe51ce616f7456c4467e8aee6c438143bcdd2907,goodware_balanced__system__2f21494955b17b1767c787fdfe51ce616f7456c4467e8aee6c438143bcdd2907,balanced_goodware,0,file:system_diskusage.exe.txt,train,train,x86,system,unified_goodware_balanced
31ca8e8e498fa50130ef735d9ceaa0b8be0e81d6b9fa8ca1e9ad2a919ea3f2d6,goodware_balanced__system__31ca8e8e498fa50130ef735d9ceaa0b8be0e81d6b9fa8ca1e9ad2a919ea3f2d6,balanced_goodware,0,file:system_UPPrinterInstaller.exe.txt,train,train,x64,system,unified_goodware_balanced
331d71c7c31d2845d4b08e2ad4fd34dfae749d6f67fb410f70b52831ea86bd98,goodware_balanced__system__331d71c7c31d2845d4b08e2ad4fd34dfae749d6f67fb410f70b52831ea86bd98,balanced_goodware,0,file:system_ndadmin.exe.txt,train,train,x64,system,unified_goodware_balanced
3360ca9d92a1daf5005e3c4dfc2c7536f69085052c396cafe2f8e0fe67f284fc,goodware_balanced__system__3360ca9d92a1daf5005e3c4dfc2c7536f69085052c396cafe2f8e0fe67f284fc,balanced_goodware,0,file:system_MLEngineStub.exe.txt,train,train,x64,system,unified_goodware_balanced
34632199cba973245b1fb6bcd3b4d3ccee54fd3081f3c5577156740e065d1825,goodware_balanced__system__34632199cba973245b1fb6bcd3b4d3ccee54fd3081f3c5577156740e065d1825,balanced_goodware,0,file:system_charmap.exe.txt,test,test,x64,system,unified_goodware_balanced
355818152faa71a56556b784c054b9b0b9c796b2544f94785109111b1ae090d9,goodware_balanced__system__355818152faa71a56556b784c054b9b0b9c796b2544f94785109111b1ae090d9,balanced_goodware,0,file:system_msconfig.exe.txt,train,train,x64,system,unified_goodware_balanced
35a800867169a05f1a883ccb324f1eba36481ca3b39865d24ee30eec14048b06,goodware_balanced__system__35a800867169a05f1a883ccb324f1eba36481ca3b39865d24ee30eec14048b06,balanced_goodware,0,file:system_odbcad32.exe.txt,test,test,x64,system,unified_goodware_balanced
365fd54b98515af8eb6eced8a2a978dc005107cb41f1e6ed122131e51dc7792f,goodware_balanced__system__365fd54b98515af8eb6eced8a2a978dc005107cb41f1e6ed122131e51dc7792f,balanced_goodware,0,file:system_GamePanel_365fd54b.exe.txt,train,train,x86,system,unified_goodware_balanced
381079ba3baa84005be4467d992a9a85dd92a46dec4bdc54dba4c4d146657e6b,goodware_balanced__system__381079ba3baa84005be4467d992a9a85dd92a46dec4bdc54dba4c4d146657e6b,balanced_goodware,0,file:system_UIMgrBroker.exe.txt,train,train,x64,system,unified_goodware_balanced
389d6d810ad2804e2652bc36142697324692f54d47b7b9338649f763d821791d,goodware_balanced__system__389d6d810ad2804e2652bc36142697324692f54d47b7b9338649f763d821791d,balanced_goodware,0,file:system_systeminfo.exe.txt,train,train,x86,system,unified_goodware_balanced
38ba6f92e1e1e63db3895636de79a5a2a15258635fcaea8e5d123354e643b687,goodware_balanced__system__38ba6f92e1e1e63db3895636de79a5a2a15258635fcaea8e5d123354e643b687,balanced_goodware,0,file:system_stordiag.exe.txt,train,train,x64,system,unified_goodware_balanced
3aee3b3607ba632c75349e56719632764ede90899255cddf60f9a01d48068731,goodware_balanced__system__3aee3b3607ba632c75349e56719632764ede90899255cddf60f9a01d48068731,balanced_goodware,0,file:system_WinCsFlags.exe.txt,train,train,x64,system,unified_goodware_balanced
3c6ad46c71bddd6513264458434bc1a7a8486e81b4d0dc452962e75cf9fa3b70,goodware_balanced__system__3c6ad46c71bddd6513264458434bc1a7a8486e81b4d0dc452962e75cf9fa3b70,balanced_goodware,0,file:system_regsvr32.exe.txt,train,train,x86,system,unified_goodware_balanced
3ca622953e69d43597a51cd818c80399a32e54a3f18384fc02cd810dc64ac178,goodware_balanced__system__3ca622953e69d43597a51cd818c80399a32e54a3f18384fc02cd810dc64ac178,balanced_goodware,0,file:system_LiveCaptions.exe.txt,train,train,x64,system,unified_goodware_balanced
3cfdb1f4f6538d1d65f749ea2d863a205eb26140375fb104a1f68d1402254195,goodware_balanced__system__3cfdb1f4f6538d1d65f749ea2d863a205eb26140375fb104a1f68d1402254195,balanced_goodware,0,file:system_EDPCleanup.exe.txt,test,test,x64,system,unified_goodware_balanced
3fca44b7ce971031c08296647821e04dc7aa62c0f5846a3a0dc7015d5a4bc501,goodware_balanced__system__3fca44b7ce971031c08296647821e04dc7aa62c0f5846a3a0dc7015d5a4bc501,balanced_goodware,0,file:system_fsutil.exe.txt,train,train,x64,system,unified_goodware_balanced
40e394fa89465ae77e4d8adad7e7dcb2882f2c088e05e4770d62e03a51661a59,goodware_balanced__system__40e394fa89465ae77e4d8adad7e7dcb2882f2c088e05e4770d62e03a51661a59,balanced_goodware,0,file:system_atieah32.exe.txt,val,train,x86,system,unified_goodware_balanced
428a4825cf292b56f45435ff9e19ca137be350664396c1a02d1175de322b066b,goodware_balanced__system__428a4825cf292b56f45435ff9e19ca137be350664396c1a02d1175de322b066b,balanced_goodware,0,file:system_SpatialAudioLicenseSrv.exe.txt,train,train,x64,system,unified_goodware_balanced
455f046040bd4669c12bb9e30513848ee20aebceeef18de7fe05b5868a90b9c9,goodware_balanced__system__455f046040bd4669c12bb9e30513848ee20aebceeef18de7fe05b5868a90b9c9,balanced_goodware,0,file:system_appverif.exe.txt,train,train,x86,system,unified_goodware_balanced
458ccf40ae2682c9cc0ef0f87d67ca0d8b8e09a1d1312fa5f5eaea9639118186,goodware_balanced__system__458ccf40ae2682c9cc0ef0f87d67ca0d8b8e09a1d1312fa5f5eaea9639118186,balanced_goodware,0,file:system_cttune.exe.txt,val,train,x86,system,unified_goodware_balanced
4729fa4ff19abeea5a5fab5d08b05afddaaa416b55b89a424c0631dd5a3eea31,goodware_balanced__system__4729fa4ff19abeea5a5fab5d08b05afddaaa416b55b89a424c0631dd5a3eea31,balanced_goodware,0,file:system_wscadminui.exe.txt,train,train,x64,system,unified_goodware_balanced
479fcf7365f2758f345c329f5e53f141b10b7b229ae046bffa04c691839329a2,goodware_balanced__system__479fcf7365f2758f345c329f5e53f141b10b7b229ae046bffa04c691839329a2,balanced_goodware,0,file:system_ie4uinit.exe.txt,train,train,x64,system,unified_goodware_balanced
49883eaffe02f533304534af2205d1b7f91e0bec5eedbd71a780d15bc92a35b9,goodware_balanced__system__49883eaffe02f533304534af2205d1b7f91e0bec5eedbd71a780d15bc92a35b9,balanced_goodware,0,file:system_AggregatorHost.exe.txt,val,train,x64,system,unified_goodware_balanced
4a1a2de5480477d6cbc5c9311fc9a85e9066718f1c25674f4adebc277f5b1765,goodware_balanced__system__4a1a2de5480477d6cbc5c9311fc9a85e9066718f1c25674f4adebc277f5b1765,balanced_goodware,0,file:system_dialer.exe.txt,train,train,x64,system,unified_goodware_balanced
4b5abcd833a8550ba0e77b55b56d37f6c04ac8213e1344b179e380b1fb289fa6,goodware_balanced__system__4b5abcd833a8550ba0e77b55b56d37f6c04ac8213e1344b179e380b1fb289fa6,balanced_goodware,0,file:system_nbtstat.exe.txt,train,train,x64,system,unified_goodware_balanced
4bb852d856f93e6895639220ffe698c5fe88f95703b4a6af1b66d83692143791,goodware_balanced__system__4bb852d856f93e6895639220ffe698c5fe88f95703b4a6af1b66d83692143791,balanced_goodware,0,file:system_MicrosoftEdgeCP.exe.txt,train,train,x64,system,unified_goodware_balanced
4cdf95ef7bec023fed416ea34905055132374407d565bf242b69159352ad546f,goodware_balanced__system__4cdf95ef7bec023fed416ea34905055132374407d565bf242b69159352ad546f,balanced_goodware,0,file:system_SecEdit.exe.txt,train,train,x86,system,unified_goodware_balanced
4e5a87527feb441b55fa1f14239b1ece6ede888e26eaa9757340244dd9f9f05d,goodware_balanced__system__4e5a87527feb441b55fa1f14239b1ece6ede888e26eaa9757340244dd9f9f05d,balanced_goodware,0,file:system_lsass.exe.txt,test,test,x64,system,unified_goodware_balanced
4f41515fb933ff59fecc4a0a81113c2cf932787f018bafabe76a7fe8b6b2a72d,goodware_balanced__system__4f41515fb933ff59fecc4a0a81113c2cf932787f018bafabe76a7fe8b6b2a72d,balanced_goodware,0,file:system_Microsoft.Data.UsageAndQualityInsights.MaintenanceTask.exe.txt,train,train,x64,system,unified_goodware_balanced
4fd53453b8f5b099d9ef204b00e48be778033ca2a2b167e73f63c7c6fd605051,goodware_balanced__system__4fd53453b8f5b099d9ef204b00e48be778033ca2a2b167e73f63c7c6fd605051,balanced_goodware,0,file:system_manage-bde.exe.txt,train,train,x64,system,unified_goodware_balanced
506c05c226609b388a5dfd2cbf1962d2d9e595769452eca84e4c14b36b4f32d7,goodware_balanced__system__506c05c226609b388a5dfd2cbf1962d2d9e595769452eca84e4c14b36b4f32d7,balanced_goodware,0,file:system_aspnet_state.exe.txt,train,train,x64,system,unified_goodware_balanced
506d794258e6c28dbff40ede73895e24348c6d01137dc1490e08065555e14ffc,goodware_balanced__system__506d794258e6c28dbff40ede73895e24348c6d01137dc1490e08065555e14ffc,balanced_goodware,0,file:system_BackgroundTransferHost.exe.txt,train,train,x64,system,unified_goodware_balanced
5290aa7d759a66c513bf200f8da82f31e8cca09462203918a6464bad3b82c96b,goodware_balanced__system__5290aa7d759a66c513bf200f8da82f31e8cca09462203918a6464bad3b82c96b,balanced_goodware,0,file:system_directxdatabaseupdater.exe.txt,val,train,x64,system,unified_goodware_balanced
536a20357a5c255a7b0983b6d375a7239b4eb7cdb911c6b0e4a87b148414fc1f,goodware_balanced__system__536a20357a5c255a7b0983b6d375a7239b4eb7cdb911c6b0e4a87b148414fc1f,balanced_goodware,0,file:system_agentactivationruntimestarter_536a2035.exe.txt,train,train,x86,system,unified_goodware_balanced
53b9426d99fb1656a0aa34db18afaa0bd001ea666d575480c381e7485143ea30,goodware_balanced__system__53b9426d99fb1656a0aa34db18afaa0bd001ea666d575480c381e7485143ea30,balanced_goodware,0,file:system_SearchProtocolHost.exe.txt,val,train,x64,system,unified_goodware_balanced
541bfa40a128439749bc12a30b50990c2bbd1ecbaefc6738170be6a76c589c10,goodware_balanced__system__541bfa40a128439749bc12a30b50990c2bbd1ecbaefc6738170be6a76c589c10,balanced_goodware,0,file:system_InfDefaultInstall.exe.txt,train,train,x86,system,unified_goodware_balanced
56015aab3b55630e34dc327f4fdadc75e67100fd9d54fc15fd4bc213a0e9f7c4,goodware_balanced__system__56015aab3b55630e34dc327f4fdadc75e67100fd9d54fc15fd4bc213a0e9f7c4,balanced_goodware,0,file:system_snmptrap.exe.txt,train,train,x64,system,unified_goodware_balanced
57bb425e6f256cd964c6afbb2dd720b5b7174536c226b1f92351adc4c58a1616,goodware_balanced__system__57bb425e6f256cd964c6afbb2dd720b5b7174536c226b1f92351adc4c58a1616,balanced_goodware,0,file:system_dsregcmd.exe.txt,train,train,x64,system,unified_goodware_balanced
597876b6b583f5849a268f6edf8be94875e6aa0b14a02bb0785ef2f02e97b753,goodware_balanced__system__597876b6b583f5849a268f6edf8be94875e6aa0b14a02bb0785ef2f02e97b753,balanced_goodware,0,file:system_AtBroker.exe.txt,train,train,x64,system,unified_goodware_balanced
5a34165ce09e53208894caa24aca649ef38a7e2d48a8c24b1fcb3b06a9a4b45e,goodware_balanced__system__5a34165ce09e53208894caa24aca649ef38a7e2d48a8c24b1fcb3b06a9a4b45e,balanced_goodware,0,file:system_pnputil.exe.txt,test,test,x64,system,unified_goodware_balanced
5a3520498a8727f5f1cda26c2711e3db06ed2e35339054a4c6e5cb8ce6de5e1b,goodware_balanced__system__5a3520498a8727f5f1cda26c2711e3db06ed2e35339054a4c6e5cb8ce6de5e1b,balanced_goodware,0,file:system_WPDShextAutoplay.exe.txt,val,train,x86,system,unified_goodware_balanced
5bc9a9c1153a37f239b8443fd264753a28093bd92455dbfb6deef4bdb17c393f,goodware_balanced__system__5bc9a9c1153a37f239b8443fd264753a28093bd92455dbfb6deef4bdb17c393f,balanced_goodware,0,file:system_DeviceEject.exe.txt,val,train,x64,system,unified_goodware_balanced
5ce20a88bf6b48ea5f4b68cbf83ab87c62000221e42f01588e33ce74fa2a9916,goodware_balanced__system__5ce20a88bf6b48ea5f4b68cbf83ab87c62000221e42f01588e33ce74fa2a9916,balanced_goodware,0,file:system_tzutil.exe.txt,train,train,x64,system,unified_goodware_balanced
5edc742a3b724e03c47518c36ae0583e1be733759bf462e0c1228793ec868ca1,goodware_balanced__system__5edc742a3b724e03c47518c36ae0583e1be733759bf462e0c1228793ec868ca1,balanced_goodware,0,file:system_atieclxx.exe.txt,train,train,x64,system,unified_goodware_balanced
5f54a0fa8cbf5423aef8be8502173a59183cf3adbc913212b1066ef8fff3d9c0,goodware_balanced__system__5f54a0fa8cbf5423aef8be8502173a59183cf3adbc913212b1066ef8fff3d9c0,balanced_goodware,0,file:system_edit.exe.txt,train,train,x64,system,unified_goodware_balanced
61597bf6b9daeaeaef0080b57ad2838f34f007a6cd024420e7c196c0dea97c86,goodware_balanced__system__61597bf6b9daeaeaef0080b57ad2838f34f007a6cd024420e7c196c0dea97c86,balanced_goodware,0,file:system_RuntimeBroker.exe.txt,train,train,x64,system,unified_goodware_balanced
623fcf1573d8f60b9de7e568dacf95cad1d51baa703978f0815223818a6a3597,goodware_balanced__system__623fcf1573d8f60b9de7e568dacf95cad1d51baa703978f0815223818a6a3597,balanced_goodware,0,file:system_amdlogum.exe.txt,train,train,x64,system,unified_goodware_balanced
64f481b75ff5f71530cdb49630a40bdc098c31c4aafa83a5a5d389b34ecd0871,goodware_balanced__system__64f481b75ff5f71530cdb49630a40bdc098c31c4aafa83a5a5d389b34ecd0871,balanced_goodware,0,file:system_SearchIndexer.exe.txt,train,train,x86,system,unified_goodware_balanced
64f6d9f83a8b9f8c720870109a6374f650e3786f0ea3f6e3a6c02463257bbfc2,goodware_balanced__system__64f6d9f83a8b9f8c720870109a6374f650e3786f0ea3f6e3a6c02463257bbfc2,balanced_goodware,0,file:system_wpr.exe.txt,train,train,x64,system,unified_goodware_balanced
66b360a34067a8dda3b04707787facd7b22bef7ebe947efc2fb0f2b3a558b484,goodware_balanced__system__66b360a34067a8dda3b04707787facd7b22bef7ebe947efc2fb0f2b3a558b484,balanced_goodware,0,file:system_EEURestart.exe.txt,train,train,x64,system,unified_goodware_balanced
68165265cc86e3f5d93aa3b6112bed963b57bb353755104facc5c42bbb319816,goodware_balanced__system__68165265cc86e3f5d93aa3b6112bed963b57bb353755104facc5c42bbb319816,balanced_goodware,0,file:system_rasautou_68165265.exe.txt,train,train,x86,system,unified_goodware_balanced
692e5c349043961a1ae1842654754802f8a55c7efd8e8bad275c2453f9add4e1,goodware_balanced__system__692e5c349043961a1ae1842654754802f8a55c7efd8e8bad275c2453f9add4e1,balanced_goodware,0,file:system_LaunchTM_692e5c34.exe.txt,train,train,x86,system,unified_goodware_balanced
699a11037818f7cc557c8332a90bbec5651bc5d433968fb4dccc22171b1badb2,goodware_balanced__system__699a11037818f7cc557c8332a90bbec5651bc5d433968fb4dccc22171b1badb2,balanced_goodware,0,file:system_sigverif.exe.txt,train,train,x64,system,unified_goodware_balanced
6a5f5c4823b6dc1776be8b6af2079176914d0e4b984f2eac2b5317daa5dc825f,goodware_balanced__system__6a5f5c4823b6dc1776be8b6af2079176914d0e4b984f2eac2b5317daa5dc825f,balanced_goodware,0,file:system_iscsicli.exe.txt,train,train,x64,system,unified_goodware_balanced
6ae162ca49c19b0fe32932b105d1aba46c24c8f135f98ca508821d15dd3b9ec3,goodware_balanced__system__6ae162ca49c19b0fe32932b105d1aba46c24c8f135f98ca508821d15dd3b9ec3,balanced_goodware,0,file:system_Fondue.exe.txt,train,train,x86,system,unified_goodware_balanced
6b150e729dc047e703bdf7801801fa772c3fa5b6ee2e4db6907d16d8389d371e,goodware_balanced__system__6b150e729dc047e703bdf7801801fa772c3fa5b6ee2e4db6907d16d8389d371e,balanced_goodware,0,file:system_xgamecontrol.exe.txt,train,train,x64,system,unified_goodware_balanced
6b86f22d00f1526ae8d346a984ef899612ca00a226738c777c427f61c09a726a,goodware_balanced__system__6b86f22d00f1526ae8d346a984ef899612ca00a226738c777c427f61c09a726a,balanced_goodware,0,file:system_choice.exe.txt,train,train,x86,system,unified_goodware_balanced
6beb65010b0f27f87f78b800b63d7d28bb11226b933b98e17669ff4028209b0c,goodware_balanced__system__6beb65010b0f27f87f78b800b63d7d28bb11226b933b98e17669ff4028209b0c,balanced_goodware,0,file:system_ctfmon_6beb6501.exe.txt,train,train,x86,system,unified_goodware_balanced
6c9689f9f31b294c300526aa71e19713005990766a08778e12ff9bdbe8273b18,goodware_balanced__system__6c9689f9f31b294c300526aa71e19713005990766a08778e12ff9bdbe8273b18,balanced_goodware,0,file:system_LaunchTM.exe.txt,train,train,x64,system,unified_goodware_balanced
6e0c149bc99ad5d6e552804eb1f9aec42b7da0a3c697aed37d28510ef79ca7e0,goodware_balanced__system__6e0c149bc99ad5d6e552804eb1f9aec42b7da0a3c697aed37d28510ef79ca7e0,balanced_goodware,0,file:system_drvinst.exe.txt,test,test,x64,system,unified_goodware_balanced
6e62f34690a78a6ca9509c9adcbd674e778892e74d16643acd421a8fe877ccab,goodware_balanced__system__6e62f34690a78a6ca9509c9adcbd674e778892e74d16643acd421a8fe877ccab,balanced_goodware,0,file:system_ddodiag.exe.txt,train,train,x64,system,unified_goodware_balanced
6e6c6872155835ceb377ca03fb331dcb1472722a331d75dc753e06c3ccc229b3,goodware_balanced__system__6e6c6872155835ceb377ca03fb331dcb1472722a331d75dc753e06c3ccc229b3,balanced_goodware,0,file:system_dxdiag.exe.txt,train,train,x64,system,unified_goodware_balanced
6f5e1f070ee29281bc0e749f6ccb71409e3a5d0491c7a2e1407f7ca6fccad95e,goodware_balanced__system__6f5e1f070ee29281bc0e749f6ccb71409e3a5d0491c7a2e1407f7ca6fccad95e,balanced_goodware,0,file:system_Windows.WARP.JITService.exe.txt,train,train,x86,system,unified_goodware_balanced
700e5bb6a5a53998dc2a6489887959d4ceeae9b9de9d40519e5e339970800570,goodware_balanced__system__700e5bb6a5a53998dc2a6489887959d4ceeae9b9de9d40519e5e339970800570,balanced_goodware,0,file:system_MicrosoftEdgeUpdateSetup.exe.txt,val,train,x86,system,unified_goodware_balanced
70f587a72ceea5c5a327c08c1001810f4a9a9cb07f38a339a52c42871f343aea,goodware_balanced__system__70f587a72ceea5c5a327c08c1001810f4a9a9cb07f38a339a52c42871f343aea,balanced_goodware,0,file:system_EaseOfAccessDialog.exe.txt,train,train,x64,system,unified_goodware_balanced
7207775c31b72d3e86ecd5e8e28fd92e4d61a98d11bb3e69a965f8c83f41b1d4,goodware_balanced__system__7207775c31b72d3e86ecd5e8e28fd92e4d61a98d11bb3e69a965f8c83f41b1d4,balanced_goodware,0,file:system_help.exe.txt,train,train,x86,system,unified_goodware_balanced
730cb5f9d0705310ee73adc1e897775d1312e7f14f5fb51152df2ab862ba4a7a,goodware_balanced__system__730cb5f9d0705310ee73adc1e897775d1312e7f14f5fb51152df2ab862ba4a7a,balanced_goodware,0,file:system_vbc.exe.txt,train,train,x64,system,unified_goodware_balanced
73981a005d2a75e744cc41d3a8039e4dc0872e2795216d17c1121d066ef95fa9,goodware_balanced__system__73981a005d2a75e744cc41d3a8039e4dc0872e2795216d17c1121d066ef95fa9,balanced_goodware,0,file:system_MuiUnattend.exe.txt,train,train,x86,system,unified_goodware_balanced
73afc81967dac2d589ea014c208a21efc36f7b165cb461c20fd0851ca72df156,goodware_balanced__system__73afc81967dac2d589ea014c208a21efc36f7b165cb461c20fd0851ca72df156,balanced_goodware,0,file:system_relog.exe.txt,test,test,x64,system,unified_goodware_balanced
73d24149ff289afc49ec41f08918ef9faa727d39ad993e929757dc2ddafab805,goodware_balanced__system__73d24149ff289afc49ec41f08918ef9faa727d39ad993e929757dc2ddafab805,balanced_goodware,0,file:system_curl_73d24149.exe.txt,train,train,x64,system,unified_goodware_balanced
748f40c3f11e63f23b3a9ff995de7d08915e4df7258e075b63c2f340b75f7e2a,goodware_balanced__system__748f40c3f11e63f23b3a9ff995de7d08915e4df7258e075b63c2f340b75f7e2a,balanced_goodware,0,file:system_recover.exe.txt,val,train,x86,system,unified_goodware_balanced
7738177a27de32f7840223a2536ccfc1f3a28f6379a4d1412208fbe7539f49d6,goodware_balanced__system__7738177a27de32f7840223a2536ccfc1f3a28f6379a4d1412208fbe7539f49d6,balanced_goodware,0,file:system_regedt32_7738177a.exe.txt,test,test,x86,system,unified_goodware_balanced
78761073cea58405372a7ec6ae1269fa47493f92357c45f48b344b0b0b04efe7,goodware_balanced__system__78761073cea58405372a7ec6ae1269fa47493f92357c45f48b344b0b0b04efe7,balanced_goodware,0,file:system_MsSpellCheckingHost.exe.txt,train,train,x64,system,unified_goodware_balanced
78c7acf16e9b597c3282f1bfaea9bd4fda6a1c05f39f50141b77516ab579bc60,goodware_balanced__system__78c7acf16e9b597c3282f1bfaea9bd4fda6a1c05f39f50141b77516ab579bc60,balanced_goodware,0,file:system_DpiScaling.exe.txt,test,test,x86,system,unified_goodware_balanced
791f4441b2418c3bec6ead4fc43aae08fdf701ce045aa6e5ad56a1fcdc241017,goodware_balanced__system__791f4441b2418c3bec6ead4fc43aae08fdf701ce045aa6e5ad56a1fcdc241017,balanced_goodware,0,file:system_ngen_791f4441.exe.txt,test,test,x64,system,unified_goodware_balanced
7bb4b8c6afd143dd3c3d03ac989963052233f9b83eee97755be34ea2ef8774d7,goodware_balanced__system__7bb4b8c6afd143dd3c3d03ac989963052233f9b83eee97755be34ea2ef8774d7,balanced_goodware,0,file:system_audiodg.exe.txt,val,train,x64,system,unified_goodware_balanced
7bd2994961d958b763c90adaf1ec5068b691b238a35774cf728b67c7b94d69aa,goodware_balanced__system__7bd2994961d958b763c90adaf1ec5068b691b238a35774cf728b67c7b94d69aa,balanced_goodware,0,file:system_UpgradeResultsUI.exe.txt,train,train,x64,system,unified_goodware_balanced
7bfb1e4a59c91e4deb895d3cf564d00bffe3f39d1a3673e351922bc0a4fc591a,goodware_balanced__system__7bfb1e4a59c91e4deb895d3cf564d00bffe3f39d1a3673e351922bc0a4fc591a,balanced_goodware,0,file:system_dtdump.exe.txt,train,train,x64,system,unified_goodware_balanced
7fc56bdee78ed9d82ce40ee6493cf5d62f010b761bf3e494c913dc93da9aca57,goodware_balanced__system__7fc56bdee78ed9d82ce40ee6493cf5d62f010b761bf3e494c913dc93da9aca57,balanced_goodware,0,file:system_mfpmp.exe.txt,test,test,x86,system,unified_goodware_balanced
810032a4d73f915f94e8dfa726b47aabab498534478b638c0b03a876025fe11b,goodware_balanced__system__810032a4d73f915f94e8dfa726b47aabab498534478b638c0b03a876025fe11b,balanced_goodware,0,file:system_extrac32.exe.txt,val,train,x86,system,unified_goodware_balanced
83e2efaf90f761b2c43223f44ec243464ec012cf6c1a44620fe6414dbce7f8b9,goodware_balanced__system__83e2efaf90f761b2c43223f44ec243464ec012cf6c1a44620fe6414dbce7f8b9,balanced_goodware,0,file:system_UCConfigTask.exe.txt,train,train,x64,system,unified_goodware_balanced
85e12d901ea10a26c65a33595e50bd67e9dc2358c44375c48e31152f91e005d6,goodware_balanced__system__85e12d901ea10a26c65a33595e50bd67e9dc2358c44375c48e31152f91e005d6,balanced_goodware,0,file:system_Dism.exe.txt,train,train,x64,system,unified_goodware_balanced
863e91ccc957d0614ec5c609cfbc0e3b7d19f3f17688619a84843a28d887fece,goodware_balanced__system__863e91ccc957d0614ec5c609cfbc0e3b7d19f3f17688619a84843a28d887fece,balanced_goodware,0,file:system_newdev.exe.txt,test,test,x64,system,unified_goodware_balanced
86478a33c7777b09f2d5230d4f00b8f7879c708152333abb5d280824fcfeba22,goodware_balanced__system__86478a33c7777b09f2d5230d4f00b8f7879c708152333abb5d280824fcfeba22,balanced_goodware,0,file:system_wsmprovhost.exe.txt,train,train,x64,system,unified_goodware_balanced
867816f8a714a87f5f573ebbe3a526931fbe787cc03b4ec7ac8a970c9d8c0264,goodware_balanced__system__867816f8a714a87f5f573ebbe3a526931fbe787cc03b4ec7ac8a970c9d8c0264,balanced_goodware,0,file:system_findstr.exe.txt,val,train,x64,system,unified_goodware_balanced
871a0bbb99ccc2d80d2b5b762fead35c0fb61529784d30c3a205be88fb7bbbea,goodware_balanced__system__871a0bbb99ccc2d80d2b5b762fead35c0fb61529784d30c3a205be88fb7bbbea,balanced_goodware,0,file:system_CloudNotifications.exe.txt,test,test,x86,system,unified_goodware_balanced
88d56462c4dd06b61b69255956dbd7c9958afc455100e731d70cb2f80c0118a4,goodware_balanced__system__88d56462c4dd06b61b69255956dbd7c9958afc455100e731d70cb2f80c0118a4,balanced_goodware,0,file:system_SearchFilterHost.exe.txt,train,train,x86,system,unified_goodware_balanced
892b09263e622b1f4f3133e76959fc50ffafe2ab8c9c1f972484f6bd4f697efe,goodware_balanced__system__892b09263e622b1f4f3133e76959fc50ffafe2ab8c9c1f972484f6bd4f697efe,balanced_goodware,0,file:system_rdrleakdiag.exe.txt,train,train,x64,system,unified_goodware_balanced
8b1128e18107ce39e27a90669dc33e538485fb02f5d39877b184c5f2e60b2298,goodware_balanced__system__8b1128e18107ce39e27a90669dc33e538485fb02f5d39877b184c5f2e60b2298,balanced_goodware,0,file:system_sort.exe.txt,test,test,x86,system,unified_goodware_balanced
8cb81462fa35f050129b8a8d86fc016b20fbde0512ea1e4ff42384f2d2b1c481,goodware_balanced__system__8cb81462fa35f050129b8a8d86fc016b20fbde0512ea1e4ff42384f2d2b1c481,balanced_goodware,0,file:system_clinfo.exe.txt,train,train,x64,system,unified_goodware_balanced
8ee650c4df6dbf442ecc030ee4a6e73e918488e08b87918ce3a49cf3f147abec,goodware_balanced__system__8ee650c4df6dbf442ecc030ee4a6e73e918488e08b87918ce3a49cf3f147abec,balanced_goodware,0,file:system_ApplicationFrameHost.exe.txt,train,train,x64,system,unified_goodware_balanced
8f68e08798574b2935afab09942566dedf4df7a0986ef7ac3a5f74c64ac8cede,goodware_balanced__system__8f68e08798574b2935afab09942566dedf4df7a0986ef7ac3a5f74c64ac8cede,balanced_goodware,0,file:system_AppInstallerBackgroundUpdate.exe.txt,train,train,x64,system,unified_goodware_balanced
8f6a83dc6088f9bd5e300b7bb9996a5828b0d1201cb238ed84aa614038ffda3d,goodware_balanced__system__8f6a83dc6088f9bd5e300b7bb9996a5828b0d1201cb238ed84aa614038ffda3d,balanced_goodware,0,file:system_ieUnatt.exe.txt,train,train,x64,system,unified_goodware_balanced
90b7e193fc11a7f8d2dc6867a92b8b310503c376cf93bef4c51a53320cfc584d,goodware_balanced__system__90b7e193fc11a7f8d2dc6867a92b8b310503c376cf93bef4c51a53320cfc584d,balanced_goodware,0,file:system_cmdkey.exe.txt,test,test,x86,system,unified_goodware_balanced
91739478be752086cd1a0c3c88ca3d84397e4decad1338f1b72e200f0e44614d,goodware_balanced__system__91739478be752086cd1a0c3c88ca3d84397e4decad1338f1b72e200f0e44614d,balanced_goodware,0,file:system_sudo.exe.txt,train,train,x64,system,unified_goodware_balanced
91e847eeada566267bae51a6bab8237a584ec13bbe2673702ec891d09256281a,goodware_balanced__system__91e847eeada566267bae51a6bab8237a584ec13bbe2673702ec891d09256281a,balanced_goodware,0,file:system_fsutil_91e847ee.exe.txt,val,train,x86,system,unified_goodware_balanced
9213aff361539b90bd279d7be167578d2143845634c07e88d6c2cf20ee1bdb7f,goodware_balanced__system__9213aff361539b90bd279d7be167578d2143845634c07e88d6c2cf20ee1bdb7f,balanced_goodware,0,file:system_vds.exe.txt,val,train,x64,system,unified_goodware_balanced
92356b911c6a86e968cde30170cf5cdefbd95a22bbdbf983277b32371babda20,goodware_balanced__system__92356b911c6a86e968cde30170cf5cdefbd95a22bbdbf983277b32371babda20,balanced_goodware,0,file:system_wusa.exe.txt,train,train,x64,system,unified_goodware_balanced
925b0a3d9cc9787bba7e1fc2867d2c56d0239e8a76d12a7a16c7c162094850ed,goodware_balanced__system__925b0a3d9cc9787bba7e1fc2867d2c56d0239e8a76d12a7a16c7c162094850ed,balanced_goodware,0,file:system_label.exe.txt,train,train,x64,system,unified_goodware_balanced
9292e27ff45214f100ed169ef22eaea06000f396b8cb7d4da6dc49671b4badad,goodware_balanced__system__9292e27ff45214f100ed169ef22eaea06000f396b8cb7d4da6dc49671b4badad,balanced_goodware,0,file:system_ipconfig.exe.txt,train,train,x86,system,unified_goodware_balanced
93a81120d3f675c94f7eb9cf08daf33a0afdcd908b66619ed150c56e92d037e9,goodware_balanced__system__93a81120d3f675c94f7eb9cf08daf33a0afdcd908b66619ed150c56e92d037e9,balanced_goodware,0,file:system_PackagedCWALauncher.exe.txt,train,train,x86,system,unified_goodware_balanced
93fc2337aa36051f4ab570fe1baa37eadd3b1a76360d4b702bda95cb37d3befa,goodware_balanced__system__93fc2337aa36051f4ab570fe1baa37eadd3b1a76360d4b702bda95cb37d3befa,balanced_goodware,0,file:system_DWWIN.EXE.txt,train,train,x64,system,unified_goodware_balanced
9431112e6202c5332dd3069f96b1b6f28ad6b13a60b44aa9a3ccfe4d89803fb0,goodware_balanced__system__9431112e6202c5332dd3069f96b1b6f28ad6b13a60b44aa9a3ccfe4d89803fb0,balanced_goodware,0,file:system_PickerHost.exe.txt,train,train,x64,system,unified_goodware_balanced
952ba4c3e8127b711b4d63d557b96669d64e36ec3067ed2a92bdfa999869a708,goodware_balanced__system__952ba4c3e8127b711b4d63d557b96669d64e36ec3067ed2a92bdfa999869a708,balanced_goodware,0,file:system_convert.exe.txt,train,train,x64,system,unified_goodware_balanced
96b99e7378209e46ca404fe3daa075c585b1810deab1711f11e1b1212b883227,goodware_balanced__system__96b99e7378209e46ca404fe3daa075c585b1810deab1711f11e1b1212b883227,balanced_goodware,0,file:system_diskperf.exe.txt,test,test,x86,system,unified_goodware_balanced
96e01cdc713a4306abb3b58aef982d67a209dddadc8cff5c4c77a5595f712828,goodware_balanced__system__96e01cdc713a4306abb3b58aef982d67a209dddadc8cff5c4c77a5595f712828,balanced_goodware,0,file:system_xcopy.exe.txt,train,train,x64,system,unified_goodware_balanced
9700a8d3f6d66c2702f6240ac170859bbe13e4966429a5edb0543509a86afd92,goodware_balanced__system__9700a8d3f6d66c2702f6240ac170859bbe13e4966429a5edb0543509a86afd92,balanced_goodware,0,file:system_cleanmgr.exe.txt,train,train,x64,system,unified_goodware_balanced
97d677bd8db79c47d77052cd2ef6635da6d2fb0730b037951ee79349a4d91489,goodware_balanced__system__97d677bd8db79c47d77052cd2ef6635da6d2fb0730b037951ee79349a4d91489,balanced_goodware,0,file:system_dfrgui.exe.txt,train,train,x86,system,unified_goodware_balanced
9873074e5c7abb872788f8c82818f9e8be7a304eb7608b9dc593f09769bb57c4,goodware_balanced__system__9873074e5c7abb872788f8c82818f9e8be7a304eb7608b9dc593f09769bb57c4,balanced_goodware,0,file:system_explorer.exe.txt,val,train,x86,system,unified_goodware_balanced
98a9eae5a926b151980f0bfa8baf64e1813399c81c07396c696b69637f5e482c,goodware_balanced__system__98a9eae5a926b151980f0bfa8baf64e1813399c81c07396c696b69637f5e482c,balanced_goodware,0,file:system_changepk.exe.txt,train,train,x64,system,unified_goodware_balanced
9ad651a90a9e14e33f55df39971ddd8553ed87603548b1821bcaec081eb770ea,goodware_balanced__system__9ad651a90a9e14e33f55df39971ddd8553ed87603548b1821bcaec081eb770ea,balanced_goodware,0,file:system_msiexec.exe.txt,val,train,x86,system,unified_goodware_balanced
9c04b846d0832f2dcde3ae677c414df14d23c13b92dab5f7e0d805a4db7fb44d,goodware_balanced__system__9c04b846d0832f2dcde3ae677c414df14d23c13b92dab5f7e0d805a4db7fb44d,balanced_goodware,0,file:system_wermgr.exe.txt,train,train,x86,system,unified_goodware_balanced
9d879f40dec21301183a75d698b323fb689221d41447c815fe3832d989845f0e,goodware_balanced__system__9d879f40dec21301183a75d698b323fb689221d41447c815fe3832d989845f0e,balanced_goodware,0,file:system_DeviceEnroller.exe.txt,train,train,x64,system,unified_goodware_balanced
9f8eb875afb4a84bea1982241a140aa6db717fca83d791f8d3e0c751f9e2788d,goodware_balanced__system__9f8eb875afb4a84bea1982241a140aa6db717fca83d791f8d3e0c751f9e2788d,balanced_goodware,0,file:system_cmstp.exe.txt,train,train,x86,system,unified_goodware_balanced
9faacc3226c981a444d055a76c0ad3865fbb75b3dd6b01b6b3c14d155f70f3da,goodware_balanced__system__9faacc3226c981a444d055a76c0ad3865fbb75b3dd6b01b6b3c14d155f70f3da,balanced_goodware,0,file:system_ttdinject.exe.txt,train,train,x86,system,unified_goodware_balanced
9feab55d6479eca4ad03d92a8c6919dcb3d5087853644760cd27c9e0298ec9f7,goodware_balanced__system__9feab55d6479eca4ad03d92a8c6919dcb3d5087853644760cd27c9e0298ec9f7,balanced_goodware,0,file:system_atieah64.exe.txt,train,train,x64,system,unified_goodware_balanced
9ff0ab66ce3b20aa1efc6303a5e8570331ceb37478a968b1404dbc2dbb04f055,goodware_balanced__system__9ff0ab66ce3b20aa1efc6303a5e8570331ceb37478a968b1404dbc2dbb04f055,balanced_goodware,0,file:system_SMConfigInstaller.exe.txt,train,train,x64,system,unified_goodware_balanced
a1e5dbab75cad081e71f28f9bdadedd60a08d4f4d07b1562dd55bcb4234fe0a7,goodware_balanced__system__a1e5dbab75cad081e71f28f9bdadedd60a08d4f4d07b1562dd55bcb4234fe0a7,balanced_goodware,0,file:system_RdpSaUacHelper.exe.txt,train,train,x64,system,unified_goodware_balanced
a3ab4bbf2e96631892efddd7d011caafea7d053e2b4c1c8b48ae3642f1ef9c3a,goodware_balanced__system__a3ab4bbf2e96631892efddd7d011caafea7d053e2b4c1c8b48ae3642f1ef9c3a,balanced_goodware,0,file:system_raserver.exe.txt,train,train,x64,system,unified_goodware_balanced
a3d1c46995e9a8eb8036375fda90ad20b81784dad4229db61b0941e08de1215e,goodware_balanced__system__a3d1c46995e9a8eb8036375fda90ad20b81784dad4229db61b0941e08de1215e,balanced_goodware,0,file:system_backgroundTaskHost_a3d1c469.exe.txt,train,train,x86,system,unified_goodware_balanced
a41c5dc3a3f545e988039522bb355f0f0633ee6c8b128dbdf67b47874340ecd0,goodware_balanced__system__a41c5dc3a3f545e988039522bb355f0f0633ee6c8b128dbdf67b47874340ecd0,balanced_goodware,0,file:system_relog_a41c5dc3.exe.txt,test,test,x86,system,unified_goodware_balanced
a42cfe174a3febb904d7ca6639e4567d88aded3d2d01533da1387d348142a07e,goodware_balanced__system__a42cfe174a3febb904d7ca6639e4567d88aded3d2d01533da1387d348142a07e,balanced_goodware,0,file:system_instnm.exe.txt,train,train,x86,system,unified_goodware_balanced
a437aa3d763a8d614ef22393199d0884cd483183a0f6835ae0d43337016d4c3b,goodware_balanced__system__a437aa3d763a8d614ef22393199d0884cd483183a0f6835ae0d43337016d4c3b,balanced_goodware,0,file:system_AMDBugReportTool.exe.txt,train,train,x86,system,unified_goodware_balanced
a460078cc5e92a3d7ead574e86ca918d47024342fffc0045ce7c7630b7e2c3b0,goodware_balanced__system__a460078cc5e92a3d7ead574e86ca918d47024342fffc0045ce7c7630b7e2c3b0,balanced_goodware,0,file:system_ROUTE.EXE.txt,train,train,x86,system,unified_goodware_balanced
a497eec9d1436af978d86fd15024937b21acd62e31e3ba4751c704ab13246aff,goodware_balanced__system__a497eec9d1436af978d86fd15024937b21acd62e31e3ba4751c704ab13246aff,balanced_goodware,0,file:system_wininit.exe.txt,train,train,x64,system,unified_goodware_balanced
a5538789d76fa7e7d674b96d21092acaf3d37e5affebc2148a74dce1cb01f2ef,goodware_balanced__system__a5538789d76fa7e7d674b96d21092acaf3d37e5affebc2148a74dce1cb01f2ef,balanced_goodware,0,file:system_PresentationHost.exe.txt,train,train,x86,system,unified_goodware_balanced
a6e9c3f8a8bcff5eb613812869624d32bcf4f3fd3f8a9402b4d418191f5018f1,goodware_balanced__system__a6e9c3f8a8bcff5eb613812869624d32bcf4f3fd3f8a9402b4d418191f5018f1,balanced_goodware,0,file:system_sdiagnhost_a6e9c3f8.exe.txt,train,train,x86,system,unified_goodware_balanced
a78eeb015d4f769f2d3fdac052aea9b3e138e752f06f89f52c0beb67078c6b52,goodware_balanced__system__a78eeb015d4f769f2d3fdac052aea9b3e138e752f06f89f52c0beb67078c6b52,balanced_goodware,0,file:system_systray.exe.txt,train,train,x64,system,unified_goodware_balanced
a83fe5ce5f57fafdf5dced6ef3ba8be143b474658d6224adb51c42bfcec77464,goodware_balanced__system__a83fe5ce5f57fafdf5dced6ef3ba8be143b474658d6224adb51c42bfcec77464,balanced_goodware,0,file:system_tracerpt.exe.txt,train,train,x64,system,unified_goodware_balanced
a88153d7ef71bd5894b7a1b54bc437fc210b6699a4e63c2db9517236dda2e91a,goodware_balanced__system__a88153d7ef71bd5894b7a1b54bc437fc210b6699a4e63c2db9517236dda2e91a,balanced_goodware,0,file:system_OpenWith.exe.txt,train,train,x86,system,unified_goodware_balanced
a958083fd4982697973d1f4a05a8f51b1f5d551a558cfa0097cfb6867fdce3ba,goodware_balanced__system__a958083fd4982697973d1f4a05a8f51b1f5d551a558cfa0097cfb6867fdce3ba,balanced_goodware,0,file:system_csrss.exe.txt,val,train,x64,system,unified_goodware_balanced
a966a0c5c014615c5bbd52648a0e0ce6774b6e70139a3522c9aa89d208ba4a1c,goodware_balanced__system__a966a0c5c014615c5bbd52648a0e0ce6774b6e70139a3522c9aa89d208ba4a1c,balanced_goodware,0,file:system_dusmtask.exe.txt,train,train,x64,system,unified_goodware_balanced
ac9b1f4261a07f890764920f3acc51782e3cb74797b35a72a8420b123e5b5153,goodware_balanced__system__ac9b1f4261a07f890764920f3acc51782e3cb74797b35a72a8420b123e5b5153,balanced_goodware,0,file:system_openfiles.exe.txt,val,train,x86,system,unified_goodware_balanced
ac9f6f4232ce4c0e595514d21a22d3652c20447777244b071dcaf742f87312ad,goodware_balanced__system__ac9f6f4232ce4c0e595514d21a22d3652c20447777244b071dcaf742f87312ad,balanced_goodware,0,file:system_rgnupdt.exe.txt,train,train,x64,system,unified_goodware_balanced
b0b4b8a5b669b72f72cea9f4d3dc73230d577f77870e722c28f4f02e4af2c7bf,goodware_balanced__system__b0b4b8a5b669b72f72cea9f4d3dc73230d577f77870e722c28f4f02e4af2c7bf,balanced_goodware,0,file:system_TpmTool.exe.txt,train,train,x64,system,unified_goodware_balanced
b16e6a62ea68a532503eac5cdc44eb9f6ba60ebae86e2d44ae164f88acefe249,goodware_balanced__system__b16e6a62ea68a532503eac5cdc44eb9f6ba60ebae86e2d44ae164f88acefe249,balanced_goodware,0,file:system_NpcapHelper.exe.txt,train,train,x86,system,unified_goodware_balanced
b23fd0fcef80a6755feda2b3491f7bb13627f3e17006efcf97cb2e1c0cc080fd,goodware_balanced__system__b23fd0fcef80a6755feda2b3491f7bb13627f3e17006efcf97cb2e1c0cc080fd,balanced_goodware,0,file:system_compact_b23fd0fc.exe.txt,train,train,x86,system,unified_goodware_balanced
b4bc616516d21b7f1ca57a857230a9a9baecfdb8388658c9ff942f1d5e61d4f0,goodware_balanced__system__b4bc616516d21b7f1ca57a857230a9a9baecfdb8388658c9ff942f1d5e61d4f0,balanced_goodware,0,file:system_WlanHelper_b4bc6165.exe.txt,train,train,x86,system,unified_goodware_balanced
b4fe2ea236ed6d360614a1502dc024adc9400d8ad2d1507e2b874e95629e73eb,goodware_balanced__system__b4fe2ea236ed6d360614a1502dc024adc9400d8ad2d1507e2b874e95629e73eb,balanced_goodware,0,file:system_netsh.exe.txt,train,train,x64,system,unified_goodware_balanced
b6f6f9f0a39939e3718bf0336f147f0335edd29bc7492c5b177c4493d8c37ce0,goodware_balanced__system__b6f6f9f0a39939e3718bf0336f147f0335edd29bc7492c5b177c4493d8c37ce0,balanced_goodware,0,file:system_print.exe.txt,train,train,x86,system,unified_goodware_balanced
b71e11827aed4f67de0586129861b414b73d36d3d7951fc4cb71e54a58d8c016,goodware_balanced__system__b71e11827aed4f67de0586129861b414b73d36d3d7951fc4cb71e54a58d8c016,balanced_goodware,0,file:system_ByteCodeGenerator.exe.txt,train,train,x64,system,unified_goodware_balanced
b7d2c17e0038945aa4b72ae7a89e54d29b04ccc0feb62df5c9b7b67de43c2530,goodware_balanced__system__b7d2c17e0038945aa4b72ae7a89e54d29b04ccc0feb62df5c9b7b67de43c2530,balanced_goodware,0,file:system_backgroundTaskHost.exe.txt,train,train,x64,system,unified_goodware_balanced
b89f03f570ac9c2768e3e32cb4d1fba793822b47bb77cdf1d5f7956d73353483,goodware_balanced__system__b89f03f570ac9c2768e3e32cb4d1fba793822b47bb77cdf1d5f7956d73353483,balanced_goodware,0,file:system_typeperf.exe.txt,train,train,x86,system,unified_goodware_balanced
b8e4332a052f7cac9609b5004217ba0b0c27d70051af1f0990f8c3748b721a00,goodware_balanced__system__b8e4332a052f7cac9609b5004217ba0b0c27d70051af1f0990f8c3748b721a00,balanced_goodware,0,file:system_PnPUnattend.exe.txt,train,train,x64,system,unified_goodware_balanced
b8fbf0c0988d63c1b02f86e41678f23fd3b17e44b4e48529c419688143b6f602,goodware_balanced__system__b8fbf0c0988d63c1b02f86e41678f23fd3b17e44b4e48529c419688143b6f602,balanced_goodware,0,file:system_sessionmsg.exe.txt,val,train,x64,system,unified_goodware_balanced
bb3e638c8b5b6ef80847e364aeef2796cad25d3539cf9b41d3820fa48943e777,goodware_balanced__system__bb3e638c8b5b6ef80847e364aeef2796cad25d3539cf9b41d3820fa48943e777,balanced_goodware,0,file:system_net.exe.txt,val,train,x64,system,unified_goodware_balanced
bbf15d44bbee88340d91159a5d8ffb71e49eacc858a77b214c789ad7ace30bfc,goodware_balanced__system__bbf15d44bbee88340d91159a5d8ffb71e49eacc858a77b214c789ad7ace30bfc,balanced_goodware,0,file:system_nvidia-smi.exe.txt,train,train,x64,system,unified_goodware_balanced
be21cc87cd36ef8b88d738cd227270c0355ba93e2e4eff72e9fbf1d5c50de348,goodware_balanced__system__be21cc87cd36ef8b88d738cd227270c0355ba93e2e4eff72e9fbf1d5c50de348,balanced_goodware,0,file:system_agentactivationruntimestarter.exe.txt,test,test,x64,system,unified_goodware_balanced
be662e359ff0a0d51bfdedfe5b38e07779919cc09e130087117664668104641f,goodware_balanced__system__be662e359ff0a0d51bfdedfe5b38e07779919cc09e130087117664668104641f,balanced_goodware,0,file:system_gpupdate.exe.txt,train,train,x86,system,unified_goodware_balanced
bead137f1d54472624c23fa54ae4320ce67e142d8444246cd267a1d99253f781,goodware_balanced__system__bead137f1d54472624c23fa54ae4320ce67e142d8444246cd267a1d99253f781,balanced_goodware,0,file:system_SecEdit_bead137f.exe.txt,train,train,x64,system,unified_goodware_balanced
bee1bf7af1d7bfed6a52642aa22d8e1df6f7126fe4f1251a94520d4b87ae3a70,goodware_balanced__system__bee1bf7af1d7bfed6a52642aa22d8e1df6f7126fe4f1251a94520d4b87ae3a70,balanced_goodware,0,file:system_ShellHost.exe.txt,train,train,x64,system,unified_goodware_balanced
bee6647708a4951c53e2f178742eb3cfdec77c36dacede59fa6f5ffba92b8df6,goodware_balanced__system__bee6647708a4951c53e2f178742eb3cfdec77c36dacede59fa6f5ffba92b8df6,balanced_goodware,0,file:system_Utilman.exe.txt,val,train,x64,system,unified_goodware_balanced
c24ef21ed6d6da6ad461de881b27b6a858c16596eb1908351a63938a750468e0,goodware_balanced__system__c24ef21ed6d6da6ad461de881b27b6a858c16596eb1908351a63938a750468e0,balanced_goodware,0,file:system_dccw.exe.txt,train,train,x86,system,unified_goodware_balanced
c2d5abb486cda892f0ff74d42edbb55120ea3c57ecda17f1de630e217ff231b0,goodware_balanced__system__c2d5abb486cda892f0ff74d42edbb55120ea3c57ecda17f1de630e217ff231b0,balanced_goodware,0,file:system_mtstocom.exe.txt,train,train,x86,system,unified_goodware_balanced
c505e8e9d5eb338aacec06a89a9c4005d1cb29a9a42850d073cea653ad7aded6,goodware_balanced__system__c505e8e9d5eb338aacec06a89a9c4005d1cb29a9a42850d073cea653ad7aded6,balanced_goodware,0,file:system_pcwrun.exe.txt,train,train,x64,system,unified_goodware_balanced
c571f4867a2aaee70b8548b9bb220360b6f347d6413d55212d120ebf5bb2b4fd,goodware_balanced__system__c571f4867a2aaee70b8548b9bb220360b6f347d6413d55212d120ebf5bb2b4fd,balanced_goodware,0,file:system_chkntfs.exe.txt,train,train,x64,system,unified_goodware_balanced
c713ca1c92971e9a6a28f1be1376317c0988247d3365958dda8bcef77cc20474,goodware_balanced__system__c713ca1c92971e9a6a28f1be1376317c0988247d3365958dda8bcef77cc20474,balanced_goodware,0,file:system_regsvr32_c713ca1c.exe.txt,train,train,x64,system,unified_goodware_balanced
c741a6691abdd99620fe822a6afd85e22ef559e52ea3fe373c74f716a43510fa,goodware_balanced__system__c741a6691abdd99620fe822a6afd85e22ef559e52ea3fe373c74f716a43510fa,balanced_goodware,0,file:system_rstrui.exe.txt,train,train,x64,system,unified_goodware_balanced
c8dfa5126098077e097f40b8e488affff06722a0edb1cfcd20f832bb41bf1753,goodware_balanced__system__c8dfa5126098077e097f40b8e488affff06722a0edb1cfcd20f832bb41bf1753,balanced_goodware,0,file:system_klist.exe.txt,train,train,x64,system,unified_goodware_balanced
ca35cb78f589520db0eaa2af0453dc472e6aa75709a6cb3053dc38f125024e50,goodware_balanced__system__ca35cb78f589520db0eaa2af0453dc472e6aa75709a6cb3053dc38f125024e50,balanced_goodware,0,file:system_vssadmin.exe.txt,train,train,x64,system,unified_goodware_balanced
ca5a1419d1b2bdddadeed236ceea8b7851786b20630471c817fadd4556732466,goodware_balanced__system__ca5a1419d1b2bdddadeed236ceea8b7851786b20630471c817fadd4556732466,balanced_goodware,0,file:system_vulkaninfo.exe.txt,train,train,x86,system,unified_goodware_balanced
ca692f9c3d22fac77a84d1155ae4b757664cc50386310c59a6d827ee5b58cca1,goodware_balanced__system__ca692f9c3d22fac77a84d1155ae4b757664cc50386310c59a6d827ee5b58cca1,balanced_goodware,0,file:system_dvdplay_ca692f9c.exe.txt,test,test,x64,system,unified_goodware_balanced
cac42652295b1989d5bc615613e11ae89697c197b005bad9a49c957d6f3ffd18,goodware_balanced__system__cac42652295b1989d5bc615613e11ae89697c197b005bad9a49c957d6f3ffd18,balanced_goodware,0,file:system_runexehelper.exe.txt,val,train,x64,system,unified_goodware_balanced
cac9fdc6553d22bf284a6660980c9459fb88e73b5aeccf0939de67d20c1436ca,goodware_balanced__system__cac9fdc6553d22bf284a6660980c9459fb88e73b5aeccf0939de67d20c1436ca,balanced_goodware,0,file:system_SyncHost.exe.txt,train,train,x86,system,unified_goodware_balanced
cb101a3d2158d521bf150ed0b83a4f0b33a0a858eaf2304bd336bc5dc6193b75,goodware_balanced__system__cb101a3d2158d521bf150ed0b83a4f0b33a0a858eaf2304bd336bc5dc6193b75,balanced_goodware,0,file:system_ctfmon.exe.txt,train,train,x64,system,unified_goodware_balanced
cbcf0640613baa2dc8f787f09f038c9ae4dd3c341a1210752568ce46e1abd1ac,goodware_balanced__system__cbcf0640613baa2dc8f787f09f038c9ae4dd3c341a1210752568ce46e1abd1ac,balanced_goodware,0,file:system_at_cbcf0640.exe.txt,val,train,x86,system,unified_goodware_balanced
cf755c161116fc9c46989828b0c566573f648b9f7a13fbcaee0b3bbbb5006109,goodware_balanced__system__cf755c161116fc9c46989828b0c566573f648b9f7a13fbcaee0b3bbbb5006109,balanced_goodware,0,file:system_PATHPING.EXE.txt,train,train,x64,system,unified_goodware_balanced
d05775a0d9935689ae47d71936d093c2ce3f316a33d9277953eab2a6bc75b676,goodware_balanced__system__d05775a0d9935689ae47d71936d093c2ce3f316a33d9277953eab2a6bc75b676,balanced_goodware,0,file:system_convertvhd.exe.txt,train,train,x64,system,unified_goodware_balanced
d198bb10ac0ce2d0b5ebbb882c159ad63cfec66cf62a47dc7af691287243cf27,goodware_balanced__system__d198bb10ac0ce2d0b5ebbb882c159ad63cfec66cf62a47dc7af691287243cf27,balanced_goodware,0,file:system_bthudtask.exe.txt,test,test,x86,system,unified_goodware_balanced
d2c9d5aa29814261dd625634c7e901a094e83d5c55cc3dda594cab4e7347c573,goodware_balanced__system__d2c9d5aa29814261dd625634c7e901a094e83d5c55cc3dda594cab4e7347c573,balanced_goodware,0,file:system_deploymentcsphelper.exe.txt,train,train,x64,system,unified_goodware_balanced
d332ad3f1ce8478725bd0b9fa4a6e9e5d6b67f4f4aefc88b95707aff98d795e2,goodware_balanced__system__d332ad3f1ce8478725bd0b9fa4a6e9e5d6b67f4f4aefc88b95707aff98d795e2,balanced_goodware,0,file:system_WerFaultSecure.exe.txt,test,test,x86,system,unified_goodware_balanced
d35aa93412310450055f0c25365a888c693b4cc982e6871d02d6a756367898ee,goodware_balanced__system__d35aa93412310450055f0c25365a888c693b4cc982e6871d02d6a756367898ee,balanced_goodware,0,file:system_amd-smi.exe.txt,train,train,x64,system,unified_goodware_balanced
d3c90744d4bb616c4946d9dc646e39e1fad581366aa46f440b867c010b106612,goodware_balanced__system__d3c90744d4bb616c4946d9dc646e39e1fad581366aa46f440b867c010b106612,balanced_goodware,0,file:system_UsoClient.exe.txt,train,train,x64,system,unified_goodware_balanced
d483169601b7e14f9976f0e35b704697cb805c403c46055e92a24a17e4b35722,goodware_balanced__system__d483169601b7e14f9976f0e35b704697cb805c403c46055e92a24a17e4b35722,balanced_goodware,0,file:system_RdpSa_d4831696.exe.txt,train,train,x86,system,unified_goodware_balanced
d63b8bffb8c60f5eb3554be9462839d37d002d107d05935cdca67cba8537208e,goodware_balanced__system__d63b8bffb8c60f5eb3554be9462839d37d002d107d05935cdca67cba8537208e,balanced_goodware,0,file:system_ngen.exe.txt,train,train,x64,system,unified_goodware_balanced
d81a80fe838790e3a1bc7daf3bde666c71d4a8aba8b4f8a371b2db2ff236a72e,goodware_balanced__system__d81a80fe838790e3a1bc7daf3bde666c71d4a8aba8b4f8a371b2db2ff236a72e,balanced_goodware,0,file:system_forfiles.exe.txt,train,train,x86,system,unified_goodware_balanced
d868f8a6c8f204e98adb95f5687a943e2ce8aed697c875116c7db223a198bab7,goodware_balanced__system__d868f8a6c8f204e98adb95f5687a943e2ce8aed697c875116c7db223a198bab7,balanced_goodware,0,file:system_dcomcnfg.exe.txt,test,test,x64,system,unified_goodware_balanced
d92f7d3157bce05ed5ad58e7a8743367205043cb3eb41f184faf50ec163d3307,goodware_balanced__system__d92f7d3157bce05ed5ad58e7a8743367205043cb3eb41f184faf50ec163d3307,balanced_goodware,0,file:system_resmon.exe.txt,train,train,x64,system,unified_goodware_balanced
dbf5f840137306b3727e78b1aa14b3a740573c00a805d73790bcdeecaf95b28a,goodware_balanced__system__dbf5f840137306b3727e78b1aa14b3a740573c00a805d73790bcdeecaf95b28a,balanced_goodware,0,file:system_charmap_dbf5f840.exe.txt,train,train,x86,system,unified_goodware_balanced
deebdbaca8eb0115e853275ade9cc39d64c7c483e2dcb1d5c316754ff4fdf3ba,goodware_balanced__system__deebdbaca8eb0115e853275ade9cc39d64c7c483e2dcb1d5c316754ff4fdf3ba,balanced_goodware,0,file:system_SystemPropertiesHardware.exe.txt,train,train,x86,system,unified_goodware_balanced
e1803da483c99cf84b5d2ec90cbe3ba4b319a997f3e68c04fdf2374bfb9ed8a3,goodware_balanced__system__e1803da483c99cf84b5d2ec90cbe3ba4b319a997f3e68c04fdf2374bfb9ed8a3,balanced_goodware,0,file:system_setupcl.exe.txt,train,train,x64,system,unified_goodware_balanced
e342811b0cfc1116af1c3ddd1cb3d164bc6c40a1b6cfe6b73a659b26a1f59edf,goodware_balanced__system__e342811b0cfc1116af1c3ddd1cb3d164bc6c40a1b6cfe6b73a659b26a1f59edf,balanced_goodware,0,file:system_perfmon.exe.txt,train,train,x86,system,unified_goodware_balanced
e3fda226f2d29d7bcde5eddd5fdfb8a6104c65e28222e16a27945edb59a2a5f7,goodware_balanced__system__e3fda226f2d29d7bcde5eddd5fdfb8a6104c65e28222e16a27945edb59a2a5f7,balanced_goodware,0,file:system_curl.exe.txt,train,train,x86,system,unified_goodware_balanced
e4224d18c3c96826e6f4240893fac02c8a1ff335ce92614fc8744369594dd468,goodware_balanced__system__e4224d18c3c96826e6f4240893fac02c8a1ff335ce92614fc8744369594dd468,balanced_goodware,0,file:system_PING.EXE.txt,train,train,x64,system,unified_goodware_balanced
e5bdaf39bad1b175d5dde7889a29c31d903b642dc172a01d74c1fdb7068ccbb6,goodware_balanced__system__e5bdaf39bad1b175d5dde7889a29c31d903b642dc172a01d74c1fdb7068ccbb6,balanced_goodware,0,file:system_GamePanel.exe.txt,val,train,x64,system,unified_goodware_balanced
e5cd2d9536b0729ce90368dce9d923dccfa6f75f2996e31bb349e6a75a2aa897,goodware_balanced__system__e5cd2d9536b0729ce90368dce9d923dccfa6f75f2996e31bb349e6a75a2aa897,balanced_goodware,0,file:system_expand.exe.txt,train,train,x64,system,unified_goodware_balanced
e7467d761bf7648eda3eb8bb7fd8fe917cdb93cd5f8fa12110bdb560d6612ba4,goodware_balanced__system__e7467d761bf7648eda3eb8bb7fd8fe917cdb93cd5f8fa12110bdb560d6612ba4,balanced_goodware,0,file:system_wlanext.exe.txt,train,train,x64,system,unified_goodware_balanced
e7878f8ee6460f6285a6c249135a2c9b62af19ca4603dbe3efc910c4b4df2707,goodware_balanced__system__e7878f8ee6460f6285a6c249135a2c9b62af19ca4603dbe3efc910c4b4df2707,balanced_goodware,0,file:system_CheckNetIsolation.exe.txt,train,train,x64,system,unified_goodware_balanced
e7cb522bca1ec46acb3bbab8090b6526b385936cf995161ea563ee578fe27908,goodware_balanced__system__e7cb522bca1ec46acb3bbab8090b6526b385936cf995161ea563ee578fe27908,balanced_goodware,0,file:system_wowreg32_e7cb522b.exe.txt,train,train,x86,system,unified_goodware_balanced
e7fb0f1a5699be9fe8426bb8ef99167ed3d7c414e98a2051ef52050038b68c28,goodware_balanced__system__e7fb0f1a5699be9fe8426bb8ef99167ed3d7c414e98a2051ef52050038b68c28,balanced_goodware,0,file:system_poqexec_e7fb0f1a.exe.txt,train,train,x86,system,unified_goodware_balanced
ea71d139107fe5ecfafbb989e0962a46137dc52053874333bd1066f84bc7074c,goodware_balanced__system__ea71d139107fe5ecfafbb989e0962a46137dc52053874333bd1066f84bc7074c,balanced_goodware,0,file:system_MpDefenderCoreService.exe.txt,val,train,x64,system,unified_goodware_balanced
eb7a64288c8301b56c01e5c1390d4f2ca61daed8ad52a407476b026cbac63b7f,goodware_balanced__system__eb7a64288c8301b56c01e5c1390d4f2ca61daed8ad52a407476b026cbac63b7f,balanced_goodware,0,file:system_MdSched.exe.txt,test,test,x64,system,unified_goodware_balanced
ed1a76b3f289f76cb2ded261f9448fc5e334bd25e8bf1b5bdbb044decf899931,goodware_balanced__system__ed1a76b3f289f76cb2ded261f9448fc5e334bd25e8bf1b5bdbb044decf899931,balanced_goodware,0,file:system_SystemPropertiesPerformance.exe.txt,train,train,x86,system,unified_goodware_balanced
ee2d9c16bfb1490d148cbe7bfdb75de7caba58eea8b3e42c3424b3e8b41a1037,goodware_balanced__system__ee2d9c16bfb1490d148cbe7bfdb75de7caba58eea8b3e42c3424b3e8b41a1037,balanced_goodware,0,file:system_AuthHost.exe.txt,train,train,x64,system,unified_goodware_balanced
eec826a6cf2b060085cd19345beedb186c59d325e94cf861f07d1bb5af51925d,goodware_balanced__system__eec826a6cf2b060085cd19345beedb186c59d325e94cf861f07d1bb5af51925d,balanced_goodware,0,file:system_msinfo32.exe.txt,train,train,x86,system,unified_goodware_balanced
ef37663b44ac66920c6f33694deea01acb78ae3f3012884819373fa04c3eb5f0,goodware_balanced__system__ef37663b44ac66920c6f33694deea01acb78ae3f3012884819373fa04c3eb5f0,balanced_goodware,0,file:system_reg.exe.txt,train,train,x64,system,unified_goodware_balanced
f063d73214e27ca6caf871966d9335ab770893b73482c89c8dd0f993dcc4bae0,goodware_balanced__system__f063d73214e27ca6caf871966d9335ab770893b73482c89c8dd0f993dcc4bae0,balanced_goodware,0,file:system_EhStorAuthn_f063d732.exe.txt,train,train,x86,system,unified_goodware_balanced
f2a12a2fb900d06cfed2f9cc613440d92716acd2bfae6031e40a62aaeb8f2f1a,goodware_balanced__system__f2a12a2fb900d06cfed2f9cc613440d92716acd2bfae6031e40a62aaeb8f2f1a,balanced_goodware,0,file:system_WUDFHost.exe.txt,train,train,x64,system,unified_goodware_balanced
f3ae421fff6807d72d763b4cc9c953fa24e523231b48042aa05b8ef850c3c90f,goodware_balanced__system__f3ae421fff6807d72d763b4cc9c953fa24e523231b48042aa05b8ef850c3c90f,balanced_goodware,0,file:system_nvdebugdump.exe.txt,train,train,x64,system,unified_goodware_balanced
f4d29fd93794e50a6740b9692da5dcad119d0f5a68a812357497c69ed6496ce3,goodware_balanced__system__f4d29fd93794e50a6740b9692da5dcad119d0f5a68a812357497c69ed6496ce3,balanced_goodware,0,file:system_fc.exe.txt,val,train,x64,system,unified_goodware_balanced
f78a48acc9b61f4086b74f54dc8f4e8d0139745c4004af6c98603486d8d210d5,goodware_balanced__system__f78a48acc9b61f4086b74f54dc8f4e8d0139745c4004af6c98603486d8d210d5,balanced_goodware,0,file:system_auditpol.exe.txt,train,train,x64,system,unified_goodware_balanced
f81343ae00b44e14a919173ba0cb73ffd25144845b34cfc8b362e27a567cc160,goodware_balanced__system__f81343ae00b44e14a919173ba0cb73ffd25144845b34cfc8b362e27a567cc160,balanced_goodware,0,file:system_setup16.exe.txt,train,train,x86,system,unified_goodware_balanced
f8ca342aaa8496e009907fa12feff11578123326945cc1ad665057df67981405,goodware_balanced__system__f8ca342aaa8496e009907fa12feff11578123326945cc1ad665057df67981405,balanced_goodware,0,file:system_ftp.exe.txt,train,train,x64,system,unified_goodware_balanced
fa69a5d4c04e81356290f79bef8887dbfd0a599828571fba1cf1a6deafdc132a,goodware_balanced__system__fa69a5d4c04e81356290f79bef8887dbfd0a599828571fba1cf1a6deafdc132a,balanced_goodware,0,file:system_timeout.exe.txt,train,train,x86,system,unified_goodware_balanced
faa20cee82f812ec1aeefc121fda8ab1ef40c103aa6ad77aa30275abbb5126cb,goodware_balanced__system__faa20cee82f812ec1aeefc121fda8ab1ef40c103aa6ad77aa30275abbb5126cb,balanced_goodware,0,file:system_nslookup.exe.txt,train,train,x64,system,unified_goodware_balanced
fb229970fedc678c81e139ecbfbf162a3399d33a0ced96ffb3f2eae8f86f3d97,goodware_balanced__system__fb229970fedc678c81e139ecbfbf162a3399d33a0ced96ffb3f2eae8f86f3d97,balanced_goodware,0,file:system_dfrgui_fb229970.exe.txt,val,train,x64,system,unified_goodware_balanced
fc50f4e0e32902b79a8c334d5d4541111314db78b3eebb8527735dd3fd64fac7,goodware_balanced__system__fc50f4e0e32902b79a8c334d5d4541111314db78b3eebb8527735dd3fd64fac7,balanced_goodware,0,file:system_regedt32.exe.txt,train,train,x64,system,unified_goodware_balanced
fc8cc3eb5f4b6985405e75cdc411901f14aa04f88493a5ed1493662d09542898,goodware_balanced__system__fc8cc3eb5f4b6985405e75cdc411901f14aa04f88493a5ed1493662d09542898,balanced_goodware,0,file:system_wiaacmgr.exe.txt,train,train,x86,system,unified_goodware_balanced
fe34cc47104f214e52d1ba2ce435c4e1d05bec8a039a6631ad3788be2516d00c,goodware_balanced__system__fe34cc47104f214e52d1ba2ce435c4e1d05bec8a039a6631ad3788be2516d00c,balanced_goodware,0,file:system_autofstx.exe.txt,train,train,x86,system,unified_goodware_balanced
feef8f9033d85e4ce19f1c56e3bab24a65ac0ef5d0d3d11e258a29e9c0c2fb5c,goodware_balanced__system__feef8f9033d85e4ce19f1c56e3bab24a65ac0ef5d0d3d11e258a29e9c0c2fb5c,balanced_goodware,0,file:system_NetEvtFwdr.exe.txt,train,train,x64,system,unified_goodware_balanced
ff71267f116db665e6cccc4d9b00c9ae4546fdf462ed2dc7ad4d134cc5dac21c,goodware_balanced__system__ff71267f116db665e6cccc4d9b00c9ae4546fdf462ed2dc7ad4d134cc5dac21c,balanced_goodware,0,file:system_cmmon32.exe.txt,train,train,x86,system,unified_goodware_balanced
05af0cf40590aef24b28fa04c6b4998b7ab3b7f26e60c507adb84f3d837778f2,avaddon__05af0cf40590aef24b28fa04c6b4998b7ab3b7f26e60c507adb84f3d837778f2,mendeley_ransomware,1,avaddon,train,train,x86,avaddon,unified_mendeley
09f01f2256663969229c2c954f7b29751b41a0c2b36cdb9b67c9491b76c04898,avaddon__09f01f2256663969229c2c954f7b29751b41a0c2b36cdb9b67c9491b76c04898,mendeley_ransomware,1,avaddon,train,train,x86,avaddon,unified_mendeley
0ff4058f709d278ed662719b9627618c48e7a656c59f6bfecda9081c7cbd742b,avaddon__0ff4058f709d278ed662719b9627618c48e7a656c59f6bfecda9081c7cbd742b,mendeley_ransomware,1,avaddon,train,train,x86,avaddon,unified_mendeley
1228d0f04f0ba82569fc1c0609f9fd6c377a91b9ea44c1e7f9f84b2b90552da2,avaddon__1228d0f04f0ba82569fc1c0609f9fd6c377a91b9ea44c1e7f9f84b2b90552da2,mendeley_ransomware,1,avaddon,train,train,x86,avaddon,unified_mendeley
146712f0832c4e2fbe24245d18f2913746436e38d5438f5eca15dfd0fb50ec24,avaddon__146712f0832c4e2fbe24245d18f2913746436e38d5438f5eca15dfd0fb50ec24,mendeley_ransomware,1,avaddon,train,train,x86,avaddon,unified_mendeley
17e68e1fb7737ec554eab4b7aea90ebb2fb23c953d920b8d8f1ab4825c3faede,avaddon__17e68e1fb7737ec554eab4b7aea90ebb2fb23c953d920b8d8f1ab4825c3faede,mendeley_ransomware,1,avaddon,train,train,x86,avaddon,unified_mendeley
17efb277d1893fe4255b9178e9bf6ce55d8a514f9805fd2ab8f7065498c53d97,avaddon__17efb277d1893fe4255b9178e9bf6ce55d8a514f9805fd2ab8f7065498c53d97,mendeley_ransomware,1,avaddon,train,train,x86,avaddon,unified_mendeley
1c53a211e69cb490911485d71573fd1a4210d7167094a6d7b28926157acd31f0,avaddon__1c53a211e69cb490911485d71573fd1a4210d7167094a6d7b28926157acd31f0,mendeley_ransomware,1,avaddon,train,train,x86,avaddon,unified_mendeley
1d5f21f26caefe394d6b217a654f0effb6a6a986257229daf447e8b8966f693e,avaddon__1d5f21f26caefe394d6b217a654f0effb6a6a986257229daf447e8b8966f693e,mendeley_ransomware,1,avaddon,train,train,x86,avaddon,unified_mendeley
1e8df42c2e51f919886eaf955c8fc9630ba9aca8bba47b1541ead131feb55a11,avaddon__1e8df42c2e51f919886eaf955c8fc9630ba9aca8bba47b1541ead131feb55a11,mendeley_ransomware,1,avaddon,train,train,x86,avaddon,unified_mendeley
240d0e4653fdcac298777ad397af4df50fe355aa87fd82146ae40e9e998eab90,avaddon__240d0e4653fdcac298777ad397af4df50fe355aa87fd82146ae40e9e998eab90,mendeley_ransomware,1,avaddon,train,train,x86,avaddon,unified_mendeley
2462a1cc358704bf1f12d266a0cc596bce16ba58f8611aa0fdeb094f61f1631a,avaddon__2462a1cc358704bf1f12d266a0cc596bce16ba58f8611aa0fdeb094f61f1631a,mendeley_ransomware,1,avaddon,train,train,x86,avaddon,unified_mendeley
2a63fd5330739eaf96adab4e1f4162655ab0e1d977787fb0495f0a2ed137b96b,avaddon__2a63fd5330739eaf96adab4e1f4162655ab0e1d977787fb0495f0a2ed137b96b,mendeley_ransomware,1,avaddon,train,train,x86,avaddon,unified_mendeley
2bfdaec2c8e4b66d6c9c3b5887c8cd94e4e590c593169c1e11b06e3240c87803,avaddon__2bfdaec2c8e4b66d6c9c3b5887c8cd94e4e590c593169c1e11b06e3240c87803,mendeley_ransomware,1,avaddon,train,train,x86,avaddon,unified_mendeley
2c277c4960f11e457fdc506d139d6a6064c3b967834d1e986c68b508cae55cd0,avaddon__2c277c4960f11e457fdc506d139d6a6064c3b967834d1e986c68b508cae55cd0,mendeley_ransomware,1,avaddon,train,train,x86,avaddon,unified_mendeley
319ec1a54148644197b40ed4d73b8fe5646c4f6ebf76d1487bce40a72d37baa7,avaddon__319ec1a54148644197b40ed4d73b8fe5646c4f6ebf76d1487bce40a72d37baa7,mendeley_ransomware,1,avaddon,train,train,x86,avaddon,unified_mendeley
32643547aefae01363ff01beb15fa818827896088670a78e814a227ca120975a,avaddon__32643547aefae01363ff01beb15fa818827896088670a78e814a227ca120975a,mendeley_ransomware,1,avaddon,train,train,x86,avaddon,unified_mendeley
3e9dba43f0b8303ca3f57a09c2b829806720064e6aada312fab2c52484004db2,avaddon__3e9dba43f0b8303ca3f57a09c2b829806720064e6aada312fab2c52484004db2,mendeley_ransomware,1,avaddon,train,train,x86,avaddon,unified_mendeley
41302ba84885fcc5960d4e474d71f6af7c2a631c24d691179ff0a733eb1a4970,avaddon__41302ba84885fcc5960d4e474d71f6af7c2a631c24d691179ff0a733eb1a4970,mendeley_ransomware,1,avaddon,train,train,x86,avaddon,unified_mendeley
433875f694fb7f96b4fe51e4c3d9a45515e849d1ffd9aa528fb9b23f6323e106,avaddon__433875f694fb7f96b4fe51e4c3d9a45515e849d1ffd9aa528fb9b23f6323e106,mendeley_ransomware,1,avaddon,train,train,x86,avaddon,unified_mendeley
46a8c1e768f632d69d06bfbd93932d102965c9e3f7c37d4a92e30aaeca905675,avaddon__46a8c1e768f632d69d06bfbd93932d102965c9e3f7c37d4a92e30aaeca905675,mendeley_ransomware,1,avaddon,train,train,x86,avaddon,unified_mendeley
476991b5d212883d22cf78d6830b61f13ce3b9ea8ff2c4d4e6dbd5fcad4b9a95,avaddon__476991b5d212883d22cf78d6830b61f13ce3b9ea8ff2c4d4e6dbd5fcad4b9a95,mendeley_ransomware,1,avaddon,train,train,x86,avaddon,unified_mendeley
48d7cd572f14aed7a90d6b66097a885a889e6e7416a6aaa2eb442706ff661275,avaddon__48d7cd572f14aed7a90d6b66097a885a889e6e7416a6aaa2eb442706ff661275,mendeley_ransomware,1,avaddon,train,train,x86,avaddon,unified_mendeley
4c4477f81ec823fa43bc2499d0fac1c8ccc1e828f1086aa8bfc7ba7122605da2,avaddon__4c4477f81ec823fa43bc2499d0fac1c8ccc1e828f1086aa8bfc7ba7122605da2,mendeley_ransomware,1,avaddon,train,train,x86,avaddon,unified_mendeley
534716ee4d6d52692aa4b7cb4176330f139a282f3cd143b41807e95733c64ede,avaddon__534716ee4d6d52692aa4b7cb4176330f139a282f3cd143b41807e95733c64ede,mendeley_ransomware,1,avaddon,train,train,x86,avaddon,unified_mendeley
5f171bd6646d203350bab1ac76aa789479b0af70616022d40b9c1efd9fd73cb9,avaddon__5f171bd6646d203350bab1ac76aa789479b0af70616022d40b9c1efd9fd73cb9,mendeley_ransomware,1,avaddon,train,train,x86,avaddon,unified_mendeley
63d793d1815aa1b119d580312630569fb2eb1880396df7cbe339adcd5c3ae2de,avaddon__63d793d1815aa1b119d580312630569fb2eb1880396df7cbe339adcd5c3ae2de,mendeley_ransomware,1,avaddon,train,train,x86,avaddon,unified_mendeley
6c40bc4bd88759b8bab164742f0d617a576e5488d816a7ce53e9ee71918fbd5e,avaddon__6c40bc4bd88759b8bab164742f0d617a576e5488d816a7ce53e9ee71918fbd5e,mendeley_ransomware,1,avaddon,train,train,x86,avaddon,unified_mendeley
7777b09e492304a37ac771a33be44dcf685ec528f20faaecf84bcafe3b870a6a,avaddon__7777b09e492304a37ac771a33be44dcf685ec528f20faaecf84bcafe3b870a6a,mendeley_ransomware,1,avaddon,train,train,x86,avaddon,unified_mendeley
81493b11fc6acd0d4d8bb653dd9fcdaec16affbcbb509c01f6377db68efceee3,avaddon__81493b11fc6acd0d4d8bb653dd9fcdaec16affbcbb509c01f6377db68efceee3,mendeley_ransomware,1,avaddon,train,train,x86,avaddon,unified_mendeley
864a03baf372f7881cd005d7440de314f9fd9a2b1c83057ebbb5ffa8e4eb08ce,avaddon__864a03baf372f7881cd005d7440de314f9fd9a2b1c83057ebbb5ffa8e4eb08ce,mendeley_ransomware,1,avaddon,train,train,x86,avaddon,unified_mendeley
898a9d34e5e5c49b03fcc27216fb83f1c9690e4fc75a9e9aa144f4d93d564471,avaddon__898a9d34e5e5c49b03fcc27216fb83f1c9690e4fc75a9e9aa144f4d93d564471,mendeley_ransomware,1,avaddon,train,train,x86,avaddon,unified_mendeley
90ebe699b4485af1eede919d39c1d080f5046a3d572ac4cd56d591de32e1746f,avaddon__90ebe699b4485af1eede919d39c1d080f5046a3d572ac4cd56d591de32e1746f,mendeley_ransomware,1,avaddon,train,train,x86,avaddon,unified_mendeley
99f433c40fae957a270e150dd6a3946fe746503cfb19efe53e0d8e52ad12f5fe,avaddon__99f433c40fae957a270e150dd6a3946fe746503cfb19efe53e0d8e52ad12f5fe,mendeley_ransomware,1,avaddon,train,train,x86,avaddon,unified_mendeley
9bf8178897ad95d55f2c74eb3827419164228f3d2dcb25cd71190f758dad8b91,avaddon__9bf8178897ad95d55f2c74eb3827419164228f3d2dcb25cd71190f758dad8b91,mendeley_ransomware,1,avaddon,train,train,x86,avaddon,unified_mendeley
a714d94634dfc13ed21a8a9b7fb1990c257050f809b0a53c9a5928e3c220f45d,avaddon__a714d94634dfc13ed21a8a9b7fb1990c257050f809b0a53c9a5928e3c220f45d,mendeley_ransomware,1,avaddon,train,train,x86,avaddon,unified_mendeley
accdf7be34e793269c8e340d73a34199a9a4b3503e9b2120e9f3ef250f18922c,avaddon__accdf7be34e793269c8e340d73a34199a9a4b3503e9b2120e9f3ef250f18922c,mendeley_ransomware,1,avaddon,train,train,x86,avaddon,unified_mendeley
adc2ccee19ca8ffb238053f98d87d1ae41cfa794248db23dce8e2db80a8cad56,avaddon__adc2ccee19ca8ffb238053f98d87d1ae41cfa794248db23dce8e2db80a8cad56,mendeley_ransomware,1,avaddon,train,train,x86,avaddon,unified_mendeley
ba410968db8d8b0d7faa1c48862c1235f78bc01a3f0929bd8ef9ac644fed3b70,avaddon__ba410968db8d8b0d7faa1c48862c1235f78bc01a3f0929bd8ef9ac644fed3b70,mendeley_ransomware,1,avaddon,train,train,x86,avaddon,unified_mendeley
bc5c264c4dc0207f6d500c47f870cc2aef641c4bf0efa3b1a408b83922cc61ac,avaddon__bc5c264c4dc0207f6d500c47f870cc2aef641c4bf0efa3b1a408b83922cc61ac,mendeley_ransomware,1,avaddon,train,train,x86,avaddon,unified_mendeley
d084e7c9160b96e53d799ef955a676aa28290cf51a2ba3354ccdd33829638175,avaddon__d084e7c9160b96e53d799ef955a676aa28290cf51a2ba3354ccdd33829638175,mendeley_ransomware,1,avaddon,train,train,x86,avaddon,unified_mendeley
d8470ac79ec2e92a5bbbab94cfa02f5162d23c6bf9cfb15d42edb97c6b9d0095,avaddon__d8470ac79ec2e92a5bbbab94cfa02f5162d23c6bf9cfb15d42edb97c6b9d0095,mendeley_ransomware,1,avaddon,train,train,x86,avaddon,unified_mendeley
dab7eb2503e0d61d02e6156a47361da97afc53c1dee17c420a0a05de891172c3,avaddon__dab7eb2503e0d61d02e6156a47361da97afc53c1dee17c420a0a05de891172c3,mendeley_ransomware,1,avaddon,train,train,x86,avaddon,unified_mendeley
dcb49ab9ec92111797dbf28f8a4df23729648d250f1abf9b06562d95afc400f6,avaddon__dcb49ab9ec92111797dbf28f8a4df23729648d250f1abf9b06562d95afc400f6,mendeley_ransomware,1,avaddon,train,train,x86,avaddon,unified_mendeley
e3493fea655027d88224954f32985caff0aebaa858df3314747f6f4e4a92ac8d,avaddon__e3493fea655027d88224954f32985caff0aebaa858df3314747f6f4e4a92ac8d,mendeley_ransomware,1,avaddon,train,train,x86,avaddon,unified_mendeley
e3f39c3866a3b619e9f2b0eaa346bd9dae42b3330be1392828bbfb3d3619cdac,avaddon__e3f39c3866a3b619e9f2b0eaa346bd9dae42b3330be1392828bbfb3d3619cdac,mendeley_ransomware,1,avaddon,train,train,x86,avaddon,unified_mendeley
f50ba2fd7e441ef2bffeb6355d33f367248097351d0fa42932c59c6dd26557b5,avaddon__f50ba2fd7e441ef2bffeb6355d33f367248097351d0fa42932c59c6dd26557b5,mendeley_ransomware,1,avaddon,train,train,x86,avaddon,unified_mendeley
fc42cbd5939fcb8b6851021497041c80acd81ce7a43b952ab7807d5a05d2ed97,avaddon__fc42cbd5939fcb8b6851021497041c80acd81ce7a43b952ab7807d5a05d2ed97,mendeley_ransomware,1,avaddon,train,train,x86,avaddon,unified_mendeley
fcdb893993c8b5e81fa9f73c40384a6c8cec4d9e5b06f8a2ec6ebb3d5a886db2,avaddon__fcdb893993c8b5e81fa9f73c40384a6c8cec4d9e5b06f8a2ec6ebb3d5a886db2,mendeley_ransomware,1,avaddon,train,train,x86,avaddon,unified_mendeley
002e70b8fde758f88adc506f3c71df1eb32ce1a2b5bec45f3e8e43dba923709f,avoslocker__002e70b8fde758f88adc506f3c71df1eb32ce1a2b5bec45f3e8e43dba923709f,mendeley_ransomware,1,avoslocker,test,test,x86,avoslocker,unified_mendeley
01792043e07a0db52664c5878b253531b293754dc6fd6a8426899c1a66ddd61f,avoslocker__01792043e07a0db52664c5878b253531b293754dc6fd6a8426899c1a66ddd61f,mendeley_ransomware,1,avoslocker,test,test,x86,avoslocker,unified_mendeley
05f6252ae8441e6198a97e7bbae93c03fff0850e082406d6d784274d5ae07122,avoslocker__05f6252ae8441e6198a97e7bbae93c03fff0850e082406d6d784274d5ae07122,mendeley_ransomware,1,avoslocker,test,test,x86,avoslocker,unified_mendeley
0b1f19ba8740b10ed017671aab023228756a6864fb008bf23f3c606189bdcd98,avoslocker__0b1f19ba8740b10ed017671aab023228756a6864fb008bf23f3c606189bdcd98,mendeley_ransomware,1,avoslocker,test,test,x86,avoslocker,unified_mendeley
0befaa4e0feb435459faba84b6952dd7ebfa77d74059a6f7d154d75491fd1c14,avoslocker__0befaa4e0feb435459faba84b6952dd7ebfa77d74059a6f7d154d75491fd1c14,mendeley_ransomware,1,avoslocker,test,test,x86,avoslocker,unified_mendeley
0c50b3543005814bebd996484e72eb53d57d369781f9b979f78d70733672278b,avoslocker__0c50b3543005814bebd996484e72eb53d57d369781f9b979f78d70733672278b,mendeley_ransomware,1,avoslocker,test,test,x86,avoslocker,unified_mendeley
0d094770db65ec637489116e1510ee787a48d6d130aad26ae40f7dbca6fe7182,avoslocker__0d094770db65ec637489116e1510ee787a48d6d130aad26ae40f7dbca6fe7182,mendeley_ransomware,1,avoslocker,test,test,x86,avoslocker,unified_mendeley
0f22ae8e435cfeb4e527199c9083e7093c79892656eff686d55909e8528493db,avoslocker__0f22ae8e435cfeb4e527199c9083e7093c79892656eff686d55909e8528493db,mendeley_ransomware,1,avoslocker,test,test,x86,avoslocker,unified_mendeley
123888ff76ffd20da224ef3afed3fd564c4f6fef6c2169bccdbb81a9d7cc9d0b,avoslocker__123888ff76ffd20da224ef3afed3fd564c4f6fef6c2169bccdbb81a9d7cc9d0b,mendeley_ransomware,1,avoslocker,test,test,x86,avoslocker,unified_mendeley
1b0433a15184ab1859a01b0092ccc9d56d9e5536fbf91493ba4b9e681165122a,avoslocker__1b0433a15184ab1859a01b0092ccc9d56d9e5536fbf91493ba4b9e681165122a,mendeley_ransomware,1,avoslocker,test,test,x86,avoslocker,unified_mendeley
1f102cc8bb6a14cc2bd9b9311acb66ed5a6035e8510ea34a328a7bc09d9a3a81,avoslocker__1f102cc8bb6a14cc2bd9b9311acb66ed5a6035e8510ea34a328a7bc09d9a3a81,mendeley_ransomware,1,avoslocker,test,test,x86,avoslocker,unified_mendeley
2736d807b3d6e2dc3bedbfcd1d460df0b5065b36258ea6dc820f565d82f5d0a7,avoslocker__2736d807b3d6e2dc3bedbfcd1d460df0b5065b36258ea6dc820f565d82f5d0a7,mendeley_ransomware,1,avoslocker,test,test,x86,avoslocker,unified_mendeley
27cd3e759ec4858adaea63050ad1fc22e4850c1e157d88c0943c2589fa39b5a4,avoslocker__27cd3e759ec4858adaea63050ad1fc22e4850c1e157d88c0943c2589fa39b5a4,mendeley_ransomware,1,avoslocker,test,test,x86,avoslocker,unified_mendeley
29910ea42c8e2abb22d5a88053e1725c93a104e61560a2f8d88716d619bcaa08,avoslocker__29910ea42c8e2abb22d5a88053e1725c93a104e61560a2f8d88716d619bcaa08,mendeley_ransomware,1,avoslocker,test,test,x86,avoslocker,unified_mendeley
31a6ddb891c3470c6d32ced24aaa5de84c77b24042a44c157d456e31c9325402,avoslocker__31a6ddb891c3470c6d32ced24aaa5de84c77b24042a44c157d456e31c9325402,mendeley_ransomware,1,avoslocker,test,test,x86,avoslocker,unified_mendeley
373a791f058539d72983e38ebe68e98132fcf996d04e9a181145f22a96689386,avoslocker__373a791f058539d72983e38ebe68e98132fcf996d04e9a181145f22a96689386,mendeley_ransomware,1,avoslocker,test,test,x86,avoslocker,unified_mendeley
380275cac2a1793403674bd8cb686b478f457d65c25e3d58a3a1f856f829723b,avoslocker__380275cac2a1793403674bd8cb686b478f457d65c25e3d58a3a1f856f829723b,mendeley_ransomware,1,avoslocker,test,test,x86,avoslocker,unified_mendeley
43b7a60c0ef8b4af001f45a0c57410b7374b1d75a6811e0dfc86e4d60f503856,avoslocker__43b7a60c0ef8b4af001f45a0c57410b7374b1d75a6811e0dfc86e4d60f503856,mendeley_ransomware,1,avoslocker,test,test,x86,avoslocker,unified_mendeley
452967e7a2a6102a50036faa6f348b57ca5c514992bf8f7e0416d2dd9b1ab13a,avoslocker__452967e7a2a6102a50036faa6f348b57ca5c514992bf8f7e0416d2dd9b1ab13a,mendeley_ransomware,1,avoslocker,test,test,x86,avoslocker,unified_mendeley
45b95b6ee5a726bf41b6a52020bb03cdf128e381998f317d8bd34deb4074cf62,avoslocker__45b95b6ee5a726bf41b6a52020bb03cdf128e381998f317d8bd34deb4074cf62,mendeley_ransomware,1,avoslocker,test,test,x86,avoslocker,unified_mendeley
5b7bed7349f6b1499b7eac111d7264101b13eeb9684830a4a93bab5f9d79d77e,avoslocker__5b7bed7349f6b1499b7eac111d7264101b13eeb9684830a4a93bab5f9d79d77e,mendeley_ransomware,1,avoslocker,test,test,x86,avoslocker,unified_mendeley
5d6e4bd7bd7239fab20e043fb292974497297af89759b1b0d48d7d006e5e96fa,avoslocker__5d6e4bd7bd7239fab20e043fb292974497297af89759b1b0d48d7d006e5e96fa,mendeley_ransomware,1,avoslocker,test,test,x86,avoslocker,unified_mendeley
5db3f3c20f7860682ea6d7ebbe3db042337aa18d874f26699213cef2a5764304,avoslocker__5db3f3c20f7860682ea6d7ebbe3db042337aa18d874f26699213cef2a5764304,mendeley_ransomware,1,avoslocker,test,test,x86,avoslocker,unified_mendeley
603b5241cb49ef17c2522b60600b15d9e1273ccbf4d39aec4d34e16297968955,avoslocker__603b5241cb49ef17c2522b60600b15d9e1273ccbf4d39aec4d34e16297968955,mendeley_ransomware,1,avoslocker,test,test,x86,avoslocker,unified_mendeley
62a8e739d111437b798d1b5f9286366c10cb48a1a7818519babc7f3a9bb5124e,avoslocker__62a8e739d111437b798d1b5f9286366c10cb48a1a7818519babc7f3a9bb5124e,mendeley_ransomware,1,avoslocker,test,test,x86,avoslocker,unified_mendeley
66de24f5e32ddf0b20d64701862f3c23071018cc0758e34f487cdf795a89b73b,avoslocker__66de24f5e32ddf0b20d64701862f3c23071018cc0758e34f487cdf795a89b73b,mendeley_ransomware,1,avoslocker,test,test,x86,avoslocker,unified_mendeley
6cc510a772d7718c95216eb56a84a96201241b264755f28875e685f06e95e1a2,avoslocker__6cc510a772d7718c95216eb56a84a96201241b264755f28875e685f06e95e1a2,mendeley_ransomware,1,avoslocker,test,test,x86,avoslocker,unified_mendeley
718810b8eeb682fc70df602d952c0c83e028c5a5bfa44c506756980caf2edebb,avoslocker__718810b8eeb682fc70df602d952c0c83e028c5a5bfa44c506756980caf2edebb,mendeley_ransomware,1,avoslocker,test,test,x86,avoslocker,unified_mendeley
7d1e470e36c68e1156a7828f8002254dcde68dc61f998ab5636c12ba63f472dd,avoslocker__7d1e470e36c68e1156a7828f8002254dcde68dc61f998ab5636c12ba63f472dd,mendeley_ransomware,1,avoslocker,test,test,x86,avoslocker,unified_mendeley
84d94c032543e8797a514323b0b8fd8bd69b4183f17351628b13d1464093af2d,avoslocker__84d94c032543e8797a514323b0b8fd8bd69b4183f17351628b13d1464093af2d,mendeley_ransomware,1,avoslocker,test,test,x86,avoslocker,unified_mendeley
85115951fe456441a3f6fccd09b9101b12255ac4e029c3b0c8be1ab450a4bc6c,avoslocker__85115951fe456441a3f6fccd09b9101b12255ac4e029c3b0c8be1ab450a4bc6c,mendeley_ransomware,1,avoslocker,test,test,x86,avoslocker,unified_mendeley
8ac411f4b10581c38be5c2767747ee0a9279eb4faf02d8e7842b8376e8f742bf,avoslocker__8ac411f4b10581c38be5c2767747ee0a9279eb4faf02d8e7842b8376e8f742bf,mendeley_ransomware,1,avoslocker,test,test,x86,avoslocker,unified_mendeley
93b11a9a72d51d4aa80c0791c19dcc49cc164ae98b67cdff619743766611e947,avoslocker__93b11a9a72d51d4aa80c0791c19dcc49cc164ae98b67cdff619743766611e947,mendeley_ransomware,1,avoslocker,test,test,x86,avoslocker,unified_mendeley
9a2c0204689a19d372560fb1da472e25c9747289178a81a8aa4e3622a63fe773,avoslocker__9a2c0204689a19d372560fb1da472e25c9747289178a81a8aa4e3622a63fe773,mendeley_ransomware,1,avoslocker,test,test,x86,avoslocker,unified_mendeley
9e4b3871a7ea10afc1ad09f93f9205b6aa1863a984c729ee764eac2215d322e6,avoslocker__9e4b3871a7ea10afc1ad09f93f9205b6aa1863a984c729ee764eac2215d322e6,mendeley_ransomware,1,avoslocker,test,test,x86,avoslocker,unified_mendeley
a1b504b8e34200d8029f6d75491d517e460162cb9df438257ee4ed85f61c18bc,avoslocker__a1b504b8e34200d8029f6d75491d517e460162cb9df438257ee4ed85f61c18bc,mendeley_ransomware,1,avoslocker,test,test,x86,avoslocker,unified_mendeley
b4c4e9aabd821e6a664fb320a043c133e4e3d0381342079a50e12ca017f489bc,avoslocker__b4c4e9aabd821e6a664fb320a043c133e4e3d0381342079a50e12ca017f489bc,mendeley_ransomware,1,avoslocker,test,test,x86,avoslocker,unified_mendeley
bff12a83b1fc2e0ad0000ad9b68abc8eada559bb1094caaf5b9f52887df23705,avoslocker__bff12a83b1fc2e0ad0000ad9b68abc8eada559bb1094caaf5b9f52887df23705,mendeley_ransomware,1,avoslocker,test,test,x86,avoslocker,unified_mendeley
c0a42741eef72991d9d0ee8b6c0531fc19151457a8b59bdcf7b6373d1fe56e02,avoslocker__c0a42741eef72991d9d0ee8b6c0531fc19151457a8b59bdcf7b6373d1fe56e02,mendeley_ransomware,1,avoslocker,test,test,x86,avoslocker,unified_mendeley
c65547704c20045f006d0653144101bbdf9dd5d2aa6b4db61b83f847704b10f6,avoslocker__c65547704c20045f006d0653144101bbdf9dd5d2aa6b4db61b83f847704b10f6,mendeley_ransomware,1,avoslocker,test,test,x86,avoslocker,unified_mendeley
c7307b1cfd6685c2b3a19a7239a40e8afa5432ffe039bb4b3caca8a70ad1eed6,avoslocker__c7307b1cfd6685c2b3a19a7239a40e8afa5432ffe039bb4b3caca8a70ad1eed6,mendeley_ransomware,1,avoslocker,test,test,x86,avoslocker,unified_mendeley
da6e60b4e39c6c556836a18a09a52cd83c47f9cf6dc9e3ad298cbcb925a62a96,avoslocker__da6e60b4e39c6c556836a18a09a52cd83c47f9cf6dc9e3ad298cbcb925a62a96,mendeley_ransomware,1,avoslocker,test,test,x86,avoslocker,unified_mendeley
e2a945032dc77a8a9d36b709438612aca5858eee52d7c0ad1e375f9e9e080305,avoslocker__e2a945032dc77a8a9d36b709438612aca5858eee52d7c0ad1e375f9e9e080305,mendeley_ransomware,1,avoslocker,test,test,x86,avoslocker,unified_mendeley
e62c0bdf69b88a5bd95872cbcf4da4de4eef226bc9ef0452ee652eeee519b15a,avoslocker__e62c0bdf69b88a5bd95872cbcf4da4de4eef226bc9ef0452ee652eeee519b15a,mendeley_ransomware,1,avoslocker,test,test,x86,avoslocker,unified_mendeley
ec955f589f25d0d28e55964a1aa79c27492026982994cd4ca1faf7e8a78db4bc,avoslocker__ec955f589f25d0d28e55964a1aa79c27492026982994cd4ca1faf7e8a78db4bc,mendeley_ransomware,1,avoslocker,test,test,x86,avoslocker,unified_mendeley
f250bca3637c0b189a19f0fca944008a48cf0cf9c037b288173b11ca2056a107,avoslocker__f250bca3637c0b189a19f0fca944008a48cf0cf9c037b288173b11ca2056a107,mendeley_ransomware,1,avoslocker,test,test,x86,avoslocker,unified_mendeley
f810deb1ba171cea5b595c6d3f816127fb182833f7a08a98de93226d4f6a336f,avoslocker__f810deb1ba171cea5b595c6d3f816127fb182833f7a08a98de93226d4f6a336f,mendeley_ransomware,1,avoslocker,test,test,x86,avoslocker,unified_mendeley
f8e99bbacc62b0f72aa12f5f92e35607fa0382a881fe4a4b9476fc6b87a03c78,avoslocker__f8e99bbacc62b0f72aa12f5f92e35607fa0382a881fe4a4b9476fc6b87a03c78,mendeley_ransomware,1,avoslocker,test,test,x86,avoslocker,unified_mendeley
fb544e1f74ce02937c3a3657be8d125d5953996115f65697b7d39e237020706f,avoslocker__fb544e1f74ce02937c3a3657be8d125d5953996115f65697b7d39e237020706f,mendeley_ransomware,1,avoslocker,test,test,x86,avoslocker,unified_mendeley
ffd933ad53f22a0f10cceb4986087258f72dffdd36999b7014c6b37c157ee45f,avoslocker__ffd933ad53f22a0f10cceb4986087258f72dffdd36999b7014c6b37c157ee45f,mendeley_ransomware,1,avoslocker,test,test,x86,avoslocker,unified_mendeley
0099963e7285aeafc09e4214a45a6a210253d514cbd0d4b0c3997647a0afe879,babuk__0099963e7285aeafc09e4214a45a6a210253d514cbd0d4b0c3997647a0afe879,mendeley_ransomware,1,babuk,train,train,x86,babuk,unified_mendeley
01c647838c374e91e8f9fe967fd25235d72264414bb0d5b82c4fbd4151a9717f,babuk__01c647838c374e91e8f9fe967fd25235d72264414bb0d5b82c4fbd4151a9717f,mendeley_ransomware,1,babuk,train,train,x86,babuk,unified_mendeley
028facff67136de55fe200177a190da625c8e1713b4e7d95bf5fc5412a5afffc,babuk__028facff67136de55fe200177a190da625c8e1713b4e7d95bf5fc5412a5afffc,mendeley_ransomware,1,babuk,train,train,x86,babuk,unified_mendeley
0294114d5f411b6c47eb255d4ed6865df99d1c5252f4f585aabf44e6cbacaa59,babuk__0294114d5f411b6c47eb255d4ed6865df99d1c5252f4f585aabf44e6cbacaa59,mendeley_ransomware,1,babuk,train,train,x86,babuk,unified_mendeley
03110baa5aad9d01610293f2b8cd21b44cc7efa0a465e677d6b3f92510a4b1d7,babuk__03110baa5aad9d01610293f2b8cd21b44cc7efa0a465e677d6b3f92510a4b1d7,mendeley_ransomware,1,babuk,train,train,x86,babuk,unified_mendeley
04126b30c1c2663cdf2b6386781aedbfce2ef418a0b01de510bd536903f577e3,babuk__04126b30c1c2663cdf2b6386781aedbfce2ef418a0b01de510bd536903f577e3,mendeley_ransomware,1,babuk,train,train,x86,babuk,unified_mendeley
049e53f72c8afa5ccb850429d55a00e2fbe799e68247fd13f5058146cf0f4cf8,babuk__049e53f72c8afa5ccb850429d55a00e2fbe799e68247fd13f5058146cf0f4cf8,mendeley_ransomware,1,babuk,train,train,x86,babuk,unified_mendeley
06d370217abec9468bc22c30ba3be72b8de1a7459f9e927656dcf2613a314bf6,babuk__06d370217abec9468bc22c30ba3be72b8de1a7459f9e927656dcf2613a314bf6,mendeley_ransomware,1,babuk,train,train,x86,babuk,unified_mendeley
105af5c40c65f51979308e022c25dd285db3cd20e9656caaba0e9b1fc253898b,babuk__105af5c40c65f51979308e022c25dd285db3cd20e9656caaba0e9b1fc253898b,mendeley_ransomware,1,babuk,train,train,x86,babuk,unified_mendeley
106118444e0a7405c13531f8cd70191f36356581d58789dfc5df3da7ba0f9223,babuk__106118444e0a7405c13531f8cd70191f36356581d58789dfc5df3da7ba0f9223,mendeley_ransomware,1,babuk,train,train,x86,babuk,unified_mendeley
18e299d4331ccff805275b21f33be0a3bd3d1d9ce72a79ba78d2f32dd657bfbb,babuk__18e299d4331ccff805275b21f33be0a3bd3d1d9ce72a79ba78d2f32dd657bfbb,mendeley_ransomware,1,babuk,train,train,x86,babuk,unified_mendeley
1b9412ca5e9deb29aeaa37be05ae8d0a8a636c12fdff8c17032aa017f6075c02,babuk__1b9412ca5e9deb29aeaa37be05ae8d0a8a636c12fdff8c17032aa017f6075c02,mendeley_ransomware,1,babuk,train,train,x86,babuk,unified_mendeley
1deb1efad2c469198aabbb618285e2229052273cf654ee5925c2540ded224402,babuk__1deb1efad2c469198aabbb618285e2229052273cf654ee5925c2540ded224402,mendeley_ransomware,1,babuk,train,train,x86,babuk,unified_mendeley
1e24560100d010c27cc19c59f9fe1531e4286ecb21fe53763165f30c5f58dc90,babuk__1e24560100d010c27cc19c59f9fe1531e4286ecb21fe53763165f30c5f58dc90,mendeley_ransomware,1,babuk,train,train,x86,babuk,unified_mendeley
1f2edda243404918b78aa6123aa1fc5b18dd9506e4042c7a1547b565334527e1,babuk__1f2edda243404918b78aa6123aa1fc5b18dd9506e4042c7a1547b565334527e1,mendeley_ransomware,1,babuk,train,train,x86,babuk,unified_mendeley
2138c8a34a1eff40ba3fc81b6e3b7564c6b695b140e82f3fcf23b2ec2bf291cf,babuk__2138c8a34a1eff40ba3fc81b6e3b7564c6b695b140e82f3fcf23b2ec2bf291cf,mendeley_ransomware,1,babuk,train,train,x86,babuk,unified_mendeley
245e191bfe998ad9ef2d6b169af22f3c290e9950234f8ddd0f4a03cb3eebf761,babuk__245e191bfe998ad9ef2d6b169af22f3c290e9950234f8ddd0f4a03cb3eebf761,mendeley_ransomware,1,babuk,train,train,x86,babuk,unified_mendeley
30fcff7add11ea6685a233c8ce1fc30abe67044630524a6eb363573a4a9f88b8,babuk__30fcff7add11ea6685a233c8ce1fc30abe67044630524a6eb363573a4a9f88b8,mendeley_ransomware,1,babuk,train,train,x86,babuk,unified_mendeley
36e4a3de5c4395d295bdf1d70a215d9669b626c58083ec2d8ab29513830faaa6,babuk__36e4a3de5c4395d295bdf1d70a215d9669b626c58083ec2d8ab29513830faaa6,mendeley_ransomware,1,babuk,train,train,x86,babuk,unified_mendeley
54c82ad27174fd6ed72793b1ccf9d26613eb572960e847a63538420c69d06c5b,babuk__54c82ad27174fd6ed72793b1ccf9d26613eb572960e847a63538420c69d06c5b,mendeley_ransomware,1,babuk,train,train,x86,babuk,unified_mendeley
575c7b60f3b1dfc3cdd42e868b88df19cef81a5577254a314dc7d1da0fd64cfb,babuk__575c7b60f3b1dfc3cdd42e868b88df19cef81a5577254a314dc7d1da0fd64cfb,mendeley_ransomware,1,babuk,train,train,x86,babuk,unified_mendeley
59ea8dda6806b4cbb1acd0bcf74be1e94b6a72da46e53de6ef9d611988163189,babuk__59ea8dda6806b4cbb1acd0bcf74be1e94b6a72da46e53de6ef9d611988163189,mendeley_ransomware,1,babuk,train,train,x86,babuk,unified_mendeley
6015d5535840e9ac9058c659f9ff661deb4838f2b93e74d2c0dcb126fae21322,babuk__6015d5535840e9ac9058c659f9ff661deb4838f2b93e74d2c0dcb126fae21322,mendeley_ransomware,1,babuk,train,train,x86,babuk,unified_mendeley
6103e26f6f9d5fd895d9c06e1f5e141ce74d8ebda999cda6a58a4393de5ed094,babuk__6103e26f6f9d5fd895d9c06e1f5e141ce74d8ebda999cda6a58a4393de5ed094,mendeley_ransomware,1,babuk,train,train,x86,babuk,unified_mendeley
678bfbf5d73d6cf38532e11b11dbed17668d94711e2e2ea27311dd46490201b7,babuk__678bfbf5d73d6cf38532e11b11dbed17668d94711e2e2ea27311dd46490201b7,mendeley_ransomware,1,babuk,train,train,x86,babuk,unified_mendeley
6d4ced2e85587e81d6a09b147ec7cccc054bc0fbb92afc39586de1b2bf57f812,babuk__6d4ced2e85587e81d6a09b147ec7cccc054bc0fbb92afc39586de1b2bf57f812,mendeley_ransomware,1,babuk,train,train,x86,babuk,unified_mendeley
71936bc3ee40c7ea678889d2ad5fa7eb39401752cd58988ce462f9d4048578ac,babuk__71936bc3ee40c7ea678889d2ad5fa7eb39401752cd58988ce462f9d4048578ac,mendeley_ransomware,1,babuk,train,train,x86,babuk,unified_mendeley
77c7839c7e8d4aaf52e33a2f29db8459381b5cc3b2700072305a8bae5e0762a9,babuk__77c7839c7e8d4aaf52e33a2f29db8459381b5cc3b2700072305a8bae5e0762a9,mendeley_ransomware,1,babuk,train,train,x86,babuk,unified_mendeley
8203c2f00ecd3ae960cb3247a7d7bfb35e55c38939607c85dbdb5c92f0495fa9,babuk__8203c2f00ecd3ae960cb3247a7d7bfb35e55c38939607c85dbdb5c92f0495fa9,mendeley_ransomware,1,babuk,train,train,x86,babuk,unified_mendeley
9a089790e04683ebf37d9746e0284322f59c46eef2a86cc231839482f323e871,babuk__9a089790e04683ebf37d9746e0284322f59c46eef2a86cc231839482f323e871,mendeley_ransomware,1,babuk,train,train,x86,babuk,unified_mendeley
9caa8e8a98ef7841c1b230c22f78b5c10aa9348a2bfd0dfe2670853b6d0ba92c,babuk__9caa8e8a98ef7841c1b230c22f78b5c10aa9348a2bfd0dfe2670853b6d0ba92c,mendeley_ransomware,1,babuk,train,train,x86,babuk,unified_mendeley
a2b5ebfc52a447cde255e1ec1ac8797ad49b156ed427df8c292d6aeb4dad5523,babuk__a2b5ebfc52a447cde255e1ec1ac8797ad49b156ed427df8c292d6aeb4dad5523,mendeley_ransomware,1,babuk,train,train,x86,babuk,unified_mendeley
a52267dc795a51404cbf2a7e8e7875929783bcc62abd6b7cfd1921c938cf2756,babuk__a52267dc795a51404cbf2a7e8e7875929783bcc62abd6b7cfd1921c938cf2756,mendeley_ransomware,1,babuk,train,train,x86,babuk,unified_mendeley
ab4eae618bb05b4fb4a8d3790a0d18a3e1566ab477519991cb161398803a8847,babuk__ab4eae618bb05b4fb4a8d3790a0d18a3e1566ab477519991cb161398803a8847,mendeley_ransomware,1,babuk,train,train,x86,babuk,unified_mendeley
ae6020a06d2a95cbe91b439f4433e87d198547dec629ab0900ccfe17e729cff1,babuk__ae6020a06d2a95cbe91b439f4433e87d198547dec629ab0900ccfe17e729cff1,mendeley_ransomware,1,babuk,train,train,x86,babuk,unified_mendeley
b4be6b8acda97f36c448365751d5c9a9e1b91f47cedfde79e1de258413c3de71,babuk__b4be6b8acda97f36c448365751d5c9a9e1b91f47cedfde79e1de258413c3de71,mendeley_ransomware,1,babuk,train,train,x86,babuk,unified_mendeley
bb31f235e86b0fda185e6580ef5327f80d6a6c754f78499e8647de5e229769cc,babuk__bb31f235e86b0fda185e6580ef5327f80d6a6c754f78499e8647de5e229769cc,mendeley_ransomware,1,babuk,train,train,x86,babuk,unified_mendeley
c4282e9040cdc1df92b722568a8b4c42ce9f6533fed0bd34b7fdbae264947784,babuk__c4282e9040cdc1df92b722568a8b4c42ce9f6533fed0bd34b7fdbae264947784,mendeley_ransomware,1,babuk,train,train,x86,babuk,unified_mendeley
ca0d9c8e8b2ed05fcf10178e1d194f5e484892dbe59ede4ae9549d27a5c8fd75,babuk__ca0d9c8e8b2ed05fcf10178e1d194f5e484892dbe59ede4ae9549d27a5c8fd75,mendeley_ransomware,1,babuk,train,train,x86,babuk,unified_mendeley
ea95f131bd9b49104d9e7ae83335254549ded9d71d557c6e4746740aecca2c85,babuk__ea95f131bd9b49104d9e7ae83335254549ded9d71d557c6e4746740aecca2c85,mendeley_ransomware,1,babuk,train,train,x86,babuk,unified_mendeley
eec8782eacf1c447a8ddbfe795842958ff68511ddbb5025255151f2b98fe8f78,babuk__eec8782eacf1c447a8ddbfe795842958ff68511ddbb5025255151f2b98fe8f78,mendeley_ransomware,1,babuk,train,train,x86,babuk,unified_mendeley
f1719415abe4dcba0daef0a1e5c8994d1d3c0c659d3e0a11b34f307370dd8683,babuk__f1719415abe4dcba0daef0a1e5c8994d1d3c0c659d3e0a11b34f307370dd8683,mendeley_ransomware,1,babuk,train,train,x86,babuk,unified_mendeley
1fd07b8d1728e416f897bef4f1471126f9b18ef108eb952f4b75050da22e8e43,bianlian__1fd07b8d1728e416f897bef4f1471126f9b18ef108eb952f4b75050da22e8e43,mendeley_ransomware,1,bianlian,test,test,x64,bianlian,unified_mendeley
20bab94e6d9c8ed4832ce3b58f9150b16f9e5f40ffdcb747e10366cab5a30352,bianlian__20bab94e6d9c8ed4832ce3b58f9150b16f9e5f40ffdcb747e10366cab5a30352,mendeley_ransomware,1,bianlian,test,test,x64,bianlian,unified_mendeley
3a2f6e614ff030804aa18cb03fcc3bc357f6226786efb4a734cbe2a3a1984b6f,bianlian__3a2f6e614ff030804aa18cb03fcc3bc357f6226786efb4a734cbe2a3a1984b6f,mendeley_ransomware,1,bianlian,test,test,x64,bianlian,unified_mendeley
46d340eaf6b78207e24b6011422f1a5b4a566e493d72365c6a1cace11c36b28b,bianlian__46d340eaf6b78207e24b6011422f1a5b4a566e493d72365c6a1cace11c36b28b,mendeley_ransomware,1,bianlian,test,test,x64,bianlian,unified_mendeley
50c86fb27bed1962903a5f9d155544e3fdb859ae19e967a10f0bf3a60bb8954f,bianlian__50c86fb27bed1962903a5f9d155544e3fdb859ae19e967a10f0bf3a60bb8954f,mendeley_ransomware,1,bianlian,test,test,x64,bianlian,unified_mendeley
c0fe7bfb0d1ffeb61fb9cafeeab79ffd1660ff3637798e315ff15d802a3c974e,bianlian__c0fe7bfb0d1ffeb61fb9cafeeab79ffd1660ff3637798e315ff15d802a3c974e,mendeley_ransomware,1,bianlian,test,test,x64,bianlian,unified_mendeley
cd17afd9115b2d83e948a1bcabf508f42d0fe7edb56cc62f5cc467c938e45033,bianlian__cd17afd9115b2d83e948a1bcabf508f42d0fe7edb56cc62f5cc467c938e45033,mendeley_ransomware,1,bianlian,test,test,x64,bianlian,unified_mendeley
d602562ba7273695df9248a8590b510ccd49fefb97f5c75d485895abba13418d,bianlian__d602562ba7273695df9248a8590b510ccd49fefb97f5c75d485895abba13418d,mendeley_ransomware,1,bianlian,test,test,x64,bianlian,unified_mendeley
da7a959ae7ea237bb6cd913119a35baa43a68e375f892857f6d77eaa62aabbaf,bianlian__da7a959ae7ea237bb6cd913119a35baa43a68e375f892857f6d77eaa62aabbaf,mendeley_ransomware,1,bianlian,test,test,x64,bianlian,unified_mendeley
eaf5e26c5e73f3db82cd07ea45e4d244ccb3ec3397ab5263a1a74add7bbcb6e2,bianlian__eaf5e26c5e73f3db82cd07ea45e4d244ccb3ec3397ab5263a1a74add7bbcb6e2,mendeley_ransomware,1,bianlian,test,test,x64,bianlian,unified_mendeley
f7a3a8734c004682201b8873691d684985329be3fcdba965f268103a086ebaad,bianlian__f7a3a8734c004682201b8873691d684985329be3fcdba965f268103a086ebaad,mendeley_ransomware,1,bianlian,test,test,x64,bianlian,unified_mendeley
03309c90e6c60a2e3cd44374efa3003ae10cd9e05ba6a39c77aa5289b32cb969,blackbasta__03309c90e6c60a2e3cd44374efa3003ae10cd9e05ba6a39c77aa5289b32cb969,mendeley_ransomware,1,blackbasta,test,test,x64,blackbasta,unified_mendeley
15560b1e35a3a8612a7ba91d00dea6b8dd6e4f3f857399c22c0c75377c9b31a2,blackbasta__15560b1e35a3a8612a7ba91d00dea6b8dd6e4f3f857399c22c0c75377c9b31a2,mendeley_ransomware,1,blackbasta,test,test,x86,blackbasta,unified_mendeley
15abbff9fbce7f5782c1654775938dcd2ce0a8ebd683a008547f8a4e421888c4,blackbasta__15abbff9fbce7f5782c1654775938dcd2ce0a8ebd683a008547f8a4e421888c4,mendeley_ransomware,1,blackbasta,test,test,x86,blackbasta,unified_mendeley
17205c43189c22dfcb278f5cc45c2562f622b0b6280dcd43cc1d3c274095eb90,blackbasta__17205c43189c22dfcb278f5cc45c2562f622b0b6280dcd43cc1d3c274095eb90,mendeley_ransomware,1,blackbasta,test,test,x86,blackbasta,unified_mendeley
1bb7e645d4ff753157bbdd78829276356cb6660a767ab7158fc7dec3fe8b0e2f,blackbasta__1bb7e645d4ff753157bbdd78829276356cb6660a767ab7158fc7dec3fe8b0e2f,mendeley_ransomware,1,blackbasta,test,test,x86,blackbasta,unified_mendeley
203d2807df6ef531efbec7bfd109986de3e23df64c01ea4e337cbe5ba675248b,blackbasta__203d2807df6ef531efbec7bfd109986de3e23df64c01ea4e337cbe5ba675248b,mendeley_ransomware,1,blackbasta,test,test,x86,blackbasta,unified_mendeley
2327018dab0e3beaed2123bcb5392405ab1e502dfa72a5a32c2c164346bb9bc6,blackbasta__2327018dab0e3beaed2123bcb5392405ab1e502dfa72a5a32c2c164346bb9bc6,mendeley_ransomware,1,blackbasta,test,test,x86,blackbasta,unified_mendeley
350ba7fca67721c74385faff083914ecdd66ef107a765dfb7ac08b38d5c9c0bd,blackbasta__350ba7fca67721c74385faff083914ecdd66ef107a765dfb7ac08b38d5c9c0bd,mendeley_ransomware,1,blackbasta,test,test,x86,blackbasta,unified_mendeley
48976d7bf38cca4e952507e9ab27e3874ca01092eed53d0fde89c5966e9533bb,blackbasta__48976d7bf38cca4e952507e9ab27e3874ca01092eed53d0fde89c5966e9533bb,mendeley_ransomware,1,blackbasta,test,test,x86,blackbasta,unified_mendeley
5b6c3d277711d9f847be59b16fd08390fc07d3b27c7c6804e2170f456e9f1173,blackbasta__5b6c3d277711d9f847be59b16fd08390fc07d3b27c7c6804e2170f456e9f1173,mendeley_ransomware,1,blackbasta,test,test,x86,blackbasta,unified_mendeley
5d2204f3a20e163120f52a2e3595db19890050b2faa96c6cba6b094b0a52b0aa,blackbasta__5d2204f3a20e163120f52a2e3595db19890050b2faa96c6cba6b094b0a52b0aa,mendeley_ransomware,1,blackbasta,test,test,x86,blackbasta,unified_mendeley
653da5127b0ecbc5c373ce510c0d5191f61f2df912c9b6f4989aa3775933bc33,blackbasta__653da5127b0ecbc5c373ce510c0d5191f61f2df912c9b6f4989aa3775933bc33,mendeley_ransomware,1,blackbasta,test,test,x86,blackbasta,unified_mendeley
699aaea1598a034cde7ed88cd8a8a36fd59447e09bddef566357061774c48a76,blackbasta__699aaea1598a034cde7ed88cd8a8a36fd59447e09bddef566357061774c48a76,mendeley_ransomware,1,blackbasta,test,test,x86,blackbasta,unified_mendeley
7883f01096db9bcf090c2317749b6873036c27ba92451b212b8645770e1f0b8a,blackbasta__7883f01096db9bcf090c2317749b6873036c27ba92451b212b8645770e1f0b8a,mendeley_ransomware,1,blackbasta,test,test,x86,blackbasta,unified_mendeley
81515e1c72fadae2c4bb15883e0c1d8979b49fd52d8c65ca03e05a75ca6683c9,blackbasta__81515e1c72fadae2c4bb15883e0c1d8979b49fd52d8c65ca03e05a75ca6683c9,mendeley_ransomware,1,blackbasta,test,test,x86,blackbasta,unified_mendeley
856b5dc509c17f5be68186b6a8ab272fc0dd12000c978548d8488ee997b015e5,blackbasta__856b5dc509c17f5be68186b6a8ab272fc0dd12000c978548d8488ee997b015e5,mendeley_ransomware,1,blackbasta,test,test,x86,blackbasta,unified_mendeley
9a55f55886285eef7ffabdd55c0232d1458175b1d868c03d3e304ce7d98980bc,blackbasta__9a55f55886285eef7ffabdd55c0232d1458175b1d868c03d3e304ce7d98980bc,mendeley_ransomware,1,blackbasta,test,test,x86,blackbasta,unified_mendeley
9b57d94b33cd712bf409e0128f26a75d2d9746ef65012ce6cd72caf47650d2a6,blackbasta__9b57d94b33cd712bf409e0128f26a75d2d9746ef65012ce6cd72caf47650d2a6,mendeley_ransomware,1,blackbasta,test,test,x86,blackbasta,unified_mendeley
9bbe6414ce22cb5e19f294004cb5cdbc883479d99629ddcdb5b70e9806306e42,blackbasta__9bbe6414ce22cb5e19f294004cb5cdbc883479d99629ddcdb5b70e9806306e42,mendeley_ransomware,1,blackbasta,test,test,x86,blackbasta,unified_mendeley
9fce9ee85516533bae34fc1184a7cf31fa9f2c7889b13774f83d1df561708833,blackbasta__9fce9ee85516533bae34fc1184a7cf31fa9f2c7889b13774f83d1df561708833,mendeley_ransomware,1,blackbasta,test,test,x86,blackbasta,unified_mendeley
a083060d38984e7c6f36dcd2c57ec1aa3f50f9c201c8538257c8cbf2b3217e96,blackbasta__a083060d38984e7c6f36dcd2c57ec1aa3f50f9c201c8538257c8cbf2b3217e96,mendeley_ransomware,1,blackbasta,test,test,x64,blackbasta,unified_mendeley
ae7c868713e1d02b4db60128c651eb1e3f6a33c02544cc4cb57c3aa6c6581b6e,blackbasta__ae7c868713e1d02b4db60128c651eb1e3f6a33c02544cc4cb57c3aa6c6581b6e,mendeley_ransomware,1,blackbasta,test,test,x86,blackbasta,unified_mendeley
affcb453760dbc48b39f8d4defbcc4fc65d00df6fae395ee27f031c1833abada,blackbasta__affcb453760dbc48b39f8d4defbcc4fc65d00df6fae395ee27f031c1833abada,mendeley_ransomware,1,blackbasta,test,test,x86,blackbasta,unified_mendeley
c4c8be0c939e4c24e11bad90549e3951b7969e78056d819425ca53e87af8d8ed,blackbasta__c4c8be0c939e4c24e11bad90549e3951b7969e78056d819425ca53e87af8d8ed,mendeley_ransomware,1,blackbasta,test,test,x86,blackbasta,unified_mendeley
c532d28f9700abba1a4803c3a9d886c8c4fb26f84cf2399c533d68cfdcec4fa7,blackbasta__c532d28f9700abba1a4803c3a9d886c8c4fb26f84cf2399c533d68cfdcec4fa7,mendeley_ransomware,1,blackbasta,test,test,x86,blackbasta,unified_mendeley
cce74c82a718be7484abf7c51011793f2717cfb2068c92aa35416a93cbd13cfa,blackbasta__cce74c82a718be7484abf7c51011793f2717cfb2068c92aa35416a93cbd13cfa,mendeley_ransomware,1,blackbasta,test,test,x86,blackbasta,unified_mendeley
d943a4aabd76582218fd1a9a0a77b2f6a6715b198f9994f0feae6f249b40fdf9,blackbasta__d943a4aabd76582218fd1a9a0a77b2f6a6715b198f9994f0feae6f249b40fdf9,mendeley_ransomware,1,blackbasta,test,test,x86,blackbasta,unified_mendeley
df21822582a5519efcd7347e4faa365aafa6feaf2892c7f2f2bf1abeac104e2d,blackbasta__df21822582a5519efcd7347e4faa365aafa6feaf2892c7f2f2bf1abeac104e2d,mendeley_ransomware,1,blackbasta,test,test,x86,blackbasta,unified_mendeley
e28188e516db1bda9015c30de59a2e91996b67c2e2b44989a6b0f562577fd757,blackbasta__e28188e516db1bda9015c30de59a2e91996b67c2e2b44989a6b0f562577fd757,mendeley_ransomware,1,blackbasta,test,test,x86,blackbasta,unified_mendeley
e9fefd053b8c77c7db13d528b97d2b974dfd86775a8cc9c53b8efdb07db8842c,blackbasta__e9fefd053b8c77c7db13d528b97d2b974dfd86775a8cc9c53b8efdb07db8842c,mendeley_ransomware,1,blackbasta,test,test,x64,blackbasta,unified_mendeley
0b102d8ac22224747d38c9fbf2c91579abae050357f0a1d01fac1ec1315ad291,blackbyte__0b102d8ac22224747d38c9fbf2c91579abae050357f0a1d01fac1ec1315ad291,mendeley_ransomware,1,blackbyte,test,test,x64,blackbyte,unified_mendeley
13581edc2d33951db376e3a5f5f1fb89fee309450cc2248ebbd3b5560b9c3081,blackbyte__13581edc2d33951db376e3a5f5f1fb89fee309450cc2248ebbd3b5560b9c3081,mendeley_ransomware,1,blackbyte,test,test,x64,blackbyte,unified_mendeley
44a5e78fce5455579123af23665262b10165ac710a9f7538b764af76d7771550,blackbyte__44a5e78fce5455579123af23665262b10165ac710a9f7538b764af76d7771550,mendeley_ransomware,1,blackbyte,test,test,x64,blackbyte,unified_mendeley
6f36a4a1364cfb063a0463d9e1287248700ccf1e0d8e280e034b02cf3db3c442,blackbyte__6f36a4a1364cfb063a0463d9e1287248700ccf1e0d8e280e034b02cf3db3c442,mendeley_ransomware,1,blackbyte,test,test,x64,blackbyte,unified_mendeley
70e861184ba4bf7b1f5aa549b15b0207519f9b7ecd4ecdeaf99af832f88285a5,blackbyte__70e861184ba4bf7b1f5aa549b15b0207519f9b7ecd4ecdeaf99af832f88285a5,mendeley_ransomware,1,blackbyte,test,test,x64,blackbyte,unified_mendeley
8450ca5ae10e3f959eede67d21621f80fd0b0ff913a5468aef4304d5f99a77fc,blackbyte__8450ca5ae10e3f959eede67d21621f80fd0b0ff913a5468aef4304d5f99a77fc,mendeley_ransomware,1,blackbyte,test,test,x64,blackbyte,unified_mendeley
938a0841b643da4d0e04848b04b7f735c64e05ce45b5118618c6af685d651f08,blackbyte__938a0841b643da4d0e04848b04b7f735c64e05ce45b5118618c6af685d651f08,mendeley_ransomware,1,blackbyte,test,test,x64,blackbyte,unified_mendeley
1048a41107f4d9a68c1f5fc0b99ac75dc198047f18bb6e50f3d462f262b8f6cd,blackcat__1048a41107f4d9a68c1f5fc0b99ac75dc198047f18bb6e50f3d462f262b8f6cd,mendeley_ransomware,1,blackcat,test,test,x86,blackcat,unified_mendeley
12138a12e35563461860d8c39d80e7cbf80aced9a3f197bf7e6a452a70e07048,blackcat__12138a12e35563461860d8c39d80e7cbf80aced9a3f197bf7e6a452a70e07048,mendeley_ransomware,1,blackcat,test,test,x86,blackcat,unified_mendeley
13828b390d5f58b002e808c2c4f02fdd920e236cc8015480fa33b6c1a9300e31,blackcat__13828b390d5f58b002e808c2c4f02fdd920e236cc8015480fa33b6c1a9300e31,mendeley_ransomware,1,blackcat,test,test,x86,blackcat,unified_mendeley
15b57c1b68cd6ce3c161042e0f3be9f32d78151fe95461eedc59a79fc222c7ed,blackcat__15b57c1b68cd6ce3c161042e0f3be9f32d78151fe95461eedc59a79fc222c7ed,mendeley_ransomware,1,blackcat,test,test,x86,blackcat,unified_mendeley
1e8696116c400742d13d6dfcad676badee68eac4a42a0693556f5dcfa82d0a46,blackcat__1e8696116c400742d13d6dfcad676badee68eac4a42a0693556f5dcfa82d0a46,mendeley_ransomware,1,blackcat,test,test,x86,blackcat,unified_mendeley
214ea9347df948e515af3f0ed446722e36f011e8cd34a221eb6e506269b955f3,blackcat__214ea9347df948e515af3f0ed446722e36f011e8cd34a221eb6e506269b955f3,mendeley_ransomware,1,blackcat,test,test,x86,blackcat,unified_mendeley
25364fb9f14a97437eb079e0778f724f3817faa7d23de316b2eca11bdae1e343,blackcat__25364fb9f14a97437eb079e0778f724f3817faa7d23de316b2eca11bdae1e343,mendeley_ransomware,1,blackcat,test,test,x86,blackcat,unified_mendeley
32304c278117353bd112132323055e113b62182d1efcc83abec1e736cf8da9e1,blackcat__32304c278117353bd112132323055e113b62182d1efcc83abec1e736cf8da9e1,mendeley_ransomware,1,blackcat,test,test,x86,blackcat,unified_mendeley
3850817e83a1cf4195920110bb2995a0386fdaeacbf81e13f52bdb3d124911f5,blackcat__3850817e83a1cf4195920110bb2995a0386fdaeacbf81e13f52bdb3d124911f5,mendeley_ransomware,1,blackcat,test,test,x86,blackcat,unified_mendeley
3a96c3075b8494fe6a76c6325946ab3f200e75ce26ad886446ea1394b5ac6ba1,blackcat__3a96c3075b8494fe6a76c6325946ab3f200e75ce26ad886446ea1394b5ac6ba1,mendeley_ransomware,1,blackcat,test,test,x86,blackcat,unified_mendeley
3b18241ac1018db1c2fb5c9e8306490bcafb373c852f1c5ebae65c672632a620,blackcat__3b18241ac1018db1c2fb5c9e8306490bcafb373c852f1c5ebae65c672632a620,mendeley_ransomware,1,blackcat,test,test,x86,blackcat,unified_mendeley
3c8ad2dae0b1bb536925b4e8d5a87e77c6134371eada2c7628358d6c6d3083dc,blackcat__3c8ad2dae0b1bb536925b4e8d5a87e77c6134371eada2c7628358d6c6d3083dc,mendeley_ransomware,1,blackcat,test,test,x86,blackcat,unified_mendeley
3de2a56cc13e85bc214d583dbd101857a129b796dae0c499fb5045a1508231ef,blackcat__3de2a56cc13e85bc214d583dbd101857a129b796dae0c499fb5045a1508231ef,mendeley_ransomware,1,blackcat,test,test,x86,blackcat,unified_mendeley
3ed830b0803b63aca0a82661475c863801afd2e2b03c2675b05019d55f25a1f4,blackcat__3ed830b0803b63aca0a82661475c863801afd2e2b03c2675b05019d55f25a1f4,mendeley_ransomware,1,blackcat,test,test,x86,blackcat,unified_mendeley
4fea41b61b2bd700fc6613c18c05aeb4df37bcbe777868081b0ed1076ee7aacb,blackcat__4fea41b61b2bd700fc6613c18c05aeb4df37bcbe777868081b0ed1076ee7aacb,mendeley_ransomware,1,blackcat,test,test,x86,blackcat,unified_mendeley
59868f4b346bd401e067380cac69080709c86e06fae219bfb5bc17605a71ab3f,blackcat__59868f4b346bd401e067380cac69080709c86e06fae219bfb5bc17605a71ab3f,mendeley_ransomware,1,blackcat,test,test,x86,blackcat,unified_mendeley
5a604a8f0e72f3bf7901b7b67f881031a402ab8072269c00233a554df548f54d,blackcat__5a604a8f0e72f3bf7901b7b67f881031a402ab8072269c00233a554df548f54d,mendeley_ransomware,1,blackcat,test,test,x86,blackcat,unified_mendeley
655abd0b5067ec53b25ea387c9aebe0fbafd5209e53bc7447c7d7425cb76b175,blackcat__655abd0b5067ec53b25ea387c9aebe0fbafd5209e53bc7447c7d7425cb76b175,mendeley_ransomware,1,blackcat,test,test,x86,blackcat,unified_mendeley
6660d0e87a142ab1bde4521d9c6f5e148490b05a57c71122e28280b35452e896,blackcat__6660d0e87a142ab1bde4521d9c6f5e148490b05a57c71122e28280b35452e896,mendeley_ransomware,1,blackcat,test,test,x86,blackcat,unified_mendeley
67d1f4077e929385cfd869bf279892bf10a2c8f0af4119e4bc15a2add9461fec,blackcat__67d1f4077e929385cfd869bf279892bf10a2c8f0af4119e4bc15a2add9461fec,mendeley_ransomware,1,blackcat,test,test,x86,blackcat,unified_mendeley
6dd995d896a9a593b2c48d09da60bd83866d8577273f36d38788d83ad8173e68,blackcat__6dd995d896a9a593b2c48d09da60bd83866d8577273f36d38788d83ad8173e68,mendeley_ransomware,1,blackcat,test,test,x86,blackcat,unified_mendeley
731adcf2d7fb61a8335e23dbee2436249e5d5753977ec465754c6b699e9bf161,blackcat__731adcf2d7fb61a8335e23dbee2436249e5d5753977ec465754c6b699e9bf161,mendeley_ransomware,1,blackcat,test,test,x86,blackcat,unified_mendeley
74abc075fc1d5c8985c952afc25a48ba874e76f96af4dc33414e84db9e10b9ee,blackcat__74abc075fc1d5c8985c952afc25a48ba874e76f96af4dc33414e84db9e10b9ee,mendeley_ransomware,1,blackcat,test,test,x86,blackcat,unified_mendeley
79802d6a6be8433720857d2b53b46f8011ec734a237aae1c3c1fea50ff683c13,blackcat__79802d6a6be8433720857d2b53b46f8011ec734a237aae1c3c1fea50ff683c13,mendeley_ransomware,1,blackcat,test,test,x86,blackcat,unified_mendeley
7b2449bb8be1b37a9d580c2592a67a759a3116fe640041d0f36dc93ca3db4487,blackcat__7b2449bb8be1b37a9d580c2592a67a759a3116fe640041d0f36dc93ca3db4487,mendeley_ransomware,1,blackcat,test,test,x86,blackcat,unified_mendeley
7bb383b31d1b415bc067e612203cc6bda53e914f7ca5291299e92f59d47cabf8,blackcat__7bb383b31d1b415bc067e612203cc6bda53e914f7ca5291299e92f59d47cabf8,mendeley_ransomware,1,blackcat,test,test,x86,blackcat,unified_mendeley
82479ba19531a5b3f108f21f939190de2073395a708bb4446d6acc398518b802,blackcat__82479ba19531a5b3f108f21f939190de2073395a708bb4446d6acc398518b802,mendeley_ransomware,1,blackcat,test,test,x86,blackcat,unified_mendeley
87a14583b72250a660b74f1e475a268f95285820d72fbd5115f1b8c6ec787a9a,blackcat__87a14583b72250a660b74f1e475a268f95285820d72fbd5115f1b8c6ec787a9a,mendeley_ransomware,1,blackcat,test,test,x86,blackcat,unified_mendeley
8a22a91c931ac80ca91cf91fef678c4bee00e3eb5ad24f209bc8595e012ba5b0,blackcat__8a22a91c931ac80ca91cf91fef678c4bee00e3eb5ad24f209bc8595e012ba5b0,mendeley_ransomware,1,blackcat,test,test,x86,blackcat,unified_mendeley
942946c6ae139b1f1efc91262f91034542eb75b80c3c66c10d69dda014d706d6,blackcat__942946c6ae139b1f1efc91262f91034542eb75b80c3c66c10d69dda014d706d6,mendeley_ransomware,1,blackcat,test,test,x86,blackcat,unified_mendeley
94e56379b7a31b01cf826076a74fc4ddb7f86f7991a6f58300f28712d484aa33,blackcat__94e56379b7a31b01cf826076a74fc4ddb7f86f7991a6f58300f28712d484aa33,mendeley_ransomware,1,blackcat,test,test,x86,blackcat,unified_mendeley
99d09068ac1b9d6db4f8bcff698ffff8e112a506c0f01afff460c5a3b1393ef8,blackcat__99d09068ac1b9d6db4f8bcff698ffff8e112a506c0f01afff460c5a3b1393ef8,mendeley_ransomware,1,blackcat,test,test,x86,blackcat,unified_mendeley
9f6876762614e407d0ee6005f165dd4bbd12cb21986abc4a3a5c7dc6271fcdc3,blackcat__9f6876762614e407d0ee6005f165dd4bbd12cb21986abc4a3a5c7dc6271fcdc3,mendeley_ransomware,1,blackcat,test,test,x86,blackcat,unified_mendeley
9fb1067dd3edf3d517517e9c191f3f07067bf30aa034a36ebf6543d83cea5ec1,blackcat__9fb1067dd3edf3d517517e9c191f3f07067bf30aa034a36ebf6543d83cea5ec1,mendeley_ransomware,1,blackcat,test,test,x86,blackcat,unified_mendeley
a15f278540238f0308608e76a76c01c60e04f5e5bbe9ffce5455f2e965574a12,blackcat__a15f278540238f0308608e76a76c01c60e04f5e5bbe9ffce5455f2e965574a12,mendeley_ransomware,1,blackcat,test,test,x86,blackcat,unified_mendeley
acf8884a4bfb9ebfe99ed607c4f1cf625cd705ac4317c092ef6dcca3d47027aa,blackcat__acf8884a4bfb9ebfe99ed607c4f1cf625cd705ac4317c092ef6dcca3d47027aa,mendeley_ransomware,1,blackcat,test,test,x86,blackcat,unified_mendeley
bacedbb23254934b736a9daf6de52620c9250a49686d519ceaf0a8d25da0a97f,blackcat__bacedbb23254934b736a9daf6de52620c9250a49686d519ceaf0a8d25da0a97f,mendeley_ransomware,1,blackcat,test,test,x86,blackcat,unified_mendeley
bb6b249336cd7001b1c55d3724b5e35a150e752ed795c36e0d5dcba00eedb62a,blackcat__bb6b249336cd7001b1c55d3724b5e35a150e752ed795c36e0d5dcba00eedb62a,mendeley_ransomware,1,blackcat,test,test,x86,blackcat,unified_mendeley
bd337d4e83ab1c2cacb43e4569f977d188f1bb7c7a077026304bf186d49d4117,blackcat__bd337d4e83ab1c2cacb43e4569f977d188f1bb7c7a077026304bf186d49d4117,mendeley_ransomware,1,blackcat,test,test,x86,blackcat,unified_mendeley
bd4e603e953d8c7803f3c7d72cd7197d996ab80ce80b9da96a4df7d10969bb55,blackcat__bd4e603e953d8c7803f3c7d72cd7197d996ab80ce80b9da96a4df7d10969bb55,mendeley_ransomware,1,blackcat,test,test,x86,blackcat,unified_mendeley
c124dc2c4f82b3258f1538656de8cbd2c5133137cad2d6c7b874de8232763d95,blackcat__c124dc2c4f82b3258f1538656de8cbd2c5133137cad2d6c7b874de8232763d95,mendeley_ransomware,1,blackcat,test,test,x86,blackcat,unified_mendeley
c50bca08a8e80850ec18d258ff937b7b72a500d9027c730c86b05aa73c938b5d,blackcat__c50bca08a8e80850ec18d258ff937b7b72a500d9027c730c86b05aa73c938b5d,mendeley_ransomware,1,blackcat,test,test,x86,blackcat,unified_mendeley
cefea76dfdbb48cfe1a3db2c8df34e898e29bec9b2c13e79ef40655c637833ae,blackcat__cefea76dfdbb48cfe1a3db2c8df34e898e29bec9b2c13e79ef40655c637833ae,mendeley_ransomware,1,blackcat,test,test,x86,blackcat,unified_mendeley
d0e0923cf7f97c86b6cde608bc7a0332d03881e598de7b8e41c114d1576e4534,blackcat__d0e0923cf7f97c86b6cde608bc7a0332d03881e598de7b8e41c114d1576e4534,mendeley_ransomware,1,blackcat,test,test,x86,blackcat,unified_mendeley
d3fd49f8f42fa571209af568a65119433e114bb66da21eda12b96a16b5ebfe21,blackcat__d3fd49f8f42fa571209af568a65119433e114bb66da21eda12b96a16b5ebfe21,mendeley_ransomware,1,blackcat,test,test,x86,blackcat,unified_mendeley
d767524e1bbb8d50129485ffa667eb1d379c745c30d4588672636998c20f857f,blackcat__d767524e1bbb8d50129485ffa667eb1d379c745c30d4588672636998c20f857f,mendeley_ransomware,1,blackcat,test,test,x86,blackcat,unified_mendeley
e55cc3426298f9f848849304d10b9222925eb19caebaebaa44dfb85ad2346062,blackcat__e55cc3426298f9f848849304d10b9222925eb19caebaebaa44dfb85ad2346062,mendeley_ransomware,1,blackcat,test,test,x86,blackcat,unified_mendeley
e88795f5be1970400521e0041c4603c62ff681f24ac75f926d524d092eecb6ee,blackcat__e88795f5be1970400521e0041c4603c62ff681f24ac75f926d524d092eecb6ee,mendeley_ransomware,1,blackcat,test,test,x86,blackcat,unified_mendeley
f2b3f1ed693021b20f456a058b86b08abfc4876c7a3ae18aea6e95567fd55b2e,blackcat__f2b3f1ed693021b20f456a058b86b08abfc4876c7a3ae18aea6e95567fd55b2e,mendeley_ransomware,1,blackcat,test,test,x86,blackcat,unified_mendeley
f837f1cd60e9941aa60f7be50a8f2aaaac380f560db8ee001408f35c1b7a97cb,blackcat__f837f1cd60e9941aa60f7be50a8f2aaaac380f560db8ee001408f35c1b7a97cb,mendeley_ransomware,1,blackcat,test,test,x86,blackcat,unified_mendeley
0751c422962dcd500d7cf2cf8bf544ddf5b2fe3465df7dd9b9998f6bba5e08a4,blackmatter__0751c422962dcd500d7cf2cf8bf544ddf5b2fe3465df7dd9b9998f6bba5e08a4,mendeley_ransomware,1,blackmatter,train,train,x86,blackmatter,unified_mendeley
14a3e308c90183b3785b6c26ec40d29405361cd8dec204a62235733401bf5f5c,blackmatter__14a3e308c90183b3785b6c26ec40d29405361cd8dec204a62235733401bf5f5c,mendeley_ransomware,1,blackmatter,train,train,x86,blackmatter,unified_mendeley
1c63a4fdee1528429886a0de5e89eaa540a058bf27cd378b8d139e045a2f7849,blackmatter__1c63a4fdee1528429886a0de5e89eaa540a058bf27cd378b8d139e045a2f7849,mendeley_ransomware,1,blackmatter,train,train,x86,blackmatter,unified_mendeley
1eea3cbd729d4493c0c0a84efe6840abf1760efe221dc971d32ca5017b5c19c2,blackmatter__1eea3cbd729d4493c0c0a84efe6840abf1760efe221dc971d32ca5017b5c19c2,mendeley_ransomware,1,blackmatter,train,train,x86,blackmatter,unified_mendeley
20742987e6f743814b25e214f8b2cd43111e2f60a8856a6cca87cafd85422f41,blackmatter__20742987e6f743814b25e214f8b2cd43111e2f60a8856a6cca87cafd85422f41,mendeley_ransomware,1,blackmatter,train,train,x86,blackmatter,unified_mendeley
22d7d67c3af10b1a37f277ebabe2d1eb4fd25afbd6437d4377400e148bcc08d6,blackmatter__22d7d67c3af10b1a37f277ebabe2d1eb4fd25afbd6437d4377400e148bcc08d6,mendeley_ransomware,1,blackmatter,train,train,x86,blackmatter,unified_mendeley
2466fca0e29b06c78ffa8a44193fb58c30e6bec4e54bbef8e6622349b95cce4c,blackmatter__2466fca0e29b06c78ffa8a44193fb58c30e6bec4e54bbef8e6622349b95cce4c,mendeley_ransomware,1,blackmatter,train,train,x86,blackmatter,unified_mendeley
25f95280b390eda74f9fd28f31bf57af0daf37bd48575e40d8b0ea9dccd37831,blackmatter__25f95280b390eda74f9fd28f31bf57af0daf37bd48575e40d8b0ea9dccd37831,mendeley_ransomware,1,blackmatter,train,train,x86,blackmatter,unified_mendeley
26a7146fbed74a17e9f2f18145063de07cc103ce53c75c8d79bbc5560235c345,blackmatter__26a7146fbed74a17e9f2f18145063de07cc103ce53c75c8d79bbc5560235c345,mendeley_ransomware,1,blackmatter,train,train,x86,blackmatter,unified_mendeley
2aad85dbd4c79bd21c6218892552d5c9fb216293a251559ba59d45d56a01437c,blackmatter__2aad85dbd4c79bd21c6218892552d5c9fb216293a251559ba59d45d56a01437c,mendeley_ransomware,1,blackmatter,train,train,x86,blackmatter,unified_mendeley
2c323453e959257c7aa86dc180bb3aaaa5c5ec06fa4e72b632d9e4b817052009,blackmatter__2c323453e959257c7aa86dc180bb3aaaa5c5ec06fa4e72b632d9e4b817052009,mendeley_ransomware,1,blackmatter,train,train,x86,blackmatter,unified_mendeley
2cdb5edf3039863c30818ca34d9240cb0068ad33128895500721bcdca70c78fd,blackmatter__2cdb5edf3039863c30818ca34d9240cb0068ad33128895500721bcdca70c78fd,mendeley_ransomware,1,blackmatter,train,train,x86,blackmatter,unified_mendeley
2e50eb85f6e271001e69c5733af95c34728893145766066c5ff8708dcc0e43b2,blackmatter__2e50eb85f6e271001e69c5733af95c34728893145766066c5ff8708dcc0e43b2,mendeley_ransomware,1,blackmatter,train,train,x86,blackmatter,unified_mendeley
3893fbe4c6db1b0a22c65ad81a3c3930f1943edb9660218c50b4c04bc36d4a15,blackmatter__3893fbe4c6db1b0a22c65ad81a3c3930f1943edb9660218c50b4c04bc36d4a15,mendeley_ransomware,1,blackmatter,train,train,x86,blackmatter,unified_mendeley
3a4bd5288b89aa26fbe39353b93c1205efa671be4f96e50beae0965f45fdcc40,blackmatter__3a4bd5288b89aa26fbe39353b93c1205efa671be4f96e50beae0965f45fdcc40,mendeley_ransomware,1,blackmatter,train,train,x86,blackmatter,unified_mendeley
45ecce9dfec886e2b092a996f6affb9e7417d6121e58b0ec643be7e36a03106d,blackmatter__45ecce9dfec886e2b092a996f6affb9e7417d6121e58b0ec643be7e36a03106d,mendeley_ransomware,1,blackmatter,train,train,x86,blackmatter,unified_mendeley
4be85e2083b64838fb66b92195a250228a721cdb5ae91817ea97b37aa53f4a2b,blackmatter__4be85e2083b64838fb66b92195a250228a721cdb5ae91817ea97b37aa53f4a2b,mendeley_ransomware,1,blackmatter,train,train,x86,blackmatter,unified_mendeley
520bd9ed608c668810971dbd51184c6a29819674280b018dc4027bc38fc42e57,blackmatter__520bd9ed608c668810971dbd51184c6a29819674280b018dc4027bc38fc42e57,mendeley_ransomware,1,blackmatter,train,train,x86,blackmatter,unified_mendeley
53c704934228ec0660e50422b5ee340332f0df491aa50c6367ed343edb5ed16a,blackmatter__53c704934228ec0660e50422b5ee340332f0df491aa50c6367ed343edb5ed16a,mendeley_ransomware,1,blackmatter,train,train,x86,blackmatter,unified_mendeley
5da8d2e1b36be0d661d276ea6523760dbe3fa4f3fdb7e32b144812ce50c483fa,blackmatter__5da8d2e1b36be0d661d276ea6523760dbe3fa4f3fdb7e32b144812ce50c483fa,mendeley_ransomware,1,blackmatter,train,train,x86,blackmatter,unified_mendeley
66e6563ecef8f33b1b283a63404a2029550af9a6574b84e0fb3f2c6a8f42e89f,blackmatter__66e6563ecef8f33b1b283a63404a2029550af9a6574b84e0fb3f2c6a8f42e89f,mendeley_ransomware,1,blackmatter,train,train,x86,blackmatter,unified_mendeley
67d8a3a6816aaf8e187d75a11d733c65191202487c5295eed403510c45b2b478,blackmatter__67d8a3a6816aaf8e187d75a11d733c65191202487c5295eed403510c45b2b478,mendeley_ransomware,1,blackmatter,train,train,x86,blackmatter,unified_mendeley
6d4712df42ad0982041ef0e2e109ab5718b43830f2966bd9207a7fac3af883db,blackmatter__6d4712df42ad0982041ef0e2e109ab5718b43830f2966bd9207a7fac3af883db,mendeley_ransomware,1,blackmatter,train,train,x86,blackmatter,unified_mendeley
6ee278e62994b9340a2f1584a1c156ffa378075ebf134b1e06d5e3e426a01f75,blackmatter__6ee278e62994b9340a2f1584a1c156ffa378075ebf134b1e06d5e3e426a01f75,mendeley_ransomware,1,blackmatter,train,train,x86,blackmatter,unified_mendeley
706f3eec328e91ff7f66c8f0a2fb9b556325c153a329a2062dc85879c540839d,blackmatter__706f3eec328e91ff7f66c8f0a2fb9b556325c153a329a2062dc85879c540839d,mendeley_ransomware,1,blackmatter,train,train,x86,blackmatter,unified_mendeley
730f2d6243055c786d737bae0665267b962c64f57132e9ab401d6e7625c3d0a4,blackmatter__730f2d6243055c786d737bae0665267b962c64f57132e9ab401d6e7625c3d0a4,mendeley_ransomware,1,blackmatter,train,train,x86,blackmatter,unified_mendeley
7f6dd0ca03f04b64024e86a72a6d7cfab6abccc2173b85896fc4b431990a5984,blackmatter__7f6dd0ca03f04b64024e86a72a6d7cfab6abccc2173b85896fc4b431990a5984,mendeley_ransomware,1,blackmatter,train,train,x86,blackmatter,unified_mendeley
84af3f15701d259f3729d83beb15ca738028432c261353d1f9242469d791714f,blackmatter__84af3f15701d259f3729d83beb15ca738028432c261353d1f9242469d791714f,mendeley_ransomware,1,blackmatter,train,train,x86,blackmatter,unified_mendeley
8e41970c748b56f4ab656e9e51295d9bf53c40da2ae0a1b099459d732716f739,blackmatter__8e41970c748b56f4ab656e9e51295d9bf53c40da2ae0a1b099459d732716f739,mendeley_ransomware,1,blackmatter,train,train,x86,blackmatter,unified_mendeley
8eada5114fbbc73b7d648b38623fc206367c94c0e76cb3b395a33ea8859d2952,blackmatter__8eada5114fbbc73b7d648b38623fc206367c94c0e76cb3b395a33ea8859d2952,mendeley_ransomware,1,blackmatter,train,train,x86,blackmatter,unified_mendeley
8f1b0affffb2f2f58b477515d1ce54f4daa40a761d828041603d5536c2d53539,blackmatter__8f1b0affffb2f2f58b477515d1ce54f4daa40a761d828041603d5536c2d53539,mendeley_ransomware,1,blackmatter,train,train,x86,blackmatter,unified_mendeley
9bae897c19f237c22b6bdc024df27455e739be24bed07ef0d409f2df87eeda58,blackmatter__9bae897c19f237c22b6bdc024df27455e739be24bed07ef0d409f2df87eeda58,mendeley_ransomware,1,blackmatter,train,train,x86,blackmatter,unified_mendeley
9bd4aaf4c7a7cde7757d7083acba1936909a37709b78f702d5997f18edc2c0c6,blackmatter__9bd4aaf4c7a7cde7757d7083acba1936909a37709b78f702d5997f18edc2c0c6,mendeley_ransomware,1,blackmatter,train,train,x86,blackmatter,unified_mendeley
9cf9441554ac727f9d191ad9de1dc101867ffe5264699cafcf2734a4b89d5d6a,blackmatter__9cf9441554ac727f9d191ad9de1dc101867ffe5264699cafcf2734a4b89d5d6a,mendeley_ransomware,1,blackmatter,train,train,x86,blackmatter,unified_mendeley
a6903580ab0f4f6e41778b8d20c663b56436ae1dda08a241f3ac22ad329870fb,blackmatter__a6903580ab0f4f6e41778b8d20c663b56436ae1dda08a241f3ac22ad329870fb,mendeley_ransomware,1,blackmatter,train,train,x86,blackmatter,unified_mendeley
b824bbc645f15e213b4cb2628f7d383e9e37282059b03f6fe60f7c84ea1fed1f,blackmatter__b824bbc645f15e213b4cb2628f7d383e9e37282059b03f6fe60f7c84ea1fed1f,mendeley_ransomware,1,blackmatter,train,train,x86,blackmatter,unified_mendeley
bd0a7378cd96701edafc0a8ddd7b2a9904552be29804750bff47b3e08e23319f,blackmatter__bd0a7378cd96701edafc0a8ddd7b2a9904552be29804750bff47b3e08e23319f,mendeley_ransomware,1,blackmatter,train,train,x86,blackmatter,unified_mendeley
c6e2ef30a86baa670590bd21acf5b91822117e0cbe6060060bc5fe0182dace99,blackmatter__c6e2ef30a86baa670590bd21acf5b91822117e0cbe6060060bc5fe0182dace99,mendeley_ransomware,1,blackmatter,train,train,x86,blackmatter,unified_mendeley
ccee26ea662c87a6c3171b091044282849cc8d46d4b9b9da6cf429b8114c4239,blackmatter__ccee26ea662c87a6c3171b091044282849cc8d46d4b9b9da6cf429b8114c4239,mendeley_ransomware,1,blackmatter,train,train,x86,blackmatter,unified_mendeley
d4647619fa2dc8fef5560d1662cbee6eb7dc95298dd40edf12dd4c8ee902d767,blackmatter__d4647619fa2dc8fef5560d1662cbee6eb7dc95298dd40edf12dd4c8ee902d767,mendeley_ransomware,1,blackmatter,train,train,x86,blackmatter,unified_mendeley
daed41395ba663bef2c52e3d1723ac46253a9008b582bb8d9da9cb0044991720,blackmatter__daed41395ba663bef2c52e3d1723ac46253a9008b582bb8d9da9cb0044991720,mendeley_ransomware,1,blackmatter,train,train,x86,blackmatter,unified_mendeley
e4fd947a781611c85ea2e5afa51b186de7f351026c28eb067ad70028acd72cda,blackmatter__e4fd947a781611c85ea2e5afa51b186de7f351026c28eb067ad70028acd72cda,mendeley_ransomware,1,blackmatter,train,train,x86,blackmatter,unified_mendeley
fe2b2beeff98cae90f58a5b2f01dab31eaa98d274757a7dd9f70f4dc8432a6e2,blackmatter__fe2b2beeff98cae90f58a5b2f01dab31eaa98d274757a7dd9f70f4dc8432a6e2,mendeley_ransomware,1,blackmatter,train,train,x86,blackmatter,unified_mendeley
06ad123df8f3fcc6ca4785c0b52fc57e6e54f44e403fca2fdbd339580d3c53b0,bluesky__06ad123df8f3fcc6ca4785c0b52fc57e6e54f44e403fca2fdbd339580d3c53b0,mendeley_ransomware,1,bluesky,test,test,x86,bluesky,unified_mendeley
11ae63b3a7caac549374aaa3c7fea9cba7f23ae83118745fee0a4157f61156f2,bluesky__11ae63b3a7caac549374aaa3c7fea9cba7f23ae83118745fee0a4157f61156f2,mendeley_ransomware,1,bluesky,test,test,x86,bluesky,unified_mendeley
11e409f8b0799cd64c53d40ff10cbc639a1f85cd5ba6544fe42689a96302cc2e,bluesky__11e409f8b0799cd64c53d40ff10cbc639a1f85cd5ba6544fe42689a96302cc2e,mendeley_ransomware,1,bluesky,test,test,x86,bluesky,unified_mendeley
18329783ad51783d679aec6111ca171eb1176f8fa866949a5267009c14605aa6,bluesky__18329783ad51783d679aec6111ca171eb1176f8fa866949a5267009c14605aa6,mendeley_ransomware,1,bluesky,test,test,x86,bluesky,unified_mendeley
1b44b3e401f26547ee820bc0fe90904c55ec59d74e4385fe5bdd1826738fa9e6,bluesky__1b44b3e401f26547ee820bc0fe90904c55ec59d74e4385fe5bdd1826738fa9e6,mendeley_ransomware,1,bluesky,test,test,x86,bluesky,unified_mendeley
2176a3cdf5db56f5dcab475f362d459d4b2b3dafc3c146caaf3100009d0c8a5f,bluesky__2176a3cdf5db56f5dcab475f362d459d4b2b3dafc3c146caaf3100009d0c8a5f,mendeley_ransomware,1,bluesky,test,test,x86,bluesky,unified_mendeley
2280898cb29faf1785e782596d8029cb471537ec38352e5c17cc263f1f52b8ef,bluesky__2280898cb29faf1785e782596d8029cb471537ec38352e5c17cc263f1f52b8ef,mendeley_ransomware,1,bluesky,test,test,x86,bluesky,unified_mendeley
22a020af0e4be83dea45c0700d065d9ae64630748c02b58397f6c6d91c3efb0d,bluesky__22a020af0e4be83dea45c0700d065d9ae64630748c02b58397f6c6d91c3efb0d,mendeley_ransomware,1,bluesky,test,test,x86,bluesky,unified_mendeley
2ee6dfbfb2afd7442c9f2212eb142876698851c3ffb552ee420c0281e35a836e,bluesky__2ee6dfbfb2afd7442c9f2212eb142876698851c3ffb552ee420c0281e35a836e,mendeley_ransomware,1,bluesky,test,test,x86,bluesky,unified_mendeley
311dc38f619f40f06bee5157119ab4b93684924f53e4ff2da34412f9dac111a4,bluesky__311dc38f619f40f06bee5157119ab4b93684924f53e4ff2da34412f9dac111a4,mendeley_ransomware,1,bluesky,test,test,x86,bluesky,unified_mendeley
376fdb43699c90fd6cca2706c14827791137b3a753c7368a202de63f588fdb2f,bluesky__376fdb43699c90fd6cca2706c14827791137b3a753c7368a202de63f588fdb2f,mendeley_ransomware,1,bluesky,test,test,x86,bluesky,unified_mendeley
38478119e3344e735cf60442e7528db63046a543a5f422db8f946b2c2693d19a,bluesky__38478119e3344e735cf60442e7528db63046a543a5f422db8f946b2c2693d19a,mendeley_ransomware,1,bluesky,test,test,x86,bluesky,unified_mendeley
3e035f2d7d30869ce53171ef5a0f761bfb9c14d94d9fe6da385e20b8d96dc2fb,bluesky__3e035f2d7d30869ce53171ef5a0f761bfb9c14d94d9fe6da385e20b8d96dc2fb,mendeley_ransomware,1,bluesky,test,test,x86,bluesky,unified_mendeley
47971a5a44f487f341d482fdcb91271a2aea4d3eee7191c69568690d2fe9f251,bluesky__47971a5a44f487f341d482fdcb91271a2aea4d3eee7191c69568690d2fe9f251,mendeley_ransomware,1,bluesky,test,test,x86,bluesky,unified_mendeley
4c752131e47710d47dd0084a22ac03cd5924eb617e97cf895159ae03d86f561e,bluesky__4c752131e47710d47dd0084a22ac03cd5924eb617e97cf895159ae03d86f561e,mendeley_ransomware,1,bluesky,test,test,x86,bluesky,unified_mendeley
4fd0c22d92f8bf7a062497867a802bdbab4c802ac10c8b529fe7f896e7517492,bluesky__4fd0c22d92f8bf7a062497867a802bdbab4c802ac10c8b529fe7f896e7517492,mendeley_ransomware,1,bluesky,test,test,x86,bluesky,unified_mendeley
6e1057e52d296655f932b8a9da7302b31379ce5b9ba4cc32ed3af4c15c7adcf0,bluesky__6e1057e52d296655f932b8a9da7302b31379ce5b9ba4cc32ed3af4c15c7adcf0,mendeley_ransomware,1,bluesky,test,test,x86,bluesky,unified_mendeley
840af927adbfdeb7070e1cf73ed195cf48c8d5f35b6de12f58b73898d7056d3d,bluesky__840af927adbfdeb7070e1cf73ed195cf48c8d5f35b6de12f58b73898d7056d3d,mendeley_ransomware,1,bluesky,test,test,x86,bluesky,unified_mendeley
8dfd7ee796dd98daefbc1458a34f0460ebd8508df319d44ab48f4cbc579a7f09,bluesky__8dfd7ee796dd98daefbc1458a34f0460ebd8508df319d44ab48f4cbc579a7f09,mendeley_ransomware,1,bluesky,test,test,x86,bluesky,unified_mendeley
905de085d2a9ebf553e3325eb9c878b9855f85c10f77e80c46519056658d6bab,bluesky__905de085d2a9ebf553e3325eb9c878b9855f85c10f77e80c46519056658d6bab,mendeley_ransomware,1,bluesky,test,test,x86,bluesky,unified_mendeley
91795d3e8925e647444eb383e52cdc5046db10fa320afc817fab29b085e7d76f,bluesky__91795d3e8925e647444eb383e52cdc5046db10fa320afc817fab29b085e7d76f,mendeley_ransomware,1,bluesky,test,test,x86,bluesky,unified_mendeley
94733075d7ccdc9d770f71200e11f84c00b8a529182b504fb997e9b331470f9a,bluesky__94733075d7ccdc9d770f71200e11f84c00b8a529182b504fb997e9b331470f9a,mendeley_ransomware,1,bluesky,test,test,x86,bluesky,unified_mendeley
99828018b3af892707985f6a3f8c3d34ae1d1575fdefd7a05f1e6861181ec1b2,bluesky__99828018b3af892707985f6a3f8c3d34ae1d1575fdefd7a05f1e6861181ec1b2,mendeley_ransomware,1,bluesky,test,test,x86,bluesky,unified_mendeley
9e302bb7d1031c0b2a4ad6ec955e7d2c0ab9c0d18d56132029c4c6198b91384f,bluesky__9e302bb7d1031c0b2a4ad6ec955e7d2c0ab9c0d18d56132029c4c6198b91384f,mendeley_ransomware,1,bluesky,test,test,x86,bluesky,unified_mendeley
afccc93c4122d7e63543fc342a4ba9319c4969797c0c3ed32b944b07c83aea16,bluesky__afccc93c4122d7e63543fc342a4ba9319c4969797c0c3ed32b944b07c83aea16,mendeley_ransomware,1,bluesky,test,test,x86,bluesky,unified_mendeley
b39fcf37d9019cc92127ee82c03df5e37aa8238cd76cc6eca2e3d1e7e977fc26,bluesky__b39fcf37d9019cc92127ee82c03df5e37aa8238cd76cc6eca2e3d1e7e977fc26,mendeley_ransomware,1,bluesky,test,test,x86,bluesky,unified_mendeley
b5b105751a2bf965a6b78eeff100fe4c75282ad6f37f98b9adcd15d8c64283ec,bluesky__b5b105751a2bf965a6b78eeff100fe4c75282ad6f37f98b9adcd15d8c64283ec,mendeley_ransomware,1,bluesky,test,test,x86,bluesky,unified_mendeley
baaa0e49398ef681ef71e84a7a86dd2b78f36ac83785e0d9a061067ebaf8b006,bluesky__baaa0e49398ef681ef71e84a7a86dd2b78f36ac83785e0d9a061067ebaf8b006,mendeley_ransomware,1,bluesky,test,test,x86,bluesky,unified_mendeley
c0514cd580275b54f5b1d69086c9f415e7afb805479bfea50251e82dc2e60e12,bluesky__c0514cd580275b54f5b1d69086c9f415e7afb805479bfea50251e82dc2e60e12,mendeley_ransomware,1,bluesky,test,test,x86,bluesky,unified_mendeley
c75748dc544629a8a5d08c0d8ba7fda3508a3efdaed905ad800ffddbc8d3b8df,bluesky__c75748dc544629a8a5d08c0d8ba7fda3508a3efdaed905ad800ffddbc8d3b8df,mendeley_ransomware,1,bluesky,test,test,x86,bluesky,unified_mendeley
d401be3ec0699cfdc1a16a9243ebc25181385e428122b0b1a283b7a8d47dd0bc,bluesky__d401be3ec0699cfdc1a16a9243ebc25181385e428122b0b1a283b7a8d47dd0bc,mendeley_ransomware,1,bluesky,test,test,x86,bluesky,unified_mendeley
d4f4069b1c40a5b27ba0bc15c09dceb7035d054a022bb5d558850edfba0b9534,bluesky__d4f4069b1c40a5b27ba0bc15c09dceb7035d054a022bb5d558850edfba0b9534,mendeley_ransomware,1,bluesky,test,test,x86,bluesky,unified_mendeley
d6386b2747335f7b0d13b1f69d995944ad8e9b71e09b036dbc0b907e583d857a,bluesky__d6386b2747335f7b0d13b1f69d995944ad8e9b71e09b036dbc0b907e583d857a,mendeley_ransomware,1,bluesky,test,test,x86,bluesky,unified_mendeley
e75717be1633b5e3602827dc3b5788ff691dd325b0eddd2d0d9ddcee29de364f,bluesky__e75717be1633b5e3602827dc3b5788ff691dd325b0eddd2d0d9ddcee29de364f,mendeley_ransomware,1,bluesky,test,test,x86,bluesky,unified_mendeley
00e815ade8f3ad89a7726da8edd168df13f96ccb6c3daaf995aa9428bfb9ecf1,clop__00e815ade8f3ad89a7726da8edd168df13f96ccb6c3daaf995aa9428bfb9ecf1,mendeley_ransomware,1,clop,test,test,x86,clop,unified_mendeley
04e97922edd766b69fecf42370b52f81fe9efd7927e16eb8374042f565430365,clop__04e97922edd766b69fecf42370b52f81fe9efd7927e16eb8374042f565430365,mendeley_ransomware,1,clop,test,test,x86,clop,unified_mendeley
0778c67835cce4819fecc56c1059c791c0cf023a3a2c4db0ac696d1c3966f9e2,clop__0778c67835cce4819fecc56c1059c791c0cf023a3a2c4db0ac696d1c3966f9e2,mendeley_ransomware,1,clop,test,test,x86,clop,unified_mendeley
07d7a103b08ef363d8b8c3c8ce320c8256d45db08c26d440a9a4ca74d7b46e62,clop__07d7a103b08ef363d8b8c3c8ce320c8256d45db08c26d440a9a4ca74d7b46e62,mendeley_ransomware,1,clop,test,test,x86,clop,unified_mendeley
09ab880f3021ac2d05e09bebd567ddf5f6f7cfb396573efd819a056931f3b391,clop__09ab880f3021ac2d05e09bebd567ddf5f6f7cfb396573efd819a056931f3b391,mendeley_ransomware,1,clop,test,test,x86,clop,unified_mendeley
0d19f60423cb2128555e831dc340152f9588c99f3e47d64f0bb4206a6213d579,clop__0d19f60423cb2128555e831dc340152f9588c99f3e47d64f0bb4206a6213d579,mendeley_ransomware,1,clop,test,test,x86,clop,unified_mendeley
0e3fd4f37b395b9177ccec786f339dd2dc3a539f69b49ac41e55ca21ead7fe73,clop__0e3fd4f37b395b9177ccec786f339dd2dc3a539f69b49ac41e55ca21ead7fe73,mendeley_ransomware,1,clop,test,test,x86,clop,unified_mendeley
111773fea3e49a77d35abfbeffc2b33fd4b0527d36a643f34be123850ae51fb9,clop__111773fea3e49a77d35abfbeffc2b33fd4b0527d36a643f34be123850ae51fb9,mendeley_ransomware,1,clop,test,test,x86,clop,unified_mendeley
128f74421cf96f74d721c1ba4c65b5ca262b3bdd9f96a90090ae4b2f092bc60f,clop__128f74421cf96f74d721c1ba4c65b5ca262b3bdd9f96a90090ae4b2f092bc60f,mendeley_ransomware,1,clop,test,test,x86,clop,unified_mendeley
15f9ed36d9efc6e570b4f506791ce2c6a849853e2f6d587f30fb12d39dba2649,clop__15f9ed36d9efc6e570b4f506791ce2c6a849853e2f6d587f30fb12d39dba2649,mendeley_ransomware,1,clop,test,test,x86,clop,unified_mendeley
1e5a161314bc521356f821200004f9af454ac027e34e25d2961320956be0791b,clop__1e5a161314bc521356f821200004f9af454ac027e34e25d2961320956be0791b,mendeley_ransomware,1,clop,test,test,x86,clop,unified_mendeley
220c50ccf6a9d9727e9f442df42469f027d9f7a2ea833319971746280023bb0c,clop__220c50ccf6a9d9727e9f442df42469f027d9f7a2ea833319971746280023bb0c,mendeley_ransomware,1,clop,test,test,x86,clop,unified_mendeley
2f29950640d024779134334cad79e2013871afa08c7be94356694db12ee437e2,clop__2f29950640d024779134334cad79e2013871afa08c7be94356694db12ee437e2,mendeley_ransomware,1,clop,test,test,x86,clop,unified_mendeley
3320f11728458d01eef62e10e48897ec1c2277c1fe1aa2d471a16b4dccfc1207,clop__3320f11728458d01eef62e10e48897ec1c2277c1fe1aa2d471a16b4dccfc1207,mendeley_ransomware,1,clop,test,test,x86,clop,unified_mendeley
389e03b1a1fd1c527d48df74d3c26a0483a5b105f36841193172f1ee80e62c1b,clop__389e03b1a1fd1c527d48df74d3c26a0483a5b105f36841193172f1ee80e62c1b,mendeley_ransomware,1,clop,test,test,x86,clop,unified_mendeley
3d94c4a92382c5c45062d8ea0517be4011be8ba42e9c9a614a99327d0ebdf05b,clop__3d94c4a92382c5c45062d8ea0517be4011be8ba42e9c9a614a99327d0ebdf05b,mendeley_ransomware,1,clop,test,test,x86,clop,unified_mendeley
428988730867a648960bc25c6b0f73431e9beb028331dfa7b5f5760a5042c12d,clop__428988730867a648960bc25c6b0f73431e9beb028331dfa7b5f5760a5042c12d,mendeley_ransomware,1,clop,test,test,x86,clop,unified_mendeley
43e633a9a26287e9be7a4788d750258d64612e7b625ab5a3f0a9128469e99c2d,clop__43e633a9a26287e9be7a4788d750258d64612e7b625ab5a3f0a9128469e99c2d,mendeley_ransomware,1,clop,test,test,x86,clop,unified_mendeley
46cd508b7e77bb2c1d47f7fef0042a13c516f8163f9373ef9dfac180131c65ed,clop__46cd508b7e77bb2c1d47f7fef0042a13c516f8163f9373ef9dfac180131c65ed,mendeley_ransomware,1,clop,test,test,x86,clop,unified_mendeley
4b13034d10c60ae0b507b1c21c52fbc3ec75e827225a86e629ecea5fdfffe609,clop__4b13034d10c60ae0b507b1c21c52fbc3ec75e827225a86e629ecea5fdfffe609,mendeley_ransomware,1,clop,test,test,x86,clop,unified_mendeley
4d8374ad8f1dd3885358fa779f04e5890906de40d084a1aeb4afc1decb116289,clop__4d8374ad8f1dd3885358fa779f04e5890906de40d084a1aeb4afc1decb116289,mendeley_ransomware,1,clop,test,test,x86,clop,unified_mendeley
589152e247730d8bbcb546bb43cc79ad72c0098fd76a1c95224e9b8f5f6b9d15,clop__589152e247730d8bbcb546bb43cc79ad72c0098fd76a1c95224e9b8f5f6b9d15,mendeley_ransomware,1,clop,test,test,x86,clop,unified_mendeley
64de5359969b2dc8d3aa4d5fd43409defda2c5794a4e89ca7da9396cf4edf279,clop__64de5359969b2dc8d3aa4d5fd43409defda2c5794a4e89ca7da9396cf4edf279,mendeley_ransomware,1,clop,test,test,x86,clop,unified_mendeley
6b3a6afb6edc1c9d36e0793f00be3c0cf6626db26b3cfd31d6a18793453303a7,clop__6b3a6afb6edc1c9d36e0793f00be3c0cf6626db26b3cfd31d6a18793453303a7,mendeley_ransomware,1,clop,test,test,x86,clop,unified_mendeley
8209162e0985c360c59c568f2f33de74364f0c5f1e984e5785c64825e8ad9fd0,clop__8209162e0985c360c59c568f2f33de74364f0c5f1e984e5785c64825e8ad9fd0,mendeley_ransomware,1,clop,test,test,x86,clop,unified_mendeley
85b71784734705f6119cdb59b1122ce721895662a6d98bb01e82de7a4f37a188,clop__85b71784734705f6119cdb59b1122ce721895662a6d98bb01e82de7a4f37a188,mendeley_ransomware,1,clop,test,test,x86,clop,unified_mendeley
8681d4d20676c19ad62400f47f66146f82b30941937ebf85c1f207257c05cea5,clop__8681d4d20676c19ad62400f47f66146f82b30941937ebf85c1f207257c05cea5,mendeley_ransomware,1,clop,test,test,x86,clop,unified_mendeley
876202dfc6af9577162ab4ad567e93681d0b1ebde5eacf45c4254a2385f23060,clop__876202dfc6af9577162ab4ad567e93681d0b1ebde5eacf45c4254a2385f23060,mendeley_ransomware,1,clop,test,test,x86,clop,unified_mendeley
8a2dfaffc9420e209f132cdd3aedda4bbc4c18e02c47687006f67c13a36f1dc6,clop__8a2dfaffc9420e209f132cdd3aedda4bbc4c18e02c47687006f67c13a36f1dc6,mendeley_ransomware,1,clop,test,test,x86,clop,unified_mendeley
8fb307c24f655cc773d692f1354c4c6e265e5e275f66372e460ca61952e38618,clop__8fb307c24f655cc773d692f1354c4c6e265e5e275f66372e460ca61952e38618,mendeley_ransomware,1,clop,test,test,x86,clop,unified_mendeley
9322ac5c62ad267bedcbfb7e6736377495a00923531fa244c3a2cc98a990c125,clop__9322ac5c62ad267bedcbfb7e6736377495a00923531fa244c3a2cc98a990c125,mendeley_ransomware,1,clop,test,test,x86,clop,unified_mendeley
968307a367471e25bef58b0d4687ab4fdf34539bbfb603b5b19ae99d4d0c0340,clop__968307a367471e25bef58b0d4687ab4fdf34539bbfb603b5b19ae99d4d0c0340,mendeley_ransomware,1,clop,test,test,x86,clop,unified_mendeley
9ff6a067f5f97ce0dd05fc338699875a4e736477bc933b97d24a1416f9fd7644,clop__9ff6a067f5f97ce0dd05fc338699875a4e736477bc933b97d24a1416f9fd7644,mendeley_ransomware,1,clop,test,test,x86,clop,unified_mendeley
aaa4f5bb1bd81db677b21938b03b0cd282c200a9cd0d82ef85c83805c9e8e66f,clop__aaa4f5bb1bd81db677b21938b03b0cd282c200a9cd0d82ef85c83805c9e8e66f,mendeley_ransomware,1,clop,test,test,x86,clop,unified_mendeley
c150954e5fdfc100fbb74258cad6ef2595c239c105ff216b1d9a759c0104be04,clop__c150954e5fdfc100fbb74258cad6ef2595c239c105ff216b1d9a759c0104be04,mendeley_ransomware,1,clop,test,test,x86,clop,unified_mendeley
c7e52cc6f1f659ec5d30473e89b7136216de5fbe53ec77a62f1a486d8ffe78ed,clop__c7e52cc6f1f659ec5d30473e89b7136216de5fbe53ec77a62f1a486d8ffe78ed,mendeley_ransomware,1,clop,test,test,x86,clop,unified_mendeley
d0cde86d47219e9c56b717f55dcdb01b0566344c13aa671613598cab427345b9,clop__d0cde86d47219e9c56b717f55dcdb01b0566344c13aa671613598cab427345b9,mendeley_ransomware,1,clop,test,test,x86,clop,unified_mendeley
e48900dc697582db4655569bb844602ced3ad2b10b507223912048f1f3039ac6,clop__e48900dc697582db4655569bb844602ced3ad2b10b507223912048f1f3039ac6,mendeley_ransomware,1,clop,test,test,x86,clop,unified_mendeley
e77c8c7514b36d30d0bf51545fe148ebce3f92adba6748c4de71cc105eb56a9c,clop__e77c8c7514b36d30d0bf51545fe148ebce3f92adba6748c4de71cc105eb56a9c,mendeley_ransomware,1,clop,test,test,x86,clop,unified_mendeley
e7f17df3e41c7ac23d3b979a4dd8e92bdf12e08e8dd064bd8614a415322dc639,clop__e7f17df3e41c7ac23d3b979a4dd8e92bdf12e08e8dd064bd8614a415322dc639,mendeley_ransomware,1,clop,test,test,x86,clop,unified_mendeley
e805dd0124b9f062f6b5bc9de627eabc601b9d6e8ffe1d90ee552a1ece598a89,clop__e805dd0124b9f062f6b5bc9de627eabc601b9d6e8ffe1d90ee552a1ece598a89,mendeley_ransomware,1,clop,test,test,x86,clop,unified_mendeley
ed3dfa9f2452537d378ead320e1506d392d3f91557d8c52714dfd6024176cf73,clop__ed3dfa9f2452537d378ead320e1506d392d3f91557d8c52714dfd6024176cf73,mendeley_ransomware,1,clop,test,test,x86,clop,unified_mendeley
ee83fd9b8368bd4d2cdbebdccfdb41373c3c490d9c5b8d17530990e084131f29,clop__ee83fd9b8368bd4d2cdbebdccfdb41373c3c490d9c5b8d17530990e084131f29,mendeley_ransomware,1,clop,test,test,x86,clop,unified_mendeley
f55e4553ed04f085bc5b93cf7e5386c3d938abcb13a95ef1d2c3f8b21c454db8,clop__f55e4553ed04f085bc5b93cf7e5386c3d938abcb13a95ef1d2c3f8b21c454db8,mendeley_ransomware,1,clop,test,test,x86,clop,unified_mendeley
ff2811f8085bde8751d340bb731c83486b62f80850ceffdb594526da8945ce57,clop__ff2811f8085bde8751d340bb731c83486b62f80850ceffdb594526da8945ce57,mendeley_ransomware,1,clop,test,test,x86,clop,unified_mendeley
002dd9b7cbf8ca2a09434f8c4abd85631efe922ab8daa1219d86d83a0228aeda,conti__002dd9b7cbf8ca2a09434f8c4abd85631efe922ab8daa1219d86d83a0228aeda,mendeley_ransomware,1,conti,train,train,x86,conti,unified_mendeley
004ede55a972e10d9a21bcf338b4907d6eed65bf5ad6abbbd5aec7d8484bdedf,conti__004ede55a972e10d9a21bcf338b4907d6eed65bf5ad6abbbd5aec7d8484bdedf,mendeley_ransomware,1,conti,train,train,x86,conti,unified_mendeley
040fcbd360c7498756519cb0e687120bd623da80784034ea89178409491b1c44,conti__040fcbd360c7498756519cb0e687120bd623da80784034ea89178409491b1c44,mendeley_ransomware,1,conti,train,train,x86,conti,unified_mendeley
0460cfa76fb0a02be92b0bc99a09168ebe38dbc8eeb1aa966dca66f0e849b53d,conti__0460cfa76fb0a02be92b0bc99a09168ebe38dbc8eeb1aa966dca66f0e849b53d,mendeley_ransomware,1,conti,train,train,x86,conti,unified_mendeley
0951fde8a8ea9cd45d2be14d63e6e55c8e87af0da45cf3776b495871652aa862,conti__0951fde8a8ea9cd45d2be14d63e6e55c8e87af0da45cf3776b495871652aa862,mendeley_ransomware,1,conti,train,train,x86,conti,unified_mendeley
198667b1eda010a431dfb051a101cc73ead1d45ba8d0f6641ec1c14bca4106f3,conti__198667b1eda010a431dfb051a101cc73ead1d45ba8d0f6641ec1c14bca4106f3,mendeley_ransomware,1,conti,train,train,x86,conti,unified_mendeley
1b8081bae0e493d098b8756b1e7c4b19715a78946cf227f2c27f9311e6718420,conti__1b8081bae0e493d098b8756b1e7c4b19715a78946cf227f2c27f9311e6718420,mendeley_ransomware,1,conti,train,train,x86,conti,unified_mendeley
1ce8a939b3e7d84c59c12dc9e1091532f4336dac533847b6533b01d9dcf494e9,conti__1ce8a939b3e7d84c59c12dc9e1091532f4336dac533847b6533b01d9dcf494e9,mendeley_ransomware,1,conti,train,train,x86,conti,unified_mendeley
1ef1ff8b1e81815d13bdd293554ddf8b3e57490dd3ef4add7c2837ddc67f9c24,conti__1ef1ff8b1e81815d13bdd293554ddf8b3e57490dd3ef4add7c2837ddc67f9c24,mendeley_ransomware,1,conti,train,train,x86,conti,unified_mendeley
26b2401211769d2fa1415228b4b1305eeeed249a996d149ad83b6fc9c4f703ce,conti__26b2401211769d2fa1415228b4b1305eeeed249a996d149ad83b6fc9c4f703ce,mendeley_ransomware,1,conti,train,train,x86,conti,unified_mendeley
2fc6d7df9252b1e2c4eb3ad7d0d29c188d87548127c44cebc40db9abe8e5aa35,conti__2fc6d7df9252b1e2c4eb3ad7d0d29c188d87548127c44cebc40db9abe8e5aa35,mendeley_ransomware,1,conti,train,train,x86,conti,unified_mendeley
4bfd58d4e4a6fe5e91b408bc190a24d352124902085f9c2da948ad7d79b72618,conti__4bfd58d4e4a6fe5e91b408bc190a24d352124902085f9c2da948ad7d79b72618,mendeley_ransomware,1,conti,train,train,x86,conti,unified_mendeley
4d8fcd9492a256c0cb9567e63b53b75c2a591f5eebe7293298239736034b742a,conti__4d8fcd9492a256c0cb9567e63b53b75c2a591f5eebe7293298239736034b742a,mendeley_ransomware,1,conti,train,train,x86,conti,unified_mendeley
4f17d7fa344b970890ed1bc52a0da95146cab9fe56ecabafafacb0ad212558c9,conti__4f17d7fa344b970890ed1bc52a0da95146cab9fe56ecabafafacb0ad212558c9,mendeley_ransomware,1,conti,train,train,x86,conti,unified_mendeley
53b1c1b2f41a7fc300e97d036e57539453ff82001dd3f6abf07f4896b1f9ca22,conti__53b1c1b2f41a7fc300e97d036e57539453ff82001dd3f6abf07f4896b1f9ca22,mendeley_ransomware,1,conti,train,train,x86,conti,unified_mendeley
58ca4e482db7cf5c924256e53d8516d422e76cf4b85b43dc2b9ba0c7cb471ff7,conti__58ca4e482db7cf5c924256e53d8516d422e76cf4b85b43dc2b9ba0c7cb471ff7,mendeley_ransomware,1,conti,train,train,x86,conti,unified_mendeley
58e3640032796983185ef3ce07d0fbce620514a73909d8573f72264a57ac8379,conti__58e3640032796983185ef3ce07d0fbce620514a73909d8573f72264a57ac8379,mendeley_ransomware,1,conti,train,train,x86,conti,unified_mendeley
59a9f0de96eff57768e995b296ae75778a232f30d95a7b7ab5048c621b50c66d,conti__59a9f0de96eff57768e995b296ae75778a232f30d95a7b7ab5048c621b50c66d,mendeley_ransomware,1,conti,train,train,x86,conti,unified_mendeley
61dd6a0b2870d62f56c7fe0039d42bf5351588f927267fe7b4ee0761872a3b20,conti__61dd6a0b2870d62f56c7fe0039d42bf5351588f927267fe7b4ee0761872a3b20,mendeley_ransomware,1,conti,train,train,x86,conti,unified_mendeley
633b9d373da7d2916f4d3b2902d4817c0f3ad5de5466ac85f34bdd37a8d3dd37,conti__633b9d373da7d2916f4d3b2902d4817c0f3ad5de5466ac85f34bdd37a8d3dd37,mendeley_ransomware,1,conti,train,train,x86,conti,unified_mendeley
64a3a3ec70d20636299b8fe4f50c2b4d077f9934ee2d6ccf7d440b05b9770f56,conti__64a3a3ec70d20636299b8fe4f50c2b4d077f9934ee2d6ccf7d440b05b9770f56,mendeley_ransomware,1,conti,train,train,x86,conti,unified_mendeley
6815e1e06e29863290319eb3e814ae2a394271aa2f95cc7c31a649c4c2f4fd04,conti__6815e1e06e29863290319eb3e814ae2a394271aa2f95cc7c31a649c4c2f4fd04,mendeley_ransomware,1,conti,train,train,x86,conti,unified_mendeley
707b752f6bd89d4f97d08602d0546a56d27acfe00e6d5df2a2cb67c5e2eeee30,conti__707b752f6bd89d4f97d08602d0546a56d27acfe00e6d5df2a2cb67c5e2eeee30,mendeley_ransomware,1,conti,train,train,x86,conti,unified_mendeley
7ca57576c6a2d7dbf49faeafd4804c6b86d9af7fff1390c58a30eb9d9bf2fbfd,conti__7ca57576c6a2d7dbf49faeafd4804c6b86d9af7fff1390c58a30eb9d9bf2fbfd,mendeley_ransomware,1,conti,train,train,x86,conti,unified_mendeley
98a09f7896a7c20229e696d6e8344fe9593fd70afada5d986e04c0d6933cc4db,conti__98a09f7896a7c20229e696d6e8344fe9593fd70afada5d986e04c0d6933cc4db,mendeley_ransomware,1,conti,train,train,x86,conti,unified_mendeley
9aed278f54f65e546fb9f7f34dff26d0835a0a21a5a4fc4c026bf84596ed277e,conti__9aed278f54f65e546fb9f7f34dff26d0835a0a21a5a4fc4c026bf84596ed277e,mendeley_ransomware,1,conti,train,train,x86,conti,unified_mendeley
b524ed1cc22253f09d56f54d8ded4566b63352ff739f58de961f8a5bebb0fad9,conti__b524ed1cc22253f09d56f54d8ded4566b63352ff739f58de961f8a5bebb0fad9,mendeley_ransomware,1,conti,train,train,x86,conti,unified_mendeley
c14f8bc656284715516f26935afe487a1d584f56ffabbcb98f2974f6ca6cd3a4,conti__c14f8bc656284715516f26935afe487a1d584f56ffabbcb98f2974f6ca6cd3a4,mendeley_ransomware,1,conti,train,train,x86,conti,unified_mendeley
d16645bce49ea342c4b4f5afa3f711bf0a3986a4a7354f96f24a21f161fff7cb,conti__d16645bce49ea342c4b4f5afa3f711bf0a3986a4a7354f96f24a21f161fff7cb,mendeley_ransomware,1,conti,train,train,x86,conti,unified_mendeley
d21c71a090cd6759efc1f258b4d087e82c281ce65a9d76f20a24857901e694fc,conti__d21c71a090cd6759efc1f258b4d087e82c281ce65a9d76f20a24857901e694fc,mendeley_ransomware,1,conti,train,train,x86,conti,unified_mendeley
d236d64b7bf9510ea1746d10a4c164a2ef2c724cc62b2bca91d72bdf24821e40,conti__d236d64b7bf9510ea1746d10a4c164a2ef2c724cc62b2bca91d72bdf24821e40,mendeley_ransomware,1,conti,train,train,x86,conti,unified_mendeley
d338295d50d5b39d8377c593f6d46feb512823e2724704448cc885b40c5056e0,conti__d338295d50d5b39d8377c593f6d46feb512823e2724704448cc885b40c5056e0,mendeley_ransomware,1,conti,train,train,x86,conti,unified_mendeley
d3c75c5bc4ae087d547bd722bd84478ee6baf8c3355b930f26cc19777cd39d4c,conti__d3c75c5bc4ae087d547bd722bd84478ee6baf8c3355b930f26cc19777cd39d4c,mendeley_ransomware,1,conti,train,train,x86,conti,unified_mendeley
d417f3785a33da8b26ce68b62e66bdf7d46869b692fe325541a7be2b98119bd1,conti__d417f3785a33da8b26ce68b62e66bdf7d46869b692fe325541a7be2b98119bd1,mendeley_ransomware,1,conti,train,train,x86,conti,unified_mendeley
d7868354f2dfe79e91adef4f7b24bcb60772a76c577bcc5c71709c8a3e26eb5d,conti__d7868354f2dfe79e91adef4f7b24bcb60772a76c577bcc5c71709c8a3e26eb5d,mendeley_ransomware,1,conti,train,train,x86,conti,unified_mendeley
dbc76355c56a885a1475174fb5325d61b875fd6207ef465cae05617b49463a38,conti__dbc76355c56a885a1475174fb5325d61b875fd6207ef465cae05617b49463a38,mendeley_ransomware,1,conti,train,train,x86,conti,unified_mendeley
e16fea1b8874cc6b26e7e2df9697f03f86efa82247bb3b2922f1d05052dbcbb4,conti__e16fea1b8874cc6b26e7e2df9697f03f86efa82247bb3b2922f1d05052dbcbb4,mendeley_ransomware,1,conti,train,train,x86,conti,unified_mendeley
e64e350861b86d4e05668bc25e6c952880f6b39ca921496ccce1487dbf6acab6,conti__e64e350861b86d4e05668bc25e6c952880f6b39ca921496ccce1487dbf6acab6,mendeley_ransomware,1,conti,train,train,x86,conti,unified_mendeley
eae876886f19ba384f55778634a35a1d975414e83f22f6111e3e792f706301fe,conti__eae876886f19ba384f55778634a35a1d975414e83f22f6111e3e792f706301fe,mendeley_ransomware,1,conti,train,train,x86,conti,unified_mendeley
ef2cd9ded5532af231e0990feaf2df8fd79dc63f7a677192e17b89ef4adb7dd2,conti__ef2cd9ded5532af231e0990feaf2df8fd79dc63f7a677192e17b89ef4adb7dd2,mendeley_ransomware,1,conti,train,train,x86,conti,unified_mendeley
ef870eae64e28ebd71c8ad909af39ea9a072256bfd634210f4de24ded5a3304a,conti__ef870eae64e28ebd71c8ad909af39ea9a072256bfd634210f4de24ded5a3304a,mendeley_ransomware,1,conti,train,train,x86,conti,unified_mendeley
f20ed03ba228b36064517c1e5fff9ae40d957451a5c6d9a48f9bbe2c3dd881b7,conti__f20ed03ba228b36064517c1e5fff9ae40d957451a5c6d9a48f9bbe2c3dd881b7,mendeley_ransomware,1,conti,train,train,x86,conti,unified_mendeley
f7b83f07f6fec1df0fa73c935c96dc2ec8fbe0de3b17bb56f9963c92c22715c3,conti__f7b83f07f6fec1df0fa73c935c96dc2ec8fbe0de3b17bb56f9963c92c22715c3,mendeley_ransomware,1,conti,train,train,x86,conti,unified_mendeley
f848c62dbc910ee32990161cc598f550707d26c524394be35c7bdb7a62626047,conti__f848c62dbc910ee32990161cc598f550707d26c524394be35c7bdb7a62626047,mendeley_ransomware,1,conti,train,train,x86,conti,unified_mendeley
f99c69327a746f4fde02b7a550cf6c9f48e5e22fcb49bea0e3e4bc5a3efa605c,conti__f99c69327a746f4fde02b7a550cf6c9f48e5e22fcb49bea0e3e4bc5a3efa605c,mendeley_ransomware,1,conti,train,train,x86,conti,unified_mendeley
fc783af396a1bd9c81613cd051db69e778c102953aec0d6f67743846f3b862e6,conti__fc783af396a1bd9c81613cd051db69e778c102953aec0d6f67743846f3b862e6,mendeley_ransomware,1,conti,train,train,x86,conti,unified_mendeley
fe1652f4b828c9f98ff4a37829f4a988ad3c1601fc0dff7f99fe941ae4e81864,conti__fe1652f4b828c9f98ff4a37829f4a988ad3c1601fc0dff7f99fe941ae4e81864,mendeley_ransomware,1,conti,train,train,x86,conti,unified_mendeley
fe6e84192da5c0210d4bd51e809792b28e60edb337917f903a7e9a31bc40cf86,conti__fe6e84192da5c0210d4bd51e809792b28e60edb337917f903a7e9a31bc40cf86,mendeley_ransomware,1,conti,train,train,x86,conti,unified_mendeley
029c5d48e425206e2ae84a63d62bdbc80362702913b38618a423c541c8a0ed40,darkside__029c5d48e425206e2ae84a63d62bdbc80362702913b38618a423c541c8a0ed40,mendeley_ransomware,1,darkside,train,train,x86,darkside,unified_mendeley
0a0c225f0e5ee941a79f2b7701f1285e4975a2859eb4d025d96d9e366e81abb9,darkside__0a0c225f0e5ee941a79f2b7701f1285e4975a2859eb4d025d96d9e366e81abb9,mendeley_ransomware,1,darkside,train,train,x86,darkside,unified_mendeley
12ee27f56ec8a2a3eb2fe69179be3f7a7193ce2b92963ad33356ed299f7ed975,darkside__12ee27f56ec8a2a3eb2fe69179be3f7a7193ce2b92963ad33356ed299f7ed975,mendeley_ransomware,1,darkside,train,train,x86,darkside,unified_mendeley
151fbd6c299e734f7853497bd083abfa29f8c186a9db31dbe330ace2d35660d5,darkside__151fbd6c299e734f7853497bd083abfa29f8c186a9db31dbe330ace2d35660d5,mendeley_ransomware,1,darkside,train,train,x86,darkside,unified_mendeley
1667e1635736f2b2ba9727457f995a67201ddcd818496c9296713ffa18e17a43,darkside__1667e1635736f2b2ba9727457f995a67201ddcd818496c9296713ffa18e17a43,mendeley_ransomware,1,darkside,train,train,x86,darkside,unified_mendeley
17139a10fd226d01738fe9323918614aa913b2a50e1a516e95cced93fa151c61,darkside__17139a10fd226d01738fe9323918614aa913b2a50e1a516e95cced93fa151c61,mendeley_ransomware,1,darkside,train,train,x86,darkside,unified_mendeley
1cc7c198a8a2c935fd6f07970479e544f5b35a8eb3173de0305ebdf76a0988cb,darkside__1cc7c198a8a2c935fd6f07970479e544f5b35a8eb3173de0305ebdf76a0988cb,mendeley_ransomware,1,darkside,train,train,x86,darkside,unified_mendeley
1ef8db7e8bd3aaba8b1cef96cd52fde587871571b1719c5d40f9a9c98dd26f84,darkside__1ef8db7e8bd3aaba8b1cef96cd52fde587871571b1719c5d40f9a9c98dd26f84,mendeley_ransomware,1,darkside,train,train,x86,darkside,unified_mendeley
243dff06fc80a049f4fb37292f8b8def0fce29768f345c88ee10699e22b0ae60,darkside__243dff06fc80a049f4fb37292f8b8def0fce29768f345c88ee10699e22b0ae60,mendeley_ransomware,1,darkside,train,train,x86,darkside,unified_mendeley
2d82be244e23001148ed5a6d83856b6f7cd20c3f7786481303d5d584c51ff5f0,darkside__2d82be244e23001148ed5a6d83856b6f7cd20c3f7786481303d5d584c51ff5f0,mendeley_ransomware,1,darkside,train,train,x86,darkside,unified_mendeley
2de09a815efcc64810046de69b8e0aa1c9e9beee77b66560a0b15d737485e3c5,darkside__2de09a815efcc64810046de69b8e0aa1c9e9beee77b66560a0b15d737485e3c5,mendeley_ransomware,1,darkside,train,train,x86,darkside,unified_mendeley
43e61519be440115eeaa3738a0e4aa4bb3c8ac5f9bdfce1a896db17a374eb8aa,darkside__43e61519be440115eeaa3738a0e4aa4bb3c8ac5f9bdfce1a896db17a374eb8aa,mendeley_ransomware,1,darkside,train,train,x86,darkside,unified_mendeley
47eccaaa672667a9cea23e24fd702f7b3a45cbf8585403586be474585fd80243,darkside__47eccaaa672667a9cea23e24fd702f7b3a45cbf8585403586be474585fd80243,mendeley_ransomware,1,darkside,train,train,x86,darkside,unified_mendeley
508dd6f7ed6c143cf5e1ed6a4051dd8ee7b5bf4b7f55e0704d21ba785f2d5add,darkside__508dd6f7ed6c143cf5e1ed6a4051dd8ee7b5bf4b7f55e0704d21ba785f2d5add,mendeley_ransomware,1,darkside,train,train,x86,darkside,unified_mendeley
516664139b0ddd044397a56482d7308d87c213c320a3151ccb9738e8f932654b,darkside__516664139b0ddd044397a56482d7308d87c213c320a3151ccb9738e8f932654b,mendeley_ransomware,1,darkside,train,train,x86,darkside,unified_mendeley
521c503bc3f5d8b2aa8819e8e30e2019e74ea9649a57529fb32c3dfc66a1e7ef,darkside__521c503bc3f5d8b2aa8819e8e30e2019e74ea9649a57529fb32c3dfc66a1e7ef,mendeley_ransomware,1,darkside,train,train,x86,darkside,unified_mendeley
533672da9d276012ebab3ce9f4cd09a7f537f65c6e4b63d43f0c1697e2f5e48d,darkside__533672da9d276012ebab3ce9f4cd09a7f537f65c6e4b63d43f0c1697e2f5e48d,mendeley_ransomware,1,darkside,train,train,x86,darkside,unified_mendeley
56e7b9c4b8962b6ff0d1e0162ca8515a07b576cd47ba90221354838733f8689a,darkside__56e7b9c4b8962b6ff0d1e0162ca8515a07b576cd47ba90221354838733f8689a,mendeley_ransomware,1,darkside,train,train,x86,darkside,unified_mendeley
665afa26d6110bb35ec8a60878068a0e69e1c805d9073bef71a48a3404c164e9,darkside__665afa26d6110bb35ec8a60878068a0e69e1c805d9073bef71a48a3404c164e9,mendeley_ransomware,1,darkside,train,train,x86,darkside,unified_mendeley
68872cc22fbdf0c2f69c32ac878ba9a7b7cf61fe5dd0e3da200131b8b23438e7,darkside__68872cc22fbdf0c2f69c32ac878ba9a7b7cf61fe5dd0e3da200131b8b23438e7,mendeley_ransomware,1,darkside,train,train,x86,darkside,unified_mendeley
78782fd324bc98a57274bd3fff8f756217c011484ebf6b614060115a699ee134,darkside__78782fd324bc98a57274bd3fff8f756217c011484ebf6b614060115a699ee134,mendeley_ransomware,1,darkside,train,train,x86,darkside,unified_mendeley
8cfd28911878af048fb96b6cc0b9da770542576d5c2b20b193c3cfc4bde4d3bc,darkside__8cfd28911878af048fb96b6cc0b9da770542576d5c2b20b193c3cfc4bde4d3bc,mendeley_ransomware,1,darkside,train,train,x86,darkside,unified_mendeley
973dfafc3051d8c2849f62c556ab8057da706f15d1ffd8871de894ae3a24d86b,darkside__973dfafc3051d8c2849f62c556ab8057da706f15d1ffd8871de894ae3a24d86b,mendeley_ransomware,1,darkside,train,train,x86,darkside,unified_mendeley
a11cc5051e3a88428db495f6d8e4b6381a1cb3fa5946a525ef5c00bfcb44e210,darkside__a11cc5051e3a88428db495f6d8e4b6381a1cb3fa5946a525ef5c00bfcb44e210,mendeley_ransomware,1,darkside,train,train,x86,darkside,unified_mendeley
ac092962654b46a670b030026d07f5b8161cecd2abd6eece52b7892965aa521b,darkside__ac092962654b46a670b030026d07f5b8161cecd2abd6eece52b7892965aa521b,mendeley_ransomware,1,darkside,train,train,x86,darkside,unified_mendeley
afb22b1ff281c085b60052831ead0a0ed300fac0160f87851dacc67d4e158178,darkside__afb22b1ff281c085b60052831ead0a0ed300fac0160f87851dacc67d4e158178,mendeley_ransomware,1,darkside,train,train,x86,darkside,unified_mendeley
b565e9266717161163e884793dc1004f9f2ca94ab0533df9c167d5d188cebf2f,darkside__b565e9266717161163e884793dc1004f9f2ca94ab0533df9c167d5d188cebf2f,mendeley_ransomware,1,darkside,train,train,x86,darkside,unified_mendeley
b6855793aebdd821a7f368585335cb132a043d30cb1f8dccceb5d2127ed4b9a4,darkside__b6855793aebdd821a7f368585335cb132a043d30cb1f8dccceb5d2127ed4b9a4,mendeley_ransomware,1,darkside,train,train,x86,darkside,unified_mendeley
bac7f1cb70a0fe909590f7b270248705d216b4abaf4e5dd4969fa4f1949badec,darkside__bac7f1cb70a0fe909590f7b270248705d216b4abaf4e5dd4969fa4f1949badec,mendeley_ransomware,1,darkside,train,train,x86,darkside,unified_mendeley
bc32a2ccf158ebe2b76646be865a4c6dd91da6b8e5bb0dd9520102a9bfea5439,darkside__bc32a2ccf158ebe2b76646be865a4c6dd91da6b8e5bb0dd9520102a9bfea5439,mendeley_ransomware,1,darkside,train,train,x86,darkside,unified_mendeley
cbbc7052fed8d0002d07736a68219f01a5a4e1c19ee50310e2381e96fa8836ed,darkside__cbbc7052fed8d0002d07736a68219f01a5a4e1c19ee50310e2381e96fa8836ed,mendeley_ransomware,1,darkside,train,train,x86,darkside,unified_mendeley
cc54647e8c3fe7b701d78a6fa072c52641ac11d395a6d2ffaf05f38f53112556,darkside__cc54647e8c3fe7b701d78a6fa072c52641ac11d395a6d2ffaf05f38f53112556,mendeley_ransomware,1,darkside,train,train,x86,darkside,unified_mendeley
d43b271fb4931263f8fa54b297e3cf60762a0fe5c50ed76999f276dcc3c283be,darkside__d43b271fb4931263f8fa54b297e3cf60762a0fe5c50ed76999f276dcc3c283be,mendeley_ransomware,1,darkside,train,train,x86,darkside,unified_mendeley
d97c0b6ee613e03aa3256fcdd3757e54ba4c7bb5910887247dc857f2701f9a46,darkside__d97c0b6ee613e03aa3256fcdd3757e54ba4c7bb5910887247dc857f2701f9a46,mendeley_ransomware,1,darkside,train,train,x86,darkside,unified_mendeley
e0493b082077648eb33ca1294f2b26bc4c96d3820913c46330923e8bb3d73230,darkside__e0493b082077648eb33ca1294f2b26bc4c96d3820913c46330923e8bb3d73230,mendeley_ransomware,1,darkside,train,train,x86,darkside,unified_mendeley
ec368752c2cf3b23efbfa5705f9e582fc9d6766435a7b8eea8ef045082c6fbce,darkside__ec368752c2cf3b23efbfa5705f9e582fc9d6766435a7b8eea8ef045082c6fbce,mendeley_ransomware,1,darkside,train,train,x86,darkside,unified_mendeley
f3f25af554bedfa4ee2824bb858280282bd87828d446048619dc49fe061741b4,darkside__f3f25af554bedfa4ee2824bb858280282bd87828d446048619dc49fe061741b4,mendeley_ransomware,1,darkside,train,train,x86,darkside,unified_mendeley
fb76b4a667c6d790c39fcc93a3aac8cd2a224f0eb9ece4ecfd7825f606c2a8b6,darkside__fb76b4a667c6d790c39fcc93a3aac8cd2a224f0eb9ece4ecfd7825f606c2a8b6,mendeley_ransomware,1,darkside,train,train,x86,darkside,unified_mendeley
00ce72bb6fb1d2c1d32aa4c4a147e1b9b390cf9d3ae8b5c0cab2718118db4430,dharma__00ce72bb6fb1d2c1d32aa4c4a147e1b9b390cf9d3ae8b5c0cab2718118db4430,mendeley_ransomware,1,dharma,train,train,x86,dharma,unified_mendeley
038e577d25d5b9237fbbef6080f53f462b01e75f83449bf0020ef0b14f371ac6,dharma__038e577d25d5b9237fbbef6080f53f462b01e75f83449bf0020ef0b14f371ac6,mendeley_ransomware,1,dharma,train,train,x86,dharma,unified_mendeley
085105e613ad37808a8db9a3c2ba5561d5d38d5c5c43b469c93d15f0d64af0c1,dharma__085105e613ad37808a8db9a3c2ba5561d5d38d5c5c43b469c93d15f0d64af0c1,mendeley_ransomware,1,dharma,train,train,x86,dharma,unified_mendeley
0a40acb8ddbc2ed8f8b703681fadf9fcb2672fdb75d93c150b45c6465cc9b1b4,dharma__0a40acb8ddbc2ed8f8b703681fadf9fcb2672fdb75d93c150b45c6465cc9b1b4,mendeley_ransomware,1,dharma,train,train,x86,dharma,unified_mendeley
118d216a9a9a4fd19ac8e56cef76fe9529269a152857ad8e98386361a5fb8e0d,dharma__118d216a9a9a4fd19ac8e56cef76fe9529269a152857ad8e98386361a5fb8e0d,mendeley_ransomware,1,dharma,train,train,x86,dharma,unified_mendeley
17227020b2f5ca57f2d632d0d37de8d0ffcdef142e98a6af591e8180963cd3cc,dharma__17227020b2f5ca57f2d632d0d37de8d0ffcdef142e98a6af591e8180963cd3cc,mendeley_ransomware,1,dharma,train,train,x86,dharma,unified_mendeley
18c2ad1d4db2011971f1a67a82762cc48d3e6c4f2e5d27fbc719bff465f98933,dharma__18c2ad1d4db2011971f1a67a82762cc48d3e6c4f2e5d27fbc719bff465f98933,mendeley_ransomware,1,dharma,train,train,x86,dharma,unified_mendeley
246fbca7a62d38c5c15e47bddbb92c303e2470adaf514817b43c9f274cb47e7f,dharma__246fbca7a62d38c5c15e47bddbb92c303e2470adaf514817b43c9f274cb47e7f,mendeley_ransomware,1,dharma,train,train,x86,dharma,unified_mendeley
2c487a43ae6091d64f09bcfb1baa8b43fb502e9c9fc34f828cebfe251d9ad1f5,dharma__2c487a43ae6091d64f09bcfb1baa8b43fb502e9c9fc34f828cebfe251d9ad1f5,mendeley_ransomware,1,dharma,train,train,x86,dharma,unified_mendeley
2d0eb35f04745646d8c6eb3d1ab1c3e8bc8c30f1a9dc0ad89ea260e898ed9d4e,dharma__2d0eb35f04745646d8c6eb3d1ab1c3e8bc8c30f1a9dc0ad89ea260e898ed9d4e,mendeley_ransomware,1,dharma,train,train,x86,dharma,unified_mendeley
2dd2c201103ac3a5bf77ae7b30d0032ed215f59f883543c816e516ab454383fb,dharma__2dd2c201103ac3a5bf77ae7b30d0032ed215f59f883543c816e516ab454383fb,mendeley_ransomware,1,dharma,train,train,x86,dharma,unified_mendeley
307077d1a3fd2b53b94d88268e31b0b89b8c0c2ee9dbb46041d3e2395243f1b3,dharma__307077d1a3fd2b53b94d88268e31b0b89b8c0c2ee9dbb46041d3e2395243f1b3,mendeley_ransomware,1,dharma,train,train,x86,dharma,unified_mendeley
324cb383fd7f47c079b162b725215bb4badfd4c0b2e41d330fa38344e59e77ce,dharma__324cb383fd7f47c079b162b725215bb4badfd4c0b2e41d330fa38344e59e77ce,mendeley_ransomware,1,dharma,train,train,x86,dharma,unified_mendeley
32eadf068d9d090fcf57145a09df4ce515c196387e409a01fbf052ff790879bf,dharma__32eadf068d9d090fcf57145a09df4ce515c196387e409a01fbf052ff790879bf,mendeley_ransomware,1,dharma,train,train,x86,dharma,unified_mendeley
34c485ad11076ede709ff409c0e1867dc50fd40311ae6e7318ddf50679fa4049,dharma__34c485ad11076ede709ff409c0e1867dc50fd40311ae6e7318ddf50679fa4049,mendeley_ransomware,1,dharma,train,train,x86,dharma,unified_mendeley
3e7f30a802c595379ad3158ffe4ba5bc9e4a4d304430a2d846330adee70dc9a5,dharma__3e7f30a802c595379ad3158ffe4ba5bc9e4a4d304430a2d846330adee70dc9a5,mendeley_ransomware,1,dharma,train,train,x86,dharma,unified_mendeley
40a837f93edb2531fe35733d725efb490c7b5199d031a6e087b5041aed6eea05,dharma__40a837f93edb2531fe35733d725efb490c7b5199d031a6e087b5041aed6eea05,mendeley_ransomware,1,dharma,train,train,x86,dharma,unified_mendeley
438af5e212ca33f9e04431dfac555945a3f0926865930f96230adb07dec0a2be,dharma__438af5e212ca33f9e04431dfac555945a3f0926865930f96230adb07dec0a2be,mendeley_ransomware,1,dharma,train,train,x86,dharma,unified_mendeley
4708750c9a6fdeaec5f499a3cd26bb5f61db4f82e66484dc7b44118effbb246f,dharma__4708750c9a6fdeaec5f499a3cd26bb5f61db4f82e66484dc7b44118effbb246f,mendeley_ransomware,1,dharma,train,train,x86,dharma,unified_mendeley
4992506df46c0b80f4619f3cb7478346561260366422c085f18356194b6cc3e3,dharma__4992506df46c0b80f4619f3cb7478346561260366422c085f18356194b6cc3e3,mendeley_ransomware,1,dharma,train,train,x86,dharma,unified_mendeley
4b6de6cf9a91af3abf522643cb138747725ec1ae47d1defd66488e246a1fec8d,dharma__4b6de6cf9a91af3abf522643cb138747725ec1ae47d1defd66488e246a1fec8d,mendeley_ransomware,1,dharma,train,train,x86,dharma,unified_mendeley
4d8ffa30554984f32eabbcb7a99699dd833ea85a8483db8753cc40bde7cee923,dharma__4d8ffa30554984f32eabbcb7a99699dd833ea85a8483db8753cc40bde7cee923,mendeley_ransomware,1,dharma,train,train,x86,dharma,unified_mendeley
53cee5760768d57218ccc210948592f29d41b98cba17a81a87d0392e1eeffaf6,dharma__53cee5760768d57218ccc210948592f29d41b98cba17a81a87d0392e1eeffaf6,mendeley_ransomware,1,dharma,train,train,x86,dharma,unified_mendeley
553532c3bc00e3b85bcbac054bc4f05cb4fffba6f44a17c663dd37732ce1772d,dharma__553532c3bc00e3b85bcbac054bc4f05cb4fffba6f44a17c663dd37732ce1772d,mendeley_ransomware,1,dharma,train,train,x86,dharma,unified_mendeley
553f674770840d592fd718f1cb8eed6d4210c7ce73944fb2d200e8588584fccb,dharma__553f674770840d592fd718f1cb8eed6d4210c7ce73944fb2d200e8588584fccb,mendeley_ransomware,1,dharma,train,train,x86,dharma,unified_mendeley
55f111fa13c58f4e6eb6f9828621a463944b7de26fa09cff5a38c31f457def7d,dharma__55f111fa13c58f4e6eb6f9828621a463944b7de26fa09cff5a38c31f457def7d,mendeley_ransomware,1,dharma,train,train,x86,dharma,unified_mendeley
56f1a65ab205548d7cc50c044c510210f084d7c7a381be7e3dd6530da1ce6aff,dharma__56f1a65ab205548d7cc50c044c510210f084d7c7a381be7e3dd6530da1ce6aff,mendeley_ransomware,1,dharma,train,train,x86,dharma,unified_mendeley
584e757b4fb9b56105c3a57053976323f82535c8264082f81dd43f233c04cab9,dharma__584e757b4fb9b56105c3a57053976323f82535c8264082f81dd43f233c04cab9,mendeley_ransomware,1,dharma,train,train,x86,dharma,unified_mendeley
5997f7c46d8860cb07a00edf9e093e21a2416cc508c51dbd3838628d9b46b0d5,dharma__5997f7c46d8860cb07a00edf9e093e21a2416cc508c51dbd3838628d9b46b0d5,mendeley_ransomware,1,dharma,train,train,x86,dharma,unified_mendeley
5a0d1265d52d2f76dae31aab48b706a72f03078a6111694f59c4ebf06e6e9f43,dharma__5a0d1265d52d2f76dae31aab48b706a72f03078a6111694f59c4ebf06e6e9f43,mendeley_ransomware,1,dharma,train,train,x86,dharma,unified_mendeley
629302ede09446efc6c44bea6fb9d4c62354816e227f61868528b6af43eeee94,dharma__629302ede09446efc6c44bea6fb9d4c62354816e227f61868528b6af43eeee94,mendeley_ransomware,1,dharma,train,train,x86,dharma,unified_mendeley
6985917d29596b66d9bbc745a13d5577110d9b0408719c5559d23dd59a9e4f0b,dharma__6985917d29596b66d9bbc745a13d5577110d9b0408719c5559d23dd59a9e4f0b,mendeley_ransomware,1,dharma,train,train,x86,dharma,unified_mendeley
8e8b6818423930eea073315743b788aef2f41198961946046b7b89042cb3f95a,dharma__8e8b6818423930eea073315743b788aef2f41198961946046b7b89042cb3f95a,mendeley_ransomware,1,dharma,train,train,x86,dharma,unified_mendeley
90c54543aaf085e00879d4fe98a6dfb8148548f374828d50b6e3ac44668138b2,dharma__90c54543aaf085e00879d4fe98a6dfb8148548f374828d50b6e3ac44668138b2,mendeley_ransomware,1,dharma,train,train,x86,dharma,unified_mendeley
97689f3967844dd326e7a2b68e7da5b6b3967eea7748d1e3313910a16cacdf16,dharma__97689f3967844dd326e7a2b68e7da5b6b3967eea7748d1e3313910a16cacdf16,mendeley_ransomware,1,dharma,train,train,x86,dharma,unified_mendeley
9a4e6b6a25332f21e4e15bd5c67ea1613db78bf02fa3cef2eba47f27723f8d58,dharma__9a4e6b6a25332f21e4e15bd5c67ea1613db78bf02fa3cef2eba47f27723f8d58,mendeley_ransomware,1,dharma,train,train,x86,dharma,unified_mendeley
a08c192df62e58faf203a10d830a6f0c34f1d843373ce5ca6f4826ed45a36764,dharma__a08c192df62e58faf203a10d830a6f0c34f1d843373ce5ca6f4826ed45a36764,mendeley_ransomware,1,dharma,train,train,x86,dharma,unified_mendeley
ad14312e134f8b9483b2d701b1470758e8944764ec803252efede6b1c49e9485,dharma__ad14312e134f8b9483b2d701b1470758e8944764ec803252efede6b1c49e9485,mendeley_ransomware,1,dharma,train,train,x86,dharma,unified_mendeley
b565c8e1e81796db13409f37e4bd28877272b5e54ab5c0a3d9b6a024e7f5a039,dharma__b565c8e1e81796db13409f37e4bd28877272b5e54ab5c0a3d9b6a024e7f5a039,mendeley_ransomware,1,dharma,train,train,x86,dharma,unified_mendeley
b6c644a1644dd9b81a604fb6ad6a8cebf4a9b14d5c41da633a93ba2f459f31ae,dharma__b6c644a1644dd9b81a604fb6ad6a8cebf4a9b14d5c41da633a93ba2f459f31ae,mendeley_ransomware,1,dharma,train,train,x86,dharma,unified_mendeley
c855a83b6b0b51c9e9bc1b2676d5644f1c578b87734517ce63820ca33d155707,dharma__c855a83b6b0b51c9e9bc1b2676d5644f1c578b87734517ce63820ca33d155707,mendeley_ransomware,1,dharma,train,train,x86,dharma,unified_mendeley
d13c712deac973ddd3666c02b76e8c0f2f5a4291078b579e231cdb8f5554efb2,dharma__d13c712deac973ddd3666c02b76e8c0f2f5a4291078b579e231cdb8f5554efb2,mendeley_ransomware,1,dharma,train,train,x86,dharma,unified_mendeley
d424fd77dc8e421ac66621a2ea3a36533e6cdb19335b909cbaaac970993e62a4,dharma__d424fd77dc8e421ac66621a2ea3a36533e6cdb19335b909cbaaac970993e62a4,mendeley_ransomware,1,dharma,train,train,x86,dharma,unified_mendeley
d4b6920e28ddba697f8e2e33f6479d16c9b92fefdc36894e3c594e3f71095e4d,dharma__d4b6920e28ddba697f8e2e33f6479d16c9b92fefdc36894e3c594e3f71095e4d,mendeley_ransomware,1,dharma,train,train,x86,dharma,unified_mendeley
e4a43f0bb8216496b95826c2c1aeb2f3ece6a7d87a8dbc7a0cc6a3935ace3d90,dharma__e4a43f0bb8216496b95826c2c1aeb2f3ece6a7d87a8dbc7a0cc6a3935ace3d90,mendeley_ransomware,1,dharma,train,train,x86,dharma,unified_mendeley
e589257b8ad21635e0b1cf15b0936f939b19153806c3dcb9d502853525977817,dharma__e589257b8ad21635e0b1cf15b0936f939b19153806c3dcb9d502853525977817,mendeley_ransomware,1,dharma,train,train,x86,dharma,unified_mendeley
0b5f142418adffa1ba2c6fed16dee81a505481b411759aa7355c1d3fb0d719b4,doppelpaymer__0b5f142418adffa1ba2c6fed16dee81a505481b411759aa7355c1d3fb0d719b4,mendeley_ransomware,1,doppelpaymer,train,train,x86,doppelpaymer,unified_mendeley
0fe622ba1a8d90793d2646b8afa7c75834d1a4bf9dd0696e5b894037c13ed299,doppelpaymer__0fe622ba1a8d90793d2646b8afa7c75834d1a4bf9dd0696e5b894037c13ed299,mendeley_ransomware,1,doppelpaymer,train,train,x86,doppelpaymer,unified_mendeley
17528798f8b5ec83731a383b16b692bb3a5aa6d9c09fe0e9bb6fb92687350963,doppelpaymer__17528798f8b5ec83731a383b16b692bb3a5aa6d9c09fe0e9bb6fb92687350963,mendeley_ransomware,1,doppelpaymer,train,train,x86,doppelpaymer,unified_mendeley
3da52a407801a5e41d792a65d145f056059d470a242849b92032f51fcec8ecfc,doppelpaymer__3da52a407801a5e41d792a65d145f056059d470a242849b92032f51fcec8ecfc,mendeley_ransomware,1,doppelpaymer,train,train,x86,doppelpaymer,unified_mendeley
46254a390027a1708f6951f8af3da13d033dee9a71a4ee75f257087218676dd5,doppelpaymer__46254a390027a1708f6951f8af3da13d033dee9a71a4ee75f257087218676dd5,mendeley_ransomware,1,doppelpaymer,train,train,x86,doppelpaymer,unified_mendeley
516fb7b0f610494d2702c31402dcb1116a489760f70ea102c900482d0514f465,doppelpaymer__516fb7b0f610494d2702c31402dcb1116a489760f70ea102c900482d0514f465,mendeley_ransomware,1,doppelpaymer,train,train,x86,doppelpaymer,unified_mendeley
53709a38525d1f76995a3f70fdab6521eb0f2a568cb31693db15231198ed55a5,doppelpaymer__53709a38525d1f76995a3f70fdab6521eb0f2a568cb31693db15231198ed55a5,mendeley_ransomware,1,doppelpaymer,train,train,x86,doppelpaymer,unified_mendeley
60ab87df9a77924e9f12484fa94f63fa4bb4c646072cf4b002492f59b1ee0103,doppelpaymer__60ab87df9a77924e9f12484fa94f63fa4bb4c646072cf4b002492f59b1ee0103,mendeley_ransomware,1,doppelpaymer,train,train,x86,doppelpaymer,unified_mendeley
624255fef7e958cc3de9e454d2de4ae1a914a41fedc98b2042756042f68c2b69,doppelpaymer__624255fef7e958cc3de9e454d2de4ae1a914a41fedc98b2042756042f68c2b69,mendeley_ransomware,1,doppelpaymer,train,train,x86,doppelpaymer,unified_mendeley
64aae03c2a7f3646e6e85102074f691fc64c605d3cd7e5f2c019e0be25e03962,doppelpaymer__64aae03c2a7f3646e6e85102074f691fc64c605d3cd7e5f2c019e0be25e03962,mendeley_ransomware,1,doppelpaymer,train,train,x86,doppelpaymer,unified_mendeley
750150ec6d50212936151b881c6e3bae30bf76fb233602b064984bc46fc4f4c0,doppelpaymer__750150ec6d50212936151b881c6e3bae30bf76fb233602b064984bc46fc4f4c0,mendeley_ransomware,1,doppelpaymer,train,train,x86,doppelpaymer,unified_mendeley
7f0dcd67e61f9f1388d3ba92cca0c6da0c49751f96d77b3100e0c6173092524c,doppelpaymer__7f0dcd67e61f9f1388d3ba92cca0c6da0c49751f96d77b3100e0c6173092524c,mendeley_ransomware,1,doppelpaymer,train,train,x86,doppelpaymer,unified_mendeley
84dfebb04d3f98ea63f803c46d83243c4bbdbcb6a6be238600e2ff9118fb05ed,doppelpaymer__84dfebb04d3f98ea63f803c46d83243c4bbdbcb6a6be238600e2ff9118fb05ed,mendeley_ransomware,1,doppelpaymer,train,train,x86,doppelpaymer,unified_mendeley
a0c3976f5d93927b0ee4e5c17057d3bb028ff26e4200ba63fbc9fa0d311eda57,doppelpaymer__a0c3976f5d93927b0ee4e5c17057d3bb028ff26e4200ba63fbc9fa0d311eda57,mendeley_ransomware,1,doppelpaymer,train,train,x86,doppelpaymer,unified_mendeley
b3e2ebc49bed60465f27a1ad5364014053bb0182ae3eb06211a12f2008893ee0,doppelpaymer__b3e2ebc49bed60465f27a1ad5364014053bb0182ae3eb06211a12f2008893ee0,mendeley_ransomware,1,doppelpaymer,train,train,x86,doppelpaymer,unified_mendeley
c66157a916c7f874bd381a775b8eede422eb59819872fdffafc5649eefa76373,doppelpaymer__c66157a916c7f874bd381a775b8eede422eb59819872fdffafc5649eefa76373,mendeley_ransomware,1,doppelpaymer,train,train,x86,doppelpaymer,unified_mendeley
cf961a8a5da4d9453ac1eea45b6f33a896616c4872a50ca603b9899aac403691,doppelpaymer__cf961a8a5da4d9453ac1eea45b6f33a896616c4872a50ca603b9899aac403691,mendeley_ransomware,1,doppelpaymer,train,train,x86,doppelpaymer,unified_mendeley
d4d2701df5c47ccb3ccb95693fcb0cfa493695be32c6daba2218ca73f76cf9e9,doppelpaymer__d4d2701df5c47ccb3ccb95693fcb0cfa493695be32c6daba2218ca73f76cf9e9,mendeley_ransomware,1,doppelpaymer,train,train,x86,doppelpaymer,unified_mendeley
f27e8691520ca218bccc6bfc6880d52bcce3e2218fd1cb0d40c85260df2d822c,doppelpaymer__f27e8691520ca218bccc6bfc6880d52bcce3e2218fd1cb0d40c85260df2d822c,mendeley_ransomware,1,doppelpaymer,train,train,x86,doppelpaymer,unified_mendeley
f658ddcf8e87de957a81bb92d44ce02913b427e8bccbe663669ee2613d355555,doppelpaymer__f658ddcf8e87de957a81bb92d44ce02913b427e8bccbe663669ee2613d355555,mendeley_ransomware,1,doppelpaymer,train,train,x86,doppelpaymer,unified_mendeley
f6c5fe6cf03045fa15b36adaaefba0b3a2bee19551c34b61f886904c5060f457,doppelpaymer__f6c5fe6cf03045fa15b36adaaefba0b3a2bee19551c34b61f886904c5060f457,mendeley_ransomware,1,doppelpaymer,train,train,x86,doppelpaymer,unified_mendeley
fb04d01431c33b1ec19cc2986e48174e97a0c62fdab1ec08cacf3969f3d51bda,doppelpaymer__fb04d01431c33b1ec19cc2986e48174e97a0c62fdab1ec08cacf3969f3d51bda,mendeley_ransomware,1,doppelpaymer,train,train,x86,doppelpaymer,unified_mendeley
027d99aaaa6803a07d07ce0ba1fa66964388129d3b26dcf8621a3310692b0a61,exorcist__027d99aaaa6803a07d07ce0ba1fa66964388129d3b26dcf8621a3310692b0a61,mendeley_ransomware,1,exorcist,train,train,x86,exorcist,unified_mendeley
2b37a372626063afce9e08199342a41bbe4183b0d5ba7864ff61eb6e6f7c4fdf,exorcist__2b37a372626063afce9e08199342a41bbe4183b0d5ba7864ff61eb6e6f7c4fdf,mendeley_ransomware,1,exorcist,train,train,x64,exorcist,unified_mendeley
428ce154645d5d70743dcd489ce18e3618f7a9b8fe6856584c1501d5e5841a8b,exorcist__428ce154645d5d70743dcd489ce18e3618f7a9b8fe6856584c1501d5e5841a8b,mendeley_ransomware,1,exorcist,train,train,x86,exorcist,unified_mendeley
4d1b3c3907d6ad35f69899e5e8244e541e86e643c2628b61f254341ff95ecb52,exorcist__4d1b3c3907d6ad35f69899e5e8244e541e86e643c2628b61f254341ff95ecb52,mendeley_ransomware,1,exorcist,train,train,x86,exorcist,unified_mendeley
6db3aae21a6d80857c85f58c4c8b2cf9c6b7f8b8a9ab1d5496d18eaf9bd0bd01,exorcist__6db3aae21a6d80857c85f58c4c8b2cf9c6b7f8b8a9ab1d5496d18eaf9bd0bd01,mendeley_ransomware,1,exorcist,train,train,x86,exorcist,unified_mendeley
793dcc731fa2c6f7406fd52c7ac43926ac23e39badce09677128cce0192e19b0,exorcist__793dcc731fa2c6f7406fd52c7ac43926ac23e39badce09677128cce0192e19b0,mendeley_ransomware,1,exorcist,train,train,x64,exorcist,unified_mendeley
8ce8636d2b4807cf66f78156ad7af4035202f6b770eed78b5fe875d3e321b155,exorcist__8ce8636d2b4807cf66f78156ad7af4035202f6b770eed78b5fe875d3e321b155,mendeley_ransomware,1,exorcist,train,train,x86,exorcist,unified_mendeley
8d684a790a5683b8decde9fb5a819c4a164d3032723a151a30ff26d3c2b1aabf,exorcist__8d684a790a5683b8decde9fb5a819c4a164d3032723a151a30ff26d3c2b1aabf,mendeley_ransomware,1,exorcist,train,train,x86,exorcist,unified_mendeley
8da469200a4b3899b23a34232eec537f12c621aa3c8766a9745d8ff721ef5296,exorcist__8da469200a4b3899b23a34232eec537f12c621aa3c8766a9745d8ff721ef5296,mendeley_ransomware,1,exorcist,train,train,x86,exorcist,unified_mendeley
a7e27cc38a39ff242da39d05e04b95ea9b656829dfe2e90e8226351da8813d7d,exorcist__a7e27cc38a39ff242da39d05e04b95ea9b656829dfe2e90e8226351da8813d7d,mendeley_ransomware,1,exorcist,train,train,x86,exorcist,unified_mendeley
b1280c85c41ba01ae9d6bf83b8d1483033dce2d15133b273e303cf935e0be9f8,exorcist__b1280c85c41ba01ae9d6bf83b8d1483033dce2d15133b273e303cf935e0be9f8,mendeley_ransomware,1,exorcist,train,train,x64,exorcist,unified_mendeley
b1bcc54ef15f91d9291357eca02862174bd6158e95813eff1ab0c16ba48ff10e,exorcist__b1bcc54ef15f91d9291357eca02862174bd6158e95813eff1ab0c16ba48ff10e,mendeley_ransomware,1,exorcist,train,train,x86,exorcist,unified_mendeley
bf6e5f9d060ebc5bb70144ca6e795bfc249c6590ab9f45e258ec9b5f3d49eeb6,exorcist__bf6e5f9d060ebc5bb70144ca6e795bfc249c6590ab9f45e258ec9b5f3d49eeb6,mendeley_ransomware,1,exorcist,train,train,x86,exorcist,unified_mendeley
cea934f291a4be8edb7b29e5c960093da9ee47195e53720dd6df5c977e741f4f,exorcist__cea934f291a4be8edb7b29e5c960093da9ee47195e53720dd6df5c977e741f4f,mendeley_ransomware,1,exorcist,train,train,x86,exorcist,unified_mendeley
dfecb46078038bcfa9d0b8db18bdc0646f33bad55ee7dd5ee46e61c6cf399620,exorcist__dfecb46078038bcfa9d0b8db18bdc0646f33bad55ee7dd5ee46e61c6cf399620,mendeley_ransomware,1,exorcist,train,train,x86,exorcist,unified_mendeley
eeb8a83d7532797d39d060ffb2a65562e8d803c4dbd8379289f99367cac2f850,exorcist__eeb8a83d7532797d39d060ffb2a65562e8d803c4dbd8379289f99367cac2f850,mendeley_ransomware,1,exorcist,train,train,x64,exorcist,unified_mendeley
f86e27e58356c554269b93713ea53b797d92359f0abb25bf70fe2de278278f7f,exorcist__f86e27e58356c554269b93713ea53b797d92359f0abb25bf70fe2de278278f7f,mendeley_ransomware,1,exorcist,train,train,x86,exorcist,unified_mendeley
0030c9190c6f96dffea80d960cf4d87aacbeffb2f08c2c9e7a60b318bd636dbf,gandcrab__0030c9190c6f96dffea80d960cf4d87aacbeffb2f08c2c9e7a60b318bd636dbf,mendeley_ransomware,1,gandcrab,train,train,x86,gandcrab,unified_mendeley
007988b1ffdce1e161071f92a130b64650735a5eed6445806c2c967d0902c286,gandcrab__007988b1ffdce1e161071f92a130b64650735a5eed6445806c2c967d0902c286,mendeley_ransomware,1,gandcrab,train,train,x86,gandcrab,unified_mendeley
07c82be075c33f06ef8e411d5f32e7b3d51a47be63233f2d66250cbf2903b777,gandcrab__07c82be075c33f06ef8e411d5f32e7b3d51a47be63233f2d66250cbf2903b777,mendeley_ransomware,1,gandcrab,train,train,x86,gandcrab,unified_mendeley
098aad386b0f549cefddf2001dba9f31f40d88a3618cd3a8d5589b4b0b467342,gandcrab__098aad386b0f549cefddf2001dba9f31f40d88a3618cd3a8d5589b4b0b467342,mendeley_ransomware,1,gandcrab,train,train,x86,gandcrab,unified_mendeley
0d38a79805947ec49ba34769b9a9f9cdfc4032c3c7112bed465d46b09b587ef9,gandcrab__0d38a79805947ec49ba34769b9a9f9cdfc4032c3c7112bed465d46b09b587ef9,mendeley_ransomware,1,gandcrab,train,train,x86,gandcrab,unified_mendeley
0d8a1610fbe90831d4aae127563c8b6d0f0fe85aae3cd7062013f74cf38be4f0,gandcrab__0d8a1610fbe90831d4aae127563c8b6d0f0fe85aae3cd7062013f74cf38be4f0,mendeley_ransomware,1,gandcrab,train,train,x86,gandcrab,unified_mendeley
137e0d194e572f779a9334960063f1c482e73d4758d75663f2a298393bc52bea,gandcrab__137e0d194e572f779a9334960063f1c482e73d4758d75663f2a298393bc52bea,mendeley_ransomware,1,gandcrab,train,train,x86,gandcrab,unified_mendeley
1673a950aa003ed5110d0ced961bfb29e9acd424897cd27d846f3a686d73678c,gandcrab__1673a950aa003ed5110d0ced961bfb29e9acd424897cd27d846f3a686d73678c,mendeley_ransomware,1,gandcrab,train,train,x86,gandcrab,unified_mendeley
1b808c06993ff740e36df55805d367217933c17bff9a34c6767a5e6f3d4453fd,gandcrab__1b808c06993ff740e36df55805d367217933c17bff9a34c6767a5e6f3d4453fd,mendeley_ransomware,1,gandcrab,train,train,x86,gandcrab,unified_mendeley
2698c0506fd1c0332cfab3d1a7b3438269f2a2d1168eb3d09c83d805bf0724b1,gandcrab__2698c0506fd1c0332cfab3d1a7b3438269f2a2d1168eb3d09c83d805bf0724b1,mendeley_ransomware,1,gandcrab,train,train,x86,gandcrab,unified_mendeley
2c9538b89e32cac819526b5ec77a19cd32ec88c60631bec1f00311c11e3b0219,gandcrab__2c9538b89e32cac819526b5ec77a19cd32ec88c60631bec1f00311c11e3b0219,mendeley_ransomware,1,gandcrab,train,train,x86,gandcrab,unified_mendeley
2e92f62d73a7157e74bf3810356b799cfb77bf57b97e6f8c9261f02ed1ce944c,gandcrab__2e92f62d73a7157e74bf3810356b799cfb77bf57b97e6f8c9261f02ed1ce944c,mendeley_ransomware,1,gandcrab,train,train,x86,gandcrab,unified_mendeley
2fbe3c62a6ee7966c9bbc46be6e38d2a442fe544f38e74312b25f32f38d72715,gandcrab__2fbe3c62a6ee7966c9bbc46be6e38d2a442fe544f38e74312b25f32f38d72715,mendeley_ransomware,1,gandcrab,train,train,x86,gandcrab,unified_mendeley
33d1fcc12e2e01e484477df9a0c748fa6efd96fb2d004f6af7413939ebf36e12,gandcrab__33d1fcc12e2e01e484477df9a0c748fa6efd96fb2d004f6af7413939ebf36e12,mendeley_ransomware,1,gandcrab,train,train,x86,gandcrab,unified_mendeley
4837a97055193bf58d97c1c0e46dafdb754a5bd7654908231e3fb6cd650eec4c,gandcrab__4837a97055193bf58d97c1c0e46dafdb754a5bd7654908231e3fb6cd650eec4c,mendeley_ransomware,1,gandcrab,train,train,x86,gandcrab,unified_mendeley
4864e064c66cfa321ff21d0730b9d2e78009803b3c99b1500b8ccdf31efd4b7d,gandcrab__4864e064c66cfa321ff21d0730b9d2e78009803b3c99b1500b8ccdf31efd4b7d,mendeley_ransomware,1,gandcrab,train,train,x86,gandcrab,unified_mendeley
4b5fe7497864d07f78af15fa3e1aa3702b303b89f9644624871d83dd0f484749,gandcrab__4b5fe7497864d07f78af15fa3e1aa3702b303b89f9644624871d83dd0f484749,mendeley_ransomware,1,gandcrab,train,train,x86,gandcrab,unified_mendeley
4be2d7cc2d715d7e5b87eb21f0c984f4da961d63aec448c790800fc1f76f2b98,gandcrab__4be2d7cc2d715d7e5b87eb21f0c984f4da961d63aec448c790800fc1f76f2b98,mendeley_ransomware,1,gandcrab,train,train,x86,gandcrab,unified_mendeley
52f2b6380b492c175837418285cbefa51f1de3187d00c01383bb5f9ca4ebe7db,gandcrab__52f2b6380b492c175837418285cbefa51f1de3187d00c01383bb5f9ca4ebe7db,mendeley_ransomware,1,gandcrab,train,train,x86,gandcrab,unified_mendeley
5c95c59b3a7fc2dfa43c0b372e3ae5af566d458d35296f3bd4313bbc4dcf050b,gandcrab__5c95c59b3a7fc2dfa43c0b372e3ae5af566d458d35296f3bd4313bbc4dcf050b,mendeley_ransomware,1,gandcrab,train,train,x86,gandcrab,unified_mendeley
5c9fec26413d6b015d395afb86b87bb0ef245618bfae2d6c3a9bffb3fc56052c,gandcrab__5c9fec26413d6b015d395afb86b87bb0ef245618bfae2d6c3a9bffb3fc56052c,mendeley_ransomware,1,gandcrab,train,train,x86,gandcrab,unified_mendeley
64d341ecbc52f9d78080bf23559ec1778824979dd19498ee44032ec1d5224ff6,gandcrab__64d341ecbc52f9d78080bf23559ec1778824979dd19498ee44032ec1d5224ff6,mendeley_ransomware,1,gandcrab,train,train,x86,gandcrab,unified_mendeley
650b1403bcd20a724261ecb656112ed5742610e41097d05d5eff160ce8fd0f91,gandcrab__650b1403bcd20a724261ecb656112ed5742610e41097d05d5eff160ce8fd0f91,mendeley_ransomware,1,gandcrab,train,train,x86,gandcrab,unified_mendeley
657ba4fed4cbf7c0b83967bfc80be084fb0a55afe6393914742232810275f052,gandcrab__657ba4fed4cbf7c0b83967bfc80be084fb0a55afe6393914742232810275f052,mendeley_ransomware,1,gandcrab,train,train,x86,gandcrab,unified_mendeley
6f4de91333804c26c9b9807a8480bd2b7c7116bd42c3ad3f8f3d6d835d2153b2,gandcrab__6f4de91333804c26c9b9807a8480bd2b7c7116bd42c3ad3f8f3d6d835d2153b2,mendeley_ransomware,1,gandcrab,train,train,x86,gandcrab,unified_mendeley
7a6daa99265f10fe73576aafdfcf5c8ccbd9602d482f999cdc53c7b4c7f89687,gandcrab__7a6daa99265f10fe73576aafdfcf5c8ccbd9602d482f999cdc53c7b4c7f89687,mendeley_ransomware,1,gandcrab,train,train,x86,gandcrab,unified_mendeley
7cbc7453ac42556c52a88011cca5e634d86a3f5398e44c8d33b3c08f0ffde633,gandcrab__7cbc7453ac42556c52a88011cca5e634d86a3f5398e44c8d33b3c08f0ffde633,mendeley_ransomware,1,gandcrab,train,train,x86,gandcrab,unified_mendeley
81e34ce24935bf192ee0eff4a43c673ff65a36e4f6c5a12973371c7389037625,gandcrab__81e34ce24935bf192ee0eff4a43c673ff65a36e4f6c5a12973371c7389037625,mendeley_ransomware,1,gandcrab,train,train,x86,gandcrab,unified_mendeley
872bf2c276fe3242513c2ed1b254a5ab3c0dea273dde944c05b711697811753f,gandcrab__872bf2c276fe3242513c2ed1b254a5ab3c0dea273dde944c05b711697811753f,mendeley_ransomware,1,gandcrab,train,train,x86,gandcrab,unified_mendeley
97351c2e4ccee87ee68146c2efee6f138e03bcfc7b029d106661d00f40528039,gandcrab__97351c2e4ccee87ee68146c2efee6f138e03bcfc7b029d106661d00f40528039,mendeley_ransomware,1,gandcrab,train,train,x86,gandcrab,unified_mendeley
9f7b9c0a9f745304a16b2e3b699b6ad2b7d3835cd6305b112f2590a9386c7fca,gandcrab__9f7b9c0a9f745304a16b2e3b699b6ad2b7d3835cd6305b112f2590a9386c7fca,mendeley_ransomware,1,gandcrab,train,train,x86,gandcrab,unified_mendeley
a383ec861e033b3a0035caa3447aff798dc5f63f8931682610b09bae7c2cb88e,gandcrab__a383ec861e033b3a0035caa3447aff798dc5f63f8931682610b09bae7c2cb88e,mendeley_ransomware,1,gandcrab,train,train,x86,gandcrab,unified_mendeley
a45bd4059d804b586397f43ee95232378d519c6b8978d334e07f6047435fe926,gandcrab__a45bd4059d804b586397f43ee95232378d519c6b8978d334e07f6047435fe926,mendeley_ransomware,1,gandcrab,train,train,x86,gandcrab,unified_mendeley
a4934922ea9e1e6924f24bba64af5888d2b4df87ffb938d92304a5677549899b,gandcrab__a4934922ea9e1e6924f24bba64af5888d2b4df87ffb938d92304a5677549899b,mendeley_ransomware,1,gandcrab,train,train,x86,gandcrab,unified_mendeley
a81d350afaf97cc038b3f20b46d4757150d7854df5e56780326f91bc7d4fd215,gandcrab__a81d350afaf97cc038b3f20b46d4757150d7854df5e56780326f91bc7d4fd215,mendeley_ransomware,1,gandcrab,train,train,x86,gandcrab,unified_mendeley
adad8b68c55b43fb2344c3051a28514b9ee25c9664dc7b35f36477c923664519,gandcrab__adad8b68c55b43fb2344c3051a28514b9ee25c9664dc7b35f36477c923664519,mendeley_ransomware,1,gandcrab,train,train,x86,gandcrab,unified_mendeley
b42540e0be78f72f1c3578634f8c89fbc9bd838c425bcbe2aabb0816dd3d2f84,gandcrab__b42540e0be78f72f1c3578634f8c89fbc9bd838c425bcbe2aabb0816dd3d2f84,mendeley_ransomware,1,gandcrab,train,train,x86,gandcrab,unified_mendeley
b4f1fb8fea5f5155e0e7f4ecd22d4c4a9582df7fb240af41728ad98c70949c11,gandcrab__b4f1fb8fea5f5155e0e7f4ecd22d4c4a9582df7fb240af41728ad98c70949c11,mendeley_ransomware,1,gandcrab,train,train,x86,gandcrab,unified_mendeley
b86383ac86f27e1e6fc8656407bfbcd2462ee00640e7a310a6df265c9a0e2ae6,gandcrab__b86383ac86f27e1e6fc8656407bfbcd2462ee00640e7a310a6df265c9a0e2ae6,mendeley_ransomware,1,gandcrab,train,train,x86,gandcrab,unified_mendeley
c1eca612b5b4a7ac0076d05f8e4a6c5296296c1bf0139479b9c2dd02eb75d11f,gandcrab__c1eca612b5b4a7ac0076d05f8e4a6c5296296c1bf0139479b9c2dd02eb75d11f,mendeley_ransomware,1,gandcrab,train,train,x86,gandcrab,unified_mendeley
c45c084efff13cc2d01cecde8656f71c9b56b6f00704e35d1f019acc787858c4,gandcrab__c45c084efff13cc2d01cecde8656f71c9b56b6f00704e35d1f019acc787858c4,mendeley_ransomware,1,gandcrab,train,train,x86,gandcrab,unified_mendeley
cbcff29c73b151176818c93d10ae34a1be58c710bf8b4b86b4d8e13e2232264f,gandcrab__cbcff29c73b151176818c93d10ae34a1be58c710bf8b4b86b4d8e13e2232264f,mendeley_ransomware,1,gandcrab,train,train,x86,gandcrab,unified_mendeley
ce093ffa19f020a2b73719f653b5e0423df28ef1d59035d55e99154a85c5c668,gandcrab__ce093ffa19f020a2b73719f653b5e0423df28ef1d59035d55e99154a85c5c668,mendeley_ransomware,1,gandcrab,train,train,x86,gandcrab,unified_mendeley
ce8a3474f1be9d750b5a5d5447e8f66b651d215799c1b5acb261296426542659,gandcrab__ce8a3474f1be9d750b5a5d5447e8f66b651d215799c1b5acb261296426542659,mendeley_ransomware,1,gandcrab,train,train,x86,gandcrab,unified_mendeley
da8c0a6ac025e95d408e72e2656d4cad02d4a3b4027ecef9d97c1a12311f37b4,gandcrab__da8c0a6ac025e95d408e72e2656d4cad02d4a3b4027ecef9d97c1a12311f37b4,mendeley_ransomware,1,gandcrab,train,train,x86,gandcrab,unified_mendeley
dbb88de4201933bdb099b21f91786be636b6e4486765f023abd3319300ed0006,gandcrab__dbb88de4201933bdb099b21f91786be636b6e4486765f023abd3319300ed0006,mendeley_ransomware,1,gandcrab,train,train,x86,gandcrab,unified_mendeley
dc4e3c1a007475326c0a04eef870cecfd719c35f11908a113ce26355a62138ca,gandcrab__dc4e3c1a007475326c0a04eef870cecfd719c35f11908a113ce26355a62138ca,mendeley_ransomware,1,gandcrab,train,train,x86,gandcrab,unified_mendeley
dcdd516739eb88e2781d92429e58f7d97298d63d2a3b4df805f771407f02d33e,gandcrab__dcdd516739eb88e2781d92429e58f7d97298d63d2a3b4df805f771407f02d33e,mendeley_ransomware,1,gandcrab,train,train,x86,gandcrab,unified_mendeley
f0cce9bb1ede97017e6edac8f3372c522df26b73a6f136cfcfb2e1d94d0e3168,gandcrab__f0cce9bb1ede97017e6edac8f3372c522df26b73a6f136cfcfb2e1d94d0e3168,mendeley_ransomware,1,gandcrab,train,train,x86,gandcrab,unified_mendeley
05ae137c49d99b41296d91667f040082fc33d6f28acbccdc28cfbedf59f6f75b,hive__05ae137c49d99b41296d91667f040082fc33d6f28acbccdc28cfbedf59f6f75b,mendeley_ransomware,1,hive,test,test,x64,hive,unified_mendeley
06173ef5e0646e104caad18a0f849975dfcddf6c292edfa4c2980b8947502ac8,hive__06173ef5e0646e104caad18a0f849975dfcddf6c292edfa4c2980b8947502ac8,mendeley_ransomware,1,hive,test,test,x64,hive,unified_mendeley
065208b037a2691eb75a14f97bdbd9914122655d42f6249d2cca419a1e4ba6f1,hive__065208b037a2691eb75a14f97bdbd9914122655d42f6249d2cca419a1e4ba6f1,mendeley_ransomware,1,hive,test,test,x64,hive,unified_mendeley
08661aa84e59af054e1e7bcde2340b9b7ce83768273999c9ad055e6b6cbd4977,hive__08661aa84e59af054e1e7bcde2340b9b7ce83768273999c9ad055e6b6cbd4977,mendeley_ransomware,1,hive,test,test,x64,hive,unified_mendeley
0b71b4195c1dd5febd1bf22f62834c471e3c55f76ffa15d536b245652654ed94,hive__0b71b4195c1dd5febd1bf22f62834c471e3c55f76ffa15d536b245652654ed94,mendeley_ransomware,1,hive,test,test,x86,hive,unified_mendeley
15a290552f9cdc38b18e6c0babe7fdd52ff8abfa73ff823220fa994e7f023dc0,hive__15a290552f9cdc38b18e6c0babe7fdd52ff8abfa73ff823220fa994e7f023dc0,mendeley_ransomware,1,hive,test,test,x64,hive,unified_mendeley
1613ba0352b2e9b8d40d001de73c0b747413fae95707f646ac8ad9e3c2f9dce7,hive__1613ba0352b2e9b8d40d001de73c0b747413fae95707f646ac8ad9e3c2f9dce7,mendeley_ransomware,1,hive,test,test,x64,hive,unified_mendeley
1670e8bb8065d23e1b93ed8173f079f338abef880047da21af95dd4db57e20bd,hive__1670e8bb8065d23e1b93ed8173f079f338abef880047da21af95dd4db57e20bd,mendeley_ransomware,1,hive,test,test,x64,hive,unified_mendeley
16d0c9651cae4ca2641f9e875be9f7b39737292eede7a7870b6081922f40b4b1,hive__16d0c9651cae4ca2641f9e875be9f7b39737292eede7a7870b6081922f40b4b1,mendeley_ransomware,1,hive,test,test,x64,hive,unified_mendeley
174fce7e7e2df156a3496ad0f4ecbb8aa6e2b76befc1f5e7a5108601ac62fc70,hive__174fce7e7e2df156a3496ad0f4ecbb8aa6e2b76befc1f5e7a5108601ac62fc70,mendeley_ransomware,1,hive,test,test,x64,hive,unified_mendeley
199006f7d4dbc6ccdecbe99b18e8582ba42e6f66f6e3de865eebd3de095a3a63,hive__199006f7d4dbc6ccdecbe99b18e8582ba42e6f66f6e3de865eebd3de095a3a63,mendeley_ransomware,1,hive,test,test,x64,hive,unified_mendeley
1fb6c6be88080f6a91c33616a9aa4c839dbc1062a904eeacd9fd379a22962498,hive__1fb6c6be88080f6a91c33616a9aa4c839dbc1062a904eeacd9fd379a22962498,mendeley_ransomware,1,hive,test,test,x64,hive,unified_mendeley
201215fdd6ba159d22621f2424f75b25fbe6dac1c85126e174e4ae999ef88111,hive__201215fdd6ba159d22621f2424f75b25fbe6dac1c85126e174e4ae999ef88111,mendeley_ransomware,1,hive,test,test,x64,hive,unified_mendeley
206de75058a7dfa0b96784965baab63a137f2e89a97e623842e7d0bb3f12c2fc,hive__206de75058a7dfa0b96784965baab63a137f2e89a97e623842e7d0bb3f12c2fc,mendeley_ransomware,1,hive,test,test,x86,hive,unified_mendeley
29d2f9308947efac0c804497666e1f03d61bc9321fdb498152a5d481d1e61a35,hive__29d2f9308947efac0c804497666e1f03d61bc9321fdb498152a5d481d1e61a35,mendeley_ransomware,1,hive,test,test,x64,hive,unified_mendeley
30414f35f5ae50c9133017c6100b6f82dca0ca872ac6fbcf159b7b1d2303664f,hive__30414f35f5ae50c9133017c6100b6f82dca0ca872ac6fbcf159b7b1d2303664f,mendeley_ransomware,1,hive,test,test,x64,hive,unified_mendeley
32ff0e5d87ec16544b6ff936d6fd58023925c3bdabaf962c492f6b078cb01914,hive__32ff0e5d87ec16544b6ff936d6fd58023925c3bdabaf962c492f6b078cb01914,mendeley_ransomware,1,hive,test,test,x64,hive,unified_mendeley
33aceb3dc0681a56226d4cfce32eee7a431e66f5c746a4d6dc7506a72b317277,hive__33aceb3dc0681a56226d4cfce32eee7a431e66f5c746a4d6dc7506a72b317277,mendeley_ransomware,1,hive,test,test,x64,hive,unified_mendeley
3489cfa46b9cc21f3fbd73d3225b1f42223a9c14bec10c8d305f72192314a372,hive__3489cfa46b9cc21f3fbd73d3225b1f42223a9c14bec10c8d305f72192314a372,mendeley_ransomware,1,hive,test,test,x64,hive,unified_mendeley
36759cab7043cd7561ac6c3968832b30c9a442eff4d536e901d4ff70aef4d32d,hive__36759cab7043cd7561ac6c3968832b30c9a442eff4d536e901d4ff70aef4d32d,mendeley_ransomware,1,hive,test,test,x64,hive,unified_mendeley
382da46b770736639b495071c4c5a0b139eb486583b7b9548274ce6e4f663cb8,hive__382da46b770736639b495071c4c5a0b139eb486583b7b9548274ce6e4f663cb8,mendeley_ransomware,1,hive,test,test,x86,hive,unified_mendeley
4a484842f4376660894109a2123cd4e1917193efcce9b776e8c769fc667c05b3,hive__4a484842f4376660894109a2123cd4e1917193efcce9b776e8c769fc667c05b3,mendeley_ransomware,1,hive,test,test,x64,hive,unified_mendeley
4a5bc30a85bc4b000d8dcedf533c8049fb6d42f31c7a0a524aaa2a0275ac6c0f,hive__4a5bc30a85bc4b000d8dcedf533c8049fb6d42f31c7a0a524aaa2a0275ac6c0f,mendeley_ransomware,1,hive,test,test,x64,hive,unified_mendeley
4b62c93fbf0b964c4de93a0ce456bccdaee2908b3c0135b3f62912068a728d3e,hive__4b62c93fbf0b964c4de93a0ce456bccdaee2908b3c0135b3f62912068a728d3e,mendeley_ransomware,1,hive,test,test,x86,hive,unified_mendeley
4d15aa5d68b0e8b081c18d0ee5c06cc1758d17246a8d01b3c8ac48d1ef07610b,hive__4d15aa5d68b0e8b081c18d0ee5c06cc1758d17246a8d01b3c8ac48d1ef07610b,mendeley_ransomware,1,hive,test,test,x64,hive,unified_mendeley
545a22b900104571ca0718336c6dfe37574263f1670d55835859b30f9776b028,hive__545a22b900104571ca0718336c6dfe37574263f1670d55835859b30f9776b028,mendeley_ransomware,1,hive,test,test,x86,hive,unified_mendeley
6920e86a65fc94f9fd46c46c09187b802a13801904e06c6aa63c10e0c9197218,hive__6920e86a65fc94f9fd46c46c09187b802a13801904e06c6aa63c10e0c9197218,mendeley_ransomware,1,hive,test,test,x64,hive,unified_mendeley
70b278b5e01f7cc409a112892e8f2ff243afa0d0815d060e31a813ba24316d37,hive__70b278b5e01f7cc409a112892e8f2ff243afa0d0815d060e31a813ba24316d37,mendeley_ransomware,1,hive,test,test,x86,hive,unified_mendeley
7bdb4508714a56fe5e6d9eb757ee475d08809470c6a02baa901484f0697cc362,hive__7bdb4508714a56fe5e6d9eb757ee475d08809470c6a02baa901484f0697cc362,mendeley_ransomware,1,hive,test,test,x64,hive,unified_mendeley
7cb066628b72dafaf1ad07e3c98c8bc5520df2f3b417d5b0acb5ded1b0279347,hive__7cb066628b72dafaf1ad07e3c98c8bc5520df2f3b417d5b0acb5ded1b0279347,mendeley_ransomware,1,hive,test,test,x64,hive,unified_mendeley
7fb0391651fff5ea815395dd278986dc23af9e91036ce178dd25951758ea94c6,hive__7fb0391651fff5ea815395dd278986dc23af9e91036ce178dd25951758ea94c6,mendeley_ransomware,1,hive,test,test,x64,hive,unified_mendeley
89a9279a31e78ceb036d8be5b2e3c7aeb1021a05cff7bbd5e5025250c911234b,hive__89a9279a31e78ceb036d8be5b2e3c7aeb1021a05cff7bbd5e5025250c911234b,mendeley_ransomware,1,hive,test,test,x64,hive,unified_mendeley
9377cbf352b7aa61f79190789c669ab2d6855cb3429ce494bc79abe0267bf4cc,hive__9377cbf352b7aa61f79190789c669ab2d6855cb3429ce494bc79abe0267bf4cc,mendeley_ransomware,1,hive,test,test,x64,hive,unified_mendeley
a33e93343f46eafa16ccd18a9376f528e146de57673d9fad0a6ce68130cd9357,hive__a33e93343f46eafa16ccd18a9376f528e146de57673d9fad0a6ce68130cd9357,mendeley_ransomware,1,hive,test,test,x64,hive,unified_mendeley
a4878bb4655f21dd34b5a8a853ebea6b9cca292190c6ca180b4afe44077002ab,hive__a4878bb4655f21dd34b5a8a853ebea6b9cca292190c6ca180b4afe44077002ab,mendeley_ransomware,1,hive,test,test,x64,hive,unified_mendeley
b1bfc90de9dcea999dedf285c3d3d7e1901847d84ec297224a0d82720d0ed501,hive__b1bfc90de9dcea999dedf285c3d3d7e1901847d84ec297224a0d82720d0ed501,mendeley_ransomware,1,hive,test,test,x64,hive,unified_mendeley
b5daf399518d76b8e7ca86ada767d9e90fd0ae6efbe5acc2cc775b929f188228,hive__b5daf399518d76b8e7ca86ada767d9e90fd0ae6efbe5acc2cc775b929f188228,mendeley_ransomware,1,hive,test,test,x64,hive,unified_mendeley
b6b1ea26464c92c3d25956815c301caf6fa0da9723a2ef847e2bb9cd11563d8b,hive__b6b1ea26464c92c3d25956815c301caf6fa0da9723a2ef847e2bb9cd11563d8b,mendeley_ransomware,1,hive,test,test,x64,hive,unified_mendeley
bd7f4d6a3f224536879cca70b940b16251c56707124d52fb09ad828a889648cd,hive__bd7f4d6a3f224536879cca70b940b16251c56707124d52fb09ad828a889648cd,mendeley_ransomware,1,hive,test,test,x86,hive,unified_mendeley
bd9807c6e5c69f21153103703faa8067a9a883124bcfeb6b0f0645158a97d57d,hive__bd9807c6e5c69f21153103703faa8067a9a883124bcfeb6b0f0645158a97d57d,mendeley_ransomware,1,hive,test,test,x64,hive,unified_mendeley
c2fa59fb0c3ed403c5f115310bbb62621bc9ddbf5cba29730e16c65e53b88f64,hive__c2fa59fb0c3ed403c5f115310bbb62621bc9ddbf5cba29730e16c65e53b88f64,mendeley_ransomware,1,hive,test,test,x64,hive,unified_mendeley
c7c04bcd56f282bc27f160cc80ccab73485dd3123f2efb35b9726a8528b7950f,hive__c7c04bcd56f282bc27f160cc80ccab73485dd3123f2efb35b9726a8528b7950f,mendeley_ransomware,1,hive,test,test,x64,hive,unified_mendeley
cba0c8e316db8c6abcdb69f03936a803d81299d9ae4c59c77839c37cda752539,hive__cba0c8e316db8c6abcdb69f03936a803d81299d9ae4c59c77839c37cda752539,mendeley_ransomware,1,hive,test,test,x64,hive,unified_mendeley
d83a875db07877be5b2b67341d665a06f476f862a48363f30440091d359a749f,hive__d83a875db07877be5b2b67341d665a06f476f862a48363f30440091d359a749f,mendeley_ransomware,1,hive,test,test,x64,hive,unified_mendeley
da2128b5608ed39f1a4e4568e0751bd9f8cb4e8587f1a262314d13c03a6a8b9e,hive__da2128b5608ed39f1a4e4568e0751bd9f8cb4e8587f1a262314d13c03a6a8b9e,mendeley_ransomware,1,hive,test,test,x64,hive,unified_mendeley
e17cf8294694af4ed412123981f620908a192947aab6ecd0c31cc59f2ac540ce,hive__e17cf8294694af4ed412123981f620908a192947aab6ecd0c31cc59f2ac540ce,mendeley_ransomware,1,hive,test,test,x64,hive,unified_mendeley
e9def82da36450f16c48af3abbba2a31f53c9c2f6fae6cf895fbf10698c04ed2,hive__e9def82da36450f16c48af3abbba2a31f53c9c2f6fae6cf895fbf10698c04ed2,mendeley_ransomware,1,hive,test,test,x64,hive,unified_mendeley
ea953cb3c4858e971dc4d75a2a11a6d0af42af36c0cad9c3f1e08d4c6e5f2ef8,hive__ea953cb3c4858e971dc4d75a2a11a6d0af42af36c0cad9c3f1e08d4c6e5f2ef8,mendeley_ransomware,1,hive,test,test,x64,hive,unified_mendeley
edf745e4d22485a77b93437843023b27d072fcffb14ea91ca8f309b14d5c5826,hive__edf745e4d22485a77b93437843023b27d072fcffb14ea91ca8f309b14d5c5826,mendeley_ransomware,1,hive,test,test,x64,hive,unified_mendeley
eeee2a6820eedbe2a37e4c992dc6b3135ee0e340892d2acf74e8a5defb30c7d4,hive__eeee2a6820eedbe2a37e4c992dc6b3135ee0e340892d2acf74e8a5defb30c7d4,mendeley_ransomware,1,hive,test,test,x64,hive,unified_mendeley
541825cb652606c2ea12fd25a842a8b3456d025841c3a7f563655ef77bb67219,holyghost__541825cb652606c2ea12fd25a842a8b3456d025841c3a7f563655ef77bb67219,mendeley_ransomware,1,holyghost,test,test,x64,holyghost,unified_mendeley
99fc54786a72f32fd44c7391c2171ca31e72ca52725c68e2dde94d04c286fccd,holyghost__99fc54786a72f32fd44c7391c2171ca31e72ca52725c68e2dde94d04c286fccd,mendeley_ransomware,1,holyghost,test,test,x86,holyghost,unified_mendeley
bea866b327a2dc2aa104b7ad7307008919c06620771ec3715a059e675d9f40af,holyghost__bea866b327a2dc2aa104b7ad7307008919c06620771ec3715a059e675d9f40af,mendeley_ransomware,1,holyghost,test,test,x64,holyghost,unified_mendeley
f8fc2445a9814ca8cf48a979bff7f182d6538f4d1ff438cf259268e8b4b76f86,holyghost__f8fc2445a9814ca8cf48a979bff7f182d6538f4d1ff438cf259268e8b4b76f86,mendeley_ransomware,1,holyghost,test,test,x64,holyghost,unified_mendeley
04f76d44db4c3a8d810348f65e539f8d65af3ee764c058290033da8f5c508fc5,karma__04f76d44db4c3a8d810348f65e539f8d65af3ee764c058290033da8f5c508fc5,mendeley_ransomware,1,karma,test,test,x86,karma,unified_mendeley
0d037ee0252e4f26800bcf7c750f61d0c549b7ba0a522c75e8d96dcf4f689e27,karma__0d037ee0252e4f26800bcf7c750f61d0c549b7ba0a522c75e8d96dcf4f689e27,mendeley_ransomware,1,karma,test,test,x86,karma,unified_mendeley
124f3a5caf6eb464027f2865225a6a1238c3639e5b4a399f0f7f2dda7bd75aec,karma__124f3a5caf6eb464027f2865225a6a1238c3639e5b4a399f0f7f2dda7bd75aec,mendeley_ransomware,1,karma,test,test,x86,karma,unified_mendeley
19417c0a38a1206007a0cc82c0fc2e19db897214d27d0998bc4dbac53cc2788d,karma__19417c0a38a1206007a0cc82c0fc2e19db897214d27d0998bc4dbac53cc2788d,mendeley_ransomware,1,karma,test,test,x86,karma,unified_mendeley
1c41acdc2e9d8b89522ebb51d65b4c41d7fd130a14ce9d449edb05f53bbb8d59,karma__1c41acdc2e9d8b89522ebb51d65b4c41d7fd130a14ce9d449edb05f53bbb8d59,mendeley_ransomware,1,karma,test,test,x86,karma,unified_mendeley
1f6be41de7ce3d1b8b90856a85600326a3c1dc5ce5bfdaa1572568b1dd114a0f,karma__1f6be41de7ce3d1b8b90856a85600326a3c1dc5ce5bfdaa1572568b1dd114a0f,mendeley_ransomware,1,karma,test,test,x86,karma,unified_mendeley
34629751d8202be456dcf149b516afefc980a9128dd6096fd6286fee530a0d20,karma__34629751d8202be456dcf149b516afefc980a9128dd6096fd6286fee530a0d20,mendeley_ransomware,1,karma,test,test,x86,karma,unified_mendeley
3ff1b90dbad5d78397fdc731c3a3c080d91fc488ac9152793b538b74a1e2d8f3,karma__3ff1b90dbad5d78397fdc731c3a3c080d91fc488ac9152793b538b74a1e2d8f3,mendeley_ransomware,1,karma,test,test,x86,karma,unified_mendeley
4dec9a9044631caef283c7f39a576e4e5c1cc1e6a97ce5c60936a3a3d0097818,karma__4dec9a9044631caef283c7f39a576e4e5c1cc1e6a97ce5c60936a3a3d0097818,mendeley_ransomware,1,karma,test,test,x86,karma,unified_mendeley
6c98d424ab1b9bfba683eda340fef6540ffe4ec4634f4b95cf9c70fe4ab2de90,karma__6c98d424ab1b9bfba683eda340fef6540ffe4ec4634f4b95cf9c70fe4ab2de90,mendeley_ransomware,1,karma,test,test,x86,karma,unified_mendeley
84d24a16949b5a89162411ab98ab2230128d8f01a3d3695874394733ac2a1dbd,karma__84d24a16949b5a89162411ab98ab2230128d8f01a3d3695874394733ac2a1dbd,mendeley_ransomware,1,karma,test,test,x86,karma,unified_mendeley
a63937d94b4d0576c083398497f35abc2ed116138bd22fad4aec5714f83371b0,karma__a63937d94b4d0576c083398497f35abc2ed116138bd22fad4aec5714f83371b0,mendeley_ransomware,1,karma,test,test,x86,karma,unified_mendeley
ad841882052c3f9d856ad9a393232e0a59d28e17c240d23258f1dac62f903ab8,karma__ad841882052c3f9d856ad9a393232e0a59d28e17c240d23258f1dac62f903ab8,mendeley_ransomware,1,karma,test,test,x86,karma,unified_mendeley
00ad914476509f84b40f2dbe804dc7c37a1a24ef3472674574d3367079bf0a2a,lockbit__00ad914476509f84b40f2dbe804dc7c37a1a24ef3472674574d3367079bf0a2a,mendeley_ransomware,1,lockbit,train,train,x86,lockbit,unified_mendeley
04f65270c92dda82c759c1eee49cf8f4c98a2ed0071272e49132331fda482dba,lockbit__04f65270c92dda82c759c1eee49cf8f4c98a2ed0071272e49132331fda482dba,mendeley_ransomware,1,lockbit,train,train,x86,lockbit,unified_mendeley
082f91d85c437f415cea44b36afb4198da07b78593c836a398cd96365166e7d8,lockbit__082f91d85c437f415cea44b36afb4198da07b78593c836a398cd96365166e7d8,mendeley_ransomware,1,lockbit,train,train,x86,lockbit,unified_mendeley
0cd33e6b180862072a00a0c2f897afa754df071bcec3d13e581c41a5c27a3102,lockbit__0cd33e6b180862072a00a0c2f897afa754df071bcec3d13e581c41a5c27a3102,mendeley_ransomware,1,lockbit,train,train,x86,lockbit,unified_mendeley
21aab3925870f8e11cf4c94b9b84d252118278a50206e622b8148001e205213f,lockbit__21aab3925870f8e11cf4c94b9b84d252118278a50206e622b8148001e205213f,mendeley_ransomware,1,lockbit,train,train,x86,lockbit,unified_mendeley
2508d0ab9bed37a9f8d1ab04d2440849fcfc7e149971baf452a0440a924eeac5,lockbit__2508d0ab9bed37a9f8d1ab04d2440849fcfc7e149971baf452a0440a924eeac5,mendeley_ransomware,1,lockbit,train,train,x86,lockbit,unified_mendeley
33d79363679a3a7a1066a28784d1a472276389f7621af35a03dc643ea9b37165,lockbit__33d79363679a3a7a1066a28784d1a472276389f7621af35a03dc643ea9b37165,mendeley_ransomware,1,lockbit,train,train,x86,lockbit,unified_mendeley
3b52db44c2cdd8adfacb906362837ed449e96fcf761de4b1f26388b66b6edabe,lockbit__3b52db44c2cdd8adfacb906362837ed449e96fcf761de4b1f26388b66b6edabe,mendeley_ransomware,1,lockbit,train,train,x86,lockbit,unified_mendeley
40c436f4ac5193735d05cfe2375d29449a90269a718fba9d7af179317688e2fb,lockbit__40c436f4ac5193735d05cfe2375d29449a90269a718fba9d7af179317688e2fb,mendeley_ransomware,1,lockbit,train,train,x86,lockbit,unified_mendeley
411c61de0ff1356abeb8daed0e63c8214fd73685e6f3b6f73c96d07250d8542c,lockbit__411c61de0ff1356abeb8daed0e63c8214fd73685e6f3b6f73c96d07250d8542c,mendeley_ransomware,1,lockbit,train,train,x86,lockbit,unified_mendeley
43ae62f2d7be7a9bf34c9a46ce26b94e8f73c8b7ea434830f51553a0fc820d1b,lockbit__43ae62f2d7be7a9bf34c9a46ce26b94e8f73c8b7ea434830f51553a0fc820d1b,mendeley_ransomware,1,lockbit,train,train,x86,lockbit,unified_mendeley
4672f4ade47a4717255db6bcd9ae1fb6f4d71e85d059bb08e65df55d416126eb,lockbit__4672f4ade47a4717255db6bcd9ae1fb6f4d71e85d059bb08e65df55d416126eb,mendeley_ransomware,1,lockbit,train,train,x86,lockbit,unified_mendeley
50d08c974f7abce2da5c2a8976d3c6017334a418359d7bb031bd0914b848b24a,lockbit__50d08c974f7abce2da5c2a8976d3c6017334a418359d7bb031bd0914b848b24a,mendeley_ransomware,1,lockbit,train,train,x86,lockbit,unified_mendeley
51634f69ba2c47e171bc6ca7acb570eefe3fafdc2dfa78be46d9f1920cb309bd,lockbit__51634f69ba2c47e171bc6ca7acb570eefe3fafdc2dfa78be46d9f1920cb309bd,mendeley_ransomware,1,lockbit,train,train,x86,lockbit,unified_mendeley
53cb4674c759d5b16aa29618d36a6008e5d730585a1bcf3b465fd2517a0e90c2,lockbit__53cb4674c759d5b16aa29618d36a6008e5d730585a1bcf3b465fd2517a0e90c2,mendeley_ransomware,1,lockbit,train,train,x86,lockbit,unified_mendeley
54664bedb8b1e8e5a05a60490739080c757a234a71cbee0917f1bdfde3c95b97,lockbit__54664bedb8b1e8e5a05a60490739080c757a234a71cbee0917f1bdfde3c95b97,mendeley_ransomware,1,lockbit,train,train,x86,lockbit,unified_mendeley
54d14a53b99a62a19cd544c389fdf2dff02bea9fcaee7cf54f81b3ba8442877f,lockbit__54d14a53b99a62a19cd544c389fdf2dff02bea9fcaee7cf54f81b3ba8442877f,mendeley_ransomware,1,lockbit,train,train,x86,lockbit,unified_mendeley
5a67b802ccb3ff343066d6f285b8c933dbd9b43da1e7592f512d54d6e517b5ee,lockbit__5a67b802ccb3ff343066d6f285b8c933dbd9b43da1e7592f512d54d6e517b5ee,mendeley_ransomware,1,lockbit,train,train,x86,lockbit,unified_mendeley
626a4fa1f52623e89b3011c37c2d3ca4069dc5a4d3f5c4f74d4579c2d3d50356,lockbit__626a4fa1f52623e89b3011c37c2d3ca4069dc5a4d3f5c4f74d4579c2d3d50356,mendeley_ransomware,1,lockbit,train,train,x86,lockbit,unified_mendeley
69310d0c9f42dd45ee986a3220f40e860ce4c9b24ab83a85c4f2f5c15439d6f5,lockbit__69310d0c9f42dd45ee986a3220f40e860ce4c9b24ab83a85c4f2f5c15439d6f5,mendeley_ransomware,1,lockbit,train,train,x86,lockbit,unified_mendeley
7363f13db048624a97528e2a2592e6657e4882028933506b5df9ecc62f869528,lockbit__7363f13db048624a97528e2a2592e6657e4882028933506b5df9ecc62f869528,mendeley_ransomware,1,lockbit,train,train,x86,lockbit,unified_mendeley
80e8fadc73c34a227ed4cc9c5c822391c593c3eaba8d841feb4f4b3c7234d08e,lockbit__80e8fadc73c34a227ed4cc9c5c822391c593c3eaba8d841feb4f4b3c7234d08e,mendeley_ransomware,1,lockbit,train,train,x86,lockbit,unified_mendeley
85d83b744c8837c9391358a4e75e364d52aa35e7727b61331b5085be363d59b3,lockbit__85d83b744c8837c9391358a4e75e364d52aa35e7727b61331b5085be363d59b3,mendeley_ransomware,1,lockbit,train,train,x86,lockbit,unified_mendeley
8d141b8ef137032125cece55ec945038c35d4eeed54ce43e0b99c2731e8790ba,lockbit__8d141b8ef137032125cece55ec945038c35d4eeed54ce43e0b99c2731e8790ba,mendeley_ransomware,1,lockbit,train,train,x86,lockbit,unified_mendeley
95739e350d7f2aca2c609768ee72ad67fcf05efca5c7ad8df3027c82b9c454cf,lockbit__95739e350d7f2aca2c609768ee72ad67fcf05efca5c7ad8df3027c82b9c454cf,mendeley_ransomware,1,lockbit,train,train,x86,lockbit,unified_mendeley
9dd6cc25b2f920b825e15682a4d06435a42b281674ba6e99c8e2b2222c9d638f,lockbit__9dd6cc25b2f920b825e15682a4d06435a42b281674ba6e99c8e2b2222c9d638f,mendeley_ransomware,1,lockbit,train,train,x86,lockbit,unified_mendeley
a2ad5cc5045a1645f07da7eab14ba13eb69ab7286204f61ba6a4226bfade7f17,lockbit__a2ad5cc5045a1645f07da7eab14ba13eb69ab7286204f61ba6a4226bfade7f17,mendeley_ransomware,1,lockbit,train,train,x86,lockbit,unified_mendeley
a4c7080ed8a6caa39e35dd47234c0960f91e43135186378c064f90291a0455c6,lockbit__a4c7080ed8a6caa39e35dd47234c0960f91e43135186378c064f90291a0455c6,mendeley_ransomware,1,lockbit,train,train,x86,lockbit,unified_mendeley
a696ad284e82463e8e7942976bc517feb4247e42d14595c5997c2e6558dc17a9,lockbit__a696ad284e82463e8e7942976bc517feb4247e42d14595c5997c2e6558dc17a9,mendeley_ransomware,1,lockbit,train,train,x86,lockbit,unified_mendeley
a9cb8fb06970ee8652983bdad227d24f50133853b64e29b76bae98b4063409b3,lockbit__a9cb8fb06970ee8652983bdad227d24f50133853b64e29b76bae98b4063409b3,mendeley_ransomware,1,lockbit,train,train,x86,lockbit,unified_mendeley
ac123fae7b38fab3b9dfc3b28af23688d1ad1e66b659ab38e75ca334d7c91bf2,lockbit__ac123fae7b38fab3b9dfc3b28af23688d1ad1e66b659ab38e75ca334d7c91bf2,mendeley_ransomware,1,lockbit,train,train,x86,lockbit,unified_mendeley
bcbb1e388759eea5c1fbb4f35c29b6f66f3f4ca4c715bab35c8fc56dcf3fa621,lockbit__bcbb1e388759eea5c1fbb4f35c29b6f66f3f4ca4c715bab35c8fc56dcf3fa621,mendeley_ransomware,1,lockbit,train,train,x86,lockbit,unified_mendeley
bdc2801e747ee4dd2b50b1ecd3fa3eb53b6c8101ec37eff8d18e485a7f4a7bd0,lockbit__bdc2801e747ee4dd2b50b1ecd3fa3eb53b6c8101ec37eff8d18e485a7f4a7bd0,mendeley_ransomware,1,lockbit,train,train,x86,lockbit,unified_mendeley
c64105b9808685b07ce4a6d47d797cbe7c045101fb793ff9389a6620c7755bb7,lockbit__c64105b9808685b07ce4a6d47d797cbe7c045101fb793ff9389a6620c7755bb7,mendeley_ransomware,1,lockbit,train,train,x86,lockbit,unified_mendeley
d03a96edaf798e9a80442f4fc4fe0c8cb1a2ba3a1876f9defdc6c28ba266a77d,lockbit__d03a96edaf798e9a80442f4fc4fe0c8cb1a2ba3a1876f9defdc6c28ba266a77d,mendeley_ransomware,1,lockbit,train,train,x86,lockbit,unified_mendeley
d0de5ea05083d0284943accb929c6700592b230af4d6b05e281760b64b97802e,lockbit__d0de5ea05083d0284943accb929c6700592b230af4d6b05e281760b64b97802e,mendeley_ransomware,1,lockbit,train,train,x86,lockbit,unified_mendeley
d5ea463e0719ee2d1705ff305cdd8529bd2ff23dde79c502c4f478937a91f874,lockbit__d5ea463e0719ee2d1705ff305cdd8529bd2ff23dde79c502c4f478937a91f874,mendeley_ransomware,1,lockbit,train,train,x86,lockbit,unified_mendeley
dad101c7193fd0b995723ec830aade763d853665fdc9cf9f0bc77adf25b460ce,lockbit__dad101c7193fd0b995723ec830aade763d853665fdc9cf9f0bc77adf25b460ce,mendeley_ransomware,1,lockbit,train,train,x86,lockbit,unified_mendeley
dec4ca3a0863919f85c2a1a4a7e607e68063a9be1719ccb395353fe4a2d087e5,lockbit__dec4ca3a0863919f85c2a1a4a7e607e68063a9be1719ccb395353fe4a2d087e5,mendeley_ransomware,1,lockbit,train,train,x86,lockbit,unified_mendeley
df232fc543fc078df14cd07e7ad676d1b53e1de4f1909512ac97b03c2e1d1c51,lockbit__df232fc543fc078df14cd07e7ad676d1b53e1de4f1909512ac97b03c2e1d1c51,mendeley_ransomware,1,lockbit,train,train,x86,lockbit,unified_mendeley
dfc52af21bad04c3860c0cdb5c8e7760b3fd1e5abbe038154f956a7dd1d6437c,lockbit__dfc52af21bad04c3860c0cdb5c8e7760b3fd1e5abbe038154f956a7dd1d6437c,mendeley_ransomware,1,lockbit,train,train,x86,lockbit,unified_mendeley
e216372e4328f1cf5cf39a73540b508adc8d777fef90ca77af635c2331deb5cc,lockbit__e216372e4328f1cf5cf39a73540b508adc8d777fef90ca77af635c2331deb5cc,mendeley_ransomware,1,lockbit,train,train,x86,lockbit,unified_mendeley
e31c78b7d21539b10d3b70317135f843217881270f7356b0a2e197d698833d01,lockbit__e31c78b7d21539b10d3b70317135f843217881270f7356b0a2e197d698833d01,mendeley_ransomware,1,lockbit,train,train,x86,lockbit,unified_mendeley
e75e79383b75613f4c1b87eef929cf719d9b344c4de122ab4139ad2328d38aed,lockbit__e75e79383b75613f4c1b87eef929cf719d9b344c4de122ab4139ad2328d38aed,mendeley_ransomware,1,lockbit,train,train,x86,lockbit,unified_mendeley
ead321bd27e49aa74c46662449189289dede9d0a70b017abaf9fe3a4c76e5760,lockbit__ead321bd27e49aa74c46662449189289dede9d0a70b017abaf9fe3a4c76e5760,mendeley_ransomware,1,lockbit,train,train,x86,lockbit,unified_mendeley
ee2115e39ffc78a185d533fab74ee5683f233c3d0865443ea9fcadead1fc99ea,lockbit__ee2115e39ffc78a185d533fab74ee5683f233c3d0865443ea9fcadead1fc99ea,mendeley_ransomware,1,lockbit,train,train,x86,lockbit,unified_mendeley
faaa06208acdf230496128dfd656984d3f0f99a9b5be4f2cbaaec0bb830bdcf9,lockbit__faaa06208acdf230496128dfd656984d3f0f99a9b5be4f2cbaaec0bb830bdcf9,mendeley_ransomware,1,lockbit,train,train,x86,lockbit,unified_mendeley
1264b40feaa824d5ba31cef3c8a4ede230c61ef71c8a7994875deefe32bd8b3d,lorenz__1264b40feaa824d5ba31cef3c8a4ede230c61ef71c8a7994875deefe32bd8b3d,mendeley_ransomware,1,lorenz,test,test,x86,lorenz,unified_mendeley
40ff1ab8ac09057421079dae83fb675d7a2a3da6c7d0cd6400a0d720c5b0f58c,lorenz__40ff1ab8ac09057421079dae83fb675d7a2a3da6c7d0cd6400a0d720c5b0f58c,mendeley_ransomware,1,lorenz,test,test,x86,lorenz,unified_mendeley
427713275e7c4515e3c577684a7c5f96e45771fee54f1c3162a2d6a2cc4cd76e,lorenz__427713275e7c4515e3c577684a7c5f96e45771fee54f1c3162a2d6a2cc4cd76e,mendeley_ransomware,1,lorenz,test,test,x86,lorenz,unified_mendeley
4b1170f7774acfdc5517fbe1c911f2bd9f1af498f3c3d25078f05c95701cc999,lorenz__4b1170f7774acfdc5517fbe1c911f2bd9f1af498f3c3d25078f05c95701cc999,mendeley_ransomware,1,lorenz,test,test,x86,lorenz,unified_mendeley
5b03b861884cb3e14a8b888c7dee2ee0d494933df863d504882345fa278d1ea5,lorenz__5b03b861884cb3e14a8b888c7dee2ee0d494933df863d504882345fa278d1ea5,mendeley_ransomware,1,lorenz,test,test,x86,lorenz,unified_mendeley
71cdbbc62e10983db183ca60ab964c1a3dab0d279c5326b2e920522480780956,lorenz__71cdbbc62e10983db183ca60ab964c1a3dab0d279c5326b2e920522480780956,mendeley_ransomware,1,lorenz,test,test,x86,lorenz,unified_mendeley
7275034886da11ca6d828547f15cab259e22ba624c5f5762afd237aa686455dd,lorenz__7275034886da11ca6d828547f15cab259e22ba624c5f5762afd237aa686455dd,mendeley_ransomware,1,lorenz,test,test,x86,lorenz,unified_mendeley
8ea6a6d4578029c7b2dbbfb525ec88b2cb309901ec5a987847471b6101f0de41,lorenz__8ea6a6d4578029c7b2dbbfb525ec88b2cb309901ec5a987847471b6101f0de41,mendeley_ransomware,1,lorenz,test,test,x86,lorenz,unified_mendeley
8f9024ac4d0420ebf43fb0fb77d3aa4be926234d1a0308804ccd71b99761d40e,lorenz__8f9024ac4d0420ebf43fb0fb77d3aa4be926234d1a0308804ccd71b99761d40e,mendeley_ransomware,1,lorenz,test,test,x86,lorenz,unified_mendeley
971f0a32094b8ac10712503305ac6789048d190a209c436839e2e6b0acb016f3,lorenz__971f0a32094b8ac10712503305ac6789048d190a209c436839e2e6b0acb016f3,mendeley_ransomware,1,lorenz,test,test,x86,lorenz,unified_mendeley
a0ccb9019b90716c8ee1bc0829e0e04cf7166be2f25987abbc8987e65cef2e6f,lorenz__a0ccb9019b90716c8ee1bc0829e0e04cf7166be2f25987abbc8987e65cef2e6f,mendeley_ransomware,1,lorenz,test,test,x86,lorenz,unified_mendeley
a9fdbc6d20b780ca42660ad4803f391308fa0243fbc515fd3c1acf935dd43c1e,lorenz__a9fdbc6d20b780ca42660ad4803f391308fa0243fbc515fd3c1acf935dd43c1e,mendeley_ransomware,1,lorenz,test,test,x86,lorenz,unified_mendeley
bdfb7e435f689c2c8d84d1b987c8abf84f300a1d4b9d1389b299937c751adb17,lorenz__bdfb7e435f689c2c8d84d1b987c8abf84f300a1d4b9d1389b299937c751adb17,mendeley_ransomware,1,lorenz,test,test,x86,lorenz,unified_mendeley
cef17b9289ba18c979b704648c0f2b736f65f9f9158b471bc2486b6c14e14a4d,lorenz__cef17b9289ba18c979b704648c0f2b736f65f9f9158b471bc2486b6c14e14a4d,mendeley_ransomware,1,lorenz,test,test,x86,lorenz,unified_mendeley
fcb8f82961a3f02c9e94da452c5efef868a2c2344fbaaeca51b3c710bb0df8cf,lorenz__fcb8f82961a3f02c9e94da452c5efef868a2c2344fbaaeca51b3c710bb0df8cf,mendeley_ransomware,1,lorenz,test,test,x86,lorenz,unified_mendeley
ff86191d98d0ce841e0973743aeb05fb354492d1983fe33521a285cf3c9bcc2e,lorenz__ff86191d98d0ce841e0973743aeb05fb354492d1983fe33521a285cf3c9bcc2e,mendeley_ransomware,1,lorenz,test,test,x86,lorenz,unified_mendeley
07d305bba3b31f810315d3c0a835e1bdb11e325f410a14fd7b732b8afda69507,makop__07d305bba3b31f810315d3c0a835e1bdb11e325f410a14fd7b732b8afda69507,mendeley_ransomware,1,makop,train,train,x86,makop,unified_mendeley
1066b29d5f34d57efa4877907fa846ea474c3f03b5c0759171929195347fa00c,makop__1066b29d5f34d57efa4877907fa846ea474c3f03b5c0759171929195347fa00c,mendeley_ransomware,1,makop,train,train,x86,makop,unified_mendeley
176cb863f10a9f2fac32eb5d75c01c91dadb99d229db56d2535a25067e55835f,makop__176cb863f10a9f2fac32eb5d75c01c91dadb99d229db56d2535a25067e55835f,mendeley_ransomware,1,makop,train,train,x86,makop,unified_mendeley
28aeaf450afc07c4db9c35814e130ca2c0b8448c85b573bbb59337c794782980,makop__28aeaf450afc07c4db9c35814e130ca2c0b8448c85b573bbb59337c794782980,mendeley_ransomware,1,makop,train,train,x86,makop,unified_mendeley
4cd59f4f2c399a3f23e2b4ae73d80a2136b2aed895bec72fa12e9b52a750d2cc,makop__4cd59f4f2c399a3f23e2b4ae73d80a2136b2aed895bec72fa12e9b52a750d2cc,mendeley_ransomware,1,makop,train,train,x86,makop,unified_mendeley
560d7fbb78858d4337f9a97226e137a27db581721641bab2e11d34ce55f5ddba,makop__560d7fbb78858d4337f9a97226e137a27db581721641bab2e11d34ce55f5ddba,mendeley_ransomware,1,makop,train,train,x86,makop,unified_mendeley
77703bf5f0224b4b6bc3c2333300eac887ce49e3e0bb4bc3d20b7e33cee749de,makop__77703bf5f0224b4b6bc3c2333300eac887ce49e3e0bb4bc3d20b7e33cee749de,mendeley_ransomware,1,makop,train,train,x86,makop,unified_mendeley
89a12a1980732a6d039f48d358968903f2a5af157413bdf3310dd0ebe765ae40,makop__89a12a1980732a6d039f48d358968903f2a5af157413bdf3310dd0ebe765ae40,mendeley_ransomware,1,makop,train,train,x86,makop,unified_mendeley
91e573ed92344a8eb7110e6af97f10b9f848f25f9f1a0fe411e2eef39e3dc342,makop__91e573ed92344a8eb7110e6af97f10b9f848f25f9f1a0fe411e2eef39e3dc342,mendeley_ransomware,1,makop,train,train,x86,makop,unified_mendeley
a617fdbff227afe8c89ba96d34724fb03c0c08857c508c8c80f3fedc916fe2b4,makop__a617fdbff227afe8c89ba96d34724fb03c0c08857c508c8c80f3fedc916fe2b4,mendeley_ransomware,1,makop,train,train,x86,makop,unified_mendeley
a6566bc4c76a36a0e880d2151e0a86a59c3af57082b7c83a669dba3f28afb959,makop__a6566bc4c76a36a0e880d2151e0a86a59c3af57082b7c83a669dba3f28afb959,mendeley_ransomware,1,makop,train,train,x86,makop,unified_mendeley
bc0ed3e73b8d1fdc839f2e8ed3578ca3221dba4eb984e581cb00dfb4cdfb7d49,makop__bc0ed3e73b8d1fdc839f2e8ed3578ca3221dba4eb984e581cb00dfb4cdfb7d49,mendeley_ransomware,1,makop,train,train,x86,makop,unified_mendeley
bc7965625bc87ba2730d9261ff122cf0a1d17cb64b8dad7a4b83d17029c8e1b4,makop__bc7965625bc87ba2730d9261ff122cf0a1d17cb64b8dad7a4b83d17029c8e1b4,mendeley_ransomware,1,makop,train,train,x86,makop,unified_mendeley
c23f9fca61a45de8a8808706523039b6385bc55d4b2b9545a5babf9d472700ec,makop__c23f9fca61a45de8a8808706523039b6385bc55d4b2b9545a5babf9d472700ec,mendeley_ransomware,1,makop,train,train,x86,makop,unified_mendeley
c311e0cd1b2052427260e95e3c7268451456167eb256a6032aa82d8e93ff6e34,makop__c311e0cd1b2052427260e95e3c7268451456167eb256a6032aa82d8e93ff6e34,mendeley_ransomware,1,makop,train,train,x86,makop,unified_mendeley
c34d0660da24b48480de58aaa394bd27f5a5b1ed9249d897ca4dde70312a87ec,makop__c34d0660da24b48480de58aaa394bd27f5a5b1ed9249d897ca4dde70312a87ec,mendeley_ransomware,1,makop,train,train,x86,makop,unified_mendeley
cb81d92235ea10499bf064b26c233dc498d24568e5b74f62249d63d1cf2a6c59,makop__cb81d92235ea10499bf064b26c233dc498d24568e5b74f62249d63d1cf2a6c59,mendeley_ransomware,1,makop,train,train,x86,makop,unified_mendeley
d07923f73f1b5f41ab02c3239468bc0eacfe31c02b84814b6bc522a98d9b4b22,makop__d07923f73f1b5f41ab02c3239468bc0eacfe31c02b84814b6bc522a98d9b4b22,mendeley_ransomware,1,makop,train,train,x86,makop,unified_mendeley
d64a2e8e21b9dd345095cbbe7a32ef47ac3d33012d350b9ec198db3838ca5eaa,makop__d64a2e8e21b9dd345095cbbe7a32ef47ac3d33012d350b9ec198db3838ca5eaa,mendeley_ransomware,1,makop,train,train,x86,makop,unified_mendeley
d779233bd09cb2c570f3a0965956c184e16d4e4783617f1d8b0c2b1e00d2a21a,makop__d779233bd09cb2c570f3a0965956c184e16d4e4783617f1d8b0c2b1e00d2a21a,mendeley_ransomware,1,makop,train,train,x86,makop,unified_mendeley
dc4f16af2ff3065b35e8b87c244c36013d228ed81f3f652d87637a968193a1c8,makop__dc4f16af2ff3065b35e8b87c244c36013d228ed81f3f652d87637a968193a1c8,mendeley_ransomware,1,makop,train,train,x86,makop,unified_mendeley
dc8fe9639a589c71112fc94da954701a72bcfc3f31df71ad52d10e6a5c3eb29f,makop__dc8fe9639a589c71112fc94da954701a72bcfc3f31df71ad52d10e6a5c3eb29f,mendeley_ransomware,1,makop,train,train,x86,makop,unified_mendeley
dffefbde27442b9095388b1871ffdc101c430b9a814138be4f962328a5b73fde,makop__dffefbde27442b9095388b1871ffdc101c430b9a814138be4f962328a5b73fde,mendeley_ransomware,1,makop,train,train,x86,makop,unified_mendeley
e4133986284c2640065ed2cc5798ee1751479732c169a8728f41536306a42ba2,makop__e4133986284c2640065ed2cc5798ee1751479732c169a8728f41536306a42ba2,mendeley_ransomware,1,makop,train,train,x86,makop,unified_mendeley
e85e974255245ba41d391acc207908eeddb5ec95285e5375496a89617c5fb843,makop__e85e974255245ba41d391acc207908eeddb5ec95285e5375496a89617c5fb843,mendeley_ransomware,1,makop,train,train,x86,makop,unified_mendeley
eba743212808c7565cc2f69a3a72e4e8c8b3c4d666fffe4ac2ab740fc6be596f,makop__eba743212808c7565cc2f69a3a72e4e8c8b3c4d666fffe4ac2ab740fc6be596f,mendeley_ransomware,1,makop,train,train,x86,makop,unified_mendeley
f8b9df9ad59e5ca3f91c0fd59d53a172205b1fee47496e85ed0711e6a8981bdd,makop__f8b9df9ad59e5ca3f91c0fd59d53a172205b1fee47496e85ed0711e6a8981bdd,mendeley_ransomware,1,makop,train,train,x86,makop,unified_mendeley
fa3621661fa0f97e266a8257980820cfd78272c11c7e2cfcd919fdf3356b3295,makop__fa3621661fa0f97e266a8257980820cfd78272c11c7e2cfcd919fdf3356b3295,mendeley_ransomware,1,makop,train,train,x86,makop,unified_mendeley
fc257f64a0279bb5ae221b968d3f38bbb7237a8475c165c5a8430fe6633e3fe6,makop__fc257f64a0279bb5ae221b968d3f38bbb7237a8475c165c5a8430fe6633e3fe6,mendeley_ransomware,1,makop,train,train,x86,makop,unified_mendeley
fe52d906fa596e7ae16633074ff7178b3ac40e26a93f0009f1b33d5cbf219e91,makop__fe52d906fa596e7ae16633074ff7178b3ac40e26a93f0009f1b33d5cbf219e91,mendeley_ransomware,1,makop,train,train,x86,makop,unified_mendeley
45d8ac1ac692d6bb0fe776620371fca02b60cac8db23c4cc7ab5df262da42b78,maui__45d8ac1ac692d6bb0fe776620371fca02b60cac8db23c4cc7ab5df262da42b78,mendeley_ransomware,1,maui,test,test,x86,maui,unified_mendeley
5b7ecf7e9d0715f1122baf4ce745c5fcd769dee48150616753fec4d6da16e99e,maui__5b7ecf7e9d0715f1122baf4ce745c5fcd769dee48150616753fec4d6da16e99e,mendeley_ransomware,1,maui,test,test,x86,maui,unified_mendeley
830207029d83fd46a4a89cd623103ba2321b866428aa04360376e6a390063570,maui__830207029d83fd46a4a89cd623103ba2321b866428aa04360376e6a390063570,mendeley_ransomware,1,maui,test,test,x86,maui,unified_mendeley
033d88301b55148a4498c2ec6b5209ad5f539c81b652e294889642a3aa0399c0,maze__033d88301b55148a4498c2ec6b5209ad5f539c81b652e294889642a3aa0399c0,mendeley_ransomware,1,maze,train,train,x86,maze,unified_mendeley
04e22ab46a8d5dc5fea6c41ea6fdc913b793a4e33df8f0bc1868b72b180c0e6e,maze__04e22ab46a8d5dc5fea6c41ea6fdc913b793a4e33df8f0bc1868b72b180c0e6e,mendeley_ransomware,1,maze,train,train,x86,maze,unified_mendeley
05297f8224bf663a3376a5983377e747a56256a18b30c914a2e10d5d5a144862,maze__05297f8224bf663a3376a5983377e747a56256a18b30c914a2e10d5d5a144862,mendeley_ransomware,1,maze,train,train,x86,maze,unified_mendeley
0624ac72025625c84cf14eb1bb30791f4c0ceb1114796c261fb2a02dc70fbac3,maze__0624ac72025625c84cf14eb1bb30791f4c0ceb1114796c261fb2a02dc70fbac3,mendeley_ransomware,1,maze,train,train,x86,maze,unified_mendeley
067f1b8f1e0b2bfe286f5169e17834e8cf7f4266b8d97f28ea78995dc81b0e7b,maze__067f1b8f1e0b2bfe286f5169e17834e8cf7f4266b8d97f28ea78995dc81b0e7b,mendeley_ransomware,1,maze,train,train,x86,maze,unified_mendeley
0b9c99276ed36110afc58b3fb59ada135146180189c25d99618ca5897537ee21,maze__0b9c99276ed36110afc58b3fb59ada135146180189c25d99618ca5897537ee21,mendeley_ransomware,1,maze,train,train,x86,maze,unified_mendeley
0f489f6c5423d2c671655b14237dff2bd14cd8261c96e9a8c170980913f8d57e,maze__0f489f6c5423d2c671655b14237dff2bd14cd8261c96e9a8c170980913f8d57e,mendeley_ransomware,1,maze,train,train,x86,maze,unified_mendeley
0fb01d846e2682ed2507367d2d4537c45800304410b270a13e94f1ca778d161e,maze__0fb01d846e2682ed2507367d2d4537c45800304410b270a13e94f1ca778d161e,mendeley_ransomware,1,maze,train,train,x86,maze,unified_mendeley
1156e9951df46c4854cf9bc5bb96101b0b923c4e10adcffc286a0a1078fcb3da,maze__1156e9951df46c4854cf9bc5bb96101b0b923c4e10adcffc286a0a1078fcb3da,mendeley_ransomware,1,maze,train,train,x86,maze,unified_mendeley
1161b030293e58d15b6a6a814a61a6432cf2c98ce9d156986157b432f3ebcf78,maze__1161b030293e58d15b6a6a814a61a6432cf2c98ce9d156986157b432f3ebcf78,mendeley_ransomware,1,maze,train,train,x86,maze,unified_mendeley
138e4c4e33a36e147d296a4d9695e3adf1a33611d97e0365dd3884be1c26c60e,maze__138e4c4e33a36e147d296a4d9695e3adf1a33611d97e0365dd3884be1c26c60e,mendeley_ransomware,1,maze,train,train,x86,maze,unified_mendeley
22ccc6a9a8834e08f190486524fb86b177f332b5835f4bd75f31b4b667271bb0,maze__22ccc6a9a8834e08f190486524fb86b177f332b5835f4bd75f31b4b667271bb0,mendeley_ransomware,1,maze,train,train,x86,maze,unified_mendeley
2a6c602769ac15bd837f9ff390acc443d023ee62f76e1be8236dd2dd957eef3d,maze__2a6c602769ac15bd837f9ff390acc443d023ee62f76e1be8236dd2dd957eef3d,mendeley_ransomware,1,maze,train,train,x86,maze,unified_mendeley
2c69536793ab6f3a38bd0ab79d70ad8fb271b975c8c707175246f11d5be22f8c,maze__2c69536793ab6f3a38bd0ab79d70ad8fb271b975c8c707175246f11d5be22f8c,mendeley_ransomware,1,maze,train,train,x86,maze,unified_mendeley
33afa2f1d53d5279b6fc87ce6834193fdd7e16e4b44e895aae4b9da00be0c502,maze__33afa2f1d53d5279b6fc87ce6834193fdd7e16e4b44e895aae4b9da00be0c502,mendeley_ransomware,1,maze,train,train,x86,maze,unified_mendeley
3645ca9ccd69bb7bef64843e8d79e20e98faee45c94f56dccb67a83616f8f827,maze__3645ca9ccd69bb7bef64843e8d79e20e98faee45c94f56dccb67a83616f8f827,mendeley_ransomware,1,maze,train,train,x86,maze,unified_mendeley
3885589a3c94d0475a6d994e4644e682f4cff93f8b4d65f37508ffe706861363,maze__3885589a3c94d0475a6d994e4644e682f4cff93f8b4d65f37508ffe706861363,mendeley_ransomware,1,maze,train,train,x86,maze,unified_mendeley
4263eacd358d5ef9efacff1f63ff79487639136c0268938755a4bfe3f5797167,maze__4263eacd358d5ef9efacff1f63ff79487639136c0268938755a4bfe3f5797167,mendeley_ransomware,1,maze,train,train,x86,maze,unified_mendeley
4674a5f259bdca4233d6e20c7797dd66db2a841be82dc9b73b71e04c51b546c9,maze__4674a5f259bdca4233d6e20c7797dd66db2a841be82dc9b73b71e04c51b546c9,mendeley_ransomware,1,maze,train,train,x86,maze,unified_mendeley
4744bd1157df9fd3864cd5cbfd46cfc167d7708ff6414aee4a034bbab1e03272,maze__4744bd1157df9fd3864cd5cbfd46cfc167d7708ff6414aee4a034bbab1e03272,mendeley_ransomware,1,maze,train,train,x86,maze,unified_mendeley
485da83d711d4f9b1f968c7c7e62b30a9987e7cc5a961e5b92a4ab9fcb11611d,maze__485da83d711d4f9b1f968c7c7e62b30a9987e7cc5a961e5b92a4ab9fcb11611d,mendeley_ransomware,1,maze,train,train,x86,maze,unified_mendeley
4a95493039deedeceb37ae0c4065f0c55dac7f6ec66a691acea0a693a830cfb0,maze__4a95493039deedeceb37ae0c4065f0c55dac7f6ec66a691acea0a693a830cfb0,mendeley_ransomware,1,maze,train,train,x86,maze,unified_mendeley
4c051e7271b06cf26f59d2076be6e543595ae8599d7c62b55dbfbc438d6e4fe8,maze__4c051e7271b06cf26f59d2076be6e543595ae8599d7c62b55dbfbc438d6e4fe8,mendeley_ransomware,1,maze,train,train,x86,maze,unified_mendeley
4debcfc3bae9fdb89f223c050e7b5ce3e63783ce811781e4721f112743fecebe,maze__4debcfc3bae9fdb89f223c050e7b5ce3e63783ce811781e4721f112743fecebe,mendeley_ransomware,1,maze,train,train,x86,maze,unified_mendeley
4e2554b448424859b508433e6c4a043718343febc7894a849f446dd197b47d1e,maze__4e2554b448424859b508433e6c4a043718343febc7894a849f446dd197b47d1e,mendeley_ransomware,1,maze,train,train,x86,maze,unified_mendeley
4feb2e00c0dc0c42f42fd2c93f48e350c37386768e7774f82cdc98c8bc8dbc69,maze__4feb2e00c0dc0c42f42fd2c93f48e350c37386768e7774f82cdc98c8bc8dbc69,mendeley_ransomware,1,maze,train,train,x86,maze,unified_mendeley
5094956aca00a39f205b83898e38dac3ef5c75781acf4c619af290079dea641b,maze__5094956aca00a39f205b83898e38dac3ef5c75781acf4c619af290079dea641b,mendeley_ransomware,1,maze,train,train,x86,maze,unified_mendeley
512cdfb0645fb0fe040c2ba7d37625cde03c2d0fe32966558f5374a19afa65ea,maze__512cdfb0645fb0fe040c2ba7d37625cde03c2d0fe32966558f5374a19afa65ea,mendeley_ransomware,1,maze,train,train,x86,maze,unified_mendeley
5acbcc1df967d37bf86e429030c9c8ad43e84c8ec5d74bfe3737816c74994c18,maze__5acbcc1df967d37bf86e429030c9c8ad43e84c8ec5d74bfe3737816c74994c18,mendeley_ransomware,1,maze,train,train,x86,maze,unified_mendeley
65c5d3e814ea91a79ce2864cd0e62c5683538d9724eb3122c5d9a3a4981ba52e,maze__65c5d3e814ea91a79ce2864cd0e62c5683538d9724eb3122c5d9a3a4981ba52e,mendeley_ransomware,1,maze,train,train,x86,maze,unified_mendeley
7619b76b2b82ebb0e4d682a63ba22c8d776718e4e94feb72f1219b2ca6bc2ac7,maze__7619b76b2b82ebb0e4d682a63ba22c8d776718e4e94feb72f1219b2ca6bc2ac7,mendeley_ransomware,1,maze,train,train,x86,maze,unified_mendeley
7642b9322ad6492c843c3f11c7c6c33157a903610cd1d7e8b46634330b355480,maze__7642b9322ad6492c843c3f11c7c6c33157a903610cd1d7e8b46634330b355480,mendeley_ransomware,1,maze,train,train,x86,maze,unified_mendeley
767e8ba21d351fa1d93dbd9224d60b29b806221c9c5d30f24c6a4a5f73f3a6c1,maze__767e8ba21d351fa1d93dbd9224d60b29b806221c9c5d30f24c6a4a5f73f3a6c1,mendeley_ransomware,1,maze,train,train,x86,maze,unified_mendeley
7f725e79ec9e7b2ffddb48296f6d9aeee9601a02a1645a20077844f1d9874684,maze__7f725e79ec9e7b2ffddb48296f6d9aeee9601a02a1645a20077844f1d9874684,mendeley_ransomware,1,maze,train,train,x86,maze,unified_mendeley
877c439da147bab8e2c32f03814e3973c22cbcd112d35bc2735b803ac9113da1,maze__877c439da147bab8e2c32f03814e3973c22cbcd112d35bc2735b803ac9113da1,mendeley_ransomware,1,maze,train,train,x86,maze,unified_mendeley
a0ec83d873925b445308815d6f0a6ea1eddb90e38bb484f3ded27c66092ce8c0,maze__a0ec83d873925b445308815d6f0a6ea1eddb90e38bb484f3ded27c66092ce8c0,mendeley_ransomware,1,maze,train,train,x86,maze,unified_mendeley
a6bf25b3bfc2ab57ad8c1c7e130379a3a4dc0a97b6b3da04e27db79ed361e697,maze__a6bf25b3bfc2ab57ad8c1c7e130379a3a4dc0a97b6b3da04e27db79ed361e697,mendeley_ransomware,1,maze,train,train,x86,maze,unified_mendeley
ac457fc7c907ca04a4aa2e243d4b5120c58d338b44771c84e0d282d625d463a0,maze__ac457fc7c907ca04a4aa2e243d4b5120c58d338b44771c84e0d282d625d463a0,mendeley_ransomware,1,maze,train,train,x86,maze,unified_mendeley
b62c47fe08cdb67d2a9754ea95ce87aeb7bfb6a7fd0ae10e919494d4bbd234a0,maze__b62c47fe08cdb67d2a9754ea95ce87aeb7bfb6a7fd0ae10e919494d4bbd234a0,mendeley_ransomware,1,maze,train,train,x86,maze,unified_mendeley
b8522cf655bc40aeb9e0f0ed9f5e423dc6f7148f2525ec2609d1f2d75c55772d,maze__b8522cf655bc40aeb9e0f0ed9f5e423dc6f7148f2525ec2609d1f2d75c55772d,mendeley_ransomware,1,maze,train,train,x64,maze,unified_mendeley
c212469a0a0f7956bb05cf955b846d31f905df8458f09645f3da51cd341a8fe5,maze__c212469a0a0f7956bb05cf955b846d31f905df8458f09645f3da51cd341a8fe5,mendeley_ransomware,1,maze,train,train,x86,maze,unified_mendeley
c926460840e4a88cd8f45cfabd4e59dcf804f97e502d773ee528c7dd7dd80ace,maze__c926460840e4a88cd8f45cfabd4e59dcf804f97e502d773ee528c7dd7dd80ace,mendeley_ransomware,1,maze,train,train,x86,maze,unified_mendeley
d65fa9ed1220cfa12d22239ca62a4b5978bb613090fc1dcb0cccdf191151d125,maze__d65fa9ed1220cfa12d22239ca62a4b5978bb613090fc1dcb0cccdf191151d125,mendeley_ransomware,1,maze,train,train,x86,maze,unified_mendeley
ddf779192b026a7c9e207b4fa65a8cf134cb4a6ed21aa768958a8cb8332fef69,maze__ddf779192b026a7c9e207b4fa65a8cf134cb4a6ed21aa768958a8cb8332fef69,mendeley_ransomware,1,maze,train,train,x86,maze,unified_mendeley
e8a091a84dd2ea7ee429135ff48e9f48f7787637ccb79f6c3eb42f34588bc684,maze__e8a091a84dd2ea7ee429135ff48e9f48f7787637ccb79f6c3eb42f34588bc684,mendeley_ransomware,1,maze,train,train,x86,maze,unified_mendeley
ecd04ebbb3df053ce4efa2b73912fd4d086d1720f9b410235ee9c1e529ea52a2,maze__ecd04ebbb3df053ce4efa2b73912fd4d086d1720f9b410235ee9c1e529ea52a2,mendeley_ransomware,1,maze,train,train,x86,maze,unified_mendeley
f03172bd32ed16df6dda8e8146d24b073b864da59d669218fcc5e97835a5e956,maze__f03172bd32ed16df6dda8e8146d24b073b864da59d669218fcc5e97835a5e956,mendeley_ransomware,1,maze,train,train,x86,maze,unified_mendeley
00ed4c347cd62526226363a0aceb851b2ef7e3a4da78433a28f2cd6cbd5f1b99,mountlocker__00ed4c347cd62526226363a0aceb851b2ef7e3a4da78433a28f2cd6cbd5f1b99,mendeley_ransomware,1,mountlocker,val,train,x64,mountlocker,unified_mendeley
0aa8099c5a65062ba4baec8274e1a0650ff36e757a91312e1755fded50a79d47,mountlocker__0aa8099c5a65062ba4baec8274e1a0650ff36e757a91312e1755fded50a79d47,mendeley_ransomware,1,mountlocker,val,train,x64,mountlocker,unified_mendeley
187610fb06cc60c73c0062b593c5fe3ba29e0436e396969feb9ed25391ff7e8b,mountlocker__187610fb06cc60c73c0062b593c5fe3ba29e0436e396969feb9ed25391ff7e8b,mendeley_ransomware,1,mountlocker,val,train,x64,mountlocker,unified_mendeley
226a723ffb4a91d9950a8b266167c5b354ab0db1dc225578494917fe53867ef2,mountlocker__226a723ffb4a91d9950a8b266167c5b354ab0db1dc225578494917fe53867ef2,mendeley_ransomware,1,mountlocker,val,train,x86,mountlocker,unified_mendeley
4a5ac3c6f8383cc33c795804ba5f7f5553c029bbb4a6d28f1e4d8fb5107902c1,mountlocker__4a5ac3c6f8383cc33c795804ba5f7f5553c029bbb4a6d28f1e4d8fb5107902c1,mendeley_ransomware,1,mountlocker,val,train,x64,mountlocker,unified_mendeley
4b917b60f4df6d6d08e895d179a22dcb7c38c6a6a6f39c96c3ded10368d86273,mountlocker__4b917b60f4df6d6d08e895d179a22dcb7c38c6a6a6f39c96c3ded10368d86273,mendeley_ransomware,1,mountlocker,val,train,x86,mountlocker,unified_mendeley
5eae13527d4e39059025c3e56dad966cf67476fe7830090e40c14d0a4046adf0,mountlocker__5eae13527d4e39059025c3e56dad966cf67476fe7830090e40c14d0a4046adf0,mendeley_ransomware,1,mountlocker,val,train,x64,mountlocker,unified_mendeley
8b539f3ba05fe82c4f992ffbeb6ab55151b36dce2d03b64721e966dedf82be81,mountlocker__8b539f3ba05fe82c4f992ffbeb6ab55151b36dce2d03b64721e966dedf82be81,mendeley_ransomware,1,mountlocker,val,train,x64,mountlocker,unified_mendeley
96056182d93b582b3d56bd82a560bafd5cde413c4ca216f4f62ab446c61c9b6a,mountlocker__96056182d93b582b3d56bd82a560bafd5cde413c4ca216f4f62ab446c61c9b6a,mendeley_ransomware,1,mountlocker,val,train,x86,mountlocker,unified_mendeley
b26749b17ca691328ba67ee49d4d9997c101966c607ab578afad204459b7bf8f,mountlocker__b26749b17ca691328ba67ee49d4d9997c101966c607ab578afad204459b7bf8f,mendeley_ransomware,1,mountlocker,val,train,x86,mountlocker,unified_mendeley
d228d35fcc1dfff6e5cb2a251f6dd4b1306f9e21faffe99bef0fd0aedd830e4e,mountlocker__d228d35fcc1dfff6e5cb2a251f6dd4b1306f9e21faffe99bef0fd0aedd830e4e,mendeley_ransomware,1,mountlocker,val,train,x64,mountlocker,unified_mendeley
e435a95489a4ebdfdc12031091f92a7f9c5e3f6cc9b55355ee4030d82553e9ac,mountlocker__e435a95489a4ebdfdc12031091f92a7f9c5e3f6cc9b55355ee4030d82553e9ac,mendeley_ransomware,1,mountlocker,val,train,x64,mountlocker,unified_mendeley
e7c277aae66085f1e0c4789fe51cac50e3ea86d79c8a242ffc066ed0b0548037,mountlocker__e7c277aae66085f1e0c4789fe51cac50e3ea86d79c8a242ffc066ed0b0548037,mendeley_ransomware,1,mountlocker,val,train,x86,mountlocker,unified_mendeley
f570d5b17671e6f3e56eae6ad87be3a6bbfac46c677e478618afd9f59bf35963,mountlocker__f570d5b17671e6f3e56eae6ad87be3a6bbfac46c677e478618afd9f59bf35963,mendeley_ransomware,1,mountlocker,val,train,x64,mountlocker,unified_mendeley
006c9ba4ca0218e7bd2c7c21653497d3215bbeefbc1f5c2781549b306bab8e5e,nefilim__006c9ba4ca0218e7bd2c7c21653497d3215bbeefbc1f5c2781549b306bab8e5e,mendeley_ransomware,1,nefilim,train,train,x64,nefilim,unified_mendeley
08c7dfde13ade4b13350ae290616d7c2f4a87cbeac9a3886e90a175ee40fb641,nefilim__08c7dfde13ade4b13350ae290616d7c2f4a87cbeac9a3886e90a175ee40fb641,mendeley_ransomware,1,nefilim,train,train,x86,nefilim,unified_mendeley
0bafde9b22d7147de8fdb852bcd529b1730acddc9eb71316b66c180106f777f5,nefilim__0bafde9b22d7147de8fdb852bcd529b1730acddc9eb71316b66c180106f777f5,mendeley_ransomware,1,nefilim,train,train,x64,nefilim,unified_mendeley
148845af1fc1221f27992cac24273aada38ef2482624850897bce87413f79888,nefilim__148845af1fc1221f27992cac24273aada38ef2482624850897bce87413f79888,mendeley_ransomware,1,nefilim,train,train,x86,nefilim,unified_mendeley
1e519cc1c302778535315ebfb4d6b1113ee81904644a8be5afa67bdd9474827a,nefilim__1e519cc1c302778535315ebfb4d6b1113ee81904644a8be5afa67bdd9474827a,mendeley_ransomware,1,nefilim,train,train,x86,nefilim,unified_mendeley
24ada19b269279612370bdf16f2becc1d5b7e0f69821050e2d9b48cfc874dca0,nefilim__24ada19b269279612370bdf16f2becc1d5b7e0f69821050e2d9b48cfc874dca0,mendeley_ransomware,1,nefilim,train,train,x86,nefilim,unified_mendeley
2d4b2b807ace9dfc3f13962c65f1b6b9b6ba80394c517729ada50d6302792d9c,nefilim__2d4b2b807ace9dfc3f13962c65f1b6b9b6ba80394c517729ada50d6302792d9c,mendeley_ransomware,1,nefilim,train,train,x64,nefilim,unified_mendeley
353ee5805bc5c7a98fb5d522b15743055484dc47144535628d102a4098532cd5,nefilim__353ee5805bc5c7a98fb5d522b15743055484dc47144535628d102a4098532cd5,mendeley_ransomware,1,nefilim,train,train,x86,nefilim,unified_mendeley
3bac058dbea51f52ce154fed0325fd835f35c1cd521462ce048b41c9b099e1e5,nefilim__3bac058dbea51f52ce154fed0325fd835f35c1cd521462ce048b41c9b099e1e5,mendeley_ransomware,1,nefilim,train,train,x86,nefilim,unified_mendeley
45e35c9b095871fbc9b85afff4e79dd36b7812b96a302e1ccc65ce7668667fe6,nefilim__45e35c9b095871fbc9b85afff4e79dd36b7812b96a302e1ccc65ce7668667fe6,mendeley_ransomware,1,nefilim,train,train,x86,nefilim,unified_mendeley
511fee839098dfa28dd859ffd3ece5148be13bfb83baa807ed7cac2200103390,nefilim__511fee839098dfa28dd859ffd3ece5148be13bfb83baa807ed7cac2200103390,mendeley_ransomware,1,nefilim,train,train,x64,nefilim,unified_mendeley
52e25bdd600695cfed0d4ee3aca4f121bfebf0de889593e6ba06282845cf39ea,nefilim__52e25bdd600695cfed0d4ee3aca4f121bfebf0de889593e6ba06282845cf39ea,mendeley_ransomware,1,nefilim,train,train,x86,nefilim,unified_mendeley
7a73032ece59af3316c4a64490344ee111e4cb06aaf00b4a96c10adfdd655599,nefilim__7a73032ece59af3316c4a64490344ee111e4cb06aaf00b4a96c10adfdd655599,mendeley_ransomware,1,nefilim,train,train,x86,nefilim,unified_mendeley
7de8ca88e240fb905fc2e8fd5db6c5af82d8e21556f0ae36d055f623128c3377,nefilim__7de8ca88e240fb905fc2e8fd5db6c5af82d8e21556f0ae36d055f623128c3377,mendeley_ransomware,1,nefilim,train,train,x86,nefilim,unified_mendeley
8be1c54a1a4d07c84b7454e789a26f04a30ca09933b41475423167e232abea2b,nefilim__8be1c54a1a4d07c84b7454e789a26f04a30ca09933b41475423167e232abea2b,mendeley_ransomware,1,nefilim,train,train,x86,nefilim,unified_mendeley
9093233af919545a06bb718dd45e2b033be1caaf0844eec11c1f4cb8c0df3527,nefilim__9093233af919545a06bb718dd45e2b033be1caaf0844eec11c1f4cb8c0df3527,mendeley_ransomware,1,nefilim,train,train,x64,nefilim,unified_mendeley
9c6b020769101b8274ec0814628a42efb45fce1798a3d5abf35a78021ec3eca4,nefilim__9c6b020769101b8274ec0814628a42efb45fce1798a3d5abf35a78021ec3eca4,mendeley_ransomware,1,nefilim,train,train,x86,nefilim,unified_mendeley
9e6be0a3bf10410a43c979902507647a4e4f4625a1470ad1ed90e460183b5995,nefilim__9e6be0a3bf10410a43c979902507647a4e4f4625a1470ad1ed90e460183b5995,mendeley_ransomware,1,nefilim,train,train,x86,nefilim,unified_mendeley
a2fe2942436546be34c1f83639f1624cae786ab2a57a29a75f27520792cbf3da,nefilim__a2fe2942436546be34c1f83639f1624cae786ab2a57a29a75f27520792cbf3da,mendeley_ransomware,1,nefilim,train,train,x86,nefilim,unified_mendeley
a51fec27e478a1908fc58c96eb14f3719608ed925f1b44eb67bbcc67bd4c4099,nefilim__a51fec27e478a1908fc58c96eb14f3719608ed925f1b44eb67bbcc67bd4c4099,mendeley_ransomware,1,nefilim,train,train,x86,nefilim,unified_mendeley
b227fa0485e34511627a8a4a7d3f1abb6231517be62d022916273b7a51b80a17,nefilim__b227fa0485e34511627a8a4a7d3f1abb6231517be62d022916273b7a51b80a17,mendeley_ransomware,1,nefilim,train,train,x86,nefilim,unified_mendeley
b8066b7ec376bc5928d78693d236dbf47414571df05f818a43fb5f52136e8f2e,nefilim__b8066b7ec376bc5928d78693d236dbf47414571df05f818a43fb5f52136e8f2e,mendeley_ransomware,1,nefilim,train,train,x86,nefilim,unified_mendeley
c2b9f3b84e3e990e2c225e05ea65e7a3aaaf5a688864d0ee68ed2eece557fac0,nefilim__c2b9f3b84e3e990e2c225e05ea65e7a3aaaf5a688864d0ee68ed2eece557fac0,mendeley_ransomware,1,nefilim,train,train,x64,nefilim,unified_mendeley
c81c2c539ccba4c38add72e271fe63a2e389f2f645050289257fc6af4f47a82e,nefilim__c81c2c539ccba4c38add72e271fe63a2e389f2f645050289257fc6af4f47a82e,mendeley_ransomware,1,nefilim,train,train,x64,nefilim,unified_mendeley
d4492a9eb36f87a9b3156b59052ebaf10e264d5d1ce4c015a6b0d205614e58e3,nefilim__d4492a9eb36f87a9b3156b59052ebaf10e264d5d1ce4c015a6b0d205614e58e3,mendeley_ransomware,1,nefilim,train,train,x86,nefilim,unified_mendeley
d7730301815e33bd571c6ef6db91534de5b4a0e7a0f4eab41f2e5d6d6f330df2,nefilim__d7730301815e33bd571c6ef6db91534de5b4a0e7a0f4eab41f2e5d6d6f330df2,mendeley_ransomware,1,nefilim,train,train,x86,nefilim,unified_mendeley
dda5c2bcd1a1bacd2381fef6801e482bc3c3c39692b2ed9b2f5ba6acc149c193,nefilim__dda5c2bcd1a1bacd2381fef6801e482bc3c3c39692b2ed9b2f5ba6acc149c193,mendeley_ransomware,1,nefilim,train,train,x64,nefilim,unified_mendeley
e3dfc0485c5ecbeeb9a71473a25a6a8cdf616b7f05d66788ed6e6ade76aaf1af,nefilim__e3dfc0485c5ecbeeb9a71473a25a6a8cdf616b7f05d66788ed6e6ade76aaf1af,mendeley_ransomware,1,nefilim,train,train,x86,nefilim,unified_mendeley
e508f4cda8e32c9b0b6112865b955ff88fbc5b2cfdd27cc09121108a782badc5,nefilim__e508f4cda8e32c9b0b6112865b955ff88fbc5b2cfdd27cc09121108a782badc5,mendeley_ransomware,1,nefilim,train,train,x86,nefilim,unified_mendeley
e7782335cc26b9362ec4525d23f0e6c1bf32b0cadcfa2d95f4955aed2e350cfd,nefilim__e7782335cc26b9362ec4525d23f0e6c1bf32b0cadcfa2d95f4955aed2e350cfd,mendeley_ransomware,1,nefilim,train,train,x86,nefilim,unified_mendeley
e7ccbcc9f500272f8b6422e9900c5131768cc9ca074e6cb8cc92bce385a7ee2e,nefilim__e7ccbcc9f500272f8b6422e9900c5131768cc9ca074e6cb8cc92bce385a7ee2e,mendeley_ransomware,1,nefilim,train,train,x64,nefilim,unified_mendeley
eacbf729bb96cf2eddac62806a555309d08a705f6084dd98c7cf93503927c34f,nefilim__eacbf729bb96cf2eddac62806a555309d08a705f6084dd98c7cf93503927c34f,mendeley_ransomware,1,nefilim,train,train,x86,nefilim,unified_mendeley
eb9a7ce77f7475b7652a66e548af6d7271ccadb35f2f947a4dfe63e522274374,nefilim__eb9a7ce77f7475b7652a66e548af6d7271ccadb35f2f947a4dfe63e522274374,mendeley_ransomware,1,nefilim,train,train,x86,nefilim,unified_mendeley
f9ed3c070a2731acbfef6d4b2af980b6e922b2dda0e9227e02f4b4f3821f4b17,nefilim__f9ed3c070a2731acbfef6d4b2af980b6e922b2dda0e9227e02f4b4f3821f4b17,mendeley_ransomware,1,nefilim,train,train,x64,nefilim,unified_mendeley
fb3f622cf5557364a0a3abacc3e9acf399b3631bf3630acb8132514c486751e7,nefilim__fb3f622cf5557364a0a3abacc3e9acf399b3631bf3630acb8132514c486751e7,mendeley_ransomware,1,nefilim,train,train,x64,nefilim,unified_mendeley
fcc2921020690a58c60eba35df885e575669e9803212f7791d7e1956f9bf8020,nefilim__fcc2921020690a58c60eba35df885e575669e9803212f7791d7e1956f9bf8020,mendeley_ransomware,1,nefilim,train,train,x86,nefilim,unified_mendeley
fdaefa45c8679a161c6590b8f5bb735c12c9768172f81c930bb68c93a53002f7,nefilim__fdaefa45c8679a161c6590b8f5bb735c12c9768172f81c930bb68c93a53002f7,mendeley_ransomware,1,nefilim,train,train,x86,nefilim,unified_mendeley
02cb34da6e620d9428f9c8f375fe96a397464d272f723abd8296c4b420fb0e77,netwalker__02cb34da6e620d9428f9c8f375fe96a397464d272f723abd8296c4b420fb0e77,mendeley_ransomware,1,netwalker,train,train,x86,netwalker,unified_mendeley
07b743dffd93be79b3ae4e8d5e0f05aec66af1115c4ec070df4cd35e800452d7,netwalker__07b743dffd93be79b3ae4e8d5e0f05aec66af1115c4ec070df4cd35e800452d7,mendeley_ransomware,1,netwalker,train,train,x86,netwalker,unified_mendeley
0afd99c3f7593c760c4001313963f3e7fd709ca56046044033d790602a8cb378,netwalker__0afd99c3f7593c760c4001313963f3e7fd709ca56046044033d790602a8cb378,mendeley_ransomware,1,netwalker,train,train,x86,netwalker,unified_mendeley
0d7ee7ce88e790ad66aa53589f5a2638207bc3adf2eb4f8a813fd52b5b22ba27,netwalker__0d7ee7ce88e790ad66aa53589f5a2638207bc3adf2eb4f8a813fd52b5b22ba27,mendeley_ransomware,1,netwalker,train,train,x86,netwalker,unified_mendeley
162ae350c47c2e14864d0c0f927bf424eb6b844017329c9b1e216f3e2d724d98,netwalker__162ae350c47c2e14864d0c0f927bf424eb6b844017329c9b1e216f3e2d724d98,mendeley_ransomware,1,netwalker,train,train,x86,netwalker,unified_mendeley
209779474d4b8e7246245092e7d094ce5730c5c1d36bc03d9b8120f211dc3ebe,netwalker__209779474d4b8e7246245092e7d094ce5730c5c1d36bc03d9b8120f211dc3ebe,mendeley_ransomware,1,netwalker,train,train,x86,netwalker,unified_mendeley
22a5872ba6adfe449e46d9a223cb7567697e30f89d6d42095e48de3033359de3,netwalker__22a5872ba6adfe449e46d9a223cb7567697e30f89d6d42095e48de3033359de3,mendeley_ransomware,1,netwalker,train,train,x86,netwalker,unified_mendeley
346fdff8d24cbb7ebd56f60933beca37a4437b5e1eb6e64f7ab21d48c862b5b7,netwalker__346fdff8d24cbb7ebd56f60933beca37a4437b5e1eb6e64f7ab21d48c862b5b7,mendeley_ransomware,1,netwalker,train,train,x86,netwalker,unified_mendeley
352cd5d318e4cff15910dc70b609ef9bf1d1ee0b7f01e186bedb5e7d245e3ec6,netwalker__352cd5d318e4cff15910dc70b609ef9bf1d1ee0b7f01e186bedb5e7d245e3ec6,mendeley_ransomware,1,netwalker,train,train,x86,netwalker,unified_mendeley
444169e156b48a54e9f96b6b3a1c333670546663c8a2e14e561884c052420043,netwalker__444169e156b48a54e9f96b6b3a1c333670546663c8a2e14e561884c052420043,mendeley_ransomware,1,netwalker,train,train,x86,netwalker,unified_mendeley
44b5d24e5e8fd8e8ee7141f970f76a13c89dd26c44b336dc9d6b61fda3abf335,netwalker__44b5d24e5e8fd8e8ee7141f970f76a13c89dd26c44b336dc9d6b61fda3abf335,mendeley_ransomware,1,netwalker,train,train,x86,netwalker,unified_mendeley
46dbb7709411b1429233e0d8d33a02cccd54005a2b4015dcfa8a890252177df9,netwalker__46dbb7709411b1429233e0d8d33a02cccd54005a2b4015dcfa8a890252177df9,mendeley_ransomware,1,netwalker,train,train,x86,netwalker,unified_mendeley
4abf2d4b604ad5c3dca0006e9762562ea104e76e7c0dcfa8fddafda8b11b2eaf,netwalker__4abf2d4b604ad5c3dca0006e9762562ea104e76e7c0dcfa8fddafda8b11b2eaf,mendeley_ransomware,1,netwalker,train,train,x86,netwalker,unified_mendeley
4f7bdda79e389d6660fca8e2a90a175307a7f615fa7673b10ee820d9300b5c60,netwalker__4f7bdda79e389d6660fca8e2a90a175307a7f615fa7673b10ee820d9300b5c60,mendeley_ransomware,1,netwalker,train,train,x86,netwalker,unified_mendeley
573873b7b2fbb390ff21bb4e986f69fa25a1f3eea2c5fe446d46c186ab92257d,netwalker__573873b7b2fbb390ff21bb4e986f69fa25a1f3eea2c5fe446d46c186ab92257d,mendeley_ransomware,1,netwalker,train,train,x86,netwalker,unified_mendeley
5d869c0e077596bf0834f08dce062af1477bf09c8f6aa0a45d6a080478e45512,netwalker__5d869c0e077596bf0834f08dce062af1477bf09c8f6aa0a45d6a080478e45512,mendeley_ransomware,1,netwalker,train,train,x86,netwalker,unified_mendeley
5e03e3d93a456405952cdadee3018043789f118b871b93d113ce371c079f19dd,netwalker__5e03e3d93a456405952cdadee3018043789f118b871b93d113ce371c079f19dd,mendeley_ransomware,1,netwalker,train,train,x86,netwalker,unified_mendeley
61d26a517d9a6dfaa47a65828a244f122d89e565dd86a2a6ac860aa95d9304a4,netwalker__61d26a517d9a6dfaa47a65828a244f122d89e565dd86a2a6ac860aa95d9304a4,mendeley_ransomware,1,netwalker,train,train,x86,netwalker,unified_mendeley
62df5824be844b16d99bf4a59e6bf51bcaa7a2c2f4852d983bc33eaf60a9c5ca,netwalker__62df5824be844b16d99bf4a59e6bf51bcaa7a2c2f4852d983bc33eaf60a9c5ca,mendeley_ransomware,1,netwalker,train,train,x86,netwalker,unified_mendeley
63ad8faf3c2b306ccd8aa7874e24e7d48e0f6bbeeb37adab26c2efa1410022c4,netwalker__63ad8faf3c2b306ccd8aa7874e24e7d48e0f6bbeeb37adab26c2efa1410022c4,mendeley_ransomware,1,netwalker,train,train,x86,netwalker,unified_mendeley
6bd34d33ccb47430751ae964ca56ec206da0fa3bdc5eb670fc54edf4c11629bc,netwalker__6bd34d33ccb47430751ae964ca56ec206da0fa3bdc5eb670fc54edf4c11629bc,mendeley_ransomware,1,netwalker,train,train,x86,netwalker,unified_mendeley
6c39c5f5d143700d4ad43b0aa7fb6a51e77817060467cf3462ef037176e1f50f,netwalker__6c39c5f5d143700d4ad43b0aa7fb6a51e77817060467cf3462ef037176e1f50f,mendeley_ransomware,1,netwalker,train,train,x86,netwalker,unified_mendeley
6f89cfef50cadb9e7e986ec913eb8c68bb14af5c576fe98dbe41060edf3cfe8a,netwalker__6f89cfef50cadb9e7e986ec913eb8c68bb14af5c576fe98dbe41060edf3cfe8a,mendeley_ransomware,1,netwalker,train,train,x86,netwalker,unified_mendeley
75ef9e3e44ac11bb06f499b9f4f43a4cc331887529b81d0e62aef87178ca5e65,netwalker__75ef9e3e44ac11bb06f499b9f4f43a4cc331887529b81d0e62aef87178ca5e65,mendeley_ransomware,1,netwalker,train,train,x86,netwalker,unified_mendeley
84b8dbafd5cd64fb300b30bf943430a18f34cad3f0d8f7251d34354fea85aab2,netwalker__84b8dbafd5cd64fb300b30bf943430a18f34cad3f0d8f7251d34354fea85aab2,mendeley_ransomware,1,netwalker,train,train,x86,netwalker,unified_mendeley
853fa18adc3f9263a0f98a9a257dd70d7e1aee0545ab47a114f44506482bd188,netwalker__853fa18adc3f9263a0f98a9a257dd70d7e1aee0545ab47a114f44506482bd188,mendeley_ransomware,1,netwalker,train,train,x86,netwalker,unified_mendeley
8587037c15463d10a17094ef8fa9f608cc20c99fa0206ce496b412f8c7f4a1b8,netwalker__8587037c15463d10a17094ef8fa9f608cc20c99fa0206ce496b412f8c7f4a1b8,mendeley_ransomware,1,netwalker,train,train,x86,netwalker,unified_mendeley
868cb8251a245c416cd92fcbd3e30aa7b7ca7c271760fa120d2435fd3bf2fde9,netwalker__868cb8251a245c416cd92fcbd3e30aa7b7ca7c271760fa120d2435fd3bf2fde9,mendeley_ransomware,1,netwalker,train,train,x86,netwalker,unified_mendeley
882e89ea1b8d70646bdf6476d8cb46991b950f27e03e93bf49ea3209c2d69581,netwalker__882e89ea1b8d70646bdf6476d8cb46991b950f27e03e93bf49ea3209c2d69581,mendeley_ransomware,1,netwalker,train,train,x86,netwalker,unified_mendeley
8f06645838d3d75e44d4527e2928c71af0a7214254867379359eb3e46109cbde,netwalker__8f06645838d3d75e44d4527e2928c71af0a7214254867379359eb3e46109cbde,mendeley_ransomware,1,netwalker,train,train,x86,netwalker,unified_mendeley
98cf38865117a3e333df1fb0a538b97f66fea568746fefb697e76ca8c686a3e3,netwalker__98cf38865117a3e333df1fb0a538b97f66fea568746fefb697e76ca8c686a3e3,mendeley_ransomware,1,netwalker,train,train,x86,netwalker,unified_mendeley
a8c4b8096fd12078acf5f08230e561381fe8d0859a5949825ab411f6312f5da5,netwalker__a8c4b8096fd12078acf5f08230e561381fe8d0859a5949825ab411f6312f5da5,mendeley_ransomware,1,netwalker,train,train,x86,netwalker,unified_mendeley
a9a147313861a5a4e7abd76b3287ce5f6183966b89c5ca95c0e0cf587f40189d,netwalker__a9a147313861a5a4e7abd76b3287ce5f6183966b89c5ca95c0e0cf587f40189d,mendeley_ransomware,1,netwalker,train,train,x86,netwalker,unified_mendeley
ac0882d87027ac22fc79cfe2d55d9a9d097d0f8eb425cf182de1b872080930ec,netwalker__ac0882d87027ac22fc79cfe2d55d9a9d097d0f8eb425cf182de1b872080930ec,mendeley_ransomware,1,netwalker,train,train,x86,netwalker,unified_mendeley
b2d68a79a621c3f9e46f9df52ed19b8fec22c3cf5f4e3d8630a2bc68fd43d2ee,netwalker__b2d68a79a621c3f9e46f9df52ed19b8fec22c3cf5f4e3d8630a2bc68fd43d2ee,mendeley_ransomware,1,netwalker,train,train,x86,netwalker,unified_mendeley
b587d049e9fae11f4fe70d5f6c9007f99483f683ee55217110094206bd6a92f2,netwalker__b587d049e9fae11f4fe70d5f6c9007f99483f683ee55217110094206bd6a92f2,mendeley_ransomware,1,netwalker,train,train,x86,netwalker,unified_mendeley
b96ee4a55d59836de7851f99a18324c6aa8bc223fb581f1875db631d0c914425,netwalker__b96ee4a55d59836de7851f99a18324c6aa8bc223fb581f1875db631d0c914425,mendeley_ransomware,1,netwalker,train,train,x86,netwalker,unified_mendeley
bd3fdf1b50911d537a97cb93db13f2b4026f109ed23a393f262621faed81dae1,netwalker__bd3fdf1b50911d537a97cb93db13f2b4026f109ed23a393f262621faed81dae1,mendeley_ransomware,1,netwalker,train,train,x86,netwalker,unified_mendeley
bde6a59a4611aba5862ce66aef2fb12d841ad0ba0ad0a590b26eaddb7ad52a9e,netwalker__bde6a59a4611aba5862ce66aef2fb12d841ad0ba0ad0a590b26eaddb7ad52a9e,mendeley_ransomware,1,netwalker,train,train,x86,netwalker,unified_mendeley
c21ecd18f0bbb28112240013ad42dad5c01d20927791239ada5b61e1c6f5f010,netwalker__c21ecd18f0bbb28112240013ad42dad5c01d20927791239ada5b61e1c6f5f010,mendeley_ransomware,1,netwalker,train,train,x86,netwalker,unified_mendeley
ce399a2d07c0851164bd8cc9e940b84b88c43ef564846ca654df4abf36c278e6,netwalker__ce399a2d07c0851164bd8cc9e940b84b88c43ef564846ca654df4abf36c278e6,mendeley_ransomware,1,netwalker,train,train,x86,netwalker,unified_mendeley
d5c106719e9c8878795899bede78505796659b1b347fe9374d8b2061fcc6a84c,netwalker__d5c106719e9c8878795899bede78505796659b1b347fe9374d8b2061fcc6a84c,mendeley_ransomware,1,netwalker,train,train,x86,netwalker,unified_mendeley
d7c7947d060da8f4207e7e919e8f777f6f8ea475085291d5a547546a39a096fc,netwalker__d7c7947d060da8f4207e7e919e8f777f6f8ea475085291d5a547546a39a096fc,mendeley_ransomware,1,netwalker,train,train,x86,netwalker,unified_mendeley
de04d2402154f676f757cf1380671f396f3fc9f7dbb683d9461edd2718c4e09d,netwalker__de04d2402154f676f757cf1380671f396f3fc9f7dbb683d9461edd2718c4e09d,mendeley_ransomware,1,netwalker,train,train,x86,netwalker,unified_mendeley
e01691e3b7d9d1c6de7e0ef902bf609543cdf084e600fd0a3833deaa501464ee,netwalker__e01691e3b7d9d1c6de7e0ef902bf609543cdf084e600fd0a3833deaa501464ee,mendeley_ransomware,1,netwalker,train,train,x86,netwalker,unified_mendeley
e7dfaf7ac518e174e42e59d45c179d083ad53eead79ed4420e311441e1af79d4,netwalker__e7dfaf7ac518e174e42e59d45c179d083ad53eead79ed4420e311441e1af79d4,mendeley_ransomware,1,netwalker,train,train,x86,netwalker,unified_mendeley
ee531cd7011cb5c2625d40892b70cf7e3860dbb92648391068e1f340e5d6c47f,netwalker__ee531cd7011cb5c2625d40892b70cf7e3860dbb92648391068e1f340e5d6c47f,mendeley_ransomware,1,netwalker,train,train,x86,netwalker,unified_mendeley
f2215e1a848bc5a5d172745201ea428b1d16fee7c814c5c5180a94a134592e86,netwalker__f2215e1a848bc5a5d172745201ea428b1d16fee7c814c5c5180a94a134592e86,mendeley_ransomware,1,netwalker,train,train,x86,netwalker,unified_mendeley
f298725e197f974b7a8407c5d79114a4ac322c573813d543141ccf1d9119dd8b,netwalker__f298725e197f974b7a8407c5d79114a4ac322c573813d543141ccf1d9119dd8b,mendeley_ransomware,1,netwalker,train,train,x86,netwalker,unified_mendeley
fd3489f6067ef7ca3999776205839424cb7349134baaeb693abcecaa2c5bf913,netwalker__fd3489f6067ef7ca3999776205839424cb7349134baaeb693abcecaa2c5bf913,mendeley_ransomware,1,netwalker,train,train,x86,netwalker,unified_mendeley
03bb4d5c0179fdceacc5df7645e6e7fa93e931ac9beb1968c7bbe40ba3499194,phobos__03bb4d5c0179fdceacc5df7645e6e7fa93e931ac9beb1968c7bbe40ba3499194,mendeley_ransomware,1,phobos,train,train,x86,phobos,unified_mendeley
03d7a1c01a60f9718304c719a5734516e5e3f43ea0547f48e4462a063d986cfb,phobos__03d7a1c01a60f9718304c719a5734516e5e3f43ea0547f48e4462a063d986cfb,mendeley_ransomware,1,phobos,train,train,x86,phobos,unified_mendeley
0aeebdda8c7a94d43b965e60582de8a1a0d47810dbea9cdf66d6d8e3883a8b8f,phobos__0aeebdda8c7a94d43b965e60582de8a1a0d47810dbea9cdf66d6d8e3883a8b8f,mendeley_ransomware,1,phobos,train,train,x86,phobos,unified_mendeley
0b3f4c353eef59e7c2cf0e211de11fe646d9fd20289f2bea7005b35aa6247a4a,phobos__0b3f4c353eef59e7c2cf0e211de11fe646d9fd20289f2bea7005b35aa6247a4a,mendeley_ransomware,1,phobos,train,train,x86,phobos,unified_mendeley
0b4c743246478a6a8c9fa3ff8e04f297507c2f0ea5d61a1284fe65387d172f81,phobos__0b4c743246478a6a8c9fa3ff8e04f297507c2f0ea5d61a1284fe65387d172f81,mendeley_ransomware,1,phobos,train,train,x86,phobos,unified_mendeley
17cde554e888f4d8aba412d384577e57f875bc8424b68c5a1fd0f03cac112015,phobos__17cde554e888f4d8aba412d384577e57f875bc8424b68c5a1fd0f03cac112015,mendeley_ransomware,1,phobos,train,train,x86,phobos,unified_mendeley
265d1ae339e9397976d9328b2c84aca61a7cb6c0bca9f2f8dc213678e2b2ad86,phobos__265d1ae339e9397976d9328b2c84aca61a7cb6c0bca9f2f8dc213678e2b2ad86,mendeley_ransomware,1,phobos,train,train,x86,phobos,unified_mendeley
2704e269fb5cf9a02070a0ea07d82dc9d87f2cb95e60cb71d6c6d38b01869f66,phobos__2704e269fb5cf9a02070a0ea07d82dc9d87f2cb95e60cb71d6c6d38b01869f66,mendeley_ransomware,1,phobos,train,train,x86,phobos,unified_mendeley
2cbd9c81648cfb8b74613a1911495f9298251f8122a43081c388f02089f54356,phobos__2cbd9c81648cfb8b74613a1911495f9298251f8122a43081c388f02089f54356,mendeley_ransomware,1,phobos,train,train,x86,phobos,unified_mendeley
348de24864a72767079e72f6015f4c8d0d8a0a75bf14496fd9fa9065e0ad446e,phobos__348de24864a72767079e72f6015f4c8d0d8a0a75bf14496fd9fa9065e0ad446e,mendeley_ransomware,1,phobos,train,train,x86,phobos,unified_mendeley
38c47ad9fdb1ca30b15b2692431171b568556cbff7dfb17ba16c37d7daae9a05,phobos__38c47ad9fdb1ca30b15b2692431171b568556cbff7dfb17ba16c37d7daae9a05,mendeley_ransomware,1,phobos,train,train,x86,phobos,unified_mendeley
3c4ad3e800eb1b6e313b86f527ffed41f34e46221da557d611b55bae2ba46588,phobos__3c4ad3e800eb1b6e313b86f527ffed41f34e46221da557d611b55bae2ba46588,mendeley_ransomware,1,phobos,train,train,x86,phobos,unified_mendeley
3e6baf63074d60cb1b0371f90b3fdbabba6e516ffeff0f7ab9efa09a46e98686,phobos__3e6baf63074d60cb1b0371f90b3fdbabba6e516ffeff0f7ab9efa09a46e98686,mendeley_ransomware,1,phobos,train,train,x86,phobos,unified_mendeley
43f846c12c24a078ebe33f71e8ea3b4f75107aeb275e2c3cd9dc61617c9757fc,phobos__43f846c12c24a078ebe33f71e8ea3b4f75107aeb275e2c3cd9dc61617c9757fc,mendeley_ransomware,1,phobos,train,train,x86,phobos,unified_mendeley
4683b5b970eda0d6fa43ac4e80f24452f81de09171f9e969d61323080e3a9e74,phobos__4683b5b970eda0d6fa43ac4e80f24452f81de09171f9e969d61323080e3a9e74,mendeley_ransomware,1,phobos,train,train,x86,phobos,unified_mendeley
4d5220a88b195e3ccdc40ba1c99d5d84d06dacc0720070a72aa34c9895939a25,phobos__4d5220a88b195e3ccdc40ba1c99d5d84d06dacc0720070a72aa34c9895939a25,mendeley_ransomware,1,phobos,train,train,x86,phobos,unified_mendeley
4d9413a0fdefb9b2471a3209e2b7dbfa835e709ce7ed8b57f2366611f566ebec,phobos__4d9413a0fdefb9b2471a3209e2b7dbfa835e709ce7ed8b57f2366611f566ebec,mendeley_ransomware,1,phobos,train,train,x86,phobos,unified_mendeley
53bbce404ca0e33a3988d04edb8921ec48cdcc586c8ffb7b37b09ec10c0be29f,phobos__53bbce404ca0e33a3988d04edb8921ec48cdcc586c8ffb7b37b09ec10c0be29f,mendeley_ransomware,1,phobos,train,train,x86,phobos,unified_mendeley
64a95c8862fe88df0a77bff4ef03f6a2c2cf632cc3ffe84506c534d5874bb277,phobos__64a95c8862fe88df0a77bff4ef03f6a2c2cf632cc3ffe84506c534d5874bb277,mendeley_ransomware,1,phobos,train,train,x86,phobos,unified_mendeley
6b7d70ca7d02133afbc24eeb585f2921bc35c01b23b90a66f515290c49cf0952,phobos__6b7d70ca7d02133afbc24eeb585f2921bc35c01b23b90a66f515290c49cf0952,mendeley_ransomware,1,phobos,train,train,x86,phobos,unified_mendeley
6bb2c8953b3ec0955a974e16b6efa5048c9e016e91e3dc8789728ae02578adad,phobos__6bb2c8953b3ec0955a974e16b6efa5048c9e016e91e3dc8789728ae02578adad,mendeley_ransomware,1,phobos,train,train,x86,phobos,unified_mendeley
6e9c9b72d1bdb993184c7aa05d961e706a57b3becf151ca4f883a80a07fdd955,phobos__6e9c9b72d1bdb993184c7aa05d961e706a57b3becf151ca4f883a80a07fdd955,mendeley_ransomware,1,phobos,train,train,x86,phobos,unified_mendeley
706fe1633019def71fb5ad355f325b73b0d34ecaf42fcc77ede27663d86f3879,phobos__706fe1633019def71fb5ad355f325b73b0d34ecaf42fcc77ede27663d86f3879,mendeley_ransomware,1,phobos,train,train,x86,phobos,unified_mendeley
7343a16f151cde44130211896a231771200b64ba9fc048337589b10ffe6727b7,phobos__7343a16f151cde44130211896a231771200b64ba9fc048337589b10ffe6727b7,mendeley_ransomware,1,phobos,train,train,x86,phobos,unified_mendeley
76258eafda16daf2ebd66bdd981d5392b0c0e1a8f8fd7a60b32276fbd77261d4,phobos__76258eafda16daf2ebd66bdd981d5392b0c0e1a8f8fd7a60b32276fbd77261d4,mendeley_ransomware,1,phobos,train,train,x86,phobos,unified_mendeley
790eb5cdc4d2c2f33cd5188972c03da2cf89d84ab0393378615a812bdc151ad4,phobos__790eb5cdc4d2c2f33cd5188972c03da2cf89d84ab0393378615a812bdc151ad4,mendeley_ransomware,1,phobos,train,train,x86,phobos,unified_mendeley
7915b61828b1bd4f1c5bc155286380f659af69c78fbe7031da4487e07a95d5ff,phobos__7915b61828b1bd4f1c5bc155286380f659af69c78fbe7031da4487e07a95d5ff,mendeley_ransomware,1,phobos,train,train,x86,phobos,unified_mendeley
7949bf3e09366bdb23ca7472cb6c4d9183ad5b081ac5a568d556aec8beae0785,phobos__7949bf3e09366bdb23ca7472cb6c4d9183ad5b081ac5a568d556aec8beae0785,mendeley_ransomware,1,phobos,train,train,x86,phobos,unified_mendeley
82a9abbe818fc7b3995a5f1db0780d4b1ed11b74fc72bd1b8143003ceb18d25e,phobos__82a9abbe818fc7b3995a5f1db0780d4b1ed11b74fc72bd1b8143003ceb18d25e,mendeley_ransomware,1,phobos,train,train,x86,phobos,unified_mendeley
8710ad8fb2938326655335455987aa17961b2496a345a7ed9f4bbfcb278212bc,phobos__8710ad8fb2938326655335455987aa17961b2496a345a7ed9f4bbfcb278212bc,mendeley_ransomware,1,phobos,train,train,x86,phobos,unified_mendeley
9a29079f2656a9b205b0c62e64dcac011a6ae7a0a6d8b46ff9e1d84fdef57efa,phobos__9a29079f2656a9b205b0c62e64dcac011a6ae7a0a6d8b46ff9e1d84fdef57efa,mendeley_ransomware,1,phobos,train,train,x86,phobos,unified_mendeley
9a3fefc29aa41f621cd99fd5c35c8521b2f383d6a21970f4ccc8069c9730a864,phobos__9a3fefc29aa41f621cd99fd5c35c8521b2f383d6a21970f4ccc8069c9730a864,mendeley_ransomware,1,phobos,train,train,x86,phobos,unified_mendeley
9bd421c6f7f7d8278036944fcad3e04db408619678acf1b2024ef69d85c3932b,phobos__9bd421c6f7f7d8278036944fcad3e04db408619678acf1b2024ef69d85c3932b,mendeley_ransomware,1,phobos,train,train,x86,phobos,unified_mendeley
9dde984b21a00bc3307c28bd81f229500b795ce4e908b6f8cb5fbd338b22b8e1,phobos__9dde984b21a00bc3307c28bd81f229500b795ce4e908b6f8cb5fbd338b22b8e1,mendeley_ransomware,1,phobos,train,train,x86,phobos,unified_mendeley
a4c7517fe4548f71f2f2e6848100d638c3bd7d03fa225ca598a03824b7575fd1,phobos__a4c7517fe4548f71f2f2e6848100d638c3bd7d03fa225ca598a03824b7575fd1,mendeley_ransomware,1,phobos,train,train,x86,phobos,unified_mendeley
ab465569d9e8d1d97722f7719cd676ad8565d1e1bfa8b72b2ef7864da90d9b49,phobos__ab465569d9e8d1d97722f7719cd676ad8565d1e1bfa8b72b2ef7864da90d9b49,mendeley_ransomware,1,phobos,train,train,x86,phobos,unified_mendeley
b3bc4a50c29b60d62471b29a11251196267b42832806390193d856d5e29fd8fa,phobos__b3bc4a50c29b60d62471b29a11251196267b42832806390193d856d5e29fd8fa,mendeley_ransomware,1,phobos,train,train,x86,phobos,unified_mendeley
c032850d72d2f4d6f81eb62f59bcaf667bfdacc018ba5c27c93f603a7b6abc5e,phobos__c032850d72d2f4d6f81eb62f59bcaf667bfdacc018ba5c27c93f603a7b6abc5e,mendeley_ransomware,1,phobos,train,train,x86,phobos,unified_mendeley
ce40058314b131a63ee248a85505ac02b9473c1032d7bfe63b081dc57171dd3f,phobos__ce40058314b131a63ee248a85505ac02b9473c1032d7bfe63b081dc57171dd3f,mendeley_ransomware,1,phobos,train,train,x86,phobos,unified_mendeley
d50b23e12c661bb78fa3cb317e679fabc4178600048572368bec173a520e4aaf,phobos__d50b23e12c661bb78fa3cb317e679fabc4178600048572368bec173a520e4aaf,mendeley_ransomware,1,phobos,train,train,x86,phobos,unified_mendeley
d71748408052ff7047bdf2d6d29ecbca0be93522f8a03d00b405841ba818794d,phobos__d71748408052ff7047bdf2d6d29ecbca0be93522f8a03d00b405841ba818794d,mendeley_ransomware,1,phobos,train,train,x86,phobos,unified_mendeley
d7d50f809a7808ca53c4430d484bb100aaf9c74c6c12080ff888b8c04212f405,phobos__d7d50f809a7808ca53c4430d484bb100aaf9c74c6c12080ff888b8c04212f405,mendeley_ransomware,1,phobos,train,train,x86,phobos,unified_mendeley
e54392c329658f6b36b4422de94172be965db417d8f9b58a379cbc2492295ece,phobos__e54392c329658f6b36b4422de94172be965db417d8f9b58a379cbc2492295ece,mendeley_ransomware,1,phobos,train,train,x86,phobos,unified_mendeley
ec21b0fae8166d18ea5f9dddd8fdbb5fe26dd62903d3173388b97208d724f3c8,phobos__ec21b0fae8166d18ea5f9dddd8fdbb5fe26dd62903d3173388b97208d724f3c8,mendeley_ransomware,1,phobos,train,train,x86,phobos,unified_mendeley
f0aec57001a184ea82122a59c6e5be48042f75d6f11a40125995ba9531aab718,phobos__f0aec57001a184ea82122a59c6e5be48042f75d6f11a40125995ba9531aab718,mendeley_ransomware,1,phobos,train,train,x86,phobos,unified_mendeley
f30035bd2f3bd2c03eb6f1c9bac2a4ce3a51da23e37e9faacabeb9dce0605429,phobos__f30035bd2f3bd2c03eb6f1c9bac2a4ce3a51da23e37e9faacabeb9dce0605429,mendeley_ransomware,1,phobos,train,train,x86,phobos,unified_mendeley
f60eef88ef6c4a37ac4a78b36188cf4da6cedf5e46c4b8d082a3947b6b116884,phobos__f60eef88ef6c4a37ac4a78b36188cf4da6cedf5e46c4b8d082a3947b6b116884,mendeley_ransomware,1,phobos,train,train,x86,phobos,unified_mendeley
f9348fb8d78baa055f90288fec94b67d3f3d30eaa5744feeacef871ee3ad8eb8,phobos__f9348fb8d78baa055f90288fec94b67d3f3d30eaa5744feeacef871ee3ad8eb8,mendeley_ransomware,1,phobos,train,train,x86,phobos,unified_mendeley
fa0a1227da320afa57509dadf4ece1f264c184abd61f425ae00c43c19e09b006,phobos__fa0a1227da320afa57509dadf4ece1f264c184abd61f425ae00c43c19e09b006,mendeley_ransomware,1,phobos,train,train,x86,phobos,unified_mendeley
006ae41910887f0811a3ba2868ef9576bbd265216554850112319af878f06e55,playcrypt__006ae41910887f0811a3ba2868ef9576bbd265216554850112319af878f06e55,mendeley_ransomware,1,playcrypt,test,test,x86,playcrypt,unified_mendeley
0b4f893402b51880d0df703c21195aa0f50cbdd3a5b223cc333cd24f0167c16d,playcrypt__0b4f893402b51880d0df703c21195aa0f50cbdd3a5b223cc333cd24f0167c16d,mendeley_ransomware,1,playcrypt,test,test,x86,playcrypt,unified_mendeley
0bb0f63a3bd6cc79efc18648b28912bd873a8e14c4918ee3579421f728a62fae,playcrypt__0bb0f63a3bd6cc79efc18648b28912bd873a8e14c4918ee3579421f728a62fae,mendeley_ransomware,1,playcrypt,test,test,x86,playcrypt,unified_mendeley
0ed328af77f2576071bfd543938fc01101daac01f216dc43bc091a8da4aff18d,playcrypt__0ed328af77f2576071bfd543938fc01101daac01f216dc43bc091a8da4aff18d,mendeley_ransomware,1,playcrypt,test,test,x86,playcrypt,unified_mendeley
12d1a0dc37d877dbf81bd18e8bd57b2843cc254c9a3cfcbecb70305612e60cae,playcrypt__12d1a0dc37d877dbf81bd18e8bd57b2843cc254c9a3cfcbecb70305612e60cae,mendeley_ransomware,1,playcrypt,test,test,x86,playcrypt,unified_mendeley
157c43a3a4e014827e42cf4dd20cc8efa71cdf098f5d1d04b6cd1a972d6a8c7a,playcrypt__157c43a3a4e014827e42cf4dd20cc8efa71cdf098f5d1d04b6cd1a972d6a8c7a,mendeley_ransomware,1,playcrypt,test,test,x86,playcrypt,unified_mendeley
176476f9d924d83343a51a90ade097d12b7594dc5dbca1771c440047dfbe81eb,playcrypt__176476f9d924d83343a51a90ade097d12b7594dc5dbca1771c440047dfbe81eb,mendeley_ransomware,1,playcrypt,test,test,x86,playcrypt,unified_mendeley
2ab190542c3ec7b2b6e6d4bccce4c5d6a572f98c6bc89b014fea0c8fd6db6723,playcrypt__2ab190542c3ec7b2b6e6d4bccce4c5d6a572f98c6bc89b014fea0c8fd6db6723,mendeley_ransomware,1,playcrypt,test,test,x86,playcrypt,unified_mendeley
2e9126dfad03bdaf54f9b29ade42038c83f65ac7288376f45768901660f62d7b,playcrypt__2e9126dfad03bdaf54f9b29ade42038c83f65ac7288376f45768901660f62d7b,mendeley_ransomware,1,playcrypt,test,test,x86,playcrypt,unified_mendeley
3e6317229d122073f57264d6f69ae3e145decad3666ddad8173c942e80588e69,playcrypt__3e6317229d122073f57264d6f69ae3e145decad3666ddad8173c942e80588e69,mendeley_ransomware,1,playcrypt,test,test,x86,playcrypt,unified_mendeley
463e5c95af41e43a9d6ee85bf84421e64e3de6583c9e2c0bb3e695171a28e913,playcrypt__463e5c95af41e43a9d6ee85bf84421e64e3de6583c9e2c0bb3e695171a28e913,mendeley_ransomware,1,playcrypt,test,test,x86,playcrypt,unified_mendeley
47c7cee3d76106279c4c28ad1de3c833c1ba0a2ec56b0150586c7e8480ccae57,playcrypt__47c7cee3d76106279c4c28ad1de3c833c1ba0a2ec56b0150586c7e8480ccae57,mendeley_ransomware,1,playcrypt,test,test,x86,playcrypt,unified_mendeley
5573cbe13c0dbfd3d0e467b9907f3a89c1c133c774ada906ea256e228ae885d5,playcrypt__5573cbe13c0dbfd3d0e467b9907f3a89c1c133c774ada906ea256e228ae885d5,mendeley_ransomware,1,playcrypt,test,test,x86,playcrypt,unified_mendeley
5e94626c6bcb825acede3826811ed693644d6dbb7caeeefb8575c2ec711a65a6,playcrypt__5e94626c6bcb825acede3826811ed693644d6dbb7caeeefb8575c2ec711a65a6,mendeley_ransomware,1,playcrypt,test,test,x86,playcrypt,unified_mendeley
5eca08ddca898427de5ab13fedf25426102c3a0621d086b63f2e37d2d04ba3e9,playcrypt__5eca08ddca898427de5ab13fedf25426102c3a0621d086b63f2e37d2d04ba3e9,mendeley_ransomware,1,playcrypt,test,test,x86,playcrypt,unified_mendeley
608e2b023dc8f7e02ae2000fc7dbfc24e47807d1e4264cbd6bb5839c81f91934,playcrypt__608e2b023dc8f7e02ae2000fc7dbfc24e47807d1e4264cbd6bb5839c81f91934,mendeley_ransomware,1,playcrypt,test,test,x86,playcrypt,unified_mendeley
61c63be1e0ebf23a616e02f8929364f270b03190ab9132fa638b3dd20b6dc109,playcrypt__61c63be1e0ebf23a616e02f8929364f270b03190ab9132fa638b3dd20b6dc109,mendeley_ransomware,1,playcrypt,test,test,x86,playcrypt,unified_mendeley
73e19be4da76bb4e52cb82493c75690977fc3a5f589a9b47e834362545ef512a,playcrypt__73e19be4da76bb4e52cb82493c75690977fc3a5f589a9b47e834362545ef512a,mendeley_ransomware,1,playcrypt,test,test,x86,playcrypt,unified_mendeley
757524b09e5d4f2399172c4ac0f6996ec34dec90110542973d438d5370aff280,playcrypt__757524b09e5d4f2399172c4ac0f6996ec34dec90110542973d438d5370aff280,mendeley_ransomware,1,playcrypt,test,test,x86,playcrypt,unified_mendeley
7d14b98cdc1b898bd0d9be80398fc59ab560e8c44e0a9dedac8ad4ece3d450b0,playcrypt__7d14b98cdc1b898bd0d9be80398fc59ab560e8c44e0a9dedac8ad4ece3d450b0,mendeley_ransomware,1,playcrypt,test,test,x86,playcrypt,unified_mendeley
8962de34e5d63228d5ab037c87262e5b13bb9c17e73e5db7d6be4212d66f1c22,playcrypt__8962de34e5d63228d5ab037c87262e5b13bb9c17e73e5db7d6be4212d66f1c22,mendeley_ransomware,1,playcrypt,test,test,x86,playcrypt,unified_mendeley
92f3abed62d710064a19f2a50c4482cd02adfd821ace4c2f3030f96290166189,playcrypt__92f3abed62d710064a19f2a50c4482cd02adfd821ace4c2f3030f96290166189,mendeley_ransomware,1,playcrypt,test,test,x86,playcrypt,unified_mendeley
952fec5f9e7137951700d7e4239728f903e360b3fdb0332deb9448bdc31c2f3f,playcrypt__952fec5f9e7137951700d7e4239728f903e360b3fdb0332deb9448bdc31c2f3f,mendeley_ransomware,1,playcrypt,test,test,x86,playcrypt,unified_mendeley
957a6aee2437a5c4d31372af2f6bceb29e1c7a49d650fe207cefc624bf6bca82,playcrypt__957a6aee2437a5c4d31372af2f6bceb29e1c7a49d650fe207cefc624bf6bca82,mendeley_ransomware,1,playcrypt,test,test,x86,playcrypt,unified_mendeley
96835abb2917ee87359a8669c4f28b9e8b1ee402e45153e98474a7b2135ca2cd,playcrypt__96835abb2917ee87359a8669c4f28b9e8b1ee402e45153e98474a7b2135ca2cd,mendeley_ransomware,1,playcrypt,test,test,x86,playcrypt,unified_mendeley
97c1b1ff5aee63fd1c042384e9b88e869fc33105c60d65819bcf98a610508c8d,playcrypt__97c1b1ff5aee63fd1c042384e9b88e869fc33105c60d65819bcf98a610508c8d,mendeley_ransomware,1,playcrypt,test,test,x86,playcrypt,unified_mendeley
9e69416cac3cb428cfb1894fbf7990692978edbf57737ad4c812d53c49687898,playcrypt__9e69416cac3cb428cfb1894fbf7990692978edbf57737ad4c812d53c49687898,mendeley_ransomware,1,playcrypt,test,test,x86,playcrypt,unified_mendeley
ac2077199eff791b44274b3f0634e5c23ff219e4097136d59baaf6fba337989f,playcrypt__ac2077199eff791b44274b3f0634e5c23ff219e4097136d59baaf6fba337989f,mendeley_ransomware,1,playcrypt,test,test,x86,playcrypt,unified_mendeley
bb51255ec929ae1fb34981b8b988769027ee49e68c0958a4a2a76b59a0dc1cff,playcrypt__bb51255ec929ae1fb34981b8b988769027ee49e68c0958a4a2a76b59a0dc1cff,mendeley_ransomware,1,playcrypt,test,test,x86,playcrypt,unified_mendeley
bbd84d10f6a56bfeca23fd5d11d9e370fdfa91be73aa60c9d460b2671145c109,playcrypt__bbd84d10f6a56bfeca23fd5d11d9e370fdfa91be73aa60c9d460b2671145c109,mendeley_ransomware,1,playcrypt,test,test,x86,playcrypt,unified_mendeley
c0eab1dbd64ffbe9c2f77f0e71e30cfff8467aa7e9ce2ed74e7a8dcdd861e3a6,playcrypt__c0eab1dbd64ffbe9c2f77f0e71e30cfff8467aa7e9ce2ed74e7a8dcdd861e3a6,mendeley_ransomware,1,playcrypt,test,test,x86,playcrypt,unified_mendeley
c3e9740759f6cdd8eab97bc23430e1f042862ab41eacec0bb763693e5745549c,playcrypt__c3e9740759f6cdd8eab97bc23430e1f042862ab41eacec0bb763693e5745549c,mendeley_ransomware,1,playcrypt,test,test,x86,playcrypt,unified_mendeley
c441e4d38af87a46dae4ea4823456e42145238d300b51d83a7060cee0b57de28,playcrypt__c441e4d38af87a46dae4ea4823456e42145238d300b51d83a7060cee0b57de28,mendeley_ransomware,1,playcrypt,test,test,x86,playcrypt,unified_mendeley
cd16f6b2faaf801a0de5d5afc68ed50a5bde9b4905bb00fe5f408b265ec081e5,playcrypt__cd16f6b2faaf801a0de5d5afc68ed50a5bde9b4905bb00fe5f408b265ec081e5,mendeley_ransomware,1,playcrypt,test,test,x86,playcrypt,unified_mendeley
d9d64a1e9e7d6911f256f2d449cc8ab58301396374265215e5c121bf036ba58d,playcrypt__d9d64a1e9e7d6911f256f2d449cc8ab58301396374265215e5c121bf036ba58d,mendeley_ransomware,1,playcrypt,test,test,x86,playcrypt,unified_mendeley
dcaf62ee4637397b2aaa73dbe41cfb514c71565f1d4770944c9b678cd2545087,playcrypt__dcaf62ee4637397b2aaa73dbe41cfb514c71565f1d4770944c9b678cd2545087,mendeley_ransomware,1,playcrypt,test,test,x86,playcrypt,unified_mendeley
dd101db5d9503f33a0c23d79da3642e999375748f7c1532e98c813b114bdfa1a,playcrypt__dd101db5d9503f33a0c23d79da3642e999375748f7c1532e98c813b114bdfa1a,mendeley_ransomware,1,playcrypt,test,test,x86,playcrypt,unified_mendeley
e4f32fe39ce7f9f293ccbfde30adfdc36caf7cfb6ccc396870527f45534b840b,playcrypt__e4f32fe39ce7f9f293ccbfde30adfdc36caf7cfb6ccc396870527f45534b840b,mendeley_ransomware,1,playcrypt,test,test,x86,playcrypt,unified_mendeley
e641b622b1f180fe189e3f39b3466b16ca5040b5a1869e5d30c92cca5727d3f0,playcrypt__e641b622b1f180fe189e3f39b3466b16ca5040b5a1869e5d30c92cca5727d3f0,mendeley_ransomware,1,playcrypt,test,test,x86,playcrypt,unified_mendeley
f054f373cead893f868fd9b4acc24f751afefbb80cf961e305f97741f952a641,playcrypt__f054f373cead893f868fd9b4acc24f751afefbb80cf961e305f97741f952a641,mendeley_ransomware,1,playcrypt,test,test,x86,playcrypt,unified_mendeley
f284064ee25c56c68dd76370470567818ffcbf4ae134c7beca1c3ba773c21619,playcrypt__f284064ee25c56c68dd76370470567818ffcbf4ae134c7beca1c3ba773c21619,mendeley_ransomware,1,playcrypt,test,test,x86,playcrypt,unified_mendeley
f39d6741cbb99a81decbe5e75c07e846b5a36b40bc1bb0c0c61415300cc43b6c,playcrypt__f39d6741cbb99a81decbe5e75c07e846b5a36b40bc1bb0c0c61415300cc43b6c,mendeley_ransomware,1,playcrypt,test,test,x86,playcrypt,unified_mendeley
f6072ff57c1cfe74b88f521d70c524bcbbb60c561705e9febe033f51131be408,playcrypt__f6072ff57c1cfe74b88f521d70c524bcbbb60c561705e9febe033f51131be408,mendeley_ransomware,1,playcrypt,test,test,x86,playcrypt,unified_mendeley
0433efd9ba06378eb6eae864c85aafc8b6de79ef6512345294e9e379cc054c3d,pysa__0433efd9ba06378eb6eae864c85aafc8b6de79ef6512345294e9e379cc054c3d,mendeley_ransomware,1,pysa,train,train,x86,pysa,unified_mendeley
049263e712631a447fd13c8255ed456bcac8b4227502841acd8f229d89dc066c,pysa__049263e712631a447fd13c8255ed456bcac8b4227502841acd8f229d89dc066c,mendeley_ransomware,1,pysa,train,train,x86,pysa,unified_mendeley
051fb654403340420102430f807ea41ab790666488d897dc5b0008e99fed47d6,pysa__051fb654403340420102430f807ea41ab790666488d897dc5b0008e99fed47d6,mendeley_ransomware,1,pysa,train,train,x86,pysa,unified_mendeley
0f0014669bc10a7d87472cafc05301c66516857607b920ddeb3039f4cb8f0a50,pysa__0f0014669bc10a7d87472cafc05301c66516857607b920ddeb3039f4cb8f0a50,mendeley_ransomware,1,pysa,train,train,x86,pysa,unified_mendeley
153222163442b304f5cee295268115c9cfdf0f1168f49f9e3fae52340eee51ec,pysa__153222163442b304f5cee295268115c9cfdf0f1168f49f9e3fae52340eee51ec,mendeley_ransomware,1,pysa,train,train,x86,pysa,unified_mendeley
1e2009549452ed6b524b94ed683079ee60c2b9542b1bfd5b9ee42e9161d5e7c8,pysa__1e2009549452ed6b524b94ed683079ee60c2b9542b1bfd5b9ee42e9161d5e7c8,mendeley_ransomware,1,pysa,train,train,x86,pysa,unified_mendeley
2a2eb971b878f56a0a5762656be6f59ec9623451acf4cf16b8c02e478d044cd0,pysa__2a2eb971b878f56a0a5762656be6f59ec9623451acf4cf16b8c02e478d044cd0,mendeley_ransomware,1,pysa,train,train,x86,pysa,unified_mendeley
327934c4c11ba37f42a91e1b7b956d5a4511f918e63047a8c4aa081fd39de6d9,pysa__327934c4c11ba37f42a91e1b7b956d5a4511f918e63047a8c4aa081fd39de6d9,mendeley_ransomware,1,pysa,train,train,x86,pysa,unified_mendeley
32d6be4f86451871f70590f01ce01e9263abe18286db1272928a23c125e844f3,pysa__32d6be4f86451871f70590f01ce01e9263abe18286db1272928a23c125e844f3,mendeley_ransomware,1,pysa,train,train,x86,pysa,unified_mendeley
39ef1d9afd248791d765f0deaed6ebaac5416876a705e407cc97a35dad038fd8,pysa__39ef1d9afd248791d765f0deaed6ebaac5416876a705e407cc97a35dad038fd8,mendeley_ransomware,1,pysa,train,train,x86,pysa,unified_mendeley
3a83805e3ad41c6acd7931a0902b519669b8f38e491357c6f31fa46509f3c77e,pysa__3a83805e3ad41c6acd7931a0902b519669b8f38e491357c6f31fa46509f3c77e,mendeley_ransomware,1,pysa,train,train,x86,pysa,unified_mendeley
425945a93beb160f101d51de36363d1e7ebc45279987c3eaf5e7f183ed0a3776,pysa__425945a93beb160f101d51de36363d1e7ebc45279987c3eaf5e7f183ed0a3776,mendeley_ransomware,1,pysa,train,train,x86,pysa,unified_mendeley
44f1def68aef34687bfacf3668e56873f9d603fc6741d5da1209cc55bdc6f1f9,pysa__44f1def68aef34687bfacf3668e56873f9d603fc6741d5da1209cc55bdc6f1f9,mendeley_ransomware,1,pysa,train,train,x86,pysa,unified_mendeley
4770a0447ebc83a36e590da8d01ff4a418d58221c1f44d21f433aaf18fad5a99,pysa__4770a0447ebc83a36e590da8d01ff4a418d58221c1f44d21f433aaf18fad5a99,mendeley_ransomware,1,pysa,train,train,x86,pysa,unified_mendeley
48355bd2a57d92e017bdada911a4b31aa7225c0b12231c9cbda6717616abaea3,pysa__48355bd2a57d92e017bdada911a4b31aa7225c0b12231c9cbda6717616abaea3,mendeley_ransomware,1,pysa,train,train,x86,pysa,unified_mendeley
4dc802894c45ec4d119d002a7569be6c99a9bba732d0057364da9350f9d3659b,pysa__4dc802894c45ec4d119d002a7569be6c99a9bba732d0057364da9350f9d3659b,mendeley_ransomware,1,pysa,train,train,x86,pysa,unified_mendeley
5510ae74b7e2a10fdafa577dc278612f7796b0252b7d1438615e26c49e1fc560,pysa__5510ae74b7e2a10fdafa577dc278612f7796b0252b7d1438615e26c49e1fc560,mendeley_ransomware,1,pysa,train,train,x86,pysa,unified_mendeley
58ebe9b1c926c87dc1e9d924942504a56456007bff8de4932ef18e476da700c2,pysa__58ebe9b1c926c87dc1e9d924942504a56456007bff8de4932ef18e476da700c2,mendeley_ransomware,1,pysa,train,train,x86,pysa,unified_mendeley
61bb42fe06b3511d512af33ef59baa295b29bd62eb4d0bf28639c7910a65e4ae,pysa__61bb42fe06b3511d512af33ef59baa295b29bd62eb4d0bf28639c7910a65e4ae,mendeley_ransomware,1,pysa,train,train,x86,pysa,unified_mendeley
6f3cd5f05ab4f404c78bab92f705c91d967b31a9b06017d910af312fa87ae3d6,pysa__6f3cd5f05ab4f404c78bab92f705c91d967b31a9b06017d910af312fa87ae3d6,mendeley_ransomware,1,pysa,train,train,x86,pysa,unified_mendeley
6f4338a7a3ef8e491279ae81543a08554cad15d1bce6007047bc4449d945b799,pysa__6f4338a7a3ef8e491279ae81543a08554cad15d1bce6007047bc4449d945b799,mendeley_ransomware,1,pysa,train,train,x86,pysa,unified_mendeley
75c8e93ffcfd84f0d3444c0b9fc8c9a462f91540c8760025c393a749d198d9db,pysa__75c8e93ffcfd84f0d3444c0b9fc8c9a462f91540c8760025c393a749d198d9db,mendeley_ransomware,1,pysa,train,train,x86,pysa,unified_mendeley
7c774062bc55e2d0e869d5d69820aa6e3b759454dbc926475b4db6f7f2b6cb14,pysa__7c774062bc55e2d0e869d5d69820aa6e3b759454dbc926475b4db6f7f2b6cb14,mendeley_ransomware,1,pysa,train,train,x86,pysa,unified_mendeley
7fd3000a3afbf077589c300f90b59864ec1fb716feba8e288ed87291c8fdf7c3,pysa__7fd3000a3afbf077589c300f90b59864ec1fb716feba8e288ed87291c8fdf7c3,mendeley_ransomware,1,pysa,train,train,x86,pysa,unified_mendeley
83c4877cc0d7ae061e10103e1491dad26458c39bf2d6eeeb2b02b98c640238ba,pysa__83c4877cc0d7ae061e10103e1491dad26458c39bf2d6eeeb2b02b98c640238ba,mendeley_ransomware,1,pysa,train,train,x86,pysa,unified_mendeley
8b4b233e87c61c8698e086b376da640c9ab2ecd71c58b1f6a2eceb60b7e1a691,pysa__8b4b233e87c61c8698e086b376da640c9ab2ecd71c58b1f6a2eceb60b7e1a691,mendeley_ransomware,1,pysa,train,train,x86,pysa,unified_mendeley
8c4a385620a2ac889f5727bd80eba534b73cccd81839e1afd210be1eac2e2a91,pysa__8c4a385620a2ac889f5727bd80eba534b73cccd81839e1afd210be1eac2e2a91,mendeley_ransomware,1,pysa,train,train,x86,pysa,unified_mendeley
90cf35560032c380ddaaa05d9ed6baacbc7526a94a992a07fd02f92f371a8e92,pysa__90cf35560032c380ddaaa05d9ed6baacbc7526a94a992a07fd02f92f371a8e92,mendeley_ransomware,1,pysa,train,train,x86,pysa,unified_mendeley
931772ac59f5859e053589202c8db81edc01911391fe5b32c9abb5bbc2b06e43,pysa__931772ac59f5859e053589202c8db81edc01911391fe5b32c9abb5bbc2b06e43,mendeley_ransomware,1,pysa,train,train,x86,pysa,unified_mendeley
a18c85399cd1ec3f1ec85cd66ff2e97a0dcf7ccb17ecf697a5376da8eda4d327,pysa__a18c85399cd1ec3f1ec85cd66ff2e97a0dcf7ccb17ecf697a5376da8eda4d327,mendeley_ransomware,1,pysa,train,train,x86,pysa,unified_mendeley
af99b482eb0b3ff976fa719bf0079da15f62a6c203911655ed93e52ae05c4ac8,pysa__af99b482eb0b3ff976fa719bf0079da15f62a6c203911655ed93e52ae05c4ac8,mendeley_ransomware,1,pysa,train,train,x86,pysa,unified_mendeley
d1b6ee9b716fe48e51ac4e6bec691366bb08d507773d61a5d14fb15ec5e25e2b,pysa__d1b6ee9b716fe48e51ac4e6bec691366bb08d507773d61a5d14fb15ec5e25e2b,mendeley_ransomware,1,pysa,train,train,x86,pysa,unified_mendeley
e4287e9708a73ce6a9b7a3e7c72462b01f7cc3c595d972cf2984185ac1a3a4a8,pysa__e4287e9708a73ce6a9b7a3e7c72462b01f7cc3c595d972cf2984185ac1a3a4a8,mendeley_ransomware,1,pysa,train,train,x86,pysa,unified_mendeley
e9662b468135f758a9487a1be50159ef57f3050b753de2915763b4ed78839ead,pysa__e9662b468135f758a9487a1be50159ef57f3050b753de2915763b4ed78839ead,mendeley_ransomware,1,pysa,train,train,x86,pysa,unified_mendeley
f0939ebfda6b30a330a00c57497038a54da359e316e0d6e6e71871fd50fec16a,pysa__f0939ebfda6b30a330a00c57497038a54da359e316e0d6e6e71871fd50fec16a,mendeley_ransomware,1,pysa,train,train,x86,pysa,unified_mendeley
f602319a51dfad374687a6d18f87c9f8e7b9cab956a4993c2ed83e7adad6e2db,pysa__f602319a51dfad374687a6d18f87c9f8e7b9cab956a4993c2ed83e7adad6e2db,mendeley_ransomware,1,pysa,train,train,x86,pysa,unified_mendeley
fb31b023d2545563862c9c314d91770fcec7bb7a4b13abfdb5244266a67446a3,pysa__fb31b023d2545563862c9c314d91770fcec7bb7a4b13abfdb5244266a67446a3,mendeley_ransomware,1,pysa,train,train,x86,pysa,unified_mendeley
fd4db629ddb82ee6f339ed998fafaaf74f74cc7391c95263ca63df900b69ef1b,pysa__fd4db629ddb82ee6f339ed998fafaaf74f74cc7391c95263ca63df900b69ef1b,mendeley_ransomware,1,pysa,train,train,x86,pysa,unified_mendeley
0789a9c0a0d4f3422cb4e9b8e64f1ba92f7b88e2edfd14b7b9a7f5eee5135a4f,quantum__0789a9c0a0d4f3422cb4e9b8e64f1ba92f7b88e2edfd14b7b9a7f5eee5135a4f,mendeley_ransomware,1,quantum,test,test,x64,quantum,unified_mendeley
0f3bb820adf6d3bba54988ef40d8188ae48b34b757277e86728bdb8441d01ea2,quantum__0f3bb820adf6d3bba54988ef40d8188ae48b34b757277e86728bdb8441d01ea2,mendeley_ransomware,1,quantum,test,test,x64,quantum,unified_mendeley
2fd8356abd42b19799aca857990a5f49631b02bd3253f80d96b5d27dcfd2f7c9,quantum__2fd8356abd42b19799aca857990a5f49631b02bd3253f80d96b5d27dcfd2f7c9,mendeley_ransomware,1,quantum,test,test,x64,quantum,unified_mendeley
511c1021fad76670d6d407139e5fef62b34ca9656fb735bd7d406728568fa280,quantum__511c1021fad76670d6d407139e5fef62b34ca9656fb735bd7d406728568fa280,mendeley_ransomware,1,quantum,test,test,x86,quantum,unified_mendeley
834c1dc19baf8b9edf78f17ffd5b46eea29eb05aaa348304baa218811eac7bfe,quantum__834c1dc19baf8b9edf78f17ffd5b46eea29eb05aaa348304baa218811eac7bfe,mendeley_ransomware,1,quantum,test,test,x64,quantum,unified_mendeley
b63e94928da25e18caa1506305b9ca3dedc267e747dfa4710860e757d2cc8192,quantum__b63e94928da25e18caa1506305b9ca3dedc267e747dfa4710860e757d2cc8192,mendeley_ransomware,1,quantum,test,test,x64,quantum,unified_mendeley
0209d66c757282330b026a4cf00dfffc64c88a460d3e43212abe2e721d066d23,ragnarok__0209d66c757282330b026a4cf00dfffc64c88a460d3e43212abe2e721d066d23,mendeley_ransomware,1,ragnarok,train,train,x86,ragnarok,unified_mendeley
0272f2709880a7d60be927bd860a02c19665a3142b4dc22c13a11bec157b2a6a,ragnarok__0272f2709880a7d60be927bd860a02c19665a3142b4dc22c13a11bec157b2a6a,mendeley_ransomware,1,ragnarok,train,train,x86,ragnarok,unified_mendeley
041fd213326dd5c10a16caf88ff076bb98c68c052284430fba5f601023d39a14,ragnarok__041fd213326dd5c10a16caf88ff076bb98c68c052284430fba5f601023d39a14,mendeley_ransomware,1,ragnarok,train,train,x86,ragnarok,unified_mendeley
04c9cc0d1577d5ee54a4e2d4dd12f17011d13703cdd0e6efd46718d14fd9aa87,ragnarok__04c9cc0d1577d5ee54a4e2d4dd12f17011d13703cdd0e6efd46718d14fd9aa87,mendeley_ransomware,1,ragnarok,train,train,x86,ragnarok,unified_mendeley
0766beb30c575fc68d1ca134bd53c086d2ce63b040e4d0bbd6d89d8c26ca04f6,ragnarok__0766beb30c575fc68d1ca134bd53c086d2ce63b040e4d0bbd6d89d8c26ca04f6,mendeley_ransomware,1,ragnarok,train,train,x86,ragnarok,unified_mendeley
1602d04000a8c7221ed0d97d79f3157303e209d4640d31b8566dd52c2b09d033,ragnarok__1602d04000a8c7221ed0d97d79f3157303e209d4640d31b8566dd52c2b09d033,mendeley_ransomware,1,ragnarok,train,train,x86,ragnarok,unified_mendeley
16166851c86178085cfa28127c3e20dfe692ac9da7428c08888c9c4b2d0aadad,ragnarok__16166851c86178085cfa28127c3e20dfe692ac9da7428c08888c9c4b2d0aadad,mendeley_ransomware,1,ragnarok,train,train,x86,ragnarok,unified_mendeley
1f0ea8ee29856eacc5fd26521d44e14201832820bba38534310f7eb6f28d5f77,ragnarok__1f0ea8ee29856eacc5fd26521d44e14201832820bba38534310f7eb6f28d5f77,mendeley_ransomware,1,ragnarok,train,train,x86,ragnarok,unified_mendeley
27ff7406aa1507ba4b5fbdd2d579c1ed3d301e4399b99fb1ba8c1d47748be339,ragnarok__27ff7406aa1507ba4b5fbdd2d579c1ed3d301e4399b99fb1ba8c1d47748be339,mendeley_ransomware,1,ragnarok,train,train,x86,ragnarok,unified_mendeley
2be37eb63aa942a7ff3a7101afa786489b34bfe284b8ae746436c5f5e188eb04,ragnarok__2be37eb63aa942a7ff3a7101afa786489b34bfe284b8ae746436c5f5e188eb04,mendeley_ransomware,1,ragnarok,train,train,x86,ragnarok,unified_mendeley
2c6fe093fd80bb076e88c50cfd6c86f187c0520c8790d771e1368bd241d59f17,ragnarok__2c6fe093fd80bb076e88c50cfd6c86f187c0520c8790d771e1368bd241d59f17,mendeley_ransomware,1,ragnarok,train,train,x86,ragnarok,unified_mendeley
30dcc7a8ae98e52ee5547379048ca1fc90925e09a2a81c055021ba225c1d064c,ragnarok__30dcc7a8ae98e52ee5547379048ca1fc90925e09a2a81c055021ba225c1d064c,mendeley_ransomware,1,ragnarok,train,train,x86,ragnarok,unified_mendeley
32d16594582e303443462bb4a8e37424e853154b900ec8d47c42f199c8be6fea,ragnarok__32d16594582e303443462bb4a8e37424e853154b900ec8d47c42f199c8be6fea,mendeley_ransomware,1,ragnarok,train,train,x86,ragnarok,unified_mendeley
3b43751ed88e4d1f82cf52ca2d4477e3e35c35f08c1b4e3ab21c80720601e804,ragnarok__3b43751ed88e4d1f82cf52ca2d4477e3e35c35f08c1b4e3ab21c80720601e804,mendeley_ransomware,1,ragnarok,train,train,x86,ragnarok,unified_mendeley
3bc8ce79ee7043c9ad70698e3fc2013806244dc5112c8c8d465e96757b57b1e1,ragnarok__3bc8ce79ee7043c9ad70698e3fc2013806244dc5112c8c8d465e96757b57b1e1,mendeley_ransomware,1,ragnarok,train,train,x86,ragnarok,unified_mendeley
3c103850d13c9564b06087c9ad55ca2c1e2e9b9d063cb7a39d7a105f689f87a8,ragnarok__3c103850d13c9564b06087c9ad55ca2c1e2e9b9d063cb7a39d7a105f689f87a8,mendeley_ransomware,1,ragnarok,train,train,x86,ragnarok,unified_mendeley
467be4279ce6d4a973aa79eae37ad09174b79c5eb48c03093c9a52a4bd04d092,ragnarok__467be4279ce6d4a973aa79eae37ad09174b79c5eb48c03093c9a52a4bd04d092,mendeley_ransomware,1,ragnarok,train,train,x86,ragnarok,unified_mendeley
4e17fb5415d3bfbf419afe186e0a3ed1c6478bddf9fb9b996e98f6318456a7e6,ragnarok__4e17fb5415d3bfbf419afe186e0a3ed1c6478bddf9fb9b996e98f6318456a7e6,mendeley_ransomware,1,ragnarok,train,train,x86,ragnarok,unified_mendeley
4e8e84ad831cf251366b609720d6e3c6523fdd66ea0f989acb5d62e62e418cdf,ragnarok__4e8e84ad831cf251366b609720d6e3c6523fdd66ea0f989acb5d62e62e418cdf,mendeley_ransomware,1,ragnarok,train,train,x86,ragnarok,unified_mendeley
4f0268288fb680fbabc48b09a87e828a6e18782516fa9b9bfc23acc2727f6ba9,ragnarok__4f0268288fb680fbabc48b09a87e828a6e18782516fa9b9bfc23acc2727f6ba9,mendeley_ransomware,1,ragnarok,train,train,x86,ragnarok,unified_mendeley
53df85f3250eb84f9c8b29731173d8cc9b4416744203b64edc76dd3b589d85c1,ragnarok__53df85f3250eb84f9c8b29731173d8cc9b4416744203b64edc76dd3b589d85c1,mendeley_ransomware,1,ragnarok,train,train,x86,ragnarok,unified_mendeley
63096f288f49b25d50f4aea52dc1fc00871b3927fa2a81fa0b0d752b261a3059,ragnarok__63096f288f49b25d50f4aea52dc1fc00871b3927fa2a81fa0b0d752b261a3059,mendeley_ransomware,1,ragnarok,train,train,x86,ragnarok,unified_mendeley
68eb2d2d7866775d6bf106a914281491d23769a9eda88fc078328150b8432bb3,ragnarok__68eb2d2d7866775d6bf106a914281491d23769a9eda88fc078328150b8432bb3,mendeley_ransomware,1,ragnarok,train,train,x86,ragnarok,unified_mendeley
6edc6154834951ffc012f575e2827da8e4aca4f67f24ef59a678e02dc40c9c91,ragnarok__6edc6154834951ffc012f575e2827da8e4aca4f67f24ef59a678e02dc40c9c91,mendeley_ransomware,1,ragnarok,train,train,x86,ragnarok,unified_mendeley
73697bf67323eac51eff5c4c5c9fefbeea0c7c9fc125341fa7d85e97c097a71f,ragnarok__73697bf67323eac51eff5c4c5c9fefbeea0c7c9fc125341fa7d85e97c097a71f,mendeley_ransomware,1,ragnarok,train,train,x86,ragnarok,unified_mendeley
7af61ce420051640c50b0e73e718dd8c55dddfcb58917a3bead9d3ece2f3e929,ragnarok__7af61ce420051640c50b0e73e718dd8c55dddfcb58917a3bead9d3ece2f3e929,mendeley_ransomware,1,ragnarok,train,train,x86,ragnarok,unified_mendeley
9706a97ffa43a0258571def8912dc2b8bf1ee207676052ad1b9c16ca9953fc2c,ragnarok__9706a97ffa43a0258571def8912dc2b8bf1ee207676052ad1b9c16ca9953fc2c,mendeley_ransomware,1,ragnarok,train,train,x86,ragnarok,unified_mendeley
9bdd7f965d1c67396afb0a84c78b4d12118ff377db7efdca4a1340933120f376,ragnarok__9bdd7f965d1c67396afb0a84c78b4d12118ff377db7efdca4a1340933120f376,mendeley_ransomware,1,ragnarok,train,train,x86,ragnarok,unified_mendeley
ac16f3e23516cf6b22830c399b4aba9706d37adceb5eb8ea9960f71f1425df79,ragnarok__ac16f3e23516cf6b22830c399b4aba9706d37adceb5eb8ea9960f71f1425df79,mendeley_ransomware,1,ragnarok,train,train,x86,ragnarok,unified_mendeley
b5466ce462df16b3a29f22192b1291d70479cacf35bd5e937f35b2567da948fe,ragnarok__b5466ce462df16b3a29f22192b1291d70479cacf35bd5e937f35b2567da948fe,mendeley_ransomware,1,ragnarok,train,train,x86,ragnarok,unified_mendeley
b7319f3e21c3941fc2a960b67a150b02f1f3389825164140e75dfa023a73d34c,ragnarok__b7319f3e21c3941fc2a960b67a150b02f1f3389825164140e75dfa023a73d34c,mendeley_ransomware,1,ragnarok,train,train,x86,ragnarok,unified_mendeley
c2bd70495630ed8279de0713a010e5e55f3da29323b59ef71401b12942ba52f6,ragnarok__c2bd70495630ed8279de0713a010e5e55f3da29323b59ef71401b12942ba52f6,mendeley_ransomware,1,ragnarok,train,train,x86,ragnarok,unified_mendeley
c85b211a9cf462aa88efe3db72ab5ab9ed91480355f1fd359d2680fdcb1b0c28,ragnarok__c85b211a9cf462aa88efe3db72ab5ab9ed91480355f1fd359d2680fdcb1b0c28,mendeley_ransomware,1,ragnarok,train,train,x86,ragnarok,unified_mendeley
d333d5eb3fc8fdd2c18e65723400c2ab939988fae9802937af329bb6b3735720,ragnarok__d333d5eb3fc8fdd2c18e65723400c2ab939988fae9802937af329bb6b3735720,mendeley_ransomware,1,ragnarok,train,train,x86,ragnarok,unified_mendeley
db8b499d613b604a439bca37c3be2f578bdfcde1b2271eccbcf22db85996e785,ragnarok__db8b499d613b604a439bca37c3be2f578bdfcde1b2271eccbcf22db85996e785,mendeley_ransomware,1,ragnarok,train,train,x86,ragnarok,unified_mendeley
dd5d4cf9422b6e4514d49a3ec542cffb682be8a24079010cda689afbb44ac0f4,ragnarok__dd5d4cf9422b6e4514d49a3ec542cffb682be8a24079010cda689afbb44ac0f4,mendeley_ransomware,1,ragnarok,train,train,x86,ragnarok,unified_mendeley
dd79b2abc21e766fe3076038482ded43e5069a1af9e0ad29e06dce387bfae900,ragnarok__dd79b2abc21e766fe3076038482ded43e5069a1af9e0ad29e06dce387bfae900,mendeley_ransomware,1,ragnarok,train,train,x86,ragnarok,unified_mendeley
e1957024039b0e48a15c27448f19d4df4f0e4666f9ac34e7f4d42dd3c32e15ed,ragnarok__e1957024039b0e48a15c27448f19d4df4f0e4666f9ac34e7f4d42dd3c32e15ed,mendeley_ransomware,1,ragnarok,train,train,x86,ragnarok,unified_mendeley
e7fe3b83e1730593d372b5a848e84066c07d75ee4790395a258822cfb8502412,ragnarok__e7fe3b83e1730593d372b5a848e84066c07d75ee4790395a258822cfb8502412,mendeley_ransomware,1,ragnarok,train,train,x86,ragnarok,unified_mendeley
ec35c76ad2c8192f09c02eca1f263b406163470ca8438d054db7adcf5bfc0597,ragnarok__ec35c76ad2c8192f09c02eca1f263b406163470ca8438d054db7adcf5bfc0597,mendeley_ransomware,1,ragnarok,train,train,x86,ragnarok,unified_mendeley
ee7221f0d74d03a613ca334aa6cacbcff381a10a1d0ded8a485c3ad1ba8530e1,ragnarok__ee7221f0d74d03a613ca334aa6cacbcff381a10a1d0ded8a485c3ad1ba8530e1,mendeley_ransomware,1,ragnarok,train,train,x86,ragnarok,unified_mendeley
fc990b79c1f106bfe21a6b2faa0455429e12e1707546e9475d5ea66daf10fd98,ragnarok__fc990b79c1f106bfe21a6b2faa0455429e12e1707546e9475d5ea66daf10fd98,mendeley_ransomware,1,ragnarok,train,train,x86,ragnarok,unified_mendeley
08cf8ed94cc1ef6ae23133f3e506a50d8aad9047c6fa74568a0373d991261aa4,ransomexx__08cf8ed94cc1ef6ae23133f3e506a50d8aad9047c6fa74568a0373d991261aa4,mendeley_ransomware,1,ransomexx,train,train,x86,ransomexx,unified_mendeley
09bb81e5a6c716f14c625ff36beb3b184d0089ed29252af10635b604b69f22ef,ransomexx__09bb81e5a6c716f14c625ff36beb3b184d0089ed29252af10635b604b69f22ef,mendeley_ransomware,1,ransomexx,train,train,x86,ransomexx,unified_mendeley
0b42bf15b77cfe9f9e693f2776691647e78a91be27f5bdb8d1a366be510a773f,ransomexx__0b42bf15b77cfe9f9e693f2776691647e78a91be27f5bdb8d1a366be510a773f,mendeley_ransomware,1,ransomexx,train,train,x86,ransomexx,unified_mendeley
10c4067908181cebb72202d92ff7a054b19ef3aada939bf76178e35be9506525,ransomexx__10c4067908181cebb72202d92ff7a054b19ef3aada939bf76178e35be9506525,mendeley_ransomware,1,ransomexx,train,train,x86,ransomexx,unified_mendeley
1fb3db9bfa0960ff9cf5cd4dc875ec72dd3fd8a60340c7bf2631d8bc30d54a0f,ransomexx__1fb3db9bfa0960ff9cf5cd4dc875ec72dd3fd8a60340c7bf2631d8bc30d54a0f,mendeley_ransomware,1,ransomexx,train,train,x86,ransomexx,unified_mendeley
248c45236a4d4b5aec67b01a1e2e42a15bb6d2de0dee296f345d976ac01c3646,ransomexx__248c45236a4d4b5aec67b01a1e2e42a15bb6d2de0dee296f345d976ac01c3646,mendeley_ransomware,1,ransomexx,train,train,x86,ransomexx,unified_mendeley
45de0b468a1d23bb4d557f426fde7decdc2c18e94ce69c414663db5eea2d4f28,ransomexx__45de0b468a1d23bb4d557f426fde7decdc2c18e94ce69c414663db5eea2d4f28,mendeley_ransomware,1,ransomexx,train,train,x86,ransomexx,unified_mendeley
4cae449450c07b7aa74314173c7b00d409eabfe22b86859f3b3acedd66010458,ransomexx__4cae449450c07b7aa74314173c7b00d409eabfe22b86859f3b3acedd66010458,mendeley_ransomware,1,ransomexx,train,train,x86,ransomexx,unified_mendeley
64c51351aafb4cd339934a78d064847bdd833b963eafbade86eb51ac2c1677f4,ransomexx__64c51351aafb4cd339934a78d064847bdd833b963eafbade86eb51ac2c1677f4,mendeley_ransomware,1,ransomexx,train,train,x86,ransomexx,unified_mendeley
c0f07b493cc32ffcbb4ca1ca92f5752c4040b1d0be7b69981c22a27f69cfb890,ransomexx__c0f07b493cc32ffcbb4ca1ca92f5752c4040b1d0be7b69981c22a27f69cfb890,mendeley_ransomware,1,ransomexx,train,train,x86,ransomexx,unified_mendeley
d85f4448d5aea240d68c07bec6f363986d71940c3c1a3e49053d55fd1741c41e,ransomexx__d85f4448d5aea240d68c07bec6f363986d71940c3c1a3e49053d55fd1741c41e,mendeley_ransomware,1,ransomexx,train,train,x86,ransomexx,unified_mendeley
ed2b1f855fc7a39a7cf2cfbfd5a10707801ba313bab9c5d748fcd3703aad66fc,ransomexx__ed2b1f855fc7a39a7cf2cfbfd5a10707801ba313bab9c5d748fcd3703aad66fc,mendeley_ransomware,1,ransomexx,train,train,x86,ransomexx,unified_mendeley
fa28436aaf459d16215dd2d96ea5756c09198216c52d90a7a20abde4e826909b,ransomexx__fa28436aaf459d16215dd2d96ea5756c09198216c52d90a7a20abde4e826909b,mendeley_ransomware,1,ransomexx,train,train,x86,ransomexx,unified_mendeley
04419b76566142902680b2c44b216905b44a5743502530066e408bac72d20864,revil__04419b76566142902680b2c44b216905b44a5743502530066e408bac72d20864,mendeley_ransomware,1,revil,val,train,x86,revil,unified_mendeley
08c2d24cb9c632f9aa84254bb673c9df04d4ac23ee07e840794e9438b06e9bd2,revil__08c2d24cb9c632f9aa84254bb673c9df04d4ac23ee07e840794e9438b06e9bd2,mendeley_ransomware,1,revil,val,train,x86,revil,unified_mendeley
12d8bfa1aeb557c146b98f069f3456cc8392863a2f4ad938722cd7ca1a773b39,revil__12d8bfa1aeb557c146b98f069f3456cc8392863a2f4ad938722cd7ca1a773b39,mendeley_ransomware,1,revil,val,train,x86,revil,unified_mendeley
1407486e00e1c186e5ea73d53c9f026f1e72609cb6fcd90ebc4545aae30728db,revil__1407486e00e1c186e5ea73d53c9f026f1e72609cb6fcd90ebc4545aae30728db,mendeley_ransomware,1,revil,val,train,x86,revil,unified_mendeley
1fb2178279b76d9ed5e3c24b24885a31ec521e58a4688597600d26f88df5b8e1,revil__1fb2178279b76d9ed5e3c24b24885a31ec521e58a4688597600d26f88df5b8e1,mendeley_ransomware,1,revil,val,train,x86,revil,unified_mendeley
1fe9b489c25bb23b04d9996e8107671edee69bd6f6def2fe7ece38a0fb35f98e,revil__1fe9b489c25bb23b04d9996e8107671edee69bd6f6def2fe7ece38a0fb35f98e,mendeley_ransomware,1,revil,val,train,x86,revil,unified_mendeley
20d46f118a5e925f992932f20dd658e4d464ac8d8218f7fba683029d51761709,revil__20d46f118a5e925f992932f20dd658e4d464ac8d8218f7fba683029d51761709,mendeley_ransomware,1,revil,val,train,x86,revil,unified_mendeley
2df2fab33c1db5b049284a6bd5aa1f58bec4cb370b0663870b6a57ef33b5028c,revil__2df2fab33c1db5b049284a6bd5aa1f58bec4cb370b0663870b6a57ef33b5028c,mendeley_ransomware,1,revil,val,train,x86,revil,unified_mendeley
2ea781140f7e86c63b636249b5fdba9828661bdd846fd95c195c5b986b84a507,revil__2ea781140f7e86c63b636249b5fdba9828661bdd846fd95c195c5b986b84a507,mendeley_ransomware,1,revil,val,train,x86,revil,unified_mendeley
2f00cd865ea857a2d9d399385c408e99f9daaa1b6c193f2195393bd459524b3e,revil__2f00cd865ea857a2d9d399385c408e99f9daaa1b6c193f2195393bd459524b3e,mendeley_ransomware,1,revil,val,train,x86,revil,unified_mendeley
329983dc2a23bd951b24780947cb9a6ae3fb80d5ef546e8538dfd9459b176483,revil__329983dc2a23bd951b24780947cb9a6ae3fb80d5ef546e8538dfd9459b176483,mendeley_ransomware,1,revil,val,train,x86,revil,unified_mendeley
3b0cf9bc480a7fc4a560ab26cd35a72313b1fa49bf6ef208c434a32b3f1588c4,revil__3b0cf9bc480a7fc4a560ab26cd35a72313b1fa49bf6ef208c434a32b3f1588c4,mendeley_ransomware,1,revil,val,train,x86,revil,unified_mendeley
3c56d3fe6373d5b84074f214b883ca65685d04141ff829f73ff65531bf1f86ad,revil__3c56d3fe6373d5b84074f214b883ca65685d04141ff829f73ff65531bf1f86ad,mendeley_ransomware,1,revil,val,train,x86,revil,unified_mendeley
42438a67636a6981b4e3209449040f6b393f10fe0636dfca2260fc0f4271e135,revil__42438a67636a6981b4e3209449040f6b393f10fe0636dfca2260fc0f4271e135,mendeley_ransomware,1,revil,val,train,x86,revil,unified_mendeley
44cd22cb40115a504bf933ec006d47ae0076f450f76b54783f846beca81c4c93,revil__44cd22cb40115a504bf933ec006d47ae0076f450f76b54783f846beca81c4c93,mendeley_ransomware,1,revil,val,train,x86,revil,unified_mendeley
52612bceee07152f2e2e6699b3c085149e11979f34fe248bda14e03a0d950e85,revil__52612bceee07152f2e2e6699b3c085149e11979f34fe248bda14e03a0d950e85,mendeley_ransomware,1,revil,val,train,x86,revil,unified_mendeley
5467fe3f38ccf0c56c1aba7cbbc56109b747f7a53c333a3f5a1cfe6094e1fa2b,revil__5467fe3f38ccf0c56c1aba7cbbc56109b747f7a53c333a3f5a1cfe6094e1fa2b,mendeley_ransomware,1,revil,val,train,x86,revil,unified_mendeley
54f07b825fd662618e1142ee47ef5c988c08ae59c60209bef250fc68bfd3826c,revil__54f07b825fd662618e1142ee47ef5c988c08ae59c60209bef250fc68bfd3826c,mendeley_ransomware,1,revil,val,train,x86,revil,unified_mendeley
5f56d5748940e4039053f85978074bde16d64bd5ba97f6f0026ba8172cb29e93,revil__5f56d5748940e4039053f85978074bde16d64bd5ba97f6f0026ba8172cb29e93,mendeley_ransomware,1,revil,val,train,x86,revil,unified_mendeley
62a27299a63f16f14ab36532e5afc203f817df9eef94630a4873d35d8f685fbd,revil__62a27299a63f16f14ab36532e5afc203f817df9eef94630a4873d35d8f685fbd,mendeley_ransomware,1,revil,val,train,x86,revil,unified_mendeley
66060484cccedb839fb646d4e6020e079319374b2847c52dcec55c5ad60b1beb,revil__66060484cccedb839fb646d4e6020e079319374b2847c52dcec55c5ad60b1beb,mendeley_ransomware,1,revil,val,train,x86,revil,unified_mendeley
6834005e47c6ad53cb0793e1f13b6ea45383d86691b179f4229214d8768d0ceb,revil__6834005e47c6ad53cb0793e1f13b6ea45383d86691b179f4229214d8768d0ceb,mendeley_ransomware,1,revil,val,train,x86,revil,unified_mendeley
6c5ddbe058da35b2731fe10234520a6bb78604f860ed4188a1bd07e62fe4ec11,revil__6c5ddbe058da35b2731fe10234520a6bb78604f860ed4188a1bd07e62fe4ec11,mendeley_ransomware,1,revil,val,train,x86,revil,unified_mendeley
74ce1be7fe32869dbbfe599d7992c306a7ee693eb517924135975daa64a3a92f,revil__74ce1be7fe32869dbbfe599d7992c306a7ee693eb517924135975daa64a3a92f,mendeley_ransomware,1,revil,val,train,x86,revil,unified_mendeley
7cd8f10164a6c3209574751d16c4e9297334f11a08ade649055450d41e0d31e9,revil__7cd8f10164a6c3209574751d16c4e9297334f11a08ade649055450d41e0d31e9,mendeley_ransomware,1,revil,val,train,x86,revil,unified_mendeley
7e70460a2e395485fe6328a58e09400fc7963afeb29fdadb924c340e758b267c,revil__7e70460a2e395485fe6328a58e09400fc7963afeb29fdadb924c340e758b267c,mendeley_ransomware,1,revil,val,train,x86,revil,unified_mendeley
8c716101e118ac65d7bdb900e0100d012256abb1d7cdf64830e5943a795ccce2,revil__8c716101e118ac65d7bdb900e0100d012256abb1d7cdf64830e5943a795ccce2,mendeley_ransomware,1,revil,val,train,x86,revil,unified_mendeley
93c4b144a4ef5e9ebcb5de425f6151fb6fd892d1042b21e639ab6c358cad3940,revil__93c4b144a4ef5e9ebcb5de425f6151fb6fd892d1042b21e639ab6c358cad3940,mendeley_ransomware,1,revil,val,train,x86,revil,unified_mendeley
9b11711efed24b3c6723521a7d7eb4a52e4914db7420e278aa36e727459d59dd,revil__9b11711efed24b3c6723521a7d7eb4a52e4914db7420e278aa36e727459d59dd,mendeley_ransomware,1,revil,val,train,x86,revil,unified_mendeley
9df39b3b2b0ed8ed469d028cc4269655d6b70aef8b22a308f34e1929e4b00992,revil__9df39b3b2b0ed8ed469d028cc4269655d6b70aef8b22a308f34e1929e4b00992,mendeley_ransomware,1,revil,val,train,x86,revil,unified_mendeley
9f256973ee6ddcd3d781761480c00220a140fad833dc9a6a085f45c419d1714e,revil__9f256973ee6ddcd3d781761480c00220a140fad833dc9a6a085f45c419d1714e,mendeley_ransomware,1,revil,val,train,x86,revil,unified_mendeley
ab0aa003d7238940cbdf7393677f968c4a252516de7f0699cd4654abd2e7ae83,revil__ab0aa003d7238940cbdf7393677f968c4a252516de7f0699cd4654abd2e7ae83,mendeley_ransomware,1,revil,val,train,x86,revil,unified_mendeley
ad144912fc680308d6b8fe71dfff6b5e2779b47ebdc7b60a4a5cfb038e89b382,revil__ad144912fc680308d6b8fe71dfff6b5e2779b47ebdc7b60a4a5cfb038e89b382,mendeley_ransomware,1,revil,val,train,x86,revil,unified_mendeley
b49c1caf4d71f47c73e112f22e033ee59610a5ae080e76797d5ef1dcc4a93d07,revil__b49c1caf4d71f47c73e112f22e033ee59610a5ae080e76797d5ef1dcc4a93d07,mendeley_ransomware,1,revil,val,train,x86,revil,unified_mendeley
b9924321b4f05ec0b98e272ddd4f91feb69eb93c44186ca165a4d51beed91152,revil__b9924321b4f05ec0b98e272ddd4f91feb69eb93c44186ca165a4d51beed91152,mendeley_ransomware,1,revil,val,train,x86,revil,unified_mendeley
bbcaee51155609d365f6bb297d124efea685df0243ec1d4efb5043d9afe5963d,revil__bbcaee51155609d365f6bb297d124efea685df0243ec1d4efb5043d9afe5963d,mendeley_ransomware,1,revil,val,train,x86,revil,unified_mendeley
c7a3f735583f0ad0e623a1a248188a0b5fbb7997c2a4a5278bd09e9ce5d6fc33,revil__c7a3f735583f0ad0e623a1a248188a0b5fbb7997c2a4a5278bd09e9ce5d6fc33,mendeley_ransomware,1,revil,val,train,x86,revil,unified_mendeley
cb4af8d6d57163b0322bd033b36379f805bdb59ec550049ea568cc0a7dfe52cd,revil__cb4af8d6d57163b0322bd033b36379f805bdb59ec550049ea568cc0a7dfe52cd,mendeley_ransomware,1,revil,val,train,x86,revil,unified_mendeley
d0e075a9346acbeca7095df2fc5e7c28909961184078e251f737f09b8ef892b6,revil__d0e075a9346acbeca7095df2fc5e7c28909961184078e251f737f09b8ef892b6,mendeley_ransomware,1,revil,val,train,x86,revil,unified_mendeley
d55f983c994caa160ec63a59f6b4250fe67fb3e8c43a388aec60a4a6978e9f1e,revil__d55f983c994caa160ec63a59f6b4250fe67fb3e8c43a388aec60a4a6978e9f1e,mendeley_ransomware,1,revil,val,train,x86,revil,unified_mendeley
d74f04f0b948d9586629e06e2a2a21bdf20d678e47058afb637414eb3701c1f6,revil__d74f04f0b948d9586629e06e2a2a21bdf20d678e47058afb637414eb3701c1f6,mendeley_ransomware,1,revil,val,train,x86,revil,unified_mendeley
d91f951bdcf35012ac6b47c28cf32ec143e4269243d8c229f6cb326fd343df95,revil__d91f951bdcf35012ac6b47c28cf32ec143e4269243d8c229f6cb326fd343df95,mendeley_ransomware,1,revil,val,train,x86,revil,unified_mendeley
db59d4ab0aaf660fe778f9190102e1b808bc5d357026736ca335e4858ec512eb,revil__db59d4ab0aaf660fe778f9190102e1b808bc5d357026736ca335e4858ec512eb,mendeley_ransomware,1,revil,val,train,x86,revil,unified_mendeley
dc6b0e8c1e9c113f0364e1c8370060dee3fcbe25b667ddeca7623a95cd21411f,revil__dc6b0e8c1e9c113f0364e1c8370060dee3fcbe25b667ddeca7623a95cd21411f,mendeley_ransomware,1,revil,val,train,x86,revil,unified_mendeley
de20c90de7becbb2f8b92ac42d71a3db3db498472746d0d6f53c368dadba44b0,revil__de20c90de7becbb2f8b92ac42d71a3db3db498472746d0d6f53c368dadba44b0,mendeley_ransomware,1,revil,val,train,x86,revil,unified_mendeley
fd164c4c121371f94cfd3a034ad8cf8edc7c0f7141a8f4c9da1683d41b212a87,revil__fd164c4c121371f94cfd3a034ad8cf8edc7c0f7141a8f4c9da1683d41b212a87,mendeley_ransomware,1,revil,val,train,x86,revil,unified_mendeley
feea9f9c02b891d9a7d3656060ffcc203b9cbc28a49be3fcc7c9884c71a4f7c7,revil__feea9f9c02b891d9a7d3656060ffcc203b9cbc28a49be3fcc7c9884c71a4f7c7,mendeley_ransomware,1,revil,val,train,x86,revil,unified_mendeley
00812c29572306776424ca61a1f0fed18504e1776fa0d49b1f805c655daf871b,ryuk__00812c29572306776424ca61a1f0fed18504e1776fa0d49b1f805c655daf871b,mendeley_ransomware,1,ryuk,val,train,x64,ryuk,unified_mendeley
05e06709523fd798da963c2c24254de0fcca6c57e1052996798ecc74ff43b41f,ryuk__05e06709523fd798da963c2c24254de0fcca6c57e1052996798ecc74ff43b41f,mendeley_ransomware,1,ryuk,val,train,x86,ryuk,unified_mendeley
0cf36731f5b8651d53fc651607c3fccac24b631c08dca4493d8e07d2fbff1db3,ryuk__0cf36731f5b8651d53fc651607c3fccac24b631c08dca4493d8e07d2fbff1db3,mendeley_ransomware,1,ryuk,val,train,x86,ryuk,unified_mendeley
113af75f13547be184822f1268f984b79f35965a1b1f963d23b50a09741b0aec,ryuk__113af75f13547be184822f1268f984b79f35965a1b1f963d23b50a09741b0aec,mendeley_ransomware,1,ryuk,val,train,x64,ryuk,unified_mendeley
1455091954ecf9ccd6fe60cb8e982d9cfb4b3dc8414443ccfdfc444079829d56,ryuk__1455091954ecf9ccd6fe60cb8e982d9cfb4b3dc8414443ccfdfc444079829d56,mendeley_ransomware,1,ryuk,val,train,x64,ryuk,unified_mendeley
180f82bbedb03dc29328e32e054069870a1e65078b78b2120a84c96aaed7d843,ryuk__180f82bbedb03dc29328e32e054069870a1e65078b78b2120a84c96aaed7d843,mendeley_ransomware,1,ryuk,val,train,x86,ryuk,unified_mendeley
19ee4afc768bb6dccc68de4c6cac24cd2b258263d84493c352dabfa23d829082,ryuk__19ee4afc768bb6dccc68de4c6cac24cd2b258263d84493c352dabfa23d829082,mendeley_ransomware,1,ryuk,val,train,x86,ryuk,unified_mendeley
1e11567d33a1738bd8223ce819f5c27aeeb8611ef288c4a7f9374f750252ec56,ryuk__1e11567d33a1738bd8223ce819f5c27aeeb8611ef288c4a7f9374f750252ec56,mendeley_ransomware,1,ryuk,val,train,x86,ryuk,unified_mendeley
23f8aa94ffb3c08a62735fe7fee5799880a8f322ce1d55ec49a13a3f85312db2,ryuk__23f8aa94ffb3c08a62735fe7fee5799880a8f322ce1d55ec49a13a3f85312db2,mendeley_ransomware,1,ryuk,val,train,x86,ryuk,unified_mendeley
2ec5256a7edb90b1c05c92f79e8a48c205b29e1ac910a535aa83c30b8dbbeff8,ryuk__2ec5256a7edb90b1c05c92f79e8a48c205b29e1ac910a535aa83c30b8dbbeff8,mendeley_ransomware,1,ryuk,val,train,x86,ryuk,unified_mendeley
2fd1542c42b9fc68a52a53bde2731c26a9861cf8093c620e30e5729c810d0c8f,ryuk__2fd1542c42b9fc68a52a53bde2731c26a9861cf8093c620e30e5729c810d0c8f,mendeley_ransomware,1,ryuk,val,train,x86,ryuk,unified_mendeley
3c037dcc0145a331e0154e016e0636d7f77be792d2d698b3b982fab33acc242a,ryuk__3c037dcc0145a331e0154e016e0636d7f77be792d2d698b3b982fab33acc242a,mendeley_ransomware,1,ryuk,val,train,x64,ryuk,unified_mendeley
40b865d1c3ab1b8544bcf57c88edd30679870d40b27d62feb237a19f0c5f9cd1,ryuk__40b865d1c3ab1b8544bcf57c88edd30679870d40b27d62feb237a19f0c5f9cd1,mendeley_ransomware,1,ryuk,val,train,x86,ryuk,unified_mendeley
478990938b7cae1f3266d232993c12265e8c8dcd4382ea381cf1e6cf6d21b350,ryuk__478990938b7cae1f3266d232993c12265e8c8dcd4382ea381cf1e6cf6d21b350,mendeley_ransomware,1,ryuk,val,train,x64,ryuk,unified_mendeley
47b93698f3be772dad103ea109a0e7dba745afe3e93aa9dc2d9739e0b4991f5d,ryuk__47b93698f3be772dad103ea109a0e7dba745afe3e93aa9dc2d9739e0b4991f5d,mendeley_ransomware,1,ryuk,val,train,x86,ryuk,unified_mendeley
4992a629599d25933b55fee0b69198e80ecdcb3727a0b11b3d2891e6cd5da555,ryuk__4992a629599d25933b55fee0b69198e80ecdcb3727a0b11b3d2891e6cd5da555,mendeley_ransomware,1,ryuk,val,train,x86,ryuk,unified_mendeley
4c746cd4561e5a26ceeacb566d62258c04e29a40ac5dc1d2475aacb8099b0fe7,ryuk__4c746cd4561e5a26ceeacb566d62258c04e29a40ac5dc1d2475aacb8099b0fe7,mendeley_ransomware,1,ryuk,val,train,x64,ryuk,unified_mendeley
4cb0bf61d61ad3383636df11b3e4da8e67bb0acea03e981ecdd48d08ed8c796c,ryuk__4cb0bf61d61ad3383636df11b3e4da8e67bb0acea03e981ecdd48d08ed8c796c,mendeley_ransomware,1,ryuk,val,train,x86,ryuk,unified_mendeley
5b1f242aee0eabd4dffea0fe5f08aba60abf7c8d1e4f7fc7357af7f20ccd0204,ryuk__5b1f242aee0eabd4dffea0fe5f08aba60abf7c8d1e4f7fc7357af7f20ccd0204,mendeley_ransomware,1,ryuk,val,train,x86,ryuk,unified_mendeley
5e2c9d80fa4528fe9777738a9cba9ede08cdae353fd4cb2d9caf0c9801fd5711,ryuk__5e2c9d80fa4528fe9777738a9cba9ede08cdae353fd4cb2d9caf0c9801fd5711,mendeley_ransomware,1,ryuk,val,train,x86,ryuk,unified_mendeley
63b44f7fe68cb8a05fa98c5acc59851d4b73f5bbd76e9910c94042c523da8d5b,ryuk__63b44f7fe68cb8a05fa98c5acc59851d4b73f5bbd76e9910c94042c523da8d5b,mendeley_ransomware,1,ryuk,val,train,x86,ryuk,unified_mendeley
63c7173636a3ea5fe8bd62ccd4fa32ac43f2648301a07e8ece7ad6f34f9ffb38,ryuk__63c7173636a3ea5fe8bd62ccd4fa32ac43f2648301a07e8ece7ad6f34f9ffb38,mendeley_ransomware,1,ryuk,val,train,x86,ryuk,unified_mendeley
647f76c278160f537fce57e355f7e8d42e2b381f28a779ad9b71c00f20fb3ced,ryuk__647f76c278160f537fce57e355f7e8d42e2b381f28a779ad9b71c00f20fb3ced,mendeley_ransomware,1,ryuk,val,train,x86,ryuk,unified_mendeley
781bc4dcbd459893397a8b987bf697f5b95435dfaf7fe3f4d2224728e7a2202a,ryuk__781bc4dcbd459893397a8b987bf697f5b95435dfaf7fe3f4d2224728e7a2202a,mendeley_ransomware,1,ryuk,val,train,x86,ryuk,unified_mendeley
7c1e0597dd5a1e2d48c9cede54843aa7c299f7404630b5a2aafac2eec7358b20,ryuk__7c1e0597dd5a1e2d48c9cede54843aa7c299f7404630b5a2aafac2eec7358b20,mendeley_ransomware,1,ryuk,val,train,x64,ryuk,unified_mendeley
7faeb64c50cd15d036ca259a047d6c62ed491fff3729433fefba0b02c059d5ed,ryuk__7faeb64c50cd15d036ca259a047d6c62ed491fff3729433fefba0b02c059d5ed,mendeley_ransomware,1,ryuk,val,train,x86,ryuk,unified_mendeley
84516cefc7fc9fb77046ae6ed0d1606eeedea4d99de335f6faa99c2f905a06c3,ryuk__84516cefc7fc9fb77046ae6ed0d1606eeedea4d99de335f6faa99c2f905a06c3,mendeley_ransomware,1,ryuk,val,train,x86,ryuk,unified_mendeley
8862b060db997bc9077e3bece06529c1c116af379985f6138a07ab5fde61b54c,ryuk__8862b060db997bc9077e3bece06529c1c116af379985f6138a07ab5fde61b54c,mendeley_ransomware,1,ryuk,val,train,x86,ryuk,unified_mendeley
88b1b4966650de59cef20c340b28739c52dc9ead91d9959a338a8e531ad38335,ryuk__88b1b4966650de59cef20c340b28739c52dc9ead91d9959a338a8e531ad38335,mendeley_ransomware,1,ryuk,val,train,x86,ryuk,unified_mendeley
9eb7abf2228ad28d8b7f571e0495d4a35da40607f04355307077975e271553b8,ryuk__9eb7abf2228ad28d8b7f571e0495d4a35da40607f04355307077975e271553b8,mendeley_ransomware,1,ryuk,val,train,x86,ryuk,unified_mendeley
9fe66773c84d371ef1b424005996ade4d5e16fb00306a1d54b107b2b2d03fe17,ryuk__9fe66773c84d371ef1b424005996ade4d5e16fb00306a1d54b107b2b2d03fe17,mendeley_ransomware,1,ryuk,val,train,x64,ryuk,unified_mendeley
a671d564c50b3056b915bdc6b063b781989b42e01a3743a1cb82849414fed0f8,ryuk__a671d564c50b3056b915bdc6b063b781989b42e01a3743a1cb82849414fed0f8,mendeley_ransomware,1,ryuk,val,train,x64,ryuk,unified_mendeley
a7b12a646be6e9815135dbcb8ce4e5f87089fb9fc2ce8da0d4a6d26e82e49696,ryuk__a7b12a646be6e9815135dbcb8ce4e5f87089fb9fc2ce8da0d4a6d26e82e49696,mendeley_ransomware,1,ryuk,val,train,x64,ryuk,unified_mendeley
badf8718f626889f7ceabb1c9d8660265952052037ddde346193b630201eefe4,ryuk__badf8718f626889f7ceabb1c9d8660265952052037ddde346193b630201eefe4,mendeley_ransomware,1,ryuk,val,train,x86,ryuk,unified_mendeley
bbbf38de4f40754f235441a8e6a4c8bdb9365dab7f5cfcdac77dbb4d6236360b,ryuk__bbbf38de4f40754f235441a8e6a4c8bdb9365dab7f5cfcdac77dbb4d6236360b,mendeley_ransomware,1,ryuk,val,train,x86,ryuk,unified_mendeley
c9961b737c158252bb3d52ce956842b0d903471d210220f70f09d500d9197d1e,ryuk__c9961b737c158252bb3d52ce956842b0d903471d210220f70f09d500d9197d1e,mendeley_ransomware,1,ryuk,val,train,x86,ryuk,unified_mendeley
cc4a0b4080844e20fb9535679f7b09a3e2449729ce1815d1e5a64272b0225465,ryuk__cc4a0b4080844e20fb9535679f7b09a3e2449729ce1815d1e5a64272b0225465,mendeley_ransomware,1,ryuk,val,train,x86,ryuk,unified_mendeley
d0d7a8f588693b7cc967fb4069419125625eb7454ba553c0416f35fc95307cbe,ryuk__d0d7a8f588693b7cc967fb4069419125625eb7454ba553c0416f35fc95307cbe,mendeley_ransomware,1,ryuk,val,train,x86,ryuk,unified_mendeley
d5d744e0f7984ec01593da35f26bf24e95e4b1cc8bd1c0ff4f31de5dbf94e38f,ryuk__d5d744e0f7984ec01593da35f26bf24e95e4b1cc8bd1c0ff4f31de5dbf94e38f,mendeley_ransomware,1,ryuk,val,train,x86,ryuk,unified_mendeley
d7333223dcc1002aae04e25e31d8c297efa791a2c1e609d67ac6d9af338efbe8,ryuk__d7333223dcc1002aae04e25e31d8c297efa791a2c1e609d67ac6d9af338efbe8,mendeley_ransomware,1,ryuk,val,train,x86,ryuk,unified_mendeley
d9092abd8267613ab978e367e6d457738f2f73bdf87ec3682fd976b4f3dd9d45,ryuk__d9092abd8267613ab978e367e6d457738f2f73bdf87ec3682fd976b4f3dd9d45,mendeley_ransomware,1,ryuk,val,train,x86,ryuk,unified_mendeley
d91572ef64c5c77b1085a5e6cc40cab2a78f714288c29d1d8bdbb613aa5c9c6d,ryuk__d91572ef64c5c77b1085a5e6cc40cab2a78f714288c29d1d8bdbb613aa5c9c6d,mendeley_ransomware,1,ryuk,val,train,x64,ryuk,unified_mendeley
d956b9643f528c77bb3118ea3ff3a22457f214d154b83d2ea1c001badda68196,ryuk__d956b9643f528c77bb3118ea3ff3a22457f214d154b83d2ea1c001badda68196,mendeley_ransomware,1,ryuk,val,train,x86,ryuk,unified_mendeley
de708f2807f96938e5eb0295d5ebfee870b34dd0cb70708607d4e1adf767ce7b,ryuk__de708f2807f96938e5eb0295d5ebfee870b34dd0cb70708607d4e1adf767ce7b,mendeley_ransomware,1,ryuk,val,train,x64,ryuk,unified_mendeley
df6847bbf7e75ded54028081f5f27abb199562409aee6e20f99abcda5b48fb51,ryuk__df6847bbf7e75ded54028081f5f27abb199562409aee6e20f99abcda5b48fb51,mendeley_ransomware,1,ryuk,val,train,x86,ryuk,unified_mendeley
e8a0e80dfc520bf7e76c33a90ed6d286e8729e9defe6bb7da2f38bc2db33f399,ryuk__e8a0e80dfc520bf7e76c33a90ed6d286e8729e9defe6bb7da2f38bc2db33f399,mendeley_ransomware,1,ryuk,val,train,x86,ryuk,unified_mendeley
ec3da4ac9ec917e66ab943ab149119807922f64f2e4960ebadc36fe7520b300f,ryuk__ec3da4ac9ec917e66ab943ab149119807922f64f2e4960ebadc36fe7520b300f,mendeley_ransomware,1,ryuk,val,train,x86,ryuk,unified_mendeley
0056768cbb7902dec5ec3975300228352c31adf62061177316a8523614bf7c79,stop__0056768cbb7902dec5ec3975300228352c31adf62061177316a8523614bf7c79,mendeley_ransomware,1,stop,train,train,x86,stop,unified_mendeley
007ae7550fcc0e7368a9ebd1dcc6066145f256af24847075cde83233ced10d00,stop__007ae7550fcc0e7368a9ebd1dcc6066145f256af24847075cde83233ced10d00,mendeley_ransomware,1,stop,train,train,x86,stop,unified_mendeley
015ec781353fb693d510bccc466c61747c5e248f866fb2f632bc7f76afd758e2,stop__015ec781353fb693d510bccc466c61747c5e248f866fb2f632bc7f76afd758e2,mendeley_ransomware,1,stop,train,train,x86,stop,unified_mendeley
01d812b41a6ce4a4295cabc3fecde728149ecf4263c7f9f072f50eb004ee1068,stop__01d812b41a6ce4a4295cabc3fecde728149ecf4263c7f9f072f50eb004ee1068,mendeley_ransomware,1,stop,train,train,x86,stop,unified_mendeley
01f04b5d88ada9262d116d2482048845233ee7b31b924d79f3cefdb5c429cf19,stop__01f04b5d88ada9262d116d2482048845233ee7b31b924d79f3cefdb5c429cf19,mendeley_ransomware,1,stop,train,train,x86,stop,unified_mendeley
0345956163130a14d545e02b3a55f501e1425d6a71e0bddd084ea260c225357f,stop__0345956163130a14d545e02b3a55f501e1425d6a71e0bddd084ea260c225357f,mendeley_ransomware,1,stop,train,train,x86,stop,unified_mendeley
051e1afb0b50910012ef8218db2664d062fe6cccb59344af8bdbbba1c3b5809b,stop__051e1afb0b50910012ef8218db2664d062fe6cccb59344af8bdbbba1c3b5809b,mendeley_ransomware,1,stop,train,train,x86,stop,unified_mendeley
0642d31bfde0f3804840f168e0a2a870ca674c106d3c32fbf1e20fa1f3a036a8,stop__0642d31bfde0f3804840f168e0a2a870ca674c106d3c32fbf1e20fa1f3a036a8,mendeley_ransomware,1,stop,train,train,x86,stop,unified_mendeley
07388045c0aa457cba88a2bba1e7e56d359cdf70463cab7eb6a41dda2b616ba2,stop__07388045c0aa457cba88a2bba1e7e56d359cdf70463cab7eb6a41dda2b616ba2,mendeley_ransomware,1,stop,train,train,x86,stop,unified_mendeley
0c213ef729950323440d62292de91d2e7bc17970a902c72ae8171ff382ef5221,stop__0c213ef729950323440d62292de91d2e7bc17970a902c72ae8171ff382ef5221,mendeley_ransomware,1,stop,train,train,x86,stop,unified_mendeley
0cc3dc3c3ab412bbfeb1dc25084a490c08bc29ef3ef8b2933c631025d7197a4d,stop__0cc3dc3c3ab412bbfeb1dc25084a490c08bc29ef3ef8b2933c631025d7197a4d,mendeley_ransomware,1,stop,train,train,x86,stop,unified_mendeley
0e563a11fbad32ff02ffe4fc9bad5c022bf7a36855c3407058e14e69ca8d69a3,stop__0e563a11fbad32ff02ffe4fc9bad5c022bf7a36855c3407058e14e69ca8d69a3,mendeley_ransomware,1,stop,train,train,x86,stop,unified_mendeley
0e9d06b7301792e220b72b88ca51dda59cc3e8f7618fe45cc1d68dfac0b17756,stop__0e9d06b7301792e220b72b88ca51dda59cc3e8f7618fe45cc1d68dfac0b17756,mendeley_ransomware,1,stop,train,train,x86,stop,unified_mendeley
0ef4e9d927784280b371ab3aebfb056ce7b1e377916507d483ef9a4ff8b202f1,stop__0ef4e9d927784280b371ab3aebfb056ce7b1e377916507d483ef9a4ff8b202f1,mendeley_ransomware,1,stop,train,train,x86,stop,unified_mendeley
11cb404eb6fc6d0aaca61b0edcbc009a2be321ce6fca9f865a272874678656a6,stop__11cb404eb6fc6d0aaca61b0edcbc009a2be321ce6fca9f865a272874678656a6,mendeley_ransomware,1,stop,train,train,x86,stop,unified_mendeley
1505ed1116425351ff433108f7cfa7b05e12531a961a9ef8a2df1209c35bd6a7,stop__1505ed1116425351ff433108f7cfa7b05e12531a961a9ef8a2df1209c35bd6a7,mendeley_ransomware,1,stop,train,train,x86,stop,unified_mendeley
19c8842028f5d34e2032e68de5913be7875cf0ad46e0914bf3d3ca6874dd22db,stop__19c8842028f5d34e2032e68de5913be7875cf0ad46e0914bf3d3ca6874dd22db,mendeley_ransomware,1,stop,train,train,x86,stop,unified_mendeley
20e8997a74ae8dd68fe98e7454c4056d09c6f92c19e52dd832f82e02082932e9,stop__20e8997a74ae8dd68fe98e7454c4056d09c6f92c19e52dd832f82e02082932e9,mendeley_ransomware,1,stop,train,train,x86,stop,unified_mendeley
32b0fbaf95fefcc9b89243be8721625592fc9ed92d76a48cab263898fd3d5c08,stop__32b0fbaf95fefcc9b89243be8721625592fc9ed92d76a48cab263898fd3d5c08,mendeley_ransomware,1,stop,train,train,x86,stop,unified_mendeley
446f4aff5e8617a75939deeddfec9c0cd2434f3a06f63ae037594b93c0f6ee61,stop__446f4aff5e8617a75939deeddfec9c0cd2434f3a06f63ae037594b93c0f6ee61,mendeley_ransomware,1,stop,train,train,x86,stop,unified_mendeley
45c47a6726cb73283befa8f3157d82efd25e757c8e22f46fb93b557f4622994f,stop__45c47a6726cb73283befa8f3157d82efd25e757c8e22f46fb93b557f4622994f,mendeley_ransomware,1,stop,train,train,x86,stop,unified_mendeley
486ab4d9e0a524b8f734a9e45821538c31e18c7632af8e0765dc417b9a87c64d,stop__486ab4d9e0a524b8f734a9e45821538c31e18c7632af8e0765dc417b9a87c64d,mendeley_ransomware,1,stop,train,train,x86,stop,unified_mendeley
52875170b3d4d831363ef0544a1f07934099ec94af1b8c7aa6c54b68086e640a,stop__52875170b3d4d831363ef0544a1f07934099ec94af1b8c7aa6c54b68086e640a,mendeley_ransomware,1,stop,train,train,x86,stop,unified_mendeley
5d294a14a491dc4e08593b2f6cdcaace1e894c449b05b4132b9ba5c005848c58,stop__5d294a14a491dc4e08593b2f6cdcaace1e894c449b05b4132b9ba5c005848c58,mendeley_ransomware,1,stop,train,train,x86,stop,unified_mendeley
5d5c067cbfd22a4bc080b26fd63a8fdbe5364e3f32079ddd0bdd65ffd4ac438e,stop__5d5c067cbfd22a4bc080b26fd63a8fdbe5364e3f32079ddd0bdd65ffd4ac438e,mendeley_ransomware,1,stop,train,train,x86,stop,unified_mendeley
6bcc1457190babad51e35d278328e52505b1917de234acf427f7e7b48e0e6f0e,stop__6bcc1457190babad51e35d278328e52505b1917de234acf427f7e7b48e0e6f0e,mendeley_ransomware,1,stop,train,train,x86,stop,unified_mendeley
96b6e097f79c99aa21d05542bd4a6317303a28aaf6fb4ff0f790a7f701747979,stop__96b6e097f79c99aa21d05542bd4a6317303a28aaf6fb4ff0f790a7f701747979,mendeley_ransomware,1,stop,train,train,x86,stop,unified_mendeley
99e6627336c4f6097f2268b21bc77a0e8fc0006c6d73db5c085037513c93c097,stop__99e6627336c4f6097f2268b21bc77a0e8fc0006c6d73db5c085037513c93c097,mendeley_ransomware,1,stop,train,train,x86,stop,unified_mendeley
ab773ef4933bf0d52210c6494f3611a6805c4fd880d1c62171e96f5d5b25f46f,stop__ab773ef4933bf0d52210c6494f3611a6805c4fd880d1c62171e96f5d5b25f46f,mendeley_ransomware,1,stop,train,train,x86,stop,unified_mendeley
bb85125d08e5f947de240348d133dadf0475af0556856e09d497ba14d2d4ac54,stop__bb85125d08e5f947de240348d133dadf0475af0556856e09d497ba14d2d4ac54,mendeley_ransomware,1,stop,train,train,x86,stop,unified_mendeley
cc16ec8062a3ed597edf121dc8e74170c70dc50159a70604f9e6f4256974c396,stop__cc16ec8062a3ed597edf121dc8e74170c70dc50159a70604f9e6f4256974c396,mendeley_ransomware,1,stop,train,train,x86,stop,unified_mendeley
d5c60ae5f174a2a2d95921e5b18c78e4c1ff4881a43540075309b47b827ef523,stop__d5c60ae5f174a2a2d95921e5b18c78e4c1ff4881a43540075309b47b827ef523,mendeley_ransomware,1,stop,train,train,x86,stop,unified_mendeley
eba1e2d8d2f3b1eaddaf6331df44e59c2e2ac9c907034f221db2684e89d75ec8,stop__eba1e2d8d2f3b1eaddaf6331df44e59c2e2ac9c907034f221db2684e89d75ec8,mendeley_ransomware,1,stop,train,train,x86,stop,unified_mendeley
f1e4755ee17247030f6baa75f18b41670b8f0d1d65a76826ad004225a87b646e,stop__f1e4755ee17247030f6baa75f18b41670b8f0d1d65a76826ad004225a87b646e,mendeley_ransomware,1,stop,train,train,x86,stop,unified_mendeley
f6476d08d2657e0ad84f224ab3eaa38568f79e65a5b84b72bd1da16a1bf10f13,stop__f6476d08d2657e0ad84f224ab3eaa38568f79e65a5b84b72bd1da16a1bf10f13,mendeley_ransomware,1,stop,train,train,x86,stop,unified_mendeley
06e3e56153ca25cb9790495f0768e9b615e088f9241ac7f3b974f2e9cd97bd21,wastedlocker__06e3e56153ca25cb9790495f0768e9b615e088f9241ac7f3b974f2e9cd97bd21,mendeley_ransomware,1,wastedlocker,train,train,x86,wastedlocker,unified_mendeley
0e06a89b601e02fe57ed699b2a5a000821647516fbc0e9a4c08c08c5d0b92cea,wastedlocker__0e06a89b601e02fe57ed699b2a5a000821647516fbc0e9a4c08c08c5d0b92cea,mendeley_ransomware,1,wastedlocker,train,train,x86,wastedlocker,unified_mendeley
0e6bad4b12da9130adde3f36955484e8cba3e4113067bc2551ec88074c2b7d60,wastedlocker__0e6bad4b12da9130adde3f36955484e8cba3e4113067bc2551ec88074c2b7d60,mendeley_ransomware,1,wastedlocker,train,train,x86,wastedlocker,unified_mendeley
37a30621364d3083424b24b0255fc8f5752d88c381600d840574e551c284fb6e,wastedlocker__37a30621364d3083424b24b0255fc8f5752d88c381600d840574e551c284fb6e,mendeley_ransomware,1,wastedlocker,train,train,x86,wastedlocker,unified_mendeley
3cf9f70a28656cb3d6c0ab960f89df9b2b5939e930edb8e11d46b2560ab460cd,wastedlocker__3cf9f70a28656cb3d6c0ab960f89df9b2b5939e930edb8e11d46b2560ab460cd,mendeley_ransomware,1,wastedlocker,train,train,x86,wastedlocker,unified_mendeley
3d9440075113f8dbb08c9fe78cfee716db07f45a99fd82bf4df610d4a4671587,wastedlocker__3d9440075113f8dbb08c9fe78cfee716db07f45a99fd82bf4df610d4a4671587,mendeley_ransomware,1,wastedlocker,train,train,x86,wastedlocker,unified_mendeley
4d7e4660c8e71d4d663dac8ea2b8cde6e07277b2839beda6ad88eb66f3f5a71b,wastedlocker__4d7e4660c8e71d4d663dac8ea2b8cde6e07277b2839beda6ad88eb66f3f5a71b,mendeley_ransomware,1,wastedlocker,train,train,x86,wastedlocker,unified_mendeley
5359628eee82f04a5f72aa33f181887b306095c4af5cb37cba7eba7ca61c814c,wastedlocker__5359628eee82f04a5f72aa33f181887b306095c4af5cb37cba7eba7ca61c814c,mendeley_ransomware,1,wastedlocker,train,train,x86,wastedlocker,unified_mendeley
5cd04805f9753ca08b82e88c27bf5426d1d356bb26b281885573051048911367,wastedlocker__5cd04805f9753ca08b82e88c27bf5426d1d356bb26b281885573051048911367,mendeley_ransomware,1,wastedlocker,train,train,x86,wastedlocker,unified_mendeley
5d3257b8c18ddb6832aad76f0c64acb47703781edfe0a1652f73a7ebbde5edc9,wastedlocker__5d3257b8c18ddb6832aad76f0c64acb47703781edfe0a1652f73a7ebbde5edc9,mendeley_ransomware,1,wastedlocker,train,train,x86,wastedlocker,unified_mendeley
633e3f41ab072d59eb255348209fd3228a8abc3168601c7f95342ef85efdc6b2,wastedlocker__633e3f41ab072d59eb255348209fd3228a8abc3168601c7f95342ef85efdc6b2,mendeley_ransomware,1,wastedlocker,train,train,x86,wastedlocker,unified_mendeley
6b13593902307f9ad68271be9205aabedd35a3b566f88dc891fbf53833cf4844,wastedlocker__6b13593902307f9ad68271be9205aabedd35a3b566f88dc891fbf53833cf4844,mendeley_ransomware,1,wastedlocker,train,train,x86,wastedlocker,unified_mendeley
6d35b01dbe014c6efc18d587c2be5e12617e1681cc670ba5c49fe7ead9de780e,wastedlocker__6d35b01dbe014c6efc18d587c2be5e12617e1681cc670ba5c49fe7ead9de780e,mendeley_ransomware,1,wastedlocker,train,train,x86,wastedlocker,unified_mendeley
7a45a4ae68992e5be784b4a6da7acd98dc28281fe238f22c1f7c1d85a90d144a,wastedlocker__7a45a4ae68992e5be784b4a6da7acd98dc28281fe238f22c1f7c1d85a90d144a,mendeley_ransomware,1,wastedlocker,train,train,x86,wastedlocker,unified_mendeley
7de425238719622bf2b2150591631b0a71d6a5dade419a4e67b9bdbfa272b559,wastedlocker__7de425238719622bf2b2150591631b0a71d6a5dade419a4e67b9bdbfa272b559,mendeley_ransomware,1,wastedlocker,train,train,x86,wastedlocker,unified_mendeley
887aac61771af200f7e58bf0d02cb96d9befa11deda4e448f0a700ccb186ce9d,wastedlocker__887aac61771af200f7e58bf0d02cb96d9befa11deda4e448f0a700ccb186ce9d,mendeley_ransomware,1,wastedlocker,train,train,x86,wastedlocker,unified_mendeley
8897db876553f942b2eb4005f8475a232bafb82a50ca7761a621842e894a3d80,wastedlocker__8897db876553f942b2eb4005f8475a232bafb82a50ca7761a621842e894a3d80,mendeley_ransomware,1,wastedlocker,train,train,x86,wastedlocker,unified_mendeley
8dc3389d37519b24aef2bcf2a15530ea1b13ff4b98228967c9876835bdb99a01,wastedlocker__8dc3389d37519b24aef2bcf2a15530ea1b13ff4b98228967c9876835bdb99a01,mendeley_ransomware,1,wastedlocker,train,train,x86,wastedlocker,unified_mendeley
905ea119ad8d3e54cd228c458a1b5681abc1f35df782977a23812ec4efa0288a,wastedlocker__905ea119ad8d3e54cd228c458a1b5681abc1f35df782977a23812ec4efa0288a,mendeley_ransomware,1,wastedlocker,train,train,x86,wastedlocker,unified_mendeley
9744b5f5d07149c5619d7fec67622b4e43bf3b28a803c2ab4121be4080e2b165,wastedlocker__9744b5f5d07149c5619d7fec67622b4e43bf3b28a803c2ab4121be4080e2b165,mendeley_ransomware,1,wastedlocker,train,train,x86,wastedlocker,unified_mendeley
97a1e14988672f7381d54e70785994ed45c2efe3da37e07be251a627f25078a7,wastedlocker__97a1e14988672f7381d54e70785994ed45c2efe3da37e07be251a627f25078a7,mendeley_ransomware,1,wastedlocker,train,train,x86,wastedlocker,unified_mendeley
9c61d32200b225cb4f0150b758617db552fccf119f3b0bd68f65a53c05e3aba4,wastedlocker__9c61d32200b225cb4f0150b758617db552fccf119f3b0bd68f65a53c05e3aba4,mendeley_ransomware,1,wastedlocker,train,train,x86,wastedlocker,unified_mendeley
aa05e7a187ddec2e11fc1c9eafe61408d085b0ab6cd12caeaf531c9dca129772,wastedlocker__aa05e7a187ddec2e11fc1c9eafe61408d085b0ab6cd12caeaf531c9dca129772,mendeley_ransomware,1,wastedlocker,train,train,x86,wastedlocker,unified_mendeley
ab007094afec534a2aa64436f214866014a664e7399aeaf361790ede5eec6b56,wastedlocker__ab007094afec534a2aa64436f214866014a664e7399aeaf361790ede5eec6b56,mendeley_ransomware,1,wastedlocker,train,train,x86,wastedlocker,unified_mendeley
ae255679f487e2e9075ffd5e8c7836dd425229c1e3bd40cfc46fbbceceec7cf4,wastedlocker__ae255679f487e2e9075ffd5e8c7836dd425229c1e3bd40cfc46fbbceceec7cf4,mendeley_ransomware,1,wastedlocker,train,train,x86,wastedlocker,unified_mendeley
b79565748d4e057ce732761bbeaa5578cb18f12c1890cdecd78a86e16fedd937,wastedlocker__b79565748d4e057ce732761bbeaa5578cb18f12c1890cdecd78a86e16fedd937,mendeley_ransomware,1,wastedlocker,train,train,x86,wastedlocker,unified_mendeley
bad14e9954f35a8274869047146a6150b354bf917f6a55d5ff9698c6c87cd83e,wastedlocker__bad14e9954f35a8274869047146a6150b354bf917f6a55d5ff9698c6c87cd83e,mendeley_ransomware,1,wastedlocker,train,train,x86,wastedlocker,unified_mendeley
bcdac1a2b67e2b47f8129814dca3bcf7d55404757eb09f1c3103f57da3153ec8,wastedlocker__bcdac1a2b67e2b47f8129814dca3bcf7d55404757eb09f1c3103f57da3153ec8,mendeley_ransomware,1,wastedlocker,train,train,x86,wastedlocker,unified_mendeley
d054e9223a2665b1746727d7bf9b008181c2d60c6a20b27490e4adb151560823,wastedlocker__d054e9223a2665b1746727d7bf9b008181c2d60c6a20b27490e4adb151560823,mendeley_ransomware,1,wastedlocker,train,train,x86,wastedlocker,unified_mendeley
d5b5a063656f2ce6dc50ed24278a2d21f2bb762c8e65c0d2ffc2477986896acf,wastedlocker__d5b5a063656f2ce6dc50ed24278a2d21f2bb762c8e65c0d2ffc2477986896acf,mendeley_ransomware,1,wastedlocker,train,train,x86,wastedlocker,unified_mendeley
db665f26dbc4ca92d326f2cb98faafb9e84d404346b201cd88bec91ce4206bb2,wastedlocker__db665f26dbc4ca92d326f2cb98faafb9e84d404346b201cd88bec91ce4206bb2,mendeley_ransomware,1,wastedlocker,train,train,x86,wastedlocker,unified_mendeley
e3bf41de3a7edf556d43b6196652aa036e48a602bb3f7c98af9dae992222a8eb,wastedlocker__e3bf41de3a7edf556d43b6196652aa036e48a602bb3f7c98af9dae992222a8eb,mendeley_ransomware,1,wastedlocker,train,train,x86,wastedlocker,unified_mendeley
e64a291f2b6238621e446496b96c14c7d9702a1ea2ab1f59088f5b2b75ffb1b8,wastedlocker__e64a291f2b6238621e446496b96c14c7d9702a1ea2ab1f59088f5b2b75ffb1b8,mendeley_ransomware,1,wastedlocker,train,train,x86,wastedlocker,unified_mendeley
ec9b412e9a6e0da1a21c01158c4c8313b61b033f58d16d913d72229794069d18,wastedlocker__ec9b412e9a6e0da1a21c01158c4c8313b61b033f58d16d913d72229794069d18,mendeley_ransomware,1,wastedlocker,train,train,x86,wastedlocker,unified_mendeley
ed0632acb266a4ec3f51dd803c8025bccd654e53c64eb613e203c590897079b3,wastedlocker__ed0632acb266a4ec3f51dd803c8025bccd654e53c64eb613e203c590897079b3,mendeley_ransomware,1,wastedlocker,train,train,x86,wastedlocker,unified_mendeley
ef7a9166c63d90cd5a4c5c58cb458da4c967a2baab2ad433de0aa20dfbf568f7,wastedlocker__ef7a9166c63d90cd5a4c5c58cb458da4c967a2baab2ad433de0aa20dfbf568f7,mendeley_ransomware,1,wastedlocker,train,train,x86,wastedlocker,unified_mendeley
0bed6711e6db24563a66ee99928864e8cf3f8cff0636c1efca1b14ef15941603,zeppelin__0bed6711e6db24563a66ee99928864e8cf3f8cff0636c1efca1b14ef15941603,mendeley_ransomware,1,zeppelin,train,train,x86,zeppelin,unified_mendeley
43812b98e4f9480d25b426a23a7b4d2a4e498110545c7a3cb21159bf75c18e7b,zeppelin__43812b98e4f9480d25b426a23a7b4d2a4e498110545c7a3cb21159bf75c18e7b,mendeley_ransomware,1,zeppelin,train,train,x86,zeppelin,unified_mendeley
438d83a22ed38bb2241a99b96d644826522b28327f63055840ee7632d8e95cd8,zeppelin__438d83a22ed38bb2241a99b96d644826522b28327f63055840ee7632d8e95cd8,mendeley_ransomware,1,zeppelin,train,train,x86,zeppelin,unified_mendeley
54f6ec27eb7526c439d33e7592e4864842fccf950d828fe14ef7c8eb080ee371,zeppelin__54f6ec27eb7526c439d33e7592e4864842fccf950d828fe14ef7c8eb080ee371,mendeley_ransomware,1,zeppelin,train,train,x86,zeppelin,unified_mendeley
56dc200341cac71492c374d9251791c60308d96d4387a8bbae999fdb5d841375,zeppelin__56dc200341cac71492c374d9251791c60308d96d4387a8bbae999fdb5d841375,mendeley_ransomware,1,zeppelin,train,train,x64,zeppelin,unified_mendeley
5876685b455f0c3f0228d03744b34df3e38add056fdbe111f639eafddf4fcc14,zeppelin__5876685b455f0c3f0228d03744b34df3e38add056fdbe111f639eafddf4fcc14,mendeley_ransomware,1,zeppelin,train,train,x64,zeppelin,unified_mendeley
5c1141aa7d0b9fba71822607f3b1b086e2cc4529e63221a9a6ede74fa366512f,zeppelin__5c1141aa7d0b9fba71822607f3b1b086e2cc4529e63221a9a6ede74fa366512f,mendeley_ransomware,1,zeppelin,train,train,x86,zeppelin,unified_mendeley
7d809e8c9b98c16647bbfac49854c28ecc3fe6d4345410deeaa79445cc50cf51,zeppelin__7d809e8c9b98c16647bbfac49854c28ecc3fe6d4345410deeaa79445cc50cf51,mendeley_ransomware,1,zeppelin,train,train,x86,zeppelin,unified_mendeley
824a76c39895bc3ad4f5dfc27fc3ac80d26514118c4669505a1f0cfdc8fdbcdc,zeppelin__824a76c39895bc3ad4f5dfc27fc3ac80d26514118c4669505a1f0cfdc8fdbcdc,mendeley_ransomware,1,zeppelin,train,train,x86,zeppelin,unified_mendeley
8ab4218a7ee9239d218f2729d6c00fb0246eeea1e97f85833dacfc73457c8b06,zeppelin__8ab4218a7ee9239d218f2729d6c00fb0246eeea1e97f85833dacfc73457c8b06,mendeley_ransomware,1,zeppelin,train,train,x86,zeppelin,unified_mendeley
8d44fdbedd0ec9ae59fad78bdb12d15d6903470eb1046b45c227193b233adda6,zeppelin__8d44fdbedd0ec9ae59fad78bdb12d15d6903470eb1046b45c227193b233adda6,mendeley_ransomware,1,zeppelin,train,train,x86,zeppelin,unified_mendeley
8de5795d080b582e5e58549e73bfa8c6e04a2c0fb98436647955817f2d4640e6,zeppelin__8de5795d080b582e5e58549e73bfa8c6e04a2c0fb98436647955817f2d4640e6,mendeley_ransomware,1,zeppelin,train,train,x86,zeppelin,unified_mendeley
99ee7cf74c8de999f2a1cc8cefacad3c866a86e78c87a56323729bfad967a4e9,zeppelin__99ee7cf74c8de999f2a1cc8cefacad3c866a86e78c87a56323729bfad967a4e9,mendeley_ransomware,1,zeppelin,train,train,x64,zeppelin,unified_mendeley
a9735152febae244b51417ebab74895bd57eb8ba11a16ef172676871fa0b01e2,zeppelin__a9735152febae244b51417ebab74895bd57eb8ba11a16ef172676871fa0b01e2,mendeley_ransomware,1,zeppelin,train,train,x86,zeppelin,unified_mendeley
b7f96fbb9844cac5c7f4ec966683f3564bbb9a2f453927e1c579dcb0154f5f83,zeppelin__b7f96fbb9844cac5c7f4ec966683f3564bbb9a2f453927e1c579dcb0154f5f83,mendeley_ransomware,1,zeppelin,train,train,x86,zeppelin,unified_mendeley
ece7ddff2ff9fdb8e7f55b674baa9c975ce86ff79e02db6ea9259a0187d2d481,zeppelin__ece7ddff2ff9fdb8e7f55b674baa9c975ce86ff79e02db6ea9259a0187d2d481,mendeley_ransomware,1,zeppelin,train,train,x86,zeppelin,unified_mendeley
f38c40c74a0a9953697c63fbd375c064cb2d59ce478435c7357bd68f382dd26f,zeppelin__f38c40c74a0a9953697c63fbd375c064cb2d59ce478435c7357bd68f382dd26f,mendeley_ransomware,1,zeppelin,train,train,x64,zeppelin,unified_mendeley
fb80bbea1c179bf695c6817b78306696ebb474e4a2e49ce2e38b819338d43d49,zeppelin__fb80bbea1c179bf695c6817b78306696ebb474e4a2e49ce2e38b819338d43d49,mendeley_ransomware,1,zeppelin,train,train,x64,zeppelin,unified_mendeley
