sha256,rel_path,status,dll_count,func_count
05af0cf40590aef24b28fa04c6b4998b7ab3b7f26e60c507adb84f3d837778f2,avaddon/05af0cf40590aef24b28fa04c6b4998b7ab3b7f26e60c507adb84f3d837778f2,ok,13,208
09f01f2256663969229c2c954f7b29751b41a0c2b36cdb9b67c9491b76c04898,avaddon/09f01f2256663969229c2c954f7b29751b41a0c2b36cdb9b67c9491b76c04898,ok,11,203
0ff4058f709d278ed662719b9627618c48e7a656c59f6bfecda9081c7cbd742b,avaddon/0ff4058f709d278ed662719b9627618c48e7a656c59f6bfecda9081c7cbd742b,ok,11,203
1228d0f04f0ba82569fc1c0609f9fd6c377a91b9ea44c1e7f9f84b2b90552da2,avaddon/1228d0f04f0ba82569fc1c0609f9fd6c377a91b9ea44c1e7f9f84b2b90552da2,ok,11,203
146712f0832c4e2fbe24245d18f2913746436e38d5438f5eca15dfd0fb50ec24,avaddon/146712f0832c4e2fbe24245d18f2913746436e38d5438f5eca15dfd0fb50ec24,ok,11,203
17e68e1fb7737ec554eab4b7aea90ebb2fb23c953d920b8d8f1ab4825c3faede,avaddon/17e68e1fb7737ec554eab4b7aea90ebb2fb23c953d920b8d8f1ab4825c3faede,ok,11,203
17efb277d1893fe4255b9178e9bf6ce55d8a514f9805fd2ab8f7065498c53d97,avaddon/17efb277d1893fe4255b9178e9bf6ce55d8a514f9805fd2ab8f7065498c53d97,ok,11,200
1c53a211e69cb490911485d71573fd1a4210d7167094a6d7b28926157acd31f0,avaddon/1c53a211e69cb490911485d71573fd1a4210d7167094a6d7b28926157acd31f0,ok,11,203
1d5f21f26caefe394d6b217a654f0effb6a6a986257229daf447e8b8966f693e,avaddon/1d5f21f26caefe394d6b217a654f0effb6a6a986257229daf447e8b8966f693e,ok,11,203
1e8df42c2e51f919886eaf955c8fc9630ba9aca8bba47b1541ead131feb55a11,avaddon/1e8df42c2e51f919886eaf955c8fc9630ba9aca8bba47b1541ead131feb55a11,ok,11,200
240d0e4653fdcac298777ad397af4df50fe355aa87fd82146ae40e9e998eab90,avaddon/240d0e4653fdcac298777ad397af4df50fe355aa87fd82146ae40e9e998eab90,ok,11,203
2462a1cc358704bf1f12d266a0cc596bce16ba58f8611aa0fdeb094f61f1631a,avaddon/2462a1cc358704bf1f12d266a0cc596bce16ba58f8611aa0fdeb094f61f1631a,ok,11,203
2a63fd5330739eaf96adab4e1f4162655ab0e1d977787fb0495f0a2ed137b96b,avaddon/2a63fd5330739eaf96adab4e1f4162655ab0e1d977787fb0495f0a2ed137b96b,ok,11,203
2bfdaec2c8e4b66d6c9c3b5887c8cd94e4e590c593169c1e11b06e3240c87803,avaddon/2bfdaec2c8e4b66d6c9c3b5887c8cd94e4e590c593169c1e11b06e3240c87803,ok,11,203
2c277c4960f11e457fdc506d139d6a6064c3b967834d1e986c68b508cae55cd0,avaddon/2c277c4960f11e457fdc506d139d6a6064c3b967834d1e986c68b508cae55cd0,ok,11,203
319ec1a54148644197b40ed4d73b8fe5646c4f6ebf76d1487bce40a72d37baa7,avaddon/319ec1a54148644197b40ed4d73b8fe5646c4f6ebf76d1487bce40a72d37baa7,ok,11,207
32643547aefae01363ff01beb15fa818827896088670a78e814a227ca120975a,avaddon/32643547aefae01363ff01beb15fa818827896088670a78e814a227ca120975a,ok,13,208
3e9dba43f0b8303ca3f57a09c2b829806720064e6aada312fab2c52484004db2,avaddon/3e9dba43f0b8303ca3f57a09c2b829806720064e6aada312fab2c52484004db2,ok,11,203
41302ba84885fcc5960d4e474d71f6af7c2a631c24d691179ff0a733eb1a4970,avaddon/41302ba84885fcc5960d4e474d71f6af7c2a631c24d691179ff0a733eb1a4970,ok,11,200
433875f694fb7f96b4fe51e4c3d9a45515e849d1ffd9aa528fb9b23f6323e106,avaddon/433875f694fb7f96b4fe51e4c3d9a45515e849d1ffd9aa528fb9b23f6323e106,ok,11,200
46a8c1e768f632d69d06bfbd93932d102965c9e3f7c37d4a92e30aaeca905675,avaddon/46a8c1e768f632d69d06bfbd93932d102965c9e3f7c37d4a92e30aaeca905675,ok,11,203
476991b5d212883d22cf78d6830b61f13ce3b9ea8ff2c4d4e6dbd5fcad4b9a95,avaddon/476991b5d212883d22cf78d6830b61f13ce3b9ea8ff2c4d4e6dbd5fcad4b9a95,ok,11,203
48d7cd572f14aed7a90d6b66097a885a889e6e7416a6aaa2eb442706ff661275,avaddon/48d7cd572f14aed7a90d6b66097a885a889e6e7416a6aaa2eb442706ff661275,ok,11,203
4c4477f81ec823fa43bc2499d0fac1c8ccc1e828f1086aa8bfc7ba7122605da2,avaddon/4c4477f81ec823fa43bc2499d0fac1c8ccc1e828f1086aa8bfc7ba7122605da2,ok,11,203
5f171bd6646d203350bab1ac76aa789479b0af70616022d40b9c1efd9fd73cb9,avaddon/5f171bd6646d203350bab1ac76aa789479b0af70616022d40b9c1efd9fd73cb9,ok,11,203
63d793d1815aa1b119d580312630569fb2eb1880396df7cbe339adcd5c3ae2de,avaddon/63d793d1815aa1b119d580312630569fb2eb1880396df7cbe339adcd5c3ae2de,ok,11,203
6c40bc4bd88759b8bab164742f0d617a576e5488d816a7ce53e9ee71918fbd5e,avaddon/6c40bc4bd88759b8bab164742f0d617a576e5488d816a7ce53e9ee71918fbd5e,ok,11,200
7777b09e492304a37ac771a33be44dcf685ec528f20faaecf84bcafe3b870a6a,avaddon/7777b09e492304a37ac771a33be44dcf685ec528f20faaecf84bcafe3b870a6a,ok,11,203
81493b11fc6acd0d4d8bb653dd9fcdaec16affbcbb509c01f6377db68efceee3,avaddon/81493b11fc6acd0d4d8bb653dd9fcdaec16affbcbb509c01f6377db68efceee3,ok,11,200
898a9d34e5e5c49b03fcc27216fb83f1c9690e4fc75a9e9aa144f4d93d564471,avaddon/898a9d34e5e5c49b03fcc27216fb83f1c9690e4fc75a9e9aa144f4d93d564471,ok,11,203
90ebe699b4485af1eede919d39c1d080f5046a3d572ac4cd56d591de32e1746f,avaddon/90ebe699b4485af1eede919d39c1d080f5046a3d572ac4cd56d591de32e1746f,ok,11,200
99f433c40fae957a270e150dd6a3946fe746503cfb19efe53e0d8e52ad12f5fe,avaddon/99f433c40fae957a270e150dd6a3946fe746503cfb19efe53e0d8e52ad12f5fe,ok,11,200
9bf8178897ad95d55f2c74eb3827419164228f3d2dcb25cd71190f758dad8b91,avaddon/9bf8178897ad95d55f2c74eb3827419164228f3d2dcb25cd71190f758dad8b91,ok,11,203
a714d94634dfc13ed21a8a9b7fb1990c257050f809b0a53c9a5928e3c220f45d,avaddon/a714d94634dfc13ed21a8a9b7fb1990c257050f809b0a53c9a5928e3c220f45d,ok,11,203
accdf7be34e793269c8e340d73a34199a9a4b3503e9b2120e9f3ef250f18922c,avaddon/accdf7be34e793269c8e340d73a34199a9a4b3503e9b2120e9f3ef250f18922c,ok,11,203
adc2ccee19ca8ffb238053f98d87d1ae41cfa794248db23dce8e2db80a8cad56,avaddon/adc2ccee19ca8ffb238053f98d87d1ae41cfa794248db23dce8e2db80a8cad56,ok,11,203
534716ee4d6d52692aa4b7cb4176330f139a282f3cd143b41807e95733c64ede,avaddon/b83e430f6f40dc470096516a1780dc87e707a7cb3db07533ea672fdaf2a3ebf5,ok,11,203
ba410968db8d8b0d7faa1c48862c1235f78bc01a3f0929bd8ef9ac644fed3b70,avaddon/ba410968db8d8b0d7faa1c48862c1235f78bc01a3f0929bd8ef9ac644fed3b70,ok,11,200
bc5c264c4dc0207f6d500c47f870cc2aef641c4bf0efa3b1a408b83922cc61ac,avaddon/bc5c264c4dc0207f6d500c47f870cc2aef641c4bf0efa3b1a408b83922cc61ac,ok,11,203
864a03baf372f7881cd005d7440de314f9fd9a2b1c83057ebbb5ffa8e4eb08ce,avaddon/ce9236f9e823ce5613746d27660bc6613b16fb63e90ddf1ca77b11fa483a115c,ok,11,203
d084e7c9160b96e53d799ef955a676aa28290cf51a2ba3354ccdd33829638175,avaddon/d084e7c9160b96e53d799ef955a676aa28290cf51a2ba3354ccdd33829638175,ok,11,203
d8470ac79ec2e92a5bbbab94cfa02f5162d23c6bf9cfb15d42edb97c6b9d0095,avaddon/d8470ac79ec2e92a5bbbab94cfa02f5162d23c6bf9cfb15d42edb97c6b9d0095,ok,11,200
dab7eb2503e0d61d02e6156a47361da97afc53c1dee17c420a0a05de891172c3,avaddon/dab7eb2503e0d61d02e6156a47361da97afc53c1dee17c420a0a05de891172c3,ok,11,203
dcb49ab9ec92111797dbf28f8a4df23729648d250f1abf9b06562d95afc400f6,avaddon/dcb49ab9ec92111797dbf28f8a4df23729648d250f1abf9b06562d95afc400f6,ok,11,203
e3493fea655027d88224954f32985caff0aebaa858df3314747f6f4e4a92ac8d,avaddon/e3493fea655027d88224954f32985caff0aebaa858df3314747f6f4e4a92ac8d,ok,11,200
e3f39c3866a3b619e9f2b0eaa346bd9dae42b3330be1392828bbfb3d3619cdac,avaddon/e3f39c3866a3b619e9f2b0eaa346bd9dae42b3330be1392828bbfb3d3619cdac,ok,11,200
f50ba2fd7e441ef2bffeb6355d33f367248097351d0fa42932c59c6dd26557b5,avaddon/f50ba2fd7e441ef2bffeb6355d33f367248097351d0fa42932c59c6dd26557b5,ok,11,203
fc42cbd5939fcb8b6851021497041c80acd81ce7a43b952ab7807d5a05d2ed97,avaddon/fc42cbd5939fcb8b6851021497041c80acd81ce7a43b952ab7807d5a05d2ed97,ok,11,203
fcdb893993c8b5e81fa9f73c40384a6c8cec4d9e5b06f8a2ec6ebb3d5a886db2,avaddon/fcdb893993c8b5e81fa9f73c40384a6c8cec4d9e5b06f8a2ec6ebb3d5a886db2,ok,11,203
0099963e7285aeafc09e4214a45a6a210253d514cbd0d4b0c3997647a0afe879,babuk/0099963e7285aeafc09e4214a45a6a210253d514cbd0d4b0c3997647a0afe879,ok,7,80
01c647838c374e91e8f9fe967fd25235d72264414bb0d5b82c4fbd4151a9717f,babuk/01c647838c374e91e8f9fe967fd25235d72264414bb0d5b82c4fbd4151a9717f,ok,7,80
028facff67136de55fe200177a190da625c8e1713b4e7d95bf5fc5412a5afffc,babuk/028facff67136de55fe200177a190da625c8e1713b4e7d95bf5fc5412a5afffc,ok,7,80
0294114d5f411b6c47eb255d4ed6865df99d1c5252f4f585aabf44e6cbacaa59,babuk/0294114d5f411b6c47eb255d4ed6865df99d1c5252f4f585aabf44e6cbacaa59,ok,7,80
03110baa5aad9d01610293f2b8cd21b44cc7efa0a465e677d6b3f92510a4b1d7,babuk/03110baa5aad9d01610293f2b8cd21b44cc7efa0a465e677d6b3f92510a4b1d7,ok,7,80
04126b30c1c2663cdf2b6386781aedbfce2ef418a0b01de510bd536903f577e3,babuk/04126b30c1c2663cdf2b6386781aedbfce2ef418a0b01de510bd536903f577e3,ok,7,80
049e53f72c8afa5ccb850429d55a00e2fbe799e68247fd13f5058146cf0f4cf8,babuk/049e53f72c8afa5ccb850429d55a00e2fbe799e68247fd13f5058146cf0f4cf8,ok,7,80
06d370217abec9468bc22c30ba3be72b8de1a7459f9e927656dcf2613a314bf6,babuk/06d370217abec9468bc22c30ba3be72b8de1a7459f9e927656dcf2613a314bf6,ok,5,61
105af5c40c65f51979308e022c25dd285db3cd20e9656caaba0e9b1fc253898b,babuk/105af5c40c65f51979308e022c25dd285db3cd20e9656caaba0e9b1fc253898b,no_imports,0,0
106118444e0a7405c13531f8cd70191f36356581d58789dfc5df3da7ba0f9223,babuk/106118444e0a7405c13531f8cd70191f36356581d58789dfc5df3da7ba0f9223,ok,7,80
18e299d4331ccff805275b21f33be0a3bd3d1d9ce72a79ba78d2f32dd657bfbb,babuk/18e299d4331ccff805275b21f33be0a3bd3d1d9ce72a79ba78d2f32dd657bfbb,ok,7,80
1b9412ca5e9deb29aeaa37be05ae8d0a8a636c12fdff8c17032aa017f6075c02,babuk/1b9412ca5e9deb29aeaa37be05ae8d0a8a636c12fdff8c17032aa017f6075c02,ok,5,74
1deb1efad2c469198aabbb618285e2229052273cf654ee5925c2540ded224402,babuk/1deb1efad2c469198aabbb618285e2229052273cf654ee5925c2540ded224402,ok,7,80
1e24560100d010c27cc19c59f9fe1531e4286ecb21fe53763165f30c5f58dc90,babuk/1e24560100d010c27cc19c59f9fe1531e4286ecb21fe53763165f30c5f58dc90,ok,7,80
1f2edda243404918b78aa6123aa1fc5b18dd9506e4042c7a1547b565334527e1,babuk/1f2edda243404918b78aa6123aa1fc5b18dd9506e4042c7a1547b565334527e1,ok,7,80
2138c8a34a1eff40ba3fc81b6e3b7564c6b695b140e82f3fcf23b2ec2bf291cf,babuk/2138c8a34a1eff40ba3fc81b6e3b7564c6b695b140e82f3fcf23b2ec2bf291cf,ok,7,80
245e191bfe998ad9ef2d6b169af22f3c290e9950234f8ddd0f4a03cb3eebf761,babuk/245e191bfe998ad9ef2d6b169af22f3c290e9950234f8ddd0f4a03cb3eebf761,ok,7,80
30fcff7add11ea6685a233c8ce1fc30abe67044630524a6eb363573a4a9f88b8,babuk/30fcff7add11ea6685a233c8ce1fc30abe67044630524a6eb363573a4a9f88b8,ok,5,74
36e4a3de5c4395d295bdf1d70a215d9669b626c58083ec2d8ab29513830faaa6,babuk/36e4a3de5c4395d295bdf1d70a215d9669b626c58083ec2d8ab29513830faaa6,ok,7,80
54c82ad27174fd6ed72793b1ccf9d26613eb572960e847a63538420c69d06c5b,babuk/54c82ad27174fd6ed72793b1ccf9d26613eb572960e847a63538420c69d06c5b,ok,7,80
575c7b60f3b1dfc3cdd42e868b88df19cef81a5577254a314dc7d1da0fd64cfb,babuk/575c7b60f3b1dfc3cdd42e868b88df19cef81a5577254a314dc7d1da0fd64cfb,ok,7,80
59ea8dda6806b4cbb1acd0bcf74be1e94b6a72da46e53de6ef9d611988163189,babuk/59ea8dda6806b4cbb1acd0bcf74be1e94b6a72da46e53de6ef9d611988163189,ok,7,80
6015d5535840e9ac9058c659f9ff661deb4838f2b93e74d2c0dcb126fae21322,babuk/6015d5535840e9ac9058c659f9ff661deb4838f2b93e74d2c0dcb126fae21322,ok,6,75
6103e26f6f9d5fd895d9c06e1f5e141ce74d8ebda999cda6a58a4393de5ed094,babuk/6103e26f6f9d5fd895d9c06e1f5e141ce74d8ebda999cda6a58a4393de5ed094,ok,7,80
678bfbf5d73d6cf38532e11b11dbed17668d94711e2e2ea27311dd46490201b7,babuk/678bfbf5d73d6cf38532e11b11dbed17668d94711e2e2ea27311dd46490201b7,ok,7,80
6d4ced2e85587e81d6a09b147ec7cccc054bc0fbb92afc39586de1b2bf57f812,babuk/6d4ced2e85587e81d6a09b147ec7cccc054bc0fbb92afc39586de1b2bf57f812,ok,7,80
71936bc3ee40c7ea678889d2ad5fa7eb39401752cd58988ce462f9d4048578ac,babuk/71936bc3ee40c7ea678889d2ad5fa7eb39401752cd58988ce462f9d4048578ac,ok,7,80
77c7839c7e8d4aaf52e33a2f29db8459381b5cc3b2700072305a8bae5e0762a9,babuk/77c7839c7e8d4aaf52e33a2f29db8459381b5cc3b2700072305a8bae5e0762a9,ok,7,80
8203c2f00ecd3ae960cb3247a7d7bfb35e55c38939607c85dbdb5c92f0495fa9,babuk/8203c2f00ecd3ae960cb3247a7d7bfb35e55c38939607c85dbdb5c92f0495fa9,ok,5,74
8ddf4529b943cf80e40938922f88432c413feb9feee60e91505afd6897b72a80,babuk/8ddf4529b943cf80e40938922f88432c413feb9feee60e91505afd6897b72a80,ok,5,74
9a089790e04683ebf37d9746e0284322f59c46eef2a86cc231839482f323e871,babuk/9a089790e04683ebf37d9746e0284322f59c46eef2a86cc231839482f323e871,ok,7,80
9caa8e8a98ef7841c1b230c22f78b5c10aa9348a2bfd0dfe2670853b6d0ba92c,babuk/9caa8e8a98ef7841c1b230c22f78b5c10aa9348a2bfd0dfe2670853b6d0ba92c,ok,7,80
a2b5ebfc52a447cde255e1ec1ac8797ad49b156ed427df8c292d6aeb4dad5523,babuk/a2b5ebfc52a447cde255e1ec1ac8797ad49b156ed427df8c292d6aeb4dad5523,ok,7,80
a52267dc795a51404cbf2a7e8e7875929783bcc62abd6b7cfd1921c938cf2756,babuk/a52267dc795a51404cbf2a7e8e7875929783bcc62abd6b7cfd1921c938cf2756,ok,7,80
ab4eae618bb05b4fb4a8d3790a0d18a3e1566ab477519991cb161398803a8847,babuk/ab4eae618bb05b4fb4a8d3790a0d18a3e1566ab477519991cb161398803a8847,ok,7,80
ae6020a06d2a95cbe91b439f4433e87d198547dec629ab0900ccfe17e729cff1,babuk/ae6020a06d2a95cbe91b439f4433e87d198547dec629ab0900ccfe17e729cff1,ok,7,80
b4be6b8acda97f36c448365751d5c9a9e1b91f47cedfde79e1de258413c3de71,babuk/b4be6b8acda97f36c448365751d5c9a9e1b91f47cedfde79e1de258413c3de71,ok,7,80
bb31f235e86b0fda185e6580ef5327f80d6a6c754f78499e8647de5e229769cc,babuk/bb31f235e86b0fda185e6580ef5327f80d6a6c754f78499e8647de5e229769cc,ok,7,80
c4282e9040cdc1df92b722568a8b4c42ce9f6533fed0bd34b7fdbae264947784,babuk/c4282e9040cdc1df92b722568a8b4c42ce9f6533fed0bd34b7fdbae264947784,ok,7,80
ca0d9c8e8b2ed05fcf10178e1d194f5e484892dbe59ede4ae9549d27a5c8fd75,babuk/ca0d9c8e8b2ed05fcf10178e1d194f5e484892dbe59ede4ae9549d27a5c8fd75,ok,7,80
e0caa666e605f9ee708448cb9af69188d3afc350bbedab0143ab2a44493c33f0,babuk/e0caa666e605f9ee708448cb9af69188d3afc350bbedab0143ab2a44493c33f0,ok,7,80
ea95f131bd9b49104d9e7ae83335254549ded9d71d557c6e4746740aecca2c85,babuk/ea95f131bd9b49104d9e7ae83335254549ded9d71d557c6e4746740aecca2c85,ok,7,80
eec8782eacf1c447a8ddbfe795842958ff68511ddbb5025255151f2b98fe8f78,babuk/eec8782eacf1c447a8ddbfe795842958ff68511ddbb5025255151f2b98fe8f78,ok,7,80
f1719415abe4dcba0daef0a1e5c8994d1d3c0c659d3e0a11b34f307370dd8683,babuk/f1719415abe4dcba0daef0a1e5c8994d1d3c0c659d3e0a11b34f307370dd8683,ok,7,80
daed41395ba663bef2c52e3d1723ac46253a9008b582bb8d9da9cb0044991720,blackmatter/072158f5588440e6c94cb419ae06a27cf584afe3b0cb09c28eff0b4662c15486,ok,3,23
0751c422962dcd500d7cf2cf8bf544ddf5b2fe3465df7dd9b9998f6bba5e08a4,blackmatter/0751c422962dcd500d7cf2cf8bf544ddf5b2fe3465df7dd9b9998f6bba5e08a4,ok,3,19
1c63a4fdee1528429886a0de5e89eaa540a058bf27cd378b8d139e045a2f7849,blackmatter/1c63a4fdee1528429886a0de5e89eaa540a058bf27cd378b8d139e045a2f7849,ok,3,19
1eea3cbd729d4493c0c0a84efe6840abf1760efe221dc971d32ca5017b5c19c2,blackmatter/1eea3cbd729d4493c0c0a84efe6840abf1760efe221dc971d32ca5017b5c19c2,ok,3,19
20742987e6f743814b25e214f8b2cd43111e2f60a8856a6cca87cafd85422f41,blackmatter/20742987e6f743814b25e214f8b2cd43111e2f60a8856a6cca87cafd85422f41,ok,3,19
22d7d67c3af10b1a37f277ebabe2d1eb4fd25afbd6437d4377400e148bcc08d6,blackmatter/22d7d67c3af10b1a37f277ebabe2d1eb4fd25afbd6437d4377400e148bcc08d6,ok,3,23
2466fca0e29b06c78ffa8a44193fb58c30e6bec4e54bbef8e6622349b95cce4c,blackmatter/2466fca0e29b06c78ffa8a44193fb58c30e6bec4e54bbef8e6622349b95cce4c,ok,3,24
25f95280b390eda74f9fd28f31bf57af0daf37bd48575e40d8b0ea9dccd37831,blackmatter/25f95280b390eda74f9fd28f31bf57af0daf37bd48575e40d8b0ea9dccd37831,no_imports,0,0
26a7146fbed74a17e9f2f18145063de07cc103ce53c75c8d79bbc5560235c345,blackmatter/26a7146fbed74a17e9f2f18145063de07cc103ce53c75c8d79bbc5560235c345,ok,3,27
2aad85dbd4c79bd21c6218892552d5c9fb216293a251559ba59d45d56a01437c,blackmatter/2aad85dbd4c79bd21c6218892552d5c9fb216293a251559ba59d45d56a01437c,ok,3,27
2c323453e959257c7aa86dc180bb3aaaa5c5ec06fa4e72b632d9e4b817052009,blackmatter/2c323453e959257c7aa86dc180bb3aaaa5c5ec06fa4e72b632d9e4b817052009,ok,3,23
2cdb5edf3039863c30818ca34d9240cb0068ad33128895500721bcdca70c78fd,blackmatter/2cdb5edf3039863c30818ca34d9240cb0068ad33128895500721bcdca70c78fd,ok,3,19
2e50eb85f6e271001e69c5733af95c34728893145766066c5ff8708dcc0e43b2,blackmatter/2e50eb85f6e271001e69c5733af95c34728893145766066c5ff8708dcc0e43b2,ok,3,19
3893fbe4c6db1b0a22c65ad81a3c3930f1943edb9660218c50b4c04bc36d4a15,blackmatter/3893fbe4c6db1b0a22c65ad81a3c3930f1943edb9660218c50b4c04bc36d4a15,no_imports,0,0
3a03530c732ebe53cdd7c17bee0988896d36c2b632dbd6118613697c2af82117,blackmatter/3a03530c732ebe53cdd7c17bee0988896d36c2b632dbd6118613697c2af82117,ok,3,4
3a4bd5288b89aa26fbe39353b93c1205efa671be4f96e50beae0965f45fdcc40,blackmatter/3a4bd5288b89aa26fbe39353b93c1205efa671be4f96e50beae0965f45fdcc40,ok,3,19
45ecce9dfec886e2b092a996f6affb9e7417d6121e58b0ec643be7e36a03106d,blackmatter/45ecce9dfec886e2b092a996f6affb9e7417d6121e58b0ec643be7e36a03106d,ok,3,23
4be85e2083b64838fb66b92195a250228a721cdb5ae91817ea97b37aa53f4a2b,blackmatter/4be85e2083b64838fb66b92195a250228a721cdb5ae91817ea97b37aa53f4a2b,ok,3,19
520bd9ed608c668810971dbd51184c6a29819674280b018dc4027bc38fc42e57,blackmatter/520bd9ed608c668810971dbd51184c6a29819674280b018dc4027bc38fc42e57,ok,3,19
53c704934228ec0660e50422b5ee340332f0df491aa50c6367ed343edb5ed16a,blackmatter/53c704934228ec0660e50422b5ee340332f0df491aa50c6367ed343edb5ed16a,ok,3,15
5da8d2e1b36be0d661d276ea6523760dbe3fa4f3fdb7e32b144812ce50c483fa,blackmatter/5da8d2e1b36be0d661d276ea6523760dbe3fa4f3fdb7e32b144812ce50c483fa,ok,3,19
14a3e308c90183b3785b6c26ec40d29405361cd8dec204a62235733401bf5f5c,blackmatter/668a4a2300f36c9df0f7307cc614be3297f036fa312a424765cdb2c169187fe6,ok,3,23
66e6563ecef8f33b1b283a63404a2029550af9a6574b84e0fb3f2c6a8f42e89f,blackmatter/66e6563ecef8f33b1b283a63404a2029550af9a6574b84e0fb3f2c6a8f42e89f,ok,3,19
67d8a3a6816aaf8e187d75a11d733c65191202487c5295eed403510c45b2b478,blackmatter/67d8a3a6816aaf8e187d75a11d733c65191202487c5295eed403510c45b2b478,ok,3,23
6d4712df42ad0982041ef0e2e109ab5718b43830f2966bd9207a7fac3af883db,blackmatter/6d4712df42ad0982041ef0e2e109ab5718b43830f2966bd9207a7fac3af883db,ok,3,15
6ee278e62994b9340a2f1584a1c156ffa378075ebf134b1e06d5e3e426a01f75,blackmatter/6ee278e62994b9340a2f1584a1c156ffa378075ebf134b1e06d5e3e426a01f75,no_imports,0,0
706f3eec328e91ff7f66c8f0a2fb9b556325c153a329a2062dc85879c540839d,blackmatter/706f3eec328e91ff7f66c8f0a2fb9b556325c153a329a2062dc85879c540839d,ok,3,19
730f2d6243055c786d737bae0665267b962c64f57132e9ab401d6e7625c3d0a4,blackmatter/730f2d6243055c786d737bae0665267b962c64f57132e9ab401d6e7625c3d0a4,ok,3,27
7f6dd0ca03f04b64024e86a72a6d7cfab6abccc2173b85896fc4b431990a5984,blackmatter/7f6dd0ca03f04b64024e86a72a6d7cfab6abccc2173b85896fc4b431990a5984,ok,3,23
84af3f15701d259f3729d83beb15ca738028432c261353d1f9242469d791714f,blackmatter/84af3f15701d259f3729d83beb15ca738028432c261353d1f9242469d791714f,ok,3,23
86c84c07e27cc8aba129e1cf51215b65c445f178b94f2e8c4c10e6bc110daa94,blackmatter/86c84c07e27cc8aba129e1cf51215b65c445f178b94f2e8c4c10e6bc110daa94,no_imports,0,0
8e41970c748b56f4ab656e9e51295d9bf53c40da2ae0a1b099459d732716f739,blackmatter/8e41970c748b56f4ab656e9e51295d9bf53c40da2ae0a1b099459d732716f739,ok,3,23
8eada5114fbbc73b7d648b38623fc206367c94c0e76cb3b395a33ea8859d2952,blackmatter/8eada5114fbbc73b7d648b38623fc206367c94c0e76cb3b395a33ea8859d2952,ok,3,27
8f1b0affffb2f2f58b477515d1ce54f4daa40a761d828041603d5536c2d53539,blackmatter/8f1b0affffb2f2f58b477515d1ce54f4daa40a761d828041603d5536c2d53539,ok,3,19
9bae897c19f237c22b6bdc024df27455e739be24bed07ef0d409f2df87eeda58,blackmatter/9bae897c19f237c22b6bdc024df27455e739be24bed07ef0d409f2df87eeda58,ok,3,20
9bd4aaf4c7a7cde7757d7083acba1936909a37709b78f702d5997f18edc2c0c6,blackmatter/9bd4aaf4c7a7cde7757d7083acba1936909a37709b78f702d5997f18edc2c0c6,ok,3,15
9cf9441554ac727f9d191ad9de1dc101867ffe5264699cafcf2734a4b89d5d6a,blackmatter/9cf9441554ac727f9d191ad9de1dc101867ffe5264699cafcf2734a4b89d5d6a,ok,3,19
a6903580ab0f4f6e41778b8d20c663b56436ae1dda08a241f3ac22ad329870fb,blackmatter/a6903580ab0f4f6e41778b8d20c663b56436ae1dda08a241f3ac22ad329870fb,ok,3,19
b824bbc645f15e213b4cb2628f7d383e9e37282059b03f6fe60f7c84ea1fed1f,blackmatter/b824bbc645f15e213b4cb2628f7d383e9e37282059b03f6fe60f7c84ea1fed1f,ok,3,15
bd0a7378cd96701edafc0a8ddd7b2a9904552be29804750bff47b3e08e23319f,blackmatter/bd0a7378cd96701edafc0a8ddd7b2a9904552be29804750bff47b3e08e23319f,ok,3,23
c6e2ef30a86baa670590bd21acf5b91822117e0cbe6060060bc5fe0182dace99,blackmatter/c6e2ef30a86baa670590bd21acf5b91822117e0cbe6060060bc5fe0182dace99,ok,3,23
ccee26ea662c87a6c3171b091044282849cc8d46d4b9b9da6cf429b8114c4239,blackmatter/ccee26ea662c87a6c3171b091044282849cc8d46d4b9b9da6cf429b8114c4239,ok,3,27
d4647619fa2dc8fef5560d1662cbee6eb7dc95298dd40edf12dd4c8ee902d767,blackmatter/d4647619fa2dc8fef5560d1662cbee6eb7dc95298dd40edf12dd4c8ee902d767,ok,3,19
e4fd947a781611c85ea2e5afa51b186de7f351026c28eb067ad70028acd72cda,blackmatter/e4fd947a781611c85ea2e5afa51b186de7f351026c28eb067ad70028acd72cda,ok,3,15
fe2b2beeff98cae90f58a5b2f01dab31eaa98d274757a7dd9f70f4dc8432a6e2,blackmatter/fe2b2beeff98cae90f58a5b2f01dab31eaa98d274757a7dd9f70f4dc8432a6e2,ok,3,27
002dd9b7cbf8ca2a09434f8c4abd85631efe922ab8daa1219d86d83a0228aeda,conti/002dd9b7cbf8ca2a09434f8c4abd85631efe922ab8daa1219d86d83a0228aeda,ok,2,88
004ede55a972e10d9a21bcf338b4907d6eed65bf5ad6abbbd5aec7d8484bdedf,conti/004ede55a972e10d9a21bcf338b4907d6eed65bf5ad6abbbd5aec7d8484bdedf,ok,3,11
040fcbd360c7498756519cb0e687120bd623da80784034ea89178409491b1c44,conti/040fcbd360c7498756519cb0e687120bd623da80784034ea89178409491b1c44,ok,3,16
0460cfa76fb0a02be92b0bc99a09168ebe38dbc8eeb1aa966dca66f0e849b53d,conti/0460cfa76fb0a02be92b0bc99a09168ebe38dbc8eeb1aa966dca66f0e849b53d,ok,3,66
0951fde8a8ea9cd45d2be14d63e6e55c8e87af0da45cf3776b495871652aa862,conti/0951fde8a8ea9cd45d2be14d63e6e55c8e87af0da45cf3776b495871652aa862,ok,8,238
198667b1eda010a431dfb051a101cc73ead1d45ba8d0f6641ec1c14bca4106f3,conti/198667b1eda010a431dfb051a101cc73ead1d45ba8d0f6641ec1c14bca4106f3,ok,3,68
1b8081bae0e493d098b8756b1e7c4b19715a78946cf227f2c27f9311e6718420,conti/1b8081bae0e493d098b8756b1e7c4b19715a78946cf227f2c27f9311e6718420,ok,13,341
1ce8a939b3e7d84c59c12dc9e1091532f4336dac533847b6533b01d9dcf494e9,conti/1ce8a939b3e7d84c59c12dc9e1091532f4336dac533847b6533b01d9dcf494e9,ok,3,66
1ef1ff8b1e81815d13bdd293554ddf8b3e57490dd3ef4add7c2837ddc67f9c24,conti/1ef1ff8b1e81815d13bdd293554ddf8b3e57490dd3ef4add7c2837ddc67f9c24,ok,3,11
26b2401211769d2fa1415228b4b1305eeeed249a996d149ad83b6fc9c4f703ce,conti/26b2401211769d2fa1415228b4b1305eeeed249a996d149ad83b6fc9c4f703ce,ok,2,49
2fc6d7df9252b1e2c4eb3ad7d0d29c188d87548127c44cebc40db9abe8e5aa35,conti/2fc6d7df9252b1e2c4eb3ad7d0d29c188d87548127c44cebc40db9abe8e5aa35,ok,3,68
4bfd58d4e4a6fe5e91b408bc190a24d352124902085f9c2da948ad7d79b72618,conti/4bfd58d4e4a6fe5e91b408bc190a24d352124902085f9c2da948ad7d79b72618,ok,3,66
4d8fcd9492a256c0cb9567e63b53b75c2a591f5eebe7293298239736034b742a,conti/4d8fcd9492a256c0cb9567e63b53b75c2a591f5eebe7293298239736034b742a,ok,3,66
4f17d7fa344b970890ed1bc52a0da95146cab9fe56ecabafafacb0ad212558c9,conti/4f17d7fa344b970890ed1bc52a0da95146cab9fe56ecabafafacb0ad212558c9,ok,3,66
53b1c1b2f41a7fc300e97d036e57539453ff82001dd3f6abf07f4896b1f9ca22,conti/53b1c1b2f41a7fc300e97d036e57539453ff82001dd3f6abf07f4896b1f9ca22,ok,3,68
58ca4e482db7cf5c924256e53d8516d422e76cf4b85b43dc2b9ba0c7cb471ff7,conti/58ca4e482db7cf5c924256e53d8516d422e76cf4b85b43dc2b9ba0c7cb471ff7,ok,3,66
59a9f0de96eff57768e995b296ae75778a232f30d95a7b7ab5048c621b50c66d,conti/59a9f0de96eff57768e995b296ae75778a232f30d95a7b7ab5048c621b50c66d,ok,11,60
61dd6a0b2870d62f56c7fe0039d42bf5351588f927267fe7b4ee0761872a3b20,conti/61dd6a0b2870d62f56c7fe0039d42bf5351588f927267fe7b4ee0761872a3b20,ok,3,71
633b9d373da7d2916f4d3b2902d4817c0f3ad5de5466ac85f34bdd37a8d3dd37,conti/633b9d373da7d2916f4d3b2902d4817c0f3ad5de5466ac85f34bdd37a8d3dd37,ok,3,71
64a3a3ec70d20636299b8fe4f50c2b4d077f9934ee2d6ccf7d440b05b9770f56,conti/64a3a3ec70d20636299b8fe4f50c2b4d077f9934ee2d6ccf7d440b05b9770f56,ok,3,69
6815e1e06e29863290319eb3e814ae2a394271aa2f95cc7c31a649c4c2f4fd04,conti/6815e1e06e29863290319eb3e814ae2a394271aa2f95cc7c31a649c4c2f4fd04,ok,3,66
707b752f6bd89d4f97d08602d0546a56d27acfe00e6d5df2a2cb67c5e2eeee30,conti/707b752f6bd89d4f97d08602d0546a56d27acfe00e6d5df2a2cb67c5e2eeee30,ok,2,49
7ca57576c6a2d7dbf49faeafd4804c6b86d9af7fff1390c58a30eb9d9bf2fbfd,conti/7ca57576c6a2d7dbf49faeafd4804c6b86d9af7fff1390c58a30eb9d9bf2fbfd,ok,3,66
98a09f7896a7c20229e696d6e8344fe9593fd70afada5d986e04c0d6933cc4db,conti/98a09f7896a7c20229e696d6e8344fe9593fd70afada5d986e04c0d6933cc4db,ok,5,160
9aed278f54f65e546fb9f7f34dff26d0835a0a21a5a4fc4c026bf84596ed277e,conti/9aed278f54f65e546fb9f7f34dff26d0835a0a21a5a4fc4c026bf84596ed277e,ok,6,119
b524ed1cc22253f09d56f54d8ded4566b63352ff739f58de961f8a5bebb0fad9,conti/b524ed1cc22253f09d56f54d8ded4566b63352ff739f58de961f8a5bebb0fad9,ok,13,462
c14f8bc656284715516f26935afe487a1d584f56ffabbcb98f2974f6ca6cd3a4,conti/c14f8bc656284715516f26935afe487a1d584f56ffabbcb98f2974f6ca6cd3a4,ok,3,11
d16645bce49ea342c4b4f5afa3f711bf0a3986a4a7354f96f24a21f161fff7cb,conti/d16645bce49ea342c4b4f5afa3f711bf0a3986a4a7354f96f24a21f161fff7cb,ok,3,66
d21c71a090cd6759efc1f258b4d087e82c281ce65a9d76f20a24857901e694fc,conti/d21c71a090cd6759efc1f258b4d087e82c281ce65a9d76f20a24857901e694fc,ok,2,139
d236d64b7bf9510ea1746d10a4c164a2ef2c724cc62b2bca91d72bdf24821e40,conti/d236d64b7bf9510ea1746d10a4c164a2ef2c724cc62b2bca91d72bdf24821e40,ok,8,252
d338295d50d5b39d8377c593f6d46feb512823e2724704448cc885b40c5056e0,conti/d338295d50d5b39d8377c593f6d46feb512823e2724704448cc885b40c5056e0,ok,3,67
d3c75c5bc4ae087d547bd722bd84478ee6baf8c3355b930f26cc19777cd39d4c,conti/d3c75c5bc4ae087d547bd722bd84478ee6baf8c3355b930f26cc19777cd39d4c,ok,3,68
d417f3785a33da8b26ce68b62e66bdf7d46869b692fe325541a7be2b98119bd1,conti/d417f3785a33da8b26ce68b62e66bdf7d46869b692fe325541a7be2b98119bd1,ok,3,67
d7868354f2dfe79e91adef4f7b24bcb60772a76c577bcc5c71709c8a3e26eb5d,conti/d7868354f2dfe79e91adef4f7b24bcb60772a76c577bcc5c71709c8a3e26eb5d,ok,3,66
dbc76355c56a885a1475174fb5325d61b875fd6207ef465cae05617b49463a38,conti/dbc76355c56a885a1475174fb5325d61b875fd6207ef465cae05617b49463a38,ok,3,68
e16fea1b8874cc6b26e7e2df9697f03f86efa82247bb3b2922f1d05052dbcbb4,conti/e16fea1b8874cc6b26e7e2df9697f03f86efa82247bb3b2922f1d05052dbcbb4,ok,10,141
e64e350861b86d4e05668bc25e6c952880f6b39ca921496ccce1487dbf6acab6,conti/e64e350861b86d4e05668bc25e6c952880f6b39ca921496ccce1487dbf6acab6,ok,3,71
58e3640032796983185ef3ce07d0fbce620514a73909d8573f72264a57ac8379,conti/eacaab8d6520c9bf9dec6cbdffa7c4ad8c15fd57dd4165cf895a0aaae3ffe371,ok,3,66
eae876886f19ba384f55778634a35a1d975414e83f22f6111e3e792f706301fe,conti/eae876886f19ba384f55778634a35a1d975414e83f22f6111e3e792f706301fe,ok,3,11
ef2cd9ded5532af231e0990feaf2df8fd79dc63f7a677192e17b89ef4adb7dd2,conti/ef2cd9ded5532af231e0990feaf2df8fd79dc63f7a677192e17b89ef4adb7dd2,ok,3,66
ef870eae64e28ebd71c8ad909af39ea9a072256bfd634210f4de24ded5a3304a,conti/ef870eae64e28ebd71c8ad909af39ea9a072256bfd634210f4de24ded5a3304a,ok,3,67
f20ed03ba228b36064517c1e5fff9ae40d957451a5c6d9a48f9bbe2c3dd881b7,conti/f20ed03ba228b36064517c1e5fff9ae40d957451a5c6d9a48f9bbe2c3dd881b7,ok,2,9
f7b83f07f6fec1df0fa73c935c96dc2ec8fbe0de3b17bb56f9963c92c22715c3,conti/f7b83f07f6fec1df0fa73c935c96dc2ec8fbe0de3b17bb56f9963c92c22715c3,ok,2,65
f848c62dbc910ee32990161cc598f550707d26c524394be35c7bdb7a62626047,conti/f848c62dbc910ee32990161cc598f550707d26c524394be35c7bdb7a62626047,ok,3,68
f99c69327a746f4fde02b7a550cf6c9f48e5e22fcb49bea0e3e4bc5a3efa605c,conti/f99c69327a746f4fde02b7a550cf6c9f48e5e22fcb49bea0e3e4bc5a3efa605c,ok,3,68
fc783af396a1bd9c81613cd051db69e778c102953aec0d6f67743846f3b862e6,conti/fc783af396a1bd9c81613cd051db69e778c102953aec0d6f67743846f3b862e6,no_imports,0,0
fe1652f4b828c9f98ff4a37829f4a988ad3c1601fc0dff7f99fe941ae4e81864,conti/fe1652f4b828c9f98ff4a37829f4a988ad3c1601fc0dff7f99fe941ae4e81864,ok,3,68
fe6e84192da5c0210d4bd51e809792b28e60edb337917f903a7e9a31bc40cf86,conti/fe6e84192da5c0210d4bd51e809792b28e60edb337917f903a7e9a31bc40cf86,ok,3,67
029c5d48e425206e2ae84a63d62bdbc80362702913b38618a423c541c8a0ed40,darkside/029c5d48e425206e2ae84a63d62bdbc80362702913b38618a423c541c8a0ed40,ok,1,1
0a0c225f0e5ee941a79f2b7701f1285e4975a2859eb4d025d96d9e366e81abb9,darkside/0a0c225f0e5ee941a79f2b7701f1285e4975a2859eb4d025d96d9e366e81abb9,ok,2,3
12ee27f56ec8a2a3eb2fe69179be3f7a7193ce2b92963ad33356ed299f7ed975,darkside/12ee27f56ec8a2a3eb2fe69179be3f7a7193ce2b92963ad33356ed299f7ed975,ok,1,3
151fbd6c299e734f7853497bd083abfa29f8c186a9db31dbe330ace2d35660d5,darkside/151fbd6c299e734f7853497bd083abfa29f8c186a9db31dbe330ace2d35660d5,ok,1,3
1667e1635736f2b2ba9727457f995a67201ddcd818496c9296713ffa18e17a43,darkside/1667e1635736f2b2ba9727457f995a67201ddcd818496c9296713ffa18e17a43,ok,1,4
17139a10fd226d01738fe9323918614aa913b2a50e1a516e95cced93fa151c61,darkside/17139a10fd226d01738fe9323918614aa913b2a50e1a516e95cced93fa151c61,ok,1,3
1cc7c198a8a2c935fd6f07970479e544f5b35a8eb3173de0305ebdf76a0988cb,darkside/1cc7c198a8a2c935fd6f07970479e544f5b35a8eb3173de0305ebdf76a0988cb,ok,1,3
1d4c0b32aea68056755daf70689699200ffa09688495ccd65a0907cade18bd2a,darkside/1d4c0b32aea68056755daf70689699200ffa09688495ccd65a0907cade18bd2a,ok,1,1
1ef8db7e8bd3aaba8b1cef96cd52fde587871571b1719c5d40f9a9c98dd26f84,darkside/1ef8db7e8bd3aaba8b1cef96cd52fde587871571b1719c5d40f9a9c98dd26f84,ok,1,3
243dff06fc80a049f4fb37292f8b8def0fce29768f345c88ee10699e22b0ae60,darkside/243dff06fc80a049f4fb37292f8b8def0fce29768f345c88ee10699e22b0ae60,ok,1,3
2d82be244e23001148ed5a6d83856b6f7cd20c3f7786481303d5d584c51ff5f0,darkside/2d82be244e23001148ed5a6d83856b6f7cd20c3f7786481303d5d584c51ff5f0,ok,1,1
2de09a815efcc64810046de69b8e0aa1c9e9beee77b66560a0b15d737485e3c5,darkside/2de09a815efcc64810046de69b8e0aa1c9e9beee77b66560a0b15d737485e3c5,ok,2,3
43e61519be440115eeaa3738a0e4aa4bb3c8ac5f9bdfce1a896db17a374eb8aa,darkside/43e61519be440115eeaa3738a0e4aa4bb3c8ac5f9bdfce1a896db17a374eb8aa,ok,1,3
47eccaaa672667a9cea23e24fd702f7b3a45cbf8585403586be474585fd80243,darkside/47eccaaa672667a9cea23e24fd702f7b3a45cbf8585403586be474585fd80243,ok,13,106
ec368752c2cf3b23efbfa5705f9e582fc9d6766435a7b8eea8ef045082c6fbce,darkside/4d9432e8a0ceb64c34b13d550251b8d9478ca784e50105dc0d729490fb861d1a,ok,1,3
508dd6f7ed6c143cf5e1ed6a4051dd8ee7b5bf4b7f55e0704d21ba785f2d5add,darkside/508dd6f7ed6c143cf5e1ed6a4051dd8ee7b5bf4b7f55e0704d21ba785f2d5add,ok,1,3
516664139b0ddd044397a56482d7308d87c213c320a3151ccb9738e8f932654b,darkside/516664139b0ddd044397a56482d7308d87c213c320a3151ccb9738e8f932654b,ok,2,3
521c503bc3f5d8b2aa8819e8e30e2019e74ea9649a57529fb32c3dfc66a1e7ef,darkside/521c503bc3f5d8b2aa8819e8e30e2019e74ea9649a57529fb32c3dfc66a1e7ef,ok,1,1
533672da9d276012ebab3ce9f4cd09a7f537f65c6e4b63d43f0c1697e2f5e48d,darkside/533672da9d276012ebab3ce9f4cd09a7f537f65c6e4b63d43f0c1697e2f5e48d,ok,1,3
533d26fdacdcaf1b908458c39bb503e5aa94025811c6b6d1f3c8a9142ade8404,darkside/533d26fdacdcaf1b908458c39bb503e5aa94025811c6b6d1f3c8a9142ade8404,ok,2,5
56e7b9c4b8962b6ff0d1e0162ca8515a07b576cd47ba90221354838733f8689a,darkside/56e7b9c4b8962b6ff0d1e0162ca8515a07b576cd47ba90221354838733f8689a,ok,2,3
61ca175c2f04cb5279f8507e69385577cf04e4e896a01d0b5357746a241c7846,darkside/61ca175c2f04cb5279f8507e69385577cf04e4e896a01d0b5357746a241c7846,ok,1,1
665afa26d6110bb35ec8a60878068a0e69e1c805d9073bef71a48a3404c164e9,darkside/665afa26d6110bb35ec8a60878068a0e69e1c805d9073bef71a48a3404c164e9,ok,13,106
68872cc22fbdf0c2f69c32ac878ba9a7b7cf61fe5dd0e3da200131b8b23438e7,darkside/68872cc22fbdf0c2f69c32ac878ba9a7b7cf61fe5dd0e3da200131b8b23438e7,ok,1,3
1667e1635736f2b2ba9727457f995a67201ddcd818496c9296713ffa18e17a43,darkside/6931b124d38d52bd7cdef48121fda457d407b63b59bb4e6ead4ce548f4bbb971,ok,1,4
6d656f110246990d10fe0b0132704b1323859d4003f2b1d5d03f665c710b8fd3,darkside/6d656f110246990d10fe0b0132704b1323859d4003f2b1d5d03f665c710b8fd3,ok,1,4
78782fd324bc98a57274bd3fff8f756217c011484ebf6b614060115a699ee134,darkside/78782fd324bc98a57274bd3fff8f756217c011484ebf6b614060115a699ee134,ok,1,3
8cfd28911878af048fb96b6cc0b9da770542576d5c2b20b193c3cfc4bde4d3bc,darkside/8cfd28911878af048fb96b6cc0b9da770542576d5c2b20b193c3cfc4bde4d3bc,ok,1,3
973dfafc3051d8c2849f62c556ab8057da706f15d1ffd8871de894ae3a24d86b,darkside/973dfafc3051d8c2849f62c556ab8057da706f15d1ffd8871de894ae3a24d86b,ok,1,4
1667e1635736f2b2ba9727457f995a67201ddcd818496c9296713ffa18e17a43,darkside/9cee5522a7ca2bfca7cd3d9daba23e9a30deb6205f56c12045839075f7627297,ok,1,4
a11cc5051e3a88428db495f6d8e4b6381a1cb3fa5946a525ef5c00bfcb44e210,darkside/a11cc5051e3a88428db495f6d8e4b6381a1cb3fa5946a525ef5c00bfcb44e210,ok,1,1
ac092962654b46a670b030026d07f5b8161cecd2abd6eece52b7892965aa521b,darkside/ac092962654b46a670b030026d07f5b8161cecd2abd6eece52b7892965aa521b,ok,1,3
afb22b1ff281c085b60052831ead0a0ed300fac0160f87851dacc67d4e158178,darkside/afb22b1ff281c085b60052831ead0a0ed300fac0160f87851dacc67d4e158178,ok,1,3
b565e9266717161163e884793dc1004f9f2ca94ab0533df9c167d5d188cebf2f,darkside/b565e9266717161163e884793dc1004f9f2ca94ab0533df9c167d5d188cebf2f,ok,2,3
b6855793aebdd821a7f368585335cb132a043d30cb1f8dccceb5d2127ed4b9a4,darkside/b6855793aebdd821a7f368585335cb132a043d30cb1f8dccceb5d2127ed4b9a4,ok,2,3
bac7f1cb70a0fe909590f7b270248705d216b4abaf4e5dd4969fa4f1949badec,darkside/bac7f1cb70a0fe909590f7b270248705d216b4abaf4e5dd4969fa4f1949badec,ok,2,3
bafa2efff234303166d663f967037dae43701e7d63d914efc8c894b3e5be9408,darkside/bafa2efff234303166d663f967037dae43701e7d63d914efc8c894b3e5be9408,ok,2,73
bc32a2ccf158ebe2b76646be865a4c6dd91da6b8e5bb0dd9520102a9bfea5439,darkside/bc32a2ccf158ebe2b76646be865a4c6dd91da6b8e5bb0dd9520102a9bfea5439,ok,1,4
bfb31c96f9e6285f5bb60433f2e45898b8a7183a2591157dc1d766be16c29893,darkside/bfb31c96f9e6285f5bb60433f2e45898b8a7183a2591157dc1d766be16c29893,ok,1,1
cbbc7052fed8d0002d07736a68219f01a5a4e1c19ee50310e2381e96fa8836ed,darkside/cbbc7052fed8d0002d07736a68219f01a5a4e1c19ee50310e2381e96fa8836ed,ok,1,1
cc54647e8c3fe7b701d78a6fa072c52641ac11d395a6d2ffaf05f38f53112556,darkside/cc54647e8c3fe7b701d78a6fa072c52641ac11d395a6d2ffaf05f38f53112556,ok,1,3
d43b271fb4931263f8fa54b297e3cf60762a0fe5c50ed76999f276dcc3c283be,darkside/d43b271fb4931263f8fa54b297e3cf60762a0fe5c50ed76999f276dcc3c283be,ok,1,3
d97c0b6ee613e03aa3256fcdd3757e54ba4c7bb5910887247dc857f2701f9a46,darkside/d97c0b6ee613e03aa3256fcdd3757e54ba4c7bb5910887247dc857f2701f9a46,ok,2,3
e0493b082077648eb33ca1294f2b26bc4c96d3820913c46330923e8bb3d73230,darkside/e0493b082077648eb33ca1294f2b26bc4c96d3820913c46330923e8bb3d73230,ok,2,3
e0c0cbc50a9ed4d01a176497c8dba913cbbba515ea701a67ef00dcb7c8a84368,darkside/e0c0cbc50a9ed4d01a176497c8dba913cbbba515ea701a67ef00dcb7c8a84368,ok,1,4
e51e4c372edf2bbe476a4b7630225c1875c5ccea2ed55b418bd793c54ce9a84d,darkside/e51e4c372edf2bbe476a4b7630225c1875c5ccea2ed55b418bd793c54ce9a84d,ok,1,1
ec368752c2cf3b23efbfa5705f9e582fc9d6766435a7b8eea8ef045082c6fbce,darkside/ec368752c2cf3b23efbfa5705f9e582fc9d6766435a7b8eea8ef045082c6fbce,ok,1,3
f3f25af554bedfa4ee2824bb858280282bd87828d446048619dc49fe061741b4,darkside/f3f25af554bedfa4ee2824bb858280282bd87828d446048619dc49fe061741b4,ok,2,3
f42bcc81c05e8944649958f8b9296c5523d1eb8ab00842d66530702e476561ef,darkside/f42bcc81c05e8944649958f8b9296c5523d1eb8ab00842d66530702e476561ef,ok,7,10
fb76b4a667c6d790c39fcc93a3aac8cd2a224f0eb9ece4ecfd7825f606c2a8b6,darkside/fb76b4a667c6d790c39fcc93a3aac8cd2a224f0eb9ece4ecfd7825f606c2a8b6,ok,1,3
00ce72bb6fb1d2c1d32aa4c4a147e1b9b390cf9d3ae8b5c0cab2718118db4430,dharma/00ce72bb6fb1d2c1d32aa4c4a147e1b9b390cf9d3ae8b5c0cab2718118db4430,ok,1,9
038e577d25d5b9237fbbef6080f53f462b01e75f83449bf0020ef0b14f371ac6,dharma/038e577d25d5b9237fbbef6080f53f462b01e75f83449bf0020ef0b14f371ac6,ok,1,9
085105e613ad37808a8db9a3c2ba5561d5d38d5c5c43b469c93d15f0d64af0c1,dharma/085105e613ad37808a8db9a3c2ba5561d5d38d5c5c43b469c93d15f0d64af0c1,ok,1,9
0a40acb8ddbc2ed8f8b703681fadf9fcb2672fdb75d93c150b45c6465cc9b1b4,dharma/0a40acb8ddbc2ed8f8b703681fadf9fcb2672fdb75d93c150b45c6465cc9b1b4,ok,1,9
118d216a9a9a4fd19ac8e56cef76fe9529269a152857ad8e98386361a5fb8e0d,dharma/118d216a9a9a4fd19ac8e56cef76fe9529269a152857ad8e98386361a5fb8e0d,ok,1,9
17227020b2f5ca57f2d632d0d37de8d0ffcdef142e98a6af591e8180963cd3cc,dharma/17227020b2f5ca57f2d632d0d37de8d0ffcdef142e98a6af591e8180963cd3cc,ok,1,9
18c2ad1d4db2011971f1a67a82762cc48d3e6c4f2e5d27fbc719bff465f98933,dharma/18c2ad1d4db2011971f1a67a82762cc48d3e6c4f2e5d27fbc719bff465f98933,ok,6,79
246fbca7a62d38c5c15e47bddbb92c303e2470adaf514817b43c9f274cb47e7f,dharma/246fbca7a62d38c5c15e47bddbb92c303e2470adaf514817b43c9f274cb47e7f,ok,1,9
2c487a43ae6091d64f09bcfb1baa8b43fb502e9c9fc34f828cebfe251d9ad1f5,dharma/2c487a43ae6091d64f09bcfb1baa8b43fb502e9c9fc34f828cebfe251d9ad1f5,ok,1,9
2d0eb35f04745646d8c6eb3d1ab1c3e8bc8c30f1a9dc0ad89ea260e898ed9d4e,dharma/2d0eb35f04745646d8c6eb3d1ab1c3e8bc8c30f1a9dc0ad89ea260e898ed9d4e,ok,1,9
2dd2c201103ac3a5bf77ae7b30d0032ed215f59f883543c816e516ab454383fb,dharma/2dd2c201103ac3a5bf77ae7b30d0032ed215f59f883543c816e516ab454383fb,ok,1,9
307077d1a3fd2b53b94d88268e31b0b89b8c0c2ee9dbb46041d3e2395243f1b3,dharma/307077d1a3fd2b53b94d88268e31b0b89b8c0c2ee9dbb46041d3e2395243f1b3,ok,1,9
324cb383fd7f47c079b162b725215bb4badfd4c0b2e41d330fa38344e59e77ce,dharma/324cb383fd7f47c079b162b725215bb4badfd4c0b2e41d330fa38344e59e77ce,ok,1,9
32eadf068d9d090fcf57145a09df4ce515c196387e409a01fbf052ff790879bf,dharma/32eadf068d9d090fcf57145a09df4ce515c196387e409a01fbf052ff790879bf,ok,1,9
34c485ad11076ede709ff409c0e1867dc50fd40311ae6e7318ddf50679fa4049,dharma/34c485ad11076ede709ff409c0e1867dc50fd40311ae6e7318ddf50679fa4049,ok,1,9
3e7f30a802c595379ad3158ffe4ba5bc9e4a4d304430a2d846330adee70dc9a5,dharma/3e7f30a802c595379ad3158ffe4ba5bc9e4a4d304430a2d846330adee70dc9a5,ok,1,9
40a837f93edb2531fe35733d725efb490c7b5199d031a6e087b5041aed6eea05,dharma/40a837f93edb2531fe35733d725efb490c7b5199d031a6e087b5041aed6eea05,ok,1,9
438af5e212ca33f9e04431dfac555945a3f0926865930f96230adb07dec0a2be,dharma/438af5e212ca33f9e04431dfac555945a3f0926865930f96230adb07dec0a2be,ok,1,9
4708750c9a6fdeaec5f499a3cd26bb5f61db4f82e66484dc7b44118effbb246f,dharma/4708750c9a6fdeaec5f499a3cd26bb5f61db4f82e66484dc7b44118effbb246f,ok,1,9
4992506df46c0b80f4619f3cb7478346561260366422c085f18356194b6cc3e3,dharma/4992506df46c0b80f4619f3cb7478346561260366422c085f18356194b6cc3e3,ok,1,9
4b6de6cf9a91af3abf522643cb138747725ec1ae47d1defd66488e246a1fec8d,dharma/4b6de6cf9a91af3abf522643cb138747725ec1ae47d1defd66488e246a1fec8d,ok,1,9
4d8ffa30554984f32eabbcb7a99699dd833ea85a8483db8753cc40bde7cee923,dharma/4d8ffa30554984f32eabbcb7a99699dd833ea85a8483db8753cc40bde7cee923,ok,1,9
53cee5760768d57218ccc210948592f29d41b98cba17a81a87d0392e1eeffaf6,dharma/53cee5760768d57218ccc210948592f29d41b98cba17a81a87d0392e1eeffaf6,ok,1,9
553532c3bc00e3b85bcbac054bc4f05cb4fffba6f44a17c663dd37732ce1772d,dharma/553532c3bc00e3b85bcbac054bc4f05cb4fffba6f44a17c663dd37732ce1772d,ok,1,9
553f674770840d592fd718f1cb8eed6d4210c7ce73944fb2d200e8588584fccb,dharma/553f674770840d592fd718f1cb8eed6d4210c7ce73944fb2d200e8588584fccb,ok,1,9
55f111fa13c58f4e6eb6f9828621a463944b7de26fa09cff5a38c31f457def7d,dharma/55f111fa13c58f4e6eb6f9828621a463944b7de26fa09cff5a38c31f457def7d,ok,1,9
56f1a65ab205548d7cc50c044c510210f084d7c7a381be7e3dd6530da1ce6aff,dharma/56f1a65ab205548d7cc50c044c510210f084d7c7a381be7e3dd6530da1ce6aff,ok,1,9
584e757b4fb9b56105c3a57053976323f82535c8264082f81dd43f233c04cab9,dharma/584e757b4fb9b56105c3a57053976323f82535c8264082f81dd43f233c04cab9,ok,1,9
5997f7c46d8860cb07a00edf9e093e21a2416cc508c51dbd3838628d9b46b0d5,dharma/5997f7c46d8860cb07a00edf9e093e21a2416cc508c51dbd3838628d9b46b0d5,ok,1,9
5a0d1265d52d2f76dae31aab48b706a72f03078a6111694f59c4ebf06e6e9f43,dharma/5a0d1265d52d2f76dae31aab48b706a72f03078a6111694f59c4ebf06e6e9f43,ok,1,9
629302ede09446efc6c44bea6fb9d4c62354816e227f61868528b6af43eeee94,dharma/629302ede09446efc6c44bea6fb9d4c62354816e227f61868528b6af43eeee94,ok,1,9
6985917d29596b66d9bbc745a13d5577110d9b0408719c5559d23dd59a9e4f0b,dharma/6985917d29596b66d9bbc745a13d5577110d9b0408719c5559d23dd59a9e4f0b,ok,1,9
8e8b6818423930eea073315743b788aef2f41198961946046b7b89042cb3f95a,dharma/8e8b6818423930eea073315743b788aef2f41198961946046b7b89042cb3f95a,ok,1,9
90c54543aaf085e00879d4fe98a6dfb8148548f374828d50b6e3ac44668138b2,dharma/90c54543aaf085e00879d4fe98a6dfb8148548f374828d50b6e3ac44668138b2,ok,1,9
97689f3967844dd326e7a2b68e7da5b6b3967eea7748d1e3313910a16cacdf16,dharma/97689f3967844dd326e7a2b68e7da5b6b3967eea7748d1e3313910a16cacdf16,ok,1,9
9a4e6b6a25332f21e4e15bd5c67ea1613db78bf02fa3cef2eba47f27723f8d58,dharma/9a4e6b6a25332f21e4e15bd5c67ea1613db78bf02fa3cef2eba47f27723f8d58,ok,1,9
a08c192df62e58faf203a10d830a6f0c34f1d843373ce5ca6f4826ed45a36764,dharma/a08c192df62e58faf203a10d830a6f0c34f1d843373ce5ca6f4826ed45a36764,ok,1,9
ad14312e134f8b9483b2d701b1470758e8944764ec803252efede6b1c49e9485,dharma/ad14312e134f8b9483b2d701b1470758e8944764ec803252efede6b1c49e9485,ok,1,9
b565c8e1e81796db13409f37e4bd28877272b5e54ab5c0a3d9b6a024e7f5a039,dharma/b565c8e1e81796db13409f37e4bd28877272b5e54ab5c0a3d9b6a024e7f5a039,ok,1,9
b6c644a1644dd9b81a604fb6ad6a8cebf4a9b14d5c41da633a93ba2f459f31ae,dharma/b6c644a1644dd9b81a604fb6ad6a8cebf4a9b14d5c41da633a93ba2f459f31ae,ok,1,9
c855a83b6b0b51c9e9bc1b2676d5644f1c578b87734517ce63820ca33d155707,dharma/c855a83b6b0b51c9e9bc1b2676d5644f1c578b87734517ce63820ca33d155707,ok,1,9
d13c712deac973ddd3666c02b76e8c0f2f5a4291078b579e231cdb8f5554efb2,dharma/d13c712deac973ddd3666c02b76e8c0f2f5a4291078b579e231cdb8f5554efb2,ok,1,9
d424fd77dc8e421ac66621a2ea3a36533e6cdb19335b909cbaaac970993e62a4,dharma/d424fd77dc8e421ac66621a2ea3a36533e6cdb19335b909cbaaac970993e62a4,ok,1,9
d4b6920e28ddba697f8e2e33f6479d16c9b92fefdc36894e3c594e3f71095e4d,dharma/d4b6920e28ddba697f8e2e33f6479d16c9b92fefdc36894e3c594e3f71095e4d,ok,1,9
e4a43f0bb8216496b95826c2c1aeb2f3ece6a7d87a8dbc7a0cc6a3935ace3d90,dharma/e4a43f0bb8216496b95826c2c1aeb2f3ece6a7d87a8dbc7a0cc6a3935ace3d90,ok,1,9
e589257b8ad21635e0b1cf15b0936f939b19153806c3dcb9d502853525977817,dharma/e589257b8ad21635e0b1cf15b0936f939b19153806c3dcb9d502853525977817,ok,1,9
0b5f142418adffa1ba2c6fed16dee81a505481b411759aa7355c1d3fb0d719b4,doppelpaymer/0b5f142418adffa1ba2c6fed16dee81a505481b411759aa7355c1d3fb0d719b4,ok,3,8
0fe622ba1a8d90793d2646b8afa7c75834d1a4bf9dd0696e5b894037c13ed299,doppelpaymer/0fe622ba1a8d90793d2646b8afa7c75834d1a4bf9dd0696e5b894037c13ed299,ok,3,4
17528798f8b5ec83731a383b16b692bb3a5aa6d9c09fe0e9bb6fb92687350963,doppelpaymer/17528798f8b5ec83731a383b16b692bb3a5aa6d9c09fe0e9bb6fb92687350963,ok,2,6
1ccbe79a55bb1b855fcd6e66611ab754b608b16a9500fc87334c3e2c25a2a91b,doppelpaymer/1ccbe79a55bb1b855fcd6e66611ab754b608b16a9500fc87334c3e2c25a2a91b,no_imports,0,0
3da52a407801a5e41d792a65d145f056059d470a242849b92032f51fcec8ecfc,doppelpaymer/3da52a407801a5e41d792a65d145f056059d470a242849b92032f51fcec8ecfc,ok,3,4
46254a390027a1708f6951f8af3da13d033dee9a71a4ee75f257087218676dd5,doppelpaymer/46254a390027a1708f6951f8af3da13d033dee9a71a4ee75f257087218676dd5,ok,3,4
516fb7b0f610494d2702c31402dcb1116a489760f70ea102c900482d0514f465,doppelpaymer/516fb7b0f610494d2702c31402dcb1116a489760f70ea102c900482d0514f465,ok,3,34
53709a38525d1f76995a3f70fdab6521eb0f2a568cb31693db15231198ed55a5,doppelpaymer/53709a38525d1f76995a3f70fdab6521eb0f2a568cb31693db15231198ed55a5,no_imports,0,0
60ab87df9a77924e9f12484fa94f63fa4bb4c646072cf4b002492f59b1ee0103,doppelpaymer/60ab87df9a77924e9f12484fa94f63fa4bb4c646072cf4b002492f59b1ee0103,ok,3,34
624255fef7e958cc3de9e454d2de4ae1a914a41fedc98b2042756042f68c2b69,doppelpaymer/624255fef7e958cc3de9e454d2de4ae1a914a41fedc98b2042756042f68c2b69,ok,3,34
64aae03c2a7f3646e6e85102074f691fc64c605d3cd7e5f2c019e0be25e03962,doppelpaymer/64aae03c2a7f3646e6e85102074f691fc64c605d3cd7e5f2c019e0be25e03962,no_imports,0,0
750150ec6d50212936151b881c6e3bae30bf76fb233602b064984bc46fc4f4c0,doppelpaymer/750150ec6d50212936151b881c6e3bae30bf76fb233602b064984bc46fc4f4c0,no_imports,0,0
7f0dcd67e61f9f1388d3ba92cca0c6da0c49751f96d77b3100e0c6173092524c,doppelpaymer/7f0dcd67e61f9f1388d3ba92cca0c6da0c49751f96d77b3100e0c6173092524c,ok,2,6
84dfebb04d3f98ea63f803c46d83243c4bbdbcb6a6be238600e2ff9118fb05ed,doppelpaymer/84dfebb04d3f98ea63f803c46d83243c4bbdbcb6a6be238600e2ff9118fb05ed,ok,3,4
a0c3976f5d93927b0ee4e5c17057d3bb028ff26e4200ba63fbc9fa0d311eda57,doppelpaymer/a0c3976f5d93927b0ee4e5c17057d3bb028ff26e4200ba63fbc9fa0d311eda57,ok,3,34
b3e2ebc49bed60465f27a1ad5364014053bb0182ae3eb06211a12f2008893ee0,doppelpaymer/b3e2ebc49bed60465f27a1ad5364014053bb0182ae3eb06211a12f2008893ee0,ok,3,11
c66157a916c7f874bd381a775b8eede422eb59819872fdffafc5649eefa76373,doppelpaymer/c66157a916c7f874bd381a775b8eede422eb59819872fdffafc5649eefa76373,ok,3,35
cf961a8a5da4d9453ac1eea45b6f33a896616c4872a50ca603b9899aac403691,doppelpaymer/cf961a8a5da4d9453ac1eea45b6f33a896616c4872a50ca603b9899aac403691,ok,3,34
d4d2701df5c47ccb3ccb95693fcb0cfa493695be32c6daba2218ca73f76cf9e9,doppelpaymer/d4d2701df5c47ccb3ccb95693fcb0cfa493695be32c6daba2218ca73f76cf9e9,ok,3,30
f27e8691520ca218bccc6bfc6880d52bcce3e2218fd1cb0d40c85260df2d822c,doppelpaymer/f27e8691520ca218bccc6bfc6880d52bcce3e2218fd1cb0d40c85260df2d822c,ok,3,4
f658ddcf8e87de957a81bb92d44ce02913b427e8bccbe663669ee2613d355555,doppelpaymer/f658ddcf8e87de957a81bb92d44ce02913b427e8bccbe663669ee2613d355555,ok,10,240
f6c5fe6cf03045fa15b36adaaefba0b3a2bee19551c34b61f886904c5060f457,doppelpaymer/f6c5fe6cf03045fa15b36adaaefba0b3a2bee19551c34b61f886904c5060f457,ok,16,29
fb04d01431c33b1ec19cc2986e48174e97a0c62fdab1ec08cacf3969f3d51bda,doppelpaymer/fb04d01431c33b1ec19cc2986e48174e97a0c62fdab1ec08cacf3969f3d51bda,ok,2,7
027d99aaaa6803a07d07ce0ba1fa66964388129d3b26dcf8621a3310692b0a61,exorcist/027d99aaaa6803a07d07ce0ba1fa66964388129d3b26dcf8621a3310692b0a61,ok,12,115
2b37a372626063afce9e08199342a41bbe4183b0d5ba7864ff61eb6e6f7c4fdf,exorcist/2b37a372626063afce9e08199342a41bbe4183b0d5ba7864ff61eb6e6f7c4fdf,ok,12,115
3582343032c1b72e970ac45cabc28610eb47aa4e3d5d0eea3e231e6958db0f3b,exorcist/3582343032c1b72e970ac45cabc28610eb47aa4e3d5d0eea3e231e6958db0f3b,ok,7,10
428ce154645d5d70743dcd489ce18e3618f7a9b8fe6856584c1501d5e5841a8b,exorcist/428ce154645d5d70743dcd489ce18e3618f7a9b8fe6856584c1501d5e5841a8b,ok,3,102
4d1b3c3907d6ad35f69899e5e8244e541e86e643c2628b61f254341ff95ecb52,exorcist/4d1b3c3907d6ad35f69899e5e8244e541e86e643c2628b61f254341ff95ecb52,ok,12,115
6db3aae21a6d80857c85f58c4c8b2cf9c6b7f8b8a9ab1d5496d18eaf9bd0bd01,exorcist/6db3aae21a6d80857c85f58c4c8b2cf9c6b7f8b8a9ab1d5496d18eaf9bd0bd01,ok,12,115
793dcc731fa2c6f7406fd52c7ac43926ac23e39badce09677128cce0192e19b0,exorcist/793dcc731fa2c6f7406fd52c7ac43926ac23e39badce09677128cce0192e19b0,ok,12,115
8ce8636d2b4807cf66f78156ad7af4035202f6b770eed78b5fe875d3e321b155,exorcist/8ce8636d2b4807cf66f78156ad7af4035202f6b770eed78b5fe875d3e321b155,ok,12,115
8d684a790a5683b8decde9fb5a819c4a164d3032723a151a30ff26d3c2b1aabf,exorcist/8d684a790a5683b8decde9fb5a819c4a164d3032723a151a30ff26d3c2b1aabf,ok,12,115
8da469200a4b3899b23a34232eec537f12c621aa3c8766a9745d8ff721ef5296,exorcist/8da469200a4b3899b23a34232eec537f12c621aa3c8766a9745d8ff721ef5296,ok,12,115
a7e27cc38a39ff242da39d05e04b95ea9b656829dfe2e90e8226351da8813d7d,exorcist/a7e27cc38a39ff242da39d05e04b95ea9b656829dfe2e90e8226351da8813d7d,ok,12,115
b1280c85c41ba01ae9d6bf83b8d1483033dce2d15133b273e303cf935e0be9f8,exorcist/b1280c85c41ba01ae9d6bf83b8d1483033dce2d15133b273e303cf935e0be9f8,ok,12,115
b1bcc54ef15f91d9291357eca02862174bd6158e95813eff1ab0c16ba48ff10e,exorcist/b1bcc54ef15f91d9291357eca02862174bd6158e95813eff1ab0c16ba48ff10e,ok,12,115
bf6e5f9d060ebc5bb70144ca6e795bfc249c6590ab9f45e258ec9b5f3d49eeb6,exorcist/bf6e5f9d060ebc5bb70144ca6e795bfc249c6590ab9f45e258ec9b5f3d49eeb6,ok,12,115
cea934f291a4be8edb7b29e5c960093da9ee47195e53720dd6df5c977e741f4f,exorcist/cea934f291a4be8edb7b29e5c960093da9ee47195e53720dd6df5c977e741f4f,ok,12,115
dfecb46078038bcfa9d0b8db18bdc0646f33bad55ee7dd5ee46e61c6cf399620,exorcist/dfecb46078038bcfa9d0b8db18bdc0646f33bad55ee7dd5ee46e61c6cf399620,ok,1,2
eeb8a83d7532797d39d060ffb2a65562e8d803c4dbd8379289f99367cac2f850,exorcist/eeb8a83d7532797d39d060ffb2a65562e8d803c4dbd8379289f99367cac2f850,ok,12,115
f86e27e58356c554269b93713ea53b797d92359f0abb25bf70fe2de278278f7f,exorcist/f86e27e58356c554269b93713ea53b797d92359f0abb25bf70fe2de278278f7f,ok,12,115
8ce8636d2b4807cf66f78156ad7af4035202f6b770eed78b5fe875d3e321b155,exorcist/fdb89d5de25bbf478ab5c14e2586128f4fb309c5ef2fa5bf917fc7e37afcd1ff,ok,12,115
0030c9190c6f96dffea80d960cf4d87aacbeffb2f08c2c9e7a60b318bd636dbf,gandcrab/0030c9190c6f96dffea80d960cf4d87aacbeffb2f08c2c9e7a60b318bd636dbf,ok,2,70
007988b1ffdce1e161071f92a130b64650735a5eed6445806c2c967d0902c286,gandcrab/007988b1ffdce1e161071f92a130b64650735a5eed6445806c2c967d0902c286,ok,9,173
07c82be075c33f06ef8e411d5f32e7b3d51a47be63233f2d66250cbf2903b777,gandcrab/07c82be075c33f06ef8e411d5f32e7b3d51a47be63233f2d66250cbf2903b777,ok,2,70
098aad386b0f549cefddf2001dba9f31f40d88a3618cd3a8d5589b4b0b467342,gandcrab/098aad386b0f549cefddf2001dba9f31f40d88a3618cd3a8d5589b4b0b467342,ok,9,173
0d38a79805947ec49ba34769b9a9f9cdfc4032c3c7112bed465d46b09b587ef9,gandcrab/0d38a79805947ec49ba34769b9a9f9cdfc4032c3c7112bed465d46b09b587ef9,ok,9,174
0d8a1610fbe90831d4aae127563c8b6d0f0fe85aae3cd7062013f74cf38be4f0,gandcrab/0d8a1610fbe90831d4aae127563c8b6d0f0fe85aae3cd7062013f74cf38be4f0,ok,9,173
137e0d194e572f779a9334960063f1c482e73d4758d75663f2a298393bc52bea,gandcrab/137e0d194e572f779a9334960063f1c482e73d4758d75663f2a298393bc52bea,ok,9,171
1673a950aa003ed5110d0ced961bfb29e9acd424897cd27d846f3a686d73678c,gandcrab/1673a950aa003ed5110d0ced961bfb29e9acd424897cd27d846f3a686d73678c,ok,9,173
1b808c06993ff740e36df55805d367217933c17bff9a34c6767a5e6f3d4453fd,gandcrab/1b808c06993ff740e36df55805d367217933c17bff9a34c6767a5e6f3d4453fd,ok,8,257
2698c0506fd1c0332cfab3d1a7b3438269f2a2d1168eb3d09c83d805bf0724b1,gandcrab/2698c0506fd1c0332cfab3d1a7b3438269f2a2d1168eb3d09c83d805bf0724b1,ok,9,171
2c9538b89e32cac819526b5ec77a19cd32ec88c60631bec1f00311c11e3b0219,gandcrab/2c9538b89e32cac819526b5ec77a19cd32ec88c60631bec1f00311c11e3b0219,ok,2,70
2e92f62d73a7157e74bf3810356b799cfb77bf57b97e6f8c9261f02ed1ce944c,gandcrab/2e92f62d73a7157e74bf3810356b799cfb77bf57b97e6f8c9261f02ed1ce944c,ok,2,70
2fbe3c62a6ee7966c9bbc46be6e38d2a442fe544f38e74312b25f32f38d72715,gandcrab/2fbe3c62a6ee7966c9bbc46be6e38d2a442fe544f38e74312b25f32f38d72715,ok,2,70
33d1fcc12e2e01e484477df9a0c748fa6efd96fb2d004f6af7413939ebf36e12,gandcrab/33d1fcc12e2e01e484477df9a0c748fa6efd96fb2d004f6af7413939ebf36e12,ok,9,171
4837a97055193bf58d97c1c0e46dafdb754a5bd7654908231e3fb6cd650eec4c,gandcrab/4837a97055193bf58d97c1c0e46dafdb754a5bd7654908231e3fb6cd650eec4c,ok,6,128
4864e064c66cfa321ff21d0730b9d2e78009803b3c99b1500b8ccdf31efd4b7d,gandcrab/4864e064c66cfa321ff21d0730b9d2e78009803b3c99b1500b8ccdf31efd4b7d,ok,2,70
4b5fe7497864d07f78af15fa3e1aa3702b303b89f9644624871d83dd0f484749,gandcrab/4b5fe7497864d07f78af15fa3e1aa3702b303b89f9644624871d83dd0f484749,ok,9,173
4be2d7cc2d715d7e5b87eb21f0c984f4da961d63aec448c790800fc1f76f2b98,gandcrab/4be2d7cc2d715d7e5b87eb21f0c984f4da961d63aec448c790800fc1f76f2b98,ok,9,173
52f2b6380b492c175837418285cbefa51f1de3187d00c01383bb5f9ca4ebe7db,gandcrab/52f2b6380b492c175837418285cbefa51f1de3187d00c01383bb5f9ca4ebe7db,ok,9,174
5c95c59b3a7fc2dfa43c0b372e3ae5af566d458d35296f3bd4313bbc4dcf050b,gandcrab/5c95c59b3a7fc2dfa43c0b372e3ae5af566d458d35296f3bd4313bbc4dcf050b,ok,2,70
5c9fec26413d6b015d395afb86b87bb0ef245618bfae2d6c3a9bffb3fc56052c,gandcrab/5c9fec26413d6b015d395afb86b87bb0ef245618bfae2d6c3a9bffb3fc56052c,ok,2,70
64d341ecbc52f9d78080bf23559ec1778824979dd19498ee44032ec1d5224ff6,gandcrab/64d341ecbc52f9d78080bf23559ec1778824979dd19498ee44032ec1d5224ff6,ok,9,174
650b1403bcd20a724261ecb656112ed5742610e41097d05d5eff160ce8fd0f91,gandcrab/650b1403bcd20a724261ecb656112ed5742610e41097d05d5eff160ce8fd0f91,ok,2,70
657ba4fed4cbf7c0b83967bfc80be084fb0a55afe6393914742232810275f052,gandcrab/657ba4fed4cbf7c0b83967bfc80be084fb0a55afe6393914742232810275f052,ok,9,173
6f4de91333804c26c9b9807a8480bd2b7c7116bd42c3ad3f8f3d6d835d2153b2,gandcrab/6f4de91333804c26c9b9807a8480bd2b7c7116bd42c3ad3f8f3d6d835d2153b2,ok,2,70
7a6daa99265f10fe73576aafdfcf5c8ccbd9602d482f999cdc53c7b4c7f89687,gandcrab/7a6daa99265f10fe73576aafdfcf5c8ccbd9602d482f999cdc53c7b4c7f89687,ok,9,171
7cbc7453ac42556c52a88011cca5e634d86a3f5398e44c8d33b3c08f0ffde633,gandcrab/7cbc7453ac42556c52a88011cca5e634d86a3f5398e44c8d33b3c08f0ffde633,ok,9,173
81e34ce24935bf192ee0eff4a43c673ff65a36e4f6c5a12973371c7389037625,gandcrab/81e34ce24935bf192ee0eff4a43c673ff65a36e4f6c5a12973371c7389037625,ok,2,70
872bf2c276fe3242513c2ed1b254a5ab3c0dea273dde944c05b711697811753f,gandcrab/872bf2c276fe3242513c2ed1b254a5ab3c0dea273dde944c05b711697811753f,ok,9,174
97351c2e4ccee87ee68146c2efee6f138e03bcfc7b029d106661d00f40528039,gandcrab/97351c2e4ccee87ee68146c2efee6f138e03bcfc7b029d106661d00f40528039,ok,2,70
9f7b9c0a9f745304a16b2e3b699b6ad2b7d3835cd6305b112f2590a9386c7fca,gandcrab/9f7b9c0a9f745304a16b2e3b699b6ad2b7d3835cd6305b112f2590a9386c7fca,ok,2,70
a383ec861e033b3a0035caa3447aff798dc5f63f8931682610b09bae7c2cb88e,gandcrab/a383ec861e033b3a0035caa3447aff798dc5f63f8931682610b09bae7c2cb88e,ok,2,70
a45bd4059d804b586397f43ee95232378d519c6b8978d334e07f6047435fe926,gandcrab/a45bd4059d804b586397f43ee95232378d519c6b8978d334e07f6047435fe926,ok,1,78
a4934922ea9e1e6924f24bba64af5888d2b4df87ffb938d92304a5677549899b,gandcrab/a4934922ea9e1e6924f24bba64af5888d2b4df87ffb938d92304a5677549899b,ok,2,70
a81d350afaf97cc038b3f20b46d4757150d7854df5e56780326f91bc7d4fd215,gandcrab/a81d350afaf97cc038b3f20b46d4757150d7854df5e56780326f91bc7d4fd215,ok,9,171
adad8b68c55b43fb2344c3051a28514b9ee25c9664dc7b35f36477c923664519,gandcrab/adad8b68c55b43fb2344c3051a28514b9ee25c9664dc7b35f36477c923664519,ok,9,173
b42540e0be78f72f1c3578634f8c89fbc9bd838c425bcbe2aabb0816dd3d2f84,gandcrab/b42540e0be78f72f1c3578634f8c89fbc9bd838c425bcbe2aabb0816dd3d2f84,ok,2,70
b4f1fb8fea5f5155e0e7f4ecd22d4c4a9582df7fb240af41728ad98c70949c11,gandcrab/b4f1fb8fea5f5155e0e7f4ecd22d4c4a9582df7fb240af41728ad98c70949c11,ok,2,70
b86383ac86f27e1e6fc8656407bfbcd2462ee00640e7a310a6df265c9a0e2ae6,gandcrab/b86383ac86f27e1e6fc8656407bfbcd2462ee00640e7a310a6df265c9a0e2ae6,ok,2,70
c1eca612b5b4a7ac0076d05f8e4a6c5296296c1bf0139479b9c2dd02eb75d11f,gandcrab/c1eca612b5b4a7ac0076d05f8e4a6c5296296c1bf0139479b9c2dd02eb75d11f,ok,2,70
c45c084efff13cc2d01cecde8656f71c9b56b6f00704e35d1f019acc787858c4,gandcrab/c45c084efff13cc2d01cecde8656f71c9b56b6f00704e35d1f019acc787858c4,ok,6,128
cbcff29c73b151176818c93d10ae34a1be58c710bf8b4b86b4d8e13e2232264f,gandcrab/cbcff29c73b151176818c93d10ae34a1be58c710bf8b4b86b4d8e13e2232264f,ok,2,70
ce093ffa19f020a2b73719f653b5e0423df28ef1d59035d55e99154a85c5c668,gandcrab/ce093ffa19f020a2b73719f653b5e0423df28ef1d59035d55e99154a85c5c668,ok,6,128
ce8a3474f1be9d750b5a5d5447e8f66b651d215799c1b5acb261296426542659,gandcrab/ce8a3474f1be9d750b5a5d5447e8f66b651d215799c1b5acb261296426542659,ok,9,173
da8c0a6ac025e95d408e72e2656d4cad02d4a3b4027ecef9d97c1a12311f37b4,gandcrab/da8c0a6ac025e95d408e72e2656d4cad02d4a3b4027ecef9d97c1a12311f37b4,ok,9,173
dbb88de4201933bdb099b21f91786be636b6e4486765f023abd3319300ed0006,gandcrab/dbb88de4201933bdb099b21f91786be636b6e4486765f023abd3319300ed0006,ok,9,173
dc4e3c1a007475326c0a04eef870cecfd719c35f11908a113ce26355a62138ca,gandcrab/dc4e3c1a007475326c0a04eef870cecfd719c35f11908a113ce26355a62138ca,ok,9,173
dcdd516739eb88e2781d92429e58f7d97298d63d2a3b4df805f771407f02d33e,gandcrab/dcdd516739eb88e2781d92429e58f7d97298d63d2a3b4df805f771407f02d33e,ok,2,70
e906f1c983c7c2756f4bcd4de9edb2c6e8d16c1f84a18fecf15b698a459183fc,gandcrab/e906f1c983c7c2756f4bcd4de9edb2c6e8d16c1f84a18fecf15b698a459183fc,ok,1,14
f0cce9bb1ede97017e6edac8f3372c522df26b73a6f136cfcfb2e1d94d0e3168,gandcrab/f0cce9bb1ede97017e6edac8f3372c522df26b73a6f136cfcfb2e1d94d0e3168,ok,2,70
00ad914476509f84b40f2dbe804dc7c37a1a24ef3472674574d3367079bf0a2a,lockbit/00ad914476509f84b40f2dbe804dc7c37a1a24ef3472674574d3367079bf0a2a,ok,5,11
04f65270c92dda82c759c1eee49cf8f4c98a2ed0071272e49132331fda482dba,lockbit/04f65270c92dda82c759c1eee49cf8f4c98a2ed0071272e49132331fda482dba,ok,5,11
082f91d85c437f415cea44b36afb4198da07b78593c836a398cd96365166e7d8,lockbit/082f91d85c437f415cea44b36afb4198da07b78593c836a398cd96365166e7d8,ok,5,11
0cd33e6b180862072a00a0c2f897afa754df071bcec3d13e581c41a5c27a3102,lockbit/0cd33e6b180862072a00a0c2f897afa754df071bcec3d13e581c41a5c27a3102,ok,5,11
21aab3925870f8e11cf4c94b9b84d252118278a50206e622b8148001e205213f,lockbit/21aab3925870f8e11cf4c94b9b84d252118278a50206e622b8148001e205213f,ok,14,208
2508d0ab9bed37a9f8d1ab04d2440849fcfc7e149971baf452a0440a924eeac5,lockbit/2508d0ab9bed37a9f8d1ab04d2440849fcfc7e149971baf452a0440a924eeac5,ok,5,11
33d79363679a3a7a1066a28784d1a472276389f7621af35a03dc643ea9b37165,lockbit/33d79363679a3a7a1066a28784d1a472276389f7621af35a03dc643ea9b37165,ok,5,11
3b52db44c2cdd8adfacb906362837ed449e96fcf761de4b1f26388b66b6edabe,lockbit/3b52db44c2cdd8adfacb906362837ed449e96fcf761de4b1f26388b66b6edabe,ok,14,208
40c436f4ac5193735d05cfe2375d29449a90269a718fba9d7af179317688e2fb,lockbit/40c436f4ac5193735d05cfe2375d29449a90269a718fba9d7af179317688e2fb,ok,5,11
411c61de0ff1356abeb8daed0e63c8214fd73685e6f3b6f73c96d07250d8542c,lockbit/411c61de0ff1356abeb8daed0e63c8214fd73685e6f3b6f73c96d07250d8542c,no_imports,0,0
43ae62f2d7be7a9bf34c9a46ce26b94e8f73c8b7ea434830f51553a0fc820d1b,lockbit/43ae62f2d7be7a9bf34c9a46ce26b94e8f73c8b7ea434830f51553a0fc820d1b,ok,5,11
4672f4ade47a4717255db6bcd9ae1fb6f4d71e85d059bb08e65df55d416126eb,lockbit/4672f4ade47a4717255db6bcd9ae1fb6f4d71e85d059bb08e65df55d416126eb,ok,5,11
50d08c974f7abce2da5c2a8976d3c6017334a418359d7bb031bd0914b848b24a,lockbit/50d08c974f7abce2da5c2a8976d3c6017334a418359d7bb031bd0914b848b24a,ok,5,11
51634f69ba2c47e171bc6ca7acb570eefe3fafdc2dfa78be46d9f1920cb309bd,lockbit/51634f69ba2c47e171bc6ca7acb570eefe3fafdc2dfa78be46d9f1920cb309bd,ok,5,11
53cb4674c759d5b16aa29618d36a6008e5d730585a1bcf3b465fd2517a0e90c2,lockbit/53cb4674c759d5b16aa29618d36a6008e5d730585a1bcf3b465fd2517a0e90c2,no_imports,0,0
54664bedb8b1e8e5a05a60490739080c757a234a71cbee0917f1bdfde3c95b97,lockbit/54664bedb8b1e8e5a05a60490739080c757a234a71cbee0917f1bdfde3c95b97,ok,14,208
54d14a53b99a62a19cd544c389fdf2dff02bea9fcaee7cf54f81b3ba8442877f,lockbit/54d14a53b99a62a19cd544c389fdf2dff02bea9fcaee7cf54f81b3ba8442877f,no_imports,0,0
5a67b802ccb3ff343066d6f285b8c933dbd9b43da1e7592f512d54d6e517b5ee,lockbit/5a67b802ccb3ff343066d6f285b8c933dbd9b43da1e7592f512d54d6e517b5ee,ok,5,11
626a4fa1f52623e89b3011c37c2d3ca4069dc5a4d3f5c4f74d4579c2d3d50356,lockbit/626a4fa1f52623e89b3011c37c2d3ca4069dc5a4d3f5c4f74d4579c2d3d50356,ok,5,11
69310d0c9f42dd45ee986a3220f40e860ce4c9b24ab83a85c4f2f5c15439d6f5,lockbit/69310d0c9f42dd45ee986a3220f40e860ce4c9b24ab83a85c4f2f5c15439d6f5,ok,5,11
7363f13db048624a97528e2a2592e6657e4882028933506b5df9ecc62f869528,lockbit/7363f13db048624a97528e2a2592e6657e4882028933506b5df9ecc62f869528,ok,5,11
80e8fadc73c34a227ed4cc9c5c822391c593c3eaba8d841feb4f4b3c7234d08e,lockbit/80e8fadc73c34a227ed4cc9c5c822391c593c3eaba8d841feb4f4b3c7234d08e,no_imports,0,0
85d83b744c8837c9391358a4e75e364d52aa35e7727b61331b5085be363d59b3,lockbit/85d83b744c8837c9391358a4e75e364d52aa35e7727b61331b5085be363d59b3,no_imports,0,0
8d141b8ef137032125cece55ec945038c35d4eeed54ce43e0b99c2731e8790ba,lockbit/8d141b8ef137032125cece55ec945038c35d4eeed54ce43e0b99c2731e8790ba,ok,5,11
95739e350d7f2aca2c609768ee72ad67fcf05efca5c7ad8df3027c82b9c454cf,lockbit/95739e350d7f2aca2c609768ee72ad67fcf05efca5c7ad8df3027c82b9c454cf,ok,14,208
9dd6cc25b2f920b825e15682a4d06435a42b281674ba6e99c8e2b2222c9d638f,lockbit/9dd6cc25b2f920b825e15682a4d06435a42b281674ba6e99c8e2b2222c9d638f,ok,5,12
a2ad5cc5045a1645f07da7eab14ba13eb69ab7286204f61ba6a4226bfade7f17,lockbit/a2ad5cc5045a1645f07da7eab14ba13eb69ab7286204f61ba6a4226bfade7f17,ok,5,11
a4c7080ed8a6caa39e35dd47234c0960f91e43135186378c064f90291a0455c6,lockbit/a4c7080ed8a6caa39e35dd47234c0960f91e43135186378c064f90291a0455c6,ok,5,11
a696ad284e82463e8e7942976bc517feb4247e42d14595c5997c2e6558dc17a9,lockbit/a696ad284e82463e8e7942976bc517feb4247e42d14595c5997c2e6558dc17a9,ok,14,208
a9cb8fb06970ee8652983bdad227d24f50133853b64e29b76bae98b4063409b3,lockbit/a9cb8fb06970ee8652983bdad227d24f50133853b64e29b76bae98b4063409b3,ok,5,11
ac123fae7b38fab3b9dfc3b28af23688d1ad1e66b659ab38e75ca334d7c91bf2,lockbit/ac123fae7b38fab3b9dfc3b28af23688d1ad1e66b659ab38e75ca334d7c91bf2,ok,5,11
b726d6252d6177be9e6d93ee8dffedc1949e37af927a90b28b8ca97e3208d9a6,lockbit/b726d6252d6177be9e6d93ee8dffedc1949e37af927a90b28b8ca97e3208d9a6,no_imports,0,0
bcbb1e388759eea5c1fbb4f35c29b6f66f3f4ca4c715bab35c8fc56dcf3fa621,lockbit/bcbb1e388759eea5c1fbb4f35c29b6f66f3f4ca4c715bab35c8fc56dcf3fa621,ok,5,11
bdc2801e747ee4dd2b50b1ecd3fa3eb53b6c8101ec37eff8d18e485a7f4a7bd0,lockbit/bdc2801e747ee4dd2b50b1ecd3fa3eb53b6c8101ec37eff8d18e485a7f4a7bd0,ok,5,11
c64105b9808685b07ce4a6d47d797cbe7c045101fb793ff9389a6620c7755bb7,lockbit/c64105b9808685b07ce4a6d47d797cbe7c045101fb793ff9389a6620c7755bb7,ok,5,11
d03a96edaf798e9a80442f4fc4fe0c8cb1a2ba3a1876f9defdc6c28ba266a77d,lockbit/d03a96edaf798e9a80442f4fc4fe0c8cb1a2ba3a1876f9defdc6c28ba266a77d,ok,5,11
d0de5ea05083d0284943accb929c6700592b230af4d6b05e281760b64b97802e,lockbit/d0de5ea05083d0284943accb929c6700592b230af4d6b05e281760b64b97802e,ok,5,11
d5ea463e0719ee2d1705ff305cdd8529bd2ff23dde79c502c4f478937a91f874,lockbit/d5ea463e0719ee2d1705ff305cdd8529bd2ff23dde79c502c4f478937a91f874,ok,14,208
dad101c7193fd0b995723ec830aade763d853665fdc9cf9f0bc77adf25b460ce,lockbit/dad101c7193fd0b995723ec830aade763d853665fdc9cf9f0bc77adf25b460ce,ok,5,11
dec4ca3a0863919f85c2a1a4a7e607e68063a9be1719ccb395353fe4a2d087e5,lockbit/dec4ca3a0863919f85c2a1a4a7e607e68063a9be1719ccb395353fe4a2d087e5,ok,5,11
df232fc543fc078df14cd07e7ad676d1b53e1de4f1909512ac97b03c2e1d1c51,lockbit/df232fc543fc078df14cd07e7ad676d1b53e1de4f1909512ac97b03c2e1d1c51,ok,5,11
dfc52af21bad04c3860c0cdb5c8e7760b3fd1e5abbe038154f956a7dd1d6437c,lockbit/dfc52af21bad04c3860c0cdb5c8e7760b3fd1e5abbe038154f956a7dd1d6437c,ok,5,11
e216372e4328f1cf5cf39a73540b508adc8d777fef90ca77af635c2331deb5cc,lockbit/e216372e4328f1cf5cf39a73540b508adc8d777fef90ca77af635c2331deb5cc,ok,5,11
e31c78b7d21539b10d3b70317135f843217881270f7356b0a2e197d698833d01,lockbit/e31c78b7d21539b10d3b70317135f843217881270f7356b0a2e197d698833d01,ok,5,11
e75e79383b75613f4c1b87eef929cf719d9b344c4de122ab4139ad2328d38aed,lockbit/e75e79383b75613f4c1b87eef929cf719d9b344c4de122ab4139ad2328d38aed,ok,5,11
ead321bd27e49aa74c46662449189289dede9d0a70b017abaf9fe3a4c76e5760,lockbit/ead321bd27e49aa74c46662449189289dede9d0a70b017abaf9fe3a4c76e5760,ok,5,11
ee2115e39ffc78a185d533fab74ee5683f233c3d0865443ea9fcadead1fc99ea,lockbit/ee2115e39ffc78a185d533fab74ee5683f233c3d0865443ea9fcadead1fc99ea,no_imports,0,0
faaa06208acdf230496128dfd656984d3f0f99a9b5be4f2cbaaec0bb830bdcf9,lockbit/faaa06208acdf230496128dfd656984d3f0f99a9b5be4f2cbaaec0bb830bdcf9,ok,14,208
07d305bba3b31f810315d3c0a835e1bdb11e325f410a14fd7b732b8afda69507,makop/07d305bba3b31f810315d3c0a835e1bdb11e325f410a14fd7b732b8afda69507,ok,7,160
1066b29d5f34d57efa4877907fa846ea474c3f03b5c0759171929195347fa00c,makop/1066b29d5f34d57efa4877907fa846ea474c3f03b5c0759171929195347fa00c,ok,7,158
176cb863f10a9f2fac32eb5d75c01c91dadb99d229db56d2535a25067e55835f,makop/176cb863f10a9f2fac32eb5d75c01c91dadb99d229db56d2535a25067e55835f,ok,5,78
28aeaf450afc07c4db9c35814e130ca2c0b8448c85b573bbb59337c794782980,makop/28aeaf450afc07c4db9c35814e130ca2c0b8448c85b573bbb59337c794782980,ok,7,158
4cd59f4f2c399a3f23e2b4ae73d80a2136b2aed895bec72fa12e9b52a750d2cc,makop/4cd59f4f2c399a3f23e2b4ae73d80a2136b2aed895bec72fa12e9b52a750d2cc,ok,7,158
50b0c7858bc2bb2d1fa3d441bd2c4e3930b88b77c6cef11a51af5705727d6639,makop/50b0c7858bc2bb2d1fa3d441bd2c4e3930b88b77c6cef11a51af5705727d6639,ok,1,1
560d7fbb78858d4337f9a97226e137a27db581721641bab2e11d34ce55f5ddba,makop/560d7fbb78858d4337f9a97226e137a27db581721641bab2e11d34ce55f5ddba,ok,6,116
77703bf5f0224b4b6bc3c2333300eac887ce49e3e0bb4bc3d20b7e33cee749de,makop/77703bf5f0224b4b6bc3c2333300eac887ce49e3e0bb4bc3d20b7e33cee749de,ok,7,158
89a12a1980732a6d039f48d358968903f2a5af157413bdf3310dd0ebe765ae40,makop/89a12a1980732a6d039f48d358968903f2a5af157413bdf3310dd0ebe765ae40,ok,7,117
91e573ed92344a8eb7110e6af97f10b9f848f25f9f1a0fe411e2eef39e3dc342,makop/91e573ed92344a8eb7110e6af97f10b9f848f25f9f1a0fe411e2eef39e3dc342,ok,3,94
94658982002db6acea22c68b7619f71154933effd6428a81a235aba6e2789328,makop/94658982002db6acea22c68b7619f71154933effd6428a81a235aba6e2789328,ok,1,1
a617fdbff227afe8c89ba96d34724fb03c0c08857c508c8c80f3fedc916fe2b4,makop/a617fdbff227afe8c89ba96d34724fb03c0c08857c508c8c80f3fedc916fe2b4,ok,7,165
a6566bc4c76a36a0e880d2151e0a86a59c3af57082b7c83a669dba3f28afb959,makop/a6566bc4c76a36a0e880d2151e0a86a59c3af57082b7c83a669dba3f28afb959,ok,7,160
bc0ed3e73b8d1fdc839f2e8ed3578ca3221dba4eb984e581cb00dfb4cdfb7d49,makop/bc0ed3e73b8d1fdc839f2e8ed3578ca3221dba4eb984e581cb00dfb4cdfb7d49,ok,5,82
bc7965625bc87ba2730d9261ff122cf0a1d17cb64b8dad7a4b83d17029c8e1b4,makop/bc7965625bc87ba2730d9261ff122cf0a1d17cb64b8dad7a4b83d17029c8e1b4,ok,2,103
c23f9fca61a45de8a8808706523039b6385bc55d4b2b9545a5babf9d472700ec,makop/c23f9fca61a45de8a8808706523039b6385bc55d4b2b9545a5babf9d472700ec,ok,2,74
c311e0cd1b2052427260e95e3c7268451456167eb256a6032aa82d8e93ff6e34,makop/c311e0cd1b2052427260e95e3c7268451456167eb256a6032aa82d8e93ff6e34,ok,7,165
c34d0660da24b48480de58aaa394bd27f5a5b1ed9249d897ca4dde70312a87ec,makop/c34d0660da24b48480de58aaa394bd27f5a5b1ed9249d897ca4dde70312a87ec,ok,7,160
cb81d92235ea10499bf064b26c233dc498d24568e5b74f62249d63d1cf2a6c59,makop/cb81d92235ea10499bf064b26c233dc498d24568e5b74f62249d63d1cf2a6c59,ok,7,160
d07923f73f1b5f41ab02c3239468bc0eacfe31c02b84814b6bc522a98d9b4b22,makop/d07923f73f1b5f41ab02c3239468bc0eacfe31c02b84814b6bc522a98d9b4b22,ok,7,158
d64a2e8e21b9dd345095cbbe7a32ef47ac3d33012d350b9ec198db3838ca5eaa,makop/d64a2e8e21b9dd345095cbbe7a32ef47ac3d33012d350b9ec198db3838ca5eaa,ok,5,82
d779233bd09cb2c570f3a0965956c184e16d4e4783617f1d8b0c2b1e00d2a21a,makop/d779233bd09cb2c570f3a0965956c184e16d4e4783617f1d8b0c2b1e00d2a21a,ok,5,82
db32b7db15bcb9e7bb62465c78cd268cc62961f3d7038e4d52d2ac440f431108,makop/db32b7db15bcb9e7bb62465c78cd268cc62961f3d7038e4d52d2ac440f431108,ok,2,92
dc4f16af2ff3065b35e8b87c244c36013d228ed81f3f652d87637a968193a1c8,makop/dc4f16af2ff3065b35e8b87c244c36013d228ed81f3f652d87637a968193a1c8,ok,6,116
dc8fe9639a589c71112fc94da954701a72bcfc3f31df71ad52d10e6a5c3eb29f,makop/dc8fe9639a589c71112fc94da954701a72bcfc3f31df71ad52d10e6a5c3eb29f,ok,3,76
dffefbde27442b9095388b1871ffdc101c430b9a814138be4f962328a5b73fde,makop/dffefbde27442b9095388b1871ffdc101c430b9a814138be4f962328a5b73fde,ok,7,158
e4133986284c2640065ed2cc5798ee1751479732c169a8728f41536306a42ba2,makop/e4133986284c2640065ed2cc5798ee1751479732c169a8728f41536306a42ba2,ok,3,76
e85e974255245ba41d391acc207908eeddb5ec95285e5375496a89617c5fb843,makop/e85e974255245ba41d391acc207908eeddb5ec95285e5375496a89617c5fb843,ok,7,160
e93c9326e4e8fc5bee71382d44b314180187d1f8fd2c64ab3a6050958076710c,makop/e93c9326e4e8fc5bee71382d44b314180187d1f8fd2c64ab3a6050958076710c,ok,2,114
eba743212808c7565cc2f69a3a72e4e8c8b3c4d666fffe4ac2ab740fc6be596f,makop/eba743212808c7565cc2f69a3a72e4e8c8b3c4d666fffe4ac2ab740fc6be596f,ok,5,84
f2f496f56b33e0d7a1b81d879bbff3a237b083ddd977f106d7923ac2163ed3dc,makop/f2f496f56b33e0d7a1b81d879bbff3a237b083ddd977f106d7923ac2163ed3dc,ok,1,1
f8b9df9ad59e5ca3f91c0fd59d53a172205b1fee47496e85ed0711e6a8981bdd,makop/f8b9df9ad59e5ca3f91c0fd59d53a172205b1fee47496e85ed0711e6a8981bdd,ok,6,116
fa3621661fa0f97e266a8257980820cfd78272c11c7e2cfcd919fdf3356b3295,makop/fa3621661fa0f97e266a8257980820cfd78272c11c7e2cfcd919fdf3356b3295,ok,6,116
fc257f64a0279bb5ae221b968d3f38bbb7237a8475c165c5a8430fe6633e3fe6,makop/fc257f64a0279bb5ae221b968d3f38bbb7237a8475c165c5a8430fe6633e3fe6,ok,7,160
fe52d906fa596e7ae16633074ff7178b3ac40e26a93f0009f1b33d5cbf219e91,makop/fe52d906fa596e7ae16633074ff7178b3ac40e26a93f0009f1b33d5cbf219e91,ok,5,102
033d88301b55148a4498c2ec6b5209ad5f539c81b652e294889642a3aa0399c0,maze/033d88301b55148a4498c2ec6b5209ad5f539c81b652e294889642a3aa0399c0,no_imports,0,0
04e22ab46a8d5dc5fea6c41ea6fdc913b793a4e33df8f0bc1868b72b180c0e6e,maze/04e22ab46a8d5dc5fea6c41ea6fdc913b793a4e33df8f0bc1868b72b180c0e6e,ok,16,568
05297f8224bf663a3376a5983377e747a56256a18b30c914a2e10d5d5a144862,maze/05297f8224bf663a3376a5983377e747a56256a18b30c914a2e10d5d5a144862,ok,13,160
0624ac72025625c84cf14eb1bb30791f4c0ceb1114796c261fb2a02dc70fbac3,maze/0624ac72025625c84cf14eb1bb30791f4c0ceb1114796c261fb2a02dc70fbac3,no_imports,0,0
067f1b8f1e0b2bfe286f5169e17834e8cf7f4266b8d97f28ea78995dc81b0e7b,maze/067f1b8f1e0b2bfe286f5169e17834e8cf7f4266b8d97f28ea78995dc81b0e7b,ok,3,9
0b9c99276ed36110afc58b3fb59ada135146180189c25d99618ca5897537ee21,maze/0b9c99276ed36110afc58b3fb59ada135146180189c25d99618ca5897537ee21,ok,14,172
2a6c602769ac15bd837f9ff390acc443d023ee62f76e1be8236dd2dd957eef3d,maze/0d0a6f525dac3a44e345f33700160dc5bf32ac95c84ca1871836f6857db63c40,ok,14,165
a0ec83d873925b445308815d6f0a6ea1eddb90e38bb484f3ded27c66092ce8c0,maze/0e03b75972bc00a096a75f4eb6b2245dc23731ed683fcc48d9ed4045069aa0fd,ok,2,73
0f489f6c5423d2c671655b14237dff2bd14cd8261c96e9a8c170980913f8d57e,maze/0f489f6c5423d2c671655b14237dff2bd14cd8261c96e9a8c170980913f8d57e,no_imports,0,0
0fb01d846e2682ed2507367d2d4537c45800304410b270a13e94f1ca778d161e,maze/0fb01d846e2682ed2507367d2d4537c45800304410b270a13e94f1ca778d161e,ok,14,165
1156e9951df46c4854cf9bc5bb96101b0b923c4e10adcffc286a0a1078fcb3da,maze/1156e9951df46c4854cf9bc5bb96101b0b923c4e10adcffc286a0a1078fcb3da,ok,14,165
1161b030293e58d15b6a6a814a61a6432cf2c98ce9d156986157b432f3ebcf78,maze/1161b030293e58d15b6a6a814a61a6432cf2c98ce9d156986157b432f3ebcf78,ok,4,11
138e4c4e33a36e147d296a4d9695e3adf1a33611d97e0365dd3884be1c26c60e,maze/138e4c4e33a36e147d296a4d9695e3adf1a33611d97e0365dd3884be1c26c60e,ok,3,86
1de59d87840d41c7e779809708794ee9a9d5992f1ed113f3ede79aa6f33fd09d,maze/1de59d87840d41c7e779809708794ee9a9d5992f1ed113f3ede79aa6f33fd09d,ok,16,176
22ccc6a9a8834e08f190486524fb86b177f332b5835f4bd75f31b4b667271bb0,maze/22ccc6a9a8834e08f190486524fb86b177f332b5835f4bd75f31b4b667271bb0,ok,14,172
2c69536793ab6f3a38bd0ab79d70ad8fb271b975c8c707175246f11d5be22f8c,maze/2c69536793ab6f3a38bd0ab79d70ad8fb271b975c8c707175246f11d5be22f8c,ok,1,71
33afa2f1d53d5279b6fc87ce6834193fdd7e16e4b44e895aae4b9da00be0c502,maze/33afa2f1d53d5279b6fc87ce6834193fdd7e16e4b44e895aae4b9da00be0c502,ok,13,163
3645ca9ccd69bb7bef64843e8d79e20e98faee45c94f56dccb67a83616f8f827,maze/3645ca9ccd69bb7bef64843e8d79e20e98faee45c94f56dccb67a83616f8f827,ok,14,172
3885589a3c94d0475a6d994e4644e682f4cff93f8b4d65f37508ffe706861363,maze/3885589a3c94d0475a6d994e4644e682f4cff93f8b4d65f37508ffe706861363,ok,5,102
4263eacd358d5ef9efacff1f63ff79487639136c0268938755a4bfe3f5797167,maze/4263eacd358d5ef9efacff1f63ff79487639136c0268938755a4bfe3f5797167,no_imports,0,0
4674a5f259bdca4233d6e20c7797dd66db2a841be82dc9b73b71e04c51b546c9,maze/4674a5f259bdca4233d6e20c7797dd66db2a841be82dc9b73b71e04c51b546c9,ok,13,160
4744bd1157df9fd3864cd5cbfd46cfc167d7708ff6414aee4a034bbab1e03272,maze/4744bd1157df9fd3864cd5cbfd46cfc167d7708ff6414aee4a034bbab1e03272,no_imports,0,0
485da83d711d4f9b1f968c7c7e62b30a9987e7cc5a961e5b92a4ab9fcb11611d,maze/485da83d711d4f9b1f968c7c7e62b30a9987e7cc5a961e5b92a4ab9fcb11611d,ok,14,172
4a95493039deedeceb37ae0c4065f0c55dac7f6ec66a691acea0a693a830cfb0,maze/4a95493039deedeceb37ae0c4065f0c55dac7f6ec66a691acea0a693a830cfb0,ok,14,172
4c051e7271b06cf26f59d2076be6e543595ae8599d7c62b55dbfbc438d6e4fe8,maze/4c051e7271b06cf26f59d2076be6e543595ae8599d7c62b55dbfbc438d6e4fe8,ok,1,71
4debcfc3bae9fdb89f223c050e7b5ce3e63783ce811781e4721f112743fecebe,maze/4debcfc3bae9fdb89f223c050e7b5ce3e63783ce811781e4721f112743fecebe,no_imports,0,0
4e2554b448424859b508433e6c4a043718343febc7894a849f446dd197b47d1e,maze/4e2554b448424859b508433e6c4a043718343febc7894a849f446dd197b47d1e,ok,13,160
4feb2e00c0dc0c42f42fd2c93f48e350c37386768e7774f82cdc98c8bc8dbc69,maze/4feb2e00c0dc0c42f42fd2c93f48e350c37386768e7774f82cdc98c8bc8dbc69,ok,14,166
5094956aca00a39f205b83898e38dac3ef5c75781acf4c619af290079dea641b,maze/5094956aca00a39f205b83898e38dac3ef5c75781acf4c619af290079dea641b,ok,14,172
512cdfb0645fb0fe040c2ba7d37625cde03c2d0fe32966558f5374a19afa65ea,maze/512cdfb0645fb0fe040c2ba7d37625cde03c2d0fe32966558f5374a19afa65ea,no_imports,0,0
5acbcc1df967d37bf86e429030c9c8ad43e84c8ec5d74bfe3737816c74994c18,maze/5acbcc1df967d37bf86e429030c9c8ad43e84c8ec5d74bfe3737816c74994c18,ok,14,172
65c5d3e814ea91a79ce2864cd0e62c5683538d9724eb3122c5d9a3a4981ba52e,maze/65c5d3e814ea91a79ce2864cd0e62c5683538d9724eb3122c5d9a3a4981ba52e,no_imports,0,0
7619b76b2b82ebb0e4d682a63ba22c8d776718e4e94feb72f1219b2ca6bc2ac7,maze/7619b76b2b82ebb0e4d682a63ba22c8d776718e4e94feb72f1219b2ca6bc2ac7,ok,14,172
7642b9322ad6492c843c3f11c7c6c33157a903610cd1d7e8b46634330b355480,maze/7642b9322ad6492c843c3f11c7c6c33157a903610cd1d7e8b46634330b355480,no_imports,0,0
767e8ba21d351fa1d93dbd9224d60b29b806221c9c5d30f24c6a4a5f73f3a6c1,maze/767e8ba21d351fa1d93dbd9224d60b29b806221c9c5d30f24c6a4a5f73f3a6c1,ok,14,172
7f725e79ec9e7b2ffddb48296f6d9aeee9601a02a1645a20077844f1d9874684,maze/7f725e79ec9e7b2ffddb48296f6d9aeee9601a02a1645a20077844f1d9874684,no_imports,0,0
82ed2f75ac5249c733fd98cad6f9f9de4a3a624852d3ce49fbca03ac97dd5002,maze/82ed2f75ac5249c733fd98cad6f9f9de4a3a624852d3ce49fbca03ac97dd5002,ok,2,5
877c439da147bab8e2c32f03814e3973c22cbcd112d35bc2735b803ac9113da1,maze/877c439da147bab8e2c32f03814e3973c22cbcd112d35bc2735b803ac9113da1,ok,14,172
a6bf25b3bfc2ab57ad8c1c7e130379a3a4dc0a97b6b3da04e27db79ed361e697,maze/a6bf25b3bfc2ab57ad8c1c7e130379a3a4dc0a97b6b3da04e27db79ed361e697,ok,1,71
ac457fc7c907ca04a4aa2e243d4b5120c58d338b44771c84e0d282d625d463a0,maze/ac457fc7c907ca04a4aa2e243d4b5120c58d338b44771c84e0d282d625d463a0,ok,14,165
b62c47fe08cdb67d2a9754ea95ce87aeb7bfb6a7fd0ae10e919494d4bbd234a0,maze/b62c47fe08cdb67d2a9754ea95ce87aeb7bfb6a7fd0ae10e919494d4bbd234a0,ok,14,172
b8522cf655bc40aeb9e0f0ed9f5e423dc6f7148f2525ec2609d1f2d75c55772d,maze/b8522cf655bc40aeb9e0f0ed9f5e423dc6f7148f2525ec2609d1f2d75c55772d,ok,14,161
bc7f37b3ff2b3cc9bfc297a077ffe76dd49d63b51e9bd85c105373b235642734,maze/bc7f37b3ff2b3cc9bfc297a077ffe76dd49d63b51e9bd85c105373b235642734,ok,15,173
c212469a0a0f7956bb05cf955b846d31f905df8458f09645f3da51cd341a8fe5,maze/c212469a0a0f7956bb05cf955b846d31f905df8458f09645f3da51cd341a8fe5,ok,14,172
c926460840e4a88cd8f45cfabd4e59dcf804f97e502d773ee528c7dd7dd80ace,maze/c926460840e4a88cd8f45cfabd4e59dcf804f97e502d773ee528c7dd7dd80ace,ok,14,173
d65fa9ed1220cfa12d22239ca62a4b5978bb613090fc1dcb0cccdf191151d125,maze/d65fa9ed1220cfa12d22239ca62a4b5978bb613090fc1dcb0cccdf191151d125,ok,13,160
ddf779192b026a7c9e207b4fa65a8cf134cb4a6ed21aa768958a8cb8332fef69,maze/ddf779192b026a7c9e207b4fa65a8cf134cb4a6ed21aa768958a8cb8332fef69,no_imports,0,0
e8a091a84dd2ea7ee429135ff48e9f48f7787637ccb79f6c3eb42f34588bc684,maze/e8a091a84dd2ea7ee429135ff48e9f48f7787637ccb79f6c3eb42f34588bc684,ok,2,72
ecd04ebbb3df053ce4efa2b73912fd4d086d1720f9b410235ee9c1e529ea52a2,maze/ecd04ebbb3df053ce4efa2b73912fd4d086d1720f9b410235ee9c1e529ea52a2,ok,14,172
f03172bd32ed16df6dda8e8146d24b073b864da59d669218fcc5e97835a5e956,maze/f03172bd32ed16df6dda8e8146d24b073b864da59d669218fcc5e97835a5e956,ok,14,172
00ed4c347cd62526226363a0aceb851b2ef7e3a4da78433a28f2cd6cbd5f1b99,mountlocker/00ed4c347cd62526226363a0aceb851b2ef7e3a4da78433a28f2cd6cbd5f1b99,ok,12,127
0aa8099c5a65062ba4baec8274e1a0650ff36e757a91312e1755fded50a79d47,mountlocker/0aa8099c5a65062ba4baec8274e1a0650ff36e757a91312e1755fded50a79d47,ok,6,72
187610fb06cc60c73c0062b593c5fe3ba29e0436e396969feb9ed25391ff7e8b,mountlocker/187610fb06cc60c73c0062b593c5fe3ba29e0436e396969feb9ed25391ff7e8b,ok,7,87
226a723ffb4a91d9950a8b266167c5b354ab0db1dc225578494917fe53867ef2,mountlocker/226a723ffb4a91d9950a8b266167c5b354ab0db1dc225578494917fe53867ef2,ok,1,133
4a5ac3c6f8383cc33c795804ba5f7f5553c029bbb4a6d28f1e4d8fb5107902c1,mountlocker/4a5ac3c6f8383cc33c795804ba5f7f5553c029bbb4a6d28f1e4d8fb5107902c1,ok,12,127
4b917b60f4df6d6d08e895d179a22dcb7c38c6a6a6f39c96c3ded10368d86273,mountlocker/4b917b60f4df6d6d08e895d179a22dcb7c38c6a6a6f39c96c3ded10368d86273,ok,6,73
5eae13527d4e39059025c3e56dad966cf67476fe7830090e40c14d0a4046adf0,mountlocker/5eae13527d4e39059025c3e56dad966cf67476fe7830090e40c14d0a4046adf0,ok,6,72
8b539f3ba05fe82c4f992ffbeb6ab55151b36dce2d03b64721e966dedf82be81,mountlocker/8b539f3ba05fe82c4f992ffbeb6ab55151b36dce2d03b64721e966dedf82be81,ok,7,87
96056182d93b582b3d56bd82a560bafd5cde413c4ca216f4f62ab446c61c9b6a,mountlocker/96056182d93b582b3d56bd82a560bafd5cde413c4ca216f4f62ab446c61c9b6a,ok,6,60
b26749b17ca691328ba67ee49d4d9997c101966c607ab578afad204459b7bf8f,mountlocker/b26749b17ca691328ba67ee49d4d9997c101966c607ab578afad204459b7bf8f,ok,2,120
d228d35fcc1dfff6e5cb2a251f6dd4b1306f9e21faffe99bef0fd0aedd830e4e,mountlocker/d228d35fcc1dfff6e5cb2a251f6dd4b1306f9e21faffe99bef0fd0aedd830e4e,ok,12,124
e435a95489a4ebdfdc12031091f92a7f9c5e3f6cc9b55355ee4030d82553e9ac,mountlocker/e435a95489a4ebdfdc12031091f92a7f9c5e3f6cc9b55355ee4030d82553e9ac,ok,5,80
e7c277aae66085f1e0c4789fe51cac50e3ea86d79c8a242ffc066ed0b0548037,mountlocker/e7c277aae66085f1e0c4789fe51cac50e3ea86d79c8a242ffc066ed0b0548037,ok,4,148
f570d5b17671e6f3e56eae6ad87be3a6bbfac46c677e478618afd9f59bf35963,mountlocker/f570d5b17671e6f3e56eae6ad87be3a6bbfac46c677e478618afd9f59bf35963,ok,6,72
006c9ba4ca0218e7bd2c7c21653497d3215bbeefbc1f5c2781549b306bab8e5e,nefilim/006c9ba4ca0218e7bd2c7c21653497d3215bbeefbc1f5c2781549b306bab8e5e,ok,1,40
08c7dfde13ade4b13350ae290616d7c2f4a87cbeac9a3886e90a175ee40fb641,nefilim/08c7dfde13ade4b13350ae290616d7c2f4a87cbeac9a3886e90a175ee40fb641,ok,4,88
0bafde9b22d7147de8fdb852bcd529b1730acddc9eb71316b66c180106f777f5,nefilim/0bafde9b22d7147de8fdb852bcd529b1730acddc9eb71316b66c180106f777f5,ok,3,32
1161e87c0774d03275e052e4be90b58fa063eb040c34aa29829b0681926d6022,nefilim/1161e87c0774d03275e052e4be90b58fa063eb040c34aa29829b0681926d6022,ok,2,73
148845af1fc1221f27992cac24273aada38ef2482624850897bce87413f79888,nefilim/148845af1fc1221f27992cac24273aada38ef2482624850897bce87413f79888,ok,3,33
1e519cc1c302778535315ebfb4d6b1113ee81904644a8be5afa67bdd9474827a,nefilim/1e519cc1c302778535315ebfb4d6b1113ee81904644a8be5afa67bdd9474827a,ok,3,33
24ada19b269279612370bdf16f2becc1d5b7e0f69821050e2d9b48cfc874dca0,nefilim/24ada19b269279612370bdf16f2becc1d5b7e0f69821050e2d9b48cfc874dca0,ok,1,25
2d4b2b807ace9dfc3f13962c65f1b6b9b6ba80394c517729ada50d6302792d9c,nefilim/2d4b2b807ace9dfc3f13962c65f1b6b9b6ba80394c517729ada50d6302792d9c,ok,1,40
353ee5805bc5c7a98fb5d522b15743055484dc47144535628d102a4098532cd5,nefilim/353ee5805bc5c7a98fb5d522b15743055484dc47144535628d102a4098532cd5,ok,1,30
3bac058dbea51f52ce154fed0325fd835f35c1cd521462ce048b41c9b099e1e5,nefilim/3bac058dbea51f52ce154fed0325fd835f35c1cd521462ce048b41c9b099e1e5,ok,1,30
45e35c9b095871fbc9b85afff4e79dd36b7812b96a302e1ccc65ce7668667fe6,nefilim/45e35c9b095871fbc9b85afff4e79dd36b7812b96a302e1ccc65ce7668667fe6,ok,3,33
511fee839098dfa28dd859ffd3ece5148be13bfb83baa807ed7cac2200103390,nefilim/511fee839098dfa28dd859ffd3ece5148be13bfb83baa807ed7cac2200103390,ok,1,40
52e25bdd600695cfed0d4ee3aca4f121bfebf0de889593e6ba06282845cf39ea,nefilim/52e25bdd600695cfed0d4ee3aca4f121bfebf0de889593e6ba06282845cf39ea,ok,7,153
7a73032ece59af3316c4a64490344ee111e4cb06aaf00b4a96c10adfdd655599,nefilim/5ab834f599c6ad35fcd0a168d93c52c399c6de7d1c20f33e25cb1fdb25aec9c6,ok,4,88
7a73032ece59af3316c4a64490344ee111e4cb06aaf00b4a96c10adfdd655599,nefilim/7a73032ece59af3316c4a64490344ee111e4cb06aaf00b4a96c10adfdd655599,ok,4,88
7de8ca88e240fb905fc2e8fd5db6c5af82d8e21556f0ae36d055f623128c3377,nefilim/7de8ca88e240fb905fc2e8fd5db6c5af82d8e21556f0ae36d055f623128c3377,ok,1,30
8be1c54a1a4d07c84b7454e789a26f04a30ca09933b41475423167e232abea2b,nefilim/8be1c54a1a4d07c84b7454e789a26f04a30ca09933b41475423167e232abea2b,ok,1,30
9093233af919545a06bb718dd45e2b033be1caaf0844eec11c1f4cb8c0df3527,nefilim/9093233af919545a06bb718dd45e2b033be1caaf0844eec11c1f4cb8c0df3527,ok,1,40
9c6b020769101b8274ec0814628a42efb45fce1798a3d5abf35a78021ec3eca4,nefilim/9c6b020769101b8274ec0814628a42efb45fce1798a3d5abf35a78021ec3eca4,ok,1,25
9e6be0a3bf10410a43c979902507647a4e4f4625a1470ad1ed90e460183b5995,nefilim/9e6be0a3bf10410a43c979902507647a4e4f4625a1470ad1ed90e460183b5995,ok,3,32
a2fe2942436546be34c1f83639f1624cae786ab2a57a29a75f27520792cbf3da,nefilim/a2fe2942436546be34c1f83639f1624cae786ab2a57a29a75f27520792cbf3da,ok,1,80
a51fec27e478a1908fc58c96eb14f3719608ed925f1b44eb67bbcc67bd4c4099,nefilim/a51fec27e478a1908fc58c96eb14f3719608ed925f1b44eb67bbcc67bd4c4099,ok,3,32
b227fa0485e34511627a8a4a7d3f1abb6231517be62d022916273b7a51b80a17,nefilim/b227fa0485e34511627a8a4a7d3f1abb6231517be62d022916273b7a51b80a17,ok,1,30
b8066b7ec376bc5928d78693d236dbf47414571df05f818a43fb5f52136e8f2e,nefilim/b8066b7ec376bc5928d78693d236dbf47414571df05f818a43fb5f52136e8f2e,ok,1,30
c2b9f3b84e3e990e2c225e05ea65e7a3aaaf5a688864d0ee68ed2eece557fac0,nefilim/c2b9f3b84e3e990e2c225e05ea65e7a3aaaf5a688864d0ee68ed2eece557fac0,ok,3,32
c81c2c539ccba4c38add72e271fe63a2e389f2f645050289257fc6af4f47a82e,nefilim/c81c2c539ccba4c38add72e271fe63a2e389f2f645050289257fc6af4f47a82e,ok,1,40
d4492a9eb36f87a9b3156b59052ebaf10e264d5d1ce4c015a6b0d205614e58e3,nefilim/d4492a9eb36f87a9b3156b59052ebaf10e264d5d1ce4c015a6b0d205614e58e3,ok,4,88
d7730301815e33bd571c6ef6db91534de5b4a0e7a0f4eab41f2e5d6d6f330df2,nefilim/d7730301815e33bd571c6ef6db91534de5b4a0e7a0f4eab41f2e5d6d6f330df2,ok,1,80
dda5c2bcd1a1bacd2381fef6801e482bc3c3c39692b2ed9b2f5ba6acc149c193,nefilim/dda5c2bcd1a1bacd2381fef6801e482bc3c3c39692b2ed9b2f5ba6acc149c193,ok,1,40
e3dfc0485c5ecbeeb9a71473a25a6a8cdf616b7f05d66788ed6e6ade76aaf1af,nefilim/e3dfc0485c5ecbeeb9a71473a25a6a8cdf616b7f05d66788ed6e6ade76aaf1af,ok,3,32
e508f4cda8e32c9b0b6112865b955ff88fbc5b2cfdd27cc09121108a782badc5,nefilim/e508f4cda8e32c9b0b6112865b955ff88fbc5b2cfdd27cc09121108a782badc5,ok,1,27
e7782335cc26b9362ec4525d23f0e6c1bf32b0cadcfa2d95f4955aed2e350cfd,nefilim/e7782335cc26b9362ec4525d23f0e6c1bf32b0cadcfa2d95f4955aed2e350cfd,ok,1,25
e7ccbcc9f500272f8b6422e9900c5131768cc9ca074e6cb8cc92bce385a7ee2e,nefilim/e7ccbcc9f500272f8b6422e9900c5131768cc9ca074e6cb8cc92bce385a7ee2e,ok,1,40
eacbf729bb96cf2eddac62806a555309d08a705f6084dd98c7cf93503927c34f,nefilim/eacbf729bb96cf2eddac62806a555309d08a705f6084dd98c7cf93503927c34f,ok,1,25
eb9a7ce77f7475b7652a66e548af6d7271ccadb35f2f947a4dfe63e522274374,nefilim/eb9a7ce77f7475b7652a66e548af6d7271ccadb35f2f947a4dfe63e522274374,ok,1,26
f9ed3c070a2731acbfef6d4b2af980b6e922b2dda0e9227e02f4b4f3821f4b17,nefilim/f9ed3c070a2731acbfef6d4b2af980b6e922b2dda0e9227e02f4b4f3821f4b17,ok,3,32
fb3f622cf5557364a0a3abacc3e9acf399b3631bf3630acb8132514c486751e7,nefilim/fb3f622cf5557364a0a3abacc3e9acf399b3631bf3630acb8132514c486751e7,ok,1,40
fcc2921020690a58c60eba35df885e575669e9803212f7791d7e1956f9bf8020,nefilim/fcc2921020690a58c60eba35df885e575669e9803212f7791d7e1956f9bf8020,ok,1,30
fdaefa45c8679a161c6590b8f5bb735c12c9768172f81c930bb68c93a53002f7,nefilim/fdaefa45c8679a161c6590b8f5bb735c12c9768172f81c930bb68c93a53002f7,ok,4,88
02cb34da6e620d9428f9c8f375fe96a397464d272f723abd8296c4b420fb0e77,netwalker/02cb34da6e620d9428f9c8f375fe96a397464d272f723abd8296c4b420fb0e77,ok,1,1
07b743dffd93be79b3ae4e8d5e0f05aec66af1115c4ec070df4cd35e800452d7,netwalker/07b743dffd93be79b3ae4e8d5e0f05aec66af1115c4ec070df4cd35e800452d7,ok,1,1
0afd99c3f7593c760c4001313963f3e7fd709ca56046044033d790602a8cb378,netwalker/0afd99c3f7593c760c4001313963f3e7fd709ca56046044033d790602a8cb378,no_imports,0,0
0d7ee7ce88e790ad66aa53589f5a2638207bc3adf2eb4f8a813fd52b5b22ba27,netwalker/0d7ee7ce88e790ad66aa53589f5a2638207bc3adf2eb4f8a813fd52b5b22ba27,ok,1,1
162ae350c47c2e14864d0c0f927bf424eb6b844017329c9b1e216f3e2d724d98,netwalker/162ae350c47c2e14864d0c0f927bf424eb6b844017329c9b1e216f3e2d724d98,ok,1,1
209779474d4b8e7246245092e7d094ce5730c5c1d36bc03d9b8120f211dc3ebe,netwalker/209779474d4b8e7246245092e7d094ce5730c5c1d36bc03d9b8120f211dc3ebe,ok,1,1
22a5872ba6adfe449e46d9a223cb7567697e30f89d6d42095e48de3033359de3,netwalker/22a5872ba6adfe449e46d9a223cb7567697e30f89d6d42095e48de3033359de3,ok,1,1
346fdff8d24cbb7ebd56f60933beca37a4437b5e1eb6e64f7ab21d48c862b5b7,netwalker/346fdff8d24cbb7ebd56f60933beca37a4437b5e1eb6e64f7ab21d48c862b5b7,ok,6,70
352cd5d318e4cff15910dc70b609ef9bf1d1ee0b7f01e186bedb5e7d245e3ec6,netwalker/352cd5d318e4cff15910dc70b609ef9bf1d1ee0b7f01e186bedb5e7d245e3ec6,ok,1,1
444169e156b48a54e9f96b6b3a1c333670546663c8a2e14e561884c052420043,netwalker/444169e156b48a54e9f96b6b3a1c333670546663c8a2e14e561884c052420043,ok,1,1
44b5d24e5e8fd8e8ee7141f970f76a13c89dd26c44b336dc9d6b61fda3abf335,netwalker/44b5d24e5e8fd8e8ee7141f970f76a13c89dd26c44b336dc9d6b61fda3abf335,ok,6,77
46dbb7709411b1429233e0d8d33a02cccd54005a2b4015dcfa8a890252177df9,netwalker/46dbb7709411b1429233e0d8d33a02cccd54005a2b4015dcfa8a890252177df9,ok,1,1
4abf2d4b604ad5c3dca0006e9762562ea104e76e7c0dcfa8fddafda8b11b2eaf,netwalker/4abf2d4b604ad5c3dca0006e9762562ea104e76e7c0dcfa8fddafda8b11b2eaf,ok,1,1
4f7bdda79e389d6660fca8e2a90a175307a7f615fa7673b10ee820d9300b5c60,netwalker/4f7bdda79e389d6660fca8e2a90a175307a7f615fa7673b10ee820d9300b5c60,ok,1,1
573873b7b2fbb390ff21bb4e986f69fa25a1f3eea2c5fe446d46c186ab92257d,netwalker/573873b7b2fbb390ff21bb4e986f69fa25a1f3eea2c5fe446d46c186ab92257d,ok,1,1
5d869c0e077596bf0834f08dce062af1477bf09c8f6aa0a45d6a080478e45512,netwalker/5d869c0e077596bf0834f08dce062af1477bf09c8f6aa0a45d6a080478e45512,ok,1,1
5e03e3d93a456405952cdadee3018043789f118b871b93d113ce371c079f19dd,netwalker/5e03e3d93a456405952cdadee3018043789f118b871b93d113ce371c079f19dd,ok,1,1
61d26a517d9a6dfaa47a65828a244f122d89e565dd86a2a6ac860aa95d9304a4,netwalker/61d26a517d9a6dfaa47a65828a244f122d89e565dd86a2a6ac860aa95d9304a4,ok,1,1
62df5824be844b16d99bf4a59e6bf51bcaa7a2c2f4852d983bc33eaf60a9c5ca,netwalker/62df5824be844b16d99bf4a59e6bf51bcaa7a2c2f4852d983bc33eaf60a9c5ca,ok,6,76
63ad8faf3c2b306ccd8aa7874e24e7d48e0f6bbeeb37adab26c2efa1410022c4,netwalker/63ad8faf3c2b306ccd8aa7874e24e7d48e0f6bbeeb37adab26c2efa1410022c4,ok,1,1
6bd34d33ccb47430751ae964ca56ec206da0fa3bdc5eb670fc54edf4c11629bc,netwalker/6bd34d33ccb47430751ae964ca56ec206da0fa3bdc5eb670fc54edf4c11629bc,ok,1,1
6c39c5f5d143700d4ad43b0aa7fb6a51e77817060467cf3462ef037176e1f50f,netwalker/6c39c5f5d143700d4ad43b0aa7fb6a51e77817060467cf3462ef037176e1f50f,ok,6,76
6f89cfef50cadb9e7e986ec913eb8c68bb14af5c576fe98dbe41060edf3cfe8a,netwalker/6f89cfef50cadb9e7e986ec913eb8c68bb14af5c576fe98dbe41060edf3cfe8a,ok,1,1
75ef9e3e44ac11bb06f499b9f4f43a4cc331887529b81d0e62aef87178ca5e65,netwalker/75ef9e3e44ac11bb06f499b9f4f43a4cc331887529b81d0e62aef87178ca5e65,ok,1,1
84b8dbafd5cd64fb300b30bf943430a18f34cad3f0d8f7251d34354fea85aab2,netwalker/84b8dbafd5cd64fb300b30bf943430a18f34cad3f0d8f7251d34354fea85aab2,ok,1,1
853fa18adc3f9263a0f98a9a257dd70d7e1aee0545ab47a114f44506482bd188,netwalker/853fa18adc3f9263a0f98a9a257dd70d7e1aee0545ab47a114f44506482bd188,ok,6,76
8587037c15463d10a17094ef8fa9f608cc20c99fa0206ce496b412f8c7f4a1b8,netwalker/8587037c15463d10a17094ef8fa9f608cc20c99fa0206ce496b412f8c7f4a1b8,ok,6,76
868cb8251a245c416cd92fcbd3e30aa7b7ca7c271760fa120d2435fd3bf2fde9,netwalker/868cb8251a245c416cd92fcbd3e30aa7b7ca7c271760fa120d2435fd3bf2fde9,ok,6,76
882e89ea1b8d70646bdf6476d8cb46991b950f27e03e93bf49ea3209c2d69581,netwalker/882e89ea1b8d70646bdf6476d8cb46991b950f27e03e93bf49ea3209c2d69581,ok,1,1
8f06645838d3d75e44d4527e2928c71af0a7214254867379359eb3e46109cbde,netwalker/8f06645838d3d75e44d4527e2928c71af0a7214254867379359eb3e46109cbde,ok,1,1
98cf38865117a3e333df1fb0a538b97f66fea568746fefb697e76ca8c686a3e3,netwalker/98cf38865117a3e333df1fb0a538b97f66fea568746fefb697e76ca8c686a3e3,ok,1,1
a8c4b8096fd12078acf5f08230e561381fe8d0859a5949825ab411f6312f5da5,netwalker/a8c4b8096fd12078acf5f08230e561381fe8d0859a5949825ab411f6312f5da5,ok,1,1
a9a147313861a5a4e7abd76b3287ce5f6183966b89c5ca95c0e0cf587f40189d,netwalker/a9a147313861a5a4e7abd76b3287ce5f6183966b89c5ca95c0e0cf587f40189d,ok,1,1
ac0882d87027ac22fc79cfe2d55d9a9d097d0f8eb425cf182de1b872080930ec,netwalker/ac0882d87027ac22fc79cfe2d55d9a9d097d0f8eb425cf182de1b872080930ec,ok,6,76
b2d68a79a621c3f9e46f9df52ed19b8fec22c3cf5f4e3d8630a2bc68fd43d2ee,netwalker/b2d68a79a621c3f9e46f9df52ed19b8fec22c3cf5f4e3d8630a2bc68fd43d2ee,ok,1,1
b587d049e9fae11f4fe70d5f6c9007f99483f683ee55217110094206bd6a92f2,netwalker/b587d049e9fae11f4fe70d5f6c9007f99483f683ee55217110094206bd6a92f2,ok,1,1
b96ee4a55d59836de7851f99a18324c6aa8bc223fb581f1875db631d0c914425,netwalker/b96ee4a55d59836de7851f99a18324c6aa8bc223fb581f1875db631d0c914425,ok,1,1
bd3fdf1b50911d537a97cb93db13f2b4026f109ed23a393f262621faed81dae1,netwalker/bd3fdf1b50911d537a97cb93db13f2b4026f109ed23a393f262621faed81dae1,ok,6,77
bde6a59a4611aba5862ce66aef2fb12d841ad0ba0ad0a590b26eaddb7ad52a9e,netwalker/bde6a59a4611aba5862ce66aef2fb12d841ad0ba0ad0a590b26eaddb7ad52a9e,ok,1,1
c21ecd18f0bbb28112240013ad42dad5c01d20927791239ada5b61e1c6f5f010,netwalker/c21ecd18f0bbb28112240013ad42dad5c01d20927791239ada5b61e1c6f5f010,ok,1,1
ce399a2d07c0851164bd8cc9e940b84b88c43ef564846ca654df4abf36c278e6,netwalker/ce399a2d07c0851164bd8cc9e940b84b88c43ef564846ca654df4abf36c278e6,ok,6,77
d5c106719e9c8878795899bede78505796659b1b347fe9374d8b2061fcc6a84c,netwalker/d5c106719e9c8878795899bede78505796659b1b347fe9374d8b2061fcc6a84c,ok,1,1
d7c7947d060da8f4207e7e919e8f777f6f8ea475085291d5a547546a39a096fc,netwalker/d7c7947d060da8f4207e7e919e8f777f6f8ea475085291d5a547546a39a096fc,ok,6,76
de04d2402154f676f757cf1380671f396f3fc9f7dbb683d9461edd2718c4e09d,netwalker/de04d2402154f676f757cf1380671f396f3fc9f7dbb683d9461edd2718c4e09d,ok,1,1
e01691e3b7d9d1c6de7e0ef902bf609543cdf084e600fd0a3833deaa501464ee,netwalker/e01691e3b7d9d1c6de7e0ef902bf609543cdf084e600fd0a3833deaa501464ee,ok,1,1
e7dfaf7ac518e174e42e59d45c179d083ad53eead79ed4420e311441e1af79d4,netwalker/e7dfaf7ac518e174e42e59d45c179d083ad53eead79ed4420e311441e1af79d4,ok,1,1
ee531cd7011cb5c2625d40892b70cf7e3860dbb92648391068e1f340e5d6c47f,netwalker/ee531cd7011cb5c2625d40892b70cf7e3860dbb92648391068e1f340e5d6c47f,ok,1,1
f2215e1a848bc5a5d172745201ea428b1d16fee7c814c5c5180a94a134592e86,netwalker/f2215e1a848bc5a5d172745201ea428b1d16fee7c814c5c5180a94a134592e86,ok,1,1
f298725e197f974b7a8407c5d79114a4ac322c573813d543141ccf1d9119dd8b,netwalker/f298725e197f974b7a8407c5d79114a4ac322c573813d543141ccf1d9119dd8b,ok,1,1
fd3489f6067ef7ca3999776205839424cb7349134baaeb693abcecaa2c5bf913,netwalker/fd3489f6067ef7ca3999776205839424cb7349134baaeb693abcecaa2c5bf913,ok,1,1
03bb4d5c0179fdceacc5df7645e6e7fa93e931ac9beb1968c7bbe40ba3499194,phobos/03bb4d5c0179fdceacc5df7645e6e7fa93e931ac9beb1968c7bbe40ba3499194,ok,9,111
03d7a1c01a60f9718304c719a5734516e5e3f43ea0547f48e4462a063d986cfb,phobos/03d7a1c01a60f9718304c719a5734516e5e3f43ea0547f48e4462a063d986cfb,ok,9,111
0aeebdda8c7a94d43b965e60582de8a1a0d47810dbea9cdf66d6d8e3883a8b8f,phobos/0aeebdda8c7a94d43b965e60582de8a1a0d47810dbea9cdf66d6d8e3883a8b8f,ok,9,111
0b3f4c353eef59e7c2cf0e211de11fe646d9fd20289f2bea7005b35aa6247a4a,phobos/0b3f4c353eef59e7c2cf0e211de11fe646d9fd20289f2bea7005b35aa6247a4a,ok,9,111
0b4c743246478a6a8c9fa3ff8e04f297507c2f0ea5d61a1284fe65387d172f81,phobos/0b4c743246478a6a8c9fa3ff8e04f297507c2f0ea5d61a1284fe65387d172f81,ok,9,111
17cde554e888f4d8aba412d384577e57f875bc8424b68c5a1fd0f03cac112015,phobos/17cde554e888f4d8aba412d384577e57f875bc8424b68c5a1fd0f03cac112015,ok,9,111
265d1ae339e9397976d9328b2c84aca61a7cb6c0bca9f2f8dc213678e2b2ad86,phobos/265d1ae339e9397976d9328b2c84aca61a7cb6c0bca9f2f8dc213678e2b2ad86,ok,9,111
2704e269fb5cf9a02070a0ea07d82dc9d87f2cb95e60cb71d6c6d38b01869f66,phobos/2704e269fb5cf9a02070a0ea07d82dc9d87f2cb95e60cb71d6c6d38b01869f66,ok,9,111
2cbd9c81648cfb8b74613a1911495f9298251f8122a43081c388f02089f54356,phobos/2cbd9c81648cfb8b74613a1911495f9298251f8122a43081c388f02089f54356,ok,9,111
348de24864a72767079e72f6015f4c8d0d8a0a75bf14496fd9fa9065e0ad446e,phobos/348de24864a72767079e72f6015f4c8d0d8a0a75bf14496fd9fa9065e0ad446e,ok,9,111
38c47ad9fdb1ca30b15b2692431171b568556cbff7dfb17ba16c37d7daae9a05,phobos/38c47ad9fdb1ca30b15b2692431171b568556cbff7dfb17ba16c37d7daae9a05,ok,9,111
3c4ad3e800eb1b6e313b86f527ffed41f34e46221da557d611b55bae2ba46588,phobos/3c4ad3e800eb1b6e313b86f527ffed41f34e46221da557d611b55bae2ba46588,ok,9,111
3e6baf63074d60cb1b0371f90b3fdbabba6e516ffeff0f7ab9efa09a46e98686,phobos/3e6baf63074d60cb1b0371f90b3fdbabba6e516ffeff0f7ab9efa09a46e98686,ok,9,111
43f846c12c24a078ebe33f71e8ea3b4f75107aeb275e2c3cd9dc61617c9757fc,phobos/43f846c12c24a078ebe33f71e8ea3b4f75107aeb275e2c3cd9dc61617c9757fc,ok,9,111
4683b5b970eda0d6fa43ac4e80f24452f81de09171f9e969d61323080e3a9e74,phobos/4683b5b970eda0d6fa43ac4e80f24452f81de09171f9e969d61323080e3a9e74,ok,9,111
4d5220a88b195e3ccdc40ba1c99d5d84d06dacc0720070a72aa34c9895939a25,phobos/4d5220a88b195e3ccdc40ba1c99d5d84d06dacc0720070a72aa34c9895939a25,ok,9,111
4d9413a0fdefb9b2471a3209e2b7dbfa835e709ce7ed8b57f2366611f566ebec,phobos/4d9413a0fdefb9b2471a3209e2b7dbfa835e709ce7ed8b57f2366611f566ebec,ok,9,111
53bbce404ca0e33a3988d04edb8921ec48cdcc586c8ffb7b37b09ec10c0be29f,phobos/53bbce404ca0e33a3988d04edb8921ec48cdcc586c8ffb7b37b09ec10c0be29f,ok,9,111
64a95c8862fe88df0a77bff4ef03f6a2c2cf632cc3ffe84506c534d5874bb277,phobos/64a95c8862fe88df0a77bff4ef03f6a2c2cf632cc3ffe84506c534d5874bb277,ok,9,111
6b7d70ca7d02133afbc24eeb585f2921bc35c01b23b90a66f515290c49cf0952,phobos/6b7d70ca7d02133afbc24eeb585f2921bc35c01b23b90a66f515290c49cf0952,ok,9,111
6bb2c8953b3ec0955a974e16b6efa5048c9e016e91e3dc8789728ae02578adad,phobos/6bb2c8953b3ec0955a974e16b6efa5048c9e016e91e3dc8789728ae02578adad,ok,9,111
6e9c9b72d1bdb993184c7aa05d961e706a57b3becf151ca4f883a80a07fdd955,phobos/6e9c9b72d1bdb993184c7aa05d961e706a57b3becf151ca4f883a80a07fdd955,ok,9,262
706fe1633019def71fb5ad355f325b73b0d34ecaf42fcc77ede27663d86f3879,phobos/706fe1633019def71fb5ad355f325b73b0d34ecaf42fcc77ede27663d86f3879,ok,9,111
7343a16f151cde44130211896a231771200b64ba9fc048337589b10ffe6727b7,phobos/7343a16f151cde44130211896a231771200b64ba9fc048337589b10ffe6727b7,ok,9,111
76258eafda16daf2ebd66bdd981d5392b0c0e1a8f8fd7a60b32276fbd77261d4,phobos/76258eafda16daf2ebd66bdd981d5392b0c0e1a8f8fd7a60b32276fbd77261d4,ok,9,111
790eb5cdc4d2c2f33cd5188972c03da2cf89d84ab0393378615a812bdc151ad4,phobos/790eb5cdc4d2c2f33cd5188972c03da2cf89d84ab0393378615a812bdc151ad4,ok,9,111
7915b61828b1bd4f1c5bc155286380f659af69c78fbe7031da4487e07a95d5ff,phobos/7915b61828b1bd4f1c5bc155286380f659af69c78fbe7031da4487e07a95d5ff,ok,9,111
7949bf3e09366bdb23ca7472cb6c4d9183ad5b081ac5a568d556aec8beae0785,phobos/7949bf3e09366bdb23ca7472cb6c4d9183ad5b081ac5a568d556aec8beae0785,ok,9,111
82a9abbe818fc7b3995a5f1db0780d4b1ed11b74fc72bd1b8143003ceb18d25e,phobos/82a9abbe818fc7b3995a5f1db0780d4b1ed11b74fc72bd1b8143003ceb18d25e,ok,9,111
8710ad8fb2938326655335455987aa17961b2496a345a7ed9f4bbfcb278212bc,phobos/8710ad8fb2938326655335455987aa17961b2496a345a7ed9f4bbfcb278212bc,ok,9,111
9a29079f2656a9b205b0c62e64dcac011a6ae7a0a6d8b46ff9e1d84fdef57efa,phobos/9a29079f2656a9b205b0c62e64dcac011a6ae7a0a6d8b46ff9e1d84fdef57efa,ok,9,111
9a3fefc29aa41f621cd99fd5c35c8521b2f383d6a21970f4ccc8069c9730a864,phobos/9a3fefc29aa41f621cd99fd5c35c8521b2f383d6a21970f4ccc8069c9730a864,ok,9,111
9bd421c6f7f7d8278036944fcad3e04db408619678acf1b2024ef69d85c3932b,phobos/9bd421c6f7f7d8278036944fcad3e04db408619678acf1b2024ef69d85c3932b,ok,9,111
9dde984b21a00bc3307c28bd81f229500b795ce4e908b6f8cb5fbd338b22b8e1,phobos/9dde984b21a00bc3307c28bd81f229500b795ce4e908b6f8cb5fbd338b22b8e1,ok,8,232
a4c7517fe4548f71f2f2e6848100d638c3bd7d03fa225ca598a03824b7575fd1,phobos/a4c7517fe4548f71f2f2e6848100d638c3bd7d03fa225ca598a03824b7575fd1,ok,9,111
ab465569d9e8d1d97722f7719cd676ad8565d1e1bfa8b72b2ef7864da90d9b49,phobos/ab465569d9e8d1d97722f7719cd676ad8565d1e1bfa8b72b2ef7864da90d9b49,ok,9,111
b3bc4a50c29b60d62471b29a11251196267b42832806390193d856d5e29fd8fa,phobos/b3bc4a50c29b60d62471b29a11251196267b42832806390193d856d5e29fd8fa,ok,9,111
c032850d72d2f4d6f81eb62f59bcaf667bfdacc018ba5c27c93f603a7b6abc5e,phobos/c032850d72d2f4d6f81eb62f59bcaf667bfdacc018ba5c27c93f603a7b6abc5e,ok,9,111
ce40058314b131a63ee248a85505ac02b9473c1032d7bfe63b081dc57171dd3f,phobos/ce40058314b131a63ee248a85505ac02b9473c1032d7bfe63b081dc57171dd3f,ok,9,111
d50b23e12c661bb78fa3cb317e679fabc4178600048572368bec173a520e4aaf,phobos/d50b23e12c661bb78fa3cb317e679fabc4178600048572368bec173a520e4aaf,ok,9,111
d71748408052ff7047bdf2d6d29ecbca0be93522f8a03d00b405841ba818794d,phobos/d71748408052ff7047bdf2d6d29ecbca0be93522f8a03d00b405841ba818794d,ok,9,111
d7d50f809a7808ca53c4430d484bb100aaf9c74c6c12080ff888b8c04212f405,phobos/d7d50f809a7808ca53c4430d484bb100aaf9c74c6c12080ff888b8c04212f405,ok,9,111
dea38651b06aab617e93bdb343fd28587bdc0e113a4fc957571a06988491ade7,phobos/dea38651b06aab617e93bdb343fd28587bdc0e113a4fc957571a06988491ade7,ok,1,1
e54392c329658f6b36b4422de94172be965db417d8f9b58a379cbc2492295ece,phobos/e54392c329658f6b36b4422de94172be965db417d8f9b58a379cbc2492295ece,ok,9,111
ec21b0fae8166d18ea5f9dddd8fdbb5fe26dd62903d3173388b97208d724f3c8,phobos/ec21b0fae8166d18ea5f9dddd8fdbb5fe26dd62903d3173388b97208d724f3c8,ok,9,111
f0aec57001a184ea82122a59c6e5be48042f75d6f11a40125995ba9531aab718,phobos/f0aec57001a184ea82122a59c6e5be48042f75d6f11a40125995ba9531aab718,ok,10,362
f30035bd2f3bd2c03eb6f1c9bac2a4ce3a51da23e37e9faacabeb9dce0605429,phobos/f30035bd2f3bd2c03eb6f1c9bac2a4ce3a51da23e37e9faacabeb9dce0605429,ok,9,111
f60eef88ef6c4a37ac4a78b36188cf4da6cedf5e46c4b8d082a3947b6b116884,phobos/f60eef88ef6c4a37ac4a78b36188cf4da6cedf5e46c4b8d082a3947b6b116884,ok,9,111
f9348fb8d78baa055f90288fec94b67d3f3d30eaa5744feeacef871ee3ad8eb8,phobos/f9348fb8d78baa055f90288fec94b67d3f3d30eaa5744feeacef871ee3ad8eb8,ok,9,111
fa0a1227da320afa57509dadf4ece1f264c184abd61f425ae00c43c19e09b006,phobos/fa0a1227da320afa57509dadf4ece1f264c184abd61f425ae00c43c19e09b006,ok,9,111
0433efd9ba06378eb6eae864c85aafc8b6de79ef6512345294e9e379cc054c3d,pysa/0433efd9ba06378eb6eae864c85aafc8b6de79ef6512345294e9e379cc054c3d,ok,4,102
049263e712631a447fd13c8255ed456bcac8b4227502841acd8f229d89dc066c,pysa/049263e712631a447fd13c8255ed456bcac8b4227502841acd8f229d89dc066c,ok,4,102
051fb654403340420102430f807ea41ab790666488d897dc5b0008e99fed47d6,pysa/051fb654403340420102430f807ea41ab790666488d897dc5b0008e99fed47d6,ok,4,102
0f0014669bc10a7d87472cafc05301c66516857607b920ddeb3039f4cb8f0a50,pysa/0f0014669bc10a7d87472cafc05301c66516857607b920ddeb3039f4cb8f0a50,ok,4,102
153222163442b304f5cee295268115c9cfdf0f1168f49f9e3fae52340eee51ec,pysa/153222163442b304f5cee295268115c9cfdf0f1168f49f9e3fae52340eee51ec,ok,4,102
1e2009549452ed6b524b94ed683079ee60c2b9542b1bfd5b9ee42e9161d5e7c8,pysa/1e2009549452ed6b524b94ed683079ee60c2b9542b1bfd5b9ee42e9161d5e7c8,ok,4,102
2a2eb971b878f56a0a5762656be6f59ec9623451acf4cf16b8c02e478d044cd0,pysa/2a2eb971b878f56a0a5762656be6f59ec9623451acf4cf16b8c02e478d044cd0,ok,4,102
327934c4c11ba37f42a91e1b7b956d5a4511f918e63047a8c4aa081fd39de6d9,pysa/327934c4c11ba37f42a91e1b7b956d5a4511f918e63047a8c4aa081fd39de6d9,ok,4,102
32d6be4f86451871f70590f01ce01e9263abe18286db1272928a23c125e844f3,pysa/32d6be4f86451871f70590f01ce01e9263abe18286db1272928a23c125e844f3,ok,4,102
39ef1d9afd248791d765f0deaed6ebaac5416876a705e407cc97a35dad038fd8,pysa/39ef1d9afd248791d765f0deaed6ebaac5416876a705e407cc97a35dad038fd8,ok,4,102
3a83805e3ad41c6acd7931a0902b519669b8f38e491357c6f31fa46509f3c77e,pysa/3a83805e3ad41c6acd7931a0902b519669b8f38e491357c6f31fa46509f3c77e,ok,4,102
425945a93beb160f101d51de36363d1e7ebc45279987c3eaf5e7f183ed0a3776,pysa/425945a93beb160f101d51de36363d1e7ebc45279987c3eaf5e7f183ed0a3776,ok,4,99
44f1def68aef34687bfacf3668e56873f9d603fc6741d5da1209cc55bdc6f1f9,pysa/44f1def68aef34687bfacf3668e56873f9d603fc6741d5da1209cc55bdc6f1f9,ok,4,102
4770a0447ebc83a36e590da8d01ff4a418d58221c1f44d21f433aaf18fad5a99,pysa/4770a0447ebc83a36e590da8d01ff4a418d58221c1f44d21f433aaf18fad5a99,ok,4,102
48355bd2a57d92e017bdada911a4b31aa7225c0b12231c9cbda6717616abaea3,pysa/48355bd2a57d92e017bdada911a4b31aa7225c0b12231c9cbda6717616abaea3,ok,4,102
4dc802894c45ec4d119d002a7569be6c99a9bba732d0057364da9350f9d3659b,pysa/4dc802894c45ec4d119d002a7569be6c99a9bba732d0057364da9350f9d3659b,ok,4,102
5510ae74b7e2a10fdafa577dc278612f7796b0252b7d1438615e26c49e1fc560,pysa/5510ae74b7e2a10fdafa577dc278612f7796b0252b7d1438615e26c49e1fc560,ok,4,94
58ebe9b1c926c87dc1e9d924942504a56456007bff8de4932ef18e476da700c2,pysa/58ebe9b1c926c87dc1e9d924942504a56456007bff8de4932ef18e476da700c2,ok,4,102
61bb42fe06b3511d512af33ef59baa295b29bd62eb4d0bf28639c7910a65e4ae,pysa/61bb42fe06b3511d512af33ef59baa295b29bd62eb4d0bf28639c7910a65e4ae,ok,4,99
6f3cd5f05ab4f404c78bab92f705c91d967b31a9b06017d910af312fa87ae3d6,pysa/6f3cd5f05ab4f404c78bab92f705c91d967b31a9b06017d910af312fa87ae3d6,ok,4,102
6f4338a7a3ef8e491279ae81543a08554cad15d1bce6007047bc4449d945b799,pysa/6f4338a7a3ef8e491279ae81543a08554cad15d1bce6007047bc4449d945b799,ok,4,102
75c8e93ffcfd84f0d3444c0b9fc8c9a462f91540c8760025c393a749d198d9db,pysa/75c8e93ffcfd84f0d3444c0b9fc8c9a462f91540c8760025c393a749d198d9db,ok,4,102
7c774062bc55e2d0e869d5d69820aa6e3b759454dbc926475b4db6f7f2b6cb14,pysa/7c774062bc55e2d0e869d5d69820aa6e3b759454dbc926475b4db6f7f2b6cb14,ok,4,102
7fd3000a3afbf077589c300f90b59864ec1fb716feba8e288ed87291c8fdf7c3,pysa/7fd3000a3afbf077589c300f90b59864ec1fb716feba8e288ed87291c8fdf7c3,ok,4,102
83c4877cc0d7ae061e10103e1491dad26458c39bf2d6eeeb2b02b98c640238ba,pysa/83c4877cc0d7ae061e10103e1491dad26458c39bf2d6eeeb2b02b98c640238ba,ok,4,102
8b4b233e87c61c8698e086b376da640c9ab2ecd71c58b1f6a2eceb60b7e1a691,pysa/8b4b233e87c61c8698e086b376da640c9ab2ecd71c58b1f6a2eceb60b7e1a691,ok,4,102
8c4a385620a2ac889f5727bd80eba534b73cccd81839e1afd210be1eac2e2a91,pysa/8c4a385620a2ac889f5727bd80eba534b73cccd81839e1afd210be1eac2e2a91,ok,4,102
90cf35560032c380ddaaa05d9ed6baacbc7526a94a992a07fd02f92f371a8e92,pysa/90cf35560032c380ddaaa05d9ed6baacbc7526a94a992a07fd02f92f371a8e92,ok,4,102
931772ac59f5859e053589202c8db81edc01911391fe5b32c9abb5bbc2b06e43,pysa/931772ac59f5859e053589202c8db81edc01911391fe5b32c9abb5bbc2b06e43,ok,4,102
a18c85399cd1ec3f1ec85cd66ff2e97a0dcf7ccb17ecf697a5376da8eda4d327,pysa/a18c85399cd1ec3f1ec85cd66ff2e97a0dcf7ccb17ecf697a5376da8eda4d327,ok,4,99
af99b482eb0b3ff976fa719bf0079da15f62a6c203911655ed93e52ae05c4ac8,pysa/af99b482eb0b3ff976fa719bf0079da15f62a6c203911655ed93e52ae05c4ac8,ok,4,102
d1b6ee9b716fe48e51ac4e6bec691366bb08d507773d61a5d14fb15ec5e25e2b,pysa/d1b6ee9b716fe48e51ac4e6bec691366bb08d507773d61a5d14fb15ec5e25e2b,ok,4,102
e4287e9708a73ce6a9b7a3e7c72462b01f7cc3c595d972cf2984185ac1a3a4a8,pysa/e4287e9708a73ce6a9b7a3e7c72462b01f7cc3c595d972cf2984185ac1a3a4a8,ok,4,102
e9662b468135f758a9487a1be50159ef57f3050b753de2915763b4ed78839ead,pysa/e9662b468135f758a9487a1be50159ef57f3050b753de2915763b4ed78839ead,ok,4,102
f0939ebfda6b30a330a00c57497038a54da359e316e0d6e6e71871fd50fec16a,pysa/f0939ebfda6b30a330a00c57497038a54da359e316e0d6e6e71871fd50fec16a,ok,4,102
f602319a51dfad374687a6d18f87c9f8e7b9cab956a4993c2ed83e7adad6e2db,pysa/f602319a51dfad374687a6d18f87c9f8e7b9cab956a4993c2ed83e7adad6e2db,ok,4,102
fb31b023d2545563862c9c314d91770fcec7bb7a4b13abfdb5244266a67446a3,pysa/fb31b023d2545563862c9c314d91770fcec7bb7a4b13abfdb5244266a67446a3,ok,4,102
fd4db629ddb82ee6f339ed998fafaaf74f74cc7391c95263ca63df900b69ef1b,pysa/fd4db629ddb82ee6f339ed998fafaaf74f74cc7391c95263ca63df900b69ef1b,ok,4,102
0209d66c757282330b026a4cf00dfffc64c88a460d3e43212abe2e721d066d23,ragnarok/0209d66c757282330b026a4cf00dfffc64c88a460d3e43212abe2e721d066d23,ok,1,72
0272f2709880a7d60be927bd860a02c19665a3142b4dc22c13a11bec157b2a6a,ragnarok/0272f2709880a7d60be927bd860a02c19665a3142b4dc22c13a11bec157b2a6a,ok,1,72
041fd213326dd5c10a16caf88ff076bb98c68c052284430fba5f601023d39a14,ragnarok/041fd213326dd5c10a16caf88ff076bb98c68c052284430fba5f601023d39a14,ok,6,87
04c9cc0d1577d5ee54a4e2d4dd12f17011d13703cdd0e6efd46718d14fd9aa87,ragnarok/04c9cc0d1577d5ee54a4e2d4dd12f17011d13703cdd0e6efd46718d14fd9aa87,ok,6,110
0766beb30c575fc68d1ca134bd53c086d2ce63b040e4d0bbd6d89d8c26ca04f6,ragnarok/0766beb30c575fc68d1ca134bd53c086d2ce63b040e4d0bbd6d89d8c26ca04f6,ok,5,93
1602d04000a8c7221ed0d97d79f3157303e209d4640d31b8566dd52c2b09d033,ragnarok/1602d04000a8c7221ed0d97d79f3157303e209d4640d31b8566dd52c2b09d033,ok,6,102
16166851c86178085cfa28127c3e20dfe692ac9da7428c08888c9c4b2d0aadad,ragnarok/16166851c86178085cfa28127c3e20dfe692ac9da7428c08888c9c4b2d0aadad,ok,1,71
1f0ea8ee29856eacc5fd26521d44e14201832820bba38534310f7eb6f28d5f77,ragnarok/1f0ea8ee29856eacc5fd26521d44e14201832820bba38534310f7eb6f28d5f77,ok,2,80
27ff7406aa1507ba4b5fbdd2d579c1ed3d301e4399b99fb1ba8c1d47748be339,ragnarok/27ff7406aa1507ba4b5fbdd2d579c1ed3d301e4399b99fb1ba8c1d47748be339,ok,1,72
2be37eb63aa942a7ff3a7101afa786489b34bfe284b8ae746436c5f5e188eb04,ragnarok/2be37eb63aa942a7ff3a7101afa786489b34bfe284b8ae746436c5f5e188eb04,ok,1,72
2c6fe093fd80bb076e88c50cfd6c86f187c0520c8790d771e1368bd241d59f17,ragnarok/2c6fe093fd80bb076e88c50cfd6c86f187c0520c8790d771e1368bd241d59f17,ok,1,72
30dcc7a8ae98e52ee5547379048ca1fc90925e09a2a81c055021ba225c1d064c,ragnarok/30dcc7a8ae98e52ee5547379048ca1fc90925e09a2a81c055021ba225c1d064c,ok,2,82
32d16594582e303443462bb4a8e37424e853154b900ec8d47c42f199c8be6fea,ragnarok/32d16594582e303443462bb4a8e37424e853154b900ec8d47c42f199c8be6fea,no_imports,0,0
3b43751ed88e4d1f82cf52ca2d4477e3e35c35f08c1b4e3ab21c80720601e804,ragnarok/3b43751ed88e4d1f82cf52ca2d4477e3e35c35f08c1b4e3ab21c80720601e804,ok,6,110
3bc8ce79ee7043c9ad70698e3fc2013806244dc5112c8c8d465e96757b57b1e1,ragnarok/3bc8ce79ee7043c9ad70698e3fc2013806244dc5112c8c8d465e96757b57b1e1,ok,6,101
3c103850d13c9564b06087c9ad55ca2c1e2e9b9d063cb7a39d7a105f689f87a8,ragnarok/3c103850d13c9564b06087c9ad55ca2c1e2e9b9d063cb7a39d7a105f689f87a8,ok,6,110
467be4279ce6d4a973aa79eae37ad09174b79c5eb48c03093c9a52a4bd04d092,ragnarok/467be4279ce6d4a973aa79eae37ad09174b79c5eb48c03093c9a52a4bd04d092,ok,1,72
4e17fb5415d3bfbf419afe186e0a3ed1c6478bddf9fb9b996e98f6318456a7e6,ragnarok/4e17fb5415d3bfbf419afe186e0a3ed1c6478bddf9fb9b996e98f6318456a7e6,ok,1,72
4e8e84ad831cf251366b609720d6e3c6523fdd66ea0f989acb5d62e62e418cdf,ragnarok/4e8e84ad831cf251366b609720d6e3c6523fdd66ea0f989acb5d62e62e418cdf,ok,6,102
4f0268288fb680fbabc48b09a87e828a6e18782516fa9b9bfc23acc2727f6ba9,ragnarok/4f0268288fb680fbabc48b09a87e828a6e18782516fa9b9bfc23acc2727f6ba9,ok,2,82
53df85f3250eb84f9c8b29731173d8cc9b4416744203b64edc76dd3b589d85c1,ragnarok/53df85f3250eb84f9c8b29731173d8cc9b4416744203b64edc76dd3b589d85c1,ok,6,110
63096f288f49b25d50f4aea52dc1fc00871b3927fa2a81fa0b0d752b261a3059,ragnarok/63096f288f49b25d50f4aea52dc1fc00871b3927fa2a81fa0b0d752b261a3059,ok,6,95
68eb2d2d7866775d6bf106a914281491d23769a9eda88fc078328150b8432bb3,ragnarok/68eb2d2d7866775d6bf106a914281491d23769a9eda88fc078328150b8432bb3,ok,2,82
6edc6154834951ffc012f575e2827da8e4aca4f67f24ef59a678e02dc40c9c91,ragnarok/6edc6154834951ffc012f575e2827da8e4aca4f67f24ef59a678e02dc40c9c91,ok,6,110
73697bf67323eac51eff5c4c5c9fefbeea0c7c9fc125341fa7d85e97c097a71f,ragnarok/73697bf67323eac51eff5c4c5c9fefbeea0c7c9fc125341fa7d85e97c097a71f,ok,6,110
7af61ce420051640c50b0e73e718dd8c55dddfcb58917a3bead9d3ece2f3e929,ragnarok/7af61ce420051640c50b0e73e718dd8c55dddfcb58917a3bead9d3ece2f3e929,ok,6,101
9706a97ffa43a0258571def8912dc2b8bf1ee207676052ad1b9c16ca9953fc2c,ragnarok/9706a97ffa43a0258571def8912dc2b8bf1ee207676052ad1b9c16ca9953fc2c,ok,7,86
9bdd7f965d1c67396afb0a84c78b4d12118ff377db7efdca4a1340933120f376,ragnarok/9bdd7f965d1c67396afb0a84c78b4d12118ff377db7efdca4a1340933120f376,ok,6,87
ac16f3e23516cf6b22830c399b4aba9706d37adceb5eb8ea9960f71f1425df79,ragnarok/ac16f3e23516cf6b22830c399b4aba9706d37adceb5eb8ea9960f71f1425df79,ok,6,110
b5466ce462df16b3a29f22192b1291d70479cacf35bd5e937f35b2567da948fe,ragnarok/b5466ce462df16b3a29f22192b1291d70479cacf35bd5e937f35b2567da948fe,ok,1,72
30dcc7a8ae98e52ee5547379048ca1fc90925e09a2a81c055021ba225c1d064c,ragnarok/b670441066ff868d06c682e5167b9dbc85b5323f3acfbbc044cabc0e5a594186,ok,2,82
b7319f3e21c3941fc2a960b67a150b02f1f3389825164140e75dfa023a73d34c,ragnarok/b7319f3e21c3941fc2a960b67a150b02f1f3389825164140e75dfa023a73d34c,ok,2,80
c2bd70495630ed8279de0713a010e5e55f3da29323b59ef71401b12942ba52f6,ragnarok/c2bd70495630ed8279de0713a010e5e55f3da29323b59ef71401b12942ba52f6,ok,6,101
c85b211a9cf462aa88efe3db72ab5ab9ed91480355f1fd359d2680fdcb1b0c28,ragnarok/c85b211a9cf462aa88efe3db72ab5ab9ed91480355f1fd359d2680fdcb1b0c28,ok,6,110
d333d5eb3fc8fdd2c18e65723400c2ab939988fae9802937af329bb6b3735720,ragnarok/d333d5eb3fc8fdd2c18e65723400c2ab939988fae9802937af329bb6b3735720,ok,6,110
db8b499d613b604a439bca37c3be2f578bdfcde1b2271eccbcf22db85996e785,ragnarok/db8b499d613b604a439bca37c3be2f578bdfcde1b2271eccbcf22db85996e785,ok,2,82
dd5d4cf9422b6e4514d49a3ec542cffb682be8a24079010cda689afbb44ac0f4,ragnarok/dd5d4cf9422b6e4514d49a3ec542cffb682be8a24079010cda689afbb44ac0f4,ok,6,101
dd79b2abc21e766fe3076038482ded43e5069a1af9e0ad29e06dce387bfae900,ragnarok/dd79b2abc21e766fe3076038482ded43e5069a1af9e0ad29e06dce387bfae900,ok,6,110
e1957024039b0e48a15c27448f19d4df4f0e4666f9ac34e7f4d42dd3c32e15ed,ragnarok/e1957024039b0e48a15c27448f19d4df4f0e4666f9ac34e7f4d42dd3c32e15ed,ok,6,87
e7fe3b83e1730593d372b5a848e84066c07d75ee4790395a258822cfb8502412,ragnarok/e7fe3b83e1730593d372b5a848e84066c07d75ee4790395a258822cfb8502412,ok,1,72
ec35c76ad2c8192f09c02eca1f263b406163470ca8438d054db7adcf5bfc0597,ragnarok/ec35c76ad2c8192f09c02eca1f263b406163470ca8438d054db7adcf5bfc0597,ok,6,87
ee7221f0d74d03a613ca334aa6cacbcff381a10a1d0ded8a485c3ad1ba8530e1,ragnarok/ee7221f0d74d03a613ca334aa6cacbcff381a10a1d0ded8a485c3ad1ba8530e1,ok,3,88
fc990b79c1f106bfe21a6b2faa0455429e12e1707546e9475d5ea66daf10fd98,ragnarok/fc990b79c1f106bfe21a6b2faa0455429e12e1707546e9475d5ea66daf10fd98,ok,6,107
08cf8ed94cc1ef6ae23133f3e506a50d8aad9047c6fa74568a0373d991261aa4,ransomexx/08cf8ed94cc1ef6ae23133f3e506a50d8aad9047c6fa74568a0373d991261aa4,ok,1,64
09bb81e5a6c716f14c625ff36beb3b184d0089ed29252af10635b604b69f22ef,ransomexx/09bb81e5a6c716f14c625ff36beb3b184d0089ed29252af10635b604b69f22ef,ok,21,507
0b42bf15b77cfe9f9e693f2776691647e78a91be27f5bdb8d1a366be510a773f,ransomexx/0b42bf15b77cfe9f9e693f2776691647e78a91be27f5bdb8d1a366be510a773f,ok,15,468
10c4067908181cebb72202d92ff7a054b19ef3aada939bf76178e35be9506525,ransomexx/10c4067908181cebb72202d92ff7a054b19ef3aada939bf76178e35be9506525,ok,15,468
1fb3db9bfa0960ff9cf5cd4dc875ec72dd3fd8a60340c7bf2631d8bc30d54a0f,ransomexx/1fb3db9bfa0960ff9cf5cd4dc875ec72dd3fd8a60340c7bf2631d8bc30d54a0f,ok,10,158
248c45236a4d4b5aec67b01a1e2e42a15bb6d2de0dee296f345d976ac01c3646,ransomexx/248c45236a4d4b5aec67b01a1e2e42a15bb6d2de0dee296f345d976ac01c3646,ok,4,165
45de0b468a1d23bb4d557f426fde7decdc2c18e94ce69c414663db5eea2d4f28,ransomexx/45de0b468a1d23bb4d557f426fde7decdc2c18e94ce69c414663db5eea2d4f28,ok,9,141
4cae449450c07b7aa74314173c7b00d409eabfe22b86859f3b3acedd66010458,ransomexx/4cae449450c07b7aa74314173c7b00d409eabfe22b86859f3b3acedd66010458,ok,10,158
64c51351aafb4cd339934a78d064847bdd833b963eafbade86eb51ac2c1677f4,ransomexx/64c51351aafb4cd339934a78d064847bdd833b963eafbade86eb51ac2c1677f4,ok,10,158
c0f07b493cc32ffcbb4ca1ca92f5752c4040b1d0be7b69981c22a27f69cfb890,ransomexx/c0f07b493cc32ffcbb4ca1ca92f5752c4040b1d0be7b69981c22a27f69cfb890,ok,9,144
d85f4448d5aea240d68c07bec6f363986d71940c3c1a3e49053d55fd1741c41e,ransomexx/d85f4448d5aea240d68c07bec6f363986d71940c3c1a3e49053d55fd1741c41e,ok,10,158
ed2b1f855fc7a39a7cf2cfbfd5a10707801ba313bab9c5d748fcd3703aad66fc,ransomexx/ed2b1f855fc7a39a7cf2cfbfd5a10707801ba313bab9c5d748fcd3703aad66fc,ok,10,158
fa28436aaf459d16215dd2d96ea5756c09198216c52d90a7a20abde4e826909b,ransomexx/fa28436aaf459d16215dd2d96ea5756c09198216c52d90a7a20abde4e826909b,ok,9,144
04419b76566142902680b2c44b216905b44a5743502530066e408bac72d20864,revil/04419b76566142902680b2c44b216905b44a5743502530066e408bac72d20864,ok,3,12
08c2d24cb9c632f9aa84254bb673c9df04d4ac23ee07e840794e9438b06e9bd2,revil/08c2d24cb9c632f9aa84254bb673c9df04d4ac23ee07e840794e9438b06e9bd2,ok,3,13
12d8bfa1aeb557c146b98f069f3456cc8392863a2f4ad938722cd7ca1a773b39,revil/12d8bfa1aeb557c146b98f069f3456cc8392863a2f4ad938722cd7ca1a773b39,ok,3,13
1407486e00e1c186e5ea73d53c9f026f1e72609cb6fcd90ebc4545aae30728db,revil/1407486e00e1c186e5ea73d53c9f026f1e72609cb6fcd90ebc4545aae30728db,ok,3,17
1fb2178279b76d9ed5e3c24b24885a31ec521e58a4688597600d26f88df5b8e1,revil/1fb2178279b76d9ed5e3c24b24885a31ec521e58a4688597600d26f88df5b8e1,ok,3,13
1fe9b489c25bb23b04d9996e8107671edee69bd6f6def2fe7ece38a0fb35f98e,revil/1fe9b489c25bb23b04d9996e8107671edee69bd6f6def2fe7ece38a0fb35f98e,ok,2,71
20d46f118a5e925f992932f20dd658e4d464ac8d8218f7fba683029d51761709,revil/20d46f118a5e925f992932f20dd658e4d464ac8d8218f7fba683029d51761709,ok,3,12
2df2fab33c1db5b049284a6bd5aa1f58bec4cb370b0663870b6a57ef33b5028c,revil/2df2fab33c1db5b049284a6bd5aa1f58bec4cb370b0663870b6a57ef33b5028c,ok,3,14
2ea781140f7e86c63b636249b5fdba9828661bdd846fd95c195c5b986b84a507,revil/2ea781140f7e86c63b636249b5fdba9828661bdd846fd95c195c5b986b84a507,no_imports,0,0
2f00cd865ea857a2d9d399385c408e99f9daaa1b6c193f2195393bd459524b3e,revil/2f00cd865ea857a2d9d399385c408e99f9daaa1b6c193f2195393bd459524b3e,ok,3,12
329983dc2a23bd951b24780947cb9a6ae3fb80d5ef546e8538dfd9459b176483,revil/329983dc2a23bd951b24780947cb9a6ae3fb80d5ef546e8538dfd9459b176483,ok,1,6
3b0cf9bc480a7fc4a560ab26cd35a72313b1fa49bf6ef208c434a32b3f1588c4,revil/3b0cf9bc480a7fc4a560ab26cd35a72313b1fa49bf6ef208c434a32b3f1588c4,ok,3,12
3c56d3fe6373d5b84074f214b883ca65685d04141ff829f73ff65531bf1f86ad,revil/3c56d3fe6373d5b84074f214b883ca65685d04141ff829f73ff65531bf1f86ad,ok,2,58
42438a67636a6981b4e3209449040f6b393f10fe0636dfca2260fc0f4271e135,revil/42438a67636a6981b4e3209449040f6b393f10fe0636dfca2260fc0f4271e135,ok,3,13
44cd22cb40115a504bf933ec006d47ae0076f450f76b54783f846beca81c4c93,revil/44cd22cb40115a504bf933ec006d47ae0076f450f76b54783f846beca81c4c93,ok,3,12
4f6ce92fccafa6d2454a12022e21fbd6adf1a6ec2d45c71de6f8729ec3ad195f,revil/4f6ce92fccafa6d2454a12022e21fbd6adf1a6ec2d45c71de6f8729ec3ad195f,ok,3,13
52612bceee07152f2e2e6699b3c085149e11979f34fe248bda14e03a0d950e85,revil/52612bceee07152f2e2e6699b3c085149e11979f34fe248bda14e03a0d950e85,ok,3,14
5467fe3f38ccf0c56c1aba7cbbc56109b747f7a53c333a3f5a1cfe6094e1fa2b,revil/5467fe3f38ccf0c56c1aba7cbbc56109b747f7a53c333a3f5a1cfe6094e1fa2b,ok,3,14
54f07b825fd662618e1142ee47ef5c988c08ae59c60209bef250fc68bfd3826c,revil/54f07b825fd662618e1142ee47ef5c988c08ae59c60209bef250fc68bfd3826c,ok,3,13
5f56d5748940e4039053f85978074bde16d64bd5ba97f6f0026ba8172cb29e93,revil/5f56d5748940e4039053f85978074bde16d64bd5ba97f6f0026ba8172cb29e93,no_imports,0,0
62a27299a63f16f14ab36532e5afc203f817df9eef94630a4873d35d8f685fbd,revil/62a27299a63f16f14ab36532e5afc203f817df9eef94630a4873d35d8f685fbd,ok,3,17
66060484cccedb839fb646d4e6020e079319374b2847c52dcec55c5ad60b1beb,revil/66060484cccedb839fb646d4e6020e079319374b2847c52dcec55c5ad60b1beb,ok,3,13
6834005e47c6ad53cb0793e1f13b6ea45383d86691b179f4229214d8768d0ceb,revil/6834005e47c6ad53cb0793e1f13b6ea45383d86691b179f4229214d8768d0ceb,ok,3,12
6c5ddbe058da35b2731fe10234520a6bb78604f860ed4188a1bd07e62fe4ec11,revil/6c5ddbe058da35b2731fe10234520a6bb78604f860ed4188a1bd07e62fe4ec11,ok,3,10
74ce1be7fe32869dbbfe599d7992c306a7ee693eb517924135975daa64a3a92f,revil/74ce1be7fe32869dbbfe599d7992c306a7ee693eb517924135975daa64a3a92f,ok,3,13
7cd8f10164a6c3209574751d16c4e9297334f11a08ade649055450d41e0d31e9,revil/7cd8f10164a6c3209574751d16c4e9297334f11a08ade649055450d41e0d31e9,ok,3,17
7e70460a2e395485fe6328a58e09400fc7963afeb29fdadb924c340e758b267c,revil/7e70460a2e395485fe6328a58e09400fc7963afeb29fdadb924c340e758b267c,ok,3,13
8c716101e118ac65d7bdb900e0100d012256abb1d7cdf64830e5943a795ccce2,revil/8c716101e118ac65d7bdb900e0100d012256abb1d7cdf64830e5943a795ccce2,ok,4,90
93c4b144a4ef5e9ebcb5de425f6151fb6fd892d1042b21e639ab6c358cad3940,revil/93c4b144a4ef5e9ebcb5de425f6151fb6fd892d1042b21e639ab6c358cad3940,ok,3,13
9b11711efed24b3c6723521a7d7eb4a52e4914db7420e278aa36e727459d59dd,revil/9b11711efed24b3c6723521a7d7eb4a52e4914db7420e278aa36e727459d59dd,ok,3,12
9d3a482d9441876096e0cee429fedf7b9f7e1c6a50b3e4b2009884019627d879,revil/9d3a482d9441876096e0cee429fedf7b9f7e1c6a50b3e4b2009884019627d879,ok,1,2
9df39b3b2b0ed8ed469d028cc4269655d6b70aef8b22a308f34e1929e4b00992,revil/9df39b3b2b0ed8ed469d028cc4269655d6b70aef8b22a308f34e1929e4b00992,ok,3,12
9f256973ee6ddcd3d781761480c00220a140fad833dc9a6a085f45c419d1714e,revil/9f256973ee6ddcd3d781761480c00220a140fad833dc9a6a085f45c419d1714e,ok,3,17
ab0aa003d7238940cbdf7393677f968c4a252516de7f0699cd4654abd2e7ae83,revil/ab0aa003d7238940cbdf7393677f968c4a252516de7f0699cd4654abd2e7ae83,ok,3,17
b49c1caf4d71f47c73e112f22e033ee59610a5ae080e76797d5ef1dcc4a93d07,revil/b49c1caf4d71f47c73e112f22e033ee59610a5ae080e76797d5ef1dcc4a93d07,ok,3,17
b9924321b4f05ec0b98e272ddd4f91feb69eb93c44186ca165a4d51beed91152,revil/b9924321b4f05ec0b98e272ddd4f91feb69eb93c44186ca165a4d51beed91152,ok,3,12
bbcaee51155609d365f6bb297d124efea685df0243ec1d4efb5043d9afe5963d,revil/bbcaee51155609d365f6bb297d124efea685df0243ec1d4efb5043d9afe5963d,ok,2,10
c7a3f735583f0ad0e623a1a248188a0b5fbb7997c2a4a5278bd09e9ce5d6fc33,revil/c7a3f735583f0ad0e623a1a248188a0b5fbb7997c2a4a5278bd09e9ce5d6fc33,ok,3,17
cb4af8d6d57163b0322bd033b36379f805bdb59ec550049ea568cc0a7dfe52cd,revil/cb4af8d6d57163b0322bd033b36379f805bdb59ec550049ea568cc0a7dfe52cd,ok,3,12
d0e075a9346acbeca7095df2fc5e7c28909961184078e251f737f09b8ef892b6,revil/d0e075a9346acbeca7095df2fc5e7c28909961184078e251f737f09b8ef892b6,ok,5,104
d55f983c994caa160ec63a59f6b4250fe67fb3e8c43a388aec60a4a6978e9f1e,revil/d55f983c994caa160ec63a59f6b4250fe67fb3e8c43a388aec60a4a6978e9f1e,ok,1,71
d74f04f0b948d9586629e06e2a2a21bdf20d678e47058afb637414eb3701c1f6,revil/d74f04f0b948d9586629e06e2a2a21bdf20d678e47058afb637414eb3701c1f6,ok,3,13
d91f951bdcf35012ac6b47c28cf32ec143e4269243d8c229f6cb326fd343df95,revil/d91f951bdcf35012ac6b47c28cf32ec143e4269243d8c229f6cb326fd343df95,ok,2,9
db59d4ab0aaf660fe778f9190102e1b808bc5d357026736ca335e4858ec512eb,revil/db59d4ab0aaf660fe778f9190102e1b808bc5d357026736ca335e4858ec512eb,ok,3,12
dc6b0e8c1e9c113f0364e1c8370060dee3fcbe25b667ddeca7623a95cd21411f,revil/dc6b0e8c1e9c113f0364e1c8370060dee3fcbe25b667ddeca7623a95cd21411f,ok,1,71
de20c90de7becbb2f8b92ac42d71a3db3db498472746d0d6f53c368dadba44b0,revil/de20c90de7becbb2f8b92ac42d71a3db3db498472746d0d6f53c368dadba44b0,ok,3,12
ad144912fc680308d6b8fe71dfff6b5e2779b47ebdc7b60a4a5cfb038e89b382,revil/f51fc0ab96d1aee49950b8ca91ef67c330b8593340cc3002513100ac9bf163b0,ok,4,97
fd164c4c121371f94cfd3a034ad8cf8edc7c0f7141a8f4c9da1683d41b212a87,revil/fd164c4c121371f94cfd3a034ad8cf8edc7c0f7141a8f4c9da1683d41b212a87,ok,3,12
feea9f9c02b891d9a7d3656060ffcc203b9cbc28a49be3fcc7c9884c71a4f7c7,revil/feea9f9c02b891d9a7d3656060ffcc203b9cbc28a49be3fcc7c9884c71a4f7c7,ok,3,17
00812c29572306776424ca61a1f0fed18504e1776fa0d49b1f805c655daf871b,ryuk/00812c29572306776424ca61a1f0fed18504e1776fa0d49b1f805c655daf871b,no_imports,0,0
05e06709523fd798da963c2c24254de0fcca6c57e1052996798ecc74ff43b41f,ryuk/05e06709523fd798da963c2c24254de0fcca6c57e1052996798ecc74ff43b41f,ok,3,98
0cf36731f5b8651d53fc651607c3fccac24b631c08dca4493d8e07d2fbff1db3,ryuk/0cf36731f5b8651d53fc651607c3fccac24b631c08dca4493d8e07d2fbff1db3,ok,3,96
113af75f13547be184822f1268f984b79f35965a1b1f963d23b50a09741b0aec,ryuk/113af75f13547be184822f1268f984b79f35965a1b1f963d23b50a09741b0aec,ok,3,95
1455091954ecf9ccd6fe60cb8e982d9cfb4b3dc8414443ccfdfc444079829d56,ryuk/1455091954ecf9ccd6fe60cb8e982d9cfb4b3dc8414443ccfdfc444079829d56,ok,3,94
180f82bbedb03dc29328e32e054069870a1e65078b78b2120a84c96aaed7d843,ryuk/180f82bbedb03dc29328e32e054069870a1e65078b78b2120a84c96aaed7d843,ok,10,277
19ee4afc768bb6dccc68de4c6cac24cd2b258263d84493c352dabfa23d829082,ryuk/19ee4afc768bb6dccc68de4c6cac24cd2b258263d84493c352dabfa23d829082,no_imports,0,0
1e11567d33a1738bd8223ce819f5c27aeeb8611ef288c4a7f9374f750252ec56,ryuk/1e11567d33a1738bd8223ce819f5c27aeeb8611ef288c4a7f9374f750252ec56,no_imports,0,0
23f8aa94ffb3c08a62735fe7fee5799880a8f322ce1d55ec49a13a3f85312db2,ryuk/23f8aa94ffb3c08a62735fe7fee5799880a8f322ce1d55ec49a13a3f85312db2,ok,3,70
2ec5256a7edb90b1c05c92f79e8a48c205b29e1ac910a535aa83c30b8dbbeff8,ryuk/2ec5256a7edb90b1c05c92f79e8a48c205b29e1ac910a535aa83c30b8dbbeff8,ok,3,72
2fd1542c42b9fc68a52a53bde2731c26a9861cf8093c620e30e5729c810d0c8f,ryuk/2fd1542c42b9fc68a52a53bde2731c26a9861cf8093c620e30e5729c810d0c8f,ok,3,108
3c037dcc0145a331e0154e016e0636d7f77be792d2d698b3b982fab33acc242a,ryuk/3c037dcc0145a331e0154e016e0636d7f77be792d2d698b3b982fab33acc242a,ok,3,110
40b865d1c3ab1b8544bcf57c88edd30679870d40b27d62feb237a19f0c5f9cd1,ryuk/40b865d1c3ab1b8544bcf57c88edd30679870d40b27d62feb237a19f0c5f9cd1,ok,5,117
478990938b7cae1f3266d232993c12265e8c8dcd4382ea381cf1e6cf6d21b350,ryuk/478990938b7cae1f3266d232993c12265e8c8dcd4382ea381cf1e6cf6d21b350,ok,3,95
47b93698f3be772dad103ea109a0e7dba745afe3e93aa9dc2d9739e0b4991f5d,ryuk/47b93698f3be772dad103ea109a0e7dba745afe3e93aa9dc2d9739e0b4991f5d,ok,3,96
4992a629599d25933b55fee0b69198e80ecdcb3727a0b11b3d2891e6cd5da555,ryuk/4992a629599d25933b55fee0b69198e80ecdcb3727a0b11b3d2891e6cd5da555,ok,3,92
4c746cd4561e5a26ceeacb566d62258c04e29a40ac5dc1d2475aacb8099b0fe7,ryuk/4c746cd4561e5a26ceeacb566d62258c04e29a40ac5dc1d2475aacb8099b0fe7,ok,3,110
4cb0bf61d61ad3383636df11b3e4da8e67bb0acea03e981ecdd48d08ed8c796c,ryuk/4cb0bf61d61ad3383636df11b3e4da8e67bb0acea03e981ecdd48d08ed8c796c,no_imports,0,0
5b1f242aee0eabd4dffea0fe5f08aba60abf7c8d1e4f7fc7357af7f20ccd0204,ryuk/5b1f242aee0eabd4dffea0fe5f08aba60abf7c8d1e4f7fc7357af7f20ccd0204,ok,3,3
5e2c9d80fa4528fe9777738a9cba9ede08cdae353fd4cb2d9caf0c9801fd5711,ryuk/5e2c9d80fa4528fe9777738a9cba9ede08cdae353fd4cb2d9caf0c9801fd5711,ok,3,72
63b44f7fe68cb8a05fa98c5acc59851d4b73f5bbd76e9910c94042c523da8d5b,ryuk/63b44f7fe68cb8a05fa98c5acc59851d4b73f5bbd76e9910c94042c523da8d5b,no_imports,0,0
63c7173636a3ea5fe8bd62ccd4fa32ac43f2648301a07e8ece7ad6f34f9ffb38,ryuk/63c7173636a3ea5fe8bd62ccd4fa32ac43f2648301a07e8ece7ad6f34f9ffb38,no_imports,0,0
647f76c278160f537fce57e355f7e8d42e2b381f28a779ad9b71c00f20fb3ced,ryuk/647f76c278160f537fce57e355f7e8d42e2b381f28a779ad9b71c00f20fb3ced,ok,3,94
781bc4dcbd459893397a8b987bf697f5b95435dfaf7fe3f4d2224728e7a2202a,ryuk/781bc4dcbd459893397a8b987bf697f5b95435dfaf7fe3f4d2224728e7a2202a,ok,3,77
7c1e0597dd5a1e2d48c9cede54843aa7c299f7404630b5a2aafac2eec7358b20,ryuk/7c1e0597dd5a1e2d48c9cede54843aa7c299f7404630b5a2aafac2eec7358b20,ok,3,94
7faeb64c50cd15d036ca259a047d6c62ed491fff3729433fefba0b02c059d5ed,ryuk/7faeb64c50cd15d036ca259a047d6c62ed491fff3729433fefba0b02c059d5ed,ok,6,49
84516cefc7fc9fb77046ae6ed0d1606eeedea4d99de335f6faa99c2f905a06c3,ryuk/84516cefc7fc9fb77046ae6ed0d1606eeedea4d99de335f6faa99c2f905a06c3,ok,5,117
8862b060db997bc9077e3bece06529c1c116af379985f6138a07ab5fde61b54c,ryuk/8862b060db997bc9077e3bece06529c1c116af379985f6138a07ab5fde61b54c,ok,3,72
88b1b4966650de59cef20c340b28739c52dc9ead91d9959a338a8e531ad38335,ryuk/88b1b4966650de59cef20c340b28739c52dc9ead91d9959a338a8e531ad38335,ok,3,91
92f124ea5217f3fe5cbab1c37a961df0437d5a9cbde1af268c60c4b3194b80ed,ryuk/92f124ea5217f3fe5cbab1c37a961df0437d5a9cbde1af268c60c4b3194b80ed,ok,3,3
9eb7abf2228ad28d8b7f571e0495d4a35da40607f04355307077975e271553b8,ryuk/9eb7abf2228ad28d8b7f571e0495d4a35da40607f04355307077975e271553b8,ok,2,76
9fe66773c84d371ef1b424005996ade4d5e16fb00306a1d54b107b2b2d03fe17,ryuk/9fe66773c84d371ef1b424005996ade4d5e16fb00306a1d54b107b2b2d03fe17,ok,3,94
a671d564c50b3056b915bdc6b063b781989b42e01a3743a1cb82849414fed0f8,ryuk/a671d564c50b3056b915bdc6b063b781989b42e01a3743a1cb82849414fed0f8,ok,3,98
a7b12a646be6e9815135dbcb8ce4e5f87089fb9fc2ce8da0d4a6d26e82e49696,ryuk/a7b12a646be6e9815135dbcb8ce4e5f87089fb9fc2ce8da0d4a6d26e82e49696,no_imports,0,0
badf8718f626889f7ceabb1c9d8660265952052037ddde346193b630201eefe4,ryuk/badf8718f626889f7ceabb1c9d8660265952052037ddde346193b630201eefe4,ok,3,92
bbbf38de4f40754f235441a8e6a4c8bdb9365dab7f5cfcdac77dbb4d6236360b,ryuk/bbbf38de4f40754f235441a8e6a4c8bdb9365dab7f5cfcdac77dbb4d6236360b,ok,3,72
c9961b737c158252bb3d52ce956842b0d903471d210220f70f09d500d9197d1e,ryuk/c9961b737c158252bb3d52ce956842b0d903471d210220f70f09d500d9197d1e,no_imports,0,0
cc4a0b4080844e20fb9535679f7b09a3e2449729ce1815d1e5a64272b0225465,ryuk/cc4a0b4080844e20fb9535679f7b09a3e2449729ce1815d1e5a64272b0225465,ok,6,91
d0d7a8f588693b7cc967fb4069419125625eb7454ba553c0416f35fc95307cbe,ryuk/d0d7a8f588693b7cc967fb4069419125625eb7454ba553c0416f35fc95307cbe,ok,3,72
d5d744e0f7984ec01593da35f26bf24e95e4b1cc8bd1c0ff4f31de5dbf94e38f,ryuk/d5d744e0f7984ec01593da35f26bf24e95e4b1cc8bd1c0ff4f31de5dbf94e38f,ok,3,72
d7333223dcc1002aae04e25e31d8c297efa791a2c1e609d67ac6d9af338efbe8,ryuk/d7333223dcc1002aae04e25e31d8c297efa791a2c1e609d67ac6d9af338efbe8,ok,2,68
d9092abd8267613ab978e367e6d457738f2f73bdf87ec3682fd976b4f3dd9d45,ryuk/d9092abd8267613ab978e367e6d457738f2f73bdf87ec3682fd976b4f3dd9d45,ok,3,96
d91572ef64c5c77b1085a5e6cc40cab2a78f714288c29d1d8bdbb613aa5c9c6d,ryuk/d91572ef64c5c77b1085a5e6cc40cab2a78f714288c29d1d8bdbb613aa5c9c6d,ok,5,118
d956b9643f528c77bb3118ea3ff3a22457f214d154b83d2ea1c001badda68196,ryuk/d956b9643f528c77bb3118ea3ff3a22457f214d154b83d2ea1c001badda68196,no_imports,0,0
de708f2807f96938e5eb0295d5ebfee870b34dd0cb70708607d4e1adf767ce7b,ryuk/de708f2807f96938e5eb0295d5ebfee870b34dd0cb70708607d4e1adf767ce7b,ok,3,110
df6847bbf7e75ded54028081f5f27abb199562409aee6e20f99abcda5b48fb51,ryuk/df6847bbf7e75ded54028081f5f27abb199562409aee6e20f99abcda5b48fb51,ok,5,89
e8a0e80dfc520bf7e76c33a90ed6d286e8729e9defe6bb7da2f38bc2db33f399,ryuk/e8a0e80dfc520bf7e76c33a90ed6d286e8729e9defe6bb7da2f38bc2db33f399,no_imports,0,0
ec3da4ac9ec917e66ab943ab149119807922f64f2e4960ebadc36fe7520b300f,ryuk/ec3da4ac9ec917e66ab943ab149119807922f64f2e4960ebadc36fe7520b300f,ok,3,72
0056768cbb7902dec5ec3975300228352c31adf62061177316a8523614bf7c79,stop/0056768cbb7902dec5ec3975300228352c31adf62061177316a8523614bf7c79,ok,3,180
007ae7550fcc0e7368a9ebd1dcc6066145f256af24847075cde83233ced10d00,stop/007ae7550fcc0e7368a9ebd1dcc6066145f256af24847075cde83233ced10d00,ok,4,176
015ec781353fb693d510bccc466c61747c5e248f866fb2f632bc7f76afd758e2,stop/015ec781353fb693d510bccc466c61747c5e248f866fb2f632bc7f76afd758e2,ok,4,100
01d812b41a6ce4a4295cabc3fecde728149ecf4263c7f9f072f50eb004ee1068,stop/01d812b41a6ce4a4295cabc3fecde728149ecf4263c7f9f072f50eb004ee1068,ok,4,100
01f04b5d88ada9262d116d2482048845233ee7b31b924d79f3cefdb5c429cf19,stop/01f04b5d88ada9262d116d2482048845233ee7b31b924d79f3cefdb5c429cf19,ok,2,223
0345956163130a14d545e02b3a55f501e1425d6a71e0bddd084ea260c225357f,stop/0345956163130a14d545e02b3a55f501e1425d6a71e0bddd084ea260c225357f,ok,3,99
051e1afb0b50910012ef8218db2664d062fe6cccb59344af8bdbbba1c3b5809b,stop/051e1afb0b50910012ef8218db2664d062fe6cccb59344af8bdbbba1c3b5809b,ok,4,193
0642d31bfde0f3804840f168e0a2a870ca674c106d3c32fbf1e20fa1f3a036a8,stop/0642d31bfde0f3804840f168e0a2a870ca674c106d3c32fbf1e20fa1f3a036a8,ok,4,180
07388045c0aa457cba88a2bba1e7e56d359cdf70463cab7eb6a41dda2b616ba2,stop/07388045c0aa457cba88a2bba1e7e56d359cdf70463cab7eb6a41dda2b616ba2,ok,4,99
0c213ef729950323440d62292de91d2e7bc17970a902c72ae8171ff382ef5221,stop/0c213ef729950323440d62292de91d2e7bc17970a902c72ae8171ff382ef5221,ok,3,99
0cc3dc3c3ab412bbfeb1dc25084a490c08bc29ef3ef8b2933c631025d7197a4d,stop/0cc3dc3c3ab412bbfeb1dc25084a490c08bc29ef3ef8b2933c631025d7197a4d,ok,4,99
0e563a11fbad32ff02ffe4fc9bad5c022bf7a36855c3407058e14e69ca8d69a3,stop/0e563a11fbad32ff02ffe4fc9bad5c022bf7a36855c3407058e14e69ca8d69a3,ok,4,181
0e9d06b7301792e220b72b88ca51dda59cc3e8f7618fe45cc1d68dfac0b17756,stop/0e9d06b7301792e220b72b88ca51dda59cc3e8f7618fe45cc1d68dfac0b17756,ok,3,100
0ef4e9d927784280b371ab3aebfb056ce7b1e377916507d483ef9a4ff8b202f1,stop/0ef4e9d927784280b371ab3aebfb056ce7b1e377916507d483ef9a4ff8b202f1,ok,4,96
11cb404eb6fc6d0aaca61b0edcbc009a2be321ce6fca9f865a272874678656a6,stop/11cb404eb6fc6d0aaca61b0edcbc009a2be321ce6fca9f865a272874678656a6,ok,3,98
13226234ee07128c9ebe8c9e34a066e746445e36cedff99899b98f1a88652ad9,stop/13226234ee07128c9ebe8c9e34a066e746445e36cedff99899b98f1a88652ad9,ok,3,91
134c7ced93694d0aece444f0067d7413fad6a2961636e8787dc84889120b0aae,stop/134c7ced93694d0aece444f0067d7413fad6a2961636e8787dc84889120b0aae,ok,2,93
1505ed1116425351ff433108f7cfa7b05e12531a961a9ef8a2df1209c35bd6a7,stop/1505ed1116425351ff433108f7cfa7b05e12531a961a9ef8a2df1209c35bd6a7,ok,4,183
19c8842028f5d34e2032e68de5913be7875cf0ad46e0914bf3d3ca6874dd22db,stop/19c8842028f5d34e2032e68de5913be7875cf0ad46e0914bf3d3ca6874dd22db,ok,4,100
20e8997a74ae8dd68fe98e7454c4056d09c6f92c19e52dd832f82e02082932e9,stop/20e8997a74ae8dd68fe98e7454c4056d09c6f92c19e52dd832f82e02082932e9,ok,4,98
32b0fbaf95fefcc9b89243be8721625592fc9ed92d76a48cab263898fd3d5c08,stop/32b0fbaf95fefcc9b89243be8721625592fc9ed92d76a48cab263898fd3d5c08,ok,2,141
37c73441b4721b0231c8794d6d4fde63de828dbf59c18f64a52c7fc2e456fa80,stop/37c73441b4721b0231c8794d6d4fde63de828dbf59c18f64a52c7fc2e456fa80,ok,2,91
446f4aff5e8617a75939deeddfec9c0cd2434f3a06f63ae037594b93c0f6ee61,stop/446f4aff5e8617a75939deeddfec9c0cd2434f3a06f63ae037594b93c0f6ee61,ok,11,200
45c47a6726cb73283befa8f3157d82efd25e757c8e22f46fb93b557f4622994f,stop/45c47a6726cb73283befa8f3157d82efd25e757c8e22f46fb93b557f4622994f,ok,2,192
486ab4d9e0a524b8f734a9e45821538c31e18c7632af8e0765dc417b9a87c64d,stop/486ab4d9e0a524b8f734a9e45821538c31e18c7632af8e0765dc417b9a87c64d,ok,4,196
49a081d5148fe1834ec595ebc1d156ae57d4dab207b9246a74b8a207382c7d66,stop/49a081d5148fe1834ec595ebc1d156ae57d4dab207b9246a74b8a207382c7d66,ok,2,90
52875170b3d4d831363ef0544a1f07934099ec94af1b8c7aa6c54b68086e640a,stop/52875170b3d4d831363ef0544a1f07934099ec94af1b8c7aa6c54b68086e640a,ok,14,203
5af0f5b0bada5b7aaa681eddebc47734267af06eb39610590a625315f449d4de,stop/5af0f5b0bada5b7aaa681eddebc47734267af06eb39610590a625315f449d4de,ok,2,93
5cfb7ddd1fc769d3117baf21e8d7263bf85ecbda7156126c101add0f6aebf0ef,stop/5cfb7ddd1fc769d3117baf21e8d7263bf85ecbda7156126c101add0f6aebf0ef,ok,3,112
5d294a14a491dc4e08593b2f6cdcaace1e894c449b05b4132b9ba5c005848c58,stop/5d294a14a491dc4e08593b2f6cdcaace1e894c449b05b4132b9ba5c005848c58,ok,3,95
5d5c067cbfd22a4bc080b26fd63a8fdbe5364e3f32079ddd0bdd65ffd4ac438e,stop/5d5c067cbfd22a4bc080b26fd63a8fdbe5364e3f32079ddd0bdd65ffd4ac438e,ok,3,79
5e31c71972338fbc40bffeacaf83eb64b50ba0f348ae1bde514fded1d6628f91,stop/5e31c71972338fbc40bffeacaf83eb64b50ba0f348ae1bde514fded1d6628f91,ok,3,110
6a8c0a95d3384c716f16fbd50628313740b650e8a87f94df808eb37b0ea45f56,stop/6a8c0a95d3384c716f16fbd50628313740b650e8a87f94df808eb37b0ea45f56,ok,2,93
6bcc1457190babad51e35d278328e52505b1917de234acf427f7e7b48e0e6f0e,stop/6bcc1457190babad51e35d278328e52505b1917de234acf427f7e7b48e0e6f0e,ok,4,185
963f2a8133f6a5d772fe78943293869c9825a869d110f8f698b9755ad0c5a3f1,stop/963f2a8133f6a5d772fe78943293869c9825a869d110f8f698b9755ad0c5a3f1,ok,2,102
96b6e097f79c99aa21d05542bd4a6317303a28aaf6fb4ff0f790a7f701747979,stop/96b6e097f79c99aa21d05542bd4a6317303a28aaf6fb4ff0f790a7f701747979,ok,15,209
99e6627336c4f6097f2268b21bc77a0e8fc0006c6d73db5c085037513c93c097,stop/99e6627336c4f6097f2268b21bc77a0e8fc0006c6d73db5c085037513c93c097,ok,14,203
a0137a93bef6b2099aa938d5dc48b8787992bc76a865c0a633e71b2424a3cb12,stop/a0137a93bef6b2099aa938d5dc48b8787992bc76a865c0a633e71b2424a3cb12,ok,3,112
ab773ef4933bf0d52210c6494f3611a6805c4fd880d1c62171e96f5d5b25f46f,stop/ab773ef4933bf0d52210c6494f3611a6805c4fd880d1c62171e96f5d5b25f46f,ok,3,181
b21a21300db0acf6f1c08b843fe5b8e0a9286696f077f1a472fb14e78d3cc94f,stop/b21a21300db0acf6f1c08b843fe5b8e0a9286696f077f1a472fb14e78d3cc94f,ok,2,109
b9e8675ae83abf6263f910acc381599618bc10b87a443ac2ab57cb64e929c65d,stop/b9e8675ae83abf6263f910acc381599618bc10b87a443ac2ab57cb64e929c65d,ok,2,129
bb85125d08e5f947de240348d133dadf0475af0556856e09d497ba14d2d4ac54,stop/bb85125d08e5f947de240348d133dadf0475af0556856e09d497ba14d2d4ac54,ok,2,192
cc16ec8062a3ed597edf121dc8e74170c70dc50159a70604f9e6f4256974c396,stop/cc16ec8062a3ed597edf121dc8e74170c70dc50159a70604f9e6f4256974c396,ok,4,185
d5c60ae5f174a2a2d95921e5b18c78e4c1ff4881a43540075309b47b827ef523,stop/d5c60ae5f174a2a2d95921e5b18c78e4c1ff4881a43540075309b47b827ef523,ok,16,236
e19a2db727b539378d7fcad6516fc9e02522a6f4747279ff599d1f30bbaa1e10,stop/e19a2db727b539378d7fcad6516fc9e02522a6f4747279ff599d1f30bbaa1e10,ok,3,112
eba1e2d8d2f3b1eaddaf6331df44e59c2e2ac9c907034f221db2684e89d75ec8,stop/eba1e2d8d2f3b1eaddaf6331df44e59c2e2ac9c907034f221db2684e89d75ec8,ok,3,148
f1e4755ee17247030f6baa75f18b41670b8f0d1d65a76826ad004225a87b646e,stop/f1e4755ee17247030f6baa75f18b41670b8f0d1d65a76826ad004225a87b646e,ok,2,89
f6476d08d2657e0ad84f224ab3eaa38568f79e65a5b84b72bd1da16a1bf10f13,stop/f6476d08d2657e0ad84f224ab3eaa38568f79e65a5b84b72bd1da16a1bf10f13,no_imports,0,0
0033c6e1db4b59f95b5261ecef244981e068c765f32616b26e23eddf99986454,thanos/0033c6e1db4b59f95b5261ecef244981e068c765f32616b26e23eddf99986454,ok,1,1
025ecab4eed0ccb1d35c88c7b776aa41841951f2af6b2af61e803eb32f7b78e4,thanos/025ecab4eed0ccb1d35c88c7b776aa41841951f2af6b2af61e803eb32f7b78e4,ok,1,1
0361e25d7f958c3e5f76eb62917004939f40c020e2303c97ab8be431199baa6f,thanos/0361e25d7f958c3e5f76eb62917004939f40c020e2303c97ab8be431199baa6f,ok,1,1
11aebdff8c064c160c2b21f3a844bacaecd581d9dc2e4224d31903d2a56e2dd3,thanos/11aebdff8c064c160c2b21f3a844bacaecd581d9dc2e4224d31903d2a56e2dd3,ok,1,1
1baccdc9eb758412cb3ad008bbf1f8d500ccf1ef9ad4c6a0903f584c6fd5d5d8,thanos/1baccdc9eb758412cb3ad008bbf1f8d500ccf1ef9ad4c6a0903f584c6fd5d5d8,ok,1,1
1d4db8733c5f11ee8fca530aeb4a91069de04b1af64cbe1fa3ae2d3572a6e554,thanos/1d4db8733c5f11ee8fca530aeb4a91069de04b1af64cbe1fa3ae2d3572a6e554,ok,1,1
2eb10ec6fa0d6d3f02a362ad5cbd55da6df47d23cfbacc3bc5a549e761cef7c8,thanos/2eb10ec6fa0d6d3f02a362ad5cbd55da6df47d23cfbacc3bc5a549e761cef7c8,ok,1,1
4852f22df095db43f2a92e99384ff7667020413e74f67fcbd42fca16f8f96f4c,thanos/4852f22df095db43f2a92e99384ff7667020413e74f67fcbd42fca16f8f96f4c,ok,1,1
58bfb9fa8889550d13f42473956dc2a7ec4f3abb18fd3faeaa38089d513c171f,thanos/58bfb9fa8889550d13f42473956dc2a7ec4f3abb18fd3faeaa38089d513c171f,ok,1,1
5c66963cf7d417ffe475afdf18906df5c6dcd8dbbb1462918f197323dabb6f19,thanos/5c66963cf7d417ffe475afdf18906df5c6dcd8dbbb1462918f197323dabb6f19,ok,1,1
5d40615701c48a122e44f831e7c8643d07765629a83b15d090587f469c77693d,thanos/5d40615701c48a122e44f831e7c8643d07765629a83b15d090587f469c77693d,ok,1,1
5fd33c0fb29103a7323c1ea97015ee932f99d454731be58f7db6988f10c115b8,thanos/5fd33c0fb29103a7323c1ea97015ee932f99d454731be58f7db6988f10c115b8,ok,7,158
66ed5384220ff3091903e14a54849f824fdd13ac70dc4e0127eb59c1de801fc2,thanos/66ed5384220ff3091903e14a54849f824fdd13ac70dc4e0127eb59c1de801fc2,ok,1,1
6a5090762c6058bc223e37e89f53832faad80995e3c5ed7e59ed9f5a5e604e47,thanos/6a5090762c6058bc223e37e89f53832faad80995e3c5ed7e59ed9f5a5e604e47,ok,1,1
6e016c4d1db409b5e499289f31bcb6b87b5c46b29d4fcba4a50a7b68d733b93e,thanos/6e016c4d1db409b5e499289f31bcb6b87b5c46b29d4fcba4a50a7b68d733b93e,ok,1,1
6e6b78a1df17d6718daa857827a2a364b7627d9bfd6672406ad72b276014209c,thanos/6e6b78a1df17d6718daa857827a2a364b7627d9bfd6672406ad72b276014209c,ok,1,1
714f630043670cdab4475971a255d836a1366e417cd0b60053bf026551d62409,thanos/714f630043670cdab4475971a255d836a1366e417cd0b60053bf026551d62409,ok,1,1
779db1c725f71e54d4f31452763784abe783afa6a78cc222e17796b0045f33fc,thanos/779db1c725f71e54d4f31452763784abe783afa6a78cc222e17796b0045f33fc,ok,1,1
81411c9010f2adcb4758bac5ed6128d5a76b24689d477f6ed2c3003fd57e4f3b,thanos/81411c9010f2adcb4758bac5ed6128d5a76b24689d477f6ed2c3003fd57e4f3b,ok,1,1
8c723af5c826adea162ef3f2e37a1cca7b43d549c9a5fab7c9ff17f65eb5d8e7,thanos/8c723af5c826adea162ef3f2e37a1cca7b43d549c9a5fab7c9ff17f65eb5d8e7,ok,1,1
8d268be58a27d2c980b807ffe703ea28b0fd0cd1ba2e455902faebe9ec17c52e,thanos/8d268be58a27d2c980b807ffe703ea28b0fd0cd1ba2e455902faebe9ec17c52e,ok,1,1
936a35ca214e9be1438c67a1153c854c28054994ce43f1eed39bb9dc52cb54dd,thanos/936a35ca214e9be1438c67a1153c854c28054994ce43f1eed39bb9dc52cb54dd,ok,1,1
9bf0633f41d2962ba5e2895ece2ef9fa7b546ada311ca30f330f0d261a7fb184,thanos/9bf0633f41d2962ba5e2895ece2ef9fa7b546ada311ca30f330f0d261a7fb184,ok,1,1
9d85a74f073c4403e3a91017b6757e0368139e672498a2f84f5efaad0d1b573b,thanos/9d85a74f073c4403e3a91017b6757e0368139e672498a2f84f5efaad0d1b573b,ok,1,1
a0e20c580e8a82f4103af90d290f762bd847fadd4eba1f5cd90e465bb9f810b7,thanos/a0e20c580e8a82f4103af90d290f762bd847fadd4eba1f5cd90e465bb9f810b7,ok,1,1
ae66e009e16f0fad3b70ad20801f48f2edb904fa5341a89e126a26fd3fc80f75,thanos/ae66e009e16f0fad3b70ad20801f48f2edb904fa5341a89e126a26fd3fc80f75,no_imports,0,0
b6f774f46949d54a060dabf2d7d08eef9fd390091f419ce1a2b555bcd58b2d32,thanos/b6f774f46949d54a060dabf2d7d08eef9fd390091f419ce1a2b555bcd58b2d32,ok,1,1
c460fc0d4fdaf5c68623e18de106f1c3601d7bd6ba80ddad86c10fd6ea123850,thanos/c460fc0d4fdaf5c68623e18de106f1c3601d7bd6ba80ddad86c10fd6ea123850,ok,1,1
caf815381680cfa6afedcd7c7af5a5c838788b1c7ec593ce817114a25ab63441,thanos/caf815381680cfa6afedcd7c7af5a5c838788b1c7ec593ce817114a25ab63441,ok,1,1
cbdb04d23e395b270e16d7ca81cc6b734039fa069932989d4e4f4d4d266df28b,thanos/cbdb04d23e395b270e16d7ca81cc6b734039fa069932989d4e4f4d4d266df28b,ok,1,1
d29abe6ed086a5508c54df31010c36cc19fea3bdc5d521ee7c0d7063a51bb131,thanos/d29abe6ed086a5508c54df31010c36cc19fea3bdc5d521ee7c0d7063a51bb131,ok,1,1
d86c0f01f524ac5fe1c78b57db10616a242881c6f356807924ec5b2a24f3b65a,thanos/d86c0f01f524ac5fe1c78b57db10616a242881c6f356807924ec5b2a24f3b65a,ok,1,1
d991aa2b1fad608b567be28e2d13d3d4f48eea3dea8f5d51a8e42aa9a2637426,thanos/d991aa2b1fad608b567be28e2d13d3d4f48eea3dea8f5d51a8e42aa9a2637426,no_imports,0,0
e15f9169021b5e11381547d57a952b98e06f6366161d56083ff9be69fc43e9bf,thanos/e15f9169021b5e11381547d57a952b98e06f6366161d56083ff9be69fc43e9bf,ok,1,1
f9533288e6a7279195902c8691d5f223c77015fa332b56e23aeec3581c0cdbdb,thanos/f9533288e6a7279195902c8691d5f223c77015fa332b56e23aeec3581c0cdbdb,ok,1,1
06e3e56153ca25cb9790495f0768e9b615e088f9241ac7f3b974f2e9cd97bd21,wastedlocker/06e3e56153ca25cb9790495f0768e9b615e088f9241ac7f3b974f2e9cd97bd21,ok,7,129
0e06a89b601e02fe57ed699b2a5a000821647516fbc0e9a4c08c08c5d0b92cea,wastedlocker/0e06a89b601e02fe57ed699b2a5a000821647516fbc0e9a4c08c08c5d0b92cea,ok,6,128
0e6bad4b12da9130adde3f36955484e8cba3e4113067bc2551ec88074c2b7d60,wastedlocker/0ee5e68383fe3d0c049da3083384af79b65fd25f1b9a2857bc94d41e4dd53525,ok,3,234
37a30621364d3083424b24b0255fc8f5752d88c381600d840574e551c284fb6e,wastedlocker/37a30621364d3083424b24b0255fc8f5752d88c381600d840574e551c284fb6e,ok,7,129
bad14e9954f35a8274869047146a6150b354bf917f6a55d5ff9698c6c87cd83e,wastedlocker/38d3d9aabcba1130937b16b3661adea027d8a02ff9756c91c8cbfbb6a24f790e,ok,3,64
3cf9f70a28656cb3d6c0ab960f89df9b2b5939e930edb8e11d46b2560ab460cd,wastedlocker/3cf9f70a28656cb3d6c0ab960f89df9b2b5939e930edb8e11d46b2560ab460cd,ok,4,72
3d9440075113f8dbb08c9fe78cfee716db07f45a99fd82bf4df610d4a4671587,wastedlocker/3d9440075113f8dbb08c9fe78cfee716db07f45a99fd82bf4df610d4a4671587,ok,6,128
4d7e4660c8e71d4d663dac8ea2b8cde6e07277b2839beda6ad88eb66f3f5a71b,wastedlocker/4d7e4660c8e71d4d663dac8ea2b8cde6e07277b2839beda6ad88eb66f3f5a71b,ok,6,128
5359628eee82f04a5f72aa33f181887b306095c4af5cb37cba7eba7ca61c814c,wastedlocker/5359628eee82f04a5f72aa33f181887b306095c4af5cb37cba7eba7ca61c814c,ok,7,129
597ab9cbb4beea848beed36fe7ef634130e649e15ae8c1161fd6baec16408803,wastedlocker/597ab9cbb4beea848beed36fe7ef634130e649e15ae8c1161fd6baec16408803,ok,5,6
5cd04805f9753ca08b82e88c27bf5426d1d356bb26b281885573051048911367,wastedlocker/5cd04805f9753ca08b82e88c27bf5426d1d356bb26b281885573051048911367,ok,6,18
5d3257b8c18ddb6832aad76f0c64acb47703781edfe0a1652f73a7ebbde5edc9,wastedlocker/5d3257b8c18ddb6832aad76f0c64acb47703781edfe0a1652f73a7ebbde5edc9,ok,6,128
633e3f41ab072d59eb255348209fd3228a8abc3168601c7f95342ef85efdc6b2,wastedlocker/633e3f41ab072d59eb255348209fd3228a8abc3168601c7f95342ef85efdc6b2,ok,3,148
6b13593902307f9ad68271be9205aabedd35a3b566f88dc891fbf53833cf4844,wastedlocker/6b13593902307f9ad68271be9205aabedd35a3b566f88dc891fbf53833cf4844,ok,7,129
6d35b01dbe014c6efc18d587c2be5e12617e1681cc670ba5c49fe7ead9de780e,wastedlocker/6d35b01dbe014c6efc18d587c2be5e12617e1681cc670ba5c49fe7ead9de780e,ok,7,129
7a45a4ae68992e5be784b4a6da7acd98dc28281fe238f22c1f7c1d85a90d144a,wastedlocker/7a45a4ae68992e5be784b4a6da7acd98dc28281fe238f22c1f7c1d85a90d144a,ok,6,128
7de425238719622bf2b2150591631b0a71d6a5dade419a4e67b9bdbfa272b559,wastedlocker/7de425238719622bf2b2150591631b0a71d6a5dade419a4e67b9bdbfa272b559,ok,7,129
887aac61771af200f7e58bf0d02cb96d9befa11deda4e448f0a700ccb186ce9d,wastedlocker/887aac61771af200f7e58bf0d02cb96d9befa11deda4e448f0a700ccb186ce9d,ok,5,19
8897db876553f942b2eb4005f8475a232bafb82a50ca7761a621842e894a3d80,wastedlocker/8897db876553f942b2eb4005f8475a232bafb82a50ca7761a621842e894a3d80,ok,6,129
8dc3389d37519b24aef2bcf2a15530ea1b13ff4b98228967c9876835bdb99a01,wastedlocker/8dc3389d37519b24aef2bcf2a15530ea1b13ff4b98228967c9876835bdb99a01,ok,3,233
905ea119ad8d3e54cd228c458a1b5681abc1f35df782977a23812ec4efa0288a,wastedlocker/905ea119ad8d3e54cd228c458a1b5681abc1f35df782977a23812ec4efa0288a,ok,3,64
9744b5f5d07149c5619d7fec67622b4e43bf3b28a803c2ab4121be4080e2b165,wastedlocker/9744b5f5d07149c5619d7fec67622b4e43bf3b28a803c2ab4121be4080e2b165,ok,7,129
97a1e14988672f7381d54e70785994ed45c2efe3da37e07be251a627f25078a7,wastedlocker/97a1e14988672f7381d54e70785994ed45c2efe3da37e07be251a627f25078a7,ok,4,59
9c61d32200b225cb4f0150b758617db552fccf119f3b0bd68f65a53c05e3aba4,wastedlocker/9c61d32200b225cb4f0150b758617db552fccf119f3b0bd68f65a53c05e3aba4,ok,7,129
a1b808fe6978e1645002d03f3f304b891c7b017d1f57d5c1c1a8aeb7814ca0d9,wastedlocker/a1b808fe6978e1645002d03f3f304b891c7b017d1f57d5c1c1a8aeb7814ca0d9,ok,6,129
aa05e7a187ddec2e11fc1c9eafe61408d085b0ab6cd12caeaf531c9dca129772,wastedlocker/aa05e7a187ddec2e11fc1c9eafe61408d085b0ab6cd12caeaf531c9dca129772,ok,5,19
ab007094afec534a2aa64436f214866014a664e7399aeaf361790ede5eec6b56,wastedlocker/ab007094afec534a2aa64436f214866014a664e7399aeaf361790ede5eec6b56,ok,7,129
ae255679f487e2e9075ffd5e8c7836dd425229c1e3bd40cfc46fbbceceec7cf4,wastedlocker/ae255679f487e2e9075ffd5e8c7836dd425229c1e3bd40cfc46fbbceceec7cf4,ok,6,128
b79565748d4e057ce732761bbeaa5578cb18f12c1890cdecd78a86e16fedd937,wastedlocker/b79565748d4e057ce732761bbeaa5578cb18f12c1890cdecd78a86e16fedd937,ok,7,129
bcdac1a2b67e2b47f8129814dca3bcf7d55404757eb09f1c3103f57da3153ec8,wastedlocker/bcdac1a2b67e2b47f8129814dca3bcf7d55404757eb09f1c3103f57da3153ec8,ok,6,128
d054e9223a2665b1746727d7bf9b008181c2d60c6a20b27490e4adb151560823,wastedlocker/d054e9223a2665b1746727d7bf9b008181c2d60c6a20b27490e4adb151560823,ok,6,128
d5b5a063656f2ce6dc50ed24278a2d21f2bb762c8e65c0d2ffc2477986896acf,wastedlocker/d5b5a063656f2ce6dc50ed24278a2d21f2bb762c8e65c0d2ffc2477986896acf,ok,3,234
db665f26dbc4ca92d326f2cb98faafb9e84d404346b201cd88bec91ce4206bb2,wastedlocker/db665f26dbc4ca92d326f2cb98faafb9e84d404346b201cd88bec91ce4206bb2,ok,3,234
e3bf41de3a7edf556d43b6196652aa036e48a602bb3f7c98af9dae992222a8eb,wastedlocker/e3bf41de3a7edf556d43b6196652aa036e48a602bb3f7c98af9dae992222a8eb,ok,5,29
e53da3060cb4574af7b763dea1f401f5180cda9d429e5df06b6a5d944829d4ff,wastedlocker/e53da3060cb4574af7b763dea1f401f5180cda9d429e5df06b6a5d944829d4ff,ok,3,5
e64a291f2b6238621e446496b96c14c7d9702a1ea2ab1f59088f5b2b75ffb1b8,wastedlocker/e64a291f2b6238621e446496b96c14c7d9702a1ea2ab1f59088f5b2b75ffb1b8,no_imports,0,0
ec9b412e9a6e0da1a21c01158c4c8313b61b033f58d16d913d72229794069d18,wastedlocker/ec9b412e9a6e0da1a21c01158c4c8313b61b033f58d16d913d72229794069d18,ok,7,129
ed0632acb266a4ec3f51dd803c8025bccd654e53c64eb613e203c590897079b3,wastedlocker/ed0632acb266a4ec3f51dd803c8025bccd654e53c64eb613e203c590897079b3,ok,4,81
ef7a9166c63d90cd5a4c5c58cb458da4c967a2baab2ad433de0aa20dfbf568f7,wastedlocker/ef7a9166c63d90cd5a4c5c58cb458da4c967a2baab2ad433de0aa20dfbf568f7,ok,7,129
f093b0006ef5ac52aa1d51fee705aa3b7b10a6af2acb4019b7bc16da4cabb5a1,wastedlocker/f093b0006ef5ac52aa1d51fee705aa3b7b10a6af2acb4019b7bc16da4cabb5a1,ok,2,19
005b00d41740f7b0327d4d5fe0402dcfc84ae0df44a2231a89a59909eeb30b23,zeppelin/005b00d41740f7b0327d4d5fe0402dcfc84ae0df44a2231a89a59909eeb30b23,ok,7,158
0b3932739176975ad69bae0a03171746b7efa1c3909cf5206dcb3b89d1947b15,zeppelin/0b3932739176975ad69bae0a03171746b7efa1c3909cf5206dcb3b89d1947b15,ok,7,158
0bed6711e6db24563a66ee99928864e8cf3f8cff0636c1efca1b14ef15941603,zeppelin/0bed6711e6db24563a66ee99928864e8cf3f8cff0636c1efca1b14ef15941603,ok,14,175
15e3107a2c30da16832db6f9cdadd38c7a202d72b6a43899b9642d3b695d6f50,zeppelin/15e3107a2c30da16832db6f9cdadd38c7a202d72b6a43899b9642d3b695d6f50,ok,2,99
332bca23e362f6c95326ecc943cb39e93d6fdcf454d72a5e60c9e14f5802ce5a,zeppelin/332bca23e362f6c95326ecc943cb39e93d6fdcf454d72a5e60c9e14f5802ce5a,ok,7,158
39016358b939b83cf9997c447458ae2d13186c3f66e66784c9e8ff4031b60c7e,zeppelin/39016358b939b83cf9997c447458ae2d13186c3f66e66784c9e8ff4031b60c7e,ok,7,12
4355077d9e650cde600c29caf7fc7128ebb1f42331f130bbfe0e66265c67022a,zeppelin/4355077d9e650cde600c29caf7fc7128ebb1f42331f130bbfe0e66265c67022a,ok,7,158
43812b98e4f9480d25b426a23a7b4d2a4e498110545c7a3cb21159bf75c18e7b,zeppelin/43812b98e4f9480d25b426a23a7b4d2a4e498110545c7a3cb21159bf75c18e7b,ok,2,9
438d83a22ed38bb2241a99b96d644826522b28327f63055840ee7632d8e95cd8,zeppelin/438d83a22ed38bb2241a99b96d644826522b28327f63055840ee7632d8e95cd8,ok,5,12
442bf867c8738c7231ff09db0715ec79d0ae15c050fbd46946c45b76a040d024,zeppelin/442bf867c8738c7231ff09db0715ec79d0ae15c050fbd46946c45b76a040d024,ok,7,158
45c7c5d62ca2525ac1da111fb3388cb381c24c974eba1ca3681ef07b10ef7b77,zeppelin/45c7c5d62ca2525ac1da111fb3388cb381c24c974eba1ca3681ef07b10ef7b77,ok,1,96
49834791d5a128b60774ff8761cc87ba3385b05cc1ba8381a46927e177af1176,zeppelin/49834791d5a128b60774ff8761cc87ba3385b05cc1ba8381a46927e177af1176,ok,2,125
4f87fefc9bf667f1d60e9ac07bdcf91013d609b8222b6d1b2995706f7ece1b07,zeppelin/4f87fefc9bf667f1d60e9ac07bdcf91013d609b8222b6d1b2995706f7ece1b07,ok,2,125
516475caf3fbd1f0c0283572550528f1f9e7b502dce5fb6b89d40f366a150bfd,zeppelin/516475caf3fbd1f0c0283572550528f1f9e7b502dce5fb6b89d40f366a150bfd,ok,7,158
522d6e25e6b7062786b699c76d46c2a510d94ca0760447a1d0951a6718fc9774,zeppelin/522d6e25e6b7062786b699c76d46c2a510d94ca0760447a1d0951a6718fc9774,ok,7,158
54f6ec27eb7526c439d33e7592e4864842fccf950d828fe14ef7c8eb080ee371,zeppelin/54f6ec27eb7526c439d33e7592e4864842fccf950d828fe14ef7c8eb080ee371,ok,8,15
56dc200341cac71492c374d9251791c60308d96d4387a8bbae999fdb5d841375,zeppelin/56dc200341cac71492c374d9251791c60308d96d4387a8bbae999fdb5d841375,ok,9,58
5876685b455f0c3f0228d03744b34df3e38add056fdbe111f639eafddf4fcc14,zeppelin/5876685b455f0c3f0228d03744b34df3e38add056fdbe111f639eafddf4fcc14,ok,9,58
5c1141aa7d0b9fba71822607f3b1b086e2cc4529e63221a9a6ede74fa366512f,zeppelin/5c1141aa7d0b9fba71822607f3b1b086e2cc4529e63221a9a6ede74fa366512f,ok,7,138
63067c7050bab69e0903ed3887710e4fa50d30d5865c765941df579ddb9b4ab3,zeppelin/63067c7050bab69e0903ed3887710e4fa50d30d5865c765941df579ddb9b4ab3,ok,7,158
66fc6e71a9c6be1f604c4a2d0650914f67c45d894fd1f76913e463079d47a8af,zeppelin/66fc6e71a9c6be1f604c4a2d0650914f67c45d894fd1f76913e463079d47a8af,ok,7,158
67fffb00d1b0552cbfbc3f455643a88ee0b95a73a36dc47345b6705b6607ed3d,zeppelin/67fffb00d1b0552cbfbc3f455643a88ee0b95a73a36dc47345b6705b6607ed3d,ok,7,158
6ad150150f18b97e95e7f12465f502694e50e870e8f118ca52783124771211cf,zeppelin/6ad150150f18b97e95e7f12465f502694e50e870e8f118ca52783124771211cf,ok,2,99
7055e8438da61efa50058acd4e010c634f5e33352e2ee6d1f013572f004b7101,zeppelin/7055e8438da61efa50058acd4e010c634f5e33352e2ee6d1f013572f004b7101,ok,7,158
7d809e8c9b98c16647bbfac49854c28ecc3fe6d4345410deeaa79445cc50cf51,zeppelin/7d809e8c9b98c16647bbfac49854c28ecc3fe6d4345410deeaa79445cc50cf51,ok,9,239
821945dd5882aad4181fcb2670a26cc322224f9f677e5df26f7e708ced0ab6a3,zeppelin/821945dd5882aad4181fcb2670a26cc322224f9f677e5df26f7e708ced0ab6a3,ok,7,158
824a76c39895bc3ad4f5dfc27fc3ac80d26514118c4669505a1f0cfdc8fdbcdc,zeppelin/824a76c39895bc3ad4f5dfc27fc3ac80d26514118c4669505a1f0cfdc8fdbcdc,ok,2,7
8ab4218a7ee9239d218f2729d6c00fb0246eeea1e97f85833dacfc73457c8b06,zeppelin/8ab4218a7ee9239d218f2729d6c00fb0246eeea1e97f85833dacfc73457c8b06,ok,2,123
8d3e383e0f74be276bf4d895d7300ed04a1af2ad307460abea7d5a831645e5ca,zeppelin/8d3e383e0f74be276bf4d895d7300ed04a1af2ad307460abea7d5a831645e5ca,ok,7,158
8d44fdbedd0ec9ae59fad78bdb12d15d6903470eb1046b45c227193b233adda6,zeppelin/8d44fdbedd0ec9ae59fad78bdb12d15d6903470eb1046b45c227193b233adda6,ok,9,261
8de5795d080b582e5e58549e73bfa8c6e04a2c0fb98436647955817f2d4640e6,zeppelin/8de5795d080b582e5e58549e73bfa8c6e04a2c0fb98436647955817f2d4640e6,no_imports,0,0
93fe277d54f4baac5762412dda6f831bf6a612f166daade7c23f6b38feac94fb,zeppelin/93fe277d54f4baac5762412dda6f831bf6a612f166daade7c23f6b38feac94fb,ok,7,158
99ee7cf74c8de999f2a1cc8cefacad3c866a86e78c87a56323729bfad967a4e9,zeppelin/99ee7cf74c8de999f2a1cc8cefacad3c866a86e78c87a56323729bfad967a4e9,ok,9,58
9ee00dc365bf468e04235f533e8ad7df09ecd1e0e33e183025532631e7058b9a,zeppelin/9ee00dc365bf468e04235f533e8ad7df09ecd1e0e33e183025532631e7058b9a,ok,7,158
a9735152febae244b51417ebab74895bd57eb8ba11a16ef172676871fa0b01e2,zeppelin/a9735152febae244b51417ebab74895bd57eb8ba11a16ef172676871fa0b01e2,no_imports,0,0
b0c1e89ebf16baa03b431b797aece48eeb3da6bb6eabf12fa6a3aefd93f5890e,zeppelin/b0c1e89ebf16baa03b431b797aece48eeb3da6bb6eabf12fa6a3aefd93f5890e,ok,7,158
b3302c4a9fd06d9fde96c9004141f80e0a9107a9dead1659e77351f1b1c87cf6,zeppelin/b3302c4a9fd06d9fde96c9004141f80e0a9107a9dead1659e77351f1b1c87cf6,ok,7,158
b43fa4faec16d8f5a468bbf5ed7d5cd9487068f11a0625c0939610acf2abf432,zeppelin/b43fa4faec16d8f5a468bbf5ed7d5cd9487068f11a0625c0939610acf2abf432,ok,7,158
b7f96fbb9844cac5c7f4ec966683f3564bbb9a2f453927e1c579dcb0154f5f83,zeppelin/b7f96fbb9844cac5c7f4ec966683f3564bbb9a2f453927e1c579dcb0154f5f83,ok,11,95
be0bc9cd7fcedd7359f3c3e8ca2046b19adcce7b100756e529d60a83f9a96613,zeppelin/be0bc9cd7fcedd7359f3c3e8ca2046b19adcce7b100756e529d60a83f9a96613,ok,3,232
be42aa09fe8112622ba90f7586e52509594019db376c0f1c4897f3e98fa30db4,zeppelin/be42aa09fe8112622ba90f7586e52509594019db376c0f1c4897f3e98fa30db4,ok,7,158
d76782960590abc182dba8fdcdc8bfb121b13d36be2d5d8b0960fb67960e89b1,zeppelin/d76782960590abc182dba8fdcdc8bfb121b13d36be2d5d8b0960fb67960e89b1,ok,1,125
dc91b815e11445ae4554d36b229813e593acedd60379315729414ea997dd6d7a,zeppelin/dc91b815e11445ae4554d36b229813e593acedd60379315729414ea997dd6d7a,ok,7,158
eb920e0fc0c360abb901e04dce172459b63bbda3ab8152350885db4b44d63ce5,zeppelin/eb920e0fc0c360abb901e04dce172459b63bbda3ab8152350885db4b44d63ce5,ok,7,158
ece7ddff2ff9fdb8e7f55b674baa9c975ce86ff79e02db6ea9259a0187d2d481,zeppelin/ece7ddff2ff9fdb8e7f55b674baa9c975ce86ff79e02db6ea9259a0187d2d481,ok,11,95
f247ae6db52989c9a598c3c7fbc1ae2db54f5c65be862880e11578b8583731cb,zeppelin/f247ae6db52989c9a598c3c7fbc1ae2db54f5c65be862880e11578b8583731cb,ok,7,158
f38c40c74a0a9953697c63fbd375c064cb2d59ce478435c7357bd68f382dd26f,zeppelin/f38c40c74a0a9953697c63fbd375c064cb2d59ce478435c7357bd68f382dd26f,ok,9,58
fa789f56ef3f5075fc02c53cd937fe1580ae46217cf0a82bd4871043276fb086,zeppelin/fa789f56ef3f5075fc02c53cd937fe1580ae46217cf0a82bd4871043276fb086,ok,2,124
fb80bbea1c179bf695c6817b78306696ebb474e4a2e49ce2e38b819338d43d49,zeppelin/fb80bbea1c179bf695c6817b78306696ebb474e4a2e49ce2e38b819338d43d49,ok,9,58
