file,opcode,count,total_opcodes_in_file
sample11.asm,push,3165,25440
sample11.asm,mov,1636,25440
sample11.asm,pop,1250,25440
sample11.asm,xchg,1015,25440
sample11.asm,inc,1003,25440
sample11.asm,call,781,25440
sample11.asm,decl,753,25440
sample11.asm,cmp,712,25440
sample11.asm,xor,608,25440
sample11.asm,sub,555,25440
sample11.asm,sbb,550,25440
sample11.asm,and,505,25440
sample11.asm,or,490,25440
sample11.asm,in,473,25440
sample11.asm,out,470,25440
sample11.asm,test,465,25440
sample11.asm,scas,237,25440
sample11.asm,lret,234,25440
sample11.asm,ret,224,25440
sample11.asm,stos,202,25440
sample11.asm,lods,200,25440
sample11.asm,jae,166,25440
sample11.asm,jb,155,25440
sample11.asm,lahf,153,25440
sample11.asm,into,150,25440
sample11.asm,outsl,147,25440
sample11.asm,outsb,144,25440
sample11.asm,das,141,25440
sample11.asm,popa,140,25440
sample11.asm,jbe,139,25440
sample11.asm,cltd,139,25440
sample11.asm,iret,138,25440
sample11.asm,je,137,25440
sample11.asm,jg,137,25440
sample11.asm,int1,133,25440
sample11.asm,enter,132,25440
sample11.asm,hlt,131,25440
sample11.asm,jmp,131,25440
sample11.asm,jnp,130,25440
sample11.asm,cmpsl,129,25440
sample11.asm,cli,127,25440
sample11.asm,int3,127,25440
sample11.asm,loop,126,25440
sample11.asm,loope,126,25440
sample11.asm,jle,126,25440
sample11.asm,leave,125,25440
sample11.asm,clc,123,25440
sample11.asm,sahf,122,25440
sample11.asm,cmc,122,25440
sample11.asm,insb,121,25440
sample11.asm,cld,121,25440
sample11.asm,movsb,121,25440
sample11.asm,jo,120,25440
sample11.asm,ja,119,25440
sample11.asm,jne,118,25440
sample11.asm,loopne,117,25440
sample11.asm,std,117,25440
sample11.asm,popf,116,25440
sample11.asm,js,116,25440
sample11.asm,pushf,115,25440
sample11.asm,pusha,114,25440
sample11.asm,sti,113,25440
sample11.asm,jl,113,25440
sample11.asm,int,113,25440
sample11.asm,xlat,112,25440
sample11.asm,stc,111,25440
sample11.asm,jns,109,25440
sample11.asm,insl,109,25440
sample11.asm,cwtl,108,25440
sample11.asm,jp,107,25440
sample11.asm,lock,105,25440
sample11.asm,nop,103,25440
sample11.asm,movsl,103,25440
sample11.asm,aas,103,25440
sample11.asm,cmpsb,102,25440
sample11.asm,jno,101,25440
sample11.asm,jecxz,98,25440
sample11.asm,fwait,98,25440
sample11.asm,jge,97,25440
sample11.asm,aam,96,25440
sample11.asm,imul,92,25440
sample11.asm,arpl,91,25440
sample11.asm,repz,91,25440
sample11.asm,es,89,25440
sample11.asm,lea,84,25440
sample11.asm,repnz,80,25440
sample11.asm,fs,80,25440
sample11.asm,ds,75,25440
sample11.asm,gs,70,25440
sample11.asm,cs,67,25440
sample11.asm,ss,64,25440
sample11.asm,les,64,25440
sample11.asm,lds,60,25440
sample11.asm,addr16,59,25440
sample11.asm,shl,53,25440
sample11.asm,data16,48,25440
sample11.asm,shll,44,25440
sample11.asm,bound,42,25440
sample11.asm,shlb,40,25440
sample11.asm,movb,30,25440
sample11.asm,ror,30,25440
sample11.asm,rorl,28,25440
sample11.asm,rorb,28,25440
sample11.asm,shrb,28,25440
sample11.asm,sarb,27,25440
sample11.asm,sar,26,25440
sample11.asm,rcrb,26,25440
sample11.asm,rclb,22,25440
sample11.asm,rcr,22,25440
sample11.asm,rol,22,25440
sample11.asm,rcll,20,25440
sample11.asm,shrl,20,25440
sample11.asm,xorb,20,25440
sample11.asm,roll,19,25440
sample11.asm,shr,19,25440
sample11.asm,orb,18,25440
sample11.asm,testb,17,25440
sample11.asm,rolb,17,25440
sample11.asm,cmpb,15,25440
sample11.asm,rcl,15,25440
sample11.asm,rcrl,15,25440
sample11.asm,div,13,25440
sample11.asm,flds,13,25440
sample11.asm,bnd,13,25440
sample11.asm,sbbb,13,25440
sample11.asm,andb,13,25440
sample11.asm,sarl,12,25440
sample11.asm,fbstp,12,25440
sample11.asm,fstps,12,25440
sample11.asm,neg,11,25440
sample11.asm,notl,11,25440
sample11.asm,incl,11,25440
sample11.asm,incb,11,25440
sample11.asm,fldl,10,25440
sample11.asm,fistpl,10,25440
sample11.asm,divb,10,25440
sample11.asm,fstpt,10,25440
sample11.asm,fisubs,10,25440
sample11.asm,fadds,10,25440
sample11.asm,fmul,10,25440
sample11.asm,fdivrl,9,25440
sample11.asm,imull,9,25440
sample11.asm,faddl,9,25440
sample11.asm,fistl,9,25440
sample11.asm,idivb,9,25440
sample11.asm,mull,9,25440
sample11.asm,ficoml,9,25440
sample11.asm,fstl,9,25440
sample11.asm,fiaddl,8,25440
sample11.asm,fildll,8,25440
sample11.asm,negl,8,25440
sample11.asm,fnstsw,8,25440
sample11.asm,ficompl,8,25440
sample11.asm,fsubrl,8,25440
sample11.asm,fstp,8,25440
sample11.asm,fidivrs,8,25440
sample11.asm,xorl,8,25440
sample11.asm,mulb,8,25440
sample11.asm,idivl,8,25440
sample11.asm,sbbl,8,25440
sample11.asm,adcl,8,25440
sample11.asm,notb,8,25440
sample11.asm,fmull,8,25440
sample11.asm,fldt,8,25440
sample11.asm,ljmp,8,25440
sample11.asm,subb,8,25440
sample11.asm,fimull,8,25440
sample11.asm,fistps,7,25440
sample11.asm,ffreep,7,25440
sample11.asm,fnsave,7,25440
sample11.asm,fcoms,7,25440
sample11.asm,fmuls,7,25440
sample11.asm,lcall,7,25440
sample11.asm,fimuls,7,25440
sample11.asm,fistpll,7,25440
sample11.asm,andl,7,25440
sample11.asm,fsubl,7,25440
sample11.asm,ficoms,7,25440
sample11.asm,fists,7,25440
sample11.asm,fcomps,7,25440
sample11.asm,fsts,7,25440
sample11.asm,fcmovu,6,25440
sample11.asm,filds,6,25440
sample11.asm,fucomip,6,25440
sample11.asm,fdivr,6,25440
sample11.asm,fdivp,6,25440
sample11.asm,imulb,6,25440
sample11.asm,orl,6,25440
sample11.asm,fsubrs,6,25440
sample11.asm,fsubs,6,25440
sample11.asm,fldenv,6,25440
sample11.asm,mul,6,25440
sample11.asm,fdiv,6,25440
sample11.asm,fcoml,6,25440
sample11.asm,fisubrl,6,25440
sample11.asm,pushw,5,25440
sample11.asm,fsubr,5,25440
sample11.asm,cmpl,5,25440
sample11.asm,fcmovnbe,5,25440
sample11.asm,fidivs,5,25440
sample11.asm,fidivl,5,25440
sample11.asm,fcmovbe,5,25440
sample11.asm,fdivs,5,25440
sample11.asm,ficomps,5,25440
sample11.asm,negb,5,25440
sample11.asm,fnstcw,5,25440
sample11.asm,fnstenv,5,25440
sample11.asm,not,4,25440
sample11.asm,fdivrp,4,25440
sample11.asm,subl,4,25440
sample11.asm,rep,4,25440
sample11.asm,fld,4,25440
sample11.asm,fmulp,4,25440
sample11.asm,bswap,4,25440
sample11.asm,fiadds,4,25440
sample11.asm,divl,4,25440
sample11.asm,fisttps,4,25440
sample11.asm,fldcw,4,25440
sample11.asm,fcmovne,4,25440
sample11.asm,frstor,4,25440
sample11.asm,fcomp,4,25440
sample11.asm,ffree,4,25440
sample11.asm,fcmovnb,4,25440
sample11.asm,fcom,4,25440
sample11.asm,fisttpl,4,25440
sample11.asm,fisubrs,4,25440
sample11.asm,fstpl,4,25440
sample11.asm,fdivrs,4,25440
sample11.asm,addl,4,25440
sample11.asm,fsub,4,25440
sample11.asm,fxch,4,25440
sample11.asm,paddd,3,25440
sample11.asm,maskmovq,3,25440
sample11.asm,fcmove,3,25440
sample11.asm,fcmovnu,3,25440
sample11.asm,fucomp,3,25440
sample11.asm,fsubp,3,25440
sample11.asm,fsubrp,3,25440
sample11.asm,fst,3,25440
sample11.asm,faddp,3,25440
sample11.asm,idiv,3,25440
sample11.asm,fcmovb,3,25440
sample11.asm,setb,2,25440
sample11.asm,vsubss,2,25440
sample11.asm,xabort,2,25440
sample11.asm,ucomiss,2,25440
sample11.asm,fcomi,2,25440
sample11.asm,callw,2,25440
sample11.asm,femms,2,25440
sample11.asm,paddw,2,25440
sample11.asm,fldl2t,2,25440
sample11.asm,lfs,2,25440
sample11.asm,movhps,2,25440
sample11.asm,fbld,2,25440
sample11.asm,cvtpi2ps,2,25440
sample11.asm,fdivl,2,25440
sample11.asm,punpckhbw,2,25440
sample11.asm,fcomip,2,25440
sample11.asm,pavgw,2,25440
sample11.asm,sysret,2,25440
sample11.asm,cwtd,2,25440
sample11.asm,fidivrl,2,25440
sample11.asm,fisttpll,2,25440
sample11.asm,fldlg2,2,25440
sample11.asm,fcompl,2,25440
sample11.asm,fildl,2,25440
sample11.asm,sample11,1,25440
sample11.asm,disassembly,1,25440
sample11.asm,cmova,1,25440
sample11.asm,punpckldq,1,25440
sample11.asm,rsm,1,25440
sample11.asm,sqrtps,1,25440
sample11.asm,vmwrite,1,25440
sample11.asm,paddq,1,25440
sample11.asm,cmovnp,1,25440
sample11.asm,insw,1,25440
sample11.asm,ftst,1,25440
sample11.asm,psllq,1,25440
sample11.asm,xadd,1,25440
sample11.asm,fldpi,1,25440
sample11.asm,fucomi,1,25440
sample11.asm,f2xm1,1,25440
sample11.asm,verr,1,25440
sample11.asm,seta,1,25440
sample11.asm,xrelease,1,25440
sample11.asm,cmovae,1,25440
sample11.asm,fisubl,1,25440
sample11.asm,wbinvd,1,25440
sample11.asm,sets,1,25440
sample11.asm,cmovs,1,25440
sample11.asm,movzbl,1,25440
sample11.asm,cpuid,1,25440
sample11.asm,pcmpgtw,1,25440
sample11.asm,fucom,1,25440
sample11.asm,pandn,1,25440
sample11.asm,invd,1,25440
sample11.asm,fsin,1,25440
sample11.asm,movsw,1,25440
sample11.asm,cmovg,1,25440
sample11.asm,pavgb,1,25440
sample11.asm,pcmpeqw,1,25440
sample11.asm,fld1,1,25440
sample11.asm,pinsrw,1,25440
sample11.asm,vaddpd,1,25440
sample11.asm,andps,1,25440
sample11.asm,movmskps,1,25440
sample11.asm,xorps,1,25440
sample11.asm,psubsb,1,25440
sample11.asm,setge,1,25440
sample11.asm,rcpps,1,25440
sample11.asm,fxtract,1,25440
sample11.asm,movq,1,25440
sample11.asm,pmulhuw,1,25440
sample11.asm,fninit,1,25440
sample11.asm,packsswb,1,25440
sample11.asm,movntps,1,25440
sample11.asm,fprem1,1,25440
sample11.asm,vpsubusw,1,25440
sample11.asm,fsqrt,1,25440
sample11.asm,packuswb,1,25440
sample11.asm,loopw,1,25440
sample11.asm,cmovl,1,25440
sample11.asm,rdpmc,1,25440
sample11.asm,nopl,1,25440
sample11.asm,cmovle,1,25440
sample11.asm,jcxz,1,25440
sample11.asm,psraw,1,25440
sample11.asm,vmread,1,25440
sample11.asm,cmove,1,25440
sample11.asm,psubsw,1,25440
sample11.asm,setne,1,25440
sample14.asm,push,3526,26552
sample14.asm,mov,1712,26552
sample14.asm,pop,1378,26552
sample14.asm,xchg,1089,26552
sample14.asm,inc,1034,26552
sample14.asm,call,769,26552
sample14.asm,cmp,733,26552
sample14.asm,xor,597,26552
sample14.asm,sbb,591,26552
sample14.asm,sub,555,26552
sample14.asm,out,545,26552
sample14.asm,test,542,26552
sample14.asm,in,534,26552
sample14.asm,and,504,26552
sample14.asm,or,488,26552
sample14.asm,decl,393,26552
sample14.asm,lods,313,26552
sample14.asm,ret,273,26552
sample14.asm,stos,266,26552
sample14.asm,lret,256,26552
sample14.asm,scas,238,26552
sample14.asm,jno,172,26552
sample14.asm,repnz,153,26552
sample14.asm,cld,153,26552
sample14.asm,jne,148,26552
sample14.asm,int3,147,26552
sample14.asm,popa,147,26552
sample14.asm,jmp,142,26552
sample14.asm,outsb,140,26552
sample14.asm,cwtl,139,26552
sample14.asm,iret,139,26552
sample14.asm,pushf,137,26552
sample14.asm,jnp,137,26552
sample14.asm,aam,137,26552
sample14.asm,jp,137,26552
sample14.asm,jle,136,26552
sample14.asm,das,136,26552
sample14.asm,jae,135,26552
sample14.asm,into,132,26552
sample14.asm,cltd,131,26552
sample14.asm,hlt,130,26552
sample14.asm,js,130,26552
sample14.asm,cmpsl,129,26552
sample14.asm,jg,129,26552
sample14.asm,cmpsb,126,26552
sample14.asm,je,125,26552
sample14.asm,loopne,125,26552
sample14.asm,nop,125,26552
sample14.asm,enter,125,26552
sample14.asm,jo,123,26552
sample14.asm,jns,122,26552
sample14.asm,pusha,121,26552
sample14.asm,std,120,26552
sample14.asm,int,120,26552
sample14.asm,cli,120,26552
sample14.asm,movsb,120,26552
sample14.asm,movsl,119,26552
sample14.asm,lahf,119,26552
sample14.asm,sti,118,26552
sample14.asm,jbe,118,26552
sample14.asm,aas,118,26552
sample14.asm,clc,117,26552
sample14.asm,jecxz,116,26552
sample14.asm,jge,116,26552
sample14.asm,int1,115,26552
sample14.asm,xlat,114,26552
sample14.asm,outsl,114,26552
sample14.asm,popf,113,26552
sample14.asm,loop,111,26552
sample14.asm,stc,110,26552
sample14.asm,jb,110,26552
sample14.asm,jl,110,26552
sample14.asm,leave,109,26552
sample14.asm,sahf,108,26552
sample14.asm,loope,106,26552
sample14.asm,fwait,106,26552
sample14.asm,ja,102,26552
sample14.asm,insb,101,26552
sample14.asm,insl,99,26552
sample14.asm,repz,96,26552
sample14.asm,cmc,96,26552
sample14.asm,arpl,94,26552
sample14.asm,lock,93,26552
sample14.asm,imul,90,26552
sample14.asm,addr16,88,26552
sample14.asm,lea,85,26552
sample14.asm,fs,77,26552
sample14.asm,cs,73,26552
sample14.asm,gs,69,26552
sample14.asm,ss,65,26552
sample14.asm,les,64,26552
sample14.asm,es,63,26552
sample14.asm,data16,56,26552
sample14.asm,bound,54,26552
sample14.asm,shl,54,26552
sample14.asm,ds,50,26552
sample14.asm,lds,49,26552
sample14.asm,shll,47,26552
sample14.asm,shlb,41,26552
sample14.asm,rcrl,35,26552
sample14.asm,rol,29,26552
sample14.asm,rclb,29,26552
sample14.asm,ror,28,26552
sample14.asm,sar,28,26552
sample14.asm,roll,27,26552
sample14.asm,fcoml,26,26552
sample14.asm,rcr,25,26552
sample14.asm,rorl,25,26552
sample14.asm,sbbb,24,26552
sample14.asm,rcl,24,26552
sample14.asm,rcrb,22,26552
sample14.asm,shrb,21,26552
sample14.asm,rolb,21,26552
sample14.asm,shr,20,26552
sample14.asm,sarl,19,26552
sample14.asm,andb,19,26552
sample14.asm,cmpb,18,26552
sample14.asm,lcall,18,26552
sample14.asm,sarb,18,26552
sample14.asm,rorb,17,26552
sample14.asm,rcll,16,26552
sample14.asm,incl,16,26552
sample14.asm,neg,15,26552
sample14.asm,not,15,26552
sample14.asm,fisttps,15,26552
sample14.asm,fnstenv,14,26552
sample14.asm,fsubrs,14,26552
sample14.asm,fiadds,14,26552
sample14.asm,fildll,14,26552
sample14.asm,fldcw,13,26552
sample14.asm,fnstcw,13,26552
sample14.asm,fbld,13,26552
sample14.asm,ljmp,13,26552
sample14.asm,fldenv,12,26552
sample14.asm,fstps,12,26552
sample14.asm,fstpt,12,26552
sample14.asm,fsts,12,26552
sample14.asm,frstor,12,26552
sample14.asm,testb,12,26552
sample14.asm,fists,12,26552
sample14.asm,subb,12,26552
sample14.asm,fsubs,11,26552
sample14.asm,fldl,11,26552
sample14.asm,faddl,11,26552
sample14.asm,divl,11,26552
sample14.asm,mul,11,26552
sample14.asm,shrl,11,26552
sample14.asm,fsubrp,10,26552
sample14.asm,fimuls,10,26552
sample14.asm,orl,10,26552
sample14.asm,fdivrl,10,26552
sample14.asm,addl,10,26552
sample14.asm,fsubl,10,26552
sample14.asm,notl,10,26552
sample14.asm,fdivs,10,26552
sample14.asm,fidivrs,10,26552
sample14.asm,andl,9,26552
sample14.asm,fnsave,9,26552
sample14.asm,fdivrs,9,26552
sample14.asm,fcmovnb,9,26552
sample14.asm,fistpl,9,26552
sample14.asm,orb,9,26552
sample14.asm,xorb,9,26552
sample14.asm,filds,9,26552
sample14.asm,div,9,26552
sample14.asm,fisubl,8,26552
sample14.asm,fucom,8,26552
sample14.asm,fstl,8,26552
sample14.asm,ficomps,8,26552
sample14.asm,bnd,8,26552
sample14.asm,fnstsw,8,26552
sample14.asm,fbstp,8,26552
sample14.asm,fadds,8,26552
sample14.asm,mull,8,26552
sample14.asm,movb,8,26552
sample14.asm,sbbl,8,26552
sample14.asm,fisubs,8,26552
sample14.asm,fistps,8,26552
sample14.asm,ficoms,7,26552
sample14.asm,fld,7,26552
sample14.asm,fldl2e,7,26552
sample14.asm,idivb,7,26552
sample14.asm,fdivp,7,26552
sample14.asm,fmuls,7,26552
sample14.asm,negl,7,26552
sample14.asm,fisubrl,7,26552
sample14.asm,adcl,7,26552
sample14.asm,divb,7,26552
sample14.asm,fistpll,7,26552
sample14.asm,fisubrs,7,26552
sample14.asm,fmul,7,26552
sample14.asm,fsubr,7,26552
sample14.asm,fcmovu,7,26552
sample14.asm,fildl,6,26552
sample14.asm,flds,6,26552
sample14.asm,fsubrl,6,26552
sample14.asm,notb,6,26552
sample14.asm,fcomi,6,26552
sample14.asm,fidivs,6,26552
sample14.asm,fisttpll,6,26552
sample14.asm,fstpl,6,26552
sample14.asm,subl,6,26552
sample14.asm,incb,6,26552
sample14.asm,ficompl,6,26552
sample14.asm,fdiv,6,26552
sample14.asm,fcomps,6,26552
sample14.asm,fisttpl,6,26552
sample14.asm,imull,6,26552
sample14.asm,cmpl,6,26552
sample14.asm,idivl,6,26552
sample14.asm,fmulp,6,26552
sample14.asm,fmull,5,26552
sample14.asm,fimull,5,26552
sample14.asm,fidivl,5,26552
sample14.asm,fucomip,5,26552
sample14.asm,fdivl,5,26552
sample14.asm,fistl,5,26552
sample14.asm,fsqrt,4,26552
sample14.asm,pmuludq,4,26552
sample14.asm,fcmovnbe,4,26552
sample14.asm,imulb,4,26552
sample14.asm,fcoms,4,26552
sample14.asm,fldt,4,26552
sample14.asm,fcmove,4,26552
sample14.asm,idiv,4,26552
sample14.asm,fdivr,4,26552
sample14.asm,rep,4,26552
sample14.asm,fucomi,4,26552
sample14.asm,xorl,4,26552
sample14.asm,fldz,3,26552
sample14.asm,pmaxub,3,26552
sample14.asm,rdmsr,3,26552
sample14.asm,fcompl,3,26552
sample14.asm,fcom,3,26552
sample14.asm,fxch,3,26552
sample14.asm,fsub,3,26552
sample14.asm,xabort,3,26552
sample14.asm,fcmovne,3,26552
sample14.asm,ffreep,3,26552
sample14.asm,retw,3,26552
sample14.asm,ficoml,3,26552
sample14.asm,bswap,3,26552
sample14.asm,xadd,3,26552
sample14.asm,fdivrp,3,26552
sample14.asm,fiaddl,3,26552
sample14.asm,fidivrl,3,26552
sample14.asm,ffree,3,26552
sample14.asm,negb,3,26552
sample14.asm,ud0,2,26552
sample14.asm,clts,2,26552
sample14.asm,fcmovb,2,26552
sample14.asm,pushfw,2,26552
sample14.asm,fst,2,26552
sample14.asm,fchs,2,26552
sample14.asm,cmovne,2,26552
sample14.asm,fsubp,2,26552
sample14.asm,movzwl,2,26552
sample14.asm,pushw,2,26552
sample14.asm,mulb,2,26552
sample14.asm,fcmovbe,2,26552
sample14.asm,xacquire,2,26552
sample14.asm,fucomp,2,26552
sample14.asm,movsw,2,26552
sample14.asm,faddp,2,26552
sample14.asm,lsl,2,26552
sample14.asm,psadbw,2,26552
sample14.asm,shld,2,26552
sample14.asm,sample14,1,26552
sample14.asm,disassembly,1,26552
sample14.asm,movhlps,1,26552
sample14.asm,fxam,1,26552
sample14.asm,montmul,1,26552
sample14.asm,fcomp,1,26552
sample14.asm,jcxz,1,26552
sample14.asm,vpunpckhqdq,1,26552
sample14.asm,sbbw,1,26552
sample14.asm,bndldx,1,26552
sample14.asm,xrelease,1,26552
sample14.asm,ftst,1,26552
sample14.asm,movhps,1,26552
sample14.asm,fldpi,1,26552
sample14.asm,cmpps,1,26552
sample14.asm,cmpxchg,1,26552
sample14.asm,leavew,1,26552
sample14.asm,cvttps2pi,1,26552
sample14.asm,bts,1,26552
sample14.asm,fcmovnu,1,26552
sample14.asm,lidtl,1,26552
sample14.asm,popw,1,26552
sample14.asm,mulps,1,26552
sample14.asm,cmova,1,26552
sample14.asm,ucomiss,1,26552
sample14.asm,prefetch,1,26552
sample14.asm,btc,1,26552
sample14.asm,nopl,1,26552
sample14.asm,cbtw,1,26552
sample14.asm,paddd,1,26552
sample14.asm,setno,1,26552
sample14.asm,comiss,1,26552
sample14.asm,fstp,1,26552
sample14.asm,bt,1,26552
sample14.asm,movmskps,1,26552
sample14.asm,cmovs,1,26552
sample14.asm,rcpps,1,26552
sample14.asm,callw,1,26552
sample14.asm,cmovo,1,26552
sample14.asm,f2xm1,1,26552
sample14.asm,psrlw,1,26552
sample14.asm,psubd,1,26552
sample14.asm,paddw,1,26552
sample14.asm,psubsw,1,26552
sample14.asm,punpckhwd,1,26552
sample14.asm,por,1,26552
sample14.asm,pxor,1,26552
sample14.asm,shrd,1,26552
sample14.asm,jmpw,1,26552
sample14.asm,sysret,1,26552
sample14.asm,fnclex,1,26552
sample14.asm,femms,1,26552
sample14.asm,rdpmc,1,26552
sample14.asm,fcomip,1,26552
sample7.asm,push,3174,25674
sample7.asm,mov,1645,25674
sample7.asm,pop,1289,25674
sample7.asm,xchg,1017,25674
sample7.asm,inc,906,25674
sample7.asm,call,779,25674
sample7.asm,decl,745,25674
sample7.asm,cmp,679,25674
sample7.asm,and,594,25674
sample7.asm,sbb,584,25674
sample7.asm,sub,579,25674
sample7.asm,xor,573,25674
sample7.asm,or,523,25674
sample7.asm,test,497,25674
sample7.asm,out,496,25674
sample7.asm,in,455,25674
sample7.asm,lret,270,25674
sample7.asm,scas,251,25674
sample7.asm,ret,244,25674
sample7.asm,stos,239,25674
sample7.asm,lods,226,25674
sample7.asm,xlat,209,25674
sample7.asm,movsb,183,25674
sample7.asm,ja,171,25674
sample7.asm,jnp,170,25674
sample7.asm,jns,166,25674
sample7.asm,loope,160,25674
sample7.asm,jle,135,25674
sample7.asm,int,134,25674
sample7.asm,cltd,131,25674
sample7.asm,hlt,131,25674
sample7.asm,aam,130,25674
sample7.asm,je,129,25674
sample7.asm,cli,129,25674
sample7.asm,popa,129,25674
sample7.asm,pushf,128,25674
sample7.asm,jmp,128,25674
sample7.asm,cmpsl,125,25674
sample7.asm,jl,123,25674
sample7.asm,sti,122,25674
sample7.asm,jge,122,25674
sample7.asm,jecxz,121,25674
sample7.asm,jo,121,25674
sample7.asm,into,121,25674
sample7.asm,jno,120,25674
sample7.asm,aas,120,25674
sample7.asm,jg,120,25674
sample7.asm,nop,120,25674
sample7.asm,movsl,119,25674
sample7.asm,jp,119,25674
sample7.asm,jne,119,25674
sample7.asm,outsl,119,25674
sample7.asm,jb,118,25674
sample7.asm,leave,118,25674
sample7.asm,cld,117,25674
sample7.asm,sahf,117,25674
sample7.asm,loop,116,25674
sample7.asm,int3,116,25674
sample7.asm,cmpsb,115,25674
sample7.asm,iret,113,25674
sample7.asm,insl,113,25674
sample7.asm,js,113,25674
sample7.asm,loopne,113,25674
sample7.asm,pusha,113,25674
sample7.asm,clc,111,25674
sample7.asm,cwtl,110,25674
sample7.asm,cmc,110,25674
sample7.asm,jbe,110,25674
sample7.asm,outsb,110,25674
sample7.asm,int1,109,25674
sample7.asm,repz,106,25674
sample7.asm,fwait,106,25674
sample7.asm,std,105,25674
sample7.asm,stc,104,25674
sample7.asm,das,102,25674
sample7.asm,lahf,101,25674
sample7.asm,insb,97,25674
sample7.asm,popf,96,25674
sample7.asm,jae,96,25674
sample7.asm,lea,95,25674
sample7.asm,gs,94,25674
sample7.asm,enter,91,25674
sample7.asm,lock,91,25674
sample7.asm,arpl,88,25674
sample7.asm,repnz,84,25674
sample7.asm,ss,80,25674
sample7.asm,imul,76,25674
sample7.asm,fs,75,25674
sample7.asm,cs,74,25674
sample7.asm,addr16,66,25674
sample7.asm,bound,61,25674
sample7.asm,es,60,25674
sample7.asm,ds,50,25674
sample7.asm,les,48,25674
sample7.asm,lds,46,25674
sample7.asm,shl,44,25674
sample7.asm,data16,44,25674
sample7.asm,shll,42,25674
sample7.asm,shlb,31,25674
sample7.asm,rorl,30,25674
sample7.asm,rol,28,25674
sample7.asm,rcr,28,25674
sample7.asm,rclb,27,25674
sample7.asm,sarl,27,25674
sample7.asm,rcl,26,25674
sample7.asm,rorb,25,25674
sample7.asm,orl,24,25674
sample7.asm,ror,23,25674
sample7.asm,shr,23,25674
sample7.asm,shrb,22,25674
sample7.asm,rolb,22,25674
sample7.asm,rcrl,22,25674
sample7.asm,ljmp,21,25674
sample7.asm,roll,20,25674
sample7.asm,shrl,19,25674
sample7.asm,cmpb,18,25674
sample7.asm,faddl,18,25674
sample7.asm,sar,18,25674
sample7.asm,orb,17,25674
sample7.asm,rcll,15,25674
sample7.asm,div,13,25674
sample7.asm,fisubs,13,25674
sample7.asm,lcall,13,25674
sample7.asm,fsubr,12,25674
sample7.asm,xorb,12,25674
sample7.asm,fnstsw,11,25674
sample7.asm,fidivrs,11,25674
sample7.asm,bnd,11,25674
sample7.asm,incl,11,25674
sample7.asm,fistpll,11,25674
sample7.asm,fisubrl,11,25674
sample7.asm,fimull,11,25674
sample7.asm,ficomps,11,25674
sample7.asm,sarb,11,25674
sample7.asm,fisttpll,11,25674
sample7.asm,fistps,11,25674
sample7.asm,fmull,11,25674
sample7.asm,fldl,11,25674
sample7.asm,fsubl,11,25674
sample7.asm,andb,11,25674
sample7.asm,fsubrl,11,25674
sample7.asm,fldt,11,25674
sample7.asm,sbbb,11,25674
sample7.asm,fnstcw,10,25674
sample7.asm,filds,10,25674
sample7.asm,fstl,10,25674
sample7.asm,rcrb,10,25674
sample7.asm,testb,10,25674
sample7.asm,fdivrl,10,25674
sample7.asm,fdivp,10,25674
sample7.asm,negl,10,25674
sample7.asm,subb,9,25674
sample7.asm,idiv,9,25674
sample7.asm,fucomi,9,25674
sample7.asm,fists,9,25674
sample7.asm,fsub,9,25674
sample7.asm,fcoml,9,25674
sample7.asm,fcomps,9,25674
sample7.asm,fldcw,9,25674
sample7.asm,fiadds,9,25674
sample7.asm,fiaddl,9,25674
sample7.asm,neg,8,25674
sample7.asm,not,8,25674
sample7.asm,negb,8,25674
sample7.asm,ficoml,8,25674
sample7.asm,imull,8,25674
sample7.asm,fbld,8,25674
sample7.asm,fstpt,8,25674
sample7.asm,subl,8,25674
sample7.asm,fstpl,8,25674
sample7.asm,fstps,8,25674
sample7.asm,fdivl,8,25674
sample7.asm,andl,8,25674
sample7.asm,notl,7,25674
sample7.asm,idivb,7,25674
sample7.asm,fimuls,7,25674
sample7.asm,fidivl,7,25674
sample7.asm,cmpl,7,25674
sample7.asm,fildll,7,25674
sample7.asm,adcl,7,25674
sample7.asm,fisttps,7,25674
sample7.asm,flds,7,25674
sample7.asm,ficoms,7,25674
sample7.asm,fcomp,7,25674
sample7.asm,fnsave,7,25674
sample7.asm,mull,7,25674
sample7.asm,imulb,7,25674
sample7.asm,fistl,7,25674
sample7.asm,mul,7,25674
sample7.asm,notb,7,25674
sample7.asm,incb,6,25674
sample7.asm,mulb,6,25674
sample7.asm,fcmovu,6,25674
sample7.asm,fcmovnu,6,25674
sample7.asm,fnstenv,6,25674
sample7.asm,fidivs,6,25674
sample7.asm,fcoms,6,25674
sample7.asm,fbstp,6,25674
sample7.asm,fdiv,6,25674
sample7.asm,fmulp,6,25674
sample7.asm,fcom,6,25674
sample7.asm,divb,6,25674
sample7.asm,fistpl,5,25674
sample7.asm,fcompl,5,25674
sample7.asm,fcomi,5,25674
sample7.asm,fldenv,5,25674
sample7.asm,fmul,5,25674
sample7.asm,fisubrs,5,25674
sample7.asm,fisttpl,5,25674
sample7.asm,fsubrp,5,25674
sample7.asm,fstp,5,25674
sample7.asm,divl,5,25674
sample7.asm,xorl,5,25674
sample7.asm,idivl,5,25674
sample7.asm,fidivrl,5,25674
sample7.asm,fcmovnb,5,25674
sample7.asm,fdivs,5,25674
sample7.asm,fucom,5,25674
sample7.asm,btr,4,25674
sample7.asm,fsubp,4,25674
sample7.asm,fucomip,4,25674
sample7.asm,faddp,4,25674
sample7.asm,ficompl,4,25674
sample7.asm,fmuls,4,25674
sample7.asm,fcmovb,4,25674
sample7.asm,fadds,4,25674
sample7.asm,fdivr,4,25674
sample7.asm,fcmovbe,4,25674
sample7.asm,fcomip,4,25674
sample7.asm,fst,4,25674
sample7.asm,fld,4,25674
sample7.asm,fisubl,4,25674
sample7.asm,fildl,4,25674
sample7.asm,fcmove,3,25674
sample7.asm,setl,3,25674
sample7.asm,fsts,3,25674
sample7.asm,addl,3,25674
sample7.asm,ffree,3,25674
sample7.asm,fcmovne,3,25674
sample7.asm,fsubrs,3,25674
sample7.asm,wbinvd,2,25674
sample7.asm,cmovns,2,25674
sample7.asm,psrlq,2,25674
sample7.asm,ffreep,2,25674
sample7.asm,psraw,2,25674
sample7.asm,fucomp,2,25674
sample7.asm,addps,2,25674
sample7.asm,rep,2,25674
sample7.asm,clts,2,25674
sample7.asm,fdecstp,2,25674
sample7.asm,popw,2,25674
sample7.asm,movb,2,25674
sample7.asm,movnti,2,25674
sample7.asm,cvtps2pi,2,25674
sample7.asm,frstor,2,25674
sample7.asm,punpckhdq,2,25674
sample7.asm,sample7,1,25674
sample7.asm,disassembly,1,25674
sample7.asm,sldt,1,25674
sample7.asm,fscale,1,25674
sample7.asm,sysexit,1,25674
sample7.asm,verr,1,25674
sample7.asm,bswap,1,25674
sample7.asm,bt,1,25674
sample7.asm,fdivrp,1,25674
sample7.asm,sgdtl,1,25674
sample7.asm,outsw,1,25674
sample7.asm,fxtract,1,25674
sample7.asm,lretw,1,25674
sample7.asm,fsubs,1,25674
sample7.asm,punpckhwd,1,25674
sample7.asm,fsin,1,25674
sample7.asm,unpckhps,1,25674
sample7.asm,setbe,1,25674
sample7.asm,pminub,1,25674
sample7.asm,fcmovnbe,1,25674
sample7.asm,fldl2t,1,25674
sample7.asm,seta,1,25674
sample7.asm,pmaxsw,1,25674
sample7.asm,vpmaxub,1,25674
sample7.asm,cmovno,1,25674
sample7.asm,lss,1,25674
sample7.asm,ucomiss,1,25674
sample7.asm,psubb,1,25674
sample7.asm,psllq,1,25674
sample7.asm,fldl2e,1,25674
sample7.asm,pcmpeqw,1,25674
sample7.asm,pmuludq,1,25674
sample7.asm,fldlg2,1,25674
sample7.asm,fyl2xp1,1,25674
sample7.asm,fcompp,1,25674
sample7.asm,movaps,1,25674
sample7.asm,subps,1,25674
sample7.asm,leavew,1,25674
sample7.asm,paddq,1,25674
sample7.asm,rsm,1,25674
sample7.asm,prefetcht0,1,25674
sample7.asm,callw,1,25674
sample7.asm,unpcklps,1,25674
sample7.asm,fcos,1,25674
sample7.asm,fdivrs,1,25674
sample7.asm,verw,1,25674
sample7.asm,cmovbe,1,25674
sample7.asm,movntps,1,25674
sample7.asm,pxor,1,25674
sample7.asm,retw,1,25674
sample7.asm,vmread,1,25674
sample7.asm,fprem,1,25674
sample7.asm,xabort,1,25674
sample7.asm,fucompp,1,25674
sample7.asm,fninit,1,25674
sample7.asm,divw,1,25674
sample10.asm,push,3420,26565
sample10.asm,mov,1592,26565
sample10.asm,pop,1348,26565
sample10.asm,xchg,1018,26565
sample10.asm,inc,969,26565
sample10.asm,call,778,26565
sample10.asm,cmp,713,26565
sample10.asm,out,625,26565
sample10.asm,in,625,26565
sample10.asm,sub,601,26565
sample10.asm,xor,585,26565
sample10.asm,sbb,570,26565
sample10.asm,and,552,26565
sample10.asm,or,534,26565
sample10.asm,test,532,26565
sample10.asm,decl,390,26565
sample10.asm,lret,271,26565
sample10.asm,scas,268,26565
sample10.asm,ret,263,26565
sample10.asm,lods,257,26565
sample10.asm,stos,230,26565
sample10.asm,jb,205,26565
sample10.asm,aas,201,26565
sample10.asm,jl,174,26565
sample10.asm,jns,161,26565
sample10.asm,jle,154,26565
sample10.asm,loop,152,26565
sample10.asm,aam,150,26565
sample10.asm,jg,149,26565
sample10.asm,outsb,149,26565
sample10.asm,hlt,145,26565
sample10.asm,cmc,141,26565
sample10.asm,sahf,141,26565
sample10.asm,jae,140,26565
sample10.asm,int1,136,26565
sample10.asm,lahf,136,26565
sample10.asm,popf,135,26565
sample10.asm,loope,132,26565
sample10.asm,cltd,131,26565
sample10.asm,xlat,130,26565
sample10.asm,nop,129,26565
sample10.asm,jno,129,26565
sample10.asm,enter,127,26565
sample10.asm,cmpsl,127,26565
sample10.asm,loopne,125,26565
sample10.asm,jmp,124,26565
sample10.asm,jbe,124,26565
sample10.asm,jecxz,123,26565
sample10.asm,int3,123,26565
sample10.asm,cmpsb,121,26565
sample10.asm,jge,121,26565
sample10.asm,jo,120,26565
sample10.asm,movsb,119,26565
sample10.asm,pusha,119,26565
sample10.asm,int,119,26565
sample10.asm,outsl,118,26565
sample10.asm,sti,118,26565
sample10.asm,pushf,118,26565
sample10.asm,cwtl,117,26565
sample10.asm,cli,117,26565
sample10.asm,lock,115,26565
sample10.asm,je,115,26565
sample10.asm,movsl,115,26565
sample10.asm,cld,115,26565
sample10.asm,jp,115,26565
sample10.asm,fwait,115,26565
sample10.asm,leave,114,26565
sample10.asm,iret,114,26565
sample10.asm,into,113,26565
sample10.asm,std,112,26565
sample10.asm,insl,112,26565
sample10.asm,clc,112,26565
sample10.asm,stc,112,26565
sample10.asm,das,110,26565
sample10.asm,repz,106,26565
sample10.asm,insb,104,26565
sample10.asm,popa,103,26565
sample10.asm,jne,103,26565
sample10.asm,js,100,26565
sample10.asm,jnp,97,26565
sample10.asm,lea,96,26565
sample10.asm,ja,96,26565
sample10.asm,imul,92,26565
sample10.asm,ds,88,26565
sample10.asm,es,84,26565
sample10.asm,arpl,83,26565
sample10.asm,ss,80,26565
sample10.asm,repnz,79,26565
sample10.asm,gs,72,26565
sample10.asm,addr16,71,26565
sample10.asm,fs,71,26565
sample10.asm,lds,70,26565
sample10.asm,cs,67,26565
sample10.asm,data16,67,26565
sample10.asm,shr,61,26565
sample10.asm,les,60,26565
sample10.asm,bound,58,26565
sample10.asm,shlb,54,26565
sample10.asm,shll,45,26565
sample10.asm,shl,41,26565
sample10.asm,rol,34,26565
sample10.asm,rcl,31,26565
sample10.asm,fimuls,30,26565
sample10.asm,rcrl,26,26565
sample10.asm,rcrb,25,26565
sample10.asm,sarl,25,26565
sample10.asm,ror,23,26565
sample10.asm,fisttpll,23,26565
sample10.asm,sar,22,26565
sample10.asm,subb,22,26565
sample10.asm,rorb,20,26565
sample10.asm,shrb,20,26565
sample10.asm,fiadds,19,26565
sample10.asm,rcr,19,26565
sample10.asm,fisubs,18,26565
sample10.asm,rorl,18,26565
sample10.asm,sarb,18,26565
sample10.asm,cmpb,17,26565
sample10.asm,sbbb,16,26565
sample10.asm,lcall,16,26565
sample10.asm,roll,16,26565
sample10.asm,rclb,16,26565
sample10.asm,fisubrs,15,26565
sample10.asm,fidivs,15,26565
sample10.asm,fsubr,15,26565
sample10.asm,ljmp,14,26565
sample10.asm,fimull,14,26565
sample10.asm,rolb,14,26565
sample10.asm,ficoml,13,26565
sample10.asm,rcll,13,26565
sample10.asm,fidivrs,12,26565
sample10.asm,xorb,12,26565
sample10.asm,bnd,12,26565
sample10.asm,testb,12,26565
sample10.asm,ficomps,11,26565
sample10.asm,fstl,11,26565
sample10.asm,fdiv,11,26565
sample10.asm,fcomps,11,26565
sample10.asm,fiaddl,10,26565
sample10.asm,fstpt,10,26565
sample10.asm,orb,10,26565
sample10.asm,fdivrp,10,26565
sample10.asm,fsubrl,10,26565
sample10.asm,shrl,10,26565
sample10.asm,incl,10,26565
sample10.asm,not,9,26565
sample10.asm,fmulp,9,26565
sample10.asm,ficoms,9,26565
sample10.asm,negb,9,26565
sample10.asm,mulb,9,26565
sample10.asm,fadds,9,26565
sample10.asm,fldcw,9,26565
sample10.asm,adcl,9,26565
sample10.asm,fsts,9,26565
sample10.asm,fldenv,9,26565
sample10.asm,filds,9,26565
sample10.asm,subl,9,26565
sample10.asm,fidivrl,9,26565
sample10.asm,imulb,9,26565
sample10.asm,notb,9,26565
sample10.asm,notl,9,26565
sample10.asm,movb,8,26565
sample10.asm,faddp,8,26565
sample10.asm,fildll,8,26565
sample10.asm,fnstenv,8,26565
sample10.asm,fisubl,8,26565
sample10.asm,fdivr,8,26565
sample10.asm,fcompl,8,26565
sample10.asm,sbbl,8,26565
sample10.asm,fnsave,8,26565
sample10.asm,fistpl,8,26565
sample10.asm,fcoms,8,26565
sample10.asm,fbld,8,26565
sample10.asm,fistps,8,26565
sample10.asm,fldl,8,26565
sample10.asm,cmpl,7,26565
sample10.asm,fisttps,7,26565
sample10.asm,divb,7,26565
sample10.asm,imull,7,26565
sample10.asm,addl,7,26565
sample10.asm,fdivrl,7,26565
sample10.asm,fildl,7,26565
sample10.asm,fldt,7,26565
sample10.asm,fstps,7,26565
sample10.asm,mull,7,26565
sample10.asm,fnstsw,7,26565
sample10.asm,div,6,26565
sample10.asm,incb,6,26565
sample10.asm,fcoml,6,26565
sample10.asm,mul,6,26565
sample10.asm,xorl,6,26565
sample10.asm,faddl,6,26565
sample10.asm,fistl,6,26565
sample10.asm,negl,6,26565
sample10.asm,fsubl,6,26565
sample10.asm,fucomp,6,26565
sample10.asm,fdivs,6,26565
sample10.asm,andl,6,26565
sample10.asm,ficompl,6,26565
sample10.asm,fisubrl,6,26565
sample10.asm,fistpll,6,26565
sample10.asm,fcom,6,26565
sample10.asm,flds,6,26565
sample10.asm,fcmovb,6,26565
sample10.asm,fists,6,26565
sample10.asm,fmull,6,26565
sample10.asm,fsubp,5,26565
sample10.asm,fsubrp,5,26565
sample10.asm,fucomip,5,26565
sample10.asm,popw,5,26565
sample10.asm,divl,5,26565
sample10.asm,fnstcw,5,26565
sample10.asm,fidivl,5,26565
sample10.asm,fstp,5,26565
sample10.asm,idivb,5,26565
sample10.asm,fsub,5,26565
sample10.asm,fcomi,5,26565
sample10.asm,fisttpl,5,26565
sample10.asm,fld,5,26565
sample10.asm,idiv,5,26565
sample10.asm,andb,5,26565
sample10.asm,ffreep,5,26565
sample10.asm,fsubs,5,26565
sample10.asm,fsubrs,5,26565
sample10.asm,neg,4,26565
sample10.asm,pinsrw,4,26565
sample10.asm,xacquire,4,26565
sample10.asm,retw,4,26565
sample10.asm,ffree,4,26565
sample10.asm,bndldx,4,26565
sample10.asm,fcmove,4,26565
sample10.asm,lfs,4,26565
sample10.asm,setg,4,26565
sample10.asm,fcomp,4,26565
sample10.asm,fcmovu,4,26565
sample10.asm,bswap,4,26565
sample10.asm,orl,4,26565
sample10.asm,rep,4,26565
sample10.asm,fmul,4,26565
sample10.asm,pushw,4,26565
sample10.asm,fdivl,4,26565
sample10.asm,idivl,4,26565
sample10.asm,fcomip,4,26565
sample10.asm,xrelease,3,26565
sample10.asm,fst,3,26565
sample10.asm,fcmovnb,3,26565
sample10.asm,fucomi,3,26565
sample10.asm,fucom,3,26565
sample10.asm,fcmovnbe,3,26565
sample10.asm,fcmovne,3,26565
sample10.asm,xadd,2,26565
sample10.asm,cvtps2pi,2,26565
sample10.asm,fmuls,2,26565
sample10.asm,fcmovbe,2,26565
sample10.asm,frstor,2,26565
sample10.asm,fscale,2,26565
sample10.asm,fcmovnu,2,26565
sample10.asm,fxch,2,26565
sample10.asm,movq,2,26565
sample10.asm,lsl,2,26565
sample10.asm,sysenter,2,26565
sample10.asm,fdivrs,2,26565
sample10.asm,fstpl,2,26565
sample10.asm,movups,2,26565
sample10.asm,psrlq,2,26565
sample10.asm,xabort,2,26565
sample10.asm,sample10,1,26565
sample10.asm,disassembly,1,26565
sample10.asm,movlps,1,26565
sample10.asm,fldz,1,26565
sample10.asm,pushfw,1,26565
sample10.asm,pmuludq,1,26565
sample10.asm,andps,1,26565
sample10.asm,bsf,1,26565
sample10.asm,getsec,1,26565
sample10.asm,bt,1,26565
sample10.asm,prefetch,1,26565
sample10.asm,fnclex,1,26565
sample10.asm,paddusw,1,26565
sample10.asm,subps,1,26565
sample10.asm,cvtdq2ps,1,26565
sample10.asm,punpckhbw,1,26565
sample10.asm,pcmpeqd,1,26565
sample10.asm,punpcklbw,1,26565
sample10.asm,cmpxchg,1,26565
sample10.asm,fldlg2,1,26565
sample10.asm,setnp,1,26565
sample10.asm,pmaddwd,1,26565
sample10.asm,packsswb,1,26565
sample10.asm,fbstp,1,26565
sample10.asm,lretw,1,26565
sample10.asm,pmullw,1,26565
sample10.asm,ud1,1,26565
sample10.asm,cpuid,1,26565
sample10.asm,pavgb,1,26565
sample10.asm,seta,1,26565
sample10.asm,psubq,1,26565
sample10.asm,fsqrt,1,26565
sample10.asm,cmovo,1,26565
sample10.asm,divps,1,26565
sample10.asm,sysexit,1,26565
sample10.asm,psadbw,1,26565
sample10.asm,f2xm1,1,26565
sample10.asm,cmovp,1,26565
sample10.asm,emms,1,26565
sample10.asm,rdpmc,1,26565
sample10.asm,vdivps,1,26565
sample10.asm,frndint,1,26565
sample10.asm,fyl2xp1,1,26565
sample10.asm,cmovl,1,26565
sample10.asm,btr,1,26565
sample10.asm,sete,1,26565
sample10.asm,movnti,1,26565
sample10.asm,orps,1,26565
sample10.asm,psubusb,1,26565
sample10.asm,btc,1,26565
sample10.asm,fnop,1,26565
sample10.asm,lgs,1,26565
sample10.asm,psllq,1,26565
sample10.asm,fucompp,1,26565
sample10.asm,fldl2t,1,26565
sample10.asm,iretw,1,26565
sample10.asm,ucomiss,1,26565
sample10.asm,loopnew,1,26565
sample10.asm,pmulhw,1,26565
sample10.asm,pcmpgtd,1,26565
sample10.asm,fpatan,1,26565
sample10.asm,cmova,1,26565
sample10.asm,fchs,1,26565
sample10.asm,knotw,1,26565
sample10.asm,punpcklwd,1,26565
sample10.asm,invd,1,26565
sample20.asm,push,677,4425
sample20.asm,mov,643,4425
sample20.asm,pop,339,4425
sample20.asm,ret,287,4425
sample20.asm,or,281,4425
sample20.asm,jne,238,4425
sample20.asm,lea,209,4425
sample20.asm,cmp,173,4425
sample20.asm,test,170,4425
sample20.asm,je,168,4425
sample20.asm,xor,153,4425
sample20.asm,cmpl,141,4425
sample20.asm,int3,85,4425
sample20.asm,inc,83,4425
sample20.asm,jmp,76,4425
sample20.asm,addl,62,4425
sample20.asm,call,51,4425
sample20.asm,sub,45,4425
sample20.asm,and,37,4425
sample20.asm,movzbl,32,4425
sample20.asm,jb,30,4425
sample20.asm,sbb,28,4425
sample20.asm,sldt,28,4425
sample20.asm,shr,27,4425
sample20.asm,movzwl,22,4425
sample20.asm,jl,19,4425
sample20.asm,cmpb,18,4425
sample20.asm,jle,16,4425
sample20.asm,incl,15,4425
sample20.asm,jbe,13,4425
sample20.asm,jg,13,4425
sample20.asm,xchg,11,4425
sample20.asm,incb,10,4425
sample20.asm,andl,9,4425
sample20.asm,neg,8,4425
sample20.asm,movb,7,4425
sample20.asm,lods,7,4425
sample20.asm,rorb,7,4425
sample20.asm,outsb,7,4425
sample20.asm,jae,6,4425
sample20.asm,js,6,4425
sample20.asm,testb,6,4425
sample20.asm,cld,6,4425
sample20.asm,jp,6,4425
sample20.asm,ja,5,4425
sample20.asm,orl,5,4425
sample20.asm,jge,5,4425
sample20.asm,in,5,4425
sample20.asm,jns,4,4425
sample20.asm,shl,4,4425
sample20.asm,sete,4,4425
sample20.asm,aam,4,4425
sample20.asm,les,4,4425
sample20.asm,movsb,4,4425
sample20.asm,out,4,4425
sample20.asm,insb,4,4425
sample20.asm,pusha,3,4425
sample20.asm,loopne,3,4425
sample20.asm,cmpsb,3,4425
sample20.asm,hlt,3,4425
sample20.asm,scas,3,4425
sample20.asm,enter,3,4425
sample20.asm,ss,3,4425
sample20.asm,jo,3,4425
sample20.asm,data16,3,4425
sample20.asm,cli,3,4425
sample20.asm,not,2,4425
sample20.asm,div,2,4425
sample20.asm,leave,2,4425
sample20.asm,imul,2,4425
sample20.asm,clc,2,4425
sample20.asm,lock,2,4425
sample20.asm,cwtl,2,4425
sample20.asm,orb,2,4425
sample20.asm,fisttpl,2,4425
sample20.asm,fmull,2,4425
sample20.asm,fmuls,2,4425
sample20.asm,loop,2,4425
sample20.asm,sahf,2,4425
sample20.asm,fiadds,2,4425
sample20.asm,fiaddl,2,4425
sample20.asm,rolb,2,4425
sample20.asm,into,2,4425
sample20.asm,bound,2,4425
sample20.asm,ds,2,4425
sample20.asm,cs,2,4425
sample20.asm,es,2,4425
sample20.asm,sample2,1,4425
sample20.asm,disassembly,1,4425
sample20.asm,cmove,1,4425
sample20.asm,setne,1,4425
sample20.asm,cmovg,1,4425
sample20.asm,movsbl,1,4425
sample20.asm,repz,1,4425
sample20.asm,int,1,4425
sample20.asm,pushf,1,4425
sample20.asm,fcoml,1,4425
sample20.asm,fcoms,1,4425
sample20.asm,rclb,1,4425
sample20.asm,das,1,4425
sample20.asm,nop,1,4425
sample20.asm,xlat,1,4425
sample20.asm,fs,1,4425
sample20.asm,ficomps,1,4425
sample20.asm,lds,1,4425
sample20.asm,repnz,1,4425
sample20.asm,fimuls,1,4425
sample20.asm,fimull,1,4425
sample20.asm,stc,1,4425
sample20.asm,lret,1,4425
sample20.asm,popw,1,4425
sample20.asm,stos,1,4425
sample20.asm,pushw,1,4425
sample12.asm,push,3526,26548
sample12.asm,mov,1712,26548
sample12.asm,pop,1379,26548
sample12.asm,xchg,1089,26548
sample12.asm,inc,1033,26548
sample12.asm,call,769,26548
sample12.asm,cmp,733,26548
sample12.asm,xor,598,26548
sample12.asm,sbb,591,26548
sample12.asm,sub,555,26548
sample12.asm,out,545,26548
sample12.asm,test,542,26548
sample12.asm,in,534,26548
sample12.asm,and,504,26548
sample12.asm,or,490,26548
sample12.asm,decl,393,26548
sample12.asm,lods,313,26548
sample12.asm,ret,273,26548
sample12.asm,stos,266,26548
sample12.asm,lret,256,26548
sample12.asm,scas,238,26548
sample12.asm,jno,171,26548
sample12.asm,repnz,153,26548
sample12.asm,cld,153,26548
sample12.asm,jne,149,26548
sample12.asm,popa,147,26548
sample12.asm,int3,146,26548
sample12.asm,jmp,142,26548
sample12.asm,cwtl,139,26548
sample12.asm,iret,139,26548
sample12.asm,outsb,139,26548
sample12.asm,pushf,137,26548
sample12.asm,jnp,137,26548
sample12.asm,aam,137,26548
sample12.asm,jp,137,26548
sample12.asm,jle,136,26548
sample12.asm,das,136,26548
sample12.asm,jae,135,26548
sample12.asm,into,132,26548
sample12.asm,cltd,131,26548
sample12.asm,hlt,130,26548
sample12.asm,cmpsl,129,26548
sample12.asm,js,129,26548
sample12.asm,jg,129,26548
sample12.asm,cmpsb,126,26548
sample12.asm,je,125,26548
sample12.asm,loopne,125,26548
sample12.asm,nop,125,26548
sample12.asm,enter,125,26548
sample12.asm,jo,123,26548
sample12.asm,jns,121,26548
sample12.asm,pusha,121,26548
sample12.asm,std,120,26548
sample12.asm,int,120,26548
sample12.asm,cli,120,26548
sample12.asm,movsb,120,26548
sample12.asm,aas,119,26548
sample12.asm,movsl,119,26548
sample12.asm,lahf,119,26548
sample12.asm,sti,118,26548
sample12.asm,jbe,118,26548
sample12.asm,clc,117,26548
sample12.asm,jecxz,116,26548
sample12.asm,jge,116,26548
sample12.asm,int1,115,26548
sample12.asm,xlat,114,26548
sample12.asm,outsl,114,26548
sample12.asm,popf,113,26548
sample12.asm,loop,111,26548
sample12.asm,stc,110,26548
sample12.asm,jb,110,26548
sample12.asm,jl,110,26548
sample12.asm,leave,109,26548
sample12.asm,sahf,108,26548
sample12.asm,loope,106,26548
sample12.asm,fwait,106,26548
sample12.asm,ja,102,26548
sample12.asm,insb,101,26548
sample12.asm,insl,99,26548
sample12.asm,repz,96,26548
sample12.asm,cmc,96,26548
sample12.asm,lock,93,26548
sample12.asm,arpl,93,26548
sample12.asm,imul,90,26548
sample12.asm,addr16,88,26548
sample12.asm,lea,85,26548
sample12.asm,fs,77,26548
sample12.asm,cs,73,26548
sample12.asm,gs,69,26548
sample12.asm,ss,65,26548
sample12.asm,les,64,26548
sample12.asm,es,63,26548
sample12.asm,data16,56,26548
sample12.asm,bound,54,26548
sample12.asm,shl,54,26548
sample12.asm,ds,50,26548
sample12.asm,lds,49,26548
sample12.asm,shll,47,26548
sample12.asm,shlb,41,26548
sample12.asm,rcrl,35,26548
sample12.asm,rol,29,26548
sample12.asm,rclb,29,26548
sample12.asm,ror,28,26548
sample12.asm,sar,28,26548
sample12.asm,roll,27,26548
sample12.asm,fcoml,26,26548
sample12.asm,rcr,25,26548
sample12.asm,rorl,25,26548
sample12.asm,sbbb,24,26548
sample12.asm,rcl,24,26548
sample12.asm,rcrb,22,26548
sample12.asm,shrb,21,26548
sample12.asm,rolb,21,26548
sample12.asm,shr,20,26548
sample12.asm,sarl,19,26548
sample12.asm,andb,19,26548
sample12.asm,cmpb,18,26548
sample12.asm,lcall,18,26548
sample12.asm,sarb,18,26548
sample12.asm,rorb,17,26548
sample12.asm,rcll,16,26548
sample12.asm,incl,16,26548
sample12.asm,neg,15,26548
sample12.asm,not,15,26548
sample12.asm,fisttps,15,26548
sample12.asm,fnstenv,14,26548
sample12.asm,fsubrs,14,26548
sample12.asm,fiadds,14,26548
sample12.asm,fildll,14,26548
sample12.asm,fldcw,13,26548
sample12.asm,fnstcw,13,26548
sample12.asm,fbld,13,26548
sample12.asm,ljmp,13,26548
sample12.asm,fldenv,12,26548
sample12.asm,fstps,12,26548
sample12.asm,fstpt,12,26548
sample12.asm,fsts,12,26548
sample12.asm,frstor,12,26548
sample12.asm,testb,12,26548
sample12.asm,fists,12,26548
sample12.asm,subb,12,26548
sample12.asm,fldl,11,26548
sample12.asm,faddl,11,26548
sample12.asm,divl,11,26548
sample12.asm,mul,11,26548
sample12.asm,shrl,11,26548
sample12.asm,fsubrp,10,26548
sample12.asm,fimuls,10,26548
sample12.asm,orl,10,26548
sample12.asm,fdivrl,10,26548
sample12.asm,addl,10,26548
sample12.asm,fsubl,10,26548
sample12.asm,notl,10,26548
sample12.asm,fdivs,10,26548
sample12.asm,fsubs,10,26548
sample12.asm,fidivrs,10,26548
sample12.asm,andl,9,26548
sample12.asm,fnsave,9,26548
sample12.asm,fdivrs,9,26548
sample12.asm,fcmovnb,9,26548
sample12.asm,fistpl,9,26548
sample12.asm,orb,9,26548
sample12.asm,xorb,9,26548
sample12.asm,filds,9,26548
sample12.asm,div,9,26548
sample12.asm,fucom,8,26548
sample12.asm,fstl,8,26548
sample12.asm,ficomps,8,26548
sample12.asm,bnd,8,26548
sample12.asm,fnstsw,8,26548
sample12.asm,fbstp,8,26548
sample12.asm,fadds,8,26548
sample12.asm,mull,8,26548
sample12.asm,movb,8,26548
sample12.asm,sbbl,8,26548
sample12.asm,fisubs,8,26548
sample12.asm,fistps,8,26548
sample12.asm,ficoms,7,26548
sample12.asm,fld,7,26548
sample12.asm,fldl2e,7,26548
sample12.asm,idivb,7,26548
sample12.asm,fdivp,7,26548
sample12.asm,fmuls,7,26548
sample12.asm,negl,7,26548
sample12.asm,fisubrl,7,26548
sample12.asm,fisubl,7,26548
sample12.asm,adcl,7,26548
sample12.asm,divb,7,26548
sample12.asm,fistpll,7,26548
sample12.asm,fisubrs,7,26548
sample12.asm,fmul,7,26548
sample12.asm,fsubr,7,26548
sample12.asm,fcmovu,7,26548
sample12.asm,flds,6,26548
sample12.asm,fsubrl,6,26548
sample12.asm,notb,6,26548
sample12.asm,fcomi,6,26548
sample12.asm,fidivs,6,26548
sample12.asm,fisttpll,6,26548
sample12.asm,fstpl,6,26548
sample12.asm,subl,6,26548
sample12.asm,incb,6,26548
sample12.asm,ficompl,6,26548
sample12.asm,fdiv,6,26548
sample12.asm,fcomps,6,26548
sample12.asm,fisttpl,6,26548
sample12.asm,imull,6,26548
sample12.asm,cmpl,6,26548
sample12.asm,idivl,6,26548
sample12.asm,fmulp,6,26548
sample12.asm,fmull,5,26548
sample12.asm,fimull,5,26548
sample12.asm,fidivl,5,26548
sample12.asm,fucomip,5,26548
sample12.asm,fildl,5,26548
sample12.asm,fdivl,5,26548
sample12.asm,fistl,5,26548
sample12.asm,fsqrt,4,26548
sample12.asm,pmuludq,4,26548
sample12.asm,fcmovnbe,4,26548
sample12.asm,imulb,4,26548
sample12.asm,fcoms,4,26548
sample12.asm,fldt,4,26548
sample12.asm,fcmove,4,26548
sample12.asm,idiv,4,26548
sample12.asm,fdivr,4,26548
sample12.asm,rep,4,26548
sample12.asm,fucomi,4,26548
sample12.asm,xorl,4,26548
sample12.asm,fldz,3,26548
sample12.asm,pmaxub,3,26548
sample12.asm,rdmsr,3,26548
sample12.asm,fcompl,3,26548
sample12.asm,fcom,3,26548
sample12.asm,fxch,3,26548
sample12.asm,fsub,3,26548
sample12.asm,xabort,3,26548
sample12.asm,fcmovne,3,26548
sample12.asm,ffreep,3,26548
sample12.asm,retw,3,26548
sample12.asm,ficoml,3,26548
sample12.asm,bswap,3,26548
sample12.asm,xadd,3,26548
sample12.asm,fdivrp,3,26548
sample12.asm,fiaddl,3,26548
sample12.asm,fidivrl,3,26548
sample12.asm,ffree,3,26548
sample12.asm,negb,3,26548
sample12.asm,ud0,2,26548
sample12.asm,clts,2,26548
sample12.asm,fcmovb,2,26548
sample12.asm,pushfw,2,26548
sample12.asm,fst,2,26548
sample12.asm,fchs,2,26548
sample12.asm,cmovne,2,26548
sample12.asm,fsubp,2,26548
sample12.asm,movzwl,2,26548
sample12.asm,pushw,2,26548
sample12.asm,mulb,2,26548
sample12.asm,fcmovbe,2,26548
sample12.asm,xacquire,2,26548
sample12.asm,fucomp,2,26548
sample12.asm,movsw,2,26548
sample12.asm,faddp,2,26548
sample12.asm,lsl,2,26548
sample12.asm,psadbw,2,26548
sample12.asm,shld,2,26548
sample12.asm,sample12,1,26548
sample12.asm,disassembly,1,26548
sample12.asm,movhlps,1,26548
sample12.asm,fxam,1,26548
sample12.asm,montmul,1,26548
sample12.asm,fcomp,1,26548
sample12.asm,jcxz,1,26548
sample12.asm,vpunpckhqdq,1,26548
sample12.asm,sbbw,1,26548
sample12.asm,bndldx,1,26548
sample12.asm,xrelease,1,26548
sample12.asm,ftst,1,26548
sample12.asm,movhps,1,26548
sample12.asm,fldpi,1,26548
sample12.asm,cmpps,1,26548
sample12.asm,cmpxchg,1,26548
sample12.asm,leavew,1,26548
sample12.asm,cvttps2pi,1,26548
sample12.asm,bts,1,26548
sample12.asm,fcmovnu,1,26548
sample12.asm,lidtl,1,26548
sample12.asm,popw,1,26548
sample12.asm,mulps,1,26548
sample12.asm,cmova,1,26548
sample12.asm,ucomiss,1,26548
sample12.asm,prefetch,1,26548
sample12.asm,btc,1,26548
sample12.asm,nopl,1,26548
sample12.asm,cbtw,1,26548
sample12.asm,paddd,1,26548
sample12.asm,setno,1,26548
sample12.asm,comiss,1,26548
sample12.asm,fstp,1,26548
sample12.asm,bt,1,26548
sample12.asm,movmskps,1,26548
sample12.asm,cmovs,1,26548
sample12.asm,rcpps,1,26548
sample12.asm,callw,1,26548
sample12.asm,cmovo,1,26548
sample12.asm,f2xm1,1,26548
sample12.asm,psrlw,1,26548
sample12.asm,psubd,1,26548
sample12.asm,paddw,1,26548
sample12.asm,psubsw,1,26548
sample12.asm,punpckhwd,1,26548
sample12.asm,por,1,26548
sample12.asm,pxor,1,26548
sample12.asm,shrd,1,26548
sample12.asm,jmpw,1,26548
sample12.asm,sysret,1,26548
sample12.asm,fnclex,1,26548
sample12.asm,femms,1,26548
sample12.asm,rdpmc,1,26548
sample12.asm,fcomip,1,26548
sample16.asm,push,3245,26739
sample16.asm,mov,1748,26739
sample16.asm,pop,1344,26739
sample16.asm,xchg,1064,26739
sample16.asm,inc,934,26739
sample16.asm,call,779,26739
sample16.asm,decl,745,26739
sample16.asm,cmp,700,26739
sample16.asm,and,656,26739
sample16.asm,sbb,605,26739
sample16.asm,sub,601,26739
sample16.asm,xor,594,26739
sample16.asm,or,544,26739
sample16.asm,out,520,26739
sample16.asm,test,507,26739
sample16.asm,in,475,26739
sample16.asm,lret,277,26739
sample16.asm,scas,259,26739
sample16.asm,ret,259,26739
sample16.asm,xlat,255,26739
sample16.asm,stos,246,26739
sample16.asm,lods,236,26739
sample16.asm,jnp,198,26739
sample16.asm,movsb,186,26739
sample16.asm,jns,185,26739
sample16.asm,ja,181,26739
sample16.asm,loope,171,26739
sample16.asm,cltd,139,26739
sample16.asm,jle,139,26739
sample16.asm,int,139,26739
sample16.asm,je,138,26739
sample16.asm,cli,137,26739
sample16.asm,popa,137,26739
sample16.asm,aam,136,26739
sample16.asm,hlt,135,26739
sample16.asm,cmpsl,133,26739
sample16.asm,jp,132,26739
sample16.asm,pushf,132,26739
sample16.asm,nop,132,26739
sample16.asm,jmp,131,26739
sample16.asm,sti,130,26739
sample16.asm,jge,128,26739
sample16.asm,jl,127,26739
sample16.asm,loop,126,26739
sample16.asm,into,126,26739
sample16.asm,jecxz,125,26739
sample16.asm,jne,125,26739
sample16.asm,cld,125,26739
sample16.asm,outsl,125,26739
sample16.asm,leave,125,26739
sample16.asm,jg,124,26739
sample16.asm,jb,123,26739
sample16.asm,jo,123,26739
sample16.asm,jno,122,26739
sample16.asm,int3,121,26739
sample16.asm,aas,121,26739
sample16.asm,sahf,121,26739
sample16.asm,movsl,120,26739
sample16.asm,cmpsb,119,26739
sample16.asm,js,119,26739
sample16.asm,loopne,117,26739
sample16.asm,insl,116,26739
sample16.asm,pusha,116,26739
sample16.asm,cmc,115,26739
sample16.asm,outsb,115,26739
sample16.asm,cwtl,114,26739
sample16.asm,clc,114,26739
sample16.asm,iret,114,26739
sample16.asm,jbe,111,26739
sample16.asm,das,111,26739
sample16.asm,int1,111,26739
sample16.asm,repz,110,26739
sample16.asm,fwait,110,26739
sample16.asm,stc,108,26739
sample16.asm,std,107,26739
sample16.asm,gs,104,26739
sample16.asm,lahf,102,26739
sample16.asm,insb,101,26739
sample16.asm,popf,100,26739
sample16.asm,lea,99,26739
sample16.asm,jae,96,26739
sample16.asm,enter,95,26739
sample16.asm,lock,93,26739
sample16.asm,arpl,91,26739
sample16.asm,repnz,87,26739
sample16.asm,ss,82,26739
sample16.asm,imul,78,26739
sample16.asm,cs,78,26739
sample16.asm,fs,77,26739
sample16.asm,addr16,69,26739
sample16.asm,bound,63,26739
sample16.asm,es,61,26739
sample16.asm,ds,52,26739
sample16.asm,les,50,26739
sample16.asm,lds,49,26739
sample16.asm,shl,48,26739
sample16.asm,data16,48,26739
sample16.asm,shll,44,26739
sample16.asm,shlb,32,26739
sample16.asm,rorl,32,26739
sample16.asm,rol,32,26739
sample16.asm,rcr,29,26739
sample16.asm,sarl,28,26739
sample16.asm,rclb,27,26739
sample16.asm,rcl,27,26739
sample16.asm,shr,26,26739
sample16.asm,orl,25,26739
sample16.asm,ror,25,26739
sample16.asm,rorb,25,26739
sample16.asm,shrb,23,26739
sample16.asm,rolb,23,26739
sample16.asm,roll,22,26739
sample16.asm,ljmp,22,26739
sample16.asm,rcrl,22,26739
sample16.asm,shrl,20,26739
sample16.asm,faddl,19,26739
sample16.asm,cmpb,18,26739
sample16.asm,sar,18,26739
sample16.asm,orb,17,26739
sample16.asm,rcll,16,26739
sample16.asm,div,15,26739
sample16.asm,fsubr,13,26739
sample16.asm,fistpll,13,26739
sample16.asm,fisubs,13,26739
sample16.asm,lcall,13,26739
sample16.asm,fnstsw,12,26739
sample16.asm,fidivrs,12,26739
sample16.asm,bnd,12,26739
sample16.asm,incl,12,26739
sample16.asm,fisubrl,12,26739
sample16.asm,testb,12,26739
sample16.asm,fimull,12,26739
sample16.asm,ficomps,12,26739
sample16.asm,xorb,12,26739
sample16.asm,fnstcw,11,26739
sample16.asm,filds,11,26739
sample16.asm,fstl,11,26739
sample16.asm,rcrb,11,26739
sample16.asm,fdivrl,11,26739
sample16.asm,sarb,11,26739
sample16.asm,fisttpll,11,26739
sample16.asm,fistps,11,26739
sample16.asm,fmull,11,26739
sample16.asm,fldl,11,26739
sample16.asm,fsubl,11,26739
sample16.asm,andb,11,26739
sample16.asm,fsubrl,11,26739
sample16.asm,fldt,11,26739
sample16.asm,sbbb,11,26739
sample16.asm,fucomi,10,26739
sample16.asm,fists,10,26739
sample16.asm,fsub,10,26739
sample16.asm,fdivp,10,26739
sample16.asm,negl,10,26739
sample16.asm,neg,9,26739
sample16.asm,subb,9,26739
sample16.asm,idiv,9,26739
sample16.asm,negb,9,26739
sample16.asm,ficoml,9,26739
sample16.asm,fcoml,9,26739
sample16.asm,fcomps,9,26739
sample16.asm,fldcw,9,26739
sample16.asm,fiadds,9,26739
sample16.asm,fiaddl,9,26739
sample16.asm,not,8,26739
sample16.asm,notl,8,26739
sample16.asm,idivb,8,26739
sample16.asm,fimuls,8,26739
sample16.asm,fidivl,8,26739
sample16.asm,cmpl,8,26739
sample16.asm,fildll,8,26739
sample16.asm,adcl,8,26739
sample16.asm,imull,8,26739
sample16.asm,fbld,8,26739
sample16.asm,fstpt,8,26739
sample16.asm,subl,8,26739
sample16.asm,fstpl,8,26739
sample16.asm,fstps,8,26739
sample16.asm,fdivl,8,26739
sample16.asm,andl,8,26739
sample16.asm,fisttps,7,26739
sample16.asm,flds,7,26739
sample16.asm,ficoms,7,26739
sample16.asm,fcomp,7,26739
sample16.asm,fnsave,7,26739
sample16.asm,mull,7,26739
sample16.asm,imulb,7,26739
sample16.asm,fistl,7,26739
sample16.asm,mul,7,26739
sample16.asm,notb,7,26739
sample16.asm,fistpl,6,26739
sample16.asm,incb,6,26739
sample16.asm,mulb,6,26739
sample16.asm,fcmovu,6,26739
sample16.asm,fcmovnu,6,26739
sample16.asm,fnstenv,6,26739
sample16.asm,fidivs,6,26739
sample16.asm,fcoms,6,26739
sample16.asm,fbstp,6,26739
sample16.asm,fdiv,6,26739
sample16.asm,fmulp,6,26739
sample16.asm,fcom,6,26739
sample16.asm,divb,6,26739
sample16.asm,fsubp,5,26739
sample16.asm,fucomip,5,26739
sample16.asm,faddp,5,26739
sample16.asm,fcompl,5,26739
sample16.asm,fcomi,5,26739
sample16.asm,fldenv,5,26739
sample16.asm,fmul,5,26739
sample16.asm,fisubrs,5,26739
sample16.asm,fisttpl,5,26739
sample16.asm,fsubrp,5,26739
sample16.asm,fstp,5,26739
sample16.asm,divl,5,26739
sample16.asm,xorl,5,26739
sample16.asm,idivl,5,26739
sample16.asm,fidivrl,5,26739
sample16.asm,fcmovnb,5,26739
sample16.asm,fdivs,5,26739
sample16.asm,fucom,5,26739
sample16.asm,btr,4,26739
sample16.asm,fcmove,4,26739
sample16.asm,ficompl,4,26739
sample16.asm,fmuls,4,26739
sample16.asm,fcmovb,4,26739
sample16.asm,fadds,4,26739
sample16.asm,fdivr,4,26739
sample16.asm,fcmovbe,4,26739
sample16.asm,fcomip,4,26739
sample16.asm,fst,4,26739
sample16.asm,fld,4,26739
sample16.asm,fisubl,4,26739
sample16.asm,fildl,4,26739
sample16.asm,wbinvd,3,26739
sample16.asm,cmovns,3,26739
sample16.asm,setl,3,26739
sample16.asm,fsts,3,26739
sample16.asm,addl,3,26739
sample16.asm,ffree,3,26739
sample16.asm,fcmovne,3,26739
sample16.asm,fsubrs,3,26739
sample16.asm,psrlq,2,26739
sample16.asm,ffreep,2,26739
sample16.asm,psraw,2,26739
sample16.asm,fucomp,2,26739
sample16.asm,addps,2,26739
sample16.asm,rep,2,26739
sample16.asm,clts,2,26739
sample16.asm,fdecstp,2,26739
sample16.asm,popw,2,26739
sample16.asm,movb,2,26739
sample16.asm,movnti,2,26739
sample16.asm,cvtps2pi,2,26739
sample16.asm,frstor,2,26739
sample16.asm,punpckhdq,2,26739
sample16.asm,sample16,1,26739
sample16.asm,disassembly,1,26739
sample16.asm,sldt,1,26739
sample16.asm,fscale,1,26739
sample16.asm,sysexit,1,26739
sample16.asm,verr,1,26739
sample16.asm,bswap,1,26739
sample16.asm,bt,1,26739
sample16.asm,fdivrp,1,26739
sample16.asm,sgdtl,1,26739
sample16.asm,outsw,1,26739
sample16.asm,fxtract,1,26739
sample16.asm,lretw,1,26739
sample16.asm,fsubs,1,26739
sample16.asm,punpckhwd,1,26739
sample16.asm,fsin,1,26739
sample16.asm,unpckhps,1,26739
sample16.asm,setbe,1,26739
sample16.asm,pminub,1,26739
sample16.asm,fcmovnbe,1,26739
sample16.asm,fldl2t,1,26739
sample16.asm,seta,1,26739
sample16.asm,pmaxsw,1,26739
sample16.asm,vpmaxub,1,26739
sample16.asm,cmovno,1,26739
sample16.asm,lss,1,26739
sample16.asm,ucomiss,1,26739
sample16.asm,psubb,1,26739
sample16.asm,psllq,1,26739
sample16.asm,fldl2e,1,26739
sample16.asm,pcmpeqw,1,26739
sample16.asm,pmuludq,1,26739
sample16.asm,fldlg2,1,26739
sample16.asm,fyl2xp1,1,26739
sample16.asm,fcompp,1,26739
sample16.asm,movaps,1,26739
sample16.asm,subps,1,26739
sample16.asm,leavew,1,26739
sample16.asm,paddq,1,26739
sample16.asm,rsm,1,26739
sample16.asm,prefetcht0,1,26739
sample16.asm,callw,1,26739
sample16.asm,unpcklps,1,26739
sample16.asm,fcos,1,26739
sample16.asm,fdivrs,1,26739
sample16.asm,verw,1,26739
sample16.asm,cmovbe,1,26739
sample16.asm,movntps,1,26739
sample16.asm,pxor,1,26739
sample16.asm,retw,1,26739
sample16.asm,vmread,1,26739
sample16.asm,fprem,1,26739
sample16.asm,xabort,1,26739
sample16.asm,fucompp,1,26739
sample16.asm,fninit,1,26739
sample16.asm,divw,1,26739
sample6.asm,push,3245,26734
sample6.asm,mov,1748,26734
sample6.asm,pop,1345,26734
sample6.asm,xchg,1064,26734
sample6.asm,inc,934,26734
sample6.asm,call,779,26734
sample6.asm,decl,745,26734
sample6.asm,cmp,701,26734
sample6.asm,and,656,26734
sample6.asm,sbb,605,26734
sample6.asm,sub,601,26734
sample6.asm,xor,594,26734
sample6.asm,or,543,26734
sample6.asm,out,519,26734
sample6.asm,test,507,26734
sample6.asm,in,475,26734
sample6.asm,lret,278,26734
sample6.asm,scas,259,26734
sample6.asm,ret,259,26734
sample6.asm,xlat,255,26734
sample6.asm,stos,246,26734
sample6.asm,lods,237,26734
sample6.asm,jnp,198,26734
sample6.asm,jns,185,26734
sample6.asm,movsb,185,26734
sample6.asm,ja,181,26734
sample6.asm,loope,171,26734
sample6.asm,cltd,139,26734
sample6.asm,jle,139,26734
sample6.asm,int,139,26734
sample6.asm,je,138,26734
sample6.asm,cli,138,26734
sample6.asm,popa,137,26734
sample6.asm,aam,136,26734
sample6.asm,hlt,135,26734
sample6.asm,pushf,132,26734
sample6.asm,nop,132,26734
sample6.asm,cmpsl,132,26734
sample6.asm,jp,131,26734
sample6.asm,jmp,131,26734
sample6.asm,sti,130,26734
sample6.asm,jge,128,26734
sample6.asm,jl,127,26734
sample6.asm,loop,126,26734
sample6.asm,into,126,26734
sample6.asm,jecxz,125,26734
sample6.asm,cld,125,26734
sample6.asm,outsl,125,26734
sample6.asm,leave,125,26734
sample6.asm,jg,124,26734
sample6.asm,jb,123,26734
sample6.asm,jo,123,26734
sample6.asm,jne,123,26734
sample6.asm,jno,122,26734
sample6.asm,int3,121,26734
sample6.asm,aas,121,26734
sample6.asm,sahf,121,26734
sample6.asm,movsl,120,26734
sample6.asm,cmpsb,119,26734
sample6.asm,js,119,26734
sample6.asm,loopne,117,26734
sample6.asm,insl,116,26734
sample6.asm,pusha,116,26734
sample6.asm,cmc,115,26734
sample6.asm,outsb,115,26734
sample6.asm,cwtl,114,26734
sample6.asm,clc,114,26734
sample6.asm,iret,114,26734
sample6.asm,jbe,112,26734
sample6.asm,das,111,26734
sample6.asm,int1,111,26734
sample6.asm,repz,110,26734
sample6.asm,fwait,110,26734
sample6.asm,stc,108,26734
sample6.asm,std,107,26734
sample6.asm,gs,104,26734
sample6.asm,lahf,102,26734
sample6.asm,popf,100,26734
sample6.asm,insb,100,26734
sample6.asm,lea,99,26734
sample6.asm,jae,96,26734
sample6.asm,enter,94,26734
sample6.asm,lock,93,26734
sample6.asm,arpl,91,26734
sample6.asm,repnz,87,26734
sample6.asm,ss,82,26734
sample6.asm,cs,78,26734
sample6.asm,imul,77,26734
sample6.asm,fs,77,26734
sample6.asm,addr16,69,26734
sample6.asm,bound,63,26734
sample6.asm,es,61,26734
sample6.asm,ds,52,26734
sample6.asm,les,50,26734
sample6.asm,shl,48,26734
sample6.asm,data16,48,26734
sample6.asm,lds,48,26734
sample6.asm,shll,44,26734
sample6.asm,shlb,32,26734
sample6.asm,rorl,32,26734
sample6.asm,rol,32,26734
sample6.asm,rcr,29,26734
sample6.asm,sarl,28,26734
sample6.asm,rclb,27,26734
sample6.asm,rcl,27,26734
sample6.asm,shr,26,26734
sample6.asm,orl,25,26734
sample6.asm,ror,25,26734
sample6.asm,rorb,25,26734
sample6.asm,shrb,23,26734
sample6.asm,rolb,23,26734
sample6.asm,roll,22,26734
sample6.asm,ljmp,22,26734
sample6.asm,rcrl,22,26734
sample6.asm,shrl,20,26734
sample6.asm,faddl,19,26734
sample6.asm,cmpb,18,26734
sample6.asm,sar,18,26734
sample6.asm,orb,17,26734
sample6.asm,rcll,16,26734
sample6.asm,div,15,26734
sample6.asm,fsubr,13,26734
sample6.asm,fistpll,13,26734
sample6.asm,fisubs,13,26734
sample6.asm,lcall,13,26734
sample6.asm,fnstsw,12,26734
sample6.asm,fidivrs,12,26734
sample6.asm,bnd,12,26734
sample6.asm,incl,12,26734
sample6.asm,fisubrl,12,26734
sample6.asm,testb,12,26734
sample6.asm,fimull,12,26734
sample6.asm,ficomps,12,26734
sample6.asm,xorb,12,26734
sample6.asm,fnstcw,11,26734
sample6.asm,filds,11,26734
sample6.asm,fstl,11,26734
sample6.asm,rcrb,11,26734
sample6.asm,fdivrl,11,26734
sample6.asm,sarb,11,26734
sample6.asm,fisttpll,11,26734
sample6.asm,fistps,11,26734
sample6.asm,fmull,11,26734
sample6.asm,fldl,11,26734
sample6.asm,fsubl,11,26734
sample6.asm,andb,11,26734
sample6.asm,fsubrl,11,26734
sample6.asm,fldt,11,26734
sample6.asm,sbbb,11,26734
sample6.asm,fucomi,10,26734
sample6.asm,fists,10,26734
sample6.asm,fsub,10,26734
sample6.asm,fdivp,10,26734
sample6.asm,negl,10,26734
sample6.asm,neg,9,26734
sample6.asm,subb,9,26734
sample6.asm,idiv,9,26734
sample6.asm,negb,9,26734
sample6.asm,ficoml,9,26734
sample6.asm,fcoml,9,26734
sample6.asm,fcomps,9,26734
sample6.asm,fldcw,9,26734
sample6.asm,fiadds,9,26734
sample6.asm,fiaddl,9,26734
sample6.asm,not,8,26734
sample6.asm,notl,8,26734
sample6.asm,idivb,8,26734
sample6.asm,fimuls,8,26734
sample6.asm,fidivl,8,26734
sample6.asm,cmpl,8,26734
sample6.asm,fildll,8,26734
sample6.asm,adcl,8,26734
sample6.asm,imull,8,26734
sample6.asm,fbld,8,26734
sample6.asm,fstpt,8,26734
sample6.asm,subl,8,26734
sample6.asm,fstpl,8,26734
sample6.asm,fstps,8,26734
sample6.asm,fdivl,8,26734
sample6.asm,andl,8,26734
sample6.asm,fisttps,7,26734
sample6.asm,flds,7,26734
sample6.asm,ficoms,7,26734
sample6.asm,fcomp,7,26734
sample6.asm,fnsave,7,26734
sample6.asm,mull,7,26734
sample6.asm,imulb,7,26734
sample6.asm,fistl,7,26734
sample6.asm,mul,7,26734
sample6.asm,notb,7,26734
sample6.asm,fistpl,6,26734
sample6.asm,incb,6,26734
sample6.asm,mulb,6,26734
sample6.asm,fcmovu,6,26734
sample6.asm,fcmovnu,6,26734
sample6.asm,fnstenv,6,26734
sample6.asm,fidivs,6,26734
sample6.asm,fcoms,6,26734
sample6.asm,fbstp,6,26734
sample6.asm,fdiv,6,26734
sample6.asm,fmulp,6,26734
sample6.asm,fcom,6,26734
sample6.asm,divb,6,26734
sample6.asm,fsubp,5,26734
sample6.asm,fucomip,5,26734
sample6.asm,faddp,5,26734
sample6.asm,fcompl,5,26734
sample6.asm,fcomi,5,26734
sample6.asm,fldenv,5,26734
sample6.asm,fmul,5,26734
sample6.asm,fisubrs,5,26734
sample6.asm,fisttpl,5,26734
sample6.asm,fsubrp,5,26734
sample6.asm,fstp,5,26734
sample6.asm,divl,5,26734
sample6.asm,xorl,5,26734
sample6.asm,idivl,5,26734
sample6.asm,fidivrl,5,26734
sample6.asm,fcmovnb,5,26734
sample6.asm,fdivs,5,26734
sample6.asm,fucom,5,26734
sample6.asm,btr,4,26734
sample6.asm,fcmove,4,26734
sample6.asm,ficompl,4,26734
sample6.asm,fmuls,4,26734
sample6.asm,fcmovb,4,26734
sample6.asm,fadds,4,26734
sample6.asm,fdivr,4,26734
sample6.asm,fcmovbe,4,26734
sample6.asm,fcomip,4,26734
sample6.asm,fst,4,26734
sample6.asm,fld,4,26734
sample6.asm,fisubl,4,26734
sample6.asm,fildl,4,26734
sample6.asm,wbinvd,3,26734
sample6.asm,cmovns,3,26734
sample6.asm,setl,3,26734
sample6.asm,fsts,3,26734
sample6.asm,addl,3,26734
sample6.asm,ffree,3,26734
sample6.asm,fcmovne,3,26734
sample6.asm,fsubrs,3,26734
sample6.asm,psrlq,2,26734
sample6.asm,ffreep,2,26734
sample6.asm,psraw,2,26734
sample6.asm,fucomp,2,26734
sample6.asm,addps,2,26734
sample6.asm,rep,2,26734
sample6.asm,clts,2,26734
sample6.asm,fdecstp,2,26734
sample6.asm,popw,2,26734
sample6.asm,movb,2,26734
sample6.asm,movnti,2,26734
sample6.asm,cvtps2pi,2,26734
sample6.asm,frstor,2,26734
sample6.asm,punpckhdq,2,26734
sample6.asm,sample6,1,26734
sample6.asm,disassembly,1,26734
sample6.asm,sldt,1,26734
sample6.asm,fscale,1,26734
sample6.asm,sysexit,1,26734
sample6.asm,verr,1,26734
sample6.asm,bswap,1,26734
sample6.asm,bt,1,26734
sample6.asm,fdivrp,1,26734
sample6.asm,sgdtl,1,26734
sample6.asm,outsw,1,26734
sample6.asm,fxtract,1,26734
sample6.asm,lretw,1,26734
sample6.asm,fsubs,1,26734
sample6.asm,punpckhwd,1,26734
sample6.asm,fsin,1,26734
sample6.asm,unpckhps,1,26734
sample6.asm,setbe,1,26734
sample6.asm,pminub,1,26734
sample6.asm,fcmovnbe,1,26734
sample6.asm,fldl2t,1,26734
sample6.asm,seta,1,26734
sample6.asm,pmaxsw,1,26734
sample6.asm,vpmaxub,1,26734
sample6.asm,cmovno,1,26734
sample6.asm,lss,1,26734
sample6.asm,ucomiss,1,26734
sample6.asm,psubb,1,26734
sample6.asm,psllq,1,26734
sample6.asm,fldl2e,1,26734
sample6.asm,pcmpeqw,1,26734
sample6.asm,pmuludq,1,26734
sample6.asm,fldlg2,1,26734
sample6.asm,fyl2xp1,1,26734
sample6.asm,fcompp,1,26734
sample6.asm,movaps,1,26734
sample6.asm,subps,1,26734
sample6.asm,leavew,1,26734
sample6.asm,paddq,1,26734
sample6.asm,rsm,1,26734
sample6.asm,prefetcht0,1,26734
sample6.asm,callw,1,26734
sample6.asm,unpcklps,1,26734
sample6.asm,fcos,1,26734
sample6.asm,fdivrs,1,26734
sample6.asm,verw,1,26734
sample6.asm,cmovbe,1,26734
sample6.asm,movntps,1,26734
sample6.asm,pxor,1,26734
sample6.asm,retw,1,26734
sample6.asm,vmread,1,26734
sample6.asm,fprem,1,26734
sample6.asm,xabort,1,26734
sample6.asm,fucompp,1,26734
sample6.asm,fninit,1,26734
sample6.asm,divw,1,26734
sample5.asm,push,3143,25423
sample5.asm,mov,1496,25423
sample5.asm,pop,1391,25423
sample5.asm,xchg,1107,25423
sample5.asm,inc,952,25423
sample5.asm,call,781,25423
sample5.asm,decl,749,25423
sample5.asm,cmp,669,25423
sample5.asm,sub,631,25423
sample5.asm,sbb,631,25423
sample5.asm,xor,557,25423
sample5.asm,and,521,25423
sample5.asm,or,503,25423
sample5.asm,test,469,25423
sample5.asm,in,463,25423
sample5.asm,out,459,25423
sample5.asm,stos,253,25423
sample5.asm,scas,248,25423
sample5.asm,lret,238,25423
sample5.asm,ret,223,25423
sample5.asm,lods,223,25423
sample5.asm,popa,143,25423
sample5.asm,outsb,142,25423
sample5.asm,stc,142,25423
sample5.asm,loope,141,25423
sample5.asm,jmp,139,25423
sample5.asm,sahf,137,25423
sample5.asm,nop,136,25423
sample5.asm,std,135,25423
sample5.asm,int1,132,25423
sample5.asm,pusha,132,25423
sample5.asm,cli,131,25423
sample5.asm,aam,130,25423
sample5.asm,jl,129,25423
sample5.asm,jb,129,25423
sample5.asm,loopne,128,25423
sample5.asm,enter,128,25423
sample5.asm,je,126,25423
sample5.asm,jge,126,25423
sample5.asm,xlat,125,25423
sample5.asm,into,124,25423
sample5.asm,cltd,123,25423
sample5.asm,movsb,123,25423
sample5.asm,jnp,121,25423
sample5.asm,fwait,121,25423
sample5.asm,insl,121,25423
sample5.asm,hlt,119,25423
sample5.asm,ja,119,25423
sample5.asm,loop,119,25423
sample5.asm,cld,119,25423
sample5.asm,jp,119,25423
sample5.asm,cmc,119,25423
sample5.asm,cmpsl,119,25423
sample5.asm,pushf,119,25423
sample5.asm,jg,119,25423
sample5.asm,cmpsb,118,25423
sample5.asm,cwtl,116,25423
sample5.asm,jne,116,25423
sample5.asm,insb,116,25423
sample5.asm,int,116,25423
sample5.asm,movsl,116,25423
sample5.asm,int3,116,25423
sample5.asm,jecxz,114,25423
sample5.asm,popf,114,25423
sample5.asm,aas,113,25423
sample5.asm,clc,113,25423
sample5.asm,iret,113,25423
sample5.asm,jae,113,25423
sample5.asm,jbe,111,25423
sample5.asm,jle,111,25423
sample5.asm,das,105,25423
sample5.asm,jo,105,25423
sample5.asm,js,103,25423
sample5.asm,lock,102,25423
sample5.asm,outsl,100,25423
sample5.asm,leave,100,25423
sample5.asm,jno,100,25423
sample5.asm,lahf,97,25423
sample5.asm,lea,96,25423
sample5.asm,sti,96,25423
sample5.asm,imul,88,25423
sample5.asm,repz,86,25423
sample5.asm,arpl,84,25423
sample5.asm,repnz,81,25423
sample5.asm,gs,81,25423
sample5.asm,ss,77,25423
sample5.asm,addr16,77,25423
sample5.asm,jns,75,25423
sample5.asm,ds,73,25423
sample5.asm,lds,69,25423
sample5.asm,cs,66,25423
sample5.asm,fs,66,25423
sample5.asm,es,65,25423
sample5.asm,bound,63,25423
sample5.asm,data16,59,25423
sample5.asm,shl,49,25423
sample5.asm,les,47,25423
sample5.asm,shlb,39,25423
sample5.asm,shll,30,25423
sample5.asm,ror,26,25423
sample5.asm,rcr,26,25423
sample5.asm,rcrb,25,25423
sample5.asm,rclb,23,25423
sample5.asm,rcll,23,25423
sample5.asm,shr,23,25423
sample5.asm,rolb,22,25423
sample5.asm,shrl,22,25423
sample5.asm,sar,22,25423
sample5.asm,roll,22,25423
sample5.asm,sarl,21,25423
sample5.asm,rorb,20,25423
sample5.asm,xorb,20,25423
sample5.asm,rcrl,20,25423
sample5.asm,rorl,18,25423
sample5.asm,rcl,18,25423
sample5.asm,testb,18,25423
sample5.asm,andb,18,25423
sample5.asm,bnd,17,25423
sample5.asm,cmpb,16,25423
sample5.asm,rol,16,25423
sample5.asm,orb,16,25423
sample5.asm,sarb,15,25423
sample5.asm,shrb,15,25423
sample5.asm,fstpl,14,25423
sample5.asm,flds,14,25423
sample5.asm,fidivrs,13,25423
sample5.asm,fcoms,13,25423
sample5.asm,fstpt,13,25423
sample5.asm,subb,13,25423
sample5.asm,fcomps,12,25423
sample5.asm,fistps,11,25423
sample5.asm,fidivl,11,25423
sample5.asm,sbbb,11,25423
sample5.asm,fsubrl,11,25423
sample5.asm,fdivr,11,25423
sample5.asm,subl,10,25423
sample5.asm,fnsave,10,25423
sample5.asm,fimull,10,25423
sample5.asm,faddl,10,25423
sample5.asm,fiaddl,10,25423
sample5.asm,fistpll,10,25423
sample5.asm,fldenv,10,25423
sample5.asm,fisubrl,9,25423
sample5.asm,divl,9,25423
sample5.asm,xorl,9,25423
sample5.asm,filds,9,25423
sample5.asm,movb,9,25423
sample5.asm,fiadds,9,25423
sample5.asm,incb,9,25423
sample5.asm,fisubrs,9,25423
sample5.asm,fdivl,9,25423
sample5.asm,not,8,25423
sample5.asm,idivb,8,25423
sample5.asm,ficomps,8,25423
sample5.asm,fmul,8,25423
sample5.asm,fldl,8,25423
sample5.asm,fisttpl,8,25423
sample5.asm,ljmp,8,25423
sample5.asm,fmuls,8,25423
sample5.asm,incl,8,25423
sample5.asm,mull,8,25423
sample5.asm,andl,8,25423
sample5.asm,mul,8,25423
sample5.asm,fcompl,8,25423
sample5.asm,ficoml,8,25423
sample5.asm,idivl,8,25423
sample5.asm,fst,7,25423
sample5.asm,cmpl,7,25423
sample5.asm,div,7,25423
sample5.asm,mulb,7,25423
sample5.asm,fists,7,25423
sample5.asm,fsub,7,25423
sample5.asm,fistl,7,25423
sample5.asm,notl,7,25423
sample5.asm,fsubrs,7,25423
sample5.asm,fdivrl,7,25423
sample5.asm,fdivrs,7,25423
sample5.asm,fucomip,7,25423
sample5.asm,fbstp,7,25423
sample5.asm,negb,7,25423
sample5.asm,imull,7,25423
sample5.asm,lcall,7,25423
sample5.asm,fildll,7,25423
sample5.asm,fstl,6,25423
sample5.asm,fsubr,6,25423
sample5.asm,fnstsw,6,25423
sample5.asm,fisttpll,6,25423
sample5.asm,fdiv,6,25423
sample5.asm,idiv,6,25423
sample5.asm,fldcw,6,25423
sample5.asm,fisubl,6,25423
sample5.asm,fmull,6,25423
sample5.asm,fsubs,6,25423
sample5.asm,neg,5,25423
sample5.asm,addl,5,25423
sample5.asm,fmulp,5,25423
sample5.asm,fbld,5,25423
sample5.asm,fcomp,5,25423
sample5.asm,negl,5,25423
sample5.asm,sbbl,5,25423
sample5.asm,imulb,5,25423
sample5.asm,fdivs,5,25423
sample5.asm,fistpl,5,25423
sample5.asm,frstor,5,25423
sample5.asm,fnstenv,5,25423
sample5.asm,ficompl,5,25423
sample5.asm,adcl,5,25423
sample5.asm,ffree,5,25423
sample5.asm,fcoml,5,25423
sample5.asm,fldt,5,25423
sample5.asm,fildl,5,25423
sample5.asm,fstps,5,25423
sample5.asm,fcomi,4,25423
sample5.asm,psraw,4,25423
sample5.asm,fld,4,25423
sample5.asm,fidivs,4,25423
sample5.asm,fucomi,4,25423
sample5.asm,fsubrp,4,25423
sample5.asm,fcom,4,25423
sample5.asm,fdivp,4,25423
sample5.asm,fisubs,4,25423
sample5.asm,fcmovnu,4,25423
sample5.asm,fidivrl,4,25423
sample5.asm,fsubl,4,25423
sample5.asm,fadds,4,25423
sample5.asm,fnstcw,4,25423
sample5.asm,divb,4,25423
sample5.asm,notb,4,25423
sample5.asm,ficoms,4,25423
sample5.asm,faddp,4,25423
sample5.asm,orl,4,25423
sample5.asm,fxch,4,25423
sample5.asm,fdivrp,3,25423
sample5.asm,fisttps,3,25423
sample5.asm,rep,3,25423
sample5.asm,fcmovnb,3,25423
sample5.asm,fsts,3,25423
sample5.asm,fucomp,3,25423
sample5.asm,xabort,3,25423
sample5.asm,fcmovbe,3,25423
sample5.asm,popw,3,25423
sample5.asm,movups,3,25423
sample5.asm,bswap,3,25423
sample5.asm,fucom,3,25423
sample5.asm,pmaxsw,2,25423
sample5.asm,str,2,25423
sample5.asm,pcmpeqb,2,25423
sample5.asm,fcmovnbe,2,25423
sample5.asm,fcmove,2,25423
sample5.asm,setb,2,25423
sample5.asm,fcmovne,2,25423
sample5.asm,fsqrt,2,25423
sample5.asm,fimuls,2,25423
sample5.asm,fcmovu,2,25423
sample5.asm,fsubp,2,25423
sample5.asm,insw,2,25423
sample5.asm,cmpsw,2,25423
sample5.asm,sample5,1,25423
sample5.asm,disassembly,1,25423
sample5.asm,sldt,1,25423
sample5.asm,orps,1,25423
sample5.asm,cmovne,1,25423
sample5.asm,btc,1,25423
sample5.asm,movzbl,1,25423
sample5.asm,andps,1,25423
sample5.asm,cvtps2pd,1,25423
sample5.asm,paddusb,1,25423
sample5.asm,movsw,1,25423
sample5.asm,psrlq,1,25423
sample5.asm,rdmsr,1,25423
sample5.asm,cvtpi2ps,1,25423
sample5.asm,rdpmc,1,25423
sample5.asm,jmpw,1,25423
sample5.asm,fnclex,1,25423
sample5.asm,cmove,1,25423
sample5.asm,cmpps,1,25423
sample5.asm,syscall,1,25423
sample5.asm,fninit,1,25423
sample5.asm,cmova,1,25423
sample5.asm,setae,1,25423
sample5.asm,callw,1,25423
sample5.asm,fscale,1,25423
sample5.asm,setl,1,25423
sample5.asm,xorps,1,25423
sample5.asm,outsw,1,25423
sample5.asm,popfw,1,25423
sample5.asm,wrmsr,1,25423
sample5.asm,leavew,1,25423
sample5.asm,cmovg,1,25423
sample5.asm,pmaddwd,1,25423
sample5.asm,xrelease,1,25423
sample5.asm,cmovb,1,25423
sample5.asm,pushfw,1,25423
sample5.asm,paddq,1,25423
sample5.asm,rolw,1,25423
sample5.asm,cmovp,1,25423
sample5.asm,punpckhbw,1,25423
sample5.asm,sysexit,1,25423
sample5.asm,setns,1,25423
sample5.asm,lsl,1,25423
sample5.asm,pmuludq,1,25423
sample5.asm,vmwrite,1,25423
sample5.asm,psubq,1,25423
sample5.asm,bt,1,25423
sample5.asm,lar,1,25423
sample5.asm,vdivss,1,25423
sample5.asm,pinsrw,1,25423
sample5.asm,popaw,1,25423
sample5.asm,rdtsc,1,25423
sample5.asm,punpckhdq,1,25423
sample5.asm,cbtw,1,25423
sample5.asm,maxps,1,25423
sample5.asm,divps,1,25423
sample5.asm,psubsw,1,25423
sample5.asm,ud1,1,25423
sample5.asm,fchs,1,25423
sample5.asm,movsbl,1,25423
sample5.asm,bndstx,1,25423
sample5.asm,fprem1,1,25423
sample5.asm,movd,1,25423
sample5.asm,ffreep,1,25423
sample5.asm,cmovnp,1,25423
sample5.asm,retw,1,25423
sample5.asm,fstp,1,25423
sample5.asm,movswl,1,25423
sample5.asm,andnps,1,25423
sample5.asm,movnti,1,25423
sample1.asm,push,3144,25417
sample1.asm,mov,1496,25417
sample1.asm,pop,1390,25417
sample1.asm,xchg,1108,25417
sample1.asm,inc,950,25417
sample1.asm,call,781,25417
sample1.asm,decl,749,25417
sample1.asm,cmp,668,25417
sample1.asm,sub,631,25417
sample1.asm,sbb,630,25417
sample1.asm,xor,556,25417
sample1.asm,and,521,25417
sample1.asm,or,502,25417
sample1.asm,test,469,25417
sample1.asm,in,462,25417
sample1.asm,out,458,25417
sample1.asm,stos,252,25417
sample1.asm,scas,249,25417
sample1.asm,lret,237,25417
sample1.asm,ret,223,25417
sample1.asm,lods,223,25417
sample1.asm,outsb,142,25417
sample1.asm,stc,142,25417
sample1.asm,popa,142,25417
sample1.asm,loope,141,25417
sample1.asm,jmp,139,25417
sample1.asm,sahf,137,25417
sample1.asm,nop,136,25417
sample1.asm,std,135,25417
sample1.asm,cli,132,25417
sample1.asm,int1,132,25417
sample1.asm,pusha,132,25417
sample1.asm,aam,130,25417
sample1.asm,jl,129,25417
sample1.asm,jb,129,25417
sample1.asm,loopne,128,25417
sample1.asm,enter,128,25417
sample1.asm,je,126,25417
sample1.asm,jge,126,25417
sample1.asm,xlat,125,25417
sample1.asm,into,124,25417
sample1.asm,cltd,123,25417
sample1.asm,movsb,123,25417
sample1.asm,jnp,122,25417
sample1.asm,fwait,121,25417
sample1.asm,insl,121,25417
sample1.asm,pushf,120,25417
sample1.asm,hlt,119,25417
sample1.asm,ja,119,25417
sample1.asm,loop,119,25417
sample1.asm,cld,119,25417
sample1.asm,jp,119,25417
sample1.asm,cmc,119,25417
sample1.asm,cmpsl,119,25417
sample1.asm,jg,119,25417
sample1.asm,cmpsb,118,25417
sample1.asm,int,117,25417
sample1.asm,cwtl,116,25417
sample1.asm,insb,116,25417
sample1.asm,movsl,116,25417
sample1.asm,int3,116,25417
sample1.asm,jne,115,25417
sample1.asm,jecxz,114,25417
sample1.asm,jae,114,25417
sample1.asm,popf,114,25417
sample1.asm,aas,113,25417
sample1.asm,clc,113,25417
sample1.asm,iret,113,25417
sample1.asm,jle,111,25417
sample1.asm,jbe,110,25417
sample1.asm,jo,105,25417
sample1.asm,das,103,25417
sample1.asm,js,103,25417
sample1.asm,lock,102,25417
sample1.asm,jno,101,25417
sample1.asm,outsl,100,25417
sample1.asm,leave,100,25417
sample1.asm,lahf,97,25417
sample1.asm,lea,96,25417
sample1.asm,sti,96,25417
sample1.asm,imul,88,25417
sample1.asm,repz,86,25417
sample1.asm,arpl,84,25417
sample1.asm,repnz,81,25417
sample1.asm,gs,81,25417
sample1.asm,ss,77,25417
sample1.asm,addr16,77,25417
sample1.asm,jns,75,25417
sample1.asm,ds,73,25417
sample1.asm,lds,69,25417
sample1.asm,cs,66,25417
sample1.asm,fs,66,25417
sample1.asm,es,65,25417
sample1.asm,bound,63,25417
sample1.asm,data16,59,25417
sample1.asm,shl,49,25417
sample1.asm,les,47,25417
sample1.asm,shlb,39,25417
sample1.asm,shll,30,25417
sample1.asm,ror,26,25417
sample1.asm,rcr,26,25417
sample1.asm,rcrb,25,25417
sample1.asm,rclb,23,25417
sample1.asm,rcll,23,25417
sample1.asm,shr,23,25417
sample1.asm,rolb,22,25417
sample1.asm,shrl,22,25417
sample1.asm,sar,22,25417
sample1.asm,roll,22,25417
sample1.asm,sarl,21,25417
sample1.asm,rorb,20,25417
sample1.asm,xorb,20,25417
sample1.asm,rcrl,20,25417
sample1.asm,testb,19,25417
sample1.asm,rorl,18,25417
sample1.asm,rcl,18,25417
sample1.asm,andb,18,25417
sample1.asm,bnd,17,25417
sample1.asm,cmpb,16,25417
sample1.asm,rol,16,25417
sample1.asm,orb,16,25417
sample1.asm,sarb,15,25417
sample1.asm,shrb,15,25417
sample1.asm,fstpl,14,25417
sample1.asm,flds,14,25417
sample1.asm,fidivrs,13,25417
sample1.asm,fcoms,13,25417
sample1.asm,fstpt,13,25417
sample1.asm,subb,13,25417
sample1.asm,fcomps,12,25417
sample1.asm,fistps,11,25417
sample1.asm,fidivl,11,25417
sample1.asm,sbbb,11,25417
sample1.asm,fsubrl,11,25417
sample1.asm,fdivr,11,25417
sample1.asm,subl,10,25417
sample1.asm,fnsave,10,25417
sample1.asm,fimull,10,25417
sample1.asm,faddl,10,25417
sample1.asm,fiaddl,10,25417
sample1.asm,fistpll,10,25417
sample1.asm,fldenv,10,25417
sample1.asm,fisubrl,9,25417
sample1.asm,divl,9,25417
sample1.asm,xorl,9,25417
sample1.asm,filds,9,25417
sample1.asm,movb,9,25417
sample1.asm,fiadds,9,25417
sample1.asm,incb,9,25417
sample1.asm,fisubrs,9,25417
sample1.asm,fdivl,9,25417
sample1.asm,not,8,25417
sample1.asm,idivb,8,25417
sample1.asm,ficomps,8,25417
sample1.asm,fmul,8,25417
sample1.asm,fldl,8,25417
sample1.asm,fisttpl,8,25417
sample1.asm,ljmp,8,25417
sample1.asm,fmuls,8,25417
sample1.asm,incl,8,25417
sample1.asm,mull,8,25417
sample1.asm,andl,8,25417
sample1.asm,mul,8,25417
sample1.asm,fcompl,8,25417
sample1.asm,ficoml,8,25417
sample1.asm,idivl,8,25417
sample1.asm,fst,7,25417
sample1.asm,cmpl,7,25417
sample1.asm,div,7,25417
sample1.asm,mulb,7,25417
sample1.asm,fists,7,25417
sample1.asm,fsub,7,25417
sample1.asm,fistl,7,25417
sample1.asm,notl,7,25417
sample1.asm,fsubrs,7,25417
sample1.asm,fdivrl,7,25417
sample1.asm,fdivrs,7,25417
sample1.asm,fucomip,7,25417
sample1.asm,fbstp,7,25417
sample1.asm,negb,7,25417
sample1.asm,imull,7,25417
sample1.asm,lcall,7,25417
sample1.asm,fildll,7,25417
sample1.asm,fstl,6,25417
sample1.asm,fsubr,6,25417
sample1.asm,fnstsw,6,25417
sample1.asm,fisttpll,6,25417
sample1.asm,fdiv,6,25417
sample1.asm,idiv,6,25417
sample1.asm,fldcw,6,25417
sample1.asm,fisubl,6,25417
sample1.asm,fmull,6,25417
sample1.asm,fsubs,6,25417
sample1.asm,neg,5,25417
sample1.asm,addl,5,25417
sample1.asm,fmulp,5,25417
sample1.asm,fbld,5,25417
sample1.asm,fcomp,5,25417
sample1.asm,negl,5,25417
sample1.asm,sbbl,5,25417
sample1.asm,imulb,5,25417
sample1.asm,fdivs,5,25417
sample1.asm,fistpl,5,25417
sample1.asm,frstor,5,25417
sample1.asm,fnstenv,5,25417
sample1.asm,ficompl,5,25417
sample1.asm,adcl,5,25417
sample1.asm,ffree,5,25417
sample1.asm,fcoml,5,25417
sample1.asm,fldt,5,25417
sample1.asm,fildl,5,25417
sample1.asm,fstps,5,25417
sample1.asm,fcomi,4,25417
sample1.asm,psraw,4,25417
sample1.asm,fld,4,25417
sample1.asm,fidivs,4,25417
sample1.asm,fucomi,4,25417
sample1.asm,fsubrp,4,25417
sample1.asm,fcom,4,25417
sample1.asm,fdivp,4,25417
sample1.asm,fisubs,4,25417
sample1.asm,fcmovnu,4,25417
sample1.asm,fidivrl,4,25417
sample1.asm,fsubl,4,25417
sample1.asm,fadds,4,25417
sample1.asm,fnstcw,4,25417
sample1.asm,divb,4,25417
sample1.asm,notb,4,25417
sample1.asm,ficoms,4,25417
sample1.asm,faddp,4,25417
sample1.asm,orl,4,25417
sample1.asm,fxch,4,25417
sample1.asm,fimuls,3,25417
sample1.asm,fdivrp,3,25417
sample1.asm,fisttps,3,25417
sample1.asm,rep,3,25417
sample1.asm,fcmovnb,3,25417
sample1.asm,fsts,3,25417
sample1.asm,fucomp,3,25417
sample1.asm,xabort,3,25417
sample1.asm,fcmovbe,3,25417
sample1.asm,popw,3,25417
sample1.asm,movups,3,25417
sample1.asm,bswap,3,25417
sample1.asm,fucom,3,25417
sample1.asm,pmaxsw,2,25417
sample1.asm,str,2,25417
sample1.asm,pcmpeqb,2,25417
sample1.asm,fcmovnbe,2,25417
sample1.asm,fcmove,2,25417
sample1.asm,setb,2,25417
sample1.asm,fcmovne,2,25417
sample1.asm,fsqrt,2,25417
sample1.asm,fcmovu,2,25417
sample1.asm,fsubp,2,25417
sample1.asm,insw,2,25417
sample1.asm,cmpsw,2,25417
sample1.asm,sample1,1,25417
sample1.asm,disassembly,1,25417
sample1.asm,orps,1,25417
sample1.asm,cmovne,1,25417
sample1.asm,btc,1,25417
sample1.asm,movzbl,1,25417
sample1.asm,andps,1,25417
sample1.asm,cvtps2pd,1,25417
sample1.asm,paddusb,1,25417
sample1.asm,movsw,1,25417
sample1.asm,psrlq,1,25417
sample1.asm,rdmsr,1,25417
sample1.asm,cvtpi2ps,1,25417
sample1.asm,rdpmc,1,25417
sample1.asm,jmpw,1,25417
sample1.asm,fnclex,1,25417
sample1.asm,cmove,1,25417
sample1.asm,cmpps,1,25417
sample1.asm,syscall,1,25417
sample1.asm,fninit,1,25417
sample1.asm,cmova,1,25417
sample1.asm,setae,1,25417
sample1.asm,callw,1,25417
sample1.asm,fscale,1,25417
sample1.asm,setl,1,25417
sample1.asm,xorps,1,25417
sample1.asm,outsw,1,25417
sample1.asm,popfw,1,25417
sample1.asm,wrmsr,1,25417
sample1.asm,leavew,1,25417
sample1.asm,cmovg,1,25417
sample1.asm,pmaddwd,1,25417
sample1.asm,xrelease,1,25417
sample1.asm,cmovb,1,25417
sample1.asm,pushfw,1,25417
sample1.asm,paddq,1,25417
sample1.asm,rolw,1,25417
sample1.asm,cmovp,1,25417
sample1.asm,punpckhbw,1,25417
sample1.asm,sysexit,1,25417
sample1.asm,setns,1,25417
sample1.asm,lsl,1,25417
sample1.asm,pmuludq,1,25417
sample1.asm,vmwrite,1,25417
sample1.asm,psubq,1,25417
sample1.asm,bt,1,25417
sample1.asm,lar,1,25417
sample1.asm,vdivss,1,25417
sample1.asm,pinsrw,1,25417
sample1.asm,popaw,1,25417
sample1.asm,rdtsc,1,25417
sample1.asm,punpckhdq,1,25417
sample1.asm,cbtw,1,25417
sample1.asm,maxps,1,25417
sample1.asm,divps,1,25417
sample1.asm,psubsw,1,25417
sample1.asm,ud1,1,25417
sample1.asm,fchs,1,25417
sample1.asm,movsbl,1,25417
sample1.asm,bndstx,1,25417
sample1.asm,fprem1,1,25417
sample1.asm,movd,1,25417
sample1.asm,ffreep,1,25417
sample1.asm,cmovnp,1,25417
sample1.asm,retw,1,25417
sample1.asm,fstp,1,25417
sample1.asm,movswl,1,25417
sample1.asm,andnps,1,25417
sample1.asm,movnti,1,25417
sample2.asm,push,3141,25407
sample2.asm,mov,1496,25407
sample2.asm,pop,1390,25407
sample2.asm,xchg,1107,25407
sample2.asm,inc,949,25407
sample2.asm,call,781,25407
sample2.asm,decl,749,25407
sample2.asm,cmp,668,25407
sample2.asm,sub,631,25407
sample2.asm,sbb,630,25407
sample2.asm,xor,556,25407
sample2.asm,and,521,25407
sample2.asm,or,503,25407
sample2.asm,test,469,25407
sample2.asm,in,462,25407
sample2.asm,out,458,25407
sample2.asm,stos,252,25407
sample2.asm,scas,248,25407
sample2.asm,lret,237,25407
sample2.asm,ret,223,25407
sample2.asm,lods,223,25407
sample2.asm,outsb,142,25407
sample2.asm,stc,142,25407
sample2.asm,popa,142,25407
sample2.asm,loope,141,25407
sample2.asm,jmp,139,25407
sample2.asm,sahf,137,25407
sample2.asm,nop,136,25407
sample2.asm,std,135,25407
sample2.asm,int1,132,25407
sample2.asm,pusha,132,25407
sample2.asm,cli,131,25407
sample2.asm,aam,130,25407
sample2.asm,jl,129,25407
sample2.asm,jb,129,25407
sample2.asm,loopne,128,25407
sample2.asm,enter,128,25407
sample2.asm,je,126,25407
sample2.asm,jge,126,25407
sample2.asm,xlat,125,25407
sample2.asm,into,124,25407
sample2.asm,cltd,123,25407
sample2.asm,movsb,123,25407
sample2.asm,jnp,122,25407
sample2.asm,fwait,121,25407
sample2.asm,insl,121,25407
sample2.asm,hlt,119,25407
sample2.asm,ja,119,25407
sample2.asm,loop,119,25407
sample2.asm,cld,119,25407
sample2.asm,jp,119,25407
sample2.asm,cmc,119,25407
sample2.asm,cmpsl,119,25407
sample2.asm,pushf,119,25407
sample2.asm,jg,119,25407
sample2.asm,cmpsb,118,25407
sample2.asm,cwtl,116,25407
sample2.asm,insb,116,25407
sample2.asm,int,116,25407
sample2.asm,movsl,116,25407
sample2.asm,int3,116,25407
sample2.asm,jne,115,25407
sample2.asm,jecxz,114,25407
sample2.asm,popf,114,25407
sample2.asm,aas,113,25407
sample2.asm,clc,113,25407
sample2.asm,iret,113,25407
sample2.asm,jae,113,25407
sample2.asm,jle,111,25407
sample2.asm,jbe,110,25407
sample2.asm,jo,105,25407
sample2.asm,das,103,25407
sample2.asm,js,103,25407
sample2.asm,lock,102,25407
sample2.asm,outsl,100,25407
sample2.asm,leave,100,25407
sample2.asm,jno,100,25407
sample2.asm,lahf,97,25407
sample2.asm,lea,96,25407
sample2.asm,sti,96,25407
sample2.asm,imul,88,25407
sample2.asm,repz,86,25407
sample2.asm,arpl,84,25407
sample2.asm,repnz,81,25407
sample2.asm,gs,81,25407
sample2.asm,ss,77,25407
sample2.asm,addr16,77,25407
sample2.asm,jns,76,25407
sample2.asm,ds,73,25407
sample2.asm,lds,69,25407
sample2.asm,cs,66,25407
sample2.asm,fs,66,25407
sample2.asm,es,65,25407
sample2.asm,bound,63,25407
sample2.asm,data16,59,25407
sample2.asm,shl,49,25407
sample2.asm,les,47,25407
sample2.asm,shlb,39,25407
sample2.asm,shll,30,25407
sample2.asm,ror,26,25407
sample2.asm,rcr,26,25407
sample2.asm,rcrb,25,25407
sample2.asm,rolb,23,25407
sample2.asm,rclb,23,25407
sample2.asm,rcll,23,25407
sample2.asm,shr,23,25407
sample2.asm,shrl,22,25407
sample2.asm,sar,22,25407
sample2.asm,roll,22,25407
sample2.asm,sarl,21,25407
sample2.asm,rorb,20,25407
sample2.asm,xorb,20,25407
sample2.asm,rcrl,20,25407
sample2.asm,rorl,18,25407
sample2.asm,rcl,18,25407
sample2.asm,testb,18,25407
sample2.asm,andb,18,25407
sample2.asm,bnd,17,25407
sample2.asm,cmpb,16,25407
sample2.asm,rol,16,25407
sample2.asm,orb,16,25407
sample2.asm,sarb,15,25407
sample2.asm,shrb,15,25407
sample2.asm,fstpl,14,25407
sample2.asm,flds,14,25407
sample2.asm,fidivrs,13,25407
sample2.asm,fcoms,13,25407
sample2.asm,fstpt,13,25407
sample2.asm,subb,13,25407
sample2.asm,fcomps,12,25407
sample2.asm,fistps,11,25407
sample2.asm,fidivl,11,25407
sample2.asm,sbbb,11,25407
sample2.asm,fsubrl,11,25407
sample2.asm,fdivr,11,25407
sample2.asm,subl,10,25407
sample2.asm,fnsave,10,25407
sample2.asm,fimull,10,25407
sample2.asm,faddl,10,25407
sample2.asm,fiaddl,10,25407
sample2.asm,fistpll,10,25407
sample2.asm,fldenv,10,25407
sample2.asm,fisubrl,9,25407
sample2.asm,divl,9,25407
sample2.asm,xorl,9,25407
sample2.asm,filds,9,25407
sample2.asm,movb,9,25407
sample2.asm,fiadds,9,25407
sample2.asm,incb,9,25407
sample2.asm,fisubrs,9,25407
sample2.asm,fdivl,9,25407
sample2.asm,not,8,25407
sample2.asm,idivb,8,25407
sample2.asm,ficomps,8,25407
sample2.asm,fmul,8,25407
sample2.asm,fldl,8,25407
sample2.asm,fisttpl,8,25407
sample2.asm,ljmp,8,25407
sample2.asm,fmuls,8,25407
sample2.asm,incl,8,25407
sample2.asm,mull,8,25407
sample2.asm,andl,8,25407
sample2.asm,mul,8,25407
sample2.asm,fcompl,8,25407
sample2.asm,ficoml,8,25407
sample2.asm,idivl,8,25407
sample2.asm,fst,7,25407
sample2.asm,cmpl,7,25407
sample2.asm,div,7,25407
sample2.asm,mulb,7,25407
sample2.asm,fists,7,25407
sample2.asm,fsub,7,25407
sample2.asm,fistl,7,25407
sample2.asm,notl,7,25407
sample2.asm,fsubrs,7,25407
sample2.asm,fdivrl,7,25407
sample2.asm,fdivrs,7,25407
sample2.asm,fucomip,7,25407
sample2.asm,fbstp,7,25407
sample2.asm,negb,7,25407
sample2.asm,imull,7,25407
sample2.asm,lcall,7,25407
sample2.asm,fildll,7,25407
sample2.asm,fstl,6,25407
sample2.asm,fsubr,6,25407
sample2.asm,fnstsw,6,25407
sample2.asm,fisttpll,6,25407
sample2.asm,fdiv,6,25407
sample2.asm,idiv,6,25407
sample2.asm,fldcw,6,25407
sample2.asm,fisubl,6,25407
sample2.asm,fmull,6,25407
sample2.asm,fsubs,6,25407
sample2.asm,neg,5,25407
sample2.asm,addl,5,25407
sample2.asm,fmulp,5,25407
sample2.asm,fbld,5,25407
sample2.asm,fcomp,5,25407
sample2.asm,negl,5,25407
sample2.asm,sbbl,5,25407
sample2.asm,imulb,5,25407
sample2.asm,fdivs,5,25407
sample2.asm,fistpl,5,25407
sample2.asm,frstor,5,25407
sample2.asm,fnstenv,5,25407
sample2.asm,ficompl,5,25407
sample2.asm,adcl,5,25407
sample2.asm,ffree,5,25407
sample2.asm,fcoml,5,25407
sample2.asm,fldt,5,25407
sample2.asm,fildl,5,25407
sample2.asm,fstps,5,25407
sample2.asm,fcomi,4,25407
sample2.asm,psraw,4,25407
sample2.asm,fld,4,25407
sample2.asm,fidivs,4,25407
sample2.asm,fucomi,4,25407
sample2.asm,fsubrp,4,25407
sample2.asm,fcom,4,25407
sample2.asm,fdivp,4,25407
sample2.asm,fisubs,4,25407
sample2.asm,fcmovnu,4,25407
sample2.asm,fidivrl,4,25407
sample2.asm,fsubl,4,25407
sample2.asm,fadds,4,25407
sample2.asm,fnstcw,4,25407
sample2.asm,divb,4,25407
sample2.asm,notb,4,25407
sample2.asm,ficoms,4,25407
sample2.asm,faddp,4,25407
sample2.asm,orl,4,25407
sample2.asm,fxch,4,25407
sample2.asm,fdivrp,3,25407
sample2.asm,fisttps,3,25407
sample2.asm,rep,3,25407
sample2.asm,fcmovnb,3,25407
sample2.asm,fsts,3,25407
sample2.asm,fucomp,3,25407
sample2.asm,xabort,3,25407
sample2.asm,fcmovbe,3,25407
sample2.asm,popw,3,25407
sample2.asm,movups,3,25407
sample2.asm,bswap,3,25407
sample2.asm,fucom,3,25407
sample2.asm,pmaxsw,2,25407
sample2.asm,str,2,25407
sample2.asm,pcmpeqb,2,25407
sample2.asm,fcmovnbe,2,25407
sample2.asm,fcmove,2,25407
sample2.asm,setb,2,25407
sample2.asm,fcmovne,2,25407
sample2.asm,fsqrt,2,25407
sample2.asm,fimuls,2,25407
sample2.asm,fcmovu,2,25407
sample2.asm,fsubp,2,25407
sample2.asm,insw,2,25407
sample2.asm,cmpsw,2,25407
sample2.asm,sample2,1,25407
sample2.asm,disassembly,1,25407
sample2.asm,orps,1,25407
sample2.asm,cmovne,1,25407
sample2.asm,btc,1,25407
sample2.asm,movzbl,1,25407
sample2.asm,andps,1,25407
sample2.asm,cvtps2pd,1,25407
sample2.asm,paddusb,1,25407
sample2.asm,movsw,1,25407
sample2.asm,psrlq,1,25407
sample2.asm,rdmsr,1,25407
sample2.asm,cvtpi2ps,1,25407
sample2.asm,rdpmc,1,25407
sample2.asm,jmpw,1,25407
sample2.asm,fnclex,1,25407
sample2.asm,cmove,1,25407
sample2.asm,cmpps,1,25407
sample2.asm,syscall,1,25407
sample2.asm,fninit,1,25407
sample2.asm,cmova,1,25407
sample2.asm,setae,1,25407
sample2.asm,callw,1,25407
sample2.asm,fscale,1,25407
sample2.asm,setl,1,25407
sample2.asm,xorps,1,25407
sample2.asm,outsw,1,25407
sample2.asm,popfw,1,25407
sample2.asm,wrmsr,1,25407
sample2.asm,leavew,1,25407
sample2.asm,cmovg,1,25407
sample2.asm,pmaddwd,1,25407
sample2.asm,xrelease,1,25407
sample2.asm,cmovb,1,25407
sample2.asm,pushfw,1,25407
sample2.asm,paddq,1,25407
sample2.asm,rolw,1,25407
sample2.asm,cmovp,1,25407
sample2.asm,punpckhbw,1,25407
sample2.asm,sysexit,1,25407
sample2.asm,setns,1,25407
sample2.asm,lsl,1,25407
sample2.asm,pmuludq,1,25407
sample2.asm,vmwrite,1,25407
sample2.asm,psubq,1,25407
sample2.asm,bt,1,25407
sample2.asm,lar,1,25407
sample2.asm,vdivss,1,25407
sample2.asm,pinsrw,1,25407
sample2.asm,popaw,1,25407
sample2.asm,rdtsc,1,25407
sample2.asm,punpckhdq,1,25407
sample2.asm,cbtw,1,25407
sample2.asm,maxps,1,25407
sample2.asm,divps,1,25407
sample2.asm,psubsw,1,25407
sample2.asm,ud1,1,25407
sample2.asm,fchs,1,25407
sample2.asm,movsbl,1,25407
sample2.asm,bndstx,1,25407
sample2.asm,fprem1,1,25407
sample2.asm,movd,1,25407
sample2.asm,ffreep,1,25407
sample2.asm,cmovnp,1,25407
sample2.asm,retw,1,25407
sample2.asm,fstp,1,25407
sample2.asm,movswl,1,25407
sample2.asm,andnps,1,25407
sample2.asm,movnti,1,25407
sample13.asm,push,3523,26806
sample13.asm,mov,1674,26806
sample13.asm,pop,1431,26806
sample13.asm,inc,1128,26806
sample13.asm,xchg,1025,26806
sample13.asm,call,768,26806
sample13.asm,cmp,679,26806
sample13.asm,and,581,26806
sample13.asm,out,568,26806
sample13.asm,sbb,545,26806
sample13.asm,sub,535,26806
sample13.asm,xor,526,26806
sample13.asm,or,513,26806
sample13.asm,test,512,26806
sample13.asm,in,506,26806
sample13.asm,decl,387,26806
sample13.asm,scas,316,26806
sample13.asm,ret,261,26806
sample13.asm,stos,260,26806
sample13.asm,lret,257,26806
sample13.asm,lods,224,26806
sample13.asm,popa,220,26806
sample13.asm,insl,165,26806
sample13.asm,int1,160,26806
sample13.asm,jb,152,26806
sample13.asm,jbe,150,26806
sample13.asm,jecxz,148,26806
sample13.asm,int3,148,26806
sample13.asm,pusha,147,26806
sample13.asm,loopne,146,26806
sample13.asm,loop,144,26806
sample13.asm,stc,142,26806
sample13.asm,pushf,142,26806
sample13.asm,movsl,141,26806
sample13.asm,jle,140,26806
sample13.asm,ja,140,26806
sample13.asm,aam,140,26806
sample13.asm,jg,138,26806
sample13.asm,jo,138,26806
sample13.asm,cwtl,136,26806
sample13.asm,jmp,136,26806
sample13.asm,cmc,135,26806
sample13.asm,jno,131,26806
sample13.asm,jns,131,26806
sample13.asm,loope,131,26806
sample13.asm,cltd,130,26806
sample13.asm,sti,130,26806
sample13.asm,jae,130,26806
sample13.asm,popf,130,26806
sample13.asm,outsl,127,26806
sample13.asm,jne,126,26806
sample13.asm,insb,125,26806
sample13.asm,jp,124,26806
sample13.asm,into,124,26806
sample13.asm,clc,124,26806
sample13.asm,enter,123,26806
sample13.asm,nop,122,26806
sample13.asm,movsb,122,26806
sample13.asm,fwait,121,26806
sample13.asm,int,120,26806
sample13.asm,cmpsb,120,26806
sample13.asm,cli,119,26806
sample13.asm,cmpsl,119,26806
sample13.asm,hlt,118,26806
sample13.asm,jl,117,26806
sample13.asm,js,117,26806
sample13.asm,std,115,26806
sample13.asm,sahf,115,26806
sample13.asm,lahf,115,26806
sample13.asm,outsb,115,26806
sample13.asm,xlat,114,26806
sample13.asm,imul,114,26806
sample13.asm,jnp,114,26806
sample13.asm,cld,113,26806
sample13.asm,iret,111,26806
sample13.asm,leave,110,26806
sample13.asm,je,108,26806
sample13.asm,jge,107,26806
sample13.asm,arpl,106,26806
sample13.asm,lock,99,26806
sample13.asm,gs,96,26806
sample13.asm,das,95,26806
sample13.asm,lea,92,26806
sample13.asm,aas,92,26806
sample13.asm,fs,89,26806
sample13.asm,ss,85,26806
sample13.asm,addr16,85,26806
sample13.asm,cs,83,26806
sample13.asm,repnz,78,26806
sample13.asm,repz,70,26806
sample13.asm,data16,66,26806
sample13.asm,es,61,26806
sample13.asm,les,60,26806
sample13.asm,bound,59,26806
sample13.asm,ds,59,26806
sample13.asm,lds,49,26806
sample13.asm,shlb,45,26806
sample13.asm,shll,43,26806
sample13.asm,rclb,32,26806
sample13.asm,shr,31,26806
sample13.asm,rcr,31,26806
sample13.asm,shl,30,26806
sample13.asm,rorb,29,26806
sample13.asm,shrl,29,26806
sample13.asm,rolb,28,26806
sample13.asm,shrb,26,26806
sample13.asm,roll,26,26806
sample13.asm,ficomps,24,26806
sample13.asm,sarl,24,26806
sample13.asm,fiadds,22,26806
sample13.asm,rcrl,22,26806
sample13.asm,rcrb,20,26806
sample13.asm,fidivrs,19,26806
sample13.asm,sar,19,26806
sample13.asm,rcl,19,26806
sample13.asm,ror,19,26806
sample13.asm,rol,19,26806
sample13.asm,rcll,19,26806
sample13.asm,cmpb,18,26806
sample13.asm,sarb,18,26806
sample13.asm,fimuls,18,26806
sample13.asm,fsubrl,18,26806
sample13.asm,rorl,18,26806
sample13.asm,fidivs,16,26806
sample13.asm,fisubs,16,26806
sample13.asm,fcompl,16,26806
sample13.asm,orb,16,26806
sample13.asm,fisubrs,14,26806
sample13.asm,fldl,14,26806
sample13.asm,sbbb,14,26806
sample13.asm,fdiv,14,26806
sample13.asm,xorb,14,26806
sample13.asm,ficoms,13,26806
sample13.asm,div,13,26806
sample13.asm,subb,13,26806
sample13.asm,idiv,13,26806
sample13.asm,fists,13,26806
sample13.asm,fsubrp,12,26806
sample13.asm,incl,12,26806
sample13.asm,fmuls,12,26806
sample13.asm,fisubl,12,26806
sample13.asm,fbstp,12,26806
sample13.asm,fsubp,11,26806
sample13.asm,fnstsw,11,26806
sample13.asm,fsubl,11,26806
sample13.asm,fldt,11,26806
sample13.asm,fsub,10,26806
sample13.asm,fidivrl,10,26806
sample13.asm,fimull,10,26806
sample13.asm,fbld,10,26806
sample13.asm,fisttpl,10,26806
sample13.asm,subl,10,26806
sample13.asm,fnstenv,10,26806
sample13.asm,fildll,10,26806
sample13.asm,divl,9,26806
sample13.asm,fdivrp,9,26806
sample13.asm,mull,9,26806
sample13.asm,testb,9,26806
sample13.asm,flds,9,26806
sample13.asm,movb,9,26806
sample13.asm,fstpl,9,26806
sample13.asm,fistl,9,26806
sample13.asm,idivl,9,26806
sample13.asm,xorl,9,26806
sample13.asm,fdivl,9,26806
sample13.asm,notb,9,26806
sample13.asm,fidivl,8,26806
sample13.asm,adcl,8,26806
sample13.asm,faddl,8,26806
sample13.asm,fdivr,8,26806
sample13.asm,addl,8,26806
sample13.asm,fcmovbe,8,26806
sample13.asm,andl,8,26806
sample13.asm,idivb,8,26806
sample13.asm,fnstcw,8,26806
sample13.asm,fadds,8,26806
sample13.asm,fcoml,8,26806
sample13.asm,orl,8,26806
sample13.asm,fildl,8,26806
sample13.asm,not,7,26806
sample13.asm,fnsave,7,26806
sample13.asm,fdivs,7,26806
sample13.asm,fcmovnu,7,26806
sample13.asm,fcomip,7,26806
sample13.asm,fstps,7,26806
sample13.asm,fdivrs,7,26806
sample13.asm,fisttps,7,26806
sample13.asm,fldenv,7,26806
sample13.asm,fisttpll,7,26806
sample13.asm,fsubrs,7,26806
sample13.asm,bnd,7,26806
sample13.asm,fmul,7,26806
sample13.asm,fstl,7,26806
sample13.asm,fsubs,7,26806
sample13.asm,andb,7,26806
sample13.asm,negb,7,26806
sample13.asm,fmull,7,26806
sample13.asm,notl,7,26806
sample13.asm,fucom,6,26806
sample13.asm,fdivp,6,26806
sample13.asm,fmulp,6,26806
sample13.asm,faddp,6,26806
sample13.asm,filds,6,26806
sample13.asm,fistpll,6,26806
sample13.asm,ficompl,6,26806
sample13.asm,negl,6,26806
sample13.asm,fcomps,6,26806
sample13.asm,frstor,6,26806
sample13.asm,fdivrl,6,26806
sample13.asm,fldcw,6,26806
sample13.asm,xabort,5,26806
sample13.asm,fcom,5,26806
sample13.asm,ljmp,5,26806
sample13.asm,fucomip,5,26806
sample13.asm,lcall,5,26806
sample13.asm,divb,5,26806
sample13.asm,pushw,5,26806
sample13.asm,ficoml,5,26806
sample13.asm,fstpt,5,26806
sample13.asm,fcoms,5,26806
sample13.asm,imulb,5,26806
sample13.asm,neg,4,26806
sample13.asm,fcos,4,26806
sample13.asm,fcmovne,4,26806
sample13.asm,fcomi,4,26806
sample13.asm,imull,4,26806
sample13.asm,fucomi,4,26806
sample13.asm,fsubr,4,26806
sample13.asm,fistpl,4,26806
sample13.asm,fst,4,26806
sample13.asm,rep,4,26806
sample13.asm,sbbl,4,26806
sample13.asm,fsts,4,26806
sample13.asm,fcmovu,4,26806
sample13.asm,bswap,4,26806
sample13.asm,fistps,4,26806
sample13.asm,mul,4,26806
sample13.asm,incb,4,26806
sample13.asm,sysret,3,26806
sample13.asm,fld1,3,26806
sample13.asm,cmova,3,26806
sample13.asm,cvtpi2ps,3,26806
sample13.asm,pand,3,26806
sample13.asm,fstp,3,26806
sample13.asm,fcmovnb,3,26806
sample13.asm,ffree,3,26806
sample13.asm,cmpl,3,26806
sample13.asm,ffreep,3,26806
sample13.asm,mulb,3,26806
sample13.asm,fcmove,3,26806
sample13.asm,fiaddl,3,26806
sample13.asm,paddb,2,26806
sample13.asm,fldz,2,26806
sample13.asm,popaw,2,26806
sample13.asm,pmaddwd,2,26806
sample13.asm,psubb,2,26806
sample13.asm,bsf,2,26806
sample13.asm,fcomp,2,26806
sample13.asm,fxch,2,26806
sample13.asm,setb,2,26806
sample13.asm,fchs,2,26806
sample13.asm,retw,2,26806
sample13.asm,pslld,2,26806
sample13.asm,pcmpeqw,2,26806
sample13.asm,fcmovb,2,26806
sample13.asm,fcmovnbe,2,26806
sample13.asm,fucomp,2,26806
sample13.asm,sample13,1,26806
sample13.asm,disassembly,1,26806
sample13.asm,sets,1,26806
sample13.asm,cmovg,1,26806
sample13.asm,setg,1,26806
sample13.asm,psraw,1,26806
sample13.asm,fldl2e,1,26806
sample13.asm,vpsrld,1,26806
sample13.asm,movntps,1,26806
sample13.asm,pshufb,1,26806
sample13.asm,punpckhwd,1,26806
sample13.asm,bts,1,26806
sample13.asm,paddsw,1,26806
sample13.asm,psubusb,1,26806
sample13.asm,lgs,1,26806
sample13.asm,vmwrite,1,26806
sample13.asm,pcmpeqd,1,26806
sample13.asm,setnp,1,26806
sample13.asm,pminsw,1,26806
sample13.asm,wbinvd,1,26806
sample13.asm,cmovnp,1,26806
sample13.asm,bt,1,26806
sample13.asm,pmovmskb,1,26806
sample13.asm,fucompp,1,26806
sample13.asm,cvttps2pi,1,26806
sample13.asm,vmovhlps,1,26806
sample13.asm,btr,1,26806
sample13.asm,psrlq,1,26806
sample13.asm,cmpxchg,1,26806
sample13.asm,fninit,1,26806
sample13.asm,setae,1,26806
sample13.asm,loopw,1,26806
sample13.asm,shrd,1,26806
sample13.asm,shlw,1,26806
sample13.asm,fnop,1,26806
sample13.asm,lretw,1,26806
sample13.asm,psrad,1,26806
sample13.asm,ucomiss,1,26806
sample13.asm,xorps,1,26806
sample13.asm,fldln2,1,26806
sample13.asm,cmovl,1,26806
sample13.asm,paddusb,1,26806
sample13.asm,sqrtps,1,26806
sample13.asm,bsr,1,26806
sample13.asm,fisubrl,1,26806
sample13.asm,cwtd,1,26806
sample13.asm,nopl,1,26806
sample13.asm,fxtract,1,26806
sample13.asm,fnclex,1,26806
sample13.asm,vpavgb,1,26806
sample13.asm,getsec,1,26806
sample13.asm,movd,1,26806
sample13.asm,vmulss,1,26806
sample13.asm,movhps,1,26806
sample13.asm,popw,1,26806
sample13.asm,rsqrtps,1,26806
sample13.asm,vmovss,1,26806
sample13.asm,vaddss,1,26806
sample13.asm,vsubss,1,26806
sample13.asm,movlps,1,26806
sample13.asm,subps,1,26806
sample13.asm,pushaw,1,26806
sample13.asm,clts,1,26806
sample19.asm,push,677,4425
sample19.asm,mov,643,4425
sample19.asm,pop,339,4425
sample19.asm,ret,287,4425
sample19.asm,or,281,4425
sample19.asm,jne,238,4425
sample19.asm,lea,209,4425
sample19.asm,cmp,173,4425
sample19.asm,test,170,4425
sample19.asm,je,168,4425
sample19.asm,xor,153,4425
sample19.asm,cmpl,141,4425
sample19.asm,int3,85,4425
sample19.asm,inc,83,4425
sample19.asm,jmp,76,4425
sample19.asm,addl,62,4425
sample19.asm,call,51,4425
sample19.asm,sub,45,4425
sample19.asm,and,37,4425
sample19.asm,movzbl,32,4425
sample19.asm,jb,30,4425
sample19.asm,sbb,28,4425
sample19.asm,sldt,28,4425
sample19.asm,shr,27,4425
sample19.asm,movzwl,22,4425
sample19.asm,jl,19,4425
sample19.asm,cmpb,18,4425
sample19.asm,jle,16,4425
sample19.asm,incl,15,4425
sample19.asm,jbe,13,4425
sample19.asm,jg,13,4425
sample19.asm,xchg,11,4425
sample19.asm,incb,10,4425
sample19.asm,andl,9,4425
sample19.asm,neg,8,4425
sample19.asm,movb,7,4425
sample19.asm,lods,7,4425
sample19.asm,rorb,7,4425
sample19.asm,outsb,7,4425
sample19.asm,jae,6,4425
sample19.asm,js,6,4425
sample19.asm,testb,6,4425
sample19.asm,cld,6,4425
sample19.asm,jp,6,4425
sample19.asm,ja,5,4425
sample19.asm,orl,5,4425
sample19.asm,jge,5,4425
sample19.asm,in,5,4425
sample19.asm,jns,4,4425
sample19.asm,shl,4,4425
sample19.asm,sete,4,4425
sample19.asm,aam,4,4425
sample19.asm,les,4,4425
sample19.asm,movsb,4,4425
sample19.asm,out,4,4425
sample19.asm,insb,4,4425
sample19.asm,pusha,3,4425
sample19.asm,loopne,3,4425
sample19.asm,cmpsb,3,4425
sample19.asm,hlt,3,4425
sample19.asm,scas,3,4425
sample19.asm,enter,3,4425
sample19.asm,ss,3,4425
sample19.asm,jo,3,4425
sample19.asm,data16,3,4425
sample19.asm,cli,3,4425
sample19.asm,not,2,4425
sample19.asm,div,2,4425
sample19.asm,leave,2,4425
sample19.asm,imul,2,4425
sample19.asm,clc,2,4425
sample19.asm,lock,2,4425
sample19.asm,cwtl,2,4425
sample19.asm,orb,2,4425
sample19.asm,fisttpl,2,4425
sample19.asm,fmull,2,4425
sample19.asm,fmuls,2,4425
sample19.asm,loop,2,4425
sample19.asm,sahf,2,4425
sample19.asm,fiadds,2,4425
sample19.asm,fiaddl,2,4425
sample19.asm,rolb,2,4425
sample19.asm,into,2,4425
sample19.asm,bound,2,4425
sample19.asm,ds,2,4425
sample19.asm,cs,2,4425
sample19.asm,es,2,4425
sample19.asm,sample1,1,4425
sample19.asm,disassembly,1,4425
sample19.asm,cmove,1,4425
sample19.asm,setne,1,4425
sample19.asm,cmovg,1,4425
sample19.asm,movsbl,1,4425
sample19.asm,repz,1,4425
sample19.asm,int,1,4425
sample19.asm,pushf,1,4425
sample19.asm,fcoml,1,4425
sample19.asm,fcoms,1,4425
sample19.asm,rclb,1,4425
sample19.asm,das,1,4425
sample19.asm,nop,1,4425
sample19.asm,xlat,1,4425
sample19.asm,fs,1,4425
sample19.asm,ficomps,1,4425
sample19.asm,lds,1,4425
sample19.asm,repnz,1,4425
sample19.asm,fimuls,1,4425
sample19.asm,fimull,1,4425
sample19.asm,stc,1,4425
sample19.asm,lret,1,4425
sample19.asm,popw,1,4425
sample19.asm,stos,1,4425
sample19.asm,pushw,1,4425
sample18.asm,push,3523,26808
sample18.asm,mov,1675,26808
sample18.asm,pop,1431,26808
sample18.asm,inc,1131,26808
sample18.asm,xchg,1025,26808
sample18.asm,call,768,26808
sample18.asm,cmp,680,26808
sample18.asm,and,581,26808
sample18.asm,out,568,26808
sample18.asm,sbb,544,26808
sample18.asm,sub,534,26808
sample18.asm,xor,526,26808
sample18.asm,test,512,26808
sample18.asm,or,512,26808
sample18.asm,in,505,26808
sample18.asm,decl,387,26808
sample18.asm,scas,316,26808
sample18.asm,ret,261,26808
sample18.asm,stos,260,26808
sample18.asm,lret,257,26808
sample18.asm,lods,224,26808
sample18.asm,popa,221,26808
sample18.asm,insl,165,26808
sample18.asm,int1,160,26808
sample18.asm,jb,152,26808
sample18.asm,jbe,151,26808
sample18.asm,int3,148,26808
sample18.asm,jecxz,147,26808
sample18.asm,pusha,147,26808
sample18.asm,loopne,146,26808
sample18.asm,loop,144,26808
sample18.asm,stc,142,26808
sample18.asm,pushf,142,26808
sample18.asm,movsl,141,26808
sample18.asm,jle,140,26808
sample18.asm,ja,140,26808
sample18.asm,aam,140,26808
sample18.asm,jg,138,26808
sample18.asm,jo,138,26808
sample18.asm,cwtl,136,26808
sample18.asm,jmp,136,26808
sample18.asm,cmc,135,26808
sample18.asm,jno,131,26808
sample18.asm,jns,131,26808
sample18.asm,loope,131,26808
sample18.asm,cltd,130,26808
sample18.asm,sti,130,26808
sample18.asm,jae,130,26808
sample18.asm,popf,130,26808
sample18.asm,outsl,127,26808
sample18.asm,jne,126,26808
sample18.asm,insb,125,26808
sample18.asm,jp,124,26808
sample18.asm,into,124,26808
sample18.asm,clc,124,26808
sample18.asm,enter,123,26808
sample18.asm,nop,122,26808
sample18.asm,movsb,122,26808
sample18.asm,fwait,121,26808
sample18.asm,int,120,26808
sample18.asm,cmpsb,120,26808
sample18.asm,cli,119,26808
sample18.asm,cmpsl,119,26808
sample18.asm,hlt,118,26808
sample18.asm,jl,117,26808
sample18.asm,js,117,26808
sample18.asm,jnp,115,26808
sample18.asm,std,115,26808
sample18.asm,sahf,115,26808
sample18.asm,lahf,115,26808
sample18.asm,outsb,115,26808
sample18.asm,xlat,114,26808
sample18.asm,imul,114,26808
sample18.asm,cld,113,26808
sample18.asm,iret,111,26808
sample18.asm,leave,110,26808
sample18.asm,je,108,26808
sample18.asm,jge,107,26808
sample18.asm,arpl,106,26808
sample18.asm,lock,99,26808
sample18.asm,gs,96,26808
sample18.asm,das,94,26808
sample18.asm,lea,92,26808
sample18.asm,aas,92,26808
sample18.asm,fs,89,26808
sample18.asm,ss,85,26808
sample18.asm,addr16,85,26808
sample18.asm,cs,83,26808
sample18.asm,repnz,78,26808
sample18.asm,repz,70,26808
sample18.asm,data16,66,26808
sample18.asm,es,61,26808
sample18.asm,les,60,26808
sample18.asm,bound,59,26808
sample18.asm,ds,59,26808
sample18.asm,lds,49,26808
sample18.asm,shlb,45,26808
sample18.asm,shll,43,26808
sample18.asm,rclb,32,26808
sample18.asm,shr,31,26808
sample18.asm,rcr,31,26808
sample18.asm,shl,30,26808
sample18.asm,rorb,29,26808
sample18.asm,shrl,29,26808
sample18.asm,rolb,28,26808
sample18.asm,shrb,26,26808
sample18.asm,roll,26,26808
sample18.asm,ficomps,24,26808
sample18.asm,sarl,24,26808
sample18.asm,fiadds,22,26808
sample18.asm,rcrl,22,26808
sample18.asm,rcrb,20,26808
sample18.asm,fidivrs,19,26808
sample18.asm,sar,19,26808
sample18.asm,rcl,19,26808
sample18.asm,ror,19,26808
sample18.asm,rol,19,26808
sample18.asm,rcll,19,26808
sample18.asm,cmpb,18,26808
sample18.asm,sarb,18,26808
sample18.asm,fimuls,18,26808
sample18.asm,fsubrl,18,26808
sample18.asm,rorl,18,26808
sample18.asm,fidivs,16,26808
sample18.asm,fisubs,16,26808
sample18.asm,fcompl,16,26808
sample18.asm,orb,16,26808
sample18.asm,fisubrs,14,26808
sample18.asm,fldl,14,26808
sample18.asm,sbbb,14,26808
sample18.asm,fdiv,14,26808
sample18.asm,xorb,14,26808
sample18.asm,ficoms,13,26808
sample18.asm,div,13,26808
sample18.asm,subb,13,26808
sample18.asm,idiv,13,26808
sample18.asm,fists,13,26808
sample18.asm,fsubrp,12,26808
sample18.asm,incl,12,26808
sample18.asm,fmuls,12,26808
sample18.asm,fisubl,12,26808
sample18.asm,fbstp,12,26808
sample18.asm,fsubp,11,26808
sample18.asm,fnstsw,11,26808
sample18.asm,fsubl,11,26808
sample18.asm,fldt,11,26808
sample18.asm,fsub,10,26808
sample18.asm,fidivrl,10,26808
sample18.asm,fimull,10,26808
sample18.asm,fbld,10,26808
sample18.asm,fisttpl,10,26808
sample18.asm,subl,10,26808
sample18.asm,fnstenv,10,26808
sample18.asm,fildll,10,26808
sample18.asm,divl,9,26808
sample18.asm,fdivrp,9,26808
sample18.asm,mull,9,26808
sample18.asm,testb,9,26808
sample18.asm,flds,9,26808
sample18.asm,movb,9,26808
sample18.asm,fstpl,9,26808
sample18.asm,fistl,9,26808
sample18.asm,idivl,9,26808
sample18.asm,xorl,9,26808
sample18.asm,fdivl,9,26808
sample18.asm,notb,9,26808
sample18.asm,fidivl,8,26808
sample18.asm,adcl,8,26808
sample18.asm,faddl,8,26808
sample18.asm,fdivr,8,26808
sample18.asm,addl,8,26808
sample18.asm,fcmovbe,8,26808
sample18.asm,andl,8,26808
sample18.asm,idivb,8,26808
sample18.asm,fnstcw,8,26808
sample18.asm,fadds,8,26808
sample18.asm,fcoml,8,26808
sample18.asm,orl,8,26808
sample18.asm,fildl,8,26808
sample18.asm,not,7,26808
sample18.asm,fnsave,7,26808
sample18.asm,fdivs,7,26808
sample18.asm,fcmovnu,7,26808
sample18.asm,fcomip,7,26808
sample18.asm,fstps,7,26808
sample18.asm,fdivrs,7,26808
sample18.asm,fisttps,7,26808
sample18.asm,fldenv,7,26808
sample18.asm,fisttpll,7,26808
sample18.asm,fsubrs,7,26808
sample18.asm,bnd,7,26808
sample18.asm,fmul,7,26808
sample18.asm,fstl,7,26808
sample18.asm,fsubs,7,26808
sample18.asm,andb,7,26808
sample18.asm,negb,7,26808
sample18.asm,fmull,7,26808
sample18.asm,notl,7,26808
sample18.asm,fucom,6,26808
sample18.asm,fdivp,6,26808
sample18.asm,fmulp,6,26808
sample18.asm,faddp,6,26808
sample18.asm,filds,6,26808
sample18.asm,fistpll,6,26808
sample18.asm,ficompl,6,26808
sample18.asm,negl,6,26808
sample18.asm,fcomps,6,26808
sample18.asm,frstor,6,26808
sample18.asm,fdivrl,6,26808
sample18.asm,fldcw,6,26808
sample18.asm,xabort,5,26808
sample18.asm,fcom,5,26808
sample18.asm,ljmp,5,26808
sample18.asm,fucomip,5,26808
sample18.asm,lcall,5,26808
sample18.asm,divb,5,26808
sample18.asm,pushw,5,26808
sample18.asm,ficoml,5,26808
sample18.asm,fstpt,5,26808
sample18.asm,fcoms,5,26808
sample18.asm,imulb,5,26808
sample18.asm,neg,4,26808
sample18.asm,fcos,4,26808
sample18.asm,fcmovne,4,26808
sample18.asm,fcomi,4,26808
sample18.asm,imull,4,26808
sample18.asm,fucomi,4,26808
sample18.asm,fsubr,4,26808
sample18.asm,fistpl,4,26808
sample18.asm,fst,4,26808
sample18.asm,rep,4,26808
sample18.asm,sbbl,4,26808
sample18.asm,fsts,4,26808
sample18.asm,fcmovu,4,26808
sample18.asm,bswap,4,26808
sample18.asm,fistps,4,26808
sample18.asm,mul,4,26808
sample18.asm,incb,4,26808
sample18.asm,sysret,3,26808
sample18.asm,fld1,3,26808
sample18.asm,cmova,3,26808
sample18.asm,cvtpi2ps,3,26808
sample18.asm,pand,3,26808
sample18.asm,fstp,3,26808
sample18.asm,fcmovnb,3,26808
sample18.asm,ffree,3,26808
sample18.asm,cmpl,3,26808
sample18.asm,ffreep,3,26808
sample18.asm,mulb,3,26808
sample18.asm,fcmove,3,26808
sample18.asm,fiaddl,3,26808
sample18.asm,paddb,2,26808
sample18.asm,fldz,2,26808
sample18.asm,popaw,2,26808
sample18.asm,pmaddwd,2,26808
sample18.asm,psubb,2,26808
sample18.asm,bsf,2,26808
sample18.asm,fcomp,2,26808
sample18.asm,fxch,2,26808
sample18.asm,setb,2,26808
sample18.asm,fchs,2,26808
sample18.asm,retw,2,26808
sample18.asm,pslld,2,26808
sample18.asm,pcmpeqw,2,26808
sample18.asm,fcmovb,2,26808
sample18.asm,fcmovnbe,2,26808
sample18.asm,fucomp,2,26808
sample18.asm,sample18,1,26808
sample18.asm,disassembly,1,26808
sample18.asm,sets,1,26808
sample18.asm,cmovg,1,26808
sample18.asm,setg,1,26808
sample18.asm,psraw,1,26808
sample18.asm,fldl2e,1,26808
sample18.asm,vpsrld,1,26808
sample18.asm,movntps,1,26808
sample18.asm,pshufb,1,26808
sample18.asm,punpckhwd,1,26808
sample18.asm,bts,1,26808
sample18.asm,paddsw,1,26808
sample18.asm,psubusb,1,26808
sample18.asm,lgs,1,26808
sample18.asm,vmwrite,1,26808
sample18.asm,pcmpeqd,1,26808
sample18.asm,setnp,1,26808
sample18.asm,pminsw,1,26808
sample18.asm,wbinvd,1,26808
sample18.asm,cmovnp,1,26808
sample18.asm,bt,1,26808
sample18.asm,pmovmskb,1,26808
sample18.asm,fucompp,1,26808
sample18.asm,cvttps2pi,1,26808
sample18.asm,vmovhlps,1,26808
sample18.asm,btr,1,26808
sample18.asm,psrlq,1,26808
sample18.asm,cmpxchg,1,26808
sample18.asm,fninit,1,26808
sample18.asm,setae,1,26808
sample18.asm,loopw,1,26808
sample18.asm,shrd,1,26808
sample18.asm,shlw,1,26808
sample18.asm,fnop,1,26808
sample18.asm,lretw,1,26808
sample18.asm,psrad,1,26808
sample18.asm,ucomiss,1,26808
sample18.asm,xorps,1,26808
sample18.asm,fldln2,1,26808
sample18.asm,cmovl,1,26808
sample18.asm,paddusb,1,26808
sample18.asm,sqrtps,1,26808
sample18.asm,bsr,1,26808
sample18.asm,fisubrl,1,26808
sample18.asm,cwtd,1,26808
sample18.asm,nopl,1,26808
sample18.asm,fxtract,1,26808
sample18.asm,fnclex,1,26808
sample18.asm,vpavgb,1,26808
sample18.asm,getsec,1,26808
sample18.asm,movd,1,26808
sample18.asm,vmulss,1,26808
sample18.asm,movhps,1,26808
sample18.asm,popw,1,26808
sample18.asm,rsqrtps,1,26808
sample18.asm,vmovss,1,26808
sample18.asm,vaddss,1,26808
sample18.asm,vsubss,1,26808
sample18.asm,movlps,1,26808
sample18.asm,subps,1,26808
sample18.asm,pushaw,1,26808
sample18.asm,clts,1,26808
sample8.asm,push,3526,26552
sample8.asm,mov,1712,26552
sample8.asm,pop,1381,26552
sample8.asm,xchg,1089,26552
sample8.asm,inc,1034,26552
sample8.asm,call,769,26552
sample8.asm,cmp,733,26552
sample8.asm,xor,598,26552
sample8.asm,sbb,591,26552
sample8.asm,sub,555,26552
sample8.asm,out,546,26552
sample8.asm,test,542,26552
sample8.asm,in,534,26552
sample8.asm,and,505,26552
sample8.asm,or,488,26552
sample8.asm,decl,393,26552
sample8.asm,lods,313,26552
sample8.asm,ret,273,26552
sample8.asm,stos,266,26552
sample8.asm,lret,256,26552
sample8.asm,scas,238,26552
sample8.asm,jno,171,26552
sample8.asm,repnz,153,26552
sample8.asm,cld,153,26552
sample8.asm,jne,148,26552
sample8.asm,int3,147,26552
sample8.asm,popa,147,26552
sample8.asm,jmp,142,26552
sample8.asm,cwtl,139,26552
sample8.asm,iret,139,26552
sample8.asm,outsb,139,26552
sample8.asm,pushf,137,26552
sample8.asm,jnp,137,26552
sample8.asm,aam,137,26552
sample8.asm,jp,137,26552
sample8.asm,jle,136,26552
sample8.asm,das,136,26552
sample8.asm,jae,135,26552
sample8.asm,into,132,26552
sample8.asm,cltd,131,26552
sample8.asm,hlt,130,26552
sample8.asm,cmpsl,129,26552
sample8.asm,js,129,26552
sample8.asm,jg,129,26552
sample8.asm,cmpsb,126,26552
sample8.asm,je,125,26552
sample8.asm,loopne,125,26552
sample8.asm,nop,125,26552
sample8.asm,enter,125,26552
sample8.asm,jo,123,26552
sample8.asm,jns,121,26552
sample8.asm,pusha,121,26552
sample8.asm,std,120,26552
sample8.asm,int,120,26552
sample8.asm,cli,120,26552
sample8.asm,movsb,120,26552
sample8.asm,movsl,119,26552
sample8.asm,lahf,119,26552
sample8.asm,sti,118,26552
sample8.asm,jbe,118,26552
sample8.asm,aas,118,26552
sample8.asm,clc,117,26552
sample8.asm,jecxz,116,26552
sample8.asm,jge,116,26552
sample8.asm,int1,115,26552
sample8.asm,xlat,114,26552
sample8.asm,outsl,114,26552
sample8.asm,popf,113,26552
sample8.asm,loop,111,26552
sample8.asm,stc,110,26552
sample8.asm,jb,110,26552
sample8.asm,jl,110,26552
sample8.asm,leave,109,26552
sample8.asm,sahf,108,26552
sample8.asm,loope,106,26552
sample8.asm,fwait,106,26552
sample8.asm,ja,102,26552
sample8.asm,insb,101,26552
sample8.asm,insl,99,26552
sample8.asm,repz,96,26552
sample8.asm,cmc,96,26552
sample8.asm,lock,93,26552
sample8.asm,arpl,93,26552
sample8.asm,imul,90,26552
sample8.asm,addr16,88,26552
sample8.asm,lea,85,26552
sample8.asm,fs,77,26552
sample8.asm,cs,73,26552
sample8.asm,gs,69,26552
sample8.asm,ss,65,26552
sample8.asm,les,64,26552
sample8.asm,es,63,26552
sample8.asm,data16,56,26552
sample8.asm,bound,54,26552
sample8.asm,shl,54,26552
sample8.asm,ds,50,26552
sample8.asm,lds,49,26552
sample8.asm,shll,47,26552
sample8.asm,shlb,41,26552
sample8.asm,rcrl,35,26552
sample8.asm,rol,29,26552
sample8.asm,rclb,29,26552
sample8.asm,ror,28,26552
sample8.asm,sar,28,26552
sample8.asm,roll,27,26552
sample8.asm,fcoml,26,26552
sample8.asm,rcr,25,26552
sample8.asm,rorl,25,26552
sample8.asm,sbbb,24,26552
sample8.asm,rcl,24,26552
sample8.asm,rcrb,22,26552
sample8.asm,shrb,21,26552
sample8.asm,rolb,21,26552
sample8.asm,shr,20,26552
sample8.asm,sarl,19,26552
sample8.asm,andb,19,26552
sample8.asm,cmpb,18,26552
sample8.asm,lcall,18,26552
sample8.asm,sarb,18,26552
sample8.asm,rcll,17,26552
sample8.asm,rorb,17,26552
sample8.asm,incl,16,26552
sample8.asm,neg,15,26552
sample8.asm,not,15,26552
sample8.asm,fisttps,15,26552
sample8.asm,fnstenv,14,26552
sample8.asm,fsubrs,14,26552
sample8.asm,fiadds,14,26552
sample8.asm,fildll,14,26552
sample8.asm,fldcw,13,26552
sample8.asm,fnstcw,13,26552
sample8.asm,fbld,13,26552
sample8.asm,ljmp,13,26552
sample8.asm,fldenv,12,26552
sample8.asm,fstps,12,26552
sample8.asm,fstpt,12,26552
sample8.asm,fsts,12,26552
sample8.asm,frstor,12,26552
sample8.asm,testb,12,26552
sample8.asm,fists,12,26552
sample8.asm,subb,12,26552
sample8.asm,fldl,11,26552
sample8.asm,faddl,11,26552
sample8.asm,divl,11,26552
sample8.asm,mul,11,26552
sample8.asm,shrl,11,26552
sample8.asm,fsubrp,10,26552
sample8.asm,fimuls,10,26552
sample8.asm,orl,10,26552
sample8.asm,fdivrl,10,26552
sample8.asm,addl,10,26552
sample8.asm,fsubl,10,26552
sample8.asm,notl,10,26552
sample8.asm,fdivs,10,26552
sample8.asm,fsubs,10,26552
sample8.asm,fidivrs,10,26552
sample8.asm,andl,9,26552
sample8.asm,fnsave,9,26552
sample8.asm,fdivrs,9,26552
sample8.asm,fcmovnb,9,26552
sample8.asm,fistpl,9,26552
sample8.asm,orb,9,26552
sample8.asm,xorb,9,26552
sample8.asm,filds,9,26552
sample8.asm,div,9,26552
sample8.asm,fucom,8,26552
sample8.asm,fstl,8,26552
sample8.asm,ficomps,8,26552
sample8.asm,bnd,8,26552
sample8.asm,fnstsw,8,26552
sample8.asm,fbstp,8,26552
sample8.asm,fadds,8,26552
sample8.asm,mull,8,26552
sample8.asm,movb,8,26552
sample8.asm,sbbl,8,26552
sample8.asm,fisubs,8,26552
sample8.asm,fistps,8,26552
sample8.asm,ficoms,7,26552
sample8.asm,fld,7,26552
sample8.asm,fldl2e,7,26552
sample8.asm,idivb,7,26552
sample8.asm,fdivp,7,26552
sample8.asm,fmuls,7,26552
sample8.asm,negl,7,26552
sample8.asm,fisubrl,7,26552
sample8.asm,fisubl,7,26552
sample8.asm,adcl,7,26552
sample8.asm,divb,7,26552
sample8.asm,fistpll,7,26552
sample8.asm,fisubrs,7,26552
sample8.asm,fmul,7,26552
sample8.asm,fsubr,7,26552
sample8.asm,fcmovu,7,26552
sample8.asm,flds,6,26552
sample8.asm,fsubrl,6,26552
sample8.asm,notb,6,26552
sample8.asm,fcomi,6,26552
sample8.asm,fidivs,6,26552
sample8.asm,fisttpll,6,26552
sample8.asm,fstpl,6,26552
sample8.asm,subl,6,26552
sample8.asm,incb,6,26552
sample8.asm,ficompl,6,26552
sample8.asm,fdiv,6,26552
sample8.asm,fcomps,6,26552
sample8.asm,fisttpl,6,26552
sample8.asm,imull,6,26552
sample8.asm,cmpl,6,26552
sample8.asm,idivl,6,26552
sample8.asm,fmulp,6,26552
sample8.asm,xorl,5,26552
sample8.asm,fmull,5,26552
sample8.asm,fimull,5,26552
sample8.asm,fidivl,5,26552
sample8.asm,fucomip,5,26552
sample8.asm,fildl,5,26552
sample8.asm,fdivl,5,26552
sample8.asm,fistl,5,26552
sample8.asm,fsqrt,4,26552
sample8.asm,pmuludq,4,26552
sample8.asm,fcmovnbe,4,26552
sample8.asm,imulb,4,26552
sample8.asm,fcoms,4,26552
sample8.asm,fldt,4,26552
sample8.asm,fcmove,4,26552
sample8.asm,idiv,4,26552
sample8.asm,fdivr,4,26552
sample8.asm,rep,4,26552
sample8.asm,fucomi,4,26552
sample8.asm,fldz,3,26552
sample8.asm,pmaxub,3,26552
sample8.asm,rdmsr,3,26552
sample8.asm,fcompl,3,26552
sample8.asm,fcom,3,26552
sample8.asm,fxch,3,26552
sample8.asm,fsub,3,26552
sample8.asm,xabort,3,26552
sample8.asm,fcmovne,3,26552
sample8.asm,ffreep,3,26552
sample8.asm,retw,3,26552
sample8.asm,ficoml,3,26552
sample8.asm,bswap,3,26552
sample8.asm,xadd,3,26552
sample8.asm,fdivrp,3,26552
sample8.asm,fiaddl,3,26552
sample8.asm,fidivrl,3,26552
sample8.asm,ffree,3,26552
sample8.asm,negb,3,26552
sample8.asm,ud0,2,26552
sample8.asm,clts,2,26552
sample8.asm,fcmovb,2,26552
sample8.asm,pushfw,2,26552
sample8.asm,fst,2,26552
sample8.asm,fchs,2,26552
sample8.asm,cmovne,2,26552
sample8.asm,fsubp,2,26552
sample8.asm,movzwl,2,26552
sample8.asm,pushw,2,26552
sample8.asm,mulb,2,26552
sample8.asm,fcmovbe,2,26552
sample8.asm,xacquire,2,26552
sample8.asm,fucomp,2,26552
sample8.asm,movsw,2,26552
sample8.asm,faddp,2,26552
sample8.asm,lsl,2,26552
sample8.asm,psadbw,2,26552
sample8.asm,shld,2,26552
sample8.asm,sample8,1,26552
sample8.asm,disassembly,1,26552
sample8.asm,movhlps,1,26552
sample8.asm,fxam,1,26552
sample8.asm,montmul,1,26552
sample8.asm,fcomp,1,26552
sample8.asm,jcxz,1,26552
sample8.asm,vpunpckhqdq,1,26552
sample8.asm,sbbw,1,26552
sample8.asm,bndldx,1,26552
sample8.asm,xrelease,1,26552
sample8.asm,ftst,1,26552
sample8.asm,movhps,1,26552
sample8.asm,fldpi,1,26552
sample8.asm,cmpps,1,26552
sample8.asm,cmpxchg,1,26552
sample8.asm,leavew,1,26552
sample8.asm,cvttps2pi,1,26552
sample8.asm,bts,1,26552
sample8.asm,fcmovnu,1,26552
sample8.asm,lidtl,1,26552
sample8.asm,popw,1,26552
sample8.asm,mulps,1,26552
sample8.asm,cmova,1,26552
sample8.asm,ucomiss,1,26552
sample8.asm,prefetch,1,26552
sample8.asm,btc,1,26552
sample8.asm,nopl,1,26552
sample8.asm,cbtw,1,26552
sample8.asm,paddd,1,26552
sample8.asm,setno,1,26552
sample8.asm,comiss,1,26552
sample8.asm,fstp,1,26552
sample8.asm,bt,1,26552
sample8.asm,movmskps,1,26552
sample8.asm,cmovs,1,26552
sample8.asm,rcpps,1,26552
sample8.asm,callw,1,26552
sample8.asm,cmovo,1,26552
sample8.asm,f2xm1,1,26552
sample8.asm,psrlw,1,26552
sample8.asm,psubd,1,26552
sample8.asm,paddw,1,26552
sample8.asm,psubsw,1,26552
sample8.asm,punpckhwd,1,26552
sample8.asm,por,1,26552
sample8.asm,pxor,1,26552
sample8.asm,shrd,1,26552
sample8.asm,jmpw,1,26552
sample8.asm,sysret,1,26552
sample8.asm,fnclex,1,26552
sample8.asm,femms,1,26552
sample8.asm,rdpmc,1,26552
sample8.asm,fcomip,1,26552
sample3.asm,push,3126,25324
sample3.asm,mov,1506,25324
sample3.asm,pop,1340,25324
sample3.asm,xchg,1000,25324
sample3.asm,inc,980,25324
sample3.asm,call,787,25324
sample3.asm,decl,748,25324
sample3.asm,cmp,638,25324
sample3.asm,sub,619,25324
sample3.asm,xor,605,25324
sample3.asm,sbb,563,25324
sample3.asm,and,560,25324
sample3.asm,or,551,25324
sample3.asm,test,510,25324
sample3.asm,in,476,25324
sample3.asm,out,476,25324
sample3.asm,stos,246,25324
sample3.asm,lods,238,25324
sample3.asm,scas,233,25324
sample3.asm,lret,222,25324
sample3.asm,ret,212,25324
sample3.asm,xlat,164,25324
sample3.asm,hlt,161,25324
sample3.asm,cwtl,142,25324
sample3.asm,int1,140,25324
sample3.asm,es,138,25324
sample3.asm,cltd,137,25324
sample3.asm,lahf,133,25324
sample3.asm,jp,133,25324
sample3.asm,leave,133,25324
sample3.asm,cli,130,25324
sample3.asm,insl,130,25324
sample3.asm,loop,130,25324
sample3.asm,jle,130,25324
sample3.asm,sahf,129,25324
sample3.asm,popa,128,25324
sample3.asm,popf,127,25324
sample3.asm,jnp,126,25324
sample3.asm,ja,126,25324
sample3.asm,outsl,125,25324
sample3.asm,jo,125,25324
sample3.asm,jge,124,25324
sample3.asm,jne,124,25324
sample3.asm,je,123,25324
sample3.asm,clc,123,25324
sample3.asm,cmc,123,25324
sample3.asm,int,122,25324
sample3.asm,iret,121,25324
sample3.asm,jecxz,120,25324
sample3.asm,jns,120,25324
sample3.asm,cmpsb,120,25324
sample3.asm,jno,119,25324
sample3.asm,insb,119,25324
sample3.asm,jg,118,25324
sample3.asm,jmp,118,25324
sample3.asm,aas,117,25324
sample3.asm,pushf,116,25324
sample3.asm,jb,114,25324
sample3.asm,loope,114,25324
sample3.asm,outsb,114,25324
sample3.asm,std,113,25324
sample3.asm,js,112,25324
sample3.asm,jbe,111,25324
sample3.asm,movsl,111,25324
sample3.asm,int3,110,25324
sample3.asm,pusha,109,25324
sample3.asm,jae,108,25324
sample3.asm,movsb,107,25324
sample3.asm,fwait,106,25324
sample3.asm,into,104,25324
sample3.asm,stc,104,25324
sample3.asm,cld,104,25324
sample3.asm,enter,104,25324
sample3.asm,sti,102,25324
sample3.asm,loopne,102,25324
sample3.asm,cmpsl,101,25324
sample3.asm,lock,96,25324
sample3.asm,jl,94,25324
sample3.asm,nop,94,25324
sample3.asm,aam,93,25324
sample3.asm,das,93,25324
sample3.asm,arpl,92,25324
sample3.asm,repnz,89,25324
sample3.asm,ss,87,25324
sample3.asm,addr16,82,25324
sample3.asm,lea,80,25324
sample3.asm,repz,80,25324
sample3.asm,imul,77,25324
sample3.asm,ds,76,25324
sample3.asm,fs,73,25324
sample3.asm,gs,68,25324
sample3.asm,bound,66,25324
sample3.asm,cs,59,25324
sample3.asm,les,54,25324
sample3.asm,lds,50,25324
sample3.asm,shlb,49,25324
sample3.asm,shl,48,25324
sample3.asm,data16,47,25324
sample3.asm,shll,41,25324
sample3.asm,sarl,35,25324
sample3.asm,rolb,33,25324
sample3.asm,sarb,30,25324
sample3.asm,ror,30,25324
sample3.asm,rcll,25,25324
sample3.asm,shrl,25,25324
sample3.asm,sar,24,25324
sample3.asm,rcl,23,25324
sample3.asm,shr,23,25324
sample3.asm,rcrl,23,25324
sample3.asm,rol,23,25324
sample3.asm,rclb,21,25324
sample3.asm,rcr,20,25324
sample3.asm,subb,20,25324
sample3.asm,roll,20,25324
sample3.asm,rcrb,19,25324
sample3.asm,rorl,17,25324
sample3.asm,orb,16,25324
sample3.asm,rorb,16,25324
sample3.asm,fistl,14,25324
sample3.asm,sbbb,14,25324
sample3.asm,shrb,14,25324
sample3.asm,fists,13,25324
sample3.asm,fsts,13,25324
sample3.asm,fmul,13,25324
sample3.asm,fsubs,12,25324
sample3.asm,fsubr,12,25324
sample3.asm,fisttpll,12,25324
sample3.asm,imull,12,25324
sample3.asm,negl,12,25324
sample3.asm,fsub,11,25324
sample3.asm,fadds,11,25324
sample3.asm,fdiv,11,25324
sample3.asm,fcompl,11,25324
sample3.asm,idiv,10,25324
sample3.asm,fistpl,10,25324
sample3.asm,cmpb,9,25324
sample3.asm,mulb,9,25324
sample3.asm,fmuls,9,25324
sample3.asm,fidivrl,9,25324
sample3.asm,fimuls,9,25324
sample3.asm,xorb,9,25324
sample3.asm,fcoml,9,25324
sample3.asm,fnsave,9,25324
sample3.asm,fdivrl,9,25324
sample3.asm,andb,9,25324
sample3.asm,notl,8,25324
sample3.asm,fidivl,8,25324
sample3.asm,fstps,8,25324
sample3.asm,fldl,8,25324
sample3.asm,idivl,8,25324
sample3.asm,xorl,8,25324
sample3.asm,testb,8,25324
sample3.asm,notb,8,25324
sample3.asm,fdivrs,8,25324
sample3.asm,ficoml,8,25324
sample3.asm,fdivr,8,25324
sample3.asm,fnstenv,8,25324
sample3.asm,movb,8,25324
sample3.asm,fnstcw,8,25324
sample3.asm,fbstp,8,25324
sample3.asm,fisubs,8,25324
sample3.asm,fdivl,8,25324
sample3.asm,fiadds,8,25324
sample3.asm,neg,7,25324
sample3.asm,fildl,7,25324
sample3.asm,fldcw,7,25324
sample3.asm,fstpl,7,25324
sample3.asm,fildll,7,25324
sample3.asm,ficompl,7,25324
sample3.asm,fsubrl,7,25324
sample3.asm,fisubrl,7,25324
sample3.asm,filds,7,25324
sample3.asm,negb,7,25324
sample3.asm,cmpl,7,25324
sample3.asm,adcl,6,25324
sample3.asm,fdivrp,6,25324
sample3.asm,fbld,6,25324
sample3.asm,imulb,6,25324
sample3.asm,faddl,6,25324
sample3.asm,andl,6,25324
sample3.asm,divb,6,25324
sample3.asm,mul,6,25324
sample3.asm,ffree,5,25324
sample3.asm,fdivp,5,25324
sample3.asm,pushw,5,25324
sample3.asm,addl,5,25324
sample3.asm,ljmp,5,25324
sample3.asm,fcmovnbe,5,25324
sample3.asm,divl,5,25324
sample3.asm,bnd,5,25324
sample3.asm,fistpll,5,25324
sample3.asm,fsubrs,5,25324
sample3.asm,ficomps,5,25324
sample3.asm,lcall,5,25324
sample3.asm,frstor,5,25324
sample3.asm,fidivs,5,25324
sample3.asm,fimull,5,25324
sample3.asm,idivb,5,25324
sample3.asm,fucomp,5,25324
sample3.asm,fst,5,25324
sample3.asm,fcoms,5,25324
sample3.asm,fisubrs,5,25324
sample3.asm,mull,5,25324
sample3.asm,fcomps,4,25324
sample3.asm,ficoms,4,25324
sample3.asm,fcomi,4,25324
sample3.asm,fstp,4,25324
sample3.asm,div,4,25324
sample3.asm,fcmovne,4,25324
sample3.asm,rep,4,25324
sample3.asm,fsubl,4,25324
sample3.asm,incb,4,25324
sample3.asm,fcomip,4,25324
sample3.asm,fmulp,4,25324
sample3.asm,fisubl,4,25324
sample3.asm,orl,4,25324
sample3.asm,fiaddl,4,25324
sample3.asm,fstl,4,25324
sample3.asm,incl,4,25324
sample3.asm,fucomip,4,25324
sample3.asm,fisttps,4,25324
sample3.asm,ffreep,4,25324
sample3.asm,fldt,4,25324
sample3.asm,not,3,25324
sample3.asm,fninit,3,25324
sample3.asm,fcmovnb,3,25324
sample3.asm,fxch,3,25324
sample3.asm,subl,3,25324
sample3.asm,flds,3,25324
sample3.asm,ud2,3,25324
sample3.asm,fcom,3,25324
sample3.asm,sbbl,3,25324
sample3.asm,fcmove,3,25324
sample3.asm,fsubrp,3,25324
sample3.asm,bts,2,25324
sample3.asm,decw,2,25324
sample3.asm,psllw,2,25324
sample3.asm,kandw,2,25324
sample3.asm,psrlw,2,25324
sample3.asm,fucomi,2,25324
sample3.asm,andnps,2,25324
sample3.asm,fnstsw,2,25324
sample3.asm,fdivs,2,25324
sample3.asm,fstpt,2,25324
sample3.asm,fisttpl,2,25324
sample3.asm,fidivrs,2,25324
sample3.asm,loopw,2,25324
sample3.asm,emms,2,25324
sample3.asm,wbinvd,2,25324
sample3.asm,fistps,2,25324
sample3.asm,fabs,2,25324
sample3.asm,fsubp,2,25324
sample3.asm,fcmovbe,2,25324
sample3.asm,xacquire,2,25324
sample3.asm,fmull,2,25324
sample3.asm,fcompp,2,25324
sample3.asm,faddp,2,25324
sample3.asm,fcmovb,2,25324
sample3.asm,fldenv,2,25324
sample3.asm,fcmovnu,2,25324
sample3.asm,cmovno,2,25324
sample3.asm,sample3,1,25324
sample3.asm,disassembly,1,25324
sample3.asm,fnop,1,25324
sample3.asm,por,1,25324
sample3.asm,maskmovq,1,25324
sample3.asm,bswap,1,25324
sample3.asm,psubsw,1,25324
sample3.asm,kandb,1,25324
sample3.asm,pand,1,25324
sample3.asm,loopew,1,25324
sample3.asm,f2xm1,1,25324
sample3.asm,pcmpgtw,1,25324
sample3.asm,fsqrt,1,25324
sample3.asm,invd,1,25324
sample3.asm,paddsw,1,25324
sample3.asm,bt,1,25324
sample3.asm,wrmsr,1,25324
sample3.asm,pmovmskb,1,25324
sample3.asm,pextrw,1,25324
sample3.asm,movntq,1,25324
sample3.asm,fyl2xp1,1,25324
sample3.asm,movd,1,25324
sample3.asm,cvtps2pi,1,25324
sample3.asm,psubd,1,25324
sample3.asm,cmovae,1,25324
sample3.asm,lddqu,1,25324
sample3.asm,cmovp,1,25324
sample3.asm,sysenter,1,25324
sample3.asm,nopl,1,25324
sample3.asm,movzbl,1,25324
sample3.asm,maxps,1,25324
sample3.asm,fld,1,25324
sample3.asm,movq,1,25324
sample3.asm,fxsave,1,25324
sample3.asm,pcmpeqw,1,25324
sample3.asm,xrelease,1,25324
sample3.asm,xabort,1,25324
sample3.asm,setb,1,25324
sample3.asm,xadd,1,25324
sample3.asm,xorw,1,25324
sample3.asm,fxtract,1,25324
sample3.asm,cmpxchg,1,25324
sample3.asm,fcomp,1,25324
sample3.asm,leavew,1,25324
sample3.asm,pause,1,25324
sample3.asm,unpcklps,1,25324
sample3.asm,lldt,1,25324
sample3.asm,psubb,1,25324
sample3.asm,btr,1,25324
sample3.asm,rorw,1,25324
sample3.asm,frndint,1,25324
sample3.asm,fnclex,1,25324
sample3.asm,getsec,1,25324
sample3.asm,lretw,1,25324
sample3.asm,seta,1,25324
sample3.asm,movmskps,1,25324
sample3.asm,clts,1,25324
sample17.asm,push,3527,26827
sample17.asm,mov,1675,26827
sample17.asm,pop,1434,26827
sample17.asm,inc,1129,26827
sample17.asm,xchg,1025,26827
sample17.asm,call,768,26827
sample17.asm,cmp,680,26827
sample17.asm,and,583,26827
sample17.asm,out,568,26827
sample17.asm,sbb,545,26827
sample17.asm,sub,535,26827
sample17.asm,xor,527,26827
sample17.asm,or,513,26827
sample17.asm,test,512,26827
sample17.asm,in,506,26827
sample17.asm,decl,387,26827
sample17.asm,scas,316,26827
sample17.asm,ret,261,26827
sample17.asm,stos,260,26827
sample17.asm,lret,257,26827
sample17.asm,lods,224,26827
sample17.asm,popa,221,26827
sample17.asm,insl,165,26827
sample17.asm,int1,160,26827
sample17.asm,jb,152,26827
sample17.asm,jbe,150,26827
sample17.asm,pusha,148,26827
sample17.asm,int3,148,26827
sample17.asm,jecxz,147,26827
sample17.asm,loopne,146,26827
sample17.asm,loop,144,26827
sample17.asm,stc,142,26827
sample17.asm,pushf,142,26827
sample17.asm,movsl,141,26827
sample17.asm,jle,140,26827
sample17.asm,ja,140,26827
sample17.asm,aam,140,26827
sample17.asm,jg,138,26827
sample17.asm,jo,138,26827
sample17.asm,cwtl,136,26827
sample17.asm,jmp,136,26827
sample17.asm,cmc,135,26827
sample17.asm,jno,131,26827
sample17.asm,jns,131,26827
sample17.asm,loope,131,26827
sample17.asm,cltd,130,26827
sample17.asm,sti,130,26827
sample17.asm,jae,130,26827
sample17.asm,popf,130,26827
sample17.asm,outsl,127,26827
sample17.asm,jne,126,26827
sample17.asm,jp,125,26827
sample17.asm,insb,125,26827
sample17.asm,into,124,26827
sample17.asm,clc,124,26827
sample17.asm,enter,123,26827
sample17.asm,nop,122,26827
sample17.asm,movsb,122,26827
sample17.asm,fwait,121,26827
sample17.asm,int,120,26827
sample17.asm,cmpsb,120,26827
sample17.asm,cli,119,26827
sample17.asm,cmpsl,119,26827
sample17.asm,hlt,118,26827
sample17.asm,js,118,26827
sample17.asm,jl,117,26827
sample17.asm,std,115,26827
sample17.asm,sahf,115,26827
sample17.asm,lahf,115,26827
sample17.asm,outsb,115,26827
sample17.asm,xlat,114,26827
sample17.asm,imul,114,26827
sample17.asm,jnp,114,26827
sample17.asm,cld,113,26827
sample17.asm,iret,112,26827
sample17.asm,leave,110,26827
sample17.asm,je,108,26827
sample17.asm,jge,107,26827
sample17.asm,arpl,106,26827
sample17.asm,lock,99,26827
sample17.asm,gs,96,26827
sample17.asm,das,95,26827
sample17.asm,aas,93,26827
sample17.asm,lea,92,26827
sample17.asm,fs,89,26827
sample17.asm,ss,85,26827
sample17.asm,addr16,85,26827
sample17.asm,cs,83,26827
sample17.asm,repnz,78,26827
sample17.asm,repz,70,26827
sample17.asm,data16,67,26827
sample17.asm,es,61,26827
sample17.asm,bound,60,26827
sample17.asm,les,60,26827
sample17.asm,ds,59,26827
sample17.asm,lds,49,26827
sample17.asm,shlb,45,26827
sample17.asm,shll,43,26827
sample17.asm,rclb,32,26827
sample17.asm,shr,31,26827
sample17.asm,rcr,31,26827
sample17.asm,shl,30,26827
sample17.asm,rorb,29,26827
sample17.asm,shrl,29,26827
sample17.asm,rolb,28,26827
sample17.asm,shrb,26,26827
sample17.asm,roll,26,26827
sample17.asm,ficomps,24,26827
sample17.asm,sarl,24,26827
sample17.asm,fiadds,22,26827
sample17.asm,rcrl,22,26827
sample17.asm,rcrb,20,26827
sample17.asm,fidivrs,19,26827
sample17.asm,sar,19,26827
sample17.asm,rcl,19,26827
sample17.asm,ror,19,26827
sample17.asm,rol,19,26827
sample17.asm,rcll,19,26827
sample17.asm,cmpb,18,26827
sample17.asm,sarb,18,26827
sample17.asm,fimuls,18,26827
sample17.asm,fsubrl,18,26827
sample17.asm,rorl,18,26827
sample17.asm,fidivs,16,26827
sample17.asm,fisubs,16,26827
sample17.asm,fcompl,16,26827
sample17.asm,orb,16,26827
sample17.asm,idiv,14,26827
sample17.asm,fisubrs,14,26827
sample17.asm,fldl,14,26827
sample17.asm,sbbb,14,26827
sample17.asm,fdiv,14,26827
sample17.asm,xorb,14,26827
sample17.asm,ficoms,13,26827
sample17.asm,div,13,26827
sample17.asm,subb,13,26827
sample17.asm,fists,13,26827
sample17.asm,fsubrp,12,26827
sample17.asm,incl,12,26827
sample17.asm,fmuls,12,26827
sample17.asm,fisubl,12,26827
sample17.asm,fbstp,12,26827
sample17.asm,fsubp,11,26827
sample17.asm,fnstsw,11,26827
sample17.asm,fsubl,11,26827
sample17.asm,fldt,11,26827
sample17.asm,fsub,10,26827
sample17.asm,fidivrl,10,26827
sample17.asm,fimull,10,26827
sample17.asm,fbld,10,26827
sample17.asm,fisttpl,10,26827
sample17.asm,subl,10,26827
sample17.asm,fnstenv,10,26827
sample17.asm,fildll,10,26827
sample17.asm,divl,9,26827
sample17.asm,fdivrp,9,26827
sample17.asm,mull,9,26827
sample17.asm,testb,9,26827
sample17.asm,flds,9,26827
sample17.asm,movb,9,26827
sample17.asm,fstpl,9,26827
sample17.asm,fistl,9,26827
sample17.asm,idivl,9,26827
sample17.asm,xorl,9,26827
sample17.asm,fdivl,9,26827
sample17.asm,notb,9,26827
sample17.asm,fidivl,8,26827
sample17.asm,adcl,8,26827
sample17.asm,faddl,8,26827
sample17.asm,fdivr,8,26827
sample17.asm,addl,8,26827
sample17.asm,fcmovbe,8,26827
sample17.asm,andl,8,26827
sample17.asm,idivb,8,26827
sample17.asm,fnstcw,8,26827
sample17.asm,fadds,8,26827
sample17.asm,fcoml,8,26827
sample17.asm,orl,8,26827
sample17.asm,fildl,8,26827
sample17.asm,not,7,26827
sample17.asm,fnsave,7,26827
sample17.asm,fdivs,7,26827
sample17.asm,fcmovnu,7,26827
sample17.asm,fcomip,7,26827
sample17.asm,fstps,7,26827
sample17.asm,fdivrs,7,26827
sample17.asm,fisttps,7,26827
sample17.asm,fldenv,7,26827
sample17.asm,fisttpll,7,26827
sample17.asm,fsubrs,7,26827
sample17.asm,bnd,7,26827
sample17.asm,fmul,7,26827
sample17.asm,fstl,7,26827
sample17.asm,fsubs,7,26827
sample17.asm,andb,7,26827
sample17.asm,negb,7,26827
sample17.asm,fmull,7,26827
sample17.asm,notl,7,26827
sample17.asm,fucom,6,26827
sample17.asm,fdivp,6,26827
sample17.asm,fmulp,6,26827
sample17.asm,faddp,6,26827
sample17.asm,filds,6,26827
sample17.asm,fistpll,6,26827
sample17.asm,ficompl,6,26827
sample17.asm,negl,6,26827
sample17.asm,fcomps,6,26827
sample17.asm,frstor,6,26827
sample17.asm,fdivrl,6,26827
sample17.asm,fldcw,6,26827
sample17.asm,xabort,5,26827
sample17.asm,fcom,5,26827
sample17.asm,ljmp,5,26827
sample17.asm,fucomip,5,26827
sample17.asm,lcall,5,26827
sample17.asm,divb,5,26827
sample17.asm,pushw,5,26827
sample17.asm,ficoml,5,26827
sample17.asm,fstpt,5,26827
sample17.asm,fcoms,5,26827
sample17.asm,imulb,5,26827
sample17.asm,neg,4,26827
sample17.asm,fcos,4,26827
sample17.asm,fcmovne,4,26827
sample17.asm,fcomi,4,26827
sample17.asm,imull,4,26827
sample17.asm,fucomi,4,26827
sample17.asm,fsubr,4,26827
sample17.asm,fistpl,4,26827
sample17.asm,fst,4,26827
sample17.asm,rep,4,26827
sample17.asm,sbbl,4,26827
sample17.asm,fsts,4,26827
sample17.asm,fcmovu,4,26827
sample17.asm,bswap,4,26827
sample17.asm,fistps,4,26827
sample17.asm,mul,4,26827
sample17.asm,incb,4,26827
sample17.asm,sysret,3,26827
sample17.asm,fld1,3,26827
sample17.asm,cmova,3,26827
sample17.asm,cvtpi2ps,3,26827
sample17.asm,pand,3,26827
sample17.asm,fstp,3,26827
sample17.asm,fcmovnb,3,26827
sample17.asm,ffree,3,26827
sample17.asm,cmpl,3,26827
sample17.asm,ffreep,3,26827
sample17.asm,mulb,3,26827
sample17.asm,fcmove,3,26827
sample17.asm,fiaddl,3,26827
sample17.asm,paddb,2,26827
sample17.asm,fldz,2,26827
sample17.asm,popaw,2,26827
sample17.asm,pmaddwd,2,26827
sample17.asm,psubb,2,26827
sample17.asm,bsf,2,26827
sample17.asm,fcomp,2,26827
sample17.asm,fxch,2,26827
sample17.asm,setb,2,26827
sample17.asm,fchs,2,26827
sample17.asm,retw,2,26827
sample17.asm,pslld,2,26827
sample17.asm,pcmpeqw,2,26827
sample17.asm,fcmovb,2,26827
sample17.asm,fcmovnbe,2,26827
sample17.asm,fucomp,2,26827
sample17.asm,sample17,1,26827
sample17.asm,disassembly,1,26827
sample17.asm,sets,1,26827
sample17.asm,cmovg,1,26827
sample17.asm,setg,1,26827
sample17.asm,psraw,1,26827
sample17.asm,fldl2e,1,26827
sample17.asm,vpsrld,1,26827
sample17.asm,movntps,1,26827
sample17.asm,pshufb,1,26827
sample17.asm,punpckhwd,1,26827
sample17.asm,bts,1,26827
sample17.asm,paddsw,1,26827
sample17.asm,psubusb,1,26827
sample17.asm,lgs,1,26827
sample17.asm,vmwrite,1,26827
sample17.asm,pcmpeqd,1,26827
sample17.asm,setnp,1,26827
sample17.asm,pminsw,1,26827
sample17.asm,wbinvd,1,26827
sample17.asm,cmovnp,1,26827
sample17.asm,bt,1,26827
sample17.asm,pmovmskb,1,26827
sample17.asm,fucompp,1,26827
sample17.asm,cvttps2pi,1,26827
sample17.asm,vmovhlps,1,26827
sample17.asm,btr,1,26827
sample17.asm,psrlq,1,26827
sample17.asm,cmpxchg,1,26827
sample17.asm,fninit,1,26827
sample17.asm,setae,1,26827
sample17.asm,loopw,1,26827
sample17.asm,shrd,1,26827
sample17.asm,shlw,1,26827
sample17.asm,fnop,1,26827
sample17.asm,lretw,1,26827
sample17.asm,psrad,1,26827
sample17.asm,ucomiss,1,26827
sample17.asm,xorps,1,26827
sample17.asm,fldln2,1,26827
sample17.asm,cmovl,1,26827
sample17.asm,paddusb,1,26827
sample17.asm,sqrtps,1,26827
sample17.asm,bsr,1,26827
sample17.asm,fisubrl,1,26827
sample17.asm,cwtd,1,26827
sample17.asm,nopl,1,26827
sample17.asm,fxtract,1,26827
sample17.asm,fnclex,1,26827
sample17.asm,vpavgb,1,26827
sample17.asm,getsec,1,26827
sample17.asm,movd,1,26827
sample17.asm,vmulss,1,26827
sample17.asm,movhps,1,26827
sample17.asm,popw,1,26827
sample17.asm,rsqrtps,1,26827
sample17.asm,vmovss,1,26827
sample17.asm,vaddss,1,26827
sample17.asm,vsubss,1,26827
sample17.asm,movlps,1,26827
sample17.asm,subps,1,26827
sample17.asm,pushaw,1,26827
sample17.asm,clts,1,26827
sample15.asm,push,3444,25601
sample15.asm,mov,1615,25601
sample15.asm,pop,1342,25601
sample15.asm,inc,1032,25601
sample15.asm,xchg,983,25601
sample15.asm,call,768,25601
sample15.asm,cmp,657,25601
sample15.asm,and,553,25601
sample15.asm,out,527,25601
sample15.asm,sbb,523,25601
sample15.asm,sub,522,25601
sample15.asm,xor,509,25601
sample15.asm,test,497,25601
sample15.asm,or,491,25601
sample15.asm,in,475,25601
sample15.asm,decl,387,25601
sample15.asm,scas,299,25601
sample15.asm,ret,247,25601
sample15.asm,stos,244,25601
sample15.asm,lret,240,25601
sample15.asm,lods,216,25601
sample15.asm,popa,191,25601
sample15.asm,int1,149,25601
sample15.asm,jb,146,25601
sample15.asm,insl,142,25601
sample15.asm,int3,140,25601
sample15.asm,jbe,139,25601
sample15.asm,pusha,137,25601
sample15.asm,jecxz,136,25601
sample15.asm,aam,136,25601
sample15.asm,loopne,135,25601
sample15.asm,loop,134,25601
sample15.asm,ja,134,25601
sample15.asm,pushf,134,25601
sample15.asm,movsl,133,25601
sample15.asm,jg,133,25601
sample15.asm,jmp,132,25601
sample15.asm,stc,131,25601
sample15.asm,jo,131,25601
sample15.asm,cwtl,130,25601
sample15.asm,jle,130,25601
sample15.asm,cmc,130,25601
sample15.asm,popf,128,25601
sample15.asm,loope,125,25601
sample15.asm,outsl,124,25601
sample15.asm,jne,123,25601
sample15.asm,cltd,122,25601
sample15.asm,sti,122,25601
sample15.asm,jno,122,25601
sample15.asm,jae,122,25601
sample15.asm,jns,121,25601
sample15.asm,clc,119,25601
sample15.asm,cmpsl,118,25601
sample15.asm,into,118,25601
sample15.asm,int,118,25601
sample15.asm,cmpsb,118,25601
sample15.asm,jp,117,25601
sample15.asm,enter,117,25601
sample15.asm,nop,116,25601
sample15.asm,movsb,116,25601
sample15.asm,fwait,116,25601
sample15.asm,cli,116,25601
sample15.asm,js,115,25601
sample15.asm,insb,115,25601
sample15.asm,hlt,113,25601
sample15.asm,lahf,113,25601
sample15.asm,sahf,112,25601
sample15.asm,outsb,112,25601
sample15.asm,jl,110,25601
sample15.asm,jnp,109,25601
sample15.asm,xlat,108,25601
sample15.asm,je,107,25601
sample15.asm,std,107,25601
sample15.asm,cld,106,25601
sample15.asm,iret,106,25601
sample15.asm,jge,105,25601
sample15.asm,imul,104,25601
sample15.asm,leave,104,25601
sample15.asm,arpl,103,25601
sample15.asm,lock,95,25601
sample15.asm,gs,90,25601
sample15.asm,das,89,25601
sample15.asm,aas,89,25601
sample15.asm,fs,87,25601
sample15.asm,lea,85,25601
sample15.asm,addr16,81,25601
sample15.asm,cs,80,25601
sample15.asm,ss,80,25601
sample15.asm,repnz,75,25601
sample15.asm,repz,68,25601
sample15.asm,data16,65,25601
sample15.asm,es,58,25601
sample15.asm,ds,58,25601
sample15.asm,bound,57,25601
sample15.asm,les,57,25601
sample15.asm,lds,49,25601
sample15.asm,shlb,42,25601
sample15.asm,shll,40,25601
sample15.asm,rclb,30,25601
sample15.asm,shl,30,25601
sample15.asm,shr,29,25601
sample15.asm,rcr,29,25601
sample15.asm,shrl,29,25601
sample15.asm,rorb,27,25601
sample15.asm,rolb,26,25601
sample15.asm,shrb,25,25601
sample15.asm,roll,24,25601
sample15.asm,sarl,24,25601
sample15.asm,rcrl,22,25601
sample15.asm,ficomps,20,25601
sample15.asm,rol,19,25601
sample15.asm,rcll,19,25601
sample15.asm,fiadds,18,25601
sample15.asm,sar,18,25601
sample15.asm,rcrb,18,25601
sample15.asm,rcl,18,25601
sample15.asm,ror,18,25601
sample15.asm,rorl,18,25601
sample15.asm,cmpb,17,25601
sample15.asm,sarb,17,25601
sample15.asm,fsubrl,17,25601
sample15.asm,fidivrs,16,25601
sample15.asm,orb,15,25601
sample15.asm,fimuls,14,25601
sample15.asm,xorb,14,25601
sample15.asm,fidivs,13,25601
sample15.asm,sbbb,13,25601
sample15.asm,fcompl,13,25601
sample15.asm,fisubs,12,25601
sample15.asm,fisubrs,12,25601
sample15.asm,fldl,12,25601
sample15.asm,subb,12,25601
sample15.asm,fdiv,12,25601
sample15.asm,fists,12,25601
sample15.asm,fbstp,12,25601
sample15.asm,ficoms,11,25601
sample15.asm,div,11,25601
sample15.asm,incl,11,25601
sample15.asm,idiv,11,25601
sample15.asm,fmuls,11,25601
sample15.asm,fisubl,11,25601
sample15.asm,fnstsw,11,25601
sample15.asm,fsubl,11,25601
sample15.asm,fldt,11,25601
sample15.asm,fbld,10,25601
sample15.asm,fisttpl,10,25601
sample15.asm,subl,10,25601
sample15.asm,fnstenv,10,25601
sample15.asm,fildll,10,25601
sample15.asm,fsubp,9,25601
sample15.asm,fsubrp,9,25601
sample15.asm,fsub,9,25601
sample15.asm,fidivrl,9,25601
sample15.asm,fimull,9,25601
sample15.asm,movb,9,25601
sample15.asm,fstpl,9,25601
sample15.asm,fistl,9,25601
sample15.asm,idivl,9,25601
sample15.asm,xorl,9,25601
sample15.asm,fdivl,9,25601
sample15.asm,notb,9,25601
sample15.asm,divl,8,25601
sample15.asm,mull,8,25601
sample15.asm,testb,8,25601
sample15.asm,flds,8,25601
sample15.asm,fcmovbe,8,25601
sample15.asm,andl,8,25601
sample15.asm,idivb,8,25601
sample15.asm,fnstcw,8,25601
sample15.asm,fadds,8,25601
sample15.asm,fcoml,8,25601
sample15.asm,orl,8,25601
sample15.asm,fildl,8,25601
sample15.asm,not,7,25601
sample15.asm,fidivl,7,25601
sample15.asm,fdivrp,7,25601
sample15.asm,adcl,7,25601
sample15.asm,faddl,7,25601
sample15.asm,addl,7,25601
sample15.asm,fstps,7,25601
sample15.asm,fdivrs,7,25601
sample15.asm,fisttps,7,25601
sample15.asm,fldenv,7,25601
sample15.asm,fisttpll,7,25601
sample15.asm,fsubrs,7,25601
sample15.asm,bnd,7,25601
sample15.asm,fmul,7,25601
sample15.asm,fstl,7,25601
sample15.asm,fsubs,7,25601
sample15.asm,andb,7,25601
sample15.asm,negb,7,25601
sample15.asm,fmull,7,25601
sample15.asm,notl,7,25601
sample15.asm,fcoms,6,25601
sample15.asm,fnsave,6,25601
sample15.asm,fdivs,6,25601
sample15.asm,fcmovnu,6,25601
sample15.asm,fdivr,6,25601
sample15.asm,fcomip,6,25601
sample15.asm,filds,6,25601
sample15.asm,fistpll,6,25601
sample15.asm,ficompl,6,25601
sample15.asm,negl,6,25601
sample15.asm,fcomps,6,25601
sample15.asm,frstor,6,25601
sample15.asm,fdivrl,6,25601
sample15.asm,fldcw,6,25601
sample15.asm,fucom,5,25601
sample15.asm,fmulp,5,25601
sample15.asm,faddp,5,25601
sample15.asm,fcom,5,25601
sample15.asm,ljmp,5,25601
sample15.asm,fucomip,5,25601
sample15.asm,lcall,5,25601
sample15.asm,divb,5,25601
sample15.asm,pushw,5,25601
sample15.asm,ficoml,5,25601
sample15.asm,fstpt,5,25601
sample15.asm,imulb,5,25601
sample15.asm,neg,4,25601
sample15.asm,fdivp,4,25601
sample15.asm,xabort,4,25601
sample15.asm,fcmovne,4,25601
sample15.asm,fcomi,4,25601
sample15.asm,imull,4,25601
sample15.asm,fucomi,4,25601
sample15.asm,fsubr,4,25601
sample15.asm,fistpl,4,25601
sample15.asm,fst,4,25601
sample15.asm,rep,4,25601
sample15.asm,sbbl,4,25601
sample15.asm,fsts,4,25601
sample15.asm,fcmovu,4,25601
sample15.asm,bswap,4,25601
sample15.asm,fistps,4,25601
sample15.asm,mul,4,25601
sample15.asm,incb,4,25601
sample15.asm,fcos,3,25601
sample15.asm,fstp,3,25601
sample15.asm,fcmovnb,3,25601
sample15.asm,ffree,3,25601
sample15.asm,cmpl,3,25601
sample15.asm,ffreep,3,25601
sample15.asm,mulb,3,25601
sample15.asm,fcmove,3,25601
sample15.asm,fiaddl,3,25601
sample15.asm,sysret,2,25601
sample15.asm,fld1,2,25601
sample15.asm,cmova,2,25601
sample15.asm,cvtpi2ps,2,25601
sample15.asm,pand,2,25601
sample15.asm,paddb,2,25601
sample15.asm,fldz,2,25601
sample15.asm,popaw,2,25601
sample15.asm,pmaddwd,2,25601
sample15.asm,psubb,2,25601
sample15.asm,bsf,2,25601
sample15.asm,fcomp,2,25601
sample15.asm,fxch,2,25601
sample15.asm,setb,2,25601
sample15.asm,fchs,2,25601
sample15.asm,retw,2,25601
sample15.asm,pslld,2,25601
sample15.asm,pcmpeqw,2,25601
sample15.asm,fcmovb,2,25601
sample15.asm,fcmovnbe,2,25601
sample15.asm,fucomp,2,25601
sample15.asm,sample15,1,25601
sample15.asm,disassembly,1,25601
sample15.asm,sets,1,25601
sample15.asm,cmovg,1,25601
sample15.asm,setg,1,25601
sample15.asm,psraw,1,25601
sample15.asm,fldl2e,1,25601
sample15.asm,vpsrld,1,25601
sample15.asm,movntps,1,25601
sample15.asm,pshufb,1,25601
sample15.asm,punpckhwd,1,25601
sample15.asm,bts,1,25601
sample15.asm,paddsw,1,25601
sample15.asm,psubusb,1,25601
sample15.asm,lgs,1,25601
sample15.asm,vmwrite,1,25601
sample15.asm,pcmpeqd,1,25601
sample15.asm,setnp,1,25601
sample15.asm,pminsw,1,25601
sample15.asm,wbinvd,1,25601
sample15.asm,cmovnp,1,25601
sample15.asm,bt,1,25601
sample15.asm,pmovmskb,1,25601
sample15.asm,fucompp,1,25601
sample15.asm,cvttps2pi,1,25601
sample15.asm,vmovhlps,1,25601
sample15.asm,btr,1,25601
sample15.asm,psrlq,1,25601
sample15.asm,cmpxchg,1,25601
sample15.asm,fninit,1,25601
sample15.asm,setae,1,25601
sample15.asm,loopw,1,25601
sample15.asm,shrd,1,25601
sample15.asm,shlw,1,25601
sample15.asm,fnop,1,25601
sample15.asm,lretw,1,25601
sample15.asm,psrad,1,25601
sample15.asm,ucomiss,1,25601
sample15.asm,xorps,1,25601
sample15.asm,fldln2,1,25601
sample15.asm,cmovl,1,25601
sample15.asm,paddusb,1,25601
sample15.asm,sqrtps,1,25601
sample15.asm,bsr,1,25601
sample15.asm,fisubrl,1,25601
sample15.asm,cwtd,1,25601
sample15.asm,nopl,1,25601
sample15.asm,fxtract,1,25601
sample15.asm,fnclex,1,25601
sample15.asm,vpavgb,1,25601
sample15.asm,getsec,1,25601
sample15.asm,movd,1,25601
sample15.asm,vmulss,1,25601
sample15.asm,movhps,1,25601
sample15.asm,popw,1,25601
sample15.asm,rsqrtps,1,25601
sample15.asm,vmovss,1,25601
sample15.asm,vaddss,1,25601
sample15.asm,vsubss,1,25601
sample15.asm,movlps,1,25601
sample15.asm,subps,1,25601
sample15.asm,pushaw,1,25601
sample15.asm,clts,1,25601
sample9.asm,push,3142,25413
sample9.asm,mov,1496,25413
sample9.asm,pop,1390,25413
sample9.asm,xchg,1108,25413
sample9.asm,inc,949,25413
sample9.asm,call,781,25413
sample9.asm,decl,749,25413
sample9.asm,cmp,670,25413
sample9.asm,sub,632,25413
sample9.asm,sbb,631,25413
sample9.asm,xor,557,25413
sample9.asm,and,521,25413
sample9.asm,or,502,25413
sample9.asm,test,469,25413
sample9.asm,in,462,25413
sample9.asm,out,458,25413
sample9.asm,stos,252,25413
sample9.asm,scas,248,25413
sample9.asm,lret,237,25413
sample9.asm,ret,223,25413
sample9.asm,lods,223,25413
sample9.asm,outsb,142,25413
sample9.asm,stc,142,25413
sample9.asm,popa,142,25413
sample9.asm,loope,141,25413
sample9.asm,jmp,139,25413
sample9.asm,sahf,137,25413
sample9.asm,nop,136,25413
sample9.asm,std,135,25413
sample9.asm,int1,132,25413
sample9.asm,pusha,132,25413
sample9.asm,cli,131,25413
sample9.asm,aam,130,25413
sample9.asm,jl,129,25413
sample9.asm,jb,129,25413
sample9.asm,loopne,128,25413
sample9.asm,enter,128,25413
sample9.asm,je,126,25413
sample9.asm,jge,126,25413
sample9.asm,xlat,125,25413
sample9.asm,into,124,25413
sample9.asm,cltd,123,25413
sample9.asm,movsb,123,25413
sample9.asm,jnp,122,25413
sample9.asm,fwait,121,25413
sample9.asm,insl,121,25413
sample9.asm,hlt,119,25413
sample9.asm,ja,119,25413
sample9.asm,loop,119,25413
sample9.asm,cld,119,25413
sample9.asm,jp,119,25413
sample9.asm,cmc,119,25413
sample9.asm,cmpsl,119,25413
sample9.asm,pushf,119,25413
sample9.asm,jg,119,25413
sample9.asm,cmpsb,118,25413
sample9.asm,cwtl,116,25413
sample9.asm,insb,116,25413
sample9.asm,int,116,25413
sample9.asm,movsl,116,25413
sample9.asm,int3,116,25413
sample9.asm,jne,115,25413
sample9.asm,jecxz,114,25413
sample9.asm,popf,114,25413
sample9.asm,aas,113,25413
sample9.asm,clc,113,25413
sample9.asm,iret,113,25413
sample9.asm,jae,113,25413
sample9.asm,jle,112,25413
sample9.asm,jbe,110,25413
sample9.asm,jo,105,25413
sample9.asm,das,103,25413
sample9.asm,js,103,25413
sample9.asm,lock,102,25413
sample9.asm,outsl,100,25413
sample9.asm,leave,100,25413
sample9.asm,jno,100,25413
sample9.asm,lahf,97,25413
sample9.asm,lea,96,25413
sample9.asm,sti,96,25413
sample9.asm,imul,88,25413
sample9.asm,repz,86,25413
sample9.asm,arpl,84,25413
sample9.asm,repnz,81,25413
sample9.asm,gs,81,25413
sample9.asm,ss,77,25413
sample9.asm,addr16,77,25413
sample9.asm,jns,75,25413
sample9.asm,ds,73,25413
sample9.asm,lds,69,25413
sample9.asm,cs,66,25413
sample9.asm,fs,66,25413
sample9.asm,es,65,25413
sample9.asm,bound,63,25413
sample9.asm,data16,59,25413
sample9.asm,shl,49,25413
sample9.asm,les,47,25413
sample9.asm,shlb,39,25413
sample9.asm,shll,30,25413
sample9.asm,ror,26,25413
sample9.asm,rcr,26,25413
sample9.asm,rcrb,25,25413
sample9.asm,rclb,23,25413
sample9.asm,rcll,23,25413
sample9.asm,shr,23,25413
sample9.asm,rolb,22,25413
sample9.asm,shrl,22,25413
sample9.asm,sar,22,25413
sample9.asm,roll,22,25413
sample9.asm,sarl,21,25413
sample9.asm,rorb,20,25413
sample9.asm,xorb,20,25413
sample9.asm,rcrl,20,25413
sample9.asm,rorl,18,25413
sample9.asm,rcl,18,25413
sample9.asm,testb,18,25413
sample9.asm,andb,18,25413
sample9.asm,bnd,17,25413
sample9.asm,cmpb,16,25413
sample9.asm,rol,16,25413
sample9.asm,orb,16,25413
sample9.asm,sarb,15,25413
sample9.asm,shrb,15,25413
sample9.asm,fstpl,14,25413
sample9.asm,flds,14,25413
sample9.asm,fidivrs,13,25413
sample9.asm,fcoms,13,25413
sample9.asm,fstpt,13,25413
sample9.asm,subb,13,25413
sample9.asm,fcomps,12,25413
sample9.asm,fistps,11,25413
sample9.asm,fidivl,11,25413
sample9.asm,sbbb,11,25413
sample9.asm,fsubrl,11,25413
sample9.asm,fdivr,11,25413
sample9.asm,subl,10,25413
sample9.asm,fnsave,10,25413
sample9.asm,fimull,10,25413
sample9.asm,faddl,10,25413
sample9.asm,fiaddl,10,25413
sample9.asm,fistpll,10,25413
sample9.asm,fldenv,10,25413
sample9.asm,fisubrl,9,25413
sample9.asm,divl,9,25413
sample9.asm,xorl,9,25413
sample9.asm,filds,9,25413
sample9.asm,movb,9,25413
sample9.asm,fiadds,9,25413
sample9.asm,incb,9,25413
sample9.asm,fisubrs,9,25413
sample9.asm,fdivl,9,25413
sample9.asm,not,8,25413
sample9.asm,idivb,8,25413
sample9.asm,ficomps,8,25413
sample9.asm,fmul,8,25413
sample9.asm,fldl,8,25413
sample9.asm,fisttpl,8,25413
sample9.asm,ljmp,8,25413
sample9.asm,fmuls,8,25413
sample9.asm,incl,8,25413
sample9.asm,mull,8,25413
sample9.asm,andl,8,25413
sample9.asm,mul,8,25413
sample9.asm,fcompl,8,25413
sample9.asm,ficoml,8,25413
sample9.asm,idivl,8,25413
sample9.asm,fst,7,25413
sample9.asm,cmpl,7,25413
sample9.asm,div,7,25413
sample9.asm,mulb,7,25413
sample9.asm,fists,7,25413
sample9.asm,fsub,7,25413
sample9.asm,fistl,7,25413
sample9.asm,notl,7,25413
sample9.asm,fsubrs,7,25413
sample9.asm,fdivrl,7,25413
sample9.asm,fdivrs,7,25413
sample9.asm,fucomip,7,25413
sample9.asm,fbstp,7,25413
sample9.asm,negb,7,25413
sample9.asm,imull,7,25413
sample9.asm,lcall,7,25413
sample9.asm,fildll,7,25413
sample9.asm,fbld,6,25413
sample9.asm,fstl,6,25413
sample9.asm,fsubr,6,25413
sample9.asm,fnstsw,6,25413
sample9.asm,fisttpll,6,25413
sample9.asm,fdiv,6,25413
sample9.asm,idiv,6,25413
sample9.asm,fldcw,6,25413
sample9.asm,fisubl,6,25413
sample9.asm,fmull,6,25413
sample9.asm,fsubs,6,25413
sample9.asm,neg,5,25413
sample9.asm,addl,5,25413
sample9.asm,fmulp,5,25413
sample9.asm,fcomp,5,25413
sample9.asm,negl,5,25413
sample9.asm,sbbl,5,25413
sample9.asm,imulb,5,25413
sample9.asm,fdivs,5,25413
sample9.asm,fistpl,5,25413
sample9.asm,frstor,5,25413
sample9.asm,fnstenv,5,25413
sample9.asm,ficompl,5,25413
sample9.asm,adcl,5,25413
sample9.asm,ffree,5,25413
sample9.asm,fcoml,5,25413
sample9.asm,fldt,5,25413
sample9.asm,fildl,5,25413
sample9.asm,fstps,5,25413
sample9.asm,fcomi,4,25413
sample9.asm,psraw,4,25413
sample9.asm,fld,4,25413
sample9.asm,fidivs,4,25413
sample9.asm,fucomi,4,25413
sample9.asm,fsubrp,4,25413
sample9.asm,fcom,4,25413
sample9.asm,fdivp,4,25413
sample9.asm,fisubs,4,25413
sample9.asm,fcmovnu,4,25413
sample9.asm,fidivrl,4,25413
sample9.asm,fsubl,4,25413
sample9.asm,fadds,4,25413
sample9.asm,fnstcw,4,25413
sample9.asm,divb,4,25413
sample9.asm,notb,4,25413
sample9.asm,ficoms,4,25413
sample9.asm,faddp,4,25413
sample9.asm,orl,4,25413
sample9.asm,fxch,4,25413
sample9.asm,fdivrp,3,25413
sample9.asm,fisttps,3,25413
sample9.asm,rep,3,25413
sample9.asm,fcmovnb,3,25413
sample9.asm,fsts,3,25413
sample9.asm,fucomp,3,25413
sample9.asm,xabort,3,25413
sample9.asm,fcmovbe,3,25413
sample9.asm,popw,3,25413
sample9.asm,movups,3,25413
sample9.asm,bswap,3,25413
sample9.asm,fucom,3,25413
sample9.asm,pmaxsw,2,25413
sample9.asm,str,2,25413
sample9.asm,pcmpeqb,2,25413
sample9.asm,fcmovnbe,2,25413
sample9.asm,fcmove,2,25413
sample9.asm,setb,2,25413
sample9.asm,fcmovne,2,25413
sample9.asm,fsqrt,2,25413
sample9.asm,fimuls,2,25413
sample9.asm,fcmovu,2,25413
sample9.asm,fsubp,2,25413
sample9.asm,insw,2,25413
sample9.asm,cmpsw,2,25413
sample9.asm,sample9,1,25413
sample9.asm,disassembly,1,25413
sample9.asm,orps,1,25413
sample9.asm,cmovne,1,25413
sample9.asm,btc,1,25413
sample9.asm,movzbl,1,25413
sample9.asm,andps,1,25413
sample9.asm,cvtps2pd,1,25413
sample9.asm,paddusb,1,25413
sample9.asm,movsw,1,25413
sample9.asm,psrlq,1,25413
sample9.asm,rdmsr,1,25413
sample9.asm,cvtpi2ps,1,25413
sample9.asm,rdpmc,1,25413
sample9.asm,jmpw,1,25413
sample9.asm,fnclex,1,25413
sample9.asm,cmove,1,25413
sample9.asm,cmpps,1,25413
sample9.asm,syscall,1,25413
sample9.asm,fninit,1,25413
sample9.asm,cmova,1,25413
sample9.asm,setae,1,25413
sample9.asm,callw,1,25413
sample9.asm,fscale,1,25413
sample9.asm,setl,1,25413
sample9.asm,xorps,1,25413
sample9.asm,outsw,1,25413
sample9.asm,popfw,1,25413
sample9.asm,wrmsr,1,25413
sample9.asm,leavew,1,25413
sample9.asm,cmovg,1,25413
sample9.asm,pmaddwd,1,25413
sample9.asm,xrelease,1,25413
sample9.asm,cmovb,1,25413
sample9.asm,pushfw,1,25413
sample9.asm,paddq,1,25413
sample9.asm,rolw,1,25413
sample9.asm,cmovp,1,25413
sample9.asm,punpckhbw,1,25413
sample9.asm,sysexit,1,25413
sample9.asm,setns,1,25413
sample9.asm,lsl,1,25413
sample9.asm,pmuludq,1,25413
sample9.asm,vmwrite,1,25413
sample9.asm,psubq,1,25413
sample9.asm,bt,1,25413
sample9.asm,lar,1,25413
sample9.asm,vdivss,1,25413
sample9.asm,pinsrw,1,25413
sample9.asm,popaw,1,25413
sample9.asm,rdtsc,1,25413
sample9.asm,punpckhdq,1,25413
sample9.asm,cbtw,1,25413
sample9.asm,maxps,1,25413
sample9.asm,divps,1,25413
sample9.asm,psubsw,1,25413
sample9.asm,ud1,1,25413
sample9.asm,fchs,1,25413
sample9.asm,movsbl,1,25413
sample9.asm,bndstx,1,25413
sample9.asm,fprem1,1,25413
sample9.asm,movd,1,25413
sample9.asm,ffreep,1,25413
sample9.asm,cmovnp,1,25413
sample9.asm,retw,1,25413
sample9.asm,fstp,1,25413
sample9.asm,movswl,1,25413
sample9.asm,andnps,1,25413
sample9.asm,movnti,1,25413
sample4.asm,push,3173,25665
sample4.asm,mov,1645,25665
sample4.asm,pop,1288,25665
sample4.asm,xchg,1017,25665
sample4.asm,inc,906,25665
sample4.asm,call,779,25665
sample4.asm,decl,745,25665
sample4.asm,cmp,680,25665
sample4.asm,and,594,25665
sample4.asm,sbb,584,25665
sample4.asm,sub,577,25665
sample4.asm,xor,573,25665
sample4.asm,or,522,25665
sample4.asm,test,497,25665
sample4.asm,out,496,25665
sample4.asm,in,455,25665
sample4.asm,lret,270,25665
sample4.asm,scas,251,25665
sample4.asm,ret,244,25665
sample4.asm,stos,239,25665
sample4.asm,lods,226,25665
sample4.asm,xlat,209,25665
sample4.asm,movsb,183,25665
sample4.asm,ja,171,25665
sample4.asm,jnp,170,25665
sample4.asm,jns,166,25665
sample4.asm,loope,160,25665
sample4.asm,jle,135,25665
sample4.asm,int,134,25665
sample4.asm,cltd,131,25665
sample4.asm,hlt,131,25665
sample4.asm,aam,130,25665
sample4.asm,je,129,25665
sample4.asm,cli,129,25665
sample4.asm,popa,129,25665
sample4.asm,pushf,128,25665
sample4.asm,jmp,128,25665
sample4.asm,cmpsl,125,25665
sample4.asm,jl,123,25665
sample4.asm,sti,122,25665
sample4.asm,jge,122,25665
sample4.asm,jecxz,121,25665
sample4.asm,jo,121,25665
sample4.asm,into,121,25665
sample4.asm,jno,120,25665
sample4.asm,aas,120,25665
sample4.asm,jg,120,25665
sample4.asm,nop,120,25665
sample4.asm,outsl,119,25665
sample4.asm,jb,118,25665
sample4.asm,jp,118,25665
sample4.asm,movsl,118,25665
sample4.asm,leave,118,25665
sample4.asm,jne,118,25665
sample4.asm,cld,117,25665
sample4.asm,sahf,117,25665
sample4.asm,loop,116,25665
sample4.asm,int3,116,25665
sample4.asm,cmpsb,115,25665
sample4.asm,iret,113,25665
sample4.asm,insl,113,25665
sample4.asm,js,113,25665
sample4.asm,loopne,113,25665
sample4.asm,pusha,113,25665
sample4.asm,clc,111,25665
sample4.asm,cwtl,110,25665
sample4.asm,outsb,110,25665
sample4.asm,int1,109,25665
sample4.asm,jbe,109,25665
sample4.asm,cmc,109,25665
sample4.asm,repz,106,25665
sample4.asm,fwait,106,25665
sample4.asm,std,105,25665
sample4.asm,stc,104,25665
sample4.asm,das,102,25665
sample4.asm,lahf,101,25665
sample4.asm,insb,97,25665
sample4.asm,popf,96,25665
sample4.asm,jae,96,25665
sample4.asm,lea,95,25665
sample4.asm,gs,94,25665
sample4.asm,enter,91,25665
sample4.asm,lock,91,25665
sample4.asm,arpl,88,25665
sample4.asm,repnz,84,25665
sample4.asm,ss,80,25665
sample4.asm,imul,76,25665
sample4.asm,fs,75,25665
sample4.asm,cs,74,25665
sample4.asm,addr16,66,25665
sample4.asm,bound,61,25665
sample4.asm,es,60,25665
sample4.asm,ds,50,25665
sample4.asm,les,48,25665
sample4.asm,lds,46,25665
sample4.asm,shl,44,25665
sample4.asm,data16,44,25665
sample4.asm,shll,42,25665
sample4.asm,shlb,31,25665
sample4.asm,rorl,30,25665
sample4.asm,rol,28,25665
sample4.asm,rcr,28,25665
sample4.asm,rclb,27,25665
sample4.asm,sarl,27,25665
sample4.asm,rcl,26,25665
sample4.asm,rorb,25,25665
sample4.asm,orl,24,25665
sample4.asm,ror,23,25665
sample4.asm,shr,23,25665
sample4.asm,shrb,22,25665
sample4.asm,rolb,22,25665
sample4.asm,rcrl,22,25665
sample4.asm,ljmp,21,25665
sample4.asm,roll,20,25665
sample4.asm,shrl,19,25665
sample4.asm,cmpb,18,25665
sample4.asm,faddl,18,25665
sample4.asm,sar,18,25665
sample4.asm,orb,17,25665
sample4.asm,rcll,15,25665
sample4.asm,div,13,25665
sample4.asm,fisubs,13,25665
sample4.asm,lcall,13,25665
sample4.asm,fsubr,12,25665
sample4.asm,xorb,12,25665
sample4.asm,fnstsw,11,25665
sample4.asm,fidivrs,11,25665
sample4.asm,bnd,11,25665
sample4.asm,incl,11,25665
sample4.asm,fistpll,11,25665
sample4.asm,fisubrl,11,25665
sample4.asm,fimull,11,25665
sample4.asm,ficomps,11,25665
sample4.asm,sarb,11,25665
sample4.asm,fisttpll,11,25665
sample4.asm,fistps,11,25665
sample4.asm,fmull,11,25665
sample4.asm,fldl,11,25665
sample4.asm,fsubl,11,25665
sample4.asm,andb,11,25665
sample4.asm,fsubrl,11,25665
sample4.asm,fldt,11,25665
sample4.asm,sbbb,11,25665
sample4.asm,fnstcw,10,25665
sample4.asm,filds,10,25665
sample4.asm,fstl,10,25665
sample4.asm,rcrb,10,25665
sample4.asm,testb,10,25665
sample4.asm,fdivrl,10,25665
sample4.asm,fdivp,10,25665
sample4.asm,negl,10,25665
sample4.asm,subb,9,25665
sample4.asm,idiv,9,25665
sample4.asm,fucomi,9,25665
sample4.asm,fists,9,25665
sample4.asm,fsub,9,25665
sample4.asm,fcoml,9,25665
sample4.asm,fcomps,9,25665
sample4.asm,fldcw,9,25665
sample4.asm,fiadds,9,25665
sample4.asm,fiaddl,9,25665
sample4.asm,neg,8,25665
sample4.asm,not,8,25665
sample4.asm,negb,8,25665
sample4.asm,ficoml,8,25665
sample4.asm,imull,8,25665
sample4.asm,fbld,8,25665
sample4.asm,fstpt,8,25665
sample4.asm,subl,8,25665
sample4.asm,fstpl,8,25665
sample4.asm,fstps,8,25665
sample4.asm,fdivl,8,25665
sample4.asm,andl,8,25665
sample4.asm,notl,7,25665
sample4.asm,idivb,7,25665
sample4.asm,fimuls,7,25665
sample4.asm,fidivl,7,25665
sample4.asm,cmpl,7,25665
sample4.asm,fildll,7,25665
sample4.asm,adcl,7,25665
sample4.asm,fisttps,7,25665
sample4.asm,flds,7,25665
sample4.asm,ficoms,7,25665
sample4.asm,fcomp,7,25665
sample4.asm,fnsave,7,25665
sample4.asm,mull,7,25665
sample4.asm,imulb,7,25665
sample4.asm,fistl,7,25665
sample4.asm,mul,7,25665
sample4.asm,notb,7,25665
sample4.asm,incb,6,25665
sample4.asm,mulb,6,25665
sample4.asm,fcmovu,6,25665
sample4.asm,fcmovnu,6,25665
sample4.asm,fnstenv,6,25665
sample4.asm,fidivs,6,25665
sample4.asm,fcoms,6,25665
sample4.asm,fbstp,6,25665
sample4.asm,fdiv,6,25665
sample4.asm,fmulp,6,25665
sample4.asm,fcom,6,25665
sample4.asm,divb,6,25665
sample4.asm,fistpl,5,25665
sample4.asm,fcompl,5,25665
sample4.asm,fcomi,5,25665
sample4.asm,fldenv,5,25665
sample4.asm,fmul,5,25665
sample4.asm,fisubrs,5,25665
sample4.asm,fisttpl,5,25665
sample4.asm,fsubrp,5,25665
sample4.asm,fstp,5,25665
sample4.asm,divl,5,25665
sample4.asm,xorl,5,25665
sample4.asm,idivl,5,25665
sample4.asm,fidivrl,5,25665
sample4.asm,fcmovnb,5,25665
sample4.asm,fdivs,5,25665
sample4.asm,fucom,5,25665
sample4.asm,btr,4,25665
sample4.asm,fsubp,4,25665
sample4.asm,fucomip,4,25665
sample4.asm,faddp,4,25665
sample4.asm,ficompl,4,25665
sample4.asm,fmuls,4,25665
sample4.asm,fcmovb,4,25665
sample4.asm,fadds,4,25665
sample4.asm,fdivr,4,25665
sample4.asm,fcmovbe,4,25665
sample4.asm,fcomip,4,25665
sample4.asm,fst,4,25665
sample4.asm,fld,4,25665
sample4.asm,fisubl,4,25665
sample4.asm,fildl,4,25665
sample4.asm,fcmove,3,25665
sample4.asm,setl,3,25665
sample4.asm,fsts,3,25665
sample4.asm,addl,3,25665
sample4.asm,ffree,3,25665
sample4.asm,fcmovne,3,25665
sample4.asm,fsubrs,3,25665
sample4.asm,wbinvd,2,25665
sample4.asm,cmovns,2,25665
sample4.asm,psrlq,2,25665
sample4.asm,ffreep,2,25665
sample4.asm,psraw,2,25665
sample4.asm,fucomp,2,25665
sample4.asm,addps,2,25665
sample4.asm,rep,2,25665
sample4.asm,clts,2,25665
sample4.asm,fdecstp,2,25665
sample4.asm,popw,2,25665
sample4.asm,movb,2,25665
sample4.asm,movnti,2,25665
sample4.asm,cvtps2pi,2,25665
sample4.asm,frstor,2,25665
sample4.asm,punpckhdq,2,25665
sample4.asm,sample4,1,25665
sample4.asm,disassembly,1,25665
sample4.asm,sldt,1,25665
sample4.asm,fscale,1,25665
sample4.asm,sysexit,1,25665
sample4.asm,verr,1,25665
sample4.asm,bswap,1,25665
sample4.asm,bt,1,25665
sample4.asm,fdivrp,1,25665
sample4.asm,sgdtl,1,25665
sample4.asm,outsw,1,25665
sample4.asm,fxtract,1,25665
sample4.asm,lretw,1,25665
sample4.asm,fsubs,1,25665
sample4.asm,punpckhwd,1,25665
sample4.asm,fsin,1,25665
sample4.asm,unpckhps,1,25665
sample4.asm,setbe,1,25665
sample4.asm,pminub,1,25665
sample4.asm,fcmovnbe,1,25665
sample4.asm,fldl2t,1,25665
sample4.asm,seta,1,25665
sample4.asm,pmaxsw,1,25665
sample4.asm,vpmaxub,1,25665
sample4.asm,cmovno,1,25665
sample4.asm,lss,1,25665
sample4.asm,ucomiss,1,25665
sample4.asm,psubb,1,25665
sample4.asm,psllq,1,25665
sample4.asm,fldl2e,1,25665
sample4.asm,pcmpeqw,1,25665
sample4.asm,pmuludq,1,25665
sample4.asm,fldlg2,1,25665
sample4.asm,fyl2xp1,1,25665
sample4.asm,fcompp,1,25665
sample4.asm,movaps,1,25665
sample4.asm,subps,1,25665
sample4.asm,leavew,1,25665
sample4.asm,paddq,1,25665
sample4.asm,rsm,1,25665
sample4.asm,prefetcht0,1,25665
sample4.asm,callw,1,25665
sample4.asm,unpcklps,1,25665
sample4.asm,fcos,1,25665
sample4.asm,fdivrs,1,25665
sample4.asm,verw,1,25665
sample4.asm,cmovbe,1,25665
sample4.asm,movntps,1,25665
sample4.asm,pxor,1,25665
sample4.asm,retw,1,25665
sample4.asm,vmread,1,25665
sample4.asm,fprem,1,25665
sample4.asm,xabort,1,25665
sample4.asm,fucompp,1,25665
sample4.asm,fninit,1,25665
sample4.asm,divw,1,25665
