txt_file,set,out_dir,label,family,sha256,filename,arch,tag,n_insns,kept,reason
root_2XClient_12.0_build_2193.paf.exe.txt,good_train,good_train,0,root,ae5f01d8915fe8ec47d12cd69e87820a212f7cd046a85545acf7db24e7e4f5a9,2XClient_12.0_build_2193.paf.exe,x86,plain,9256,1,
root_7-ZipPortable_21.07.paf.exe.txt,good_train,good_train,0,root,d6820254f4911743b71ff428691d8ab7c1f164e49c1f11f7c725caa620c7d903,7-ZipPortable_21.07.paf.exe,x86,plain,8567,1,
root_ARP.EXE.txt,good_train,good_train,0,root,6f928475e24f329dfd465d7b2411573b9824c317c704708e077f4732e58d0153,ARP.EXE,x86,plain,4345,1,
root_AccountsControlHost.exe.txt,good_train,good_train,0,root,fc1ff185db2c960afd5803d5e9b7156fd37261cdebcbce45af9c9768f4e05a58,AccountsControlHost.exe,x64,plain,128784,1,
root_ActionUriServer.exe.txt,good_train,good_train,0,root,067b2cc5d42fa87aea45c8fe0cf9808d431d5258f081ddd829b3f7980d23e23a,ActionUriServer.exe,x64,plain,18764,1,
root_AddSuggestedFoldersToLibraryDialog.exe.txt,good_train,good_train,0,root,36afa68f37cf3392e913b77bd7ed853dd21a98b23d589361c47402a9d5bfbc25,AddSuggestedFoldersToLibraryDialog.exe,x64,plain,134920,1,
root_AdvancedRun.exe.txt,good_train,good_train,0,root,d2b72b003c278fbecf32daedeb9b3cf88746e9ed33b8739f4fd96efab494f244,AdvancedRun.exe,x64,plain,18944,1,
root_AgentService.exe.txt,good_train,good_train,0,root,b3d7aab8ad319dcf7050fe8ce67d69c8c59adc0d90c19a144c2d5c1f66c1babf,AgentService.exe,x64,plain,236122,1,
root_AkelPadPortable_4.9.8.paf.exe.txt,good_train,good_train,0,root,f26cfb5e1205a9bb0212afe4072a3a46361040f4d2478993d220117329576a28,AkelPadPortable_4.9.8.paf.exe,x86,plain,8140,1,
root_AllThreadsView.exe.txt,good_train,good_train,0,root,80e5b10cc8083f9da2a77430d6289906213929f99173dfa9d407405dedceeae1,AllThreadsView.exe,x64,plain,15154,1,
root_AltStreamDump.exe.txt,good_train,good_train,0,root,54939b60003d8394cbfc761da90fd73042e80815e28dbcfe6608ff076a70e319,AltStreamDump.exe,x86,plain,1272,1,
root_AlternateStreamView.exe.txt,good_train,good_train,0,root,b2f5db4cbcd7dbdece131c69ca7f1a20daf715d6b2ed40723b456708bdc9bcd8,AlternateStreamView.exe,x64,plain,16173,1,
root_AntRenamerPortable_2.12.0.paf.exe.txt,good_train,good_train,0,root,648b4ffd8dbf9b5ee9a7273d4c17e958061ca9fbe46cadfb9db7ad580d9157e3,AntRenamerPortable_2.12.0.paf.exe,x86,plain,9256,1,
root_AnyDesk.exe.txt,good_train,good_train,0,root,64547b7a4a9de8af79ff0eefadde2aed10c17f9d8f9a2465c0110c848d85317a,AnyDesk.exe,x86,plain,3683,1,
root_AppAudioConfig.exe.txt,good_train,good_train,0,root,8691580b678eb391ccebf667640b825ce6b53bcbd15af92062712a47ec223492,AppAudioConfig.exe,x64,plain,18318,1,
root_AppCompatibilityView.exe.txt,good_train,good_train,0,root,76ef4a2185d473cd99079c756bf17d8c78826d234359d80ccbfe4e9f10c95e99,AppCompatibilityView.exe,x64,plain,17767,1,
root_AppCrashView.exe.txt,good_train,good_train,0,root,6ea6cc9abfd2adf586c80e11d56c83b7f2906e564162b04ba68871f6dbceaf0d,AppCrashView.exe,x86,plain,15510,1,
root_AppHostRegistrationVerifier.exe.txt,good_train,good_train,0,root,619e84381f1387b59b623ecf8e8ce46f661c2e6f41a5ca908ac670f180ea7dff,AppHostRegistrationVerifier.exe,x64,plain,22126,1,
root_AppLaunch.exe.txt,good_train,good_train,0,root,fcecf396f9ef1b3ddadde1aeeda5d49cf2d28c85ebdb3f6678d7a064b4069278,AppLaunch.exe,x86,plain,29745,1,
root_AppNetworkCounter.exe.txt,good_train,good_train,0,root,e8b204ee371cd08f73aa00fc57378d6f0ad93d87d53db44f0c0ea594108f12c5,AppNetworkCounter.exe,x64,plain,18694,1,
root_AppReadWriteCounter.exe.txt,good_train,good_train,0,root,42d17f2a5f8e59f9ee20813760bf809925a7fdc0781cb71b36d164148bcfdd83,AppReadWriteCounter.exe,x64,plain,18885,1,
root_AppResolverUX.exe.txt,good_train,good_train,0,root,f7f3db52e9c7c4b9c66a1c134ac81db3c7a98d4f0f85207fb1660c187bd1d53b,AppResolverUX.exe,x64,plain,105485,1,
root_AppVClient.exe.txt,good_train,good_train,0,root,722edc97aeb8c19c6b07b5928dd13a1da42d95704b865cbbecf535336936e689,AppVClient.exe,x64,plain,125780,1,
root_AppVDllSurrogate.exe.txt,good_train,good_train,0,root,ddefaedb6e9da7e17be3ee8e0a8563a6ab5751e85aca55b90666f449b93d92ec,AppVDllSurrogate.exe,x64,plain,13818,1,
root_AppVNice.exe.txt,good_train,good_train,0,root,e04a7680d80e671a20641680c062af29b8021fe3a8bfce93810dc978f1635ee1,AppVNice.exe,x64,plain,11990,1,
root_AppVShNotify.exe.txt,good_train,good_train,0,root,071da06da3d61e49c4a0edca37097b39b7c96a1aa820453f8cc6c8aa55cfd98e,AppVShNotify.exe,x64,plain,22777,1,
root_AppVStreamingUX.exe.txt,good_train,good_train,0,root,588a12edac02c93a449e9570bfff0d9dfd6c297841eb593b2001ef9ae75bf5eb,AppVStreamingUX.exe,x64,dotnet,,0,tag:dotnet
root_ApplicationFrameHost.exe.txt,good_train,good_train,0,root,010a39f2c33b3df513c599e951b61afc8299c85b60c86e957e9da17c1cd5655a,ApplicationFrameHost.exe,x64,plain,11526,1,
root_ApplySettingsTemplateCatalog.exe.txt,good_train,good_train,0,root,1e51215842f854ff2ddfa699850f03921efed246014c10b0e2bcbe465cf5fd83,ApplySettingsTemplateCatalog.exe,x64,plain,230084,1,
root_ApplyTrustOffline.exe.txt,good_train,good_train,0,root,f07c30677874f7ca02e3fc5a791348c133b299ab88f681e4d4118e5286bc2d94,ApplyTrustOffline.exe,x64,plain,135447,1,
root_ApproveChildRequest.exe.txt,good_train,good_train,0,root,6ad4c8709495483139f91f2fdc27294650d56eb94a01c8ac45ff15aa51a89c6f,ApproveChildRequest.exe,x64,plain,27185,1,
root_AquaSnapPortable_1.23.11.paf.exe.txt,good_train,good_train,0,root,a609e0c72d93caebb606b6663fce9061a9087e242585194717c8900aa1a9e270,AquaSnapPortable_1.23.11.paf.exe,x86,plain,8490,1,
root_Ashampoo_AntiSpy.exe.txt,good_train,good_train,0,root,4edcffcfadb0af69c1563b05df9a33b1c2803f0a37db8fa73c8b172ea7e886f9,Ashampoo_AntiSpy.exe,x86,dotnet,,0,tag:dotnet
root_AssignedAccessLockApp.exe.txt,good_train,good_train,0,root,9c91ac38988f6bccf323041922204af60047b5ee3e62d9d9e1b55c7634cca9e2,AssignedAccessLockApp.exe,x64,plain,89644,1,
root_AtBroker.exe.txt,good_train,good_train,0,root,22b2a930d97c30bf53b7bc9838f8c4c938d7d0f806eae3601f9a01aeac803443,AtBroker.exe,x86,plain,16959,1,
root_AuditShD.exe.txt,good_train,good_train,0,root,ac9284e17feb93f313fa31b5b62cf6e6743f0df3797c3d513e6fd3e55382115f,AuditShD.exe,x64,plain,4366,1,
root_AuthHost.exe.txt,good_train,good_train,0,root,ea48b4f5787d0941991b17a9a2075cd89f8217cd00260c5283e2a2bf97efac64,AuthHost.exe,x64,plain,23161,1,
root_AutorunsPortable_14.09_English_online.paf.exe.txt,good_train,good_train,0,root,521ade81216d39918c8015e6230624a0ddef0b92a7695b6be659ce8b4c750b1c,AutorunsPortable_14.09_English_online.paf.exe,x86,plain,8567,1,
root_AxInstUI.exe.txt,good_train,good_train,0,root,d4e66ed99de8b27c7ec96e66ed10086811b0f75ee0d308a5ac7e1e08c5bd0788,AxInstUI.exe,x64,plain,1137,1,
root_BabelMapPortable_8.0.0.5_English.paf.exe.txt,good_train,good_train,0,root,dc4c6e1a6185cba6b1d894f172123aaf52ed260618388e27fbe9467918aea84c,BabelMapPortable_8.0.0.5_English.paf.exe,x86,plain,8140,1,
root_BackgroundTransferHost.exe.txt,good_train,good_train,0,root,f393d6fbcbbe46cc63c7996d0f35763ba46e512cc18adc3ead71855c59bab946,BackgroundTransferHost.exe,x86,plain,3462,1,
root_Baidu_WiFi_Hotspot.exe.txt,good_train,good_train,0,root,e885649f0fb611fa01f72ef9bd7a103c52eb5a1a7cca0659477dab05264aac1c,Baidu_WiFi_Hotspot.exe,x86,plain,36403,1,
root_BatteryInfoView.exe.txt,good_train,good_train,0,root,8dffb52b6826067ed8b56f549cbe53f4f5908e21582a54a9172ecfbad90afe37,BatteryInfoView.exe,x86,plain,15388,1,
root_BdeHdCfg.exe.txt,good_train,good_train,0,root,24d5ae729dba94c00615c3c13a5fc0707912f991353f9db826ab03ee066766a6,BdeHdCfg.exe,x64,plain,4083,1,
root_BdeUISrv.exe.txt,good_train,good_train,0,root,88e94095e5a0d268347dc8deeeec4b0823a53f6fecdb849c30a9d1efdf7c551d,BdeUISrv.exe,x64,plain,9112,1,
root_BioEnrollmentHost.exe.txt,good_train,good_train,0,root,ab64955fad1305a21acd2556dd71af10ab413e2eacb97deed213a75ef935248e,BioEnrollmentHost.exe,x64,plain,127590,1,
root_BioIso.exe.txt,good_train,good_train,0,root,a55faefb1924ff313802cd586594d55a7ebd6282ba236953d77d5797953629cd,BioIso.exe,x64,plain,175441,1,
root_BitLockerDeviceEncryption.exe.txt,good_train,good_train,0,root,93215f71173d4632a6fc976b5322de284264c6f6be7195195f05c2fe61fe1fb4,BitLockerDeviceEncryption.exe,x64,plain,27012,1,
root_BitLockerToGo.exe.txt,good_train,good_train,0,root,ae0411c0be7e5b40bd5f134d385eaaaa132efe37ce23cc413cdd270789f46e24,BitLockerToGo.exe,x86,plain,44076,1,
root_BitLockerWizard.exe.txt,good_train,good_train,0,root,d7da17404acb12c657aedc1ab1cc31a6ba168e055c9f179e26054c59c3df0a3f,BitLockerWizard.exe,x64,plain,1210,1,
root_BitLockerWizardElev.exe.txt,good_train,good_train,0,root,103078b84013b55f8cfdb5a89973f1930cf50aef7d0c22dabaa9ac6bed967d5e,BitLockerWizardElev.exe,x64,plain,1210,1,
root_BlueScreenView.exe.txt,good_train,good_train,0,root,09f3023554be864f31d80f2e7e7c7e824d79a69ddf84f1f02a433e85e866282c,BlueScreenView.exe,x64,plain,19634,1,
root_BluetoothCL.exe.txt,good_train,good_train,0,root,7b913b7d5d0dbd99a038b71d00454fc18789bd0096996da72344e8edbbcf62f5,BluetoothCL.exe,x86,plain,1348,1,
root_BluetoothLogView.exe.txt,good_train,good_train,0,root,5d6e6f7b1f1c71676656b26334d799b5e59f3f139e574caf80e113bbec58e9b4,BluetoothLogView.exe,x86,plain,13859,1,
root_BluetoothView.exe.txt,good_train,good_train,0,root,454c1b87d93688b96c8ed26ad80533844484448d3ff5d869c52972db8c63d7b6,BluetoothView.exe,x86,plain,15410,1,
root_Bluetooth_File_Transfer_PC.exe.txt,good_train,good_train,0,root,59d9270c8d7a6153ed5e0dfcae3a6eeea74033e867581ad89de5efa464bffc0e,Bluetooth_File_Transfer_PC.exe,x86,plain,36403,1,
root_BrowserAddonsView.exe.txt,good_train,good_train,0,root,52c7fde4778e6f30bac544d028069c20fe423ee235adf4e50a79c86bf44ad2d0,BrowserAddonsView.exe,x64,plain,94684,1,
root_BrowserCore.exe.txt,good_train,good_train,0,root,210513bc15a0dc19a74614c294b7b056d1baf82c5a25b60d374aee9cf59cab07,BrowserCore.exe,x64,plain,10662,1,
root_BrowserDownloadsView.exe.txt,good_train,good_train,0,root,6903fa3d474347c150e8e61dbcf737b7a20c7022489a1f049cd90998ef2274ef,BrowserDownloadsView.exe,x64,plain,98015,1,
root_BrutalChessPortable_0.5.2.2_English.paf.exe.txt,good_train,good_train,0,root,f0b28504ec664520e6fb17e1e9addfa38dc84510c7b1ea49d3f068f247096fa2,BrutalChessPortable_0.5.2.2_English.paf.exe,x86,plain,8398,1,
root_BulkFileChanger.exe.txt,good_train,good_train,0,root,b04d792e44f821da9bf92ea927a6dd72ecf23b15f738dc4f222c839f7242e9cd,BulkFileChanger.exe,x64,plain,21594,1,
root_BulletsPassView.exe.txt,good_train,good_train,0,root,e71cda5e7c018f18aefcdfbce171cfeee7b8d556e5036d8b8f0864efc5f2156b,BulletsPassView.exe,x64,plain,14630,1,
root_ByteCodeGenerator.exe.txt,good_train,good_train,0,root,a0bb35738d10a16190f279a30c27e1e217a5e121ec0b2a2608506dd107342c6a,ByteCodeGenerator.exe,x86,plain,14421,1,
root_CDGS.exe.txt,good_train,good_train,0,root,139c36496aa0ba2ca83ac50aa6411e7b05e70e0527b66f937d5e3d810142999b,CDGS.exe,x86,plain,177139,1,
root_CHXSmartScreen.exe.txt,good_train,good_train,0,root,5361e075552716e77cfabd48dbf31e661221e4589937b1d65bc3eecac0685b0a,CHXSmartScreen.exe,x64,plain,63147,1,
root_CIDiag.exe.txt,good_train,good_train,0,root,46cfe718806eedae3f5e7c1ebe14f717512ac6861388c461fcb455eb9c8ffc5a,CIDiag.exe,x64,plain,4154,1,
root_CPU-ZPortable_2.00_English.paf.exe.txt,good_train,good_train,0,root,012bd119b1a7aeeca8fb89cf81e97b9072d45017f3630b0224b38b4e48b0cdd1,CPU-ZPortable_2.00_English.paf.exe,x86,plain,8567,1,
root_CSVFileView.exe.txt,good_train,good_train,0,root,04ffec4d17033e8c7a851826a4d8ab94197243a8a54fffaca76ad944646b2cea,CSVFileView.exe,x64,plain,52537,1,
root_CameraBarcodeScannerPreview.exe.txt,good_train,good_train,0,root,57bb8f92760c7c6d0015486b3c470026416ee695f1b9eac151bab251f497ec2c,CameraBarcodeScannerPreview.exe,x64,plain,102593,1,
root_CameraSettingsUIHost.exe.txt,good_train,good_train,0,root,463180573f43cc8a3c2879e9ae442d751d1b9541c8e81a547fb6449d3e5dd2b5,CameraSettingsUIHost.exe,x86,plain,4570,1,
root_CapturePicker.exe.txt,good_train,good_train,0,root,b38941d1cf30b57be85a4b70345cf4bc2b79c20bd8cdc5835ed9f258a5dcff16,CapturePicker.exe,x64,plain,94484,1,
root_CastSrv.exe.txt,good_train,good_train,0,root,3eacc4101f8d7e0360cfb1be38cf46fb3a6901fcb89dbcf45a0806c751219a73,CastSrv.exe,x64,plain,9586,1,
root_CertEnrollCtrl.exe.txt,good_train,good_train,0,root,8de895a62785c1294f402260671cfdbb2223e3448947c3ace893b8a298a1d37a,CertEnrollCtrl.exe,x86,plain,11522,1,
root_CheckNetIsolation.exe.txt,good_train,good_train,0,root,bf557534ced01cf06a6d53c9b61cbe7668163c7b3aab7bff386fada0f68a122e,CheckNetIsolation.exe,x86,plain,5171,1,
root_ChecksumControlPortable_2.4.4.paf.exe.txt,good_train,good_train,0,root,12986975bf6377d5c01ff6985af32d50c30adfaca1593d113b77e0f54a9633f6,ChecksumControlPortable_2.4.4.paf.exe,x86,plain,8490,1,
root_ChromeCacheView.exe.txt,good_train,good_train,0,root,1d687ab68f31af9e818dfea2a3e87cfbfc9e4d39dd1ba01e4ac410fa172181d3,ChromeCacheView.exe,x86,plain,109019,1,
root_ChromeCookiesView.exe.txt,good_train,good_train,0,root,e782e9a9c28c78981b0e2d1bd1d8537af125ea1a076854cd37ad7c9117302ce3,ChromeCookiesView.exe,x86,plain,135254,1,
root_ChromeHistoryView.exe.txt,good_train,good_train,0,root,1f2e4a320ee7ce81b1ae422895a08f890039837d705965517ec9a11318005a68,ChromeHistoryView.exe,x86,plain,92383,1,
root_ChsIME.exe.txt,good_train,good_train,0,root,ae6351a712719286c4e636b35a79aa47a769d8562de721893d9cfb0769506eb8,ChsIME.exe,x64,plain,46503,1,
root_ChtIME.exe.txt,good_train,good_train,0,root,7ce434a8ebe13ea6088e6fcc8eba6c553afae427569010c2fe52308c1e9e6fb1,ChtIME.exe,x64,plain,37286,1,
root_ClickyGonePortable_1.4.4.1_Rev_2_English.paf.exe.txt,good_train,good_train,0,root,501f02cbab23348a8e5e593c17c02119df2aaac82e747a789744e572e12b1b58,ClickyGonePortable_1.4.4.1_Rev_2_English.paf.exe,x86,plain,9256,1,
root_ClipRenew.exe.txt,good_train,good_train,0,root,c2e36c346b29f50376f3f487f5c18489a7a46158f55d72b8db79cf493c4fe160,ClipRenew.exe,x64,plain,26128,1,
root_Clipboardic.exe.txt,good_train,good_train,0,root,017ffd84b46daf0e07968aadaa6de3cb4e1457afd3bc3fbadbf01c661bfe465e,Clipboardic.exe,x86,plain,13778,1,
root_CloudExperienceHostBroker.exe.txt,good_train,good_train,0,root,d2a6bd3aa9853d5e4026c5f65ac60da579e4a94c90ffa636d4c70f070dba82f6,CloudExperienceHostBroker.exe,x64,plain,10160,1,
root_CloudNotifications.exe.txt,good_train,good_train,0,root,7747b7a25a6589b061a8c5e54107392cd3f494a5065f3abac77e6f60ea349cc0,CloudNotifications.exe,x86,plain,16533,1,
root_CloudStorageWizard.exe.txt,good_train,good_train,0,root,1c8ab51e9c5f40c9520d617282c0a09b3422ee45d19f8272fe6209083ad46217,CloudStorageWizard.exe,x86,plain,43025,1,
root_ColourContrastAnalyserPortable_2.5.0.0.paf.exe.txt,good_train,good_train,0,root,aaddf5b583bd083eb9cfbadea6ed40225bc2217799b695e9860c9b7671ffdccd,ColourContrastAnalyserPortable_2.5.0.0.paf.exe,x86,plain,8210,1,
root_ComSvcConfig.exe.txt,good_train,good_train,0,root,937f8bdd77df66420d907f209ffe43926d2b871a3fe6c57a56b52aee3bc7c02d,ComSvcConfig.exe,x86,dotnet,,0,tag:dotnet
root_ComboFix.exe.txt,good_train,good_train,0,root,78a53c3a37b03db2824fbe314ba6f9a5d4a0afaefa5163bbbcaa6c878aab3b30,ComboFix.exe,x86,plain,7675,1,
root_CommandPromptPortable_2.6.paf.exe.txt,good_train,good_train,0,root,cfa1818bbca8013c8ea41d920314b591d8bf7300c6b3f9a2c02b0a9288e79f6a,CommandPromptPortable_2.6.paf.exe,x86,plain,8490,1,
root_CompMgmtLauncher.exe.txt,good_train,good_train,0,root,c3837a39e4c5705adf0f172d326bcd6975c7fd610915656da62d0a635cff9a97,CompMgmtLauncher.exe,x64,plain,10149,1,
root_CompPkgSrv.exe.txt,good_train,good_train,0,root,25484d9bab580d1d7ba0f514093791d8c9f4367bdd69f3f9943cb7d82b3052c4,CompPkgSrv.exe,x64,plain,35891,1,
root_CompatTelRunner.exe.txt,good_train,good_train,0,root,a28bf11b34f5e0d1dc6e8f1d572c52ec7586f6d1d2ad80f63f389c01d002595e,CompatTelRunner.exe,x64,plain,25865,1,
root_ComputerDefaults.exe.txt,good_train,good_train,0,root,8893773a22e051d377582bc26e518a5c6cf759cdc9326b2ffa542fdb4ea4fa98,ComputerDefaults.exe,x86,plain,10168,1,
root_ConfigSecurityPolicy.exe.txt,good_train,good_train,0,root,6d9589a6db768b9eb658215059b9848b9de96dd8ea701be8a11f28e062684e20,ConfigSecurityPolicy.exe,x64,plain,51665,1,
root_ConsolePortable_2.00_b148_Rev_2_English.paf.exe.txt,good_train,good_train,0,root,e59194cb1dc42b5cd68d4b642a627869602b67e02d84ff46456ed5a4876efa9f,ConsolePortable_2.00_b148_Rev_2_English.paf.exe,x86,plain,9256,1,
root_ControlMyMonitor.exe.txt,good_train,good_train,0,root,eb98f1e34cbad6a2cc56c430df952cc184f28c164f012ee6a223f07a089ce5c2,ControlMyMonitor.exe,x86,plain,19868,1,
root_ControlPadPortable_0.72_English.paf.exe.txt,good_train,good_train,0,root,8e53dead0b8e0a136e126f45328a940427aabcbe4a16e77aaff6bb9e609e5f9f,ControlPadPortable_0.72_English.paf.exe,x86,plain,9256,1,
root_ConverberPortable_2.3.1_Rev_2.paf.exe.txt,good_train,good_train,0,root,85ec0a9865b5982ddae8bce00c2252291e4ea39a32ec8b57ba1540a5bacad821,ConverberPortable_2.3.1_Rev_2.paf.exe,x86,plain,8398,1,
root_CookTimerPortable_0.9.3_Rev_2_English.paf.exe.txt,good_train,good_train,0,root,e18ef4345ebe9d354516594a7cc8b3fb33c934013d5ce209fb4cfe6eb9695b05,CookTimerPortable_0.9.3_Rev_2_English.paf.exe,x86,plain,9256,1,
root_CountryTraceRoute.exe.txt,good_train,good_train,0,root,f1716b20db3b2839be0c1747c4b86e4be88f7ab6f287b9f4c8256ded6a4011ef,CountryTraceRoute.exe,x86,plain,24954,1,
root_CredDialogHost.exe.txt,good_train,good_train,0,root,3fc04b6586a1e1d456f5aba24d299a5af5774f6081cfbf87c86c5ee7d53b1f40,CredDialogHost.exe,x64,plain,65510,1,
root_CredentialUIBroker.exe.txt,good_train,good_train,0,root,9678e117e3ff4e49f77d1ba3b848b5a9d977dcb97306804043f4e1c9fe529b8d,CredentialUIBroker.exe,x86,plain,31772,1,
root_CredentialsFileView.exe.txt,good_train,good_train,0,root,9033a46f756fa5225ed30692317d92b31fa5b23fa4587caa87172031efa25e12,CredentialsFileView.exe,x64,plain,36017,1,
root_CrystalDiskInfoPortable_8.16.0.paf.exe.txt,good_train,good_train,0,root,10f68d684cdeabe73cc18d9311481fc885ae085eaa315495e3e20a9f48864320,CrystalDiskInfoPortable_8.16.0.paf.exe,x86,plain,8567,1,
root_CrystalDiskMarkPortable_8.0.4a.paf.exe.txt,good_train,good_train,0,root,0ab4c1d3cca866ce08b55e266a3bf85182f9a8b18d16bf90b41c6546ce0d82b2,CrystalDiskMarkPortable_8.0.4a.paf.exe,x86,plain,8567,1,
root_CubicExplorerPortable_0.95.1_Rev_2.paf.exe.txt,good_train,good_train,0,root,b80303ac5429803f60cbb8c93bcc9d2fb1adf191e324ce9439dd2557d4978455,CubicExplorerPortable_0.95.1_Rev_2.paf.exe,x86,plain,9256,1,
root_CustomExplorerToolbar.exe.txt,good_train,good_train,0,root,9d42469f46915bc0e3245ba8ccae16be43726412ce8af339e9efbaa74131ae52,CustomExplorerToolbar.exe,x86,plain,8948,1,
root_DFDWiz.exe.txt,good_train,good_train,0,root,6b2eea8205fb9a603f49a638cfba45a0c32d71c8f26e9b10cb01050b42fd0bd8,DFDWiz.exe,x64,plain,8701,1,
root_DM2Portable_1.23.1.1.paf.exe.txt,good_train,good_train,0,root,979f2d0bb1b051a6363daaf2ed90aca5079bed5466af26c4d2ce919275e74de0,DM2Portable_1.23.1.1.paf.exe,x86,plain,9256,1,
root_DNSDataView.exe.txt,good_train,good_train,0,root,2704bd8527e3bc9998564a83da7a86c7781dbf3307e436694bbaee6b13f8fde1,DNSDataView.exe,x86,plain,14054,1,
root_DNSLookupView.exe.txt,good_train,good_train,0,root,c81c0a3607ae65e64b1889b412e997267773c67ddbaff80f8cde988d9452f709,DNSLookupView.exe,x86,plain,16868,1,
root_DNSQuerySniffer.exe.txt,good_train,good_train,0,root,7345d6ff5c72d2982b4c34e497d27cfe078832d4c15e483c6a3bfe728f0680a7,DNSQuerySniffer.exe,x64,plain,37238,1,
root_DSpeechPortable_1.73.339.paf.exe.txt,good_train,good_train,0,root,30e148de260094fa9efc09a8596bbedc3ee76b438c1e7640c01b1128e6528c17,DSpeechPortable_1.73.339.paf.exe,x86,plain,8490,1,
root_DSynchronizePortable_2.48.28.paf.exe.txt,good_train,good_train,0,root,39b1da5439fe7bb9b1c1fada4772f4003bd89cae1999344b8efc09489e2ca678,DSynchronizePortable_2.48.28.paf.exe,x86,plain,8490,1,
root_DTUHandler.exe.txt,good_train,good_train,0,root,454a7dd1e163f3cd5c45deb369da34b9a29ca8729d9c07e304fe7bc0f78c84c7,DTUHandler.exe,x64,plain,22528,1,
root_DTaskManagerPortable_1.57.11.paf.exe.txt,good_train,good_train,0,root,83b0c43da684f0b658deda684866092c3fbb450060cf59f439b4c2da4ec974ab,DTaskManagerPortable_1.57.11.paf.exe,x86,plain,8490,1,
root_DUMoPortable_2.24.1.119.paf.exe.txt,good_train,good_train,0,root,09b64137c8b5f9097ffa255c1363bd7f9547b1efca25c716d361156dec616f51,DUMoPortable_2.24.1.119.paf.exe,x86,plain,8567,1,
root_DWWIN.EXE.txt,good_train,good_train,0,root,c3bd45be64119aa6655d7f9ba1860bf137b9e2d6657dbdb3a92fa019af7e17be,DWWIN.EXE,x86,plain,53030,1,
root_DaphnePortable_2.04.paf.exe.txt,good_train,good_train,0,root,ab86c762e07cd3bd5a41926ee35d4bdfd97c0c2607e713573081fd34aa2fafa9,DaphnePortable_2.04.paf.exe,x86,plain,9256,1,
root_DataExchangeHost.exe.txt,good_train,good_train,0,root,d0b9e7c79bd8462b182157df410cfebdd2d28d1e89773590df383acec9826957,DataExchangeHost.exe,x64,plain,50395,1,
root_DataProtectionDecryptor.exe.txt,good_train,good_train,0,root,8fd03db433633a4927801f54fc020ea18baf99525b1a1f9166ac92a8f55d3d63,DataProtectionDecryptor.exe,x64,plain,23411,1,
root_DataStoreCacheDumpTool.exe.txt,good_train,good_train,0,root,e68e5da4b741f92bc748df79b876b37fdff184af98113523153729fa1961aab0,DataStoreCacheDumpTool.exe,x64,plain,28747,1,
root_DataUsageLiveTileTask.exe.txt,good_train,good_train,0,root,feba3d1ffdae3a7a05d8c0a6624a083629aa52632186543a9a383061f9bf8b14,DataUsageLiveTileTask.exe,x64,plain,24823,1,
root_DebugViewPortable_4.90_Release_2_English_online.paf.exe.txt,good_train,good_train,0,root,85e3be65508ade1b8406e64904d13f156deb976102965e8ddcb50eeace567bc5,DebugViewPortable_4.90_Release_2_English_online.paf.exe,x86,plain,8490,1,
root_Defrag.exe.txt,good_train,good_train,0,root,f3653821e5dbb52c9b7f62a36a810eed6ca16cef6372b3c91518cb92d2932ba8,Defrag.exe,x64,plain,12058,1,
root_DevManView.exe.txt,good_train,good_train,0,root,642393ce850a4d47f749d280240d087c1e78f7321345c2db8a50984ef44f00af,DevManView.exe,x64,plain,25260,1,
root_DeviceCensus.exe.txt,good_train,good_train,0,root,0ec01b252ec583a9848ad5e47890fdda60aa584a425c5ef20466d57f665709d7,DeviceCensus.exe,x64,plain,3029,1,
root_DeviceCredentialDeployment.exe.txt,good_train,good_train,0,root,3274d12cdb16a7f44a96335ae17151c6c8667fbfe36e4c11edc9d1b825078e17,DeviceCredentialDeployment.exe,x64,plain,15211,1,
root_DeviceEject.exe.txt,good_train,good_train,0,root,8c7d1a4a1f1f8732a92eb1edf3384c0b5496246a40a88165d9845a805a90899b,DeviceEject.exe,x64,plain,2504,1,
root_DeviceEnroller.exe.txt,good_train,good_train,0,root,c92623725c8f960a88007e88e96026251be79d30b14454fefcf127cd83d8b26f,DeviceEnroller.exe,x64,plain,66775,1,
root_DeviceIOView.exe.txt,good_train,good_train,0,root,5794412bac7ab501fae95486435f09fb0f4fb149735a4d3a4f53166a23f5d2b1,DeviceIOView.exe,x64,plain,14453,1,
root_DevicePairingWizard.exe.txt,good_train,good_train,0,root,b8e0841130eb3dc73e827e8cdd0ca7a8caa2da7aa0d7de74433b13b0c19ab7a1,DevicePairingWizard.exe,x86,plain,9072,1,
root_DeviceProperties.exe.txt,good_train,good_train,0,root,45ae712fcf3b3f5259c850d4ba0531ad656f6c770155d0bb306e1637c1c7fd6b,DeviceProperties.exe,x64,plain,937,1,
root_DiagnosticsHub.StandardCollector.Service.exe.txt,good_train,good_train,0,root,010cd530cddfe5f993dba923d7d8caccadad82a7b4d4434fb5728603ec72fe14,DiagnosticsHub.StandardCollector.Service.exe,x64,plain,17495,1,
root_Dialupass.exe.txt,good_train,good_train,0,root,598555a7e053c7456ee8a06a892309386e69d473c73284de9bbc0ba73b17e70a,Dialupass.exe,x86,plain,16034,1,
root_DicomPortable_1.1.1.paf.exe.txt,good_train,good_train,0,root,71de854321ef0bc934efcde0511b6eb9b7ac978f711cf57e5ccbfd662a1a9160,DicomPortable_1.1.1.paf.exe,x86,plain,9256,1,
root_DiffpdfPortable_2.1.3.paf.exe.txt,good_train,good_train,0,root,bc00c5d2b7c4661c9815097bff81684d4b3c6e0235d77cff300ef4c37918b761,DiffpdfPortable_2.1.3.paf.exe,x86,plain,9256,1,
root_DiskCleanerPortable_1.7.1645_Rev_2_English.paf.exe.txt,good_train,good_train,0,root,32d6c00267508358974a3a0a40113a4f9773f476120e9c0742f40b89ffda7394,DiskCleanerPortable_1.7.1645_Rev_2_English.paf.exe,x86,plain,9256,1,
root_DiskCountersView.exe.txt,good_train,good_train,0,root,339aea890fcf05db4c32a7ab498f64f66317e8176a56dbd883cb7c5aaa4b9396,DiskCountersView.exe,x86,plain,13574,1,
root_DiskSmartView.exe.txt,good_train,good_train,0,root,5ebe027a2f6f98b0f66794182d6dee910e33537574b4f7ba7db8689281c1e82d,DiskSmartView.exe,x86,plain,13507,1,
root_DiskSnapshot.exe.txt,good_train,good_train,0,root,660f45568effe4564725702ddaa6b36113ee99fb9ad4c0fabca88ccdf06b3d76,DiskSnapshot.exe,x64,plain,15645,1,
root_Dism.exe.txt,good_train,good_train,0,root,3036c3a4c3884d8ac8b58436f308332ab4a1879e1c805e568eb1a0f8b85255e8,Dism.exe,x86,plain,58940,1,
root_DismHost.exe.txt,good_train,good_train,0,root,ac9535dfd7bb58fbb48aee69d5cab6cdd7b32dc92c3ca78b4e345607279507f2,DismHost.exe,x86,plain,32300,1,
root_DisplaySwitch.exe.txt,good_train,good_train,0,root,54e05115742cf02f57d92f9908014c8a4f847bb6c2fab77d46514439563853e4,DisplaySwitch.exe,x64,plain,37433,1,
root_DittoPortable_3.24.214.paf.exe.txt,good_train,good_train,0,root,72bf239d274e0e91aa8972f5fe5cbaac40fcb93ba452c38a7c79954f03a0a43f,DittoPortable_3.24.214.paf.exe,x86,plain,8490,1,
root_DmNotificationBroker.exe.txt,good_train,good_train,0,root,c36543dcb42b09122114ce7c9ee347ceb69693b87cbfa6308a37100b64baae20,DmNotificationBroker.exe,x64,plain,3891,1,
root_DmOmaCpMo.exe.txt,good_train,good_train,0,root,9910d2c25f494b1c1668e6b67efedef17109419ce73cfad2d9de5bd2896d400a,DmOmaCpMo.exe,x64,plain,5722,1,
root_DomainHostingView.exe.txt,good_train,good_train,0,root,b55e38fc187a30eaf5b9316a50bd8b06dbb4a3878fb173cc28a298dacdef0554,DomainHostingView.exe,x86,plain,50881,1,
root_DontPanicPortable_3.1.0.paf.exe.txt,good_train,good_train,0,root,c164072e7f6a1dda58dd1c8d780e54165f0a7b38b570a210e2be6205ab070e69,DontPanicPortable_3.1.0.paf.exe,x86,plain,8140,1,
root_DownTester.exe.txt,good_train,good_train,0,root,7f5137d52afbfd12f0eaca9b7b0f3b4b6d66d99c610f2335364ac59944112d98,DownTester.exe,x86,plain,17031,1,
root_DpiScaling.exe.txt,good_train,good_train,0,root,f791bbe8dfaa3456fc94e0525bfedceedfb4f0b1f38f17829199fca5f0d9d09d,DpiScaling.exe,x86,plain,1285,1,
root_DriveLetterView.exe.txt,good_train,good_train,0,root,4e33971633facdd829ce50546aa86077ad0f8718e78aadf49dd1e756bfc4942a,DriveLetterView.exe,x64,plain,17003,1,
root_DriverPack-17-Online_undefined__xmlqakf5npz02kg.exe.txt,good_train,good_train,0,root,db8c1f668b8ddd46e1d668112c08b783b49265a8b9defc11621933e797a06a36,DriverPack-17-Online_undefined__xmlqakf5npz02kg.exe,x86,plain,8567,1,
root_DriverView.exe.txt,good_train,good_train,0,root,3f8b655190d79c5fba4af0914c434fbe97c3ad88a950bec32eb69606cf224689,DriverView.exe,x64,plain,14319,1,
root_DsmUserTask.exe.txt,good_train,good_train,0,root,e2544e63fe1c1ba957ec5723b74cf78476a2c54568af569a37d7a4f9fb804c93,DsmUserTask.exe,x64,plain,2174,1,
root_DumpEDID.exe.txt,good_train,good_train,0,root,b931705e1a89015958eda80045a1ebac354e49a45a770f4f6aeaa4064361ecb9,DumpEDID.exe,x86,plain,2710,1,
root_DuplicateFilesFinderPortable_0.8.0_English.paf.exe.txt,good_train,good_train,0,root,6389121821ae3c480d0fc754cf05b6da24848b6d0b9e00f631bca4ec54c9387e,DuplicateFilesFinderPortable_0.8.0_English.paf.exe,x86,plain,9256,1,
root_Dxpserver.exe.txt,good_train,good_train,0,root,914714ac5287f34e5c836abd6bd918c8f68fcb805990ef7bab378bfe4da27f44,Dxpserver.exe,x64,plain,56902,1,
root_DynDNSSimplyClientPortable_2.0.0.2_Rev_2.paf.exe.txt,good_train,good_train,0,root,1abb7854a3561f1f6a0f22378fb485742de9af8f8306215d9579d6dd01c51244,DynDNSSimplyClientPortable_2.0.0.2_Rev_2.paf.exe,x86,plain,9256,1,
root_EASPolicyManagerBrokerHost.exe.txt,good_train,good_train,0,root,b8d558f0e7856c519bce673f8a01602c747b23bb50aa5a65ef856bfdd41226ee,EASPolicyManagerBrokerHost.exe,x64,plain,11459,1,
root_EDPCleanup.exe.txt,good_train,good_train,0,root,5a5833957c998bbc0d39287275daeb5d27c21e9a4581d09fae3c7a80131467ef,EDPCleanup.exe,x64,plain,31532,1,
root_ESEDatabaseView.exe.txt,good_train,good_train,0,root,3303a5d0310f58e179bb03ce8245c1892f4cc9fd7733e7da00794595c59c7d76,ESEDatabaseView.exe,x86,plain,22017,1,
root_Eap3Host.exe.txt,good_train,good_train,0,root,02879a69bb7a97a15fff2fa2f9ce1fdc2811104c88b72873e915167c9b70aebb,Eap3Host.exe,x64,plain,1444,1,
root_EaseOfAccessDialog.exe.txt,good_train,good_train,0,root,563cf8c22ff6281110c0c52f2f783a8d87fbaee1f9476e525f859f420e9bc3c7,EaseOfAccessDialog.exe,x86,plain,23619,1,
root_EdgeCookiesView.exe.txt,good_train,good_train,0,root,4182172a01bdfc08c5cf7e8652f7d9d81858345a770e2b6b507840e4c1c7764f,EdgeCookiesView.exe,x86,plain,19803,1,
root_EduPrintProv.exe.txt,good_train,good_train,0,root,c50890d996815aed2ad9450585f47996a2026ecc3a7f38f28f838832b5bba8cb,EduPrintProv.exe,x64,plain,17986,1,
root_EhStorAuthn.exe.txt,good_train,good_train,0,root,3e8e7238533a1e251c9c607d84890ffa02983f02d5911a79df557e328801a5da,EhStorAuthn.exe,x86,plain,12511,1,
root_EncryptedRegView.exe.txt,good_train,good_train,0,root,f3b9f792190e92dbd834b66ee8c6a5ed0398ff6b1e353699ca7d9bf1ea3cf13d,EncryptedRegView.exe,x64,plain,32894,1,
root_EventLogChannelsView.exe.txt,good_train,good_train,0,root,e0549ee0cc793b88c0a42e3abb9eba566225b787ec98e3fdf90cf53b902661d7,EventLogChannelsView.exe,x64,plain,22444,1,
root_EventLogSourcesView.exe.txt,good_train,good_train,0,root,fb821854d62befd5c7a26bba2ff022569890bcbb138ed8be0592351112a9d3e2,EventLogSourcesView.exe,x64,plain,14028,1,
root_Everything-1.4.1.969.x86-Setup.exe.txt,good_train,good_train,0,root,acc0dd7aa13dc8eea216261f7f33f5d36c73c86a52bceded1d5105580608c306,Everything-1.4.1.969.x86-Setup.exe,x86,plain,9256,1,
root_EverythingPortable_1.4.1.1015.paf.exe.txt,good_train,good_train,0,root,d206949aec043ef7efbdef73bce66443f05a5706a1ff55dc7da9c7ad621aa60c,EverythingPortable_1.4.1.1015.paf.exe,x86,plain,8567,1,
root_ExecutedProgramsList.exe.txt,good_train,good_train,0,root,e3af98717bf1cda7dc4aacb5b34d111ac237604161cd96f7929ec33f2ff260b6,ExecutedProgramsList.exe,x86,plain,14799,1,
root_ExifDataView.exe.txt,good_train,good_train,0,root,cd1d2562eece91292a10b50c171a98d86770a5f122b4c87fbdd9b1a76e59e298,ExifDataView.exe,x86,plain,14621,1,
root_ExplorerPlusPlusPortable_1.3.5.paf.exe.txt,good_train,good_train,0,root,3ad1581a219b3edd8bc952dd906614a9503e53812b64fa2324212a8154774904,ExplorerPlusPlusPortable_1.3.5.paf.exe,x86,plain,9256,1,
root_ExtExport.exe.txt,good_train,good_train,0,root,d3156ee400dde48a9f7178cf5c8717a2553bf9acd3c2322717a53bf207842d8c,ExtExport.exe,x64,plain,9584,1,
root_ExtPassword.exe.txt,good_train,good_train,0,root,b72cb28ce540f306f7abf0f2e808799dbe6b53f6502295f608be584ca1114fa0,ExtPassword.exe,x86,plain,181975,1,
root_FBCacheView.exe.txt,good_train,good_train,0,root,3ab98c6f549c2aee60b63222e302bebf5f9ec4d834c72db7eda5073916717a06,FBCacheView.exe,x86,plain,31823,1,
root_FXSCOVER.exe.txt,good_train,good_train,0,root,b38e19ebdad15526cf8305059b53dfaa2f277eae2e46edf787f84d637cca9170,FXSCOVER.exe,x64,plain,41767,1,
root_FXSSVC.exe.txt,good_train,good_train,0,root,02550c0aad3f86f5c6efb1f5043c358d78c6d847539755d95672935d974d5ae8,FXSSVC.exe,x64,plain,133360,1,
root_FXSUNATD.exe.txt,good_train,good_train,0,root,078cbbbcc628066d667b667436e8defd83609e3f2f424d9862fe7f79c2b5771b,FXSUNATD.exe,x64,plain,2523,1,
root_FaceFodUninstaller.exe.txt,good_train,good_train,0,root,6e369db1dbf7d749c9e88e730bea34ee06b53d2d35b958e1d038525cffbec52b,FaceFodUninstaller.exe,x64,plain,69471,1,
root_FastCopyPortable_4.1.4.paf.exe.txt,good_train,good_train,0,root,a8c4b812d428abc71d8d2de96913e0aa6cc7a998b906ccb03a65b11c4ef6bef6,FastCopyPortable_4.1.4.paf.exe,x86,plain,8567,1,
root_FastResolver.exe.txt,good_train,good_train,0,root,f50dd10f1d17f31632366bb5a639f190377e70b60871eea0a288f5cb0ddbf78a,FastResolver.exe,x86,plain,12594,1,
root_FeedingFrenzy2Setupen.exe.txt,good_train,good_train,0,root,b2b3f5f90495d89ed03494178d3faf2afdac867e7733bc64c73b34243c5e8685,FeedingFrenzy2Setupen.exe,x86,plain,92296,1,
root_FileAccessErrorView.exe.txt,good_train,good_train,0,root,acf0537ab5146885ac0a332d7de770b60e61be2119164d67c3836058a2ead8ca,FileAccessErrorView.exe,x64,plain,20777,1,
root_FileActivityWatch.exe.txt,good_train,good_train,0,root,d2ba02aae7518e185ac8c38beeb303ca448810ecd21e1d546532f621de6669b6,FileActivityWatch.exe,x64,plain,21425,1,
root_FileAlyzerPortable_2.0.5.57_English.paf.exe.txt,good_train,good_train,0,root,a300fec2ae5eed7452cae3ac88e4f7274bd0d2378ec71e58c3f4465c2f27f5f5,FileAlyzerPortable_2.0.5.57_English.paf.exe,x86,plain,9256,1,
root_FileExplorer.exe.txt,good_train,good_train,0,root,2ed9ae5d9b7c1b78eecb0074c7225f6d7a8cfc79754eea690382b4aaf3647cf8,FileExplorer.exe,x64,plain,693700,1,
root_FileHistory.exe.txt,good_train,good_train,0,root,aa496b2255a27150c56ef82d7c9d4cd0164067ec69e837ce2931b962a490f34f,FileHistory.exe,x64,dotnet,,0,tag:dotnet
root_FilePicker.exe.txt,good_train,good_train,0,root,81cfb6946e0ec7bebe065c1c1bc685ee3ab051836b812749760a68c7db794944,FilePicker.exe,x64,plain,176398,1,
root_FileTypesMan.exe.txt,good_train,good_train,0,root,5993b9bcffe02c78e12669bb60d25b0f2840a426bc24657b2dac54b95009fad7,FileTypesMan.exe,x64,plain,25891,1,
root_FirefoxDownloadsView.exe.txt,good_train,good_train,0,root,cbea3de4376780698c7af4ddafe1848b363116f8e602a682ee11b7b1e81b4d63,FirefoxDownloadsView.exe,x86,plain,90273,1,
root_Firewall_Rules.exe.txt,good_train,good_train,0,root,a4d77f6d6ff398fe564bb4010caf6a19884b6f62a892350c94c71992744e659b,Firewall_Rules.exe,x86,plain,9915,1,
root_FirmwareTablesView.exe.txt,good_train,good_train,0,root,af43c56b754a0d259e76dbfa74ad0938ecac10b74a396a0d11137e056435386e,FirmwareTablesView.exe,x64,plain,15797,1,
root_FirstLogonAnim.exe.txt,good_train,good_train,0,root,7fb56536d846405d6b9be71bc8bc485e01b54aa336ac9a6be47adfe7410d2b2c,FirstLogonAnim.exe,x64,plain,972,1,
root_FlashCookiesView.exe.txt,good_train,good_train,0,root,26d697895af9cc4f327c82de0deaab10da33d83527abe47e7ebc261079c3dc52,FlashCookiesView.exe,x86,plain,15078,1,
root_FlashPlayerApp.exe.txt,good_train,good_train,0,root,969c973b438c9d151267b1ed594154e3751ddc4b5ec76c2c90b726a82119c77f,FlashPlayerApp.exe,x86,plain,69190,1,
root_FlashUtil_ActiveX.exe.txt,good_train,good_train,0,root,2fb93e55f4e65d1f6e969c92119ed2b2fe05a65b7aebe6ef3be9f3025d692e17,FlashUtil_ActiveX.exe,x86,plain,96371,1,
root_FolderChangesView.exe.txt,good_train,good_train,0,root,5916053e488db2235f980160cbbd8c5ef2699b35a3e683efd7074ff03dbe623c,FolderChangesView.exe,x86,plain,20318,1,
root_FolderTimeUpdate.exe.txt,good_train,good_train,0,root,3abd18001afb644059e8a4156db397a414eedb18898c50fba8705db785276ff8,FolderTimeUpdate.exe,x64,plain,19303,1,
root_Fondue.exe.txt,good_train,good_train,0,root,ce88d88e233a9ab9b47bea00af705ecf49869be78e671bd09aa4f7d5a34c9953,Fondue.exe,x86,plain,4546,1,
root_FreeFileSyncPortable_6.2.paf.exe.txt,good_train,good_train,0,root,2818a2f074106a1e72f57831f85cafdb5bd66addbcfda391426a37ae19443def,FreeFileSyncPortable_6.2.paf.exe,x86,plain,9256,1,
root_FreeSpaceLogView.exe.txt,good_train,good_train,0,root,5dd9e262e00da660044614288e1ff0d5669ee94079f134eb2e29bfd415fa5dc5,FreeSpaceLogView.exe,x86,plain,20508,1,
root_FreeUPXPortable_3.1.paf.exe.txt,good_train,good_train,0,root,97141b2ccf3b5b077ba509f8f94893f5969285a370d8a1f6b97fcc7d6ca7076c,FreeUPXPortable_3.1.paf.exe,x86,plain,8427,1,
root_Free_Chess.exe.txt,good_train,good_train,0,root,bb0306e2bc7de7985ae8e6c3dff4f71dc7bbd84b8b10929d92ea6a6ef5a78418,Free_Chess.exe,x86,plain,36403,1,
root_FsIso.exe.txt,good_train,good_train,0,root,b3ac4d5312a75adde820c903bdd641cbceeab05afa2f16e4ee1a07dbd8f892d1,FsIso.exe,x64,plain,15728,1,
root_FullEventLogView.exe.txt,good_train,good_train,0,root,c0330094cea5d1439175f47649d80633daf118c1324b8be69efe1a6d6b94b24a,FullEventLogView.exe,x64,plain,27933,1,
root_FyrePortable_1.0.0_English.paf.exe.txt,good_train,good_train,0,root,df1fca6b2e0551db775f54cbc2e38cfa39f3920d075fe450c556a2079572ae54,FyrePortable_1.0.0_English.paf.exe,x86,plain,8383,1,
root_GDIView.exe.txt,good_train,good_train,0,root,c49560f7a206b6b55d89c205a4631dfedd2b4a78ab81fea8706989a5627f95a1,GDIView.exe,x64,plain,15528,1,
root_GIRSpCheck.exe.txt,good_train,good_train,0,root,a80bbcdf47fd3ca663614727d3743fcb38ce6659b5c19ade1efcc127728cb526,GIRSpCheck.exe,x86,plain,382584,1,
root_GUIPropView.exe.txt,good_train,good_train,0,root,1e44e8a5e0f6aa5e5091e4bb14f72bab0223f51afb81c693f0aa935f1804319d,GUIPropView.exe,x64,plain,23326,1,
root_GameBarPresenceWriter.exe.txt,good_train,good_train,0,root,283fd8cda8454f7a85d55fe60bc17e208ac25996bc98312186a625c930631dd5,GameBarPresenceWriter.exe,x86,plain,65125,1,
root_GamePanel.exe.txt,good_train,good_train,0,root,c6a297eed867bbdc05263fd75d00f9fb3c8be862b7454f9727af662d092da711,GamePanel.exe,x86,plain,273200,1,
root_GeekUninstallerPortable_1.4.9.151.paf.exe.txt,good_train,good_train,0,root,061530d0b77e48e28b41bf1dec1c1aae262688c1f545a389d5b2c7b8d20b4d5e,GeekUninstallerPortable_1.4.9.151.paf.exe,x86,plain,8567,1,
root_GenValObj.exe.txt,good_train,good_train,0,root,c8c6f0629403c87c36d42d5aed07d9602b6ab0d8e48cbf727a2fa3bf22469730,GenValObj.exe,x64,packed_other,161096,0,tag:packed_other
root_GetNir.exe.txt,good_train,good_train,0,root,dcace777ff9c705f4bec24bff4b34531f1e62df8b69e8703cbfeaa8cc743dcdb,GetNir.exe,x86,plain,2480,1,
root_GreenfishIconEditorProPortable_3.6.paf.exe.txt,good_train,good_train,0,root,1fb4935bc80e85c9cd965eaaf5ad0ef0ea59a825da5970795bbb12139d920a07,GreenfishIconEditorProPortable_3.6.paf.exe,x86,plain,8210,1,
root_GridyPortable_0.70_English.paf.exe.txt,good_train,good_train,0,root,88a279bc4eb61f06196218e3649e4d01211b3e83e8ba70aed2535b66d8210291,GridyPortable_0.70_English.paf.exe,x86,plain,8140,1,
root_HDHackerPortable_1.6.5.paf.exe.txt,good_train,good_train,0,root,22e67fb02edbb758cf7e2f9efce2313065fd5f297452fe8b66d0f428da140021,HDHackerPortable_1.6.5.paf.exe,x86,plain,8380,1,
root_HOSTNAME.EXE.txt,good_train,good_train,0,root,5fb2d17787ffec622ab296775632f9b7a4be42cc06d3da92b4cd6bc288ad035c,HOSTNAME.EXE,x86,plain,1714,1,
root_HTTPNetworkSniffer.exe.txt,good_train,good_train,0,root,2dc2c75e781320f26de2ce4e9bd6abef01b8ad349854dee2b44ef4e859bb480d,HTTPNetworkSniffer.exe,x64,plain,27283,1,
root_HandleCountersView.exe.txt,good_train,good_train,0,root,e2b239c09e953a4d59c70487848230ab339a9ad5a8d4f06b0b505bf7142e6bfb,HandleCountersView.exe,x64,plain,16938,1,
root_HashMyFiles.exe.txt,good_train,good_train,0,root,f0bc5dec82646e976a1277f96c78f12e36643020a93b0419a216d948c0eab2fc,HashMyFiles.exe,x64,plain,21680,1,
root_HeapMemView.exe.txt,good_train,good_train,0,root,4ceb3cadc9abaca022e62ecfa6d4ee69b79e4aabdca70bcd6230a0f4f38f2f0a,HeapMemView.exe,x64,plain,14211,1,
root_HostedNetworkStarter.exe.txt,good_train,good_train,0,root,83f4e6ca6e840970e488a28e7c7f2c8332389b7a5d79788baffdf4b1c0180aad,HostedNetworkStarter.exe,x86,plain,18305,1,
root_HotKeysList.exe.txt,good_train,good_train,0,root,2ea40420fc11dcec6cba69fd25ac7c6cd92e371ca506d3bc3112aa5d629bca04,HotKeysList.exe,x86,plain,12877,1,
root_IECacheView.exe.txt,good_train,good_train,0,root,6098a611c167fe005ad388b9328176115be47a8797ace1adc791ae44188f65a3,IECacheView.exe,x86,plain,19265,1,
root_IEChooser.exe.txt,good_train,good_train,0,root,c50b9614f7bb8b9f47a96c8301752697fefebc39dfd03a837deb1e4b6d2603f0,IEChooser.exe,x86,plain,47094,1,
root_IMCCPHR.exe.txt,good_train,good_train,0,root,38f63666e563582be04bed228f588e66c2cde09fa0a2c4b5c3f4acae179f0057,IMCCPHR.exe,x86,plain,42174,1,
root_IMEPADSV.EXE.txt,good_train,good_train,0,root,70482716fd2273aa00f2f5428945a47c4aa6f3a1f5fc4355bb241b165f6a98f3,IMEPADSV.EXE,x86,plain,48730,1,
root_IMESEARCH.EXE.txt,good_train,good_train,0,root,f95b41b9f0c6bebfd8f3c5f21c6f6fd82099d0c34692dc6b6e20fb4aedfa1284,IMESEARCH.EXE,x86,plain,33234,1,
root_IMEWDBLD.EXE.txt,good_train,good_train,0,root,90e0f7d70da50c178e8ab75b217ca475cd9d64553ae40d65f6995ee8fbe21b96,IMEWDBLD.EXE,x86,plain,56431,1,
root_IMJPDCT.EXE.txt,good_train,good_train,0,root,8a21a42d7802078337536943bc5b3e844e7170e8765d02d55ad540fc1c5a80c9,IMJPDCT.EXE,x86,plain,85834,1,
root_IMJPSET.EXE.txt,good_train,good_train,0,root,8deac34e5e7fb1613c1eda8602f4913d3b9429fad277cc59f065fd377a612dc0,IMJPSET.EXE,x86,plain,23852,1,
root_IMJPUEX.EXE.txt,good_train,good_train,0,root,b0941aa867814b4ea71785515ba81ce05ad42b591bed90d6005f1c89aa2ce59b,IMJPUEX.EXE,x86,plain,15332,1,
root_IMTCLNWZ.EXE.txt,good_train,good_train,0,root,e73cb3e2c1053cbb73bd82b796e9d734eb1ee8890ad1d768f6a51765e9799cec,IMTCLNWZ.EXE,x86,plain,22993,1,
root_IMTCPROP.exe.txt,good_train,good_train,0,root,255a65b31bf86c5137efd1c354a9a587c586e5a19005ae2d32409372cf5bca52,IMTCPROP.exe,x86,plain,30674,1,
root_IObitUnlockerPortable_1.2.paf.exe.txt,good_train,good_train,0,root,30409e8c030059b1af27f735f3715186da383906ff7abc2788338a0339a382db,IObitUnlockerPortable_1.2.paf.exe,x86,plain,8490,1,
root_IPInfoOffline.exe.txt,good_train,good_train,0,root,f61f3d37bfd439fb99ecd0fc28d85ffaa0839af7b82bae7c757c43e5c62f1563,IPInfoOffline.exe,x86,plain,22188,1,
root_IPNeighborsView.exe.txt,good_train,good_train,0,root,1870f9a217929452371dbf1339035bc21b0043ba735bf27500c8a00c04dd53d4,IPNeighborsView.exe,x86,plain,16890,1,
root_IcsEntitlementHost.exe.txt,good_train,good_train,0,root,c34d682afde0423f9e4dcdaa3a88392281f35aa21d2bc301ca28f9938286b519,IcsEntitlementHost.exe,x64,plain,5979,1,
root_ImageCacheViewer.exe.txt,good_train,good_train,0,root,2c5bea1f522cea917428ba0420e948dfeb78efe6328b1b6cdc9fbbda317995e0,ImageCacheViewer.exe,x86,plain,31658,1,
root_ImagingDevices.exe.txt,good_train,good_train,0,root,aca461fd070d009740519feff8289fd1be2be3cc09011b28503fd535114adb3c,ImagingDevices.exe,x64,plain,1537,1,
root_ImeBroker.exe.txt,good_train,good_train,0,root,8a33f306c829a34b16d5835b7fabf33d2a99c0e971f6f433f5989e9b3ddba9eb,ImeBroker.exe,x64,plain,125260,1,
root_InfDefaultInstall.exe.txt,good_train,good_train,0,root,0a07e8abedea7406f4f1bd0a2a10cc46fd9461d464118d23e2845eb68af26e1a,InfDefaultInstall.exe,x86,plain,1555,1,
root_InputPersonalization.exe.txt,good_train,good_train,0,root,8aa842d57512f3551adc2d0e9a75383bffd3e62ff79f5ad941c7c36e4194a236,InputPersonalization.exe,x64,plain,71420,1,
root_InsideClipboard.exe.txt,good_train,good_train,0,root,2d863c3cc9c692cd5dedd26db675be759ef99dd2a7abbb60dda5d692d67d08ef,InsideClipboard.exe,x86,plain,13732,1,
root_InstallMTW6.9a.exe.txt,good_train,good_train,0,root,aa65429b8c782dd27979f780bbc68ac6f75ba61827bafa40bdcaffa159d7b3b2,InstallMTW6.9a.exe,x86,plain,23698,1,
root_InstalledAppView.exe.txt,good_train,good_train,0,root,a632557b425c9473cff244a9e69503cfecd14b8eebd9ab3ebef8a7128df4db31,InstalledAppView.exe,x64,plain,24669,1,
root_InstalledCodec.exe.txt,good_train,good_train,0,root,d194ddb62b9709bf1a09b7bace03933efb06774040bbfcda7fb9ebecb2861402,InstalledCodec.exe,x64,plain,14862,1,
root_InstalledDriversList.exe.txt,good_train,good_train,0,root,583eaf01e0ba2ac1f41715fb2bcc2da911ce96989060c2c231f5eefef3746ede,InstalledDriversList.exe,x64,plain,16186,1,
root_InstalledPackagesView.exe.txt,good_train,good_train,0,root,96a5c3c5dbd8722a1b12c72271740764eb73baa1a953c2c8ec3c742b7e3ce11f,InstalledPackagesView.exe,x64,plain,18576,1,
root_IntelWiDiMediaShareSetup.exe.txt,good_train,good_train,0,root,2021f09ac39f2269f45ee9b9df94fa6216ad902a933463f0dea87f016a175211,IntelWiDiMediaShareSetup.exe,x86,plain,82422,1,
root_JPEGViewPortable_1.0.39.1.paf.exe.txt,good_train,good_train,0,root,b769136c930e2a96ced9db5803b86e3fe7ed786f5236875e4ad6493463993245,JPEGViewPortable_1.0.39.1.paf.exe,x86,plain,8567,1,
root_JavaPortableLauncher_6.0.paf.exe.txt,good_train,good_train,0,root,7d23eb4f5b2cd52d69a5113c78a6f64da6106cc96a1dda42cacbe426b1217584,JavaPortableLauncher_6.0.paf.exe,x86,plain,8490,1,
root_JkDefragPortable_3.36_Rev_2.paf.exe.txt,good_train,good_train,0,root,bc14dead89d55e50e5f4828f84b654a1a4b16a1badf0b000fac45fd2cbb6a1e8,JkDefragPortable_3.36_Rev_2.paf.exe,x86,plain,9256,1,
root_JumpListsView.exe.txt,good_train,good_train,0,root,e000c782af989e016efcef1664b9d652b0fee59b011e28154072f7b6001b124d,JumpListsView.exe,x86,plain,16277,1,
root_KCleanerPortable_3.8.3.113.paf.exe.txt,good_train,good_train,0,root,34bf90c6cb7391e460e5a79a4e1f36e20dcba067bd05d81ac1a402530da27db9,KCleanerPortable_3.8.3.113.paf.exe,x86,plain,8567,1,
root_KeyboardStateView.exe.txt,good_train,good_train,0,root,1116994b5c9df53bbc26f495bf96c5b087f470edc6ccdf56529e0d9df15b447b,KeyboardStateView.exe,x86,plain,13412,1,
root_LanguageComponentsInstallerComHandler.exe.txt,good_train,good_train,0,root,2e3bd3de5c065b1518a32c9104769726e9b51ca15acb810fcedd2b26b2148d75,LanguageComponentsInstallerComHandler.exe,x64,plain,8877,1,
root_LastActivityView.exe.txt,good_train,good_train,0,root,b1b7a772c927b4d3e2e4d59ba69e3fe955506ff80cee0947d54c6b3fabef6860,LastActivityView.exe,x86,plain,24395,1,
root_LaunchTM.exe.txt,good_train,good_train,0,root,61261391d8f4283d539ba4cd19bed875296ba8e1aadceab272c9353f90a22df4,LaunchTM.exe,x86,plain,1248,1,
root_LaunchWinApp.exe.txt,good_train,good_train,0,root,ea9a82ac3f573c55c9fad569c18075d0c56bb6a2bd3cbb9c6991c09203176fcc,LaunchWinApp.exe,x86,plain,9616,1,
root_LazPaintPortable_7.1.6.paf.exe.txt,good_train,good_train,0,root,842c9f4669fcf7e5adeb1e5c886feda38c925115a299639779b84a3d98461131,LazPaintPortable_7.1.6.paf.exe,x86,plain,8490,1,
root_LegacyNetUXHost.exe.txt,good_train,good_train,0,root,f16d328095ffc06989cceebad3d880565896f9460812889c544b4d956d5c047d,LegacyNetUXHost.exe,x64,plain,35597,1,
root_LicenseManagerShellext.exe.txt,good_train,good_train,0,root,ede5c31b07b327336a5e9877ba00982b5a81eaca029a66e051b9c9554fd34119,LicenseManagerShellext.exe,x64,plain,8090,1,
root_LicensingUI.exe.txt,good_train,good_train,0,root,f74564ee309e829b35886a4579eabe84a8510b4ed776df06af1adb342e8c3f3d,LicensingUI.exe,x64,plain,29390,1,
root_LightscreenPortable_2.5_English.paf.exe.txt,good_train,good_train,0,root,8aa93254874c5df3616c15ecbdf4c8f066e8c99b49875056c3249c04fc870a6a,LightscreenPortable_2.5_English.paf.exe,x86,plain,8490,1,
root_ListaryPortable_3.51.858.paf.exe.txt,good_train,good_train,0,root,818c9a805968969964b75275772718e99f78a20a13f9b63e4bf9ffcf76e0b77c,ListaryPortable_3.51.858.paf.exe,x86,plain,9256,1,
root_LiveContactsView.exe.txt,good_train,good_train,0,root,730ccb3ef2cd574c4483547d3b2802ec8c328c9a30ebc8a0338498039966ccb8,LiveContactsView.exe,x86,plain,43027,1,
root_LiveTcpUdpWatch.exe.txt,good_train,good_train,0,root,e98cada9b35901a1b9d58bd26f468a642a1b12ab49fe1f0338fd7e527e1e81eb,LiveTcpUdpWatch.exe,x64,plain,23710,1,
root_LoadedDllsView.exe.txt,good_train,good_train,0,root,ca3a6c0a812b197c1aee95629529833ae25960319c35477ee10c7aafce3dc45f,LoadedDllsView.exe,x64,plain,19628,1,
root_LocationNotificationWindows.exe.txt,good_train,good_train,0,root,4fb18811fed500a9d1e24f14c158ccd7095d5777d2f2f8247982d14119dbc8dd,LocationNotificationWindows.exe,x64,plain,12006,1,
root_Locator.exe.txt,good_train,good_train,0,root,8b5743d4acf8c571f039f83464672306d9f899e4c8512fab9538807c43df4a67,Locator.exe,x64,plain,911,1,
root_LockAppHost.exe.txt,good_train,good_train,0,root,bba9a387d81f95e0f67b0bc1de30ba48126f6f5dbf138b63536e6bab6e11ed20,LockAppHost.exe,x64,plain,16254,1,
root_LockScreenContentServer.exe.txt,good_train,good_train,0,root,1f7de5d4699a7129b1c02f963dfecf0e6009804bc27c90a105c9e8907417766a,LockScreenContentServer.exe,x64,plain,5444,1,
root_LogonUI.exe.txt,good_train,good_train,0,root,9358ef8cb7fb08581d74274005263bd8fa2e6e0fc443930b25fd345cf6ce9071,LogonUI.exe,x64,plain,1283,1,
root_LsaIso.exe.txt,good_train,good_train,0,root,630d9c23ccdcb8f9d52e71383494f7182fc246f8bc2715d800b93e3212a4537c,LsaIso.exe,x64,plain,50559,1,
root_MACAddressView.exe.txt,good_train,good_train,0,root,4f60a141c22c345edebeeaf474e8f6827e2c2aff2a8aa844720d9700a0287d93,MACAddressView.exe,x86,plain,13851,1,
root_MBR2GPT.EXE.txt,good_train,good_train,0,root,8959b6d0fc36460ccade56b404e2c90f13ad0b94977c6c2abfeb84f33948b227,MBR2GPT.EXE,x64,plain,178363,1,
root_MDEServer.exe.txt,good_train,good_train,0,root,41bb53be1ee4c34cc75511f0e416f289d1e95a40864dc1afebe66a3dd77c8f9a,MDEServer.exe,x64,plain,101087,1,
root_MDMAgent.exe.txt,good_train,good_train,0,root,f26fe48050b0baabf42a927a7b91482c88aae2b79f16b7bb907144081a2955d0,MDMAgent.exe,x64,plain,20666,1,
root_MDMAppInstaller.exe.txt,good_train,good_train,0,root,2e1dae9e3bfd5c1b10d261dab595e65e2e11038b18fe02f194c44452c38c6bf3,MDMAppInstaller.exe,x64,plain,24649,1,
root_MMCSnapInsView.exe.txt,good_train,good_train,0,root,fd769b5b165cef7d330bd5dc396c2ef4f56dfc319a64e40093e37b721830fe01,MMCSnapInsView.exe,x64,plain,15413,1,
root_MRINFO.EXE.txt,good_train,good_train,0,root,7442c2ad1eb752832fb6d4f6ad0e66c8163a055d27ccf894f65adb8441d4f2d2,MRINFO.EXE,x86,plain,2364,1,
root_MSBuild.exe.txt,good_train,good_train,0,root,b60eb62f6c24d4a495a0dab95cc49624ac5099a2cc21f8bd010a410401ab8cc3,MSBuild.exe,x86,dotnet,,0,tag:dotnet
root_MSchedExe.exe.txt,good_train,good_train,0,root,2e248ea87c79d1142c6b03d4cd296b610bae6a88e9f72d2ba1bf646a67a05a0b,MSchedExe.exe,x64,plain,859,1,
root_MUICacheView.exe.txt,good_train,good_train,0,root,d6a053d094400a51be6cc02b4726e8c22023102ef65c97b8ca6a54ce1792c3d6,MUICacheView.exe,x86,plain,11525,1,
root_MZCacheView.exe.txt,good_train,good_train,0,root,bf3c9388dd956344c9c0e95a6aa43cf394dd2d28b1f381269f89d45d5a7d3624,MZCacheView.exe,x86,plain,110646,1,
root_MadPassExt.exe.txt,good_train,good_train,0,root,a0a0c256070d7dc62a260ca36cf25b08521d8c35f2ac6f93224854cc538b564a,MadPassExt.exe,x86,plain,9437,1,
root_Magnify.exe.txt,good_train,good_train,0,root,33fcd1363966ab6478fe5b1061fa5a401bb8bf5c0996a837e1b08ff892393ef1,Magnify.exe,x86,plain,106127,1,
root_ManageWirelessNetworks.exe.txt,good_train,good_train,0,root,1d4660b153b0750f6f1728abae5a86c606747d36af12c5a827d24e03a1c90c6a,ManageWirelessNetworks.exe,x86,plain,23644,1,
root_MbaeParserTask.exe.txt,good_train,good_train,0,root,d60be154d0807e322f110a8cb51d25776b6d08547921283ae6e5cf7bc98e686f,MbaeParserTask.exe,x64,plain,21002,1,
root_MdRes.exe.txt,good_train,good_train,0,root,d1a6fd804666268f55416b5aa0e0cd127738febc0ec62181e68e676de4a028a9,MdRes.exe,x64,plain,2097,1,
root_MdSched.exe.txt,good_train,good_train,0,root,bc516f17afc7658c4f20726272d9ce9f77c83dd5575307b15dbbdeca6f04d273,MdSched.exe,x64,plain,2946,1,
root_MdmDiagnosticsTool.exe.txt,good_train,good_train,0,root,01fb1113428954458ea746240361d0acebd0e2e955291e654fb7e254cc26909b,MdmDiagnosticsTool.exe,x64,plain,7779,1,
root_Microsoft.AAD.BrokerPlugin.exe.txt,good_train,good_train,0,root,68c0d0cf9076650118dd276e00d3c2ea00869acf43923720c9748f5c109de285,Microsoft.AAD.BrokerPlugin.exe,x64,plain,40467,1,
root_Microsoft.AsyncTextService.exe.txt,good_train,good_train,0,root,8e6c80ff8e5590d9a1917a7cd4f2786c4ed7469f7f2943aa45d68d4744f3bd00,Microsoft.AsyncTextService.exe,x64,plain,117934,1,
root_Microsoft.ECApp.exe.txt,good_train,good_train,0,root,2e2a00d89f4f476200fc2c98e607c114613d08a4460caf3d6bbb47bf05c3ac5a,Microsoft.ECApp.exe,x64,plain,206441,1,
root_Microsoft.SharePoint.exe.txt,good_train,good_train,0,root,d0e616d3960e7830cf948842525d183bc9bb4ae61a6878a9c8a86662c449402e,Microsoft.SharePoint.exe,x64,plain,167303,1,
root_Microsoft.Uev.CscUnpinTool.exe.txt,good_train,good_train,0,root,47551f6cc45dca849834471a6823f9ddced63eda6d6116917943aec8ea8eb3ad,Microsoft.Uev.CscUnpinTool.exe,x64,plain,82642,1,
root_MicrosoftEdgeBCHost.exe.txt,good_train,good_train,0,root,34b6d32d2345db5dfe803573f4aa74479ea961004b2f72d25a486d55369aecd8,MicrosoftEdgeBCHost.exe,x64,plain,10448,1,
root_MicrosoftEdgeCP.exe.txt,good_train,good_train,0,root,34b6d32d2345db5dfe803573f4aa74479ea961004b2f72d25a486d55369aecd8,MicrosoftEdgeCP.exe,,dup,,0,tag:dup
root_MicrosoftEdgeDevTools.exe.txt,good_train,good_train,0,root,34b6d32d2345db5dfe803573f4aa74479ea961004b2f72d25a486d55369aecd8,MicrosoftEdgeDevTools.exe,,dup,,0,tag:dup
root_MicrosoftEdgeSH.exe.txt,good_train,good_train,0,root,d7a4f824b02c13daaca06815f1d579612b24d6b0fc4138317fc23d2aa7e24025,MicrosoftEdgeSH.exe,x64,plain,8240,1,
root_MicrosoftPdfReader.exe.txt,good_train,good_train,0,root,758bc1f2f542731f09368904e1ceb240a8ada6abded95a2295fb84e758055c87,MicrosoftPdfReader.exe,x64,plain,508693,1,
root_MigRegDB.exe.txt,good_train,good_train,0,root,d356b8786f34a59b80a1170fad8e942172073e6c0f9f014da4064e332ae1ace9,MigRegDB.exe,x86,plain,1857,1,
root_MobileFileSearch.exe.txt,good_train,good_train,0,root,53155ba796602cabdb95f932f8c7677a236fe1defcd247e03570aab9500df9eb,MobileFileSearch.exe,x64,plain,25300,1,
root_MonitorInfoView.exe.txt,good_train,good_train,0,root,0143d20771b6fe7aeac9bc8ad5cac5fadcf7b7c69d4aa1640856eb8e4420226f,MonitorInfoView.exe,x86,plain,13507,1,
root_MozillaHistoryView.exe.txt,good_train,good_train,0,root,3770792f203f31f4bcc1a80ef529c4af6ccba83880fe0af7ce48e6362dddfcef,MozillaHistoryView.exe,x64,plain,155185,1,
root_MpCmdRun.exe.txt,good_train,good_train,0,root,81f85a88dd1829663d5e748ca95709eff5328444bbdb2c888f85124d939f6899,MpCmdRun.exe,x64,plain,60433,1,
root_MsMpEng.exe.txt,good_train,good_train,0,root,b147cc9a14b92e224c7755d41e0453506f983e7874573f1df79f3ebf27bed090,MsMpEng.exe,x64,plain,16999,1,
root_MsSpellCheckingHost.exe.txt,good_train,good_train,0,root,933410f4a3cd7142cd6950c0d9e33e11b5e37b129dc142022a67c06313581541,MsSpellCheckingHost.exe,x64,plain,14045,1,
root_MuiUnattend.exe.txt,good_train,good_train,0,root,ea795660987ab06f1be1509bedc84e1113faf66de7b11872d6cfaab081a125f6,MuiUnattend.exe,x86,plain,26034,1,
root_MultiDigiMon.exe.txt,good_train,good_train,0,root,104f7ddf72823f0516861bcd5e1d25d0617b9754aadfa24796404124dd120c42,MultiDigiMon.exe,x64,plain,3578,1,
root_MultiMonitorTool.exe.txt,good_train,good_train,0,root,525bd5f5db594bbb3b97fcb7d2a6f2df0e12456ccb6853245c6f70bb3cf172e2,MultiMonitorTool.exe,x64,plain,22837,1,
root_MusNotification.exe.txt,good_train,good_train,0,root,d7bf8a4a861733af3a9a54708cb3203cc058bc86b72e297402038dc2b5f79e4c,MusNotification.exe,x64,plain,95729,1,
root_MusNotificationUx.exe.txt,good_train,good_train,0,root,6e346773a3f393e5143842870f82db0dd6bb739a69501b5248592832ed53826a,MusNotificationUx.exe,x64,plain,64245,1,
root_MusNotifyIcon.exe.txt,good_train,good_train,0,root,8eda1c8903a3a80919bf6cca66e43f9b0ceccacd791a359d63a1cda2621c01ae,MusNotifyIcon.exe,x64,plain,32611,1,
root_MyEventViewer.exe.txt,good_train,good_train,0,root,4ebfebb9e3fffdf8b84d7d9d3903b19c775456277cdf67ad8152e246ddd832d0,MyEventViewer.exe,x64,plain,19084,1,
root_MyLastSearch.exe.txt,good_train,good_train,0,root,e299d47d2d13351bc147cdc743da298b623db0ba6cefab1a69313ac4d7d9278c,MyLastSearch.exe,x86,plain,26283,1,
root_NETSTAT.EXE.txt,good_train,good_train,0,root,aca66f4bc15e1b8ede8f05f59dfafb15fa47d9e89ea1d4cf59264ba3d483f47c,NETSTAT.EXE,x86,plain,7430,1,
root_NK2Edit.exe.txt,good_train,good_train,0,root,6852fd7df69a0b9ecd5cc75096df7a2de1ae5d2aab7199b20a9474bec2bf1b12,NK2Edit.exe,x86,plain,44265,1,
root_NTFSLinksView.exe.txt,good_train,good_train,0,root,8438bdfaac4f440c0acba656784f7b3cfad86a57195520d6ddf341bce100929d,NTFSLinksView.exe,x64,plain,14405,1,
root_Narrator.exe.txt,good_train,good_train,0,root,746d9e5c6208a3854d4fb19fa3dfe691741a0a02b6e142916927749dcdbf4539,Narrator.exe,x64,plain,56720,1,
root_NarratorQuickStart.exe.txt,good_train,good_train,0,root,ef1a2c13454e4a9ab5fd7b1745648c4cd2740b0dfcdf133445f5787cfdd2684c,NarratorQuickStart.exe,x64,plain,94313,1,
root_NetBScanner.exe.txt,good_train,good_train,0,root,5906fd255354b8cbc8abf0d0d56b570376c4a9c2b021907c6c167168b807695b,NetBScanner.exe,x86,plain,14961,1,
root_NetCfgNotifyObjectHost.exe.txt,good_train,good_train,0,root,5f5fd58dd10d655c83f76fb074014e5428c667d1b415e647b44bfcd38183cfb0,NetCfgNotifyObjectHost.exe,x86,plain,16914,1,
root_NetConnectChoose.exe.txt,good_train,good_train,0,root,178fdde885393cb47b1093649db7d9b83da6968c1a9e0e1c7c62f58600c82c8a,NetConnectChoose.exe,x86,plain,16493,1,
root_NetEvtFwdr.exe.txt,good_train,good_train,0,root,c1d31010bb094ed0208e9c177c865b49976f23ec22c67373600746109801efe8,NetEvtFwdr.exe,x64,plain,7518,1,
root_NetHost.exe.txt,good_train,good_train,0,root,77264f41c4107b9c7e9abc32e82cf0f6097f16902de096f32bdd0ec298c07ad2,NetHost.exe,x64,plain,826,1,
root_NetResView.exe.txt,good_train,good_train,0,root,62b9eb6b5510ee9cb4a1d77073fb77d1eaafa5c9a9ac43eeb541e2564ea9f866,NetResView.exe,x86,plain,13874,1,
root_NetRouteView.exe.txt,good_train,good_train,0,root,40d9dfc15851a039bde710beb13d262dad1ae7ed6e296feb5e044ebdca306a63,NetRouteView.exe,x86,plain,14394,1,
root_Netplwiz.exe.txt,good_train,good_train,0,root,4d65d42a1af2c1193b6dddfcc1393e4887cab79c109103e7b234b518d9001207,Netplwiz.exe,x86,plain,4276,1,
root_NetworkConnectLog.exe.txt,good_train,good_train,0,root,824e43f05c9bbdb033095021357977957b59875f330a8a2970c535361a87d1a3,NetworkConnectLog.exe,x86,plain,17080,1,
root_NetworkCountersWatch.exe.txt,good_train,good_train,0,root,e0975f041b54f0d8721b8c9bf9d6ecb5863a7317368e67a9826663822de66ded,NetworkCountersWatch.exe,x86,plain,14093,1,
root_NetworkInterfacesView.exe.txt,good_train,good_train,0,root,10dc5121651abce100801be5c40993078aad91ca118fde3d47ee7a9916f0b66a,NetworkInterfacesView.exe,x64,plain,17011,1,
root_NetworkLatencyView.exe.txt,good_train,good_train,0,root,a6edae256e4a18ad055f82d06fe9063268fb0177f1219f7b54ece42e76cbe0aa,NetworkLatencyView.exe,x64,plain,33753,1,
root_NetworkOpenedFiles.exe.txt,good_train,good_train,0,root,eb900bd3851e484655059f6223a9758b451ff27cdd668f070906b9e01eac5c75,NetworkOpenedFiles.exe,x64,plain,24679,1,
root_NetworkTrafficView.exe.txt,good_train,good_train,0,root,85f773d523490fee9d8469ae0c8d46506900c49e7307c301b6b1f7ff79c425af,NetworkTrafficView.exe,x64,plain,39282,1,
root_NetworkUsageView.exe.txt,good_train,good_train,0,root,4ebcab32eee80d2875531dcb071fffb8b6930e19ee4997bee8c126d365ce3945,NetworkUsageView.exe,x64,plain,25663,1,
root_NgcIso.exe.txt,good_train,good_train,0,root,f82c3c989673184353d760c703559312f4e7baf440d935e8f600eb20501fab21,NgcIso.exe,x64,plain,92745,1,
root_NisSrv.exe.txt,good_train,good_train,0,root,03a2b57652de99fdc2d427a20b20cbf5d9427314e90614101095bdcf7ed0f7a5,NisSrv.exe,x64,plain,373020,1,
root_OOBENetworkCaptivePortal.exe.txt,good_train,good_train,0,root,621b40b1a33b0bc91733ae1f8568e83b388f362e3ffabcdf8648c0bb68856805,OOBENetworkCaptivePortal.exe,x64,plain,115281,1,
root_OOBENetworkConnectionFlow.exe.txt,good_train,good_train,0,root,5430d26fc5dcc293989756bb357da300d26eadaebb5ea92e5f01d55415d05f37,OOBENetworkConnectionFlow.exe,x64,plain,101027,1,
root_OfficeIns.exe.txt,good_train,good_train,0,root,a9440c1eb0fe345648556c153f545cf52f36471c9cf5d34d60e8efca6865986b,OfficeIns.exe,x64,plain,13558,1,
root_OfflineRegistryFinder.exe.txt,good_train,good_train,0,root,9f631112a0570ab316d643745c3a0752eff11e51eeab7e2e07cce81b28dea55d,OfflineRegistryFinder.exe,x64,plain,22565,1,
root_OfflineRegistryView.exe.txt,good_train,good_train,0,root,6011b7720954a6252fd2c10e5c4e1fc86f77bfed410998216284a0d8adc4d66f,OfflineRegistryView.exe,x64,plain,15842,1,
root_OfflineScannerShell.exe.txt,good_train,good_train,0,root,76d84d58e52d3679a13ec9666d56e70885ed349af522baca4eeaf23433261e34,OfflineScannerShell.exe,x64,plain,67907,1,
root_On-ScreenKeyboardPortable_2.1.paf.exe.txt,good_train,good_train,0,root,fcaeb485b06c35fed924de260d740790207974062738817ed1db6ed54ba5963e,On-ScreenKeyboardPortable_2.1.paf.exe,x86,plain,8398,1,
root_OpenSaveFilesView.exe.txt,good_train,good_train,0,root,f1c64110cb9927ba635bea397f2725e8eebf8ed21cfab326394bd5242f270071,OpenSaveFilesView.exe,x64,plain,15642,1,
root_OpenVPN.exe.txt,good_train,good_train,0,root,cdee381e615fc567fd60056c80dc423a9e8261d06a4a489fc166299413cf13d0,OpenVPN.exe,x86,plain,36403,1,
root_OpenWith.exe.txt,good_train,good_train,0,root,f5b948089ae9470fa566945b84b9402fed1093ecdc49bd8a1b6ef744370e6b10,OpenWith.exe,x86,plain,14901,1,
root_OpenedFilesView.exe.txt,good_train,good_train,0,root,c0d57288c4928fd7f077b7f0c7d5f8c17c18cb7c88e48952a2dbd9d13454d6f4,OpenedFilesView.exe,x64,plain,22912,1,
root_OperaCacheView.exe.txt,good_train,good_train,0,root,fdcaed54b4afae915c6d895547f9f3ef75018d824c0c2085a81f1acb6ccced55,OperaCacheView.exe,x86,plain,15753,1,
root_OperaPassView.exe.txt,good_train,good_train,0,root,c14b2ba705a90daf60c741b55fefbb51629edf3ef5ebbce80b3d17f1b4def019,OperaPassView.exe,x86,plain,14921,1,
root_OposHost.exe.txt,good_train,good_train,0,root,0bda29fc48c8d6f66d823577e136e39b185a5ffee086c1258bbbd66ef3a92084,OposHost.exe,x86,plain,11403,1,
root_OptionalFeatures.exe.txt,good_train,good_train,0,root,aa82381aeff9d1908f76d5ffcf7dbf2492ce4725af7df06818e6d574b97ea1cb,OptionalFeatures.exe,x64,plain,3931,1,
root_OutlookAccountsView.exe.txt,good_train,good_train,0,root,c32bc56669f88a4182f1b691b19d098ec2069c1f66c66f53e64d71942b1f857b,OutlookAccountsView.exe,x64,plain,21582,1,
root_OutlookAddressBookView.exe.txt,good_train,good_train,0,root,d229dd1449323c8f986b45e50cc99eda66e54cc9916a05a0e65c469d5fb3d74c,OutlookAddressBookView.exe,x64,plain,28410,1,
root_OutlookAttachView.exe.txt,good_train,good_train,0,root,69d8788e4b86d6643f17bdb06033faf97859d1ee25a8a68c4a032828f721ed20,OutlookAttachView.exe,x86,plain,53816,1,
root_OutlookStatView.exe.txt,good_train,good_train,0,root,6a87c8f19275cec2457028bbe8b74343e4a6df2be9ea61e2d32220d2f9489f43,OutlookStatView.exe,x64,plain,42584,1,
root_PATHPING.EXE.txt,good_train,good_train,0,root,58037e8767caff16722c3dbc1e3b733b9fd269c5a244ce1fa3973e3d31c13fa8,PATHPING.EXE,x86,plain,2988,1,
root_PCAnyPass.exe.txt,good_train,good_train,0,root,0db918e616456bc10f3f583cebb27d3fbc5a15b9899bbba22594d8a2acc6f9c3,PCAnyPass.exe,x86,plain,7560,1,
root_PCI-ZPortable_2.0_English.paf.exe.txt,good_train,good_train,0,root,ee8a99812902444c7f3769d8175c98ff936277054958735d49bc66db5f81f5f5,PCI-ZPortable_2.0_English.paf.exe,x86,plain,8210,1,
root_PING.EXE.txt,good_train,good_train,0,root,c370e9606a929aca877e7e5267a9f05ffa09a7cc4c53575b3be8216dfed945b1,PING.EXE,x86,plain,3696,1,
root_PackageInspector.exe.txt,good_train,good_train,0,root,758d9e687dc94a11cee15e4d415fb619c64e854a6d642e42cb83f4838e4e4c4f,PackageInspector.exe,x64,plain,14521,1,
root_PackagedCWALauncher.exe.txt,good_train,good_train,0,root,c6aa828881ce6871f1c15f9a4ce466f9db9d459a5e81950dcc069a3cf2d81c3e,PackagedCWALauncher.exe,x86,plain,8118,1,
root_PacketTracer70_64bit_setup.exe.txt,good_train,good_train,0,root,2c9b505df820bae828a619cfc186453a10b5c7d87e03d53226a26314f7df9bf8,PacketTracer70_64bit_setup.exe,x86,plain,24000,1,
root_PasswordOnWakeSettingFlyout.exe.txt,good_train,good_train,0,root,622ed60aabb0f9d2b23c182ffa932facf6826392ad37e8bac78c915ee744015f,PasswordOnWakeSettingFlyout.exe,x86,plain,6618,1,
root_PaulStretchPortable_2.2-2_Rev_2_English.paf.exe.txt,good_train,good_train,0,root,dc70e4001b3995f60d4e4d7ad5ecec534159673b1886ae79c2445374ad74811b,PaulStretchPortable_2.2-2_Rev_2_English.paf.exe,x86,plain,9256,1,
root_PeopleExperienceHost.exe.txt,good_train,good_train,0,root,4b5238d19adaa19bf502cbdb693f2b8c14dc4280f8269755ba07c93397766b98,PeopleExperienceHost.exe,x64,plain,75310,1,
root_PerceptionSimulationDevice.exe.txt,good_train,good_train,0,root,539b4469df07d1a83db99b961de4cd41e0aa037eb4a01865486b617c44760e8f,PerceptionSimulationDevice.exe,x64,plain,9137,1,
root_PerceptionSimulationInput.exe.txt,good_train,good_train,0,root,e3f747950b9bbd6c5f1e963ad21f6f9db52f4f50be9216eb13c96994395e9df1,PerceptionSimulationInput.exe,x64,plain,195143,1,
root_PerceptionSimulationService.exe.txt,good_train,good_train,0,root,7b5583bfa1184142ecba28948b5dd2083a09c5d262841cea7b5aee9695293413,PerceptionSimulationService.exe,x64,plain,15368,1,
root_PhotoFiltrePortable_7.2.1_Rev_3.paf.exe.txt,good_train,good_train,0,root,671e99acd38fdab12a7937e8421c56ec3cad64eeb91f202189ccad57002aeeda,PhotoFiltrePortable_7.2.1_Rev_3.paf.exe,x86,plain,8140,1,
root_PickerHost.exe.txt,good_train,good_train,0,root,5cf3fcead3274ce273fae2cb5523114cb88b3e91b99d3237318563d24e1a8ec9,PickerHost.exe,x86,plain,27675,1,
root_PinEnrollmentBroker.exe.txt,good_train,good_train,0,root,868830b6decf00218834269b847723b303eeb8a8071dbf9dea0ca225409c1333,PinEnrollmentBroker.exe,x64,plain,17451,1,
root_PingInfoView.exe.txt,good_train,good_train,0,root,8d75d2064795b16a201334f72d27084ebc943a9be777df8072ff2921b27fb15a,PingInfoView.exe,x86,plain,21070,1,
root_PinningConfirmationDialog.exe.txt,good_train,good_train,0,root,28bca4d3873eb8ac2faa7ed5ef0629e7a7b13d984030a157479e0c0b0653ca67,PinningConfirmationDialog.exe,x64,plain,54854,1,
root_PkgMgr.exe.txt,good_train,good_train,0,root,a1f495fb35cc72823bf0c556c59c0a1e7589f7109a3b287abaa5f803c652009e,PkgMgr.exe,x86,plain,110592,1,
root_PktMon.exe.txt,good_train,good_train,0,root,a54fc1d12215a624b124aece0c9c47491b4e3974339c5a395a4aa1c5f4fbb65b,PktMon.exe,x64,plain,18477,1,
root_PnPUnattend.exe.txt,good_train,good_train,0,root,1bd75ed2adbb32c2863b5a3b117dec61ee2bfbdf4aa6892670ca5e23c2d9424f,PnPUnattend.exe,x64,plain,9618,1,
root_PngOptimizerPortable_2.5.1.paf.exe.txt,good_train,good_train,0,root,155cb7bdbaee5e16007b3f41d768f655cce14f81681aa14cd7cc1fa744c2ca6b,PngOptimizerPortable_2.5.1.paf.exe,x86,plain,8210,1,
root_PortExpertPortable_1.8.3.22_English.paf.exe.txt,good_train,good_train,0,root,399fa8df749525ccbd63e69a0802e8d9ddfd0cced7fef6841baff66772e975e2,PortExpertPortable_1.8.3.22_English.paf.exe,x86,plain,8490,1,
root_PortableApps.com_Platform_Setup_21.1.paf.exe.txt,good_train,good_train,0,root,abba5482c44f404fba5a6414ea4e56de1b65a77c2499638863018a5b569164a5,PortableApps.com_Platform_Setup_21.1.paf.exe,x86,plain,8567,1,
root_PowderToyPortable_96.2.350_English.paf.exe.txt,good_train,good_train,0,root,4e53dae1544b1047003ee578a3a93230e442c70f88b389767eb72c17e7a68f62,PowderToyPortable_96.2.350_English.paf.exe,x86,plain,8490,1,
root_PresentationHost.exe.txt,good_train,good_train,0,root,b3982e67820abc7b41818a7236232ce6de92689b76b6f152fab9ef302528566d,PresentationHost.exe,x86,plain,28331,1,
root_PresentationSettings.exe.txt,good_train,good_train,0,root,a1f2954dbb7d9111fb2dc9497a320e29e3a0cc2c00afe9d96c58f78b1247cd70,PresentationSettings.exe,x64,plain,22957,1,
root_PreviousFilesRecovery.exe.txt,good_train,good_train,0,root,2c749ebe67bfb2496b47d2bcd8b05e32134e71bcc51d0b1bf63b2dd668f56b5e,PreviousFilesRecovery.exe,x64,plain,18792,1,
root_PrintBrm.exe.txt,good_train,good_train,0,root,71b5f4aa8d12dd4b7982b2d5607cb9b5f40c7e7676dc36f2aeeb482561117251,PrintBrm.exe,x64,plain,3755,1,
root_PrintBrmEngine.exe.txt,good_train,good_train,0,root,6b7275e494800a3e9e0c388376951d2a90751baec531aa6c646b9f3984ee58f9,PrintBrmEngine.exe,x64,plain,47384,1,
root_PrintBrmUi.exe.txt,good_train,good_train,0,root,c66d4d5a57fb0a3266b9c194c86712c504720b8f1e666244c25f1c8689c23c27,PrintBrmUi.exe,x64,plain,9524,1,
root_PrintDialog.exe.txt,good_train,good_train,0,root,49343c909213ce6486ca75b061ef223fed1ae0a54940e40352f5a457dc20db76,PrintDialog.exe,x64,plain,1237,1,
root_PrintIsolationHost.exe.txt,good_train,good_train,0,root,f0d0591c4cd1a475ed985659b03d16c0fc772a82a7efb643b8d94ae851b4a2b7,PrintIsolationHost.exe,x64,plain,3080,1,
root_PrivaZerPortable_4.0.42.paf.exe.txt,good_train,good_train,0,root,087cb3c3fe201e9b0aff754f4503c61a5187ade8468e5d3b81c8be0e97172a50,PrivaZerPortable_4.0.42.paf.exe,x86,plain,8567,1,
root_PrivacyNotifier.exe.txt,good_train,good_train,0,root,25f014600a497a9948f90c72204cf334297a47777e3fe67d376b9d2b1baf1955,PrivacyNotifier.exe,x64,plain,13703,1,
root_ProcessActivityView.exe.txt,good_train,good_train,0,root,5709f63fbc119f93e6d86090a6156bda3179a7d2ed74345600e288acb9567962,ProcessActivityView.exe,x64,plain,15527,1,
root_ProcessExplorerPortable_16.43_online.paf.exe.txt,good_train,good_train,0,root,defa27b0544db54f4329fdc40eb42b38af9b443dad08450a8ad1ea5127025944,ProcessExplorerPortable_16.43_online.paf.exe,x86,plain,8490,1,
root_ProcessHackerPortable_2.39_English.paf.exe.txt,good_train,good_train,0,root,b0668b6596578d5d918c8d29083423c8025bd49328130383841139dd575868c6,ProcessHackerPortable_2.39_English.paf.exe,x86,plain,8140,1,
root_ProcessMonitorPortable_3.89_online.paf.exe.txt,good_train,good_train,0,root,c917e06dd0073cc6b54c72d12a75fddc199bd1352b2b008db27eadeb6d47f054,ProcessMonitorPortable_3.89_online.paf.exe,x86,plain,8567,1,
root_ProcessTCPSummary.exe.txt,good_train,good_train,0,root,d6677a6e60b5473b1214e860e55de9795af1478c3ce1a0c4e8889c781c2f5726,ProcessTCPSummary.exe,x64,plain,19662,1,
root_ProcessThreadsView.exe.txt,good_train,good_train,0,root,0cb3de81ae063b9cf252b560bf0ef054b85b037dc4db0e71db8bffa20bbb3951,ProcessThreadsView.exe,x64,plain,18452,1,
root_ProduKey.exe.txt,good_train,good_train,0,root,6cf9dbed273e35c0719ef691074ec6d84e6a89e5f9674120eec757a501e8564c,ProduKey.exe,x64,plain,44640,1,
root_ProductKeyScanner.exe.txt,good_train,good_train,0,root,3f496107a57e2f49a3f9e54892f30409d3077b160a971c12e120243e82bff4f6,ProductKeyScanner.exe,x64,plain,19143,1,
root_PropertySystemView.exe.txt,good_train,good_train,0,root,615b0bcf86f66d24802dea27bcb1e72f82876bcf79be4b6b52c761e0f5eff71d,PropertySystemView.exe,x64,plain,21984,1,
root_ProximityUxHost.exe.txt,good_train,good_train,0,root,05910cdb1c0892af91d31e7db38a09f0dedda1cad76989726f0f4c1915c7040c,ProximityUxHost.exe,x64,plain,54808,1,
root_Q-DirPortable_10.65_Rev_2.paf.exe.txt,good_train,good_train,0,root,6f445101d7b70f76e310559158ea47655f90d4aee0f0e02a1764f16acc653422,Q-DirPortable_10.65_Rev_2.paf.exe,x86,plain,8567,1,
root_QB_DOS.exe.txt,good_train,good_train,0,root,8523f20fdcd3371638c5d9b8e28e970a92ac6d0307b845326f3a73d798999605,QB_DOS.exe,x86,plain,56103,1,
root_QuickSetDNS.exe.txt,good_train,good_train,0,root,f155ec0206ff0f6ab76c775f00e8aac3859d3b0953a311147fc3ded7b8762904,QuickSetDNS.exe,x86,plain,16764,1,
root_QwikMarkPortable_0.4_English.paf.exe.txt,good_train,good_train,0,root,b7ae247af132aabe61de264ba3f3f6f18a0be528fd75c2246834d52379eddb6c,QwikMarkPortable_0.4_English.paf.exe,x86,plain,9256,1,
root_RAMMapPortable_1.60_English_online.paf.exe.txt,good_train,good_train,0,root,e31e2c01f113e60e8abba26c11eb8792d93f8965dfbac70c7ed784ba82e3bae3,RAMMapPortable_1.60_English_online.paf.exe,x86,plain,8490,1,
root_RBTrayPortable_4.14_English.paf.exe.txt,good_train,good_train,0,root,22cf868e24751d82c0a1459895a786451a308e4e5aed101adda22ac39da06ed1,RBTrayPortable_4.14_English.paf.exe,x86,plain,8567,1,
root_RDSPnf.exe.txt,good_train,good_train,0,root,33d2a21e0f13052f38ac0db672f69c6f00a265c2a7d3240b844b397106a34c62,RDSPnf.exe,x64,plain,9911,1,
root_RDVGHelper.exe.txt,good_train,good_train,0,root,ca4c0e31bb8ddf99b5f3df595b09fb4bc93a1cc7d465adc289488d16683cd935,RDVGHelper.exe,x64,plain,23632,1,
root_RMActivate.exe.txt,good_train,good_train,0,root,9162b0ff6453363794763bfcf06bd80f560780a20f8a2b590bae987034f3a48e,RMActivate.exe,x86,plain,181417,1,
root_RMActivate_isv.exe.txt,good_train,good_train,0,root,f983d1a5eaa26f8300dc6d8cc7b15782e6f0bf3f7b3a57c845bc4b2c470e0879,RMActivate_isv.exe,x86,plain,186360,1,
root_RMActivate_ssp.exe.txt,good_train,good_train,0,root,b437fec40dbcd4105eed821ff75ba7eea5145bae15783701ae09d52f31db3e98,RMActivate_ssp.exe,x86,plain,160651,1,
root_RMActivate_ssp_isv.exe.txt,good_train,good_train,0,root,29bd8c3471b341ca78b9c2612de89ce3558a3cd07d675995000e0b3c79b05509,RMActivate_ssp_isv.exe,x86,plain,160640,1,
root_ROUTE.EXE.txt,good_train,good_train,0,root,ccdcc49b612bd8c3c5075bf760b2e49dda20a23a16e156ec3955dd349bcb5805,ROUTE.EXE,x86,plain,4109,1,
root_RTMPDumpHelper.exe.txt,good_train,good_train,0,root,5a9a5ae741322bfea383c1384d616e466c435a24c44e3322a774b93fbbe70d39,RTMPDumpHelper.exe,x64,plain,17065,1,
root_RapidCRCUnicodePortable_0.3.37_English.paf.exe.txt,good_train,good_train,0,root,7c2fde2638780cf0e81b7ffda6dbb57108498f85d944168b0884aa1e300bb53d,RapidCRCUnicodePortable_0.3.37_English.paf.exe,x86,plain,8490,1,
root_RdpSa.exe.txt,good_train,good_train,0,root,bcb046625db80875af6732ceef40bfbaf801875a1be9e9d4d8b4c94111018e47,RdpSa.exe,x86,plain,9938,1,
root_RdpSaProxy.exe.txt,good_train,good_train,0,root,112725aa0a890535231f201529cb5f382e5f00959f268a6a637818b74216d13c,RdpSaProxy.exe,x86,plain,5448,1,
root_RdpSaUacHelper.exe.txt,good_train,good_train,0,root,cbd3dbd850289f1888b4dc6884f0e5474063fe4d57e9f8bef0b325f76284bbd6,RdpSaUacHelper.exe,x86,plain,5693,1,
root_ReAgentc.exe.txt,good_train,good_train,0,root,ef577d51307e12c4315c0504199b8a01175bf7e742d1ce4c4d41cae4543d6ac4,ReAgentc.exe,x86,plain,8121,1,
root_ReNamerPortable_7.3.paf.exe.txt,good_train,good_train,0,root,f2f2eed19e058382550e6c6d009a601d3104cb72ed581f36ca194bf08c6cab32,ReNamerPortable_7.3.paf.exe,x86,plain,8490,1,
root_Receiver.exe.txt,good_train,good_train,0,root,4f101320a686d94b4a478a6335d505788eebb3e6a08edb49e314196039979484,Receiver.exe,x64,plain,280722,1,
root_RecentFilesView.exe.txt,good_train,good_train,0,root,ff105c9aea9fdedd8fecba63a29d7420352e5fddff350c48120ce257ebc634df,RecentFilesView.exe,x86,plain,13691,1,
root_RecoveryDrive.exe.txt,good_train,good_train,0,root,4f3474844d26e788bb61745b40b2e3bf5f339ca3f229d303c318de181e638c8a,RecoveryDrive.exe,x64,plain,160033,1,
root_RegAlyzerPortable_1.6.2.16.paf.exe.txt,good_train,good_train,0,root,b350d80e95786958036866622bc212ff604eed498b21d2703450ce4cd108c28e,RegAlyzerPortable_1.6.2.16.paf.exe,x86,plain,9256,1,
root_RegDllView.exe.txt,good_train,good_train,0,root,52d52b59561c3ddba7998cfdc82263846691cca7bcca70016ba2e6216e3b5683,RegDllView.exe,x64,plain,18039,1,
root_RegFileExport.exe.txt,good_train,good_train,0,root,f31d8aedef1e9b1e1fe03a083a8e21e2cb8cb55380ed521e0fd2a7e00cff1165,RegFileExport.exe,x86,plain,1945,1,
root_RegFromApp.exe.txt,good_train,good_train,0,root,a745831032340b3f68d3171c150e3f176a59cd6c633d90d843de8d205e426e71,RegFromApp.exe,x64,plain,12372,1,
root_RegScanner.exe.txt,good_train,good_train,0,root,8d329719ab5bb2c71c4299be12089d7550b446416a9f0bb3ea9f85faad42d838,RegScanner.exe,x64,plain,26776,1,
root_Register-CimProvider.exe.txt,good_train,good_train,0,root,11fc84778b6b88dde720b4b84354a64f3256be6149cd5f558350bb3f5ce8c204,Register-CimProvider.exe,x86,plain,5199,1,
root_RegistryChangesView.exe.txt,good_train,good_train,0,root,324ef7350f35d6f923b64f12f32a9ed07fa7c90c5c335c86d76c9c1a166fde4f,RegistryChangesView.exe,x64,plain,25397,1,
root_RegshotPortable_1.9.0.paf.exe.txt,good_train,good_train,0,root,1c209b731ecb4c76bdac01ec789c8c8fce59bb7aa145c4791c8d4a4932bfdf74,RegshotPortable_1.9.0.paf.exe,x86,plain,9256,1,
root_RelPost.exe.txt,good_train,good_train,0,root,036e9c86b1d9338c2328822680fa51dbbc0e7855bc73254f147ea99a24c17602,RelPost.exe,x64,plain,17750,1,
root_RemindersServer.exe.txt,good_train,good_train,0,root,fb169c7cda21796ff822cb536e67ab0071a3e54404338897d8b9e58238c103c3,RemindersServer.exe,x64,plain,56952,1,
root_RemindersShareTargetApp.exe.txt,good_train,good_train,0,root,0de2f69d0c256f0b95795961e7ec40ef6dcd023d95293c414bbd68d9bccb413a,RemindersShareTargetApp.exe,x64,plain,81005,1,
root_RemoteAppLifetimeManager.exe.txt,good_train,good_train,0,root,a2a38886919bdeec8150b2474f84671cba2d061967ded2bcb97ed6bb57c3644d,RemoteAppLifetimeManager.exe,x64,plain,19622,1,
root_RemotePosWorker.exe.txt,good_train,good_train,0,root,b1a25d53c302c3b4e7d6affbc309e67c3761e0d189b9fc1389e16c626ef8b09d,RemotePosWorker.exe,x64,plain,1299,1,
root_ResetEngine.exe.txt,good_train,good_train,0,root,cd4649748eef2d035b01039d1113dde1194e4608a3a0c665e8fa689c1cab7bfd,ResetEngine.exe,x64,plain,1256,1,
root_ResourceHackerPortable_5.1.8_English.paf.exe.txt,good_train,good_train,0,root,8323c8291c5008d0cab7a6a0845d3222091c594342fa148106aac9c8eb2287b0,ResourceHackerPortable_5.1.8_English.paf.exe,x86,plain,8490,1,
root_ResourcesExtract.exe.txt,good_train,good_train,0,root,a718da8b2a1197d449d43c18f1fb9cf18aef47bdd61a7961120f02392d1b0fe7,ResourcesExtract.exe,x64,plain,7331,1,
root_RmClient.exe.txt,good_train,good_train,0,root,1aaa904c2afcca523962461f16b5ecbf202c621e06693ddd787c533b17043793,RmClient.exe,x86,plain,2846,1,
root_Road_Rash.exe.txt,good_train,good_train,0,root,826075cd67d0b9e552813f6770a28b93e69110b72d1cab2b2cbac6143a055f19,Road_Rash.exe,x86,plain,36403,1,
root_RobloxPlayerLauncher.exe.txt,good_train,good_train,0,root,b636be5941a8fccbac70d73bf4aae8179add31bccc8dc0d32bdec50b1b4d60a6,RobloxPlayerLauncher.exe,x86,plain,159101,1,
root_Robocopy.exe.txt,good_train,good_train,0,root,b5a99113cc15c20ec50f2e2042a06c7760ee79504c559d8368334923f6be1eb7,Robocopy.exe,x86,plain,29958,1,
root_RouterPassView.exe.txt,good_train,good_train,0,root,3ee00a42a65d2df9ee571875a11f53b56c8494e90e1e8e60e128aabdb56399c8,RouterPassView.exe,x86,plain,31853,1,
root_RpcPing.exe.txt,good_train,good_train,0,root,b33650a4e2b61d934783e1fa732dbc618f5f8b4c523fb6af68ff12e6cac74687,RpcPing.exe,x86,plain,5680,1,
root_RufusPortable_3.18.paf.exe.txt,good_train,good_train,0,root,bcdbe1ec59f98bf406818c46a8576f99e677f86f48323162958d2ac24a21e6cf,RufusPortable_3.18.paf.exe,x86,plain,8567,1,
root_RunAsDate.exe.txt,good_train,good_train,0,root,f782795034537c063c760d7bf93b652ec85313e02314e2d00e415013a0ab490c,RunAsDate.exe,x64,plain,11917,1,
root_RunFromProcess-x64.exe.txt,good_train,good_train,0,root,06faa3dcf4be59c070bbaaee30bcf5479478005601c0db21d6af5788dfbd012e,RunFromProcess-x64.exe,x64,plain,2014,1,
root_RunFromProcess.exe.txt,good_train,good_train,0,root,78defb3da5896a26cb05090ae0e9945027a206215f97b4ce5dac9dea9469767b,RunFromProcess.exe,x86,plain,2039,1,
root_RunLegacyCPLElevated.exe.txt,good_train,good_train,0,root,d74c1659560e1244d9097a3f61de5a588c4bace7f5e6676b5d65bbed6ff1675c,RunLegacyCPLElevated.exe,x86,plain,4811,1,
root_RuntimeBroker.exe.txt,good_train,good_train,0,root,3f82d416fbee431b0ae798078f9c354711577f48b38901788c784a5ec0dd13b3,RuntimeBroker.exe,x64,plain,17063,1,
root_SHAREit-KCWEB.exe.txt,good_train,good_train,0,root,50b26ff7b0230c9c1495b979fe0d30cbae6d07f0f484bc7458b007ec09397450,SHAREit-KCWEB.exe,x86,plain,24246,1,
root_SIHClient.exe.txt,good_train,good_train,0,root,3118826c737001df153068efc171276509739c660d756c6129d8ab3d31d91b9c,SIHClient.exe,x64,plain,53262,1,
root_SIWPortable_2011.10.29.paf.exe.txt,good_train,good_train,0,root,8f863dd7e40a15b3dc07bbd96c2dc49f76c0bb5c730e2b9ca4beb58b0c14b6b4,SIWPortable_2011.10.29.paf.exe,x86,plain,9256,1,
root_SMSvcHost.exe.txt,good_train,good_train,0,root,7ebb32b3609e340231e626dcb2f3443a9fc38f75eccf2a9ad699cb689b45a1dd,SMSvcHost.exe,x86,dotnet,,0,tag:dotnet
root_SSD-ZPortable_16.09.09b_English.paf.exe.txt,good_train,good_train,0,root,e71620ec8934f98f2bdf69d8aa1d98c62d39465d13834f1de6440c6aaae15049,SSD-ZPortable_16.09.09b_English.paf.exe,x86,plain,8140,1,
root_SUMoPortable_5.14.12.520_English.paf.exe.txt,good_train,good_train,0,root,8870d531b91db8afb53ab87c8e6f63d33129e89398acced55d2939a78f2c72a5,SUMoPortable_5.14.12.520_English.paf.exe,x86,plain,8567,1,
root_SafariHistoryView.exe.txt,good_train,good_train,0,root,231fd04cbe983d7db323e179297edb7d9698bb70701d72fad36a7a5195086e0f,SafariHistoryView.exe,x86,plain,13721,1,
root_SearchFilterHost.exe.txt,good_train,good_train,0,root,dd8a449737ca241bf34be50df7acf09bb62af97cc6ae8e6e5b4cccb6da7f4dec,SearchFilterHost.exe,x86,plain,38838,1,
root_SearchFilterView.exe.txt,good_train,good_train,0,root,a3da3d238e1118920ba40ca238a10e5aea0fcb76970bc0c6a104b9198c2510ec,SearchFilterView.exe,x86,plain,13764,1,
root_SearchMyFiles.exe.txt,good_train,good_train,0,root,5e814bebf59998e85eb0e5aebca1487acebec63277d1b0a451308b599cd48df9,SearchMyFiles.exe,x64,plain,37907,1,
root_SecEdit.exe.txt,good_train,good_train,0,root,343e8924ea917f83ded38fff89675a233011d82b2aba9d4a9675c24a039f5be5,SecEdit.exe,x86,plain,4325,1,
root_SecHealthUI.exe.txt,good_train,good_train,0,root,2db6bbfb18c68629fe87269e3bebd97c73588bcb2ce2825d7f9a3628101c935a,SecHealthUI.exe,x64,plain,1005723,1,
root_SecureAssessmentBrowser.exe.txt,good_train,good_train,0,root,0c9f33aaa4eef79ee6e42e91713ecf782c8cd3bb3225c6d955157119867f7188,SecureAssessmentBrowser.exe,x86,dotnet,,0,tag:dotnet
root_SecurityHealthService.exe.txt,good_train,good_train,0,root,359b9f5426377a2706913ac56cec43ab2f0538ccd788d6fdf2dce21554dddb3a,SecurityHealthService.exe,x64,plain,171932,1,
root_SecurityHealthSystray.exe.txt,good_train,good_train,0,root,48f852164ef4747fcddff463034cad33167e341d241536b122ae74fc8841c941,SecurityHealthSystray.exe,x64,plain,7196,1,
root_SecurityQuestionsView.exe.txt,good_train,good_train,0,root,3af3f78d6c67afc4eff7e64c90bbbb445921e92ef25a06aacd156f82761d0691,SecurityQuestionsView.exe,x86,plain,18072,1,
root_SecuritySoftView.exe.txt,good_train,good_train,0,root,a54e3494461db40dbe0ac3e6d5b0b557ead7f28fa1941ff99e696eef946a2840,SecuritySoftView.exe,x86,plain,13772,1,
root_SenseCncProxy.exe.txt,good_train,good_train,0,root,c8d1af1cdfe8faf7c12a8bccf7234209cdf02ee3eacde237864cb2afa0278134,SenseCncProxy.exe,x64,plain,152570,1,
root_SenseSampleUploader.exe.txt,good_train,good_train,0,root,b7de6e79e0d1de3e8970bc876eb247d0fccc45c9450606ec3ec5a7c2d99534df,SenseSampleUploader.exe,x64,plain,602611,1,
root_SensorDataService.exe.txt,good_train,good_train,0,root,071e545daae61b9aded9d889bf4e8d953d825c1203793f9b4c09e02550544216,SensorDataService.exe,x64,plain,258892,1,
root_SeqDownload.exe.txt,good_train,good_train,0,root,095ea48ed2f233da5d60130d9a2a8f7529ac6ad513ec7d390e7f86a4ed2ab6d0,SeqDownload.exe,x86,plain,11615,1,
root_ServiceModelReg.exe.txt,good_train,good_train,0,root,db06c542723327d95d54d7d21954cdb7787b7a56ab85aff58c3c9746b85bab69,ServiceModelReg.exe,x86,plain,66155,1,
root_SgrmBroker.exe.txt,good_train,good_train,0,root,fffc540eab0035a188e47b8f2fa25bbe0c367a97b459bc0c440651388dd42647,SgrmBroker.exe,x64,plain,49350,1,
root_SgrmLpac.exe.txt,good_train,good_train,0,root,68601caee437fdd4cc9c85ec4f10344e4e13fcfc1597656978b541042fc8beec,SgrmLpac.exe,x64,plain,8289,1,
root_ShadowCopyView.exe.txt,good_train,good_train,0,root,28d452dd1be5394ee3f5b1b595f4a138fea6067f59c95609d69fbe4c6d6b4c82,ShadowCopyView.exe,x64,plain,18364,1,
root_ShapeCollector.exe.txt,good_train,good_train,0,root,5718c40a309aad4db4f616ef89af0c823948ee157a3f3e843533cff4618a85f9,ShapeCollector.exe,x64,plain,68621,1,
root_ShellBagsView.exe.txt,good_train,good_train,0,root,99396631afecc96682e046c06f60f2e17b183418431482c551f13fb3bd7b09c1,ShellBagsView.exe,x86,plain,14982,1,
root_ShellMenuNew.exe.txt,good_train,good_train,0,root,0908afb32ed5892530fdafd0499457b04f32526df0be2f1ebc3ee6316b9f1edf,ShellMenuNew.exe,x86,plain,13003,1,
root_ShortcutsSearchAndReplacePortable_1.9.0_English.paf.exe.txt,good_train,good_train,0,root,dbec13f4d435550c761bd0f5ebfe7885f22792c1a495af5220234435debf8b2b,ShortcutsSearchAndReplacePortable_1.9.0_English.paf.exe,x86,plain,8490,1,
root_SimpleCodeGenerator.exe.txt,good_train,good_train,0,root,49f6d2e206ab8bcbe91a8978f711530554b2586f6ad70e94dc7852b696404dc9,SimpleCodeGenerator.exe,x86,plain,10550,1,
root_SimpleProgramDebugger.exe.txt,good_train,good_train,0,root,d89e213986248c2b964221d7817b5c9df326a30e46a07b1b6b8dbccd981d0cda,SimpleProgramDebugger.exe,x64,plain,18661,1,
root_SimpleWMIView.exe.txt,good_train,good_train,0,root,0e8ad31d5cddf35d3b8f31a734031efec5956ce3952f1b313a3eb04e4a2f9185,SimpleWMIView.exe,x64,plain,22660,1,
root_SiteShoter.exe.txt,good_train,good_train,0,root,f62b14dc9d1d407fb0b0cc4802804081833a1934aca935e6efe232becbbe84d6,SiteShoter.exe,x86,plain,39644,1,
root_SkypeContactsView.exe.txt,good_train,good_train,0,root,6bafeab61149af6a607d33c92b001b3798872bd2d6a37acfcd90226c980005f6,SkypeContactsView.exe,x86,plain,87713,1,
root_SkypeLogView.exe.txt,good_train,good_train,0,root,b49e30ae3d388505f0a30fd137e62ee6c2df73e6db6536553b62592d01cf6f6c,SkypeLogView.exe,x86,plain,89122,1,
root_SmartDeblurPortable_1.27_English.paf.exe.txt,good_train,good_train,0,root,acda4f5448b1da3633da5a240ffacd64bd89abf55c3ef6f162fe5326f4810973,SmartDeblurPortable_1.27_English.paf.exe,x86,plain,9256,1,
root_SnapTimerPortable_0.1_English.paf.exe.txt,good_train,good_train,0,root,2ddf7a0a416c31783ac15082b660d1b0fc27e0cbecd1728d36485a534856d3e0,SnapTimerPortable_0.1_English.paf.exe,x86,plain,9256,1,
root_SndVol.exe.txt,good_train,good_train,0,root,439997e510099ccd0d086dc1a99df6651ced076b34df2029a6cbbdad6204b469,SndVol.exe,x86,plain,44369,1,
root_SnippingTool.exe.txt,good_train,good_train,0,root,9f769e52ac15ae1d0b6a3da293f612ac24303882b1d49ef7a5105ed1b24210d3,SnippingTool.exe,x64,plain,58594,1,
root_SocketSniff.exe.txt,good_train,good_train,0,root,1e61a6d0b6415b19a59771bddaf7649a80d4a6d322ab11686fc22d70d8c284cc,SocketSniff.exe,x86,plain,14611,1,
root_SoundVolumeView.exe.txt,good_train,good_train,0,root,9755ef8deea93ae9d7efaceb3ccdf9a14cbf75c31ca6115b0c939efff02fb293,SoundVolumeView.exe,x64,plain,29703,1,
root_SpaceAgent.exe.txt,good_train,good_train,0,root,ef37fa6999c453544a19aeab24f344abdfae761e810c9c29de6cf2eac2f1eaad,SpaceAgent.exe,x64,plain,24790,1,
root_SpatialAudioLicenseSrv.exe.txt,good_train,good_train,0,root,c41bffaf1466bb7375a31032fc6c95517449208ec40e7d42b0499c76bf438404,SpatialAudioLicenseSrv.exe,x86,plain,43488,1,
root_SpecialFoldersView.exe.txt,good_train,good_train,0,root,9911e0e65221485e2a2f6d439ca2f0187d23e829327797fdaee55f8751e32849,SpecialFoldersView.exe,x64,plain,13293,1,
root_Spectrum.exe.txt,good_train,good_train,0,root,fb85fad33e989f58345632e9fc022447032a5f476e3233f03345d322831263bd,Spectrum.exe,x64,plain,204566,1,
root_SpeechModelDownload.exe.txt,good_train,good_train,0,root,0a33b7629ac61cbf5f813bf29cb723bd84df41fe4447d7725d9817454d100ede,SpeechModelDownload.exe,x86,plain,44087,1,
root_SpeechUXWiz.exe.txt,good_train,good_train,0,root,ec39f8fdbda62dc70392d7efff271fd189c087336dc716e51abae888caef5a32,SpeechUXWiz.exe,x64,plain,53354,1,
root_SpeedyFoxPortable_2.0.30_Rev_2_English.paf.exe.txt,good_train,good_train,0,root,3e842b86a5cc701077364bf8cb983e9bb6d716b072d0d0cfee90367cb9f65f15,SpeedyFoxPortable_2.0.30_Rev_2_English.paf.exe,x86,plain,8490,1,
root_SrTasks.exe.txt,good_train,good_train,0,root,2b6b1315f4ff6955281353024f427486f58430f2129a98fa7375c12a580bbd7f,SrTasks.exe,x64,plain,11268,1,
root_StartupSentinelPortable_1.9.0.28_English.paf.exe.txt,good_train,good_train,0,root,e2a0e5c527deac05b9f22450b8edb41e08f1621a96ac420b924138804c69256c,StartupSentinelPortable_1.9.0.28_English.paf.exe,x86,plain,8490,1,
root_SteamSetup.exe.txt,good_train,good_train,0,root,029f918a29b2b311711788e8a477c8de529c11d7dba3caf99cbbde5a983efdad,SteamSetup.exe,x86,plain,8140,1,
root_Supercopier.exe.txt,good_train,good_train,0,root,862cac03bed619999040844cafe65c65cd3df4692ed46d3ccf986e369a7c781f,Supercopier.exe,x86,plain,36403,1,
root_SyncAppvPublishingServer.exe.txt,good_train,good_train,0,root,bcf02179ac47ce43dd46bf50d0f758b49f925dae41a3263167119fa1138a6214,SyncAppvPublishingServer.exe,x64,plain,5350,1,
root_SyncHost.exe.txt,good_train,good_train,0,root,47eb6d62cc9b494eb451d19a84407a879b0a4a98a46301558f6da66d5a3cef84,SyncHost.exe,x86,plain,10402,1,
root_SynkronPortable_1.6.2_Rev_2.paf.exe.txt,good_train,good_train,0,root,406fad255f76bcc195213941396d97e1504d002d52f5d2d43aa7d2560718c125,SynkronPortable_1.6.2_Rev_2.paf.exe,x86,plain,9256,1,
root_SysResetErr.exe.txt,good_train,good_train,0,root,7994237531700a8fae449ac3c38176e5220d167f4053466c1343f400b6af2d47,SysResetErr.exe,x64,plain,4893,1,
root_SystemExplorerPortable_7.1.0.paf.exe.txt,good_train,good_train,0,root,4b72c902892c8bd605264eb44c53fba8160d29c73680bae4eb8a5292cdab3f43,SystemExplorerPortable_7.1.0.paf.exe,x86,plain,8140,1,
root_SystemPropertiesAdvanced.exe.txt,good_train,good_train,0,root,86c7db0e662ca65f8e5989a629e00b03354cc385a9aee8bed7aaae28672d0a5f,SystemPropertiesAdvanced.exe,x86,plain,1187,1,
root_SystemPropertiesComputerName.exe.txt,good_train,good_train,0,root,1425d610beb0e3cc092ebe55ca1817ad0ae703489a20bfcabe52e0e2473a8a54,SystemPropertiesComputerName.exe,x86,plain,1187,1,
root_SystemPropertiesDataExecutionPrevention.exe.txt,good_train,good_train,0,root,51259f775be738ce33c857b7777e88c8b6a9afe0c3202e99d4c76f688f315424,SystemPropertiesDataExecutionPrevention.exe,x86,plain,1185,1,
root_SystemPropertiesHardware.exe.txt,good_train,good_train,0,root,eb71926b0f0f8b48f831c9589fad0f355f4e2a311f034c951a39de396fb552b9,SystemPropertiesHardware.exe,x86,plain,1184,1,
root_SystemPropertiesPerformance.exe.txt,good_train,good_train,0,root,2348acb60563ca0997da7378e5454515937ef9d54000a5e2e7fb5c81495896af,SystemPropertiesPerformance.exe,x86,plain,1227,1,
root_SystemPropertiesProtection.exe.txt,good_train,good_train,0,root,a13c30df2c1d6c82a068c207e4ea66b4614c272b733511d234827fbabe6f73f3,SystemPropertiesProtection.exe,x86,plain,1191,1,
root_SystemPropertiesRemote.exe.txt,good_train,good_train,0,root,76c62b0dc6d0eec97ce4af5dbf7658c6025147ef73653c8e0ce33c15cf4d8570,SystemPropertiesRemote.exe,x86,plain,1177,1,
root_SystemSettings.exe.txt,good_train,good_train,0,root,714bc26da9cd95e6268a6a01af211d76de86dc7f2918630e69695d3944b11b12,SystemSettings.exe,x64,plain,4318,1,
root_SystemSettingsAdminFlows.exe.txt,good_train,good_train,0,root,800cfdb1883b3a4c3ae46aa9cdad81ad792d5bfa504827ef5696ec0b21907e9a,SystemSettingsAdminFlows.exe,x64,plain,86885,1,
root_SystemSettingsBroker.exe.txt,good_train,good_train,0,root,18fdb4262a2a83f9f8d58e7a4370b18ab73dc0c89e0ad12264bfac266144ab26,SystemSettingsBroker.exe,x64,plain,31201,1,
root_SystemSettingsRemoveDevice.exe.txt,good_train,good_train,0,root,27440393c18ebccd75abee131f60daab6b2b017fdf71f6dd741c631316786e8a,SystemSettingsRemoveDevice.exe,x64,plain,4990,1,
root_SystemUWPLauncher.exe.txt,good_train,good_train,0,root,eb10676bb918d14b74929941471ecf6d02cd189e391549f1d03a692fff62eba2,SystemUWPLauncher.exe,x86,plain,19867,1,
root_TCPConnectProblemView.exe.txt,good_train,good_train,0,root,5eb05dba9bb7ba0df72caf0c5a5041eed0b905ec9a4cff7c44b0240fce329cb5,TCPConnectProblemView.exe,x86,plain,19077,1,
root_TCPSVCS.EXE.txt,good_train,good_train,0,root,b2268460262b8587c8acd530a5edd7fb5d13cf41640d8bcf02a2ea213882fab4,TCPSVCS.EXE,x86,plain,1549,1,
root_TCPViewPortable_4.17_English_online.paf.exe.txt,good_train,good_train,0,root,a09b8d56c2a8c50d4007296821eca42edc23c8a70c868762abff11d4668ac1bd,TCPViewPortable_4.17_English_online.paf.exe,x86,plain,8567,1,
root_TRACERT.EXE.txt,good_train,good_train,0,root,9d950a12f26b79f07c7c44edc1e0c6ed318f1ceec677574ae866d83149a3e600,TRACERT.EXE,x86,plain,2635,1,
root_TSTheme.exe.txt,good_train,good_train,0,root,195a7dd209aa9082477490d3ec19fb7b14008608947b39523cea0f8fd3dbaab9,TSTheme.exe,x86,plain,11562,1,
root_TSWbPrxy.exe.txt,good_train,good_train,0,root,8c4eb1cfb1a741d23f4598218ffe3654ddc8e02485d718a823c24a7c7e899401,TSWbPrxy.exe,x64,plain,11242,1,
root_TabTip32.exe.txt,good_train,good_train,0,root,c9806c79056652eace305c47c6bdef9dec73a1cb9a5ce149eb0ae4101f038057,TabTip32.exe,x86,plain,2037,1,
root_TableTextCompare.exe.txt,good_train,good_train,0,root,44109d47dffb3f6b02e699b29c3f2c733699f346dee13973332f4d16f7ad96bb,TableTextCompare.exe,x86,plain,13570,1,
root_Tango_Logger.exe.txt,good_train,good_train,0,root,95c45abbbf54a5dd4f6a7e43cb44c2ed32b4f2e6d323d2884d2a66952ddccd3f,Tango_Logger.exe,x86,plain,9915,1,
root_TapiUnattend.exe.txt,good_train,good_train,0,root,137892cc79f32bf5a94a86d86ff107df006e77fd3f0215137da978c6552cb73a,TapiUnattend.exe,x86,plain,2374,1,
root_TaskSchedulerView.exe.txt,good_train,good_train,0,root,1084213dbb1e447f59520f74476e72b949d213894409999ee144bdfe4002f80b,TaskSchedulerView.exe,x64,plain,23174,1,
root_TcpLogView.exe.txt,good_train,good_train,0,root,dfc70b4b3ccfb3332bb77b93570a5112c5c5824774a54c070be9b6e676b78f43,TcpLogView.exe,x64,plain,27808,1,
root_TeamViewer_Setup.exe.txt,good_train,good_train,0,root,eefe1cc1b637e823908ad21afc46a2ca593d506eb0f136503884cf373b88c7f5,TeamViewer_Setup.exe,x86,plain,9142,1,
root_TexterPortable_0.6_Rev_2_English.paf.exe.txt,good_train,good_train,0,root,084ea84ae09a76189cda863bed2c210519298dab273aba5b74e7f517b6c3b7de,TexterPortable_0.6_Rev_2_English.paf.exe,x86,plain,9256,1,
root_ThumbnailExtractionHost.exe.txt,good_train,good_train,0,root,37ed1945a2bc2f4c53b0231be12efd84ad6d4568dab2d0b4197bbbf847f0ec26,ThumbnailExtractionHost.exe,x86,plain,7363,1,
root_TiFileFetcher.exe.txt,good_train,good_train,0,root,b504a13f1d9e2c60ff2093bd2f5b7cfc657bf3087f68473d9a8d07110bdfad31,TiFileFetcher.exe,x64,plain,104160,1,
root_TiWorker.exe.txt,good_train,good_train,0,root,138435960f0717184f933aed18cb27773a6acb4f6028c14a7381efbd343185ba,TiWorker.exe,x64,plain,22702,1,
root_TieringEngineService.exe.txt,good_train,good_train,0,root,917f104892ff1890be2ab218b99c2dfed8287ab93ea6895ba74090783d4e341c,TieringEngineService.exe,x64,plain,64869,1,
root_TileWorldPortable_1.3.2_English.paf.exe.txt,good_train,good_train,0,root,1821432c03406169be2e21ea5211c99e9b590b8087dd61dce42a72676b620c50,TileWorldPortable_1.3.2_English.paf.exe,x86,plain,8140,1,
root_TimeZonesView.exe.txt,good_train,good_train,0,root,a016b037465a9b2f07ef652786bb86ad27a66f16298056d04f769f9d001cd9c0,TimeZonesView.exe,x86,plain,14049,1,
root_TinyTaskPortable_1.77_English.paf.exe.txt,good_train,good_train,0,root,efa29a2024460f1df66adb96968f0515a910ed91429059101c0285bb1bed86bc,TinyTaskPortable_1.77_English.paf.exe,x86,plain,8398,1,
root_Tipp10Portable_2.1.0_Rev_2.paf.exe.txt,good_train,good_train,0,root,4cd0f919d243abd480b413ec5a507a1792545b48e0a38e1e9b4349a289ebed4a,Tipp10Portable_2.1.0_Rev_2.paf.exe,x86,plain,9256,1,
root_TokenBrokerCookies.exe.txt,good_train,good_train,0,root,55006ad12e81756ce62630173ffc24ce8865b3aaf2b8497af1ff6ab2e13fbd67,TokenBrokerCookies.exe,x86,plain,7238,1,
root_Toucan_3.1.8.2.paf.exe.txt,good_train,good_train,0,root,0caf7e4653326d385dc8cc1b87156f6290408188ba8d4f2cc69b6cca5a03b536,Toucan_3.1.8.2.paf.exe,x86,plain,8567,1,
root_TpmInit.exe.txt,good_train,good_train,0,root,2a7081195acf53b272040bd4f232691b626b522123d3fe402fca91b3fd64f158,TpmInit.exe,x86,plain,9570,1,
root_TreeSizeFreePortable_4.53.paf.exe.txt,good_train,good_train,0,root,95e5d1c1143c151784dfc920cf5c69b64c728085b8d69f9d82974fae77cf9b62,TreeSizeFreePortable_4.53.paf.exe,x86,plain,8567,1,
root_TrustedInstaller.exe.txt,good_train,good_train,0,root,8e0d841929ecd6e1223205e0163e1f5b4938973f7bd743a6094a84c3d4db9f56,TrustedInstaller.exe,x64,plain,29457,1,
root_TurnedOnTimesView.exe.txt,good_train,good_train,0,root,52237230f3def4db702e9b6ea4f6f337c9d259360ee15a9ccff0da6c33241c7a,TurnedOnTimesView.exe,x86,plain,20158,1,
root_TwinDistressPortable_1.1.0_English.paf.exe.txt,good_train,good_train,0,root,7edeeea5741eff81baf814c72eb0d02de1c6461a62676ea301e2ad99d048f123,TwinDistressPortable_1.1.0_English.paf.exe,x86,plain,8383,1,
root_TypeFasterPortable_0.4.2_Rev_2_English.paf.exe.txt,good_train,good_train,0,root,813d0279efbf3bbed7deb6fc994ccf091eeba2ea5a516ca4759e9b748f4e0118,TypeFasterPortable_0.4.2_Rev_2_English.paf.exe,x86,plain,8398,1,
root_TyperTaskPortable_1.20_Rev_3_English.paf.exe.txt,good_train,good_train,0,root,734a3636cf6a00686da684aa5cef3705caf5696c3749210b6b02ab91f6fa5a46,TyperTaskPortable_1.20_Rev_3_English.paf.exe,x86,plain,8398,1,
root_TypingMaster_Typing_Tutor_Pro.exe.txt,good_train,good_train,0,root,6a04d6ffc6b849b0c86cdabc5f2d5734b6d7dbb0440db100253a339701f5c87c,TypingMaster_Typing_Tutor_Pro.exe,x86,plain,36403,1,
root_UIMgrBroker.exe.txt,good_train,good_train,0,root,6fe8c19cbeeb97935af77512b176a25a9cd92e20a1ab98f1d357b9971bc04cc8,UIMgrBroker.exe,x64,plain,6309,1,
root_UNPUXHost.exe.txt,good_train,good_train,0,root,68a9f9df7ff13695d94e572aedf75e203d8bb7fa6ee4481c3017a3bff523563e,UNPUXHost.exe,x64,plain,8938,1,
root_UNPUXLauncher.exe.txt,good_train,good_train,0,root,22a98a3262c6d53079e80b18a7bc24f407bd007be09113d440c53a1aef32b381,UNPUXLauncher.exe,x64,plain,88826,1,
root_UNetbootinPortable_702.paf.exe.txt,good_train,good_train,0,root,8a5015cb87a7b3347a0bb9aeccc6f8e24f6538f07cd3c7f4b65e7880a2dcc885,UNetbootinPortable_702.paf.exe,x86,plain,8490,1,
root_URLStringGrabber.exe.txt,good_train,good_train,0,root,0658a4f89aa37fe3341abbc5654d64e0aa0ef803c40c8a9d7c59664529fad0a3,URLStringGrabber.exe,x86,plain,13846,1,
root_USBDeview.exe.txt,good_train,good_train,0,root,5ba58ea77e77dd0f86bdd200b931cce7d9f48f92df7545e30fdcc91198f09504,USBDeview.exe,x64,plain,30406,1,
root_USBDriveLog.exe.txt,good_train,good_train,0,root,27c7412c781627ddf490a890f2ffd65f9533b75678a2770b1f0bb755d192f348,USBDriveLog.exe,x86,plain,20780,1,
root_USBLogView.exe.txt,good_train,good_train,0,root,31eb4115e6a2ff36bdc86642d11db743b2e2485f5d2c115430d6fa50c0691183,USBLogView.exe,x86,plain,16198,1,
root_USBSudokuPortable_2.0_English.paf.exe.txt,good_train,good_train,0,root,f2d7ef4d1a42cba9e2fceb2521e414fee946a1bd0ce912427438c2f4d9209a90,USBSudokuPortable_2.0_English.paf.exe,x86,plain,9256,1,
root_UUID-GUIDGeneratorPortable_1.1_English.paf.exe.txt,good_train,good_train,0,root,85b3a95732635980c9f0c522c5c5c46c051206ccdb9891188816c4bedeea4c1c,UUID-GUIDGeneratorPortable_1.1_English.paf.exe,x86,plain,9256,1,
root_UevTemplateConfigItemGenerator.exe.txt,good_train,good_train,0,root,dec77615d3a9750ac4dad68bda96c4794033cdff2c3e52e99ee0934326943663,UevTemplateConfigItemGenerator.exe,x86,dotnet,,0,tag:dotnet
root_Ultimate_SAMP_KeyBinder.exe.txt,good_train,good_train,0,root,519844976cd2f66164e113a4f44bf29f75601dfa48963d6f5455c02ceabe59e6,Ultimate_SAMP_KeyBinder.exe,x86,dotnet,,0,tag:dotnet
root_UltraDefragPortable_7.1.4.paf.exe.txt,good_train,good_train,0,root,fea9f9282e6dcd1ffa71f1f2b9229ffa1de7814b0b856f14ec82ccb5f06feefd,UltraDefragPortable_7.1.4.paf.exe,x86,plain,8427,1,
root_UltraISO_cn.exe.txt,good_train,good_train,0,root,9ea21744e33d0eef5b6f346d05a31f428fa4ede6f64211e78f582d2448a10296,UltraISO_cn.exe,x86,plain,14405,1,
root_UninstallView.exe.txt,good_train,good_train,0,root,6e667dbb373198b1bf4ffd8d0ca668f13d1b8b202dbd48d060eaaf7bd14033ed,UninstallView.exe,x64,plain,29348,1,
root_UpdateNotificationMgr.exe.txt,good_train,good_train,0,root,393b9b7aed4a797a729f49396fbd601f8c0b91b21b5c6ce35f62a7747b868769,UpdateNotificationMgr.exe,x64,plain,85067,1,
root_UpgradeResultsUI.exe.txt,good_train,good_train,0,root,9c83851090cc599ac32283fa78cace99300293884120a01300e13cb73e825ea7,UpgradeResultsUI.exe,x64,plain,7394,1,
root_UserAccountBroker.exe.txt,good_train,good_train,0,root,0e8430217b5215859ddb9b141649982b838538286334f309042fa614d5026d87,UserAccountBroker.exe,x86,plain,7946,1,
root_UserAccountControlSettings.exe.txt,good_train,good_train,0,root,2b2acc344b1da9bbbe863f0fa877ba1d94fd8b0d01d49dc1b412e552ad6e7eb2,UserAccountControlSettings.exe,x86,plain,10360,1,
root_UserAssistView.exe.txt,good_train,good_train,0,root,35b8b8eb934516b9a2c6ffa15964c7ac8129de9b17c5597dafcadc06a72a164d,UserAssistView.exe,x86,plain,11628,1,
root_UserOOBEBroker.exe.txt,good_train,good_train,0,root,59911f2c3bbbeb69233ddfc1c9be173b00c35372c850fb197e7a73c136649594,UserOOBEBroker.exe,x64,plain,8936,1,
root_UserProfilesView.exe.txt,good_train,good_train,0,root,0d2c60fd4fa8024b44c69a023f7c5c03d175df4f278b1a12c2631db374f6d8de,UserProfilesView.exe,x86,plain,12270,1,
root_UsoClient.exe.txt,good_train,good_train,0,root,69e1fa308f613185ffbdea6a8237569db8445d60c4633f21abf6cdb0ffe91eba,UsoClient.exe,x64,plain,8856,1,
root_Utilman.exe.txt,good_train,good_train,0,root,8a05a4990c0370142ddfec7d489737ccc4b96fafe0a80e06af7ae04a1c7be722,Utilman.exe,x86,plain,23473,1,
root_VMMapPortable_3.31_English_online.paf.exe.txt,good_train,good_train,0,root,ba52a2907835a2da38496f8570453bd2acbdecdcb5e3c0879344ca7a3e938c5e,VMMapPortable_3.31_English_online.paf.exe,x86,plain,8490,1,
root_VNCPassView.exe.txt,good_train,good_train,0,root,816d7616238958dfe0bb811a063eb3102efd82eff14408f5cab4cb5258bfd019,VNCPassView.exe,x86,plain,11087,1,
root_VaultCmd.exe.txt,good_train,good_train,0,root,9e68fcf6fd1104bbd1ca47bb36347abc621329924f880b75793638af04dc607e,VaultCmd.exe,x64,plain,4707,1,
root_VaultPasswordView.exe.txt,good_train,good_train,0,root,f789eda0aad66a19554f31fadfd46dcb976a82b314b3c26a51b6a21037ee7067,VaultPasswordView.exe,x64,plain,35985,1,
root_VeraCryptPortable_1.24_Update_7.paf.exe.txt,good_train,good_train,0,root,f21789813565ed6486e70a99005bbd7e57f8046c4e21a9bdb2d4d7140924f727,VeraCryptPortable_1.24_Update_7.paf.exe,x86,plain,8427,1,
root_VideoCacheView.exe.txt,good_train,good_train,0,root,4c1cd7e17beb0ca9365a3fa2b1ed14c905597bc8b3cac202933c9833a9bece11,VideoCacheView.exe,x64,plain,41880,1,
root_VirtuaWinPortable_4.5_Rev_2_English.paf.exe.txt,good_train,good_train,0,root,8a81904787f6cf011c1ade068a1e8783620a47e34b3010c7a739de6bdd81a20a,VirtuaWinPortable_4.5_Rev_2_English.paf.exe,x86,plain,8490,1,
root_VirtualMagnifyingGlassPortable_3.6.paf.exe.txt,good_train,good_train,0,root,91fa08fc4d0bde8a61ff89d9ef544dd8308ec00b3281169226c854f0545c1024,VirtualMagnifyingGlassPortable_3.6.paf.exe,x86,plain,9256,1,
root_VirtualVolumesViewPortable_1.4.paf.exe.txt,good_train,good_train,0,root,f284f5bc396cfc09fc47268e2956e44ab3c042882c250fb52872632401e987b0,VirtualVolumesViewPortable_1.4.paf.exe,x86,plain,8490,1,
root_WFS.exe.txt,good_train,good_train,0,root,8fbac98180bcf2d79ccea364f3d7e1301e1592727b99c712b1db5e2e50a7bf25,WFS.exe,x64,plain,124407,1,
root_WMIADAP.exe.txt,good_train,good_train,0,root,999113aee6783853d56f3aa40bd524fc567df553aec310c797193704219930d7,WMIADAP.exe,x86,plain,41795,1,
root_WMPDMC.exe.txt,good_train,good_train,0,root,fe6a7c6e23ff1ea7d297aeb0d2b4c5e6e39db31764a3afec31b4ca3f385e3fc8,WMPDMC.exe,x64,plain,276247,1,
root_WNetWatcher.exe.txt,good_train,good_train,0,root,087f961e00a9ff8d8c886cd9303e189ed40151ce5a2957878d420d3f319cf1dc,WNetWatcher.exe,x86,plain,22507,1,
root_WPDShextAutoplay.exe.txt,good_train,good_train,0,root,0613c8cd54fdfb88868a7a8a379fde648dab69425b53f77f2b1b2c996cb8db85,WPDShextAutoplay.exe,x86,plain,5973,1,
root_WSCollect.exe.txt,good_train,good_train,0,root,d50771e8dbc656cbe87670806f9a9fa4146a354858e549cff70bcb07b69d1c02,WSCollect.exe,x64,plain,3934,1,
root_WSManHTTPConfig.exe.txt,good_train,good_train,0,root,aa19ab5f5c954583c46e2c4099a2765432c6cccb5d20803167fcc1727ae5416c,WSManHTTPConfig.exe,x86,plain,9826,1,
root_WSReset.exe.txt,good_train,good_train,0,root,2f0397ca20000338b80be0cf02d14c26dcad1a3c354b504774aa111a7c73e94a,WSReset.exe,x64,plain,3037,1,
root_WUDFCompanionHost.exe.txt,good_train,good_train,0,root,648cd26cb4f955f1c5f0fd6a4d3cd58a8d1f6eb6b082a7791b5b2a0a5b46f327,WUDFCompanionHost.exe,x64,plain,27358,1,
root_WUDFHost.exe.txt,good_train,good_train,0,root,2e9edac8ad372bd9adffe852a18f5fbd25de804c0ca39c2f5b88365cc443c138,WUDFHost.exe,x64,plain,48884,1,
root_WakeMeOnLan.exe.txt,good_train,good_train,0,root,659b5325cc6cd215b04e24f56d4f80fd29edfbf3432836f99e4968d9a9a25862,WakeMeOnLan.exe,x64,plain,20580,1,
root_WallpaperHost.exe.txt,good_train,good_train,0,root,564f1c7b9f5e9818656dfdce2bdfb7af2c7a78819e67a2f8766cb2dd785f01e5,WallpaperHost.exe,x64,plain,3624,1,
root_WebBrowserBookmarksView.exe.txt,good_train,good_train,0,root,119e5331ef646222b6ae4fd0adc8a9cdb13a5a18d88254bd7745796e0087d5e2,WebBrowserBookmarksView.exe,x86,plain,99191,1,
root_WebCache.exe.txt,good_train,good_train,0,root,925f4358d32c7dfc9d8b8e0107ec638d23b72b538e45e438f5686c83e342a4c3,WebCache.exe,x64,plain,936,1,
root_WebCacheImageInfo.exe.txt,good_train,good_train,0,root,daefd03187f9289bca4ad4819d30fa1214dc418a15bc8b65ca5597ca805a1054,WebCacheImageInfo.exe,x86,plain,32451,1,
root_WebCamImageSave.exe.txt,good_train,good_train,0,root,5e3f311ae67f046b56435067bcdd39fbf836fa0421fbc8c8b0e43e8e47524954,WebCamImageSave.exe,x86,plain,14432,1,
root_WebCookiesSniffer.exe.txt,good_train,good_train,0,root,849a391f2c1832d380ba19b22486c9acc1066b40ec4a7ddd122f4e4d34c82f44,WebCookiesSniffer.exe,x64,plain,25492,1,
root_WebSiteSniffer.exe.txt,good_train,good_train,0,root,8dba456d2bc6634909e79320fae988f588a10458e15bbd9165d883f96d28b6cb,WebSiteSniffer.exe,x64,plain,30047,1,
root_WebVideoCap.exe.txt,good_train,good_train,0,root,991c6c66b4ee63d5c286c37db453015da873c8197e77dd1c00cf60d6e07dc2b7,WebVideoCap.exe,x86,plain,8354,1,
root_WerFault.exe.txt,good_train,good_train,0,root,4b7feb0d02361b9bb9f73f958a36c43636020f348210663974bcb60533939f85,WerFault.exe,x86,plain,103020,1,
root_WerFaultSecure.exe.txt,good_train,good_train,0,root,1fececc9f0d4eac2035e235690f99b52fe60e921071547a1a8b960abc2e5c63c,WerFaultSecure.exe,x86,plain,17133,1,
root_WhatChangedPortable_1.07_Rev_2_English.paf.exe.txt,good_train,good_train,0,root,b79559c5e0a0cee775bee1517115e3326ab9f69896b8cdd85e3925bdeabcff75,WhatChangedPortable_1.07_Rev_2_English.paf.exe,x86,plain,8398,1,
root_WhatInStartup.exe.txt,good_train,good_train,0,root,15099976118e7caa876f4d33fc948e29009509115557a62a9c897024dc62d26d,WhatInStartup.exe,x64,plain,19083,1,
root_WhatIsHang.exe.txt,good_train,good_train,0,root,e2095dbe5ff7a1e7113abdf8d26bd8532789ce5b725fbf5321225e743b8e29b0,WhatIsHang.exe,x64,plain,19918,1,
root_WhoDatPortable_0.9.1_English.paf.exe.txt,good_train,good_train,0,root,a12358d698e191ead19ec5340c5fd0c5653f64181dd5c8207320a9c6f3822f60,WhoDatPortable_0.9.1_English.paf.exe,x86,plain,9256,1,
root_WhoIsConnectedSniffer.exe.txt,good_train,good_train,0,root,0c2ecdf4ffa41aca379c44e21792767ed3e7bab091657dc84e6abc7caf6547f6,WhoIsConnectedSniffer.exe,x64,plain,22961,1,
root_WhoisCL.exe.txt,good_train,good_train,0,root,8a3ce3ab02882aef898d1c3a69f5873ac3721da8304517b112ff2d1b46190d6c,WhoisCL.exe,x86,plain,18651,1,
root_WifiHistoryView.exe.txt,good_train,good_train,0,root,0f5b2f2015f1e02fb901a2406e1a00df69307b8331e8d9149914f7bdc93718d7,WifiHistoryView.exe,x86,plain,20772,1,
root_Win32WebViewHost.exe.txt,good_train,good_train,0,root,f7fc08e4e54f235f6ed97ed3a728174884fd442bbd4d423f478efab0a5d4928a,Win32WebViewHost.exe,x64,plain,22057,1,
root_WinBioDataModelOOBE.exe.txt,good_train,good_train,0,root,67247aa01f43e691febb1000da0df0ef50837bca39115f1c76e088f6e509952f,WinBioDataModelOOBE.exe,x64,plain,12681,1,
root_WinBoardPortable_4.8.0.paf.exe.txt,good_train,good_train,0,root,32e17494769b6d40044f32d60e1ccad32b66cc5f707a3e45d568a4570335854f,WinBoardPortable_4.8.0.paf.exe,x86,plain,8140,1,
root_WinBox.exe.txt,good_train,good_train,0,root,9d10903332ce9604f37f609432205c151db2b4797e90b1e044fd15530d378c45,WinBox.exe,x86,plain,36403,1,
root_WinCrashReport.exe.txt,good_train,good_train,0,root,6638857a3bf187626b5e4878e10479ae5e4107dc786744f32d1e659955524b24,WinCrashReport.exe,x64,plain,53770,1,
root_WinDefLogView.exe.txt,good_train,good_train,0,root,b8597f7274dd8d8badbe4613c15b041d46e60cb6d0b8c29e054a150a4fdd80b4,WinDefLogView.exe,x86,plain,20340,1,
root_WinDefThreatsView.exe.txt,good_train,good_train,0,root,27f59813b4cfecf7f9b70f31fd8be3cd6a91227cd065978a9f57cc05ae8f0632,WinDefThreatsView.exe,x64,plain,20681,1,
root_WinDirStatPortable_1.1.2.80_Rev_3.paf.exe.txt,good_train,good_train,0,root,384d45d78fe1c75b3392d10025b713c77907517a45e7100eda88d05e1b087efa,WinDirStatPortable_1.1.2.80_Rev_3.paf.exe,x86,plain,9256,1,
root_WinFontsView.exe.txt,good_train,good_train,0,root,b353e5947033ea7f136fdeeb39bb55b0d6a7695ab4f192ae8e215b80b722fb83,WinFontsView.exe,x86,plain,12288,1,
root_WinLogOnView.exe.txt,good_train,good_train,0,root,f2f89b701f30446739027a54f657713bd61ff40077f27034bca7eed4276cd36d,WinLogOnView.exe,x86,plain,18747,1,
root_WinMTRPortable_0.92_Rev_2_English.paf.exe.txt,good_train,good_train,0,root,7357e786c047e96f887d669540e53fe3e96ac3c638eae10641d4cbc22d66d1f1,WinMTRPortable_0.92_Rev_2_English.paf.exe,x86,plain,9256,1,
root_WinMailPassRec.exe.txt,good_train,good_train,0,root,ac7c2f5e8761342650129917953e8a7b9a5fdd94de66d4fe1da73caec729c429,WinMailPassRec.exe,x64,plain,21904,1,
root_WinMgmt.exe.txt,good_train,good_train,0,root,a733b3e7c718371fd75855b43d778710016e3545c9ac3705e26c080c43763140,WinMgmt.exe,x86,plain,3195,1,
root_WinObjPortable_3.13_English_online.paf.exe.txt,good_train,good_train,0,root,411de7b0b05e673eec567145fe18e765c771d57ac57ecdb1b4f6f385cb734afb,WinObjPortable_3.13_English_online.paf.exe,x86,plain,8490,1,
root_WinPenguinsPortable_0.76_English.paf.exe.txt,good_train,good_train,0,root,91da25a19cde4f3eeb591e92adeedd34a4eba6761028439d24805a305c428a05,WinPenguinsPortable_0.76_English.paf.exe,x86,plain,9256,1,
root_WinPrefetchView.exe.txt,good_train,good_train,0,root,ccde97bb6fc523a56f17625ac7f9f3858247e7df439451423c5e2688793bdf9a,WinPrefetchView.exe,x64,plain,15970,1,
root_WinUpdatesView.exe.txt,good_train,good_train,0,root,857179d4d9ed6e8f9f37c7b3110d3398c1f662d4850d3fa155620b4b0fbf7858,WinUpdatesView.exe,x64,plain,21590,1,
root_WinWGetPortable_0.20.2020-1.21.2_English.paf.exe.txt,good_train,good_train,0,root,a43f9205c2a08397981b7728afcd3819e5b70f9d67100bf5d88b115e6badd82b,WinWGetPortable_0.20.2020-1.21.2_English.paf.exe,x86,plain,8490,1,
root_Windows.Media.BackgroundPlayback.exe.txt,good_train,good_train,0,root,3702851830630fa50aeac479253b244781143c7e1419e4fb5014ae8963ec457a,Windows.Media.BackgroundPlayback.exe,x86,plain,2133,1,
root_Windows.WARP.JITService.exe.txt,good_train,good_train,0,root,81b5bbaa76411a13187e12d7a4d7671a3479e328ed525c45583d856ab709c506,Windows.WARP.JITService.exe,x86,plain,6569,1,
root_WindowsActionDialog.exe.txt,good_train,good_train,0,root,f27a32776e3fce6c6a5d3a9d46a84a286f71fd8380c5a7065ee34c3ec3d7932f,WindowsActionDialog.exe,x64,plain,11331,1,
root_WindowsErrorLookupToolPortable_3.0.7_English.paf.exe.txt,good_train,good_train,0,root,6b02d1305936151043755bc23a178ffc0f25fcc00b63abe3eb399e9511827f81,WindowsErrorLookupToolPortable_3.0.7_English.paf.exe,x86,plain,9256,1,
root_WindowsInternal.ComposableShell.Experiences.TextInput.InputApp.exe.txt,good_train,good_train,0,root,f1e7e298c28441180a0fdf04b870fae5e00e0796925e3211e5df35616814c4ef,WindowsInternal.ComposableShell.Experiences.TextInput.InputApp.exe,x64,plain,166454,1,
root_WindowsUpdateElevatedInstaller.exe.txt,good_train,good_train,0,root,65b49c91a2460ffc6e0463dd49555afd9e9da811cc208007fc421800f4c652b0,WindowsUpdateElevatedInstaller.exe,x64,plain,8538,1,
root_WinsockServicesView.exe.txt,good_train,good_train,0,root,7abaa3b7753d4bf42ba4d828a5641f7f74a2dfe3a853ce017b8af1e9b5c46f02,WinsockServicesView.exe,x86,plain,13550,1,
root_WirelessConnectionInfo.exe.txt,good_train,good_train,0,root,fdf0b1661961460da878209ec10d067d40994e1cfc53d0efb49a2ceade66c282,WirelessConnectionInfo.exe,x86,plain,14821,1,
root_WirelessNetView.exe.txt,good_train,good_train,0,root,239e42f9b954493f90933e65dca47d19b7de1b25cc851bdef122f4ce64a77f90,WirelessNetView.exe,x86,plain,17091,1,
root_WiseDataRecoveryPortable_5.2.1.paf.exe.txt,good_train,good_train,0,root,33cde8194a91e09684d7082d963e39f5e78bf2b82ead77835f5f6a6aee33a5a2,WiseDataRecoveryPortable_5.2.1.paf.exe,x86,plain,8490,1,
root_WiseDiskCleanerPortable_10.8.4.paf.exe.txt,good_train,good_train,0,root,92d439505705f69f2ef86863a68f9f287a04c5f5a81c94a49a2af36d646b9c92,WiseDiskCleanerPortable_10.8.4.paf.exe,x86,plain,8567,1,
root_WiseProgramUninstallerPortable_2.6.1.paf.exe.txt,good_train,good_train,0,root,7c1ee5bbfc1e54f1dc6e883e83b571bb7bb955f032bd58388f0d71730a0e5cdf,WiseProgramUninstallerPortable_2.6.1.paf.exe,x86,plain,8490,1,
root_WiseRegistryCleanerPortable_10.7.2.paf.exe.txt,good_train,good_train,0,root,6d2c6ee1304b427729955f375cd2a632f44028f0423f5d1e80bcbbca600e5a63,WiseRegistryCleanerPortable_10.7.2.paf.exe,x86,plain,8567,1,
root_WizFilePortable_3.07.paf.exe.txt,good_train,good_train,0,root,ddd8016bdfe96238a3889da97cb9bd0b3afc4fb2392ccf2f0a74b247431e90e4,WizFilePortable_3.07.paf.exe,x86,plain,8567,1,
root_WizTreePortable_4.08.paf.exe.txt,good_train,good_train,0,root,3d7264ed904de68e54bf3d60bbaafabaaad653392b882af18ece392cbaf53828,WizTreePortable_4.08.paf.exe,x86,plain,8567,1,
root_WmiApSrv.exe.txt,good_train,good_train,0,root,dba5d56949ba383dab17c3ab95eac8b3f1b693729676d1a5637790f6e7f01abd,WmiApSrv.exe,x64,plain,36124,1,
root_WorkFolders.exe.txt,good_train,good_train,0,root,c659982f5b0024bb1e956b12059509c7a94f8f737d2ee2a9ba1339b77c29ab9d,WorkFolders.exe,x64,plain,7245,1,
root_WpcMon.exe.txt,good_train,good_train,0,root,535ea2d0ad12b98fff904fdb547ba169a5aeb97d6c3ec7d77975c9f156102c17,WpcMon.exe,x64,plain,177053,1,
root_WpcTok.exe.txt,good_train,good_train,0,root,07db5ba62c8cea74d1ced75e04cbbd234f5330bea8def0c0628b37eeee59577d,WpcTok.exe,x64,plain,48353,1,
root_WpcUapApp.exe.txt,good_train,good_train,0,root,c688f830a8790dd717ba7e7eafddad749f951d1dd765196d375847c7b46be965,WpcUapApp.exe,x64,plain,65625,1,
root_XBox.TCUI.exe.txt,good_train,good_train,0,root,caea9edb6312786c9de8c1baa807bff92523bb3851183c5d8d99838641b95fd4,XBox.TCUI.exe,x86,dotnet,,0,tag:dotnet
root_XGpuEjectDialog.exe.txt,good_train,good_train,0,root,28779fecc70f191e46ebb30471551492bffd7817a8d44e52c3b2dc17ee003a92,XGpuEjectDialog.exe,x64,plain,48633,1,
root_XNResourceEditorPortable_3.0.0.1_English.paf.exe.txt,good_train,good_train,0,root,c449398aec9ae1b7575dc7822a99e3cf08897550075661d8d74ecf61a9eccfb5,XNResourceEditorPortable_3.0.0.1_English.paf.exe,x86,plain,8383,1,
root_X_Proxy.exe.txt,good_train,good_train,0,root,e055ad8bba4531e57c33e764ed2e4c9f6f1ffe7ff52447b8fb2c3b36730b3f16,X_Proxy.exe,x86,plain,36403,1,
root_XblGameSaveTask.exe.txt,good_train,good_train,0,root,e6e28735d5715423afb88b124920426e8f83b99d2fce1f1f873879573c5b4c04,XblGameSaveTask.exe,x64,plain,5558,1,
root_XenonPortable_1.5.0.2.paf.exe.txt,good_train,good_train,0,root,9fe1d946c3dbcfa6030f2d1581ccc0643345705f5a9e327313e95343c2b48221,XenonPortable_1.5.0.2.paf.exe,x86,plain,9256,1,
root_XnViewPortable_2.50.4.paf.exe.txt,good_train,good_train,0,root,da06498e2e0f3d8e5f0f7bbf9e92062f855cbd99d6dc76569d746f77139a5edb,XnViewPortable_2.50.4.paf.exe,x86,plain,8567,1,
root_XyePortable_0.12.1_English.paf.exe.txt,good_train,good_train,0,root,5a83436f94bac035ca5bfb6729f40937ce8e67ff66450241baa9a6b607c49de3,XyePortable_0.12.1_English.paf.exe,x86,plain,8210,1,
root_YUMI-UEFIPortable_0.0.4.4_English.paf.exe.txt,good_train,good_train,0,root,c9d6e2daf1cca67d1705bc743f1610d61f5742783abab8826c28350f8b3f8fb1,YUMI-UEFIPortable_0.0.4.4_English.paf.exe,x86,plain,8567,1,
root_YUMIPortable_2.0.9.4_English.paf.exe.txt,good_train,good_train,0,root,ed5d3d9e296176b1a25bafe738893d25423f31f1ab8b7aec295e375502690a6d,YUMIPortable_2.0.9.4_English.paf.exe,x86,plain,8567,1,
root_ZSoftUninstallerPortable_2.5_Rev_3.paf.exe.txt,good_train,good_train,0,root,b36ab0c62f6bd1c124a67c00ecb392359517d1558136b72ab6fca034ce93712f,ZSoftUninstallerPortable_2.5_Rev_3.paf.exe,x86,plain,9256,1,
root_ZintPortable_2.10.0_English.paf.exe.txt,good_train,good_train,0,root,7f239aaac50f44d90a1fe427fb6711052e83e3ab3a6d4d0ededc9ec345ce7351,ZintPortable_2.10.0_English.paf.exe,x86,plain,8490,1,
root_ZumaSetupen.exe.txt,good_train,good_train,0,root,01e70a17d75c8d92b4ba590f9bce72d7f23bf379190f613fc84c04197dd134b1,ZumaSetupen.exe,x86,plain,92296,1,
root__isdel.exe.txt,good_train,good_train,0,root,1e97eca81395d1bd5e627debfdb02828bd3655d68c8f7296395d574781faa32e,_isdel.exe,x86,plain,4528,1,
root_acehtml5pro.exe.txt,good_train,good_train,0,root,b1997fe5a386eab419fc9066a4723937d57d5e61cc9d741f9ee9232e0d9ed96c,acehtml5pro.exe,x86,plain,21289,1,
root_aitstatic.exe.txt,good_train,good_train,0,root,e325fb07b8a5855a1305819ea571926f02687bdf3caa26064ac0360e612886f0,aitstatic.exe,x64,plain,35371,1,
root_alg.exe.txt,good_train,good_train,0,root,0eefd2619d77d7bafed95197e0c0ef30147acaddcd81eb2761ee9893fd55f91b,alg.exe,x64,plain,17960,1,
root_appidcertstorecheck.exe.txt,good_train,good_train,0,root,f00ea11118b39d06a3d361e851b6d13b29a3fc0c787ab763e9c351f718cb90bb,appidcertstorecheck.exe,x64,plain,2185,1,
root_appidpolicyconverter.exe.txt,good_train,good_train,0,root,139e1b46169664e8530ab0098037858c205e26b7b2021f8a3609091cc07a4bf0,appidpolicyconverter.exe,x64,plain,28477,1,
root_appidtel.exe.txt,good_train,good_train,0,root,6f6067fe2d9ff65bccd9fb974c57e6efe707756cbb672e839d01486b116985c2,appidtel.exe,x86,plain,5591,1,
root_aspnet_regiis.exe.txt,good_train,good_train,0,root,4606cded75e04ce0ff8e80e53d8843743291a570b248f3b13f709c89800dc740,aspnet_regiis.exe,x86,plain,5229,1,
root_aspnet_state.exe.txt,good_train,good_train,0,root,858c89edd8cdbe97311e1d55a0aed85240b4372f7701282d8fa5c77cd8135cfd,aspnet_state.exe,x86,plain,8272,1,
root_aspnet_wp.exe.txt,good_train,good_train,0,root,f3a6aa97dc5bbd6b0ff5bc1f1b04aa69d651397cb680c9f71248c2769044ec7f,aspnet_wp.exe,x86,plain,8031,1,
root_at.exe.txt,good_train,good_train,0,root,26dda3026e983ca98575339a0c8ffb5700dd9fb03693e92d5f192489b3f44067,at.exe,x86,plain,5076,1,
root_attrib.exe.txt,good_train,good_train,0,root,b0fa083d8276ede756d9e525b18eebc9067357747228f0d965d452fa194e0c47,attrib.exe,x86,plain,3077,1,
root_audit.exe.txt,good_train,good_train,0,root,1b17921adc27fd0d29f5f1f02a333596fc25cca27e2ae010f7b42fd8ac9ea80e,audit.exe,x64,plain,12147,1,
root_auditpol.exe.txt,good_train,good_train,0,root,b01b1fad43094c5b336f8ed8818013db66d2a71141ee5c3602b951a7bf78b989,auditpol.exe,x86,plain,6494,1,
root_autochk.exe.txt,good_train,good_train,0,root,ab28506b58ec7c62d5bfad4bb6ef754b490a28abef3d51c1c8e877468fb283ca,autochk.exe,x86,plain,183170,1,
root_autoconv.exe.txt,good_train,good_train,0,root,3da90503c57c57c198904eab618ab5ed4942e8fa225643f4705328cdf4c69ec4,autoconv.exe,x86,plain,176910,1,
root_autofmt.exe.txt,good_train,good_train,0,root,4591abc010c00a0c9ad881627e2a2748a15d0f768906ae574244dd8e7106bf94,autofmt.exe,x86,plain,170149,1,
root_baaupdate.exe.txt,good_train,good_train,0,root,9cf66eaf1b13f74cf0770f1b7cdb557889dda61eab13ce5ed2b7c324a711f16a,baaupdate.exe,x64,plain,3717,1,
root_backgroundTaskHost.exe.txt,good_train,good_train,0,root,1b170e9624d0c6a699f6fed4f612802b3d82c21b6c27f9b41296c1f814a0f668,backgroundTaskHost.exe,x86,plain,1259,1,
root_bcdboot.exe.txt,good_train,good_train,0,root,2b7a6693be12f9df7a56f5467911927438ebc0c06f979195536c942cbe6c2cce,bcdboot.exe,x64,plain,37701,1,
root_bcdedit.exe.txt,good_train,good_train,0,root,f277312a50141009f69bcbffbc449c2d2b5f4169a87bb5195836e6114916a968,bcdedit.exe,x64,plain,53825,1,
root_bdechangepin.exe.txt,good_train,good_train,0,root,85b07eef4f715d18c45714ba17b6d3e10efdb676b46881c814c7b0c76578c759,bdechangepin.exe,x64,plain,10071,1,
root_bdeunlock.exe.txt,good_train,good_train,0,root,939d06cab2527efcdc3ab98fc450452552ac99c45a312095aefcba6a2549d9da,bdeunlock.exe,x64,plain,39399,1,
root_bfsvc.exe.txt,good_train,good_train,0,root,d271499cc7039391130509e21f8e1ba7a9e8a49fef71528b94a0448224dfc186,bfsvc.exe,x64,plain,12780,1,
root_bitsadmin.exe.txt,good_train,good_train,0,root,4adc7b6e2e43726eff05bb3ff3df554f8427ab093ef3efed6a425769bd52f158,bitsadmin.exe,x86,plain,60605,1,
root_bootcfg.exe.txt,good_train,good_train,0,root,a599e319bc738b22ef91aa1a0770b823cf7affe2cefb09e46421f614066c5d54,bootcfg.exe,x86,plain,21114,1,
root_bootim.exe.txt,good_train,good_train,0,root,e233391af22be0e39d8d2e3faeece9d424031ce97dfa9ae3a7a453f2e6f5c5cb,bootim.exe,x64,plain,3975,1,
root_bootsect.exe.txt,good_train,good_train,0,root,1b81d1cd1b8a5200cc656f59f98a6062daa6d678aac6dcbbf48787cbc1d5ceb8,bootsect.exe,x64,plain,7961,1,
root_bridgeunattend.exe.txt,good_train,good_train,0,root,7f7fae31cf7b8b04112f746c27b51bb37f3dccef08e5459ab65cbe0f44a146b5,bridgeunattend.exe,x64,plain,2954,1,
root_browser_broker.exe.txt,good_train,good_train,0,root,609a3a73a983a1c47511282d31d9fcfe7909950944ac5324344596215cd778aa,browser_broker.exe,x64,plain,5601,1,
root_browserexport.exe.txt,good_train,good_train,0,root,c1f0e89faa6595649c786bf3012d8e6ba45bbf319e587ab9bbdd94bea87228ef,browserexport.exe,x64,plain,27626,1,
root_bthudtask.exe.txt,good_train,good_train,0,root,e7abfe2896f3a3f7c71797535e2016aa24f1363482c1eb799a51e5b0444b8082,bthudtask.exe,x86,plain,1842,1,
root_cacls.exe.txt,good_train,good_train,0,root,bc42118aaa1877eeff34b9a93dca8b94ed50109fb6436ae22e27d8e3b2bca78f,cacls.exe,x86,plain,6716,1,
root_calc.exe.txt,good_train,good_train,0,root,381a38d6e7a146b99e2be866b9e95ffe31f0dcfcec62272c7c0d6b7114c9227f,calc.exe,x86,plain,1450,1,
root_canon_l11121e_Driver_for_Windows_64_bit.exe.txt,good_train,good_train,0,root,953571b89810ba5644a79e42b9cf9aa38e0ac12f7d183b64d588f6c281341096,canon_l11121e_Driver_for_Windows_64_bit.exe,x86,plain,52785,1,
root_canon_lbp2900b_driver_for_windows_32_bit.exe.txt,good_train,good_train,0,root,5892a60a785558b902f1249bcb6dfd34100335caa95a0a89a54437e5440cc5dd,canon_lbp2900b_driver_for_windows_32_bit.exe,x86,plain,52785,1,
root_certreq.exe.txt,good_train,good_train,0,root,d973513e4c048829ea1281a7c57a4c352a366b5b8fc9e39f177781af68e36396,certreq.exe,x86,plain,138838,1,
root_certutil.exe.txt,good_train,good_train,0,root,555a8b4b7c5e9614e3ef7af2fafc6181aa98ad9d10ebfd845d82f33efeb7e1c7,certutil.exe,x86,plain,409767,1,
root_change.exe.txt,good_train,good_train,0,root,17cac86c16cf40741b5e0fd87ff02830694e1da2715f75e18231867b79e6df45,change.exe,x64,plain,2095,1,
root_changepk.exe.txt,good_train,good_train,0,root,0d07ec1eb0ff9dcabe175c93e5f354484ff2ba1ff5acce13ed3872a31e7fe22a,changepk.exe,x64,plain,5943,1,
root_charmap.exe.txt,good_train,good_train,0,root,e3f7f0cc0cb19faa1549b6648e16846e4d981f14e6b2b731c15b2e57d9d791c4,charmap.exe,x86,plain,21846,1,
root_chesstitans.exe.txt,good_train,good_train,0,root,a22ab3ede6914729ed60c690b0aa2e8012c012a235067ca7851b04311933b4c1,chesstitans.exe,x86,plain,15434,1,
root_chglogon.exe.txt,good_train,good_train,0,root,c91f6b286b59ae125bc039512ff9801354c10e74dca9cd803067d2cd1441592f,chglogon.exe,x64,plain,3367,1,
root_chgport.exe.txt,good_train,good_train,0,root,92e224a1e945b43143d74d1396b391c0fe9e123fd075c8ff368a7800b1fcd985,chgport.exe,x64,plain,3933,1,
root_chgusr.exe.txt,good_train,good_train,0,root,4da3797b3aab0bdc53a2b923c43a84e16269c4683a556fae0f491b827baee1c8,chgusr.exe,x64,plain,3231,1,
root_chkdsk.exe.txt,good_train,good_train,0,root,0883578668bf5aa07ba2c4cfd8b0ccfccdd048b8e741e5b3de0c03ac84a09d2e,chkdsk.exe,x86,plain,3552,1,
root_chkntfs.exe.txt,good_train,good_train,0,root,7f2c546ab66aa9aed47eead71170bda9db6d5ecd6cfdc0ce0a7bc80b92d157e8,chkntfs.exe,x86,plain,3036,1,
root_choice.exe.txt,good_train,good_train,0,root,58900c00ba169518386d4f114a91edef83c2cc1040cc1a0210449f86b1104453,choice.exe,x86,plain,7155,1,
root_cipher.exe.txt,good_train,good_train,0,root,bffe1b9f0b4139c5fcbf318149e54b71dd53daecf34d8e1f281549a02de1f332,cipher.exe,x86,plain,10173,1,
root_cleanmgr.exe.txt,good_train,good_train,0,root,5502bc3dd8f997bee50dbc9a3445c3b0e6407e916503589e3fda06a8759c0de3,cleanmgr.exe,x86,plain,12136,1,
root_cliconfg.exe.txt,good_train,good_train,0,root,656671d3874b77aabdfb3d1cc3b32703da33dbe9e7711d645c4cc9c46e03c5d6,cliconfg.exe,x86,plain,1531,1,
root_clip.exe.txt,good_train,good_train,0,root,32f91b0ce7278e96f19b134722ab5260990d59d1b3381116bc5078b860ae57a8,clip.exe,x86,plain,6247,1,
root_cmdkey.exe.txt,good_train,good_train,0,root,ea468ef7815f4e628c295bd05ed247dcd942cd71afa991b9ec4b94d963110aa4,cmdkey.exe,x86,plain,2990,1,
root_cmdl32.exe.txt,good_train,good_train,0,root,5f067f86ad0f88a629263162810bf5052f5ebbd97d5d0de936311bb44c9f35e7,cmdl32.exe,x86,plain,11905,1,
root_cmmon32.exe.txt,good_train,good_train,0,root,5fe9d729c8d187aaa44fe5396c5e0301a2c8d2d6a2f33e9c9814dae97dd49071,cmmon32.exe,x86,plain,9646,1,
root_cmstp.exe.txt,good_train,good_train,0,root,e3ea8b0b905f0cb4b355c0650672962a18212420aa75732b689439fbd956b208,cmstp.exe,x86,plain,23159,1,
root_cofire.exe.txt,good_train,good_train,0,root,a99acdfc69c9a7c3e027a9bec724d3c366d3fc52429bf6e2c1ffc8156beb7d75,cofire.exe,x64,plain,3076,1,
root_colorcpl.exe.txt,good_train,good_train,0,root,4fecea309763cba5109b644c4db5da4e17cb69e0772aabd00716aada14ef9b2f,colorcpl.exe,x86,plain,1177,1,
root_comp.exe.txt,good_train,good_train,0,root,255ae38c59bcdc3ae0c706bee5eb333041f3b52de15bbf2a4b1e4c1723f33864,comp.exe,x86,plain,4050,1,
root_compact.exe.txt,good_train,good_train,0,root,0a16863f1b9de9f5b4b50ea4414eca88a4f0894c7c2bdfff0bd0d98f7f60ebd0,compact.exe,x86,plain,10838,1,
root_comrepl.exe.txt,good_train,good_train,0,root,f7abcb1234f29423664862b279b57d1d160ae50c749c3fb6dea786e8ec8bc7ce,comrepl.exe,x86,plain,2665,1,
root_conadvpass.exe.txt,good_train,good_train,0,root,8f276b011a160b71cb04a4a6b2e2436c0988efab8c7dcd63fa5f317a4f97fca6,conadvpass.exe,x86,plain,193,1,
root_consent.exe.txt,good_train,good_train,0,root,6df9bbee22b10f164b6087f005bc0f7c8dc648ad68b80e62c48e1c0d18531a54,consent.exe,x64,plain,18440,1,
root_control.exe.txt,good_train,good_train,0,root,cf19eaff8ae1d6a4ab70a2e2ce996f49d3afdc193ee8f69aef881e5727bc8f38,control.exe,x86,plain,3309,1,
root_convert.exe.txt,good_train,good_train,0,root,d280ff3983af2b77eeea7c5d1f021cccd254444c30f65700df097328b6e3ad2f,convert.exe,x86,plain,3256,1,
root_convertvhd.exe.txt,good_train,good_train,0,root,3dcd82b2b87f8b6deb6f88aa41692d4fbde2d887c3be177d62bdda8ab74eb917,convertvhd.exe,x64,plain,39956,1,
root_coredpussvr.exe.txt,good_train,good_train,0,root,fff9eb872eeeafc6399fa8f8bdecf047b15fcbd714e9a796025815f715f754e5,coredpussvr.exe,x64,plain,15590,1,
root_cports.exe.txt,good_train,good_train,0,root,f1bd97c1a4b20a4097688f2485b523def4848e3e1f58621c94d88fc74521c003,cports.exe,x64,plain,34995,1,
root_credwiz.exe.txt,good_train,good_train,0,root,c3bf35b99f90d420b879f5f7bbea8b39ad265865ee7538a72fd147f8a900f1c7,credwiz.exe,x86,plain,5815,1,
root_csrss.exe.txt,good_train,good_train,0,root,fb40ed0ffa6bc795923a941dab6b7d6b43583d0f152a6df4d8953d2c1a0cb417,csrss.exe,x64,plain,573,1,
root_ctfmon.exe.txt,good_train,good_train,0,root,81ca60464f7e079a3f3411968cfea5eade8085a5b96ef46621e07319dc404f1e,ctfmon.exe,x86,plain,1198,1,
root_cttune.exe.txt,good_train,good_train,0,root,4527102d9b5aa52ad008c99e5740fbe4307b19c1bceb1c6fd8606bc23aef344a,cttune.exe,x86,plain,20663,1,
root_cttunesvr.exe.txt,good_train,good_train,0,root,79210132e336dd6b885e3a74fb6b916a5bbdaa75fbe10108e8a6287c2f92459f,cttunesvr.exe,x86,plain,8393,1,
root_curl.exe.txt,good_train,good_train,0,root,f15fc7fb329dde9cf492cd6172c58a4805013b0631fac394840144f5151bbbbe,curl.exe,x86,plain,93656,1,
root_cvtres.exe.txt,good_train,good_train,0,root,e24570abd130832732d0dd3ec4efb6e3e1835064513c8b8a2b1ae0d530b04534,cvtres.exe,x86,plain,5766,1,
root_dasHost.exe.txt,good_train,good_train,0,root,7f2f046ad83e7ac41f4a5f9319ab3564bac0c91f36c042d08be2b298bf3f8292,dasHost.exe,x64,plain,16686,1,
root_dccw.exe.txt,good_train,good_train,0,root,94c5c38ad8252b9481330d500185d57b0a8a40c319a4df5f35912bbb2b791cda,dccw.exe,x86,plain,23778,1,
root_dcomcnfg.exe.txt,good_train,good_train,0,root,a122af3090368a1c1aec1b56f66858aef6979367a512e01a6e4f6f56a7204926,dcomcnfg.exe,x86,plain,1397,1,
root_ddodiag.exe.txt,good_train,good_train,0,root,b8e52abd573af6b8773a567425a5fa667be939e3bc1e522b0db388a4f0fa2b5d,ddodiag.exe,x86,plain,8842,1,
root_desktopimgdownldr.exe.txt,good_train,good_train,0,root,faa6319583c55f4b911365e6a1f51a47eb8b8e390f9ce45ad690ffd9e81e0841,desktopimgdownldr.exe,x64,plain,15343,1,
root_desktoptwitter.exe.txt,good_train,good_train,0,root,0b9aa3e563b8af8d51b2f79081ca210bece60355fdbaae20497eb8b899af7826,desktoptwitter.exe,x86,plain,7455,1,
root_dfgPortable_2.22.33_Update_1_online.paf.exe.txt,good_train,good_train,0,root,2026d94d25d0cd10d7d43bf60b91f45f8b728af2afab195f2d3d5456390c53f6,dfgPortable_2.22.33_Update_1_online.paf.exe,x86,plain,8427,1,
root_dfrgui.exe.txt,good_train,good_train,0,root,bf1f2f2c58d4e1772596d6b76db2b08d379b58063a9945ca92903657360df98b,dfrgui.exe,x86,plain,26306,1,
root_dialer.exe.txt,good_train,good_train,0,root,366857de6e835ca6a12e33503f6726a2e8528e7f1f9ac74435e2a6bd3c3ed481,dialer.exe,x86,plain,6461,1,
root_diskpart.exe.txt,good_train,good_train,0,root,24f001784d68cc80e944422807c052c0d2e9e51c75c3cd578da610576208abaa,diskpart.exe,x86,plain,43335,1,
root_diskperf.exe.txt,good_train,good_train,0,root,1839a4aad437b18b30e9fe880edbda89eea9b76dd0725dad2c99029ceb4e64bc,diskperf.exe,x86,plain,4454,1,
root_diskraid.exe.txt,good_train,good_train,0,root,7d4c3d063e8da3250b94a3c81edad89ed3ac218228ea177c3576590a42d027b6,diskraid.exe,x64,plain,69556,1,
root_dispdiag.exe.txt,good_train,good_train,0,root,0b5e810c20fc5e8906aa993bb09ea021982c95a8244c2d56518ea16d22f16362,dispdiag.exe,x64,plain,20281,1,
root_djoin.exe.txt,good_train,good_train,0,root,a7b6ac2649e6398cec55a349929fe1de8da137b9f77ecd7d9036f4bacb29bb59,djoin.exe,x64,plain,7232,1,
root_dllexp.exe.txt,good_train,good_train,0,root,721c14e332532b2f2abe1dcb8954c96d882525837b8468da9da26710292928fd,dllexp.exe,x64,plain,17080,1,
root_dllhost.exe.txt,good_train,good_train,0,root,f95b7ba752c6452da9d83f84ca7307ae079d220718bcb2babf145903bac894dd,dllhost.exe,x86,plain,1799,1,
root_dllhst3g.exe.txt,good_train,good_train,0,root,f814061ad1ff183b6a8ac3df9a8377e042f527c9a15d276ccc0493fb47aa8962,dllhst3g.exe,x86,plain,1800,1,
root_dmcertinst.exe.txt,good_train,good_train,0,root,41b3f0af54f2351288992247826d96727bdb95f3467f5dd02d27dfd562f7767f,dmcertinst.exe,x64,plain,31600,1,
root_dmcfghost.exe.txt,good_train,good_train,0,root,b9b24776156d0448ec1ea55019ae85f2e17a2d0d133d1a7d1a86d82561073da5,dmcfghost.exe,x64,plain,4107,1,
root_dmclient.exe.txt,good_train,good_train,0,root,42fb09a1dbd94565f6956464202515599d1b7251ce6f4d6a5c4f1a3295264cba,dmclient.exe,x64,plain,19278,1,
root_dnscacheugc.exe.txt,good_train,good_train,0,root,5131ab09ac9f309607a8d7dae578aedbfb5931c8a419187abac231350db38cfd,dnscacheugc.exe,x64,plain,4574,1,
root_doskey.exe.txt,good_train,good_train,0,root,59f8910653ef69dccd0e1c4ef13fd13e5162afd8eae96d8dd75f73a7f0a4d442,doskey.exe,x86,plain,2614,1,
root_dotNETInspectorPortable_1.5.0_English.paf.exe.txt,good_train,good_train,0,root,608beb64be5bebe6d576f6ef2d0493a6f73ef85f75ff121b05c38eb7028e118c,dotNETInspectorPortable_1.5.0_English.paf.exe,x86,plain,9256,1,
root_dpapimig.exe.txt,good_train,good_train,0,root,e9f1f2c4fbca349cba6d1f3039ff6ad9375a702101a9d69d602e263323bc15fe,dpapimig.exe,x86,plain,3236,1,
root_dplaysvr.exe.txt,good_train,good_train,0,root,991aab6b229a376b02b64d95f5dac5059c33aa8cc914a640201a95d556b21399,dplaysvr.exe,x86,plain,1302,1,
root_dpnsvr.exe.txt,good_train,good_train,0,root,991aab6b229a376b02b64d95f5dac5059c33aa8cc914a640201a95d556b21399,dpnsvr.exe,,dup,,0,tag:dup
root_driverquery.exe.txt,good_train,good_train,0,root,54bd0e8075f63285c1408516913abd9913ba058a80a43e345ad42b34f36f6c12,driverquery.exe,x86,plain,17775,1,
root_drvcfg.exe.txt,good_train,good_train,0,root,20475a39e2c44fee59e1c7d68d99866dc65ca45740b5212db9e83da2b7d1f575,drvcfg.exe,x64,plain,13928,1,
root_drvinst.exe.txt,good_train,good_train,0,root,f8cbfef5d24ce0f99ff88007e816ca29d421aaf06f81a3cc56d35e563eb1c2fb,drvinst.exe,x64,plain,31724,1,
root_dstokenclean.exe.txt,good_train,good_train,0,root,066aeb24ec4007483edb2ac0893236069f463e598fc18ff5646b28d067a74f58,dstokenclean.exe,x64,plain,1399,1,
root_dtdump.exe.txt,good_train,good_train,0,root,4dc2df0dec806d4aff3be1487fe3f049e4346f55c9191bf770cc8cf86beaf181,dtdump.exe,x86,plain,22527,1,
root_dusmtask.exe.txt,good_train,good_train,0,root,6e64aa0e02e0ea6acd0f2aa7970fab24dc30e14c6c64f936cd2075f99e715d46,dusmtask.exe,x64,plain,6965,1,
root_dvdplay.exe.txt,good_train,good_train,0,root,28695005c5b4780b5258367964580af6568ac187d0e8726eb1c70370ad042cb8,dvdplay.exe,x86,plain,1387,1,
root_dwm.exe.txt,good_train,good_train,0,root,43dc58af302374f77c3faeac2fb446b1d813712d2650d9618e8d80e312f2e6fd,dwm.exe,x64,plain,6533,1,
root_dxdiag.exe.txt,good_train,good_train,0,root,ee52a12396236ca1f2bd97fed17a0feab53367482e3826811ad9377b35fc9318,dxdiag.exe,x86,plain,87099,1,
root_dxgiadaptercache.exe.txt,good_train,good_train,0,root,ba598efd9d9c4449deac83f78cec893aa127f31767902d6dd69a157b65450240,dxgiadaptercache.exe,x64,plain,9315,1,
root_easinvoker.exe.txt,good_train,good_train,0,root,d6c7259046e76e147e2d0f40329e0605287c80a51e6417babcd4b5d9998949ce,easinvoker.exe,x64,plain,10032,1,
root_edpnotify.exe.txt,good_train,good_train,0,root,7ce0d1716206ea262eac237edfad7c98cc0c73ecaddb5f0c307330190a44c5b1,edpnotify.exe,x86,plain,13942,1,
root_efsui.exe.txt,good_train,good_train,0,root,7f9304a0b0492f3e18c46ea4d17ee1323b9ab27ee584ff4f25487f1d04820a6e,efsui.exe,x86,plain,2138,1,
root_esentutl.exe.txt,good_train,good_train,0,root,685ad8a16cacb7109bb05bf91bcc3ad7edcedd96ea00e52136a01dd05ff4640e,esentutl.exe,x86,plain,100884,1,
root_eudcedit.exe.txt,good_train,good_train,0,root,4541091e0f28f0fe29a1c3ed9086922f0fca4910ac3bd4178064b3cb8097ad20,eudcedit.exe,x86,plain,61672,1,
root_eventcreate.exe.txt,good_train,good_train,0,root,cf7f814331696e120864d5d8227ee5abc3ba8b2e46d7e7df20dc317dfa1d1434,eventcreate.exe,x86,plain,8518,1,
root_eventvwr.exe.txt,good_train,good_train,0,root,963e6a79b77518fa2d4e45604764a5065eb4563f7af7d1526dad76aed49cd96e,eventvwr.exe,x86,plain,2866,1,
root_expand.exe.txt,good_train,good_train,0,root,f8603f7e5e3158e5e381854e1036781269c56a7671555628ab20c1102640ac3f,expand.exe,x86,plain,14086,1,
root_extrac32.exe.txt,good_train,good_train,0,root,2e2cafd7954a9fb3fd321194bd3bb691cecee01189a51e821ed1b40dce929007,extrac32.exe,x86,plain,7385,1,
root_faview.exe.txt,good_train,good_train,0,root,2fac5f116eac447be41d986ab866847ed1583b6df12f8e2c8f1177b424d28a0c,faview.exe,x86,plain,14784,1,
root_fc.exe.txt,good_train,good_train,0,root,f22b3505d734e3733b39072664262ea84f8ef7faa09cb3a4c1d589785d115ec1,fc.exe,x86,plain,4028,1,
root_fg761p.exe.txt,good_train,good_train,0,root,68a36b260dd6e715ca9e7f8e6bf847ae29a5650538cf11bf2cb5b31acdd4d790,fg761p.exe,x86,packed_other,1846672,0,tag:packed_other
root_fhmanagew.exe.txt,good_train,good_train,0,root,6ce1e6f41ff63b5d5b663447633da00bf87bbac5125e689ea3babefc8f981cc6,fhmanagew.exe,x64,plain,5445,1,
root_find.exe.txt,good_train,good_train,0,root,6a42c41b345f3f8a22e5f3658b4673abae612242acf12042ec5de4dee57a98d8,find.exe,x86,plain,2223,1,
root_findstr.exe.txt,good_train,good_train,0,root,6212e4eb194109c71815ace1ed8d56139dda04be2f6e1bb01eac9315c6fb5abf,findstr.exe,x86,plain,6533,1,
root_finger.exe.txt,good_train,good_train,0,root,621f2cc798234a31b17b90cfc91b6e6f9a3a249e37ea9c235ab83e39fa4c7e63,finger.exe,x86,plain,2067,1,
root_fixmapi.exe.txt,good_train,good_train,0,root,9abf9dc2cd723d9c8bc68d16bc8c175c4f5445e18c0b7b5628329c750c4dfc73,fixmapi.exe,x86,plain,3600,1,
root_fltMC.exe.txt,good_train,good_train,0,root,7c0b13d17fab5ea169b9c637c604b71503f86728c03d27c1ab81a18f8caae391,fltMC.exe,x86,plain,5191,1,
root_fodhelper.exe.txt,good_train,good_train,0,root,b1223b86d03c3583b84e46a9a6ad009d770fc4114640402ede19793167593a8f,fodhelper.exe,x64,plain,9903,1,
root_fontview.exe.txt,good_train,good_train,0,root,1641406fea81f03972e0f9fbe72f335032628ff6b17a9cd28a56dc5bc2983c40,fontview.exe,x86,plain,7651,1,
root_forfiles.exe.txt,good_train,good_train,0,root,ff892cc591bed1b9ba539aeabd86e9d19387d4378f050676553f21e340df68ef,forfiles.exe,x86,plain,10662,1,
root_freegate-38819-1.exe.txt,good_train,good_train,0,root,50dab54d94e8312b9a71b57329247cdf46696c1e6a2831242439271eec4f2da6,freegate-38819-1.exe,x86,packed_other,1087791,0,tag:packed_other
root_fsavailux.exe.txt,good_train,good_train,0,root,4bcd912b99b7ddfc456cc45aafe81d8f14598d02816851f9af195e875607b797,fsavailux.exe,x64,plain,1708,1,
root_fsquirt.exe.txt,good_train,good_train,0,root,e1491b1f6921849fcde3bc4b5cbb5d07890a997ed18f0051abba3407b8c0f39b,fsquirt.exe,x86,plain,18412,1,
root_fsutil.exe.txt,good_train,good_train,0,root,df73a20b0036611e2e2fcb63f620d5945532d7634a1913457b2f242158eae6e0,fsutil.exe,x86,plain,41967,1,
root_ftp.exe.txt,good_train,good_train,0,root,be279f10d7ff4c18d69724ef0eb04c91d8a34aac0db610e638b000991dfb8b02,ftp.exe,x86,plain,12216,1,
root_fvenotify.exe.txt,good_train,good_train,0,root,f0cddba84ac1da81b4f340b7b14193ff85e80b6444febe5f7686de6061ed7c67,fvenotify.exe,x64,plain,15985,1,
root_fveprompt.exe.txt,good_train,good_train,0,root,4156d60544639cc6b06e229372d61f50b6bef46121040e5bfd31639d9c3aa14b,fveprompt.exe,x64,plain,13780,1,
root_getmac.exe.txt,good_train,good_train,0,root,35e08ae5ae1d826c5fc8e41cfa5cfd30a0463975059bd4e8ff710a94f7d9f31a,getmac.exe,x86,plain,18016,1,
root_gpresult.exe.txt,good_train,good_train,0,root,3286f3271943104e023e36323f0abbb114c2c59e3a95d64951b1aafe964272a0,gpresult.exe,x86,plain,55948,1,
root_gpscript.exe.txt,good_train,good_train,0,root,4d6b2e5242862760cb9d4b848df760cd3a5a011dd59a5c633ec966d32d1d6ea2,gpscript.exe,x86,plain,9635,1,
root_gpupdate.exe.txt,good_train,good_train,0,root,6978a7d518e8b096070b854cb79176c6fcf18a7747f6d7efdc90e62aeb2d290c,gpupdate.exe,x86,plain,6173,1,
root_grepWinPortable_2.0.10.paf.exe.txt,good_train,good_train,0,root,52c9f0dfb5d018119e6b63bb809cd524f07715e342dd7d3c66452231e81d8f99,grepWinPortable_2.0.10.paf.exe,x86,plain,8567,1,
root_grpconv.exe.txt,good_train,good_train,0,root,542c4b92d2fa26e0c26771a3624440df3ef09ccd2eaf1a2873486ce461f9dc30,grpconv.exe,x86,plain,10149,1,
root_hdwwiz.exe.txt,good_train,good_train,0,root,79cccf88dd152c2ab8be92bc8b835cda56728d381be3617042620b0a5cd9308b,hdwwiz.exe,x86,plain,2921,1,
root_help.exe.txt,good_train,good_train,0,root,09948762942fc066eb07c479fa49b63f3cff299af2ee8256904ba9b098ec50df,help.exe,x86,plain,1584,1,
root_hh.exe.txt,good_train,good_train,0,root,8ab2f9a4ca87575f03f554aeed6c5e0d7692fa9b5d420008a1521f7f7bd2d0a5,hh.exe,x64,plain,1330,1,
root_hvsievaluator.exe.txt,good_train,good_train,0,root,1a53dc6b9353e49aa29ba328dcb2451e006029c8e6ed7c5e48b2ef5744a3a4c2,hvsievaluator.exe,x64,plain,23639,1,
root_icacls.exe.txt,good_train,good_train,0,root,ace546697cc29946f459eecc3b0c3035530aa603880b811c7d1b0156ad7eb692,icacls.exe,x86,plain,7026,1,
root_iconsext.exe.txt,good_train,good_train,0,root,8bf56a77361dec5b48a38c938271e0411913dda6b059a61137d0c888490e0332,iconsext.exe,x86,plain,10274,1,
root_icsunattend.exe.txt,good_train,good_train,0,root,b10cb64a755f67c25d42a5716d9c89094c799dd736d0a4e0639574b1ed5e7096,icsunattend.exe,x86,plain,3247,1,
root_ie4uinit.exe.txt,good_train,good_train,0,root,a59282984c23991a66cbbd6f654b979180a2e24a73b7be0929f6494180a4feb8,ie4uinit.exe,x64,plain,44137,1,
root_ie4ushowIE.exe.txt,good_train,good_train,0,root,a7f4bcc5958b493e4022e1424100e6a7da2a6eb3345818dc0b41cdc1c7bd86fc,ie4ushowIE.exe,x64,plain,13429,1,
root_ieUnatt.exe.txt,good_train,good_train,0,root,ba468fac470fd88e72a7253189bf3673079d1e31bb1f7725516f9fa757047a7a,ieUnatt.exe,x86,plain,42342,1,
root_iecv.exe.txt,good_train,good_train,0,root,eab0f1fa1c025867dff4facc726c3e6bded9b7b04954f10eaf9c441f6f382911,iecv.exe,x86,plain,15281,1,
root_iediagcmd.exe.txt,good_train,good_train,0,root,26559360652b06d5a375f06e0dddedb92d8c611cc646af39c68f7a7174792d86,iediagcmd.exe,x64,dotnet,,0,tag:dotnet
root_iehv.exe.txt,good_train,good_train,0,root,0cbccbdea62087e9a6e75b0e464cee09af59d8e5e348173e201baad667957f27,iehv.exe,x86,plain,14923,1,
root_ieinstal.exe.txt,good_train,good_train,0,root,a57b027f6619281b920503c26a30fa3daefc874be3fc31257f63106f7a434643,ieinstal.exe,x64,plain,16615,1,
root_ielowutil.exe.txt,good_train,good_train,0,root,a52b302aaa40a678bc61653f1271debda2d6b1cec6cc13972120d63a25d0cb12,ielowutil.exe,x64,plain,2265,1,
root_iepv.exe.txt,good_train,good_train,0,root,70aaf2b367b97fa35d599a6db4d08875206ef18c99d8c8c5b5f25e4f5509931a,iepv.exe,x86,plain,23988,1,
root_iexplore.exe.txt,good_train,good_train,0,root,faa971f17a142ebd5518e5b3c55af0f0c264adf43644d8ccf972440048620d07,iexplore.exe,x64,plain,5482,1,
root_iexpress.exe.txt,good_train,good_train,0,root,7e125b3af9e9bc1faf52c24e5e0a4e287d362ec07af491fa8d7f27609befbe43,iexpress.exe,x86,plain,17618,1,
root_ifreevpn.exe.txt,good_train,good_train,0,root,1e672a7cb8f5defb355143f971fb09738e46d186ef7dabdea75301bf6d9243b6,ifreevpn.exe,x86,plain,14254,1,
root_ilasm.exe.txt,good_train,good_train,0,root,440c61c7fbfb4808c339f6f15f49850a71458441e2f70e0024d6565e513b1416,ilasm.exe,x86,plain,91433,1,
root_imecfmui.exe.txt,good_train,good_train,0,root,b1d0dda4668eade6c0dfdc9daf4ce801175f0903fe15b97518673d05f6504cb5,imecfmui.exe,x86,plain,47101,1,
root_imjpuexc.exe.txt,good_train,good_train,0,root,334402abd21a9de3927d38651c7547f1859dadf5eb9d86e56cb6d0cb93947c8a,imjpuexc.exe,x86,plain,92732,1,
root_immersivetpmvscmgrsvr.exe.txt,good_train,good_train,0,root,0e930949fad2bcd206d0b1129f21defbb5eae4b21df5a7099e8b17814ea90f30,immersivetpmvscmgrsvr.exe,x64,plain,26558,1,
root_instnm.exe.txt,good_train,good_train,0,root,686ea820f3bdf8da8a6b73dbca069c846896c5885b0193d23af2ca9d5f1d6d9b,instnm.exe,x86,plain,1311,1,
root_iotstartup.exe.txt,good_train,good_train,0,root,258d2ca55d04630e525daf4fefa4304ad3acf890a12f0ad7ef9f7739ddc01112,iotstartup.exe,x64,plain,29592,1,
root_ipconfig.exe.txt,good_train,good_train,0,root,b0832dec07a4cb6228b7b392d6abafb79e9bf7327605ae3e86e1e617de7495a5,ipconfig.exe,x86,plain,6911,1,
root_ipnetinfo.exe.txt,good_train,good_train,0,root,1a62f305b020458191910d468638d79357bafac5f2d3939a7990f0f1cd0d66c9,ipnetinfo.exe,x86,plain,17423,1,
root_irftp.exe.txt,good_train,good_train,0,root,36a594f2f7fe6977cc05d75dd5d4eb19f538f608043562e20ca6d5eec7da1457,irftp.exe,x64,plain,23949,1,
root_iscsicli.exe.txt,good_train,good_train,0,root,5a9de5ab7fe13ce4841c14238ceadd4fb86521fcd75c351f605bca66d3f99b8f,iscsicli.exe,x86,plain,11511,1,
root_iscsicpl.exe.txt,good_train,good_train,0,root,f3a8986adb353e75fdfca44a0c1dc6796ddbfbdeb936f2482c5386f6f7a27df7,iscsicpl.exe,x86,plain,1494,1,
root_isoburn.exe.txt,good_train,good_train,0,root,1cca7028745528dd38ce2a385f5dad4ef6be6b4a5e2d31c760cf9f21a0510774,isoburn.exe,x86,plain,14936,1,
root_jPortableBrowserSwitch_1.0_English.paf.exe.txt,good_train,good_train,0,root,bd2cc4ed5309adbae88ef6e401b33ee922e088d9fbca95d4c9d1b2a440d5cd80,jPortableBrowserSwitch_1.0_English.paf.exe,x86,plain,9256,1,
root_java.exe.txt,good_train,good_train,0,root,aed0ca2c872fc5a99d48190872026e1ecfae466699359bb980912025622f4fae,java.exe,x86,plain,32887,1,
root_javaw.exe.txt,good_train,good_train,0,root,458e46e92b872430f68363a4061403a88f41fda8807f69418b54e83db199643b,javaw.exe,x86,plain,32898,1,
root_javaws.exe.txt,good_train,good_train,0,root,66bfd9498b55a6af8eca7c1def18f7d701a207742d43b36d4aac18a8f3da7ddc,javaws.exe,x86,plain,45050,1,
root_k4etna2us17.exe.txt,good_train,good_train,0,root,e2023f25c5da9c4fd73a061c8a94f576aa9a4c812e480c8b0b37f8e40b7a41cd,k4etna2us17.exe,x86,plain,63195,1,
root_kktt.exe.txt,good_train,good_train,0,root,dc3b8ad4e6c1c0db35dd29c2903235f2e1744550b85c62a05a122542ddf9b8a5,kktt.exe,x86,plain,14200,1,
root_klist.exe.txt,good_train,good_train,0,root,6ac1bb76543c10b5294aaf286132152757f90825efecb3c0066f5f2acc7aa1d7,klist.exe,x64,plain,5768,1,
root_ksetup.exe.txt,good_train,good_train,0,root,19373acc55f4daa9810341a2b164f0b7346a1e2ee5d18a6c75d20e7b0394fb08,ksetup.exe,x64,plain,5928,1,
root_ktmutil.exe.txt,good_train,good_train,0,root,a436c4ff2539b2a65f4787a0af777075a0e40ef019b78f7276273266f439873c,ktmutil.exe,x86,plain,2747,1,
root_label.exe.txt,good_train,good_train,0,root,332fa83bdc982ab5a509eff6fdac3161034bf55b32b7f7dc3c7551fe3a6a0cbc,label.exe,x86,plain,2216,1,
root_lantern-installer.exe.txt,good_train,good_train,0,root,fb047a422ce97d7b2f5fdf505a3f7ea64e78c987293ef079582049487bbd2506,lantern-installer.exe,x86,plain,7963,1,
root_licensingdiag.exe.txt,good_train,good_train,0,root,ad50d6f3f21a34d2fe251d5c3cc0e0f42170e2c70e45b7712bdbda0543b8bbf8,licensingdiag.exe,x64,plain,39602,1,
root_lodctr.exe.txt,good_train,good_train,0,root,914650f6dc5783422e107159e0b69a0917d43cd5016ecdc14f06577a11ff36f0,lodctr.exe,x86,plain,12551,1,
root_logagent.exe.txt,good_train,good_train,0,root,f100f9542a3d3b48868adfca2a5ca4c48960c66d5c0ea1b5d28f994a3b0d3739,logagent.exe,x86,plain,27160,1,
root_logman.exe.txt,good_train,good_train,0,root,f1d7464233146e55dedf17ed942521ef2274e51963d6e4441279d100278a53e6,logman.exe,x86,plain,25831,1,
root_logoff.exe.txt,good_train,good_train,0,root,a8801f55523961a7dc8b38cbf48fbc1e46ae8e993e09153a240ac8f996c3a46f,logoff.exe,x64,plain,3507,1,
root_lpkinstall.exe.txt,good_train,good_train,0,root,45b6520c82a66891989f40b5e36fa73e7465bba7115904e722dbe2f86f8ca7c2,lpkinstall.exe,x64,plain,6619,1,
root_lpksetup.exe.txt,good_train,good_train,0,root,c8b2f1ef4100d7e93cd6ce1766b502b347a86288f91368f4891bb8be8e338ad2,lpksetup.exe,x64,plain,140107,1,
root_lpremove.exe.txt,good_train,good_train,0,root,148b7b678fe8e74f8d92412b14eff11496d7b1ab7b8a548b327594f806df77af,lpremove.exe,x64,plain,10317,1,
root_lsass.exe.txt,good_train,good_train,0,root,bbc83e4759d4b82bad31e371ad679aa414c72273bf97cee5aed8337ed8a4d79f,lsass.exe,x64,plain,5174,1,
root_mailpv.exe.txt,good_train,good_train,0,root,5be325905df8aab7089ab2348d89343f55a2f88dadd75de8f382e8fa026451bd,mailpv.exe,x86,plain,165547,1,
root_makecab.exe.txt,good_train,good_train,0,root,6fe68e81da381f3bd1852e18d9223f73d453dd08a9c076b10c3852a1381d802e,makecab.exe,x86,plain,21295,1,
root_manage-bde.exe.txt,good_train,good_train,0,root,5be37eab49ceee5c5245fd7c002672b0540c8f27af74bb98e4cd109418b76150,manage-bde.exe,x64,plain,26779,1,
root_mavinject.exe.txt,good_train,good_train,0,root,1a4b1740610c61f1efe390ef5632b89566e35a381558bb609921d2606361b9be,mavinject.exe,x86,plain,45076,1,
root_mblctr.exe.txt,good_train,good_train,0,root,b77b21a524249000737112909827cefbbe582fd863dff54612050ae69cb5a80c,mblctr.exe,x64,plain,49334,1,
root_mcbuilder.exe.txt,good_train,good_train,0,root,e0588984db635c54b6606e31a982d5b84b38e81e12c55314d0e68dca004c4aeb,mcbuilder.exe,x86,plain,25676,1,
root_memreduct-3.3.5-setup.exe.txt,good_train,good_train,0,root,3555b6148f8bf9415c1b0db8b03c649b530670c7775631d6f26fda5eee547f24,memreduct-3.3.5-setup.exe,x86,plain,8398,1,
root_memtest.exe.txt,good_train,good_train,0,root,9db90b902e53c4b16f467417074245c99c1289c83036c3695e6122f037a9d373,memtest.exe,x86,plain,293718,1,
root_mfpmp.exe.txt,good_train,good_train,0,root,40ae510ae126fe5775904851384ec91d53d5f97232abb7fa723d19767bc88aa6,mfpmp.exe,x86,plain,6790,1,
root_mighost.exe.txt,good_train,good_train,0,root,03dc58aa00e5773631c70e11766fad0b2e244798adf706e0967f54ab05570c1d,mighost.exe,x64,plain,6231,1,
root_mip.exe.txt,good_train,good_train,0,root,ad3fa4a386f66287949064bb551e938c9fd35b15a127f7a6bdac44e244cabb38,mip.exe,x64,plain,271508,1,
root_mmc.exe.txt,good_train,good_train,0,root,36783db622a69e5f98aeb9a11f3c03239b1a6a720f80d49b8e2d17bd8aa73a30,mmc.exe,x86,plain,360849,1,
root_mmgaserver.exe.txt,good_train,good_train,0,root,b8375160593c224f2cacdd8d3c97a5b320ac0a9ec6e75cfcb2d2fb76605f4a1f,mmgaserver.exe,x86,plain,335229,1,
root_mobsync.exe.txt,good_train,good_train,0,root,a584b2dd163daabdc51f9e41ab3ef154b3e880d17c06dc3fdafd62fc6e266c4f,mobsync.exe,x86,plain,5774,1,
root_mofcomp.exe.txt,good_train,good_train,0,root,6b74bb2bfe0cda5617eac3a3eefccc9554186b098dc70da573b153af36525569,mofcomp.exe,x86,plain,3931,1,
root_mountvol.exe.txt,good_train,good_train,0,root,3408b443926447c03a7575c563163b8e9adf54aae9f4fad959a4a61d588fa234,mountvol.exe,x86,plain,2660,1,
root_mpnotify.exe.txt,good_train,good_train,0,root,11aeedeadef669487f4445116f617924ec4355d33eff895509f4a46eec8ef217,mpnotify.exe,x64,plain,2192,1,
root_msconfig.exe.txt,good_train,good_train,0,root,2782a7f6336daf4cc25a88995456678f02afe0f01c86d24ef75cf54996710a75,msconfig.exe,x64,plain,19718,1,
root_mscorsvw.exe.txt,good_train,good_train,0,root,411e7e2d9703fa9d41622fe28dcbb775fbcdc67885a86cb7bf5f20a3f3b69961,mscorsvw.exe,x86,plain,29610,1,
root_msdt.exe.txt,good_train,good_train,0,root,1be8afd2962596807611e6a8836952d6bbdc24bde52a34905006ff78f1ad5d12,msdt.exe,x86,plain,106504,1,
root_msdtc.exe.txt,good_train,good_train,0,root,1eab4b9691e9efa1da02bdcb84035f65eda4b525e5aee925a6e1e4107f8e4f31,msdtc.exe,x64,plain,7526,1,
root_msfeedssync.exe.txt,good_train,good_train,0,root,ff2144014012a9bdeb2f2e1775ba18ea0810cfa2771cfdc9bc075a2e3716c219,msfeedssync.exe,x86,plain,2417,1,
root_msg.exe.txt,good_train,good_train,0,root,9dbca701e0a0f9cf7d98f5bc7a5e7d0c844f992ee4e2670f124f6344fa182e42,msg.exe,x64,plain,4261,1,
root_mshta.exe.txt,good_train,good_train,0,root,12c94c614fb752dc1f6797b5fb3ad67719e3c924facda35dc36792c8e5ac45fc,mshta.exe,x86,plain,1643,1,
root_msiexec.exe.txt,good_train,good_train,0,root,a338c5ed1adb02894b1fef51a8f885401c3d08e3368ad75d833d0b368a90cccd,msiexec.exe,x86,plain,20132,1,
root_msinfo32.exe.txt,good_train,good_train,0,root,9d9efb1655826bc2cc5f0767c2f461bbe6d8e743113eb6b396b5966740373dec,msinfo32.exe,x86,plain,52025,1,
root_msoobe.exe.txt,good_train,good_train,0,root,681ee181bc2908f47afb241247634ec222add04feeab8d1dbd8cd29ba0c0e768,msoobe.exe,x64,plain,41218,1,
root_msra.exe.txt,good_train,good_train,0,root,be1da17611b83eb23f7c86c444bb4aa6bec1526137a27e14dff869308cf0fc89,msra.exe,x86,plain,1237,1,
root_mstsc.exe.txt,good_train,good_train,0,root,2f7b8b98870523146a952c3e194992af4b550622a877176581e1230e5f24a677,mstsc.exe,x86,plain,396909,1,
root_mtppk12.exe.txt,good_train,good_train,0,root,2f07466f0653b10ef398867152b9efa760556d4ea5f28dccd3f17d7e4ef831d7,mtppk12.exe,x86,plain,14241,1,
root_mtstocom.exe.txt,good_train,good_train,0,root,a278eab3c60f800fe4155a69147fa6f491b3dc021b83599a035b9c77d29096b5,mtstocom.exe,x86,plain,34781,1,
root_mweather.exe.txt,good_train,good_train,0,root,950fca3c60fb1b5a33ff2735fba089ad22f9770a401dbfafd55a2b7c80064b23,mweather.exe,x86,plain,49674,1,
root_mzcv.exe.txt,good_train,good_train,0,root,bf673cc9f938248cf886901e0e6f206ca973dd5f43b3bcaf664b2da0fc103b6d,mzcv.exe,x64,plain,16068,1,
root_nbtstat.exe.txt,good_train,good_train,0,root,28c46c4ee53050720e06c4bb0d1f64aef651438e3a712398d488426355a330c7,nbtstat.exe,x64,plain,2963,1,
root_ndadmin.exe.txt,good_train,good_train,0,root,3bf9b0d64afb7250743bd8c5594d76f0de70373314ede370fdcdf83acf929758,ndadmin.exe,x86,plain,3143,1,
root_net.exe.txt,good_train,good_train,0,root,1fb73d95bd75dcc9734c2586e8d9c5eea74706786d6ad71523ffc8799817348f,net.exe,x86,plain,11313,1,
root_net1.exe.txt,good_train,good_train,0,root,383ecc5dbcdd98163c556ca6e4486c5dc6a35c3f1cff88dcf12da2cdaba80970,net1.exe,x86,plain,37355,1,
root_netbtugc.exe.txt,good_train,good_train,0,root,040377cd45a4e0540fc5c3d4850cb01072d6668750e1379392e884e500748b69,netbtugc.exe,x86,plain,5325,1,
root_netcfg.exe.txt,good_train,good_train,0,root,6820988b6804a05c7fc2f674961275861163395c2d73f6ad4a450f49282cc735,netcfg.exe,x64,plain,5731,1,
root_netiougc.exe.txt,good_train,good_train,0,root,08956005e9902380d46ff6506fbc3a93d0712ca57bfeeaed2cfae54c52987f4b,netiougc.exe,x86,plain,6137,1,
root_netpass.exe.txt,good_train,good_train,0,root,3bb8445c95142da1bda0e3440b53cc70e05a3fe996a77e6dcfb2919fd8878ca9,netpass.exe,x64,plain,29696,1,
root_netsh.exe.txt,good_train,good_train,0,root,c94d41b92d051c1d7f30fc60196958799b4acff3fa2a2cdf8ced9d0b8b42b583,netsh.exe,x86,plain,13649,1,
root_newdev.exe.txt,good_train,good_train,0,root,626117a7aabf84d6db68e5d670c72ef5d0d586b474ddf5b7eca85b046f97582e,newdev.exe,x86,plain,3269,1,
root_ngen.exe.txt,good_train,good_train,0,root,faceb6f5d1cdc5ad50a4a1b92c4cd3fcdabcf7e8d418014a1b1221c1defa3d8f,ngen.exe,x86,plain,39184,1,
root_nircmd.exe.txt,good_train,good_train,0,root,7160db2b7a6680480e64f0845512d203a575f807831faf9a652aaef0988f876c,nircmd.exe,x64,plain,20678,1,
root_nircmdc.exe.txt,good_train,good_train,0,root,3c8fca34b2568cfd9cf54809160468ee0e06c12e80f194519a3aea3b6ca166bd,nircmdc.exe,x64,plain,20447,1,
root_nltest.exe.txt,good_train,good_train,0,root,341df1664336394cb93d9771b58d0b4b40ab82b5cd97ad03b9543a3b4f7a8a56,nltest.exe,x64,plain,9393,1,
root_notepad.exe.txt,good_train,good_train,0,root,e46b3ca5a0ebb4a6979f852f50e22bd08c9f2d0206cc04383978be0172ac88ee,notepad.exe,x64,plain,28859,1,
root_nslookup.exe.txt,good_train,good_train,0,root,b137efebc097fda9311a4526e450238b07e15b6ea78f78b0c14c1eb073a171f6,nslookup.exe,x86,plain,17215,1,
root_ntprint.exe.txt,good_train,good_train,0,root,cc0500c90955a751ae3e2ed274422b2b2b5ca586d610ee1d71e006dd07687ecc,ntprint.exe,x86,plain,1751,1,
root_odbcad32.exe.txt,good_train,good_train,0,root,6e28c875bfa690d77cdc3fe2e9e1209ec9517034daede8bd28903e3fb6915d40,odbcad32.exe,x86,plain,1961,1,
root_odbcconf.exe.txt,good_train,good_train,0,root,82984508d7814caf0e73d70aba19359297cf23a53ff1ac891bcb84b803321858,odbcconf.exe,x86,plain,5312,1,
root_ofdeploy.exe.txt,good_train,good_train,0,root,1d3c438fdd5d56ecfcc7c92b5d1fa097e5c44377b8b749611058023d9e209bdd,ofdeploy.exe,x64,plain,14760,1,
root_old_smb.exe.txt,good_train,good_train,0,root,5e250eb9cf19622051e47ff44d102e0704320f559cf605f49f3cbaf624c1fbed,old_smb.exe,x86,packed_other,306712,0,tag:packed_other
root_omadmclient.exe.txt,good_train,good_train,0,root,b56487bbe5c6c72a3d6319bd855f9448051cfed69d8f34d240dd2f4176ea0dcf,omadmclient.exe,x64,plain,64051,1,
root_omadmprc.exe.txt,good_train,good_train,0,root,1eef86c7e1736d42dc5c061d7fa29d6db13bf4b0fec0136a6a172735686b1f1c,omadmprc.exe,x64,plain,8942,1,
root_oobeldr.exe.txt,good_train,good_train,0,root,4f424dc5e0c16cbbac4a12c3750297f0f58697e102fb2001c655868ed829274f,oobeldr.exe,x64,plain,10816,1,
root_openfiles.exe.txt,good_train,good_train,0,root,ae663f66615f66a4f5970fff2ebc7b50142bb5fa809b472d942b50887daf9f0f,openfiles.exe,x86,plain,16012,1,
root_pacjsworker.exe.txt,good_train,good_train,0,root,ff4d515cdcbe9ce053d9cc4d3412f962875098ac87133019eeb12a0f9494bb91,pacjsworker.exe,x64,plain,1453,1,
root_pcalua.exe.txt,good_train,good_train,0,root,36ef04735adfff417ae761bf6595badb54a4cceb3550aba7cfd4f7234c90ee7d,pcalua.exe,x64,plain,9446,1,
root_pcaui.exe.txt,good_train,good_train,0,root,1d16441035eb9c6ea116de582bbc9b6e794c4bed3b4045348cf10a62f6cc71a1,pcaui.exe,x86,plain,39406,1,
root_pcwrun.exe.txt,good_train,good_train,0,root,3de0d85f8170457e741b8c7b2ec0cbfc5bdf6eb37012e4a5e7eee93b149ae7cf,pcwrun.exe,x64,plain,1669,1,
root_perfhost.exe.txt,good_train,good_train,0,root,68654262029a6f62dee7f9d296a69a99dd6811c7aa6056de40ce34440d4513ce,perfhost.exe,x86,plain,3516,1,
root_perfmon.exe.txt,good_train,good_train,0,root,5d4c3ef49bb510b7fbb943acf60bd6b74fc6d295b9cc93933155cbaf535f03eb,perfmon.exe,x86,plain,17842,1,
root_phoneactivate.exe.txt,good_train,good_train,0,root,da16ffcf609ebc6af859d6dec0fa8bee132fc2be9cde0a3f5baac52a73f8e141,phoneactivate.exe,x64,plain,17464,1,
root_phpeditor_setup.exe.txt,good_train,good_train,0,root,19a0f77701d524b52e22bc9d8bee00bb47bc8af135304fd9387e6f2b16b621d8,phpeditor_setup.exe,x86,plain,7766,1,
root_pipanel.exe.txt,good_train,good_train,0,root,8da6e35e2095f405debed1f4128717d035ac0e4888f49a9e6b5945d4c8bc2157,pipanel.exe,x86,plain,1177,1,
root_plasrv.exe.txt,good_train,good_train,0,root,42d13db2be5a3b913ef39622f8357752a6ca625ae1280992c21d971ce9b7e701,plasrv.exe,x64,plain,995,1,
root_pnputil.exe.txt,good_train,good_train,0,root,38f65ccc55e9c28bfb8e44a11a8295f3dd9f73de29f67ff5e043f0bd5a2003ef,pnputil.exe,x64,plain,52455,1,
root_poqexec.exe.txt,good_train,good_train,0,root,ed38d575d3ce8e16710182c17afc86181ffa23b9023156938c2c14141279867f,poqexec.exe,x86,plain,38023,1,
root_powercfg.exe.txt,good_train,good_train,0,root,80a8911bd52933500d8f2e554e7cf0954c250df13d151d080011c2be3a5aff68,powercfg.exe,x86,plain,22614,1,
root_powershell.exe.txt,good_train,good_train,0,root,1ee3d7c80d075d64f97d04d036e558043f2f6bc959c87cd5b0a6d53b96b96a0f,powershell.exe,x86,plain,22500,1,
root_prevhost.exe.txt,good_train,good_train,0,root,243d1ab7b5573b2e816e7adc93bb36c40fd19e8c7e2f39d81172f32dfb13d802,prevhost.exe,x86,plain,5866,1,
root_print.exe.txt,good_train,good_train,0,root,9eb93fbde0a661888a0ace44906dc7da3872fe610a348cafa81e56f8b8ea4975,print.exe,x86,plain,2233,1,
root_printfilterpipelinesvc.exe.txt,good_train,good_train,0,root,dbaab927a8d30bdb081e504b6ffad04946fa7ce1d1f56cf932c009731d7e857c,printfilterpipelinesvc.exe,x64,plain,169198,1,
root_printui.exe.txt,good_train,good_train,0,root,0fd82b7b6f97df74df7c02b2cd79e9ae306ac5b66709874146f5d042aa8c38fc,printui.exe,x86,plain,1574,1,
root_proquota.exe.txt,good_train,good_train,0,root,cd0f437d9658f06e19fe93809270e2906148807314703475457c70c59d54c354,proquota.exe,x86,plain,5527,1,
root_provlaunch.exe.txt,good_train,good_train,0,root,c24b4b784c546aa324d3bbf99d60d08b1f89c5812a5b87713211e37137548a06,provlaunch.exe,x86,plain,13327,1,
root_provtool.exe.txt,good_train,good_train,0,root,1b6bafe51de393236a98a913379aa3c5ef21595216c3605c0cd43184f8361459,provtool.exe,x64,plain,15230,1,
root_prproc.exe.txt,good_train,good_train,0,root,f6112b403195d586d859f1d4e1c3a5a7d2d4380a450f06e62ea9ee877f019818,prproc.exe,x64,plain,1446,1,
root_psiphon3.exe.txt,good_train,good_train,0,root,56f089acc5cac52c964990a0ed12e951d33ccebb712428fcbb8ec7c950052b33,psiphon3.exe,x86,plain,451858,1,
root_psr.exe.txt,good_train,good_train,0,root,61b7327d80eb19db7c4620e9a086bfb88bcd4691a3e1f0737f2ed66d3197ae33,psr.exe,x86,plain,57232,1,
root_pwcreator.exe.txt,good_train,good_train,0,root,d1e1296f3107f9a1b7feca788ca64041dd4d2a3fd4627f0b38bcce122df42f42,pwcreator.exe,x64,plain,111044,1,
root_pwlauncher.exe.txt,good_train,good_train,0,root,1c8227150762b47731dd6b99304d3e5647824f9c1b4d7fb8cd755b29f00bc93b,pwlauncher.exe,x64,plain,6044,1,
root_python_icon.exe.txt,good_train,good_train,0,root,54ac8cbce47718ea2fc7f7f504df88a82715d052973cbc7c46483f7554aadcb8,python_icon.exe,x86,plain,9085,1,
root_qappsrv.exe.txt,good_train,good_train,0,root,cb7f28d3121604628402db28b7627de8d64a1b7116b883c83ae496d6f6d0b667,qappsrv.exe,x64,plain,3611,1,
root_qprocess.exe.txt,good_train,good_train,0,root,7ee7a6fb1bdd972502d1eb23b7bd471a66cad63ca3b57d787a173fb290808eb6,qprocess.exe,x64,plain,4429,1,
root_query.exe.txt,good_train,good_train,0,root,3369e8fea09c3c226d636b13108da357093d0d98214236417839a94f56d3ba02,query.exe,x64,plain,2095,1,
root_quickassist.exe.txt,good_train,good_train,0,root,41b43cdfaba9d453b1cd0258d4fc591b0bbf5bf682449395f3bfb51fc7340ea8,quickassist.exe,x86,plain,154045,1,
root_quser.exe.txt,good_train,good_train,0,root,ccfaf494e520e4f265ad1de5252979809f1a28eb002f0e79c52981b00e63ac4f,quser.exe,x64,plain,3862,1,
root_qwinsta.exe.txt,good_train,good_train,0,root,e1ae2ec83fec0c8cf01b9e4c3da910be61abf3071e56eda834590c405e8e4e69,qwinsta.exe,x64,plain,4621,1,
root_rasautou.exe.txt,good_train,good_train,0,root,f5fe16960331d2cb819706baa6e1935097cc09a843a4747ffbcd3c8e27ed1cd5,rasautou.exe,x86,plain,2773,1,
root_rasdial.exe.txt,good_train,good_train,0,root,974a95d16a089b476ca8f931cd0d5cd59c8061b04cce8ffd423aab555a1dfbe3,rasdial.exe,x86,plain,3952,1,
root_raserver.exe.txt,good_train,good_train,0,root,bb0826dbe223873d104d8eea7b476559e8d8b8b18b5add44fb7e15f2c7863b2d,raserver.exe,x86,plain,28738,1,
root_rasphone.exe.txt,good_train,good_train,0,root,8f41a8061b49e39c5b675b183e8c5db39fa2cebebb69bf503c609b5bbe4d0d95,rasphone.exe,x86,plain,8280,1,
root_rcvPortable_1.53.2074_online.paf.exe.txt,good_train,good_train,0,root,b24167bd69e44f8f0772c8fd99d3bd3270f7cd1007d5d3b5259f4858a1e91f73,rcvPortable_1.53.2074_online.paf.exe,x86,plain,8567,1,
root_rdpclip.exe.txt,good_train,good_train,0,root,e78ee0b4f95be14b6256395f6a58221078825f6505b334bc8ea70b9a46e9cba5,rdpclip.exe,x64,plain,91262,1,
root_rdpinit.exe.txt,good_train,good_train,0,root,28841ff3ed4eac80df25970c163a652d58517d8fe971383ef50073cc8b2aefc3,rdpinit.exe,x64,plain,78092,1,
root_rdpinput.exe.txt,good_train,good_train,0,root,0327da6cf9c4f737758a45818f1db141a0ba13db7dffe64f472193a8e72a8409,rdpinput.exe,x64,plain,39809,1,
root_rdpshell.exe.txt,good_train,good_train,0,root,6c2c4f7c5e89ee2e4bc8186350226bde1e8cb77e0661e2519547cf3aa4c035bf,rdpshell.exe,x64,plain,100710,1,
root_rdpsign.exe.txt,good_train,good_train,0,root,d58172ffc44bc94722c950984d056919739fdff69eab646a06f499cb137204f6,rdpsign.exe,x64,plain,17673,1,
root_rdpv.exe.txt,good_train,good_train,0,root,3275f3bf650229e13a79fee7d478631ffaa4bf033143cf18e9fbf0f5678e3efa,rdpv.exe,x86,plain,11079,1,
root_rdrleakdiag.exe.txt,good_train,good_train,0,root,20ade22fa45a4bf6c0ef5c17b21e9661db6aac6968aed663349b27c4f3021961,rdrleakdiag.exe,x86,plain,8783,1,
root_recdisc.exe.txt,good_train,good_train,0,root,30a413132a3fbd21976e5572527e0b00e7241e35da4e2c97acccd4ac505ffbec,recdisc.exe,x64,plain,20284,1,
root_recover.exe.txt,good_train,good_train,0,root,29f48c967efd519b84c8ff518bf7f6cafa13bb34d8fa9af893c05a10197f3a34,recover.exe,x86,plain,1601,1,
root_refsutil.exe.txt,good_train,good_train,0,root,e931a485dfde7c57f281d79d09dfb803510f4f84d69b8f14ad2ac9ad6ee26f31,refsutil.exe,x64,plain,235277,1,
root_reg.exe.txt,good_train,good_train,0,root,e3046d83040d114af09c6b7738f69b14ec180ece999573489a7d3386e4ababb5,reg.exe,x86,plain,17191,1,
root_regedit.exe.txt,good_train,good_train,0,root,a9bfe5633ced879d8a94b66a06a294bc6d6ef466eaee46ae4d25cb0e3a1d79a5,regedit.exe,x86,plain,38898,1,
root_regedt32.exe.txt,good_train,good_train,0,root,d575c86dd61b1b45314b2015a31a700e4636437f1b1738e60725119d68982603,regedt32.exe,x86,plain,1302,1,
root_regini.exe.txt,good_train,good_train,0,root,40ed5ee39901b8537bcbc487b939ed7f50ec3a86eaf248db1783641daa0e47c9,regini.exe,x86,plain,12216,1,
root_regsvr32.exe.txt,good_train,good_train,0,root,e0e722a00c127e0425d2078e738b7a684c9f55a9bf521c67e9a40d796c8be0e9,regsvr32.exe,x86,plain,3688,1,
root_rekeywiz.exe.txt,good_train,good_train,0,root,9a42ebd4abf86ffef637d63fa8445d582ea720bb59d81713a23d918414d9efc5,rekeywiz.exe,x86,plain,24829,1,
root_relog.exe.txt,good_train,good_train,0,root,74f5b521d214d9dbbdfbb46f2124b87b9585098ac68a23c6ff101055e7a1c3b3,relog.exe,x86,plain,10547,1,
root_repair-bde.exe.txt,good_train,good_train,0,root,63cf046991df5bcd6551ad0afedd86c825ae52946415877205aebe666419c356,repair-bde.exe,x64,plain,7345,1,
root_replace.exe.txt,good_train,good_train,0,root,084b1740d0afa302d7eb48af224a7346252bedfbc3cd46feaf42f89269f1a1a5,replace.exe,x86,plain,3179,1,
root_reset.exe.txt,good_train,good_train,0,root,c1e2a96b5d73d08a52bc5a2e634d408c2d42071147d40a894c8b4606de83484d,reset.exe,x64,plain,2094,1,
root_resmon.exe.txt,good_train,good_train,0,root,10d4937d6d559d7b445af08dfcdc953bdb9079e78c02c3c54bf4343499fb66e5,resmon.exe,x86,plain,1229,1,
root_rktools.exe.txt,good_train,good_train,0,root,6260d75a2cb30201c5424defec3ba505edb92b91802825e2fd6eb9bd58ed5cca,rktools.exe,x86,plain,12355,1,
root_rmttpmvscmgrsvr.exe.txt,good_train,good_train,0,root,63c358d7bba1ad1c3d015ef625fdf659ae527595c82366866ab557d1cdc87b06,rmttpmvscmgrsvr.exe,x64,plain,26040,1,
root_rrinstaller.exe.txt,good_train,good_train,0,root,837115f05f375b2506c57fc917c21905b46679126035113d38a60dce9b5b675f,rrinstaller.exe,x86,plain,10401,1,
root_rstrui.exe.txt,good_train,good_train,0,root,28bb332d73ddd4147c6009cb10ac073b6072be2114554f85c5c37f557af0fc8b,rstrui.exe,x64,plain,35964,1,
root_rufus-2.9.exe.txt,good_train,good_train,0,root,9f09ac611e45a839281389f98e85724f375af47516aa5f22f6054fb09cd4ea81,rufus-2.9.exe,x86,plain,81274,1,
root_runas.exe.txt,good_train,good_train,0,root,f633828387901a9f6db431a410b5f7fe18bdddc4f630c6a839a46b061e59860e,runas.exe,x86,plain,3317,1,
root_rundll32.exe.txt,good_train,good_train,0,root,26e68d4381774a6fd0bf5ca2eacef55f2ab28536e3176a1c6362dffc68b22b8a,rundll32.exe,x86,plain,9507,1,
root_runexehelper.exe.txt,good_train,good_train,0,root,a017ddc237fe1ee3346279cc71c1a84822520804a605b66fa3ba0c217984389b,runexehelper.exe,x64,plain,10696,1,
root_runonce.exe.txt,good_train,good_train,0,root,78b8d920926ebcc685865a5ac91f21ed40889d538dde6a4092764f44d7c015f4,runonce.exe,x86,plain,12122,1,
root_rwinsta.exe.txt,good_train,good_train,0,root,1689688b1d2f5f75fa038d340ca6ffb379c99df9137e6be57861b80d68727a23,rwinsta.exe,x64,plain,3514,1,
root_sapisvr.exe.txt,good_train,good_train,0,root,8d4ff0ed8d5986608fbc1bec7c4eabda574f7ac865ee7f8c3dbd8df00e94ddb6,sapisvr.exe,x64,plain,7302,1,
root_sc.exe.txt,good_train,good_train,0,root,604492b8398751f0798079cec26d674c125885f55b2beab1bc484ebdb723bb63,sc.exe,x86,plain,17702,1,
root_schtasks.exe.txt,good_train,good_train,0,root,72900a86f3bed7570aa708657a76dd76bb80b68db543d303da401ac6983e39ce,schtasks.exe,x86,plain,47955,1,
root_scp.exe.txt,good_train,good_train,0,root,8860e4273f59caa71fa585697e291270f94cee83439e5c94726d918d7c72f362,scp.exe,x64,plain,61130,1,
root_scrcons.exe.txt,good_train,good_train,0,root,2c91f17dd33e78430451d47f2e26715eb6e1fd8125e530182ec0caceb4cd755f,scrcons.exe,x64,plain,8004,1,
root_sdbinst.exe.txt,good_train,good_train,0,root,837c16c1ca64e6db32421fc56efbd80bfca8e9c8888e9240ab859c43adac1442,sdbinst.exe,x86,plain,4338,1,
root_sdchange.exe.txt,good_train,good_train,0,root,aee1ca98e74c1de9fb55372f5a8ce642e69775b8f4ad1025a899b52e3c706601,sdchange.exe,x86,plain,10298,1,
root_sdclt.exe.txt,good_train,good_train,0,root,801dd9b98f263862e076461217fc2c774aa514e5482d0ea0acce6ed31bb4731b,sdclt.exe,x64,plain,129940,1,
root_sdiagnhost.exe.txt,good_train,good_train,0,root,b2adf4cb63c8b1b2ff014bd328deac96354c6f834faf0660efd8f7e89f1b2399,sdiagnhost.exe,x86,plain,4328,1,
root_secinit.exe.txt,good_train,good_train,0,root,ddce139b59faffe5abdb12fb6c7fbd256e6e18ca7fa5938cb164e94857ba07e9,secinit.exe,x86,plain,1370,1,
root_securekernel.exe.txt,good_train,good_train,0,root,d8be9be37be1108b2a3e7eaf990ffe7fd0bb495c244b142c1baf554983e5e5e3,securekernel.exe,x64,plain,131991,1,
root_serviwin.exe.txt,good_train,good_train,0,root,fc2d32ed8a89aa4f73b34c0e9f00d195dcc4f9162e2d3d7beb7718da305accd3,serviwin.exe,x64,plain,16326,1,
root_sessionmsg.exe.txt,good_train,good_train,0,root,20247e34c5139fa1ef689c134148b2373be2d1a1e1a568950d9641826f6a1d4e,sessionmsg.exe,x64,plain,10373,1,
root_sethc.exe.txt,good_train,good_train,0,root,708dceedc93b0da05583e0320fbd36b952e1dba1f5c896ccac2fbf1ba0d86c17,sethc.exe,x86,plain,19906,1,
root_setspn.exe.txt,good_train,good_train,0,root,cf095dbd04ebab55b598e0f27c88304571edc70f41156567c1700b70cd5e728b,setspn.exe,x64,plain,4220,1,
root_setup.exe.txt,good_train,good_train,0,root,3f14c822bd440fec8458fd11e950315e3d784908629b301526a57a3a623bf70c,setup.exe,x86,plain,17020,1,
root_setup16.exe.txt,good_train,good_train,0,root,3d244e2bd05619fe4272e9e30c183e440cff48bcda8e24d62b12cab68c9957e3,setup16.exe,x86,plain,5671,1,
root_setup_wm.exe.txt,good_train,good_train,0,root,7e1065bd659f3403d2655e5e5a459996f2ea742459a0ca6f866edd3d90276802,setup_wm.exe,x64,plain,64946,1,
root_setupcl.exe.txt,good_train,good_train,0,root,cc3634a0c23d805cb2ad417f1c33e6a84a4eba456888f8ec4ac6ed5bc0d68149,setupcl.exe,x64,plain,21056,1,
root_setupugc.exe.txt,good_train,good_train,0,root,1ce5f75ee898393f1f0e9a96b63c9ec84349beb282cdc78fd69ef090daa78428,setupugc.exe,x86,plain,34466,1,
root_setx.exe.txt,good_train,good_train,0,root,930ef8d553d8cdee74724955431f13efdb1be212bc615e67a3cfd4d1a74d3497,setx.exe,x86,plain,11603,1,
root_sfc.exe.txt,good_train,good_train,0,root,9947daf25487c97017038efc3e19f6b8d7f3208bbac05bd9c7de2cd0a37c48c4,sfc.exe,x86,plain,9300,1,
root_sftp.exe.txt,good_train,good_train,0,root,7651a9e5721c2fcee4c34a253062914ab93c7b3b415d313658b058aed4f2fde2,sftp.exe,x64,plain,75756,1,
root_shexview.exe.txt,good_train,good_train,0,root,c388af0018fa47383090a6fe112aabaf59ab2fc8579c814f66b71879c397d957,shexview.exe,x64,plain,26927,1,
root_shman.exe.txt,good_train,good_train,0,root,e15f5060b60e862f2d03a8ed04f50ce48a8011d42d4f25a5f9777c5d026614b6,shman.exe,x64,plain,13291,1,
root_shmnview.exe.txt,good_train,good_train,0,root,681d9d7a1793cf0bce7743f0edd2724691df270b80867477a5ec3217a57ae634,shmnview.exe,x64,plain,16379,1,
root_shrpubw.exe.txt,good_train,good_train,0,root,6b4e6bb29538f24afcf8b823383b846d2d483d83b38c3f74902995de6e6679f8,shrpubw.exe,x86,plain,11596,1,
root_shutdown.exe.txt,good_train,good_train,0,root,6219c1bc22930d17997dd21dec663705aba0b01fed1d11f73b6a9c721f894cb5,shutdown.exe,x86,plain,4820,1,
root_sigverif.exe.txt,good_train,good_train,0,root,776501b9c220b910503be488126970e5d5159afa543706b528b8a0737184ef9e,sigverif.exe,x64,plain,7644,1,
root_smadav2018rev91.exe.txt,good_train,good_train,0,root,93a154b7fbb37be138a8317ceb02f1bb78eb46e30ec36b90a8d3cb4a0cba5ea4,smadav2018rev91.exe,x86,plain,24242,1,
root_snmptrap.exe.txt,good_train,good_train,0,root,9cfc867becec3e1fce830526108f7a7c3e9b0e2fc001ee6cde6e49c956f781e9,snmptrap.exe,x64,plain,1895,1,
root_sort.exe.txt,good_train,good_train,0,root,50a2f167cc31f53a9fbd23c5b9f0c28f72db92aae6d6638f25d41e9f5a30a4bd,sort.exe,x86,plain,5467,1,
root_spaceman.exe.txt,good_train,good_train,0,root,714fa4bb546f7ffff41818f39d97ca4915efc7b0751976463c5ab5ad917f409f,spaceman.exe,x64,plain,5844,1,
root_specPortable_1.32_Update_1_online.paf.exe.txt,good_train,good_train,0,root,c775d4cf087cc4ff852a2a3f48f2ad0e108c07cbaecfa0cda7073ccc185ae2c9,specPortable_1.32_Update_1_online.paf.exe,x86,plain,8427,1,
root_splwow64.exe.txt,good_train,good_train,0,root,83111b6e62952bf164f25f3c2ba39d4e5d23486e2f059c1052643882407a1bbf,splwow64.exe,x64,plain,14247,1,
root_srdelayed.exe.txt,good_train,good_train,0,root,c30905df30f2b91fa848b3e4eff4b8027ef93b2b670e3eb137f689118fca6013,srdelayed.exe,x86,plain,3576,1,
root_ssh-add.exe.txt,good_train,good_train,0,root,7e5d13c4b13be142da676fa5f533aa92d12f7c66ac04ec26066c271326b789e7,ssh-add.exe,x64,plain,72914,1,
root_ssh-agent.exe.txt,good_train,good_train,0,root,79c03e83b42e3c0402680b47a2493c3c506e2d212062859bd7c4ebaca46f3ad5,ssh-agent.exe,x64,plain,48889,1,
root_ssh-keygen.exe.txt,good_train,good_train,0,root,f647d15bac7651fb3fc23779d7568f7c14b139745aff03201ea5f569a7d84810,ssh-keygen.exe,x64,plain,105794,1,
root_ssh-keyscan.exe.txt,good_train,good_train,0,root,965acd45bd7d44fd374d3e598e88148affd8c7c148ea846167fb04f7837a5503,ssh-keyscan.exe,x64,plain,81914,1,
root_ssh.exe.txt,good_train,good_train,0,root,0c0e91427a4b0e4cd0b59bdb73054252fb74c0977d13a73ab7423e15528b0485,ssh.exe,x64,plain,152472,1,
root_stordiag.exe.txt,good_train,good_train,0,root,d706dc037c51b48e412e6ca00129fc34f06830c27260a5d84f7d30d61237e980,stordiag.exe,x86,dotnet,,0,tag:dotnet
root_subst.exe.txt,good_train,good_train,0,root,7825146856defe9d7d240585117330a3d6b3bc8e4023ffa94c351cde6feb2f39,subst.exe,x86,plain,2061,1,
root_svchost.exe.txt,good_train,good_train,0,root,d8eceac9d02f7e8aaaca7beeb8dc3ff28a0574e07fb34ca8e6720a6bc1126292,svchost.exe,x86,plain,7701,1,
root_svcl.exe.txt,good_train,good_train,0,root,a381276ca1909cfa4e3812ccf4a9d8fffdf691945d297fffa0fefc81d5495532,svcl.exe,x64,plain,28844,1,
root_sxstrace.exe.txt,good_train,good_train,0,root,3325883fd89108dd698638098cd9dfa14a2a75fd5fa812bdfd69be23f5ca4c3d,sxstrace.exe,x86,plain,7986,1,
root_sysexp.exe.txt,good_train,good_train,0,root,ba0d713bfe319df63b7145f2952ff6c81c35aad0ff1676d9e467dfe3ae443b17,sysexp.exe,x64,plain,15234,1,
root_sysprep.exe.txt,good_train,good_train,0,root,71ef84a9a310e34483ce3d40d805743f2d59de1d3adad3f1639a6cfdaae08efd,sysprep.exe,x64,plain,188291,1,
root_systeminfo.exe.txt,good_train,good_train,0,root,81e6d6cb7a0f50f5bc331fd2af48a90f2dcee9ff7ef4f1abe0b87866f7837985,systeminfo.exe,x86,plain,21538,1,
root_systray.exe.txt,good_train,good_train,0,root,3386b848e8218274a91d56cfcf95caa5a641ed9b82db1a9c686e22ce0c42a649,systray.exe,x86,plain,1278,1,
root_takeown.exe.txt,good_train,good_train,0,root,5c865d2d1012ebf9f2503f06f2c4b8afccae063d1e79421e0244e0cf627e5ff1,takeown.exe,x86,plain,13135,1,
root_tar.exe.txt,good_train,good_train,0,root,9d3ab89e9aa2c2c3686f43c7c8fa312b9f80180ce86137151726d16966816c50,tar.exe,x86,plain,10711,1,
root_taskhostw.exe.txt,good_train,good_train,0,root,e272d0e33299bca60479683eae0d9b5d880293c01b337d5759fee812ea631a39,taskhostw.exe,x64,plain,13149,1,
root_taskkill.exe.txt,good_train,good_train,0,root,942e94f84340fa275fecfe87bc1caec8f667e9eea29e67f72e3f2e2546bb3197,taskkill.exe,x86,plain,20917,1,
root_tasklist.exe.txt,good_train,good_train,0,root,b4a874c5ccfa9a698e4a56d7453105cc7617802c385abe1603760a9bb33d39ed,tasklist.exe,x86,plain,22146,1,
root_teracopy.exe.txt,good_train,good_train,0,root,5b667ff25a5f2ecf810e2f60dd079dc68fce6eafa174e6de835b8aed919e12f3,teracopy.exe,x86,plain,24443,1,
root_timeout.exe.txt,good_train,good_train,0,root,496b42aaa7aaf0665e5edd52d4348ec4105fb758db674b110fa252df247c91dc,timeout.exe,x86,plain,6300,1,
root_tpmvscmgr.exe.txt,good_train,good_train,0,root,93bac4d5013074dbe590beded6cf4a9cff601ac0dacfaafa79d8cfb698fe7b4c,tpmvscmgr.exe,x64,plain,22148,1,
root_tpmvscmgrsvr.exe.txt,good_train,good_train,0,root,1daab7ac618071e392a2ff6de6d8eed170a96e29d064eb67ea9c135e72731b44,tpmvscmgrsvr.exe,x64,plain,26122,1,
root_tracerpt.exe.txt,good_train,good_train,0,root,a5525f7c0b0091a1f701db85d305768c4262f8f91ab40563712a2c3ad48f3005,tracerpt.exe,x86,plain,119927,1,
root_tscon.exe.txt,good_train,good_train,0,root,2877e57b2490f708413b93d8e8ccfab21542bf4f7d5ef582c995fb3059e2dbdd,tscon.exe,x64,plain,3563,1,
root_tskill.exe.txt,good_train,good_train,0,root,56e8d6c41d904c855fc44bc50e7460ac0d1803111c0c8032b12c00b3c0482816,tskill.exe,x64,plain,3746,1,
root_ttdinject.exe.txt,good_train,good_train,0,root,6d42e1981e0b9d704351705b3f14e7e982766775ceda9d6a8ef15e9d7ec32f99,ttdinject.exe,x86,plain,33741,1,
root_tttracer.exe.txt,good_train,good_train,0,root,f501b18d8270ce7802e724c84d1eba5c5d77adb9113739605fb45e302edf9c4c,tttracer.exe,x86,plain,35362,1,
root_typeperf.exe.txt,good_train,good_train,0,root,2747462e89fcdbf41ab73f46a8efb67057792fd659d5af9f54f1f8cf19f555d9,typeperf.exe,x86,plain,9630,1,
root_tzsync.exe.txt,good_train,good_train,0,root,26a12639ef4893a2a9fb3970661956b21c500b8a61d8b07dde53100a17970559,tzsync.exe,x64,dotnet,,0,tag:dotnet
root_tzutil.exe.txt,good_train,good_train,0,root,d0f640ba7db3906ae5352eee6989bde941b51d20fc4a61bbeb83281112b1d28a,tzutil.exe,x86,plain,12503,1,
root_ucsvc.exe.txt,good_train,good_train,0,root,b36628817a85b2491cb70b6f1f7283c5c9ccb7efde9ace06ae09a9360bcdbb53,ucsvc.exe,x64,plain,7665,1,
root_unifiedinstaller.exe.txt,good_train,good_train,0,root,2b568cc6ae6b25fea9b706338b9b6c33668b88de5cf242c274a1034ac7fcdd5b,unifiedinstaller.exe,x64,plain,22382,1,
root_unlodctr.exe.txt,good_train,good_train,0,root,47cf991ca0f91adcd98af1bade9e2bce82600d842237404bd6a5313a539b2e13,unlodctr.exe,x86,plain,9741,1,
root_unregmp2.exe.txt,good_train,good_train,0,root,1df2f5fc3369f5901068ad9463d7a165fd8e7ee7a12ca6c1a88992bb1484632e,unregmp2.exe,x86,plain,66145,1,
root_unsecapp.exe.txt,good_train,good_train,0,root,8095d4d7726438f8665e00c1a405ab94db6358dc14740783795cf8617a64f19e,unsecapp.exe,x64,plain,7827,1,
root_upfc.exe.txt,good_train,good_train,0,root,ae4b0e81c601521da974d53e44295c98331ced7c9cc2f260434e6bc0c475dda3,upfc.exe,x64,plain,19748,1,
root_upnpcont.exe.txt,good_train,good_train,0,root,8fc99d5aa8a124a217d12adebc52ac8a47f04e4a214a9d44cc125a70fff58a85,upnpcont.exe,x86,plain,6690,1,
root_userinit.exe.txt,good_train,good_train,0,root,6f1c2fd98615b9b0427abb5af0def53e3205b4a9e5eec008e2284e28e839b096,userinit.exe,x86,plain,6422,1,
root_usf.exe.txt,good_train,good_train,0,root,bd545e5cb5c83d18b45a58e4d8db20e7cf2d248e7ab08d21f3ce4e2873426ef5,usf.exe,x86,plain,1515089,1,
root_vds.exe.txt,good_train,good_train,0,root,9cecfc7977baa23a840f987a28813227bab3f2dfdf1d571b51327107b5aa8ce2,vds.exe,x64,plain,89334,1,
root_vdsldr.exe.txt,good_train,good_train,0,root,ddc920acfdb76dd6dfdc0cae7714c1d2995fd6042d1fc2efb1cc1df9478fa26f,vdsldr.exe,x64,plain,3908,1,
root_verclsid.exe.txt,good_train,good_train,0,root,50259658b30d267db199a0805e0986798dd799e18700fd198b894ce9e04db851,verclsid.exe,x86,plain,1819,1,
root_verifier.exe.txt,good_train,good_train,0,root,9dc1e17904c26fb63f7568087df8e844714e567d31e0caf03ec56941525b16f7,verifier.exe,x64,plain,18283,1,
root_verifiergui.exe.txt,good_train,good_train,0,root,ec30a097830520b77a6beff40544271d01cb625cb29ecee1e8ad6d4b9ba4e961,verifiergui.exe,x86,plain,43871,1,
root_volumouse.exe.txt,good_train,good_train,0,root,29ad9108c2fc8b8c5472ec63b7250b4bfd5afeab1f359d3bca2e0726ff94e29c,volumouse.exe,x64,plain,13531,1,
root_volumouse32.exe.txt,good_train,good_train,0,root,02448530591c7996e84f596139262d8a2ab29b9674cc17a2afbb91d93f84fdab,volumouse32.exe,x86,plain,1743,1,
root_vssadmin.exe.txt,good_train,good_train,0,root,d7577fb88cca3169c7931dc0d8ec9a444227dc14f6c71d6d39d86a0c5cad1976,vssadmin.exe,x64,plain,21884,1,
root_w32tm.exe.txt,good_train,good_train,0,root,200bd1a8af02f3e8f9fdb6ca773d4a640e6a1b271108a6dd0039669ecf75bfe9,w32tm.exe,x86,plain,67183,1,
root_wab.exe.txt,good_train,good_train,0,root,b0bdb7af4b4e1c735791d5874691345d8d8f78149380e970b5f53f75c580ffeb,wab.exe,x64,plain,2552,1,
root_wabmig.exe.txt,good_train,good_train,0,root,89500235e2416b8931f749e87e591b2661a3b31eb607cb654f89b5c0b84277b6,wabmig.exe,x64,plain,3610,1,
root_waitfor.exe.txt,good_train,good_train,0,root,1b2ec8189777f5592a003c5ad8114848f0300590e034face6107d78e2ee8fb97,waitfor.exe,x86,plain,8369,1,
root_wbadmin.exe.txt,good_train,good_train,0,root,3f31a25abbf5e75f49c2b596034ba12f95d92fe5ac06d62f15995af8499908ef,wbadmin.exe,x64,plain,69417,1,
root_wbemtest.exe.txt,good_train,good_train,0,root,3406b6adf7d5bf8d7b75c9761b9ba24d1daba8ee00bc5d014fe947b2dc0423a4,wbemtest.exe,x64,plain,28692,1,
root_wbengine.exe.txt,good_train,good_train,0,root,e05cd6d7aea164bfc9c258052a63b4a214833b0d3aa4af89f171dff19ad3cda1,wbengine.exe,x64,plain,349080,1,
root_wecutil.exe.txt,good_train,good_train,0,root,53b07ab9dae0e58b06dab40cf837dd9150a6125759b4d4a18d3c36a07042b9e7,wecutil.exe,x86,plain,24091,1,
root_wermgr.exe.txt,good_train,good_train,0,root,e8814ddc5bc8abc5f108c376473d9b493982717916b5fb272ae39fc9463c7d55,wermgr.exe,x86,plain,30830,1,
root_wevtutil.exe.txt,good_train,good_train,0,root,0addeceb61359346c7d752f0fa3d1ce72e8a494cae651a1df2bf1e867e5dfc7c,wevtutil.exe,x86,plain,56282,1,
root_wextract.exe.txt,good_train,good_train,0,root,64bc17d02d409b0eae84dccc71dd0c5115ef208efc79a30281e60404a5632d91,wextract.exe,x86,plain,8867,1,
root_where.exe.txt,good_train,good_train,0,root,e4220435f20b966623b7646c247397ddaf5ce0d8a2a5ef2bc9915e6d111ea765,where.exe,x86,plain,8508,1,
root_whoami.exe.txt,good_train,good_train,0,root,075fa41e449213910f6d45f5713fef8ed71ea913c1ebe594407894141f103d64,whoami.exe,x86,plain,16446,1,
root_whoistd.exe.txt,good_train,good_train,0,root,00e131f0dd8fe1aa629795e56c7e39cceb022314a121fb0cf4f919f49f2a4c24,whoistd.exe,x86,plain,18142,1,
root_whosip.exe.txt,good_train,good_train,0,root,9c6457b6bb0cf9f4d7a4dcb490dc22b5ce658817890815906ad1a36de88e4949,whosip.exe,x86,plain,4019,1,
root_wiaacmgr.exe.txt,good_train,good_train,0,root,90168783dbd9ac5cb2899297154b871ff50e218cd4c825fbb60668cae4463144,wiaacmgr.exe,x86,plain,13887,1,
root_wiawow64.exe.txt,good_train,good_train,0,root,310d64eb8f9d0b8cde591aa0b8857bf2bcd3cd25a232429904c34388d1b9f829,wiawow64.exe,x64,plain,6476,1,
root_wifitask.exe.txt,good_train,good_train,0,root,1e16706ef43131a1fcc3535cd5bb9e10c2f423e585d88b1701c7c5bd07233ca4,wifitask.exe,x64,plain,81888,1,
root_wimserv.exe.txt,good_train,good_train,0,root,5656480117dc4d6fec50b7fd91f05acea3d9d6e60e2fa513a3cfec94a76f85cf,wimserv.exe,x64,plain,118495,1,
root_winMd5SumPortable_1.0.1.55_Rev_4_English.paf.exe.txt,good_train,good_train,0,root,4ee41489d15c07c193e793f9fb62b3a11cd487215659834d0be52b717e3c2c61,winMd5SumPortable_1.0.1.55_Rev_4_English.paf.exe,x86,plain,9256,1,
root_windeploy.exe.txt,good_train,good_train,0,root,3bbefd1ea391e235d4c4f92deeca9b2ce72e58cf3f4cce5abb148b8702095322,windeploy.exe,x64,plain,31386,1,
root_winhlp32.exe.txt,good_train,good_train,0,root,0ae37c1d7fc84e5e956874458508205f4dad68d933be6b801cff2e42475664b5,winhlp32.exe,x86,plain,1634,1,
root_wininit.exe.txt,good_train,good_train,0,root,13ad43ee6d19dfc9709c3106d796bc3f21791a564e443d042a5aa117f2680649,wininit.exe,x64,plain,68868,1,
root_winlister.exe.txt,good_train,good_train,0,root,805b4fbf4243d7426441da9aedf6e0f8be1cf31f7c412f5d31950c6f058c9ce7,winlister.exe,x64,plain,6951,1,
root_winrar.exe.txt,good_train,good_train,0,root,d51e975785649155c327584547566b1c703ba435c1e1367d18be01b67e325d15,winrar.exe,x86,plain,21393,1,
root_winrs.exe.txt,good_train,good_train,0,root,02abc26a1f1fb25cb24992bf62eeab05b570e1310f64aaa1cb1433f7ba77b3bb,winrs.exe,x86,plain,10097,1,
root_winrshost.exe.txt,good_train,good_train,0,root,9572884598bdb3c1a4b7d2e0e1b6945ed62f4172221e468ef53aa5a25e809691,winrshost.exe,x86,plain,5551,1,
root_winver.exe.txt,good_train,good_train,0,root,97c23b8888ffe8f4a9d9a0de8eda27cbe029049cf07e1164c2e79c3623139e42,winver.exe,x86,plain,1345,1,
root_wkspbroker.exe.txt,good_train,good_train,0,root,2418929fec25b3a30c10fe01901f4d75d6895480df500beb19717517ccd5bb41,wkspbroker.exe,x64,plain,54028,1,
root_wksprt.exe.txt,good_train,good_train,0,root,4cfbcc35f1403584cf932b48f1fbd9506f43874443412b35681fc66392c9b64a,wksprt.exe,x64,plain,68967,1,
root_wlanext.exe.txt,good_train,good_train,0,root,ddb1ec5e7029d8d419ba365888ebf1494f4c5d5ffcd2f0161cefd1b01ded82bb,wlanext.exe,x86,plain,23048,1,
root_wlrmdr.exe.txt,good_train,good_train,0,root,4c13ccd996d58673bec9fa19b1f06b8ca1d6823307b76c5a2a79799f1073bf64,wlrmdr.exe,x64,plain,4254,1,
root_wmlaunch.exe.txt,good_train,good_train,0,root,e3912b625e6356f1f962cdeb2d4d6a2750cefa90ceead7ee26cb5516a53ee041,wmlaunch.exe,x64,plain,18661,1,
root_wmpconfig.exe.txt,good_train,good_train,0,root,3f47e9e6b84ef6b37b72faa771a8068bfc8904cc30999a5268321233216940ec,wmpconfig.exe,x64,plain,854,1,
root_wmplayer.exe.txt,good_train,good_train,0,root,b3958d6fad71fa64227f2b41f57dbf9bab434746ba0d249e226408199c218f48,wmplayer.exe,x64,plain,1932,1,
root_wmpnetwk.exe.txt,good_train,good_train,0,root,a9c8dc72b50c0deaf09db1eae874d892082cdaa42a51b99a09e4f93c43d3d78e,wmpnetwk.exe,x64,plain,228467,1,
root_wmpnscfg.exe.txt,good_train,good_train,0,root,e8e9e1c1384552e8a3e6cf6343118727221f115f348f72e6fdca6ffc82a10620,wmpnscfg.exe,x64,plain,8233,1,
root_wmprph.exe.txt,good_train,good_train,0,root,1eed87be63be5d0cd9eb54eb30b06e3ebbabdd0aa7557a7662397e35db42a582,wmprph.exe,x64,plain,17433,1,
root_wmpshare.exe.txt,good_train,good_train,0,root,84d445a0f798532435fe51177a43f541c0c928e194166083f85377b590969f30,wmpshare.exe,x64,plain,1301,1,
root_wowreg32.exe.txt,good_train,good_train,0,root,eb9048606c0ce6be9f82f0b6b62a977133a6c43459e3dc6417f941d591fab2a8,wowreg32.exe,x86,plain,3145,1,
root_wpnpinst.exe.txt,good_train,good_train,0,root,66497b018d3efe3e95422ac7c161247b358032ee33cc13c89502ace1c4a1f2fc,wpnpinst.exe,x64,plain,3308,1,
root_wpr.exe.txt,good_train,good_train,0,root,64aa5cbcb935a5ce42239bfeabbccc5f42a33dae8739b07c0d5413f33d7ce9fb,wpr.exe,x64,plain,63915,1,
root_write.exe.txt,good_train,good_train,0,root,0ffcc65f70860f3961694ba64dbe7d69b09b5f0d6eb095dff8349d6b2f1f0e96,write.exe,x86,plain,1203,1,
root_wscadminui.exe.txt,good_train,good_train,0,root,f1447c3852642b5d56ff7e2a0ecedd9b8ba89a4b3a0915f2a3c826adbc1a54fe,wscadminui.exe,x86,plain,1169,1,
root_wscript.exe.txt,good_train,good_train,0,root,0fbb4f848d9fb14d7bf81b0454203810869c527c3435e8747a2213dd86f8129a,wscript.exe,x86,plain,36218,1,
root_wsmprovhost.exe.txt,good_train,good_train,0,root,36a36855bed0f40d193f8de0035c13c636c6cbd52e4f88759c4858fd0cde08e3,wsmprovhost.exe,x86,plain,13670,1,
root_wsqmcons.exe.txt,good_train,good_train,0,root,aef5bf320220b76e88a53a23a8c7caa535c7d5656a66612da6a60a344869df12,wsqmcons.exe,x64,plain,8578,1,
root_wuapihost.exe.txt,good_train,good_train,0,root,5a7c14146018cdf58bba0b291ae2b6e4826dc1a45f335f4dfc378e1eb545d27b,wuapihost.exe,x64,plain,1070,1,
root_wuauclt.exe.txt,good_train,good_train,0,root,cc855323b6ab7259c92bd1310211dd95174e43be2f46c828e38f0060dd2e4488,wuauclt.exe,x64,plain,5151,1,
root_wul.exe.txt,good_train,good_train,0,root,acfc36f82928ff28bbd6a22886d4829f2e28d9c42d8077daa048d08b9398f7e6,wul.exe,x86,plain,13726,1,
root_wusa.exe.txt,good_train,good_train,0,root,9a18550136d91fd0af3d8d3e202a5a348ddee9639498f2b5fc9630e83406d7e1,wusa.exe,x86,plain,116487,1,
root_xcopy.exe.txt,good_train,good_train,0,root,692c7a7a1a693ac5e49008292d2332cfa858c0aebdc945b05068f51af132c39b,xcopy.exe,x86,plain,8600,1,
root_xpyPortable_1.3.8.paf.exe.txt,good_train,good_train,0,root,6b6867040c45a9a1d02ee1fc66c8b5ae2ef5cc8cfae70ac5e11dd1ce1092ff95,xpyPortable_1.3.8.paf.exe,x86,plain,9256,1,
root_xwizard.exe.txt,good_train,good_train,0,root,5ce0b07dbc12f4f9263376047a7a2f269958df61e1510ac3b817796410cc2b00,xwizard.exe,x86,plain,7056,1,
root_12-Ants_x64.exe.txt,good_test,good_test,0,root,bb060ed91b37ce78c41ddfc0246f9c191c79c740130d9266d0168083d71767ad,12-Ants_x64.exe,x64,plain,54681,1,
root_4stAttackPortable_2.0_English.paf.exe.txt,good_test,good_test,0,root,87da2d47af6b894ad6337ae211f359fc090aa97826cddf8c76dd135ea7620301,4stAttackPortable_2.0_English.paf.exe,x86,plain,9256,1,
root_7z1805.exe.txt,good_test,good_test,0,root,647a9a621162cd7a5008934a08e23ff7c1135d6f1261689fd954aa17d50f9729,7z1805.exe,x86,plain,8928,1,
root_Able-mindSR.exe.txt,good_test,good_test,0,root,e049ebf01a506888fdc9d7976ed8ed025fd1b77a3cf2ff0456858a81654f4894,Able-mindSR.exe,x86,plain,14200,1,
root_ArmagetronAdvancedPortable_0.2.9.1.0.paf.exe.txt,good_test,good_test,0,root,6e80e7bd8fd4033397ca27e216f53d322613e4f5373d836e3f593100085c2f1d,ArmagetronAdvancedPortable_0.2.9.1.0.paf.exe,x86,plain,8490,1,
root_ArthaPortable_1.0.3_English.paf.exe.txt,good_test,good_test,0,root,beafa7dcd542cb7ac4136faa8675c736cc01ef8f5c7ca2a53d98643c4e6d52ba,ArthaPortable_1.0.3_English.paf.exe,x86,plain,9256,1,
root_AtomicTanksPortable_6.6.paf.exe.txt,good_test,good_test,0,root,5cda3e1cbcd3004687b599ccd5819ffce3ab8c5ed4a0cda6e57f7a14c119e3cc,AtomicTanksPortable_6.6.paf.exe,x86,plain,8567,1,
root_AutoHideDesktopIcons.exe.txt,good_test,good_test,0,root,7254ae6958f1d4159d3683898c5609faf37852c3f7a58722a2a4c82172443374,AutoHideDesktopIcons.exe,x86,plain,29593,1,
root_BRCPositivePayInstaller.exe.txt,good_test,good_test,0,root,28639b051e710031ab27d1b09d3f46dffb93c9dac24ae96bc781489841a2201a,BRCPositivePayInstaller.exe,x86,plain,59459,1,
root_BYONDPortable_5.0_Build_514.1583_English.paf.exe.txt,good_test,good_test,0,root,7deea9dffb0573e7e0b0a1c5eae9f4f6416d969283c10f77f6c70bc1430d3c22,BYONDPortable_5.0_Build_514.1583_English.paf.exe,x86,plain,8567,1,
root_BigSolitairesPortable_1.4_Rev_3_English.paf.exe.txt,good_test,good_test,0,root,3707cf2fe3de581ff2624dda457aacfd79b6b1e4644f1b242ebd4d15b68116ca,BigSolitairesPortable_1.4_Rev_3_English.paf.exe,x86,plain,9256,1,
root_BingSnapSetup64.exe.txt,good_test,good_test,0,root,9f6811971cdce6361a269d74de51d9e6282d0b009ea9e489f2f777b2c54a87c8,BingSnapSetup64.exe,x86,plain,8567,1,
root_BrainWorkshopPortable_4.8.4_English.paf.exe.txt,good_test,good_test,0,root,c22b1bd1e16218ed90a5c2f25dfacfeca4ecbbe5888a86a1ab34aa0e454035e6,BrainWorkshopPortable_4.8.4_English.paf.exe,x86,plain,8567,1,
root_CDC_Installer.exe.txt,good_test,good_test,0,root,688e4514367f2cc0bfaa789ef515afb4cbc0d3655d791d1090edc8a3b2a24c48,CDC_Installer.exe,x86,plain,44268,1,
root_CSVBuddy-3_0-64-bit.exe.txt,good_test,good_test,0,root,aaf46718d4b117571179c57d2af8ca5449a96212529c8158c87ccfc78f5a2d01,CSVBuddy-3_0-64-bit.exe,x64,plain,245058,1,
root_CairoSetup_64bit.exe.txt,good_test,good_test,0,root,c84ce4f35dfe0ada475f680551d653d264855a1d477ead3af5c0564e8b74a4a7,CairoSetup_64bit.exe,x86,plain,8828,1,
root_CanabaltPortable_1.2_English.paf.exe.txt,good_test,good_test,0,root,95606e5b80a8dffebb1d8ba89ea09225c95e15f389553890b36f4cd7bec99464,CanabaltPortable_1.2_English.paf.exe,x86,plain,8398,1,
root_CareUEyes_setup.exe.txt,good_test,good_test,0,root,3f880f5fdcb485b0f9b1445e034dfbe2f80d7b3b0564d99f4fe290ffc0d1f7a5,CareUEyes_setup.exe,x86,plain,24480,1,
root_CashAndTheCity_setup.exe.txt,good_test,good_test,0,root,4f31428f3d32ac0428c2840ace93360f34eb69d88f91843cbd95cdc2cc3a3064,CashAndTheCity_setup.exe,x86,plain,309662,1,
root_ChromiumBSUPortable_0.9.13.2_English.paf.exe.txt,good_test,good_test,0,root,af6d27d9f03c1e7299bdd77b9ed45e7f1e75dfd03c611ebd3360670841fb494c,ChromiumBSUPortable_0.9.13.2_English.paf.exe,x86,plain,8140,1,
root_ClavierSetup.exe.txt,good_test,good_test,0,root,89349060ff226221c5e399f10c9aa4f253212be6d695d0d0a628cf6453307df5,ClavierSetup.exe,x86,plain,8567,1,
root_CloudTierSetup.exe.txt,good_test,good_test,0,root,4cd15dac4efd155fdba0505d5efcf7a521d91c09f2f460725e9383e85cf390a8,CloudTierSetup.exe,x86,plain,8751,1,
root_DOSBox0.74-win32-installer.exe.txt,good_test,good_test,0,root,c149cb85f732beb95bf6564d72bdfdd9306f7050edfd9d2cd475420efe3b84fc,DOSBox0.74-win32-installer.exe,x86,plain,7564,1,
root_DOSBoxPortable_0.74.3.paf.exe.txt,good_test,good_test,0,root,f87e4878bf32dffa00c92993140b01a80bfc277304caba583619a4a44f5ee648,DOSBoxPortable_0.74.3.paf.exe,x86,plain,8398,1,
root_DOSprn191.exe.txt,good_test,good_test,0,root,a20ef49100324263721a6e12e50994a111d0306373ad3a0127835a210d308069,DOSprn191.exe,x86,plain,14405,1,
root_DatabaseBrowserPortable_5.3.2.17_English.paf.exe.txt,good_test,good_test,0,root,64e712c74fe655f769e9941d5714f001c7d590ae85622e5d9793dbf656f15e58,DatabaseBrowserPortable_5.3.2.17_English.paf.exe,x86,plain,8567,1,
root_DeskTimeSetup.exe.txt,good_test,good_test,0,root,f77449e3a879213db36ef8181ec2e7119a2a633608e6f6d93b08f02cdfc056c8,DeskTimeSetup.exe,x86,plain,309662,1,
root_DesktopDigitalClock_x64_Installer.exe.txt,good_test,good_test,0,root,082f66a7561db1dd64b1a22f5778365b4633ccd14ad84c63bff3d3d3f695419f,DesktopDigitalClock_x64_Installer.exe,x64,plain,117820,1,
root_DesktopImages3D_x64_Install.exe.txt,good_test,good_test,0,root,04dab27086855d4a2294b9f8451ba224a79d5f403d5f29a694d9c62356562578,DesktopImages3D_x64_Install.exe,x64,plain,151866,1,
root_DesktopOK.exe.txt,good_test,good_test,0,root,f3e7364d4f1fc8fe1046e7a89eb5bcd5427f7731e2a4bd4fc57bb70cc18949fa,DesktopOK.exe,x86,plain,91735,1,
root_DesktopSnowOK_x64.exe.txt,good_test,good_test,0,root,e71c51e926c3f50bc62113c60bd42e6e23d1f37855268d1ec3ccad6b8836db4f,DesktopSnowOK_x64.exe,x64,plain,40447,1,
root_DittoSetup_64bit_3_24_238_0.exe.txt,good_test,good_test,0,root,24fcb7577a7c4e585c886fd93604f3da8d7cce032a8423cb45ce83e5ed89af80,DittoSetup_64bit_3_24_238_0.exe,x86,plain,310185,1,
root_EPubMetadataEditorInstaller.exe.txt,good_test,good_test,0,root,14a2f1c100a8a376e6027813657a877efc09c8a4137f4323af2e16ed1ea6b7d4,EPubMetadataEditorInstaller.exe,x86,plain,24443,1,
root_FontExport.exe.txt,good_test,good_test,0,root,370fc041059686cb2bc050169c4197b09b6411379ec831c6423349c883afe6c1,FontExport.exe,x86,plain,14405,1,
root_FreeAlarmClockSetup.exe.txt,good_test,good_test,0,root,5fa57fd786e2f47e05d1b6fb5718e5d37cdcce37843474364b657189f1a065ec,FreeAlarmClockSetup.exe,x86,plain,24443,1,
root_FreeStopwatch.exe.txt,good_test,good_test,0,root,accc72935ecd8f06b0620eef47d3622f8a5d27447beca7ac88de00b820985c3d,FreeStopwatch.exe,x86,plain,1819157,1,
root_FrhedPortable_2017.11.paf.exe.txt,good_test,good_test,0,root,25a7759a8a47b5ba8a65d9d2771c3cf33da5458e65d43336f4674b11beb80aae,FrhedPortable_2017.11.paf.exe,x86,plain,8567,1,
root_GetSudokuPortable_1.0_Rev_2.paf.exe.txt,good_test,good_test,0,root,08e10e9cea509841825580ca9bcec8bba07a6450bb9e18ef643e191a63c64be9,GetSudokuPortable_1.0_Rev_2.paf.exe,x86,plain,9256,1,
root_GoldenDictPortable_1.0.1_Rev_2.paf.exe.txt,good_test,good_test,0,root,f34671c31b5f00bfed0608055d42763ab56e4bb3b881c80b29b682243174a632,GoldenDictPortable_1.0.1_Rev_2.paf.exe,x86,plain,9256,1,
root_HMNISEditPortable_2.0.3_Rev_2.paf.exe.txt,good_test,good_test,0,root,84a4c2c662e6e005d63843238125989552dbcc20cebdb5e2de1a030f250f99ad,HMNISEditPortable_2.0.3_Rev_2.paf.exe,x86,plain,9256,1,
root_HappyPhotoViewerSetup.exe.txt,good_test,good_test,0,root,eb0b5567b4eddd0c6788e6e0d6defa23170355ffadb564dafb7d92a3e027f440,HappyPhotoViewerSetup.exe,x86,plain,14405,1,
root_Hex-A-HopPortable_1.1.0_Rev_3_English.paf.exe.txt,good_test,good_test,0,root,dbb53e2b86f1e84b9265ff9f3fac85687490774d6833a8e3f0b8ade39e41a7d1,Hex-A-HopPortable_1.1.0_Rev_3_English.paf.exe,x86,plain,9256,1,
root_HourglassInstaller.exe.txt,good_test,good_test,0,root,84edc696e06971794e000ca4b6af047295e48710cfd7c2483ef47eff3ed441ee,HourglassInstaller.exe,x86,plain,107454,1,
root_IHaveNoTomatoesPortable_1.5_English.paf.exe.txt,good_test,good_test,0,root,ff09a4d63b2dcc092ec63fe998cbf028a8c162422ee34fa9d69afc67d43038e1,IHaveNoTomatoesPortable_1.5_English.paf.exe,x86,plain,9256,1,
root_IceBreakerPortable_2.2.1_English.paf.exe.txt,good_test,good_test,0,root,15193d5f8dec86170c71f88626a89ce684cf9036770822c6565f38d734165ffe,IceBreakerPortable_2.2.1_English.paf.exe,x86,plain,8567,1,
root_IniTranslatorPortable_1.9.0.52_Rev_2.paf.exe.txt,good_test,good_test,0,root,b5ce167b949c0ed0033acc0427df0412ed717e42e42099381e4b3d44cb2b5b34,IniTranslatorPortable_1.9.0.52_Rev_2.paf.exe,x86,plain,8398,1,
root_InstaMonitr-Free.exe.txt,good_test,good_test,0,root,380c65cbc51c60a1cde42cb111f0a9d924bcc6f1aed540f64f431a1e0c842e3b,InstaMonitr-Free.exe,x86,plain,309662,1,
root_JooleemPortable_0.1.4.2_English.paf.exe.txt,good_test,good_test,0,root,b4914bca35d3c88df3318b86dc58f379a0b52c8bdac613fa19fcee5dcaca649d,JooleemPortable_0.1.4.2_English.paf.exe,x86,plain,9256,1,
root_KoboDeluxePortable_0.5.1_Rev_2_English.paf.exe.txt,good_test,good_test,0,root,fce757df018fa2b95366fb49d30fb77665ba96428f053f587b7696328b7aca10,KoboDeluxePortable_0.5.1_Rev_2_English.paf.exe,x86,plain,9256,1,
root_KompoZerPortable_0.8_Beta_3_English.paf.exe.txt,good_test,good_test,0,root,a60b5c160c2b722420c05e4f3dd6750d11bafc22851d3cde48247246b669d545,KompoZerPortable_0.8_Beta_3_English.paf.exe,x86,plain,9256,1,
root_LBreakout2Portable_2.6.5_English.paf.exe.txt,good_test,good_test,0,root,aa55edcff2e8f053f37c313450310946836b5d29dfe01af787d91f61f03f4266,LBreakout2Portable_2.6.5_English.paf.exe,x86,plain,8490,1,
root_LMarblesPortable_1.0.8_English.paf.exe.txt,good_test,good_test,0,root,c167f48daabf6efa074c80d90ed1e388673b8d168675ec1acb24ddde1d268c97,LMarblesPortable_1.0.8_English.paf.exe,x86,plain,8490,1,
root_LightBulb-Installer.exe.txt,good_test,good_test,0,root,cd35ab2423321e6926f903d8da750f05f687f97e7fdc516a786f7f80a35a1510,LightBulb-Installer.exe,x86,plain,309662,1,
root_MagicMouseTrails_Installer.exe.txt,good_test,good_test,0,root,68f48f49d269c6ee7ca86200f896004025165b000ccd8e4d0fc6e83725facb09,MagicMouseTrails_Installer.exe,x64,plain,50038,1,
root_Memo.exe.txt,good_test,good_test,0,root,de8001f9cd159ae36431842707d752a9e89411f81809a7004f76683799c64ec0,Memo.exe,x86,plain,14405,1,
root_Mines-PerfectPortable_1.4.0.4_English.paf.exe.txt,good_test,good_test,0,root,f3652c841f52f6c543d5bf17cd6cd43f3b768a5382056c700c0dd18e3004e30e,Mines-PerfectPortable_1.4.0.4_English.paf.exe,x86,plain,9256,1,
root_MouseJiggleSetup.exe.txt,good_test,good_test,0,root,25f2586c2fadd61a8c4983c42594693c32bffa1f5105daededa02d97d72ce031,MouseJiggleSetup.exe,x86,plain,310185,1,
root_MusicAceDemo.exe.txt,good_test,good_test,0,root,54b01a24a46939c794198ea64a4f2cf326190e2b8d322741940dee3aa28b0bcb,MusicAceDemo.exe,x86,plain,23739,1,
root_NSISPortable_3.08.0.6_English.paf.exe.txt,good_test,good_test,0,root,a4e302774835b5a4742414f7946e93c301373d769c2b1190e4cfd159dd8181b8,NSISPortable_3.08.0.6_English.paf.exe,x86,plain,8567,1,
root_NetHackPortable_3.6.6_English.paf.exe.txt,good_test,good_test,0,root,c4df6979a44b5b0f5340e002cde51b3e577648740e8cbaf8dc36c521913e83b1,NetHackPortable_3.6.6_English.paf.exe,x86,plain,8427,1,
root_Notepad2-modPortable_4.2.25.998_English.paf.exe.txt,good_test,good_test,0,root,d9eca9bd677d3ffee01018f527c92d84d6d6bfb994a0bea49325be1131c4ff22,Notepad2-modPortable_4.2.25.998_English.paf.exe,x86,plain,8380,1,
root_Notepad2Portable_4.2.25_Rev_2_English.paf.exe.txt,good_test,good_test,0,root,51a048bdfbe2c718312560cf49f31148ee8b78265e70345958c69f70f068d850,Notepad2Portable_4.2.25_Rev_2_English.paf.exe,x86,plain,9256,1,
root_NotepadPlusPlusPortable_8.4.9.paf.exe.txt,good_test,good_test,0,root,f20049db84fc681c3c71af480fb3c4d40ad5185fbcb458b39ef65f1ee4619915,NotepadPlusPlusPortable_8.4.9.paf.exe,x86,plain,8567,1,
root_OneLoupe_x64.exe.txt,good_test,good_test,0,root,2d5c643b34f7ee7928105cf95b6f2230312c333a7f8295ce2c99ee8d31e88814,OneLoupe_x64.exe,x64,plain,34395,1,
root_OnelaunchSoftware.exe.txt,good_test,good_test,0,root,6d8c32ad2f8501e2935dfdd978e02b064dfde5ca3b344ace60153a749a48584e,OnelaunchSoftware.exe,x86,plain,309662,1,
root_OnlyStopWatch_x64.exe.txt,good_test,good_test,0,root,3bf08f79f3b25ef7f013379d008594f649c69e9ec5df5005f3e4a2a8c121f305,OnlyStopWatch_x64.exe,x64,plain,31106,1,
root_PathologicalPortable_1.1.2_English.paf.exe.txt,good_test,good_test,0,root,ae92672afbe430ed7074988847ece2cc80b7a1022e4bf27f0679955e2c425328,PathologicalPortable_1.1.2_English.paf.exe,x86,plain,8383,1,
root_PingusPortable_0.7.6.paf.exe.txt,good_test,good_test,0,root,112ed7579dc752b5178d1a4f50608305ed6bd8d309662c60609dfa2e7328a2f1,PingusPortable_0.7.6.paf.exe,x86,plain,9256,1,
root_PointerStick_x64.exe.txt,good_test,good_test,0,root,3929af74ab0cc0327bfc3378aab072f8043121b9fa0b96ab0a09f981872b1d57,PointerStick_x64.exe,x64,plain,36209,1,
root_PortableApps.comInstaller_3.7.5.paf.exe.txt,good_test,good_test,0,root,f1d4768c014668647e5588c984fe3bdf639828f62bc338f2c4fcdb96336bb99c,PortableApps.comInstaller_3.7.5.paf.exe,x86,plain,8567,1,
root_PortableApps.comLauncher_2.2.3.paf.exe.txt,good_test,good_test,0,root,4b54d71c16a277f89613eed4f073fc4e0ca02451df90588d7bd250af6a169c68,PortableApps.comLauncher_2.2.3.paf.exe,x86,plain,8490,1,
root_PrintMyFonts.exe.txt,good_test,good_test,0,root,f81ac38a39589a12c01fa32b5bd0a4a501e77384b0a9d67525ce4014dde659f0,PrintMyFonts.exe,x86,plain,1050058,1,
root_ProcessKO_x64.exe.txt,good_test,good_test,0,root,c89f5f77e9acf4fe5659d820b955661b4f938eb571a3e5636823b2e6209f0c23,ProcessKO_x64.exe,x64,plain,106094,1,
root_ProjectInvinciblePortable_2.10_English.paf.exe.txt,good_test,good_test,0,root,60b3ee96a2bb3165762ac2ed90e6c55b2f49800d344af1df7c7047d280e810f4,ProjectInvinciblePortable_2.10_English.paf.exe,x86,plain,9256,1,
root_QEyePortable_6.5.0.9_English.paf.exe.txt,good_test,good_test,0,root,262de0c95806384a8e07af5f72a1df3666eb36bb5e715f6bd19f5e00a8f7533b,QEyePortable_6.5.0.9_English.paf.exe,x86,plain,8567,1,
root_RescueTimeInstaller.exe.txt,good_test,good_test,0,root,a6cfc215218b562cbe4fd37178d03c2f811e230c4c01ab1b0d6b163323117455,RescueTimeInstaller.exe,x86,plain,15789,1,
root_RonsEditor_2022.07.22.1402_setup.exe.txt,good_test,good_test,0,root,81271f14f316a69d455e7e17bd5279bd742d634c734cc17aa306d8e2302288ff,RonsEditor_2022.07.22.1402_setup.exe,x86,plain,286729,1,
root_SWI-PrologPortable_9.0.4_English.paf.exe.txt,good_test,good_test,0,root,209e721c99a55e6d399b398b1628b6c8c697ac7d491a4a89d584de4c6aa3c253,SWI-PrologPortable_9.0.4_English.paf.exe,x86,plain,8567,1,
root_Sdcb.exe.txt,good_test,good_test,0,root,e95bb55a91d8e5943b6eac1853fdf46c3236e730619548bc1457bf670868b652,Sdcb.exe,x86,plain,23739,1,
root_SetupGlocal_20190614.exe.txt,good_test,good_test,0,root,684e7b6c1f01da2d50cddc2ea987b3adc835c1b588ab049042b4163ff1c8de54,SetupGlocal_20190614.exe,x86,plain,15434,1,
root_SideSlide_v5.73_Setup.exe.txt,good_test,good_test,0,root,92b1ee57e55af477cfd0b39ab5b096bc593c290ba46687d622c70e08c061b3bd,SideSlide_v5.73_Setup.exe,x86,plain,15789,1,
root_SlideDogSetup.exe.txt,good_test,good_test,0,root,19093d38293025c71767696b1bbf125d5eadaf30d99043acd5884e71addb04a6,SlideDogSetup.exe,x86,plain,8398,1,
root_Spreadspeed3Setup.exe.txt,good_test,good_test,0,root,9e832e9e0ab949f84785e7a48c19b2a559ca021e9e8e9b5e1b10a33b7d2d723d,Spreadspeed3Setup.exe,x86,plain,134395,1,
root_SqlitemanPortable_1.2.2.paf.exe.txt,good_test,good_test,0,root,46b2890ce8663055e5cae9707159d14a175a1ed0cdec05b8245a6455e75f343d,SqlitemanPortable_1.2.2.paf.exe,x86,plain,9256,1,
root_TBSetup.exe.txt,good_test,good_test,0,root,f77ab445cf9cff6db53584827a7e010fb66486ca64585511dedde7798a235d78,TBSetup.exe,x86,plain,51331,1,
root_TS-AudioToMIDI.exe.txt,good_test,good_test,0,root,844de83e1d288d3956b8241967a7b3f17514e2e10ba0fda2817259e3a2224af6,TS-AudioToMIDI.exe,x86,plain,7933,1,
root_TaskLayout-v0.7.3.1-Installer.exe.txt,good_test,good_test,0,root,acd8bc7e3cd27db0eba06078dad305d60ddd4fe9fce29f8db936ea0e4e22d6f6,TaskLayout-v0.7.3.1-Installer.exe,x86,plain,59663,1,
root_TenClipsSetup32.exe.txt,good_test,good_test,0,root,c271ea846416669b5bd61e084733a0cc448da917065899b936f00928380df4c3,TenClipsSetup32.exe,x86,plain,7564,1,
root_TheAeroClock_x64.exe.txt,good_test,good_test,0,root,d234cde414f5ddf8f003049b83bd47aa330713f2b805fd96ccf9a780b1ac8f3b,TheAeroClock_x64.exe,x64,plain,121462,1,
root_Typelightsetup.exe.txt,good_test,good_test,0,root,fe3302f87fe878471793f70fdbfe1f5ce569f3890595653149d9a38a6f6882cb,Typelightsetup.exe,x86,plain,14405,1,
root_Typograph_Setup.exe.txt,good_test,good_test,0,root,09ef4b9244eb44567917f2c42d946f0f0feec3eb2fab4a82a9cfb7a4880a88c3,Typograph_Setup.exe,x86,plain,26097,1,
root_UltraUXThemePatcher_4.4.0.exe.txt,good_test,good_test,0,root,d8d22521e9f1bb335c4a1030ca84ba0e6f89496b74fba1cdb00f53794e69e024,UltraUXThemePatcher_4.4.0.exe,x86,plain,8567,1,
root_VideoWallpaper_setup.exe.txt,good_test,good_test,0,root,babf8b168249cb8257b5ad248dcb5284f9c2b824feeb39e1066cf4a14607f28b,VideoWallpaper_setup.exe,x86,dotnet,,0,tag:dotnet
root_WMSetup.exe.txt,good_test,good_test,0,root,c8156efcdeba75d95b9a7b2548f708b75a25226e35201913cd1307f342755c97,WMSetup.exe,x86,plain,51331,1,
root_WinDock_Setup_1_2_1.exe.txt,good_test,good_test,0,root,f9518595f18be0e98f7e4cd146aaa3de381987200392226c7b2c9c7fb231163a,WinDock_Setup_1_2_1.exe,x86,plain,15434,1,
root_WinaeroTweaker-1.40.0.0-setup.exe.txt,good_test,good_test,0,root,26617332c466dee638a3272548fd8733feca9e29ee93a05d3447b3dce25083d5,WinaeroTweaker-1.40.0.0-setup.exe,x86,plain,24242,1,
root_WordCreator.exe.txt,good_test,good_test,0,root,4d40f9df9ce3ea88664d0a481204278655d47e9195ee8162f078b121e2422af7,WordCreator.exe,x86,plain,1153187,1,
root_XAMPP_1.7.paf.exe.txt,good_test,good_test,0,root,669e28e939116f4e8d8c27029d95da8d4813031870ba5573dde41bd7cf1d1e51,XAMPP_1.7.paf.exe,x86,plain,8398,1,
root_ZoomIt64.exe.txt,good_test,good_test,0,root,4a871ec0d82d4adc240cd937f7a95bbdbc3d4dedd27fabb4b61a3df30fa89bdc,ZoomIt64.exe,x64,plain,107684,1,
root_acereader.exe.txt,good_test,good_test,0,root,fefacc46c97599a960107da7e7f49591602936b270b150c3a888cba66a1136f3,acereader.exe,x86,plain,71768,1,
root_autoleavemeeting.exe.txt,good_test,good_test,0,root,ec3c85abc032be22b15edda535a56550857e5df04504314a3e626d9140773e26,autoleavemeeting.exe,x86,plain,24242,1,
root_calajaws.exe.txt,good_test,good_test,0,root,fec037ccdff3197b4320d4479fcf1910ed1f401c20fcf9cfa802d70ef3769cb0,calajaws.exe,x86,plain,9286,1,
root_cdbxp_setup_4.5.2.4291.exe.txt,good_test,good_test,0,root,12ec4e280bafaf7fad9c15fe83a1f0688d744e4c4a168721ff7ff86894f3713d,cdbxp_setup_4.5.2.4291.exe,x86,plain,32065,1,
root_colorclassic.exe.txt,good_test,good_test,0,root,4367dbeb5c3675794c4a07dcdf6f50aa9cc746f5711d8023ca8f19631e7bdfeb,colorclassic.exe,x86,dotnet,,0,tag:dotnet
root_desktopcal-setup-v2.exe.txt,good_test,good_test,0,root,c30d7a84dc2888e010a767c96878c671d65682d71d7b8694713ba731cb7f2eff,desktopcal-setup-v2.exe,x86,plain,8383,1,
root_dfsetup221.exe.txt,good_test,good_test,0,root,29a8e556ac9db50b809da213ba3cc2e80d88e90a90e6c58e8177a5f3cf6b134d,dfsetup221.exe,x86,plain,9632,1,
root_edraw-max_setup_full5371.exe.txt,good_test,good_test,0,root,3671fe70ba3059daa1166cddd7351134aa2bca08411eff3c995f729f5e339b65,edraw-max_setup_full5371.exe,x86,plain,359687,1,
root_gVimPortable_9.0.paf.exe.txt,good_test,good_test,0,root,c170bcb14bafd3a8675da5ae54d5e1dfd5b1044d6880d1debe2507af82bcd7c9,gVimPortable_9.0.paf.exe,x86,plain,8567,1,
root_greenwaterfalls.exe.txt,good_test,good_test,0,root,74604d9f365c5a4648508cdb314da7b78e172adb29c1ffafa63ffa9b20057ec3,greenwaterfalls.exe,x86,plain,15434,1,
root_health-break-reminder.exe.txt,good_test,good_test,0,root,cccc915570282b00fdec95524eddfe18187898fe50d8284eee890beaf81f3116,health-break-reminder.exe,x86,plain,24480,1,
root_letsview-setup.exe.txt,good_test,good_test,0,root,d1eafeb10517d36fff08f19572ef71421dd742ae1ad22d8a0d711c9766d99fb3,letsview-setup.exe,x86,plain,402767,1,
root_lightpdf-setup.exe.txt,good_test,good_test,0,root,a6be7a9d2fe57190c49d9e71aefa994d60cad48787b6739e032b0527c0862616,lightpdf-setup.exe,x86,plain,399581,1,
root_litesetup_x64_en.exe.txt,good_test,good_test,0,root,56eed6fc7aab5d170efed962c844c4c6f107bb9e530a077fea7411f4fcb3f205,litesetup_x64_en.exe,x86,plain,48573,1,
root_localcooling-2.0-installer_Zap-q31.exe.txt,good_test,good_test,0,root,e26e459631c3c6a9ee9c498bbcee99ec67e8534a52313e1b13c0ed9639d162cb,localcooling-2.0-installer_Zap-q31.exe,x86,plain,310185,1,
root_logframer_31_setup.exe.txt,good_test,good_test,0,root,029146256081fdd6bc7e87da05c03584617d81f61ec7020ae86f1fd42e7c74e2,logframer_31_setup.exe,x86,plain,134395,1,
root_mit-scratch-3.29.1-installer_3G67a-1.exe.txt,good_test,good_test,0,root,e26e459631c3c6a9ee9c498bbcee99ec67e8534a52313e1b13c0ed9639d162cb,mit-scratch-3.29.1-installer_3G67a-1.exe,,dup,,0,tag:dup
root_netPanzerPortable_0.8.7_English.paf.exe.txt,good_test,good_test,0,root,2f389504b35baeb1c9e352fc09ab6766e393e25e1e05d1dd3fba9a434d779835,netPanzerPortable_0.8.7_English.paf.exe,x86,plain,8140,1,
root_nexusfont_setup_2.7.1.exe.txt,good_test,good_test,0,root,b2dcc55a4e7bdc26ca24b3539ea584e0b3775b761b9c810e5f54db927d1cec14,nexusfont_setup_2.7.1.exe,x86,plain,310185,1,
root_nfopad181.exe.txt,good_test,good_test,0,root,9139ed7f97278edf90ee8dc179e30a00d475a6cd34670b6e122e4d603c19dd6a,nfopad181.exe,x86,plain,8567,1,
root_pebuilder3110a.exe.txt,good_test,good_test,0,root,f181c43663f8844e34626d4dfc099ee10b03ab454a3d374829b03a7c466662a3,pebuilder3110a.exe,x86,plain,13955,1,
root_printdistributor-2019.4.5.1048.exe.txt,good_test,good_test,0,root,7ea5d41e6b070cb440690d426d7a2d89d11432ef3ddc9200752ade9819d1c06b,printdistributor-2019.4.5.1048.exe,x86,plain,24480,1,
root_rufus-3.3p.exe.txt,good_test,good_test,0,root,861be38c943b54ec9f90b4372c68bc254e98967e0c724ac1f603749b6362ef41,rufus-3.3p.exe,x86,plain,93843,1,
root_setupGMS3.exe.txt,good_test,good_test,0,root,bce1ed648e567ab47031c4bdbe74dedff257c3bf17c72ef8cfa6e18dcb4ae1e0,setupGMS3.exe,x86,plain,15761,1,
root_setup_BakadoPlayer.exe.txt,good_test,good_test,0,root,a61c91b1ff6694756f674e1debe2031f19b0634fae9a35926106ec91d96c0ebb,setup_BakadoPlayer.exe,x86,plain,14016,1,
root_setup_DTT.exe.txt,good_test,good_test,0,root,5dd47d108e5fac31954b861dba016409aa5eba891eda6527d752a700d89e4eee,setup_DTT.exe,x86,plain,14206,1,
root_setup_FSL_Launcher.exe.txt,good_test,good_test,0,root,4c74b2451a049c885d010f70407648d853124a1d76e6f4ee3987e5344d78dc1e,setup_FSL_Launcher.exe,x86,plain,14206,1,
root_setup_IconRestorer.exe.txt,good_test,good_test,0,root,0f903e79de5699274787ae868dd54595514ffc75aa315a85c18df189dc2dceb9,setup_IconRestorer.exe,x86,plain,32099,1,
root_setup_SuperFinderXT.exe.txt,good_test,good_test,0,root,e2a940041a0dc53165050930f73f3958a86f1ea8d9429d73718d8def8c6e9f8d,setup_SuperFinderXT.exe,x86,plain,15789,1,
root_setup_WatchDOG.exe.txt,good_test,good_test,0,root,da05ad8215b01ea9ca9dbfd8c12fba5933b12acda27c29e4188dbb27378b42c0,setup_WatchDOG.exe,x86,plain,14016,1,
root_setup_multitimer.exe.txt,good_test,good_test,0,root,c9328104baca9cc3203e6bebf338f4ef1f9563a28ee9edec4c8862089cbb8bcc,setup_multitimer.exe,x86,plain,309404,1,
root_sonma-typing-expert-2.01.0000-installer_1-VnWd1.exe.txt,good_test,good_test,0,root,e26e459631c3c6a9ee9c498bbcee99ec67e8534a52313e1b13c0ed9639d162cb,sonma-typing-expert-2.01.0000-installer_1-VnWd1.exe,,dup,,0,tag:dup
root_tnp631se_uni.exe.txt,good_test,good_test,0,root,88d092b00754f42af2e0ddae8a1aa013b0a70ab720a66d9256671c1184a90491,tnp631se_uni.exe,x86,plain,7729,1,
root_tyt2022setup.exe.txt,good_test,good_test,0,root,6acd895e794fbaa1443ccfc8b9160824171f9dd6b6a872e85c810efad2388254,tyt2022setup.exe,x86,plain,14405,1,
avaddon_05af0cf40590aef24b28fa04c6b4998b7ab3b7f26e60c507adb84f3d837778f2.txt,mal_train,mal_train,1,avaddon,05af0cf40590aef24b28fa04c6b4998b7ab3b7f26e60c507adb84f3d837778f2,05af0cf40590aef24b28fa04c6b4998b7ab3b7f26e60c507adb84f3d837778f2,x86,plain,203045,1,
avaddon_09f01f2256663969229c2c954f7b29751b41a0c2b36cdb9b67c9491b76c04898.txt,mal_train,mal_train,1,avaddon,09f01f2256663969229c2c954f7b29751b41a0c2b36cdb9b67c9491b76c04898,09f01f2256663969229c2c954f7b29751b41a0c2b36cdb9b67c9491b76c04898,x86,plain,190422,1,
avaddon_0ff4058f709d278ed662719b9627618c48e7a656c59f6bfecda9081c7cbd742b.txt,mal_train,mal_train,1,avaddon,0ff4058f709d278ed662719b9627618c48e7a656c59f6bfecda9081c7cbd742b,0ff4058f709d278ed662719b9627618c48e7a656c59f6bfecda9081c7cbd742b,x86,plain,190422,1,
avaddon_1228d0f04f0ba82569fc1c0609f9fd6c377a91b9ea44c1e7f9f84b2b90552da2.txt,mal_train,mal_train,1,avaddon,1228d0f04f0ba82569fc1c0609f9fd6c377a91b9ea44c1e7f9f84b2b90552da2,1228d0f04f0ba82569fc1c0609f9fd6c377a91b9ea44c1e7f9f84b2b90552da2,x86,plain,190422,1,
avaddon_146712f0832c4e2fbe24245d18f2913746436e38d5438f5eca15dfd0fb50ec24.txt,mal_train,mal_train,1,avaddon,146712f0832c4e2fbe24245d18f2913746436e38d5438f5eca15dfd0fb50ec24,146712f0832c4e2fbe24245d18f2913746436e38d5438f5eca15dfd0fb50ec24,x86,plain,190422,1,
avaddon_17e68e1fb7737ec554eab4b7aea90ebb2fb23c953d920b8d8f1ab4825c3faede.txt,mal_train,mal_train,1,avaddon,17e68e1fb7737ec554eab4b7aea90ebb2fb23c953d920b8d8f1ab4825c3faede,17e68e1fb7737ec554eab4b7aea90ebb2fb23c953d920b8d8f1ab4825c3faede,x86,plain,190422,1,
avaddon_17efb277d1893fe4255b9178e9bf6ce55d8a514f9805fd2ab8f7065498c53d97.txt,mal_train,mal_train,1,avaddon,17efb277d1893fe4255b9178e9bf6ce55d8a514f9805fd2ab8f7065498c53d97,17efb277d1893fe4255b9178e9bf6ce55d8a514f9805fd2ab8f7065498c53d97,x86,plain,188078,1,
avaddon_1c53a211e69cb490911485d71573fd1a4210d7167094a6d7b28926157acd31f0.txt,mal_train,mal_train,1,avaddon,1c53a211e69cb490911485d71573fd1a4210d7167094a6d7b28926157acd31f0,1c53a211e69cb490911485d71573fd1a4210d7167094a6d7b28926157acd31f0,x86,plain,190422,1,
avaddon_1d5f21f26caefe394d6b217a654f0effb6a6a986257229daf447e8b8966f693e.txt,mal_train,mal_train,1,avaddon,1d5f21f26caefe394d6b217a654f0effb6a6a986257229daf447e8b8966f693e,1d5f21f26caefe394d6b217a654f0effb6a6a986257229daf447e8b8966f693e,x86,plain,190422,1,
avaddon_1e8df42c2e51f919886eaf955c8fc9630ba9aca8bba47b1541ead131feb55a11.txt,mal_train,mal_train,1,avaddon,1e8df42c2e51f919886eaf955c8fc9630ba9aca8bba47b1541ead131feb55a11,1e8df42c2e51f919886eaf955c8fc9630ba9aca8bba47b1541ead131feb55a11,x86,plain,187406,1,
avaddon_240d0e4653fdcac298777ad397af4df50fe355aa87fd82146ae40e9e998eab90.txt,mal_train,mal_train,1,avaddon,240d0e4653fdcac298777ad397af4df50fe355aa87fd82146ae40e9e998eab90,240d0e4653fdcac298777ad397af4df50fe355aa87fd82146ae40e9e998eab90,x86,plain,190422,1,
avaddon_2462a1cc358704bf1f12d266a0cc596bce16ba58f8611aa0fdeb094f61f1631a.txt,mal_train,mal_train,1,avaddon,2462a1cc358704bf1f12d266a0cc596bce16ba58f8611aa0fdeb094f61f1631a,2462a1cc358704bf1f12d266a0cc596bce16ba58f8611aa0fdeb094f61f1631a,x86,plain,190422,1,
avaddon_2a63fd5330739eaf96adab4e1f4162655ab0e1d977787fb0495f0a2ed137b96b.txt,mal_train,mal_train,1,avaddon,2a63fd5330739eaf96adab4e1f4162655ab0e1d977787fb0495f0a2ed137b96b,2a63fd5330739eaf96adab4e1f4162655ab0e1d977787fb0495f0a2ed137b96b,x86,plain,190422,1,
avaddon_2bfdaec2c8e4b66d6c9c3b5887c8cd94e4e590c593169c1e11b06e3240c87803.txt,mal_train,mal_train,1,avaddon,2bfdaec2c8e4b66d6c9c3b5887c8cd94e4e590c593169c1e11b06e3240c87803,2bfdaec2c8e4b66d6c9c3b5887c8cd94e4e590c593169c1e11b06e3240c87803,x86,plain,190422,1,
avaddon_2c277c4960f11e457fdc506d139d6a6064c3b967834d1e986c68b508cae55cd0.txt,mal_train,mal_train,1,avaddon,2c277c4960f11e457fdc506d139d6a6064c3b967834d1e986c68b508cae55cd0,2c277c4960f11e457fdc506d139d6a6064c3b967834d1e986c68b508cae55cd0,x86,plain,190422,1,
avaddon_319ec1a54148644197b40ed4d73b8fe5646c4f6ebf76d1487bce40a72d37baa7.txt,mal_train,mal_train,1,avaddon,319ec1a54148644197b40ed4d73b8fe5646c4f6ebf76d1487bce40a72d37baa7,319ec1a54148644197b40ed4d73b8fe5646c4f6ebf76d1487bce40a72d37baa7,x86,plain,200319,1,
avaddon_32643547aefae01363ff01beb15fa818827896088670a78e814a227ca120975a.txt,mal_train,mal_train,1,avaddon,32643547aefae01363ff01beb15fa818827896088670a78e814a227ca120975a,32643547aefae01363ff01beb15fa818827896088670a78e814a227ca120975a,x86,plain,203045,1,
avaddon_3e9dba43f0b8303ca3f57a09c2b829806720064e6aada312fab2c52484004db2.txt,mal_train,mal_train,1,avaddon,3e9dba43f0b8303ca3f57a09c2b829806720064e6aada312fab2c52484004db2,3e9dba43f0b8303ca3f57a09c2b829806720064e6aada312fab2c52484004db2,x86,plain,190422,1,
avaddon_41302ba84885fcc5960d4e474d71f6af7c2a631c24d691179ff0a733eb1a4970.txt,mal_train,mal_train,1,avaddon,41302ba84885fcc5960d4e474d71f6af7c2a631c24d691179ff0a733eb1a4970,41302ba84885fcc5960d4e474d71f6af7c2a631c24d691179ff0a733eb1a4970,x86,plain,187407,1,
avaddon_433875f694fb7f96b4fe51e4c3d9a45515e849d1ffd9aa528fb9b23f6323e106.txt,mal_train,mal_train,1,avaddon,433875f694fb7f96b4fe51e4c3d9a45515e849d1ffd9aa528fb9b23f6323e106,433875f694fb7f96b4fe51e4c3d9a45515e849d1ffd9aa528fb9b23f6323e106,x86,plain,186773,1,
avaddon_46a8c1e768f632d69d06bfbd93932d102965c9e3f7c37d4a92e30aaeca905675.txt,mal_train,mal_train,1,avaddon,46a8c1e768f632d69d06bfbd93932d102965c9e3f7c37d4a92e30aaeca905675,46a8c1e768f632d69d06bfbd93932d102965c9e3f7c37d4a92e30aaeca905675,x86,plain,190422,1,
avaddon_476991b5d212883d22cf78d6830b61f13ce3b9ea8ff2c4d4e6dbd5fcad4b9a95.txt,mal_train,mal_train,1,avaddon,476991b5d212883d22cf78d6830b61f13ce3b9ea8ff2c4d4e6dbd5fcad4b9a95,476991b5d212883d22cf78d6830b61f13ce3b9ea8ff2c4d4e6dbd5fcad4b9a95,x86,plain,190422,1,
avaddon_48d7cd572f14aed7a90d6b66097a885a889e6e7416a6aaa2eb442706ff661275.txt,mal_train,mal_train,1,avaddon,48d7cd572f14aed7a90d6b66097a885a889e6e7416a6aaa2eb442706ff661275,48d7cd572f14aed7a90d6b66097a885a889e6e7416a6aaa2eb442706ff661275,x86,plain,190422,1,
avaddon_4c4477f81ec823fa43bc2499d0fac1c8ccc1e828f1086aa8bfc7ba7122605da2.txt,mal_train,mal_train,1,avaddon,4c4477f81ec823fa43bc2499d0fac1c8ccc1e828f1086aa8bfc7ba7122605da2,4c4477f81ec823fa43bc2499d0fac1c8ccc1e828f1086aa8bfc7ba7122605da2,x86,plain,190422,1,
avaddon_5f171bd6646d203350bab1ac76aa789479b0af70616022d40b9c1efd9fd73cb9.txt,mal_train,mal_train,1,avaddon,5f171bd6646d203350bab1ac76aa789479b0af70616022d40b9c1efd9fd73cb9,5f171bd6646d203350bab1ac76aa789479b0af70616022d40b9c1efd9fd73cb9,x86,plain,190422,1,
avaddon_63d793d1815aa1b119d580312630569fb2eb1880396df7cbe339adcd5c3ae2de.txt,mal_train,mal_train,1,avaddon,63d793d1815aa1b119d580312630569fb2eb1880396df7cbe339adcd5c3ae2de,63d793d1815aa1b119d580312630569fb2eb1880396df7cbe339adcd5c3ae2de,x86,plain,190422,1,
avaddon_6c40bc4bd88759b8bab164742f0d617a576e5488d816a7ce53e9ee71918fbd5e.txt,mal_train,mal_train,1,avaddon,6c40bc4bd88759b8bab164742f0d617a576e5488d816a7ce53e9ee71918fbd5e,6c40bc4bd88759b8bab164742f0d617a576e5488d816a7ce53e9ee71918fbd5e,x86,plain,187406,1,
avaddon_7777b09e492304a37ac771a33be44dcf685ec528f20faaecf84bcafe3b870a6a.txt,mal_train,mal_train,1,avaddon,7777b09e492304a37ac771a33be44dcf685ec528f20faaecf84bcafe3b870a6a,7777b09e492304a37ac771a33be44dcf685ec528f20faaecf84bcafe3b870a6a,x86,plain,190422,1,
avaddon_81493b11fc6acd0d4d8bb653dd9fcdaec16affbcbb509c01f6377db68efceee3.txt,mal_train,mal_train,1,avaddon,81493b11fc6acd0d4d8bb653dd9fcdaec16affbcbb509c01f6377db68efceee3,81493b11fc6acd0d4d8bb653dd9fcdaec16affbcbb509c01f6377db68efceee3,x86,plain,187407,1,
avaddon_898a9d34e5e5c49b03fcc27216fb83f1c9690e4fc75a9e9aa144f4d93d564471.txt,mal_train,mal_train,1,avaddon,898a9d34e5e5c49b03fcc27216fb83f1c9690e4fc75a9e9aa144f4d93d564471,898a9d34e5e5c49b03fcc27216fb83f1c9690e4fc75a9e9aa144f4d93d564471,x86,plain,190422,1,
avaddon_90ebe699b4485af1eede919d39c1d080f5046a3d572ac4cd56d591de32e1746f.txt,mal_train,mal_train,1,avaddon,90ebe699b4485af1eede919d39c1d080f5046a3d572ac4cd56d591de32e1746f,90ebe699b4485af1eede919d39c1d080f5046a3d572ac4cd56d591de32e1746f,x86,plain,186773,1,
avaddon_99f433c40fae957a270e150dd6a3946fe746503cfb19efe53e0d8e52ad12f5fe.txt,mal_train,mal_train,1,avaddon,99f433c40fae957a270e150dd6a3946fe746503cfb19efe53e0d8e52ad12f5fe,99f433c40fae957a270e150dd6a3946fe746503cfb19efe53e0d8e52ad12f5fe,x86,plain,188078,1,
avaddon_9bf8178897ad95d55f2c74eb3827419164228f3d2dcb25cd71190f758dad8b91.txt,mal_train,mal_train,1,avaddon,9bf8178897ad95d55f2c74eb3827419164228f3d2dcb25cd71190f758dad8b91,9bf8178897ad95d55f2c74eb3827419164228f3d2dcb25cd71190f758dad8b91,x86,plain,190422,1,
avaddon_a714d94634dfc13ed21a8a9b7fb1990c257050f809b0a53c9a5928e3c220f45d.txt,mal_train,mal_train,1,avaddon,a714d94634dfc13ed21a8a9b7fb1990c257050f809b0a53c9a5928e3c220f45d,a714d94634dfc13ed21a8a9b7fb1990c257050f809b0a53c9a5928e3c220f45d,x86,plain,190422,1,
avaddon_accdf7be34e793269c8e340d73a34199a9a4b3503e9b2120e9f3ef250f18922c.txt,mal_train,mal_train,1,avaddon,accdf7be34e793269c8e340d73a34199a9a4b3503e9b2120e9f3ef250f18922c,accdf7be34e793269c8e340d73a34199a9a4b3503e9b2120e9f3ef250f18922c,x86,plain,190422,1,
avaddon_adc2ccee19ca8ffb238053f98d87d1ae41cfa794248db23dce8e2db80a8cad56.txt,mal_train,mal_train,1,avaddon,adc2ccee19ca8ffb238053f98d87d1ae41cfa794248db23dce8e2db80a8cad56,adc2ccee19ca8ffb238053f98d87d1ae41cfa794248db23dce8e2db80a8cad56,x86,plain,190422,1,
avaddon_b83e430f6f40dc470096516a1780dc87e707a7cb3db07533ea672fdaf2a3ebf5.txt,mal_train,mal_train,1,avaddon,534716ee4d6d52692aa4b7cb4176330f139a282f3cd143b41807e95733c64ede,b83e430f6f40dc470096516a1780dc87e707a7cb3db07533ea672fdaf2a3ebf5,x86,plain,190422,1,
avaddon_ba410968db8d8b0d7faa1c48862c1235f78bc01a3f0929bd8ef9ac644fed3b70.txt,mal_train,mal_train,1,avaddon,ba410968db8d8b0d7faa1c48862c1235f78bc01a3f0929bd8ef9ac644fed3b70,ba410968db8d8b0d7faa1c48862c1235f78bc01a3f0929bd8ef9ac644fed3b70,x86,plain,186773,1,
avaddon_bc5c264c4dc0207f6d500c47f870cc2aef641c4bf0efa3b1a408b83922cc61ac.txt,mal_train,mal_train,1,avaddon,bc5c264c4dc0207f6d500c47f870cc2aef641c4bf0efa3b1a408b83922cc61ac,bc5c264c4dc0207f6d500c47f870cc2aef641c4bf0efa3b1a408b83922cc61ac,x86,plain,190422,1,
avaddon_ce9236f9e823ce5613746d27660bc6613b16fb63e90ddf1ca77b11fa483a115c.txt,mal_train,mal_train,1,avaddon,864a03baf372f7881cd005d7440de314f9fd9a2b1c83057ebbb5ffa8e4eb08ce,ce9236f9e823ce5613746d27660bc6613b16fb63e90ddf1ca77b11fa483a115c,x86,plain,190422,1,
avaddon_d084e7c9160b96e53d799ef955a676aa28290cf51a2ba3354ccdd33829638175.txt,mal_train,mal_train,1,avaddon,d084e7c9160b96e53d799ef955a676aa28290cf51a2ba3354ccdd33829638175,d084e7c9160b96e53d799ef955a676aa28290cf51a2ba3354ccdd33829638175,x86,plain,190422,1,
avaddon_d8470ac79ec2e92a5bbbab94cfa02f5162d23c6bf9cfb15d42edb97c6b9d0095.txt,mal_train,mal_train,1,avaddon,d8470ac79ec2e92a5bbbab94cfa02f5162d23c6bf9cfb15d42edb97c6b9d0095,d8470ac79ec2e92a5bbbab94cfa02f5162d23c6bf9cfb15d42edb97c6b9d0095,x86,plain,187406,1,
avaddon_dab7eb2503e0d61d02e6156a47361da97afc53c1dee17c420a0a05de891172c3.txt,mal_train,mal_train,1,avaddon,dab7eb2503e0d61d02e6156a47361da97afc53c1dee17c420a0a05de891172c3,dab7eb2503e0d61d02e6156a47361da97afc53c1dee17c420a0a05de891172c3,x86,plain,190422,1,
avaddon_dcb49ab9ec92111797dbf28f8a4df23729648d250f1abf9b06562d95afc400f6.txt,mal_train,mal_train,1,avaddon,dcb49ab9ec92111797dbf28f8a4df23729648d250f1abf9b06562d95afc400f6,dcb49ab9ec92111797dbf28f8a4df23729648d250f1abf9b06562d95afc400f6,x86,plain,190422,1,
avaddon_e3493fea655027d88224954f32985caff0aebaa858df3314747f6f4e4a92ac8d.txt,mal_train,mal_train,1,avaddon,e3493fea655027d88224954f32985caff0aebaa858df3314747f6f4e4a92ac8d,e3493fea655027d88224954f32985caff0aebaa858df3314747f6f4e4a92ac8d,x86,plain,187267,1,
avaddon_e3f39c3866a3b619e9f2b0eaa346bd9dae42b3330be1392828bbfb3d3619cdac.txt,mal_train,mal_train,1,avaddon,e3f39c3866a3b619e9f2b0eaa346bd9dae42b3330be1392828bbfb3d3619cdac,e3f39c3866a3b619e9f2b0eaa346bd9dae42b3330be1392828bbfb3d3619cdac,x86,plain,188078,1,
avaddon_f50ba2fd7e441ef2bffeb6355d33f367248097351d0fa42932c59c6dd26557b5.txt,mal_train,mal_train,1,avaddon,f50ba2fd7e441ef2bffeb6355d33f367248097351d0fa42932c59c6dd26557b5,f50ba2fd7e441ef2bffeb6355d33f367248097351d0fa42932c59c6dd26557b5,x86,plain,190422,1,
avaddon_fc42cbd5939fcb8b6851021497041c80acd81ce7a43b952ab7807d5a05d2ed97.txt,mal_train,mal_train,1,avaddon,fc42cbd5939fcb8b6851021497041c80acd81ce7a43b952ab7807d5a05d2ed97,fc42cbd5939fcb8b6851021497041c80acd81ce7a43b952ab7807d5a05d2ed97,x86,plain,190422,1,
avaddon_fcdb893993c8b5e81fa9f73c40384a6c8cec4d9e5b06f8a2ec6ebb3d5a886db2.txt,mal_train,mal_train,1,avaddon,fcdb893993c8b5e81fa9f73c40384a6c8cec4d9e5b06f8a2ec6ebb3d5a886db2,fcdb893993c8b5e81fa9f73c40384a6c8cec4d9e5b06f8a2ec6ebb3d5a886db2,x86,plain,190422,1,
babuk_0099963e7285aeafc09e4214a45a6a210253d514cbd0d4b0c3997647a0afe879.txt,mal_train,mal_train,1,babuk,0099963e7285aeafc09e4214a45a6a210253d514cbd0d4b0c3997647a0afe879,0099963e7285aeafc09e4214a45a6a210253d514cbd0d4b0c3997647a0afe879,x86,plain,24494,1,
babuk_01c647838c374e91e8f9fe967fd25235d72264414bb0d5b82c4fbd4151a9717f.txt,mal_train,mal_train,1,babuk,01c647838c374e91e8f9fe967fd25235d72264414bb0d5b82c4fbd4151a9717f,01c647838c374e91e8f9fe967fd25235d72264414bb0d5b82c4fbd4151a9717f,x86,plain,24331,1,
babuk_028facff67136de55fe200177a190da625c8e1713b4e7d95bf5fc5412a5afffc.txt,mal_train,mal_train,1,babuk,028facff67136de55fe200177a190da625c8e1713b4e7d95bf5fc5412a5afffc,028facff67136de55fe200177a190da625c8e1713b4e7d95bf5fc5412a5afffc,x86,plain,24501,1,
babuk_0294114d5f411b6c47eb255d4ed6865df99d1c5252f4f585aabf44e6cbacaa59.txt,mal_train,mal_train,1,babuk,0294114d5f411b6c47eb255d4ed6865df99d1c5252f4f585aabf44e6cbacaa59,0294114d5f411b6c47eb255d4ed6865df99d1c5252f4f585aabf44e6cbacaa59,x86,plain,24277,1,
babuk_03110baa5aad9d01610293f2b8cd21b44cc7efa0a465e677d6b3f92510a4b1d7.txt,mal_train,mal_train,1,babuk,03110baa5aad9d01610293f2b8cd21b44cc7efa0a465e677d6b3f92510a4b1d7,03110baa5aad9d01610293f2b8cd21b44cc7efa0a465e677d6b3f92510a4b1d7,x86,plain,24483,1,
babuk_04126b30c1c2663cdf2b6386781aedbfce2ef418a0b01de510bd536903f577e3.txt,mal_train,mal_train,1,babuk,04126b30c1c2663cdf2b6386781aedbfce2ef418a0b01de510bd536903f577e3,04126b30c1c2663cdf2b6386781aedbfce2ef418a0b01de510bd536903f577e3,x86,plain,21067,1,
babuk_049e53f72c8afa5ccb850429d55a00e2fbe799e68247fd13f5058146cf0f4cf8.txt,mal_train,mal_train,1,babuk,049e53f72c8afa5ccb850429d55a00e2fbe799e68247fd13f5058146cf0f4cf8,049e53f72c8afa5ccb850429d55a00e2fbe799e68247fd13f5058146cf0f4cf8,x86,plain,24304,1,
babuk_06d370217abec9468bc22c30ba3be72b8de1a7459f9e927656dcf2613a314bf6.txt,mal_train,mal_train,1,babuk,06d370217abec9468bc22c30ba3be72b8de1a7459f9e927656dcf2613a314bf6,06d370217abec9468bc22c30ba3be72b8de1a7459f9e927656dcf2613a314bf6,x86,plain,7546,1,
babuk_105af5c40c65f51979308e022c25dd285db3cd20e9656caaba0e9b1fc253898b.txt,mal_train,mal_train,1,babuk,105af5c40c65f51979308e022c25dd285db3cd20e9656caaba0e9b1fc253898b,105af5c40c65f51979308e022c25dd285db3cd20e9656caaba0e9b1fc253898b,x86,plain,22530,1,
babuk_106118444e0a7405c13531f8cd70191f36356581d58789dfc5df3da7ba0f9223.txt,mal_train,mal_train,1,babuk,106118444e0a7405c13531f8cd70191f36356581d58789dfc5df3da7ba0f9223,106118444e0a7405c13531f8cd70191f36356581d58789dfc5df3da7ba0f9223,x86,plain,24358,1,
babuk_18e299d4331ccff805275b21f33be0a3bd3d1d9ce72a79ba78d2f32dd657bfbb.txt,mal_train,mal_train,1,babuk,18e299d4331ccff805275b21f33be0a3bd3d1d9ce72a79ba78d2f32dd657bfbb,18e299d4331ccff805275b21f33be0a3bd3d1d9ce72a79ba78d2f32dd657bfbb,x86,plain,23929,1,
babuk_1b9412ca5e9deb29aeaa37be05ae8d0a8a636c12fdff8c17032aa017f6075c02.txt,mal_train,mal_train,1,babuk,1b9412ca5e9deb29aeaa37be05ae8d0a8a636c12fdff8c17032aa017f6075c02,1b9412ca5e9deb29aeaa37be05ae8d0a8a636c12fdff8c17032aa017f6075c02,x86,plain,8780,1,
babuk_1deb1efad2c469198aabbb618285e2229052273cf654ee5925c2540ded224402.txt,mal_train,mal_train,1,babuk,1deb1efad2c469198aabbb618285e2229052273cf654ee5925c2540ded224402,1deb1efad2c469198aabbb618285e2229052273cf654ee5925c2540ded224402,x86,plain,24016,1,
babuk_1e24560100d010c27cc19c59f9fe1531e4286ecb21fe53763165f30c5f58dc90.txt,mal_train,mal_train,1,babuk,1e24560100d010c27cc19c59f9fe1531e4286ecb21fe53763165f30c5f58dc90,1e24560100d010c27cc19c59f9fe1531e4286ecb21fe53763165f30c5f58dc90,x86,plain,24501,1,
babuk_1f2edda243404918b78aa6123aa1fc5b18dd9506e4042c7a1547b565334527e1.txt,mal_train,mal_train,1,babuk,1f2edda243404918b78aa6123aa1fc5b18dd9506e4042c7a1547b565334527e1,1f2edda243404918b78aa6123aa1fc5b18dd9506e4042c7a1547b565334527e1,x86,plain,23975,1,
babuk_2138c8a34a1eff40ba3fc81b6e3b7564c6b695b140e82f3fcf23b2ec2bf291cf.txt,mal_train,mal_train,1,babuk,2138c8a34a1eff40ba3fc81b6e3b7564c6b695b140e82f3fcf23b2ec2bf291cf,2138c8a34a1eff40ba3fc81b6e3b7564c6b695b140e82f3fcf23b2ec2bf291cf,x86,plain,23928,1,
babuk_245e191bfe998ad9ef2d6b169af22f3c290e9950234f8ddd0f4a03cb3eebf761.txt,mal_train,mal_train,1,babuk,245e191bfe998ad9ef2d6b169af22f3c290e9950234f8ddd0f4a03cb3eebf761,245e191bfe998ad9ef2d6b169af22f3c290e9950234f8ddd0f4a03cb3eebf761,x86,plain,24392,1,
babuk_30fcff7add11ea6685a233c8ce1fc30abe67044630524a6eb363573a4a9f88b8.txt,mal_train,mal_train,1,babuk,30fcff7add11ea6685a233c8ce1fc30abe67044630524a6eb363573a4a9f88b8,30fcff7add11ea6685a233c8ce1fc30abe67044630524a6eb363573a4a9f88b8,x86,plain,8740,1,
babuk_36e4a3de5c4395d295bdf1d70a215d9669b626c58083ec2d8ab29513830faaa6.txt,mal_train,mal_train,1,babuk,36e4a3de5c4395d295bdf1d70a215d9669b626c58083ec2d8ab29513830faaa6,36e4a3de5c4395d295bdf1d70a215d9669b626c58083ec2d8ab29513830faaa6,x86,plain,21038,1,
babuk_54c82ad27174fd6ed72793b1ccf9d26613eb572960e847a63538420c69d06c5b.txt,mal_train,mal_train,1,babuk,54c82ad27174fd6ed72793b1ccf9d26613eb572960e847a63538420c69d06c5b,54c82ad27174fd6ed72793b1ccf9d26613eb572960e847a63538420c69d06c5b,x86,plain,23957,1,
babuk_575c7b60f3b1dfc3cdd42e868b88df19cef81a5577254a314dc7d1da0fd64cfb.txt,mal_train,mal_train,1,babuk,575c7b60f3b1dfc3cdd42e868b88df19cef81a5577254a314dc7d1da0fd64cfb,575c7b60f3b1dfc3cdd42e868b88df19cef81a5577254a314dc7d1da0fd64cfb,x86,plain,24408,1,
babuk_59ea8dda6806b4cbb1acd0bcf74be1e94b6a72da46e53de6ef9d611988163189.txt,mal_train,mal_train,1,babuk,59ea8dda6806b4cbb1acd0bcf74be1e94b6a72da46e53de6ef9d611988163189,59ea8dda6806b4cbb1acd0bcf74be1e94b6a72da46e53de6ef9d611988163189,x86,plain,24497,1,
babuk_6015d5535840e9ac9058c659f9ff661deb4838f2b93e74d2c0dcb126fae21322.txt,mal_train,mal_train,1,babuk,6015d5535840e9ac9058c659f9ff661deb4838f2b93e74d2c0dcb126fae21322,6015d5535840e9ac9058c659f9ff661deb4838f2b93e74d2c0dcb126fae21322,x86,plain,19613,1,
babuk_6103e26f6f9d5fd895d9c06e1f5e141ce74d8ebda999cda6a58a4393de5ed094.txt,mal_train,mal_train,1,babuk,6103e26f6f9d5fd895d9c06e1f5e141ce74d8ebda999cda6a58a4393de5ed094,6103e26f6f9d5fd895d9c06e1f5e141ce74d8ebda999cda6a58a4393de5ed094,x86,plain,23955,1,
babuk_678bfbf5d73d6cf38532e11b11dbed17668d94711e2e2ea27311dd46490201b7.txt,mal_train,mal_train,1,babuk,678bfbf5d73d6cf38532e11b11dbed17668d94711e2e2ea27311dd46490201b7,678bfbf5d73d6cf38532e11b11dbed17668d94711e2e2ea27311dd46490201b7,x86,plain,23953,1,
babuk_6d4ced2e85587e81d6a09b147ec7cccc054bc0fbb92afc39586de1b2bf57f812.txt,mal_train,mal_train,1,babuk,6d4ced2e85587e81d6a09b147ec7cccc054bc0fbb92afc39586de1b2bf57f812,6d4ced2e85587e81d6a09b147ec7cccc054bc0fbb92afc39586de1b2bf57f812,x86,plain,23957,1,
babuk_71936bc3ee40c7ea678889d2ad5fa7eb39401752cd58988ce462f9d4048578ac.txt,mal_train,mal_train,1,babuk,71936bc3ee40c7ea678889d2ad5fa7eb39401752cd58988ce462f9d4048578ac,71936bc3ee40c7ea678889d2ad5fa7eb39401752cd58988ce462f9d4048578ac,x86,plain,24358,1,
babuk_77c7839c7e8d4aaf52e33a2f29db8459381b5cc3b2700072305a8bae5e0762a9.txt,mal_train,mal_train,1,babuk,77c7839c7e8d4aaf52e33a2f29db8459381b5cc3b2700072305a8bae5e0762a9,77c7839c7e8d4aaf52e33a2f29db8459381b5cc3b2700072305a8bae5e0762a9,x86,plain,24010,1,
babuk_8203c2f00ecd3ae960cb3247a7d7bfb35e55c38939607c85dbdb5c92f0495fa9.txt,mal_train,mal_train,1,babuk,8203c2f00ecd3ae960cb3247a7d7bfb35e55c38939607c85dbdb5c92f0495fa9,8203c2f00ecd3ae960cb3247a7d7bfb35e55c38939607c85dbdb5c92f0495fa9,x86,plain,8587,1,
babuk_8ddf4529b943cf80e40938922f88432c413feb9feee60e91505afd6897b72a80.txt,mal_train,mal_train,1,babuk,8ddf4529b943cf80e40938922f88432c413feb9feee60e91505afd6897b72a80,8ddf4529b943cf80e40938922f88432c413feb9feee60e91505afd6897b72a80,x86,packed_other,15959,0,tag:packed_other
babuk_9a089790e04683ebf37d9746e0284322f59c46eef2a86cc231839482f323e871.txt,mal_train,mal_train,1,babuk,9a089790e04683ebf37d9746e0284322f59c46eef2a86cc231839482f323e871,9a089790e04683ebf37d9746e0284322f59c46eef2a86cc231839482f323e871,x86,plain,22016,1,
babuk_9caa8e8a98ef7841c1b230c22f78b5c10aa9348a2bfd0dfe2670853b6d0ba92c.txt,mal_train,mal_train,1,babuk,9caa8e8a98ef7841c1b230c22f78b5c10aa9348a2bfd0dfe2670853b6d0ba92c,9caa8e8a98ef7841c1b230c22f78b5c10aa9348a2bfd0dfe2670853b6d0ba92c,x86,plain,24451,1,
babuk_a2b5ebfc52a447cde255e1ec1ac8797ad49b156ed427df8c292d6aeb4dad5523.txt,mal_train,mal_train,1,babuk,a2b5ebfc52a447cde255e1ec1ac8797ad49b156ed427df8c292d6aeb4dad5523,a2b5ebfc52a447cde255e1ec1ac8797ad49b156ed427df8c292d6aeb4dad5523,x86,plain,23953,1,
babuk_a52267dc795a51404cbf2a7e8e7875929783bcc62abd6b7cfd1921c938cf2756.txt,mal_train,mal_train,1,babuk,a52267dc795a51404cbf2a7e8e7875929783bcc62abd6b7cfd1921c938cf2756,a52267dc795a51404cbf2a7e8e7875929783bcc62abd6b7cfd1921c938cf2756,x86,plain,24310,1,
babuk_ab4eae618bb05b4fb4a8d3790a0d18a3e1566ab477519991cb161398803a8847.txt,mal_train,mal_train,1,babuk,ab4eae618bb05b4fb4a8d3790a0d18a3e1566ab477519991cb161398803a8847,ab4eae618bb05b4fb4a8d3790a0d18a3e1566ab477519991cb161398803a8847,x86,plain,22269,1,
babuk_ae6020a06d2a95cbe91b439f4433e87d198547dec629ab0900ccfe17e729cff1.txt,mal_train,mal_train,1,babuk,ae6020a06d2a95cbe91b439f4433e87d198547dec629ab0900ccfe17e729cff1,ae6020a06d2a95cbe91b439f4433e87d198547dec629ab0900ccfe17e729cff1,x86,plain,24310,1,
babuk_b4be6b8acda97f36c448365751d5c9a9e1b91f47cedfde79e1de258413c3de71.txt,mal_train,mal_train,1,babuk,b4be6b8acda97f36c448365751d5c9a9e1b91f47cedfde79e1de258413c3de71,b4be6b8acda97f36c448365751d5c9a9e1b91f47cedfde79e1de258413c3de71,x86,plain,23953,1,
babuk_bb31f235e86b0fda185e6580ef5327f80d6a6c754f78499e8647de5e229769cc.txt,mal_train,mal_train,1,babuk,bb31f235e86b0fda185e6580ef5327f80d6a6c754f78499e8647de5e229769cc,bb31f235e86b0fda185e6580ef5327f80d6a6c754f78499e8647de5e229769cc,x86,plain,23916,1,
babuk_c4282e9040cdc1df92b722568a8b4c42ce9f6533fed0bd34b7fdbae264947784.txt,mal_train,mal_train,1,babuk,c4282e9040cdc1df92b722568a8b4c42ce9f6533fed0bd34b7fdbae264947784,c4282e9040cdc1df92b722568a8b4c42ce9f6533fed0bd34b7fdbae264947784,x86,plain,23927,1,
babuk_ca0d9c8e8b2ed05fcf10178e1d194f5e484892dbe59ede4ae9549d27a5c8fd75.txt,mal_train,mal_train,1,babuk,ca0d9c8e8b2ed05fcf10178e1d194f5e484892dbe59ede4ae9549d27a5c8fd75,ca0d9c8e8b2ed05fcf10178e1d194f5e484892dbe59ede4ae9549d27a5c8fd75,x86,plain,24425,1,
babuk_e0caa666e605f9ee708448cb9af69188d3afc350bbedab0143ab2a44493c33f0.txt,mal_train,mal_train,1,babuk,e0caa666e605f9ee708448cb9af69188d3afc350bbedab0143ab2a44493c33f0,e0caa666e605f9ee708448cb9af69188d3afc350bbedab0143ab2a44493c33f0,x86,packed_other,27073,0,tag:packed_other
babuk_ea95f131bd9b49104d9e7ae83335254549ded9d71d557c6e4746740aecca2c85.txt,mal_train,mal_train,1,babuk,ea95f131bd9b49104d9e7ae83335254549ded9d71d557c6e4746740aecca2c85,ea95f131bd9b49104d9e7ae83335254549ded9d71d557c6e4746740aecca2c85,x86,plain,24502,1,
babuk_eec8782eacf1c447a8ddbfe795842958ff68511ddbb5025255151f2b98fe8f78.txt,mal_train,mal_train,1,babuk,eec8782eacf1c447a8ddbfe795842958ff68511ddbb5025255151f2b98fe8f78,eec8782eacf1c447a8ddbfe795842958ff68511ddbb5025255151f2b98fe8f78,x86,plain,24507,1,
babuk_f1719415abe4dcba0daef0a1e5c8994d1d3c0c659d3e0a11b34f307370dd8683.txt,mal_train,mal_train,1,babuk,f1719415abe4dcba0daef0a1e5c8994d1d3c0c659d3e0a11b34f307370dd8683,f1719415abe4dcba0daef0a1e5c8994d1d3c0c659d3e0a11b34f307370dd8683,x86,plain,23925,1,
blackmatter_072158f5588440e6c94cb419ae06a27cf584afe3b0cb09c28eff0b4662c15486.txt,mal_train,mal_train,1,blackmatter,daed41395ba663bef2c52e3d1723ac46253a9008b582bb8d9da9cb0044991720,072158f5588440e6c94cb419ae06a27cf584afe3b0cb09c28eff0b4662c15486,x86,plain,18374,1,
blackmatter_0751c422962dcd500d7cf2cf8bf544ddf5b2fe3465df7dd9b9998f6bba5e08a4.txt,mal_train,mal_train,1,blackmatter,0751c422962dcd500d7cf2cf8bf544ddf5b2fe3465df7dd9b9998f6bba5e08a4,0751c422962dcd500d7cf2cf8bf544ddf5b2fe3465df7dd9b9998f6bba5e08a4,x86,plain,21020,1,
blackmatter_1c63a4fdee1528429886a0de5e89eaa540a058bf27cd378b8d139e045a2f7849.txt,mal_train,mal_train,1,blackmatter,1c63a4fdee1528429886a0de5e89eaa540a058bf27cd378b8d139e045a2f7849,1c63a4fdee1528429886a0de5e89eaa540a058bf27cd378b8d139e045a2f7849,x86,plain,21020,1,
blackmatter_1eea3cbd729d4493c0c0a84efe6840abf1760efe221dc971d32ca5017b5c19c2.txt,mal_train,mal_train,1,blackmatter,1eea3cbd729d4493c0c0a84efe6840abf1760efe221dc971d32ca5017b5c19c2,1eea3cbd729d4493c0c0a84efe6840abf1760efe221dc971d32ca5017b5c19c2,x86,plain,21020,1,
blackmatter_20742987e6f743814b25e214f8b2cd43111e2f60a8856a6cca87cafd85422f41.txt,mal_train,mal_train,1,blackmatter,20742987e6f743814b25e214f8b2cd43111e2f60a8856a6cca87cafd85422f41,20742987e6f743814b25e214f8b2cd43111e2f60a8856a6cca87cafd85422f41,x86,plain,21020,1,
blackmatter_22d7d67c3af10b1a37f277ebabe2d1eb4fd25afbd6437d4377400e148bcc08d6.txt,mal_train,mal_train,1,blackmatter,22d7d67c3af10b1a37f277ebabe2d1eb4fd25afbd6437d4377400e148bcc08d6,22d7d67c3af10b1a37f277ebabe2d1eb4fd25afbd6437d4377400e148bcc08d6,x86,plain,18374,1,
blackmatter_2466fca0e29b06c78ffa8a44193fb58c30e6bec4e54bbef8e6622349b95cce4c.txt,mal_train,mal_train,1,blackmatter,2466fca0e29b06c78ffa8a44193fb58c30e6bec4e54bbef8e6622349b95cce4c,2466fca0e29b06c78ffa8a44193fb58c30e6bec4e54bbef8e6622349b95cce4c,x86,plain,20937,1,
blackmatter_25f95280b390eda74f9fd28f31bf57af0daf37bd48575e40d8b0ea9dccd37831.txt,mal_train,mal_train,1,blackmatter,25f95280b390eda74f9fd28f31bf57af0daf37bd48575e40d8b0ea9dccd37831,25f95280b390eda74f9fd28f31bf57af0daf37bd48575e40d8b0ea9dccd37831,x86,plain,21020,1,
blackmatter_26a7146fbed74a17e9f2f18145063de07cc103ce53c75c8d79bbc5560235c345.txt,mal_train,mal_train,1,blackmatter,26a7146fbed74a17e9f2f18145063de07cc103ce53c75c8d79bbc5560235c345,26a7146fbed74a17e9f2f18145063de07cc103ce53c75c8d79bbc5560235c345,x86,plain,21559,1,
blackmatter_2aad85dbd4c79bd21c6218892552d5c9fb216293a251559ba59d45d56a01437c.txt,mal_train,mal_train,1,blackmatter,2aad85dbd4c79bd21c6218892552d5c9fb216293a251559ba59d45d56a01437c,2aad85dbd4c79bd21c6218892552d5c9fb216293a251559ba59d45d56a01437c,x86,plain,21559,1,
blackmatter_2c323453e959257c7aa86dc180bb3aaaa5c5ec06fa4e72b632d9e4b817052009.txt,mal_train,mal_train,1,blackmatter,2c323453e959257c7aa86dc180bb3aaaa5c5ec06fa4e72b632d9e4b817052009,2c323453e959257c7aa86dc180bb3aaaa5c5ec06fa4e72b632d9e4b817052009,x86,plain,18374,1,
blackmatter_2cdb5edf3039863c30818ca34d9240cb0068ad33128895500721bcdca70c78fd.txt,mal_train,mal_train,1,blackmatter,2cdb5edf3039863c30818ca34d9240cb0068ad33128895500721bcdca70c78fd,2cdb5edf3039863c30818ca34d9240cb0068ad33128895500721bcdca70c78fd,x86,plain,21020,1,
blackmatter_2e50eb85f6e271001e69c5733af95c34728893145766066c5ff8708dcc0e43b2.txt,mal_train,mal_train,1,blackmatter,2e50eb85f6e271001e69c5733af95c34728893145766066c5ff8708dcc0e43b2,2e50eb85f6e271001e69c5733af95c34728893145766066c5ff8708dcc0e43b2,x86,plain,21020,1,
blackmatter_3893fbe4c6db1b0a22c65ad81a3c3930f1943edb9660218c50b4c04bc36d4a15.txt,mal_train,mal_train,1,blackmatter,3893fbe4c6db1b0a22c65ad81a3c3930f1943edb9660218c50b4c04bc36d4a15,3893fbe4c6db1b0a22c65ad81a3c3930f1943edb9660218c50b4c04bc36d4a15,x86,plain,21559,1,
blackmatter_3a03530c732ebe53cdd7c17bee0988896d36c2b632dbd6118613697c2af82117.txt,mal_train,mal_train,1,blackmatter,3a03530c732ebe53cdd7c17bee0988896d36c2b632dbd6118613697c2af82117,3a03530c732ebe53cdd7c17bee0988896d36c2b632dbd6118613697c2af82117,x86,packed_other,12171,0,tag:packed_other
blackmatter_3a4bd5288b89aa26fbe39353b93c1205efa671be4f96e50beae0965f45fdcc40.txt,mal_train,mal_train,1,blackmatter,3a4bd5288b89aa26fbe39353b93c1205efa671be4f96e50beae0965f45fdcc40,3a4bd5288b89aa26fbe39353b93c1205efa671be4f96e50beae0965f45fdcc40,x86,plain,21020,1,
blackmatter_45ecce9dfec886e2b092a996f6affb9e7417d6121e58b0ec643be7e36a03106d.txt,mal_train,mal_train,1,blackmatter,45ecce9dfec886e2b092a996f6affb9e7417d6121e58b0ec643be7e36a03106d,45ecce9dfec886e2b092a996f6affb9e7417d6121e58b0ec643be7e36a03106d,x86,plain,18374,1,
blackmatter_4be85e2083b64838fb66b92195a250228a721cdb5ae91817ea97b37aa53f4a2b.txt,mal_train,mal_train,1,blackmatter,4be85e2083b64838fb66b92195a250228a721cdb5ae91817ea97b37aa53f4a2b,4be85e2083b64838fb66b92195a250228a721cdb5ae91817ea97b37aa53f4a2b,x86,plain,21020,1,
blackmatter_520bd9ed608c668810971dbd51184c6a29819674280b018dc4027bc38fc42e57.txt,mal_train,mal_train,1,blackmatter,520bd9ed608c668810971dbd51184c6a29819674280b018dc4027bc38fc42e57,520bd9ed608c668810971dbd51184c6a29819674280b018dc4027bc38fc42e57,x86,plain,21020,1,
blackmatter_53c704934228ec0660e50422b5ee340332f0df491aa50c6367ed343edb5ed16a.txt,mal_train,mal_train,1,blackmatter,53c704934228ec0660e50422b5ee340332f0df491aa50c6367ed343edb5ed16a,53c704934228ec0660e50422b5ee340332f0df491aa50c6367ed343edb5ed16a,x86,plain,20121,1,
blackmatter_5da8d2e1b36be0d661d276ea6523760dbe3fa4f3fdb7e32b144812ce50c483fa.txt,mal_train,mal_train,1,blackmatter,5da8d2e1b36be0d661d276ea6523760dbe3fa4f3fdb7e32b144812ce50c483fa,5da8d2e1b36be0d661d276ea6523760dbe3fa4f3fdb7e32b144812ce50c483fa,x86,plain,21020,1,
blackmatter_668a4a2300f36c9df0f7307cc614be3297f036fa312a424765cdb2c169187fe6.txt,mal_train,mal_train,1,blackmatter,14a3e308c90183b3785b6c26ec40d29405361cd8dec204a62235733401bf5f5c,668a4a2300f36c9df0f7307cc614be3297f036fa312a424765cdb2c169187fe6,x86,plain,18374,1,
blackmatter_66e6563ecef8f33b1b283a63404a2029550af9a6574b84e0fb3f2c6a8f42e89f.txt,mal_train,mal_train,1,blackmatter,66e6563ecef8f33b1b283a63404a2029550af9a6574b84e0fb3f2c6a8f42e89f,66e6563ecef8f33b1b283a63404a2029550af9a6574b84e0fb3f2c6a8f42e89f,x86,plain,21020,1,
blackmatter_67d8a3a6816aaf8e187d75a11d733c65191202487c5295eed403510c45b2b478.txt,mal_train,mal_train,1,blackmatter,67d8a3a6816aaf8e187d75a11d733c65191202487c5295eed403510c45b2b478,67d8a3a6816aaf8e187d75a11d733c65191202487c5295eed403510c45b2b478,x86,plain,18374,1,
blackmatter_6d4712df42ad0982041ef0e2e109ab5718b43830f2966bd9207a7fac3af883db.txt,mal_train,mal_train,1,blackmatter,6d4712df42ad0982041ef0e2e109ab5718b43830f2966bd9207a7fac3af883db,6d4712df42ad0982041ef0e2e109ab5718b43830f2966bd9207a7fac3af883db,x86,plain,20121,1,
blackmatter_6ee278e62994b9340a2f1584a1c156ffa378075ebf134b1e06d5e3e426a01f75.txt,mal_train,mal_train,1,blackmatter,6ee278e62994b9340a2f1584a1c156ffa378075ebf134b1e06d5e3e426a01f75,6ee278e62994b9340a2f1584a1c156ffa378075ebf134b1e06d5e3e426a01f75,x86,plain,21020,1,
blackmatter_706f3eec328e91ff7f66c8f0a2fb9b556325c153a329a2062dc85879c540839d.txt,mal_train,mal_train,1,blackmatter,706f3eec328e91ff7f66c8f0a2fb9b556325c153a329a2062dc85879c540839d,706f3eec328e91ff7f66c8f0a2fb9b556325c153a329a2062dc85879c540839d,x86,plain,21020,1,
blackmatter_730f2d6243055c786d737bae0665267b962c64f57132e9ab401d6e7625c3d0a4.txt,mal_train,mal_train,1,blackmatter,730f2d6243055c786d737bae0665267b962c64f57132e9ab401d6e7625c3d0a4,730f2d6243055c786d737bae0665267b962c64f57132e9ab401d6e7625c3d0a4,x86,plain,21559,1,
blackmatter_7f6dd0ca03f04b64024e86a72a6d7cfab6abccc2173b85896fc4b431990a5984.txt,mal_train,mal_train,1,blackmatter,7f6dd0ca03f04b64024e86a72a6d7cfab6abccc2173b85896fc4b431990a5984,7f6dd0ca03f04b64024e86a72a6d7cfab6abccc2173b85896fc4b431990a5984,x86,plain,18374,1,
blackmatter_84af3f15701d259f3729d83beb15ca738028432c261353d1f9242469d791714f.txt,mal_train,mal_train,1,blackmatter,84af3f15701d259f3729d83beb15ca738028432c261353d1f9242469d791714f,84af3f15701d259f3729d83beb15ca738028432c261353d1f9242469d791714f,x86,plain,18374,1,
blackmatter_86c84c07e27cc8aba129e1cf51215b65c445f178b94f2e8c4c10e6bc110daa94.txt,mal_train,mal_train,1,blackmatter,86c84c07e27cc8aba129e1cf51215b65c445f178b94f2e8c4c10e6bc110daa94,86c84c07e27cc8aba129e1cf51215b65c445f178b94f2e8c4c10e6bc110daa94,x86,packed_other,21195,0,tag:packed_other
blackmatter_8e41970c748b56f4ab656e9e51295d9bf53c40da2ae0a1b099459d732716f739.txt,mal_train,mal_train,1,blackmatter,8e41970c748b56f4ab656e9e51295d9bf53c40da2ae0a1b099459d732716f739,8e41970c748b56f4ab656e9e51295d9bf53c40da2ae0a1b099459d732716f739,x86,plain,18374,1,
blackmatter_8eada5114fbbc73b7d648b38623fc206367c94c0e76cb3b395a33ea8859d2952.txt,mal_train,mal_train,1,blackmatter,8eada5114fbbc73b7d648b38623fc206367c94c0e76cb3b395a33ea8859d2952,8eada5114fbbc73b7d648b38623fc206367c94c0e76cb3b395a33ea8859d2952,x86,plain,21559,1,
blackmatter_8f1b0affffb2f2f58b477515d1ce54f4daa40a761d828041603d5536c2d53539.txt,mal_train,mal_train,1,blackmatter,8f1b0affffb2f2f58b477515d1ce54f4daa40a761d828041603d5536c2d53539,8f1b0affffb2f2f58b477515d1ce54f4daa40a761d828041603d5536c2d53539,x86,plain,21020,1,
blackmatter_9bae897c19f237c22b6bdc024df27455e739be24bed07ef0d409f2df87eeda58.txt,mal_train,mal_train,1,blackmatter,9bae897c19f237c22b6bdc024df27455e739be24bed07ef0d409f2df87eeda58,9bae897c19f237c22b6bdc024df27455e739be24bed07ef0d409f2df87eeda58,x86,plain,23621,1,
blackmatter_9bd4aaf4c7a7cde7757d7083acba1936909a37709b78f702d5997f18edc2c0c6.txt,mal_train,mal_train,1,blackmatter,9bd4aaf4c7a7cde7757d7083acba1936909a37709b78f702d5997f18edc2c0c6,9bd4aaf4c7a7cde7757d7083acba1936909a37709b78f702d5997f18edc2c0c6,x86,plain,20121,1,
blackmatter_9cf9441554ac727f9d191ad9de1dc101867ffe5264699cafcf2734a4b89d5d6a.txt,mal_train,mal_train,1,blackmatter,9cf9441554ac727f9d191ad9de1dc101867ffe5264699cafcf2734a4b89d5d6a,9cf9441554ac727f9d191ad9de1dc101867ffe5264699cafcf2734a4b89d5d6a,x86,plain,21020,1,
blackmatter_a6903580ab0f4f6e41778b8d20c663b56436ae1dda08a241f3ac22ad329870fb.txt,mal_train,mal_train,1,blackmatter,a6903580ab0f4f6e41778b8d20c663b56436ae1dda08a241f3ac22ad329870fb,a6903580ab0f4f6e41778b8d20c663b56436ae1dda08a241f3ac22ad329870fb,x86,plain,21020,1,
blackmatter_b824bbc645f15e213b4cb2628f7d383e9e37282059b03f6fe60f7c84ea1fed1f.txt,mal_train,mal_train,1,blackmatter,b824bbc645f15e213b4cb2628f7d383e9e37282059b03f6fe60f7c84ea1fed1f,b824bbc645f15e213b4cb2628f7d383e9e37282059b03f6fe60f7c84ea1fed1f,x86,plain,20121,1,
blackmatter_bd0a7378cd96701edafc0a8ddd7b2a9904552be29804750bff47b3e08e23319f.txt,mal_train,mal_train,1,blackmatter,bd0a7378cd96701edafc0a8ddd7b2a9904552be29804750bff47b3e08e23319f,bd0a7378cd96701edafc0a8ddd7b2a9904552be29804750bff47b3e08e23319f,x86,plain,18374,1,
blackmatter_c6e2ef30a86baa670590bd21acf5b91822117e0cbe6060060bc5fe0182dace99.txt,mal_train,mal_train,1,blackmatter,c6e2ef30a86baa670590bd21acf5b91822117e0cbe6060060bc5fe0182dace99,c6e2ef30a86baa670590bd21acf5b91822117e0cbe6060060bc5fe0182dace99,x86,plain,18374,1,
blackmatter_ccee26ea662c87a6c3171b091044282849cc8d46d4b9b9da6cf429b8114c4239.txt,mal_train,mal_train,1,blackmatter,ccee26ea662c87a6c3171b091044282849cc8d46d4b9b9da6cf429b8114c4239,ccee26ea662c87a6c3171b091044282849cc8d46d4b9b9da6cf429b8114c4239,x86,plain,21559,1,
blackmatter_d4647619fa2dc8fef5560d1662cbee6eb7dc95298dd40edf12dd4c8ee902d767.txt,mal_train,mal_train,1,blackmatter,d4647619fa2dc8fef5560d1662cbee6eb7dc95298dd40edf12dd4c8ee902d767,d4647619fa2dc8fef5560d1662cbee6eb7dc95298dd40edf12dd4c8ee902d767,x86,plain,21020,1,
blackmatter_e4fd947a781611c85ea2e5afa51b186de7f351026c28eb067ad70028acd72cda.txt,mal_train,mal_train,1,blackmatter,e4fd947a781611c85ea2e5afa51b186de7f351026c28eb067ad70028acd72cda,e4fd947a781611c85ea2e5afa51b186de7f351026c28eb067ad70028acd72cda,x86,plain,20121,1,
blackmatter_fe2b2beeff98cae90f58a5b2f01dab31eaa98d274757a7dd9f70f4dc8432a6e2.txt,mal_train,mal_train,1,blackmatter,fe2b2beeff98cae90f58a5b2f01dab31eaa98d274757a7dd9f70f4dc8432a6e2,fe2b2beeff98cae90f58a5b2f01dab31eaa98d274757a7dd9f70f4dc8432a6e2,x86,plain,21559,1,
conti_002dd9b7cbf8ca2a09434f8c4abd85631efe922ab8daa1219d86d83a0228aeda.txt,mal_train,mal_train,1,conti,002dd9b7cbf8ca2a09434f8c4abd85631efe922ab8daa1219d86d83a0228aeda,002dd9b7cbf8ca2a09434f8c4abd85631efe922ab8daa1219d86d83a0228aeda,x86,plain,38165,1,
conti_004ede55a972e10d9a21bcf338b4907d6eed65bf5ad6abbbd5aec7d8484bdedf.txt,mal_train,mal_train,1,conti,004ede55a972e10d9a21bcf338b4907d6eed65bf5ad6abbbd5aec7d8484bdedf,004ede55a972e10d9a21bcf338b4907d6eed65bf5ad6abbbd5aec7d8484bdedf,x86,plain,23990,1,
conti_040fcbd360c7498756519cb0e687120bd623da80784034ea89178409491b1c44.txt,mal_train,mal_train,1,conti,040fcbd360c7498756519cb0e687120bd623da80784034ea89178409491b1c44,040fcbd360c7498756519cb0e687120bd623da80784034ea89178409491b1c44,x86,plain,10727,1,
conti_0460cfa76fb0a02be92b0bc99a09168ebe38dbc8eeb1aa966dca66f0e849b53d.txt,mal_train,mal_train,1,conti,0460cfa76fb0a02be92b0bc99a09168ebe38dbc8eeb1aa966dca66f0e849b53d,0460cfa76fb0a02be92b0bc99a09168ebe38dbc8eeb1aa966dca66f0e849b53d,x86,plain,51910,1,
conti_0951fde8a8ea9cd45d2be14d63e6e55c8e87af0da45cf3776b495871652aa862.txt,mal_train,mal_train,1,conti,0951fde8a8ea9cd45d2be14d63e6e55c8e87af0da45cf3776b495871652aa862,0951fde8a8ea9cd45d2be14d63e6e55c8e87af0da45cf3776b495871652aa862,x86,plain,58039,1,
conti_198667b1eda010a431dfb051a101cc73ead1d45ba8d0f6641ec1c14bca4106f3.txt,mal_train,mal_train,1,conti,198667b1eda010a431dfb051a101cc73ead1d45ba8d0f6641ec1c14bca4106f3,198667b1eda010a431dfb051a101cc73ead1d45ba8d0f6641ec1c14bca4106f3,x86,plain,50631,1,
conti_1b8081bae0e493d098b8756b1e7c4b19715a78946cf227f2c27f9311e6718420.txt,mal_train,mal_train,1,conti,1b8081bae0e493d098b8756b1e7c4b19715a78946cf227f2c27f9311e6718420,1b8081bae0e493d098b8756b1e7c4b19715a78946cf227f2c27f9311e6718420,x86,plain,64927,1,
conti_1ce8a939b3e7d84c59c12dc9e1091532f4336dac533847b6533b01d9dcf494e9.txt,mal_train,mal_train,1,conti,1ce8a939b3e7d84c59c12dc9e1091532f4336dac533847b6533b01d9dcf494e9,1ce8a939b3e7d84c59c12dc9e1091532f4336dac533847b6533b01d9dcf494e9,x86,plain,49942,1,
conti_1ef1ff8b1e81815d13bdd293554ddf8b3e57490dd3ef4add7c2837ddc67f9c24.txt,mal_train,mal_train,1,conti,1ef1ff8b1e81815d13bdd293554ddf8b3e57490dd3ef4add7c2837ddc67f9c24,1ef1ff8b1e81815d13bdd293554ddf8b3e57490dd3ef4add7c2837ddc67f9c24,x86,plain,23990,1,
conti_26b2401211769d2fa1415228b4b1305eeeed249a996d149ad83b6fc9c4f703ce.txt,mal_train,mal_train,1,conti,26b2401211769d2fa1415228b4b1305eeeed249a996d149ad83b6fc9c4f703ce,26b2401211769d2fa1415228b4b1305eeeed249a996d149ad83b6fc9c4f703ce,x86,plain,949,1,
conti_2fc6d7df9252b1e2c4eb3ad7d0d29c188d87548127c44cebc40db9abe8e5aa35.txt,mal_train,mal_train,1,conti,2fc6d7df9252b1e2c4eb3ad7d0d29c188d87548127c44cebc40db9abe8e5aa35,2fc6d7df9252b1e2c4eb3ad7d0d29c188d87548127c44cebc40db9abe8e5aa35,x86,plain,50748,1,
conti_4bfd58d4e4a6fe5e91b408bc190a24d352124902085f9c2da948ad7d79b72618.txt,mal_train,mal_train,1,conti,4bfd58d4e4a6fe5e91b408bc190a24d352124902085f9c2da948ad7d79b72618,4bfd58d4e4a6fe5e91b408bc190a24d352124902085f9c2da948ad7d79b72618,x86,plain,51910,1,
conti_4d8fcd9492a256c0cb9567e63b53b75c2a591f5eebe7293298239736034b742a.txt,mal_train,mal_train,1,conti,4d8fcd9492a256c0cb9567e63b53b75c2a591f5eebe7293298239736034b742a,4d8fcd9492a256c0cb9567e63b53b75c2a591f5eebe7293298239736034b742a,x86,plain,51910,1,
conti_4f17d7fa344b970890ed1bc52a0da95146cab9fe56ecabafafacb0ad212558c9.txt,mal_train,mal_train,1,conti,4f17d7fa344b970890ed1bc52a0da95146cab9fe56ecabafafacb0ad212558c9,4f17d7fa344b970890ed1bc52a0da95146cab9fe56ecabafafacb0ad212558c9,x86,plain,51910,1,
conti_53b1c1b2f41a7fc300e97d036e57539453ff82001dd3f6abf07f4896b1f9ca22.txt,mal_train,mal_train,1,conti,53b1c1b2f41a7fc300e97d036e57539453ff82001dd3f6abf07f4896b1f9ca22,53b1c1b2f41a7fc300e97d036e57539453ff82001dd3f6abf07f4896b1f9ca22,x86,plain,50117,1,
conti_58ca4e482db7cf5c924256e53d8516d422e76cf4b85b43dc2b9ba0c7cb471ff7.txt,mal_train,mal_train,1,conti,58ca4e482db7cf5c924256e53d8516d422e76cf4b85b43dc2b9ba0c7cb471ff7,58ca4e482db7cf5c924256e53d8516d422e76cf4b85b43dc2b9ba0c7cb471ff7,x86,plain,51910,1,
conti_59a9f0de96eff57768e995b296ae75778a232f30d95a7b7ab5048c621b50c66d.txt,mal_train,mal_train,1,conti,59a9f0de96eff57768e995b296ae75778a232f30d95a7b7ab5048c621b50c66d,59a9f0de96eff57768e995b296ae75778a232f30d95a7b7ab5048c621b50c66d,x86,plain,124056,1,
conti_61dd6a0b2870d62f56c7fe0039d42bf5351588f927267fe7b4ee0761872a3b20.txt,mal_train,mal_train,1,conti,61dd6a0b2870d62f56c7fe0039d42bf5351588f927267fe7b4ee0761872a3b20,61dd6a0b2870d62f56c7fe0039d42bf5351588f927267fe7b4ee0761872a3b20,x86,plain,44578,1,
conti_633b9d373da7d2916f4d3b2902d4817c0f3ad5de5466ac85f34bdd37a8d3dd37.txt,mal_train,mal_train,1,conti,633b9d373da7d2916f4d3b2902d4817c0f3ad5de5466ac85f34bdd37a8d3dd37,633b9d373da7d2916f4d3b2902d4817c0f3ad5de5466ac85f34bdd37a8d3dd37,x86,plain,44206,1,
conti_64a3a3ec70d20636299b8fe4f50c2b4d077f9934ee2d6ccf7d440b05b9770f56.txt,mal_train,mal_train,1,conti,64a3a3ec70d20636299b8fe4f50c2b4d077f9934ee2d6ccf7d440b05b9770f56,64a3a3ec70d20636299b8fe4f50c2b4d077f9934ee2d6ccf7d440b05b9770f56,x86,plain,47615,1,
conti_6815e1e06e29863290319eb3e814ae2a394271aa2f95cc7c31a649c4c2f4fd04.txt,mal_train,mal_train,1,conti,6815e1e06e29863290319eb3e814ae2a394271aa2f95cc7c31a649c4c2f4fd04,6815e1e06e29863290319eb3e814ae2a394271aa2f95cc7c31a649c4c2f4fd04,x86,plain,51910,1,
conti_707b752f6bd89d4f97d08602d0546a56d27acfe00e6d5df2a2cb67c5e2eeee30.txt,mal_train,mal_train,1,conti,707b752f6bd89d4f97d08602d0546a56d27acfe00e6d5df2a2cb67c5e2eeee30,707b752f6bd89d4f97d08602d0546a56d27acfe00e6d5df2a2cb67c5e2eeee30,x86,plain,949,1,
conti_7ca57576c6a2d7dbf49faeafd4804c6b86d9af7fff1390c58a30eb9d9bf2fbfd.txt,mal_train,mal_train,1,conti,7ca57576c6a2d7dbf49faeafd4804c6b86d9af7fff1390c58a30eb9d9bf2fbfd,7ca57576c6a2d7dbf49faeafd4804c6b86d9af7fff1390c58a30eb9d9bf2fbfd,x86,plain,49942,1,
conti_98a09f7896a7c20229e696d6e8344fe9593fd70afada5d986e04c0d6933cc4db.txt,mal_train,mal_train,1,conti,98a09f7896a7c20229e696d6e8344fe9593fd70afada5d986e04c0d6933cc4db,98a09f7896a7c20229e696d6e8344fe9593fd70afada5d986e04c0d6933cc4db,x86,plain,4369,1,
conti_9aed278f54f65e546fb9f7f34dff26d0835a0a21a5a4fc4c026bf84596ed277e.txt,mal_train,mal_train,1,conti,9aed278f54f65e546fb9f7f34dff26d0835a0a21a5a4fc4c026bf84596ed277e,9aed278f54f65e546fb9f7f34dff26d0835a0a21a5a4fc4c026bf84596ed277e,x86,plain,24609,1,
conti_b524ed1cc22253f09d56f54d8ded4566b63352ff739f58de961f8a5bebb0fad9.txt,mal_train,mal_train,1,conti,b524ed1cc22253f09d56f54d8ded4566b63352ff739f58de961f8a5bebb0fad9,b524ed1cc22253f09d56f54d8ded4566b63352ff739f58de961f8a5bebb0fad9,x86,plain,94178,1,
conti_c14f8bc656284715516f26935afe487a1d584f56ffabbcb98f2974f6ca6cd3a4.txt,mal_train,mal_train,1,conti,c14f8bc656284715516f26935afe487a1d584f56ffabbcb98f2974f6ca6cd3a4,c14f8bc656284715516f26935afe487a1d584f56ffabbcb98f2974f6ca6cd3a4,x86,plain,23990,1,
conti_d16645bce49ea342c4b4f5afa3f711bf0a3986a4a7354f96f24a21f161fff7cb.txt,mal_train,mal_train,1,conti,d16645bce49ea342c4b4f5afa3f711bf0a3986a4a7354f96f24a21f161fff7cb,d16645bce49ea342c4b4f5afa3f711bf0a3986a4a7354f96f24a21f161fff7cb,x86,plain,52002,1,
conti_d21c71a090cd6759efc1f258b4d087e82c281ce65a9d76f20a24857901e694fc.txt,mal_train,mal_train,1,conti,d21c71a090cd6759efc1f258b4d087e82c281ce65a9d76f20a24857901e694fc,d21c71a090cd6759efc1f258b4d087e82c281ce65a9d76f20a24857901e694fc,x86,plain,41762,1,
conti_d236d64b7bf9510ea1746d10a4c164a2ef2c724cc62b2bca91d72bdf24821e40.txt,mal_train,mal_train,1,conti,d236d64b7bf9510ea1746d10a4c164a2ef2c724cc62b2bca91d72bdf24821e40,d236d64b7bf9510ea1746d10a4c164a2ef2c724cc62b2bca91d72bdf24821e40,x86,plain,58110,1,
conti_d338295d50d5b39d8377c593f6d46feb512823e2724704448cc885b40c5056e0.txt,mal_train,mal_train,1,conti,d338295d50d5b39d8377c593f6d46feb512823e2724704448cc885b40c5056e0,d338295d50d5b39d8377c593f6d46feb512823e2724704448cc885b40c5056e0,x86,plain,49378,1,
conti_d3c75c5bc4ae087d547bd722bd84478ee6baf8c3355b930f26cc19777cd39d4c.txt,mal_train,mal_train,1,conti,d3c75c5bc4ae087d547bd722bd84478ee6baf8c3355b930f26cc19777cd39d4c,d3c75c5bc4ae087d547bd722bd84478ee6baf8c3355b930f26cc19777cd39d4c,x86,plain,51061,1,
conti_d417f3785a33da8b26ce68b62e66bdf7d46869b692fe325541a7be2b98119bd1.txt,mal_train,mal_train,1,conti,d417f3785a33da8b26ce68b62e66bdf7d46869b692fe325541a7be2b98119bd1,d417f3785a33da8b26ce68b62e66bdf7d46869b692fe325541a7be2b98119bd1,x86,plain,49378,1,
conti_d7868354f2dfe79e91adef4f7b24bcb60772a76c577bcc5c71709c8a3e26eb5d.txt,mal_train,mal_train,1,conti,d7868354f2dfe79e91adef4f7b24bcb60772a76c577bcc5c71709c8a3e26eb5d,d7868354f2dfe79e91adef4f7b24bcb60772a76c577bcc5c71709c8a3e26eb5d,x86,plain,49942,1,
conti_dbc76355c56a885a1475174fb5325d61b875fd6207ef465cae05617b49463a38.txt,mal_train,mal_train,1,conti,dbc76355c56a885a1475174fb5325d61b875fd6207ef465cae05617b49463a38,dbc76355c56a885a1475174fb5325d61b875fd6207ef465cae05617b49463a38,x86,plain,51061,1,
conti_e16fea1b8874cc6b26e7e2df9697f03f86efa82247bb3b2922f1d05052dbcbb4.txt,mal_train,mal_train,1,conti,e16fea1b8874cc6b26e7e2df9697f03f86efa82247bb3b2922f1d05052dbcbb4,e16fea1b8874cc6b26e7e2df9697f03f86efa82247bb3b2922f1d05052dbcbb4,x86,plain,5186,1,
conti_e64e350861b86d4e05668bc25e6c952880f6b39ca921496ccce1487dbf6acab6.txt,mal_train,mal_train,1,conti,e64e350861b86d4e05668bc25e6c952880f6b39ca921496ccce1487dbf6acab6,e64e350861b86d4e05668bc25e6c952880f6b39ca921496ccce1487dbf6acab6,x86,plain,44206,1,
conti_eacaab8d6520c9bf9dec6cbdffa7c4ad8c15fd57dd4165cf895a0aaae3ffe371.txt,mal_train,mal_train,1,conti,58e3640032796983185ef3ce07d0fbce620514a73909d8573f72264a57ac8379,eacaab8d6520c9bf9dec6cbdffa7c4ad8c15fd57dd4165cf895a0aaae3ffe371,x86,plain,52002,1,
conti_eae876886f19ba384f55778634a35a1d975414e83f22f6111e3e792f706301fe.txt,mal_train,mal_train,1,conti,eae876886f19ba384f55778634a35a1d975414e83f22f6111e3e792f706301fe,eae876886f19ba384f55778634a35a1d975414e83f22f6111e3e792f706301fe,x86,plain,23990,1,
conti_ef2cd9ded5532af231e0990feaf2df8fd79dc63f7a677192e17b89ef4adb7dd2.txt,mal_train,mal_train,1,conti,ef2cd9ded5532af231e0990feaf2df8fd79dc63f7a677192e17b89ef4adb7dd2,ef2cd9ded5532af231e0990feaf2df8fd79dc63f7a677192e17b89ef4adb7dd2,x86,plain,51910,1,
conti_ef870eae64e28ebd71c8ad909af39ea9a072256bfd634210f4de24ded5a3304a.txt,mal_train,mal_train,1,conti,ef870eae64e28ebd71c8ad909af39ea9a072256bfd634210f4de24ded5a3304a,ef870eae64e28ebd71c8ad909af39ea9a072256bfd634210f4de24ded5a3304a,x86,plain,50672,1,
conti_f20ed03ba228b36064517c1e5fff9ae40d957451a5c6d9a48f9bbe2c3dd881b7.txt,mal_train,mal_train,1,conti,f20ed03ba228b36064517c1e5fff9ae40d957451a5c6d9a48f9bbe2c3dd881b7,f20ed03ba228b36064517c1e5fff9ae40d957451a5c6d9a48f9bbe2c3dd881b7,x86,plain,10316,1,
conti_f7b83f07f6fec1df0fa73c935c96dc2ec8fbe0de3b17bb56f9963c92c22715c3.txt,mal_train,mal_train,1,conti,f7b83f07f6fec1df0fa73c935c96dc2ec8fbe0de3b17bb56f9963c92c22715c3,f7b83f07f6fec1df0fa73c935c96dc2ec8fbe0de3b17bb56f9963c92c22715c3,x86,plain,50664,1,
conti_f848c62dbc910ee32990161cc598f550707d26c524394be35c7bdb7a62626047.txt,mal_train,mal_train,1,conti,f848c62dbc910ee32990161cc598f550707d26c524394be35c7bdb7a62626047,f848c62dbc910ee32990161cc598f550707d26c524394be35c7bdb7a62626047,x86,plain,50631,1,
conti_f99c69327a746f4fde02b7a550cf6c9f48e5e22fcb49bea0e3e4bc5a3efa605c.txt,mal_train,mal_train,1,conti,f99c69327a746f4fde02b7a550cf6c9f48e5e22fcb49bea0e3e4bc5a3efa605c,f99c69327a746f4fde02b7a550cf6c9f48e5e22fcb49bea0e3e4bc5a3efa605c,x86,plain,50129,1,
conti_fc783af396a1bd9c81613cd051db69e778c102953aec0d6f67743846f3b862e6.txt,mal_train,mal_train,1,conti,fc783af396a1bd9c81613cd051db69e778c102953aec0d6f67743846f3b862e6,fc783af396a1bd9c81613cd051db69e778c102953aec0d6f67743846f3b862e6,x86,plain,49936,1,
conti_fe1652f4b828c9f98ff4a37829f4a988ad3c1601fc0dff7f99fe941ae4e81864.txt,mal_train,mal_train,1,conti,fe1652f4b828c9f98ff4a37829f4a988ad3c1601fc0dff7f99fe941ae4e81864,fe1652f4b828c9f98ff4a37829f4a988ad3c1601fc0dff7f99fe941ae4e81864,x86,plain,50129,1,
conti_fe6e84192da5c0210d4bd51e809792b28e60edb337917f903a7e9a31bc40cf86.txt,mal_train,mal_train,1,conti,fe6e84192da5c0210d4bd51e809792b28e60edb337917f903a7e9a31bc40cf86,fe6e84192da5c0210d4bd51e809792b28e60edb337917f903a7e9a31bc40cf86,x86,plain,49378,1,
darkside_029c5d48e425206e2ae84a63d62bdbc80362702913b38618a423c541c8a0ed40.txt,mal_train,mal_train,1,darkside,029c5d48e425206e2ae84a63d62bdbc80362702913b38618a423c541c8a0ed40,029c5d48e425206e2ae84a63d62bdbc80362702913b38618a423c541c8a0ed40,x86,plain,11923,1,
darkside_0a0c225f0e5ee941a79f2b7701f1285e4975a2859eb4d025d96d9e366e81abb9.txt,mal_train,mal_train,1,darkside,0a0c225f0e5ee941a79f2b7701f1285e4975a2859eb4d025d96d9e366e81abb9,0a0c225f0e5ee941a79f2b7701f1285e4975a2859eb4d025d96d9e366e81abb9,x86,plain,12237,1,
darkside_12ee27f56ec8a2a3eb2fe69179be3f7a7193ce2b92963ad33356ed299f7ed975.txt,mal_train,mal_train,1,darkside,12ee27f56ec8a2a3eb2fe69179be3f7a7193ce2b92963ad33356ed299f7ed975,12ee27f56ec8a2a3eb2fe69179be3f7a7193ce2b92963ad33356ed299f7ed975,x86,plain,9342,1,
darkside_151fbd6c299e734f7853497bd083abfa29f8c186a9db31dbe330ace2d35660d5.txt,mal_train,mal_train,1,darkside,151fbd6c299e734f7853497bd083abfa29f8c186a9db31dbe330ace2d35660d5,151fbd6c299e734f7853497bd083abfa29f8c186a9db31dbe330ace2d35660d5,x86,plain,9311,1,
darkside_1667e1635736f2b2ba9727457f995a67201ddcd818496c9296713ffa18e17a43.txt,mal_train,mal_train,1,darkside,1667e1635736f2b2ba9727457f995a67201ddcd818496c9296713ffa18e17a43,1667e1635736f2b2ba9727457f995a67201ddcd818496c9296713ffa18e17a43,x86,plain,6104,1,
darkside_17139a10fd226d01738fe9323918614aa913b2a50e1a516e95cced93fa151c61.txt,mal_train,mal_train,1,darkside,17139a10fd226d01738fe9323918614aa913b2a50e1a516e95cced93fa151c61,17139a10fd226d01738fe9323918614aa913b2a50e1a516e95cced93fa151c61,x86,plain,9296,1,
darkside_1cc7c198a8a2c935fd6f07970479e544f5b35a8eb3173de0305ebdf76a0988cb.txt,mal_train,mal_train,1,darkside,1cc7c198a8a2c935fd6f07970479e544f5b35a8eb3173de0305ebdf76a0988cb,1cc7c198a8a2c935fd6f07970479e544f5b35a8eb3173de0305ebdf76a0988cb,x86,plain,9311,1,
darkside_1d4c0b32aea68056755daf70689699200ffa09688495ccd65a0907cade18bd2a.txt,mal_train,mal_train,1,darkside,1d4c0b32aea68056755daf70689699200ffa09688495ccd65a0907cade18bd2a,1d4c0b32aea68056755daf70689699200ffa09688495ccd65a0907cade18bd2a,x86,packed_other,13400,0,tag:packed_other
darkside_1ef8db7e8bd3aaba8b1cef96cd52fde587871571b1719c5d40f9a9c98dd26f84.txt,mal_train,mal_train,1,darkside,1ef8db7e8bd3aaba8b1cef96cd52fde587871571b1719c5d40f9a9c98dd26f84,1ef8db7e8bd3aaba8b1cef96cd52fde587871571b1719c5d40f9a9c98dd26f84,x86,plain,9311,1,
darkside_243dff06fc80a049f4fb37292f8b8def0fce29768f345c88ee10699e22b0ae60.txt,mal_train,mal_train,1,darkside,243dff06fc80a049f4fb37292f8b8def0fce29768f345c88ee10699e22b0ae60,243dff06fc80a049f4fb37292f8b8def0fce29768f345c88ee10699e22b0ae60,x86,plain,9311,1,
darkside_2d82be244e23001148ed5a6d83856b6f7cd20c3f7786481303d5d584c51ff5f0.txt,mal_train,mal_train,1,darkside,2d82be244e23001148ed5a6d83856b6f7cd20c3f7786481303d5d584c51ff5f0,2d82be244e23001148ed5a6d83856b6f7cd20c3f7786481303d5d584c51ff5f0,x86,plain,11933,1,
darkside_2de09a815efcc64810046de69b8e0aa1c9e9beee77b66560a0b15d737485e3c5.txt,mal_train,mal_train,1,darkside,2de09a815efcc64810046de69b8e0aa1c9e9beee77b66560a0b15d737485e3c5,2de09a815efcc64810046de69b8e0aa1c9e9beee77b66560a0b15d737485e3c5,x86,plain,12237,1,
darkside_43e61519be440115eeaa3738a0e4aa4bb3c8ac5f9bdfce1a896db17a374eb8aa.txt,mal_train,mal_train,1,darkside,43e61519be440115eeaa3738a0e4aa4bb3c8ac5f9bdfce1a896db17a374eb8aa,43e61519be440115eeaa3738a0e4aa4bb3c8ac5f9bdfce1a896db17a374eb8aa,x86,plain,9296,1,
darkside_47eccaaa672667a9cea23e24fd702f7b3a45cbf8585403586be474585fd80243.txt,mal_train,mal_train,1,darkside,47eccaaa672667a9cea23e24fd702f7b3a45cbf8585403586be474585fd80243,47eccaaa672667a9cea23e24fd702f7b3a45cbf8585403586be474585fd80243,x86,plain,5288,1,
darkside_4d9432e8a0ceb64c34b13d550251b8d9478ca784e50105dc0d729490fb861d1a.txt,mal_train,mal_train,1,darkside,ec368752c2cf3b23efbfa5705f9e582fc9d6766435a7b8eea8ef045082c6fbce,4d9432e8a0ceb64c34b13d550251b8d9478ca784e50105dc0d729490fb861d1a,x86,plain,9342,1,
darkside_508dd6f7ed6c143cf5e1ed6a4051dd8ee7b5bf4b7f55e0704d21ba785f2d5add.txt,mal_train,mal_train,1,darkside,508dd6f7ed6c143cf5e1ed6a4051dd8ee7b5bf4b7f55e0704d21ba785f2d5add,508dd6f7ed6c143cf5e1ed6a4051dd8ee7b5bf4b7f55e0704d21ba785f2d5add,x86,plain,9342,1,
darkside_516664139b0ddd044397a56482d7308d87c213c320a3151ccb9738e8f932654b.txt,mal_train,mal_train,1,darkside,516664139b0ddd044397a56482d7308d87c213c320a3151ccb9738e8f932654b,516664139b0ddd044397a56482d7308d87c213c320a3151ccb9738e8f932654b,x86,plain,12237,1,
darkside_521c503bc3f5d8b2aa8819e8e30e2019e74ea9649a57529fb32c3dfc66a1e7ef.txt,mal_train,mal_train,1,darkside,521c503bc3f5d8b2aa8819e8e30e2019e74ea9649a57529fb32c3dfc66a1e7ef,521c503bc3f5d8b2aa8819e8e30e2019e74ea9649a57529fb32c3dfc66a1e7ef,x86,plain,11656,1,
darkside_533672da9d276012ebab3ce9f4cd09a7f537f65c6e4b63d43f0c1697e2f5e48d.txt,mal_train,mal_train,1,darkside,533672da9d276012ebab3ce9f4cd09a7f537f65c6e4b63d43f0c1697e2f5e48d,533672da9d276012ebab3ce9f4cd09a7f537f65c6e4b63d43f0c1697e2f5e48d,x86,plain,9311,1,
darkside_533d26fdacdcaf1b908458c39bb503e5aa94025811c6b6d1f3c8a9142ade8404.txt,mal_train,mal_train,1,darkside,533d26fdacdcaf1b908458c39bb503e5aa94025811c6b6d1f3c8a9142ade8404,533d26fdacdcaf1b908458c39bb503e5aa94025811c6b6d1f3c8a9142ade8404,x86,packed_other,55204,0,tag:packed_other
darkside_56e7b9c4b8962b6ff0d1e0162ca8515a07b576cd47ba90221354838733f8689a.txt,mal_train,mal_train,1,darkside,56e7b9c4b8962b6ff0d1e0162ca8515a07b576cd47ba90221354838733f8689a,56e7b9c4b8962b6ff0d1e0162ca8515a07b576cd47ba90221354838733f8689a,x86,plain,12237,1,
darkside_61ca175c2f04cb5279f8507e69385577cf04e4e896a01d0b5357746a241c7846.txt,mal_train,mal_train,1,darkside,61ca175c2f04cb5279f8507e69385577cf04e4e896a01d0b5357746a241c7846,61ca175c2f04cb5279f8507e69385577cf04e4e896a01d0b5357746a241c7846,x86,packed_other,12862,0,tag:packed_other
darkside_665afa26d6110bb35ec8a60878068a0e69e1c805d9073bef71a48a3404c164e9.txt,mal_train,mal_train,1,darkside,665afa26d6110bb35ec8a60878068a0e69e1c805d9073bef71a48a3404c164e9,665afa26d6110bb35ec8a60878068a0e69e1c805d9073bef71a48a3404c164e9,x86,plain,5288,1,
darkside_68872cc22fbdf0c2f69c32ac878ba9a7b7cf61fe5dd0e3da200131b8b23438e7.txt,mal_train,mal_train,1,darkside,68872cc22fbdf0c2f69c32ac878ba9a7b7cf61fe5dd0e3da200131b8b23438e7,68872cc22fbdf0c2f69c32ac878ba9a7b7cf61fe5dd0e3da200131b8b23438e7,x86,plain,9311,1,
darkside_6931b124d38d52bd7cdef48121fda457d407b63b59bb4e6ead4ce548f4bbb971.txt,mal_train,mal_train,1,darkside,1667e1635736f2b2ba9727457f995a67201ddcd818496c9296713ffa18e17a43,6931b124d38d52bd7cdef48121fda457d407b63b59bb4e6ead4ce548f4bbb971,,dup,,0,tag:dup
darkside_6d656f110246990d10fe0b0132704b1323859d4003f2b1d5d03f665c710b8fd3.txt,mal_train,mal_train,1,darkside,6d656f110246990d10fe0b0132704b1323859d4003f2b1d5d03f665c710b8fd3,6d656f110246990d10fe0b0132704b1323859d4003f2b1d5d03f665c710b8fd3,x86,packed_other,11630,0,tag:packed_other
darkside_78782fd324bc98a57274bd3fff8f756217c011484ebf6b614060115a699ee134.txt,mal_train,mal_train,1,darkside,78782fd324bc98a57274bd3fff8f756217c011484ebf6b614060115a699ee134,78782fd324bc98a57274bd3fff8f756217c011484ebf6b614060115a699ee134,x86,plain,9313,1,
darkside_8cfd28911878af048fb96b6cc0b9da770542576d5c2b20b193c3cfc4bde4d3bc.txt,mal_train,mal_train,1,darkside,8cfd28911878af048fb96b6cc0b9da770542576d5c2b20b193c3cfc4bde4d3bc,8cfd28911878af048fb96b6cc0b9da770542576d5c2b20b193c3cfc4bde4d3bc,x86,plain,9342,1,
darkside_973dfafc3051d8c2849f62c556ab8057da706f15d1ffd8871de894ae3a24d86b.txt,mal_train,mal_train,1,darkside,973dfafc3051d8c2849f62c556ab8057da706f15d1ffd8871de894ae3a24d86b,973dfafc3051d8c2849f62c556ab8057da706f15d1ffd8871de894ae3a24d86b,x86,plain,6104,1,
darkside_9cee5522a7ca2bfca7cd3d9daba23e9a30deb6205f56c12045839075f7627297.txt,mal_train,mal_train,1,darkside,1667e1635736f2b2ba9727457f995a67201ddcd818496c9296713ffa18e17a43,9cee5522a7ca2bfca7cd3d9daba23e9a30deb6205f56c12045839075f7627297,,dup,,0,tag:dup
darkside_a11cc5051e3a88428db495f6d8e4b6381a1cb3fa5946a525ef5c00bfcb44e210.txt,mal_train,mal_train,1,darkside,a11cc5051e3a88428db495f6d8e4b6381a1cb3fa5946a525ef5c00bfcb44e210,a11cc5051e3a88428db495f6d8e4b6381a1cb3fa5946a525ef5c00bfcb44e210,x86,plain,11656,1,
darkside_ac092962654b46a670b030026d07f5b8161cecd2abd6eece52b7892965aa521b.txt,mal_train,mal_train,1,darkside,ac092962654b46a670b030026d07f5b8161cecd2abd6eece52b7892965aa521b,ac092962654b46a670b030026d07f5b8161cecd2abd6eece52b7892965aa521b,x86,plain,9311,1,
darkside_afb22b1ff281c085b60052831ead0a0ed300fac0160f87851dacc67d4e158178.txt,mal_train,mal_train,1,darkside,afb22b1ff281c085b60052831ead0a0ed300fac0160f87851dacc67d4e158178,afb22b1ff281c085b60052831ead0a0ed300fac0160f87851dacc67d4e158178,x86,plain,9330,1,
darkside_b565e9266717161163e884793dc1004f9f2ca94ab0533df9c167d5d188cebf2f.txt,mal_train,mal_train,1,darkside,b565e9266717161163e884793dc1004f9f2ca94ab0533df9c167d5d188cebf2f,b565e9266717161163e884793dc1004f9f2ca94ab0533df9c167d5d188cebf2f,x86,plain,13104,1,
darkside_b6855793aebdd821a7f368585335cb132a043d30cb1f8dccceb5d2127ed4b9a4.txt,mal_train,mal_train,1,darkside,b6855793aebdd821a7f368585335cb132a043d30cb1f8dccceb5d2127ed4b9a4,b6855793aebdd821a7f368585335cb132a043d30cb1f8dccceb5d2127ed4b9a4,x86,plain,12237,1,
darkside_bac7f1cb70a0fe909590f7b270248705d216b4abaf4e5dd4969fa4f1949badec.txt,mal_train,mal_train,1,darkside,bac7f1cb70a0fe909590f7b270248705d216b4abaf4e5dd4969fa4f1949badec,bac7f1cb70a0fe909590f7b270248705d216b4abaf4e5dd4969fa4f1949badec,x86,plain,12237,1,
darkside_bafa2efff234303166d663f967037dae43701e7d63d914efc8c894b3e5be9408.txt,mal_train,mal_train,1,darkside,bafa2efff234303166d663f967037dae43701e7d63d914efc8c894b3e5be9408,bafa2efff234303166d663f967037dae43701e7d63d914efc8c894b3e5be9408,x86,packed_other,227636,0,tag:packed_other
darkside_bc32a2ccf158ebe2b76646be865a4c6dd91da6b8e5bb0dd9520102a9bfea5439.txt,mal_train,mal_train,1,darkside,bc32a2ccf158ebe2b76646be865a4c6dd91da6b8e5bb0dd9520102a9bfea5439,bc32a2ccf158ebe2b76646be865a4c6dd91da6b8e5bb0dd9520102a9bfea5439,x86,plain,6104,1,
darkside_bfb31c96f9e6285f5bb60433f2e45898b8a7183a2591157dc1d766be16c29893.txt,mal_train,mal_train,1,darkside,bfb31c96f9e6285f5bb60433f2e45898b8a7183a2591157dc1d766be16c29893,bfb31c96f9e6285f5bb60433f2e45898b8a7183a2591157dc1d766be16c29893,x86,packed_other,14110,0,tag:packed_other
darkside_cbbc7052fed8d0002d07736a68219f01a5a4e1c19ee50310e2381e96fa8836ed.txt,mal_train,mal_train,1,darkside,cbbc7052fed8d0002d07736a68219f01a5a4e1c19ee50310e2381e96fa8836ed,cbbc7052fed8d0002d07736a68219f01a5a4e1c19ee50310e2381e96fa8836ed,x86,plain,11933,1,
darkside_cc54647e8c3fe7b701d78a6fa072c52641ac11d395a6d2ffaf05f38f53112556.txt,mal_train,mal_train,1,darkside,cc54647e8c3fe7b701d78a6fa072c52641ac11d395a6d2ffaf05f38f53112556,cc54647e8c3fe7b701d78a6fa072c52641ac11d395a6d2ffaf05f38f53112556,x86,plain,9311,1,
darkside_d43b271fb4931263f8fa54b297e3cf60762a0fe5c50ed76999f276dcc3c283be.txt,mal_train,mal_train,1,darkside,d43b271fb4931263f8fa54b297e3cf60762a0fe5c50ed76999f276dcc3c283be,d43b271fb4931263f8fa54b297e3cf60762a0fe5c50ed76999f276dcc3c283be,x86,plain,9342,1,
darkside_d97c0b6ee613e03aa3256fcdd3757e54ba4c7bb5910887247dc857f2701f9a46.txt,mal_train,mal_train,1,darkside,d97c0b6ee613e03aa3256fcdd3757e54ba4c7bb5910887247dc857f2701f9a46,d97c0b6ee613e03aa3256fcdd3757e54ba4c7bb5910887247dc857f2701f9a46,x86,plain,12237,1,
darkside_e0493b082077648eb33ca1294f2b26bc4c96d3820913c46330923e8bb3d73230.txt,mal_train,mal_train,1,darkside,e0493b082077648eb33ca1294f2b26bc4c96d3820913c46330923e8bb3d73230,e0493b082077648eb33ca1294f2b26bc4c96d3820913c46330923e8bb3d73230,x86,plain,12237,1,
darkside_e0c0cbc50a9ed4d01a176497c8dba913cbbba515ea701a67ef00dcb7c8a84368.txt,mal_train,mal_train,1,darkside,e0c0cbc50a9ed4d01a176497c8dba913cbbba515ea701a67ef00dcb7c8a84368,e0c0cbc50a9ed4d01a176497c8dba913cbbba515ea701a67ef00dcb7c8a84368,x86,upx,,0,tag:upx
darkside_e51e4c372edf2bbe476a4b7630225c1875c5ccea2ed55b418bd793c54ce9a84d.txt,mal_train,mal_train,1,darkside,e51e4c372edf2bbe476a4b7630225c1875c5ccea2ed55b418bd793c54ce9a84d,e51e4c372edf2bbe476a4b7630225c1875c5ccea2ed55b418bd793c54ce9a84d,x86,packed_other,13720,0,tag:packed_other
darkside_ec368752c2cf3b23efbfa5705f9e582fc9d6766435a7b8eea8ef045082c6fbce.txt,mal_train,mal_train,1,darkside,ec368752c2cf3b23efbfa5705f9e582fc9d6766435a7b8eea8ef045082c6fbce,ec368752c2cf3b23efbfa5705f9e582fc9d6766435a7b8eea8ef045082c6fbce,,dup,,0,tag:dup
darkside_f3f25af554bedfa4ee2824bb858280282bd87828d446048619dc49fe061741b4.txt,mal_train,mal_train,1,darkside,f3f25af554bedfa4ee2824bb858280282bd87828d446048619dc49fe061741b4,f3f25af554bedfa4ee2824bb858280282bd87828d446048619dc49fe061741b4,x86,plain,12237,1,
darkside_f42bcc81c05e8944649958f8b9296c5523d1eb8ab00842d66530702e476561ef.txt,mal_train,mal_train,1,darkside,f42bcc81c05e8944649958f8b9296c5523d1eb8ab00842d66530702e476561ef,f42bcc81c05e8944649958f8b9296c5523d1eb8ab00842d66530702e476561ef,x86,packed_other,441073,0,tag:packed_other
darkside_fb76b4a667c6d790c39fcc93a3aac8cd2a224f0eb9ece4ecfd7825f606c2a8b6.txt,mal_train,mal_train,1,darkside,fb76b4a667c6d790c39fcc93a3aac8cd2a224f0eb9ece4ecfd7825f606c2a8b6,fb76b4a667c6d790c39fcc93a3aac8cd2a224f0eb9ece4ecfd7825f606c2a8b6,x86,plain,9342,1,
dharma_00ce72bb6fb1d2c1d32aa4c4a147e1b9b390cf9d3ae8b5c0cab2718118db4430.txt,mal_train,mal_train,1,dharma,00ce72bb6fb1d2c1d32aa4c4a147e1b9b390cf9d3ae8b5c0cab2718118db4430,00ce72bb6fb1d2c1d32aa4c4a147e1b9b390cf9d3ae8b5c0cab2718118db4430,x86,plain,14010,1,
dharma_038e577d25d5b9237fbbef6080f53f462b01e75f83449bf0020ef0b14f371ac6.txt,mal_train,mal_train,1,dharma,038e577d25d5b9237fbbef6080f53f462b01e75f83449bf0020ef0b14f371ac6,038e577d25d5b9237fbbef6080f53f462b01e75f83449bf0020ef0b14f371ac6,x86,plain,14010,1,
dharma_085105e613ad37808a8db9a3c2ba5561d5d38d5c5c43b469c93d15f0d64af0c1.txt,mal_train,mal_train,1,dharma,085105e613ad37808a8db9a3c2ba5561d5d38d5c5c43b469c93d15f0d64af0c1,085105e613ad37808a8db9a3c2ba5561d5d38d5c5c43b469c93d15f0d64af0c1,x86,plain,14010,1,
dharma_0a40acb8ddbc2ed8f8b703681fadf9fcb2672fdb75d93c150b45c6465cc9b1b4.txt,mal_train,mal_train,1,dharma,0a40acb8ddbc2ed8f8b703681fadf9fcb2672fdb75d93c150b45c6465cc9b1b4,0a40acb8ddbc2ed8f8b703681fadf9fcb2672fdb75d93c150b45c6465cc9b1b4,x86,plain,14010,1,
dharma_118d216a9a9a4fd19ac8e56cef76fe9529269a152857ad8e98386361a5fb8e0d.txt,mal_train,mal_train,1,dharma,118d216a9a9a4fd19ac8e56cef76fe9529269a152857ad8e98386361a5fb8e0d,118d216a9a9a4fd19ac8e56cef76fe9529269a152857ad8e98386361a5fb8e0d,x86,plain,14010,1,
dharma_17227020b2f5ca57f2d632d0d37de8d0ffcdef142e98a6af591e8180963cd3cc.txt,mal_train,mal_train,1,dharma,17227020b2f5ca57f2d632d0d37de8d0ffcdef142e98a6af591e8180963cd3cc,17227020b2f5ca57f2d632d0d37de8d0ffcdef142e98a6af591e8180963cd3cc,x86,plain,14010,1,
dharma_18c2ad1d4db2011971f1a67a82762cc48d3e6c4f2e5d27fbc719bff465f98933.txt,mal_train,mal_train,1,dharma,18c2ad1d4db2011971f1a67a82762cc48d3e6c4f2e5d27fbc719bff465f98933,18c2ad1d4db2011971f1a67a82762cc48d3e6c4f2e5d27fbc719bff465f98933,x86,plain,10838,1,
dharma_246fbca7a62d38c5c15e47bddbb92c303e2470adaf514817b43c9f274cb47e7f.txt,mal_train,mal_train,1,dharma,246fbca7a62d38c5c15e47bddbb92c303e2470adaf514817b43c9f274cb47e7f,246fbca7a62d38c5c15e47bddbb92c303e2470adaf514817b43c9f274cb47e7f,x86,plain,14010,1,
dharma_2c487a43ae6091d64f09bcfb1baa8b43fb502e9c9fc34f828cebfe251d9ad1f5.txt,mal_train,mal_train,1,dharma,2c487a43ae6091d64f09bcfb1baa8b43fb502e9c9fc34f828cebfe251d9ad1f5,2c487a43ae6091d64f09bcfb1baa8b43fb502e9c9fc34f828cebfe251d9ad1f5,x86,plain,14010,1,
dharma_2d0eb35f04745646d8c6eb3d1ab1c3e8bc8c30f1a9dc0ad89ea260e898ed9d4e.txt,mal_train,mal_train,1,dharma,2d0eb35f04745646d8c6eb3d1ab1c3e8bc8c30f1a9dc0ad89ea260e898ed9d4e,2d0eb35f04745646d8c6eb3d1ab1c3e8bc8c30f1a9dc0ad89ea260e898ed9d4e,x86,plain,14010,1,
dharma_2dd2c201103ac3a5bf77ae7b30d0032ed215f59f883543c816e516ab454383fb.txt,mal_train,mal_train,1,dharma,2dd2c201103ac3a5bf77ae7b30d0032ed215f59f883543c816e516ab454383fb,2dd2c201103ac3a5bf77ae7b30d0032ed215f59f883543c816e516ab454383fb,x86,plain,14010,1,
dharma_307077d1a3fd2b53b94d88268e31b0b89b8c0c2ee9dbb46041d3e2395243f1b3.txt,mal_train,mal_train,1,dharma,307077d1a3fd2b53b94d88268e31b0b89b8c0c2ee9dbb46041d3e2395243f1b3,307077d1a3fd2b53b94d88268e31b0b89b8c0c2ee9dbb46041d3e2395243f1b3,x86,plain,14010,1,
dharma_324cb383fd7f47c079b162b725215bb4badfd4c0b2e41d330fa38344e59e77ce.txt,mal_train,mal_train,1,dharma,324cb383fd7f47c079b162b725215bb4badfd4c0b2e41d330fa38344e59e77ce,324cb383fd7f47c079b162b725215bb4badfd4c0b2e41d330fa38344e59e77ce,x86,plain,14010,1,
dharma_32eadf068d9d090fcf57145a09df4ce515c196387e409a01fbf052ff790879bf.txt,mal_train,mal_train,1,dharma,32eadf068d9d090fcf57145a09df4ce515c196387e409a01fbf052ff790879bf,32eadf068d9d090fcf57145a09df4ce515c196387e409a01fbf052ff790879bf,x86,plain,14010,1,
dharma_34c485ad11076ede709ff409c0e1867dc50fd40311ae6e7318ddf50679fa4049.txt,mal_train,mal_train,1,dharma,34c485ad11076ede709ff409c0e1867dc50fd40311ae6e7318ddf50679fa4049,34c485ad11076ede709ff409c0e1867dc50fd40311ae6e7318ddf50679fa4049,x86,plain,14010,1,
dharma_3e7f30a802c595379ad3158ffe4ba5bc9e4a4d304430a2d846330adee70dc9a5.txt,mal_train,mal_train,1,dharma,3e7f30a802c595379ad3158ffe4ba5bc9e4a4d304430a2d846330adee70dc9a5,3e7f30a802c595379ad3158ffe4ba5bc9e4a4d304430a2d846330adee70dc9a5,x86,plain,14010,1,
dharma_40a837f93edb2531fe35733d725efb490c7b5199d031a6e087b5041aed6eea05.txt,mal_train,mal_train,1,dharma,40a837f93edb2531fe35733d725efb490c7b5199d031a6e087b5041aed6eea05,40a837f93edb2531fe35733d725efb490c7b5199d031a6e087b5041aed6eea05,x86,plain,14010,1,
dharma_438af5e212ca33f9e04431dfac555945a3f0926865930f96230adb07dec0a2be.txt,mal_train,mal_train,1,dharma,438af5e212ca33f9e04431dfac555945a3f0926865930f96230adb07dec0a2be,438af5e212ca33f9e04431dfac555945a3f0926865930f96230adb07dec0a2be,x86,plain,14010,1,
dharma_4708750c9a6fdeaec5f499a3cd26bb5f61db4f82e66484dc7b44118effbb246f.txt,mal_train,mal_train,1,dharma,4708750c9a6fdeaec5f499a3cd26bb5f61db4f82e66484dc7b44118effbb246f,4708750c9a6fdeaec5f499a3cd26bb5f61db4f82e66484dc7b44118effbb246f,x86,plain,14010,1,
dharma_4992506df46c0b80f4619f3cb7478346561260366422c085f18356194b6cc3e3.txt,mal_train,mal_train,1,dharma,4992506df46c0b80f4619f3cb7478346561260366422c085f18356194b6cc3e3,4992506df46c0b80f4619f3cb7478346561260366422c085f18356194b6cc3e3,x86,plain,14010,1,
dharma_4b6de6cf9a91af3abf522643cb138747725ec1ae47d1defd66488e246a1fec8d.txt,mal_train,mal_train,1,dharma,4b6de6cf9a91af3abf522643cb138747725ec1ae47d1defd66488e246a1fec8d,4b6de6cf9a91af3abf522643cb138747725ec1ae47d1defd66488e246a1fec8d,x86,plain,14010,1,
dharma_4d8ffa30554984f32eabbcb7a99699dd833ea85a8483db8753cc40bde7cee923.txt,mal_train,mal_train,1,dharma,4d8ffa30554984f32eabbcb7a99699dd833ea85a8483db8753cc40bde7cee923,4d8ffa30554984f32eabbcb7a99699dd833ea85a8483db8753cc40bde7cee923,x86,plain,14010,1,
dharma_53cee5760768d57218ccc210948592f29d41b98cba17a81a87d0392e1eeffaf6.txt,mal_train,mal_train,1,dharma,53cee5760768d57218ccc210948592f29d41b98cba17a81a87d0392e1eeffaf6,53cee5760768d57218ccc210948592f29d41b98cba17a81a87d0392e1eeffaf6,x86,plain,14010,1,
dharma_553532c3bc00e3b85bcbac054bc4f05cb4fffba6f44a17c663dd37732ce1772d.txt,mal_train,mal_train,1,dharma,553532c3bc00e3b85bcbac054bc4f05cb4fffba6f44a17c663dd37732ce1772d,553532c3bc00e3b85bcbac054bc4f05cb4fffba6f44a17c663dd37732ce1772d,x86,plain,14010,1,
dharma_553f674770840d592fd718f1cb8eed6d4210c7ce73944fb2d200e8588584fccb.txt,mal_train,mal_train,1,dharma,553f674770840d592fd718f1cb8eed6d4210c7ce73944fb2d200e8588584fccb,553f674770840d592fd718f1cb8eed6d4210c7ce73944fb2d200e8588584fccb,x86,plain,14010,1,
dharma_55f111fa13c58f4e6eb6f9828621a463944b7de26fa09cff5a38c31f457def7d.txt,mal_train,mal_train,1,dharma,55f111fa13c58f4e6eb6f9828621a463944b7de26fa09cff5a38c31f457def7d,55f111fa13c58f4e6eb6f9828621a463944b7de26fa09cff5a38c31f457def7d,x86,plain,14010,1,
dharma_56f1a65ab205548d7cc50c044c510210f084d7c7a381be7e3dd6530da1ce6aff.txt,mal_train,mal_train,1,dharma,56f1a65ab205548d7cc50c044c510210f084d7c7a381be7e3dd6530da1ce6aff,56f1a65ab205548d7cc50c044c510210f084d7c7a381be7e3dd6530da1ce6aff,x86,plain,14010,1,
dharma_584e757b4fb9b56105c3a57053976323f82535c8264082f81dd43f233c04cab9.txt,mal_train,mal_train,1,dharma,584e757b4fb9b56105c3a57053976323f82535c8264082f81dd43f233c04cab9,584e757b4fb9b56105c3a57053976323f82535c8264082f81dd43f233c04cab9,x86,plain,14010,1,
dharma_5997f7c46d8860cb07a00edf9e093e21a2416cc508c51dbd3838628d9b46b0d5.txt,mal_train,mal_train,1,dharma,5997f7c46d8860cb07a00edf9e093e21a2416cc508c51dbd3838628d9b46b0d5,5997f7c46d8860cb07a00edf9e093e21a2416cc508c51dbd3838628d9b46b0d5,x86,plain,14010,1,
dharma_5a0d1265d52d2f76dae31aab48b706a72f03078a6111694f59c4ebf06e6e9f43.txt,mal_train,mal_train,1,dharma,5a0d1265d52d2f76dae31aab48b706a72f03078a6111694f59c4ebf06e6e9f43,5a0d1265d52d2f76dae31aab48b706a72f03078a6111694f59c4ebf06e6e9f43,x86,plain,14010,1,
dharma_629302ede09446efc6c44bea6fb9d4c62354816e227f61868528b6af43eeee94.txt,mal_train,mal_train,1,dharma,629302ede09446efc6c44bea6fb9d4c62354816e227f61868528b6af43eeee94,629302ede09446efc6c44bea6fb9d4c62354816e227f61868528b6af43eeee94,x86,plain,14010,1,
dharma_6985917d29596b66d9bbc745a13d5577110d9b0408719c5559d23dd59a9e4f0b.txt,mal_train,mal_train,1,dharma,6985917d29596b66d9bbc745a13d5577110d9b0408719c5559d23dd59a9e4f0b,6985917d29596b66d9bbc745a13d5577110d9b0408719c5559d23dd59a9e4f0b,x86,plain,14010,1,
dharma_8e8b6818423930eea073315743b788aef2f41198961946046b7b89042cb3f95a.txt,mal_train,mal_train,1,dharma,8e8b6818423930eea073315743b788aef2f41198961946046b7b89042cb3f95a,8e8b6818423930eea073315743b788aef2f41198961946046b7b89042cb3f95a,x86,plain,14010,1,
dharma_90c54543aaf085e00879d4fe98a6dfb8148548f374828d50b6e3ac44668138b2.txt,mal_train,mal_train,1,dharma,90c54543aaf085e00879d4fe98a6dfb8148548f374828d50b6e3ac44668138b2,90c54543aaf085e00879d4fe98a6dfb8148548f374828d50b6e3ac44668138b2,x86,plain,14010,1,
dharma_97689f3967844dd326e7a2b68e7da5b6b3967eea7748d1e3313910a16cacdf16.txt,mal_train,mal_train,1,dharma,97689f3967844dd326e7a2b68e7da5b6b3967eea7748d1e3313910a16cacdf16,97689f3967844dd326e7a2b68e7da5b6b3967eea7748d1e3313910a16cacdf16,x86,plain,14010,1,
dharma_9a4e6b6a25332f21e4e15bd5c67ea1613db78bf02fa3cef2eba47f27723f8d58.txt,mal_train,mal_train,1,dharma,9a4e6b6a25332f21e4e15bd5c67ea1613db78bf02fa3cef2eba47f27723f8d58,9a4e6b6a25332f21e4e15bd5c67ea1613db78bf02fa3cef2eba47f27723f8d58,x86,plain,14010,1,
dharma_a08c192df62e58faf203a10d830a6f0c34f1d843373ce5ca6f4826ed45a36764.txt,mal_train,mal_train,1,dharma,a08c192df62e58faf203a10d830a6f0c34f1d843373ce5ca6f4826ed45a36764,a08c192df62e58faf203a10d830a6f0c34f1d843373ce5ca6f4826ed45a36764,x86,plain,14010,1,
dharma_ad14312e134f8b9483b2d701b1470758e8944764ec803252efede6b1c49e9485.txt,mal_train,mal_train,1,dharma,ad14312e134f8b9483b2d701b1470758e8944764ec803252efede6b1c49e9485,ad14312e134f8b9483b2d701b1470758e8944764ec803252efede6b1c49e9485,x86,plain,14010,1,
dharma_b565c8e1e81796db13409f37e4bd28877272b5e54ab5c0a3d9b6a024e7f5a039.txt,mal_train,mal_train,1,dharma,b565c8e1e81796db13409f37e4bd28877272b5e54ab5c0a3d9b6a024e7f5a039,b565c8e1e81796db13409f37e4bd28877272b5e54ab5c0a3d9b6a024e7f5a039,x86,plain,14010,1,
dharma_b6c644a1644dd9b81a604fb6ad6a8cebf4a9b14d5c41da633a93ba2f459f31ae.txt,mal_train,mal_train,1,dharma,b6c644a1644dd9b81a604fb6ad6a8cebf4a9b14d5c41da633a93ba2f459f31ae,b6c644a1644dd9b81a604fb6ad6a8cebf4a9b14d5c41da633a93ba2f459f31ae,x86,plain,14010,1,
dharma_c855a83b6b0b51c9e9bc1b2676d5644f1c578b87734517ce63820ca33d155707.txt,mal_train,mal_train,1,dharma,c855a83b6b0b51c9e9bc1b2676d5644f1c578b87734517ce63820ca33d155707,c855a83b6b0b51c9e9bc1b2676d5644f1c578b87734517ce63820ca33d155707,x86,plain,14010,1,
dharma_d13c712deac973ddd3666c02b76e8c0f2f5a4291078b579e231cdb8f5554efb2.txt,mal_train,mal_train,1,dharma,d13c712deac973ddd3666c02b76e8c0f2f5a4291078b579e231cdb8f5554efb2,d13c712deac973ddd3666c02b76e8c0f2f5a4291078b579e231cdb8f5554efb2,x86,plain,14010,1,
dharma_d424fd77dc8e421ac66621a2ea3a36533e6cdb19335b909cbaaac970993e62a4.txt,mal_train,mal_train,1,dharma,d424fd77dc8e421ac66621a2ea3a36533e6cdb19335b909cbaaac970993e62a4,d424fd77dc8e421ac66621a2ea3a36533e6cdb19335b909cbaaac970993e62a4,x86,plain,14010,1,
dharma_d4b6920e28ddba697f8e2e33f6479d16c9b92fefdc36894e3c594e3f71095e4d.txt,mal_train,mal_train,1,dharma,d4b6920e28ddba697f8e2e33f6479d16c9b92fefdc36894e3c594e3f71095e4d,d4b6920e28ddba697f8e2e33f6479d16c9b92fefdc36894e3c594e3f71095e4d,x86,plain,14010,1,
dharma_e4a43f0bb8216496b95826c2c1aeb2f3ece6a7d87a8dbc7a0cc6a3935ace3d90.txt,mal_train,mal_train,1,dharma,e4a43f0bb8216496b95826c2c1aeb2f3ece6a7d87a8dbc7a0cc6a3935ace3d90,e4a43f0bb8216496b95826c2c1aeb2f3ece6a7d87a8dbc7a0cc6a3935ace3d90,x86,plain,14010,1,
dharma_e589257b8ad21635e0b1cf15b0936f939b19153806c3dcb9d502853525977817.txt,mal_train,mal_train,1,dharma,e589257b8ad21635e0b1cf15b0936f939b19153806c3dcb9d502853525977817,e589257b8ad21635e0b1cf15b0936f939b19153806c3dcb9d502853525977817,x86,plain,14010,1,
doppelpaymer_0b5f142418adffa1ba2c6fed16dee81a505481b411759aa7355c1d3fb0d719b4.txt,mal_train,mal_train,1,doppelpaymer,0b5f142418adffa1ba2c6fed16dee81a505481b411759aa7355c1d3fb0d719b4,0b5f142418adffa1ba2c6fed16dee81a505481b411759aa7355c1d3fb0d719b4,x86,plain,26462,1,
doppelpaymer_0fe622ba1a8d90793d2646b8afa7c75834d1a4bf9dd0696e5b894037c13ed299.txt,mal_train,mal_train,1,doppelpaymer,0fe622ba1a8d90793d2646b8afa7c75834d1a4bf9dd0696e5b894037c13ed299,0fe622ba1a8d90793d2646b8afa7c75834d1a4bf9dd0696e5b894037c13ed299,x86,plain,35209,1,
doppelpaymer_17528798f8b5ec83731a383b16b692bb3a5aa6d9c09fe0e9bb6fb92687350963.txt,mal_train,mal_train,1,doppelpaymer,17528798f8b5ec83731a383b16b692bb3a5aa6d9c09fe0e9bb6fb92687350963,17528798f8b5ec83731a383b16b692bb3a5aa6d9c09fe0e9bb6fb92687350963,x86,plain,3790,1,
doppelpaymer_1ccbe79a55bb1b855fcd6e66611ab754b608b16a9500fc87334c3e2c25a2a91b.txt,mal_train,mal_train,1,doppelpaymer,1ccbe79a55bb1b855fcd6e66611ab754b608b16a9500fc87334c3e2c25a2a91b,1ccbe79a55bb1b855fcd6e66611ab754b608b16a9500fc87334c3e2c25a2a91b,x86,packed_other,642240,0,tag:packed_other
doppelpaymer_3da52a407801a5e41d792a65d145f056059d470a242849b92032f51fcec8ecfc.txt,mal_train,mal_train,1,doppelpaymer,3da52a407801a5e41d792a65d145f056059d470a242849b92032f51fcec8ecfc,3da52a407801a5e41d792a65d145f056059d470a242849b92032f51fcec8ecfc,x86,plain,27650,1,
doppelpaymer_46254a390027a1708f6951f8af3da13d033dee9a71a4ee75f257087218676dd5.txt,mal_train,mal_train,1,doppelpaymer,46254a390027a1708f6951f8af3da13d033dee9a71a4ee75f257087218676dd5,46254a390027a1708f6951f8af3da13d033dee9a71a4ee75f257087218676dd5,x86,plain,27188,1,
doppelpaymer_516fb7b0f610494d2702c31402dcb1116a489760f70ea102c900482d0514f465.txt,mal_train,mal_train,1,doppelpaymer,516fb7b0f610494d2702c31402dcb1116a489760f70ea102c900482d0514f465,516fb7b0f610494d2702c31402dcb1116a489760f70ea102c900482d0514f465,x86,plain,24424,1,
doppelpaymer_53709a38525d1f76995a3f70fdab6521eb0f2a568cb31693db15231198ed55a5.txt,mal_train,mal_train,1,doppelpaymer,53709a38525d1f76995a3f70fdab6521eb0f2a568cb31693db15231198ed55a5,53709a38525d1f76995a3f70fdab6521eb0f2a568cb31693db15231198ed55a5,x86,plain,30106,1,
doppelpaymer_60ab87df9a77924e9f12484fa94f63fa4bb4c646072cf4b002492f59b1ee0103.txt,mal_train,mal_train,1,doppelpaymer,60ab87df9a77924e9f12484fa94f63fa4bb4c646072cf4b002492f59b1ee0103,60ab87df9a77924e9f12484fa94f63fa4bb4c646072cf4b002492f59b1ee0103,x86,plain,24410,1,
doppelpaymer_624255fef7e958cc3de9e454d2de4ae1a914a41fedc98b2042756042f68c2b69.txt,mal_train,mal_train,1,doppelpaymer,624255fef7e958cc3de9e454d2de4ae1a914a41fedc98b2042756042f68c2b69,624255fef7e958cc3de9e454d2de4ae1a914a41fedc98b2042756042f68c2b69,x86,plain,23802,1,
doppelpaymer_64aae03c2a7f3646e6e85102074f691fc64c605d3cd7e5f2c019e0be25e03962.txt,mal_train,mal_train,1,doppelpaymer,64aae03c2a7f3646e6e85102074f691fc64c605d3cd7e5f2c019e0be25e03962,64aae03c2a7f3646e6e85102074f691fc64c605d3cd7e5f2c019e0be25e03962,x86,plain,37332,1,
doppelpaymer_750150ec6d50212936151b881c6e3bae30bf76fb233602b064984bc46fc4f4c0.txt,mal_train,mal_train,1,doppelpaymer,750150ec6d50212936151b881c6e3bae30bf76fb233602b064984bc46fc4f4c0,750150ec6d50212936151b881c6e3bae30bf76fb233602b064984bc46fc4f4c0,x86,plain,37284,1,
doppelpaymer_7f0dcd67e61f9f1388d3ba92cca0c6da0c49751f96d77b3100e0c6173092524c.txt,mal_train,mal_train,1,doppelpaymer,7f0dcd67e61f9f1388d3ba92cca0c6da0c49751f96d77b3100e0c6173092524c,7f0dcd67e61f9f1388d3ba92cca0c6da0c49751f96d77b3100e0c6173092524c,x86,plain,3015,1,
doppelpaymer_84dfebb04d3f98ea63f803c46d83243c4bbdbcb6a6be238600e2ff9118fb05ed.txt,mal_train,mal_train,1,doppelpaymer,84dfebb04d3f98ea63f803c46d83243c4bbdbcb6a6be238600e2ff9118fb05ed,84dfebb04d3f98ea63f803c46d83243c4bbdbcb6a6be238600e2ff9118fb05ed,x86,plain,27650,1,
doppelpaymer_a0c3976f5d93927b0ee4e5c17057d3bb028ff26e4200ba63fbc9fa0d311eda57.txt,mal_train,mal_train,1,doppelpaymer,a0c3976f5d93927b0ee4e5c17057d3bb028ff26e4200ba63fbc9fa0d311eda57,a0c3976f5d93927b0ee4e5c17057d3bb028ff26e4200ba63fbc9fa0d311eda57,x86,plain,25634,1,
doppelpaymer_b3e2ebc49bed60465f27a1ad5364014053bb0182ae3eb06211a12f2008893ee0.txt,mal_train,mal_train,1,doppelpaymer,b3e2ebc49bed60465f27a1ad5364014053bb0182ae3eb06211a12f2008893ee0,b3e2ebc49bed60465f27a1ad5364014053bb0182ae3eb06211a12f2008893ee0,x86,plain,26650,1,
doppelpaymer_c66157a916c7f874bd381a775b8eede422eb59819872fdffafc5649eefa76373.txt,mal_train,mal_train,1,doppelpaymer,c66157a916c7f874bd381a775b8eede422eb59819872fdffafc5649eefa76373,c66157a916c7f874bd381a775b8eede422eb59819872fdffafc5649eefa76373,x86,plain,25121,1,
doppelpaymer_cf961a8a5da4d9453ac1eea45b6f33a896616c4872a50ca603b9899aac403691.txt,mal_train,mal_train,1,doppelpaymer,cf961a8a5da4d9453ac1eea45b6f33a896616c4872a50ca603b9899aac403691,cf961a8a5da4d9453ac1eea45b6f33a896616c4872a50ca603b9899aac403691,x86,plain,24330,1,
doppelpaymer_d4d2701df5c47ccb3ccb95693fcb0cfa493695be32c6daba2218ca73f76cf9e9.txt,mal_train,mal_train,1,doppelpaymer,d4d2701df5c47ccb3ccb95693fcb0cfa493695be32c6daba2218ca73f76cf9e9,d4d2701df5c47ccb3ccb95693fcb0cfa493695be32c6daba2218ca73f76cf9e9,x86,plain,24021,1,
doppelpaymer_f27e8691520ca218bccc6bfc6880d52bcce3e2218fd1cb0d40c85260df2d822c.txt,mal_train,mal_train,1,doppelpaymer,f27e8691520ca218bccc6bfc6880d52bcce3e2218fd1cb0d40c85260df2d822c,f27e8691520ca218bccc6bfc6880d52bcce3e2218fd1cb0d40c85260df2d822c,x86,plain,27650,1,
doppelpaymer_f658ddcf8e87de957a81bb92d44ce02913b427e8bccbe663669ee2613d355555.txt,mal_train,mal_train,1,doppelpaymer,f658ddcf8e87de957a81bb92d44ce02913b427e8bccbe663669ee2613d355555,f658ddcf8e87de957a81bb92d44ce02913b427e8bccbe663669ee2613d355555,x86,plain,63932,1,
doppelpaymer_f6c5fe6cf03045fa15b36adaaefba0b3a2bee19551c34b61f886904c5060f457.txt,mal_train,mal_train,1,doppelpaymer,f6c5fe6cf03045fa15b36adaaefba0b3a2bee19551c34b61f886904c5060f457,f6c5fe6cf03045fa15b36adaaefba0b3a2bee19551c34b61f886904c5060f457,x86,plain,5453,1,
doppelpaymer_fb04d01431c33b1ec19cc2986e48174e97a0c62fdab1ec08cacf3969f3d51bda.txt,mal_train,mal_train,1,doppelpaymer,fb04d01431c33b1ec19cc2986e48174e97a0c62fdab1ec08cacf3969f3d51bda,fb04d01431c33b1ec19cc2986e48174e97a0c62fdab1ec08cacf3969f3d51bda,x86,plain,47134,1,
exorcist_027d99aaaa6803a07d07ce0ba1fa66964388129d3b26dcf8621a3310692b0a61.txt,mal_train,mal_train,1,exorcist,027d99aaaa6803a07d07ce0ba1fa66964388129d3b26dcf8621a3310692b0a61,027d99aaaa6803a07d07ce0ba1fa66964388129d3b26dcf8621a3310692b0a61,x86,plain,6519,1,
exorcist_2b37a372626063afce9e08199342a41bbe4183b0d5ba7864ff61eb6e6f7c4fdf.txt,mal_train,mal_train,1,exorcist,2b37a372626063afce9e08199342a41bbe4183b0d5ba7864ff61eb6e6f7c4fdf,2b37a372626063afce9e08199342a41bbe4183b0d5ba7864ff61eb6e6f7c4fdf,x64,plain,6300,1,
exorcist_3582343032c1b72e970ac45cabc28610eb47aa4e3d5d0eea3e231e6958db0f3b.txt,mal_train,mal_train,1,exorcist,3582343032c1b72e970ac45cabc28610eb47aa4e3d5d0eea3e231e6958db0f3b,3582343032c1b72e970ac45cabc28610eb47aa4e3d5d0eea3e231e6958db0f3b,x86,packed_other,503000,0,tag:packed_other
exorcist_428ce154645d5d70743dcd489ce18e3618f7a9b8fe6856584c1501d5e5841a8b.txt,mal_train,mal_train,1,exorcist,428ce154645d5d70743dcd489ce18e3618f7a9b8fe6856584c1501d5e5841a8b,428ce154645d5d70743dcd489ce18e3618f7a9b8fe6856584c1501d5e5841a8b,x86,plain,41826,1,
exorcist_4d1b3c3907d6ad35f69899e5e8244e541e86e643c2628b61f254341ff95ecb52.txt,mal_train,mal_train,1,exorcist,4d1b3c3907d6ad35f69899e5e8244e541e86e643c2628b61f254341ff95ecb52,4d1b3c3907d6ad35f69899e5e8244e541e86e643c2628b61f254341ff95ecb52,x86,plain,6519,1,
exorcist_6db3aae21a6d80857c85f58c4c8b2cf9c6b7f8b8a9ab1d5496d18eaf9bd0bd01.txt,mal_train,mal_train,1,exorcist,6db3aae21a6d80857c85f58c4c8b2cf9c6b7f8b8a9ab1d5496d18eaf9bd0bd01,6db3aae21a6d80857c85f58c4c8b2cf9c6b7f8b8a9ab1d5496d18eaf9bd0bd01,x86,plain,6519,1,
exorcist_793dcc731fa2c6f7406fd52c7ac43926ac23e39badce09677128cce0192e19b0.txt,mal_train,mal_train,1,exorcist,793dcc731fa2c6f7406fd52c7ac43926ac23e39badce09677128cce0192e19b0,793dcc731fa2c6f7406fd52c7ac43926ac23e39badce09677128cce0192e19b0,x64,plain,6265,1,
exorcist_8ce8636d2b4807cf66f78156ad7af4035202f6b770eed78b5fe875d3e321b155.txt,mal_train,mal_train,1,exorcist,8ce8636d2b4807cf66f78156ad7af4035202f6b770eed78b5fe875d3e321b155,8ce8636d2b4807cf66f78156ad7af4035202f6b770eed78b5fe875d3e321b155,x86,plain,6520,1,
exorcist_8d684a790a5683b8decde9fb5a819c4a164d3032723a151a30ff26d3c2b1aabf.txt,mal_train,mal_train,1,exorcist,8d684a790a5683b8decde9fb5a819c4a164d3032723a151a30ff26d3c2b1aabf,8d684a790a5683b8decde9fb5a819c4a164d3032723a151a30ff26d3c2b1aabf,x86,plain,6519,1,
exorcist_8da469200a4b3899b23a34232eec537f12c621aa3c8766a9745d8ff721ef5296.txt,mal_train,mal_train,1,exorcist,8da469200a4b3899b23a34232eec537f12c621aa3c8766a9745d8ff721ef5296,8da469200a4b3899b23a34232eec537f12c621aa3c8766a9745d8ff721ef5296,x86,plain,6562,1,
exorcist_a7e27cc38a39ff242da39d05e04b95ea9b656829dfe2e90e8226351da8813d7d.txt,mal_train,mal_train,1,exorcist,a7e27cc38a39ff242da39d05e04b95ea9b656829dfe2e90e8226351da8813d7d,a7e27cc38a39ff242da39d05e04b95ea9b656829dfe2e90e8226351da8813d7d,x86,plain,6519,1,
exorcist_b1280c85c41ba01ae9d6bf83b8d1483033dce2d15133b273e303cf935e0be9f8.txt,mal_train,mal_train,1,exorcist,b1280c85c41ba01ae9d6bf83b8d1483033dce2d15133b273e303cf935e0be9f8,b1280c85c41ba01ae9d6bf83b8d1483033dce2d15133b273e303cf935e0be9f8,x64,plain,6263,1,
exorcist_b1bcc54ef15f91d9291357eca02862174bd6158e95813eff1ab0c16ba48ff10e.txt,mal_train,mal_train,1,exorcist,b1bcc54ef15f91d9291357eca02862174bd6158e95813eff1ab0c16ba48ff10e,b1bcc54ef15f91d9291357eca02862174bd6158e95813eff1ab0c16ba48ff10e,x86,plain,6562,1,
exorcist_bf6e5f9d060ebc5bb70144ca6e795bfc249c6590ab9f45e258ec9b5f3d49eeb6.txt,mal_train,mal_train,1,exorcist,bf6e5f9d060ebc5bb70144ca6e795bfc249c6590ab9f45e258ec9b5f3d49eeb6,bf6e5f9d060ebc5bb70144ca6e795bfc249c6590ab9f45e258ec9b5f3d49eeb6,x86,plain,6562,1,
exorcist_cea934f291a4be8edb7b29e5c960093da9ee47195e53720dd6df5c977e741f4f.txt,mal_train,mal_train,1,exorcist,cea934f291a4be8edb7b29e5c960093da9ee47195e53720dd6df5c977e741f4f,cea934f291a4be8edb7b29e5c960093da9ee47195e53720dd6df5c977e741f4f,x86,plain,6519,1,
exorcist_dfecb46078038bcfa9d0b8db18bdc0646f33bad55ee7dd5ee46e61c6cf399620.txt,mal_train,mal_train,1,exorcist,dfecb46078038bcfa9d0b8db18bdc0646f33bad55ee7dd5ee46e61c6cf399620,dfecb46078038bcfa9d0b8db18bdc0646f33bad55ee7dd5ee46e61c6cf399620,x86,plain,15493,1,
exorcist_eeb8a83d7532797d39d060ffb2a65562e8d803c4dbd8379289f99367cac2f850.txt,mal_train,mal_train,1,exorcist,eeb8a83d7532797d39d060ffb2a65562e8d803c4dbd8379289f99367cac2f850,eeb8a83d7532797d39d060ffb2a65562e8d803c4dbd8379289f99367cac2f850,x64,plain,6263,1,
exorcist_f86e27e58356c554269b93713ea53b797d92359f0abb25bf70fe2de278278f7f.txt,mal_train,mal_train,1,exorcist,f86e27e58356c554269b93713ea53b797d92359f0abb25bf70fe2de278278f7f,f86e27e58356c554269b93713ea53b797d92359f0abb25bf70fe2de278278f7f,x86,plain,6520,1,
exorcist_fdb89d5de25bbf478ab5c14e2586128f4fb309c5ef2fa5bf917fc7e37afcd1ff.txt,mal_train,mal_train,1,exorcist,8ce8636d2b4807cf66f78156ad7af4035202f6b770eed78b5fe875d3e321b155,fdb89d5de25bbf478ab5c14e2586128f4fb309c5ef2fa5bf917fc7e37afcd1ff,,dup,,0,tag:dup
gandcrab_0030c9190c6f96dffea80d960cf4d87aacbeffb2f08c2c9e7a60b318bd636dbf.txt,mal_train,mal_train,1,gandcrab,0030c9190c6f96dffea80d960cf4d87aacbeffb2f08c2c9e7a60b318bd636dbf,0030c9190c6f96dffea80d960cf4d87aacbeffb2f08c2c9e7a60b318bd636dbf,x86,plain,24419,1,
gandcrab_007988b1ffdce1e161071f92a130b64650735a5eed6445806c2c967d0902c286.txt,mal_train,mal_train,1,gandcrab,007988b1ffdce1e161071f92a130b64650735a5eed6445806c2c967d0902c286,007988b1ffdce1e161071f92a130b64650735a5eed6445806c2c967d0902c286,x86,plain,27213,1,
gandcrab_07c82be075c33f06ef8e411d5f32e7b3d51a47be63233f2d66250cbf2903b777.txt,mal_train,mal_train,1,gandcrab,07c82be075c33f06ef8e411d5f32e7b3d51a47be63233f2d66250cbf2903b777,07c82be075c33f06ef8e411d5f32e7b3d51a47be63233f2d66250cbf2903b777,x86,plain,24419,1,
gandcrab_098aad386b0f549cefddf2001dba9f31f40d88a3618cd3a8d5589b4b0b467342.txt,mal_train,mal_train,1,gandcrab,098aad386b0f549cefddf2001dba9f31f40d88a3618cd3a8d5589b4b0b467342,098aad386b0f549cefddf2001dba9f31f40d88a3618cd3a8d5589b4b0b467342,x86,plain,27213,1,
gandcrab_0d38a79805947ec49ba34769b9a9f9cdfc4032c3c7112bed465d46b09b587ef9.txt,mal_train,mal_train,1,gandcrab,0d38a79805947ec49ba34769b9a9f9cdfc4032c3c7112bed465d46b09b587ef9,0d38a79805947ec49ba34769b9a9f9cdfc4032c3c7112bed465d46b09b587ef9,x86,plain,27288,1,
gandcrab_0d8a1610fbe90831d4aae127563c8b6d0f0fe85aae3cd7062013f74cf38be4f0.txt,mal_train,mal_train,1,gandcrab,0d8a1610fbe90831d4aae127563c8b6d0f0fe85aae3cd7062013f74cf38be4f0,0d8a1610fbe90831d4aae127563c8b6d0f0fe85aae3cd7062013f74cf38be4f0,x86,plain,27213,1,
gandcrab_137e0d194e572f779a9334960063f1c482e73d4758d75663f2a298393bc52bea.txt,mal_train,mal_train,1,gandcrab,137e0d194e572f779a9334960063f1c482e73d4758d75663f2a298393bc52bea,137e0d194e572f779a9334960063f1c482e73d4758d75663f2a298393bc52bea,x86,plain,26935,1,
gandcrab_1673a950aa003ed5110d0ced961bfb29e9acd424897cd27d846f3a686d73678c.txt,mal_train,mal_train,1,gandcrab,1673a950aa003ed5110d0ced961bfb29e9acd424897cd27d846f3a686d73678c,1673a950aa003ed5110d0ced961bfb29e9acd424897cd27d846f3a686d73678c,x86,plain,27213,1,
gandcrab_1b808c06993ff740e36df55805d367217933c17bff9a34c6767a5e6f3d4453fd.txt,mal_train,mal_train,1,gandcrab,1b808c06993ff740e36df55805d367217933c17bff9a34c6767a5e6f3d4453fd,1b808c06993ff740e36df55805d367217933c17bff9a34c6767a5e6f3d4453fd,x86,plain,37636,1,
gandcrab_2698c0506fd1c0332cfab3d1a7b3438269f2a2d1168eb3d09c83d805bf0724b1.txt,mal_train,mal_train,1,gandcrab,2698c0506fd1c0332cfab3d1a7b3438269f2a2d1168eb3d09c83d805bf0724b1,2698c0506fd1c0332cfab3d1a7b3438269f2a2d1168eb3d09c83d805bf0724b1,x86,plain,26935,1,
gandcrab_2c9538b89e32cac819526b5ec77a19cd32ec88c60631bec1f00311c11e3b0219.txt,mal_train,mal_train,1,gandcrab,2c9538b89e32cac819526b5ec77a19cd32ec88c60631bec1f00311c11e3b0219,2c9538b89e32cac819526b5ec77a19cd32ec88c60631bec1f00311c11e3b0219,x86,plain,24419,1,
gandcrab_2e92f62d73a7157e74bf3810356b799cfb77bf57b97e6f8c9261f02ed1ce944c.txt,mal_train,mal_train,1,gandcrab,2e92f62d73a7157e74bf3810356b799cfb77bf57b97e6f8c9261f02ed1ce944c,2e92f62d73a7157e74bf3810356b799cfb77bf57b97e6f8c9261f02ed1ce944c,x86,plain,24419,1,
gandcrab_2fbe3c62a6ee7966c9bbc46be6e38d2a442fe544f38e74312b25f32f38d72715.txt,mal_train,mal_train,1,gandcrab,2fbe3c62a6ee7966c9bbc46be6e38d2a442fe544f38e74312b25f32f38d72715,2fbe3c62a6ee7966c9bbc46be6e38d2a442fe544f38e74312b25f32f38d72715,x86,plain,24419,1,
gandcrab_33d1fcc12e2e01e484477df9a0c748fa6efd96fb2d004f6af7413939ebf36e12.txt,mal_train,mal_train,1,gandcrab,33d1fcc12e2e01e484477df9a0c748fa6efd96fb2d004f6af7413939ebf36e12,33d1fcc12e2e01e484477df9a0c748fa6efd96fb2d004f6af7413939ebf36e12,x86,plain,26935,1,
gandcrab_4837a97055193bf58d97c1c0e46dafdb754a5bd7654908231e3fb6cd650eec4c.txt,mal_train,mal_train,1,gandcrab,4837a97055193bf58d97c1c0e46dafdb754a5bd7654908231e3fb6cd650eec4c,4837a97055193bf58d97c1c0e46dafdb754a5bd7654908231e3fb6cd650eec4c,x86,plain,18702,1,
gandcrab_4864e064c66cfa321ff21d0730b9d2e78009803b3c99b1500b8ccdf31efd4b7d.txt,mal_train,mal_train,1,gandcrab,4864e064c66cfa321ff21d0730b9d2e78009803b3c99b1500b8ccdf31efd4b7d,4864e064c66cfa321ff21d0730b9d2e78009803b3c99b1500b8ccdf31efd4b7d,x86,plain,24419,1,
gandcrab_4b5fe7497864d07f78af15fa3e1aa3702b303b89f9644624871d83dd0f484749.txt,mal_train,mal_train,1,gandcrab,4b5fe7497864d07f78af15fa3e1aa3702b303b89f9644624871d83dd0f484749,4b5fe7497864d07f78af15fa3e1aa3702b303b89f9644624871d83dd0f484749,x86,plain,27213,1,
gandcrab_4be2d7cc2d715d7e5b87eb21f0c984f4da961d63aec448c790800fc1f76f2b98.txt,mal_train,mal_train,1,gandcrab,4be2d7cc2d715d7e5b87eb21f0c984f4da961d63aec448c790800fc1f76f2b98,4be2d7cc2d715d7e5b87eb21f0c984f4da961d63aec448c790800fc1f76f2b98,x86,plain,27213,1,
gandcrab_52f2b6380b492c175837418285cbefa51f1de3187d00c01383bb5f9ca4ebe7db.txt,mal_train,mal_train,1,gandcrab,52f2b6380b492c175837418285cbefa51f1de3187d00c01383bb5f9ca4ebe7db,52f2b6380b492c175837418285cbefa51f1de3187d00c01383bb5f9ca4ebe7db,x86,plain,27288,1,
gandcrab_5c95c59b3a7fc2dfa43c0b372e3ae5af566d458d35296f3bd4313bbc4dcf050b.txt,mal_train,mal_train,1,gandcrab,5c95c59b3a7fc2dfa43c0b372e3ae5af566d458d35296f3bd4313bbc4dcf050b,5c95c59b3a7fc2dfa43c0b372e3ae5af566d458d35296f3bd4313bbc4dcf050b,x86,plain,24419,1,
gandcrab_5c9fec26413d6b015d395afb86b87bb0ef245618bfae2d6c3a9bffb3fc56052c.txt,mal_train,mal_train,1,gandcrab,5c9fec26413d6b015d395afb86b87bb0ef245618bfae2d6c3a9bffb3fc56052c,5c9fec26413d6b015d395afb86b87bb0ef245618bfae2d6c3a9bffb3fc56052c,x86,plain,24419,1,
gandcrab_64d341ecbc52f9d78080bf23559ec1778824979dd19498ee44032ec1d5224ff6.txt,mal_train,mal_train,1,gandcrab,64d341ecbc52f9d78080bf23559ec1778824979dd19498ee44032ec1d5224ff6,64d341ecbc52f9d78080bf23559ec1778824979dd19498ee44032ec1d5224ff6,x86,plain,27288,1,
gandcrab_650b1403bcd20a724261ecb656112ed5742610e41097d05d5eff160ce8fd0f91.txt,mal_train,mal_train,1,gandcrab,650b1403bcd20a724261ecb656112ed5742610e41097d05d5eff160ce8fd0f91,650b1403bcd20a724261ecb656112ed5742610e41097d05d5eff160ce8fd0f91,x86,plain,29690,1,
gandcrab_657ba4fed4cbf7c0b83967bfc80be084fb0a55afe6393914742232810275f052.txt,mal_train,mal_train,1,gandcrab,657ba4fed4cbf7c0b83967bfc80be084fb0a55afe6393914742232810275f052,657ba4fed4cbf7c0b83967bfc80be084fb0a55afe6393914742232810275f052,x86,plain,27213,1,
gandcrab_6f4de91333804c26c9b9807a8480bd2b7c7116bd42c3ad3f8f3d6d835d2153b2.txt,mal_train,mal_train,1,gandcrab,6f4de91333804c26c9b9807a8480bd2b7c7116bd42c3ad3f8f3d6d835d2153b2,6f4de91333804c26c9b9807a8480bd2b7c7116bd42c3ad3f8f3d6d835d2153b2,x86,plain,24419,1,
gandcrab_7a6daa99265f10fe73576aafdfcf5c8ccbd9602d482f999cdc53c7b4c7f89687.txt,mal_train,mal_train,1,gandcrab,7a6daa99265f10fe73576aafdfcf5c8ccbd9602d482f999cdc53c7b4c7f89687,7a6daa99265f10fe73576aafdfcf5c8ccbd9602d482f999cdc53c7b4c7f89687,x86,plain,26935,1,
gandcrab_7cbc7453ac42556c52a88011cca5e634d86a3f5398e44c8d33b3c08f0ffde633.txt,mal_train,mal_train,1,gandcrab,7cbc7453ac42556c52a88011cca5e634d86a3f5398e44c8d33b3c08f0ffde633,7cbc7453ac42556c52a88011cca5e634d86a3f5398e44c8d33b3c08f0ffde633,x86,plain,27213,1,
gandcrab_81e34ce24935bf192ee0eff4a43c673ff65a36e4f6c5a12973371c7389037625.txt,mal_train,mal_train,1,gandcrab,81e34ce24935bf192ee0eff4a43c673ff65a36e4f6c5a12973371c7389037625,81e34ce24935bf192ee0eff4a43c673ff65a36e4f6c5a12973371c7389037625,x86,plain,24419,1,
gandcrab_872bf2c276fe3242513c2ed1b254a5ab3c0dea273dde944c05b711697811753f.txt,mal_train,mal_train,1,gandcrab,872bf2c276fe3242513c2ed1b254a5ab3c0dea273dde944c05b711697811753f,872bf2c276fe3242513c2ed1b254a5ab3c0dea273dde944c05b711697811753f,x86,plain,27289,1,
gandcrab_97351c2e4ccee87ee68146c2efee6f138e03bcfc7b029d106661d00f40528039.txt,mal_train,mal_train,1,gandcrab,97351c2e4ccee87ee68146c2efee6f138e03bcfc7b029d106661d00f40528039,97351c2e4ccee87ee68146c2efee6f138e03bcfc7b029d106661d00f40528039,x86,plain,24419,1,
gandcrab_9f7b9c0a9f745304a16b2e3b699b6ad2b7d3835cd6305b112f2590a9386c7fca.txt,mal_train,mal_train,1,gandcrab,9f7b9c0a9f745304a16b2e3b699b6ad2b7d3835cd6305b112f2590a9386c7fca,9f7b9c0a9f745304a16b2e3b699b6ad2b7d3835cd6305b112f2590a9386c7fca,x86,plain,29690,1,
gandcrab_a383ec861e033b3a0035caa3447aff798dc5f63f8931682610b09bae7c2cb88e.txt,mal_train,mal_train,1,gandcrab,a383ec861e033b3a0035caa3447aff798dc5f63f8931682610b09bae7c2cb88e,a383ec861e033b3a0035caa3447aff798dc5f63f8931682610b09bae7c2cb88e,x86,plain,24419,1,
gandcrab_a45bd4059d804b586397f43ee95232378d519c6b8978d334e07f6047435fe926.txt,mal_train,mal_train,1,gandcrab,a45bd4059d804b586397f43ee95232378d519c6b8978d334e07f6047435fe926,a45bd4059d804b586397f43ee95232378d519c6b8978d334e07f6047435fe926,x86,plain,226888,1,
gandcrab_a4934922ea9e1e6924f24bba64af5888d2b4df87ffb938d92304a5677549899b.txt,mal_train,mal_train,1,gandcrab,a4934922ea9e1e6924f24bba64af5888d2b4df87ffb938d92304a5677549899b,a4934922ea9e1e6924f24bba64af5888d2b4df87ffb938d92304a5677549899b,x86,plain,24419,1,
gandcrab_a81d350afaf97cc038b3f20b46d4757150d7854df5e56780326f91bc7d4fd215.txt,mal_train,mal_train,1,gandcrab,a81d350afaf97cc038b3f20b46d4757150d7854df5e56780326f91bc7d4fd215,a81d350afaf97cc038b3f20b46d4757150d7854df5e56780326f91bc7d4fd215,x86,plain,26935,1,
gandcrab_adad8b68c55b43fb2344c3051a28514b9ee25c9664dc7b35f36477c923664519.txt,mal_train,mal_train,1,gandcrab,adad8b68c55b43fb2344c3051a28514b9ee25c9664dc7b35f36477c923664519,adad8b68c55b43fb2344c3051a28514b9ee25c9664dc7b35f36477c923664519,x86,plain,27213,1,
gandcrab_b42540e0be78f72f1c3578634f8c89fbc9bd838c425bcbe2aabb0816dd3d2f84.txt,mal_train,mal_train,1,gandcrab,b42540e0be78f72f1c3578634f8c89fbc9bd838c425bcbe2aabb0816dd3d2f84,b42540e0be78f72f1c3578634f8c89fbc9bd838c425bcbe2aabb0816dd3d2f84,x86,plain,24419,1,
gandcrab_b4f1fb8fea5f5155e0e7f4ecd22d4c4a9582df7fb240af41728ad98c70949c11.txt,mal_train,mal_train,1,gandcrab,b4f1fb8fea5f5155e0e7f4ecd22d4c4a9582df7fb240af41728ad98c70949c11,b4f1fb8fea5f5155e0e7f4ecd22d4c4a9582df7fb240af41728ad98c70949c11,x86,plain,24419,1,
gandcrab_b86383ac86f27e1e6fc8656407bfbcd2462ee00640e7a310a6df265c9a0e2ae6.txt,mal_train,mal_train,1,gandcrab,b86383ac86f27e1e6fc8656407bfbcd2462ee00640e7a310a6df265c9a0e2ae6,b86383ac86f27e1e6fc8656407bfbcd2462ee00640e7a310a6df265c9a0e2ae6,x86,plain,24419,1,
gandcrab_c1eca612b5b4a7ac0076d05f8e4a6c5296296c1bf0139479b9c2dd02eb75d11f.txt,mal_train,mal_train,1,gandcrab,c1eca612b5b4a7ac0076d05f8e4a6c5296296c1bf0139479b9c2dd02eb75d11f,c1eca612b5b4a7ac0076d05f8e4a6c5296296c1bf0139479b9c2dd02eb75d11f,x86,plain,24419,1,
gandcrab_c45c084efff13cc2d01cecde8656f71c9b56b6f00704e35d1f019acc787858c4.txt,mal_train,mal_train,1,gandcrab,c45c084efff13cc2d01cecde8656f71c9b56b6f00704e35d1f019acc787858c4,c45c084efff13cc2d01cecde8656f71c9b56b6f00704e35d1f019acc787858c4,x86,plain,18702,1,
gandcrab_cbcff29c73b151176818c93d10ae34a1be58c710bf8b4b86b4d8e13e2232264f.txt,mal_train,mal_train,1,gandcrab,cbcff29c73b151176818c93d10ae34a1be58c710bf8b4b86b4d8e13e2232264f,cbcff29c73b151176818c93d10ae34a1be58c710bf8b4b86b4d8e13e2232264f,x86,plain,24419,1,
gandcrab_ce093ffa19f020a2b73719f653b5e0423df28ef1d59035d55e99154a85c5c668.txt,mal_train,mal_train,1,gandcrab,ce093ffa19f020a2b73719f653b5e0423df28ef1d59035d55e99154a85c5c668,ce093ffa19f020a2b73719f653b5e0423df28ef1d59035d55e99154a85c5c668,x86,plain,18808,1,
gandcrab_ce8a3474f1be9d750b5a5d5447e8f66b651d215799c1b5acb261296426542659.txt,mal_train,mal_train,1,gandcrab,ce8a3474f1be9d750b5a5d5447e8f66b651d215799c1b5acb261296426542659,ce8a3474f1be9d750b5a5d5447e8f66b651d215799c1b5acb261296426542659,x86,plain,27213,1,
gandcrab_da8c0a6ac025e95d408e72e2656d4cad02d4a3b4027ecef9d97c1a12311f37b4.txt,mal_train,mal_train,1,gandcrab,da8c0a6ac025e95d408e72e2656d4cad02d4a3b4027ecef9d97c1a12311f37b4,da8c0a6ac025e95d408e72e2656d4cad02d4a3b4027ecef9d97c1a12311f37b4,x86,plain,27213,1,
gandcrab_dbb88de4201933bdb099b21f91786be636b6e4486765f023abd3319300ed0006.txt,mal_train,mal_train,1,gandcrab,dbb88de4201933bdb099b21f91786be636b6e4486765f023abd3319300ed0006,dbb88de4201933bdb099b21f91786be636b6e4486765f023abd3319300ed0006,x86,plain,27213,1,
gandcrab_dc4e3c1a007475326c0a04eef870cecfd719c35f11908a113ce26355a62138ca.txt,mal_train,mal_train,1,gandcrab,dc4e3c1a007475326c0a04eef870cecfd719c35f11908a113ce26355a62138ca,dc4e3c1a007475326c0a04eef870cecfd719c35f11908a113ce26355a62138ca,x86,plain,27213,1,
gandcrab_dcdd516739eb88e2781d92429e58f7d97298d63d2a3b4df805f771407f02d33e.txt,mal_train,mal_train,1,gandcrab,dcdd516739eb88e2781d92429e58f7d97298d63d2a3b4df805f771407f02d33e,dcdd516739eb88e2781d92429e58f7d97298d63d2a3b4df805f771407f02d33e,x86,plain,24419,1,
gandcrab_e906f1c983c7c2756f4bcd4de9edb2c6e8d16c1f84a18fecf15b698a459183fc.txt,mal_train,mal_train,1,gandcrab,e906f1c983c7c2756f4bcd4de9edb2c6e8d16c1f84a18fecf15b698a459183fc,e906f1c983c7c2756f4bcd4de9edb2c6e8d16c1f84a18fecf15b698a459183fc,x86,packed_other,243808,0,tag:packed_other
gandcrab_f0cce9bb1ede97017e6edac8f3372c522df26b73a6f136cfcfb2e1d94d0e3168.txt,mal_train,mal_train,1,gandcrab,f0cce9bb1ede97017e6edac8f3372c522df26b73a6f136cfcfb2e1d94d0e3168,f0cce9bb1ede97017e6edac8f3372c522df26b73a6f136cfcfb2e1d94d0e3168,x86,plain,24419,1,
lockbit_00ad914476509f84b40f2dbe804dc7c37a1a24ef3472674574d3367079bf0a2a.txt,mal_train,mal_train,1,lockbit,00ad914476509f84b40f2dbe804dc7c37a1a24ef3472674574d3367079bf0a2a,00ad914476509f84b40f2dbe804dc7c37a1a24ef3472674574d3367079bf0a2a,x86,plain,233087,1,
lockbit_04f65270c92dda82c759c1eee49cf8f4c98a2ed0071272e49132331fda482dba.txt,mal_train,mal_train,1,lockbit,04f65270c92dda82c759c1eee49cf8f4c98a2ed0071272e49132331fda482dba,04f65270c92dda82c759c1eee49cf8f4c98a2ed0071272e49132331fda482dba,x86,plain,233087,1,
lockbit_082f91d85c437f415cea44b36afb4198da07b78593c836a398cd96365166e7d8.txt,mal_train,mal_train,1,lockbit,082f91d85c437f415cea44b36afb4198da07b78593c836a398cd96365166e7d8,082f91d85c437f415cea44b36afb4198da07b78593c836a398cd96365166e7d8,x86,plain,233087,1,
lockbit_0cd33e6b180862072a00a0c2f897afa754df071bcec3d13e581c41a5c27a3102.txt,mal_train,mal_train,1,lockbit,0cd33e6b180862072a00a0c2f897afa754df071bcec3d13e581c41a5c27a3102,0cd33e6b180862072a00a0c2f897afa754df071bcec3d13e581c41a5c27a3102,x86,plain,233087,1,
lockbit_21aab3925870f8e11cf4c94b9b84d252118278a50206e622b8148001e205213f.txt,mal_train,mal_train,1,lockbit,21aab3925870f8e11cf4c94b9b84d252118278a50206e622b8148001e205213f,21aab3925870f8e11cf4c94b9b84d252118278a50206e622b8148001e205213f,x86,plain,31824,1,
lockbit_2508d0ab9bed37a9f8d1ab04d2440849fcfc7e149971baf452a0440a924eeac5.txt,mal_train,mal_train,1,lockbit,2508d0ab9bed37a9f8d1ab04d2440849fcfc7e149971baf452a0440a924eeac5,2508d0ab9bed37a9f8d1ab04d2440849fcfc7e149971baf452a0440a924eeac5,x86,plain,233087,1,
lockbit_33d79363679a3a7a1066a28784d1a472276389f7621af35a03dc643ea9b37165.txt,mal_train,mal_train,1,lockbit,33d79363679a3a7a1066a28784d1a472276389f7621af35a03dc643ea9b37165,33d79363679a3a7a1066a28784d1a472276389f7621af35a03dc643ea9b37165,x86,plain,233087,1,
lockbit_3b52db44c2cdd8adfacb906362837ed449e96fcf761de4b1f26388b66b6edabe.txt,mal_train,mal_train,1,lockbit,3b52db44c2cdd8adfacb906362837ed449e96fcf761de4b1f26388b66b6edabe,3b52db44c2cdd8adfacb906362837ed449e96fcf761de4b1f26388b66b6edabe,x86,plain,31824,1,
lockbit_40c436f4ac5193735d05cfe2375d29449a90269a718fba9d7af179317688e2fb.txt,mal_train,mal_train,1,lockbit,40c436f4ac5193735d05cfe2375d29449a90269a718fba9d7af179317688e2fb,40c436f4ac5193735d05cfe2375d29449a90269a718fba9d7af179317688e2fb,x86,plain,233087,1,
lockbit_411c61de0ff1356abeb8daed0e63c8214fd73685e6f3b6f73c96d07250d8542c.txt,mal_train,mal_train,1,lockbit,411c61de0ff1356abeb8daed0e63c8214fd73685e6f3b6f73c96d07250d8542c,411c61de0ff1356abeb8daed0e63c8214fd73685e6f3b6f73c96d07250d8542c,x86,plain,71468,1,
lockbit_43ae62f2d7be7a9bf34c9a46ce26b94e8f73c8b7ea434830f51553a0fc820d1b.txt,mal_train,mal_train,1,lockbit,43ae62f2d7be7a9bf34c9a46ce26b94e8f73c8b7ea434830f51553a0fc820d1b,43ae62f2d7be7a9bf34c9a46ce26b94e8f73c8b7ea434830f51553a0fc820d1b,x86,plain,233087,1,
lockbit_4672f4ade47a4717255db6bcd9ae1fb6f4d71e85d059bb08e65df55d416126eb.txt,mal_train,mal_train,1,lockbit,4672f4ade47a4717255db6bcd9ae1fb6f4d71e85d059bb08e65df55d416126eb,4672f4ade47a4717255db6bcd9ae1fb6f4d71e85d059bb08e65df55d416126eb,x86,plain,233087,1,
lockbit_50d08c974f7abce2da5c2a8976d3c6017334a418359d7bb031bd0914b848b24a.txt,mal_train,mal_train,1,lockbit,50d08c974f7abce2da5c2a8976d3c6017334a418359d7bb031bd0914b848b24a,50d08c974f7abce2da5c2a8976d3c6017334a418359d7bb031bd0914b848b24a,x86,plain,233087,1,
lockbit_51634f69ba2c47e171bc6ca7acb570eefe3fafdc2dfa78be46d9f1920cb309bd.txt,mal_train,mal_train,1,lockbit,51634f69ba2c47e171bc6ca7acb570eefe3fafdc2dfa78be46d9f1920cb309bd,51634f69ba2c47e171bc6ca7acb570eefe3fafdc2dfa78be46d9f1920cb309bd,x86,plain,233087,1,
lockbit_53cb4674c759d5b16aa29618d36a6008e5d730585a1bcf3b465fd2517a0e90c2.txt,mal_train,mal_train,1,lockbit,53cb4674c759d5b16aa29618d36a6008e5d730585a1bcf3b465fd2517a0e90c2,53cb4674c759d5b16aa29618d36a6008e5d730585a1bcf3b465fd2517a0e90c2,x86,plain,207779,1,
lockbit_54664bedb8b1e8e5a05a60490739080c757a234a71cbee0917f1bdfde3c95b97.txt,mal_train,mal_train,1,lockbit,54664bedb8b1e8e5a05a60490739080c757a234a71cbee0917f1bdfde3c95b97,54664bedb8b1e8e5a05a60490739080c757a234a71cbee0917f1bdfde3c95b97,x86,plain,31824,1,
lockbit_54d14a53b99a62a19cd544c389fdf2dff02bea9fcaee7cf54f81b3ba8442877f.txt,mal_train,mal_train,1,lockbit,54d14a53b99a62a19cd544c389fdf2dff02bea9fcaee7cf54f81b3ba8442877f,54d14a53b99a62a19cd544c389fdf2dff02bea9fcaee7cf54f81b3ba8442877f,x86,plain,71468,1,
lockbit_5a67b802ccb3ff343066d6f285b8c933dbd9b43da1e7592f512d54d6e517b5ee.txt,mal_train,mal_train,1,lockbit,5a67b802ccb3ff343066d6f285b8c933dbd9b43da1e7592f512d54d6e517b5ee,5a67b802ccb3ff343066d6f285b8c933dbd9b43da1e7592f512d54d6e517b5ee,x86,plain,233087,1,
lockbit_626a4fa1f52623e89b3011c37c2d3ca4069dc5a4d3f5c4f74d4579c2d3d50356.txt,mal_train,mal_train,1,lockbit,626a4fa1f52623e89b3011c37c2d3ca4069dc5a4d3f5c4f74d4579c2d3d50356,626a4fa1f52623e89b3011c37c2d3ca4069dc5a4d3f5c4f74d4579c2d3d50356,x86,plain,233087,1,
lockbit_69310d0c9f42dd45ee986a3220f40e860ce4c9b24ab83a85c4f2f5c15439d6f5.txt,mal_train,mal_train,1,lockbit,69310d0c9f42dd45ee986a3220f40e860ce4c9b24ab83a85c4f2f5c15439d6f5,69310d0c9f42dd45ee986a3220f40e860ce4c9b24ab83a85c4f2f5c15439d6f5,x86,plain,233087,1,
lockbit_7363f13db048624a97528e2a2592e6657e4882028933506b5df9ecc62f869528.txt,mal_train,mal_train,1,lockbit,7363f13db048624a97528e2a2592e6657e4882028933506b5df9ecc62f869528,7363f13db048624a97528e2a2592e6657e4882028933506b5df9ecc62f869528,x86,plain,233087,1,
lockbit_80e8fadc73c34a227ed4cc9c5c822391c593c3eaba8d841feb4f4b3c7234d08e.txt,mal_train,mal_train,1,lockbit,80e8fadc73c34a227ed4cc9c5c822391c593c3eaba8d841feb4f4b3c7234d08e,80e8fadc73c34a227ed4cc9c5c822391c593c3eaba8d841feb4f4b3c7234d08e,x86,plain,206874,1,
lockbit_85d83b744c8837c9391358a4e75e364d52aa35e7727b61331b5085be363d59b3.txt,mal_train,mal_train,1,lockbit,85d83b744c8837c9391358a4e75e364d52aa35e7727b61331b5085be363d59b3,85d83b744c8837c9391358a4e75e364d52aa35e7727b61331b5085be363d59b3,x86,plain,71468,1,
lockbit_8d141b8ef137032125cece55ec945038c35d4eeed54ce43e0b99c2731e8790ba.txt,mal_train,mal_train,1,lockbit,8d141b8ef137032125cece55ec945038c35d4eeed54ce43e0b99c2731e8790ba,8d141b8ef137032125cece55ec945038c35d4eeed54ce43e0b99c2731e8790ba,x86,plain,233087,1,
lockbit_95739e350d7f2aca2c609768ee72ad67fcf05efca5c7ad8df3027c82b9c454cf.txt,mal_train,mal_train,1,lockbit,95739e350d7f2aca2c609768ee72ad67fcf05efca5c7ad8df3027c82b9c454cf,95739e350d7f2aca2c609768ee72ad67fcf05efca5c7ad8df3027c82b9c454cf,x86,plain,31824,1,
lockbit_9dd6cc25b2f920b825e15682a4d06435a42b281674ba6e99c8e2b2222c9d638f.txt,mal_train,mal_train,1,lockbit,9dd6cc25b2f920b825e15682a4d06435a42b281674ba6e99c8e2b2222c9d638f,9dd6cc25b2f920b825e15682a4d06435a42b281674ba6e99c8e2b2222c9d638f,x86,plain,235631,1,
lockbit_a2ad5cc5045a1645f07da7eab14ba13eb69ab7286204f61ba6a4226bfade7f17.txt,mal_train,mal_train,1,lockbit,a2ad5cc5045a1645f07da7eab14ba13eb69ab7286204f61ba6a4226bfade7f17,a2ad5cc5045a1645f07da7eab14ba13eb69ab7286204f61ba6a4226bfade7f17,x86,plain,233087,1,
lockbit_a4c7080ed8a6caa39e35dd47234c0960f91e43135186378c064f90291a0455c6.txt,mal_train,mal_train,1,lockbit,a4c7080ed8a6caa39e35dd47234c0960f91e43135186378c064f90291a0455c6,a4c7080ed8a6caa39e35dd47234c0960f91e43135186378c064f90291a0455c6,x86,plain,233087,1,
lockbit_a696ad284e82463e8e7942976bc517feb4247e42d14595c5997c2e6558dc17a9.txt,mal_train,mal_train,1,lockbit,a696ad284e82463e8e7942976bc517feb4247e42d14595c5997c2e6558dc17a9,a696ad284e82463e8e7942976bc517feb4247e42d14595c5997c2e6558dc17a9,x86,plain,31824,1,
lockbit_a9cb8fb06970ee8652983bdad227d24f50133853b64e29b76bae98b4063409b3.txt,mal_train,mal_train,1,lockbit,a9cb8fb06970ee8652983bdad227d24f50133853b64e29b76bae98b4063409b3,a9cb8fb06970ee8652983bdad227d24f50133853b64e29b76bae98b4063409b3,x86,plain,233087,1,
lockbit_ac123fae7b38fab3b9dfc3b28af23688d1ad1e66b659ab38e75ca334d7c91bf2.txt,mal_train,mal_train,1,lockbit,ac123fae7b38fab3b9dfc3b28af23688d1ad1e66b659ab38e75ca334d7c91bf2,ac123fae7b38fab3b9dfc3b28af23688d1ad1e66b659ab38e75ca334d7c91bf2,x86,plain,233087,1,
lockbit_b726d6252d6177be9e6d93ee8dffedc1949e37af927a90b28b8ca97e3208d9a6.txt,mal_train,mal_train,1,lockbit,b726d6252d6177be9e6d93ee8dffedc1949e37af927a90b28b8ca97e3208d9a6,b726d6252d6177be9e6d93ee8dffedc1949e37af927a90b28b8ca97e3208d9a6,x86,packed_other,352450,0,tag:packed_other
lockbit_bcbb1e388759eea5c1fbb4f35c29b6f66f3f4ca4c715bab35c8fc56dcf3fa621.txt,mal_train,mal_train,1,lockbit,bcbb1e388759eea5c1fbb4f35c29b6f66f3f4ca4c715bab35c8fc56dcf3fa621,bcbb1e388759eea5c1fbb4f35c29b6f66f3f4ca4c715bab35c8fc56dcf3fa621,x86,plain,233087,1,
lockbit_bdc2801e747ee4dd2b50b1ecd3fa3eb53b6c8101ec37eff8d18e485a7f4a7bd0.txt,mal_train,mal_train,1,lockbit,bdc2801e747ee4dd2b50b1ecd3fa3eb53b6c8101ec37eff8d18e485a7f4a7bd0,bdc2801e747ee4dd2b50b1ecd3fa3eb53b6c8101ec37eff8d18e485a7f4a7bd0,x86,plain,233087,1,
lockbit_c64105b9808685b07ce4a6d47d797cbe7c045101fb793ff9389a6620c7755bb7.txt,mal_train,mal_train,1,lockbit,c64105b9808685b07ce4a6d47d797cbe7c045101fb793ff9389a6620c7755bb7,c64105b9808685b07ce4a6d47d797cbe7c045101fb793ff9389a6620c7755bb7,x86,plain,233087,1,
lockbit_d03a96edaf798e9a80442f4fc4fe0c8cb1a2ba3a1876f9defdc6c28ba266a77d.txt,mal_train,mal_train,1,lockbit,d03a96edaf798e9a80442f4fc4fe0c8cb1a2ba3a1876f9defdc6c28ba266a77d,d03a96edaf798e9a80442f4fc4fe0c8cb1a2ba3a1876f9defdc6c28ba266a77d,x86,plain,233087,1,
lockbit_d0de5ea05083d0284943accb929c6700592b230af4d6b05e281760b64b97802e.txt,mal_train,mal_train,1,lockbit,d0de5ea05083d0284943accb929c6700592b230af4d6b05e281760b64b97802e,d0de5ea05083d0284943accb929c6700592b230af4d6b05e281760b64b97802e,x86,plain,233087,1,
lockbit_d5ea463e0719ee2d1705ff305cdd8529bd2ff23dde79c502c4f478937a91f874.txt,mal_train,mal_train,1,lockbit,d5ea463e0719ee2d1705ff305cdd8529bd2ff23dde79c502c4f478937a91f874,d5ea463e0719ee2d1705ff305cdd8529bd2ff23dde79c502c4f478937a91f874,x86,plain,31824,1,
lockbit_dad101c7193fd0b995723ec830aade763d853665fdc9cf9f0bc77adf25b460ce.txt,mal_train,mal_train,1,lockbit,dad101c7193fd0b995723ec830aade763d853665fdc9cf9f0bc77adf25b460ce,dad101c7193fd0b995723ec830aade763d853665fdc9cf9f0bc77adf25b460ce,x86,plain,233087,1,
lockbit_dec4ca3a0863919f85c2a1a4a7e607e68063a9be1719ccb395353fe4a2d087e5.txt,mal_train,mal_train,1,lockbit,dec4ca3a0863919f85c2a1a4a7e607e68063a9be1719ccb395353fe4a2d087e5,dec4ca3a0863919f85c2a1a4a7e607e68063a9be1719ccb395353fe4a2d087e5,x86,plain,233087,1,
lockbit_df232fc543fc078df14cd07e7ad676d1b53e1de4f1909512ac97b03c2e1d1c51.txt,mal_train,mal_train,1,lockbit,df232fc543fc078df14cd07e7ad676d1b53e1de4f1909512ac97b03c2e1d1c51,df232fc543fc078df14cd07e7ad676d1b53e1de4f1909512ac97b03c2e1d1c51,x86,plain,233087,1,
lockbit_dfc52af21bad04c3860c0cdb5c8e7760b3fd1e5abbe038154f956a7dd1d6437c.txt,mal_train,mal_train,1,lockbit,dfc52af21bad04c3860c0cdb5c8e7760b3fd1e5abbe038154f956a7dd1d6437c,dfc52af21bad04c3860c0cdb5c8e7760b3fd1e5abbe038154f956a7dd1d6437c,x86,plain,233087,1,
lockbit_e216372e4328f1cf5cf39a73540b508adc8d777fef90ca77af635c2331deb5cc.txt,mal_train,mal_train,1,lockbit,e216372e4328f1cf5cf39a73540b508adc8d777fef90ca77af635c2331deb5cc,e216372e4328f1cf5cf39a73540b508adc8d777fef90ca77af635c2331deb5cc,x86,plain,233087,1,
lockbit_e31c78b7d21539b10d3b70317135f843217881270f7356b0a2e197d698833d01.txt,mal_train,mal_train,1,lockbit,e31c78b7d21539b10d3b70317135f843217881270f7356b0a2e197d698833d01,e31c78b7d21539b10d3b70317135f843217881270f7356b0a2e197d698833d01,x86,plain,233087,1,
lockbit_e75e79383b75613f4c1b87eef929cf719d9b344c4de122ab4139ad2328d38aed.txt,mal_train,mal_train,1,lockbit,e75e79383b75613f4c1b87eef929cf719d9b344c4de122ab4139ad2328d38aed,e75e79383b75613f4c1b87eef929cf719d9b344c4de122ab4139ad2328d38aed,x86,plain,233087,1,
lockbit_ead321bd27e49aa74c46662449189289dede9d0a70b017abaf9fe3a4c76e5760.txt,mal_train,mal_train,1,lockbit,ead321bd27e49aa74c46662449189289dede9d0a70b017abaf9fe3a4c76e5760,ead321bd27e49aa74c46662449189289dede9d0a70b017abaf9fe3a4c76e5760,x86,plain,233087,1,
lockbit_ee2115e39ffc78a185d533fab74ee5683f233c3d0865443ea9fcadead1fc99ea.txt,mal_train,mal_train,1,lockbit,ee2115e39ffc78a185d533fab74ee5683f233c3d0865443ea9fcadead1fc99ea,ee2115e39ffc78a185d533fab74ee5683f233c3d0865443ea9fcadead1fc99ea,x86,plain,207779,1,
lockbit_faaa06208acdf230496128dfd656984d3f0f99a9b5be4f2cbaaec0bb830bdcf9.txt,mal_train,mal_train,1,lockbit,faaa06208acdf230496128dfd656984d3f0f99a9b5be4f2cbaaec0bb830bdcf9,faaa06208acdf230496128dfd656984d3f0f99a9b5be4f2cbaaec0bb830bdcf9,x86,plain,31824,1,
makop_07d305bba3b31f810315d3c0a835e1bdb11e325f410a14fd7b732b8afda69507.txt,mal_train,mal_train,1,makop,07d305bba3b31f810315d3c0a835e1bdb11e325f410a14fd7b732b8afda69507,07d305bba3b31f810315d3c0a835e1bdb11e325f410a14fd7b732b8afda69507,x86,plain,8519,1,
makop_1066b29d5f34d57efa4877907fa846ea474c3f03b5c0759171929195347fa00c.txt,mal_train,mal_train,1,makop,1066b29d5f34d57efa4877907fa846ea474c3f03b5c0759171929195347fa00c,1066b29d5f34d57efa4877907fa846ea474c3f03b5c0759171929195347fa00c,x86,plain,8408,1,
makop_176cb863f10a9f2fac32eb5d75c01c91dadb99d229db56d2535a25067e55835f.txt,mal_train,mal_train,1,makop,176cb863f10a9f2fac32eb5d75c01c91dadb99d229db56d2535a25067e55835f,176cb863f10a9f2fac32eb5d75c01c91dadb99d229db56d2535a25067e55835f,x86,plain,6301,1,
makop_28aeaf450afc07c4db9c35814e130ca2c0b8448c85b573bbb59337c794782980.txt,mal_train,mal_train,1,makop,28aeaf450afc07c4db9c35814e130ca2c0b8448c85b573bbb59337c794782980,28aeaf450afc07c4db9c35814e130ca2c0b8448c85b573bbb59337c794782980,x86,plain,8408,1,
makop_4cd59f4f2c399a3f23e2b4ae73d80a2136b2aed895bec72fa12e9b52a750d2cc.txt,mal_train,mal_train,1,makop,4cd59f4f2c399a3f23e2b4ae73d80a2136b2aed895bec72fa12e9b52a750d2cc,4cd59f4f2c399a3f23e2b4ae73d80a2136b2aed895bec72fa12e9b52a750d2cc,x86,plain,8408,1,
makop_50b0c7858bc2bb2d1fa3d441bd2c4e3930b88b77c6cef11a51af5705727d6639.txt,mal_train,mal_train,1,makop,50b0c7858bc2bb2d1fa3d441bd2c4e3930b88b77c6cef11a51af5705727d6639,50b0c7858bc2bb2d1fa3d441bd2c4e3930b88b77c6cef11a51af5705727d6639,x86,dotnet,,0,tag:dotnet
makop_560d7fbb78858d4337f9a97226e137a27db581721641bab2e11d34ce55f5ddba.txt,mal_train,mal_train,1,makop,560d7fbb78858d4337f9a97226e137a27db581721641bab2e11d34ce55f5ddba,560d7fbb78858d4337f9a97226e137a27db581721641bab2e11d34ce55f5ddba,x86,plain,11201,1,
makop_77703bf5f0224b4b6bc3c2333300eac887ce49e3e0bb4bc3d20b7e33cee749de.txt,mal_train,mal_train,1,makop,77703bf5f0224b4b6bc3c2333300eac887ce49e3e0bb4bc3d20b7e33cee749de,77703bf5f0224b4b6bc3c2333300eac887ce49e3e0bb4bc3d20b7e33cee749de,x86,plain,8408,1,
makop_89a12a1980732a6d039f48d358968903f2a5af157413bdf3310dd0ebe765ae40.txt,mal_train,mal_train,1,makop,89a12a1980732a6d039f48d358968903f2a5af157413bdf3310dd0ebe765ae40,89a12a1980732a6d039f48d358968903f2a5af157413bdf3310dd0ebe765ae40,x86,plain,10940,1,
makop_91e573ed92344a8eb7110e6af97f10b9f848f25f9f1a0fe411e2eef39e3dc342.txt,mal_train,mal_train,1,makop,91e573ed92344a8eb7110e6af97f10b9f848f25f9f1a0fe411e2eef39e3dc342,91e573ed92344a8eb7110e6af97f10b9f848f25f9f1a0fe411e2eef39e3dc342,x86,plain,36553,1,
makop_94658982002db6acea22c68b7619f71154933effd6428a81a235aba6e2789328.txt,mal_train,mal_train,1,makop,94658982002db6acea22c68b7619f71154933effd6428a81a235aba6e2789328,94658982002db6acea22c68b7619f71154933effd6428a81a235aba6e2789328,x86,dotnet,,0,tag:dotnet
makop_a617fdbff227afe8c89ba96d34724fb03c0c08857c508c8c80f3fedc916fe2b4.txt,mal_train,mal_train,1,makop,a617fdbff227afe8c89ba96d34724fb03c0c08857c508c8c80f3fedc916fe2b4,a617fdbff227afe8c89ba96d34724fb03c0c08857c508c8c80f3fedc916fe2b4,x86,plain,8828,1,
makop_a6566bc4c76a36a0e880d2151e0a86a59c3af57082b7c83a669dba3f28afb959.txt,mal_train,mal_train,1,makop,a6566bc4c76a36a0e880d2151e0a86a59c3af57082b7c83a669dba3f28afb959,a6566bc4c76a36a0e880d2151e0a86a59c3af57082b7c83a669dba3f28afb959,x86,plain,8519,1,
makop_bc0ed3e73b8d1fdc839f2e8ed3578ca3221dba4eb984e581cb00dfb4cdfb7d49.txt,mal_train,mal_train,1,makop,bc0ed3e73b8d1fdc839f2e8ed3578ca3221dba4eb984e581cb00dfb4cdfb7d49,bc0ed3e73b8d1fdc839f2e8ed3578ca3221dba4eb984e581cb00dfb4cdfb7d49,x86,plain,9227,1,
makop_bc7965625bc87ba2730d9261ff122cf0a1d17cb64b8dad7a4b83d17029c8e1b4.txt,mal_train,mal_train,1,makop,bc7965625bc87ba2730d9261ff122cf0a1d17cb64b8dad7a4b83d17029c8e1b4,bc7965625bc87ba2730d9261ff122cf0a1d17cb64b8dad7a4b83d17029c8e1b4,x86,plain,48414,1,
makop_c23f9fca61a45de8a8808706523039b6385bc55d4b2b9545a5babf9d472700ec.txt,mal_train,mal_train,1,makop,c23f9fca61a45de8a8808706523039b6385bc55d4b2b9545a5babf9d472700ec,c23f9fca61a45de8a8808706523039b6385bc55d4b2b9545a5babf9d472700ec,x86,plain,9878,1,
makop_c311e0cd1b2052427260e95e3c7268451456167eb256a6032aa82d8e93ff6e34.txt,mal_train,mal_train,1,makop,c311e0cd1b2052427260e95e3c7268451456167eb256a6032aa82d8e93ff6e34,c311e0cd1b2052427260e95e3c7268451456167eb256a6032aa82d8e93ff6e34,x86,plain,8751,1,
makop_c34d0660da24b48480de58aaa394bd27f5a5b1ed9249d897ca4dde70312a87ec.txt,mal_train,mal_train,1,makop,c34d0660da24b48480de58aaa394bd27f5a5b1ed9249d897ca4dde70312a87ec,c34d0660da24b48480de58aaa394bd27f5a5b1ed9249d897ca4dde70312a87ec,x86,plain,8519,1,
makop_cb81d92235ea10499bf064b26c233dc498d24568e5b74f62249d63d1cf2a6c59.txt,mal_train,mal_train,1,makop,cb81d92235ea10499bf064b26c233dc498d24568e5b74f62249d63d1cf2a6c59,cb81d92235ea10499bf064b26c233dc498d24568e5b74f62249d63d1cf2a6c59,x86,plain,8519,1,
makop_d07923f73f1b5f41ab02c3239468bc0eacfe31c02b84814b6bc522a98d9b4b22.txt,mal_train,mal_train,1,makop,d07923f73f1b5f41ab02c3239468bc0eacfe31c02b84814b6bc522a98d9b4b22,d07923f73f1b5f41ab02c3239468bc0eacfe31c02b84814b6bc522a98d9b4b22,x86,plain,8408,1,
makop_d64a2e8e21b9dd345095cbbe7a32ef47ac3d33012d350b9ec198db3838ca5eaa.txt,mal_train,mal_train,1,makop,d64a2e8e21b9dd345095cbbe7a32ef47ac3d33012d350b9ec198db3838ca5eaa,d64a2e8e21b9dd345095cbbe7a32ef47ac3d33012d350b9ec198db3838ca5eaa,x86,plain,9228,1,
makop_d779233bd09cb2c570f3a0965956c184e16d4e4783617f1d8b0c2b1e00d2a21a.txt,mal_train,mal_train,1,makop,d779233bd09cb2c570f3a0965956c184e16d4e4783617f1d8b0c2b1e00d2a21a,d779233bd09cb2c570f3a0965956c184e16d4e4783617f1d8b0c2b1e00d2a21a,x86,plain,9229,1,
makop_db32b7db15bcb9e7bb62465c78cd268cc62961f3d7038e4d52d2ac440f431108.txt,mal_train,mal_train,1,makop,db32b7db15bcb9e7bb62465c78cd268cc62961f3d7038e4d52d2ac440f431108,db32b7db15bcb9e7bb62465c78cd268cc62961f3d7038e4d52d2ac440f431108,x86,packed_other,24350,0,tag:packed_other
makop_dc4f16af2ff3065b35e8b87c244c36013d228ed81f3f652d87637a968193a1c8.txt,mal_train,mal_train,1,makop,dc4f16af2ff3065b35e8b87c244c36013d228ed81f3f652d87637a968193a1c8,dc4f16af2ff3065b35e8b87c244c36013d228ed81f3f652d87637a968193a1c8,x86,plain,11200,1,
makop_dc8fe9639a589c71112fc94da954701a72bcfc3f31df71ad52d10e6a5c3eb29f.txt,mal_train,mal_train,1,makop,dc8fe9639a589c71112fc94da954701a72bcfc3f31df71ad52d10e6a5c3eb29f,dc8fe9639a589c71112fc94da954701a72bcfc3f31df71ad52d10e6a5c3eb29f,x86,plain,9798,1,
makop_dffefbde27442b9095388b1871ffdc101c430b9a814138be4f962328a5b73fde.txt,mal_train,mal_train,1,makop,dffefbde27442b9095388b1871ffdc101c430b9a814138be4f962328a5b73fde,dffefbde27442b9095388b1871ffdc101c430b9a814138be4f962328a5b73fde,x86,plain,8408,1,
makop_e4133986284c2640065ed2cc5798ee1751479732c169a8728f41536306a42ba2.txt,mal_train,mal_train,1,makop,e4133986284c2640065ed2cc5798ee1751479732c169a8728f41536306a42ba2,e4133986284c2640065ed2cc5798ee1751479732c169a8728f41536306a42ba2,x86,plain,9787,1,
makop_e85e974255245ba41d391acc207908eeddb5ec95285e5375496a89617c5fb843.txt,mal_train,mal_train,1,makop,e85e974255245ba41d391acc207908eeddb5ec95285e5375496a89617c5fb843,e85e974255245ba41d391acc207908eeddb5ec95285e5375496a89617c5fb843,x86,plain,8519,1,
makop_e93c9326e4e8fc5bee71382d44b314180187d1f8fd2c64ab3a6050958076710c.txt,mal_train,mal_train,1,makop,e93c9326e4e8fc5bee71382d44b314180187d1f8fd2c64ab3a6050958076710c,e93c9326e4e8fc5bee71382d44b314180187d1f8fd2c64ab3a6050958076710c,x86,packed_other,25145,0,tag:packed_other
makop_eba743212808c7565cc2f69a3a72e4e8c8b3c4d666fffe4ac2ab740fc6be596f.txt,mal_train,mal_train,1,makop,eba743212808c7565cc2f69a3a72e4e8c8b3c4d666fffe4ac2ab740fc6be596f,eba743212808c7565cc2f69a3a72e4e8c8b3c4d666fffe4ac2ab740fc6be596f,x86,plain,9433,1,
makop_f2f496f56b33e0d7a1b81d879bbff3a237b083ddd977f106d7923ac2163ed3dc.txt,mal_train,mal_train,1,makop,f2f496f56b33e0d7a1b81d879bbff3a237b083ddd977f106d7923ac2163ed3dc,f2f496f56b33e0d7a1b81d879bbff3a237b083ddd977f106d7923ac2163ed3dc,x86,dotnet,,0,tag:dotnet
makop_f8b9df9ad59e5ca3f91c0fd59d53a172205b1fee47496e85ed0711e6a8981bdd.txt,mal_train,mal_train,1,makop,f8b9df9ad59e5ca3f91c0fd59d53a172205b1fee47496e85ed0711e6a8981bdd,f8b9df9ad59e5ca3f91c0fd59d53a172205b1fee47496e85ed0711e6a8981bdd,x86,plain,11202,1,
makop_fa3621661fa0f97e266a8257980820cfd78272c11c7e2cfcd919fdf3356b3295.txt,mal_train,mal_train,1,makop,fa3621661fa0f97e266a8257980820cfd78272c11c7e2cfcd919fdf3356b3295,fa3621661fa0f97e266a8257980820cfd78272c11c7e2cfcd919fdf3356b3295,x86,plain,11200,1,
makop_fc257f64a0279bb5ae221b968d3f38bbb7237a8475c165c5a8430fe6633e3fe6.txt,mal_train,mal_train,1,makop,fc257f64a0279bb5ae221b968d3f38bbb7237a8475c165c5a8430fe6633e3fe6,fc257f64a0279bb5ae221b968d3f38bbb7237a8475c165c5a8430fe6633e3fe6,x86,plain,8519,1,
makop_fe52d906fa596e7ae16633074ff7178b3ac40e26a93f0009f1b33d5cbf219e91.txt,mal_train,mal_train,1,makop,fe52d906fa596e7ae16633074ff7178b3ac40e26a93f0009f1b33d5cbf219e91,fe52d906fa596e7ae16633074ff7178b3ac40e26a93f0009f1b33d5cbf219e91,x86,plain,8489,1,
maze_033d88301b55148a4498c2ec6b5209ad5f539c81b652e294889642a3aa0399c0.txt,mal_train,mal_train,1,maze,033d88301b55148a4498c2ec6b5209ad5f539c81b652e294889642a3aa0399c0,033d88301b55148a4498c2ec6b5209ad5f539c81b652e294889642a3aa0399c0,x86,plain,75194,1,
maze_04e22ab46a8d5dc5fea6c41ea6fdc913b793a4e33df8f0bc1868b72b180c0e6e.txt,mal_train,mal_train,1,maze,04e22ab46a8d5dc5fea6c41ea6fdc913b793a4e33df8f0bc1868b72b180c0e6e,04e22ab46a8d5dc5fea6c41ea6fdc913b793a4e33df8f0bc1868b72b180c0e6e,x86,plain,736173,1,
maze_05297f8224bf663a3376a5983377e747a56256a18b30c914a2e10d5d5a144862.txt,mal_train,mal_train,1,maze,05297f8224bf663a3376a5983377e747a56256a18b30c914a2e10d5d5a144862,05297f8224bf663a3376a5983377e747a56256a18b30c914a2e10d5d5a144862,x86,plain,76343,1,
maze_0624ac72025625c84cf14eb1bb30791f4c0ceb1114796c261fb2a02dc70fbac3.txt,mal_train,mal_train,1,maze,0624ac72025625c84cf14eb1bb30791f4c0ceb1114796c261fb2a02dc70fbac3,0624ac72025625c84cf14eb1bb30791f4c0ceb1114796c261fb2a02dc70fbac3,x86,plain,80837,1,
maze_067f1b8f1e0b2bfe286f5169e17834e8cf7f4266b8d97f28ea78995dc81b0e7b.txt,mal_train,mal_train,1,maze,067f1b8f1e0b2bfe286f5169e17834e8cf7f4266b8d97f28ea78995dc81b0e7b,067f1b8f1e0b2bfe286f5169e17834e8cf7f4266b8d97f28ea78995dc81b0e7b,x86,plain,259602,1,
maze_0b9c99276ed36110afc58b3fb59ada135146180189c25d99618ca5897537ee21.txt,mal_train,mal_train,1,maze,0b9c99276ed36110afc58b3fb59ada135146180189c25d99618ca5897537ee21,0b9c99276ed36110afc58b3fb59ada135146180189c25d99618ca5897537ee21,x86,plain,80402,1,
maze_0d0a6f525dac3a44e345f33700160dc5bf32ac95c84ca1871836f6857db63c40.txt,mal_train,mal_train,1,maze,2a6c602769ac15bd837f9ff390acc443d023ee62f76e1be8236dd2dd957eef3d,0d0a6f525dac3a44e345f33700160dc5bf32ac95c84ca1871836f6857db63c40,x86,plain,80003,1,
maze_0e03b75972bc00a096a75f4eb6b2245dc23731ed683fcc48d9ed4045069aa0fd.txt,mal_train,mal_train,1,maze,a0ec83d873925b445308815d6f0a6ea1eddb90e38bb484f3ded27c66092ce8c0,0e03b75972bc00a096a75f4eb6b2245dc23731ed683fcc48d9ed4045069aa0fd,x86,plain,23358,1,
maze_0f489f6c5423d2c671655b14237dff2bd14cd8261c96e9a8c170980913f8d57e.txt,mal_train,mal_train,1,maze,0f489f6c5423d2c671655b14237dff2bd14cd8261c96e9a8c170980913f8d57e,0f489f6c5423d2c671655b14237dff2bd14cd8261c96e9a8c170980913f8d57e,x86,plain,77376,1,
maze_0fb01d846e2682ed2507367d2d4537c45800304410b270a13e94f1ca778d161e.txt,mal_train,mal_train,1,maze,0fb01d846e2682ed2507367d2d4537c45800304410b270a13e94f1ca778d161e,0fb01d846e2682ed2507367d2d4537c45800304410b270a13e94f1ca778d161e,x86,plain,76458,1,
maze_1156e9951df46c4854cf9bc5bb96101b0b923c4e10adcffc286a0a1078fcb3da.txt,mal_train,mal_train,1,maze,1156e9951df46c4854cf9bc5bb96101b0b923c4e10adcffc286a0a1078fcb3da,1156e9951df46c4854cf9bc5bb96101b0b923c4e10adcffc286a0a1078fcb3da,x86,plain,80507,1,
maze_1161b030293e58d15b6a6a814a61a6432cf2c98ce9d156986157b432f3ebcf78.txt,mal_train,mal_train,1,maze,1161b030293e58d15b6a6a814a61a6432cf2c98ce9d156986157b432f3ebcf78,1161b030293e58d15b6a6a814a61a6432cf2c98ce9d156986157b432f3ebcf78,x86,plain,256186,1,
maze_138e4c4e33a36e147d296a4d9695e3adf1a33611d97e0365dd3884be1c26c60e.txt,mal_train,mal_train,1,maze,138e4c4e33a36e147d296a4d9695e3adf1a33611d97e0365dd3884be1c26c60e,138e4c4e33a36e147d296a4d9695e3adf1a33611d97e0365dd3884be1c26c60e,x86,plain,24022,1,
maze_1de59d87840d41c7e779809708794ee9a9d5992f1ed113f3ede79aa6f33fd09d.txt,mal_train,mal_train,1,maze,1de59d87840d41c7e779809708794ee9a9d5992f1ed113f3ede79aa6f33fd09d,1de59d87840d41c7e779809708794ee9a9d5992f1ed113f3ede79aa6f33fd09d,other,arch_unsupported,,0,tag:arch_unsupported
maze_22ccc6a9a8834e08f190486524fb86b177f332b5835f4bd75f31b4b667271bb0.txt,mal_train,mal_train,1,maze,22ccc6a9a8834e08f190486524fb86b177f332b5835f4bd75f31b4b667271bb0,22ccc6a9a8834e08f190486524fb86b177f332b5835f4bd75f31b4b667271bb0,x86,plain,80567,1,
maze_2c69536793ab6f3a38bd0ab79d70ad8fb271b975c8c707175246f11d5be22f8c.txt,mal_train,mal_train,1,maze,2c69536793ab6f3a38bd0ab79d70ad8fb271b975c8c707175246f11d5be22f8c,2c69536793ab6f3a38bd0ab79d70ad8fb271b975c8c707175246f11d5be22f8c,x86,plain,23395,1,
maze_33afa2f1d53d5279b6fc87ce6834193fdd7e16e4b44e895aae4b9da00be0c502.txt,mal_train,mal_train,1,maze,33afa2f1d53d5279b6fc87ce6834193fdd7e16e4b44e895aae4b9da00be0c502,33afa2f1d53d5279b6fc87ce6834193fdd7e16e4b44e895aae4b9da00be0c502,x86,plain,76066,1,
maze_3645ca9ccd69bb7bef64843e8d79e20e98faee45c94f56dccb67a83616f8f827.txt,mal_train,mal_train,1,maze,3645ca9ccd69bb7bef64843e8d79e20e98faee45c94f56dccb67a83616f8f827,3645ca9ccd69bb7bef64843e8d79e20e98faee45c94f56dccb67a83616f8f827,x86,plain,80567,1,
maze_3885589a3c94d0475a6d994e4644e682f4cff93f8b4d65f37508ffe706861363.txt,mal_train,mal_train,1,maze,3885589a3c94d0475a6d994e4644e682f4cff93f8b4d65f37508ffe706861363,3885589a3c94d0475a6d994e4644e682f4cff93f8b4d65f37508ffe706861363,x86,plain,25063,1,
maze_4263eacd358d5ef9efacff1f63ff79487639136c0268938755a4bfe3f5797167.txt,mal_train,mal_train,1,maze,4263eacd358d5ef9efacff1f63ff79487639136c0268938755a4bfe3f5797167,4263eacd358d5ef9efacff1f63ff79487639136c0268938755a4bfe3f5797167,x86,plain,361583,1,
maze_4674a5f259bdca4233d6e20c7797dd66db2a841be82dc9b73b71e04c51b546c9.txt,mal_train,mal_train,1,maze,4674a5f259bdca4233d6e20c7797dd66db2a841be82dc9b73b71e04c51b546c9,4674a5f259bdca4233d6e20c7797dd66db2a841be82dc9b73b71e04c51b546c9,x86,plain,76343,1,
maze_4744bd1157df9fd3864cd5cbfd46cfc167d7708ff6414aee4a034bbab1e03272.txt,mal_train,mal_train,1,maze,4744bd1157df9fd3864cd5cbfd46cfc167d7708ff6414aee4a034bbab1e03272,4744bd1157df9fd3864cd5cbfd46cfc167d7708ff6414aee4a034bbab1e03272,x86,plain,76509,1,
maze_485da83d711d4f9b1f968c7c7e62b30a9987e7cc5a961e5b92a4ab9fcb11611d.txt,mal_train,mal_train,1,maze,485da83d711d4f9b1f968c7c7e62b30a9987e7cc5a961e5b92a4ab9fcb11611d,485da83d711d4f9b1f968c7c7e62b30a9987e7cc5a961e5b92a4ab9fcb11611d,x86,plain,80567,1,
maze_4a95493039deedeceb37ae0c4065f0c55dac7f6ec66a691acea0a693a830cfb0.txt,mal_train,mal_train,1,maze,4a95493039deedeceb37ae0c4065f0c55dac7f6ec66a691acea0a693a830cfb0,4a95493039deedeceb37ae0c4065f0c55dac7f6ec66a691acea0a693a830cfb0,x86,plain,80567,1,
maze_4c051e7271b06cf26f59d2076be6e543595ae8599d7c62b55dbfbc438d6e4fe8.txt,mal_train,mal_train,1,maze,4c051e7271b06cf26f59d2076be6e543595ae8599d7c62b55dbfbc438d6e4fe8,4c051e7271b06cf26f59d2076be6e543595ae8599d7c62b55dbfbc438d6e4fe8,x86,plain,23395,1,
maze_4debcfc3bae9fdb89f223c050e7b5ce3e63783ce811781e4721f112743fecebe.txt,mal_train,mal_train,1,maze,4debcfc3bae9fdb89f223c050e7b5ce3e63783ce811781e4721f112743fecebe,4debcfc3bae9fdb89f223c050e7b5ce3e63783ce811781e4721f112743fecebe,x86,plain,25509,1,
maze_4e2554b448424859b508433e6c4a043718343febc7894a849f446dd197b47d1e.txt,mal_train,mal_train,1,maze,4e2554b448424859b508433e6c4a043718343febc7894a849f446dd197b47d1e,4e2554b448424859b508433e6c4a043718343febc7894a849f446dd197b47d1e,x86,plain,76343,1,
maze_4feb2e00c0dc0c42f42fd2c93f48e350c37386768e7774f82cdc98c8bc8dbc69.txt,mal_train,mal_train,1,maze,4feb2e00c0dc0c42f42fd2c93f48e350c37386768e7774f82cdc98c8bc8dbc69,4feb2e00c0dc0c42f42fd2c93f48e350c37386768e7774f82cdc98c8bc8dbc69,x86,plain,76617,1,
maze_5094956aca00a39f205b83898e38dac3ef5c75781acf4c619af290079dea641b.txt,mal_train,mal_train,1,maze,5094956aca00a39f205b83898e38dac3ef5c75781acf4c619af290079dea641b,5094956aca00a39f205b83898e38dac3ef5c75781acf4c619af290079dea641b,x86,plain,80567,1,
maze_512cdfb0645fb0fe040c2ba7d37625cde03c2d0fe32966558f5374a19afa65ea.txt,mal_train,mal_train,1,maze,512cdfb0645fb0fe040c2ba7d37625cde03c2d0fe32966558f5374a19afa65ea,512cdfb0645fb0fe040c2ba7d37625cde03c2d0fe32966558f5374a19afa65ea,x86,plain,81009,1,
maze_5acbcc1df967d37bf86e429030c9c8ad43e84c8ec5d74bfe3737816c74994c18.txt,mal_train,mal_train,1,maze,5acbcc1df967d37bf86e429030c9c8ad43e84c8ec5d74bfe3737816c74994c18,5acbcc1df967d37bf86e429030c9c8ad43e84c8ec5d74bfe3737816c74994c18,x86,plain,80402,1,
maze_65c5d3e814ea91a79ce2864cd0e62c5683538d9724eb3122c5d9a3a4981ba52e.txt,mal_train,mal_train,1,maze,65c5d3e814ea91a79ce2864cd0e62c5683538d9724eb3122c5d9a3a4981ba52e,65c5d3e814ea91a79ce2864cd0e62c5683538d9724eb3122c5d9a3a4981ba52e,x86,plain,77217,1,
maze_7619b76b2b82ebb0e4d682a63ba22c8d776718e4e94feb72f1219b2ca6bc2ac7.txt,mal_train,mal_train,1,maze,7619b76b2b82ebb0e4d682a63ba22c8d776718e4e94feb72f1219b2ca6bc2ac7,7619b76b2b82ebb0e4d682a63ba22c8d776718e4e94feb72f1219b2ca6bc2ac7,x86,plain,80567,1,
maze_7642b9322ad6492c843c3f11c7c6c33157a903610cd1d7e8b46634330b355480.txt,mal_train,mal_train,1,maze,7642b9322ad6492c843c3f11c7c6c33157a903610cd1d7e8b46634330b355480,7642b9322ad6492c843c3f11c7c6c33157a903610cd1d7e8b46634330b355480,x86,plain,75535,1,
maze_767e8ba21d351fa1d93dbd9224d60b29b806221c9c5d30f24c6a4a5f73f3a6c1.txt,mal_train,mal_train,1,maze,767e8ba21d351fa1d93dbd9224d60b29b806221c9c5d30f24c6a4a5f73f3a6c1,767e8ba21d351fa1d93dbd9224d60b29b806221c9c5d30f24c6a4a5f73f3a6c1,x86,plain,80402,1,
maze_7f725e79ec9e7b2ffddb48296f6d9aeee9601a02a1645a20077844f1d9874684.txt,mal_train,mal_train,1,maze,7f725e79ec9e7b2ffddb48296f6d9aeee9601a02a1645a20077844f1d9874684,7f725e79ec9e7b2ffddb48296f6d9aeee9601a02a1645a20077844f1d9874684,x86,plain,76789,1,
maze_82ed2f75ac5249c733fd98cad6f9f9de4a3a624852d3ce49fbca03ac97dd5002.txt,mal_train,mal_train,1,maze,82ed2f75ac5249c733fd98cad6f9f9de4a3a624852d3ce49fbca03ac97dd5002,82ed2f75ac5249c733fd98cad6f9f9de4a3a624852d3ce49fbca03ac97dd5002,x86,packed_other,189854,0,tag:packed_other
maze_877c439da147bab8e2c32f03814e3973c22cbcd112d35bc2735b803ac9113da1.txt,mal_train,mal_train,1,maze,877c439da147bab8e2c32f03814e3973c22cbcd112d35bc2735b803ac9113da1,877c439da147bab8e2c32f03814e3973c22cbcd112d35bc2735b803ac9113da1,x86,plain,80567,1,
maze_a6bf25b3bfc2ab57ad8c1c7e130379a3a4dc0a97b6b3da04e27db79ed361e697.txt,mal_train,mal_train,1,maze,a6bf25b3bfc2ab57ad8c1c7e130379a3a4dc0a97b6b3da04e27db79ed361e697,a6bf25b3bfc2ab57ad8c1c7e130379a3a4dc0a97b6b3da04e27db79ed361e697,x86,plain,23395,1,
maze_ac457fc7c907ca04a4aa2e243d4b5120c58d338b44771c84e0d282d625d463a0.txt,mal_train,mal_train,1,maze,ac457fc7c907ca04a4aa2e243d4b5120c58d338b44771c84e0d282d625d463a0,ac457fc7c907ca04a4aa2e243d4b5120c58d338b44771c84e0d282d625d463a0,x86,plain,79358,1,
maze_b62c47fe08cdb67d2a9754ea95ce87aeb7bfb6a7fd0ae10e919494d4bbd234a0.txt,mal_train,mal_train,1,maze,b62c47fe08cdb67d2a9754ea95ce87aeb7bfb6a7fd0ae10e919494d4bbd234a0,b62c47fe08cdb67d2a9754ea95ce87aeb7bfb6a7fd0ae10e919494d4bbd234a0,x86,plain,80567,1,
maze_b8522cf655bc40aeb9e0f0ed9f5e423dc6f7148f2525ec2609d1f2d75c55772d.txt,mal_train,mal_train,1,maze,b8522cf655bc40aeb9e0f0ed9f5e423dc6f7148f2525ec2609d1f2d75c55772d,b8522cf655bc40aeb9e0f0ed9f5e423dc6f7148f2525ec2609d1f2d75c55772d,x64,plain,72770,1,
maze_bc7f37b3ff2b3cc9bfc297a077ffe76dd49d63b51e9bd85c105373b235642734.txt,mal_train,mal_train,1,maze,bc7f37b3ff2b3cc9bfc297a077ffe76dd49d63b51e9bd85c105373b235642734,bc7f37b3ff2b3cc9bfc297a077ffe76dd49d63b51e9bd85c105373b235642734,other,arch_unsupported,,0,tag:arch_unsupported
maze_c212469a0a0f7956bb05cf955b846d31f905df8458f09645f3da51cd341a8fe5.txt,mal_train,mal_train,1,maze,c212469a0a0f7956bb05cf955b846d31f905df8458f09645f3da51cd341a8fe5,c212469a0a0f7956bb05cf955b846d31f905df8458f09645f3da51cd341a8fe5,x86,plain,80567,1,
maze_c926460840e4a88cd8f45cfabd4e59dcf804f97e502d773ee528c7dd7dd80ace.txt,mal_train,mal_train,1,maze,c926460840e4a88cd8f45cfabd4e59dcf804f97e502d773ee528c7dd7dd80ace,c926460840e4a88cd8f45cfabd4e59dcf804f97e502d773ee528c7dd7dd80ace,x86,plain,83732,1,
maze_d65fa9ed1220cfa12d22239ca62a4b5978bb613090fc1dcb0cccdf191151d125.txt,mal_train,mal_train,1,maze,d65fa9ed1220cfa12d22239ca62a4b5978bb613090fc1dcb0cccdf191151d125,d65fa9ed1220cfa12d22239ca62a4b5978bb613090fc1dcb0cccdf191151d125,x86,plain,76196,1,
maze_ddf779192b026a7c9e207b4fa65a8cf134cb4a6ed21aa768958a8cb8332fef69.txt,mal_train,mal_train,1,maze,ddf779192b026a7c9e207b4fa65a8cf134cb4a6ed21aa768958a8cb8332fef69,ddf779192b026a7c9e207b4fa65a8cf134cb4a6ed21aa768958a8cb8332fef69,x86,plain,81019,1,
maze_e8a091a84dd2ea7ee429135ff48e9f48f7787637ccb79f6c3eb42f34588bc684.txt,mal_train,mal_train,1,maze,e8a091a84dd2ea7ee429135ff48e9f48f7787637ccb79f6c3eb42f34588bc684,e8a091a84dd2ea7ee429135ff48e9f48f7787637ccb79f6c3eb42f34588bc684,x86,plain,26911,1,
maze_ecd04ebbb3df053ce4efa2b73912fd4d086d1720f9b410235ee9c1e529ea52a2.txt,mal_train,mal_train,1,maze,ecd04ebbb3df053ce4efa2b73912fd4d086d1720f9b410235ee9c1e529ea52a2,ecd04ebbb3df053ce4efa2b73912fd4d086d1720f9b410235ee9c1e529ea52a2,x86,plain,80583,1,
maze_f03172bd32ed16df6dda8e8146d24b073b864da59d669218fcc5e97835a5e956.txt,mal_train,mal_train,1,maze,f03172bd32ed16df6dda8e8146d24b073b864da59d669218fcc5e97835a5e956,f03172bd32ed16df6dda8e8146d24b073b864da59d669218fcc5e97835a5e956,x86,plain,80567,1,
mountlocker_00ed4c347cd62526226363a0aceb851b2ef7e3a4da78433a28f2cd6cbd5f1b99.txt,mal_train,mal_train,1,mountlocker,00ed4c347cd62526226363a0aceb851b2ef7e3a4da78433a28f2cd6cbd5f1b99,00ed4c347cd62526226363a0aceb851b2ef7e3a4da78433a28f2cd6cbd5f1b99,x64,plain,6979,1,
mountlocker_0aa8099c5a65062ba4baec8274e1a0650ff36e757a91312e1755fded50a79d47.txt,mal_train,mal_train,1,mountlocker,0aa8099c5a65062ba4baec8274e1a0650ff36e757a91312e1755fded50a79d47,0aa8099c5a65062ba4baec8274e1a0650ff36e757a91312e1755fded50a79d47,x64,plain,2629,1,
mountlocker_187610fb06cc60c73c0062b593c5fe3ba29e0436e396969feb9ed25391ff7e8b.txt,mal_train,mal_train,1,mountlocker,187610fb06cc60c73c0062b593c5fe3ba29e0436e396969feb9ed25391ff7e8b,187610fb06cc60c73c0062b593c5fe3ba29e0436e396969feb9ed25391ff7e8b,x64,plain,4272,1,
mountlocker_226a723ffb4a91d9950a8b266167c5b354ab0db1dc225578494917fe53867ef2.txt,mal_train,mal_train,1,mountlocker,226a723ffb4a91d9950a8b266167c5b354ab0db1dc225578494917fe53867ef2,226a723ffb4a91d9950a8b266167c5b354ab0db1dc225578494917fe53867ef2,x86,plain,55446,1,
mountlocker_4a5ac3c6f8383cc33c795804ba5f7f5553c029bbb4a6d28f1e4d8fb5107902c1.txt,mal_train,mal_train,1,mountlocker,4a5ac3c6f8383cc33c795804ba5f7f5553c029bbb4a6d28f1e4d8fb5107902c1,4a5ac3c6f8383cc33c795804ba5f7f5553c029bbb4a6d28f1e4d8fb5107902c1,x64,plain,6979,1,
mountlocker_4b917b60f4df6d6d08e895d179a22dcb7c38c6a6a6f39c96c3ded10368d86273.txt,mal_train,mal_train,1,mountlocker,4b917b60f4df6d6d08e895d179a22dcb7c38c6a6a6f39c96c3ded10368d86273,4b917b60f4df6d6d08e895d179a22dcb7c38c6a6a6f39c96c3ded10368d86273,x86,plain,2953,1,
mountlocker_5eae13527d4e39059025c3e56dad966cf67476fe7830090e40c14d0a4046adf0.txt,mal_train,mal_train,1,mountlocker,5eae13527d4e39059025c3e56dad966cf67476fe7830090e40c14d0a4046adf0,5eae13527d4e39059025c3e56dad966cf67476fe7830090e40c14d0a4046adf0,x64,plain,2629,1,
mountlocker_8b539f3ba05fe82c4f992ffbeb6ab55151b36dce2d03b64721e966dedf82be81.txt,mal_train,mal_train,1,mountlocker,8b539f3ba05fe82c4f992ffbeb6ab55151b36dce2d03b64721e966dedf82be81,8b539f3ba05fe82c4f992ffbeb6ab55151b36dce2d03b64721e966dedf82be81,x64,plain,4272,1,
mountlocker_96056182d93b582b3d56bd82a560bafd5cde413c4ca216f4f62ab446c61c9b6a.txt,mal_train,mal_train,1,mountlocker,96056182d93b582b3d56bd82a560bafd5cde413c4ca216f4f62ab446c61c9b6a,96056182d93b582b3d56bd82a560bafd5cde413c4ca216f4f62ab446c61c9b6a,x86,plain,1907,1,
mountlocker_b26749b17ca691328ba67ee49d4d9997c101966c607ab578afad204459b7bf8f.txt,mal_train,mal_train,1,mountlocker,b26749b17ca691328ba67ee49d4d9997c101966c607ab578afad204459b7bf8f,b26749b17ca691328ba67ee49d4d9997c101966c607ab578afad204459b7bf8f,x86,plain,29564,1,
mountlocker_d228d35fcc1dfff6e5cb2a251f6dd4b1306f9e21faffe99bef0fd0aedd830e4e.txt,mal_train,mal_train,1,mountlocker,d228d35fcc1dfff6e5cb2a251f6dd4b1306f9e21faffe99bef0fd0aedd830e4e,d228d35fcc1dfff6e5cb2a251f6dd4b1306f9e21faffe99bef0fd0aedd830e4e,x64,plain,6725,1,
mountlocker_e435a95489a4ebdfdc12031091f92a7f9c5e3f6cc9b55355ee4030d82553e9ac.txt,mal_train,mal_train,1,mountlocker,e435a95489a4ebdfdc12031091f92a7f9c5e3f6cc9b55355ee4030d82553e9ac,e435a95489a4ebdfdc12031091f92a7f9c5e3f6cc9b55355ee4030d82553e9ac,x64,plain,3116,1,
mountlocker_e7c277aae66085f1e0c4789fe51cac50e3ea86d79c8a242ffc066ed0b0548037.txt,mal_train,mal_train,1,mountlocker,e7c277aae66085f1e0c4789fe51cac50e3ea86d79c8a242ffc066ed0b0548037,e7c277aae66085f1e0c4789fe51cac50e3ea86d79c8a242ffc066ed0b0548037,x86,plain,181001,1,
mountlocker_f570d5b17671e6f3e56eae6ad87be3a6bbfac46c677e478618afd9f59bf35963.txt,mal_train,mal_train,1,mountlocker,f570d5b17671e6f3e56eae6ad87be3a6bbfac46c677e478618afd9f59bf35963,f570d5b17671e6f3e56eae6ad87be3a6bbfac46c677e478618afd9f59bf35963,x64,plain,2629,1,
nefilim_006c9ba4ca0218e7bd2c7c21653497d3215bbeefbc1f5c2781549b306bab8e5e.txt,mal_train,mal_train,1,nefilim,006c9ba4ca0218e7bd2c7c21653497d3215bbeefbc1f5c2781549b306bab8e5e,006c9ba4ca0218e7bd2c7c21653497d3215bbeefbc1f5c2781549b306bab8e5e,x64,plain,262800,1,
nefilim_08c7dfde13ade4b13350ae290616d7c2f4a87cbeac9a3886e90a175ee40fb641.txt,mal_train,mal_train,1,nefilim,08c7dfde13ade4b13350ae290616d7c2f4a87cbeac9a3886e90a175ee40fb641,08c7dfde13ade4b13350ae290616d7c2f4a87cbeac9a3886e90a175ee40fb641,x86,plain,11851,1,
nefilim_0bafde9b22d7147de8fdb852bcd529b1730acddc9eb71316b66c180106f777f5.txt,mal_train,mal_train,1,nefilim,0bafde9b22d7147de8fdb852bcd529b1730acddc9eb71316b66c180106f777f5,0bafde9b22d7147de8fdb852bcd529b1730acddc9eb71316b66c180106f777f5,x64,plain,568774,1,
nefilim_1161e87c0774d03275e052e4be90b58fa063eb040c34aa29829b0681926d6022.txt,mal_train,mal_train,1,nefilim,1161e87c0774d03275e052e4be90b58fa063eb040c34aa29829b0681926d6022,1161e87c0774d03275e052e4be90b58fa063eb040c34aa29829b0681926d6022,x86,packed_other,30724,0,tag:packed_other
nefilim_148845af1fc1221f27992cac24273aada38ef2482624850897bce87413f79888.txt,mal_train,mal_train,1,nefilim,148845af1fc1221f27992cac24273aada38ef2482624850897bce87413f79888,148845af1fc1221f27992cac24273aada38ef2482624850897bce87413f79888,x86,plain,616623,1,
nefilim_1e519cc1c302778535315ebfb4d6b1113ee81904644a8be5afa67bdd9474827a.txt,mal_train,mal_train,1,nefilim,1e519cc1c302778535315ebfb4d6b1113ee81904644a8be5afa67bdd9474827a,1e519cc1c302778535315ebfb4d6b1113ee81904644a8be5afa67bdd9474827a,x86,plain,552098,1,
nefilim_24ada19b269279612370bdf16f2becc1d5b7e0f69821050e2d9b48cfc874dca0.txt,mal_train,mal_train,1,nefilim,24ada19b269279612370bdf16f2becc1d5b7e0f69821050e2d9b48cfc874dca0,24ada19b269279612370bdf16f2becc1d5b7e0f69821050e2d9b48cfc874dca0,x86,plain,2094,1,
nefilim_2d4b2b807ace9dfc3f13962c65f1b6b9b6ba80394c517729ada50d6302792d9c.txt,mal_train,mal_train,1,nefilim,2d4b2b807ace9dfc3f13962c65f1b6b9b6ba80394c517729ada50d6302792d9c,2d4b2b807ace9dfc3f13962c65f1b6b9b6ba80394c517729ada50d6302792d9c,x64,plain,292993,1,
nefilim_353ee5805bc5c7a98fb5d522b15743055484dc47144535628d102a4098532cd5.txt,mal_train,mal_train,1,nefilim,353ee5805bc5c7a98fb5d522b15743055484dc47144535628d102a4098532cd5,353ee5805bc5c7a98fb5d522b15743055484dc47144535628d102a4098532cd5,x86,plain,2226,1,
nefilim_3bac058dbea51f52ce154fed0325fd835f35c1cd521462ce048b41c9b099e1e5.txt,mal_train,mal_train,1,nefilim,3bac058dbea51f52ce154fed0325fd835f35c1cd521462ce048b41c9b099e1e5,3bac058dbea51f52ce154fed0325fd835f35c1cd521462ce048b41c9b099e1e5,x86,plain,2226,1,
nefilim_45e35c9b095871fbc9b85afff4e79dd36b7812b96a302e1ccc65ce7668667fe6.txt,mal_train,mal_train,1,nefilim,45e35c9b095871fbc9b85afff4e79dd36b7812b96a302e1ccc65ce7668667fe6,45e35c9b095871fbc9b85afff4e79dd36b7812b96a302e1ccc65ce7668667fe6,x86,plain,677588,1,
nefilim_511fee839098dfa28dd859ffd3ece5148be13bfb83baa807ed7cac2200103390.txt,mal_train,mal_train,1,nefilim,511fee839098dfa28dd859ffd3ece5148be13bfb83baa807ed7cac2200103390,511fee839098dfa28dd859ffd3ece5148be13bfb83baa807ed7cac2200103390,x64,plain,292995,1,
nefilim_52e25bdd600695cfed0d4ee3aca4f121bfebf0de889593e6ba06282845cf39ea.txt,mal_train,mal_train,1,nefilim,52e25bdd600695cfed0d4ee3aca4f121bfebf0de889593e6ba06282845cf39ea,52e25bdd600695cfed0d4ee3aca4f121bfebf0de889593e6ba06282845cf39ea,x86,plain,15967,1,
nefilim_5ab834f599c6ad35fcd0a168d93c52c399c6de7d1c20f33e25cb1fdb25aec9c6.txt,mal_train,mal_train,1,nefilim,7a73032ece59af3316c4a64490344ee111e4cb06aaf00b4a96c10adfdd655599,5ab834f599c6ad35fcd0a168d93c52c399c6de7d1c20f33e25cb1fdb25aec9c6,x86,plain,11851,1,
nefilim_7a73032ece59af3316c4a64490344ee111e4cb06aaf00b4a96c10adfdd655599.txt,mal_train,mal_train,1,nefilim,7a73032ece59af3316c4a64490344ee111e4cb06aaf00b4a96c10adfdd655599,7a73032ece59af3316c4a64490344ee111e4cb06aaf00b4a96c10adfdd655599,,dup,,0,tag:dup
nefilim_7de8ca88e240fb905fc2e8fd5db6c5af82d8e21556f0ae36d055f623128c3377.txt,mal_train,mal_train,1,nefilim,7de8ca88e240fb905fc2e8fd5db6c5af82d8e21556f0ae36d055f623128c3377,7de8ca88e240fb905fc2e8fd5db6c5af82d8e21556f0ae36d055f623128c3377,x86,plain,2226,1,
nefilim_8be1c54a1a4d07c84b7454e789a26f04a30ca09933b41475423167e232abea2b.txt,mal_train,mal_train,1,nefilim,8be1c54a1a4d07c84b7454e789a26f04a30ca09933b41475423167e232abea2b,8be1c54a1a4d07c84b7454e789a26f04a30ca09933b41475423167e232abea2b,x86,plain,3962,1,
nefilim_9093233af919545a06bb718dd45e2b033be1caaf0844eec11c1f4cb8c0df3527.txt,mal_train,mal_train,1,nefilim,9093233af919545a06bb718dd45e2b033be1caaf0844eec11c1f4cb8c0df3527,9093233af919545a06bb718dd45e2b033be1caaf0844eec11c1f4cb8c0df3527,x64,plain,262804,1,
nefilim_9c6b020769101b8274ec0814628a42efb45fce1798a3d5abf35a78021ec3eca4.txt,mal_train,mal_train,1,nefilim,9c6b020769101b8274ec0814628a42efb45fce1798a3d5abf35a78021ec3eca4,9c6b020769101b8274ec0814628a42efb45fce1798a3d5abf35a78021ec3eca4,x86,plain,2721,1,
nefilim_9e6be0a3bf10410a43c979902507647a4e4f4625a1470ad1ed90e460183b5995.txt,mal_train,mal_train,1,nefilim,9e6be0a3bf10410a43c979902507647a4e4f4625a1470ad1ed90e460183b5995,9e6be0a3bf10410a43c979902507647a4e4f4625a1470ad1ed90e460183b5995,x86,plain,538536,1,
nefilim_a2fe2942436546be34c1f83639f1624cae786ab2a57a29a75f27520792cbf3da.txt,mal_train,mal_train,1,nefilim,a2fe2942436546be34c1f83639f1624cae786ab2a57a29a75f27520792cbf3da,a2fe2942436546be34c1f83639f1624cae786ab2a57a29a75f27520792cbf3da,x86,plain,29334,1,
nefilim_a51fec27e478a1908fc58c96eb14f3719608ed925f1b44eb67bbcc67bd4c4099.txt,mal_train,mal_train,1,nefilim,a51fec27e478a1908fc58c96eb14f3719608ed925f1b44eb67bbcc67bd4c4099,a51fec27e478a1908fc58c96eb14f3719608ed925f1b44eb67bbcc67bd4c4099,x86,plain,538089,1,
nefilim_b227fa0485e34511627a8a4a7d3f1abb6231517be62d022916273b7a51b80a17.txt,mal_train,mal_train,1,nefilim,b227fa0485e34511627a8a4a7d3f1abb6231517be62d022916273b7a51b80a17,b227fa0485e34511627a8a4a7d3f1abb6231517be62d022916273b7a51b80a17,x86,plain,2226,1,
nefilim_b8066b7ec376bc5928d78693d236dbf47414571df05f818a43fb5f52136e8f2e.txt,mal_train,mal_train,1,nefilim,b8066b7ec376bc5928d78693d236dbf47414571df05f818a43fb5f52136e8f2e,b8066b7ec376bc5928d78693d236dbf47414571df05f818a43fb5f52136e8f2e,x86,plain,2218,1,
nefilim_c2b9f3b84e3e990e2c225e05ea65e7a3aaaf5a688864d0ee68ed2eece557fac0.txt,mal_train,mal_train,1,nefilim,c2b9f3b84e3e990e2c225e05ea65e7a3aaaf5a688864d0ee68ed2eece557fac0,c2b9f3b84e3e990e2c225e05ea65e7a3aaaf5a688864d0ee68ed2eece557fac0,x64,plain,569470,1,
nefilim_c81c2c539ccba4c38add72e271fe63a2e389f2f645050289257fc6af4f47a82e.txt,mal_train,mal_train,1,nefilim,c81c2c539ccba4c38add72e271fe63a2e389f2f645050289257fc6af4f47a82e,c81c2c539ccba4c38add72e271fe63a2e389f2f645050289257fc6af4f47a82e,x64,plain,262799,1,
nefilim_d4492a9eb36f87a9b3156b59052ebaf10e264d5d1ce4c015a6b0d205614e58e3.txt,mal_train,mal_train,1,nefilim,d4492a9eb36f87a9b3156b59052ebaf10e264d5d1ce4c015a6b0d205614e58e3,d4492a9eb36f87a9b3156b59052ebaf10e264d5d1ce4c015a6b0d205614e58e3,x86,plain,11851,1,
nefilim_d7730301815e33bd571c6ef6db91534de5b4a0e7a0f4eab41f2e5d6d6f330df2.txt,mal_train,mal_train,1,nefilim,d7730301815e33bd571c6ef6db91534de5b4a0e7a0f4eab41f2e5d6d6f330df2,d7730301815e33bd571c6ef6db91534de5b4a0e7a0f4eab41f2e5d6d6f330df2,x86,plain,29334,1,
nefilim_dda5c2bcd1a1bacd2381fef6801e482bc3c3c39692b2ed9b2f5ba6acc149c193.txt,mal_train,mal_train,1,nefilim,dda5c2bcd1a1bacd2381fef6801e482bc3c3c39692b2ed9b2f5ba6acc149c193,dda5c2bcd1a1bacd2381fef6801e482bc3c3c39692b2ed9b2f5ba6acc149c193,x64,plain,262794,1,
nefilim_e3dfc0485c5ecbeeb9a71473a25a6a8cdf616b7f05d66788ed6e6ade76aaf1af.txt,mal_train,mal_train,1,nefilim,e3dfc0485c5ecbeeb9a71473a25a6a8cdf616b7f05d66788ed6e6ade76aaf1af,e3dfc0485c5ecbeeb9a71473a25a6a8cdf616b7f05d66788ed6e6ade76aaf1af,x86,plain,537313,1,
nefilim_e508f4cda8e32c9b0b6112865b955ff88fbc5b2cfdd27cc09121108a782badc5.txt,mal_train,mal_train,1,nefilim,e508f4cda8e32c9b0b6112865b955ff88fbc5b2cfdd27cc09121108a782badc5,e508f4cda8e32c9b0b6112865b955ff88fbc5b2cfdd27cc09121108a782badc5,x86,plain,2559,1,
nefilim_e7782335cc26b9362ec4525d23f0e6c1bf32b0cadcfa2d95f4955aed2e350cfd.txt,mal_train,mal_train,1,nefilim,e7782335cc26b9362ec4525d23f0e6c1bf32b0cadcfa2d95f4955aed2e350cfd,e7782335cc26b9362ec4525d23f0e6c1bf32b0cadcfa2d95f4955aed2e350cfd,x86,plain,2721,1,
nefilim_e7ccbcc9f500272f8b6422e9900c5131768cc9ca074e6cb8cc92bce385a7ee2e.txt,mal_train,mal_train,1,nefilim,e7ccbcc9f500272f8b6422e9900c5131768cc9ca074e6cb8cc92bce385a7ee2e,e7ccbcc9f500272f8b6422e9900c5131768cc9ca074e6cb8cc92bce385a7ee2e,x64,plain,262799,1,
nefilim_eacbf729bb96cf2eddac62806a555309d08a705f6084dd98c7cf93503927c34f.txt,mal_train,mal_train,1,nefilim,eacbf729bb96cf2eddac62806a555309d08a705f6084dd98c7cf93503927c34f,eacbf729bb96cf2eddac62806a555309d08a705f6084dd98c7cf93503927c34f,x86,plain,2721,1,
nefilim_eb9a7ce77f7475b7652a66e548af6d7271ccadb35f2f947a4dfe63e522274374.txt,mal_train,mal_train,1,nefilim,eb9a7ce77f7475b7652a66e548af6d7271ccadb35f2f947a4dfe63e522274374,eb9a7ce77f7475b7652a66e548af6d7271ccadb35f2f947a4dfe63e522274374,x86,plain,2176,1,
nefilim_f9ed3c070a2731acbfef6d4b2af980b6e922b2dda0e9227e02f4b4f3821f4b17.txt,mal_train,mal_train,1,nefilim,f9ed3c070a2731acbfef6d4b2af980b6e922b2dda0e9227e02f4b4f3821f4b17,f9ed3c070a2731acbfef6d4b2af980b6e922b2dda0e9227e02f4b4f3821f4b17,x64,plain,568778,1,
nefilim_fb3f622cf5557364a0a3abacc3e9acf399b3631bf3630acb8132514c486751e7.txt,mal_train,mal_train,1,nefilim,fb3f622cf5557364a0a3abacc3e9acf399b3631bf3630acb8132514c486751e7,fb3f622cf5557364a0a3abacc3e9acf399b3631bf3630acb8132514c486751e7,x64,plain,292995,1,
nefilim_fcc2921020690a58c60eba35df885e575669e9803212f7791d7e1956f9bf8020.txt,mal_train,mal_train,1,nefilim,fcc2921020690a58c60eba35df885e575669e9803212f7791d7e1956f9bf8020,fcc2921020690a58c60eba35df885e575669e9803212f7791d7e1956f9bf8020,x86,plain,2218,1,
nefilim_fdaefa45c8679a161c6590b8f5bb735c12c9768172f81c930bb68c93a53002f7.txt,mal_train,mal_train,1,nefilim,fdaefa45c8679a161c6590b8f5bb735c12c9768172f81c930bb68c93a53002f7,fdaefa45c8679a161c6590b8f5bb735c12c9768172f81c930bb68c93a53002f7,x86,plain,11851,1,
netwalker_02cb34da6e620d9428f9c8f375fe96a397464d272f723abd8296c4b420fb0e77.txt,mal_train,mal_train,1,netwalker,02cb34da6e620d9428f9c8f375fe96a397464d272f723abd8296c4b420fb0e77,02cb34da6e620d9428f9c8f375fe96a397464d272f723abd8296c4b420fb0e77,x86,plain,20303,1,
netwalker_07b743dffd93be79b3ae4e8d5e0f05aec66af1115c4ec070df4cd35e800452d7.txt,mal_train,mal_train,1,netwalker,07b743dffd93be79b3ae4e8d5e0f05aec66af1115c4ec070df4cd35e800452d7,07b743dffd93be79b3ae4e8d5e0f05aec66af1115c4ec070df4cd35e800452d7,x86,plain,27678,1,
netwalker_0afd99c3f7593c760c4001313963f3e7fd709ca56046044033d790602a8cb378.txt,mal_train,mal_train,1,netwalker,0afd99c3f7593c760c4001313963f3e7fd709ca56046044033d790602a8cb378,0afd99c3f7593c760c4001313963f3e7fd709ca56046044033d790602a8cb378,x86,plain,15885,1,
netwalker_0d7ee7ce88e790ad66aa53589f5a2638207bc3adf2eb4f8a813fd52b5b22ba27.txt,mal_train,mal_train,1,netwalker,0d7ee7ce88e790ad66aa53589f5a2638207bc3adf2eb4f8a813fd52b5b22ba27,0d7ee7ce88e790ad66aa53589f5a2638207bc3adf2eb4f8a813fd52b5b22ba27,x86,plain,20301,1,
netwalker_162ae350c47c2e14864d0c0f927bf424eb6b844017329c9b1e216f3e2d724d98.txt,mal_train,mal_train,1,netwalker,162ae350c47c2e14864d0c0f927bf424eb6b844017329c9b1e216f3e2d724d98,162ae350c47c2e14864d0c0f927bf424eb6b844017329c9b1e216f3e2d724d98,x86,plain,20303,1,
netwalker_209779474d4b8e7246245092e7d094ce5730c5c1d36bc03d9b8120f211dc3ebe.txt,mal_train,mal_train,1,netwalker,209779474d4b8e7246245092e7d094ce5730c5c1d36bc03d9b8120f211dc3ebe,209779474d4b8e7246245092e7d094ce5730c5c1d36bc03d9b8120f211dc3ebe,x86,plain,28295,1,
netwalker_22a5872ba6adfe449e46d9a223cb7567697e30f89d6d42095e48de3033359de3.txt,mal_train,mal_train,1,netwalker,22a5872ba6adfe449e46d9a223cb7567697e30f89d6d42095e48de3033359de3,22a5872ba6adfe449e46d9a223cb7567697e30f89d6d42095e48de3033359de3,x86,plain,20303,1,
netwalker_346fdff8d24cbb7ebd56f60933beca37a4437b5e1eb6e64f7ab21d48c862b5b7.txt,mal_train,mal_train,1,netwalker,346fdff8d24cbb7ebd56f60933beca37a4437b5e1eb6e64f7ab21d48c862b5b7,346fdff8d24cbb7ebd56f60933beca37a4437b5e1eb6e64f7ab21d48c862b5b7,x86,plain,15206,1,
netwalker_352cd5d318e4cff15910dc70b609ef9bf1d1ee0b7f01e186bedb5e7d245e3ec6.txt,mal_train,mal_train,1,netwalker,352cd5d318e4cff15910dc70b609ef9bf1d1ee0b7f01e186bedb5e7d245e3ec6,352cd5d318e4cff15910dc70b609ef9bf1d1ee0b7f01e186bedb5e7d245e3ec6,x86,plain,20303,1,
netwalker_444169e156b48a54e9f96b6b3a1c333670546663c8a2e14e561884c052420043.txt,mal_train,mal_train,1,netwalker,444169e156b48a54e9f96b6b3a1c333670546663c8a2e14e561884c052420043,444169e156b48a54e9f96b6b3a1c333670546663c8a2e14e561884c052420043,x86,plain,20303,1,
netwalker_44b5d24e5e8fd8e8ee7141f970f76a13c89dd26c44b336dc9d6b61fda3abf335.txt,mal_train,mal_train,1,netwalker,44b5d24e5e8fd8e8ee7141f970f76a13c89dd26c44b336dc9d6b61fda3abf335,44b5d24e5e8fd8e8ee7141f970f76a13c89dd26c44b336dc9d6b61fda3abf335,x86,plain,15580,1,
netwalker_46dbb7709411b1429233e0d8d33a02cccd54005a2b4015dcfa8a890252177df9.txt,mal_train,mal_train,1,netwalker,46dbb7709411b1429233e0d8d33a02cccd54005a2b4015dcfa8a890252177df9,46dbb7709411b1429233e0d8d33a02cccd54005a2b4015dcfa8a890252177df9,x86,plain,20301,1,
netwalker_4abf2d4b604ad5c3dca0006e9762562ea104e76e7c0dcfa8fddafda8b11b2eaf.txt,mal_train,mal_train,1,netwalker,4abf2d4b604ad5c3dca0006e9762562ea104e76e7c0dcfa8fddafda8b11b2eaf,4abf2d4b604ad5c3dca0006e9762562ea104e76e7c0dcfa8fddafda8b11b2eaf,x86,plain,20303,1,
netwalker_4f7bdda79e389d6660fca8e2a90a175307a7f615fa7673b10ee820d9300b5c60.txt,mal_train,mal_train,1,netwalker,4f7bdda79e389d6660fca8e2a90a175307a7f615fa7673b10ee820d9300b5c60,4f7bdda79e389d6660fca8e2a90a175307a7f615fa7673b10ee820d9300b5c60,x86,plain,19137,1,
netwalker_573873b7b2fbb390ff21bb4e986f69fa25a1f3eea2c5fe446d46c186ab92257d.txt,mal_train,mal_train,1,netwalker,573873b7b2fbb390ff21bb4e986f69fa25a1f3eea2c5fe446d46c186ab92257d,573873b7b2fbb390ff21bb4e986f69fa25a1f3eea2c5fe446d46c186ab92257d,x86,plain,27678,1,
netwalker_5d869c0e077596bf0834f08dce062af1477bf09c8f6aa0a45d6a080478e45512.txt,mal_train,mal_train,1,netwalker,5d869c0e077596bf0834f08dce062af1477bf09c8f6aa0a45d6a080478e45512,5d869c0e077596bf0834f08dce062af1477bf09c8f6aa0a45d6a080478e45512,x86,plain,20301,1,
netwalker_5e03e3d93a456405952cdadee3018043789f118b871b93d113ce371c079f19dd.txt,mal_train,mal_train,1,netwalker,5e03e3d93a456405952cdadee3018043789f118b871b93d113ce371c079f19dd,5e03e3d93a456405952cdadee3018043789f118b871b93d113ce371c079f19dd,x86,plain,27602,1,
netwalker_61d26a517d9a6dfaa47a65828a244f122d89e565dd86a2a6ac860aa95d9304a4.txt,mal_train,mal_train,1,netwalker,61d26a517d9a6dfaa47a65828a244f122d89e565dd86a2a6ac860aa95d9304a4,61d26a517d9a6dfaa47a65828a244f122d89e565dd86a2a6ac860aa95d9304a4,x86,plain,22741,1,
netwalker_62df5824be844b16d99bf4a59e6bf51bcaa7a2c2f4852d983bc33eaf60a9c5ca.txt,mal_train,mal_train,1,netwalker,62df5824be844b16d99bf4a59e6bf51bcaa7a2c2f4852d983bc33eaf60a9c5ca,62df5824be844b16d99bf4a59e6bf51bcaa7a2c2f4852d983bc33eaf60a9c5ca,x86,plain,15662,1,
netwalker_63ad8faf3c2b306ccd8aa7874e24e7d48e0f6bbeeb37adab26c2efa1410022c4.txt,mal_train,mal_train,1,netwalker,63ad8faf3c2b306ccd8aa7874e24e7d48e0f6bbeeb37adab26c2efa1410022c4,63ad8faf3c2b306ccd8aa7874e24e7d48e0f6bbeeb37adab26c2efa1410022c4,x86,plain,20303,1,
netwalker_6bd34d33ccb47430751ae964ca56ec206da0fa3bdc5eb670fc54edf4c11629bc.txt,mal_train,mal_train,1,netwalker,6bd34d33ccb47430751ae964ca56ec206da0fa3bdc5eb670fc54edf4c11629bc,6bd34d33ccb47430751ae964ca56ec206da0fa3bdc5eb670fc54edf4c11629bc,x86,plain,20303,1,
netwalker_6c39c5f5d143700d4ad43b0aa7fb6a51e77817060467cf3462ef037176e1f50f.txt,mal_train,mal_train,1,netwalker,6c39c5f5d143700d4ad43b0aa7fb6a51e77817060467cf3462ef037176e1f50f,6c39c5f5d143700d4ad43b0aa7fb6a51e77817060467cf3462ef037176e1f50f,x86,plain,15662,1,
netwalker_6f89cfef50cadb9e7e986ec913eb8c68bb14af5c576fe98dbe41060edf3cfe8a.txt,mal_train,mal_train,1,netwalker,6f89cfef50cadb9e7e986ec913eb8c68bb14af5c576fe98dbe41060edf3cfe8a,6f89cfef50cadb9e7e986ec913eb8c68bb14af5c576fe98dbe41060edf3cfe8a,x86,plain,27602,1,
netwalker_75ef9e3e44ac11bb06f499b9f4f43a4cc331887529b81d0e62aef87178ca5e65.txt,mal_train,mal_train,1,netwalker,75ef9e3e44ac11bb06f499b9f4f43a4cc331887529b81d0e62aef87178ca5e65,75ef9e3e44ac11bb06f499b9f4f43a4cc331887529b81d0e62aef87178ca5e65,x86,plain,28295,1,
netwalker_84b8dbafd5cd64fb300b30bf943430a18f34cad3f0d8f7251d34354fea85aab2.txt,mal_train,mal_train,1,netwalker,84b8dbafd5cd64fb300b30bf943430a18f34cad3f0d8f7251d34354fea85aab2,84b8dbafd5cd64fb300b30bf943430a18f34cad3f0d8f7251d34354fea85aab2,x86,plain,20301,1,
netwalker_853fa18adc3f9263a0f98a9a257dd70d7e1aee0545ab47a114f44506482bd188.txt,mal_train,mal_train,1,netwalker,853fa18adc3f9263a0f98a9a257dd70d7e1aee0545ab47a114f44506482bd188,853fa18adc3f9263a0f98a9a257dd70d7e1aee0545ab47a114f44506482bd188,x86,plain,16164,1,
netwalker_8587037c15463d10a17094ef8fa9f608cc20c99fa0206ce496b412f8c7f4a1b8.txt,mal_train,mal_train,1,netwalker,8587037c15463d10a17094ef8fa9f608cc20c99fa0206ce496b412f8c7f4a1b8,8587037c15463d10a17094ef8fa9f608cc20c99fa0206ce496b412f8c7f4a1b8,x86,plain,16164,1,
netwalker_868cb8251a245c416cd92fcbd3e30aa7b7ca7c271760fa120d2435fd3bf2fde9.txt,mal_train,mal_train,1,netwalker,868cb8251a245c416cd92fcbd3e30aa7b7ca7c271760fa120d2435fd3bf2fde9,868cb8251a245c416cd92fcbd3e30aa7b7ca7c271760fa120d2435fd3bf2fde9,x86,plain,15662,1,
netwalker_882e89ea1b8d70646bdf6476d8cb46991b950f27e03e93bf49ea3209c2d69581.txt,mal_train,mal_train,1,netwalker,882e89ea1b8d70646bdf6476d8cb46991b950f27e03e93bf49ea3209c2d69581,882e89ea1b8d70646bdf6476d8cb46991b950f27e03e93bf49ea3209c2d69581,x86,plain,19952,1,
netwalker_8f06645838d3d75e44d4527e2928c71af0a7214254867379359eb3e46109cbde.txt,mal_train,mal_train,1,netwalker,8f06645838d3d75e44d4527e2928c71af0a7214254867379359eb3e46109cbde,8f06645838d3d75e44d4527e2928c71af0a7214254867379359eb3e46109cbde,x86,plain,20301,1,
netwalker_98cf38865117a3e333df1fb0a538b97f66fea568746fefb697e76ca8c686a3e3.txt,mal_train,mal_train,1,netwalker,98cf38865117a3e333df1fb0a538b97f66fea568746fefb697e76ca8c686a3e3,98cf38865117a3e333df1fb0a538b97f66fea568746fefb697e76ca8c686a3e3,x86,plain,28295,1,
netwalker_a8c4b8096fd12078acf5f08230e561381fe8d0859a5949825ab411f6312f5da5.txt,mal_train,mal_train,1,netwalker,a8c4b8096fd12078acf5f08230e561381fe8d0859a5949825ab411f6312f5da5,a8c4b8096fd12078acf5f08230e561381fe8d0859a5949825ab411f6312f5da5,x86,plain,24960,1,
netwalker_a9a147313861a5a4e7abd76b3287ce5f6183966b89c5ca95c0e0cf587f40189d.txt,mal_train,mal_train,1,netwalker,a9a147313861a5a4e7abd76b3287ce5f6183966b89c5ca95c0e0cf587f40189d,a9a147313861a5a4e7abd76b3287ce5f6183966b89c5ca95c0e0cf587f40189d,x86,plain,20301,1,
netwalker_ac0882d87027ac22fc79cfe2d55d9a9d097d0f8eb425cf182de1b872080930ec.txt,mal_train,mal_train,1,netwalker,ac0882d87027ac22fc79cfe2d55d9a9d097d0f8eb425cf182de1b872080930ec,ac0882d87027ac22fc79cfe2d55d9a9d097d0f8eb425cf182de1b872080930ec,x86,plain,15662,1,
netwalker_b2d68a79a621c3f9e46f9df52ed19b8fec22c3cf5f4e3d8630a2bc68fd43d2ee.txt,mal_train,mal_train,1,netwalker,b2d68a79a621c3f9e46f9df52ed19b8fec22c3cf5f4e3d8630a2bc68fd43d2ee,b2d68a79a621c3f9e46f9df52ed19b8fec22c3cf5f4e3d8630a2bc68fd43d2ee,x86,plain,20301,1,
netwalker_b587d049e9fae11f4fe70d5f6c9007f99483f683ee55217110094206bd6a92f2.txt,mal_train,mal_train,1,netwalker,b587d049e9fae11f4fe70d5f6c9007f99483f683ee55217110094206bd6a92f2,b587d049e9fae11f4fe70d5f6c9007f99483f683ee55217110094206bd6a92f2,x86,plain,19673,1,
netwalker_b96ee4a55d59836de7851f99a18324c6aa8bc223fb581f1875db631d0c914425.txt,mal_train,mal_train,1,netwalker,b96ee4a55d59836de7851f99a18324c6aa8bc223fb581f1875db631d0c914425,b96ee4a55d59836de7851f99a18324c6aa8bc223fb581f1875db631d0c914425,x86,plain,27678,1,
netwalker_bd3fdf1b50911d537a97cb93db13f2b4026f109ed23a393f262621faed81dae1.txt,mal_train,mal_train,1,netwalker,bd3fdf1b50911d537a97cb93db13f2b4026f109ed23a393f262621faed81dae1,bd3fdf1b50911d537a97cb93db13f2b4026f109ed23a393f262621faed81dae1,x86,plain,15580,1,
netwalker_bde6a59a4611aba5862ce66aef2fb12d841ad0ba0ad0a590b26eaddb7ad52a9e.txt,mal_train,mal_train,1,netwalker,bde6a59a4611aba5862ce66aef2fb12d841ad0ba0ad0a590b26eaddb7ad52a9e,bde6a59a4611aba5862ce66aef2fb12d841ad0ba0ad0a590b26eaddb7ad52a9e,x86,plain,27784,1,
netwalker_c21ecd18f0bbb28112240013ad42dad5c01d20927791239ada5b61e1c6f5f010.txt,mal_train,mal_train,1,netwalker,c21ecd18f0bbb28112240013ad42dad5c01d20927791239ada5b61e1c6f5f010,c21ecd18f0bbb28112240013ad42dad5c01d20927791239ada5b61e1c6f5f010,x86,plain,20301,1,
netwalker_ce399a2d07c0851164bd8cc9e940b84b88c43ef564846ca654df4abf36c278e6.txt,mal_train,mal_train,1,netwalker,ce399a2d07c0851164bd8cc9e940b84b88c43ef564846ca654df4abf36c278e6,ce399a2d07c0851164bd8cc9e940b84b88c43ef564846ca654df4abf36c278e6,x86,plain,15580,1,
netwalker_d5c106719e9c8878795899bede78505796659b1b347fe9374d8b2061fcc6a84c.txt,mal_train,mal_train,1,netwalker,d5c106719e9c8878795899bede78505796659b1b347fe9374d8b2061fcc6a84c,d5c106719e9c8878795899bede78505796659b1b347fe9374d8b2061fcc6a84c,x86,plain,23406,1,
netwalker_d7c7947d060da8f4207e7e919e8f777f6f8ea475085291d5a547546a39a096fc.txt,mal_train,mal_train,1,netwalker,d7c7947d060da8f4207e7e919e8f777f6f8ea475085291d5a547546a39a096fc,d7c7947d060da8f4207e7e919e8f777f6f8ea475085291d5a547546a39a096fc,x86,plain,15662,1,
netwalker_de04d2402154f676f757cf1380671f396f3fc9f7dbb683d9461edd2718c4e09d.txt,mal_train,mal_train,1,netwalker,de04d2402154f676f757cf1380671f396f3fc9f7dbb683d9461edd2718c4e09d,de04d2402154f676f757cf1380671f396f3fc9f7dbb683d9461edd2718c4e09d,x86,plain,28295,1,
netwalker_e01691e3b7d9d1c6de7e0ef902bf609543cdf084e600fd0a3833deaa501464ee.txt,mal_train,mal_train,1,netwalker,e01691e3b7d9d1c6de7e0ef902bf609543cdf084e600fd0a3833deaa501464ee,e01691e3b7d9d1c6de7e0ef902bf609543cdf084e600fd0a3833deaa501464ee,x86,plain,27784,1,
netwalker_e7dfaf7ac518e174e42e59d45c179d083ad53eead79ed4420e311441e1af79d4.txt,mal_train,mal_train,1,netwalker,e7dfaf7ac518e174e42e59d45c179d083ad53eead79ed4420e311441e1af79d4,e7dfaf7ac518e174e42e59d45c179d083ad53eead79ed4420e311441e1af79d4,x86,plain,27856,1,
netwalker_ee531cd7011cb5c2625d40892b70cf7e3860dbb92648391068e1f340e5d6c47f.txt,mal_train,mal_train,1,netwalker,ee531cd7011cb5c2625d40892b70cf7e3860dbb92648391068e1f340e5d6c47f,ee531cd7011cb5c2625d40892b70cf7e3860dbb92648391068e1f340e5d6c47f,x86,plain,20303,1,
netwalker_f2215e1a848bc5a5d172745201ea428b1d16fee7c814c5c5180a94a134592e86.txt,mal_train,mal_train,1,netwalker,f2215e1a848bc5a5d172745201ea428b1d16fee7c814c5c5180a94a134592e86,f2215e1a848bc5a5d172745201ea428b1d16fee7c814c5c5180a94a134592e86,x86,plain,20303,1,
netwalker_f298725e197f974b7a8407c5d79114a4ac322c573813d543141ccf1d9119dd8b.txt,mal_train,mal_train,1,netwalker,f298725e197f974b7a8407c5d79114a4ac322c573813d543141ccf1d9119dd8b,f298725e197f974b7a8407c5d79114a4ac322c573813d543141ccf1d9119dd8b,x86,plain,20301,1,
netwalker_fd3489f6067ef7ca3999776205839424cb7349134baaeb693abcecaa2c5bf913.txt,mal_train,mal_train,1,netwalker,fd3489f6067ef7ca3999776205839424cb7349134baaeb693abcecaa2c5bf913,fd3489f6067ef7ca3999776205839424cb7349134baaeb693abcecaa2c5bf913,x86,plain,20303,1,
phobos_03bb4d5c0179fdceacc5df7645e6e7fa93e931ac9beb1968c7bbe40ba3499194.txt,mal_train,mal_train,1,phobos,03bb4d5c0179fdceacc5df7645e6e7fa93e931ac9beb1968c7bbe40ba3499194,03bb4d5c0179fdceacc5df7645e6e7fa93e931ac9beb1968c7bbe40ba3499194,x86,plain,12579,1,
phobos_03d7a1c01a60f9718304c719a5734516e5e3f43ea0547f48e4462a063d986cfb.txt,mal_train,mal_train,1,phobos,03d7a1c01a60f9718304c719a5734516e5e3f43ea0547f48e4462a063d986cfb,03d7a1c01a60f9718304c719a5734516e5e3f43ea0547f48e4462a063d986cfb,x86,plain,12579,1,
phobos_0aeebdda8c7a94d43b965e60582de8a1a0d47810dbea9cdf66d6d8e3883a8b8f.txt,mal_train,mal_train,1,phobos,0aeebdda8c7a94d43b965e60582de8a1a0d47810dbea9cdf66d6d8e3883a8b8f,0aeebdda8c7a94d43b965e60582de8a1a0d47810dbea9cdf66d6d8e3883a8b8f,x86,plain,12480,1,
phobos_0b3f4c353eef59e7c2cf0e211de11fe646d9fd20289f2bea7005b35aa6247a4a.txt,mal_train,mal_train,1,phobos,0b3f4c353eef59e7c2cf0e211de11fe646d9fd20289f2bea7005b35aa6247a4a,0b3f4c353eef59e7c2cf0e211de11fe646d9fd20289f2bea7005b35aa6247a4a,x86,plain,12579,1,
phobos_0b4c743246478a6a8c9fa3ff8e04f297507c2f0ea5d61a1284fe65387d172f81.txt,mal_train,mal_train,1,phobos,0b4c743246478a6a8c9fa3ff8e04f297507c2f0ea5d61a1284fe65387d172f81,0b4c743246478a6a8c9fa3ff8e04f297507c2f0ea5d61a1284fe65387d172f81,x86,plain,12579,1,
phobos_17cde554e888f4d8aba412d384577e57f875bc8424b68c5a1fd0f03cac112015.txt,mal_train,mal_train,1,phobos,17cde554e888f4d8aba412d384577e57f875bc8424b68c5a1fd0f03cac112015,17cde554e888f4d8aba412d384577e57f875bc8424b68c5a1fd0f03cac112015,x86,plain,12579,1,
phobos_265d1ae339e9397976d9328b2c84aca61a7cb6c0bca9f2f8dc213678e2b2ad86.txt,mal_train,mal_train,1,phobos,265d1ae339e9397976d9328b2c84aca61a7cb6c0bca9f2f8dc213678e2b2ad86,265d1ae339e9397976d9328b2c84aca61a7cb6c0bca9f2f8dc213678e2b2ad86,x86,plain,12579,1,
phobos_2704e269fb5cf9a02070a0ea07d82dc9d87f2cb95e60cb71d6c6d38b01869f66.txt,mal_train,mal_train,1,phobos,2704e269fb5cf9a02070a0ea07d82dc9d87f2cb95e60cb71d6c6d38b01869f66,2704e269fb5cf9a02070a0ea07d82dc9d87f2cb95e60cb71d6c6d38b01869f66,x86,plain,12579,1,
phobos_2cbd9c81648cfb8b74613a1911495f9298251f8122a43081c388f02089f54356.txt,mal_train,mal_train,1,phobos,2cbd9c81648cfb8b74613a1911495f9298251f8122a43081c388f02089f54356,2cbd9c81648cfb8b74613a1911495f9298251f8122a43081c388f02089f54356,x86,plain,12579,1,
phobos_348de24864a72767079e72f6015f4c8d0d8a0a75bf14496fd9fa9065e0ad446e.txt,mal_train,mal_train,1,phobos,348de24864a72767079e72f6015f4c8d0d8a0a75bf14496fd9fa9065e0ad446e,348de24864a72767079e72f6015f4c8d0d8a0a75bf14496fd9fa9065e0ad446e,x86,plain,12579,1,
phobos_38c47ad9fdb1ca30b15b2692431171b568556cbff7dfb17ba16c37d7daae9a05.txt,mal_train,mal_train,1,phobos,38c47ad9fdb1ca30b15b2692431171b568556cbff7dfb17ba16c37d7daae9a05,38c47ad9fdb1ca30b15b2692431171b568556cbff7dfb17ba16c37d7daae9a05,x86,plain,12480,1,
phobos_3c4ad3e800eb1b6e313b86f527ffed41f34e46221da557d611b55bae2ba46588.txt,mal_train,mal_train,1,phobos,3c4ad3e800eb1b6e313b86f527ffed41f34e46221da557d611b55bae2ba46588,3c4ad3e800eb1b6e313b86f527ffed41f34e46221da557d611b55bae2ba46588,x86,plain,12579,1,
phobos_3e6baf63074d60cb1b0371f90b3fdbabba6e516ffeff0f7ab9efa09a46e98686.txt,mal_train,mal_train,1,phobos,3e6baf63074d60cb1b0371f90b3fdbabba6e516ffeff0f7ab9efa09a46e98686,3e6baf63074d60cb1b0371f90b3fdbabba6e516ffeff0f7ab9efa09a46e98686,x86,plain,12579,1,
phobos_43f846c12c24a078ebe33f71e8ea3b4f75107aeb275e2c3cd9dc61617c9757fc.txt,mal_train,mal_train,1,phobos,43f846c12c24a078ebe33f71e8ea3b4f75107aeb275e2c3cd9dc61617c9757fc,43f846c12c24a078ebe33f71e8ea3b4f75107aeb275e2c3cd9dc61617c9757fc,x86,plain,12579,1,
phobos_4683b5b970eda0d6fa43ac4e80f24452f81de09171f9e969d61323080e3a9e74.txt,mal_train,mal_train,1,phobos,4683b5b970eda0d6fa43ac4e80f24452f81de09171f9e969d61323080e3a9e74,4683b5b970eda0d6fa43ac4e80f24452f81de09171f9e969d61323080e3a9e74,x86,plain,12579,1,
phobos_4d5220a88b195e3ccdc40ba1c99d5d84d06dacc0720070a72aa34c9895939a25.txt,mal_train,mal_train,1,phobos,4d5220a88b195e3ccdc40ba1c99d5d84d06dacc0720070a72aa34c9895939a25,4d5220a88b195e3ccdc40ba1c99d5d84d06dacc0720070a72aa34c9895939a25,x86,plain,12480,1,
phobos_4d9413a0fdefb9b2471a3209e2b7dbfa835e709ce7ed8b57f2366611f566ebec.txt,mal_train,mal_train,1,phobos,4d9413a0fdefb9b2471a3209e2b7dbfa835e709ce7ed8b57f2366611f566ebec,4d9413a0fdefb9b2471a3209e2b7dbfa835e709ce7ed8b57f2366611f566ebec,x86,plain,12579,1,
phobos_53bbce404ca0e33a3988d04edb8921ec48cdcc586c8ffb7b37b09ec10c0be29f.txt,mal_train,mal_train,1,phobos,53bbce404ca0e33a3988d04edb8921ec48cdcc586c8ffb7b37b09ec10c0be29f,53bbce404ca0e33a3988d04edb8921ec48cdcc586c8ffb7b37b09ec10c0be29f,x86,plain,12579,1,
phobos_64a95c8862fe88df0a77bff4ef03f6a2c2cf632cc3ffe84506c534d5874bb277.txt,mal_train,mal_train,1,phobos,64a95c8862fe88df0a77bff4ef03f6a2c2cf632cc3ffe84506c534d5874bb277,64a95c8862fe88df0a77bff4ef03f6a2c2cf632cc3ffe84506c534d5874bb277,x86,plain,13911,1,
phobos_6b7d70ca7d02133afbc24eeb585f2921bc35c01b23b90a66f515290c49cf0952.txt,mal_train,mal_train,1,phobos,6b7d70ca7d02133afbc24eeb585f2921bc35c01b23b90a66f515290c49cf0952,6b7d70ca7d02133afbc24eeb585f2921bc35c01b23b90a66f515290c49cf0952,x86,plain,12579,1,
phobos_6bb2c8953b3ec0955a974e16b6efa5048c9e016e91e3dc8789728ae02578adad.txt,mal_train,mal_train,1,phobos,6bb2c8953b3ec0955a974e16b6efa5048c9e016e91e3dc8789728ae02578adad,6bb2c8953b3ec0955a974e16b6efa5048c9e016e91e3dc8789728ae02578adad,x86,plain,12579,1,
phobos_6e9c9b72d1bdb993184c7aa05d961e706a57b3becf151ca4f883a80a07fdd955.txt,mal_train,mal_train,1,phobos,6e9c9b72d1bdb993184c7aa05d961e706a57b3becf151ca4f883a80a07fdd955,6e9c9b72d1bdb993184c7aa05d961e706a57b3becf151ca4f883a80a07fdd955,x86,plain,419136,1,
phobos_706fe1633019def71fb5ad355f325b73b0d34ecaf42fcc77ede27663d86f3879.txt,mal_train,mal_train,1,phobos,706fe1633019def71fb5ad355f325b73b0d34ecaf42fcc77ede27663d86f3879,706fe1633019def71fb5ad355f325b73b0d34ecaf42fcc77ede27663d86f3879,x86,plain,12579,1,
phobos_7343a16f151cde44130211896a231771200b64ba9fc048337589b10ffe6727b7.txt,mal_train,mal_train,1,phobos,7343a16f151cde44130211896a231771200b64ba9fc048337589b10ffe6727b7,7343a16f151cde44130211896a231771200b64ba9fc048337589b10ffe6727b7,x86,plain,12579,1,
phobos_76258eafda16daf2ebd66bdd981d5392b0c0e1a8f8fd7a60b32276fbd77261d4.txt,mal_train,mal_train,1,phobos,76258eafda16daf2ebd66bdd981d5392b0c0e1a8f8fd7a60b32276fbd77261d4,76258eafda16daf2ebd66bdd981d5392b0c0e1a8f8fd7a60b32276fbd77261d4,x86,plain,12579,1,
phobos_790eb5cdc4d2c2f33cd5188972c03da2cf89d84ab0393378615a812bdc151ad4.txt,mal_train,mal_train,1,phobos,790eb5cdc4d2c2f33cd5188972c03da2cf89d84ab0393378615a812bdc151ad4,790eb5cdc4d2c2f33cd5188972c03da2cf89d84ab0393378615a812bdc151ad4,x86,plain,12579,1,
phobos_7915b61828b1bd4f1c5bc155286380f659af69c78fbe7031da4487e07a95d5ff.txt,mal_train,mal_train,1,phobos,7915b61828b1bd4f1c5bc155286380f659af69c78fbe7031da4487e07a95d5ff,7915b61828b1bd4f1c5bc155286380f659af69c78fbe7031da4487e07a95d5ff,x86,plain,12579,1,
phobos_7949bf3e09366bdb23ca7472cb6c4d9183ad5b081ac5a568d556aec8beae0785.txt,mal_train,mal_train,1,phobos,7949bf3e09366bdb23ca7472cb6c4d9183ad5b081ac5a568d556aec8beae0785,7949bf3e09366bdb23ca7472cb6c4d9183ad5b081ac5a568d556aec8beae0785,x86,plain,12480,1,
phobos_82a9abbe818fc7b3995a5f1db0780d4b1ed11b74fc72bd1b8143003ceb18d25e.txt,mal_train,mal_train,1,phobos,82a9abbe818fc7b3995a5f1db0780d4b1ed11b74fc72bd1b8143003ceb18d25e,82a9abbe818fc7b3995a5f1db0780d4b1ed11b74fc72bd1b8143003ceb18d25e,x86,plain,12579,1,
phobos_8710ad8fb2938326655335455987aa17961b2496a345a7ed9f4bbfcb278212bc.txt,mal_train,mal_train,1,phobos,8710ad8fb2938326655335455987aa17961b2496a345a7ed9f4bbfcb278212bc,8710ad8fb2938326655335455987aa17961b2496a345a7ed9f4bbfcb278212bc,x86,plain,12579,1,
phobos_9a29079f2656a9b205b0c62e64dcac011a6ae7a0a6d8b46ff9e1d84fdef57efa.txt,mal_train,mal_train,1,phobos,9a29079f2656a9b205b0c62e64dcac011a6ae7a0a6d8b46ff9e1d84fdef57efa,9a29079f2656a9b205b0c62e64dcac011a6ae7a0a6d8b46ff9e1d84fdef57efa,x86,plain,12579,1,
phobos_9a3fefc29aa41f621cd99fd5c35c8521b2f383d6a21970f4ccc8069c9730a864.txt,mal_train,mal_train,1,phobos,9a3fefc29aa41f621cd99fd5c35c8521b2f383d6a21970f4ccc8069c9730a864,9a3fefc29aa41f621cd99fd5c35c8521b2f383d6a21970f4ccc8069c9730a864,x86,plain,12579,1,
phobos_9bd421c6f7f7d8278036944fcad3e04db408619678acf1b2024ef69d85c3932b.txt,mal_train,mal_train,1,phobos,9bd421c6f7f7d8278036944fcad3e04db408619678acf1b2024ef69d85c3932b,9bd421c6f7f7d8278036944fcad3e04db408619678acf1b2024ef69d85c3932b,x86,plain,12579,1,
phobos_9dde984b21a00bc3307c28bd81f229500b795ce4e908b6f8cb5fbd338b22b8e1.txt,mal_train,mal_train,1,phobos,9dde984b21a00bc3307c28bd81f229500b795ce4e908b6f8cb5fbd338b22b8e1,9dde984b21a00bc3307c28bd81f229500b795ce4e908b6f8cb5fbd338b22b8e1,x86,plain,416898,1,
phobos_a4c7517fe4548f71f2f2e6848100d638c3bd7d03fa225ca598a03824b7575fd1.txt,mal_train,mal_train,1,phobos,a4c7517fe4548f71f2f2e6848100d638c3bd7d03fa225ca598a03824b7575fd1,a4c7517fe4548f71f2f2e6848100d638c3bd7d03fa225ca598a03824b7575fd1,x86,plain,12579,1,
phobos_ab465569d9e8d1d97722f7719cd676ad8565d1e1bfa8b72b2ef7864da90d9b49.txt,mal_train,mal_train,1,phobos,ab465569d9e8d1d97722f7719cd676ad8565d1e1bfa8b72b2ef7864da90d9b49,ab465569d9e8d1d97722f7719cd676ad8565d1e1bfa8b72b2ef7864da90d9b49,x86,plain,12579,1,
phobos_b3bc4a50c29b60d62471b29a11251196267b42832806390193d856d5e29fd8fa.txt,mal_train,mal_train,1,phobos,b3bc4a50c29b60d62471b29a11251196267b42832806390193d856d5e29fd8fa,b3bc4a50c29b60d62471b29a11251196267b42832806390193d856d5e29fd8fa,x86,plain,12579,1,
phobos_c032850d72d2f4d6f81eb62f59bcaf667bfdacc018ba5c27c93f603a7b6abc5e.txt,mal_train,mal_train,1,phobos,c032850d72d2f4d6f81eb62f59bcaf667bfdacc018ba5c27c93f603a7b6abc5e,c032850d72d2f4d6f81eb62f59bcaf667bfdacc018ba5c27c93f603a7b6abc5e,x86,plain,12579,1,
phobos_ce40058314b131a63ee248a85505ac02b9473c1032d7bfe63b081dc57171dd3f.txt,mal_train,mal_train,1,phobos,ce40058314b131a63ee248a85505ac02b9473c1032d7bfe63b081dc57171dd3f,ce40058314b131a63ee248a85505ac02b9473c1032d7bfe63b081dc57171dd3f,x86,plain,12579,1,
phobos_d50b23e12c661bb78fa3cb317e679fabc4178600048572368bec173a520e4aaf.txt,mal_train,mal_train,1,phobos,d50b23e12c661bb78fa3cb317e679fabc4178600048572368bec173a520e4aaf,d50b23e12c661bb78fa3cb317e679fabc4178600048572368bec173a520e4aaf,x86,plain,12579,1,
phobos_d71748408052ff7047bdf2d6d29ecbca0be93522f8a03d00b405841ba818794d.txt,mal_train,mal_train,1,phobos,d71748408052ff7047bdf2d6d29ecbca0be93522f8a03d00b405841ba818794d,d71748408052ff7047bdf2d6d29ecbca0be93522f8a03d00b405841ba818794d,x86,plain,12579,1,
phobos_d7d50f809a7808ca53c4430d484bb100aaf9c74c6c12080ff888b8c04212f405.txt,mal_train,mal_train,1,phobos,d7d50f809a7808ca53c4430d484bb100aaf9c74c6c12080ff888b8c04212f405,d7d50f809a7808ca53c4430d484bb100aaf9c74c6c12080ff888b8c04212f405,x86,plain,12579,1,
phobos_dea38651b06aab617e93bdb343fd28587bdc0e113a4fc957571a06988491ade7.txt,mal_train,mal_train,1,phobos,dea38651b06aab617e93bdb343fd28587bdc0e113a4fc957571a06988491ade7,dea38651b06aab617e93bdb343fd28587bdc0e113a4fc957571a06988491ade7,x86,dotnet,,0,tag:dotnet
phobos_e54392c329658f6b36b4422de94172be965db417d8f9b58a379cbc2492295ece.txt,mal_train,mal_train,1,phobos,e54392c329658f6b36b4422de94172be965db417d8f9b58a379cbc2492295ece,e54392c329658f6b36b4422de94172be965db417d8f9b58a379cbc2492295ece,x86,plain,12579,1,
phobos_ec21b0fae8166d18ea5f9dddd8fdbb5fe26dd62903d3173388b97208d724f3c8.txt,mal_train,mal_train,1,phobos,ec21b0fae8166d18ea5f9dddd8fdbb5fe26dd62903d3173388b97208d724f3c8,ec21b0fae8166d18ea5f9dddd8fdbb5fe26dd62903d3173388b97208d724f3c8,x86,plain,12579,1,
phobos_f0aec57001a184ea82122a59c6e5be48042f75d6f11a40125995ba9531aab718.txt,mal_train,mal_train,1,phobos,f0aec57001a184ea82122a59c6e5be48042f75d6f11a40125995ba9531aab718,f0aec57001a184ea82122a59c6e5be48042f75d6f11a40125995ba9531aab718,x86,plain,142590,1,
phobos_f30035bd2f3bd2c03eb6f1c9bac2a4ce3a51da23e37e9faacabeb9dce0605429.txt,mal_train,mal_train,1,phobos,f30035bd2f3bd2c03eb6f1c9bac2a4ce3a51da23e37e9faacabeb9dce0605429,f30035bd2f3bd2c03eb6f1c9bac2a4ce3a51da23e37e9faacabeb9dce0605429,x86,plain,12579,1,
phobos_f60eef88ef6c4a37ac4a78b36188cf4da6cedf5e46c4b8d082a3947b6b116884.txt,mal_train,mal_train,1,phobos,f60eef88ef6c4a37ac4a78b36188cf4da6cedf5e46c4b8d082a3947b6b116884,f60eef88ef6c4a37ac4a78b36188cf4da6cedf5e46c4b8d082a3947b6b116884,x86,plain,12480,1,
phobos_f9348fb8d78baa055f90288fec94b67d3f3d30eaa5744feeacef871ee3ad8eb8.txt,mal_train,mal_train,1,phobos,f9348fb8d78baa055f90288fec94b67d3f3d30eaa5744feeacef871ee3ad8eb8,f9348fb8d78baa055f90288fec94b67d3f3d30eaa5744feeacef871ee3ad8eb8,x86,plain,12480,1,
phobos_fa0a1227da320afa57509dadf4ece1f264c184abd61f425ae00c43c19e09b006.txt,mal_train,mal_train,1,phobos,fa0a1227da320afa57509dadf4ece1f264c184abd61f425ae00c43c19e09b006,fa0a1227da320afa57509dadf4ece1f264c184abd61f425ae00c43c19e09b006,x86,plain,12579,1,
pysa_0433efd9ba06378eb6eae864c85aafc8b6de79ef6512345294e9e379cc054c3d.txt,mal_train,mal_train,1,pysa,0433efd9ba06378eb6eae864c85aafc8b6de79ef6512345294e9e379cc054c3d,0433efd9ba06378eb6eae864c85aafc8b6de79ef6512345294e9e379cc054c3d,x86,plain,124996,1,
pysa_049263e712631a447fd13c8255ed456bcac8b4227502841acd8f229d89dc066c.txt,mal_train,mal_train,1,pysa,049263e712631a447fd13c8255ed456bcac8b4227502841acd8f229d89dc066c,049263e712631a447fd13c8255ed456bcac8b4227502841acd8f229d89dc066c,x86,plain,124958,1,
pysa_051fb654403340420102430f807ea41ab790666488d897dc5b0008e99fed47d6.txt,mal_train,mal_train,1,pysa,051fb654403340420102430f807ea41ab790666488d897dc5b0008e99fed47d6,051fb654403340420102430f807ea41ab790666488d897dc5b0008e99fed47d6,x86,plain,124932,1,
pysa_0f0014669bc10a7d87472cafc05301c66516857607b920ddeb3039f4cb8f0a50.txt,mal_train,mal_train,1,pysa,0f0014669bc10a7d87472cafc05301c66516857607b920ddeb3039f4cb8f0a50,0f0014669bc10a7d87472cafc05301c66516857607b920ddeb3039f4cb8f0a50,x86,plain,124932,1,
pysa_153222163442b304f5cee295268115c9cfdf0f1168f49f9e3fae52340eee51ec.txt,mal_train,mal_train,1,pysa,153222163442b304f5cee295268115c9cfdf0f1168f49f9e3fae52340eee51ec,153222163442b304f5cee295268115c9cfdf0f1168f49f9e3fae52340eee51ec,x86,plain,124996,1,
pysa_1e2009549452ed6b524b94ed683079ee60c2b9542b1bfd5b9ee42e9161d5e7c8.txt,mal_train,mal_train,1,pysa,1e2009549452ed6b524b94ed683079ee60c2b9542b1bfd5b9ee42e9161d5e7c8,1e2009549452ed6b524b94ed683079ee60c2b9542b1bfd5b9ee42e9161d5e7c8,x86,plain,124932,1,
pysa_2a2eb971b878f56a0a5762656be6f59ec9623451acf4cf16b8c02e478d044cd0.txt,mal_train,mal_train,1,pysa,2a2eb971b878f56a0a5762656be6f59ec9623451acf4cf16b8c02e478d044cd0,2a2eb971b878f56a0a5762656be6f59ec9623451acf4cf16b8c02e478d044cd0,x86,plain,124996,1,
pysa_327934c4c11ba37f42a91e1b7b956d5a4511f918e63047a8c4aa081fd39de6d9.txt,mal_train,mal_train,1,pysa,327934c4c11ba37f42a91e1b7b956d5a4511f918e63047a8c4aa081fd39de6d9,327934c4c11ba37f42a91e1b7b956d5a4511f918e63047a8c4aa081fd39de6d9,x86,plain,124932,1,
pysa_32d6be4f86451871f70590f01ce01e9263abe18286db1272928a23c125e844f3.txt,mal_train,mal_train,1,pysa,32d6be4f86451871f70590f01ce01e9263abe18286db1272928a23c125e844f3,32d6be4f86451871f70590f01ce01e9263abe18286db1272928a23c125e844f3,x86,plain,124932,1,
pysa_39ef1d9afd248791d765f0deaed6ebaac5416876a705e407cc97a35dad038fd8.txt,mal_train,mal_train,1,pysa,39ef1d9afd248791d765f0deaed6ebaac5416876a705e407cc97a35dad038fd8,39ef1d9afd248791d765f0deaed6ebaac5416876a705e407cc97a35dad038fd8,x86,plain,124996,1,
pysa_3a83805e3ad41c6acd7931a0902b519669b8f38e491357c6f31fa46509f3c77e.txt,mal_train,mal_train,1,pysa,3a83805e3ad41c6acd7931a0902b519669b8f38e491357c6f31fa46509f3c77e,3a83805e3ad41c6acd7931a0902b519669b8f38e491357c6f31fa46509f3c77e,x86,plain,124932,1,
pysa_425945a93beb160f101d51de36363d1e7ebc45279987c3eaf5e7f183ed0a3776.txt,mal_train,mal_train,1,pysa,425945a93beb160f101d51de36363d1e7ebc45279987c3eaf5e7f183ed0a3776,425945a93beb160f101d51de36363d1e7ebc45279987c3eaf5e7f183ed0a3776,x86,plain,125291,1,
pysa_44f1def68aef34687bfacf3668e56873f9d603fc6741d5da1209cc55bdc6f1f9.txt,mal_train,mal_train,1,pysa,44f1def68aef34687bfacf3668e56873f9d603fc6741d5da1209cc55bdc6f1f9,44f1def68aef34687bfacf3668e56873f9d603fc6741d5da1209cc55bdc6f1f9,x86,plain,124996,1,
pysa_4770a0447ebc83a36e590da8d01ff4a418d58221c1f44d21f433aaf18fad5a99.txt,mal_train,mal_train,1,pysa,4770a0447ebc83a36e590da8d01ff4a418d58221c1f44d21f433aaf18fad5a99,4770a0447ebc83a36e590da8d01ff4a418d58221c1f44d21f433aaf18fad5a99,x86,plain,125256,1,
pysa_48355bd2a57d92e017bdada911a4b31aa7225c0b12231c9cbda6717616abaea3.txt,mal_train,mal_train,1,pysa,48355bd2a57d92e017bdada911a4b31aa7225c0b12231c9cbda6717616abaea3,48355bd2a57d92e017bdada911a4b31aa7225c0b12231c9cbda6717616abaea3,x86,plain,124932,1,
pysa_4dc802894c45ec4d119d002a7569be6c99a9bba732d0057364da9350f9d3659b.txt,mal_train,mal_train,1,pysa,4dc802894c45ec4d119d002a7569be6c99a9bba732d0057364da9350f9d3659b,4dc802894c45ec4d119d002a7569be6c99a9bba732d0057364da9350f9d3659b,x86,plain,124932,1,
pysa_5510ae74b7e2a10fdafa577dc278612f7796b0252b7d1438615e26c49e1fc560.txt,mal_train,mal_train,1,pysa,5510ae74b7e2a10fdafa577dc278612f7796b0252b7d1438615e26c49e1fc560,5510ae74b7e2a10fdafa577dc278612f7796b0252b7d1438615e26c49e1fc560,x86,plain,130219,1,
pysa_58ebe9b1c926c87dc1e9d924942504a56456007bff8de4932ef18e476da700c2.txt,mal_train,mal_train,1,pysa,58ebe9b1c926c87dc1e9d924942504a56456007bff8de4932ef18e476da700c2,58ebe9b1c926c87dc1e9d924942504a56456007bff8de4932ef18e476da700c2,x86,plain,124996,1,
pysa_61bb42fe06b3511d512af33ef59baa295b29bd62eb4d0bf28639c7910a65e4ae.txt,mal_train,mal_train,1,pysa,61bb42fe06b3511d512af33ef59baa295b29bd62eb4d0bf28639c7910a65e4ae,61bb42fe06b3511d512af33ef59baa295b29bd62eb4d0bf28639c7910a65e4ae,x86,plain,125291,1,
pysa_6f3cd5f05ab4f404c78bab92f705c91d967b31a9b06017d910af312fa87ae3d6.txt,mal_train,mal_train,1,pysa,6f3cd5f05ab4f404c78bab92f705c91d967b31a9b06017d910af312fa87ae3d6,6f3cd5f05ab4f404c78bab92f705c91d967b31a9b06017d910af312fa87ae3d6,x86,plain,124996,1,
pysa_6f4338a7a3ef8e491279ae81543a08554cad15d1bce6007047bc4449d945b799.txt,mal_train,mal_train,1,pysa,6f4338a7a3ef8e491279ae81543a08554cad15d1bce6007047bc4449d945b799,6f4338a7a3ef8e491279ae81543a08554cad15d1bce6007047bc4449d945b799,x86,plain,124932,1,
pysa_75c8e93ffcfd84f0d3444c0b9fc8c9a462f91540c8760025c393a749d198d9db.txt,mal_train,mal_train,1,pysa,75c8e93ffcfd84f0d3444c0b9fc8c9a462f91540c8760025c393a749d198d9db,75c8e93ffcfd84f0d3444c0b9fc8c9a462f91540c8760025c393a749d198d9db,x86,plain,124996,1,
pysa_7c774062bc55e2d0e869d5d69820aa6e3b759454dbc926475b4db6f7f2b6cb14.txt,mal_train,mal_train,1,pysa,7c774062bc55e2d0e869d5d69820aa6e3b759454dbc926475b4db6f7f2b6cb14,7c774062bc55e2d0e869d5d69820aa6e3b759454dbc926475b4db6f7f2b6cb14,x86,plain,124996,1,
pysa_7fd3000a3afbf077589c300f90b59864ec1fb716feba8e288ed87291c8fdf7c3.txt,mal_train,mal_train,1,pysa,7fd3000a3afbf077589c300f90b59864ec1fb716feba8e288ed87291c8fdf7c3,7fd3000a3afbf077589c300f90b59864ec1fb716feba8e288ed87291c8fdf7c3,x86,plain,124996,1,
pysa_83c4877cc0d7ae061e10103e1491dad26458c39bf2d6eeeb2b02b98c640238ba.txt,mal_train,mal_train,1,pysa,83c4877cc0d7ae061e10103e1491dad26458c39bf2d6eeeb2b02b98c640238ba,83c4877cc0d7ae061e10103e1491dad26458c39bf2d6eeeb2b02b98c640238ba,x86,plain,124932,1,
pysa_8b4b233e87c61c8698e086b376da640c9ab2ecd71c58b1f6a2eceb60b7e1a691.txt,mal_train,mal_train,1,pysa,8b4b233e87c61c8698e086b376da640c9ab2ecd71c58b1f6a2eceb60b7e1a691,8b4b233e87c61c8698e086b376da640c9ab2ecd71c58b1f6a2eceb60b7e1a691,x86,plain,124932,1,
pysa_8c4a385620a2ac889f5727bd80eba534b73cccd81839e1afd210be1eac2e2a91.txt,mal_train,mal_train,1,pysa,8c4a385620a2ac889f5727bd80eba534b73cccd81839e1afd210be1eac2e2a91,8c4a385620a2ac889f5727bd80eba534b73cccd81839e1afd210be1eac2e2a91,x86,plain,124932,1,
pysa_90cf35560032c380ddaaa05d9ed6baacbc7526a94a992a07fd02f92f371a8e92.txt,mal_train,mal_train,1,pysa,90cf35560032c380ddaaa05d9ed6baacbc7526a94a992a07fd02f92f371a8e92,90cf35560032c380ddaaa05d9ed6baacbc7526a94a992a07fd02f92f371a8e92,x86,plain,124996,1,
pysa_931772ac59f5859e053589202c8db81edc01911391fe5b32c9abb5bbc2b06e43.txt,mal_train,mal_train,1,pysa,931772ac59f5859e053589202c8db81edc01911391fe5b32c9abb5bbc2b06e43,931772ac59f5859e053589202c8db81edc01911391fe5b32c9abb5bbc2b06e43,x86,plain,124932,1,
pysa_a18c85399cd1ec3f1ec85cd66ff2e97a0dcf7ccb17ecf697a5376da8eda4d327.txt,mal_train,mal_train,1,pysa,a18c85399cd1ec3f1ec85cd66ff2e97a0dcf7ccb17ecf697a5376da8eda4d327,a18c85399cd1ec3f1ec85cd66ff2e97a0dcf7ccb17ecf697a5376da8eda4d327,x86,plain,125291,1,
pysa_af99b482eb0b3ff976fa719bf0079da15f62a6c203911655ed93e52ae05c4ac8.txt,mal_train,mal_train,1,pysa,af99b482eb0b3ff976fa719bf0079da15f62a6c203911655ed93e52ae05c4ac8,af99b482eb0b3ff976fa719bf0079da15f62a6c203911655ed93e52ae05c4ac8,x86,plain,124932,1,
pysa_d1b6ee9b716fe48e51ac4e6bec691366bb08d507773d61a5d14fb15ec5e25e2b.txt,mal_train,mal_train,1,pysa,d1b6ee9b716fe48e51ac4e6bec691366bb08d507773d61a5d14fb15ec5e25e2b,d1b6ee9b716fe48e51ac4e6bec691366bb08d507773d61a5d14fb15ec5e25e2b,x86,plain,124996,1,
pysa_e4287e9708a73ce6a9b7a3e7c72462b01f7cc3c595d972cf2984185ac1a3a4a8.txt,mal_train,mal_train,1,pysa,e4287e9708a73ce6a9b7a3e7c72462b01f7cc3c595d972cf2984185ac1a3a4a8,e4287e9708a73ce6a9b7a3e7c72462b01f7cc3c595d972cf2984185ac1a3a4a8,x86,plain,124932,1,
pysa_e9662b468135f758a9487a1be50159ef57f3050b753de2915763b4ed78839ead.txt,mal_train,mal_train,1,pysa,e9662b468135f758a9487a1be50159ef57f3050b753de2915763b4ed78839ead,e9662b468135f758a9487a1be50159ef57f3050b753de2915763b4ed78839ead,x86,plain,125261,1,
pysa_f0939ebfda6b30a330a00c57497038a54da359e316e0d6e6e71871fd50fec16a.txt,mal_train,mal_train,1,pysa,f0939ebfda6b30a330a00c57497038a54da359e316e0d6e6e71871fd50fec16a,f0939ebfda6b30a330a00c57497038a54da359e316e0d6e6e71871fd50fec16a,x86,plain,124932,1,
pysa_f602319a51dfad374687a6d18f87c9f8e7b9cab956a4993c2ed83e7adad6e2db.txt,mal_train,mal_train,1,pysa,f602319a51dfad374687a6d18f87c9f8e7b9cab956a4993c2ed83e7adad6e2db,f602319a51dfad374687a6d18f87c9f8e7b9cab956a4993c2ed83e7adad6e2db,x86,plain,190532,1,
pysa_fb31b023d2545563862c9c314d91770fcec7bb7a4b13abfdb5244266a67446a3.txt,mal_train,mal_train,1,pysa,fb31b023d2545563862c9c314d91770fcec7bb7a4b13abfdb5244266a67446a3,fb31b023d2545563862c9c314d91770fcec7bb7a4b13abfdb5244266a67446a3,x86,plain,124996,1,
pysa_fd4db629ddb82ee6f339ed998fafaaf74f74cc7391c95263ca63df900b69ef1b.txt,mal_train,mal_train,1,pysa,fd4db629ddb82ee6f339ed998fafaaf74f74cc7391c95263ca63df900b69ef1b,fd4db629ddb82ee6f339ed998fafaaf74f74cc7391c95263ca63df900b69ef1b,x86,plain,124932,1,
ragnarok_0209d66c757282330b026a4cf00dfffc64c88a460d3e43212abe2e721d066d23.txt,mal_train,mal_train,1,ragnarok,0209d66c757282330b026a4cf00dfffc64c88a460d3e43212abe2e721d066d23,0209d66c757282330b026a4cf00dfffc64c88a460d3e43212abe2e721d066d23,x86,plain,17691,1,
ragnarok_0272f2709880a7d60be927bd860a02c19665a3142b4dc22c13a11bec157b2a6a.txt,mal_train,mal_train,1,ragnarok,0272f2709880a7d60be927bd860a02c19665a3142b4dc22c13a11bec157b2a6a,0272f2709880a7d60be927bd860a02c19665a3142b4dc22c13a11bec157b2a6a,x86,plain,17691,1,
ragnarok_041fd213326dd5c10a16caf88ff076bb98c68c052284430fba5f601023d39a14.txt,mal_train,mal_train,1,ragnarok,041fd213326dd5c10a16caf88ff076bb98c68c052284430fba5f601023d39a14,041fd213326dd5c10a16caf88ff076bb98c68c052284430fba5f601023d39a14,x86,plain,11350,1,
ragnarok_04c9cc0d1577d5ee54a4e2d4dd12f17011d13703cdd0e6efd46718d14fd9aa87.txt,mal_train,mal_train,1,ragnarok,04c9cc0d1577d5ee54a4e2d4dd12f17011d13703cdd0e6efd46718d14fd9aa87,04c9cc0d1577d5ee54a4e2d4dd12f17011d13703cdd0e6efd46718d14fd9aa87,x86,plain,16198,1,
ragnarok_0766beb30c575fc68d1ca134bd53c086d2ce63b040e4d0bbd6d89d8c26ca04f6.txt,mal_train,mal_train,1,ragnarok,0766beb30c575fc68d1ca134bd53c086d2ce63b040e4d0bbd6d89d8c26ca04f6,0766beb30c575fc68d1ca134bd53c086d2ce63b040e4d0bbd6d89d8c26ca04f6,x86,plain,54767,1,
ragnarok_1602d04000a8c7221ed0d97d79f3157303e209d4640d31b8566dd52c2b09d033.txt,mal_train,mal_train,1,ragnarok,1602d04000a8c7221ed0d97d79f3157303e209d4640d31b8566dd52c2b09d033,1602d04000a8c7221ed0d97d79f3157303e209d4640d31b8566dd52c2b09d033,x86,plain,15128,1,
ragnarok_16166851c86178085cfa28127c3e20dfe692ac9da7428c08888c9c4b2d0aadad.txt,mal_train,mal_train,1,ragnarok,16166851c86178085cfa28127c3e20dfe692ac9da7428c08888c9c4b2d0aadad,16166851c86178085cfa28127c3e20dfe692ac9da7428c08888c9c4b2d0aadad,x86,plain,18774,1,
ragnarok_1f0ea8ee29856eacc5fd26521d44e14201832820bba38534310f7eb6f28d5f77.txt,mal_train,mal_train,1,ragnarok,1f0ea8ee29856eacc5fd26521d44e14201832820bba38534310f7eb6f28d5f77,1f0ea8ee29856eacc5fd26521d44e14201832820bba38534310f7eb6f28d5f77,x86,plain,56878,1,
ragnarok_27ff7406aa1507ba4b5fbdd2d579c1ed3d301e4399b99fb1ba8c1d47748be339.txt,mal_train,mal_train,1,ragnarok,27ff7406aa1507ba4b5fbdd2d579c1ed3d301e4399b99fb1ba8c1d47748be339,27ff7406aa1507ba4b5fbdd2d579c1ed3d301e4399b99fb1ba8c1d47748be339,x86,plain,17691,1,
ragnarok_2be37eb63aa942a7ff3a7101afa786489b34bfe284b8ae746436c5f5e188eb04.txt,mal_train,mal_train,1,ragnarok,2be37eb63aa942a7ff3a7101afa786489b34bfe284b8ae746436c5f5e188eb04,2be37eb63aa942a7ff3a7101afa786489b34bfe284b8ae746436c5f5e188eb04,x86,plain,17691,1,
ragnarok_2c6fe093fd80bb076e88c50cfd6c86f187c0520c8790d771e1368bd241d59f17.txt,mal_train,mal_train,1,ragnarok,2c6fe093fd80bb076e88c50cfd6c86f187c0520c8790d771e1368bd241d59f17,2c6fe093fd80bb076e88c50cfd6c86f187c0520c8790d771e1368bd241d59f17,x86,plain,17900,1,
ragnarok_30dcc7a8ae98e52ee5547379048ca1fc90925e09a2a81c055021ba225c1d064c.txt,mal_train,mal_train,1,ragnarok,30dcc7a8ae98e52ee5547379048ca1fc90925e09a2a81c055021ba225c1d064c,30dcc7a8ae98e52ee5547379048ca1fc90925e09a2a81c055021ba225c1d064c,x86,plain,17874,1,
ragnarok_32d16594582e303443462bb4a8e37424e853154b900ec8d47c42f199c8be6fea.txt,mal_train,mal_train,1,ragnarok,32d16594582e303443462bb4a8e37424e853154b900ec8d47c42f199c8be6fea,32d16594582e303443462bb4a8e37424e853154b900ec8d47c42f199c8be6fea,x86,plain,57222,1,
ragnarok_3b43751ed88e4d1f82cf52ca2d4477e3e35c35f08c1b4e3ab21c80720601e804.txt,mal_train,mal_train,1,ragnarok,3b43751ed88e4d1f82cf52ca2d4477e3e35c35f08c1b4e3ab21c80720601e804,3b43751ed88e4d1f82cf52ca2d4477e3e35c35f08c1b4e3ab21c80720601e804,x86,plain,16215,1,
ragnarok_3bc8ce79ee7043c9ad70698e3fc2013806244dc5112c8c8d465e96757b57b1e1.txt,mal_train,mal_train,1,ragnarok,3bc8ce79ee7043c9ad70698e3fc2013806244dc5112c8c8d465e96757b57b1e1,3bc8ce79ee7043c9ad70698e3fc2013806244dc5112c8c8d465e96757b57b1e1,x86,plain,15124,1,
ragnarok_3c103850d13c9564b06087c9ad55ca2c1e2e9b9d063cb7a39d7a105f689f87a8.txt,mal_train,mal_train,1,ragnarok,3c103850d13c9564b06087c9ad55ca2c1e2e9b9d063cb7a39d7a105f689f87a8,3c103850d13c9564b06087c9ad55ca2c1e2e9b9d063cb7a39d7a105f689f87a8,x86,plain,16215,1,
ragnarok_467be4279ce6d4a973aa79eae37ad09174b79c5eb48c03093c9a52a4bd04d092.txt,mal_train,mal_train,1,ragnarok,467be4279ce6d4a973aa79eae37ad09174b79c5eb48c03093c9a52a4bd04d092,467be4279ce6d4a973aa79eae37ad09174b79c5eb48c03093c9a52a4bd04d092,x86,plain,17691,1,
ragnarok_4e17fb5415d3bfbf419afe186e0a3ed1c6478bddf9fb9b996e98f6318456a7e6.txt,mal_train,mal_train,1,ragnarok,4e17fb5415d3bfbf419afe186e0a3ed1c6478bddf9fb9b996e98f6318456a7e6,4e17fb5415d3bfbf419afe186e0a3ed1c6478bddf9fb9b996e98f6318456a7e6,x86,plain,17691,1,
ragnarok_4e8e84ad831cf251366b609720d6e3c6523fdd66ea0f989acb5d62e62e418cdf.txt,mal_train,mal_train,1,ragnarok,4e8e84ad831cf251366b609720d6e3c6523fdd66ea0f989acb5d62e62e418cdf,4e8e84ad831cf251366b609720d6e3c6523fdd66ea0f989acb5d62e62e418cdf,x86,plain,15128,1,
ragnarok_4f0268288fb680fbabc48b09a87e828a6e18782516fa9b9bfc23acc2727f6ba9.txt,mal_train,mal_train,1,ragnarok,4f0268288fb680fbabc48b09a87e828a6e18782516fa9b9bfc23acc2727f6ba9,4f0268288fb680fbabc48b09a87e828a6e18782516fa9b9bfc23acc2727f6ba9,x86,plain,17874,1,
ragnarok_53df85f3250eb84f9c8b29731173d8cc9b4416744203b64edc76dd3b589d85c1.txt,mal_train,mal_train,1,ragnarok,53df85f3250eb84f9c8b29731173d8cc9b4416744203b64edc76dd3b589d85c1,53df85f3250eb84f9c8b29731173d8cc9b4416744203b64edc76dd3b589d85c1,x86,plain,24972,1,
ragnarok_63096f288f49b25d50f4aea52dc1fc00871b3927fa2a81fa0b0d752b261a3059.txt,mal_train,mal_train,1,ragnarok,63096f288f49b25d50f4aea52dc1fc00871b3927fa2a81fa0b0d752b261a3059,63096f288f49b25d50f4aea52dc1fc00871b3927fa2a81fa0b0d752b261a3059,x86,plain,12678,1,
ragnarok_68eb2d2d7866775d6bf106a914281491d23769a9eda88fc078328150b8432bb3.txt,mal_train,mal_train,1,ragnarok,68eb2d2d7866775d6bf106a914281491d23769a9eda88fc078328150b8432bb3,68eb2d2d7866775d6bf106a914281491d23769a9eda88fc078328150b8432bb3,x86,plain,17874,1,
ragnarok_6edc6154834951ffc012f575e2827da8e4aca4f67f24ef59a678e02dc40c9c91.txt,mal_train,mal_train,1,ragnarok,6edc6154834951ffc012f575e2827da8e4aca4f67f24ef59a678e02dc40c9c91,6edc6154834951ffc012f575e2827da8e4aca4f67f24ef59a678e02dc40c9c91,x86,plain,23218,1,
ragnarok_73697bf67323eac51eff5c4c5c9fefbeea0c7c9fc125341fa7d85e97c097a71f.txt,mal_train,mal_train,1,ragnarok,73697bf67323eac51eff5c4c5c9fefbeea0c7c9fc125341fa7d85e97c097a71f,73697bf67323eac51eff5c4c5c9fefbeea0c7c9fc125341fa7d85e97c097a71f,x86,plain,24900,1,
ragnarok_7af61ce420051640c50b0e73e718dd8c55dddfcb58917a3bead9d3ece2f3e929.txt,mal_train,mal_train,1,ragnarok,7af61ce420051640c50b0e73e718dd8c55dddfcb58917a3bead9d3ece2f3e929,7af61ce420051640c50b0e73e718dd8c55dddfcb58917a3bead9d3ece2f3e929,x86,plain,14922,1,
ragnarok_9706a97ffa43a0258571def8912dc2b8bf1ee207676052ad1b9c16ca9953fc2c.txt,mal_train,mal_train,1,ragnarok,9706a97ffa43a0258571def8912dc2b8bf1ee207676052ad1b9c16ca9953fc2c,9706a97ffa43a0258571def8912dc2b8bf1ee207676052ad1b9c16ca9953fc2c,x86,plain,10362,1,
ragnarok_9bdd7f965d1c67396afb0a84c78b4d12118ff377db7efdca4a1340933120f376.txt,mal_train,mal_train,1,ragnarok,9bdd7f965d1c67396afb0a84c78b4d12118ff377db7efdca4a1340933120f376,9bdd7f965d1c67396afb0a84c78b4d12118ff377db7efdca4a1340933120f376,x86,plain,11350,1,
ragnarok_ac16f3e23516cf6b22830c399b4aba9706d37adceb5eb8ea9960f71f1425df79.txt,mal_train,mal_train,1,ragnarok,ac16f3e23516cf6b22830c399b4aba9706d37adceb5eb8ea9960f71f1425df79,ac16f3e23516cf6b22830c399b4aba9706d37adceb5eb8ea9960f71f1425df79,x86,plain,16098,1,
ragnarok_b5466ce462df16b3a29f22192b1291d70479cacf35bd5e937f35b2567da948fe.txt,mal_train,mal_train,1,ragnarok,b5466ce462df16b3a29f22192b1291d70479cacf35bd5e937f35b2567da948fe,b5466ce462df16b3a29f22192b1291d70479cacf35bd5e937f35b2567da948fe,x86,plain,17691,1,
ragnarok_b670441066ff868d06c682e5167b9dbc85b5323f3acfbbc044cabc0e5a594186.txt,mal_train,mal_train,1,ragnarok,30dcc7a8ae98e52ee5547379048ca1fc90925e09a2a81c055021ba225c1d064c,b670441066ff868d06c682e5167b9dbc85b5323f3acfbbc044cabc0e5a594186,,dup,,0,tag:dup
ragnarok_b7319f3e21c3941fc2a960b67a150b02f1f3389825164140e75dfa023a73d34c.txt,mal_train,mal_train,1,ragnarok,b7319f3e21c3941fc2a960b67a150b02f1f3389825164140e75dfa023a73d34c,b7319f3e21c3941fc2a960b67a150b02f1f3389825164140e75dfa023a73d34c,x86,plain,56878,1,
ragnarok_c2bd70495630ed8279de0713a010e5e55f3da29323b59ef71401b12942ba52f6.txt,mal_train,mal_train,1,ragnarok,c2bd70495630ed8279de0713a010e5e55f3da29323b59ef71401b12942ba52f6,c2bd70495630ed8279de0713a010e5e55f3da29323b59ef71401b12942ba52f6,x86,plain,14922,1,
ragnarok_c85b211a9cf462aa88efe3db72ab5ab9ed91480355f1fd359d2680fdcb1b0c28.txt,mal_train,mal_train,1,ragnarok,c85b211a9cf462aa88efe3db72ab5ab9ed91480355f1fd359d2680fdcb1b0c28,c85b211a9cf462aa88efe3db72ab5ab9ed91480355f1fd359d2680fdcb1b0c28,x86,plain,16198,1,
ragnarok_d333d5eb3fc8fdd2c18e65723400c2ab939988fae9802937af329bb6b3735720.txt,mal_train,mal_train,1,ragnarok,d333d5eb3fc8fdd2c18e65723400c2ab939988fae9802937af329bb6b3735720,d333d5eb3fc8fdd2c18e65723400c2ab939988fae9802937af329bb6b3735720,x86,plain,16049,1,
ragnarok_db8b499d613b604a439bca37c3be2f578bdfcde1b2271eccbcf22db85996e785.txt,mal_train,mal_train,1,ragnarok,db8b499d613b604a439bca37c3be2f578bdfcde1b2271eccbcf22db85996e785,db8b499d613b604a439bca37c3be2f578bdfcde1b2271eccbcf22db85996e785,x86,plain,63626,1,
ragnarok_dd5d4cf9422b6e4514d49a3ec542cffb682be8a24079010cda689afbb44ac0f4.txt,mal_train,mal_train,1,ragnarok,dd5d4cf9422b6e4514d49a3ec542cffb682be8a24079010cda689afbb44ac0f4,dd5d4cf9422b6e4514d49a3ec542cffb682be8a24079010cda689afbb44ac0f4,x86,plain,15167,1,
ragnarok_dd79b2abc21e766fe3076038482ded43e5069a1af9e0ad29e06dce387bfae900.txt,mal_train,mal_train,1,ragnarok,dd79b2abc21e766fe3076038482ded43e5069a1af9e0ad29e06dce387bfae900,dd79b2abc21e766fe3076038482ded43e5069a1af9e0ad29e06dce387bfae900,x86,plain,16128,1,
ragnarok_e1957024039b0e48a15c27448f19d4df4f0e4666f9ac34e7f4d42dd3c32e15ed.txt,mal_train,mal_train,1,ragnarok,e1957024039b0e48a15c27448f19d4df4f0e4666f9ac34e7f4d42dd3c32e15ed,e1957024039b0e48a15c27448f19d4df4f0e4666f9ac34e7f4d42dd3c32e15ed,x86,plain,11381,1,
ragnarok_e7fe3b83e1730593d372b5a848e84066c07d75ee4790395a258822cfb8502412.txt,mal_train,mal_train,1,ragnarok,e7fe3b83e1730593d372b5a848e84066c07d75ee4790395a258822cfb8502412,e7fe3b83e1730593d372b5a848e84066c07d75ee4790395a258822cfb8502412,x86,plain,17691,1,
ragnarok_ec35c76ad2c8192f09c02eca1f263b406163470ca8438d054db7adcf5bfc0597.txt,mal_train,mal_train,1,ragnarok,ec35c76ad2c8192f09c02eca1f263b406163470ca8438d054db7adcf5bfc0597,ec35c76ad2c8192f09c02eca1f263b406163470ca8438d054db7adcf5bfc0597,x86,plain,11381,1,
ragnarok_ee7221f0d74d03a613ca334aa6cacbcff381a10a1d0ded8a485c3ad1ba8530e1.txt,mal_train,mal_train,1,ragnarok,ee7221f0d74d03a613ca334aa6cacbcff381a10a1d0ded8a485c3ad1ba8530e1,ee7221f0d74d03a613ca334aa6cacbcff381a10a1d0ded8a485c3ad1ba8530e1,x86,plain,57327,1,
ragnarok_fc990b79c1f106bfe21a6b2faa0455429e12e1707546e9475d5ea66daf10fd98.txt,mal_train,mal_train,1,ragnarok,fc990b79c1f106bfe21a6b2faa0455429e12e1707546e9475d5ea66daf10fd98,fc990b79c1f106bfe21a6b2faa0455429e12e1707546e9475d5ea66daf10fd98,x86,plain,24402,1,
ransomexx_08cf8ed94cc1ef6ae23133f3e506a50d8aad9047c6fa74568a0373d991261aa4.txt,mal_train,mal_train,1,ransomexx,08cf8ed94cc1ef6ae23133f3e506a50d8aad9047c6fa74568a0373d991261aa4,08cf8ed94cc1ef6ae23133f3e506a50d8aad9047c6fa74568a0373d991261aa4,x86,plain,20286,1,
ransomexx_09bb81e5a6c716f14c625ff36beb3b184d0089ed29252af10635b604b69f22ef.txt,mal_train,mal_train,1,ransomexx,09bb81e5a6c716f14c625ff36beb3b184d0089ed29252af10635b604b69f22ef,09bb81e5a6c716f14c625ff36beb3b184d0089ed29252af10635b604b69f22ef,x86,plain,1478470,1,
ransomexx_0b42bf15b77cfe9f9e693f2776691647e78a91be27f5bdb8d1a366be510a773f.txt,mal_train,mal_train,1,ransomexx,0b42bf15b77cfe9f9e693f2776691647e78a91be27f5bdb8d1a366be510a773f,0b42bf15b77cfe9f9e693f2776691647e78a91be27f5bdb8d1a366be510a773f,x86,plain,553723,1,
ransomexx_10c4067908181cebb72202d92ff7a054b19ef3aada939bf76178e35be9506525.txt,mal_train,mal_train,1,ransomexx,10c4067908181cebb72202d92ff7a054b19ef3aada939bf76178e35be9506525,10c4067908181cebb72202d92ff7a054b19ef3aada939bf76178e35be9506525,x86,plain,430472,1,
ransomexx_1fb3db9bfa0960ff9cf5cd4dc875ec72dd3fd8a60340c7bf2631d8bc30d54a0f.txt,mal_train,mal_train,1,ransomexx,1fb3db9bfa0960ff9cf5cd4dc875ec72dd3fd8a60340c7bf2631d8bc30d54a0f,1fb3db9bfa0960ff9cf5cd4dc875ec72dd3fd8a60340c7bf2631d8bc30d54a0f,x86,plain,31605,1,
ransomexx_248c45236a4d4b5aec67b01a1e2e42a15bb6d2de0dee296f345d976ac01c3646.txt,mal_train,mal_train,1,ransomexx,248c45236a4d4b5aec67b01a1e2e42a15bb6d2de0dee296f345d976ac01c3646,248c45236a4d4b5aec67b01a1e2e42a15bb6d2de0dee296f345d976ac01c3646,x86,plain,36403,1,
ransomexx_45de0b468a1d23bb4d557f426fde7decdc2c18e94ce69c414663db5eea2d4f28.txt,mal_train,mal_train,1,ransomexx,45de0b468a1d23bb4d557f426fde7decdc2c18e94ce69c414663db5eea2d4f28,45de0b468a1d23bb4d557f426fde7decdc2c18e94ce69c414663db5eea2d4f28,x86,plain,28581,1,
ransomexx_4cae449450c07b7aa74314173c7b00d409eabfe22b86859f3b3acedd66010458.txt,mal_train,mal_train,1,ransomexx,4cae449450c07b7aa74314173c7b00d409eabfe22b86859f3b3acedd66010458,4cae449450c07b7aa74314173c7b00d409eabfe22b86859f3b3acedd66010458,x86,plain,31605,1,
ransomexx_64c51351aafb4cd339934a78d064847bdd833b963eafbade86eb51ac2c1677f4.txt,mal_train,mal_train,1,ransomexx,64c51351aafb4cd339934a78d064847bdd833b963eafbade86eb51ac2c1677f4,64c51351aafb4cd339934a78d064847bdd833b963eafbade86eb51ac2c1677f4,x86,plain,31605,1,
ransomexx_c0f07b493cc32ffcbb4ca1ca92f5752c4040b1d0be7b69981c22a27f69cfb890.txt,mal_train,mal_train,1,ransomexx,c0f07b493cc32ffcbb4ca1ca92f5752c4040b1d0be7b69981c22a27f69cfb890,c0f07b493cc32ffcbb4ca1ca92f5752c4040b1d0be7b69981c22a27f69cfb890,x86,plain,29775,1,
ransomexx_d85f4448d5aea240d68c07bec6f363986d71940c3c1a3e49053d55fd1741c41e.txt,mal_train,mal_train,1,ransomexx,d85f4448d5aea240d68c07bec6f363986d71940c3c1a3e49053d55fd1741c41e,d85f4448d5aea240d68c07bec6f363986d71940c3c1a3e49053d55fd1741c41e,x86,plain,32475,1,
ransomexx_ed2b1f855fc7a39a7cf2cfbfd5a10707801ba313bab9c5d748fcd3703aad66fc.txt,mal_train,mal_train,1,ransomexx,ed2b1f855fc7a39a7cf2cfbfd5a10707801ba313bab9c5d748fcd3703aad66fc,ed2b1f855fc7a39a7cf2cfbfd5a10707801ba313bab9c5d748fcd3703aad66fc,x86,plain,31605,1,
ransomexx_fa28436aaf459d16215dd2d96ea5756c09198216c52d90a7a20abde4e826909b.txt,mal_train,mal_train,1,ransomexx,fa28436aaf459d16215dd2d96ea5756c09198216c52d90a7a20abde4e826909b,fa28436aaf459d16215dd2d96ea5756c09198216c52d90a7a20abde4e826909b,x86,plain,29586,1,
revil_04419b76566142902680b2c44b216905b44a5743502530066e408bac72d20864.txt,mal_train,mal_train,1,revil,04419b76566142902680b2c44b216905b44a5743502530066e408bac72d20864,04419b76566142902680b2c44b216905b44a5743502530066e408bac72d20864,x86,plain,18377,1,
revil_08c2d24cb9c632f9aa84254bb673c9df04d4ac23ee07e840794e9438b06e9bd2.txt,mal_train,mal_train,1,revil,08c2d24cb9c632f9aa84254bb673c9df04d4ac23ee07e840794e9438b06e9bd2,08c2d24cb9c632f9aa84254bb673c9df04d4ac23ee07e840794e9438b06e9bd2,x86,plain,17997,1,
revil_12d8bfa1aeb557c146b98f069f3456cc8392863a2f4ad938722cd7ca1a773b39.txt,mal_train,mal_train,1,revil,12d8bfa1aeb557c146b98f069f3456cc8392863a2f4ad938722cd7ca1a773b39,12d8bfa1aeb557c146b98f069f3456cc8392863a2f4ad938722cd7ca1a773b39,x86,plain,17870,1,
revil_1407486e00e1c186e5ea73d53c9f026f1e72609cb6fcd90ebc4545aae30728db.txt,mal_train,mal_train,1,revil,1407486e00e1c186e5ea73d53c9f026f1e72609cb6fcd90ebc4545aae30728db,1407486e00e1c186e5ea73d53c9f026f1e72609cb6fcd90ebc4545aae30728db,x86,plain,16997,1,
revil_1fb2178279b76d9ed5e3c24b24885a31ec521e58a4688597600d26f88df5b8e1.txt,mal_train,mal_train,1,revil,1fb2178279b76d9ed5e3c24b24885a31ec521e58a4688597600d26f88df5b8e1,1fb2178279b76d9ed5e3c24b24885a31ec521e58a4688597600d26f88df5b8e1,x86,plain,17870,1,
revil_1fe9b489c25bb23b04d9996e8107671edee69bd6f6def2fe7ece38a0fb35f98e.txt,mal_train,mal_train,1,revil,1fe9b489c25bb23b04d9996e8107671edee69bd6f6def2fe7ece38a0fb35f98e,1fe9b489c25bb23b04d9996e8107671edee69bd6f6def2fe7ece38a0fb35f98e,x86,plain,15424,1,
revil_20d46f118a5e925f992932f20dd658e4d464ac8d8218f7fba683029d51761709.txt,mal_train,mal_train,1,revil,20d46f118a5e925f992932f20dd658e4d464ac8d8218f7fba683029d51761709,20d46f118a5e925f992932f20dd658e4d464ac8d8218f7fba683029d51761709,x86,plain,18377,1,
revil_2df2fab33c1db5b049284a6bd5aa1f58bec4cb370b0663870b6a57ef33b5028c.txt,mal_train,mal_train,1,revil,2df2fab33c1db5b049284a6bd5aa1f58bec4cb370b0663870b6a57ef33b5028c,2df2fab33c1db5b049284a6bd5aa1f58bec4cb370b0663870b6a57ef33b5028c,x86,plain,17726,1,
revil_2ea781140f7e86c63b636249b5fdba9828661bdd846fd95c195c5b986b84a507.txt,mal_train,mal_train,1,revil,2ea781140f7e86c63b636249b5fdba9828661bdd846fd95c195c5b986b84a507,2ea781140f7e86c63b636249b5fdba9828661bdd846fd95c195c5b986b84a507,x86,plain,15353,1,
revil_2f00cd865ea857a2d9d399385c408e99f9daaa1b6c193f2195393bd459524b3e.txt,mal_train,mal_train,1,revil,2f00cd865ea857a2d9d399385c408e99f9daaa1b6c193f2195393bd459524b3e,2f00cd865ea857a2d9d399385c408e99f9daaa1b6c193f2195393bd459524b3e,x86,plain,18377,1,
revil_329983dc2a23bd951b24780947cb9a6ae3fb80d5ef546e8538dfd9459b176483.txt,mal_train,mal_train,1,revil,329983dc2a23bd951b24780947cb9a6ae3fb80d5ef546e8538dfd9459b176483,329983dc2a23bd951b24780947cb9a6ae3fb80d5ef546e8538dfd9459b176483,x86,plain,526,1,
revil_3b0cf9bc480a7fc4a560ab26cd35a72313b1fa49bf6ef208c434a32b3f1588c4.txt,mal_train,mal_train,1,revil,3b0cf9bc480a7fc4a560ab26cd35a72313b1fa49bf6ef208c434a32b3f1588c4,3b0cf9bc480a7fc4a560ab26cd35a72313b1fa49bf6ef208c434a32b3f1588c4,x86,plain,18377,1,
revil_3c56d3fe6373d5b84074f214b883ca65685d04141ff829f73ff65531bf1f86ad.txt,mal_train,mal_train,1,revil,3c56d3fe6373d5b84074f214b883ca65685d04141ff829f73ff65531bf1f86ad,3c56d3fe6373d5b84074f214b883ca65685d04141ff829f73ff65531bf1f86ad,x86,plain,137814,1,
revil_42438a67636a6981b4e3209449040f6b393f10fe0636dfca2260fc0f4271e135.txt,mal_train,mal_train,1,revil,42438a67636a6981b4e3209449040f6b393f10fe0636dfca2260fc0f4271e135,42438a67636a6981b4e3209449040f6b393f10fe0636dfca2260fc0f4271e135,x86,plain,17870,1,
revil_44cd22cb40115a504bf933ec006d47ae0076f450f76b54783f846beca81c4c93.txt,mal_train,mal_train,1,revil,44cd22cb40115a504bf933ec006d47ae0076f450f76b54783f846beca81c4c93,44cd22cb40115a504bf933ec006d47ae0076f450f76b54783f846beca81c4c93,x86,plain,18377,1,
revil_4f6ce92fccafa6d2454a12022e21fbd6adf1a6ec2d45c71de6f8729ec3ad195f.txt,mal_train,mal_train,1,revil,4f6ce92fccafa6d2454a12022e21fbd6adf1a6ec2d45c71de6f8729ec3ad195f,4f6ce92fccafa6d2454a12022e21fbd6adf1a6ec2d45c71de6f8729ec3ad195f,x86,upx,,0,tag:upx
revil_52612bceee07152f2e2e6699b3c085149e11979f34fe248bda14e03a0d950e85.txt,mal_train,mal_train,1,revil,52612bceee07152f2e2e6699b3c085149e11979f34fe248bda14e03a0d950e85,52612bceee07152f2e2e6699b3c085149e11979f34fe248bda14e03a0d950e85,x86,plain,17726,1,
revil_5467fe3f38ccf0c56c1aba7cbbc56109b747f7a53c333a3f5a1cfe6094e1fa2b.txt,mal_train,mal_train,1,revil,5467fe3f38ccf0c56c1aba7cbbc56109b747f7a53c333a3f5a1cfe6094e1fa2b,5467fe3f38ccf0c56c1aba7cbbc56109b747f7a53c333a3f5a1cfe6094e1fa2b,x86,plain,17726,1,
revil_54f07b825fd662618e1142ee47ef5c988c08ae59c60209bef250fc68bfd3826c.txt,mal_train,mal_train,1,revil,54f07b825fd662618e1142ee47ef5c988c08ae59c60209bef250fc68bfd3826c,54f07b825fd662618e1142ee47ef5c988c08ae59c60209bef250fc68bfd3826c,x86,plain,17997,1,
revil_5f56d5748940e4039053f85978074bde16d64bd5ba97f6f0026ba8172cb29e93.txt,mal_train,mal_train,1,revil,5f56d5748940e4039053f85978074bde16d64bd5ba97f6f0026ba8172cb29e93,5f56d5748940e4039053f85978074bde16d64bd5ba97f6f0026ba8172cb29e93,x86,plain,15353,1,
revil_62a27299a63f16f14ab36532e5afc203f817df9eef94630a4873d35d8f685fbd.txt,mal_train,mal_train,1,revil,62a27299a63f16f14ab36532e5afc203f817df9eef94630a4873d35d8f685fbd,62a27299a63f16f14ab36532e5afc203f817df9eef94630a4873d35d8f685fbd,x86,plain,16997,1,
revil_66060484cccedb839fb646d4e6020e079319374b2847c52dcec55c5ad60b1beb.txt,mal_train,mal_train,1,revil,66060484cccedb839fb646d4e6020e079319374b2847c52dcec55c5ad60b1beb,66060484cccedb839fb646d4e6020e079319374b2847c52dcec55c5ad60b1beb,x86,plain,17870,1,
revil_6834005e47c6ad53cb0793e1f13b6ea45383d86691b179f4229214d8768d0ceb.txt,mal_train,mal_train,1,revil,6834005e47c6ad53cb0793e1f13b6ea45383d86691b179f4229214d8768d0ceb,6834005e47c6ad53cb0793e1f13b6ea45383d86691b179f4229214d8768d0ceb,x86,plain,18377,1,
revil_6c5ddbe058da35b2731fe10234520a6bb78604f860ed4188a1bd07e62fe4ec11.txt,mal_train,mal_train,1,revil,6c5ddbe058da35b2731fe10234520a6bb78604f860ed4188a1bd07e62fe4ec11,6c5ddbe058da35b2731fe10234520a6bb78604f860ed4188a1bd07e62fe4ec11,x86,plain,16749,1,
revil_74ce1be7fe32869dbbfe599d7992c306a7ee693eb517924135975daa64a3a92f.txt,mal_train,mal_train,1,revil,74ce1be7fe32869dbbfe599d7992c306a7ee693eb517924135975daa64a3a92f,74ce1be7fe32869dbbfe599d7992c306a7ee693eb517924135975daa64a3a92f,x86,plain,17997,1,
revil_7cd8f10164a6c3209574751d16c4e9297334f11a08ade649055450d41e0d31e9.txt,mal_train,mal_train,1,revil,7cd8f10164a6c3209574751d16c4e9297334f11a08ade649055450d41e0d31e9,7cd8f10164a6c3209574751d16c4e9297334f11a08ade649055450d41e0d31e9,x86,plain,16770,1,
revil_7e70460a2e395485fe6328a58e09400fc7963afeb29fdadb924c340e758b267c.txt,mal_train,mal_train,1,revil,7e70460a2e395485fe6328a58e09400fc7963afeb29fdadb924c340e758b267c,7e70460a2e395485fe6328a58e09400fc7963afeb29fdadb924c340e758b267c,x86,plain,17870,1,
revil_8c716101e118ac65d7bdb900e0100d012256abb1d7cdf64830e5943a795ccce2.txt,mal_train,mal_train,1,revil,8c716101e118ac65d7bdb900e0100d012256abb1d7cdf64830e5943a795ccce2,8c716101e118ac65d7bdb900e0100d012256abb1d7cdf64830e5943a795ccce2,x86,plain,151072,1,
revil_93c4b144a4ef5e9ebcb5de425f6151fb6fd892d1042b21e639ab6c358cad3940.txt,mal_train,mal_train,1,revil,93c4b144a4ef5e9ebcb5de425f6151fb6fd892d1042b21e639ab6c358cad3940,93c4b144a4ef5e9ebcb5de425f6151fb6fd892d1042b21e639ab6c358cad3940,x86,plain,17870,1,
revil_9b11711efed24b3c6723521a7d7eb4a52e4914db7420e278aa36e727459d59dd.txt,mal_train,mal_train,1,revil,9b11711efed24b3c6723521a7d7eb4a52e4914db7420e278aa36e727459d59dd,9b11711efed24b3c6723521a7d7eb4a52e4914db7420e278aa36e727459d59dd,x86,plain,20023,1,
revil_9d3a482d9441876096e0cee429fedf7b9f7e1c6a50b3e4b2009884019627d879.txt,mal_train,mal_train,1,revil,9d3a482d9441876096e0cee429fedf7b9f7e1c6a50b3e4b2009884019627d879,9d3a482d9441876096e0cee429fedf7b9f7e1c6a50b3e4b2009884019627d879,x86,packed_other,36941,0,tag:packed_other
revil_9df39b3b2b0ed8ed469d028cc4269655d6b70aef8b22a308f34e1929e4b00992.txt,mal_train,mal_train,1,revil,9df39b3b2b0ed8ed469d028cc4269655d6b70aef8b22a308f34e1929e4b00992,9df39b3b2b0ed8ed469d028cc4269655d6b70aef8b22a308f34e1929e4b00992,x86,plain,18377,1,
revil_9f256973ee6ddcd3d781761480c00220a140fad833dc9a6a085f45c419d1714e.txt,mal_train,mal_train,1,revil,9f256973ee6ddcd3d781761480c00220a140fad833dc9a6a085f45c419d1714e,9f256973ee6ddcd3d781761480c00220a140fad833dc9a6a085f45c419d1714e,x86,plain,16770,1,
revil_ab0aa003d7238940cbdf7393677f968c4a252516de7f0699cd4654abd2e7ae83.txt,mal_train,mal_train,1,revil,ab0aa003d7238940cbdf7393677f968c4a252516de7f0699cd4654abd2e7ae83,ab0aa003d7238940cbdf7393677f968c4a252516de7f0699cd4654abd2e7ae83,x86,plain,16770,1,
revil_b49c1caf4d71f47c73e112f22e033ee59610a5ae080e76797d5ef1dcc4a93d07.txt,mal_train,mal_train,1,revil,b49c1caf4d71f47c73e112f22e033ee59610a5ae080e76797d5ef1dcc4a93d07,b49c1caf4d71f47c73e112f22e033ee59610a5ae080e76797d5ef1dcc4a93d07,x86,plain,16997,1,
revil_b9924321b4f05ec0b98e272ddd4f91feb69eb93c44186ca165a4d51beed91152.txt,mal_train,mal_train,1,revil,b9924321b4f05ec0b98e272ddd4f91feb69eb93c44186ca165a4d51beed91152,b9924321b4f05ec0b98e272ddd4f91feb69eb93c44186ca165a4d51beed91152,x86,plain,18377,1,
revil_bbcaee51155609d365f6bb297d124efea685df0243ec1d4efb5043d9afe5963d.txt,mal_train,mal_train,1,revil,bbcaee51155609d365f6bb297d124efea685df0243ec1d4efb5043d9afe5963d,bbcaee51155609d365f6bb297d124efea685df0243ec1d4efb5043d9afe5963d,x86,plain,16621,1,
revil_c7a3f735583f0ad0e623a1a248188a0b5fbb7997c2a4a5278bd09e9ce5d6fc33.txt,mal_train,mal_train,1,revil,c7a3f735583f0ad0e623a1a248188a0b5fbb7997c2a4a5278bd09e9ce5d6fc33,c7a3f735583f0ad0e623a1a248188a0b5fbb7997c2a4a5278bd09e9ce5d6fc33,x86,plain,17677,1,
revil_cb4af8d6d57163b0322bd033b36379f805bdb59ec550049ea568cc0a7dfe52cd.txt,mal_train,mal_train,1,revil,cb4af8d6d57163b0322bd033b36379f805bdb59ec550049ea568cc0a7dfe52cd,cb4af8d6d57163b0322bd033b36379f805bdb59ec550049ea568cc0a7dfe52cd,x86,plain,18377,1,
revil_d0e075a9346acbeca7095df2fc5e7c28909961184078e251f737f09b8ef892b6.txt,mal_train,mal_train,1,revil,d0e075a9346acbeca7095df2fc5e7c28909961184078e251f737f09b8ef892b6,d0e075a9346acbeca7095df2fc5e7c28909961184078e251f737f09b8ef892b6,x86,plain,29661,1,
revil_d55f983c994caa160ec63a59f6b4250fe67fb3e8c43a388aec60a4a6978e9f1e.txt,mal_train,mal_train,1,revil,d55f983c994caa160ec63a59f6b4250fe67fb3e8c43a388aec60a4a6978e9f1e,d55f983c994caa160ec63a59f6b4250fe67fb3e8c43a388aec60a4a6978e9f1e,x86,plain,16429,1,
revil_d74f04f0b948d9586629e06e2a2a21bdf20d678e47058afb637414eb3701c1f6.txt,mal_train,mal_train,1,revil,d74f04f0b948d9586629e06e2a2a21bdf20d678e47058afb637414eb3701c1f6,d74f04f0b948d9586629e06e2a2a21bdf20d678e47058afb637414eb3701c1f6,x86,plain,17870,1,
revil_d91f951bdcf35012ac6b47c28cf32ec143e4269243d8c229f6cb326fd343df95.txt,mal_train,mal_train,1,revil,d91f951bdcf35012ac6b47c28cf32ec143e4269243d8c229f6cb326fd343df95,d91f951bdcf35012ac6b47c28cf32ec143e4269243d8c229f6cb326fd343df95,x86,plain,17192,1,
revil_db59d4ab0aaf660fe778f9190102e1b808bc5d357026736ca335e4858ec512eb.txt,mal_train,mal_train,1,revil,db59d4ab0aaf660fe778f9190102e1b808bc5d357026736ca335e4858ec512eb,db59d4ab0aaf660fe778f9190102e1b808bc5d357026736ca335e4858ec512eb,x86,plain,18377,1,
revil_dc6b0e8c1e9c113f0364e1c8370060dee3fcbe25b667ddeca7623a95cd21411f.txt,mal_train,mal_train,1,revil,dc6b0e8c1e9c113f0364e1c8370060dee3fcbe25b667ddeca7623a95cd21411f,dc6b0e8c1e9c113f0364e1c8370060dee3fcbe25b667ddeca7623a95cd21411f,x86,plain,15582,1,
revil_de20c90de7becbb2f8b92ac42d71a3db3db498472746d0d6f53c368dadba44b0.txt,mal_train,mal_train,1,revil,de20c90de7becbb2f8b92ac42d71a3db3db498472746d0d6f53c368dadba44b0,de20c90de7becbb2f8b92ac42d71a3db3db498472746d0d6f53c368dadba44b0,x86,plain,18377,1,
revil_f51fc0ab96d1aee49950b8ca91ef67c330b8593340cc3002513100ac9bf163b0.txt,mal_train,mal_train,1,revil,ad144912fc680308d6b8fe71dfff6b5e2779b47ebdc7b60a4a5cfb038e89b382,f51fc0ab96d1aee49950b8ca91ef67c330b8593340cc3002513100ac9bf163b0,x86,plain,36892,1,
revil_fd164c4c121371f94cfd3a034ad8cf8edc7c0f7141a8f4c9da1683d41b212a87.txt,mal_train,mal_train,1,revil,fd164c4c121371f94cfd3a034ad8cf8edc7c0f7141a8f4c9da1683d41b212a87,fd164c4c121371f94cfd3a034ad8cf8edc7c0f7141a8f4c9da1683d41b212a87,x86,plain,18377,1,
revil_feea9f9c02b891d9a7d3656060ffcc203b9cbc28a49be3fcc7c9884c71a4f7c7.txt,mal_train,mal_train,1,revil,feea9f9c02b891d9a7d3656060ffcc203b9cbc28a49be3fcc7c9884c71a4f7c7,feea9f9c02b891d9a7d3656060ffcc203b9cbc28a49be3fcc7c9884c71a4f7c7,x86,plain,17848,1,
ryuk_00812c29572306776424ca61a1f0fed18504e1776fa0d49b1f805c655daf871b.txt,mal_train,mal_train,1,ryuk,00812c29572306776424ca61a1f0fed18504e1776fa0d49b1f805c655daf871b,00812c29572306776424ca61a1f0fed18504e1776fa0d49b1f805c655daf871b,x64,plain,24543,1,
ryuk_05e06709523fd798da963c2c24254de0fcca6c57e1052996798ecc74ff43b41f.txt,mal_train,mal_train,1,ryuk,05e06709523fd798da963c2c24254de0fcca6c57e1052996798ecc74ff43b41f,05e06709523fd798da963c2c24254de0fcca6c57e1052996798ecc74ff43b41f,x86,plain,77981,1,
ryuk_0cf36731f5b8651d53fc651607c3fccac24b631c08dca4493d8e07d2fbff1db3.txt,mal_train,mal_train,1,ryuk,0cf36731f5b8651d53fc651607c3fccac24b631c08dca4493d8e07d2fbff1db3,0cf36731f5b8651d53fc651607c3fccac24b631c08dca4493d8e07d2fbff1db3,x86,plain,27547,1,
ryuk_113af75f13547be184822f1268f984b79f35965a1b1f963d23b50a09741b0aec.txt,mal_train,mal_train,1,ryuk,113af75f13547be184822f1268f984b79f35965a1b1f963d23b50a09741b0aec,113af75f13547be184822f1268f984b79f35965a1b1f963d23b50a09741b0aec,x64,plain,25033,1,
ryuk_1455091954ecf9ccd6fe60cb8e982d9cfb4b3dc8414443ccfdfc444079829d56.txt,mal_train,mal_train,1,ryuk,1455091954ecf9ccd6fe60cb8e982d9cfb4b3dc8414443ccfdfc444079829d56,1455091954ecf9ccd6fe60cb8e982d9cfb4b3dc8414443ccfdfc444079829d56,x64,plain,25067,1,
ryuk_180f82bbedb03dc29328e32e054069870a1e65078b78b2120a84c96aaed7d843.txt,mal_train,mal_train,1,ryuk,180f82bbedb03dc29328e32e054069870a1e65078b78b2120a84c96aaed7d843,180f82bbedb03dc29328e32e054069870a1e65078b78b2120a84c96aaed7d843,x86,plain,66287,1,
ryuk_19ee4afc768bb6dccc68de4c6cac24cd2b258263d84493c352dabfa23d829082.txt,mal_train,mal_train,1,ryuk,19ee4afc768bb6dccc68de4c6cac24cd2b258263d84493c352dabfa23d829082,19ee4afc768bb6dccc68de4c6cac24cd2b258263d84493c352dabfa23d829082,x86,plain,27695,1,
ryuk_1e11567d33a1738bd8223ce819f5c27aeeb8611ef288c4a7f9374f750252ec56.txt,mal_train,mal_train,1,ryuk,1e11567d33a1738bd8223ce819f5c27aeeb8611ef288c4a7f9374f750252ec56,1e11567d33a1738bd8223ce819f5c27aeeb8611ef288c4a7f9374f750252ec56,x86,plain,23653,1,
ryuk_23f8aa94ffb3c08a62735fe7fee5799880a8f322ce1d55ec49a13a3f85312db2.txt,mal_train,mal_train,1,ryuk,23f8aa94ffb3c08a62735fe7fee5799880a8f322ce1d55ec49a13a3f85312db2,23f8aa94ffb3c08a62735fe7fee5799880a8f322ce1d55ec49a13a3f85312db2,x86,plain,16098,1,
ryuk_2ec5256a7edb90b1c05c92f79e8a48c205b29e1ac910a535aa83c30b8dbbeff8.txt,mal_train,mal_train,1,ryuk,2ec5256a7edb90b1c05c92f79e8a48c205b29e1ac910a535aa83c30b8dbbeff8,2ec5256a7edb90b1c05c92f79e8a48c205b29e1ac910a535aa83c30b8dbbeff8,x86,plain,27872,1,
ryuk_2fd1542c42b9fc68a52a53bde2731c26a9861cf8093c620e30e5729c810d0c8f.txt,mal_train,mal_train,1,ryuk,2fd1542c42b9fc68a52a53bde2731c26a9861cf8093c620e30e5729c810d0c8f,2fd1542c42b9fc68a52a53bde2731c26a9861cf8093c620e30e5729c810d0c8f,x86,plain,26711,1,
ryuk_3c037dcc0145a331e0154e016e0636d7f77be792d2d698b3b982fab33acc242a.txt,mal_train,mal_train,1,ryuk,3c037dcc0145a331e0154e016e0636d7f77be792d2d698b3b982fab33acc242a,3c037dcc0145a331e0154e016e0636d7f77be792d2d698b3b982fab33acc242a,x64,plain,23553,1,
ryuk_40b865d1c3ab1b8544bcf57c88edd30679870d40b27d62feb237a19f0c5f9cd1.txt,mal_train,mal_train,1,ryuk,40b865d1c3ab1b8544bcf57c88edd30679870d40b27d62feb237a19f0c5f9cd1,40b865d1c3ab1b8544bcf57c88edd30679870d40b27d62feb237a19f0c5f9cd1,x86,plain,31707,1,
ryuk_478990938b7cae1f3266d232993c12265e8c8dcd4382ea381cf1e6cf6d21b350.txt,mal_train,mal_train,1,ryuk,478990938b7cae1f3266d232993c12265e8c8dcd4382ea381cf1e6cf6d21b350,478990938b7cae1f3266d232993c12265e8c8dcd4382ea381cf1e6cf6d21b350,x64,plain,23912,1,
ryuk_47b93698f3be772dad103ea109a0e7dba745afe3e93aa9dc2d9739e0b4991f5d.txt,mal_train,mal_train,1,ryuk,47b93698f3be772dad103ea109a0e7dba745afe3e93aa9dc2d9739e0b4991f5d,47b93698f3be772dad103ea109a0e7dba745afe3e93aa9dc2d9739e0b4991f5d,x86,plain,27547,1,
ryuk_4992a629599d25933b55fee0b69198e80ecdcb3727a0b11b3d2891e6cd5da555.txt,mal_train,mal_train,1,ryuk,4992a629599d25933b55fee0b69198e80ecdcb3727a0b11b3d2891e6cd5da555,4992a629599d25933b55fee0b69198e80ecdcb3727a0b11b3d2891e6cd5da555,x86,plain,28488,1,
ryuk_4c746cd4561e5a26ceeacb566d62258c04e29a40ac5dc1d2475aacb8099b0fe7.txt,mal_train,mal_train,1,ryuk,4c746cd4561e5a26ceeacb566d62258c04e29a40ac5dc1d2475aacb8099b0fe7,4c746cd4561e5a26ceeacb566d62258c04e29a40ac5dc1d2475aacb8099b0fe7,x64,plain,23544,1,
ryuk_4cb0bf61d61ad3383636df11b3e4da8e67bb0acea03e981ecdd48d08ed8c796c.txt,mal_train,mal_train,1,ryuk,4cb0bf61d61ad3383636df11b3e4da8e67bb0acea03e981ecdd48d08ed8c796c,4cb0bf61d61ad3383636df11b3e4da8e67bb0acea03e981ecdd48d08ed8c796c,x86,plain,26594,1,
ryuk_5b1f242aee0eabd4dffea0fe5f08aba60abf7c8d1e4f7fc7357af7f20ccd0204.txt,mal_train,mal_train,1,ryuk,5b1f242aee0eabd4dffea0fe5f08aba60abf7c8d1e4f7fc7357af7f20ccd0204,5b1f242aee0eabd4dffea0fe5f08aba60abf7c8d1e4f7fc7357af7f20ccd0204,x86,plain,101737,1,
ryuk_5e2c9d80fa4528fe9777738a9cba9ede08cdae353fd4cb2d9caf0c9801fd5711.txt,mal_train,mal_train,1,ryuk,5e2c9d80fa4528fe9777738a9cba9ede08cdae353fd4cb2d9caf0c9801fd5711,5e2c9d80fa4528fe9777738a9cba9ede08cdae353fd4cb2d9caf0c9801fd5711,x86,plain,27872,1,
ryuk_63b44f7fe68cb8a05fa98c5acc59851d4b73f5bbd76e9910c94042c523da8d5b.txt,mal_train,mal_train,1,ryuk,63b44f7fe68cb8a05fa98c5acc59851d4b73f5bbd76e9910c94042c523da8d5b,63b44f7fe68cb8a05fa98c5acc59851d4b73f5bbd76e9910c94042c523da8d5b,x86,plain,41352,1,
ryuk_63c7173636a3ea5fe8bd62ccd4fa32ac43f2648301a07e8ece7ad6f34f9ffb38.txt,mal_train,mal_train,1,ryuk,63c7173636a3ea5fe8bd62ccd4fa32ac43f2648301a07e8ece7ad6f34f9ffb38,63c7173636a3ea5fe8bd62ccd4fa32ac43f2648301a07e8ece7ad6f34f9ffb38,x86,plain,27575,1,
ryuk_647f76c278160f537fce57e355f7e8d42e2b381f28a779ad9b71c00f20fb3ced.txt,mal_train,mal_train,1,ryuk,647f76c278160f537fce57e355f7e8d42e2b381f28a779ad9b71c00f20fb3ced,647f76c278160f537fce57e355f7e8d42e2b381f28a779ad9b71c00f20fb3ced,x86,plain,29442,1,
ryuk_781bc4dcbd459893397a8b987bf697f5b95435dfaf7fe3f4d2224728e7a2202a.txt,mal_train,mal_train,1,ryuk,781bc4dcbd459893397a8b987bf697f5b95435dfaf7fe3f4d2224728e7a2202a,781bc4dcbd459893397a8b987bf697f5b95435dfaf7fe3f4d2224728e7a2202a,x86,plain,30990,1,
ryuk_7c1e0597dd5a1e2d48c9cede54843aa7c299f7404630b5a2aafac2eec7358b20.txt,mal_train,mal_train,1,ryuk,7c1e0597dd5a1e2d48c9cede54843aa7c299f7404630b5a2aafac2eec7358b20,7c1e0597dd5a1e2d48c9cede54843aa7c299f7404630b5a2aafac2eec7358b20,x64,plain,18110,1,
ryuk_7faeb64c50cd15d036ca259a047d6c62ed491fff3729433fefba0b02c059d5ed.txt,mal_train,mal_train,1,ryuk,7faeb64c50cd15d036ca259a047d6c62ed491fff3729433fefba0b02c059d5ed,7faeb64c50cd15d036ca259a047d6c62ed491fff3729433fefba0b02c059d5ed,x86,plain,65423,1,
ryuk_84516cefc7fc9fb77046ae6ed0d1606eeedea4d99de335f6faa99c2f905a06c3.txt,mal_train,mal_train,1,ryuk,84516cefc7fc9fb77046ae6ed0d1606eeedea4d99de335f6faa99c2f905a06c3,84516cefc7fc9fb77046ae6ed0d1606eeedea4d99de335f6faa99c2f905a06c3,x86,plain,31707,1,
ryuk_8862b060db997bc9077e3bece06529c1c116af379985f6138a07ab5fde61b54c.txt,mal_train,mal_train,1,ryuk,8862b060db997bc9077e3bece06529c1c116af379985f6138a07ab5fde61b54c,8862b060db997bc9077e3bece06529c1c116af379985f6138a07ab5fde61b54c,x86,plain,27872,1,
ryuk_88b1b4966650de59cef20c340b28739c52dc9ead91d9959a338a8e531ad38335.txt,mal_train,mal_train,1,ryuk,88b1b4966650de59cef20c340b28739c52dc9ead91d9959a338a8e531ad38335,88b1b4966650de59cef20c340b28739c52dc9ead91d9959a338a8e531ad38335,x86,plain,116088,1,
ryuk_92f124ea5217f3fe5cbab1c37a961df0437d5a9cbde1af268c60c4b3194b80ed.txt,mal_train,mal_train,1,ryuk,92f124ea5217f3fe5cbab1c37a961df0437d5a9cbde1af268c60c4b3194b80ed,92f124ea5217f3fe5cbab1c37a961df0437d5a9cbde1af268c60c4b3194b80ed,x86,packed_other,37656,0,tag:packed_other
ryuk_9eb7abf2228ad28d8b7f571e0495d4a35da40607f04355307077975e271553b8.txt,mal_train,mal_train,1,ryuk,9eb7abf2228ad28d8b7f571e0495d4a35da40607f04355307077975e271553b8,9eb7abf2228ad28d8b7f571e0495d4a35da40607f04355307077975e271553b8,x86,plain,27269,1,
ryuk_9fe66773c84d371ef1b424005996ade4d5e16fb00306a1d54b107b2b2d03fe17.txt,mal_train,mal_train,1,ryuk,9fe66773c84d371ef1b424005996ade4d5e16fb00306a1d54b107b2b2d03fe17,9fe66773c84d371ef1b424005996ade4d5e16fb00306a1d54b107b2b2d03fe17,x64,plain,18110,1,
ryuk_a671d564c50b3056b915bdc6b063b781989b42e01a3743a1cb82849414fed0f8.txt,mal_train,mal_train,1,ryuk,a671d564c50b3056b915bdc6b063b781989b42e01a3743a1cb82849414fed0f8,a671d564c50b3056b915bdc6b063b781989b42e01a3743a1cb82849414fed0f8,x64,plain,24073,1,
ryuk_a7b12a646be6e9815135dbcb8ce4e5f87089fb9fc2ce8da0d4a6d26e82e49696.txt,mal_train,mal_train,1,ryuk,a7b12a646be6e9815135dbcb8ce4e5f87089fb9fc2ce8da0d4a6d26e82e49696,a7b12a646be6e9815135dbcb8ce4e5f87089fb9fc2ce8da0d4a6d26e82e49696,x64,plain,24806,1,
ryuk_badf8718f626889f7ceabb1c9d8660265952052037ddde346193b630201eefe4.txt,mal_train,mal_train,1,ryuk,badf8718f626889f7ceabb1c9d8660265952052037ddde346193b630201eefe4,badf8718f626889f7ceabb1c9d8660265952052037ddde346193b630201eefe4,x86,plain,20098,1,
ryuk_bbbf38de4f40754f235441a8e6a4c8bdb9365dab7f5cfcdac77dbb4d6236360b.txt,mal_train,mal_train,1,ryuk,bbbf38de4f40754f235441a8e6a4c8bdb9365dab7f5cfcdac77dbb4d6236360b,bbbf38de4f40754f235441a8e6a4c8bdb9365dab7f5cfcdac77dbb4d6236360b,x86,plain,43242,1,
ryuk_c9961b737c158252bb3d52ce956842b0d903471d210220f70f09d500d9197d1e.txt,mal_train,mal_train,1,ryuk,c9961b737c158252bb3d52ce956842b0d903471d210220f70f09d500d9197d1e,c9961b737c158252bb3d52ce956842b0d903471d210220f70f09d500d9197d1e,x86,plain,31880,1,
ryuk_cc4a0b4080844e20fb9535679f7b09a3e2449729ce1815d1e5a64272b0225465.txt,mal_train,mal_train,1,ryuk,cc4a0b4080844e20fb9535679f7b09a3e2449729ce1815d1e5a64272b0225465,cc4a0b4080844e20fb9535679f7b09a3e2449729ce1815d1e5a64272b0225465,x86,plain,26304,1,
ryuk_d0d7a8f588693b7cc967fb4069419125625eb7454ba553c0416f35fc95307cbe.txt,mal_train,mal_train,1,ryuk,d0d7a8f588693b7cc967fb4069419125625eb7454ba553c0416f35fc95307cbe,d0d7a8f588693b7cc967fb4069419125625eb7454ba553c0416f35fc95307cbe,x86,plain,27872,1,
ryuk_d5d744e0f7984ec01593da35f26bf24e95e4b1cc8bd1c0ff4f31de5dbf94e38f.txt,mal_train,mal_train,1,ryuk,d5d744e0f7984ec01593da35f26bf24e95e4b1cc8bd1c0ff4f31de5dbf94e38f,d5d744e0f7984ec01593da35f26bf24e95e4b1cc8bd1c0ff4f31de5dbf94e38f,x86,plain,27872,1,
ryuk_d7333223dcc1002aae04e25e31d8c297efa791a2c1e609d67ac6d9af338efbe8.txt,mal_train,mal_train,1,ryuk,d7333223dcc1002aae04e25e31d8c297efa791a2c1e609d67ac6d9af338efbe8,d7333223dcc1002aae04e25e31d8c297efa791a2c1e609d67ac6d9af338efbe8,x86,plain,25887,1,
ryuk_d9092abd8267613ab978e367e6d457738f2f73bdf87ec3682fd976b4f3dd9d45.txt,mal_train,mal_train,1,ryuk,d9092abd8267613ab978e367e6d457738f2f73bdf87ec3682fd976b4f3dd9d45,d9092abd8267613ab978e367e6d457738f2f73bdf87ec3682fd976b4f3dd9d45,x86,plain,27547,1,
ryuk_d91572ef64c5c77b1085a5e6cc40cab2a78f714288c29d1d8bdbb613aa5c9c6d.txt,mal_train,mal_train,1,ryuk,d91572ef64c5c77b1085a5e6cc40cab2a78f714288c29d1d8bdbb613aa5c9c6d,d91572ef64c5c77b1085a5e6cc40cab2a78f714288c29d1d8bdbb613aa5c9c6d,x64,plain,22929,1,
ryuk_d956b9643f528c77bb3118ea3ff3a22457f214d154b83d2ea1c001badda68196.txt,mal_train,mal_train,1,ryuk,d956b9643f528c77bb3118ea3ff3a22457f214d154b83d2ea1c001badda68196,d956b9643f528c77bb3118ea3ff3a22457f214d154b83d2ea1c001badda68196,x86,plain,26637,1,
ryuk_de708f2807f96938e5eb0295d5ebfee870b34dd0cb70708607d4e1adf767ce7b.txt,mal_train,mal_train,1,ryuk,de708f2807f96938e5eb0295d5ebfee870b34dd0cb70708607d4e1adf767ce7b,de708f2807f96938e5eb0295d5ebfee870b34dd0cb70708607d4e1adf767ce7b,x64,plain,23537,1,
ryuk_df6847bbf7e75ded54028081f5f27abb199562409aee6e20f99abcda5b48fb51.txt,mal_train,mal_train,1,ryuk,df6847bbf7e75ded54028081f5f27abb199562409aee6e20f99abcda5b48fb51,df6847bbf7e75ded54028081f5f27abb199562409aee6e20f99abcda5b48fb51,x86,plain,26100,1,
ryuk_e8a0e80dfc520bf7e76c33a90ed6d286e8729e9defe6bb7da2f38bc2db33f399.txt,mal_train,mal_train,1,ryuk,e8a0e80dfc520bf7e76c33a90ed6d286e8729e9defe6bb7da2f38bc2db33f399,e8a0e80dfc520bf7e76c33a90ed6d286e8729e9defe6bb7da2f38bc2db33f399,x86,plain,28425,1,
ryuk_ec3da4ac9ec917e66ab943ab149119807922f64f2e4960ebadc36fe7520b300f.txt,mal_train,mal_train,1,ryuk,ec3da4ac9ec917e66ab943ab149119807922f64f2e4960ebadc36fe7520b300f,ec3da4ac9ec917e66ab943ab149119807922f64f2e4960ebadc36fe7520b300f,x86,plain,27872,1,
stop_0056768cbb7902dec5ec3975300228352c31adf62061177316a8523614bf7c79.txt,mal_train,mal_train,1,stop,0056768cbb7902dec5ec3975300228352c31adf62061177316a8523614bf7c79,0056768cbb7902dec5ec3975300228352c31adf62061177316a8523614bf7c79,x86,plain,63367,1,
stop_007ae7550fcc0e7368a9ebd1dcc6066145f256af24847075cde83233ced10d00.txt,mal_train,mal_train,1,stop,007ae7550fcc0e7368a9ebd1dcc6066145f256af24847075cde83233ced10d00,007ae7550fcc0e7368a9ebd1dcc6066145f256af24847075cde83233ced10d00,x86,plain,63824,1,
stop_015ec781353fb693d510bccc466c61747c5e248f866fb2f632bc7f76afd758e2.txt,mal_train,mal_train,1,stop,015ec781353fb693d510bccc466c61747c5e248f866fb2f632bc7f76afd758e2,015ec781353fb693d510bccc466c61747c5e248f866fb2f632bc7f76afd758e2,x86,plain,16571,1,
stop_01d812b41a6ce4a4295cabc3fecde728149ecf4263c7f9f072f50eb004ee1068.txt,mal_train,mal_train,1,stop,01d812b41a6ce4a4295cabc3fecde728149ecf4263c7f9f072f50eb004ee1068,01d812b41a6ce4a4295cabc3fecde728149ecf4263c7f9f072f50eb004ee1068,x86,plain,16571,1,
stop_01f04b5d88ada9262d116d2482048845233ee7b31b924d79f3cefdb5c429cf19.txt,mal_train,mal_train,1,stop,01f04b5d88ada9262d116d2482048845233ee7b31b924d79f3cefdb5c429cf19,01f04b5d88ada9262d116d2482048845233ee7b31b924d79f3cefdb5c429cf19,x86,plain,51995,1,
stop_0345956163130a14d545e02b3a55f501e1425d6a71e0bddd084ea260c225357f.txt,mal_train,mal_train,1,stop,0345956163130a14d545e02b3a55f501e1425d6a71e0bddd084ea260c225357f,0345956163130a14d545e02b3a55f501e1425d6a71e0bddd084ea260c225357f,x86,plain,16477,1,
stop_051e1afb0b50910012ef8218db2664d062fe6cccb59344af8bdbbba1c3b5809b.txt,mal_train,mal_train,1,stop,051e1afb0b50910012ef8218db2664d062fe6cccb59344af8bdbbba1c3b5809b,051e1afb0b50910012ef8218db2664d062fe6cccb59344af8bdbbba1c3b5809b,x86,plain,64362,1,
stop_0642d31bfde0f3804840f168e0a2a870ca674c106d3c32fbf1e20fa1f3a036a8.txt,mal_train,mal_train,1,stop,0642d31bfde0f3804840f168e0a2a870ca674c106d3c32fbf1e20fa1f3a036a8,0642d31bfde0f3804840f168e0a2a870ca674c106d3c32fbf1e20fa1f3a036a8,x86,plain,63789,1,
stop_07388045c0aa457cba88a2bba1e7e56d359cdf70463cab7eb6a41dda2b616ba2.txt,mal_train,mal_train,1,stop,07388045c0aa457cba88a2bba1e7e56d359cdf70463cab7eb6a41dda2b616ba2,07388045c0aa457cba88a2bba1e7e56d359cdf70463cab7eb6a41dda2b616ba2,x86,plain,16571,1,
stop_0c213ef729950323440d62292de91d2e7bc17970a902c72ae8171ff382ef5221.txt,mal_train,mal_train,1,stop,0c213ef729950323440d62292de91d2e7bc17970a902c72ae8171ff382ef5221,0c213ef729950323440d62292de91d2e7bc17970a902c72ae8171ff382ef5221,x86,plain,23896,1,
stop_0cc3dc3c3ab412bbfeb1dc25084a490c08bc29ef3ef8b2933c631025d7197a4d.txt,mal_train,mal_train,1,stop,0cc3dc3c3ab412bbfeb1dc25084a490c08bc29ef3ef8b2933c631025d7197a4d,0cc3dc3c3ab412bbfeb1dc25084a490c08bc29ef3ef8b2933c631025d7197a4d,x86,plain,16571,1,
stop_0e563a11fbad32ff02ffe4fc9bad5c022bf7a36855c3407058e14e69ca8d69a3.txt,mal_train,mal_train,1,stop,0e563a11fbad32ff02ffe4fc9bad5c022bf7a36855c3407058e14e69ca8d69a3,0e563a11fbad32ff02ffe4fc9bad5c022bf7a36855c3407058e14e69ca8d69a3,x86,plain,63610,1,
stop_0e9d06b7301792e220b72b88ca51dda59cc3e8f7618fe45cc1d68dfac0b17756.txt,mal_train,mal_train,1,stop,0e9d06b7301792e220b72b88ca51dda59cc3e8f7618fe45cc1d68dfac0b17756,0e9d06b7301792e220b72b88ca51dda59cc3e8f7618fe45cc1d68dfac0b17756,x86,plain,16456,1,
stop_0ef4e9d927784280b371ab3aebfb056ce7b1e377916507d483ef9a4ff8b202f1.txt,mal_train,mal_train,1,stop,0ef4e9d927784280b371ab3aebfb056ce7b1e377916507d483ef9a4ff8b202f1,0ef4e9d927784280b371ab3aebfb056ce7b1e377916507d483ef9a4ff8b202f1,x86,plain,20825,1,
stop_11cb404eb6fc6d0aaca61b0edcbc009a2be321ce6fca9f865a272874678656a6.txt,mal_train,mal_train,1,stop,11cb404eb6fc6d0aaca61b0edcbc009a2be321ce6fca9f865a272874678656a6,11cb404eb6fc6d0aaca61b0edcbc009a2be321ce6fca9f865a272874678656a6,x86,plain,24027,1,
stop_13226234ee07128c9ebe8c9e34a066e746445e36cedff99899b98f1a88652ad9.txt,mal_train,mal_train,1,stop,13226234ee07128c9ebe8c9e34a066e746445e36cedff99899b98f1a88652ad9,13226234ee07128c9ebe8c9e34a066e746445e36cedff99899b98f1a88652ad9,x86,packed_other,251797,0,tag:packed_other
stop_134c7ced93694d0aece444f0067d7413fad6a2961636e8787dc84889120b0aae.txt,mal_train,mal_train,1,stop,134c7ced93694d0aece444f0067d7413fad6a2961636e8787dc84889120b0aae,134c7ced93694d0aece444f0067d7413fad6a2961636e8787dc84889120b0aae,x86,packed_other,159082,0,tag:packed_other
stop_1505ed1116425351ff433108f7cfa7b05e12531a961a9ef8a2df1209c35bd6a7.txt,mal_train,mal_train,1,stop,1505ed1116425351ff433108f7cfa7b05e12531a961a9ef8a2df1209c35bd6a7,1505ed1116425351ff433108f7cfa7b05e12531a961a9ef8a2df1209c35bd6a7,x86,plain,63837,1,
stop_19c8842028f5d34e2032e68de5913be7875cf0ad46e0914bf3d3ca6874dd22db.txt,mal_train,mal_train,1,stop,19c8842028f5d34e2032e68de5913be7875cf0ad46e0914bf3d3ca6874dd22db,19c8842028f5d34e2032e68de5913be7875cf0ad46e0914bf3d3ca6874dd22db,x86,plain,16571,1,
stop_20e8997a74ae8dd68fe98e7454c4056d09c6f92c19e52dd832f82e02082932e9.txt,mal_train,mal_train,1,stop,20e8997a74ae8dd68fe98e7454c4056d09c6f92c19e52dd832f82e02082932e9,20e8997a74ae8dd68fe98e7454c4056d09c6f92c19e52dd832f82e02082932e9,x86,plain,22355,1,
stop_32b0fbaf95fefcc9b89243be8721625592fc9ed92d76a48cab263898fd3d5c08.txt,mal_train,mal_train,1,stop,32b0fbaf95fefcc9b89243be8721625592fc9ed92d76a48cab263898fd3d5c08,32b0fbaf95fefcc9b89243be8721625592fc9ed92d76a48cab263898fd3d5c08,x86,plain,42036,1,
stop_37c73441b4721b0231c8794d6d4fde63de828dbf59c18f64a52c7fc2e456fa80.txt,mal_train,mal_train,1,stop,37c73441b4721b0231c8794d6d4fde63de828dbf59c18f64a52c7fc2e456fa80,37c73441b4721b0231c8794d6d4fde63de828dbf59c18f64a52c7fc2e456fa80,x86,packed_other,284393,0,tag:packed_other
stop_446f4aff5e8617a75939deeddfec9c0cd2434f3a06f63ae037594b93c0f6ee61.txt,mal_train,mal_train,1,stop,446f4aff5e8617a75939deeddfec9c0cd2434f3a06f63ae037594b93c0f6ee61,446f4aff5e8617a75939deeddfec9c0cd2434f3a06f63ae037594b93c0f6ee61,x86,plain,14100,1,
stop_45c47a6726cb73283befa8f3157d82efd25e757c8e22f46fb93b557f4622994f.txt,mal_train,mal_train,1,stop,45c47a6726cb73283befa8f3157d82efd25e757c8e22f46fb93b557f4622994f,45c47a6726cb73283befa8f3157d82efd25e757c8e22f46fb93b557f4622994f,x86,plain,63538,1,
stop_486ab4d9e0a524b8f734a9e45821538c31e18c7632af8e0765dc417b9a87c64d.txt,mal_train,mal_train,1,stop,486ab4d9e0a524b8f734a9e45821538c31e18c7632af8e0765dc417b9a87c64d,486ab4d9e0a524b8f734a9e45821538c31e18c7632af8e0765dc417b9a87c64d,x86,plain,54268,1,
stop_49a081d5148fe1834ec595ebc1d156ae57d4dab207b9246a74b8a207382c7d66.txt,mal_train,mal_train,1,stop,49a081d5148fe1834ec595ebc1d156ae57d4dab207b9246a74b8a207382c7d66,49a081d5148fe1834ec595ebc1d156ae57d4dab207b9246a74b8a207382c7d66,x86,packed_other,258934,0,tag:packed_other
stop_52875170b3d4d831363ef0544a1f07934099ec94af1b8c7aa6c54b68086e640a.txt,mal_train,mal_train,1,stop,52875170b3d4d831363ef0544a1f07934099ec94af1b8c7aa6c54b68086e640a,52875170b3d4d831363ef0544a1f07934099ec94af1b8c7aa6c54b68086e640a,x86,plain,91266,1,
stop_5af0f5b0bada5b7aaa681eddebc47734267af06eb39610590a625315f449d4de.txt,mal_train,mal_train,1,stop,5af0f5b0bada5b7aaa681eddebc47734267af06eb39610590a625315f449d4de,5af0f5b0bada5b7aaa681eddebc47734267af06eb39610590a625315f449d4de,x86,packed_other,265306,0,tag:packed_other
stop_5cfb7ddd1fc769d3117baf21e8d7263bf85ecbda7156126c101add0f6aebf0ef.txt,mal_train,mal_train,1,stop,5cfb7ddd1fc769d3117baf21e8d7263bf85ecbda7156126c101add0f6aebf0ef,5cfb7ddd1fc769d3117baf21e8d7263bf85ecbda7156126c101add0f6aebf0ef,x86,packed_other,286065,0,tag:packed_other
stop_5d294a14a491dc4e08593b2f6cdcaace1e894c449b05b4132b9ba5c005848c58.txt,mal_train,mal_train,1,stop,5d294a14a491dc4e08593b2f6cdcaace1e894c449b05b4132b9ba5c005848c58,5d294a14a491dc4e08593b2f6cdcaace1e894c449b05b4132b9ba5c005848c58,x86,plain,119164,1,
stop_5d5c067cbfd22a4bc080b26fd63a8fdbe5364e3f32079ddd0bdd65ffd4ac438e.txt,mal_train,mal_train,1,stop,5d5c067cbfd22a4bc080b26fd63a8fdbe5364e3f32079ddd0bdd65ffd4ac438e,5d5c067cbfd22a4bc080b26fd63a8fdbe5364e3f32079ddd0bdd65ffd4ac438e,x86,plain,9461,1,
stop_5e31c71972338fbc40bffeacaf83eb64b50ba0f348ae1bde514fded1d6628f91.txt,mal_train,mal_train,1,stop,5e31c71972338fbc40bffeacaf83eb64b50ba0f348ae1bde514fded1d6628f91,5e31c71972338fbc40bffeacaf83eb64b50ba0f348ae1bde514fded1d6628f91,x86,packed_other,266836,0,tag:packed_other
stop_6a8c0a95d3384c716f16fbd50628313740b650e8a87f94df808eb37b0ea45f56.txt,mal_train,mal_train,1,stop,6a8c0a95d3384c716f16fbd50628313740b650e8a87f94df808eb37b0ea45f56,6a8c0a95d3384c716f16fbd50628313740b650e8a87f94df808eb37b0ea45f56,x86,packed_other,253785,0,tag:packed_other
stop_6bcc1457190babad51e35d278328e52505b1917de234acf427f7e7b48e0e6f0e.txt,mal_train,mal_train,1,stop,6bcc1457190babad51e35d278328e52505b1917de234acf427f7e7b48e0e6f0e,6bcc1457190babad51e35d278328e52505b1917de234acf427f7e7b48e0e6f0e,x86,plain,63867,1,
stop_963f2a8133f6a5d772fe78943293869c9825a869d110f8f698b9755ad0c5a3f1.txt,mal_train,mal_train,1,stop,963f2a8133f6a5d772fe78943293869c9825a869d110f8f698b9755ad0c5a3f1,963f2a8133f6a5d772fe78943293869c9825a869d110f8f698b9755ad0c5a3f1,x86,packed_other,258779,0,tag:packed_other
stop_96b6e097f79c99aa21d05542bd4a6317303a28aaf6fb4ff0f790a7f701747979.txt,mal_train,mal_train,1,stop,96b6e097f79c99aa21d05542bd4a6317303a28aaf6fb4ff0f790a7f701747979,96b6e097f79c99aa21d05542bd4a6317303a28aaf6fb4ff0f790a7f701747979,x86,plain,104316,1,
stop_99e6627336c4f6097f2268b21bc77a0e8fc0006c6d73db5c085037513c93c097.txt,mal_train,mal_train,1,stop,99e6627336c4f6097f2268b21bc77a0e8fc0006c6d73db5c085037513c93c097,99e6627336c4f6097f2268b21bc77a0e8fc0006c6d73db5c085037513c93c097,x86,plain,91481,1,
stop_a0137a93bef6b2099aa938d5dc48b8787992bc76a865c0a633e71b2424a3cb12.txt,mal_train,mal_train,1,stop,a0137a93bef6b2099aa938d5dc48b8787992bc76a865c0a633e71b2424a3cb12,a0137a93bef6b2099aa938d5dc48b8787992bc76a865c0a633e71b2424a3cb12,x86,packed_other,250739,0,tag:packed_other
stop_ab773ef4933bf0d52210c6494f3611a6805c4fd880d1c62171e96f5d5b25f46f.txt,mal_train,mal_train,1,stop,ab773ef4933bf0d52210c6494f3611a6805c4fd880d1c62171e96f5d5b25f46f,ab773ef4933bf0d52210c6494f3611a6805c4fd880d1c62171e96f5d5b25f46f,x86,plain,53321,1,
stop_b21a21300db0acf6f1c08b843fe5b8e0a9286696f077f1a472fb14e78d3cc94f.txt,mal_train,mal_train,1,stop,b21a21300db0acf6f1c08b843fe5b8e0a9286696f077f1a472fb14e78d3cc94f,b21a21300db0acf6f1c08b843fe5b8e0a9286696f077f1a472fb14e78d3cc94f,x86,packed_other,278150,0,tag:packed_other
stop_b9e8675ae83abf6263f910acc381599618bc10b87a443ac2ab57cb64e929c65d.txt,mal_train,mal_train,1,stop,b9e8675ae83abf6263f910acc381599618bc10b87a443ac2ab57cb64e929c65d,b9e8675ae83abf6263f910acc381599618bc10b87a443ac2ab57cb64e929c65d,x86,packed_other,291798,0,tag:packed_other
stop_bb85125d08e5f947de240348d133dadf0475af0556856e09d497ba14d2d4ac54.txt,mal_train,mal_train,1,stop,bb85125d08e5f947de240348d133dadf0475af0556856e09d497ba14d2d4ac54,bb85125d08e5f947de240348d133dadf0475af0556856e09d497ba14d2d4ac54,x86,plain,63543,1,
stop_cc16ec8062a3ed597edf121dc8e74170c70dc50159a70604f9e6f4256974c396.txt,mal_train,mal_train,1,stop,cc16ec8062a3ed597edf121dc8e74170c70dc50159a70604f9e6f4256974c396,cc16ec8062a3ed597edf121dc8e74170c70dc50159a70604f9e6f4256974c396,x86,plain,63882,1,
stop_d5c60ae5f174a2a2d95921e5b18c78e4c1ff4881a43540075309b47b827ef523.txt,mal_train,mal_train,1,stop,d5c60ae5f174a2a2d95921e5b18c78e4c1ff4881a43540075309b47b827ef523,d5c60ae5f174a2a2d95921e5b18c78e4c1ff4881a43540075309b47b827ef523,x86,plain,314021,1,
stop_e19a2db727b539378d7fcad6516fc9e02522a6f4747279ff599d1f30bbaa1e10.txt,mal_train,mal_train,1,stop,e19a2db727b539378d7fcad6516fc9e02522a6f4747279ff599d1f30bbaa1e10,e19a2db727b539378d7fcad6516fc9e02522a6f4747279ff599d1f30bbaa1e10,x86,packed_other,285790,0,tag:packed_other
stop_eba1e2d8d2f3b1eaddaf6331df44e59c2e2ac9c907034f221db2684e89d75ec8.txt,mal_train,mal_train,1,stop,eba1e2d8d2f3b1eaddaf6331df44e59c2e2ac9c907034f221db2684e89d75ec8,eba1e2d8d2f3b1eaddaf6331df44e59c2e2ac9c907034f221db2684e89d75ec8,x86,plain,72799,1,
stop_f1e4755ee17247030f6baa75f18b41670b8f0d1d65a76826ad004225a87b646e.txt,mal_train,mal_train,1,stop,f1e4755ee17247030f6baa75f18b41670b8f0d1d65a76826ad004225a87b646e,f1e4755ee17247030f6baa75f18b41670b8f0d1d65a76826ad004225a87b646e,x86,plain,49332,1,
stop_f6476d08d2657e0ad84f224ab3eaa38568f79e65a5b84b72bd1da16a1bf10f13.txt,mal_train,mal_train,1,stop,f6476d08d2657e0ad84f224ab3eaa38568f79e65a5b84b72bd1da16a1bf10f13,f6476d08d2657e0ad84f224ab3eaa38568f79e65a5b84b72bd1da16a1bf10f13,x86,plain,91790,1,
thanos_0033c6e1db4b59f95b5261ecef244981e068c765f32616b26e23eddf99986454.txt,mal_train,mal_train,1,thanos,0033c6e1db4b59f95b5261ecef244981e068c765f32616b26e23eddf99986454,0033c6e1db4b59f95b5261ecef244981e068c765f32616b26e23eddf99986454,x86,dotnet,,0,tag:dotnet
thanos_025ecab4eed0ccb1d35c88c7b776aa41841951f2af6b2af61e803eb32f7b78e4.txt,mal_train,mal_train,1,thanos,025ecab4eed0ccb1d35c88c7b776aa41841951f2af6b2af61e803eb32f7b78e4,025ecab4eed0ccb1d35c88c7b776aa41841951f2af6b2af61e803eb32f7b78e4,x86,dotnet,,0,tag:dotnet
thanos_0361e25d7f958c3e5f76eb62917004939f40c020e2303c97ab8be431199baa6f.txt,mal_train,mal_train,1,thanos,0361e25d7f958c3e5f76eb62917004939f40c020e2303c97ab8be431199baa6f,0361e25d7f958c3e5f76eb62917004939f40c020e2303c97ab8be431199baa6f,x86,dotnet,,0,tag:dotnet
thanos_11aebdff8c064c160c2b21f3a844bacaecd581d9dc2e4224d31903d2a56e2dd3.txt,mal_train,mal_train,1,thanos,11aebdff8c064c160c2b21f3a844bacaecd581d9dc2e4224d31903d2a56e2dd3,11aebdff8c064c160c2b21f3a844bacaecd581d9dc2e4224d31903d2a56e2dd3,x86,dotnet,,0,tag:dotnet
thanos_1baccdc9eb758412cb3ad008bbf1f8d500ccf1ef9ad4c6a0903f584c6fd5d5d8.txt,mal_train,mal_train,1,thanos,1baccdc9eb758412cb3ad008bbf1f8d500ccf1ef9ad4c6a0903f584c6fd5d5d8,1baccdc9eb758412cb3ad008bbf1f8d500ccf1ef9ad4c6a0903f584c6fd5d5d8,x86,dotnet,,0,tag:dotnet
thanos_1d4db8733c5f11ee8fca530aeb4a91069de04b1af64cbe1fa3ae2d3572a6e554.txt,mal_train,mal_train,1,thanos,1d4db8733c5f11ee8fca530aeb4a91069de04b1af64cbe1fa3ae2d3572a6e554,1d4db8733c5f11ee8fca530aeb4a91069de04b1af64cbe1fa3ae2d3572a6e554,x86,dotnet,,0,tag:dotnet
thanos_2eb10ec6fa0d6d3f02a362ad5cbd55da6df47d23cfbacc3bc5a549e761cef7c8.txt,mal_train,mal_train,1,thanos,2eb10ec6fa0d6d3f02a362ad5cbd55da6df47d23cfbacc3bc5a549e761cef7c8,2eb10ec6fa0d6d3f02a362ad5cbd55da6df47d23cfbacc3bc5a549e761cef7c8,x86,dotnet,,0,tag:dotnet
thanos_4852f22df095db43f2a92e99384ff7667020413e74f67fcbd42fca16f8f96f4c.txt,mal_train,mal_train,1,thanos,4852f22df095db43f2a92e99384ff7667020413e74f67fcbd42fca16f8f96f4c,4852f22df095db43f2a92e99384ff7667020413e74f67fcbd42fca16f8f96f4c,x86,dotnet,,0,tag:dotnet
thanos_58bfb9fa8889550d13f42473956dc2a7ec4f3abb18fd3faeaa38089d513c171f.txt,mal_train,mal_train,1,thanos,58bfb9fa8889550d13f42473956dc2a7ec4f3abb18fd3faeaa38089d513c171f,58bfb9fa8889550d13f42473956dc2a7ec4f3abb18fd3faeaa38089d513c171f,x86,dotnet,,0,tag:dotnet
thanos_5c66963cf7d417ffe475afdf18906df5c6dcd8dbbb1462918f197323dabb6f19.txt,mal_train,mal_train,1,thanos,5c66963cf7d417ffe475afdf18906df5c6dcd8dbbb1462918f197323dabb6f19,5c66963cf7d417ffe475afdf18906df5c6dcd8dbbb1462918f197323dabb6f19,x86,dotnet,,0,tag:dotnet
thanos_5d40615701c48a122e44f831e7c8643d07765629a83b15d090587f469c77693d.txt,mal_train,mal_train,1,thanos,5d40615701c48a122e44f831e7c8643d07765629a83b15d090587f469c77693d,5d40615701c48a122e44f831e7c8643d07765629a83b15d090587f469c77693d,x86,dotnet,,0,tag:dotnet
thanos_5fd33c0fb29103a7323c1ea97015ee932f99d454731be58f7db6988f10c115b8.txt,mal_train,mal_train,1,thanos,5fd33c0fb29103a7323c1ea97015ee932f99d454731be58f7db6988f10c115b8,5fd33c0fb29103a7323c1ea97015ee932f99d454731be58f7db6988f10c115b8,x86,plain,8404,0,family:thanos
thanos_66ed5384220ff3091903e14a54849f824fdd13ac70dc4e0127eb59c1de801fc2.txt,mal_train,mal_train,1,thanos,66ed5384220ff3091903e14a54849f824fdd13ac70dc4e0127eb59c1de801fc2,66ed5384220ff3091903e14a54849f824fdd13ac70dc4e0127eb59c1de801fc2,x86,dotnet,,0,tag:dotnet
thanos_6a5090762c6058bc223e37e89f53832faad80995e3c5ed7e59ed9f5a5e604e47.txt,mal_train,mal_train,1,thanos,6a5090762c6058bc223e37e89f53832faad80995e3c5ed7e59ed9f5a5e604e47,6a5090762c6058bc223e37e89f53832faad80995e3c5ed7e59ed9f5a5e604e47,x86,dotnet,,0,tag:dotnet
thanos_6e016c4d1db409b5e499289f31bcb6b87b5c46b29d4fcba4a50a7b68d733b93e.txt,mal_train,mal_train,1,thanos,6e016c4d1db409b5e499289f31bcb6b87b5c46b29d4fcba4a50a7b68d733b93e,6e016c4d1db409b5e499289f31bcb6b87b5c46b29d4fcba4a50a7b68d733b93e,x86,dotnet,,0,tag:dotnet
thanos_6e6b78a1df17d6718daa857827a2a364b7627d9bfd6672406ad72b276014209c.txt,mal_train,mal_train,1,thanos,6e6b78a1df17d6718daa857827a2a364b7627d9bfd6672406ad72b276014209c,6e6b78a1df17d6718daa857827a2a364b7627d9bfd6672406ad72b276014209c,x86,dotnet,,0,tag:dotnet
thanos_714f630043670cdab4475971a255d836a1366e417cd0b60053bf026551d62409.txt,mal_train,mal_train,1,thanos,714f630043670cdab4475971a255d836a1366e417cd0b60053bf026551d62409,714f630043670cdab4475971a255d836a1366e417cd0b60053bf026551d62409,x86,dotnet,,0,tag:dotnet
thanos_779db1c725f71e54d4f31452763784abe783afa6a78cc222e17796b0045f33fc.txt,mal_train,mal_train,1,thanos,779db1c725f71e54d4f31452763784abe783afa6a78cc222e17796b0045f33fc,779db1c725f71e54d4f31452763784abe783afa6a78cc222e17796b0045f33fc,x86,dotnet,,0,tag:dotnet
thanos_81411c9010f2adcb4758bac5ed6128d5a76b24689d477f6ed2c3003fd57e4f3b.txt,mal_train,mal_train,1,thanos,81411c9010f2adcb4758bac5ed6128d5a76b24689d477f6ed2c3003fd57e4f3b,81411c9010f2adcb4758bac5ed6128d5a76b24689d477f6ed2c3003fd57e4f3b,x86,dotnet,,0,tag:dotnet
thanos_8c723af5c826adea162ef3f2e37a1cca7b43d549c9a5fab7c9ff17f65eb5d8e7.txt,mal_train,mal_train,1,thanos,8c723af5c826adea162ef3f2e37a1cca7b43d549c9a5fab7c9ff17f65eb5d8e7,8c723af5c826adea162ef3f2e37a1cca7b43d549c9a5fab7c9ff17f65eb5d8e7,x86,dotnet,,0,tag:dotnet
thanos_8d268be58a27d2c980b807ffe703ea28b0fd0cd1ba2e455902faebe9ec17c52e.txt,mal_train,mal_train,1,thanos,8d268be58a27d2c980b807ffe703ea28b0fd0cd1ba2e455902faebe9ec17c52e,8d268be58a27d2c980b807ffe703ea28b0fd0cd1ba2e455902faebe9ec17c52e,x86,dotnet,,0,tag:dotnet
thanos_936a35ca214e9be1438c67a1153c854c28054994ce43f1eed39bb9dc52cb54dd.txt,mal_train,mal_train,1,thanos,936a35ca214e9be1438c67a1153c854c28054994ce43f1eed39bb9dc52cb54dd,936a35ca214e9be1438c67a1153c854c28054994ce43f1eed39bb9dc52cb54dd,x86,dotnet,,0,tag:dotnet
thanos_9bf0633f41d2962ba5e2895ece2ef9fa7b546ada311ca30f330f0d261a7fb184.txt,mal_train,mal_train,1,thanos,9bf0633f41d2962ba5e2895ece2ef9fa7b546ada311ca30f330f0d261a7fb184,9bf0633f41d2962ba5e2895ece2ef9fa7b546ada311ca30f330f0d261a7fb184,x86,dotnet,,0,tag:dotnet
thanos_9d85a74f073c4403e3a91017b6757e0368139e672498a2f84f5efaad0d1b573b.txt,mal_train,mal_train,1,thanos,9d85a74f073c4403e3a91017b6757e0368139e672498a2f84f5efaad0d1b573b,9d85a74f073c4403e3a91017b6757e0368139e672498a2f84f5efaad0d1b573b,x86,dotnet,,0,tag:dotnet
thanos_a0e20c580e8a82f4103af90d290f762bd847fadd4eba1f5cd90e465bb9f810b7.txt,mal_train,mal_train,1,thanos,a0e20c580e8a82f4103af90d290f762bd847fadd4eba1f5cd90e465bb9f810b7,a0e20c580e8a82f4103af90d290f762bd847fadd4eba1f5cd90e465bb9f810b7,x86,dotnet,,0,tag:dotnet
thanos_ae66e009e16f0fad3b70ad20801f48f2edb904fa5341a89e126a26fd3fc80f75.txt,mal_train,mal_train,1,thanos,ae66e009e16f0fad3b70ad20801f48f2edb904fa5341a89e126a26fd3fc80f75,ae66e009e16f0fad3b70ad20801f48f2edb904fa5341a89e126a26fd3fc80f75,x86,dotnet,,0,tag:dotnet
thanos_b6f774f46949d54a060dabf2d7d08eef9fd390091f419ce1a2b555bcd58b2d32.txt,mal_train,mal_train,1,thanos,b6f774f46949d54a060dabf2d7d08eef9fd390091f419ce1a2b555bcd58b2d32,b6f774f46949d54a060dabf2d7d08eef9fd390091f419ce1a2b555bcd58b2d32,x86,dotnet,,0,tag:dotnet
thanos_c460fc0d4fdaf5c68623e18de106f1c3601d7bd6ba80ddad86c10fd6ea123850.txt,mal_train,mal_train,1,thanos,c460fc0d4fdaf5c68623e18de106f1c3601d7bd6ba80ddad86c10fd6ea123850,c460fc0d4fdaf5c68623e18de106f1c3601d7bd6ba80ddad86c10fd6ea123850,x86,dotnet,,0,tag:dotnet
thanos_caf815381680cfa6afedcd7c7af5a5c838788b1c7ec593ce817114a25ab63441.txt,mal_train,mal_train,1,thanos,caf815381680cfa6afedcd7c7af5a5c838788b1c7ec593ce817114a25ab63441,caf815381680cfa6afedcd7c7af5a5c838788b1c7ec593ce817114a25ab63441,x86,dotnet,,0,tag:dotnet
thanos_cbdb04d23e395b270e16d7ca81cc6b734039fa069932989d4e4f4d4d266df28b.txt,mal_train,mal_train,1,thanos,cbdb04d23e395b270e16d7ca81cc6b734039fa069932989d4e4f4d4d266df28b,cbdb04d23e395b270e16d7ca81cc6b734039fa069932989d4e4f4d4d266df28b,x86,dotnet,,0,tag:dotnet
thanos_d29abe6ed086a5508c54df31010c36cc19fea3bdc5d521ee7c0d7063a51bb131.txt,mal_train,mal_train,1,thanos,d29abe6ed086a5508c54df31010c36cc19fea3bdc5d521ee7c0d7063a51bb131,d29abe6ed086a5508c54df31010c36cc19fea3bdc5d521ee7c0d7063a51bb131,x86,dotnet,,0,tag:dotnet
thanos_d86c0f01f524ac5fe1c78b57db10616a242881c6f356807924ec5b2a24f3b65a.txt,mal_train,mal_train,1,thanos,d86c0f01f524ac5fe1c78b57db10616a242881c6f356807924ec5b2a24f3b65a,d86c0f01f524ac5fe1c78b57db10616a242881c6f356807924ec5b2a24f3b65a,x86,dotnet,,0,tag:dotnet
thanos_d991aa2b1fad608b567be28e2d13d3d4f48eea3dea8f5d51a8e42aa9a2637426.txt,mal_train,mal_train,1,thanos,d991aa2b1fad608b567be28e2d13d3d4f48eea3dea8f5d51a8e42aa9a2637426,d991aa2b1fad608b567be28e2d13d3d4f48eea3dea8f5d51a8e42aa9a2637426,x86,dotnet,,0,tag:dotnet
thanos_e15f9169021b5e11381547d57a952b98e06f6366161d56083ff9be69fc43e9bf.txt,mal_train,mal_train,1,thanos,e15f9169021b5e11381547d57a952b98e06f6366161d56083ff9be69fc43e9bf,e15f9169021b5e11381547d57a952b98e06f6366161d56083ff9be69fc43e9bf,x86,dotnet,,0,tag:dotnet
thanos_f9533288e6a7279195902c8691d5f223c77015fa332b56e23aeec3581c0cdbdb.txt,mal_train,mal_train,1,thanos,f9533288e6a7279195902c8691d5f223c77015fa332b56e23aeec3581c0cdbdb,f9533288e6a7279195902c8691d5f223c77015fa332b56e23aeec3581c0cdbdb,x86,dotnet,,0,tag:dotnet
wastedlocker_06e3e56153ca25cb9790495f0768e9b615e088f9241ac7f3b974f2e9cd97bd21.txt,mal_train,mal_train,1,wastedlocker,06e3e56153ca25cb9790495f0768e9b615e088f9241ac7f3b974f2e9cd97bd21,06e3e56153ca25cb9790495f0768e9b615e088f9241ac7f3b974f2e9cd97bd21,x86,plain,11438,1,
wastedlocker_0e06a89b601e02fe57ed699b2a5a000821647516fbc0e9a4c08c08c5d0b92cea.txt,mal_train,mal_train,1,wastedlocker,0e06a89b601e02fe57ed699b2a5a000821647516fbc0e9a4c08c08c5d0b92cea,0e06a89b601e02fe57ed699b2a5a000821647516fbc0e9a4c08c08c5d0b92cea,x86,plain,10962,1,
wastedlocker_0ee5e68383fe3d0c049da3083384af79b65fd25f1b9a2857bc94d41e4dd53525.txt,mal_train,mal_train,1,wastedlocker,0e6bad4b12da9130adde3f36955484e8cba3e4113067bc2551ec88074c2b7d60,0ee5e68383fe3d0c049da3083384af79b65fd25f1b9a2857bc94d41e4dd53525,x86,plain,3675,1,
wastedlocker_37a30621364d3083424b24b0255fc8f5752d88c381600d840574e551c284fb6e.txt,mal_train,mal_train,1,wastedlocker,37a30621364d3083424b24b0255fc8f5752d88c381600d840574e551c284fb6e,37a30621364d3083424b24b0255fc8f5752d88c381600d840574e551c284fb6e,x86,plain,11439,1,
wastedlocker_38d3d9aabcba1130937b16b3661adea027d8a02ff9756c91c8cbfbb6a24f790e.txt,mal_train,mal_train,1,wastedlocker,bad14e9954f35a8274869047146a6150b354bf917f6a55d5ff9698c6c87cd83e,38d3d9aabcba1130937b16b3661adea027d8a02ff9756c91c8cbfbb6a24f790e,x86,plain,2345,1,
wastedlocker_3cf9f70a28656cb3d6c0ab960f89df9b2b5939e930edb8e11d46b2560ab460cd.txt,mal_train,mal_train,1,wastedlocker,3cf9f70a28656cb3d6c0ab960f89df9b2b5939e930edb8e11d46b2560ab460cd,3cf9f70a28656cb3d6c0ab960f89df9b2b5939e930edb8e11d46b2560ab460cd,x86,plain,2000,1,
wastedlocker_3d9440075113f8dbb08c9fe78cfee716db07f45a99fd82bf4df610d4a4671587.txt,mal_train,mal_train,1,wastedlocker,3d9440075113f8dbb08c9fe78cfee716db07f45a99fd82bf4df610d4a4671587,3d9440075113f8dbb08c9fe78cfee716db07f45a99fd82bf4df610d4a4671587,x86,plain,10962,1,
wastedlocker_4d7e4660c8e71d4d663dac8ea2b8cde6e07277b2839beda6ad88eb66f3f5a71b.txt,mal_train,mal_train,1,wastedlocker,4d7e4660c8e71d4d663dac8ea2b8cde6e07277b2839beda6ad88eb66f3f5a71b,4d7e4660c8e71d4d663dac8ea2b8cde6e07277b2839beda6ad88eb66f3f5a71b,x86,plain,10962,1,
wastedlocker_5359628eee82f04a5f72aa33f181887b306095c4af5cb37cba7eba7ca61c814c.txt,mal_train,mal_train,1,wastedlocker,5359628eee82f04a5f72aa33f181887b306095c4af5cb37cba7eba7ca61c814c,5359628eee82f04a5f72aa33f181887b306095c4af5cb37cba7eba7ca61c814c,x86,plain,11192,1,
wastedlocker_597ab9cbb4beea848beed36fe7ef634130e649e15ae8c1161fd6baec16408803.txt,mal_train,mal_train,1,wastedlocker,597ab9cbb4beea848beed36fe7ef634130e649e15ae8c1161fd6baec16408803,597ab9cbb4beea848beed36fe7ef634130e649e15ae8c1161fd6baec16408803,x86,packed_other,22968,0,tag:packed_other
wastedlocker_5cd04805f9753ca08b82e88c27bf5426d1d356bb26b281885573051048911367.txt,mal_train,mal_train,1,wastedlocker,5cd04805f9753ca08b82e88c27bf5426d1d356bb26b281885573051048911367,5cd04805f9753ca08b82e88c27bf5426d1d356bb26b281885573051048911367,x86,plain,735775,1,
wastedlocker_5d3257b8c18ddb6832aad76f0c64acb47703781edfe0a1652f73a7ebbde5edc9.txt,mal_train,mal_train,1,wastedlocker,5d3257b8c18ddb6832aad76f0c64acb47703781edfe0a1652f73a7ebbde5edc9,5d3257b8c18ddb6832aad76f0c64acb47703781edfe0a1652f73a7ebbde5edc9,x86,plain,10962,1,
wastedlocker_633e3f41ab072d59eb255348209fd3228a8abc3168601c7f95342ef85efdc6b2.txt,mal_train,mal_train,1,wastedlocker,633e3f41ab072d59eb255348209fd3228a8abc3168601c7f95342ef85efdc6b2,633e3f41ab072d59eb255348209fd3228a8abc3168601c7f95342ef85efdc6b2,x86,plain,2988,1,
wastedlocker_6b13593902307f9ad68271be9205aabedd35a3b566f88dc891fbf53833cf4844.txt,mal_train,mal_train,1,wastedlocker,6b13593902307f9ad68271be9205aabedd35a3b566f88dc891fbf53833cf4844,6b13593902307f9ad68271be9205aabedd35a3b566f88dc891fbf53833cf4844,x86,plain,11607,1,
wastedlocker_6d35b01dbe014c6efc18d587c2be5e12617e1681cc670ba5c49fe7ead9de780e.txt,mal_train,mal_train,1,wastedlocker,6d35b01dbe014c6efc18d587c2be5e12617e1681cc670ba5c49fe7ead9de780e,6d35b01dbe014c6efc18d587c2be5e12617e1681cc670ba5c49fe7ead9de780e,x86,plain,11439,1,
wastedlocker_7a45a4ae68992e5be784b4a6da7acd98dc28281fe238f22c1f7c1d85a90d144a.txt,mal_train,mal_train,1,wastedlocker,7a45a4ae68992e5be784b4a6da7acd98dc28281fe238f22c1f7c1d85a90d144a,7a45a4ae68992e5be784b4a6da7acd98dc28281fe238f22c1f7c1d85a90d144a,x86,plain,10886,1,
wastedlocker_7de425238719622bf2b2150591631b0a71d6a5dade419a4e67b9bdbfa272b559.txt,mal_train,mal_train,1,wastedlocker,7de425238719622bf2b2150591631b0a71d6a5dade419a4e67b9bdbfa272b559,7de425238719622bf2b2150591631b0a71d6a5dade419a4e67b9bdbfa272b559,x86,plain,11439,1,
wastedlocker_887aac61771af200f7e58bf0d02cb96d9befa11deda4e448f0a700ccb186ce9d.txt,mal_train,mal_train,1,wastedlocker,887aac61771af200f7e58bf0d02cb96d9befa11deda4e448f0a700ccb186ce9d,887aac61771af200f7e58bf0d02cb96d9befa11deda4e448f0a700ccb186ce9d,x86,plain,287133,1,
wastedlocker_8897db876553f942b2eb4005f8475a232bafb82a50ca7761a621842e894a3d80.txt,mal_train,mal_train,1,wastedlocker,8897db876553f942b2eb4005f8475a232bafb82a50ca7761a621842e894a3d80,8897db876553f942b2eb4005f8475a232bafb82a50ca7761a621842e894a3d80,x86,plain,10725,1,
wastedlocker_8dc3389d37519b24aef2bcf2a15530ea1b13ff4b98228967c9876835bdb99a01.txt,mal_train,mal_train,1,wastedlocker,8dc3389d37519b24aef2bcf2a15530ea1b13ff4b98228967c9876835bdb99a01,8dc3389d37519b24aef2bcf2a15530ea1b13ff4b98228967c9876835bdb99a01,x86,plain,2854,1,
wastedlocker_905ea119ad8d3e54cd228c458a1b5681abc1f35df782977a23812ec4efa0288a.txt,mal_train,mal_train,1,wastedlocker,905ea119ad8d3e54cd228c458a1b5681abc1f35df782977a23812ec4efa0288a,905ea119ad8d3e54cd228c458a1b5681abc1f35df782977a23812ec4efa0288a,x86,plain,2345,1,
wastedlocker_9744b5f5d07149c5619d7fec67622b4e43bf3b28a803c2ab4121be4080e2b165.txt,mal_train,mal_train,1,wastedlocker,9744b5f5d07149c5619d7fec67622b4e43bf3b28a803c2ab4121be4080e2b165,9744b5f5d07149c5619d7fec67622b4e43bf3b28a803c2ab4121be4080e2b165,x86,plain,3593,1,
wastedlocker_97a1e14988672f7381d54e70785994ed45c2efe3da37e07be251a627f25078a7.txt,mal_train,mal_train,1,wastedlocker,97a1e14988672f7381d54e70785994ed45c2efe3da37e07be251a627f25078a7,97a1e14988672f7381d54e70785994ed45c2efe3da37e07be251a627f25078a7,x86,plain,1960,1,
wastedlocker_9c61d32200b225cb4f0150b758617db552fccf119f3b0bd68f65a53c05e3aba4.txt,mal_train,mal_train,1,wastedlocker,9c61d32200b225cb4f0150b758617db552fccf119f3b0bd68f65a53c05e3aba4,9c61d32200b225cb4f0150b758617db552fccf119f3b0bd68f65a53c05e3aba4,x86,plain,11439,1,
wastedlocker_a1b808fe6978e1645002d03f3f304b891c7b017d1f57d5c1c1a8aeb7814ca0d9.txt,mal_train,mal_train,1,wastedlocker,a1b808fe6978e1645002d03f3f304b891c7b017d1f57d5c1c1a8aeb7814ca0d9,a1b808fe6978e1645002d03f3f304b891c7b017d1f57d5c1c1a8aeb7814ca0d9,other,arch_unsupported,,0,tag:arch_unsupported
wastedlocker_aa05e7a187ddec2e11fc1c9eafe61408d085b0ab6cd12caeaf531c9dca129772.txt,mal_train,mal_train,1,wastedlocker,aa05e7a187ddec2e11fc1c9eafe61408d085b0ab6cd12caeaf531c9dca129772,aa05e7a187ddec2e11fc1c9eafe61408d085b0ab6cd12caeaf531c9dca129772,x86,plain,735658,1,
wastedlocker_ab007094afec534a2aa64436f214866014a664e7399aeaf361790ede5eec6b56.txt,mal_train,mal_train,1,wastedlocker,ab007094afec534a2aa64436f214866014a664e7399aeaf361790ede5eec6b56,ab007094afec534a2aa64436f214866014a664e7399aeaf361790ede5eec6b56,x86,plain,11439,1,
wastedlocker_ae255679f487e2e9075ffd5e8c7836dd425229c1e3bd40cfc46fbbceceec7cf4.txt,mal_train,mal_train,1,wastedlocker,ae255679f487e2e9075ffd5e8c7836dd425229c1e3bd40cfc46fbbceceec7cf4,ae255679f487e2e9075ffd5e8c7836dd425229c1e3bd40cfc46fbbceceec7cf4,x86,plain,10886,1,
wastedlocker_b79565748d4e057ce732761bbeaa5578cb18f12c1890cdecd78a86e16fedd937.txt,mal_train,mal_train,1,wastedlocker,b79565748d4e057ce732761bbeaa5578cb18f12c1890cdecd78a86e16fedd937,b79565748d4e057ce732761bbeaa5578cb18f12c1890cdecd78a86e16fedd937,x86,plain,11192,1,
wastedlocker_bcdac1a2b67e2b47f8129814dca3bcf7d55404757eb09f1c3103f57da3153ec8.txt,mal_train,mal_train,1,wastedlocker,bcdac1a2b67e2b47f8129814dca3bcf7d55404757eb09f1c3103f57da3153ec8,bcdac1a2b67e2b47f8129814dca3bcf7d55404757eb09f1c3103f57da3153ec8,x86,plain,10886,1,
wastedlocker_d054e9223a2665b1746727d7bf9b008181c2d60c6a20b27490e4adb151560823.txt,mal_train,mal_train,1,wastedlocker,d054e9223a2665b1746727d7bf9b008181c2d60c6a20b27490e4adb151560823,d054e9223a2665b1746727d7bf9b008181c2d60c6a20b27490e4adb151560823,x86,plain,11730,1,
wastedlocker_d5b5a063656f2ce6dc50ed24278a2d21f2bb762c8e65c0d2ffc2477986896acf.txt,mal_train,mal_train,1,wastedlocker,d5b5a063656f2ce6dc50ed24278a2d21f2bb762c8e65c0d2ffc2477986896acf,d5b5a063656f2ce6dc50ed24278a2d21f2bb762c8e65c0d2ffc2477986896acf,x86,plain,3675,1,
wastedlocker_db665f26dbc4ca92d326f2cb98faafb9e84d404346b201cd88bec91ce4206bb2.txt,mal_train,mal_train,1,wastedlocker,db665f26dbc4ca92d326f2cb98faafb9e84d404346b201cd88bec91ce4206bb2,db665f26dbc4ca92d326f2cb98faafb9e84d404346b201cd88bec91ce4206bb2,x86,plain,3675,1,
wastedlocker_e3bf41de3a7edf556d43b6196652aa036e48a602bb3f7c98af9dae992222a8eb.txt,mal_train,mal_train,1,wastedlocker,e3bf41de3a7edf556d43b6196652aa036e48a602bb3f7c98af9dae992222a8eb,e3bf41de3a7edf556d43b6196652aa036e48a602bb3f7c98af9dae992222a8eb,x86,plain,284869,1,
wastedlocker_e53da3060cb4574af7b763dea1f401f5180cda9d429e5df06b6a5d944829d4ff.txt,mal_train,mal_train,1,wastedlocker,e53da3060cb4574af7b763dea1f401f5180cda9d429e5df06b6a5d944829d4ff,e53da3060cb4574af7b763dea1f401f5180cda9d429e5df06b6a5d944829d4ff,x86,packed_other,2900,0,tag:packed_other
wastedlocker_e64a291f2b6238621e446496b96c14c7d9702a1ea2ab1f59088f5b2b75ffb1b8.txt,mal_train,mal_train,1,wastedlocker,e64a291f2b6238621e446496b96c14c7d9702a1ea2ab1f59088f5b2b75ffb1b8,e64a291f2b6238621e446496b96c14c7d9702a1ea2ab1f59088f5b2b75ffb1b8,x86,plain,11881,1,
wastedlocker_ec9b412e9a6e0da1a21c01158c4c8313b61b033f58d16d913d72229794069d18.txt,mal_train,mal_train,1,wastedlocker,ec9b412e9a6e0da1a21c01158c4c8313b61b033f58d16d913d72229794069d18,ec9b412e9a6e0da1a21c01158c4c8313b61b033f58d16d913d72229794069d18,x86,plain,11438,1,
wastedlocker_ed0632acb266a4ec3f51dd803c8025bccd654e53c64eb613e203c590897079b3.txt,mal_train,mal_train,1,wastedlocker,ed0632acb266a4ec3f51dd803c8025bccd654e53c64eb613e203c590897079b3,ed0632acb266a4ec3f51dd803c8025bccd654e53c64eb613e203c590897079b3,x86,plain,411673,1,
wastedlocker_ef7a9166c63d90cd5a4c5c58cb458da4c967a2baab2ad433de0aa20dfbf568f7.txt,mal_train,mal_train,1,wastedlocker,ef7a9166c63d90cd5a4c5c58cb458da4c967a2baab2ad433de0aa20dfbf568f7,ef7a9166c63d90cd5a4c5c58cb458da4c967a2baab2ad433de0aa20dfbf568f7,x86,plain,11439,1,
wastedlocker_f093b0006ef5ac52aa1d51fee705aa3b7b10a6af2acb4019b7bc16da4cabb5a1.txt,mal_train,mal_train,1,wastedlocker,f093b0006ef5ac52aa1d51fee705aa3b7b10a6af2acb4019b7bc16da4cabb5a1,f093b0006ef5ac52aa1d51fee705aa3b7b10a6af2acb4019b7bc16da4cabb5a1,x86,packed_other,152454,0,tag:packed_other
zeppelin_005b00d41740f7b0327d4d5fe0402dcfc84ae0df44a2231a89a59909eeb30b23.txt,mal_train,mal_train,1,zeppelin,005b00d41740f7b0327d4d5fe0402dcfc84ae0df44a2231a89a59909eeb30b23,005b00d41740f7b0327d4d5fe0402dcfc84ae0df44a2231a89a59909eeb30b23,x86,packed_other,69809,0,tag:packed_other
zeppelin_0b3932739176975ad69bae0a03171746b7efa1c3909cf5206dcb3b89d1947b15.txt,mal_train,mal_train,1,zeppelin,0b3932739176975ad69bae0a03171746b7efa1c3909cf5206dcb3b89d1947b15,0b3932739176975ad69bae0a03171746b7efa1c3909cf5206dcb3b89d1947b15,x86,packed_other,69809,0,tag:packed_other
zeppelin_0bed6711e6db24563a66ee99928864e8cf3f8cff0636c1efca1b14ef15941603.txt,mal_train,mal_train,1,zeppelin,0bed6711e6db24563a66ee99928864e8cf3f8cff0636c1efca1b14ef15941603,0bed6711e6db24563a66ee99928864e8cf3f8cff0636c1efca1b14ef15941603,x86,plain,108098,1,
zeppelin_15e3107a2c30da16832db6f9cdadd38c7a202d72b6a43899b9642d3b695d6f50.txt,mal_train,mal_train,1,zeppelin,15e3107a2c30da16832db6f9cdadd38c7a202d72b6a43899b9642d3b695d6f50,15e3107a2c30da16832db6f9cdadd38c7a202d72b6a43899b9642d3b695d6f50,x86,packed_other,114398,0,tag:packed_other
zeppelin_332bca23e362f6c95326ecc943cb39e93d6fdcf454d72a5e60c9e14f5802ce5a.txt,mal_train,mal_train,1,zeppelin,332bca23e362f6c95326ecc943cb39e93d6fdcf454d72a5e60c9e14f5802ce5a,332bca23e362f6c95326ecc943cb39e93d6fdcf454d72a5e60c9e14f5802ce5a,x86,packed_other,69936,0,tag:packed_other
zeppelin_39016358b939b83cf9997c447458ae2d13186c3f66e66784c9e8ff4031b60c7e.txt,mal_train,mal_train,1,zeppelin,39016358b939b83cf9997c447458ae2d13186c3f66e66784c9e8ff4031b60c7e,39016358b939b83cf9997c447458ae2d13186c3f66e66784c9e8ff4031b60c7e,x86,upx,,0,tag:upx
zeppelin_4355077d9e650cde600c29caf7fc7128ebb1f42331f130bbfe0e66265c67022a.txt,mal_train,mal_train,1,zeppelin,4355077d9e650cde600c29caf7fc7128ebb1f42331f130bbfe0e66265c67022a,4355077d9e650cde600c29caf7fc7128ebb1f42331f130bbfe0e66265c67022a,x86,packed_other,69953,0,tag:packed_other
zeppelin_43812b98e4f9480d25b426a23a7b4d2a4e498110545c7a3cb21159bf75c18e7b.txt,mal_train,mal_train,1,zeppelin,43812b98e4f9480d25b426a23a7b4d2a4e498110545c7a3cb21159bf75c18e7b,43812b98e4f9480d25b426a23a7b4d2a4e498110545c7a3cb21159bf75c18e7b,x86,plain,132037,1,
zeppelin_438d83a22ed38bb2241a99b96d644826522b28327f63055840ee7632d8e95cd8.txt,mal_train,mal_train,1,zeppelin,438d83a22ed38bb2241a99b96d644826522b28327f63055840ee7632d8e95cd8,438d83a22ed38bb2241a99b96d644826522b28327f63055840ee7632d8e95cd8,x86,plain,161757,1,
zeppelin_442bf867c8738c7231ff09db0715ec79d0ae15c050fbd46946c45b76a040d024.txt,mal_train,mal_train,1,zeppelin,442bf867c8738c7231ff09db0715ec79d0ae15c050fbd46946c45b76a040d024,442bf867c8738c7231ff09db0715ec79d0ae15c050fbd46946c45b76a040d024,x86,packed_other,69871,0,tag:packed_other
zeppelin_45c7c5d62ca2525ac1da111fb3388cb381c24c974eba1ca3681ef07b10ef7b77.txt,mal_train,mal_train,1,zeppelin,45c7c5d62ca2525ac1da111fb3388cb381c24c974eba1ca3681ef07b10ef7b77,45c7c5d62ca2525ac1da111fb3388cb381c24c974eba1ca3681ef07b10ef7b77,x86,packed_other,84617,0,tag:packed_other
zeppelin_49834791d5a128b60774ff8761cc87ba3385b05cc1ba8381a46927e177af1176.txt,mal_train,mal_train,1,zeppelin,49834791d5a128b60774ff8761cc87ba3385b05cc1ba8381a46927e177af1176,49834791d5a128b60774ff8761cc87ba3385b05cc1ba8381a46927e177af1176,x86,packed_other,87220,0,tag:packed_other
zeppelin_4f87fefc9bf667f1d60e9ac07bdcf91013d609b8222b6d1b2995706f7ece1b07.txt,mal_train,mal_train,1,zeppelin,4f87fefc9bf667f1d60e9ac07bdcf91013d609b8222b6d1b2995706f7ece1b07,4f87fefc9bf667f1d60e9ac07bdcf91013d609b8222b6d1b2995706f7ece1b07,x86,packed_other,87220,0,tag:packed_other
zeppelin_516475caf3fbd1f0c0283572550528f1f9e7b502dce5fb6b89d40f366a150bfd.txt,mal_train,mal_train,1,zeppelin,516475caf3fbd1f0c0283572550528f1f9e7b502dce5fb6b89d40f366a150bfd,516475caf3fbd1f0c0283572550528f1f9e7b502dce5fb6b89d40f366a150bfd,x86,packed_other,68996,0,tag:packed_other
zeppelin_522d6e25e6b7062786b699c76d46c2a510d94ca0760447a1d0951a6718fc9774.txt,mal_train,mal_train,1,zeppelin,522d6e25e6b7062786b699c76d46c2a510d94ca0760447a1d0951a6718fc9774,522d6e25e6b7062786b699c76d46c2a510d94ca0760447a1d0951a6718fc9774,x86,packed_other,69880,0,tag:packed_other
zeppelin_54f6ec27eb7526c439d33e7592e4864842fccf950d828fe14ef7c8eb080ee371.txt,mal_train,mal_train,1,zeppelin,54f6ec27eb7526c439d33e7592e4864842fccf950d828fe14ef7c8eb080ee371,54f6ec27eb7526c439d33e7592e4864842fccf950d828fe14ef7c8eb080ee371,x86,plain,161138,1,
zeppelin_56dc200341cac71492c374d9251791c60308d96d4387a8bbae999fdb5d841375.txt,mal_train,mal_train,1,zeppelin,56dc200341cac71492c374d9251791c60308d96d4387a8bbae999fdb5d841375,56dc200341cac71492c374d9251791c60308d96d4387a8bbae999fdb5d841375,x64,plain,1140,1,
zeppelin_5876685b455f0c3f0228d03744b34df3e38add056fdbe111f639eafddf4fcc14.txt,mal_train,mal_train,1,zeppelin,5876685b455f0c3f0228d03744b34df3e38add056fdbe111f639eafddf4fcc14,5876685b455f0c3f0228d03744b34df3e38add056fdbe111f639eafddf4fcc14,x64,plain,1140,1,
zeppelin_5c1141aa7d0b9fba71822607f3b1b086e2cc4529e63221a9a6ede74fa366512f.txt,mal_train,mal_train,1,zeppelin,5c1141aa7d0b9fba71822607f3b1b086e2cc4529e63221a9a6ede74fa366512f,5c1141aa7d0b9fba71822607f3b1b086e2cc4529e63221a9a6ede74fa366512f,x86,plain,58482,1,
zeppelin_63067c7050bab69e0903ed3887710e4fa50d30d5865c765941df579ddb9b4ab3.txt,mal_train,mal_train,1,zeppelin,63067c7050bab69e0903ed3887710e4fa50d30d5865c765941df579ddb9b4ab3,63067c7050bab69e0903ed3887710e4fa50d30d5865c765941df579ddb9b4ab3,x86,packed_other,71042,0,tag:packed_other
zeppelin_66fc6e71a9c6be1f604c4a2d0650914f67c45d894fd1f76913e463079d47a8af.txt,mal_train,mal_train,1,zeppelin,66fc6e71a9c6be1f604c4a2d0650914f67c45d894fd1f76913e463079d47a8af,66fc6e71a9c6be1f604c4a2d0650914f67c45d894fd1f76913e463079d47a8af,x86,packed_other,69348,0,tag:packed_other
zeppelin_67fffb00d1b0552cbfbc3f455643a88ee0b95a73a36dc47345b6705b6607ed3d.txt,mal_train,mal_train,1,zeppelin,67fffb00d1b0552cbfbc3f455643a88ee0b95a73a36dc47345b6705b6607ed3d,67fffb00d1b0552cbfbc3f455643a88ee0b95a73a36dc47345b6705b6607ed3d,x86,packed_other,69936,0,tag:packed_other
zeppelin_6ad150150f18b97e95e7f12465f502694e50e870e8f118ca52783124771211cf.txt,mal_train,mal_train,1,zeppelin,6ad150150f18b97e95e7f12465f502694e50e870e8f118ca52783124771211cf,6ad150150f18b97e95e7f12465f502694e50e870e8f118ca52783124771211cf,x86,packed_other,114398,0,tag:packed_other
zeppelin_7055e8438da61efa50058acd4e010c634f5e33352e2ee6d1f013572f004b7101.txt,mal_train,mal_train,1,zeppelin,7055e8438da61efa50058acd4e010c634f5e33352e2ee6d1f013572f004b7101,7055e8438da61efa50058acd4e010c634f5e33352e2ee6d1f013572f004b7101,x86,packed_other,69945,0,tag:packed_other
zeppelin_7d809e8c9b98c16647bbfac49854c28ecc3fe6d4345410deeaa79445cc50cf51.txt,mal_train,mal_train,1,zeppelin,7d809e8c9b98c16647bbfac49854c28ecc3fe6d4345410deeaa79445cc50cf51,7d809e8c9b98c16647bbfac49854c28ecc3fe6d4345410deeaa79445cc50cf51,x86,plain,503357,1,
zeppelin_821945dd5882aad4181fcb2670a26cc322224f9f677e5df26f7e708ced0ab6a3.txt,mal_train,mal_train,1,zeppelin,821945dd5882aad4181fcb2670a26cc322224f9f677e5df26f7e708ced0ab6a3,821945dd5882aad4181fcb2670a26cc322224f9f677e5df26f7e708ced0ab6a3,x86,packed_other,71041,0,tag:packed_other
zeppelin_824a76c39895bc3ad4f5dfc27fc3ac80d26514118c4669505a1f0cfdc8fdbcdc.txt,mal_train,mal_train,1,zeppelin,824a76c39895bc3ad4f5dfc27fc3ac80d26514118c4669505a1f0cfdc8fdbcdc,824a76c39895bc3ad4f5dfc27fc3ac80d26514118c4669505a1f0cfdc8fdbcdc,x86,plain,121928,1,
zeppelin_8ab4218a7ee9239d218f2729d6c00fb0246eeea1e97f85833dacfc73457c8b06.txt,mal_train,mal_train,1,zeppelin,8ab4218a7ee9239d218f2729d6c00fb0246eeea1e97f85833dacfc73457c8b06,8ab4218a7ee9239d218f2729d6c00fb0246eeea1e97f85833dacfc73457c8b06,x86,plain,25875,1,
zeppelin_8d3e383e0f74be276bf4d895d7300ed04a1af2ad307460abea7d5a831645e5ca.txt,mal_train,mal_train,1,zeppelin,8d3e383e0f74be276bf4d895d7300ed04a1af2ad307460abea7d5a831645e5ca,8d3e383e0f74be276bf4d895d7300ed04a1af2ad307460abea7d5a831645e5ca,x86,packed_other,69161,0,tag:packed_other
zeppelin_8d44fdbedd0ec9ae59fad78bdb12d15d6903470eb1046b45c227193b233adda6.txt,mal_train,mal_train,1,zeppelin,8d44fdbedd0ec9ae59fad78bdb12d15d6903470eb1046b45c227193b233adda6,8d44fdbedd0ec9ae59fad78bdb12d15d6903470eb1046b45c227193b233adda6,x86,plain,138706,1,
zeppelin_8de5795d080b582e5e58549e73bfa8c6e04a2c0fb98436647955817f2d4640e6.txt,mal_train,mal_train,1,zeppelin,8de5795d080b582e5e58549e73bfa8c6e04a2c0fb98436647955817f2d4640e6,8de5795d080b582e5e58549e73bfa8c6e04a2c0fb98436647955817f2d4640e6,x86,plain,72110,1,
zeppelin_93fe277d54f4baac5762412dda6f831bf6a612f166daade7c23f6b38feac94fb.txt,mal_train,mal_train,1,zeppelin,93fe277d54f4baac5762412dda6f831bf6a612f166daade7c23f6b38feac94fb,93fe277d54f4baac5762412dda6f831bf6a612f166daade7c23f6b38feac94fb,x86,packed_other,69358,0,tag:packed_other
zeppelin_99ee7cf74c8de999f2a1cc8cefacad3c866a86e78c87a56323729bfad967a4e9.txt,mal_train,mal_train,1,zeppelin,99ee7cf74c8de999f2a1cc8cefacad3c866a86e78c87a56323729bfad967a4e9,99ee7cf74c8de999f2a1cc8cefacad3c866a86e78c87a56323729bfad967a4e9,x64,plain,1140,1,
zeppelin_9ee00dc365bf468e04235f533e8ad7df09ecd1e0e33e183025532631e7058b9a.txt,mal_train,mal_train,1,zeppelin,9ee00dc365bf468e04235f533e8ad7df09ecd1e0e33e183025532631e7058b9a,9ee00dc365bf468e04235f533e8ad7df09ecd1e0e33e183025532631e7058b9a,x86,packed_other,70544,0,tag:packed_other
zeppelin_a9735152febae244b51417ebab74895bd57eb8ba11a16ef172676871fa0b01e2.txt,mal_train,mal_train,1,zeppelin,a9735152febae244b51417ebab74895bd57eb8ba11a16ef172676871fa0b01e2,a9735152febae244b51417ebab74895bd57eb8ba11a16ef172676871fa0b01e2,x86,plain,69861,1,
zeppelin_b0c1e89ebf16baa03b431b797aece48eeb3da6bb6eabf12fa6a3aefd93f5890e.txt,mal_train,mal_train,1,zeppelin,b0c1e89ebf16baa03b431b797aece48eeb3da6bb6eabf12fa6a3aefd93f5890e,b0c1e89ebf16baa03b431b797aece48eeb3da6bb6eabf12fa6a3aefd93f5890e,x86,packed_other,68966,0,tag:packed_other
zeppelin_b3302c4a9fd06d9fde96c9004141f80e0a9107a9dead1659e77351f1b1c87cf6.txt,mal_train,mal_train,1,zeppelin,b3302c4a9fd06d9fde96c9004141f80e0a9107a9dead1659e77351f1b1c87cf6,b3302c4a9fd06d9fde96c9004141f80e0a9107a9dead1659e77351f1b1c87cf6,x86,packed_other,69589,0,tag:packed_other
zeppelin_b43fa4faec16d8f5a468bbf5ed7d5cd9487068f11a0625c0939610acf2abf432.txt,mal_train,mal_train,1,zeppelin,b43fa4faec16d8f5a468bbf5ed7d5cd9487068f11a0625c0939610acf2abf432,b43fa4faec16d8f5a468bbf5ed7d5cd9487068f11a0625c0939610acf2abf432,x86,packed_other,69227,0,tag:packed_other
zeppelin_b7f96fbb9844cac5c7f4ec966683f3564bbb9a2f453927e1c579dcb0154f5f83.txt,mal_train,mal_train,1,zeppelin,b7f96fbb9844cac5c7f4ec966683f3564bbb9a2f453927e1c579dcb0154f5f83,b7f96fbb9844cac5c7f4ec966683f3564bbb9a2f453927e1c579dcb0154f5f83,x86,plain,299044,1,
zeppelin_be0bc9cd7fcedd7359f3c3e8ca2046b19adcce7b100756e529d60a83f9a96613.txt,mal_train,mal_train,1,zeppelin,be0bc9cd7fcedd7359f3c3e8ca2046b19adcce7b100756e529d60a83f9a96613,be0bc9cd7fcedd7359f3c3e8ca2046b19adcce7b100756e529d60a83f9a96613,x86,packed_other,98188,0,tag:packed_other
zeppelin_be42aa09fe8112622ba90f7586e52509594019db376c0f1c4897f3e98fa30db4.txt,mal_train,mal_train,1,zeppelin,be42aa09fe8112622ba90f7586e52509594019db376c0f1c4897f3e98fa30db4,be42aa09fe8112622ba90f7586e52509594019db376c0f1c4897f3e98fa30db4,x86,packed_other,69914,0,tag:packed_other
zeppelin_d76782960590abc182dba8fdcdc8bfb121b13d36be2d5d8b0960fb67960e89b1.txt,mal_train,mal_train,1,zeppelin,d76782960590abc182dba8fdcdc8bfb121b13d36be2d5d8b0960fb67960e89b1,d76782960590abc182dba8fdcdc8bfb121b13d36be2d5d8b0960fb67960e89b1,x86,packed_other,88646,0,tag:packed_other
zeppelin_dc91b815e11445ae4554d36b229813e593acedd60379315729414ea997dd6d7a.txt,mal_train,mal_train,1,zeppelin,dc91b815e11445ae4554d36b229813e593acedd60379315729414ea997dd6d7a,dc91b815e11445ae4554d36b229813e593acedd60379315729414ea997dd6d7a,x86,packed_other,68745,0,tag:packed_other
zeppelin_eb920e0fc0c360abb901e04dce172459b63bbda3ab8152350885db4b44d63ce5.txt,mal_train,mal_train,1,zeppelin,eb920e0fc0c360abb901e04dce172459b63bbda3ab8152350885db4b44d63ce5,eb920e0fc0c360abb901e04dce172459b63bbda3ab8152350885db4b44d63ce5,x86,packed_other,69365,0,tag:packed_other
zeppelin_ece7ddff2ff9fdb8e7f55b674baa9c975ce86ff79e02db6ea9259a0187d2d481.txt,mal_train,mal_train,1,zeppelin,ece7ddff2ff9fdb8e7f55b674baa9c975ce86ff79e02db6ea9259a0187d2d481,ece7ddff2ff9fdb8e7f55b674baa9c975ce86ff79e02db6ea9259a0187d2d481,x86,plain,299044,1,
zeppelin_f247ae6db52989c9a598c3c7fbc1ae2db54f5c65be862880e11578b8583731cb.txt,mal_train,mal_train,1,zeppelin,f247ae6db52989c9a598c3c7fbc1ae2db54f5c65be862880e11578b8583731cb,f247ae6db52989c9a598c3c7fbc1ae2db54f5c65be862880e11578b8583731cb,x86,packed_other,69467,0,tag:packed_other
zeppelin_f38c40c74a0a9953697c63fbd375c064cb2d59ce478435c7357bd68f382dd26f.txt,mal_train,mal_train,1,zeppelin,f38c40c74a0a9953697c63fbd375c064cb2d59ce478435c7357bd68f382dd26f,f38c40c74a0a9953697c63fbd375c064cb2d59ce478435c7357bd68f382dd26f,x64,plain,1140,1,
zeppelin_fa789f56ef3f5075fc02c53cd937fe1580ae46217cf0a82bd4871043276fb086.txt,mal_train,mal_train,1,zeppelin,fa789f56ef3f5075fc02c53cd937fe1580ae46217cf0a82bd4871043276fb086,fa789f56ef3f5075fc02c53cd937fe1580ae46217cf0a82bd4871043276fb086,x86,packed_other,93445,0,tag:packed_other
zeppelin_fb80bbea1c179bf695c6817b78306696ebb474e4a2e49ce2e38b819338d43d49.txt,mal_train,mal_train,1,zeppelin,fb80bbea1c179bf695c6817b78306696ebb474e4a2e49ce2e38b819338d43d49,fb80bbea1c179bf695c6817b78306696ebb474e4a2e49ce2e38b819338d43d49,x64,plain,1140,1,
avoslocker_002e70b8fde758f88adc506f3c71df1eb32ce1a2b5bec45f3e8e43dba923709f.txt,mal_test,mal_test,1,avoslocker,002e70b8fde758f88adc506f3c71df1eb32ce1a2b5bec45f3e8e43dba923709f,002e70b8fde758f88adc506f3c71df1eb32ce1a2b5bec45f3e8e43dba923709f,x86,plain,214215,1,
avoslocker_01792043e07a0db52664c5878b253531b293754dc6fd6a8426899c1a66ddd61f.txt,mal_test,mal_test,1,avoslocker,01792043e07a0db52664c5878b253531b293754dc6fd6a8426899c1a66ddd61f,01792043e07a0db52664c5878b253531b293754dc6fd6a8426899c1a66ddd61f,x86,plain,103950,1,
avoslocker_05f6252ae8441e6198a97e7bbae93c03fff0850e082406d6d784274d5ae07122.txt,mal_test,mal_test,1,avoslocker,05f6252ae8441e6198a97e7bbae93c03fff0850e082406d6d784274d5ae07122,05f6252ae8441e6198a97e7bbae93c03fff0850e082406d6d784274d5ae07122,x86,plain,214215,1,
avoslocker_0b1f19ba8740b10ed017671aab023228756a6864fb008bf23f3c606189bdcd98.txt,mal_test,mal_test,1,avoslocker,0b1f19ba8740b10ed017671aab023228756a6864fb008bf23f3c606189bdcd98,0b1f19ba8740b10ed017671aab023228756a6864fb008bf23f3c606189bdcd98,x86,plain,214215,1,
avoslocker_0befaa4e0feb435459faba84b6952dd7ebfa77d74059a6f7d154d75491fd1c14.txt,mal_test,mal_test,1,avoslocker,0befaa4e0feb435459faba84b6952dd7ebfa77d74059a6f7d154d75491fd1c14,0befaa4e0feb435459faba84b6952dd7ebfa77d74059a6f7d154d75491fd1c14,x86,plain,214215,1,
avoslocker_0c50b3543005814bebd996484e72eb53d57d369781f9b979f78d70733672278b.txt,mal_test,mal_test,1,avoslocker,0c50b3543005814bebd996484e72eb53d57d369781f9b979f78d70733672278b,0c50b3543005814bebd996484e72eb53d57d369781f9b979f78d70733672278b,x86,plain,214215,1,
avoslocker_0d094770db65ec637489116e1510ee787a48d6d130aad26ae40f7dbca6fe7182.txt,mal_test,mal_test,1,avoslocker,0d094770db65ec637489116e1510ee787a48d6d130aad26ae40f7dbca6fe7182,0d094770db65ec637489116e1510ee787a48d6d130aad26ae40f7dbca6fe7182,x86,plain,214215,1,
avoslocker_0f22ae8e435cfeb4e527199c9083e7093c79892656eff686d55909e8528493db.txt,mal_test,mal_test,1,avoslocker,0f22ae8e435cfeb4e527199c9083e7093c79892656eff686d55909e8528493db,0f22ae8e435cfeb4e527199c9083e7093c79892656eff686d55909e8528493db,x86,plain,214215,1,
avoslocker_123888ff76ffd20da224ef3afed3fd564c4f6fef6c2169bccdbb81a9d7cc9d0b.txt,mal_test,mal_test,1,avoslocker,123888ff76ffd20da224ef3afed3fd564c4f6fef6c2169bccdbb81a9d7cc9d0b,123888ff76ffd20da224ef3afed3fd564c4f6fef6c2169bccdbb81a9d7cc9d0b,x86,plain,214215,1,
avoslocker_1b0433a15184ab1859a01b0092ccc9d56d9e5536fbf91493ba4b9e681165122a.txt,mal_test,mal_test,1,avoslocker,1b0433a15184ab1859a01b0092ccc9d56d9e5536fbf91493ba4b9e681165122a,1b0433a15184ab1859a01b0092ccc9d56d9e5536fbf91493ba4b9e681165122a,x86,plain,214215,1,
avoslocker_1f102cc8bb6a14cc2bd9b9311acb66ed5a6035e8510ea34a328a7bc09d9a3a81.txt,mal_test,mal_test,1,avoslocker,1f102cc8bb6a14cc2bd9b9311acb66ed5a6035e8510ea34a328a7bc09d9a3a81,1f102cc8bb6a14cc2bd9b9311acb66ed5a6035e8510ea34a328a7bc09d9a3a81,x86,plain,214215,1,
avoslocker_2736d807b3d6e2dc3bedbfcd1d460df0b5065b36258ea6dc820f565d82f5d0a7.txt,mal_test,mal_test,1,avoslocker,2736d807b3d6e2dc3bedbfcd1d460df0b5065b36258ea6dc820f565d82f5d0a7,2736d807b3d6e2dc3bedbfcd1d460df0b5065b36258ea6dc820f565d82f5d0a7,x86,plain,214215,1,
avoslocker_27cd3e759ec4858adaea63050ad1fc22e4850c1e157d88c0943c2589fa39b5a4.txt,mal_test,mal_test,1,avoslocker,27cd3e759ec4858adaea63050ad1fc22e4850c1e157d88c0943c2589fa39b5a4,27cd3e759ec4858adaea63050ad1fc22e4850c1e157d88c0943c2589fa39b5a4,x86,plain,103950,1,
avoslocker_29910ea42c8e2abb22d5a88053e1725c93a104e61560a2f8d88716d619bcaa08.txt,mal_test,mal_test,1,avoslocker,29910ea42c8e2abb22d5a88053e1725c93a104e61560a2f8d88716d619bcaa08,29910ea42c8e2abb22d5a88053e1725c93a104e61560a2f8d88716d619bcaa08,x86,plain,103950,1,
avoslocker_31a6ddb891c3470c6d32ced24aaa5de84c77b24042a44c157d456e31c9325402.txt,mal_test,mal_test,1,avoslocker,31a6ddb891c3470c6d32ced24aaa5de84c77b24042a44c157d456e31c9325402,31a6ddb891c3470c6d32ced24aaa5de84c77b24042a44c157d456e31c9325402,x86,plain,214215,1,
avoslocker_373a791f058539d72983e38ebe68e98132fcf996d04e9a181145f22a96689386.txt,mal_test,mal_test,1,avoslocker,373a791f058539d72983e38ebe68e98132fcf996d04e9a181145f22a96689386,373a791f058539d72983e38ebe68e98132fcf996d04e9a181145f22a96689386,x86,plain,247682,1,
avoslocker_380275cac2a1793403674bd8cb686b478f457d65c25e3d58a3a1f856f829723b.txt,mal_test,mal_test,1,avoslocker,380275cac2a1793403674bd8cb686b478f457d65c25e3d58a3a1f856f829723b,380275cac2a1793403674bd8cb686b478f457d65c25e3d58a3a1f856f829723b,x86,plain,214215,1,
avoslocker_43b7a60c0ef8b4af001f45a0c57410b7374b1d75a6811e0dfc86e4d60f503856.txt,mal_test,mal_test,1,avoslocker,43b7a60c0ef8b4af001f45a0c57410b7374b1d75a6811e0dfc86e4d60f503856,43b7a60c0ef8b4af001f45a0c57410b7374b1d75a6811e0dfc86e4d60f503856,x86,plain,103950,1,
avoslocker_452967e7a2a6102a50036faa6f348b57ca5c514992bf8f7e0416d2dd9b1ab13a.txt,mal_test,mal_test,1,avoslocker,452967e7a2a6102a50036faa6f348b57ca5c514992bf8f7e0416d2dd9b1ab13a,452967e7a2a6102a50036faa6f348b57ca5c514992bf8f7e0416d2dd9b1ab13a,x86,plain,214215,1,
avoslocker_45b95b6ee5a726bf41b6a52020bb03cdf128e381998f317d8bd34deb4074cf62.txt,mal_test,mal_test,1,avoslocker,45b95b6ee5a726bf41b6a52020bb03cdf128e381998f317d8bd34deb4074cf62,45b95b6ee5a726bf41b6a52020bb03cdf128e381998f317d8bd34deb4074cf62,x86,plain,214215,1,
avoslocker_5b7bed7349f6b1499b7eac111d7264101b13eeb9684830a4a93bab5f9d79d77e.txt,mal_test,mal_test,1,avoslocker,5b7bed7349f6b1499b7eac111d7264101b13eeb9684830a4a93bab5f9d79d77e,5b7bed7349f6b1499b7eac111d7264101b13eeb9684830a4a93bab5f9d79d77e,x86,plain,248762,1,
avoslocker_5d6e4bd7bd7239fab20e043fb292974497297af89759b1b0d48d7d006e5e96fa.txt,mal_test,mal_test,1,avoslocker,5d6e4bd7bd7239fab20e043fb292974497297af89759b1b0d48d7d006e5e96fa,5d6e4bd7bd7239fab20e043fb292974497297af89759b1b0d48d7d006e5e96fa,x86,plain,214215,1,
avoslocker_5db3f3c20f7860682ea6d7ebbe3db042337aa18d874f26699213cef2a5764304.txt,mal_test,mal_test,1,avoslocker,5db3f3c20f7860682ea6d7ebbe3db042337aa18d874f26699213cef2a5764304,5db3f3c20f7860682ea6d7ebbe3db042337aa18d874f26699213cef2a5764304,x86,plain,214215,1,
avoslocker_603b5241cb49ef17c2522b60600b15d9e1273ccbf4d39aec4d34e16297968955.txt,mal_test,mal_test,1,avoslocker,603b5241cb49ef17c2522b60600b15d9e1273ccbf4d39aec4d34e16297968955,603b5241cb49ef17c2522b60600b15d9e1273ccbf4d39aec4d34e16297968955,x86,plain,214215,1,
avoslocker_62a8e739d111437b798d1b5f9286366c10cb48a1a7818519babc7f3a9bb5124e.txt,mal_test,mal_test,1,avoslocker,62a8e739d111437b798d1b5f9286366c10cb48a1a7818519babc7f3a9bb5124e,62a8e739d111437b798d1b5f9286366c10cb48a1a7818519babc7f3a9bb5124e,x86,plain,214215,1,
avoslocker_66de24f5e32ddf0b20d64701862f3c23071018cc0758e34f487cdf795a89b73b.txt,mal_test,mal_test,1,avoslocker,66de24f5e32ddf0b20d64701862f3c23071018cc0758e34f487cdf795a89b73b,66de24f5e32ddf0b20d64701862f3c23071018cc0758e34f487cdf795a89b73b,x86,plain,214215,1,
avoslocker_6cc510a772d7718c95216eb56a84a96201241b264755f28875e685f06e95e1a2.txt,mal_test,mal_test,1,avoslocker,6cc510a772d7718c95216eb56a84a96201241b264755f28875e685f06e95e1a2,6cc510a772d7718c95216eb56a84a96201241b264755f28875e685f06e95e1a2,x86,plain,248640,1,
avoslocker_718810b8eeb682fc70df602d952c0c83e028c5a5bfa44c506756980caf2edebb.txt,mal_test,mal_test,1,avoslocker,718810b8eeb682fc70df602d952c0c83e028c5a5bfa44c506756980caf2edebb,718810b8eeb682fc70df602d952c0c83e028c5a5bfa44c506756980caf2edebb,x86,plain,248762,1,
avoslocker_7d1e470e36c68e1156a7828f8002254dcde68dc61f998ab5636c12ba63f472dd.txt,mal_test,mal_test,1,avoslocker,7d1e470e36c68e1156a7828f8002254dcde68dc61f998ab5636c12ba63f472dd,7d1e470e36c68e1156a7828f8002254dcde68dc61f998ab5636c12ba63f472dd,x86,plain,214215,1,
avoslocker_8374cd9a8c03d900eefcd0bae936eed24532868c9090e919f6c303d9e0029c9d.txt,mal_test,mal_test,1,avoslocker,f250bca3637c0b189a19f0fca944008a48cf0cf9c037b288173b11ca2056a107,8374cd9a8c03d900eefcd0bae936eed24532868c9090e919f6c303d9e0029c9d,x86,plain,214215,1,
avoslocker_84d94c032543e8797a514323b0b8fd8bd69b4183f17351628b13d1464093af2d.txt,mal_test,mal_test,1,avoslocker,84d94c032543e8797a514323b0b8fd8bd69b4183f17351628b13d1464093af2d,84d94c032543e8797a514323b0b8fd8bd69b4183f17351628b13d1464093af2d,x86,plain,248762,1,
avoslocker_85115951fe456441a3f6fccd09b9101b12255ac4e029c3b0c8be1ab450a4bc6c.txt,mal_test,mal_test,1,avoslocker,85115951fe456441a3f6fccd09b9101b12255ac4e029c3b0c8be1ab450a4bc6c,85115951fe456441a3f6fccd09b9101b12255ac4e029c3b0c8be1ab450a4bc6c,x86,plain,214215,1,
avoslocker_8ac411f4b10581c38be5c2767747ee0a9279eb4faf02d8e7842b8376e8f742bf.txt,mal_test,mal_test,1,avoslocker,8ac411f4b10581c38be5c2767747ee0a9279eb4faf02d8e7842b8376e8f742bf,8ac411f4b10581c38be5c2767747ee0a9279eb4faf02d8e7842b8376e8f742bf,x86,plain,214215,1,
avoslocker_93b11a9a72d51d4aa80c0791c19dcc49cc164ae98b67cdff619743766611e947.txt,mal_test,mal_test,1,avoslocker,93b11a9a72d51d4aa80c0791c19dcc49cc164ae98b67cdff619743766611e947,93b11a9a72d51d4aa80c0791c19dcc49cc164ae98b67cdff619743766611e947,x86,plain,346451,1,
avoslocker_9a2c0204689a19d372560fb1da472e25c9747289178a81a8aa4e3622a63fe773.txt,mal_test,mal_test,1,avoslocker,9a2c0204689a19d372560fb1da472e25c9747289178a81a8aa4e3622a63fe773,9a2c0204689a19d372560fb1da472e25c9747289178a81a8aa4e3622a63fe773,x86,plain,214215,1,
avoslocker_9e4b3871a7ea10afc1ad09f93f9205b6aa1863a984c729ee764eac2215d322e6.txt,mal_test,mal_test,1,avoslocker,9e4b3871a7ea10afc1ad09f93f9205b6aa1863a984c729ee764eac2215d322e6,9e4b3871a7ea10afc1ad09f93f9205b6aa1863a984c729ee764eac2215d322e6,x86,plain,214215,1,
avoslocker_a1b504b8e34200d8029f6d75491d517e460162cb9df438257ee4ed85f61c18bc.txt,mal_test,mal_test,1,avoslocker,a1b504b8e34200d8029f6d75491d517e460162cb9df438257ee4ed85f61c18bc,a1b504b8e34200d8029f6d75491d517e460162cb9df438257ee4ed85f61c18bc,x86,plain,248762,1,
avoslocker_b4c4e9aabd821e6a664fb320a043c133e4e3d0381342079a50e12ca017f489bc.txt,mal_test,mal_test,1,avoslocker,b4c4e9aabd821e6a664fb320a043c133e4e3d0381342079a50e12ca017f489bc,b4c4e9aabd821e6a664fb320a043c133e4e3d0381342079a50e12ca017f489bc,x86,plain,214215,1,
avoslocker_bff12a83b1fc2e0ad0000ad9b68abc8eada559bb1094caaf5b9f52887df23705.txt,mal_test,mal_test,1,avoslocker,bff12a83b1fc2e0ad0000ad9b68abc8eada559bb1094caaf5b9f52887df23705,bff12a83b1fc2e0ad0000ad9b68abc8eada559bb1094caaf5b9f52887df23705,x86,plain,214215,1,
avoslocker_c0a42741eef72991d9d0ee8b6c0531fc19151457a8b59bdcf7b6373d1fe56e02.txt,mal_test,mal_test,1,avoslocker,c0a42741eef72991d9d0ee8b6c0531fc19151457a8b59bdcf7b6373d1fe56e02,c0a42741eef72991d9d0ee8b6c0531fc19151457a8b59bdcf7b6373d1fe56e02,x86,plain,248640,1,
avoslocker_c65547704c20045f006d0653144101bbdf9dd5d2aa6b4db61b83f847704b10f6.txt,mal_test,mal_test,1,avoslocker,c65547704c20045f006d0653144101bbdf9dd5d2aa6b4db61b83f847704b10f6,c65547704c20045f006d0653144101bbdf9dd5d2aa6b4db61b83f847704b10f6,x86,plain,214215,1,
avoslocker_c7307b1cfd6685c2b3a19a7239a40e8afa5432ffe039bb4b3caca8a70ad1eed6.txt,mal_test,mal_test,1,avoslocker,c7307b1cfd6685c2b3a19a7239a40e8afa5432ffe039bb4b3caca8a70ad1eed6,c7307b1cfd6685c2b3a19a7239a40e8afa5432ffe039bb4b3caca8a70ad1eed6,x86,plain,237373,1,
avoslocker_da6e60b4e39c6c556836a18a09a52cd83c47f9cf6dc9e3ad298cbcb925a62a96.txt,mal_test,mal_test,1,avoslocker,da6e60b4e39c6c556836a18a09a52cd83c47f9cf6dc9e3ad298cbcb925a62a96,da6e60b4e39c6c556836a18a09a52cd83c47f9cf6dc9e3ad298cbcb925a62a96,x86,plain,214215,1,
avoslocker_e2a945032dc77a8a9d36b709438612aca5858eee52d7c0ad1e375f9e9e080305.txt,mal_test,mal_test,1,avoslocker,e2a945032dc77a8a9d36b709438612aca5858eee52d7c0ad1e375f9e9e080305,e2a945032dc77a8a9d36b709438612aca5858eee52d7c0ad1e375f9e9e080305,x86,plain,214215,1,
avoslocker_e62c0bdf69b88a5bd95872cbcf4da4de4eef226bc9ef0452ee652eeee519b15a.txt,mal_test,mal_test,1,avoslocker,e62c0bdf69b88a5bd95872cbcf4da4de4eef226bc9ef0452ee652eeee519b15a,e62c0bdf69b88a5bd95872cbcf4da4de4eef226bc9ef0452ee652eeee519b15a,x86,plain,181459,1,
avoslocker_ec955f589f25d0d28e55964a1aa79c27492026982994cd4ca1faf7e8a78db4bc.txt,mal_test,mal_test,1,avoslocker,ec955f589f25d0d28e55964a1aa79c27492026982994cd4ca1faf7e8a78db4bc,ec955f589f25d0d28e55964a1aa79c27492026982994cd4ca1faf7e8a78db4bc,x86,plain,214215,1,
avoslocker_f810deb1ba171cea5b595c6d3f816127fb182833f7a08a98de93226d4f6a336f.txt,mal_test,mal_test,1,avoslocker,f810deb1ba171cea5b595c6d3f816127fb182833f7a08a98de93226d4f6a336f,f810deb1ba171cea5b595c6d3f816127fb182833f7a08a98de93226d4f6a336f,x86,plain,248762,1,
avoslocker_f8e99bbacc62b0f72aa12f5f92e35607fa0382a881fe4a4b9476fc6b87a03c78.txt,mal_test,mal_test,1,avoslocker,f8e99bbacc62b0f72aa12f5f92e35607fa0382a881fe4a4b9476fc6b87a03c78,f8e99bbacc62b0f72aa12f5f92e35607fa0382a881fe4a4b9476fc6b87a03c78,x86,plain,214215,1,
avoslocker_fb544e1f74ce02937c3a3657be8d125d5953996115f65697b7d39e237020706f.txt,mal_test,mal_test,1,avoslocker,fb544e1f74ce02937c3a3657be8d125d5953996115f65697b7d39e237020706f,fb544e1f74ce02937c3a3657be8d125d5953996115f65697b7d39e237020706f,x86,plain,103950,1,
avoslocker_ffd933ad53f22a0f10cceb4986087258f72dffdd36999b7014c6b37c157ee45f.txt,mal_test,mal_test,1,avoslocker,ffd933ad53f22a0f10cceb4986087258f72dffdd36999b7014c6b37c157ee45f,ffd933ad53f22a0f10cceb4986087258f72dffdd36999b7014c6b37c157ee45f,x86,plain,214215,1,
bianlian_1fd07b8d1728e416f897bef4f1471126f9b18ef108eb952f4b75050da22e8e43.txt,mal_test,mal_test,1,bianlian,1fd07b8d1728e416f897bef4f1471126f9b18ef108eb952f4b75050da22e8e43,1fd07b8d1728e416f897bef4f1471126f9b18ef108eb952f4b75050da22e8e43,x64,plain,245510,1,
bianlian_20bab94e6d9c8ed4832ce3b58f9150b16f9e5f40ffdcb747e10366cab5a30352.txt,mal_test,mal_test,1,bianlian,20bab94e6d9c8ed4832ce3b58f9150b16f9e5f40ffdcb747e10366cab5a30352,20bab94e6d9c8ed4832ce3b58f9150b16f9e5f40ffdcb747e10366cab5a30352,x64,plain,417528,1,
bianlian_3a2f6e614ff030804aa18cb03fcc3bc357f6226786efb4a734cbe2a3a1984b6f.txt,mal_test,mal_test,1,bianlian,3a2f6e614ff030804aa18cb03fcc3bc357f6226786efb4a734cbe2a3a1984b6f,3a2f6e614ff030804aa18cb03fcc3bc357f6226786efb4a734cbe2a3a1984b6f,x64,plain,258206,1,
bianlian_46d340eaf6b78207e24b6011422f1a5b4a566e493d72365c6a1cace11c36b28b.txt,mal_test,mal_test,1,bianlian,46d340eaf6b78207e24b6011422f1a5b4a566e493d72365c6a1cace11c36b28b,46d340eaf6b78207e24b6011422f1a5b4a566e493d72365c6a1cace11c36b28b,x64,plain,245512,1,
bianlian_50c86fb27bed1962903a5f9d155544e3fdb859ae19e967a10f0bf3a60bb8954f.txt,mal_test,mal_test,1,bianlian,50c86fb27bed1962903a5f9d155544e3fdb859ae19e967a10f0bf3a60bb8954f,50c86fb27bed1962903a5f9d155544e3fdb859ae19e967a10f0bf3a60bb8954f,x64,plain,417478,1,
bianlian_c0fe7bfb0d1ffeb61fb9cafeeab79ffd1660ff3637798e315ff15d802a3c974e.txt,mal_test,mal_test,1,bianlian,c0fe7bfb0d1ffeb61fb9cafeeab79ffd1660ff3637798e315ff15d802a3c974e,c0fe7bfb0d1ffeb61fb9cafeeab79ffd1660ff3637798e315ff15d802a3c974e,x64,plain,417535,1,
bianlian_cd17afd9115b2d83e948a1bcabf508f42d0fe7edb56cc62f5cc467c938e45033.txt,mal_test,mal_test,1,bianlian,cd17afd9115b2d83e948a1bcabf508f42d0fe7edb56cc62f5cc467c938e45033,cd17afd9115b2d83e948a1bcabf508f42d0fe7edb56cc62f5cc467c938e45033,x64,plain,417547,1,
bianlian_d602562ba7273695df9248a8590b510ccd49fefb97f5c75d485895abba13418d.txt,mal_test,mal_test,1,bianlian,d602562ba7273695df9248a8590b510ccd49fefb97f5c75d485895abba13418d,d602562ba7273695df9248a8590b510ccd49fefb97f5c75d485895abba13418d,x64,plain,417726,1,
bianlian_da7a959ae7ea237bb6cd913119a35baa43a68e375f892857f6d77eaa62aabbaf.txt,mal_test,mal_test,1,bianlian,da7a959ae7ea237bb6cd913119a35baa43a68e375f892857f6d77eaa62aabbaf,da7a959ae7ea237bb6cd913119a35baa43a68e375f892857f6d77eaa62aabbaf,x64,plain,417536,1,
bianlian_eaf5e26c5e73f3db82cd07ea45e4d244ccb3ec3397ab5263a1a74add7bbcb6e2.txt,mal_test,mal_test,1,bianlian,eaf5e26c5e73f3db82cd07ea45e4d244ccb3ec3397ab5263a1a74add7bbcb6e2,eaf5e26c5e73f3db82cd07ea45e4d244ccb3ec3397ab5263a1a74add7bbcb6e2,x64,plain,245506,1,
bianlian_f7a3a8734c004682201b8873691d684985329be3fcdba965f268103a086ebaad.txt,mal_test,mal_test,1,bianlian,f7a3a8734c004682201b8873691d684985329be3fcdba965f268103a086ebaad,f7a3a8734c004682201b8873691d684985329be3fcdba965f268103a086ebaad,x64,plain,417478,1,
blackbasta_03309c90e6c60a2e3cd44374efa3003ae10cd9e05ba6a39c77aa5289b32cb969.txt,mal_test,mal_test,1,blackbasta,03309c90e6c60a2e3cd44374efa3003ae10cd9e05ba6a39c77aa5289b32cb969,03309c90e6c60a2e3cd44374efa3003ae10cd9e05ba6a39c77aa5289b32cb969,x64,plain,149293,1,
blackbasta_15560b1e35a3a8612a7ba91d00dea6b8dd6e4f3f857399c22c0c75377c9b31a2.txt,mal_test,mal_test,1,blackbasta,15560b1e35a3a8612a7ba91d00dea6b8dd6e4f3f857399c22c0c75377c9b31a2,15560b1e35a3a8612a7ba91d00dea6b8dd6e4f3f857399c22c0c75377c9b31a2,x86,plain,3444,1,
blackbasta_15abbff9fbce7f5782c1654775938dcd2ce0a8ebd683a008547f8a4e421888c4.txt,mal_test,mal_test,1,blackbasta,15abbff9fbce7f5782c1654775938dcd2ce0a8ebd683a008547f8a4e421888c4,15abbff9fbce7f5782c1654775938dcd2ce0a8ebd683a008547f8a4e421888c4,x86,plain,142986,1,
blackbasta_17205c43189c22dfcb278f5cc45c2562f622b0b6280dcd43cc1d3c274095eb90.txt,mal_test,mal_test,1,blackbasta,17205c43189c22dfcb278f5cc45c2562f622b0b6280dcd43cc1d3c274095eb90,17205c43189c22dfcb278f5cc45c2562f622b0b6280dcd43cc1d3c274095eb90,x86,plain,140712,1,
blackbasta_1bb7e645d4ff753157bbdd78829276356cb6660a767ab7158fc7dec3fe8b0e2f.txt,mal_test,mal_test,1,blackbasta,1bb7e645d4ff753157bbdd78829276356cb6660a767ab7158fc7dec3fe8b0e2f,1bb7e645d4ff753157bbdd78829276356cb6660a767ab7158fc7dec3fe8b0e2f,x86,plain,5974,1,
blackbasta_203d2807df6ef531efbec7bfd109986de3e23df64c01ea4e337cbe5ba675248b.txt,mal_test,mal_test,1,blackbasta,203d2807df6ef531efbec7bfd109986de3e23df64c01ea4e337cbe5ba675248b,203d2807df6ef531efbec7bfd109986de3e23df64c01ea4e337cbe5ba675248b,x86,plain,141210,1,
blackbasta_2327018dab0e3beaed2123bcb5392405ab1e502dfa72a5a32c2c164346bb9bc6.txt,mal_test,mal_test,1,blackbasta,2327018dab0e3beaed2123bcb5392405ab1e502dfa72a5a32c2c164346bb9bc6,2327018dab0e3beaed2123bcb5392405ab1e502dfa72a5a32c2c164346bb9bc6,x86,plain,5522,1,
blackbasta_350ba7fca67721c74385faff083914ecdd66ef107a765dfb7ac08b38d5c9c0bd.txt,mal_test,mal_test,1,blackbasta,350ba7fca67721c74385faff083914ecdd66ef107a765dfb7ac08b38d5c9c0bd,350ba7fca67721c74385faff083914ecdd66ef107a765dfb7ac08b38d5c9c0bd,x86,plain,27047,1,
blackbasta_48976d7bf38cca4e952507e9ab27e3874ca01092eed53d0fde89c5966e9533bb.txt,mal_test,mal_test,1,blackbasta,48976d7bf38cca4e952507e9ab27e3874ca01092eed53d0fde89c5966e9533bb,48976d7bf38cca4e952507e9ab27e3874ca01092eed53d0fde89c5966e9533bb,x86,plain,145050,1,
blackbasta_5b6c3d277711d9f847be59b16fd08390fc07d3b27c7c6804e2170f456e9f1173.txt,mal_test,mal_test,1,blackbasta,5b6c3d277711d9f847be59b16fd08390fc07d3b27c7c6804e2170f456e9f1173,5b6c3d277711d9f847be59b16fd08390fc07d3b27c7c6804e2170f456e9f1173,x86,plain,140712,1,
blackbasta_5d2204f3a20e163120f52a2e3595db19890050b2faa96c6cba6b094b0a52b0aa.txt,mal_test,mal_test,1,blackbasta,5d2204f3a20e163120f52a2e3595db19890050b2faa96c6cba6b094b0a52b0aa,5d2204f3a20e163120f52a2e3595db19890050b2faa96c6cba6b094b0a52b0aa,x86,plain,146213,1,
blackbasta_653da5127b0ecbc5c373ce510c0d5191f61f2df912c9b6f4989aa3775933bc33.txt,mal_test,mal_test,1,blackbasta,653da5127b0ecbc5c373ce510c0d5191f61f2df912c9b6f4989aa3775933bc33,653da5127b0ecbc5c373ce510c0d5191f61f2df912c9b6f4989aa3775933bc33,x86,plain,4626,1,
blackbasta_699aaea1598a034cde7ed88cd8a8a36fd59447e09bddef566357061774c48a76.txt,mal_test,mal_test,1,blackbasta,699aaea1598a034cde7ed88cd8a8a36fd59447e09bddef566357061774c48a76,699aaea1598a034cde7ed88cd8a8a36fd59447e09bddef566357061774c48a76,x86,plain,145072,1,
blackbasta_7883f01096db9bcf090c2317749b6873036c27ba92451b212b8645770e1f0b8a.txt,mal_test,mal_test,1,blackbasta,7883f01096db9bcf090c2317749b6873036c27ba92451b212b8645770e1f0b8a,7883f01096db9bcf090c2317749b6873036c27ba92451b212b8645770e1f0b8a,x86,plain,140711,1,
blackbasta_81515e1c72fadae2c4bb15883e0c1d8979b49fd52d8c65ca03e05a75ca6683c9.txt,mal_test,mal_test,1,blackbasta,81515e1c72fadae2c4bb15883e0c1d8979b49fd52d8c65ca03e05a75ca6683c9,81515e1c72fadae2c4bb15883e0c1d8979b49fd52d8c65ca03e05a75ca6683c9,x86,plain,2363,1,
blackbasta_856b5dc509c17f5be68186b6a8ab272fc0dd12000c978548d8488ee997b015e5.txt,mal_test,mal_test,1,blackbasta,856b5dc509c17f5be68186b6a8ab272fc0dd12000c978548d8488ee997b015e5,856b5dc509c17f5be68186b6a8ab272fc0dd12000c978548d8488ee997b015e5,x86,plain,94086,1,
blackbasta_9a55f55886285eef7ffabdd55c0232d1458175b1d868c03d3e304ce7d98980bc.txt,mal_test,mal_test,1,blackbasta,9a55f55886285eef7ffabdd55c0232d1458175b1d868c03d3e304ce7d98980bc,9a55f55886285eef7ffabdd55c0232d1458175b1d868c03d3e304ce7d98980bc,x86,plain,141699,1,
blackbasta_9b57d94b33cd712bf409e0128f26a75d2d9746ef65012ce6cd72caf47650d2a6.txt,mal_test,mal_test,1,blackbasta,9b57d94b33cd712bf409e0128f26a75d2d9746ef65012ce6cd72caf47650d2a6,9b57d94b33cd712bf409e0128f26a75d2d9746ef65012ce6cd72caf47650d2a6,x86,plain,3336,1,
blackbasta_9bbe6414ce22cb5e19f294004cb5cdbc883479d99629ddcdb5b70e9806306e42.txt,mal_test,mal_test,1,blackbasta,9bbe6414ce22cb5e19f294004cb5cdbc883479d99629ddcdb5b70e9806306e42,9bbe6414ce22cb5e19f294004cb5cdbc883479d99629ddcdb5b70e9806306e42,x86,plain,61074,1,
blackbasta_9fce9ee85516533bae34fc1184a7cf31fa9f2c7889b13774f83d1df561708833.txt,mal_test,mal_test,1,blackbasta,9fce9ee85516533bae34fc1184a7cf31fa9f2c7889b13774f83d1df561708833,9fce9ee85516533bae34fc1184a7cf31fa9f2c7889b13774f83d1df561708833,x86,plain,143510,1,
blackbasta_a083060d38984e7c6f36dcd2c57ec1aa3f50f9c201c8538257c8cbf2b3217e96.txt,mal_test,mal_test,1,blackbasta,a083060d38984e7c6f36dcd2c57ec1aa3f50f9c201c8538257c8cbf2b3217e96,a083060d38984e7c6f36dcd2c57ec1aa3f50f9c201c8538257c8cbf2b3217e96,x64,plain,151102,1,
blackbasta_a9503a3d998e705c37d3bec7fea0ff188bcf7e753833c8b4b195e590c4ed9625.txt,mal_test,mal_test,1,blackbasta,df21822582a5519efcd7347e4faa365aafa6feaf2892c7f2f2bf1abeac104e2d,a9503a3d998e705c37d3bec7fea0ff188bcf7e753833c8b4b195e590c4ed9625,x86,plain,22843,1,
blackbasta_aa7ef4bb8d0eab74af36162fe42056008d7e19e62ff1b50b870e72140a7b5bd2.txt,mal_test,mal_test,1,blackbasta,aa7ef4bb8d0eab74af36162fe42056008d7e19e62ff1b50b870e72140a7b5bd2,aa7ef4bb8d0eab74af36162fe42056008d7e19e62ff1b50b870e72140a7b5bd2,x86,no_exec,,0,tag:no_exec
blackbasta_ae7c868713e1d02b4db60128c651eb1e3f6a33c02544cc4cb57c3aa6c6581b6e.txt,mal_test,mal_test,1,blackbasta,ae7c868713e1d02b4db60128c651eb1e3f6a33c02544cc4cb57c3aa6c6581b6e,ae7c868713e1d02b4db60128c651eb1e3f6a33c02544cc4cb57c3aa6c6581b6e,x86,plain,140711,1,
blackbasta_affcb453760dbc48b39f8d4defbcc4fc65d00df6fae395ee27f031c1833abada.txt,mal_test,mal_test,1,blackbasta,affcb453760dbc48b39f8d4defbcc4fc65d00df6fae395ee27f031c1833abada,affcb453760dbc48b39f8d4defbcc4fc65d00df6fae395ee27f031c1833abada,x86,plain,141210,1,
blackbasta_c4c8be0c939e4c24e11bad90549e3951b7969e78056d819425ca53e87af8d8ed.txt,mal_test,mal_test,1,blackbasta,c4c8be0c939e4c24e11bad90549e3951b7969e78056d819425ca53e87af8d8ed,c4c8be0c939e4c24e11bad90549e3951b7969e78056d819425ca53e87af8d8ed,x86,plain,10287,1,
blackbasta_c532d28f9700abba1a4803c3a9d886c8c4fb26f84cf2399c533d68cfdcec4fa7.txt,mal_test,mal_test,1,blackbasta,c532d28f9700abba1a4803c3a9d886c8c4fb26f84cf2399c533d68cfdcec4fa7,c532d28f9700abba1a4803c3a9d886c8c4fb26f84cf2399c533d68cfdcec4fa7,x86,plain,22843,1,
blackbasta_cb6e26c2ab8dc2148d4f3f3102d1c257b2f22aba749463c04b1a420742eb92bc.txt,mal_test,mal_test,1,blackbasta,cb6e26c2ab8dc2148d4f3f3102d1c257b2f22aba749463c04b1a420742eb92bc,cb6e26c2ab8dc2148d4f3f3102d1c257b2f22aba749463c04b1a420742eb92bc,x86,no_exec,,0,tag:no_exec
blackbasta_cce74c82a718be7484abf7c51011793f2717cfb2068c92aa35416a93cbd13cfa.txt,mal_test,mal_test,1,blackbasta,cce74c82a718be7484abf7c51011793f2717cfb2068c92aa35416a93cbd13cfa,cce74c82a718be7484abf7c51011793f2717cfb2068c92aa35416a93cbd13cfa,x86,plain,140711,1,
blackbasta_d943a4aabd76582218fd1a9a0a77b2f6a6715b198f9994f0feae6f249b40fdf9.txt,mal_test,mal_test,1,blackbasta,d943a4aabd76582218fd1a9a0a77b2f6a6715b198f9994f0feae6f249b40fdf9,d943a4aabd76582218fd1a9a0a77b2f6a6715b198f9994f0feae6f249b40fdf9,x86,plain,140716,1,
blackbasta_e28188e516db1bda9015c30de59a2e91996b67c2e2b44989a6b0f562577fd757.txt,mal_test,mal_test,1,blackbasta,e28188e516db1bda9015c30de59a2e91996b67c2e2b44989a6b0f562577fd757,e28188e516db1bda9015c30de59a2e91996b67c2e2b44989a6b0f562577fd757,x86,plain,13854,1,
blackbasta_e9fefd053b8c77c7db13d528b97d2b974dfd86775a8cc9c53b8efdb07db8842c.txt,mal_test,mal_test,1,blackbasta,e9fefd053b8c77c7db13d528b97d2b974dfd86775a8cc9c53b8efdb07db8842c,e9fefd053b8c77c7db13d528b97d2b974dfd86775a8cc9c53b8efdb07db8842c,x64,plain,76616,1,
blackbyte_0b102d8ac22224747d38c9fbf2c91579abae050357f0a1d01fac1ec1315ad291.txt,mal_test,mal_test,1,blackbyte,0b102d8ac22224747d38c9fbf2c91579abae050357f0a1d01fac1ec1315ad291,0b102d8ac22224747d38c9fbf2c91579abae050357f0a1d01fac1ec1315ad291,x64,plain,503607,1,
blackbyte_1df11bc19aa52b623bdf15380e3fded56d8eb6fb7b53a2240779864b1a6474ad.txt,mal_test,mal_test,1,blackbyte,44a5e78fce5455579123af23665262b10165ac710a9f7538b764af76d7771550,1df11bc19aa52b623bdf15380e3fded56d8eb6fb7b53a2240779864b1a6474ad,x64,plain,517194,1,
blackbyte_388163c9ec1458c779849db891e17efb16a941ca598c4c3ac3a50a77086beb69.txt,mal_test,mal_test,1,blackbyte,6f36a4a1364cfb063a0463d9e1287248700ccf1e0d8e280e034b02cf3db3c442,388163c9ec1458c779849db891e17efb16a941ca598c4c3ac3a50a77086beb69,x64,plain,513280,1,
blackbyte_3de8fe5cee8180e93697e4ddca87e721910b9dd922de849cab7b1b3a50e54a00.txt,mal_test,mal_test,1,blackbyte,938a0841b643da4d0e04848b04b7f735c64e05ce45b5118618c6af685d651f08,3de8fe5cee8180e93697e4ddca87e721910b9dd922de849cab7b1b3a50e54a00,x64,plain,518504,1,
blackbyte_44a5e78fce5455579123af23665262b10165ac710a9f7538b764af76d7771550.txt,mal_test,mal_test,1,blackbyte,44a5e78fce5455579123af23665262b10165ac710a9f7538b764af76d7771550,44a5e78fce5455579123af23665262b10165ac710a9f7538b764af76d7771550,,dup,,0,tag:dup
blackbyte_534f5fbb7669803812781e43c30083e9197d03f97f0d860ae7d9a59c0484ace4.txt,mal_test,mal_test,1,blackbyte,8450ca5ae10e3f959eede67d21621f80fd0b0ff913a5468aef4304d5f99a77fc,534f5fbb7669803812781e43c30083e9197d03f97f0d860ae7d9a59c0484ace4,x64,plain,563482,1,
blackbyte_6f36a4a1364cfb063a0463d9e1287248700ccf1e0d8e280e034b02cf3db3c442.txt,mal_test,mal_test,1,blackbyte,6f36a4a1364cfb063a0463d9e1287248700ccf1e0d8e280e034b02cf3db3c442,6f36a4a1364cfb063a0463d9e1287248700ccf1e0d8e280e034b02cf3db3c442,,dup,,0,tag:dup
blackbyte_70e861184ba4bf7b1f5aa549b15b0207519f9b7ecd4ecdeaf99af832f88285a5.txt,mal_test,mal_test,1,blackbyte,70e861184ba4bf7b1f5aa549b15b0207519f9b7ecd4ecdeaf99af832f88285a5,70e861184ba4bf7b1f5aa549b15b0207519f9b7ecd4ecdeaf99af832f88285a5,x64,plain,513116,1,
blackbyte_8d2581e5cc6e6fdf17558afe025ff84d9023ea636aca74dee39900d8f523e912.txt,mal_test,mal_test,1,blackbyte,0b102d8ac22224747d38c9fbf2c91579abae050357f0a1d01fac1ec1315ad291,8d2581e5cc6e6fdf17558afe025ff84d9023ea636aca74dee39900d8f523e912,,dup,,0,tag:dup
blackbyte_9103194d32a15ea9e8ede1c81960a5ba5d21213de55df52a6dac409f2e58bcfe.txt,mal_test,mal_test,1,blackbyte,9103194d32a15ea9e8ede1c81960a5ba5d21213de55df52a6dac409f2e58bcfe,9103194d32a15ea9e8ede1c81960a5ba5d21213de55df52a6dac409f2e58bcfe,x64,packed_other,479250,0,tag:packed_other
blackbyte_938a0841b643da4d0e04848b04b7f735c64e05ce45b5118618c6af685d651f08.txt,mal_test,mal_test,1,blackbyte,938a0841b643da4d0e04848b04b7f735c64e05ce45b5118618c6af685d651f08,938a0841b643da4d0e04848b04b7f735c64e05ce45b5118618c6af685d651f08,,dup,,0,tag:dup
blackbyte_e434ec347a8ea1f0712561bccf0153468a943e16d2cd792fbc72720bd0a8002e.txt,mal_test,mal_test,1,blackbyte,e434ec347a8ea1f0712561bccf0153468a943e16d2cd792fbc72720bd0a8002e,e434ec347a8ea1f0712561bccf0153468a943e16d2cd792fbc72720bd0a8002e,x64,packed_other,475592,0,tag:packed_other
blackbyte_ffc4d94a26ea7bcf48baffd96d33d3c3d53df1bb2c59567f6d04e02e7e2e5aaa.txt,mal_test,mal_test,1,blackbyte,13581edc2d33951db376e3a5f5f1fb89fee309450cc2248ebbd3b5560b9c3081,ffc4d94a26ea7bcf48baffd96d33d3c3d53df1bb2c59567f6d04e02e7e2e5aaa,x64,plain,558847,1,
blackcat_1048a41107f4d9a68c1f5fc0b99ac75dc198047f18bb6e50f3d462f262b8f6cd.txt,mal_test,mal_test,1,blackcat,1048a41107f4d9a68c1f5fc0b99ac75dc198047f18bb6e50f3d462f262b8f6cd,1048a41107f4d9a68c1f5fc0b99ac75dc198047f18bb6e50f3d462f262b8f6cd,x86,plain,572076,1,
blackcat_12138a12e35563461860d8c39d80e7cbf80aced9a3f197bf7e6a452a70e07048.txt,mal_test,mal_test,1,blackcat,12138a12e35563461860d8c39d80e7cbf80aced9a3f197bf7e6a452a70e07048,12138a12e35563461860d8c39d80e7cbf80aced9a3f197bf7e6a452a70e07048,x86,plain,552248,1,
blackcat_13828b390d5f58b002e808c2c4f02fdd920e236cc8015480fa33b6c1a9300e31.txt,mal_test,mal_test,1,blackcat,13828b390d5f58b002e808c2c4f02fdd920e236cc8015480fa33b6c1a9300e31,13828b390d5f58b002e808c2c4f02fdd920e236cc8015480fa33b6c1a9300e31,x86,plain,574090,1,
blackcat_15b57c1b68cd6ce3c161042e0f3be9f32d78151fe95461eedc59a79fc222c7ed.txt,mal_test,mal_test,1,blackcat,15b57c1b68cd6ce3c161042e0f3be9f32d78151fe95461eedc59a79fc222c7ed,15b57c1b68cd6ce3c161042e0f3be9f32d78151fe95461eedc59a79fc222c7ed,x86,plain,574090,1,
blackcat_1e8696116c400742d13d6dfcad676badee68eac4a42a0693556f5dcfa82d0a46.txt,mal_test,mal_test,1,blackcat,1e8696116c400742d13d6dfcad676badee68eac4a42a0693556f5dcfa82d0a46,1e8696116c400742d13d6dfcad676badee68eac4a42a0693556f5dcfa82d0a46,x86,plain,552248,1,
blackcat_214ea9347df948e515af3f0ed446722e36f011e8cd34a221eb6e506269b955f3.txt,mal_test,mal_test,1,blackcat,214ea9347df948e515af3f0ed446722e36f011e8cd34a221eb6e506269b955f3,214ea9347df948e515af3f0ed446722e36f011e8cd34a221eb6e506269b955f3,x86,plain,552222,1,
blackcat_25364fb9f14a97437eb079e0778f724f3817faa7d23de316b2eca11bdae1e343.txt,mal_test,mal_test,1,blackcat,25364fb9f14a97437eb079e0778f724f3817faa7d23de316b2eca11bdae1e343,25364fb9f14a97437eb079e0778f724f3817faa7d23de316b2eca11bdae1e343,x86,plain,572076,1,
blackcat_32304c278117353bd112132323055e113b62182d1efcc83abec1e736cf8da9e1.txt,mal_test,mal_test,1,blackcat,32304c278117353bd112132323055e113b62182d1efcc83abec1e736cf8da9e1,32304c278117353bd112132323055e113b62182d1efcc83abec1e736cf8da9e1,x86,plain,552274,1,
blackcat_3850817e83a1cf4195920110bb2995a0386fdaeacbf81e13f52bdb3d124911f5.txt,mal_test,mal_test,1,blackcat,3850817e83a1cf4195920110bb2995a0386fdaeacbf81e13f52bdb3d124911f5,3850817e83a1cf4195920110bb2995a0386fdaeacbf81e13f52bdb3d124911f5,x86,plain,550799,1,
blackcat_3a96c3075b8494fe6a76c6325946ab3f200e75ce26ad886446ea1394b5ac6ba1.txt,mal_test,mal_test,1,blackcat,3a96c3075b8494fe6a76c6325946ab3f200e75ce26ad886446ea1394b5ac6ba1,3a96c3075b8494fe6a76c6325946ab3f200e75ce26ad886446ea1394b5ac6ba1,x86,plain,552248,1,
blackcat_3b18241ac1018db1c2fb5c9e8306490bcafb373c852f1c5ebae65c672632a620.txt,mal_test,mal_test,1,blackcat,3b18241ac1018db1c2fb5c9e8306490bcafb373c852f1c5ebae65c672632a620,3b18241ac1018db1c2fb5c9e8306490bcafb373c852f1c5ebae65c672632a620,x86,plain,550506,1,
blackcat_3c8ad2dae0b1bb536925b4e8d5a87e77c6134371eada2c7628358d6c6d3083dc.txt,mal_test,mal_test,1,blackcat,3c8ad2dae0b1bb536925b4e8d5a87e77c6134371eada2c7628358d6c6d3083dc,3c8ad2dae0b1bb536925b4e8d5a87e77c6134371eada2c7628358d6c6d3083dc,x86,plain,576242,1,
blackcat_3de2a56cc13e85bc214d583dbd101857a129b796dae0c499fb5045a1508231ef.txt,mal_test,mal_test,1,blackcat,3de2a56cc13e85bc214d583dbd101857a129b796dae0c499fb5045a1508231ef,3de2a56cc13e85bc214d583dbd101857a129b796dae0c499fb5045a1508231ef,x86,plain,559435,1,
blackcat_3ed830b0803b63aca0a82661475c863801afd2e2b03c2675b05019d55f25a1f4.txt,mal_test,mal_test,1,blackcat,3ed830b0803b63aca0a82661475c863801afd2e2b03c2675b05019d55f25a1f4,3ed830b0803b63aca0a82661475c863801afd2e2b03c2675b05019d55f25a1f4,x86,plain,550506,1,
blackcat_4fea41b61b2bd700fc6613c18c05aeb4df37bcbe777868081b0ed1076ee7aacb.txt,mal_test,mal_test,1,blackcat,4fea41b61b2bd700fc6613c18c05aeb4df37bcbe777868081b0ed1076ee7aacb,4fea41b61b2bd700fc6613c18c05aeb4df37bcbe777868081b0ed1076ee7aacb,x86,plain,559305,1,
blackcat_59868f4b346bd401e067380cac69080709c86e06fae219bfb5bc17605a71ab3f.txt,mal_test,mal_test,1,blackcat,59868f4b346bd401e067380cac69080709c86e06fae219bfb5bc17605a71ab3f,59868f4b346bd401e067380cac69080709c86e06fae219bfb5bc17605a71ab3f,x86,plain,572076,1,
blackcat_5a604a8f0e72f3bf7901b7b67f881031a402ab8072269c00233a554df548f54d.txt,mal_test,mal_test,1,blackcat,5a604a8f0e72f3bf7901b7b67f881031a402ab8072269c00233a554df548f54d,5a604a8f0e72f3bf7901b7b67f881031a402ab8072269c00233a554df548f54d,x86,plain,576241,1,
blackcat_655abd0b5067ec53b25ea387c9aebe0fbafd5209e53bc7447c7d7425cb76b175.txt,mal_test,mal_test,1,blackcat,655abd0b5067ec53b25ea387c9aebe0fbafd5209e53bc7447c7d7425cb76b175,655abd0b5067ec53b25ea387c9aebe0fbafd5209e53bc7447c7d7425cb76b175,x86,plain,572076,1,
blackcat_6660d0e87a142ab1bde4521d9c6f5e148490b05a57c71122e28280b35452e896.txt,mal_test,mal_test,1,blackcat,6660d0e87a142ab1bde4521d9c6f5e148490b05a57c71122e28280b35452e896,6660d0e87a142ab1bde4521d9c6f5e148490b05a57c71122e28280b35452e896,x86,plain,550432,1,
blackcat_67d1f4077e929385cfd869bf279892bf10a2c8f0af4119e4bc15a2add9461fec.txt,mal_test,mal_test,1,blackcat,67d1f4077e929385cfd869bf279892bf10a2c8f0af4119e4bc15a2add9461fec,67d1f4077e929385cfd869bf279892bf10a2c8f0af4119e4bc15a2add9461fec,x86,plain,576242,1,
blackcat_6dd995d896a9a593b2c48d09da60bd83866d8577273f36d38788d83ad8173e68.txt,mal_test,mal_test,1,blackcat,6dd995d896a9a593b2c48d09da60bd83866d8577273f36d38788d83ad8173e68,6dd995d896a9a593b2c48d09da60bd83866d8577273f36d38788d83ad8173e68,x86,plain,552248,1,
blackcat_731adcf2d7fb61a8335e23dbee2436249e5d5753977ec465754c6b699e9bf161.txt,mal_test,mal_test,1,blackcat,731adcf2d7fb61a8335e23dbee2436249e5d5753977ec465754c6b699e9bf161,731adcf2d7fb61a8335e23dbee2436249e5d5753977ec465754c6b699e9bf161,x86,plain,572076,1,
blackcat_74abc075fc1d5c8985c952afc25a48ba874e76f96af4dc33414e84db9e10b9ee.txt,mal_test,mal_test,1,blackcat,74abc075fc1d5c8985c952afc25a48ba874e76f96af4dc33414e84db9e10b9ee,74abc075fc1d5c8985c952afc25a48ba874e76f96af4dc33414e84db9e10b9ee,x86,plain,570740,1,
blackcat_79802d6a6be8433720857d2b53b46f8011ec734a237aae1c3c1fea50ff683c13.txt,mal_test,mal_test,1,blackcat,79802d6a6be8433720857d2b53b46f8011ec734a237aae1c3c1fea50ff683c13,79802d6a6be8433720857d2b53b46f8011ec734a237aae1c3c1fea50ff683c13,x86,plain,576181,1,
blackcat_7b2449bb8be1b37a9d580c2592a67a759a3116fe640041d0f36dc93ca3db4487.txt,mal_test,mal_test,1,blackcat,7b2449bb8be1b37a9d580c2592a67a759a3116fe640041d0f36dc93ca3db4487,7b2449bb8be1b37a9d580c2592a67a759a3116fe640041d0f36dc93ca3db4487,x86,plain,573855,1,
blackcat_7bb383b31d1b415bc067e612203cc6bda53e914f7ca5291299e92f59d47cabf8.txt,mal_test,mal_test,1,blackcat,7bb383b31d1b415bc067e612203cc6bda53e914f7ca5291299e92f59d47cabf8,7bb383b31d1b415bc067e612203cc6bda53e914f7ca5291299e92f59d47cabf8,x86,plain,574090,1,
blackcat_82479ba19531a5b3f108f21f939190de2073395a708bb4446d6acc398518b802.txt,mal_test,mal_test,1,blackcat,82479ba19531a5b3f108f21f939190de2073395a708bb4446d6acc398518b802,82479ba19531a5b3f108f21f939190de2073395a708bb4446d6acc398518b802,x86,plain,552274,1,
blackcat_87a14583b72250a660b74f1e475a268f95285820d72fbd5115f1b8c6ec787a9a.txt,mal_test,mal_test,1,blackcat,87a14583b72250a660b74f1e475a268f95285820d72fbd5115f1b8c6ec787a9a,87a14583b72250a660b74f1e475a268f95285820d72fbd5115f1b8c6ec787a9a,x86,plain,552274,1,
blackcat_8a22a91c931ac80ca91cf91fef678c4bee00e3eb5ad24f209bc8595e012ba5b0.txt,mal_test,mal_test,1,blackcat,8a22a91c931ac80ca91cf91fef678c4bee00e3eb5ad24f209bc8595e012ba5b0,8a22a91c931ac80ca91cf91fef678c4bee00e3eb5ad24f209bc8595e012ba5b0,x86,plain,552274,1,
blackcat_942946c6ae139b1f1efc91262f91034542eb75b80c3c66c10d69dda014d706d6.txt,mal_test,mal_test,1,blackcat,942946c6ae139b1f1efc91262f91034542eb75b80c3c66c10d69dda014d706d6,942946c6ae139b1f1efc91262f91034542eb75b80c3c66c10d69dda014d706d6,x86,plain,561557,1,
blackcat_94e56379b7a31b01cf826076a74fc4ddb7f86f7991a6f58300f28712d484aa33.txt,mal_test,mal_test,1,blackcat,94e56379b7a31b01cf826076a74fc4ddb7f86f7991a6f58300f28712d484aa33,94e56379b7a31b01cf826076a74fc4ddb7f86f7991a6f58300f28712d484aa33,x86,plain,552274,1,
blackcat_99d09068ac1b9d6db4f8bcff698ffff8e112a506c0f01afff460c5a3b1393ef8.txt,mal_test,mal_test,1,blackcat,99d09068ac1b9d6db4f8bcff698ffff8e112a506c0f01afff460c5a3b1393ef8,99d09068ac1b9d6db4f8bcff698ffff8e112a506c0f01afff460c5a3b1393ef8,x86,plain,552274,1,
blackcat_9f6876762614e407d0ee6005f165dd4bbd12cb21986abc4a3a5c7dc6271fcdc3.txt,mal_test,mal_test,1,blackcat,9f6876762614e407d0ee6005f165dd4bbd12cb21986abc4a3a5c7dc6271fcdc3,9f6876762614e407d0ee6005f165dd4bbd12cb21986abc4a3a5c7dc6271fcdc3,x86,plain,573903,1,
blackcat_9fb1067dd3edf3d517517e9c191f3f07067bf30aa034a36ebf6543d83cea5ec1.txt,mal_test,mal_test,1,blackcat,9fb1067dd3edf3d517517e9c191f3f07067bf30aa034a36ebf6543d83cea5ec1,9fb1067dd3edf3d517517e9c191f3f07067bf30aa034a36ebf6543d83cea5ec1,x86,plain,550432,1,
blackcat_a15f278540238f0308608e76a76c01c60e04f5e5bbe9ffce5455f2e965574a12.txt,mal_test,mal_test,1,blackcat,a15f278540238f0308608e76a76c01c60e04f5e5bbe9ffce5455f2e965574a12,a15f278540238f0308608e76a76c01c60e04f5e5bbe9ffce5455f2e965574a12,x86,plain,550506,1,
blackcat_acf8884a4bfb9ebfe99ed607c4f1cf625cd705ac4317c092ef6dcca3d47027aa.txt,mal_test,mal_test,1,blackcat,acf8884a4bfb9ebfe99ed607c4f1cf625cd705ac4317c092ef6dcca3d47027aa,acf8884a4bfb9ebfe99ed607c4f1cf625cd705ac4317c092ef6dcca3d47027aa,x86,plain,552274,1,
blackcat_bacedbb23254934b736a9daf6de52620c9250a49686d519ceaf0a8d25da0a97f.txt,mal_test,mal_test,1,blackcat,bacedbb23254934b736a9daf6de52620c9250a49686d519ceaf0a8d25da0a97f,bacedbb23254934b736a9daf6de52620c9250a49686d519ceaf0a8d25da0a97f,x86,plain,576242,1,
blackcat_bb6b249336cd7001b1c55d3724b5e35a150e752ed795c36e0d5dcba00eedb62a.txt,mal_test,mal_test,1,blackcat,bb6b249336cd7001b1c55d3724b5e35a150e752ed795c36e0d5dcba00eedb62a,bb6b249336cd7001b1c55d3724b5e35a150e752ed795c36e0d5dcba00eedb62a,x86,plain,552274,1,
blackcat_bd337d4e83ab1c2cacb43e4569f977d188f1bb7c7a077026304bf186d49d4117.txt,mal_test,mal_test,1,blackcat,bd337d4e83ab1c2cacb43e4569f977d188f1bb7c7a077026304bf186d49d4117,bd337d4e83ab1c2cacb43e4569f977d188f1bb7c7a077026304bf186d49d4117,x86,plain,574090,1,
blackcat_bd4e603e953d8c7803f3c7d72cd7197d996ab80ce80b9da96a4df7d10969bb55.txt,mal_test,mal_test,1,blackcat,bd4e603e953d8c7803f3c7d72cd7197d996ab80ce80b9da96a4df7d10969bb55,bd4e603e953d8c7803f3c7d72cd7197d996ab80ce80b9da96a4df7d10969bb55,x86,plain,552274,1,
blackcat_c124dc2c4f82b3258f1538656de8cbd2c5133137cad2d6c7b874de8232763d95.txt,mal_test,mal_test,1,blackcat,c124dc2c4f82b3258f1538656de8cbd2c5133137cad2d6c7b874de8232763d95,c124dc2c4f82b3258f1538656de8cbd2c5133137cad2d6c7b874de8232763d95,x86,plain,550432,1,
blackcat_c50bca08a8e80850ec18d258ff937b7b72a500d9027c730c86b05aa73c938b5d.txt,mal_test,mal_test,1,blackcat,c50bca08a8e80850ec18d258ff937b7b72a500d9027c730c86b05aa73c938b5d,c50bca08a8e80850ec18d258ff937b7b72a500d9027c730c86b05aa73c938b5d,x86,plain,550506,1,
blackcat_cefea76dfdbb48cfe1a3db2c8df34e898e29bec9b2c13e79ef40655c637833ae.txt,mal_test,mal_test,1,blackcat,cefea76dfdbb48cfe1a3db2c8df34e898e29bec9b2c13e79ef40655c637833ae,cefea76dfdbb48cfe1a3db2c8df34e898e29bec9b2c13e79ef40655c637833ae,x86,plain,443274,1,
blackcat_d0e0923cf7f97c86b6cde608bc7a0332d03881e598de7b8e41c114d1576e4534.txt,mal_test,mal_test,1,blackcat,d0e0923cf7f97c86b6cde608bc7a0332d03881e598de7b8e41c114d1576e4534,d0e0923cf7f97c86b6cde608bc7a0332d03881e598de7b8e41c114d1576e4534,x86,plain,550432,1,
blackcat_d3fd49f8f42fa571209af568a65119433e114bb66da21eda12b96a16b5ebfe21.txt,mal_test,mal_test,1,blackcat,d3fd49f8f42fa571209af568a65119433e114bb66da21eda12b96a16b5ebfe21,d3fd49f8f42fa571209af568a65119433e114bb66da21eda12b96a16b5ebfe21,x86,plain,572076,1,
blackcat_d767524e1bbb8d50129485ffa667eb1d379c745c30d4588672636998c20f857f.txt,mal_test,mal_test,1,blackcat,d767524e1bbb8d50129485ffa667eb1d379c745c30d4588672636998c20f857f,d767524e1bbb8d50129485ffa667eb1d379c745c30d4588672636998c20f857f,x86,plain,576183,1,
blackcat_e55cc3426298f9f848849304d10b9222925eb19caebaebaa44dfb85ad2346062.txt,mal_test,mal_test,1,blackcat,e55cc3426298f9f848849304d10b9222925eb19caebaebaa44dfb85ad2346062,e55cc3426298f9f848849304d10b9222925eb19caebaebaa44dfb85ad2346062,x86,plain,552222,1,
blackcat_e88795f5be1970400521e0041c4603c62ff681f24ac75f926d524d092eecb6ee.txt,mal_test,mal_test,1,blackcat,e88795f5be1970400521e0041c4603c62ff681f24ac75f926d524d092eecb6ee,e88795f5be1970400521e0041c4603c62ff681f24ac75f926d524d092eecb6ee,x86,plain,552248,1,
blackcat_f2b3f1ed693021b20f456a058b86b08abfc4876c7a3ae18aea6e95567fd55b2e.txt,mal_test,mal_test,1,blackcat,f2b3f1ed693021b20f456a058b86b08abfc4876c7a3ae18aea6e95567fd55b2e,f2b3f1ed693021b20f456a058b86b08abfc4876c7a3ae18aea6e95567fd55b2e,x86,plain,549712,1,
blackcat_f837f1cd60e9941aa60f7be50a8f2aaaac380f560db8ee001408f35c1b7a97cb.txt,mal_test,mal_test,1,blackcat,f837f1cd60e9941aa60f7be50a8f2aaaac380f560db8ee001408f35c1b7a97cb,f837f1cd60e9941aa60f7be50a8f2aaaac380f560db8ee001408f35c1b7a97cb,x86,plain,572076,1,
bluesky_06ad123df8f3fcc6ca4785c0b52fc57e6e54f44e403fca2fdbd339580d3c53b0.txt,mal_test,mal_test,1,bluesky,06ad123df8f3fcc6ca4785c0b52fc57e6e54f44e403fca2fdbd339580d3c53b0,06ad123df8f3fcc6ca4785c0b52fc57e6e54f44e403fca2fdbd339580d3c53b0,x86,plain,23680,1,
bluesky_11ae63b3a7caac549374aaa3c7fea9cba7f23ae83118745fee0a4157f61156f2.txt,mal_test,mal_test,1,bluesky,11ae63b3a7caac549374aaa3c7fea9cba7f23ae83118745fee0a4157f61156f2,11ae63b3a7caac549374aaa3c7fea9cba7f23ae83118745fee0a4157f61156f2,x86,plain,23373,1,
bluesky_11e409f8b0799cd64c53d40ff10cbc639a1f85cd5ba6544fe42689a96302cc2e.txt,mal_test,mal_test,1,bluesky,11e409f8b0799cd64c53d40ff10cbc639a1f85cd5ba6544fe42689a96302cc2e,11e409f8b0799cd64c53d40ff10cbc639a1f85cd5ba6544fe42689a96302cc2e,x86,plain,25496,1,
bluesky_18329783ad51783d679aec6111ca171eb1176f8fa866949a5267009c14605aa6.txt,mal_test,mal_test,1,bluesky,18329783ad51783d679aec6111ca171eb1176f8fa866949a5267009c14605aa6,18329783ad51783d679aec6111ca171eb1176f8fa866949a5267009c14605aa6,x86,plain,23373,1,
bluesky_1b44b3e401f26547ee820bc0fe90904c55ec59d74e4385fe5bdd1826738fa9e6.txt,mal_test,mal_test,1,bluesky,1b44b3e401f26547ee820bc0fe90904c55ec59d74e4385fe5bdd1826738fa9e6,1b44b3e401f26547ee820bc0fe90904c55ec59d74e4385fe5bdd1826738fa9e6,x86,plain,25496,1,
bluesky_2176a3cdf5db56f5dcab475f362d459d4b2b3dafc3c146caaf3100009d0c8a5f.txt,mal_test,mal_test,1,bluesky,2176a3cdf5db56f5dcab475f362d459d4b2b3dafc3c146caaf3100009d0c8a5f,2176a3cdf5db56f5dcab475f362d459d4b2b3dafc3c146caaf3100009d0c8a5f,x86,plain,23373,1,
bluesky_2280898cb29faf1785e782596d8029cb471537ec38352e5c17cc263f1f52b8ef.txt,mal_test,mal_test,1,bluesky,2280898cb29faf1785e782596d8029cb471537ec38352e5c17cc263f1f52b8ef,2280898cb29faf1785e782596d8029cb471537ec38352e5c17cc263f1f52b8ef,x86,plain,23373,1,
bluesky_22a020af0e4be83dea45c0700d065d9ae64630748c02b58397f6c6d91c3efb0d.txt,mal_test,mal_test,1,bluesky,22a020af0e4be83dea45c0700d065d9ae64630748c02b58397f6c6d91c3efb0d,22a020af0e4be83dea45c0700d065d9ae64630748c02b58397f6c6d91c3efb0d,x86,plain,25496,1,
bluesky_2ee6dfbfb2afd7442c9f2212eb142876698851c3ffb552ee420c0281e35a836e.txt,mal_test,mal_test,1,bluesky,2ee6dfbfb2afd7442c9f2212eb142876698851c3ffb552ee420c0281e35a836e,2ee6dfbfb2afd7442c9f2212eb142876698851c3ffb552ee420c0281e35a836e,x86,plain,23373,1,
bluesky_311dc38f619f40f06bee5157119ab4b93684924f53e4ff2da34412f9dac111a4.txt,mal_test,mal_test,1,bluesky,311dc38f619f40f06bee5157119ab4b93684924f53e4ff2da34412f9dac111a4,311dc38f619f40f06bee5157119ab4b93684924f53e4ff2da34412f9dac111a4,x86,plain,23373,1,
bluesky_376fdb43699c90fd6cca2706c14827791137b3a753c7368a202de63f588fdb2f.txt,mal_test,mal_test,1,bluesky,376fdb43699c90fd6cca2706c14827791137b3a753c7368a202de63f588fdb2f,376fdb43699c90fd6cca2706c14827791137b3a753c7368a202de63f588fdb2f,x86,plain,23373,1,
bluesky_38478119e3344e735cf60442e7528db63046a543a5f422db8f946b2c2693d19a.txt,mal_test,mal_test,1,bluesky,38478119e3344e735cf60442e7528db63046a543a5f422db8f946b2c2693d19a,38478119e3344e735cf60442e7528db63046a543a5f422db8f946b2c2693d19a,x86,plain,25496,1,
bluesky_3e035f2d7d30869ce53171ef5a0f761bfb9c14d94d9fe6da385e20b8d96dc2fb.txt,mal_test,mal_test,1,bluesky,3e035f2d7d30869ce53171ef5a0f761bfb9c14d94d9fe6da385e20b8d96dc2fb,3e035f2d7d30869ce53171ef5a0f761bfb9c14d94d9fe6da385e20b8d96dc2fb,x86,plain,23373,1,
bluesky_47971a5a44f487f341d482fdcb91271a2aea4d3eee7191c69568690d2fe9f251.txt,mal_test,mal_test,1,bluesky,47971a5a44f487f341d482fdcb91271a2aea4d3eee7191c69568690d2fe9f251,47971a5a44f487f341d482fdcb91271a2aea4d3eee7191c69568690d2fe9f251,x86,plain,24751,1,
bluesky_4c752131e47710d47dd0084a22ac03cd5924eb617e97cf895159ae03d86f561e.txt,mal_test,mal_test,1,bluesky,4c752131e47710d47dd0084a22ac03cd5924eb617e97cf895159ae03d86f561e,4c752131e47710d47dd0084a22ac03cd5924eb617e97cf895159ae03d86f561e,x86,plain,23373,1,
bluesky_4fd0c22d92f8bf7a062497867a802bdbab4c802ac10c8b529fe7f896e7517492.txt,mal_test,mal_test,1,bluesky,4fd0c22d92f8bf7a062497867a802bdbab4c802ac10c8b529fe7f896e7517492,4fd0c22d92f8bf7a062497867a802bdbab4c802ac10c8b529fe7f896e7517492,x86,plain,25496,1,
bluesky_6e1057e52d296655f932b8a9da7302b31379ce5b9ba4cc32ed3af4c15c7adcf0.txt,mal_test,mal_test,1,bluesky,6e1057e52d296655f932b8a9da7302b31379ce5b9ba4cc32ed3af4c15c7adcf0,6e1057e52d296655f932b8a9da7302b31379ce5b9ba4cc32ed3af4c15c7adcf0,x86,plain,23373,1,
bluesky_840af927adbfdeb7070e1cf73ed195cf48c8d5f35b6de12f58b73898d7056d3d.txt,mal_test,mal_test,1,bluesky,840af927adbfdeb7070e1cf73ed195cf48c8d5f35b6de12f58b73898d7056d3d,840af927adbfdeb7070e1cf73ed195cf48c8d5f35b6de12f58b73898d7056d3d,x86,plain,23373,1,
bluesky_8dfd7ee796dd98daefbc1458a34f0460ebd8508df319d44ab48f4cbc579a7f09.txt,mal_test,mal_test,1,bluesky,8dfd7ee796dd98daefbc1458a34f0460ebd8508df319d44ab48f4cbc579a7f09,8dfd7ee796dd98daefbc1458a34f0460ebd8508df319d44ab48f4cbc579a7f09,x86,plain,23373,1,
bluesky_905de085d2a9ebf553e3325eb9c878b9855f85c10f77e80c46519056658d6bab.txt,mal_test,mal_test,1,bluesky,905de085d2a9ebf553e3325eb9c878b9855f85c10f77e80c46519056658d6bab,905de085d2a9ebf553e3325eb9c878b9855f85c10f77e80c46519056658d6bab,x86,plain,23373,1,
bluesky_91795d3e8925e647444eb383e52cdc5046db10fa320afc817fab29b085e7d76f.txt,mal_test,mal_test,1,bluesky,91795d3e8925e647444eb383e52cdc5046db10fa320afc817fab29b085e7d76f,91795d3e8925e647444eb383e52cdc5046db10fa320afc817fab29b085e7d76f,x86,plain,23680,1,
bluesky_94733075d7ccdc9d770f71200e11f84c00b8a529182b504fb997e9b331470f9a.txt,mal_test,mal_test,1,bluesky,94733075d7ccdc9d770f71200e11f84c00b8a529182b504fb997e9b331470f9a,94733075d7ccdc9d770f71200e11f84c00b8a529182b504fb997e9b331470f9a,x86,plain,23373,1,
bluesky_99828018b3af892707985f6a3f8c3d34ae1d1575fdefd7a05f1e6861181ec1b2.txt,mal_test,mal_test,1,bluesky,99828018b3af892707985f6a3f8c3d34ae1d1575fdefd7a05f1e6861181ec1b2,99828018b3af892707985f6a3f8c3d34ae1d1575fdefd7a05f1e6861181ec1b2,x86,plain,23373,1,
bluesky_9e302bb7d1031c0b2a4ad6ec955e7d2c0ab9c0d18d56132029c4c6198b91384f.txt,mal_test,mal_test,1,bluesky,9e302bb7d1031c0b2a4ad6ec955e7d2c0ab9c0d18d56132029c4c6198b91384f,9e302bb7d1031c0b2a4ad6ec955e7d2c0ab9c0d18d56132029c4c6198b91384f,x86,plain,23373,1,
bluesky_afccc93c4122d7e63543fc342a4ba9319c4969797c0c3ed32b944b07c83aea16.txt,mal_test,mal_test,1,bluesky,afccc93c4122d7e63543fc342a4ba9319c4969797c0c3ed32b944b07c83aea16,afccc93c4122d7e63543fc342a4ba9319c4969797c0c3ed32b944b07c83aea16,x86,plain,23373,1,
bluesky_b39fcf37d9019cc92127ee82c03df5e37aa8238cd76cc6eca2e3d1e7e977fc26.txt,mal_test,mal_test,1,bluesky,b39fcf37d9019cc92127ee82c03df5e37aa8238cd76cc6eca2e3d1e7e977fc26,b39fcf37d9019cc92127ee82c03df5e37aa8238cd76cc6eca2e3d1e7e977fc26,x86,plain,23373,1,
bluesky_b5b105751a2bf965a6b78eeff100fe4c75282ad6f37f98b9adcd15d8c64283ec.txt,mal_test,mal_test,1,bluesky,b5b105751a2bf965a6b78eeff100fe4c75282ad6f37f98b9adcd15d8c64283ec,b5b105751a2bf965a6b78eeff100fe4c75282ad6f37f98b9adcd15d8c64283ec,x86,plain,23373,1,
bluesky_baaa0e49398ef681ef71e84a7a86dd2b78f36ac83785e0d9a061067ebaf8b006.txt,mal_test,mal_test,1,bluesky,baaa0e49398ef681ef71e84a7a86dd2b78f36ac83785e0d9a061067ebaf8b006,baaa0e49398ef681ef71e84a7a86dd2b78f36ac83785e0d9a061067ebaf8b006,x86,plain,23373,1,
bluesky_c0514cd580275b54f5b1d69086c9f415e7afb805479bfea50251e82dc2e60e12.txt,mal_test,mal_test,1,bluesky,c0514cd580275b54f5b1d69086c9f415e7afb805479bfea50251e82dc2e60e12,c0514cd580275b54f5b1d69086c9f415e7afb805479bfea50251e82dc2e60e12,x86,plain,23373,1,
bluesky_c75748dc544629a8a5d08c0d8ba7fda3508a3efdaed905ad800ffddbc8d3b8df.txt,mal_test,mal_test,1,bluesky,c75748dc544629a8a5d08c0d8ba7fda3508a3efdaed905ad800ffddbc8d3b8df,c75748dc544629a8a5d08c0d8ba7fda3508a3efdaed905ad800ffddbc8d3b8df,x86,plain,23373,1,
bluesky_d401be3ec0699cfdc1a16a9243ebc25181385e428122b0b1a283b7a8d47dd0bc.txt,mal_test,mal_test,1,bluesky,d401be3ec0699cfdc1a16a9243ebc25181385e428122b0b1a283b7a8d47dd0bc,d401be3ec0699cfdc1a16a9243ebc25181385e428122b0b1a283b7a8d47dd0bc,x86,plain,23373,1,
bluesky_d4f4069b1c40a5b27ba0bc15c09dceb7035d054a022bb5d558850edfba0b9534.txt,mal_test,mal_test,1,bluesky,d4f4069b1c40a5b27ba0bc15c09dceb7035d054a022bb5d558850edfba0b9534,d4f4069b1c40a5b27ba0bc15c09dceb7035d054a022bb5d558850edfba0b9534,x86,plain,20471,1,
bluesky_d6386b2747335f7b0d13b1f69d995944ad8e9b71e09b036dbc0b907e583d857a.txt,mal_test,mal_test,1,bluesky,d6386b2747335f7b0d13b1f69d995944ad8e9b71e09b036dbc0b907e583d857a,d6386b2747335f7b0d13b1f69d995944ad8e9b71e09b036dbc0b907e583d857a,x86,plain,23373,1,
bluesky_e75717be1633b5e3602827dc3b5788ff691dd325b0eddd2d0d9ddcee29de364f.txt,mal_test,mal_test,1,bluesky,e75717be1633b5e3602827dc3b5788ff691dd325b0eddd2d0d9ddcee29de364f,e75717be1633b5e3602827dc3b5788ff691dd325b0eddd2d0d9ddcee29de364f,x86,plain,23373,1,
clop_00e815ade8f3ad89a7726da8edd168df13f96ccb6c3daaf995aa9428bfb9ecf1.txt,mal_test,mal_test,1,clop,00e815ade8f3ad89a7726da8edd168df13f96ccb6c3daaf995aa9428bfb9ecf1,00e815ade8f3ad89a7726da8edd168df13f96ccb6c3daaf995aa9428bfb9ecf1,x86,plain,19264,1,
clop_04e97922edd766b69fecf42370b52f81fe9efd7927e16eb8374042f565430365.txt,mal_test,mal_test,1,clop,04e97922edd766b69fecf42370b52f81fe9efd7927e16eb8374042f565430365,04e97922edd766b69fecf42370b52f81fe9efd7927e16eb8374042f565430365,x86,plain,29585,1,
clop_0778c67835cce4819fecc56c1059c791c0cf023a3a2c4db0ac696d1c3966f9e2.txt,mal_test,mal_test,1,clop,0778c67835cce4819fecc56c1059c791c0cf023a3a2c4db0ac696d1c3966f9e2,0778c67835cce4819fecc56c1059c791c0cf023a3a2c4db0ac696d1c3966f9e2,x86,plain,20038,1,
clop_07d7a103b08ef363d8b8c3c8ce320c8256d45db08c26d440a9a4ca74d7b46e62.txt,mal_test,mal_test,1,clop,07d7a103b08ef363d8b8c3c8ce320c8256d45db08c26d440a9a4ca74d7b46e62,07d7a103b08ef363d8b8c3c8ce320c8256d45db08c26d440a9a4ca74d7b46e62,x86,plain,29874,1,
clop_09ab880f3021ac2d05e09bebd567ddf5f6f7cfb396573efd819a056931f3b391.txt,mal_test,mal_test,1,clop,09ab880f3021ac2d05e09bebd567ddf5f6f7cfb396573efd819a056931f3b391,09ab880f3021ac2d05e09bebd567ddf5f6f7cfb396573efd819a056931f3b391,x86,plain,30470,1,
clop_0d19f60423cb2128555e831dc340152f9588c99f3e47d64f0bb4206a6213d579.txt,mal_test,mal_test,1,clop,0d19f60423cb2128555e831dc340152f9588c99f3e47d64f0bb4206a6213d579,0d19f60423cb2128555e831dc340152f9588c99f3e47d64f0bb4206a6213d579,x86,plain,85160,1,
clop_0e3fd4f37b395b9177ccec786f339dd2dc3a539f69b49ac41e55ca21ead7fe73.txt,mal_test,mal_test,1,clop,0e3fd4f37b395b9177ccec786f339dd2dc3a539f69b49ac41e55ca21ead7fe73,0e3fd4f37b395b9177ccec786f339dd2dc3a539f69b49ac41e55ca21ead7fe73,x86,plain,83322,1,
clop_111773fea3e49a77d35abfbeffc2b33fd4b0527d36a643f34be123850ae51fb9.txt,mal_test,mal_test,1,clop,111773fea3e49a77d35abfbeffc2b33fd4b0527d36a643f34be123850ae51fb9,111773fea3e49a77d35abfbeffc2b33fd4b0527d36a643f34be123850ae51fb9,x86,plain,19528,1,
clop_128f74421cf96f74d721c1ba4c65b5ca262b3bdd9f96a90090ae4b2f092bc60f.txt,mal_test,mal_test,1,clop,128f74421cf96f74d721c1ba4c65b5ca262b3bdd9f96a90090ae4b2f092bc60f,128f74421cf96f74d721c1ba4c65b5ca262b3bdd9f96a90090ae4b2f092bc60f,x86,plain,83322,1,
clop_15f9ed36d9efc6e570b4f506791ce2c6a849853e2f6d587f30fb12d39dba2649.txt,mal_test,mal_test,1,clop,15f9ed36d9efc6e570b4f506791ce2c6a849853e2f6d587f30fb12d39dba2649,15f9ed36d9efc6e570b4f506791ce2c6a849853e2f6d587f30fb12d39dba2649,x86,plain,48909,1,
clop_1e5a161314bc521356f821200004f9af454ac027e34e25d2961320956be0791b.txt,mal_test,mal_test,1,clop,1e5a161314bc521356f821200004f9af454ac027e34e25d2961320956be0791b,1e5a161314bc521356f821200004f9af454ac027e34e25d2961320956be0791b,x86,plain,18882,1,
clop_220c50ccf6a9d9727e9f442df42469f027d9f7a2ea833319971746280023bb0c.txt,mal_test,mal_test,1,clop,220c50ccf6a9d9727e9f442df42469f027d9f7a2ea833319971746280023bb0c,220c50ccf6a9d9727e9f442df42469f027d9f7a2ea833319971746280023bb0c,x86,plain,19528,1,
clop_2f29950640d024779134334cad79e2013871afa08c7be94356694db12ee437e2.txt,mal_test,mal_test,1,clop,2f29950640d024779134334cad79e2013871afa08c7be94356694db12ee437e2,2f29950640d024779134334cad79e2013871afa08c7be94356694db12ee437e2,x86,plain,19264,1,
clop_3320f11728458d01eef62e10e48897ec1c2277c1fe1aa2d471a16b4dccfc1207.txt,mal_test,mal_test,1,clop,3320f11728458d01eef62e10e48897ec1c2277c1fe1aa2d471a16b4dccfc1207,3320f11728458d01eef62e10e48897ec1c2277c1fe1aa2d471a16b4dccfc1207,x86,plain,18374,1,
clop_389e03b1a1fd1c527d48df74d3c26a0483a5b105f36841193172f1ee80e62c1b.txt,mal_test,mal_test,1,clop,389e03b1a1fd1c527d48df74d3c26a0483a5b105f36841193172f1ee80e62c1b,389e03b1a1fd1c527d48df74d3c26a0483a5b105f36841193172f1ee80e62c1b,x86,plain,7621,1,
clop_3d94c4a92382c5c45062d8ea0517be4011be8ba42e9c9a614a99327d0ebdf05b.txt,mal_test,mal_test,1,clop,3d94c4a92382c5c45062d8ea0517be4011be8ba42e9c9a614a99327d0ebdf05b,3d94c4a92382c5c45062d8ea0517be4011be8ba42e9c9a614a99327d0ebdf05b,x86,plain,8154,1,
clop_428988730867a648960bc25c6b0f73431e9beb028331dfa7b5f5760a5042c12d.txt,mal_test,mal_test,1,clop,428988730867a648960bc25c6b0f73431e9beb028331dfa7b5f5760a5042c12d,428988730867a648960bc25c6b0f73431e9beb028331dfa7b5f5760a5042c12d,x86,plain,20161,1,
clop_43e633a9a26287e9be7a4788d750258d64612e7b625ab5a3f0a9128469e99c2d.txt,mal_test,mal_test,1,clop,43e633a9a26287e9be7a4788d750258d64612e7b625ab5a3f0a9128469e99c2d,43e633a9a26287e9be7a4788d750258d64612e7b625ab5a3f0a9128469e99c2d,x86,plain,19528,1,
clop_46cd508b7e77bb2c1d47f7fef0042a13c516f8163f9373ef9dfac180131c65ed.txt,mal_test,mal_test,1,clop,46cd508b7e77bb2c1d47f7fef0042a13c516f8163f9373ef9dfac180131c65ed,46cd508b7e77bb2c1d47f7fef0042a13c516f8163f9373ef9dfac180131c65ed,x86,plain,161773,1,
clop_4b13034d10c60ae0b507b1c21c52fbc3ec75e827225a86e629ecea5fdfffe609.txt,mal_test,mal_test,1,clop,4b13034d10c60ae0b507b1c21c52fbc3ec75e827225a86e629ecea5fdfffe609,4b13034d10c60ae0b507b1c21c52fbc3ec75e827225a86e629ecea5fdfffe609,x86,plain,21907,1,
clop_4d8374ad8f1dd3885358fa779f04e5890906de40d084a1aeb4afc1decb116289.txt,mal_test,mal_test,1,clop,4d8374ad8f1dd3885358fa779f04e5890906de40d084a1aeb4afc1decb116289,4d8374ad8f1dd3885358fa779f04e5890906de40d084a1aeb4afc1decb116289,x86,plain,19822,1,
clop_589152e247730d8bbcb546bb43cc79ad72c0098fd76a1c95224e9b8f5f6b9d15.txt,mal_test,mal_test,1,clop,589152e247730d8bbcb546bb43cc79ad72c0098fd76a1c95224e9b8f5f6b9d15,589152e247730d8bbcb546bb43cc79ad72c0098fd76a1c95224e9b8f5f6b9d15,x86,plain,22480,1,
clop_64de5359969b2dc8d3aa4d5fd43409defda2c5794a4e89ca7da9396cf4edf279.txt,mal_test,mal_test,1,clop,64de5359969b2dc8d3aa4d5fd43409defda2c5794a4e89ca7da9396cf4edf279,64de5359969b2dc8d3aa4d5fd43409defda2c5794a4e89ca7da9396cf4edf279,x86,plain,18374,1,
clop_6b3a6afb6edc1c9d36e0793f00be3c0cf6626db26b3cfd31d6a18793453303a7.txt,mal_test,mal_test,1,clop,6b3a6afb6edc1c9d36e0793f00be3c0cf6626db26b3cfd31d6a18793453303a7,6b3a6afb6edc1c9d36e0793f00be3c0cf6626db26b3cfd31d6a18793453303a7,x86,plain,19528,1,
clop_8209162e0985c360c59c568f2f33de74364f0c5f1e984e5785c64825e8ad9fd0.txt,mal_test,mal_test,1,clop,8209162e0985c360c59c568f2f33de74364f0c5f1e984e5785c64825e8ad9fd0,8209162e0985c360c59c568f2f33de74364f0c5f1e984e5785c64825e8ad9fd0,x86,plain,15059,1,
clop_85b71784734705f6119cdb59b1122ce721895662a6d98bb01e82de7a4f37a188.txt,mal_test,mal_test,1,clop,85b71784734705f6119cdb59b1122ce721895662a6d98bb01e82de7a4f37a188,85b71784734705f6119cdb59b1122ce721895662a6d98bb01e82de7a4f37a188,x86,plain,22469,1,
clop_8681d4d20676c19ad62400f47f66146f82b30941937ebf85c1f207257c05cea5.txt,mal_test,mal_test,1,clop,8681d4d20676c19ad62400f47f66146f82b30941937ebf85c1f207257c05cea5,8681d4d20676c19ad62400f47f66146f82b30941937ebf85c1f207257c05cea5,x86,plain,27806,1,
clop_876202dfc6af9577162ab4ad567e93681d0b1ebde5eacf45c4254a2385f23060.txt,mal_test,mal_test,1,clop,876202dfc6af9577162ab4ad567e93681d0b1ebde5eacf45c4254a2385f23060,876202dfc6af9577162ab4ad567e93681d0b1ebde5eacf45c4254a2385f23060,x86,plain,18882,1,
clop_8a2dfaffc9420e209f132cdd3aedda4bbc4c18e02c47687006f67c13a36f1dc6.txt,mal_test,mal_test,1,clop,8a2dfaffc9420e209f132cdd3aedda4bbc4c18e02c47687006f67c13a36f1dc6,8a2dfaffc9420e209f132cdd3aedda4bbc4c18e02c47687006f67c13a36f1dc6,x86,plain,18374,1,
clop_8fb307c24f655cc773d692f1354c4c6e265e5e275f66372e460ca61952e38618.txt,mal_test,mal_test,1,clop,8fb307c24f655cc773d692f1354c4c6e265e5e275f66372e460ca61952e38618,8fb307c24f655cc773d692f1354c4c6e265e5e275f66372e460ca61952e38618,x86,plain,83322,1,
clop_9322ac5c62ad267bedcbfb7e6736377495a00923531fa244c3a2cc98a990c125.txt,mal_test,mal_test,1,clop,9322ac5c62ad267bedcbfb7e6736377495a00923531fa244c3a2cc98a990c125,9322ac5c62ad267bedcbfb7e6736377495a00923531fa244c3a2cc98a990c125,x86,plain,20387,1,
clop_968307a367471e25bef58b0d4687ab4fdf34539bbfb603b5b19ae99d4d0c0340.txt,mal_test,mal_test,1,clop,968307a367471e25bef58b0d4687ab4fdf34539bbfb603b5b19ae99d4d0c0340,968307a367471e25bef58b0d4687ab4fdf34539bbfb603b5b19ae99d4d0c0340,x86,plain,27817,1,
clop_9ff6a067f5f97ce0dd05fc338699875a4e736477bc933b97d24a1416f9fd7644.txt,mal_test,mal_test,1,clop,9ff6a067f5f97ce0dd05fc338699875a4e736477bc933b97d24a1416f9fd7644,9ff6a067f5f97ce0dd05fc338699875a4e736477bc933b97d24a1416f9fd7644,x86,plain,30470,1,
clop_aaa4f5bb1bd81db677b21938b03b0cd282c200a9cd0d82ef85c83805c9e8e66f.txt,mal_test,mal_test,1,clop,aaa4f5bb1bd81db677b21938b03b0cd282c200a9cd0d82ef85c83805c9e8e66f,aaa4f5bb1bd81db677b21938b03b0cd282c200a9cd0d82ef85c83805c9e8e66f,x86,plain,18374,1,
clop_c150954e5fdfc100fbb74258cad6ef2595c239c105ff216b1d9a759c0104be04.txt,mal_test,mal_test,1,clop,c150954e5fdfc100fbb74258cad6ef2595c239c105ff216b1d9a759c0104be04,c150954e5fdfc100fbb74258cad6ef2595c239c105ff216b1d9a759c0104be04,x86,plain,19264,1,
clop_c7e52cc6f1f659ec5d30473e89b7136216de5fbe53ec77a62f1a486d8ffe78ed.txt,mal_test,mal_test,1,clop,c7e52cc6f1f659ec5d30473e89b7136216de5fbe53ec77a62f1a486d8ffe78ed,c7e52cc6f1f659ec5d30473e89b7136216de5fbe53ec77a62f1a486d8ffe78ed,x86,plain,18374,1,
clop_d0cde86d47219e9c56b717f55dcdb01b0566344c13aa671613598cab427345b9.txt,mal_test,mal_test,1,clop,d0cde86d47219e9c56b717f55dcdb01b0566344c13aa671613598cab427345b9,d0cde86d47219e9c56b717f55dcdb01b0566344c13aa671613598cab427345b9,x86,plain,83322,1,
clop_deafee1205dd5fef3c33f2c30cf03cd66b41a7c1b6f10343c04665e4b857e2b6.txt,mal_test,mal_test,1,clop,deafee1205dd5fef3c33f2c30cf03cd66b41a7c1b6f10343c04665e4b857e2b6,deafee1205dd5fef3c33f2c30cf03cd66b41a7c1b6f10343c04665e4b857e2b6,other,arch_unsupported,,0,tag:arch_unsupported
clop_e48900dc697582db4655569bb844602ced3ad2b10b507223912048f1f3039ac6.txt,mal_test,mal_test,1,clop,e48900dc697582db4655569bb844602ced3ad2b10b507223912048f1f3039ac6,e48900dc697582db4655569bb844602ced3ad2b10b507223912048f1f3039ac6,x86,plain,19264,1,
clop_e77c8c7514b36d30d0bf51545fe148ebce3f92adba6748c4de71cc105eb56a9c.txt,mal_test,mal_test,1,clop,e77c8c7514b36d30d0bf51545fe148ebce3f92adba6748c4de71cc105eb56a9c,e77c8c7514b36d30d0bf51545fe148ebce3f92adba6748c4de71cc105eb56a9c,x86,plain,18645,1,
clop_e7f17df3e41c7ac23d3b979a4dd8e92bdf12e08e8dd064bd8614a415322dc639.txt,mal_test,mal_test,1,clop,e7f17df3e41c7ac23d3b979a4dd8e92bdf12e08e8dd064bd8614a415322dc639,e7f17df3e41c7ac23d3b979a4dd8e92bdf12e08e8dd064bd8614a415322dc639,x86,plain,18374,1,
clop_e805dd0124b9f062f6b5bc9de627eabc601b9d6e8ffe1d90ee552a1ece598a89.txt,mal_test,mal_test,1,clop,e805dd0124b9f062f6b5bc9de627eabc601b9d6e8ffe1d90ee552a1ece598a89,e805dd0124b9f062f6b5bc9de627eabc601b9d6e8ffe1d90ee552a1ece598a89,x86,plain,28559,1,
clop_ed3dfa9f2452537d378ead320e1506d392d3f91557d8c52714dfd6024176cf73.txt,mal_test,mal_test,1,clop,ed3dfa9f2452537d378ead320e1506d392d3f91557d8c52714dfd6024176cf73,ed3dfa9f2452537d378ead320e1506d392d3f91557d8c52714dfd6024176cf73,x86,plain,193135,1,
clop_ee83fd9b8368bd4d2cdbebdccfdb41373c3c490d9c5b8d17530990e084131f29.txt,mal_test,mal_test,1,clop,ee83fd9b8368bd4d2cdbebdccfdb41373c3c490d9c5b8d17530990e084131f29,ee83fd9b8368bd4d2cdbebdccfdb41373c3c490d9c5b8d17530990e084131f29,x86,plain,18374,1,
clop_f55e4553ed04f085bc5b93cf7e5386c3d938abcb13a95ef1d2c3f8b21c454db8.txt,mal_test,mal_test,1,clop,f55e4553ed04f085bc5b93cf7e5386c3d938abcb13a95ef1d2c3f8b21c454db8,f55e4553ed04f085bc5b93cf7e5386c3d938abcb13a95ef1d2c3f8b21c454db8,x86,plain,79446,1,
clop_ff2811f8085bde8751d340bb731c83486b62f80850ceffdb594526da8945ce57.txt,mal_test,mal_test,1,clop,ff2811f8085bde8751d340bb731c83486b62f80850ceffdb594526da8945ce57,ff2811f8085bde8751d340bb731c83486b62f80850ceffdb594526da8945ce57,x86,plain,22800,1,
hive_05ae137c49d99b41296d91667f040082fc33d6f28acbccdc28cfbedf59f6f75b.txt,mal_test,mal_test,1,hive,05ae137c49d99b41296d91667f040082fc33d6f28acbccdc28cfbedf59f6f75b,05ae137c49d99b41296d91667f040082fc33d6f28acbccdc28cfbedf59f6f75b,x64,plain,580208,1,
hive_06173ef5e0646e104caad18a0f849975dfcddf6c292edfa4c2980b8947502ac8.txt,mal_test,mal_test,1,hive,06173ef5e0646e104caad18a0f849975dfcddf6c292edfa4c2980b8947502ac8,06173ef5e0646e104caad18a0f849975dfcddf6c292edfa4c2980b8947502ac8,x64,plain,610690,1,
hive_065208b037a2691eb75a14f97bdbd9914122655d42f6249d2cca419a1e4ba6f1.txt,mal_test,mal_test,1,hive,065208b037a2691eb75a14f97bdbd9914122655d42f6249d2cca419a1e4ba6f1,065208b037a2691eb75a14f97bdbd9914122655d42f6249d2cca419a1e4ba6f1,x64,plain,82839,1,
hive_08661aa84e59af054e1e7bcde2340b9b7ce83768273999c9ad055e6b6cbd4977.txt,mal_test,mal_test,1,hive,08661aa84e59af054e1e7bcde2340b9b7ce83768273999c9ad055e6b6cbd4977,08661aa84e59af054e1e7bcde2340b9b7ce83768273999c9ad055e6b6cbd4977,x64,plain,358452,1,
hive_0b71b4195c1dd5febd1bf22f62834c471e3c55f76ffa15d536b245652654ed94.txt,mal_test,mal_test,1,hive,0b71b4195c1dd5febd1bf22f62834c471e3c55f76ffa15d536b245652654ed94,0b71b4195c1dd5febd1bf22f62834c471e3c55f76ffa15d536b245652654ed94,x86,plain,98495,1,
hive_15a290552f9cdc38b18e6c0babe7fdd52ff8abfa73ff823220fa994e7f023dc0.txt,mal_test,mal_test,1,hive,15a290552f9cdc38b18e6c0babe7fdd52ff8abfa73ff823220fa994e7f023dc0,15a290552f9cdc38b18e6c0babe7fdd52ff8abfa73ff823220fa994e7f023dc0,x64,plain,81449,1,
hive_1613ba0352b2e9b8d40d001de73c0b747413fae95707f646ac8ad9e3c2f9dce7.txt,mal_test,mal_test,1,hive,1613ba0352b2e9b8d40d001de73c0b747413fae95707f646ac8ad9e3c2f9dce7,1613ba0352b2e9b8d40d001de73c0b747413fae95707f646ac8ad9e3c2f9dce7,x64,plain,131810,1,
hive_1670e8bb8065d23e1b93ed8173f079f338abef880047da21af95dd4db57e20bd.txt,mal_test,mal_test,1,hive,1670e8bb8065d23e1b93ed8173f079f338abef880047da21af95dd4db57e20bd,1670e8bb8065d23e1b93ed8173f079f338abef880047da21af95dd4db57e20bd,x64,plain,372501,1,
hive_16d0c9651cae4ca2641f9e875be9f7b39737292eede7a7870b6081922f40b4b1.txt,mal_test,mal_test,1,hive,16d0c9651cae4ca2641f9e875be9f7b39737292eede7a7870b6081922f40b4b1,16d0c9651cae4ca2641f9e875be9f7b39737292eede7a7870b6081922f40b4b1,x64,plain,355817,1,
hive_174fce7e7e2df156a3496ad0f4ecbb8aa6e2b76befc1f5e7a5108601ac62fc70.txt,mal_test,mal_test,1,hive,174fce7e7e2df156a3496ad0f4ecbb8aa6e2b76befc1f5e7a5108601ac62fc70,174fce7e7e2df156a3496ad0f4ecbb8aa6e2b76befc1f5e7a5108601ac62fc70,x64,plain,131813,1,
hive_199006f7d4dbc6ccdecbe99b18e8582ba42e6f66f6e3de865eebd3de095a3a63.txt,mal_test,mal_test,1,hive,199006f7d4dbc6ccdecbe99b18e8582ba42e6f66f6e3de865eebd3de095a3a63,199006f7d4dbc6ccdecbe99b18e8582ba42e6f66f6e3de865eebd3de095a3a63,x64,plain,473199,1,
hive_1fb6c6be88080f6a91c33616a9aa4c839dbc1062a904eeacd9fd379a22962498.txt,mal_test,mal_test,1,hive,1fb6c6be88080f6a91c33616a9aa4c839dbc1062a904eeacd9fd379a22962498,1fb6c6be88080f6a91c33616a9aa4c839dbc1062a904eeacd9fd379a22962498,x64,plain,559289,1,
hive_201215fdd6ba159d22621f2424f75b25fbe6dac1c85126e174e4ae999ef88111.txt,mal_test,mal_test,1,hive,201215fdd6ba159d22621f2424f75b25fbe6dac1c85126e174e4ae999ef88111,201215fdd6ba159d22621f2424f75b25fbe6dac1c85126e174e4ae999ef88111,x64,plain,199866,1,
hive_206de75058a7dfa0b96784965baab63a137f2e89a97e623842e7d0bb3f12c2fc.txt,mal_test,mal_test,1,hive,206de75058a7dfa0b96784965baab63a137f2e89a97e623842e7d0bb3f12c2fc,206de75058a7dfa0b96784965baab63a137f2e89a97e623842e7d0bb3f12c2fc,x86,plain,99170,1,
hive_29d2f9308947efac0c804497666e1f03d61bc9321fdb498152a5d481d1e61a35.txt,mal_test,mal_test,1,hive,29d2f9308947efac0c804497666e1f03d61bc9321fdb498152a5d481d1e61a35,29d2f9308947efac0c804497666e1f03d61bc9321fdb498152a5d481d1e61a35,x64,plain,587689,1,
hive_30414f35f5ae50c9133017c6100b6f82dca0ca872ac6fbcf159b7b1d2303664f.txt,mal_test,mal_test,1,hive,30414f35f5ae50c9133017c6100b6f82dca0ca872ac6fbcf159b7b1d2303664f,30414f35f5ae50c9133017c6100b6f82dca0ca872ac6fbcf159b7b1d2303664f,x64,plain,477157,1,
hive_32ff0e5d87ec16544b6ff936d6fd58023925c3bdabaf962c492f6b078cb01914.txt,mal_test,mal_test,1,hive,32ff0e5d87ec16544b6ff936d6fd58023925c3bdabaf962c492f6b078cb01914,32ff0e5d87ec16544b6ff936d6fd58023925c3bdabaf962c492f6b078cb01914,x64,plain,131784,1,
hive_33aceb3dc0681a56226d4cfce32eee7a431e66f5c746a4d6dc7506a72b317277.txt,mal_test,mal_test,1,hive,33aceb3dc0681a56226d4cfce32eee7a431e66f5c746a4d6dc7506a72b317277,33aceb3dc0681a56226d4cfce32eee7a431e66f5c746a4d6dc7506a72b317277,x64,plain,559607,1,
hive_3489cfa46b9cc21f3fbd73d3225b1f42223a9c14bec10c8d305f72192314a372.txt,mal_test,mal_test,1,hive,3489cfa46b9cc21f3fbd73d3225b1f42223a9c14bec10c8d305f72192314a372,3489cfa46b9cc21f3fbd73d3225b1f42223a9c14bec10c8d305f72192314a372,x64,plain,613737,1,
hive_36759cab7043cd7561ac6c3968832b30c9a442eff4d536e901d4ff70aef4d32d.txt,mal_test,mal_test,1,hive,36759cab7043cd7561ac6c3968832b30c9a442eff4d536e901d4ff70aef4d32d,36759cab7043cd7561ac6c3968832b30c9a442eff4d536e901d4ff70aef4d32d,x64,plain,131776,1,
hive_382da46b770736639b495071c4c5a0b139eb486583b7b9548274ce6e4f663cb8.txt,mal_test,mal_test,1,hive,382da46b770736639b495071c4c5a0b139eb486583b7b9548274ce6e4f663cb8,382da46b770736639b495071c4c5a0b139eb486583b7b9548274ce6e4f663cb8,x86,plain,98197,1,
hive_4a484842f4376660894109a2123cd4e1917193efcce9b776e8c769fc667c05b3.txt,mal_test,mal_test,1,hive,4a484842f4376660894109a2123cd4e1917193efcce9b776e8c769fc667c05b3,4a484842f4376660894109a2123cd4e1917193efcce9b776e8c769fc667c05b3,x64,plain,564836,1,
hive_4a5bc30a85bc4b000d8dcedf533c8049fb6d42f31c7a0a524aaa2a0275ac6c0f.txt,mal_test,mal_test,1,hive,4a5bc30a85bc4b000d8dcedf533c8049fb6d42f31c7a0a524aaa2a0275ac6c0f,4a5bc30a85bc4b000d8dcedf533c8049fb6d42f31c7a0a524aaa2a0275ac6c0f,x64,plain,391750,1,
hive_4b62c93fbf0b964c4de93a0ce456bccdaee2908b3c0135b3f62912068a728d3e.txt,mal_test,mal_test,1,hive,4b62c93fbf0b964c4de93a0ce456bccdaee2908b3c0135b3f62912068a728d3e,4b62c93fbf0b964c4de93a0ce456bccdaee2908b3c0135b3f62912068a728d3e,x86,plain,98197,1,
hive_4d15aa5d68b0e8b081c18d0ee5c06cc1758d17246a8d01b3c8ac48d1ef07610b.txt,mal_test,mal_test,1,hive,4d15aa5d68b0e8b081c18d0ee5c06cc1758d17246a8d01b3c8ac48d1ef07610b,4d15aa5d68b0e8b081c18d0ee5c06cc1758d17246a8d01b3c8ac48d1ef07610b,x64,plain,380815,1,
hive_545a22b900104571ca0718336c6dfe37574263f1670d55835859b30f9776b028.txt,mal_test,mal_test,1,hive,545a22b900104571ca0718336c6dfe37574263f1670d55835859b30f9776b028,545a22b900104571ca0718336c6dfe37574263f1670d55835859b30f9776b028,x86,plain,99183,1,
hive_6920e86a65fc94f9fd46c46c09187b802a13801904e06c6aa63c10e0c9197218.txt,mal_test,mal_test,1,hive,6920e86a65fc94f9fd46c46c09187b802a13801904e06c6aa63c10e0c9197218,6920e86a65fc94f9fd46c46c09187b802a13801904e06c6aa63c10e0c9197218,x64,plain,368906,1,
hive_70b278b5e01f7cc409a112892e8f2ff243afa0d0815d060e31a813ba24316d37.txt,mal_test,mal_test,1,hive,70b278b5e01f7cc409a112892e8f2ff243afa0d0815d060e31a813ba24316d37,70b278b5e01f7cc409a112892e8f2ff243afa0d0815d060e31a813ba24316d37,x86,plain,98495,1,
hive_7bdb4508714a56fe5e6d9eb757ee475d08809470c6a02baa901484f0697cc362.txt,mal_test,mal_test,1,hive,7bdb4508714a56fe5e6d9eb757ee475d08809470c6a02baa901484f0697cc362,7bdb4508714a56fe5e6d9eb757ee475d08809470c6a02baa901484f0697cc362,x64,plain,133148,1,
hive_7cb066628b72dafaf1ad07e3c98c8bc5520df2f3b417d5b0acb5ded1b0279347.txt,mal_test,mal_test,1,hive,7cb066628b72dafaf1ad07e3c98c8bc5520df2f3b417d5b0acb5ded1b0279347,7cb066628b72dafaf1ad07e3c98c8bc5520df2f3b417d5b0acb5ded1b0279347,x64,plain,609885,1,
hive_7fb0391651fff5ea815395dd278986dc23af9e91036ce178dd25951758ea94c6.txt,mal_test,mal_test,1,hive,7fb0391651fff5ea815395dd278986dc23af9e91036ce178dd25951758ea94c6,7fb0391651fff5ea815395dd278986dc23af9e91036ce178dd25951758ea94c6,x64,plain,377729,1,
hive_89a9279a31e78ceb036d8be5b2e3c7aeb1021a05cff7bbd5e5025250c911234b.txt,mal_test,mal_test,1,hive,89a9279a31e78ceb036d8be5b2e3c7aeb1021a05cff7bbd5e5025250c911234b,89a9279a31e78ceb036d8be5b2e3c7aeb1021a05cff7bbd5e5025250c911234b,x64,plain,587547,1,
hive_9377cbf352b7aa61f79190789c669ab2d6855cb3429ce494bc79abe0267bf4cc.txt,mal_test,mal_test,1,hive,9377cbf352b7aa61f79190789c669ab2d6855cb3429ce494bc79abe0267bf4cc,9377cbf352b7aa61f79190789c669ab2d6855cb3429ce494bc79abe0267bf4cc,x64,plain,572814,1,
hive_a33e93343f46eafa16ccd18a9376f528e146de57673d9fad0a6ce68130cd9357.txt,mal_test,mal_test,1,hive,a33e93343f46eafa16ccd18a9376f528e146de57673d9fad0a6ce68130cd9357,a33e93343f46eafa16ccd18a9376f528e146de57673d9fad0a6ce68130cd9357,x64,plain,534427,1,
hive_a4878bb4655f21dd34b5a8a853ebea6b9cca292190c6ca180b4afe44077002ab.txt,mal_test,mal_test,1,hive,a4878bb4655f21dd34b5a8a853ebea6b9cca292190c6ca180b4afe44077002ab,a4878bb4655f21dd34b5a8a853ebea6b9cca292190c6ca180b4afe44077002ab,x64,plain,381200,1,
hive_b1bfc90de9dcea999dedf285c3d3d7e1901847d84ec297224a0d82720d0ed501.txt,mal_test,mal_test,1,hive,b1bfc90de9dcea999dedf285c3d3d7e1901847d84ec297224a0d82720d0ed501,b1bfc90de9dcea999dedf285c3d3d7e1901847d84ec297224a0d82720d0ed501,x64,plain,478995,1,
hive_b5daf399518d76b8e7ca86ada767d9e90fd0ae6efbe5acc2cc775b929f188228.txt,mal_test,mal_test,1,hive,b5daf399518d76b8e7ca86ada767d9e90fd0ae6efbe5acc2cc775b929f188228,b5daf399518d76b8e7ca86ada767d9e90fd0ae6efbe5acc2cc775b929f188228,x64,plain,133140,1,
hive_b6b1ea26464c92c3d25956815c301caf6fa0da9723a2ef847e2bb9cd11563d8b.txt,mal_test,mal_test,1,hive,b6b1ea26464c92c3d25956815c301caf6fa0da9723a2ef847e2bb9cd11563d8b,b6b1ea26464c92c3d25956815c301caf6fa0da9723a2ef847e2bb9cd11563d8b,x64,plain,131798,1,
hive_bd7f4d6a3f224536879cca70b940b16251c56707124d52fb09ad828a889648cd.txt,mal_test,mal_test,1,hive,bd7f4d6a3f224536879cca70b940b16251c56707124d52fb09ad828a889648cd,bd7f4d6a3f224536879cca70b940b16251c56707124d52fb09ad828a889648cd,x86,plain,98197,1,
hive_bd9807c6e5c69f21153103703faa8067a9a883124bcfeb6b0f0645158a97d57d.txt,mal_test,mal_test,1,hive,bd9807c6e5c69f21153103703faa8067a9a883124bcfeb6b0f0645158a97d57d,bd9807c6e5c69f21153103703faa8067a9a883124bcfeb6b0f0645158a97d57d,x64,plain,464745,1,
hive_c2fa59fb0c3ed403c5f115310bbb62621bc9ddbf5cba29730e16c65e53b88f64.txt,mal_test,mal_test,1,hive,c2fa59fb0c3ed403c5f115310bbb62621bc9ddbf5cba29730e16c65e53b88f64,c2fa59fb0c3ed403c5f115310bbb62621bc9ddbf5cba29730e16c65e53b88f64,x64,plain,479475,1,
hive_c7c04bcd56f282bc27f160cc80ccab73485dd3123f2efb35b9726a8528b7950f.txt,mal_test,mal_test,1,hive,c7c04bcd56f282bc27f160cc80ccab73485dd3123f2efb35b9726a8528b7950f,c7c04bcd56f282bc27f160cc80ccab73485dd3123f2efb35b9726a8528b7950f,x64,plain,82839,1,
hive_cba0c8e316db8c6abcdb69f03936a803d81299d9ae4c59c77839c37cda752539.txt,mal_test,mal_test,1,hive,cba0c8e316db8c6abcdb69f03936a803d81299d9ae4c59c77839c37cda752539,cba0c8e316db8c6abcdb69f03936a803d81299d9ae4c59c77839c37cda752539,x64,plain,365588,1,
hive_d83a875db07877be5b2b67341d665a06f476f862a48363f30440091d359a749f.txt,mal_test,mal_test,1,hive,d83a875db07877be5b2b67341d665a06f476f862a48363f30440091d359a749f,d83a875db07877be5b2b67341d665a06f476f862a48363f30440091d359a749f,x64,plain,85890,1,
hive_da2128b5608ed39f1a4e4568e0751bd9f8cb4e8587f1a262314d13c03a6a8b9e.txt,mal_test,mal_test,1,hive,da2128b5608ed39f1a4e4568e0751bd9f8cb4e8587f1a262314d13c03a6a8b9e,da2128b5608ed39f1a4e4568e0751bd9f8cb4e8587f1a262314d13c03a6a8b9e,x64,plain,360992,1,
hive_e17cf8294694af4ed412123981f620908a192947aab6ecd0c31cc59f2ac540ce.txt,mal_test,mal_test,1,hive,e17cf8294694af4ed412123981f620908a192947aab6ecd0c31cc59f2ac540ce,e17cf8294694af4ed412123981f620908a192947aab6ecd0c31cc59f2ac540ce,x64,plain,562764,1,
hive_e9def82da36450f16c48af3abbba2a31f53c9c2f6fae6cf895fbf10698c04ed2.txt,mal_test,mal_test,1,hive,e9def82da36450f16c48af3abbba2a31f53c9c2f6fae6cf895fbf10698c04ed2,e9def82da36450f16c48af3abbba2a31f53c9c2f6fae6cf895fbf10698c04ed2,x64,plain,371370,1,
hive_ea953cb3c4858e971dc4d75a2a11a6d0af42af36c0cad9c3f1e08d4c6e5f2ef8.txt,mal_test,mal_test,1,hive,ea953cb3c4858e971dc4d75a2a11a6d0af42af36c0cad9c3f1e08d4c6e5f2ef8,ea953cb3c4858e971dc4d75a2a11a6d0af42af36c0cad9c3f1e08d4c6e5f2ef8,x64,plain,376057,1,
hive_edf745e4d22485a77b93437843023b27d072fcffb14ea91ca8f309b14d5c5826.txt,mal_test,mal_test,1,hive,edf745e4d22485a77b93437843023b27d072fcffb14ea91ca8f309b14d5c5826,edf745e4d22485a77b93437843023b27d072fcffb14ea91ca8f309b14d5c5826,x64,plain,355819,1,
hive_eeee2a6820eedbe2a37e4c992dc6b3135ee0e340892d2acf74e8a5defb30c7d4.txt,mal_test,mal_test,1,hive,eeee2a6820eedbe2a37e4c992dc6b3135ee0e340892d2acf74e8a5defb30c7d4,eeee2a6820eedbe2a37e4c992dc6b3135ee0e340892d2acf74e8a5defb30c7d4,x64,plain,1367574,1,
holyghost_541825cb652606c2ea12fd25a842a8b3456d025841c3a7f563655ef77bb67219.txt,mal_test,mal_test,1,holyghost,541825cb652606c2ea12fd25a842a8b3456d025841c3a7f563655ef77bb67219,541825cb652606c2ea12fd25a842a8b3456d025841c3a7f563655ef77bb67219,x64,plain,538856,1,
holyghost_99fc54786a72f32fd44c7391c2171ca31e72ca52725c68e2dde94d04c286fccd.txt,mal_test,mal_test,1,holyghost,99fc54786a72f32fd44c7391c2171ca31e72ca52725c68e2dde94d04c286fccd,99fc54786a72f32fd44c7391c2171ca31e72ca52725c68e2dde94d04c286fccd,x86,plain,261281,1,
holyghost_bea866b327a2dc2aa104b7ad7307008919c06620771ec3715a059e675d9f40af.txt,mal_test,mal_test,1,holyghost,bea866b327a2dc2aa104b7ad7307008919c06620771ec3715a059e675d9f40af,bea866b327a2dc2aa104b7ad7307008919c06620771ec3715a059e675d9f40af,x64,plain,539781,1,
holyghost_f8fc2445a9814ca8cf48a979bff7f182d6538f4d1ff438cf259268e8b4b76f86.txt,mal_test,mal_test,1,holyghost,f8fc2445a9814ca8cf48a979bff7f182d6538f4d1ff438cf259268e8b4b76f86,f8fc2445a9814ca8cf48a979bff7f182d6538f4d1ff438cf259268e8b4b76f86,x64,plain,538579,1,
karma_04f76d44db4c3a8d810348f65e539f8d65af3ee764c058290033da8f5c508fc5.txt,mal_test,mal_test,1,karma,04f76d44db4c3a8d810348f65e539f8d65af3ee764c058290033da8f5c508fc5,04f76d44db4c3a8d810348f65e539f8d65af3ee764c058290033da8f5c508fc5,x86,plain,32586,1,
karma_0d037ee0252e4f26800bcf7c750f61d0c549b7ba0a522c75e8d96dcf4f689e27.txt,mal_test,mal_test,1,karma,0d037ee0252e4f26800bcf7c750f61d0c549b7ba0a522c75e8d96dcf4f689e27,0d037ee0252e4f26800bcf7c750f61d0c549b7ba0a522c75e8d96dcf4f689e27,x86,plain,3664,1,
karma_124f3a5caf6eb464027f2865225a6a1238c3639e5b4a399f0f7f2dda7bd75aec.txt,mal_test,mal_test,1,karma,124f3a5caf6eb464027f2865225a6a1238c3639e5b4a399f0f7f2dda7bd75aec,124f3a5caf6eb464027f2865225a6a1238c3639e5b4a399f0f7f2dda7bd75aec,x86,plain,30030,1,
karma_19417c0a38a1206007a0cc82c0fc2e19db897214d27d0998bc4dbac53cc2788d.txt,mal_test,mal_test,1,karma,19417c0a38a1206007a0cc82c0fc2e19db897214d27d0998bc4dbac53cc2788d,19417c0a38a1206007a0cc82c0fc2e19db897214d27d0998bc4dbac53cc2788d,x86,plain,30030,1,
karma_1c41acdc2e9d8b89522ebb51d65b4c41d7fd130a14ce9d449edb05f53bbb8d59.txt,mal_test,mal_test,1,karma,1c41acdc2e9d8b89522ebb51d65b4c41d7fd130a14ce9d449edb05f53bbb8d59,1c41acdc2e9d8b89522ebb51d65b4c41d7fd130a14ce9d449edb05f53bbb8d59,x86,plain,3459,1,
karma_1f6be41de7ce3d1b8b90856a85600326a3c1dc5ce5bfdaa1572568b1dd114a0f.txt,mal_test,mal_test,1,karma,1f6be41de7ce3d1b8b90856a85600326a3c1dc5ce5bfdaa1572568b1dd114a0f,1f6be41de7ce3d1b8b90856a85600326a3c1dc5ce5bfdaa1572568b1dd114a0f,x86,plain,3664,1,
karma_34629751d8202be456dcf149b516afefc980a9128dd6096fd6286fee530a0d20.txt,mal_test,mal_test,1,karma,34629751d8202be456dcf149b516afefc980a9128dd6096fd6286fee530a0d20,34629751d8202be456dcf149b516afefc980a9128dd6096fd6286fee530a0d20,x86,plain,3664,1,
karma_3ff1b90dbad5d78397fdc731c3a3c080d91fc488ac9152793b538b74a1e2d8f3.txt,mal_test,mal_test,1,karma,3ff1b90dbad5d78397fdc731c3a3c080d91fc488ac9152793b538b74a1e2d8f3,3ff1b90dbad5d78397fdc731c3a3c080d91fc488ac9152793b538b74a1e2d8f3,x86,plain,3664,1,
karma_4dec9a9044631caef283c7f39a576e4e5c1cc1e6a97ce5c60936a3a3d0097818.txt,mal_test,mal_test,1,karma,4dec9a9044631caef283c7f39a576e4e5c1cc1e6a97ce5c60936a3a3d0097818,4dec9a9044631caef283c7f39a576e4e5c1cc1e6a97ce5c60936a3a3d0097818,x86,plain,3514,1,
karma_6c98d424ab1b9bfba683eda340fef6540ffe4ec4634f4b95cf9c70fe4ab2de90.txt,mal_test,mal_test,1,karma,6c98d424ab1b9bfba683eda340fef6540ffe4ec4634f4b95cf9c70fe4ab2de90,6c98d424ab1b9bfba683eda340fef6540ffe4ec4634f4b95cf9c70fe4ab2de90,x86,plain,3459,1,
karma_84d24a16949b5a89162411ab98ab2230128d8f01a3d3695874394733ac2a1dbd.txt,mal_test,mal_test,1,karma,84d24a16949b5a89162411ab98ab2230128d8f01a3d3695874394733ac2a1dbd,84d24a16949b5a89162411ab98ab2230128d8f01a3d3695874394733ac2a1dbd,x86,plain,3459,1,
karma_a63937d94b4d0576c083398497f35abc2ed116138bd22fad4aec5714f83371b0.txt,mal_test,mal_test,1,karma,a63937d94b4d0576c083398497f35abc2ed116138bd22fad4aec5714f83371b0,a63937d94b4d0576c083398497f35abc2ed116138bd22fad4aec5714f83371b0,x86,plain,3348,1,
karma_ad841882052c3f9d856ad9a393232e0a59d28e17c240d23258f1dac62f903ab8.txt,mal_test,mal_test,1,karma,ad841882052c3f9d856ad9a393232e0a59d28e17c240d23258f1dac62f903ab8,ad841882052c3f9d856ad9a393232e0a59d28e17c240d23258f1dac62f903ab8,x86,plain,3348,1,
lorenz_1264b40feaa824d5ba31cef3c8a4ede230c61ef71c8a7994875deefe32bd8b3d.txt,mal_test,mal_test,1,lorenz,1264b40feaa824d5ba31cef3c8a4ede230c61ef71c8a7994875deefe32bd8b3d,1264b40feaa824d5ba31cef3c8a4ede230c61ef71c8a7994875deefe32bd8b3d,x86,plain,283382,1,
lorenz_368d0894c3840eb1e83e4b0e6910f73193b28a56ee6da124796ff4fdba09f2bf.txt,mal_test,mal_test,1,lorenz,8f9024ac4d0420ebf43fb0fb77d3aa4be926234d1a0308804ccd71b99761d40e,368d0894c3840eb1e83e4b0e6910f73193b28a56ee6da124796ff4fdba09f2bf,x86,plain,283914,1,
lorenz_40ff1ab8ac09057421079dae83fb675d7a2a3da6c7d0cd6400a0d720c5b0f58c.txt,mal_test,mal_test,1,lorenz,40ff1ab8ac09057421079dae83fb675d7a2a3da6c7d0cd6400a0d720c5b0f58c,40ff1ab8ac09057421079dae83fb675d7a2a3da6c7d0cd6400a0d720c5b0f58c,x86,plain,283856,1,
lorenz_427713275e7c4515e3c577684a7c5f96e45771fee54f1c3162a2d6a2cc4cd76e.txt,mal_test,mal_test,1,lorenz,427713275e7c4515e3c577684a7c5f96e45771fee54f1c3162a2d6a2cc4cd76e,427713275e7c4515e3c577684a7c5f96e45771fee54f1c3162a2d6a2cc4cd76e,x86,plain,275868,1,
lorenz_4b1170f7774acfdc5517fbe1c911f2bd9f1af498f3c3d25078f05c95701cc999.txt,mal_test,mal_test,1,lorenz,4b1170f7774acfdc5517fbe1c911f2bd9f1af498f3c3d25078f05c95701cc999,4b1170f7774acfdc5517fbe1c911f2bd9f1af498f3c3d25078f05c95701cc999,x86,plain,268907,1,
lorenz_5b03b861884cb3e14a8b888c7dee2ee0d494933df863d504882345fa278d1ea5.txt,mal_test,mal_test,1,lorenz,5b03b861884cb3e14a8b888c7dee2ee0d494933df863d504882345fa278d1ea5,5b03b861884cb3e14a8b888c7dee2ee0d494933df863d504882345fa278d1ea5,x86,plain,283249,1,
lorenz_71cdbbc62e10983db183ca60ab964c1a3dab0d279c5326b2e920522480780956.txt,mal_test,mal_test,1,lorenz,71cdbbc62e10983db183ca60ab964c1a3dab0d279c5326b2e920522480780956,71cdbbc62e10983db183ca60ab964c1a3dab0d279c5326b2e920522480780956,x86,plain,282760,1,
lorenz_7275034886da11ca6d828547f15cab259e22ba624c5f5762afd237aa686455dd.txt,mal_test,mal_test,1,lorenz,7275034886da11ca6d828547f15cab259e22ba624c5f5762afd237aa686455dd,7275034886da11ca6d828547f15cab259e22ba624c5f5762afd237aa686455dd,x86,plain,281237,1,
lorenz_8ea6a6d4578029c7b2dbbfb525ec88b2cb309901ec5a987847471b6101f0de41.txt,mal_test,mal_test,1,lorenz,8ea6a6d4578029c7b2dbbfb525ec88b2cb309901ec5a987847471b6101f0de41,8ea6a6d4578029c7b2dbbfb525ec88b2cb309901ec5a987847471b6101f0de41,x86,plain,269686,1,
lorenz_971f0a32094b8ac10712503305ac6789048d190a209c436839e2e6b0acb016f3.txt,mal_test,mal_test,1,lorenz,971f0a32094b8ac10712503305ac6789048d190a209c436839e2e6b0acb016f3,971f0a32094b8ac10712503305ac6789048d190a209c436839e2e6b0acb016f3,x86,plain,269655,1,
lorenz_a0ccb9019b90716c8ee1bc0829e0e04cf7166be2f25987abbc8987e65cef2e6f.txt,mal_test,mal_test,1,lorenz,a0ccb9019b90716c8ee1bc0829e0e04cf7166be2f25987abbc8987e65cef2e6f,a0ccb9019b90716c8ee1bc0829e0e04cf7166be2f25987abbc8987e65cef2e6f,x86,plain,283914,1,
lorenz_a9fdbc6d20b780ca42660ad4803f391308fa0243fbc515fd3c1acf935dd43c1e.txt,mal_test,mal_test,1,lorenz,a9fdbc6d20b780ca42660ad4803f391308fa0243fbc515fd3c1acf935dd43c1e,a9fdbc6d20b780ca42660ad4803f391308fa0243fbc515fd3c1acf935dd43c1e,x86,plain,281228,1,
lorenz_bdfb7e435f689c2c8d84d1b987c8abf84f300a1d4b9d1389b299937c751adb17.txt,mal_test,mal_test,1,lorenz,bdfb7e435f689c2c8d84d1b987c8abf84f300a1d4b9d1389b299937c751adb17,bdfb7e435f689c2c8d84d1b987c8abf84f300a1d4b9d1389b299937c751adb17,x86,plain,275630,1,
lorenz_cef17b9289ba18c979b704648c0f2b736f65f9f9158b471bc2486b6c14e14a4d.txt,mal_test,mal_test,1,lorenz,cef17b9289ba18c979b704648c0f2b736f65f9f9158b471bc2486b6c14e14a4d,cef17b9289ba18c979b704648c0f2b736f65f9f9158b471bc2486b6c14e14a4d,x86,plain,269969,1,
lorenz_fcb8f82961a3f02c9e94da452c5efef868a2c2344fbaaeca51b3c710bb0df8cf.txt,mal_test,mal_test,1,lorenz,fcb8f82961a3f02c9e94da452c5efef868a2c2344fbaaeca51b3c710bb0df8cf,fcb8f82961a3f02c9e94da452c5efef868a2c2344fbaaeca51b3c710bb0df8cf,x86,plain,268909,1,
lorenz_ff86191d98d0ce841e0973743aeb05fb354492d1983fe33521a285cf3c9bcc2e.txt,mal_test,mal_test,1,lorenz,ff86191d98d0ce841e0973743aeb05fb354492d1983fe33521a285cf3c9bcc2e,ff86191d98d0ce841e0973743aeb05fb354492d1983fe33521a285cf3c9bcc2e,x86,plain,284365,1,
maui_45d8ac1ac692d6bb0fe776620371fca02b60cac8db23c4cc7ab5df262da42b78.txt,mal_test,mal_test,1,maui,45d8ac1ac692d6bb0fe776620371fca02b60cac8db23c4cc7ab5df262da42b78,45d8ac1ac692d6bb0fe776620371fca02b60cac8db23c4cc7ab5df262da42b78,x86,plain,192223,1,
maui_5b7ecf7e9d0715f1122baf4ce745c5fcd769dee48150616753fec4d6da16e99e.txt,mal_test,mal_test,1,maui,5b7ecf7e9d0715f1122baf4ce745c5fcd769dee48150616753fec4d6da16e99e,5b7ecf7e9d0715f1122baf4ce745c5fcd769dee48150616753fec4d6da16e99e,x86,plain,192223,1,
maui_830207029d83fd46a4a89cd623103ba2321b866428aa04360376e6a390063570.txt,mal_test,mal_test,1,maui,830207029d83fd46a4a89cd623103ba2321b866428aa04360376e6a390063570,830207029d83fd46a4a89cd623103ba2321b866428aa04360376e6a390063570,x86,plain,192223,1,
nightsky_1379119b117c11ae810fe679563116c31f8ac565c309849de383baf58df89e90.txt,mal_test,mal_test,1,nightsky,1379119b117c11ae810fe679563116c31f8ac565c309849de383baf58df89e90,1379119b117c11ae810fe679563116c31f8ac565c309849de383baf58df89e90,x64,packed_other,1996836,0,tag:packed_other
nightsky_18daff9fb95725122acc0757130f6a67c46d050cb43b1999fe85b0337f76db0f.txt,mal_test,mal_test,1,nightsky,18daff9fb95725122acc0757130f6a67c46d050cb43b1999fe85b0337f76db0f,18daff9fb95725122acc0757130f6a67c46d050cb43b1999fe85b0337f76db0f,x64,packed_other,1996829,0,tag:packed_other
nightsky_1fca1cd04992e0fcaa714d9dfa97323d81d7e3d43a024ec37d1c7a2767a17577.txt,mal_test,mal_test,1,nightsky,1fca1cd04992e0fcaa714d9dfa97323d81d7e3d43a024ec37d1c7a2767a17577,1fca1cd04992e0fcaa714d9dfa97323d81d7e3d43a024ec37d1c7a2767a17577,x64,packed_other,3159649,0,tag:packed_other
nightsky_623b69c1fd45686af03cd87f77d6e3e17b263e1cf70a25465ce826f81730f898.txt,mal_test,mal_test,1,nightsky,623b69c1fd45686af03cd87f77d6e3e17b263e1cf70a25465ce826f81730f898,623b69c1fd45686af03cd87f77d6e3e17b263e1cf70a25465ce826f81730f898,x64,packed_other,1996378,0,tag:packed_other
nightsky_642d665440104714e29b78e2b19b97996a6693a24f06452865da011564c0cb85.txt,mal_test,mal_test,1,nightsky,642d665440104714e29b78e2b19b97996a6693a24f06452865da011564c0cb85,642d665440104714e29b78e2b19b97996a6693a24f06452865da011564c0cb85,x64,packed_other,1996325,0,tag:packed_other
nightsky_6ecad2171819ca386ffe61ff9eb31e99471fa4f315762c7da658165d7e09a55d.txt,mal_test,mal_test,1,nightsky,6ecad2171819ca386ffe61ff9eb31e99471fa4f315762c7da658165d7e09a55d,6ecad2171819ca386ffe61ff9eb31e99471fa4f315762c7da658165d7e09a55d,x64,packed_other,3159710,0,tag:packed_other
nightsky_7b992767dabd6ee1d8680bccfa49a51fb8144a61d3ab66243c39f59fe11a25c2.txt,mal_test,mal_test,1,nightsky,7b992767dabd6ee1d8680bccfa49a51fb8144a61d3ab66243c39f59fe11a25c2,7b992767dabd6ee1d8680bccfa49a51fb8144a61d3ab66243c39f59fe11a25c2,x64,packed_other,3159577,0,tag:packed_other
nightsky_8c1a72991fb04dc3a8cf89605fb85150ef0e742472a0c58b8fa942a1f04877b0.txt,mal_test,mal_test,1,nightsky,8c1a72991fb04dc3a8cf89605fb85150ef0e742472a0c58b8fa942a1f04877b0,8c1a72991fb04dc3a8cf89605fb85150ef0e742472a0c58b8fa942a1f04877b0,x64,packed_other,1937104,0,tag:packed_other
nightsky_a077a55608ced7cea2bd92e2ce7e43bf51076304990ec7bb40c2b384ce2e5283.txt,mal_test,mal_test,1,nightsky,a077a55608ced7cea2bd92e2ce7e43bf51076304990ec7bb40c2b384ce2e5283,a077a55608ced7cea2bd92e2ce7e43bf51076304990ec7bb40c2b384ce2e5283,x64,packed_other,1937104,0,tag:packed_other
nightsky_ba1f9c68fccc42d231cc0de9142039853b3437501dc9ec6f111a3cac177dd1a9.txt,mal_test,mal_test,1,nightsky,ba1f9c68fccc42d231cc0de9142039853b3437501dc9ec6f111a3cac177dd1a9,ba1f9c68fccc42d231cc0de9142039853b3437501dc9ec6f111a3cac177dd1a9,x64,packed_other,3159577,0,tag:packed_other
nightsky_cebc906d77b8dcd0ad184529becf9e7d1d44309328b819e220068ad64755703f.txt,mal_test,mal_test,1,nightsky,cebc906d77b8dcd0ad184529becf9e7d1d44309328b819e220068ad64755703f,cebc906d77b8dcd0ad184529becf9e7d1d44309328b819e220068ad64755703f,x64,packed_other,3159625,0,tag:packed_other
nightsky_dd93d6cbe7bd8b4443ab37e5490ca8a63c2034637acf7f433d5fb0b69ffde341.txt,mal_test,mal_test,1,nightsky,dd93d6cbe7bd8b4443ab37e5490ca8a63c2034637acf7f433d5fb0b69ffde341,dd93d6cbe7bd8b4443ab37e5490ca8a63c2034637acf7f433d5fb0b69ffde341,x64,packed_other,1998464,0,tag:packed_other
nightsky_e90dad1c66d2617f4cc8aad417ae9f7cfe8d0f78711bf1f55684426259ef2803.txt,mal_test,mal_test,1,nightsky,e90dad1c66d2617f4cc8aad417ae9f7cfe8d0f78711bf1f55684426259ef2803,e90dad1c66d2617f4cc8aad417ae9f7cfe8d0f78711bf1f55684426259ef2803,x64,packed_other,1998510,0,tag:packed_other
nightsky_ff5757086c464d624f4a6674d65409fb6fa84ad5ac089583ebc994ba949458d7.txt,mal_test,mal_test,1,nightsky,ff5757086c464d624f4a6674d65409fb6fa84ad5ac089583ebc994ba949458d7,ff5757086c464d624f4a6674d65409fb6fa84ad5ac089583ebc994ba949458d7,x64,packed_other,3159563,0,tag:packed_other
playcrypt_006ae41910887f0811a3ba2868ef9576bbd265216554850112319af878f06e55.txt,mal_test,mal_test,1,playcrypt,006ae41910887f0811a3ba2868ef9576bbd265216554850112319af878f06e55,006ae41910887f0811a3ba2868ef9576bbd265216554850112319af878f06e55,x86,plain,43032,1,
playcrypt_0b4f893402b51880d0df703c21195aa0f50cbdd3a5b223cc333cd24f0167c16d.txt,mal_test,mal_test,1,playcrypt,0b4f893402b51880d0df703c21195aa0f50cbdd3a5b223cc333cd24f0167c16d,0b4f893402b51880d0df703c21195aa0f50cbdd3a5b223cc333cd24f0167c16d,x86,plain,43009,1,
playcrypt_0bb0f63a3bd6cc79efc18648b28912bd873a8e14c4918ee3579421f728a62fae.txt,mal_test,mal_test,1,playcrypt,0bb0f63a3bd6cc79efc18648b28912bd873a8e14c4918ee3579421f728a62fae,0bb0f63a3bd6cc79efc18648b28912bd873a8e14c4918ee3579421f728a62fae,x86,plain,43025,1,
playcrypt_0ed328af77f2576071bfd543938fc01101daac01f216dc43bc091a8da4aff18d.txt,mal_test,mal_test,1,playcrypt,0ed328af77f2576071bfd543938fc01101daac01f216dc43bc091a8da4aff18d,0ed328af77f2576071bfd543938fc01101daac01f216dc43bc091a8da4aff18d,x86,plain,43025,1,
playcrypt_12d1a0dc37d877dbf81bd18e8bd57b2843cc254c9a3cfcbecb70305612e60cae.txt,mal_test,mal_test,1,playcrypt,12d1a0dc37d877dbf81bd18e8bd57b2843cc254c9a3cfcbecb70305612e60cae,12d1a0dc37d877dbf81bd18e8bd57b2843cc254c9a3cfcbecb70305612e60cae,x86,plain,144235,1,
playcrypt_157c43a3a4e014827e42cf4dd20cc8efa71cdf098f5d1d04b6cd1a972d6a8c7a.txt,mal_test,mal_test,1,playcrypt,157c43a3a4e014827e42cf4dd20cc8efa71cdf098f5d1d04b6cd1a972d6a8c7a,157c43a3a4e014827e42cf4dd20cc8efa71cdf098f5d1d04b6cd1a972d6a8c7a,x86,plain,111341,1,
playcrypt_176476f9d924d83343a51a90ade097d12b7594dc5dbca1771c440047dfbe81eb.txt,mal_test,mal_test,1,playcrypt,176476f9d924d83343a51a90ade097d12b7594dc5dbca1771c440047dfbe81eb,176476f9d924d83343a51a90ade097d12b7594dc5dbca1771c440047dfbe81eb,x86,plain,43039,1,
playcrypt_2ab190542c3ec7b2b6e6d4bccce4c5d6a572f98c6bc89b014fea0c8fd6db6723.txt,mal_test,mal_test,1,playcrypt,2ab190542c3ec7b2b6e6d4bccce4c5d6a572f98c6bc89b014fea0c8fd6db6723,2ab190542c3ec7b2b6e6d4bccce4c5d6a572f98c6bc89b014fea0c8fd6db6723,x86,plain,43016,1,
playcrypt_2e9126dfad03bdaf54f9b29ade42038c83f65ac7288376f45768901660f62d7b.txt,mal_test,mal_test,1,playcrypt,2e9126dfad03bdaf54f9b29ade42038c83f65ac7288376f45768901660f62d7b,2e9126dfad03bdaf54f9b29ade42038c83f65ac7288376f45768901660f62d7b,x86,plain,43032,1,
playcrypt_3e6317229d122073f57264d6f69ae3e145decad3666ddad8173c942e80588e69.txt,mal_test,mal_test,1,playcrypt,3e6317229d122073f57264d6f69ae3e145decad3666ddad8173c942e80588e69,3e6317229d122073f57264d6f69ae3e145decad3666ddad8173c942e80588e69,x86,plain,43016,1,
playcrypt_463e5c95af41e43a9d6ee85bf84421e64e3de6583c9e2c0bb3e695171a28e913.txt,mal_test,mal_test,1,playcrypt,463e5c95af41e43a9d6ee85bf84421e64e3de6583c9e2c0bb3e695171a28e913,463e5c95af41e43a9d6ee85bf84421e64e3de6583c9e2c0bb3e695171a28e913,x86,plain,105105,1,
playcrypt_47c7cee3d76106279c4c28ad1de3c833c1ba0a2ec56b0150586c7e8480ccae57.txt,mal_test,mal_test,1,playcrypt,47c7cee3d76106279c4c28ad1de3c833c1ba0a2ec56b0150586c7e8480ccae57,47c7cee3d76106279c4c28ad1de3c833c1ba0a2ec56b0150586c7e8480ccae57,x86,plain,111384,1,
playcrypt_5573cbe13c0dbfd3d0e467b9907f3a89c1c133c774ada906ea256e228ae885d5.txt,mal_test,mal_test,1,playcrypt,5573cbe13c0dbfd3d0e467b9907f3a89c1c133c774ada906ea256e228ae885d5,5573cbe13c0dbfd3d0e467b9907f3a89c1c133c774ada906ea256e228ae885d5,x86,plain,26522,1,
playcrypt_5e94626c6bcb825acede3826811ed693644d6dbb7caeeefb8575c2ec711a65a6.txt,mal_test,mal_test,1,playcrypt,5e94626c6bcb825acede3826811ed693644d6dbb7caeeefb8575c2ec711a65a6,5e94626c6bcb825acede3826811ed693644d6dbb7caeeefb8575c2ec711a65a6,x86,plain,111403,1,
playcrypt_5eca08ddca898427de5ab13fedf25426102c3a0621d086b63f2e37d2d04ba3e9.txt,mal_test,mal_test,1,playcrypt,5eca08ddca898427de5ab13fedf25426102c3a0621d086b63f2e37d2d04ba3e9,5eca08ddca898427de5ab13fedf25426102c3a0621d086b63f2e37d2d04ba3e9,x86,plain,144273,1,
playcrypt_608e2b023dc8f7e02ae2000fc7dbfc24e47807d1e4264cbd6bb5839c81f91934.txt,mal_test,mal_test,1,playcrypt,608e2b023dc8f7e02ae2000fc7dbfc24e47807d1e4264cbd6bb5839c81f91934,608e2b023dc8f7e02ae2000fc7dbfc24e47807d1e4264cbd6bb5839c81f91934,x86,plain,43025,1,
playcrypt_61c63be1e0ebf23a616e02f8929364f270b03190ab9132fa638b3dd20b6dc109.txt,mal_test,mal_test,1,playcrypt,61c63be1e0ebf23a616e02f8929364f270b03190ab9132fa638b3dd20b6dc109,61c63be1e0ebf23a616e02f8929364f270b03190ab9132fa638b3dd20b6dc109,x86,plain,105110,1,
playcrypt_73e19be4da76bb4e52cb82493c75690977fc3a5f589a9b47e834362545ef512a.txt,mal_test,mal_test,1,playcrypt,73e19be4da76bb4e52cb82493c75690977fc3a5f589a9b47e834362545ef512a,73e19be4da76bb4e52cb82493c75690977fc3a5f589a9b47e834362545ef512a,x86,plain,43032,1,
playcrypt_757524b09e5d4f2399172c4ac0f6996ec34dec90110542973d438d5370aff280.txt,mal_test,mal_test,1,playcrypt,757524b09e5d4f2399172c4ac0f6996ec34dec90110542973d438d5370aff280,757524b09e5d4f2399172c4ac0f6996ec34dec90110542973d438d5370aff280,x86,plain,111400,1,
playcrypt_7d14b98cdc1b898bd0d9be80398fc59ab560e8c44e0a9dedac8ad4ece3d450b0.txt,mal_test,mal_test,1,playcrypt,7d14b98cdc1b898bd0d9be80398fc59ab560e8c44e0a9dedac8ad4ece3d450b0,7d14b98cdc1b898bd0d9be80398fc59ab560e8c44e0a9dedac8ad4ece3d450b0,x86,plain,32178,1,
playcrypt_8962de34e5d63228d5ab037c87262e5b13bb9c17e73e5db7d6be4212d66f1c22.txt,mal_test,mal_test,1,playcrypt,8962de34e5d63228d5ab037c87262e5b13bb9c17e73e5db7d6be4212d66f1c22,8962de34e5d63228d5ab037c87262e5b13bb9c17e73e5db7d6be4212d66f1c22,x86,plain,43016,1,
playcrypt_92f3abed62d710064a19f2a50c4482cd02adfd821ace4c2f3030f96290166189.txt,mal_test,mal_test,1,playcrypt,92f3abed62d710064a19f2a50c4482cd02adfd821ace4c2f3030f96290166189,92f3abed62d710064a19f2a50c4482cd02adfd821ace4c2f3030f96290166189,x86,plain,111396,1,
playcrypt_952fec5f9e7137951700d7e4239728f903e360b3fdb0332deb9448bdc31c2f3f.txt,mal_test,mal_test,1,playcrypt,952fec5f9e7137951700d7e4239728f903e360b3fdb0332deb9448bdc31c2f3f,952fec5f9e7137951700d7e4239728f903e360b3fdb0332deb9448bdc31c2f3f,x86,plain,144268,1,
playcrypt_957a6aee2437a5c4d31372af2f6bceb29e1c7a49d650fe207cefc624bf6bca82.txt,mal_test,mal_test,1,playcrypt,957a6aee2437a5c4d31372af2f6bceb29e1c7a49d650fe207cefc624bf6bca82,957a6aee2437a5c4d31372af2f6bceb29e1c7a49d650fe207cefc624bf6bca82,x86,plain,43025,1,
playcrypt_96835abb2917ee87359a8669c4f28b9e8b1ee402e45153e98474a7b2135ca2cd.txt,mal_test,mal_test,1,playcrypt,96835abb2917ee87359a8669c4f28b9e8b1ee402e45153e98474a7b2135ca2cd,96835abb2917ee87359a8669c4f28b9e8b1ee402e45153e98474a7b2135ca2cd,x86,plain,53025,1,
playcrypt_97c1b1ff5aee63fd1c042384e9b88e869fc33105c60d65819bcf98a610508c8d.txt,mal_test,mal_test,1,playcrypt,97c1b1ff5aee63fd1c042384e9b88e869fc33105c60d65819bcf98a610508c8d,97c1b1ff5aee63fd1c042384e9b88e869fc33105c60d65819bcf98a610508c8d,x86,plain,105106,1,
playcrypt_9e69416cac3cb428cfb1894fbf7990692978edbf57737ad4c812d53c49687898.txt,mal_test,mal_test,1,playcrypt,9e69416cac3cb428cfb1894fbf7990692978edbf57737ad4c812d53c49687898,9e69416cac3cb428cfb1894fbf7990692978edbf57737ad4c812d53c49687898,x86,plain,144244,1,
playcrypt_ac2077199eff791b44274b3f0634e5c23ff219e4097136d59baaf6fba337989f.txt,mal_test,mal_test,1,playcrypt,ac2077199eff791b44274b3f0634e5c23ff219e4097136d59baaf6fba337989f,ac2077199eff791b44274b3f0634e5c23ff219e4097136d59baaf6fba337989f,x86,plain,144268,1,
playcrypt_bb51255ec929ae1fb34981b8b988769027ee49e68c0958a4a2a76b59a0dc1cff.txt,mal_test,mal_test,1,playcrypt,bb51255ec929ae1fb34981b8b988769027ee49e68c0958a4a2a76b59a0dc1cff,bb51255ec929ae1fb34981b8b988769027ee49e68c0958a4a2a76b59a0dc1cff,x86,plain,43032,1,
playcrypt_bbd84d10f6a56bfeca23fd5d11d9e370fdfa91be73aa60c9d460b2671145c109.txt,mal_test,mal_test,1,playcrypt,bbd84d10f6a56bfeca23fd5d11d9e370fdfa91be73aa60c9d460b2671145c109,bbd84d10f6a56bfeca23fd5d11d9e370fdfa91be73aa60c9d460b2671145c109,x86,plain,53023,1,
playcrypt_c0eab1dbd64ffbe9c2f77f0e71e30cfff8467aa7e9ce2ed74e7a8dcdd861e3a6.txt,mal_test,mal_test,1,playcrypt,c0eab1dbd64ffbe9c2f77f0e71e30cfff8467aa7e9ce2ed74e7a8dcdd861e3a6,c0eab1dbd64ffbe9c2f77f0e71e30cfff8467aa7e9ce2ed74e7a8dcdd861e3a6,x86,plain,53182,1,
playcrypt_c3e9740759f6cdd8eab97bc23430e1f042862ab41eacec0bb763693e5745549c.txt,mal_test,mal_test,1,playcrypt,c3e9740759f6cdd8eab97bc23430e1f042862ab41eacec0bb763693e5745549c,c3e9740759f6cdd8eab97bc23430e1f042862ab41eacec0bb763693e5745549c,x86,plain,144265,1,
playcrypt_c441e4d38af87a46dae4ea4823456e42145238d300b51d83a7060cee0b57de28.txt,mal_test,mal_test,1,playcrypt,c441e4d38af87a46dae4ea4823456e42145238d300b51d83a7060cee0b57de28,c441e4d38af87a46dae4ea4823456e42145238d300b51d83a7060cee0b57de28,x86,plain,144238,1,
playcrypt_cd16f6b2faaf801a0de5d5afc68ed50a5bde9b4905bb00fe5f408b265ec081e5.txt,mal_test,mal_test,1,playcrypt,cd16f6b2faaf801a0de5d5afc68ed50a5bde9b4905bb00fe5f408b265ec081e5,cd16f6b2faaf801a0de5d5afc68ed50a5bde9b4905bb00fe5f408b265ec081e5,x86,plain,43032,1,
playcrypt_d9d64a1e9e7d6911f256f2d449cc8ab58301396374265215e5c121bf036ba58d.txt,mal_test,mal_test,1,playcrypt,d9d64a1e9e7d6911f256f2d449cc8ab58301396374265215e5c121bf036ba58d,d9d64a1e9e7d6911f256f2d449cc8ab58301396374265215e5c121bf036ba58d,x86,plain,105104,1,
playcrypt_dcaf62ee4637397b2aaa73dbe41cfb514c71565f1d4770944c9b678cd2545087.txt,mal_test,mal_test,1,playcrypt,dcaf62ee4637397b2aaa73dbe41cfb514c71565f1d4770944c9b678cd2545087,dcaf62ee4637397b2aaa73dbe41cfb514c71565f1d4770944c9b678cd2545087,x86,plain,26474,1,
playcrypt_dd101db5d9503f33a0c23d79da3642e999375748f7c1532e98c813b114bdfa1a.txt,mal_test,mal_test,1,playcrypt,dd101db5d9503f33a0c23d79da3642e999375748f7c1532e98c813b114bdfa1a,dd101db5d9503f33a0c23d79da3642e999375748f7c1532e98c813b114bdfa1a,x86,plain,26498,1,
playcrypt_e4f32fe39ce7f9f293ccbfde30adfdc36caf7cfb6ccc396870527f45534b840b.txt,mal_test,mal_test,1,playcrypt,e4f32fe39ce7f9f293ccbfde30adfdc36caf7cfb6ccc396870527f45534b840b,e4f32fe39ce7f9f293ccbfde30adfdc36caf7cfb6ccc396870527f45534b840b,x86,plain,26523,1,
playcrypt_e641b622b1f180fe189e3f39b3466b16ca5040b5a1869e5d30c92cca5727d3f0.txt,mal_test,mal_test,1,playcrypt,e641b622b1f180fe189e3f39b3466b16ca5040b5a1869e5d30c92cca5727d3f0,e641b622b1f180fe189e3f39b3466b16ca5040b5a1869e5d30c92cca5727d3f0,x86,plain,43032,1,
playcrypt_f054f373cead893f868fd9b4acc24f751afefbb80cf961e305f97741f952a641.txt,mal_test,mal_test,1,playcrypt,f054f373cead893f868fd9b4acc24f751afefbb80cf961e305f97741f952a641,f054f373cead893f868fd9b4acc24f751afefbb80cf961e305f97741f952a641,x86,plain,43032,1,
playcrypt_f284064ee25c56c68dd76370470567818ffcbf4ae134c7beca1c3ba773c21619.txt,mal_test,mal_test,1,playcrypt,f284064ee25c56c68dd76370470567818ffcbf4ae134c7beca1c3ba773c21619,f284064ee25c56c68dd76370470567818ffcbf4ae134c7beca1c3ba773c21619,x86,plain,105096,1,
playcrypt_f39d6741cbb99a81decbe5e75c07e846b5a36b40bc1bb0c0c61415300cc43b6c.txt,mal_test,mal_test,1,playcrypt,f39d6741cbb99a81decbe5e75c07e846b5a36b40bc1bb0c0c61415300cc43b6c,f39d6741cbb99a81decbe5e75c07e846b5a36b40bc1bb0c0c61415300cc43b6c,x86,plain,111391,1,
playcrypt_f6072ff57c1cfe74b88f521d70c524bcbbb60c561705e9febe033f51131be408.txt,mal_test,mal_test,1,playcrypt,f6072ff57c1cfe74b88f521d70c524bcbbb60c561705e9febe033f51131be408,f6072ff57c1cfe74b88f521d70c524bcbbb60c561705e9febe033f51131be408,x86,plain,26523,1,
quantum_0789a9c0a0d4f3422cb4e9b8e64f1ba92f7b88e2edfd14b7b9a7f5eee5135a4f.txt,mal_test,mal_test,1,quantum,0789a9c0a0d4f3422cb4e9b8e64f1ba92f7b88e2edfd14b7b9a7f5eee5135a4f,0789a9c0a0d4f3422cb4e9b8e64f1ba92f7b88e2edfd14b7b9a7f5eee5135a4f,x64,plain,7896,1,
quantum_0f3bb820adf6d3bba54988ef40d8188ae48b34b757277e86728bdb8441d01ea2.txt,mal_test,mal_test,1,quantum,0f3bb820adf6d3bba54988ef40d8188ae48b34b757277e86728bdb8441d01ea2,0f3bb820adf6d3bba54988ef40d8188ae48b34b757277e86728bdb8441d01ea2,x64,plain,7896,1,
quantum_2fd8356abd42b19799aca857990a5f49631b02bd3253f80d96b5d27dcfd2f7c9.txt,mal_test,mal_test,1,quantum,2fd8356abd42b19799aca857990a5f49631b02bd3253f80d96b5d27dcfd2f7c9,2fd8356abd42b19799aca857990a5f49631b02bd3253f80d96b5d27dcfd2f7c9,x64,plain,8219,1,
quantum_511c1021fad76670d6d407139e5fef62b34ca9656fb735bd7d406728568fa280.txt,mal_test,mal_test,1,quantum,511c1021fad76670d6d407139e5fef62b34ca9656fb735bd7d406728568fa280,511c1021fad76670d6d407139e5fef62b34ca9656fb735bd7d406728568fa280,x86,plain,7503,1,
quantum_834c1dc19baf8b9edf78f17ffd5b46eea29eb05aaa348304baa218811eac7bfe.txt,mal_test,mal_test,1,quantum,834c1dc19baf8b9edf78f17ffd5b46eea29eb05aaa348304baa218811eac7bfe,834c1dc19baf8b9edf78f17ffd5b46eea29eb05aaa348304baa218811eac7bfe,x64,plain,8219,1,
quantum_b63e94928da25e18caa1506305b9ca3dedc267e747dfa4710860e757d2cc8192.txt,mal_test,mal_test,1,quantum,b63e94928da25e18caa1506305b9ca3dedc267e747dfa4710860e757d2cc8192,b63e94928da25e18caa1506305b9ca3dedc267e747dfa4710860e757d2cc8192,x64,plain,8219,1,
