sha256,set,family,label,arch,n_lines_in,n_insns_out,asm_path,filename,tag,n_skip_dropped,capped
e451287843b3927c6046eaabd3e22b929bc1f445eec23a73b1398b115d02e4fb,good_train,everyday,0,x64,100027,100000,goodware_balanced/everyday/e451287843b3927c6046eaabd3e22b929bc1f445eec23a73b1398b115d02e4fb.asm,ADExplorer64.exe,plain,25,1
38ff6bcb91bd6cbceec26bc60007c60031d9f35181fbae851bd239f361cf38db,good_train,everyday,0,x64,97498,97384,goodware_balanced/everyday/38ff6bcb91bd6cbceec26bc60007c60031d9f35181fbae851bd239f361cf38db.asm,ADInsight64.exe,plain,113,0
e3651cbd3a91b742d662dc11a9d9a6b4e03c652b8b694d90298d38d446885039,good_train,everyday,0,x86,313,311,goodware_balanced/everyday/e3651cbd3a91b742d662dc11a9d9a6b4e03c652b8b694d90298d38d446885039.asm,API-MS-Win-core-xstate-l2-1-0.dll,plain,1,0
b8a8524de389e244b57baa72e8878869436e8addffaf11621ec7a572dbf5c602,good_train,everyday,0,x86,56325,56324,goodware_balanced/everyday/b8a8524de389e244b57baa72e8878869436e8addffaf11621ec7a572dbf5c602.asm,AccessEnum.exe,plain,0,0
bc457cfb2748cf7d32c64f6b8811013a5188d7b7e5fed0816c0382ce419903cb,good_train,everyday,0,x64,1400,1398,goodware_balanced/everyday/bc457cfb2748cf7d32c64f6b8811013a5188d7b7e5fed0816c0382ce419903cb.asm,AccessibleMarshal.dll,plain,0,0
69b4cf63107a17d44603f802b02bddd58a0e54a052c77cfc993824bb8e4a6384,good_train,everyday,0,x86,100009,100000,goodware_balanced/everyday/69b4cf63107a17d44603f802b02bddd58a0e54a052c77cfc993824bb8e4a6384.asm,AutoHotkey_2.0.27_setup.exe,plain,7,1
5d96bbc4e5b726d87c7cf547f5fe98f8f05434ec2130bd60cbf5671fd3a7381b,good_train,everyday,0,x64,88157,88153,goodware_balanced/everyday/5d96bbc4e5b726d87c7cf547f5fe98f8f05434ec2130bd60cbf5671fd3a7381b.asm,Autologon64.exe,plain,3,0
ee2c4850e62277e5efded460afd708af22007ef5f2c2c9dae7a699fc3de346d0,good_train,everyday,0,x64,100003,100000,goodware_balanced/everyday/ee2c4850e62277e5efded460afd708af22007ef5f2c2c9dae7a699fc3de346d0.asm,Bginfo64.exe,plain,1,1
0263cba73432578b2f5cef90815f374f78b34b6ceda9fd3f22343316803cdb98,good_train,everyday,0,x86,8648,8647,goodware_balanced/everyday/0263cba73432578b2f5cef90815f374f78b34b6ceda9fd3f22343316803cdb98.asm,Bitwarden-Installer-2026.8.0.exe,plain,0,0
f43ecfc3820bbefd7628bcbe4f755b96a2f7fb61f3c71badcf71ae82dc7b067c,good_train,everyday,0,x86,37406,37405,goodware_balanced/everyday/f43ecfc3820bbefd7628bcbe4f755b96a2f7fb61f3c71badcf71ae82dc7b067c.asm,Brave_151.1.93.138_User_X64_exe_en-US.exe,plain,0,0
d58f0aff065550d3873df961bf9e479c3884f1b7ef6859c1ff38cae4c2c81777,good_train,everyday,0,x64,26571,26570,goodware_balanced/everyday/d58f0aff065550d3873df961bf9e479c3884f1b7ef6859c1ff38cae4c2c81777.asm,CM_FH_5d49acd_libpixbufloader_bmp.dll,plain,0,0
c679c9a6b0b2583bc273e27ad76929b9d6ce4c67e335aa6f7d4efc1b5b20f394,good_train,everyday,0,x64,26045,26044,goodware_balanced/everyday/c679c9a6b0b2583bc273e27ad76929b9d6ce4c67e335aa6f7d4efc1b5b20f394.asm,CM_FH_9940d7e_libpixbufloader_ani.dll,plain,0,0
f6c0d5a6c911de1920ff9146c6ae9551e283cb8207c92287ffd49a937ff95fe3,good_train,everyday,0,x64,26422,26421,goodware_balanced/everyday/f6c0d5a6c911de1920ff9146c6ae9551e283cb8207c92287ffd49a937ff95fe3.asm,CM_FH_e3544a7_libpixbufloader_tga.dll,plain,0,0
3988cc6aff5797fb8acf07880d73c0492b39ffdab9fb9e35e9d6b79baf86e050,good_train,everyday,0,x64,2410,2409,goodware_balanced/everyday/3988cc6aff5797fb8acf07880d73c0492b39ffdab9fb9e35e9d6b79baf86e050.asm,CM_FH_f8a3c06_libpixbufloader_avif.dll,plain,0,0
49bb810dcaf4106325ced027ae03288d0bbab218f10a1d4e80bb4aa6911726a5,good_train,everyday,0,x64,100002,100000,goodware_balanced/everyday/49bb810dcaf4106325ced027ae03288d0bbab218f10a1d4e80bb4aa6911726a5.asm,CM_FP_inkscape.bin.gdb.exe,plain,0,1
e6889dafd5028a42471d838909a06d7ebd06a35f87d6bd0054c295886dd4158e,good_train,everyday,0,x64,6679,6678,goodware_balanced/everyday/e6889dafd5028a42471d838909a06d7ebd06a35f87d6bd0054c295886dd4158e.asm,CM_FP_inkscape.bin.gdbus.exe,plain,0,0
6e8e3df539bfa37730086700b835bb0a881f42383997c15adf5d0f52e9f74e20,good_train,everyday,0,x64,1900,1899,goodware_balanced/everyday/6e8e3df539bfa37730086700b835bb0a881f42383997c15adf5d0f52e9f74e20.asm,CM_FP_inkscape.bin.inkview.exe,plain,0,0
94cf3e4bae925248a38f5947bbf2aa702fcb148a0e1ac9f8324dd22a2fbdd27d,good_train,everyday,0,x64,100002,100000,goodware_balanced/everyday/94cf3e4bae925248a38f5947bbf2aa702fcb148a0e1ac9f8324dd22a2fbdd27d.asm,CM_FP_inkscape.bin.libGraphicsMagick_3.dll,plain,0,1
9588e2c1fde90a8febce6d33df24fb6a8d7dfaafdd4c892b19f51033b390b42e,good_train,everyday,0,x64,100002,100000,goodware_balanced/everyday/9588e2c1fde90a8febce6d33df24fb6a8d7dfaafdd4c892b19f51033b390b42e.asm,CM_FP_inkscape.bin.libSvtAv1Enc_3.dll,plain,0,1
130132d7c7636a63a7a008a32859439b6f65a64c9fd5e1d737d7e34124dd0f57,good_train,everyday,0,x64,100002,100000,goodware_balanced/everyday/130132d7c7636a63a7a008a32859439b6f65a64c9fd5e1d737d7e34124dd0f57.asm,CM_FP_inkscape.bin.libaom.dll,plain,0,1
c62c08223e450dfc2fff33c752cc228505ffd9d755201958ba800d5d30481a2c,good_train,everyday,0,x64,2183,2182,goodware_balanced/everyday/c62c08223e450dfc2fff33c752cc228505ffd9d755201958ba800d5d30481a2c.asm,CM_FP_inkscape.bin.libbrotlicommon.dll,plain,0,0
10cb3ddfb67ef352365d5cdf1fce0376693d2d6e90aefefee41b3c0c5ce363e4,good_train,everyday,0,x64,100002,100000,goodware_balanced/everyday/10cb3ddfb67ef352365d5cdf1fce0376693d2d6e90aefefee41b3c0c5ce363e4.asm,CM_FP_inkscape.bin.libcairo_2.dll,plain,0,1
bdba64fdd18aad8de2773d3553786d0f9560ae3ae005a17b6cc6bef124219370,good_train,everyday,0,x64,2364,2363,goodware_balanced/everyday/bdba64fdd18aad8de2773d3553786d0f9560ae3ae005a17b6cc6bef124219370.asm,CM_FP_inkscape.bin.libcairo_gobject_2.dll,plain,0,0
a143678aa07f22c405e339b83aaff2f5488e8461ecdfea2ced1b3e4584fb722b,good_train,everyday,0,x64,15063,15059,goodware_balanced/everyday/a143678aa07f22c405e339b83aaff2f5488e8461ecdfea2ced1b3e4584fb722b.asm,CM_FP_inkscape.bin.libcairomm_1.0_1.dll,plain,3,0
1ea0e1be2c81548b57729380713e0afaa3454ad95fac8b7dd2efae50d8b7f077,good_train,everyday,0,x64,15008,15007,goodware_balanced/everyday/1ea0e1be2c81548b57729380713e0afaa3454ad95fac8b7dd2efae50d8b7f077.asm,CM_FP_inkscape.bin.libdouble_conversion.dll,plain,0,0
ce1634b822328bab1da5f6e2e01e2bfe5f7fabed46514c3e6cbadb37450e8409,good_train,everyday,0,x64,10321,10320,goodware_balanced/everyday/ce1634b822328bab1da5f6e2e01e2bfe5f7fabed46514c3e6cbadb37450e8409.asm,CM_FP_inkscape.bin.libenchant_2_2.dll,plain,0,0
f573204372a49d147ab0e55e3dd958564620734cd3115b1cef061a82e043a394,good_train,everyday,0,x64,36476,36475,goodware_balanced/everyday/f573204372a49d147ab0e55e3dd958564620734cd3115b1cef061a82e043a394.asm,CM_FP_inkscape.bin.libexpat_1.dll,plain,0,0
14b3075caa51a67c8d307bc3084152bb4be4c9ce863194bb4351c450d8675930,good_train,everyday,0,x64,15440,15439,goodware_balanced/everyday/14b3075caa51a67c8d307bc3084152bb4be4c9ce863194bb4351c450d8675930.asm,CM_FP_inkscape.bin.libexslt_0.dll,plain,0,0
ccd1c21178c2e239eaa6c904a25c7f26efdfadb0faf344e62b1bbb39a30241d5,good_train,everyday,0,x64,5583,5582,goodware_balanced/everyday/ccd1c21178c2e239eaa6c904a25c7f26efdfadb0faf344e62b1bbb39a30241d5.asm,CM_FP_inkscape.bin.libffi_8.dll,plain,0,0
dd133bb31359ad425c3c8196102c74d11e41ab357132d9cfca76aa0dfa29c549,good_train,everyday,0,x64,32644,32643,goodware_balanced/everyday/dd133bb31359ad425c3c8196102c74d11e41ab357132d9cfca76aa0dfa29c549.asm,CM_FP_inkscape.bin.libgc_1.dll,plain,0,0
a955ab07e75e8773d20821fb94774267f2f5a8773641646c809024b2e298ef31,good_train,everyday,0,x64,31264,31263,goodware_balanced/everyday/a955ab07e75e8773d20821fb94774267f2f5a8773641646c809024b2e298ef31.asm,CM_FP_inkscape.bin.libgcc_s_seh_1.dll,plain,0,0
639c4970a3804d5932a25d17b45bc45c27a79eb41ee1bc9c6a60cca043255d5f,good_train,everyday,0,x64,100002,100000,goodware_balanced/everyday/639c4970a3804d5932a25d17b45bc45c27a79eb41ee1bc9c6a60cca043255d5f.asm,CM_FP_inkscape.bin.libgdk_3_0.dll,plain,0,1
9df94a8f5ee00e8296d8520f0d59a11efca6d8c1cab2b35ff91cd6132a1a880d,good_train,everyday,0,x64,56451,56450,goodware_balanced/everyday/9df94a8f5ee00e8296d8520f0d59a11efca6d8c1cab2b35ff91cd6132a1a880d.asm,CM_FP_inkscape.bin.libgdk_pixbuf_2.0_0.dll,plain,0,0
70117e56a644c1ade3edbeda85ebbe78d5a8441342868165fd4ebbdbe891edd0,good_train,everyday,0,x64,100002,100000,goodware_balanced/everyday/70117e56a644c1ade3edbeda85ebbe78d5a8441342868165fd4ebbdbe891edd0.asm,CM_FP_inkscape.bin.libgiomm_2.4_1.dll,plain,0,1
58771b56ec864b20b3afaba5af71ef33a04a427969942c194020fc71eb97b699,good_train,everyday,0,x64,46593,46592,goodware_balanced/everyday/58771b56ec864b20b3afaba5af71ef33a04a427969942c194020fc71eb97b699.asm,CM_FP_inkscape.bin.libgirepository_2.0_0.dll,plain,0,0
b910c405a546aeb24031cd122c52e00c25f5510af0ce32932ced9065fb7c16a4,good_train,everyday,0,x64,100002,100000,goodware_balanced/everyday/b910c405a546aeb24031cd122c52e00c25f5510af0ce32932ced9065fb7c16a4.asm,CM_FP_inkscape.bin.libglib_2.0_0.dll,plain,0,1
3e3340fad10d8c4607df0abe689ec89f0bcaba40f4cfd5fa924d912ceb4cd8c1,good_train,everyday,0,x64,2847,2846,goodware_balanced/everyday/3e3340fad10d8c4607df0abe689ec89f0bcaba40f4cfd5fa924d912ceb4cd8c1.asm,CM_FP_inkscape.bin.libgmodule_2.0_0.dll,plain,0,0
c2567ccf3f410c3411ba7cd4b7ba14f393a0e70a1d0c0593297df6706b5fba96,good_train,everyday,0,x64,100002,100000,goodware_balanced/everyday/c2567ccf3f410c3411ba7cd4b7ba14f393a0e70a1d0c0593297df6706b5fba96.asm,CM_FP_inkscape.bin.libgmp_10.dll,plain,0,1
a420075a63f870abcb6816ae4f54c9d98d39c0390c11dd435549facd6a3e1f70,good_train,everyday,0,x64,54513,54512,goodware_balanced/everyday/a420075a63f870abcb6816ae4f54c9d98d39c0390c11dd435549facd6a3e1f70.asm,CM_FP_inkscape.bin.libgobject_2.0_0.dll,plain,0,0
51df6e194e69e51af06bf2735b41f19b8c72fc82f5925905c99412d4ee79e5ea,good_train,everyday,0,x64,56304,56303,goodware_balanced/everyday/51df6e194e69e51af06bf2735b41f19b8c72fc82f5925905c99412d4ee79e5ea.asm,CM_FP_inkscape.bin.libgomp_1.dll,plain,0,0
d0f7e108ffbb958b551c798ce733104632002ff5d03f2a1988b8f6bb65cf6552,good_train,everyday,0,x64,100002,100000,goodware_balanced/everyday/d0f7e108ffbb958b551c798ce733104632002ff5d03f2a1988b8f6bb65cf6552.asm,CM_FP_inkscape.bin.libgsl_28.dll,plain,0,1
de35388e089cbcd723ad7ec968ea4ff1d3811f5b0f5c66606bfeb7d7906631f9,good_train,everyday,0,x64,71849,71845,goodware_balanced/everyday/de35388e089cbcd723ad7ec968ea4ff1d3811f5b0f5c66606bfeb7d7906631f9.asm,CM_FP_inkscape.bin.libgslcblas_0.dll,plain,3,0
35f604a84370b1767881b61f54e450844030c52e4db798f3d3974567d9721885,good_train,everyday,0,x64,17626,17625,goodware_balanced/everyday/35f604a84370b1767881b61f54e450844030c52e4db798f3d3974567d9721885.asm,CM_FP_inkscape.bin.libgspell_1_3.dll,plain,0,0
793f0c844a2a40bf86d1d9b885e3474f884a3d0d51f9900e0eb02de69b05d1d3,good_train,everyday,0,x64,100002,100000,goodware_balanced/everyday/793f0c844a2a40bf86d1d9b885e3474f884a3d0d51f9900e0eb02de69b05d1d3.asm,CM_FP_inkscape.bin.libgtk_3_0.dll,plain,0,1
ea56edd9516bc802a7f7bbe3c181179e4eac79ab76bbfa684da62e03415fc126,good_train,everyday,0,x64,100002,100000,goodware_balanced/everyday/ea56edd9516bc802a7f7bbe3c181179e4eac79ab76bbfa684da62e03415fc126.asm,CM_FP_inkscape.bin.libharfbuzz_0.dll,plain,0,1
858699b20e9942b1daba2c79a62d66eceae6e19cbb2a4675b6be9e05258862c5,good_train,everyday,0,x64,100002,100000,goodware_balanced/everyday/858699b20e9942b1daba2c79a62d66eceae6e19cbb2a4675b6be9e05258862c5.asm,CM_FP_inkscape.bin.libharfbuzz_subset_0.dll,plain,0,1
1185d50762fef7bf99743e92fd4d86bb1d2a3a5bf5ab49e44467dfc6c84ce23c,good_train,everyday,0,x64,100002,100000,goodware_balanced/everyday/1185d50762fef7bf99743e92fd4d86bb1d2a3a5bf5ab49e44467dfc6c84ce23c.asm,CM_FP_inkscape.bin.libheif.dll,plain,0,1
b37d1b4acab5310c4e4f6e2a961d146454ff740d943724a68fa3cebc85deb7cd,good_train,everyday,0,x64,36183,36177,goodware_balanced/everyday/b37d1b4acab5310c4e4f6e2a961d146454ff740d943724a68fa3cebc85deb7cd.asm,CM_FP_inkscape.bin.libiconv_2.dll,plain,5,0
22c7a4eaa72fcb8545cb8f1960702adab4d06c16f4653ff3f7b5e6649f4f9317,good_train,everyday,0,x64,100002,100000,goodware_balanced/everyday/22c7a4eaa72fcb8545cb8f1960702adab4d06c16f4653ff3f7b5e6649f4f9317.asm,CM_FP_inkscape.bin.libicuin78.dll,plain,0,1
a054a6bb69aaf4666157f968740412e9697085cbc1e48a78f8dd9622169c5aaf,good_train,everyday,0,x64,17404,17403,goodware_balanced/everyday/a054a6bb69aaf4666157f968740412e9697085cbc1e48a78f8dd9622169c5aaf.asm,CM_FP_inkscape.bin.libidn2_0.dll,plain,0,0
8eb731da34fe70fbf36239ca5292f92d5f44004ed4d9d10827421454de8c27a9,good_train,everyday,0,x64,41705,41704,goodware_balanced/everyday/8eb731da34fe70fbf36239ca5292f92d5f44004ed4d9d10827421454de8c27a9.asm,CM_FP_inkscape.bin.libintl_8.dll,plain,0,0
6d1657e08318630738fb0841ee28bbe7272b41b3b2ef93adaa228c4cd10092c6,good_train,everyday,0,x64,9764,9760,goodware_balanced/everyday/6d1657e08318630738fb0841ee28bbe7272b41b3b2ef93adaa228c4cd10092c6.asm,CM_FP_inkscape.bin.libjbig_0.dll,plain,3,0
760cddfa3524baf2ddec6a0e8c93644c53746bb63faa9994bc9b7476e8b6637b,good_train,everyday,0,x64,23153,23150,goodware_balanced/everyday/760cddfa3524baf2ddec6a0e8c93644c53746bb63faa9994bc9b7476e8b6637b.asm,CM_FP_inkscape.bin.libjxl_cms.dll,plain,2,0
b35f34db259eb41badd248b88401c48dec617cb4571776acab7e36cfc5e21896,good_train,everyday,0,x64,3289,3288,goodware_balanced/everyday/b35f34db259eb41badd248b88401c48dec617cb4571776acab7e36cfc5e21896.asm,CM_FP_inkscape.bin.libjxl_threads.dll,plain,0,0
642f969e7118ae8e8068c30182fbda3cd6100c5f291f404d9f37d6fd00982c30,good_train,everyday,0,x64,100002,100000,goodware_balanced/everyday/642f969e7118ae8e8068c30182fbda3cd6100c5f291f404d9f37d6fd00982c30.asm,CM_FP_inkscape.bin.libkvazaar_7.dll,plain,0,1
f66d4ff92204ec372b31acd142c87e96cf0850a2b3fc62fb33bce69d55a5bdb8,good_train,everyday,0,x64,81914,81913,goodware_balanced/everyday/f66d4ff92204ec372b31acd142c87e96cf0850a2b3fc62fb33bce69d55a5bdb8.asm,CM_FP_inkscape.bin.liblcms2_2.dll,plain,0,0
6d49ed806389b4892bcf29c6ed6e3984e06aa0d608bd5494db19d1b9c5feb2c5,good_train,everyday,0,x64,33257,33256,goodware_balanced/everyday/6d49ed806389b4892bcf29c6ed6e3984e06aa0d608bd5494db19d1b9c5feb2c5.asm,CM_FP_inkscape.bin.libnghttp2_14.dll,plain,0,0
901437548ad4fc7f62bc0401ac57ce04d04bf5eee309d06ac2545cdcc524fd72,good_train,everyday,0,x64,7291,7290,goodware_balanced/everyday/901437548ad4fc7f62bc0401ac57ce04d04bf5eee309d06ac2545cdcc524fd72.asm,CM_FP_inkscape.bin.libngtcp2_crypto_ossl.dll,plain,0,0
94f9507828d391cf96d700d34918114f1c1e03f91dd1243a19275e0435690925,good_train,everyday,0,x64,100002,100000,goodware_balanced/everyday/94f9507828d391cf96d700d34918114f1c1e03f91dd1243a19275e0435690925.asm,CM_FP_inkscape.bin.libopenjp2_7.dll,plain,0,1
ec23b70ece5adda17c6e1d53fdbd901abb42726710c64d24c2ab4ebf97f237cf,good_train,everyday,0,x64,3165,3164,goodware_balanced/everyday/ec23b70ece5adda17c6e1d53fdbd901abb42726710c64d24c2ab4ebf97f237cf.asm,CM_FP_inkscape.bin.libpanelw6.dll,plain,0,0
cc13ad77435617ce67248513e9d99e75ee0e4b8ae2027a55f2c757d812e70614,good_train,everyday,0,x64,8612,8611,goodware_balanced/everyday/cc13ad77435617ce67248513e9d99e75ee0e4b8ae2027a55f2c757d812e70614.asm,CM_FP_inkscape.bin.libpangocairo_1.0_0.dll,plain,0,0
52752c65d3886ef32064f4d60a0639e6b453a878a2199e688778cda590f1060e,good_train,everyday,0,x64,14018,14017,goodware_balanced/everyday/52752c65d3886ef32064f4d60a0639e6b453a878a2199e688778cda590f1060e.asm,CM_FP_inkscape.bin.libpangoft2_1.0_0.dll,plain,0,0
52ccc7e4ec5ad0aecf307c0328826340f5d504aa59f7c4143b9a1b9fff16ccda,good_train,everyday,0,x64,100002,100000,goodware_balanced/everyday/52ccc7e4ec5ad0aecf307c0328826340f5d504aa59f7c4143b9a1b9fff16ccda.asm,CM_FP_inkscape.bin.libpcre2_8_0.dll,plain,0,1
e2c9b3d6346ff078546d100cabc0f68bdc23cefd34f55d6fa706cfa978999610,good_train,everyday,0,x64,100002,100000,goodware_balanced/everyday/e2c9b3d6346ff078546d100cabc0f68bdc23cefd34f55d6fa706cfa978999610.asm,CM_FP_inkscape.bin.libpixman_1_0.dll,plain,0,1
647fdb0610747601a3f34aa64ddf36e671a803f3d3c65d564069b0983e59462a,good_train,everyday,0,x64,3398,3394,goodware_balanced/everyday/647fdb0610747601a3f34aa64ddf36e671a803f3d3c65d564069b0983e59462a.asm,CM_FP_inkscape.bin.libplc4.dll,plain,3,0
6d5637104c46831b0dda78deb396dd54cda34edc63af62cc3511caf56339a830,good_train,everyday,0,x64,49410,49409,goodware_balanced/everyday/6d5637104c46831b0dda78deb396dd54cda34edc63af62cc3511caf56339a830.asm,CM_FP_inkscape.bin.libpng16_16.dll,plain,0,0
a531e72de3c64d43fb83cbfb6fa63e5ee982a970292ec51314e29d0acabf1dd5,good_train,everyday,0,x64,9235,9231,goodware_balanced/everyday/a531e72de3c64d43fb83cbfb6fa63e5ee982a970292ec51314e29d0acabf1dd5.asm,CM_FP_inkscape.bin.libpsl_5.dll,plain,3,0
cfda723c1984c53c6d9cd0ab71f1249ebf68c7e07a4ae0658bfc7629b999580c,good_train,everyday,0,x64,55925,55924,goodware_balanced/everyday/cfda723c1984c53c6d9cd0ab71f1249ebf68c7e07a4ae0658bfc7629b999580c.asm,CM_FP_inkscape.bin.libquadmath_0.dll,plain,0,0
5279a6c2053327fa48b2f77cd14e79ae31547482964b9e5c1f44e1e0fbf1afe8,good_train,everyday,0,x64,48454,48453,goodware_balanced/everyday/5279a6c2053327fa48b2f77cd14e79ae31547482964b9e5c1f44e1e0fbf1afe8.asm,CM_FP_inkscape.bin.libreadline8.dll,plain,0,0
d29380c7056383f3e7a80bf9e150f0b8c425c1cf2568d1336e88979ddc2307af,good_train,everyday,0,x64,8143,8142,goodware_balanced/everyday/d29380c7056383f3e7a80bf9e150f0b8c425c1cf2568d1336e88979ddc2307af.asm,CM_FP_inkscape.bin.libsharpyuv_0.dll,plain,0,0
2d385ceed73c784e797a7d54fe18a059fcf7479cb3ee2e5b124e227ddb897130,good_train,everyday,0,x64,8501,8497,goodware_balanced/everyday/2d385ceed73c784e797a7d54fe18a059fcf7479cb3ee2e5b124e227ddb897130.asm,CM_FP_inkscape.bin.libtermcap_0.dll,plain,3,0
2fd22f7d04bfa8ee8614e0f2445265df3dceb9bf32021c826a72f53ee693cf3e,good_train,everyday,0,x64,100002,100000,goodware_balanced/everyday/2fd22f7d04bfa8ee8614e0f2445265df3dceb9bf32021c826a72f53ee693cf3e.asm,CM_FP_inkscape.bin.libunistring_5.dll,plain,0,1
e329ec41d531fd65c97f3117b589df288e34d85223899907e572519670308324,good_train,everyday,0,x64,100002,100000,goodware_balanced/everyday/e329ec41d531fd65c97f3117b589df288e34d85223899907e572519670308324.asm,CM_FP_inkscape.bin.libvisio_0.1.dll,plain,0,1
9bd85116a22923d648d6b0ad09f21d08df7bd3d8860b24a5b4a6d4ac788b7340,good_train,everyday,0,x64,14867,14866,goodware_balanced/everyday/9bd85116a22923d648d6b0ad09f21d08df7bd3d8860b24a5b4a6d4ac788b7340.asm,CM_FP_inkscape.bin.libwebpmux_3.dll,plain,0,0
aef4b1cbc6659a1742ccc6f5aea991e7609e602986804ad6ce02043dfa7fbb35,good_train,everyday,0,x64,100002,100000,goodware_balanced/everyday/aef4b1cbc6659a1742ccc6f5aea991e7609e602986804ad6ce02043dfa7fbb35.asm,CM_FP_inkscape.bin.libxml2_16.dll,plain,0,1
6422bf28f71d1dea5455f906bda7d1b9b687ac1008fb4e08bef3496a4eb9b4c3,good_train,everyday,0,x64,9918,9914,goodware_balanced/everyday/6422bf28f71d1dea5455f906bda7d1b9b687ac1008fb4e08bef3496a4eb9b4c3.asm,CM_FP_inkscape.bin.libxxhash.dll,plain,3,0
90c94d307c47389db58f59770c05b362e697ac1d6195172571a7cf0cc8929138,good_train,everyday,0,x64,1742,1741,goodware_balanced/everyday/90c94d307c47389db58f59770c05b362e697ac1d6195172571a7cf0cc8929138.asm,CM_FP_python.bin.pythonw.exe,plain,0,0
784fe4f06ba1c53cf396f6751ec8b8ba59145c702e06a2650b80c632c479123f,good_train,everyday,0,x86,100351,100000,goodware_balanced/everyday/784fe4f06ba1c53cf396f6751ec8b8ba59145c702e06a2650b80c632c479123f.asm,CPUID CPU-Z_2.21_Machine_X64_inno_en-US.exe,plain,349,1
85eab30be67a554ccda5e708d6820b84b74afc9d4da517bd471d95cab23380d6,good_train,everyday,0,x64,100022,100000,goodware_balanced/everyday/85eab30be67a554ccda5e708d6820b84b74afc9d4da517bd471d95cab23380d6.asm,CPUSTRES64.EXE,plain,20,1
43203ae51a144e4ff92d4110c93af12b7c9525a1f5435efedfd3499dc12d16c2,good_train,everyday,0,x86,100003,100000,goodware_balanced/everyday/43203ae51a144e4ff92d4110c93af12b7c9525a1f5435efedfd3499dc12d16c2.asm,Cacheset.exe,plain,1,1
e65a355edf1b9c208c3fcd2744496c5e5ab0fd5876b161157505ccd80a23df69,good_train,everyday,0,x64,100054,100000,goodware_balanced/everyday/e65a355edf1b9c208c3fcd2744496c5e5ab0fd5876b161157505ccd80a23df69.asm,CoinMP.dll,plain,52,1
a7eadf0436b0b44ce94babb90ff0a75ca5db414412cbb0e7849f2ddac2541142,good_train,everyday,0,x86,100002,100000,goodware_balanced/everyday/a7eadf0436b0b44ce94babb90ff0a75ca5db414412cbb0e7849f2ddac2541142.asm,ConEmu.exe,plain,0,1
a45bba2264e2fa72279b3cd3a3e7a04145ea1067c10f7af8325c01b010247e2d,good_train,everyday,0,x86,34649,34646,goodware_balanced/everyday/a45bba2264e2fa72279b3cd3a3e7a04145ea1067c10f7af8325c01b010247e2d.asm,ConEmuC.exe,plain,2,0
eb1215ad89c84666ab3888b3b7e52f4378dc73ef4ed3c385fe711866f51cdc36,good_train,everyday,0,x64,100003,100000,goodware_balanced/everyday/eb1215ad89c84666ab3888b3b7e52f4378dc73ef4ed3c385fe711866f51cdc36.asm,ConEmuCD64.dll,plain,1,1
812329369de17fc76c802b0f6b60dc0c1c955cf13673f815d79f3b4ca2dd3e93,good_train,everyday,0,x86,96008,96005,goodware_balanced/everyday/812329369de17fc76c802b0f6b60dc0c1c955cf13673f815d79f3b4ca2dd3e93.asm,ConEmuHk.dll,plain,2,0
31f65b7afe91e23ae88d8229fd54c5eb494ffd4594bdc3d6a91d2d69892b284b,good_train,everyday,0,x64,87987,87977,goodware_balanced/everyday/31f65b7afe91e23ae88d8229fd54c5eb494ffd4594bdc3d6a91d2d69892b284b.asm,ConEmuHk64.dll,plain,9,0
90ab61a7aa3c626e4885e32f5ffa8d7d8ab0316515a9fdcbddcd8653b888c5e2,good_train,everyday,0,x64,58010,58000,goodware_balanced/everyday/90ab61a7aa3c626e4885e32f5ffa8d7d8ab0316515a9fdcbddcd8653b888c5e2.asm,Controls.dll,plain,9,0
45be8def3ec8876dcd1e5d299bd049140bc5d692413883aae1049f7d24a41abe,good_train,everyday,0,x86,100350,100000,goodware_balanced/everyday/45be8def3ec8876dcd1e5d299bd049140bc5d692413883aae1049f7d24a41abe.asm,CrystalDiskInfo_9.9.2_Machine_X64_inno_en-US.exe,plain,348,1
dcdc6ec773103d01ec77cc18e4014a907a3c118743191cad71aad3c659e29ba7,good_train,everyday,0,x86,33978,33977,goodware_balanced/everyday/dcdc6ec773103d01ec77cc18e4014a907a3c118743191cad71aad3c659e29ba7.asm,Desktops.exe,plain,0,0
c8884857e8c603de6d4590f8e3c71c45c3c9a5ddb29b143ec47963724c901e94,good_train,everyday,0,x86,14,13,goodware_balanced/everyday/c8884857e8c603de6d4590f8e3c71c45c3c9a5ddb29b143ec47963724c901e94.asm,Deutsch.dll,plain,0,0
120ba05e5447a2d51589ab7d53c57ed769bfcf10a3f3a83e2c9740776da37ede,good_train,everyday,0,x64,100037,100000,goodware_balanced/everyday/120ba05e5447a2d51589ab7d53c57ed769bfcf10a3f3a83e2c9740776da37ede.asm,DiskView64.exe,plain,35,1
5c30df87f397e06aec59af95a0c2606401a81983295f0978fdc2afc2de9859cd,good_train,everyday,0,x64,100017,100000,goodware_balanced/everyday/5c30df87f397e06aec59af95a0c2606401a81983295f0978fdc2afc2de9859cd.asm,Diskmon64.exe,plain,15,1
d350b89be8623f169bea3665842a081c6cd197713faf786e339bb0fb64003b77,good_train,everyday,0,x86,100010,100000,goodware_balanced/everyday/d350b89be8623f169bea3665842a081c6cd197713faf786e339bb0fb64003b77.asm,Effects.dll,plain,8,1
7fa6bd73d7ba4dcb77c269140a1dcb41c60dd37aaae646e56f9a8e29f94245f2,good_train,everyday,0,x64,100041,100000,goodware_balanced/everyday/7fa6bd73d7ba4dcb77c269140a1dcb41c60dd37aaae646e56f9a8e29f94245f2.asm,Effects_7fa6bd73.dll,plain,39,1
dbb0040cd73c83aac965319eaafe81a962154668eb2e7773d79a6a8040b446b0,good_train,everyday,0,x86,2405,2404,goodware_balanced/everyday/dbb0040cd73c83aac965319eaafe81a962154668eb2e7773d79a6a8040b446b0.asm,EnVar.dll,plain,0,0
c0948b2ec36a69f82c08935fac4b212238b6792694f009b93b4bdb478c4f26e3,good_train,everyday,0,x86,867,865,goodware_balanced/everyday/c0948b2ec36a69f82c08935fac4b212238b6792694f009b93b4bdb478c4f26e3.asm,FindProcDLL.dll,plain,1,0
ec31d757dd82831d201ffcf47ffeac4175df739e0c02d5122e89aeeadfb988cc,good_train,everyday,0,x86,100308,100000,goodware_balanced/everyday/ec31d757dd82831d201ffcf47ffeac4175df739e0c02d5122e89aeeadfb988cc.asm,GIMP_3.2.4.0_User_X64_inno_en-US.exe,plain,306,1
50155027edb4c0e4abcd4c8265b6cb0f55c09b2ceb80b917264b218cc06b1390,good_train,everyday,0,x64,100053,100000,goodware_balanced/everyday/50155027edb4c0e4abcd4c8265b6cb0f55c09b2ceb80b917264b218cc06b1390.asm,GUP.exe,plain,51,1
852833f138f403a36508be7ef2c23d35ea495a1af538431a325e7e70c8559924,good_train,everyday,0,x86,1738,1737,goodware_balanced/everyday/852833f138f403a36508be7ef2c23d35ea495a1af538431a325e7e70c8559924.asm,GitExtSshAskPass.exe,plain,0,0
db5095a244a93b051fad18dc12269b8161a9e319a3d3d638d2b6326fa0d6ecd2,good_train,everyday,0,x64,27414,27413,goodware_balanced/everyday/db5095a244a93b051fad18dc12269b8161a9e319a3d3d638d2b6326fa0d6ecd2.asm,GitExtensions.exe,plain,0,0
ed15d49c2d32321d8a05c98acc1862536b854f57c0470382fe8a78f06b606f10,good_train,everyday,0,x86,100004,100000,goodware_balanced/everyday/ed15d49c2d32321d8a05c98acc1862536b854f57c0470382fe8a78f06b606f10.asm,GitExtensionsShellEx32.dll,plain,2,1
f3acd1286c88599201f07df8d6caf7f20aa7fe8623a0f852bf19f273c44473d5,good_train,everyday,0,x64,100005,100000,goodware_balanced/everyday/f3acd1286c88599201f07df8d6caf7f20aa7fe8623a0f852bf19f273c44473d5.asm,GitExtensionsShellEx64.dll,plain,3,1
958aac5115c00a7e2fe560c1296d5d49d51c62e80b36f660d2b4ebb46a153179,good_train,everyday,0,x64,100002,100000,goodware_balanced/everyday/958aac5115c00a7e2fe560c1296d5d49d51c62e80b36f660d2b4ebb46a153179.asm,Godot_v3.6.3-stable_win64.exe,plain,0,1
9bb4971e729a2ad1612e8aa2fa490b69c33af7f42515f9b642c7d0f80f8c0fd3,good_train,everyday,0,x86,100350,100000,goodware_balanced/everyday/9bb4971e729a2ad1612e8aa2fa490b69c33af7f42515f9b642c7d0f80f8c0fd3.asm,Greenshot_1.3.315_User_X86_inno_en-US.exe,plain,348,1
ed04a4823f221e9197b8f3c3da1d6859ff5b176185bde2f1c923a442516c810a,good_train,everyday,0,x86,4104,4103,goodware_balanced/everyday/ed04a4823f221e9197b8f3c3da1d6859ff5b176185bde2f1c923a442516c810a.asm,INetC.dll,plain,0,0
b45154a2eced1a04980978862fa2ca69c147c1fa3ec5d0c242c05e49635c8509,good_train,everyday,0,x86,7876,7868,goodware_balanced/everyday/b45154a2eced1a04980978862fa2ca69c147c1fa3ec5d0c242c05e49635c8509.asm,Icons.dll,plain,7,0
dd0d1a8c4511261333e90a94d9912000592c46731b615aa7a37cd2b3eb6a8d58,good_train,everyday,0,x86,2279,2278,goodware_balanced/everyday/dd0d1a8c4511261333e90a94d9912000592c46731b615aa7a37cd2b3eb6a8d58.asm,InstallOptions.dll,plain,0,0
da71c950bb1f44d090f6a5fd12434c3785aca94d7fc8cf7f6cbbd2de7ea531c7,good_train,everyday,0,x86,100003,100000,goodware_balanced/everyday/da71c950bb1f44d090f6a5fd12434c3785aca94d7fc8cf7f6cbbd2de7ea531c7.asm,Installer.exe,plain,1,1
6b7e36c089194347be1bea5fea08dc97316f2181e40427e7e2867ad7ba3906a0,good_train,everyday,0,x64,81778,81748,goodware_balanced/everyday/6b7e36c089194347be1bea5fea08dc97316f2181e40427e7e2867ad7ba3906a0.asm,IrfanView_4.75_Machine_X64_exe_en-US.exe,plain,29,0
09c3d09c9ba126cc8f1831b93f1de3ed11907788597822483d2eb7f7f01064ca,good_train,everyday,0,x64,76369,76348,goodware_balanced/everyday/09c3d09c9ba126cc8f1831b93f1de3ed11907788597822483d2eb7f7f01064ca.asm,Jpg_transform.dll,plain,20,0
760df89c2341f9c39c0250c283cb9caad185244fd6b76e8157cdf49928dc1d8e,good_train,everyday,0,x86,503,502,goodware_balanced/everyday/760df89c2341f9c39c0250c283cb9caad185244fd6b76e8157cdf49928dc1d8e.asm,LangDLL.dll,plain,0,0
4cf25411f28f639f72156c24b0f66ea42f5aee5973f6c137d901da6ae42d5b7e,good_train,everyday,0,x86,503,502,goodware_balanced/everyday/4cf25411f28f639f72156c24b0f66ea42f5aee5973f6c137d901da6ae42d5b7e.asm,LangDLL_4cf25411.dll,plain,0,0
c91b3183a37572b96ed1b0303b6b9fd955ff5275f49cd5cca99028dff1f89cf1,good_train,everyday,0,x64,100002,100000,goodware_balanced/everyday/c91b3183a37572b96ed1b0303b6b9fd955ff5275f49cd5cca99028dff1f89cf1.asm,LanguageToollo.dll,plain,0,1
b0f6800b2bb4c86e091120e9087c75f9b1b3e46b89cf65744d65cf5ab01fd385,good_train,everyday,0,x86,38973,38968,goodware_balanced/everyday/b0f6800b2bb4c86e091120e9087c75f9b1b3e46b89cf65744d65cf5ab01fd385.asm,Listdlls.exe,plain,4,0
29d23bc492e48a5ae68444302d3430e07d08e04278d53aa70d9367d9cf8bceb7,good_train,everyday,0,x64,31830,31823,goodware_balanced/everyday/29d23bc492e48a5ae68444302d3430e07d08e04278d53aa70d9367d9cf8bceb7.asm,Listdlls64.exe,plain,6,0
6d260ed82396f6ea290e61c9f67ebaf0af0f3a8015d35dc878ce41bdf13ff798,good_train,everyday,0,x64,97619,97611,goodware_balanced/everyday/6d260ed82396f6ea290e61c9f67ebaf0af0f3a8015d35dc878ce41bdf13ff798.asm,LoadOrd64.exe,plain,7,0
cbc62eb9c44a0efe2dd9af04230c6345da66dcc120dafa707d93ad3ca21540e7,good_train,everyday,0,x64,87405,87284,goodware_balanced/everyday/cbc62eb9c44a0efe2dd9af04230c6345da66dcc120dafa707d93ad3ca21540e7.asm,Metadata.dll,plain,120,0
33de99eeda0f06f4b4ad43a1fd23977343e1358f5dbb4b0d5e1b84850dc18afc,good_train,everyday,0,x86,100003,100000,goodware_balanced/everyday/33de99eeda0f06f4b4ad43a1fd23977343e1358f5dbb4b0d5e1b84850dc18afc.asm,Microsoft .NET Runtime 10.0_10.0.11_Machine_X64_burn_en-US.exe,plain,1,1
4bee05aa0637468a19cd82490858fc69e93fce8d22c0aeb272a76b71f0dc93e9,good_train,everyday,0,x86,100002,100000,goodware_balanced/everyday/4bee05aa0637468a19cd82490858fc69e93fce8d22c0aeb272a76b71f0dc93e9.asm,Microsoft .NET Windows Desktop Runtime 9.0_9.0.19_Machine_X64_burn_en-US.exe,plain,0,1
843068991daaa1f73ad9f6239bce4d0f6a07a51f18c37ea2a867e9beca71295c,good_train,everyday,0,x86,100003,100000,goodware_balanced/everyday/843068991daaa1f73ad9f6239bce4d0f6a07a51f18c37ea2a867e9beca71295c.asm,Microsoft Visual C++ v14 Redistributable (x64)_14.51.36247.0_Machine_X64_burn_en-US.exe,plain,1,1
66673ce2a6bf711d01b3c2efbcd3d727a2d6db4dd5ccb916927a2df751ed1608,good_train,everyday,0,x64,35906,35883,goodware_balanced/everyday/66673ce2a6bf711d01b3c2efbcd3d727a2d6db4dd5ccb916927a2df751ed1608.asm,NppConverter.dll,plain,22,0
d51167f7c1144e0b9313b16d649de4f3af49c01041f5edae15df40bffd0e79a5,good_train,everyday,0,x64,24724,24720,goodware_balanced/everyday/d51167f7c1144e0b9313b16d649de4f3af49c01041f5edae15df40bffd0e79a5.asm,NppExport.dll,plain,3,0
db9fb5f352b1feb6a269986cb916aa4e7899e7e050ab68ea2deb6a5b3d4a9dc7,good_train,everyday,0,x64,65728,65723,goodware_balanced/everyday/db9fb5f352b1feb6a269986cb916aa4e7899e7e050ab68ea2deb6a5b3d4a9dc7.asm,NppShell.dll,plain,4,0
1d84aa191fbbd842d5eeed302195579de1256a9acb980308bf31a631ac01e530,good_train,everyday,0,x86,100004,100000,goodware_balanced/everyday/1d84aa191fbbd842d5eeed302195579de1256a9acb980308bf31a631ac01e530.asm,OBSInstallerUtils.dll,plain,2,1
f233dc24896b3f2d5f9e4b01111181a561d0760b2105f0a474024c5f3143a9bc,good_train,everyday,0,x86,8648,8647,goodware_balanced/everyday/f233dc24896b3f2d5f9e4b01111181a561d0760b2105f0a474024c5f3143a9bc.asm,Obsidian-1.13.7.exe,plain,0,0
484be0aafa5ae3d5759427594e405fb70beb7c78dc8e576bcc70067c30d619cc,good_train,everyday,0,x64,27414,27413,goodware_balanced/everyday/484be0aafa5ae3d5759427594e405fb70beb7c78dc8e576bcc70067c30d619cc.asm,PackageManager.UI.exe,plain,0,0
b4a0a7c30de391e68ff85ef67dc37de3eebce3621587996d9bd4202d4ca992ef,good_train,everyday,0,x64,100018,100000,goodware_balanced/everyday/b4a0a7c30de391e68ff85ef67dc37de3eebce3621587996d9bd4202d4ca992ef.asm,Paint.dll,plain,16,1
d56fa7130fa68afe553068c15a59a6b24c8dbcc9a0989a43ef0fc5a373230de3,good_train,everyday,0,x64,100002,100000,goodware_balanced/everyday/d56fa7130fa68afe553068c15a59a6b24c8dbcc9a0989a43ef0fc5a373230de3.asm,PowerToysUserSetup-0.101.2362.0-x64.exe,plain,0,1
edfae1a69522f87b12c6dac3225d930e4848832e3c551ee1e7d31736bf4525ef,good_train,everyday,0,x64,81644,81605,goodware_balanced/everyday/edfae1a69522f87b12c6dac3225d930e4848832e3c551ee1e7d31736bf4525ef.asm,PsExec64.exe,plain,38,0
a48ac157609888471bf8578fb8b2aef6b0068f7e0742fccf2e0e288b0b2cfdfb,good_train,everyday,0,x86,54471,54469,goodware_balanced/everyday/a48ac157609888471bf8578fb8b2aef6b0068f7e0742fccf2e0e288b0b2cfdfb.asm,PsGetsid.exe,plain,1,0
201d8e77ccc2575d910d47042a986480b1da28cf0033e7ee726ad9d45ccf4daa,good_train,everyday,0,x64,52396,52386,goodware_balanced/everyday/201d8e77ccc2575d910d47042a986480b1da28cf0033e7ee726ad9d45ccf4daa.asm,PsGetsid64.exe,plain,9,0
52107346540fbe5486ffa10671bff95f5dcdb4bcc191c6d631b2d7e373a4413f,good_train,everyday,0,x64,48899,48878,goodware_balanced/everyday/52107346540fbe5486ffa10671bff95f5dcdb4bcc191c6d631b2d7e373a4413f.asm,PsHost.dll,plain,20,0
951b1b5fd5cb13cde159cebc7c60465587e2061363d1d8847ab78b6c4fba7501,good_train,everyday,0,x86,55593,55591,goodware_balanced/everyday/951b1b5fd5cb13cde159cebc7c60465587e2061363d1d8847ab78b6c4fba7501.asm,PsInfo.exe,plain,1,0
d689cb1dbd2e4c06cd15e51a6871c406c595790ddcdcd7dc8d0401c7183720ef,good_train,everyday,0,x86,26102,26099,goodware_balanced/everyday/d689cb1dbd2e4c06cd15e51a6871c406c595790ddcdcd7dc8d0401c7183720ef.asm,PsLoggedon.exe,plain,2,0
554f523914cdbaed8b17527170502199c185bd69a41c81102c50dbb0e5e5a78d,good_train,everyday,0,x64,48190,48188,goodware_balanced/everyday/554f523914cdbaed8b17527170502199c185bd69a41c81102c50dbb0e5e5a78d.asm,PsService64.exe,plain,1,0
edec09c4853aeae9ac36efb8c9f95b6b8e2fee65eee56d9767a8b7c69c574403,good_train,everyday,0,x86,100003,100000,goodware_balanced/everyday/edec09c4853aeae9ac36efb8c9f95b6b8e2fee65eee56d9767a8b7c69c574403.asm,Python 3.13_3.13.15_User_X64_burn_en-US.exe,plain,1,1
e03dad3283a8ed8d12a1cd60186872e08ebd11abc61de9d5240377269707e67c,good_train,everyday,0,x64,3837,3836,goodware_balanced/everyday/e03dad3283a8ed8d12a1cd60186872e08ebd11abc61de9d5240377269707e67c.asm,Qt5Concurrent.dll,plain,0,0
18b4b89e944276a2be7e3f8463bdafbe3d4ef9739144f546734e7028acad2988,good_train,everyday,0,x64,100012,100000,goodware_balanced/everyday/18b4b89e944276a2be7e3f8463bdafbe3d4ef9739144f546734e7028acad2988.asm,Qt5Core.dll,plain,10,1
186813ea8f857ca79422a02c79924cc27fe61d5f63f29d1902bf26f02eba487f,good_train,everyday,0,x64,100002,100000,goodware_balanced/everyday/186813ea8f857ca79422a02c79924cc27fe61d5f63f29d1902bf26f02eba487f.asm,Qt5Gui.dll,plain,0,1
0c98f92cfb0cbf575dbfcd2e1830ae663dfe99ca7be3ec11a90e3873c02564f7,good_train,everyday,0,x64,43509,43508,goodware_balanced/everyday/0c98f92cfb0cbf575dbfcd2e1830ae663dfe99ca7be3ec11a90e3873c02564f7.asm,Qt5PrintSupport.dll,plain,0,0
71c5829b83ef3afa5a1b515163fde317cb16dbb68c00aa0b118bd59bdc315bc3,good_train,everyday,0,x64,32939,32938,goodware_balanced/everyday/71c5829b83ef3afa5a1b515163fde317cb16dbb68c00aa0b118bd59bdc315bc3.asm,Qt5QuickShapes.dll,plain,0,0
bf5c1d5c3a84ca1008353fe6e5c3e45b62f1324ed79c956e56ae2f1a6121b9e4,good_train,everyday,0,x64,50940,50923,goodware_balanced/everyday/bf5c1d5c3a84ca1008353fe6e5c3e45b62f1324ed79c956e56ae2f1a6121b9e4.asm,Qt5Svg.dll,plain,16,0
3214ec65fe230e39473f7208f2d4efdee74485339280e4537ab4a4783e930e92,good_train,everyday,0,x64,3015,3014,goodware_balanced/everyday/3214ec65fe230e39473f7208f2d4efdee74485339280e4537ab4a4783e930e92.asm,Qt6Concurrent.dll,plain,0,0
be0fdb6528bae3aafda7ab4ce78a26d853e1ddfd155e0a89bb5ab1a0b37a7d69,good_train,everyday,0,x64,100058,100000,goodware_balanced/everyday/be0fdb6528bae3aafda7ab4ce78a26d853e1ddfd155e0a89bb5ab1a0b37a7d69.asm,Qt6Gui.dll,plain,56,1
64984fb18253088c6ad8219f640a2dbd6e58a15cd43f74780d824b2ad64da7c0,good_train,everyday,0,x64,6566,6563,goodware_balanced/everyday/64984fb18253088c6ad8219f640a2dbd6e58a15cd43f74780d824b2ad64da7c0.asm,Qt6LabsWavefrontMesh.dll,plain,2,0
ea147b27f6d6a64c54d9d9229e77cf6b4399601ce49ed698b4a3033ffc7f081d,good_train,everyday,0,x64,100010,100000,goodware_balanced/everyday/ea147b27f6d6a64c54d9d9229e77cf6b4399601ce49ed698b4a3033ffc7f081d.asm,Qt6Network.dll,plain,8,1
170f4f516d2aaa5de3d533966d8191c3939aff3515011d5318779662e1fb144e,good_train,everyday,0,x64,7928,7925,goodware_balanced/everyday/170f4f516d2aaa5de3d533966d8191c3939aff3515011d5318779662e1fb144e.asm,Qt6QmlWorkerScript.dll,plain,2,0
b52149deb05c1494eb31a399f5a49065afac967af2fb515d24c63850a735cda9,good_train,everyday,0,x64,100015,100000,goodware_balanced/everyday/b52149deb05c1494eb31a399f5a49065afac967af2fb515d24c63850a735cda9.asm,Qt6QuickControls2Basic.dll,plain,13,1
496a779a1802c0225e8da83f10d83c5269e16615ed4d2cae24f6563575f3ba5b,good_train,everyday,0,x64,19587,19580,goodware_balanced/everyday/496a779a1802c0225e8da83f10d83c5269e16615ed4d2cae24f6563575f3ba5b.asm,Qt6QuickDialogs2.dll,plain,6,0
868b46ba50ee031b42214da5b967cf60dee4758f1282e2f3add9941b177289c3,good_train,everyday,0,x64,4858,4857,goodware_balanced/everyday/868b46ba50ee031b42214da5b967cf60dee4758f1282e2f3add9941b177289c3.asm,Qt6QuickDialogs2Utils.dll,plain,0,0
f4318b06bacb82b4ddcbf0707de81d2b8856097cfad624124f1aeec1845839a6,good_train,everyday,0,x64,11865,11861,goodware_balanced/everyday/f4318b06bacb82b4ddcbf0707de81d2b8856097cfad624124f1aeec1845839a6.asm,Qt6QuickWidgets.dll,plain,3,0
e74fce7b487227e8d8cfb6efed3638158e900881f9fcb6076ed7d1e27d1a64b7,good_train,everyday,0,x64,100030,100000,goodware_balanced/everyday/e74fce7b487227e8d8cfb6efed3638158e900881f9fcb6076ed7d1e27d1a64b7.asm,Qt6Svg.dll,plain,28,1
dd1aaf87878b234e18dbed4d5e7d6334d1a152739cd9f81cf37ceab08c396147,good_train,everyday,0,x64,89847,89817,goodware_balanced/everyday/dd1aaf87878b234e18dbed4d5e7d6334d1a152739cd9f81cf37ceab08c396147.asm,Qt6Svg_dd1aaf87.dll,plain,29,0
c611eff38f59d54b2e69a970df586f2d939912261ccde86552f7b1b387f4c17e,good_train,everyday,0,x64,100011,100000,goodware_balanced/everyday/c611eff38f59d54b2e69a970df586f2d939912261ccde86552f7b1b387f4c17e.asm,Qt6UiTools.dll,plain,9,1
ff6273a7ed3e7942a2219db89a52d25e249324fe45a665a7bf6116fbe3b8940b,good_train,everyday,0,x64,29598,29593,goodware_balanced/everyday/ff6273a7ed3e7942a2219db89a52d25e249324fe45a665a7bf6116fbe3b8940b.asm,Qt6WebSockets.dll,plain,4,0
ed2944f3ec41f7039de2f0b64de6c532b0456d448e5b824df52182d6bc6b4dc5,good_train,everyday,0,x64,100053,100000,goodware_balanced/everyday/ed2944f3ec41f7039de2f0b64de6c532b0456d448e5b824df52182d6bc6b4dc5.asm,Qt6Widgets.dll,plain,51,1
d77d9a8704a77e1b116058a8429435dc12fe5ed8a6b551f17df891bbf698174c,good_train,everyday,0,x64,24343,24335,goodware_balanced/everyday/d77d9a8704a77e1b116058a8429435dc12fe5ed8a6b551f17df891bbf698174c.asm,Qt6Xml.dll,plain,7,0
321e306ceae9fbf904704d90fb7121c12c93b4321d48198d27d0aafa1d550752,good_train,everyday,0,x64,23792,23787,goodware_balanced/everyday/321e306ceae9fbf904704d90fb7121c12c93b4321d48198d27d0aafa1d550752.asm,Qt6Xml_321e306c.dll,plain,4,0
c5424c40cd70ef85765a55d2ff96bb602b5f30ed536938ff004f14db5db3c2df,good_train,everyday,0,x86,100350,100000,goodware_balanced/everyday/c5424c40cd70ef85765a55d2ff96bb602b5f30ed536938ff004f14db5db3c2df.asm,R for Windows_4.6.1_Machine_X64_inno_en-US.exe,plain,348,1
e970913798481432cd590991577089e68510b861dc669dcab24feb06aae0df52,good_train,everyday,0,x64,67359,67356,goodware_balanced/everyday/e970913798481432cd590991577089e68510b861dc669dcab24feb06aae0df52.asm,RAMMap64.exe,plain,2,0
8d94f8d6904ae4afc282599155aeba84d29163c00aa36bbe6c314bef4a40e27b,good_train,everyday,0,x64,100007,100000,goodware_balanced/everyday/8d94f8d6904ae4afc282599155aeba84d29163c00aa36bbe6c314bef4a40e27b.asm,RDCMan.exe,plain,5,1
e39da31d87c447cfa9c5b1251df92ff418f9e873997e76ccab1ccca72c9d65d9,good_train,everyday,0,x86,95374,95370,goodware_balanced/everyday/e39da31d87c447cfa9c5b1251df92ff418f9e873997e76ccab1ccca72c9d65d9.asm,RegDelNull.exe,plain,3,0
22518dcdbb297a4c9173f924a15c79b920e645a78312d7aeb5fb0a4660a79ae7,good_train,everyday,0,x64,59679,59658,goodware_balanced/everyday/22518dcdbb297a4c9173f924a15c79b920e645a78312d7aeb5fb0a4660a79ae7.asm,RegionCapture.dll,plain,20,0
30a3172fa3c8d8f998a3d21180ce0fac7761c74e78b701577fe028902b014d1b,good_train,everyday,0,x86,100308,100000,goodware_balanced/everyday/30a3172fa3c8d8f998a3d21180ce0fac7761c74e78b701577fe028902b014d1b.asm,ShareX-19.0.2-setup.exe,plain,306,1
312c12c41461be3a6da003f75ae6d1c4c688d7f2a9ecbe85843f252f0cafc022,good_train,everyday,0,x86,8648,8647,goodware_balanced/everyday/312c12c41461be3a6da003f75ae6d1c4c688d7f2a9ecbe85843f252f0cafc022.asm,Signal_8.25.0_User_X64_nullsoft_en-US.exe,plain,0,0
a885b0631778db061573aa4e5534b20e920d85ea181aa0fdec67519a512e63b1,good_train,everyday,0,x86,41396,41388,goodware_balanced/everyday/a885b0631778db061573aa4e5534b20e920d85ea181aa0fdec67519a512e63b1.asm,Slack_4.51.191_User_X64_exe_en-US.exe,plain,7,0
90ed0bed4c4ad50d2ad75e96f3cf4c6613c0f8fac8f99778faff4ce72be970d6,good_train,everyday,0,x64,90608,90566,goodware_balanced/everyday/90ed0bed4c4ad50d2ad75e96f3cf4c6613c0f8fac8f99778faff4ce72be970d6.asm,Slideshow.exe,plain,41,0
0a0d2bdb83eccb87efe7de458da0effed393e290e84040cdef15feb7c3574d17,good_train,everyday,0,x86,1806,1805,goodware_balanced/everyday/0a0d2bdb83eccb87efe7de458da0effed393e290e84040cdef15feb7c3574d17.asm,SpiderBanner.dll,plain,0,0
d4d0a8d2172dd10c98c82459384760498e82616b289febe70a8bfa6e1958ec8c,good_train,everyday,0,x64,100002,100000,goodware_balanced/everyday/d4d0a8d2172dd10c98c82459384760498e82616b289febe70a8bfa6e1958ec8c.asm,SpotifySetup.exe,plain,0,1
40bacf4d323ec800803add519c00075998da102b1fb41340dfe0429707ea1e9c,good_train,everyday,0,x86,807,806,goodware_balanced/everyday/40bacf4d323ec800803add519c00075998da102b1fb41340dfe0429707ea1e9c.asm,StartMenu.dll,plain,0,0
c602c44a4d4088dbf5a659f36ba1c3a9d81f8367577de0cb940c0b8afee5c376,good_train,everyday,0,x86,27001,27000,goodware_balanced/everyday/c602c44a4d4088dbf5a659f36ba1c3a9d81f8367577de0cb940c0b8afee5c376.asm,StdUtils.dll,plain,0,0
28021209b8ed11bfbc21d7f7cc81044564f9d0e549009870dce0b968b369ca6f,good_train,everyday,0,x86,26734,26732,goodware_balanced/everyday/28021209b8ed11bfbc21d7f7cc81044564f9d0e549009870dce0b968b369ca6f.asm,StdUtils_28021209.dll,plain,1,0
b72e9013a6204e9f01076dc38dabbf30870d44dfc66962adbf73619d4331601e,good_train,everyday,0,x86,26734,26732,goodware_balanced/everyday/b72e9013a6204e9f01076dc38dabbf30870d44dfc66962adbf73619d4331601e.asm,StdUtils_b72e9013.dll,plain,1,0
12222b0908eb69581985f7e04aa6240e928fb08aa5a3ec36acae3440633c9eb1,good_train,everyday,0,x86,101771,100000,goodware_balanced/everyday/12222b0908eb69581985f7e04aa6240e928fb08aa5a3ec36acae3440633c9eb1.asm,Steam.exe,plain,1769,1
ce177dc8cf42513ff819c7b8597c7be290f9e98632a34ecd868dc76003421f0d,good_train,everyday,0,x86,101779,100000,goodware_balanced/everyday/ce177dc8cf42513ff819c7b8597c7be290f9e98632a34ecd868dc76003421f0d.asm,SteamService.exe,plain,1777,1
7d3654531c32d941b8cae81c4137fc542172bfa9635f169cb392f245a0a12bcb,good_train,everyday,0,x86,8138,8136,goodware_balanced/everyday/7d3654531c32d941b8cae81c4137fc542172bfa9635f169cb392f245a0a12bcb.asm,SteamSetup.exe,plain,1,0
cda1d07081c94781e388f6c607da5b85a3215a366ae545473ce92a7d38135045,good_train,everyday,0,x86,100350,100000,goodware_balanced/everyday/cda1d07081c94781e388f6c607da5b85a3215a366ae545473ce92a7d38135045.asm,Stellarium_26.2_User_X64_inno_en-US.exe,plain,348,1
1f3553e3eac3ff99ab01b01f3285ae2353c14c666557d46b17191ba3a4872e90,good_train,everyday,0,x86,36133,36128,goodware_balanced/everyday/1f3553e3eac3ff99ab01b01f3285ae2353c14c666557d46b17191ba3a4872e90.asm,Stub_Plugin.exe,plain,4,0
3d3c70e51aef08f85d7160bcc70793bed9acec250973090ab67d98987bce7c7e,good_train,everyday,0,x86,24491,24393,goodware_balanced/everyday/3d3c70e51aef08f85d7160bcc70793bed9acec250973090ab67d98987bce7c7e.asm,Sublime Text 4_4.0.0.420000_Machine_X64_inno_en-US.exe,plain,96,0
1eee71cccd2ea6e94d5bcea54ee2f759844da3e1a0ee2f6045035b1d17b94381,good_train,everyday,0,x64,100004,100000,goodware_balanced/everyday/1eee71cccd2ea6e94d5bcea54ee2f759844da3e1a0ee2f6045035b1d17b94381.asm,SumatraPDF_3.6.1_User_X64_exe_en-US.exe,plain,2,1
996645d7f16a6294babb6da83478062aed7b72318d7a51b66e90ab5d3edc51a5,good_train,everyday,0,x86,2988,2986,goodware_balanced/everyday/996645d7f16a6294babb6da83478062aed7b72318d7a51b66e90ab5d3edc51a5.asm,System.dll,plain,1,0
3eb38ae99653a7dbc724132ee240f6e5c4af4bfe7c01d31d23faf373f9f2eaca,good_train,everyday,0,x86,2974,2972,goodware_balanced/everyday/3eb38ae99653a7dbc724132ee240f6e5c4af4bfe7c01d31d23faf373f9f2eaca.asm,System_3eb38ae9.dll,plain,1,0
8134e46bc75c32a3ccebc3c50ea8cbc48074be696057376c25fa3c029bda9c24,good_train,everyday,0,x86,2974,2972,goodware_balanced/everyday/8134e46bc75c32a3ccebc3c50ea8cbc48074be696057376c25fa3c029bda9c24.asm,System_8134e46b.dll,plain,1,0
8b4c47c4cf5e76ec57dd5a050d5acd832a0d532ee875d7b44f6cdaf68f90d37c,good_train,everyday,0,x86,2988,2986,goodware_balanced/everyday/8b4c47c4cf5e76ec57dd5a050d5acd832a0d532ee875d7b44f6cdaf68f90d37c.asm,System_8b4c47c4.dll,plain,1,0
fa367ae36bfbe7c989c24c7abbb13482fc20bc35e7812dc377aa1c281ee14cc0,good_train,everyday,0,x86,2766,2765,goodware_balanced/everyday/fa367ae36bfbe7c989c24c7abbb13482fc20bc35e7812dc377aa1c281ee14cc0.asm,System_fa367ae3.dll,plain,0,0
b2ab1ec1b7b1615fd8deb4289dfc7dc0fc51468a9aaba94d3de771bb22d1316a,good_train,everyday,0,x64,100017,100000,goodware_balanced/everyday/b2ab1ec1b7b1615fd8deb4289dfc7dc0fc51468a9aaba94d3de771bb22d1316a.asm,TKBO.dll,plain,15,1
356a169066c536ba9df3645b42c01c0aa624c36dd71c64363e90acd25fb613d2,good_train,everyday,0,x64,15414,15413,goodware_balanced/everyday/356a169066c536ba9df3645b42c01c0aa624c36dd71c64363e90acd25fb613d2.asm,TKBinXCAF.dll,plain,0,0
24551b614e40eb5d0e2b6e50f6f717148d3bd68842fac654406fa7b2d09f9ac1,good_train,everyday,0,x64,13945,13944,goodware_balanced/everyday/24551b614e40eb5d0e2b6e50f6f717148d3bd68842fac654406fa7b2d09f9ac1.asm,TKDECascade.dll,plain,0,0
5e7016c28a8d6410be55e79f8201a6a31683d41b6292cf20744640090d824291,good_train,everyday,0,x64,18806,18805,goodware_balanced/everyday/5e7016c28a8d6410be55e79f8201a6a31683d41b6292cf20744640090d824291.asm,TKDESTL.dll,plain,0,0
9e028a874e05dc66550767af5eccfbda4b3169128aba56f598d5b8dcb352570c,good_train,everyday,0,x64,17489,17488,goodware_balanced/everyday/9e028a874e05dc66550767af5eccfbda4b3169128aba56f598d5b8dcb352570c.asm,TKDESTL_9e028a87.dll,plain,0,0
696acdbfa6d75530d59012ae2cbba999983a969d2dff4a65e0e04efcaa1b1c2a,good_train,everyday,0,x64,31225,31224,goodware_balanced/everyday/696acdbfa6d75530d59012ae2cbba999983a969d2dff4a65e0e04efcaa1b1c2a.asm,TKExpress.dll,plain,0,0
02911a45769295890ae87b36dfe4ea36ab8f6cc6dbb5d558b89eeb6b1a0bfe52,good_train,everyday,0,x64,44707,44701,goodware_balanced/everyday/02911a45769295890ae87b36dfe4ea36ab8f6cc6dbb5d558b89eeb6b1a0bfe52.asm,TKG2d.dll,plain,5,0
3240070569767f87560f6308494f1fa547ba58dc29e3d9d6c3d7501bee23f1be,good_train,everyday,0,x64,100012,100000,goodware_balanced/everyday/3240070569767f87560f6308494f1fa547ba58dc29e3d9d6c3d7501bee23f1be.asm,TKGeomBase.dll,plain,10,1
9ece85bbc1557b9ecad201f22afc5cebb14fc485a90cd6454fa5231334cc8f74,good_train,everyday,0,x64,100006,100000,goodware_balanced/everyday/9ece85bbc1557b9ecad201f22afc5cebb14fc485a90cd6454fa5231334cc8f74.asm,TKHLR.dll,plain,4,1
4f816165a098c1a73c4cf5c4621943fb5b698b61e56043b20ea38146b2b28e30,good_train,everyday,0,x64,100003,100000,goodware_balanced/everyday/4f816165a098c1a73c4cf5c4621943fb5b698b61e56043b20ea38146b2b28e30.asm,TKMath.dll,plain,1,1
a6f4632378a58ccf20b81be1530e709eb0e527d7954c3388379cc91362255ba0,good_train,everyday,0,x64,100002,100000,goodware_balanced/everyday/a6f4632378a58ccf20b81be1530e709eb0e527d7954c3388379cc91362255ba0.asm,TKOffset.dll,plain,0,1
2ec38f64a03a2f44526f225a69c1a56547f895003df68a78afc5436d16e23dc4,good_train,everyday,0,x64,23992,23990,goodware_balanced/everyday/2ec38f64a03a2f44526f225a69c1a56547f895003df68a78afc5436d16e23dc4.asm,TKRWMesh.dll,plain,1,0
3f5015cbb6ea512c522a71f94bd59a30941b79f0adda2252875488b44c34c16d,good_train,everyday,0,x64,26365,26363,goodware_balanced/everyday/3f5015cbb6ea512c522a71f94bd59a30941b79f0adda2252875488b44c34c16d.asm,TKStdL.dll,plain,1,0
0201743b99e124095f55925d9acf37f738ef8051688d3eb15845b2d22760b13d,good_train,everyday,0,x64,33495,33492,goodware_balanced/everyday/0201743b99e124095f55925d9acf37f738ef8051688d3eb15845b2d22760b13d.asm,TKTObj.dll,plain,2,0
ffdf8d2413b08f4f9a812eeb0c7bdd61c2276a3d852930bec4346a424fc95fea,good_train,everyday,0,x64,34395,34392,goodware_balanced/everyday/ffdf8d2413b08f4f9a812eeb0c7bdd61c2276a3d852930bec4346a424fc95fea.asm,TKTObj_ffdf8d24.dll,plain,2,0
44d2f7aa099f31cabe027cb7c21d5e9ca7d3ee0926064db87711cf8dfcbc5c62,good_train,everyday,0,x64,100006,100000,goodware_balanced/everyday/44d2f7aa099f31cabe027cb7c21d5e9ca7d3ee0926064db87711cf8dfcbc5c62.asm,TKTopAlgo.dll,plain,4,1
939e96491916917bf44aa4a53b969940aba551977c25363d32bcf8b2ead3cf40,good_train,everyday,0,x64,100007,100000,goodware_balanced/everyday/939e96491916917bf44aa4a53b969940aba551977c25363d32bcf8b2ead3cf40.asm,TKTopAlgo_939e9649.dll,plain,5,1
6f7cc1a6170b2740710dd08376eefb1c09a33de340e009da892d803087290658,good_train,everyday,0,x64,100010,100000,goodware_balanced/everyday/6f7cc1a6170b2740710dd08376eefb1c09a33de340e009da892d803087290658.asm,TKV3d.dll,plain,8,1
bce5a9cad6e32325640d26d5de1622005fa4ca919ce9bbf0e623c8f86df5eda2,good_train,everyday,0,x64,100002,100000,goodware_balanced/everyday/bce5a9cad6e32325640d26d5de1622005fa4ca919ce9bbf0e623c8f86df5eda2.asm,TKXCAF.dll,plain,0,1
10a90b6610df1ef2593f8982214491a260007a8561dde58cd14d1214b055b5e5,good_train,everyday,0,x64,21624,21623,goodware_balanced/everyday/10a90b6610df1ef2593f8982214491a260007a8561dde58cd14d1214b055b5e5.asm,TKXmlXCAF.dll,plain,0,0
6af1a06197d34d27c1ff9c1c4eba9eddaef1c380f0cc9f19e6f09aed0b130c7f,good_train,everyday,0,x64,100024,100000,goodware_balanced/everyday/6af1a06197d34d27c1ff9c1c4eba9eddaef1c380f0cc9f19e6f09aed0b130c7f.asm,TKernel.dll,plain,22,1
f1564b3c3eee87d62ef04ccf2c6b453020d3547faa2ccc5c9e2cef94fe659f2f,good_train,everyday,0,x64,39502,39496,goodware_balanced/everyday/f1564b3c3eee87d62ef04ccf2c6b453020d3547faa2ccc5c9e2cef94fe659f2f.asm,Testlimit64.exe,plain,5,0
1a3b98bf9cecfc32e810517c0ecbaa756fbab74c5ec5bd9cdb7a39d40f52ba45,good_train,everyday,0,x86,100308,100000,goodware_balanced/everyday/1a3b98bf9cecfc32e810517c0ecbaa756fbab74c5ec5bd9cdb7a39d40f52ba45.asm,Thonny_5.0.0_User_X64_inno_en-US.exe,plain,306,1
42943ab7129ee1fc42a572fecd59828ef014a55993786c0d9e4d381656c34cb4,good_train,everyday,0,x64,51774,51772,goodware_balanced/everyday/42943ab7129ee1fc42a572fecd59828ef014a55993786c0d9e4d381656c34cb4.asm,Tools.dll,plain,1,0
2f7f8fc05dc4fd0d5cda501b47e4433357e887bbfed7292c028d99c73b52dc08,good_train,everyday,0,x86,4102,4095,goodware_balanced/everyday/2f7f8fc05dc4fd0d5cda501b47e4433357e887bbfed7292c028d99c73b52dc08.asm,UAC.dll,plain,6,0
969d04a8f786750834ea01af8d409dc4199c5257702e9dc3c74d8afe7b328bb1,good_train,everyday,0,x64,77336,77331,goodware_balanced/everyday/969d04a8f786750834ea01af8d409dc4199c5257702e9dc3c74d8afe7b328bb1.asm,UAccCOM.dll,plain,4,0
cdad24fa1d83debbc1be96e2307c13d6fc32817b54c236a297036d4f80d043be,good_train,everyday,0,x86,8648,8647,goodware_balanced/everyday/cdad24fa1d83debbc1be96e2307c13d6fc32817b54c236a297036d4f80d043be.asm,Uninstall Bitwarden.exe,plain,0,0
2829c3fe6ab5ac9e31af6c2a6e8782d9f3d98701f5266509baeccf0bb7bd3dc2,good_train,everyday,0,x86,8648,8647,goodware_balanced/everyday/2829c3fe6ab5ac9e31af6c2a6e8782d9f3d98701f5266509baeccf0bb7bd3dc2.asm,Uninstall Obsidian.exe,plain,0,0
dfe56bd035e78d6fff89ea1980a322f0f91a159fce2fdcd3383f0283d5036d55,good_train,everyday,0,x86,8648,8647,goodware_balanced/everyday/dfe56bd035e78d6fff89ea1980a322f0f91a159fce2fdcd3383f0283d5036d55.asm,Uninstall Signal.exe,plain,0,0
d02c0ecf9f12b7de9c2bafa0685ba2ed6b38f6b00693fa10e0d704b8fddd4e65,good_train,everyday,0,x86,8648,8647,goodware_balanced/everyday/d02c0ecf9f12b7de9c2bafa0685ba2ed6b38f6b00693fa10e0d704b8fddd4e65.asm,Uninstall draw.io.exe,plain,0,0
0893c4d31c7d9c2106eea64f10d6b17a00b742727662a883c39990bcee6a7d15,good_train,everyday,0,x86,243,242,goodware_balanced/everyday/0893c4d31c7d9c2106eea64f10d6b17a00b742727662a883c39990bcee6a7d15.asm,UserInfo.dll,plain,0,0
e0dc3112796dbaa37f25ab54b7fac2fbf791cbc6e36a84fc61c6423b84a3677b,good_train,everyday,0,x86,243,242,goodware_balanced/everyday/e0dc3112796dbaa37f25ab54b7fac2fbf791cbc6e36a84fc61c6423b84a3677b.asm,UserInfo_e0dc3112.dll,plain,0,0
5f7a31ad031769dd2b9821e7ac6b07aac49de0d8b3e2df522c62cc5cb81645e8,good_train,everyday,0,x86,100366,100000,goodware_balanced/everyday/5f7a31ad031769dd2b9821e7ac6b07aac49de0d8b3e2df522c62cc5cb81645e8.asm,VSCodeUserSetup-x64-1.136.0.exe,plain,364,1
285675320a75869ed6918e96f5b6390167ccc1c6a947ff937dd4ca1c96b1b36f,good_train,everyday,0,x64,74916,74881,goodware_balanced/everyday/285675320a75869ed6918e96f5b6390167ccc1c6a947ff937dd4ca1c96b1b36f.asm,Video.dll,plain,34,0
c121acb390f5407a32f23504bf60b14b74af26f56329262a0a82d941dd0981c0,good_train,everyday,0,x64,47035,47026,goodware_balanced/everyday/c121acb390f5407a32f23504bf60b14b74af26f56329262a0a82d941dd0981c0.asm,VideoExport.dll,plain,8,0
fb0d02ea26bb1e5df5a07147931caf1ae3d7d1d9b4d83f168b678e7f3a1c0ecd,good_train,everyday,0,x64,22661,22659,goodware_balanced/everyday/fb0d02ea26bb1e5df5a07147931caf1ae3d7d1d9b4d83f168b678e7f3a1c0ecd.asm,Volumeid64.exe,plain,1,0
8427b1fc58ec707813e5c0a51eb5d69397bb333250a7b891be4d3b123f1e0f1c,good_train,everyday,0,x64,24737,24734,goodware_balanced/everyday/8427b1fc58ec707813e5c0a51eb5d69397bb333250a7b891be4d3b123f1e0f1c.asm,WebView2Loader.dll,plain,2,0
4488c493bafca6af4e7ae54ed39cb71479e65dc192c4d1a471647bf9cb9d6db0,good_train,everyday,0,x86,100366,100000,goodware_balanced/everyday/4488c493bafca6af4e7ae54ed39cb71479e65dc192c4d1a471647bf9cb9d6db0.asm,WinSCP_6.5.6_User_X86_inno_en-US.exe,plain,364,1
9be85b986ea66a6997dde658abe82b3147ed2a1a3dcb784bb5176f41d22815a6,good_train,everyday,0,x86,489,486,goodware_balanced/everyday/9be85b986ea66a6997dde658abe82b3147ed2a1a3dcb784bb5176f41d22815a6.asm,WinShell.dll,plain,2,0
9725d5d2dae0752528dfdec1ede27873c2fbb51ab33961dfa5b9b8b931be520d,good_train,everyday,0,x86,489,486,goodware_balanced/everyday/9725d5d2dae0752528dfdec1ede27873c2fbb51ab33961dfa5b9b8b931be520d.asm,WinShell_9725d5d2.dll,plain,2,0
4011748ddf472b7e856d909fdfb4e9b19c3d23fcd8121039ac91f99d5ffa65db,good_train,everyday,0,x64,42704,42703,goodware_balanced/everyday/4011748ddf472b7e856d909fdfb4e9b19c3d23fcd8121039ac91f99d5ffa65db.asm,Windows App Runtime 2.0_2.3.1_X64_exe_en-US.exe,plain,0,0
4faa680fc5dcc3a4c00fe56d7570a123044fcc1cf513289e33019ef879a659df,good_train,everyday,0,x86,24279,24195,goodware_balanced/everyday/4faa680fc5dcc3a4c00fe56d7570a123044fcc1cf513289e33019ef879a659df.asm,WizTree_4.32_Machine_X64_inno_en-US.exe,plain,82,0
6176aa454376cd4efc52e78a6d10d5013bb901476e5b68e93b30344b7bf18f86,good_train,everyday,0,x86,60601,60600,goodware_balanced/everyday/6176aa454376cd4efc52e78a6d10d5013bb901476e5b68e93b30344b7bf18f86.asm,ZoomInstallerFull.exe,plain,0,0
9147871f31a59592b9aa541664a26ff011a7efdf7b7c40ca075fc8caadac8952,good_train,everyday,0,x64,100004,100000,goodware_balanced/everyday/9147871f31a59592b9aa541664a26ff011a7efdf7b7c40ca075fc8caadac8952.asm,_cvpcb.dll,plain,2,1
575d7e5a4c3a9fb5619952575e2b8e031df0c981785618da56b7e3299376a905,good_train,everyday,0,x64,100048,100000,goodware_balanced/everyday/575d7e5a4c3a9fb5619952575e2b8e031df0c981785618da56b7e3299376a905.asm,_freeze_module.exe,plain,46,1
6875a1e27e9f4d4c34a1a1c1eece7173ca3504ec2e72b1bc3987366ed7b729f3,good_train,everyday,0,x64,7676,7675,goodware_balanced/everyday/6875a1e27e9f4d4c34a1a1c1eece7173ca3504ec2e72b1bc3987366ed7b729f3.asm,affine_uno_uno.dll,plain,0,0
b234725c91d4d85467dfb38b9a304111ea304dec963117337234b4df8b958746,good_train,everyday,0,x64,100507,100000,goodware_balanced/everyday/b234725c91d4d85467dfb38b9a304111ea304dec963117337234b4df8b958746.asm,aja-output-ui.dll,plain,505,1
f28bd69d9f76ce57c4cc0bf665c15338347805df97ef6117f940ab3227ece9cf,good_train,everyday,0,x64,100531,100000,goodware_balanced/everyday/f28bd69d9f76ce57c4cc0bf665c15338347805df97ef6117f940ab3227ece9cf.asm,aja.dll,plain,529,1
9f60047cf870b5352d840b302faf48d0a4fde3a2e9efd367d5621ed8a3de458a,good_train,everyday,0,x86,55009,54999,goodware_balanced/everyday/9f60047cf870b5352d840b302faf48d0a4fde3a2e9efd367d5621ed8a3de458a.asm,antiword.exe,plain,9,0
d9100e99b2b915623294e18377d162afe9fd354bf0c4a7208f1270721714a553,good_train,everyday,0,x86,223,220,goodware_balanced/everyday/d9100e99b2b915623294e18377d162afe9fd354bf0c4a7208f1270721714a553.asm,api-ms-win-core-debug-l1-1-0_d9100e99.dll,plain,2,0
7de5743f68d9bd6cff0fb8021c22d4069e2e993d97735db0ef65756ff915f39c,good_train,everyday,0,x86,364,361,goodware_balanced/everyday/7de5743f68d9bd6cff0fb8021c22d4069e2e993d97735db0ef65756ff915f39c.asm,api-ms-win-core-file-l2-1-0.dll,plain,2,0
89c930d2e4482799f4f0f040b994c457310912ed1bbf2a4b61e58cc98f31f0d5,good_train,everyday,0,x86,387,384,goodware_balanced/everyday/89c930d2e4482799f4f0f040b994c457310912ed1bbf2a4b61e58cc98f31f0d5.asm,api-ms-win-core-namedpipe-l1-1-0.dll,plain,2,0
d91f680b1f54dcceddd9ead63dc08ee11845803f2cc6de7c545335803016f2d0,good_train,everyday,0,x86,724,723,goodware_balanced/everyday/d91f680b1f54dcceddd9ead63dc08ee11845803f2cc6de7c545335803016f2d0.asm,api-ms-win-core-processenvironment-l1-1-0.dll,plain,0,0
b1e857e184818a6fa21e44c658fa3d6a752881ce909b18cc2d677dba0e2db87c,good_train,everyday,0,x86,207,205,goodware_balanced/everyday/b1e857e184818a6fa21e44c658fa3d6a752881ce909b18cc2d677dba0e2db87c.asm,api-ms-win-core-profile-l1-1-0_b1e857e1.dll,plain,1,0
ae67d1bda3d9c10560819e9e02ba475aeb3f7df7e8f73586d546f44ba6ef8046,good_train,everyday,0,x86,313,311,goodware_balanced/everyday/ae67d1bda3d9c10560819e9e02ba475aeb3f7df7e8f73586d546f44ba6ef8046.asm,api-ms-win-core-string-l1-1-0.dll,plain,1,0
dba254b1446808887d452bcd6c27685462c39dc2f1da181765f0898b4eb1b953,good_train,everyday,0,x86,524,520,goodware_balanced/everyday/dba254b1446808887d452bcd6c27685462c39dc2f1da181765f0898b4eb1b953.asm,api-ms-win-core-synch-l1-2-0_dba254b1.dll,plain,3,0
e1000ef817a5d8db82d1d58022c7ee3e1edffd2f9da15781902a4de2b71242e1,good_train,everyday,0,x86,224,222,goodware_balanced/everyday/e1000ef817a5d8db82d1d58022c7ee3e1edffd2f9da15781902a4de2b71242e1.asm,api-ms-win-core-util-l1-1-0.dll,plain,1,0
a38f46fe1a1bba3a8c7cc942bac945413c5c0e992ca599f9f09181b7f5645f52,good_train,everyday,0,x86,2158,2154,goodware_balanced/everyday/a38f46fe1a1bba3a8c7cc942bac945413c5c0e992ca599f9f09181b7f5645f52.asm,api-ms-win-crt-convert-l1-1-0_a38f46fe.dll,plain,3,0
90788cc217e4f5e78ec988061552fcd1c1a3ab61c6df3de132aae606383fbc27,good_train,everyday,0,x86,461,460,goodware_balanced/everyday/90788cc217e4f5e78ec988061552fcd1c1a3ab61c6df3de132aae606383fbc27.asm,api-ms-win-crt-environment-l1-1-0.dll,plain,0,0
dc8ae6136313ed0ee26aed6e9d3a192413d62e12c7c568fae5a7abb784ca4c72,good_train,everyday,0,x86,648,647,goodware_balanced/everyday/dc8ae6136313ed0ee26aed6e9d3a192413d62e12c7c568fae5a7abb784ca4c72.asm,api-ms-win-crt-heap-l1-1-0.dll,plain,0,0
80ec395c2c5ad8b9728784d6aec611e0ce7a5ddefebef093235b420fdb74a7ab,good_train,everyday,0,x86,26462,26429,goodware_balanced/everyday/80ec395c2c5ad8b9728784d6aec611e0ce7a5ddefebef093235b420fdb74a7ab.asm,api-ms-win-crt-private-l1-1-0_80ec395c.dll,plain,32,0
57998a0a8168a75eb8e5958019b29f86edee70931bdbcc18e06c9b93f4b70cbe,good_train,everyday,0,x86,682,680,goodware_balanced/everyday/57998a0a8168a75eb8e5958019b29f86edee70931bdbcc18e06c9b93f4b70cbe.asm,api-ms-win-crt-process-l1-1-0.dll,plain,1,0
28af247eca739d17fd68979b8c5067deaf85d4bf8478f480d00dc0337c06f47c,good_train,everyday,0,x86,556,554,goodware_balanced/everyday/28af247eca739d17fd68979b8c5067deaf85d4bf8478f480d00dc0337c06f47c.asm,api-ms-win-crt-utility-l1-1-0.dll,plain,1,0
e3096847ac4270d304e9b112d153642a72b66b42e13f83a32f06eecfb4ce7e48,good_train,everyday,0,x86,100308,100000,goodware_balanced/everyday/e3096847ac4270d304e9b112d153642a72b66b42e13f83a32f06eecfb4ce7e48.asm,audacity-win-3.7.9-64bit.exe,plain,306,1
a2394a11272ae38e7fb6ea862e783daa6d704a3d9c73a51dfe978b7692df6b1f,good_train,everyday,0,x86,100004,100000,goodware_balanced/everyday/a2394a11272ae38e7fb6ea862e783daa6d704a3d9c73a51dfe978b7692df6b1f.asm,autorunsc.exe,plain,2,1
093d1c6b91d280c9644635c667753e0aa0e78c656eb4082147bf30364787d96f,good_train,everyday,0,x64,100035,100000,goodware_balanced/everyday/093d1c6b91d280c9644635c667753e0aa0e78c656eb4082147bf30364787d96f.asm,autorunsc64.exe,plain,33,1
824ed5cdcd7512f3edab94d28f7fa072353b4e0afebb14e4e08a6793686890ac,good_train,everyday,0,x64,11608,11577,goodware_balanced/everyday/824ed5cdcd7512f3edab94d28f7fa072353b4e0afebb14e4e08a6793686890ac.asm,avdevice-62.dll,plain,30,0
5944bcc7217c874d8c704b9a1a15c62187ca56c7ba7c4f50e04f04a84d79b3d8,good_train,everyday,0,x64,95490,95485,goodware_balanced/everyday/5944bcc7217c874d8c704b9a1a15c62187ca56c7ba7c4f50e04f04a84d79b3d8.asm,avformat-fb2k-62.dll,plain,4,0
91a0ccadff6431b58efd02cca64b36bef547d634d79566b9b019232d441b06ee,good_train,everyday,0,x64,100070,100000,goodware_balanced/everyday/91a0ccadff6431b58efd02cca64b36bef547d634d79566b9b019232d441b06ee.asm,avutil-60.dll,plain,68,1
93822008bc163b0538f67a143d3207cfbed19633671d60e6fad14853a0b44690,good_train,everyday,0,x64,100002,100000,goodware_balanced/everyday/93822008bc163b0538f67a143d3207cfbed19633671d60e6fad14853a0b44690.asm,axvlc.dll,plain,0,1
4b8ea8d0f4777c97d98177e831240596ebcc881449948a50b80124a82fe9affd,good_train,everyday,0,x64,86483,86473,goodware_balanced/everyday/4b8ea8d0f4777c97d98177e831240596ebcc881449948a50b80124a82fe9affd.asm,binaryurplo.dll,plain,9,0
4930e9a3525dbe2df501590ab8d2ec8adf5993ed65d544629491b4c22c104929,good_train,everyday,0,x64,100004,100000,goodware_balanced/everyday/4930e9a3525dbe2df501590ab8d2ec8adf5993ed65d544629491b4c22c104929.asm,bitmap2component.exe,plain,2,1
a3114d846863be6fd3c6fcd25381ea2027ede9eeb2b3fb3909644bde7f3e01c7,good_train,everyday,0,x64,9941,9940,goodware_balanced/everyday/a3114d846863be6fd3c6fcd25381ea2027ede9eeb2b3fb3909644bde7f3e01c7.asm,boost_container-vc143-mt-x64-1_90.dll,plain,0,0
1e9213ef703b7c94f00627537a093d203f0dc46a5c3bcc816142a2e0cfc73916,good_train,everyday,0,x64,12572,12571,goodware_balanced/everyday/1e9213ef703b7c94f00627537a093d203f0dc46a5c3bcc816142a2e0cfc73916.asm,boost_contract.dll,plain,0,0
b603c086a7f0de6c88798af60e6423d06a02c35ce152c2ad5ef2528d95accd43,good_train,everyday,0,x64,29932,29899,goodware_balanced/everyday/b603c086a7f0de6c88798af60e6423d06a02c35ce152c2ad5ef2528d95accd43.asm,boost_filesystem-vc143-mt-x64-1_90.dll,plain,32,0
db78229ee56ed2d6c782a51497b2b9444996762c846e81f2d9edc58e35a43260,good_train,everyday,0,x64,32056,32034,goodware_balanced/everyday/db78229ee56ed2d6c782a51497b2b9444996762c846e81f2d9edc58e35a43260.asm,boost_filesystem.dll,plain,21,0
6bde065129ff325b375674497139df36c65dfd55e16303c4872b244e32b3a681,good_train,everyday,0,x64,5852,5851,goodware_balanced/everyday/6bde065129ff325b375674497139df36c65dfd55e16303c4872b244e32b3a681.asm,boost_nowide.dll,plain,0,0
33e47131a29121f4b0b56bb3083e0e01e6616efc84086e9377d5872cf2d952c0,good_train,everyday,0,x64,9301,9295,goodware_balanced/everyday/33e47131a29121f4b0b56bb3083e0e01e6616efc84086e9377d5872cf2d952c0.asm,boost_prg_exec_monitor-vc143-mt-x64-1_90.dll,plain,5,0
b6cd49607aa0a026e77278f7fae83691c16ef1998b6eb8fda1c39f6d1ca2c43f,good_train,everyday,0,x64,54085,54082,goodware_balanced/everyday/b6cd49607aa0a026e77278f7fae83691c16ef1998b6eb8fda1c39f6d1ca2c43f.asm,boost_program_options.dll,plain,2,0
5c006896a5371b843137d27a9128999ea4f8ecf2215dd034dee0d57da56b5072,good_train,everyday,0,x64,1457,1456,goodware_balanced/everyday/5c006896a5371b843137d27a9128999ea4f8ecf2215dd034dee0d57da56b5072.asm,boost_stacktrace_from_exception-vc143-mt-x64-1_90.dll,plain,0,0
7686adc66fbdde37ff8bae190474d109e0d921369a68123e56f1486fda7f6d26,good_train,everyday,0,x64,1010,1009,goodware_balanced/everyday/7686adc66fbdde37ff8bae190474d109e0d921369a68123e56f1486fda7f6d26.asm,boost_stacktrace_noop-vc143-mt-x64-1_90.dll,plain,0,0
e9105d08d4170eac5790bab271b255e945ea0a7b7a1fa50e2d2404889dbb1012,good_train,everyday,0,x64,4358,4357,goodware_balanced/everyday/e9105d08d4170eac5790bab271b255e945ea0a7b7a1fa50e2d2404889dbb1012.asm,boost_stacktrace_windbg_cached-vc143-mt-x64-1_90.dll,plain,0,0
7aa3767c02de958cbe2fc49ac3613059dd11879626d8811d282cefade2c91c84,good_train,everyday,0,x64,4155,4154,goodware_balanced/everyday/7aa3767c02de958cbe2fc49ac3613059dd11879626d8811d282cefade2c91c84.asm,boost_timer.dll,plain,0,0
95684d0a038fae94175039fa59433aed4116a194408fbf79ae499f301c6a8633,good_train,everyday,0,x64,90959,90941,goodware_balanced/everyday/95684d0a038fae94175039fa59433aed4116a194408fbf79ae499f301c6a8633.asm,boost_unit_test_framework-vc143-mt-x64-1_90.dll,plain,17,0
687d6702539b74eecba5c5433ef5f72c338b86d7af1e765ee785354478e8f2ce,good_train,everyday,0,x64,1459,1458,goodware_balanced/everyday/687d6702539b74eecba5c5433ef5f72c338b86d7af1e765ee785354478e8f2ce.asm,brotlicommon.dll,plain,0,0
f0062cd2eafd85b4042fc13557e788c6c7f1745bce80b2541d9464fa4b100e6d,good_train,everyday,0,x64,1459,1458,goodware_balanced/everyday/f0062cd2eafd85b4042fc13557e788c6c7f1745bce80b2541d9464fa4b100e6d.asm,brotlicommon_f0062cd2.dll,plain,0,0
ed5cba391500f8ff7ca34787bbf2f3a211f24aea2cf5ce2b644d5e017eee7619,good_train,everyday,0,x64,9107,9101,goodware_balanced/everyday/ed5cba391500f8ff7ca34787bbf2f3a211f24aea2cf5ce2b644d5e017eee7619.asm,brotlidec.dll,plain,5,0
d22ac0cebd24d1c7bb173d05b96f0c7d7536fd027120a12bf5664086d1c0ee16,good_train,everyday,0,x64,40419,40412,goodware_balanced/everyday/d22ac0cebd24d1c7bb173d05b96f0c7d7536fd027120a12bf5664086d1c0ee16.asm,calclo.dll,plain,6,0
16cffa63f9cbd0f97eecddfb613835fefb647a0d82ba3e8001ebc966cec96436,good_train,everyday,0,x64,1271,1270,goodware_balanced/everyday/16cffa63f9cbd0f97eecddfb613835fefb647a0d82ba3e8001ebc966cec96436.asm,charset-1.dll,plain,0,0
13f451d72d1f7810aec40cfa00e7977bbd98ed455fbf9eb61fc25d7f46f46dce,good_train,everyday,0,x64,100002,100000,goodware_balanced/everyday/13f451d72d1f7810aec40cfa00e7977bbd98ed455fbf9eb61fc25d7f46f46dce.asm,chrome_elf.dll,plain,0,1
8c579cb72ee8a2c2a4996f96d8a513ce8ce0e7607786866499f0099ac446754b,good_train,everyday,0,x64,20797,20796,goodware_balanced/everyday/8c579cb72ee8a2c2a4996f96d8a513ce8ce0e7607786866499f0099ac446754b.asm,clearkey.dll,plain,0,0
b3e7e9fcab970a70da8ad51e08bc9398da777256612750197a21e88f96ac2455,good_train,everyday,0,x64,2153,2152,goodware_balanced/everyday/b3e7e9fcab970a70da8ad51e08bc9398da777256612750197a21e88f96ac2455.asm,clewlo.dll,plain,0,0
536998086b957a743fea6ddcbec107025aa23db3ae0af1505779986a9d342ad7,good_train,everyday,0,x86,18395,18391,goodware_balanced/everyday/536998086b957a743fea6ddcbec107025aa23db3ae0af1505779986a9d342ad7.asm,cli-32.exe,plain,3,0
75f12ea2f30d9c0d872dade345f30f562e6d93847b6a509ba53beec6d0b2c346,good_train,everyday,0,x86,18395,18391,goodware_balanced/everyday/75f12ea2f30d9c0d872dade345f30f562e6d93847b6a509ba53beec6d0b2c346.asm,cli-32_75f12ea2.exe,plain,3,0
32acc1bc543116cbe2cff10cb867772df2f254ff2634c870aef0b46c4b696fdb,good_train,everyday,0,x86,1825,1824,goodware_balanced/everyday/32acc1bc543116cbe2cff10cb867772df2f254ff2634c870aef0b46c4b696fdb.asm,cli.exe,plain,0,0
2405355f0a58067b258f8df33c327e3a3d716eaac5a3a5aebb757842d85bd376,good_train,everyday,0,x64,54298,54297,goodware_balanced/everyday/2405355f0a58067b258f8df33c327e3a3d716eaac5a3a5aebb757842d85bd376.asm,concrt140.dll,plain,0,0
69a2377617b0a0a9434313b51547a2658bb666de2127d6a77d3952c6c0283dac,good_train,everyday,0,x64,55439,55438,goodware_balanced/everyday/69a2377617b0a0a9434313b51547a2658bb666de2127d6a77d3952c6c0283dac.asm,concrt140_69a23776.dll,plain,0,0
42222f1366d0adeb20703dc1e7650c04eed179834eef5998147c3922a59ad9af,good_train,everyday,0,x64,100002,100000,goodware_balanced/everyday/42222f1366d0adeb20703dc1e7650c04eed179834eef5998147c3922a59ad9af.asm,consoleio.exe,plain,0,1
2e3fca3a9b5b1ca317edd9c01bd750ec422008085fc8b715c14e04c975e270bd,good_train,everyday,0,x64,100003,100000,goodware_balanced/everyday/2e3fca3a9b5b1ca317edd9c01bd750ec422008085fc8b715c14e04c975e270bd.asm,cppuhelper3MSC.dll,plain,1,1
97f079606941a114890726485333a5097cda092adb13aca6cb25ce4de644ca87,good_train,everyday,0,x64,67783,67782,goodware_balanced/everyday/97f079606941a114890726485333a5097cda092adb13aca6cb25ce4de644ca87.asm,crashhelper.exe,plain,0,0
a39ff6dd9804d4662cea016173bbfd010116077d9b8a10b9ded4345dc4973443,good_train,everyday,0,x64,100009,100000,goodware_balanced/everyday/a39ff6dd9804d4662cea016173bbfd010116077d9b8a10b9ded4345dc4973443.asm,datachannel.dll,plain,7,1
fe0334231967d68201cc311f6b45673f8aa095a29a63fd19783726781325bae9,good_train,everyday,0,x64,100003,100000,goodware_balanced/everyday/fe0334231967d68201cc311f6b45673f8aa095a29a63fd19783726781325bae9.asm,dbghelp.dll,plain,1,1
7954a8bbeb1f650bb5d2b8c4c6b642fd4585319d2092433ca841c7d672a4634b,good_train,everyday,0,x64,36905,36899,goodware_balanced/everyday/7954a8bbeb1f650bb5d2b8c4c6b642fd4585319d2092433ca841c7d672a4634b.asm,dbgviewcli64.exe,plain,5,0
e1e724af90e427de5d38f311d088fa14f2f370cad0e71752922754f0a44ba6db,good_train,everyday,0,x64,3586,3585,goodware_balanced/everyday/e1e724af90e427de5d38f311d088fa14f2f370cad0e71752922754f0a44ba6db.asm,decklink-captions.dll,plain,0,0
76acc1bdeb9de3e890c981ac8f7006363f243c199aa832e3ea8b811dca64015e,good_train,everyday,0,x64,21884,21878,goodware_balanced/everyday/76acc1bdeb9de3e890c981ac8f7006363f243c199aa832e3ea8b811dca64015e.asm,decklink-output-ui.dll,plain,5,0
e311315166dc94845af96ffc49107205841aaa58e7c5115d135d5dc559dee567,good_train,everyday,0,x64,82267,82257,goodware_balanced/everyday/e311315166dc94845af96ffc49107205841aaa58e7c5115d135d5dc559dee567.asm,designer.exe,plain,9,0
08c8da7d224a0d49c7f84fbb0ee9a9236941aec7a5ac481ad97e13d7ed34f292,good_train,everyday,0,x64,100002,100000,goodware_balanced/everyday/08c8da7d224a0d49c7f84fbb0ee9a9236941aec7a5ac481ad97e13d7ed34f292.asm,diagnostics.exe,plain,0,1
4ceceebc8150422c6d8d9a06c2e9686d5a5d90f1033f60ad92ab81fe810e2a28,good_train,everyday,0,x86,22321,22298,goodware_balanced/everyday/4ceceebc8150422c6d8d9a06c2e9686d5a5d90f1033f60ad92ab81fe810e2a28.asm,diff.exe,plain,22,0
85060117d7c75378fcbf8b3824e79549002bc5298ae46fcaa2524c83c476596a,good_train,everyday,0,x86,46652,46651,goodware_balanced/everyday/85060117d7c75378fcbf8b3824e79549002bc5298ae46fcaa2524c83c476596a.asm,discord.exe,plain,0,0
4ce9f1d4b6cc058caecd1423b3f7a94c7520e2c743fc203841b738e002ac75d6,good_train,everyday,0,x86,8648,8647,goodware_balanced/everyday/4ce9f1d4b6cc058caecd1423b3f7a94c7520e2c743fc203841b738e002ac75d6.asm,draw.io-31.3.2-windows-installer.exe,plain,0,0
f23c10c525f2273d53293c56821b7095732ace091b7825ed7b21bf79b05d52a9,good_train,everyday,0,x86,97204,97202,goodware_balanced/everyday/f23c10c525f2273d53293c56821b7095732ace091b7825ed7b21bf79b05d52a9.asm,du.exe,plain,1,0
84d4b083a25d9365a969b7de20a0bdc7f1ae04f5ce3eefc4517ca1b13c308d1d,good_train,everyday,0,x64,93395,93376,goodware_balanced/everyday/84d4b083a25d9365a969b7de20a0bdc7f1ae04f5ce3eefc4517ca1b13c308d1d.asm,du64.exe,plain,18,0
1d597fa6301985ee3e1e127f6ff022e16874abecdf5d939cd837d293ce52ef37,good_train,everyday,0,x64,51670,51637,goodware_balanced/everyday/1d597fa6301985ee3e1e127f6ff022e16874abecdf5d939cd837d293ce52ef37.asm,dumpdoc.exe,plain,32,0
77e039c905030a641e53658a008b74e90635a5ea9b6b79eabd0f2003bdfca59a,good_train,everyday,0,x64,100002,100000,goodware_balanced/everyday/77e039c905030a641e53658a008b74e90635a5ea9b6b79eabd0f2003bdfca59a.asm,dxil.dll,plain,0,1
b78823c9c7a52b043f5fa6de376df685d6d8308c89973b667792987953ce3191,good_train,everyday,0,x86,99480,99479,goodware_balanced/everyday/b78823c9c7a52b043f5fa6de376df685d6d8308c89973b667792987953ce3191.asm,efsdump.exe,plain,0,0
20de79c4d1d189cdf8abc31196a1883f647735ce465f296d0e7875119917b6f1,good_train,everyday,0,x64,100025,100000,goodware_balanced/everyday/20de79c4d1d189cdf8abc31196a1883f647735ce465f296d0e7875119917b6f1.asm,etonyek.dll,plain,23,1
ae221d0a0e2d20976adb1355775febed829cf3500187f4f8c31b9a981588459f,good_train,everyday,0,x64,17000,16999,goodware_balanced/everyday/ae221d0a0e2d20976adb1355775febed829cf3500187f4f8c31b9a981588459f.asm,f2py.exe,plain,0,0
21bbf25ca0ef7454ae6add54dc9f36aee0de2763061fb8aa801af493162f1d8c,good_train,everyday,0,x64,100002,100000,goodware_balanced/everyday/21bbf25ca0ef7454ae6add54dc9f36aee0de2763061fb8aa801af493162f1d8c.asm,fbintl.dll,plain,0,1
6dd5e26f75020796e687cf8ef7e0b9e8a17a64b15457292bbe4dc39f9b913b14,good_train,everyday,0,x64,100005,100000,goodware_balanced/everyday/6dd5e26f75020796e687cf8ef7e0b9e8a17a64b15457292bbe4dc39f9b913b14.asm,ffmpeg.dll,plain,3,1
5b32e5f00e9bb6768335a31e995ced4be7fe00f14f758db8cd44e73640bef6b3,good_train,everyday,0,x64,7746,7745,goodware_balanced/everyday/5b32e5f00e9bb6768335a31e995ced4be7fe00f14f758db8cd44e73640bef6b3.asm,fooHelper.exe,plain,0,0
a4ef5f67adb71b07078b27419a503104ac86a69539f7096fe421053042acc7c0,good_train,everyday,0,x64,34898,34897,goodware_balanced/everyday/a4ef5f67adb71b07078b27419a503104ac86a69539f7096fe421053042acc7c0.asm,foo_dsp_eq.dll,plain,0,0
37d3cfb5dbca416cea7f21299a97f8b84a02c6bc8bc6dc5e9fda9b16eabd744f,good_train,everyday,0,x64,100008,100000,goodware_balanced/everyday/37d3cfb5dbca416cea7f21299a97f8b84a02c6bc8bc6dc5e9fda9b16eabd744f.asm,foo_fileops.dll,plain,6,1
63a1c2a47ee4a67a723f6c228f11281c397593d7598a5d58d6550f631126a7c4,good_train,everyday,0,x64,55823,55821,goodware_balanced/everyday/63a1c2a47ee4a67a723f6c228f11281c397593d7598a5d58d6550f631126a7c4.asm,foo_freedb2.dll,plain,1,0
f2331c006742a46c671917f6067b7f4f331a687703f5df327fd2d78ae80df105,good_train,everyday,0,x64,100003,100000,goodware_balanced/everyday/f2331c006742a46c671917f6067b7f4f331a687703f5df327fd2d78ae80df105.asm,foo_out_upnp.dll,plain,1,1
fe3f386f43aa2e1e99463ea6c8a680ec770ef419658c7e254c6d63924c2e3de5,good_train,everyday,0,x64,100002,100000,goodware_balanced/everyday/fe3f386f43aa2e1e99463ea6c8a680ec770ef419658c7e254c6d63924c2e3de5.asm,freebl3.dll,plain,0,1
6b3ac1943e77ac212ad8b41929d15f8bd6bac06b065c4e264f1bfcac5b9c75d9,good_train,everyday,0,x64,52350,52311,goodware_balanced/everyday/6b3ac1943e77ac212ad8b41929d15f8bd6bac06b065c4e264f1bfcac5b9c75d9.asm,frontend-tools.dll,plain,38,0
4627f12b8295b1ebafd9909dfd0eaa46583e68e8976c8fef76e64122fd2149b6,good_train,everyday,0,x86,30450,30449,goodware_balanced/everyday/4627f12b8295b1ebafd9909dfd0eaa46583e68e8976c8fef76e64122fd2149b6.asm,get-graphics-offsets32.exe,plain,0,0
79ed6d2a983cc93a7ad6b96eb9d0fae21871988a2823cce11d4060ace35753fb,good_train,everyday,0,x64,25695,25690,goodware_balanced/everyday/79ed6d2a983cc93a7ad6b96eb9d0fae21871988a2823cce11d4060ace35753fb.asm,get-graphics-offsets64.exe,plain,4,0
cfea1a8e77d1a665135426c273938b7f0bc90e90a1fe03ce82fb94cf1c2031ba,good_train,everyday,0,x64,3086,3085,goodware_balanced/everyday/cfea1a8e77d1a665135426c273938b7f0bc90e90a1fe03ce82fb94cf1c2031ba.asm,getopt.dll,plain,0,0
9c0cd38841f3da44c106ba5127e9ae4a55ee2bf4416f0676db713785cb8f438b,good_train,everyday,0,x64,3821,3820,goodware_balanced/everyday/9c0cd38841f3da44c106ba5127e9ae4a55ee2bf4416f0676db713785cb8f438b.asm,gettext-csvim.dll,plain,0,0
0a204f0878b609685b49f4170a01e3662837637097c51e33b0e7456a11edcd5f,good_train,everyday,0,x64,2662,2661,goodware_balanced/everyday/0a204f0878b609685b49f4170a01e3662837637097c51e33b0e7456a11edcd5f.asm,gettext-docim.dll,plain,0,0
508d23882c0b14a9b875534e653ca0fec349cd5f9acaedd9454b727083ecf910,good_train,everyday,0,x64,12820,12819,goodware_balanced/everyday/508d23882c0b14a9b875534e653ca0fec349cd5f9acaedd9454b727083ecf910.asm,gettext-docxim.dll,plain,0,0
dd6871de4cdf3009f12077ba9238f1f5c3dd7d28bf7842794a616adb00858bc7,good_train,everyday,0,x64,20784,20783,goodware_balanced/everyday/dd6871de4cdf3009f12077ba9238f1f5c3dd7d28bf7842794a616adb00858bc7.asm,gettext-rtfim.dll,plain,0,0
e51af69a548541f9c16a1ebc61ff1a43c9a3b565d3ae2c4e2abcdbb116a07dab,good_train,everyday,0,x64,100034,100000,goodware_balanced/everyday/e51af69a548541f9c16a1ebc61ff1a43c9a3b565d3ae2c4e2abcdbb116a07dab.asm,git2.dll,plain,32,1
f79dc37d5da5158e765adc9d2256c3dc26727f830114f92ed71f3bee2a1a0766,good_train,everyday,0,x64,100002,100000,goodware_balanced/everyday/f79dc37d5da5158e765adc9d2256c3dc26727f830114f92ed71f3bee2a1a0766.asm,gkcodecs.dll,plain,0,1
8516a2f5e51b74c22965a114bb9c5c99685ca19e89af59a2e377bc27eb6b6858,good_train,everyday,0,x64,52809,52788,goodware_balanced/everyday/8516a2f5e51b74c22965a114bb9c5c99685ca19e89af59a2e377bc27eb6b6858.asm,gobject-2.0-0.dll,plain,20,0
6018a90eb1ddfb122753f313c2761a89a3ab3eb97f104d0060f9f66accf6302c,good_train,everyday,0,x64,17970,17969,goodware_balanced/everyday/6018a90eb1ddfb122753f313c2761a89a3ab3eb97f104d0060f9f66accf6302c.asm,gpgme_w32spawn.exe,plain,0,0
e5a281f7154fb2d1888b9d8681190bd1240525b4d09ac1cbc1ad01c500272a02,good_train,everyday,0,x64,100030,100000,goodware_balanced/everyday/e5a281f7154fb2d1888b9d8681190bd1240525b4d09ac1cbc1ad01c500272a02.asm,gpgmepp.dll,plain,28,1
566b095dd1de495a3f0233cb08d75ab3e7d7b184c80e2fc23f23f22ca8558632,good_train,everyday,0,x86,57659,57655,goodware_balanced/everyday/566b095dd1de495a3f0233cb08d75ab3e7d7b184c80e2fc23f23f22ca8558632.asm,graphics-hook32.dll,plain,3,0
49c0ddeac72b130d4f8ae90510219949022c1f992adb48d81a4972f2cd6c2585,good_train,everyday,0,x64,51809,51789,goodware_balanced/everyday/49c0ddeac72b130d4f8ae90510219949022c1f992adb48d81a4972f2cd6c2585.asm,graphics-hook64.dll,plain,19,0
b60e4fcb98c0f266e68679d3432ac3ec1135acf6563223e98cf96398db6dbca7,good_train,everyday,0,x64,70083,70082,goodware_balanced/everyday/b60e4fcb98c0f266e68679d3432ac3ec1135acf6563223e98cf96398db6dbca7.asm,gssapi64.dll,plain,0,0
85dae1e95d77845f2cb59bcac3d4afe74bbe4c91a9bcc5bf4a71cd43104dbe7c,good_train,everyday,0,x86,1825,1824,goodware_balanced/everyday/85dae1e95d77845f2cb59bcac3d4afe74bbe4c91a9bcc5bf4a71cd43104dbe7c.asm,gui.exe,plain,0,0
4fe07ab7572ed76c86d61a113fa2bc23926472ec6b61f02a549eed4e2723f754,good_train,everyday,0,x64,300,299,goodware_balanced/everyday/4fe07ab7572ed76c86d61a113fa2bc23926472ec6b61f02a549eed4e2723f754.asm,gvim.exe,plain,0,0
665f9a7fd8a53531f7646411e63ecbc6535b137c5e521b0c02dd2a9d592e0663,good_train,everyday,0,x64,15030,15028,goodware_balanced/everyday/665f9a7fd8a53531f7646411e63ecbc6535b137c5e521b0c02dd2a9d592e0663.asm,gvim_665f9a7f.exe,plain,1,0
9a6d1f99da5dd08584c4fad06d2a77fa36304552a96d171a233b122bcf79a73a,good_train,everyday,0,x86,8597,8595,goodware_balanced/everyday/9a6d1f99da5dd08584c4fad06d2a77fa36304552a96d171a233b122bcf79a73a.asm,gvim_9.2.1031_x64.exe,plain,1,0
84c22579ca09f4fd8a8d9f56a6348c4ad2a92d4722c9f1213dd73c2f68a381e3,good_train,everyday,0,x86,66936,66935,goodware_balanced/everyday/84c22579ca09f4fd8a8d9f56a6348c4ad2a92d4722c9f1213dd73c2f68a381e3.asm,handle.exe,plain,0,0
24bafcc570cc9bbb6b6e6652a57a519e0464e3996891aaba6f55299cce20b04f,good_train,everyday,0,x64,60967,60966,goodware_balanced/everyday/24bafcc570cc9bbb6b6e6652a57a519e0464e3996891aaba6f55299cce20b04f.asm,handle64.exe,plain,0,0
3d7e4fbeca2023c34aca290f966501af14ffe4f72fb8e1ed1814b1e736a15e62,good_train,everyday,0,x64,1616,1614,goodware_balanced/everyday/3d7e4fbeca2023c34aca290f966501af14ffe4f72fb8e1ed1814b1e736a15e62.asm,harfbuzz-icu.dll,plain,1,0
631ccac18d29bb168188f4830a51bdea4aa31c791ace1750b69e31a3f8510c62,good_train,everyday,0,x64,100065,100000,goodware_balanced/everyday/631ccac18d29bb168188f4830a51bdea4aa31c791ace1750b69e31a3f8510c62.asm,harfbuzz-subset.dll,plain,63,1
c1f1d8f3bce5bb371d453782cd3fa21978f255f37877ec4bf2952ae66cdebdc9,good_train,everyday,0,x64,100039,100000,goodware_balanced/everyday/c1f1d8f3bce5bb371d453782cd3fa21978f255f37877ec4bf2952ae66cdebdc9.asm,harfbuzz.dll,plain,37,1
60de59344a0f410a70088f78433dde35790f11edaaaa3c8c344ce7bfde4722da,good_train,everyday,0,x64,100047,100000,goodware_balanced/everyday/60de59344a0f410a70088f78433dde35790f11edaaaa3c8c344ce7bfde4722da.asm,harfbuzz_60de5934.dll,plain,45,1
623de362fe5a1a3a95203730b4815fd8c736d8de8d5605a90d324881f72b7c02,good_train,everyday,0,x86,8825,8824,goodware_balanced/everyday/623de362fe5a1a3a95203730b4815fd8c736d8de8d5605a90d324881f72b7c02.asm,helper.exe,plain,0,0
3e57cc1d455a7c33e74124888bff4c73501c8b1993a8c1e896f4d995ec93bc53,good_train,everyday,0,x86,100003,100000,goodware_balanced/everyday/3e57cc1d455a7c33e74124888bff4c73501c8b1993a8c1e896f4d995ec93bc53.asm,hex2dec.exe,plain,1,1
786d92b9457a1122dec26bcd4354e79af03eb7678a00d4dd930c32662a7d7209,good_train,everyday,0,x64,100007,100000,goodware_balanced/everyday/786d92b9457a1122dec26bcd4354e79af03eb7678a00d4dd930c32662a7d7209.asm,hex2dec64.exe,plain,5,1
77c04fd489f5c9dbc7eac08a21c34d2ac5603bd6e4db365a89c1bc690f2e06aa,good_train,everyday,0,x64,84671,84668,goodware_balanced/everyday/77c04fd489f5c9dbc7eac08a21c34d2ac5603bd6e4db365a89c1bc690f2e06aa.asm,hunspellplugin.dll,plain,2,0
2ef930cac265a2d8cb890c37df2df781354bd3662c3d183f934e8050fb96c655,good_train,everyday,0,x64,100042,100000,goodware_balanced/everyday/2ef930cac265a2d8cb890c37df2df781354bd3662c3d183f934e8050fb96c655.asm,i_view64.exe,plain,40,1
2bd4d711229b45f4256af0e276a22be50ee3eef2f7a46aab6d208764c6270b7e,good_train,everyday,0,x64,3770,3769,goodware_balanced/everyday/2bd4d711229b45f4256af0e276a22be50ee3eef2f7a46aab6d208764c6270b7e.asm,iconv.dll,plain,0,0
5549384ebfa2b73536ba5d3400230207e62bb91a571ef23b7ded339738cadc3d,good_train,everyday,0,x64,100054,100000,goodware_balanced/everyday/5549384ebfa2b73536ba5d3400230207e62bb91a571ef23b7ded339738cadc3d.asm,icuin74.dll,plain,52,1
fabd82a4c6c90ac7153b473d9cde0d9e44ea65459c5b4329af1cd0a2993ed9b0,good_train,everyday,0,x64,100036,100000,goodware_balanced/everyday/fabd82a4c6c90ac7153b473d9cde0d9e44ea65459c5b4329af1cd0a2993ed9b0.asm,icuin78.dll,plain,34,1
c6b1262f94ca5002e351474d6a5de26dc69a800226bd88c52137d1606d856605,good_train,everyday,0,x64,9135,9133,goodware_balanced/everyday/c6b1262f94ca5002e351474d6a5de26dc69a800226bd88c52137d1606d856605.asm,icuio78.dll,plain,1,0
4672d9d45075c810cc974feb0827da25442f2d69d675837f8048f728f370c4c2,good_train,everyday,0,x64,34340,34337,goodware_balanced/everyday/4672d9d45075c810cc974feb0827da25442f2d69d675837f8048f728f370c4c2.asm,icutu78.dll,plain,2,0
3998cb9058c3bbdceb5f050bac38c202786304db395972c6f6744a166acc37b8,good_train,everyday,0,x64,100005,100000,goodware_balanced/everyday/3998cb9058c3bbdceb5f050bac38c202786304db395972c6f6744a166acc37b8.asm,icuuc78.dll,plain,3,1
1f43a5250cd9b148c5a52e6453a1d85c9a02dc88401ea9c5feadd35c4b07808f,good_train,everyday,0,x64,5727,5726,goodware_balanced/everyday/1f43a5250cd9b148c5a52e6453a1d85c9a02dc88401ea9c5feadd35c4b07808f.asm,idfcyl.exe,plain,0,0
8287727077bea370814add8b664568790b1453db772ed15b463467436eaef08d,good_train,everyday,0,x64,17000,16999,goodware_balanced/everyday/8287727077bea370814add8b664568790b1453db772ed15b463467436eaef08d.asm,idna.exe,plain,0,0
c108dce470ee6c576d8d1995166493e25188e143236616ff9234786d544470d3,good_train,everyday,0,x64,27144,27143,goodware_balanced/everyday/c108dce470ee6c576d8d1995166493e25188e143236616ff9234786d544470d3.asm,importai.dll,plain,0,0
654bf83d99aa89de0eab224a6039d647fb3e067ff2fe6efe265d9d870b13b0e9,good_train,everyday,0,x64,34387,34386,goodware_balanced/everyday/654bf83d99aa89de0eab224a6039d647fb3e067ff2fe6efe265d9d870b13b0e9.asm,importidml.dll,plain,0,0
9512fb24e612c4c2ca4e7e40c3fcf530d6ab1009aecb378d3df0322c2de0e092,good_train,everyday,0,x64,100064,100000,goodware_balanced/everyday/9512fb24e612c4c2ca4e7e40c3fcf530d6ab1009aecb378d3df0322c2de0e092.asm,importpub.dll,plain,62,1
58b166f9497ca4f1f5f29fb9fd704dbb9ef463b8400c5dc2bfe8212e8faa73c0,good_train,everyday,0,x64,10171,10170,goodware_balanced/everyday/58b166f9497ca4f1f5f29fb9fd704dbb9ef463b8400c5dc2bfe8212e8faa73c0.asm,importshape.dll,plain,0,0
90b317ca8f61756d730973c833948cfe94bdcaa24b067597d95338a6195fd28b,good_train,everyday,0,x64,7755,7754,goodware_balanced/everyday/90b317ca8f61756d730973c833948cfe94bdcaa24b067597d95338a6195fd28b.asm,importsml.dll,plain,0,0
6e49d218cb7fc8ac831e141954a9a14635f558362a2edd156d06a84e2e10dfc8,good_train,everyday,0,x64,26518,26506,goodware_balanced/everyday/6e49d218cb7fc8ac831e141954a9a14635f558362a2edd156d06a84e2e10dfc8.asm,importsvm.dll,plain,11,0
c7901b547063aa351a1dbdb2a48f5cf441c1cfe3c282b6ff61e4e8100f77dd59,good_train,everyday,0,x64,28229,28228,goodware_balanced/everyday/c7901b547063aa351a1dbdb2a48f5cf441c1cfe3c282b6ff61e4e8100f77dd59.asm,importwpg.dll,plain,0,0
226da6b414470d17a4b4d368bb55916ab3922b1ae10bb2325ea627f63b1aea71,good_train,everyday,0,x86,22285,22282,goodware_balanced/everyday/226da6b414470d17a4b4d368bb55916ab3922b1ae10bb2325ea627f63b1aea71.asm,inject-helper32.exe,plain,2,0
a785ae14b5debae83404942d5ef7a51c83a53c603d6f5a23162d7f52ff96d9ff,good_train,everyday,0,x64,18211,18209,goodware_balanced/everyday/a785ae14b5debae83404942d5ef7a51c83a53c603d6f5a23162d7f52ff96d9ff.asm,inject-helper64.exe,plain,1,0
2dd6dd98acaadbd5d94eeb8aa579cf74212d76d7ba82c6f3ff9bd41ccd32a74f,good_train,everyday,0,x64,13172,13171,goodware_balanced/everyday/2dd6dd98acaadbd5d94eeb8aa579cf74212d76d7ba82c6f3ff9bd41ccd32a74f.asm,inprocserv.dll,plain,0,0
ea8be07160565096f76844aecc28b87eb9b1a8eec1cd27d8023ead197fcb8cbb,good_train,everyday,0,x64,18558,18524,goodware_balanced/everyday/ea8be07160565096f76844aecc28b87eb9b1a8eec1cd27d8023ead197fcb8cbb.asm,intl-8.dll,plain,33,0
db16be40b8373b83c7214c408faa87b9140fc7d2e15b2284fcd0576f48836fda,good_train,everyday,0,x64,69583,69582,goodware_balanced/everyday/db16be40b8373b83c7214c408faa87b9140fc7d2e15b2284fcd0576f48836fda.asm,introspectionlo.dll,plain,0,0
e5ac3bdf5e21430c92e610c4b092b3dd502ccdb514669db87103598686d157f6,good_train,everyday,0,x64,36922,36921,goodware_balanced/everyday/e5ac3bdf5e21430c92e610c4b092b3dd502ccdb514669db87103598686d157f6.asm,invocationlo.dll,plain,0,0
ee257df943a679a5bb5223d6e15abffeaf5838d878dde754b000445b279593c3,good_train,everyday,0,x64,78423,78422,goodware_balanced/everyday/ee257df943a679a5bb5223d6e15abffeaf5838d878dde754b000445b279593c3.asm,iolo.dll,plain,0,0
a957d7b7bd5919f9149278ced30472e8a8641de3bf79e102f3952c82714df8d6,good_train,everyday,0,x64,22748,22740,goodware_balanced/everyday/a957d7b7bd5919f9149278ced30472e8a8641de3bf79e102f3952c82714df8d6.asm,iv_uninstall.exe,plain,7,0
da015dafef2a3bf3c6fed28a4f5776095eea95e51dfdc44cdac4f296a067df6f,good_train,everyday,0,x64,100003,100000,goodware_balanced/everyday/da015dafef2a3bf3c6fed28a4f5776095eea95e51dfdc44cdac4f296a067df6f.asm,jdbclo.dll,plain,1,1
98720d8675036560545db93da0427b46361f565f7f517f77c11db7f72d9c8cdd,good_train,everyday,0,x64,90006,90003,goodware_balanced/everyday/98720d8675036560545db93da0427b46361f565f7f517f77c11db7f72d9c8cdd.asm,junction64.exe,plain,2,0
f990a0b8a0b51dee1f6c4750afba512267241f755116065c13246c0b9286821c,good_train,everyday,0,x64,100009,100000,goodware_balanced/everyday/f990a0b8a0b51dee1f6c4750afba512267241f755116065c13246c0b9286821c.asm,kiapi.dll,plain,7,1
c156881a983926b82daf4e2dd954da31915e399e3cccddb444f0a09b51eef9aa,good_train,everyday,0,x64,100149,100000,goodware_balanced/everyday/c156881a983926b82daf4e2dd954da31915e399e3cccddb444f0a09b51eef9aa.asm,kicommon.dll,plain,147,1
3a0f0eee83751ab7ee9adfa99207d64673c1ca432d108ebde361037d712614f4,good_train,everyday,0,x64,100007,100000,goodware_balanced/everyday/3a0f0eee83751ab7ee9adfa99207d64673c1ca432d108ebde361037d712614f4.asm,kigal.dll,plain,5,1
eff5baa9d7677fddfb589418a38f66a8ec0a4c91beed5cbf1be5f4857f38c9c0,good_train,everyday,0,x64,5341,5340,goodware_balanced/everyday/eff5baa9d7677fddfb589418a38f66a8ec0a4c91beed5cbf1be5f4857f38c9c0.asm,kimg_pcx.dll,plain,0,0
5bbabced7a2fc6f417bdb44b25ee1e3e3c5b421ed0e33cb003586850ea341b47,good_train,everyday,0,x64,5449,5448,goodware_balanced/everyday/5bbabced7a2fc6f417bdb44b25ee1e3e3c5b421ed0e33cb003586850ea341b47.asm,kimg_pic.dll,plain,0,0
7f0734fdf277db336a6fd955c6eed19207706c5a38d03ec8edb4f662ccd78d3d,good_train,everyday,0,x64,3850,3849,goodware_balanced/everyday/7f0734fdf277db336a6fd955c6eed19207706c5a38d03ec8edb4f662ccd78d3d.asm,kimg_tga.dll,plain,0,0
4e40b4e63d31d281a3239317ffdc9c204656b8328df97ec5eb56726ef7966373,good_train,everyday,0,x64,1996,1995,goodware_balanced/everyday/4e40b4e63d31d281a3239317ffdc9c204656b8328df97ec5eb56726ef7966373.asm,krita.exe,plain,0,0
cf821125c685f550ca3b20884a8fd2ddc638724eff06bdeb3a330e50d1b00449,good_train,everyday,0,x64,9172,9171,goodware_balanced/everyday/cf821125c685f550ca3b20884a8fd2ddc638724eff06bdeb3a330e50d1b00449.asm,kritaarrangedocker.dll,plain,0,0
cfd61c6d7c74266d259424959541b01c4ec89f9b929a531c2618fa2ed5c89392,good_train,everyday,0,x64,25812,25811,goodware_balanced/everyday/cfd61c6d7c74266d259424959541b01c4ec89f9b929a531c2618fa2ed5c89392.asm,kritaartisticcolorselector.dll,plain,0,0
722d0b74306317389621eb6515e2d744995958c4a706bec1b7494feedbd8a4eb,good_train,everyday,0,x64,75226,75225,goodware_balanced/everyday/722d0b74306317389621eb6515e2d744995958c4a706bec1b7494feedbd8a4eb.asm,kritaassistanttool.dll,plain,0,0
2939ddac46ee0deb9bf7ecc0ffa06b0702ae73407bf6842c0ffbd1bd291b9f83,good_train,everyday,0,x64,57707,57706,goodware_balanced/everyday/2939ddac46ee0deb9bf7ecc0ffa06b0702ae73407bf6842c0ffbd1bd291b9f83.asm,kritadeformpaintop.dll,plain,0,0
028e30518580ba97bb8bc0255658f901f5764e08b4b247f7c3f49a9eb1f359a9,good_train,everyday,0,x64,74939,74938,goodware_balanced/everyday/028e30518580ba97bb8bc0255658f901f5764e08b4b247f7c3f49a9eb1f359a9.asm,kritahatchingpaintop.dll,plain,0,0
3ced74374cd3b9b640f3fd6a9b4564274f8d2d3ac152b6426b7e72a4b3d58af9,good_train,everyday,0,x64,72648,72647,goodware_balanced/everyday/3ced74374cd3b9b640f3fd6a9b4564274f8d2d3ac152b6426b7e72a4b3d58af9.asm,kritaheifexport.dll,plain,0,0
41299bf3e17d9427b8a8b03dab5e22715f09f21941728e4b31f4385ed7c27e89,good_train,everyday,0,x64,10876,10875,goodware_balanced/everyday/41299bf3e17d9427b8a8b03dab5e22715f09f21941728e4b31f4385ed7c27e89.asm,kritahistogramdocker.dll,plain,0,0
25f3a977a88ce16782841e69f514a9ea1486715f233533233dc6442fc1a122d0,good_train,everyday,0,x64,10332,10331,goodware_balanced/everyday/25f3a977a88ce16782841e69f514a9ea1486715f233533233dc6442fc1a122d0.asm,kritajp2import.dll,plain,0,0
e816c713a44fc46d463273e5ffa7073ecf4cf65374565ddc287be705cf380625,good_train,everyday,0,x64,50111,50110,goodware_balanced/everyday/e816c713a44fc46d463273e5ffa7073ecf4cf65374565ddc287be705cf380625.asm,kritalayerdocker.dll,plain,0,0
0707efdb08f901ea26cf8cfc3a2e5ee9d81ea2c2513c7cc187c68fc332b504f4,good_train,everyday,0,x64,10734,10733,goodware_balanced/everyday/0707efdb08f901ea26cf8cfc3a2e5ee9d81ea2c2513c7cc187c68fc332b504f4.asm,kritalogdocker.dll,plain,0,0
d9df80d225bc0c832ade1f631f0fe2fb03da8b25ce09055064181b9e4f29771f,good_train,everyday,0,x64,18429,18428,goodware_balanced/everyday/d9df80d225bc0c832ade1f631f0fe2fb03da8b25ce09055064181b9e4f29771f.asm,kritapalettize.dll,plain,0,0
521ae75c009393af343d5fcbe0158bcb387115a012b3cd668a005eb85919c327,good_train,everyday,0,x64,8541,8540,goodware_balanced/everyday/521ae75c009393af343d5fcbe0158bcb387115a012b3cd668a005eb85919c327.asm,kritapixelizefilter.dll,plain,0,0
c0151c55aab33c9cf30d3566337ffad9de4f1c7b5564940f5aa9ca468232b1de,good_train,everyday,0,x64,9091,9090,goodware_balanced/everyday/c0151c55aab33c9cf30d3566337ffad9de4f1c7b5564940f5aa9ca468232b1de.asm,kritaqimageioexport.dll,plain,0,0
4e4c58fde8989d231d5d61d7924a8a9c1f6624641dbc56fca656a5449a37a2ab,good_train,everyday,0,x64,100002,100000,goodware_balanced/everyday/4e4c58fde8989d231d5d61d7924a8a9c1f6624641dbc56fca656a5449a37a2ab.asm,kritaseexprgenerator.dll,plain,0,1
5654c38ce36d13bedb654c299428503aaf535caadb3f00e0ae031ce4c293f733,good_train,everyday,0,x64,13997,13996,goodware_balanced/everyday/5654c38ce36d13bedb654c299428503aaf535caadb3f00e0ae031ce4c293f733.asm,kritaseparatechannels.dll,plain,0,0
002a44ed41c37738d05584b5dacc7e3e745f893bf3a6642bd4ef7f86376b84f8,good_train,everyday,0,x64,15919,15918,goodware_balanced/everyday/002a44ed41c37738d05584b5dacc7e3e745f893bf3a6642bd4ef7f86376b84f8.asm,kritasmallcolorselector.dll,plain,0,0
b0a5df06d647c15a5e1696546599dc08808509709034a923e96c26cd57a80aa3,good_train,everyday,0,x64,12185,12184,goodware_balanced/everyday/b0a5df06d647c15a5e1696546599dc08808509709034a923e96c26cd57a80aa3.asm,kritasnapshotdocker.dll,plain,0,0
1b2aeaf38eccfe40b0f14d3896c6c7d37c7a95ebd6e2854fecb44c2f633effed,good_train,everyday,0,x64,14441,14440,goodware_balanced/everyday/1b2aeaf38eccfe40b0f14d3896c6c7d37c7a95ebd6e2854fecb44c2f633effed.asm,kritaspecificcolorselector.dll,plain,0,0
2a7a30658f9978ee47aabe0fd38ff24f61615b1bc034d9e8ff734400d13e7868,good_train,everyday,0,x64,89589,89588,goodware_balanced/everyday/2a7a30658f9978ee47aabe0fd38ff24f61615b1bc034d9e8ff734400d13e7868.asm,kritatextproperties.dll,plain,0,0
4b79c51fe9c22b66ee35374c12d02353eb915799d62c1bdf21e73ef69e2fb960,good_train,everyday,0,x64,6567,6566,goodware_balanced/everyday/4b79c51fe9c22b66ee35374c12d02353eb915799d62c1bdf21e73ef69e2fb960.asm,kritatgaexport.dll,plain,0,0
be03a2c0d69d1e0a41ad00d8b6c5cee8b3ebd352de25c98e81acf7d13b7d9c25,good_train,everyday,0,x64,32932,32931,goodware_balanced/everyday/be03a2c0d69d1e0a41ad00d8b6c5cee8b3ebd352de25c98e81acf7d13b7d9c25.asm,kritatiffexport.dll,plain,0,0
b229993c86e9a52e5e57f0a76312b99188e9c2795a31885545fc175350ddb87b,good_train,everyday,0,x64,28070,28069,goodware_balanced/everyday/b229993c86e9a52e5e57f0a76312b99188e9c2795a31885545fc175350ddb87b.asm,kritatoolKnife.dll,plain,0,0
86882c66a83b12f18f68b31c6ccf8ebd19bb88b0379a7291e7849fc0497f18b4,good_train,everyday,0,x64,23851,23850,goodware_balanced/everyday/86882c66a83b12f18f68b31c6ccf8ebd19bb88b0379a7291e7849fc0497f18b4.asm,kritatoolSmartPatch.dll,plain,0,0
bf153603efb90fd587fcc6a1ff839d093b7ef4bbbae4199b28418b16177f097e,good_train,everyday,0,x64,22721,22720,goodware_balanced/everyday/bf153603efb90fd587fcc6a1ff839d093b7ef4bbbae4199b28418b16177f097e.asm,kritatoolcrop.dll,plain,0,0
0e6fe2eecce07c292ea572d5999de792bc92ca48bfba6a2729e1a35eb58b4f06,good_train,everyday,0,x64,10809,10808,goodware_balanced/everyday/0e6fe2eecce07c292ea572d5999de792bc92ca48bfba6a2729e1a35eb58b4f06.asm,kritawavefilter.dll,plain,0,0
402c72ad83bf254dd215041023751b0dca47c2816a2b065b0f4b5fe8f38e0da7,good_train,everyday,0,x64,53866,53858,goodware_balanced/everyday/402c72ad83bf254dd215041023751b0dca47c2816a2b065b0f4b5fe8f38e0da7.asm,lconvert.exe,plain,7,0
980e64020cfceb02652a2a08270b84b974f18f290e9cb798f5d46d3aa3a0ec94,good_train,everyday,0,x86,8282,8278,goodware_balanced/everyday/980e64020cfceb02652a2a08270b84b974f18f290e9cb798f5d46d3aa3a0ec94.asm,ldmdump.exe,plain,3,0
e492d5af6e53aaea3f3b4af095aba68e9cd3b0c06ceb470468ea18546624c375,good_train,everyday,0,x64,30124,30123,goodware_balanced/everyday/e492d5af6e53aaea3f3b4af095aba68e9cd3b0c06ceb470468ea18546624c375.asm,lgpllibs.dll,plain,0,0
72f789134e9844da5f5efdf5b7780a12ca50c19ea078d9264dc5c4fb81403370,good_train,everyday,0,x64,92779,92767,goodware_balanced/everyday/72f789134e9844da5f5efdf5b7780a12ca50c19ea078d9264dc5c4fb81403370.asm,libEGL.dll,plain,11,0
d39735ec3be1bf6c86de02f022f37e07de4c301124a8e4dbf5683b6ebd8d9e34,good_train,everyday,0,x64,5953,5952,goodware_balanced/everyday/d39735ec3be1bf6c86de02f022f37e07de4c301124a8e4dbf5683b6ebd8d9e34.asm,libEGL_d39735ec.dll,plain,0,0
190132c6ce0665d3a117907e4d4431a34ea7e76d305d5870b0e52f2e4587d9e4,good_train,everyday,0,x64,100002,100000,goodware_balanced/everyday/190132c6ce0665d3a117907e4d4431a34ea7e76d305d5870b0e52f2e4587d9e4.asm,libGLESv2.dll,plain,0,1
7db32397945600deb50f217d8e246008fffbf89be78a696475ea26c8aa30bba9,good_train,everyday,0,x64,29688,29687,goodware_balanced/everyday/7db32397945600deb50f217d8e246008fffbf89be78a696475ea26c8aa30bba9.asm,libOpenEXRUtil-3_4.dll,plain,0,0
2eb368c0b913d2fa3b45bc7d0a01251351d763f9bf61266770a112a01f886dbb,good_train,everyday,0,x64,16014,16006,goodware_balanced/everyday/2eb368c0b913d2fa3b45bc7d0a01251351d763f9bf61266770a112a01f886dbb.asm,libbz2.dll,plain,7,0
cd6dff1047a96f808997eef79bec92c585e3455eae9be807bb7d3a3e3dadb39b,good_train,everyday,0,x64,100002,100000,goodware_balanced/everyday/cd6dff1047a96f808997eef79bec92c585e3455eae9be807bb7d3a3e3dadb39b.asm,libcef.dll,plain,0,1
b9a380e963e1bae032da6d7b0ec13868bf9068dc5aba9f256526bed0cd4d8352,good_train,everyday,0,x64,100499,100000,goodware_balanced/everyday/b9a380e963e1bae032da6d7b0ec13868bf9068dc5aba9f256526bed0cd4d8352.asm,libcrypto-3-x64.dll,plain,497,1
99edc411dc3b8ff301d174b7a72284fcd85b0d59fedd2fd9ac347206889ffbb7,good_train,everyday,0,x64,100114,100000,goodware_balanced/everyday/99edc411dc3b8ff301d174b7a72284fcd85b0d59fedd2fd9ac347206889ffbb7.asm,libcrypto-3-x64_99edc411.dll,plain,112,1
dafd970692ce7ae656cc71daac98a136f0e0ba518186c26c5d1ee4156b2a3988,good_train,everyday,0,x64,100002,100000,goodware_balanced/everyday/dafd970692ce7ae656cc71daac98a136f0e0ba518186c26c5d1ee4156b2a3988.asm,libcrypto-3-x64_dafd9706.dll,plain,0,1
e02be5cffeb8323ec12fb701b68bf8a5204fefdf1722de7650a2c9fc8ac78eaa,good_train,everyday,0,x64,100002,100000,goodware_balanced/everyday/e02be5cffeb8323ec12fb701b68bf8a5204fefdf1722de7650a2c9fc8ac78eaa.asm,libcrypto_3.dll,plain,0,1
5f0494dd46a59f1a0d2b6f1984322980d84105a6efee10b0414ec0cf2e5b0bc5,good_train,everyday,0,x64,100149,100000,goodware_balanced/everyday/5f0494dd46a59f1a0d2b6f1984322980d84105a6efee10b0414ec0cf2e5b0bc5.asm,libcurl.dll,plain,147,1
dd9b48fe5200bfa686040e95f0584c0f4cb4d0c40474fbf6f31cddc3671e889f,good_train,everyday,0,x64,100002,100000,goodware_balanced/everyday/dd9b48fe5200bfa686040e95f0584c0f4cb4d0c40474fbf6f31cddc3671e889f.asm,libde265.dll,plain,0,1
18fed721381dfef8d72987680ac2155e630f7795adbc2a0ee0d2ec976b6ba864,good_train,everyday,0,x64,37468,37227,goodware_balanced/everyday/18fed721381dfef8d72987680ac2155e630f7795adbc2a0ee0d2ec976b6ba864.asm,libexpat.dll,plain,240,0
561e7334682dbe8cfc387a975cc63ef40505b409439aedd8c6925904c6b41fae,good_train,everyday,0,x64,5310,5309,goodware_balanced/everyday/561e7334682dbe8cfc387a975cc63ef40505b409439aedd8c6925904c6b41fae.asm,libffi-8.dll,plain,0,0
5a69590992c1c6bcb5b7cd28fa1c27848ec0b6c8996e4365be9361220714a6b5,good_train,everyday,0,x64,8044,8043,goodware_balanced/everyday/5a69590992c1c6bcb5b7cd28fa1c27848ec0b6c8996e4365be9361220714a6b5.asm,libgif.dll,plain,0,0
af50f6325a4b794898aab4f455ef5a4108954ba5dbb0cb579af97b416d7e4989,good_train,everyday,0,x64,100002,100000,goodware_balanced/everyday/af50f6325a4b794898aab4f455ef5a4108954ba5dbb0cb579af97b416d7e4989.asm,libharfbuzz-0.dll,plain,0,1
578f70ee56bf8369fcbb095fc87a425a3e11fa7c29e530ef23c38badfe08ddbd,good_train,everyday,0,x64,100002,100000,goodware_balanced/everyday/578f70ee56bf8369fcbb095fc87a425a3e11fa7c29e530ef23c38badfe08ddbd.asm,libheif.dll,plain,0,1
36721b156ec7da8e221a50280b078cabff976c48c0d5408f640b7c96f6f73d2a,good_train,everyday,0,x86,36544,36543,goodware_balanced/everyday/36721b156ec7da8e221a50280b078cabff976c48c0d5408f640b7c96f6f73d2a.asm,libiconv-2.dll,plain,0,0
378505a30a5d7ecc9e8bf25bddb7bcd8f00e6e2e90bb09dd7441e7ded658d54f,good_train,everyday,0,x64,35479,35478,goodware_balanced/everyday/378505a30a5d7ecc9e8bf25bddb7bcd8f00e6e2e90bb09dd7441e7ded658d54f.asm,libiconv-2_378505a3.dll,plain,0,0
3ec2d1a924ef6f19f2db45e48b9cf4b74a904af5720100e3da02182eee3bcf02,good_train,everyday,0,x86,102477,100000,goodware_balanced/everyday/3ec2d1a924ef6f19f2db45e48b9cf4b74a904af5720100e3da02182eee3bcf02.asm,libiconv2.dll,packed_other,2475,1
e0305e88dcb41a3d71e1492d8459e48b5657612ee7c98a7f9eaef7c7664d1598,good_train,everyday,0,x64,40606,40605,goodware_balanced/everyday/e0305e88dcb41a3d71e1492d8459e48b5657612ee7c98a7f9eaef7c7664d1598.asm,libintl-8.dll,plain,0,0
7b6ace9e528bf946ca544cc54ea94d4a0b892d853c300397c6868229616a639a,good_train,everyday,0,x86,42947,42946,goodware_balanced/everyday/7b6ace9e528bf946ca544cc54ea94d4a0b892d853c300397c6868229616a639a.asm,libintl-8_7b6ace9e.dll,plain,0,0
a3eb82a2a40baeb68553fd9d776eaf5838dc81ae4d901405c4ee2b47c44b1ab8,good_train,everyday,0,x64,17121,17120,goodware_balanced/everyday/a3eb82a2a40baeb68553fd9d776eaf5838dc81ae4d901405c4ee2b47c44b1ab8.asm,libjxl_cms.dll,plain,0,0
db9a968484787c1e03b69bff796d906c211c5bf75c5d6d7d25412bc5d9d27691,good_train,everyday,0,x64,14529,14528,goodware_balanced/everyday/db9a968484787c1e03b69bff796d906c211c5bf75c5d6d7d25412bc5d9d27691.asm,libkritacommand.dll,plain,0,0
f2bbd6ec82c6bd85d9da1845804eec2aaeba140b81ee34c4448e172c2b5d0bef,good_train,everyday,0,x64,70376,70375,goodware_balanced/everyday/f2bbd6ec82c6bd85d9da1845804eec2aaeba140b81ee34c4448e172c2b5d0bef.asm,liblcms2.dll,plain,0,0
398b56c8bd36b1d3a167cf131ccbb6b1fa345d24b7deb4aa98127f7a657d0f56,good_train,everyday,0,x64,35545,35530,goodware_balanced/everyday/398b56c8bd36b1d3a167cf131ccbb6b1fa345d24b7deb4aa98127f7a657d0f56.asm,liblzma.dll,plain,14,0
a2a065786f146eee219031bc9a28845cff78abf570296e88dd5ad051abb8188f,good_train,everyday,0,x64,37630,37575,goodware_balanced/everyday/a2a065786f146eee219031bc9a28845cff78abf570296e88dd5ad051abb8188f.asm,libobs-d3d11.dll,plain,54,0
29e4fd2da9dec07463a2a2c3787f9ef64da2b2ab868ff86521bdc34ca8c79990,good_train,everyday,0,x64,59116,59092,goodware_balanced/everyday/29e4fd2da9dec07463a2a2c3787f9ef64da2b2ab868ff86521bdc34ca8c79990.asm,libobs-opengl.dll,plain,23,0
a77ae0ec5c2c23685d3c6da15b6cb3339ce3eb7b528e52e969252b8c3f2639f1,good_train,everyday,0,x64,10100,10099,goodware_balanced/everyday/a77ae0ec5c2c23685d3c6da15b6cb3339ce3eb7b528e52e969252b8c3f2639f1.asm,libobs-winrt.dll,plain,0,0
05a77da99709c8f0717716119060ebf8fa119c03f0235003f49cfcd102fa439a,good_train,everyday,0,x64,96862,96861,goodware_balanced/everyday/05a77da99709c8f0717716119060ebf8fa119c03f0235003f49cfcd102fa439a.asm,libopus.dll,plain,0,0
481eb3a2c30cd5d37160d538cec4b196511d3c3bcca73e6b7e64f303de0303e9,good_train,everyday,0,x64,45245,45170,goodware_balanced/everyday/481eb3a2c30cd5d37160d538cec4b196511d3c3bcca73e6b7e64f303de0303e9.asm,libpq.dll,plain,74,0
9e59de9c608dd6889a264d36ce07db3048384daf1e6bb688f86f2ea3fd7e2687,good_train,everyday,0,x64,100068,100000,goodware_balanced/everyday/9e59de9c608dd6889a264d36ce07db3048384daf1e6bb688f86f2ea3fd7e2687.asm,libprotobuf.dll,plain,66,1
9ab6ae787389abe110de9eb8189c1327e63904ca731cd10a422497177ebe7bc6,good_train,everyday,0,x64,100011,100000,goodware_balanced/everyday/9ab6ae787389abe110de9eb8189c1327e63904ca731cd10a422497177ebe7bc6.asm,libprotoc.dll,plain,9,1
5a0210cb6cf0b566cc3e7c15feb7821cc8d26c79320de53ada6c21c065de7510,good_train,everyday,0,x64,100002,100000,goodware_balanced/everyday/5a0210cb6cf0b566cc3e7c15feb7821cc8d26c79320de53ada6c21c065de7510.asm,libraw.dll,plain,0,1
2e02c49159a881c72be222622fe6134c151b5984246d4c5bbfe73746311a5e94,good_train,everyday,0,x64,100002,100000,goodware_balanced/everyday/2e02c49159a881c72be222622fe6134c151b5984246d4c5bbfe73746311a5e94.asm,libraw_r.dll,plain,0,1
96463308ff07c31f1bd768cb842b05c4965191cbf080eeadd3b34738d1816059,good_train,everyday,0,x64,42658,42639,goodware_balanced/everyday/96463308ff07c31f1bd768cb842b05c4965191cbf080eeadd3b34738d1816059.asm,librist.dll,plain,18,0
217208e5b48c9ab9e30e65a5ff41b8245cdc707f82c7c44fe366472feea0e3fd,good_train,everyday,0,x64,95010,95008,goodware_balanced/everyday/217208e5b48c9ab9e30e65a5ff41b8245cdc707f82c7c44fe366472feea0e3fd.asm,libsodium.dll,plain,1,0
a96515e126f3c112e679e9c82c4cc7224705238e391f3ee4cb81aef6aacf3c66,good_train,everyday,0,x64,100059,100000,goodware_balanced/everyday/a96515e126f3c112e679e9c82c4cc7224705238e391f3ee4cb81aef6aacf3c66.asm,libssl-3-x64.dll,plain,57,1
15844f7e8a06afce371b9a43748588edf0dd1b746c1847f7dda6b9abfc017ec9,good_train,everyday,0,x64,100129,100000,goodware_balanced/everyday/15844f7e8a06afce371b9a43748588edf0dd1b746c1847f7dda6b9abfc017ec9.asm,libssl-3-x64_15844f7e.dll,plain,127,1
da8fb9c02b6847f4132b5ea538e7b83a7ed7b4bea1041aeefaf7b5e9c2abd964,good_train,everyday,0,x64,44027,44026,goodware_balanced/everyday/da8fb9c02b6847f4132b5ea538e7b83a7ed7b4bea1041aeefaf7b5e9c2abd964.asm,libtheora-0.dll,plain,0,0
e28f3d1adba5bf9ced97c0cfcdd63dc19a7f74ffe6aa3a1b25ef57c613bccbf8,good_train,everyday,0,x64,2884,2883,goodware_balanced/everyday/e28f3d1adba5bf9ced97c0cfcdd63dc19a7f74ffe6aa3a1b25ef57c613bccbf8.asm,libtiffxx.dll,plain,0,0
ac7539f02b0dc952284316f53a3434cee18ae803e56becbd50fd829fe09fdaef,good_train,everyday,0,x64,24758,24748,goodware_balanced/everyday/ac7539f02b0dc952284316f53a3434cee18ae803e56becbd50fd829fe09fdaef.asm,libusb-1.0.dll,plain,9,0
8ae9f16a72441f43fb4ae8f72c843736726e067ea4a8def2646748631cc4e872,good_train,everyday,0,x64,30406,30402,goodware_balanced/everyday/8ae9f16a72441f43fb4ae8f72c843736726e067ea4a8def2646748631cc4e872.asm,libvlc.dll,plain,3,0
d3475b834dd3eb77910f37f71b0341d358bcbdda5b9f04cc4a3a8e2be1bc8e35,good_train,everyday,0,x64,100002,100000,goodware_balanced/everyday/d3475b834dd3eb77910f37f71b0341d358bcbdda5b9f04cc4a3a8e2be1bc8e35.asm,libvlccore.dll,plain,0,1
d6e149258301197199dfbb74f27a71081e46103b587b5025a3a965e31c983b64,good_train,everyday,0,x64,8901,8900,goodware_balanced/everyday/d6e149258301197199dfbb74f27a71081e46103b587b5025a3a965e31c983b64.asm,libwebpmux.dll,plain,0,0
1b7f04375f9a994ff9f66068c077ebbb6f7c5ee0dc7b43c5d65624630e6b71c3,good_train,everyday,0,x64,9761,9757,goodware_balanced/everyday/1b7f04375f9a994ff9f66068c077ebbb6f7c5ee0dc7b43c5d65624630e6b71c3.asm,libwinpthread-1.dll,plain,3,0
87bf8a8331691b32cf6c8e9b282c9c2a825ed0b83eba0f24e539f667c042684e,good_train,everyday,0,x64,100002,100000,goodware_balanced/everyday/87bf8a8331691b32cf6c8e9b282c9c2a825ed0b83eba0f24e539f667c042684e.asm,libx264-164.dll,plain,0,1
4c0c8a43b5c3f7e8fad6947ad1de1314646b9115062ebb4c8a0341e37eece6ce,good_train,everyday,0,x64,45779,45778,goodware_balanced/everyday/4c0c8a43b5c3f7e8fad6947ad1de1314646b9115062ebb4c8a0341e37eece6ce.asm,libxmlsec_mscng.dll,plain,0,0
802481856055f72b1ba329444667e6019511d9e9783b7fa32832d524601951b3,good_train,everyday,0,x64,18330,18329,goodware_balanced/everyday/802481856055f72b1ba329444667e6019511d9e9783b7fa32832d524601951b3.asm,libz.dll,plain,0,0
c0dfbac7ad106fd37aa66770e681354b199666119c52ef5065c256839adaed0f,good_train,everyday,0,x64,100007,100000,goodware_balanced/everyday/c0dfbac7ad106fd37aa66770e681354b199666119c52ef5065c256839adaed0f.asm,libzoteroWinWordIntegration.dll,plain,5,1
0ad5613f92827f7269a07bf478078566850624bda57d67b723fe0e3b365ed6d6,good_train,everyday,0,x64,5145,5144,goodware_balanced/everyday/0ad5613f92827f7269a07bf478078566850624bda57d67b723fe0e3b365ed6d6.asm,localedata_en.dll,plain,0,0
1f83b8e909f8e444446f299af059a607398884df3f65f4a75e99481e111f8d49,good_train,everyday,0,x64,16849,16848,goodware_balanced/everyday/1f83b8e909f8e444446f299af059a607398884df3f65f4a75e99481e111f8d49.asm,localedata_euro.dll,plain,0,0
7b646dbccb20d5eb8c977735d3d69ea449395f8d79fdbe28bf8988b46e0ede80,good_train,everyday,0,x64,95258,95252,goodware_balanced/everyday/7b646dbccb20d5eb8c977735d3d69ea449395f8d79fdbe28bf8988b46e0ede80.asm,logonsessions64.exe,plain,5,0
eb0cf2e33accce9fdd086f0fa367d3a9296d30efa773efa61cecb208be425170,good_train,everyday,0,x64,100002,100000,goodware_balanced/everyday/eb0cf2e33accce9fdd086f0fa367d3a9296d30efa773efa61cecb208be425170.asm,lpsolve55.dll,plain,0,1
788ed0c535937ede89722d9352e9a3bcc0234879b60816828ca7b95b10bd5082,good_train,everyday,0,x64,100095,100000,goodware_balanced/everyday/788ed0c535937ede89722d9352e9a3bcc0234879b60816828ca7b95b10bd5082.asm,lua51.dll,plain,93,1
bd3c52a6ac35b117dbd4bcaa3e0ae4f230dfb2910748d7e4f5236f7b10c679f7,good_train,everyday,0,x64,23797,23796,goodware_balanced/everyday/bd3c52a6ac35b117dbd4bcaa3e0ae4f230dfb2910748d7e4f5236f7b10c679f7.asm,migrationoo3lo.dll,plain,0,0
cf2420faf91d8252dffc0538927031d6f99db2cb766fd439f87bb8546be69750,good_train,everyday,0,x64,22142,22139,goodware_balanced/everyday/cf2420faf91d8252dffc0538927031d6f99db2cb766fd439f87bb8546be69750.asm,mimeTools.dll,plain,2,0
5458490f1feacc104e03890b4a4ff0bba502fe265f1ba6890cd0593c520bc23a,good_train,everyday,0,x64,4312,4311,goodware_balanced/everyday/5458490f1feacc104e03890b4a4ff0bba502fe265f1ba6890cd0593c520bc23a.asm,minidump_upload.exe,plain,0,0
beba5a12b0c1a941baa1427656fc1da9a2674dbd6c336b0870c960e65c43a87e,good_train,everyday,0,x64,89019,89013,goodware_balanced/everyday/beba5a12b0c1a941baa1427656fc1da9a2674dbd6c336b0870c960e65c43a87e.asm,movefile64.exe,plain,5,0
edc6f1ae481ee6b19aa53cc9d7493e5ef0dc3fdc8decc6b9c3efa0d13ee2225a,good_train,everyday,0,x64,100002,100000,goodware_balanced/everyday/edc6f1ae481ee6b19aa53cc9d7493e5ef0dc3fdc8decc6b9c3efa0d13ee2225a.asm,mozavcodec.dll,plain,0,1
0ed017e60f9808f497fe61aa1df92d7bd8daf28556fab4e6853aa3cc3d456348,good_train,everyday,0,x64,100002,100000,goodware_balanced/everyday/0ed017e60f9808f497fe61aa1df92d7bd8daf28556fab4e6853aa3cc3d456348.asm,mozavutil.dll,plain,0,1
dde04e5f52072112562e46402b396685b34d18c8a81fef98d4d175f9da712d83,good_train,everyday,0,x64,100002,100000,goodware_balanced/everyday/dde04e5f52072112562e46402b396685b34d18c8a81fef98d4d175f9da712d83.asm,mozglue.dll,plain,0,1
eef1491ff437a4de2c96a96f1b8e73755b15e4f5afffbb00994a82a2e0b3a713,good_train,everyday,0,x64,60796,60794,goodware_balanced/everyday/eef1491ff437a4de2c96a96f1b8e73755b15e4f5afffbb00994a82a2e0b3a713.asm,mozwer.dll,plain,1,0
159441c52fd74755cb74c830f661fcd9517c77056887c27ac0569876b600f0c9,good_train,everyday,0,x86,100308,100000,goodware_balanced/everyday/159441c52fd74755cb74c830f661fcd9517c77056887c27ac0569876b600f0c9.asm,mpv (shinchiro build)_0.41.0_X64_inno_en-US.exe,plain,306,1
cb8e1ce54cc21a1b0ad1730d3da229301de9b8304ef723b6050d5ca05712a4f5,good_train,everyday,0,x64,94560,94559,goodware_balanced/everyday/cb8e1ce54cc21a1b0ad1730d3da229301de9b8304ef723b6050d5ca05712a4f5.asm,msvcp140.dll,plain,0,0
0f885b509a685d2bbfa652fed26b5fb31d88fbdab0a978c641d1c7b8aa460aa9,good_train,everyday,0,x64,94560,94559,goodware_balanced/everyday/0f885b509a685d2bbfa652fed26b5fb31d88fbdab0a978c641d1c7b8aa460aa9.asm,msvcp140_0f885b50.dll,plain,0,0
9293164d5c1b5b714b62a76ba7ebf13b00216335d69fc85e2a7c2d7b03f35b0c,good_train,everyday,0,x86,2988,2962,goodware_balanced/everyday/9293164d5c1b5b714b62a76ba7ebf13b00216335d69fc85e2a7c2d7b03f35b0c.asm,msvcp140_1.dll,plain,25,0
0b8191b543c8d667cb1743d288c9a8222152f28a9529c3ca4f8513b7c52aabf9,good_train,everyday,0,x64,1428,1427,goodware_balanced/everyday/0b8191b543c8d667cb1743d288c9a8222152f28a9529c3ca4f8513b7c52aabf9.asm,msvcp140_1_0b8191b5.dll,plain,0,0
576d2ab235e32acc129eda78a3b9a3d3e78b0c97a01940d962cb8502acd030d1,good_train,everyday,0,x64,1432,1431,goodware_balanced/everyday/576d2ab235e32acc129eda78a3b9a3d3e78b0c97a01940d962cb8502acd030d1.asm,msvcp140_1_576d2ab2.dll,plain,0,0
bfad5aef4c63a669e3c140655cdfdf395b6c979b400a447bd5dcb65ed8826c3d,good_train,everyday,0,x64,1428,1427,goodware_balanced/everyday/bfad5aef4c63a669e3c140655cdfdf395b6c979b400a447bd5dcb65ed8826c3d.asm,msvcp140_1_bfad5aef.dll,plain,0,0
1e57a6df9e3742e31a1c6d9bff81ebeeae8a7de3b45a26e5079d5e1cce54cd98,good_train,everyday,0,x64,100002,100000,goodware_balanced/everyday/1e57a6df9e3742e31a1c6d9bff81ebeeae8a7de3b45a26e5079d5e1cce54cd98.asm,msvcp140_1e57a6df.dll,plain,0,1
3ea06f0ee098b4823cb79599df3780e7f23cce52c19aac31d2a0d47efe33a5e9,good_train,everyday,0,x64,43655,43654,goodware_balanced/everyday/3ea06f0ee098b4823cb79599df3780e7f23cce52c19aac31d2a0d47efe33a5e9.asm,msvcp140_2.dll,plain,0,0
2c0a3e328419b3b50b0430f38c6b5882e302177f4b003aba6a0e7e035807043d,good_train,everyday,0,x86,100175,100000,goodware_balanced/everyday/2c0a3e328419b3b50b0430f38c6b5882e302177f4b003aba6a0e7e035807043d.asm,msvcp140_2c0a3e32.dll,plain,173,1
f2069a52880ec885ee7f0511186100eb7fada0411a2b4948fafea7735b878a18,good_train,everyday,0,x64,998,997,goodware_balanced/everyday/f2069a52880ec885ee7f0511186100eb7fada0411a2b4948fafea7735b878a18.asm,msvcp140_codecvt_ids.dll,plain,0,0
4fa330a01151942fdedde2cc9df660a07585b7d9228a9e67fb5e774148d58a4b,good_train,everyday,0,x86,2012,1993,goodware_balanced/everyday/4fa330a01151942fdedde2cc9df660a07585b7d9228a9e67fb5e774148d58a4b.asm,msvcp140_codecvt_ids_4fa330a0.dll,plain,18,0
a12581d37f291121346e8ba2fdfec64a3d72c07aec6350ea0cd2f7aac2f750a4,good_train,everyday,0,x64,1012,1011,goodware_balanced/everyday/a12581d37f291121346e8ba2fdfec64a3d72c07aec6350ea0cd2f7aac2f750a4.asm,msvcp140_codecvt_ids_a12581d3.dll,plain,0,0
7f1115edffe53e5f02bb12e6cb63c46a6e3613490a05333556ac4f78a152d921,good_train,everyday,0,x64,25233,25229,goodware_balanced/everyday/7f1115edffe53e5f02bb12e6cb63c46a6e3613490a05333556ac4f78a152d921.asm,msys-iconv-2.dll,plain,3,0
ee62aa6859e1030f022c9e5183e4eb39dcb15c78cfa57c7bc6a4fc7cf770673e,good_train,everyday,0,x64,7435,7431,goodware_balanced/everyday/ee62aa6859e1030f022c9e5183e4eb39dcb15c78cfa57c7bc6a4fc7cf770673e.asm,msys-intl-8.dll,plain,3,0
5e4a69b425540864e8aff5b99be6ba94c78274f559f254df20bec6ae6a338c60,good_train,everyday,0,x64,1892,1888,goodware_balanced/everyday/5e4a69b425540864e8aff5b99be6ba94c78274f559f254df20bec6ae6a338c60.asm,msys-xcb-dpms-0.dll,plain,3,0
c3a1f24d9cbf1decba3205f722861856ca8779ad5106b6ea1388cd8c0ed737e5,good_train,everyday,0,x64,100002,100000,goodware_balanced/everyday/c3a1f24d9cbf1decba3205f722861856ca8779ad5106b6ea1388cd8c0ed737e5.asm,mxc-diagnostic-console.exe,plain,0,1
dd7eeb3dd57a4e0262634b7023507325947e789b2ec06ec6006ecf4c62074837,good_train,everyday,0,x64,100002,100000,goodware_balanced/everyday/dd7eeb3dd57a4e0262634b7023507325947e789b2ec06ec6006ecf4c62074837.asm,nmhproxy.exe,plain,0,1
ae1a50511be58e987483fdbc12125407443926d2d394669ade2352776e920dd3,good_train,everyday,0,x64,100007,100000,goodware_balanced/everyday/ae1a50511be58e987483fdbc12125407443926d2d394669ade2352776e920dd3.asm,node.exe,plain,5,1
c5c20737cab116cb5f40a124cbe48eee03e1cc83fc3cda13dfcc0bfad3aa796c,good_train,everyday,0,x64,100103,100000,goodware_balanced/everyday/c5c20737cab116cb5f40a124cbe48eee03e1cc83fc3cda13dfcc0bfad3aa796c.asm,notepad++.exe,plain,101,1
865a915f0316e8cda6978ac2275931bc6c1efa427b8f89923dadc40ad7308f5c,good_train,everyday,0,x64,8835,8834,goodware_balanced/everyday/865a915f0316e8cda6978ac2275931bc6c1efa427b8f89923dadc40ad7308f5c.asm,notificationserver.dll,plain,0,0
a4e1b83a841f3c301e4e3892891de1f6bba715902add3939c450251ebe93ce1d,good_train,everyday,0,x86,100002,100000,goodware_balanced/everyday/a4e1b83a841f3c301e4e3892891de1f6bba715902add3939c450251ebe93ce1d.asm,notmyfault.exe,plain,0,1
751656c6a24637ea10418f048c2fdf00ccaf799ff85087e4e63a26fafa5e5b46,good_train,everyday,0,x64,100033,100000,goodware_balanced/everyday/751656c6a24637ea10418f048c2fdf00ccaf799ff85087e4e63a26fafa5e5b46.asm,notmyfaultc64.exe,plain,31,1
7b2a949bf460fb37a3888c9048698f43222a185a48323023df1c51e78a3ca1c2,good_train,everyday,0,x86,8597,8595,goodware_balanced/everyday/7b2a949bf460fb37a3888c9048698f43222a185a48323023df1c51e78a3ca1c2.asm,npp.8.9.8.Installer.x64.exe,plain,1,0
dbd79981d441b65d25f5b21fa29c9093734afe99960e1f1e9e2fed3239c543a5,good_train,everyday,0,x64,15279,15275,goodware_balanced/everyday/dbd79981d441b65d25f5b21fa29c9093734afe99960e1f1e9e2fed3239c543a5.asm,nppPluginList.dll,plain,3,0
6042371724545a5c0f6b9dab743c5ac3182a250a8bf34633689958d893da85f5,good_train,everyday,0,x64,100002,100000,goodware_balanced/everyday/6042371724545a5c0f6b9dab743c5ac3182a250a8bf34633689958d893da85f5.asm,npvlc.dll,plain,0,1
715a9b58de0995d1a08384c522ad9af210e2791aaf8e87a6c07bfe72ebfd2cb5,good_train,everyday,0,x86,1442,1441,goodware_balanced/everyday/715a9b58de0995d1a08384c522ad9af210e2791aaf8e87a6c07bfe72ebfd2cb5.asm,nsDialogs.dll,plain,0,0
1e40211af65923c2f4fd02ce021458a7745d28e2f383835e3015e96575632172,good_train,everyday,0,x86,1442,1441,goodware_balanced/everyday/1e40211af65923c2f4fd02ce021458a7745d28e2f383835e3015e96575632172.asm,nsDialogs_1e40211a.dll,plain,0,0
91a484dc79be64dd11bf5acb62c893e57505fcd8809483aa92b04f10d81f9de0,good_train,everyday,0,x86,1418,1417,goodware_balanced/everyday/91a484dc79be64dd11bf5acb62c893e57505fcd8809483aa92b04f10d81f9de0.asm,nsDialogs_91a484dc.dll,plain,0,0
b1350f487692057c8ffde75dcc55287a52a3272240d4d4912f24464b27551fc0,good_train,everyday,0,x86,1442,1441,goodware_balanced/everyday/b1350f487692057c8ffde75dcc55287a52a3272240d4d4912f24464b27551fc0.asm,nsDialogs_b1350f48.dll,plain,0,0
3a101fa91d4e8831dfb748a1e345ab74fd4a551e64254710bdf53972ba9b473c,good_train,everyday,0,x86,1140,1139,goodware_balanced/everyday/3a101fa91d4e8831dfb748a1e345ab74fd4a551e64254710bdf53972ba9b473c.asm,nsExec.dll,plain,0,0
304f91286c9da8613d4f79cd499e305ab0c3abb355c14e424cea61687fc8fd05,good_train,everyday,0,x86,967,966,goodware_balanced/everyday/304f91286c9da8613d4f79cd499e305ab0c3abb355c14e424cea61687fc8fd05.asm,nsExec_304f9128.dll,plain,0,0
3e2399ae5ce16dd69f7e2c71d928cf54a1024afced8155f1fd663a3e123d9226,good_train,everyday,0,x86,963,962,goodware_balanced/everyday/3e2399ae5ce16dd69f7e2c71d928cf54a1024afced8155f1fd663a3e123d9226.asm,nsExec_3e2399ae.dll,plain,0,0
5d9ceb1ce5f35aea5f9e5a0c0edeeec04dfefe0c77890c80c70e98209b58b962,good_train,everyday,0,x86,967,966,goodware_balanced/everyday/5d9ceb1ce5f35aea5f9e5a0c0edeeec04dfefe0c77890c80c70e98209b58b962.asm,nsExec_5d9ceb1c.dll,plain,0,0
bb6ce83ddaad4f530a66a1048fac868dfc3b86f5e7b8e240d84d1633e385aee8,good_train,everyday,0,x86,426,425,goodware_balanced/everyday/bb6ce83ddaad4f530a66a1048fac868dfc3b86f5e7b8e240d84d1633e385aee8.asm,nsProcess.dll,plain,0,0
30c6c3dd3cc7fcea6e6081ce821adc7b2888542dae30bf00e881c0a105eb4d11,good_train,everyday,0,x86,426,425,goodware_balanced/everyday/30c6c3dd3cc7fcea6e6081ce821adc7b2888542dae30bf00e881c0a105eb4d11.asm,nsProcess_30c6c3dd.dll,plain,0,0
b393f05e8ff919ef071181050e1873c9a776e1a0ae8329aefff7007d0cadf592,good_train,everyday,0,x86,100002,100000,goodware_balanced/everyday/b393f05e8ff919ef071181050e1873c9a776e1a0ae8329aefff7007d0cadf592.asm,nsis7z.dll,plain,0,1
f7e57636d19f5614e4617e37e625c3345c05d95b5ac42446d44550ce862641eb,good_train,everyday,0,x86,100002,100000,goodware_balanced/everyday/f7e57636d19f5614e4617e37e625c3345c05d95b5ac42446d44550ce862641eb.asm,nsis7z_f7e57636.dll,plain,0,1
53be5716ad80945cb99681d5dbda60492f5dfb206fbfdb776b769b3eeb18d2c2,good_train,everyday,0,x86,1196,1195,goodware_balanced/everyday/53be5716ad80945cb99681d5dbda60492f5dfb206fbfdb776b769b3eeb18d2c2.asm,nsisFirewallW.dll,plain,0,0
b0138ef6a432552dbf99231ac204e31eceb0c4573ffbcfa314b11e81ceacf1f0,good_train,everyday,0,x64,100002,100000,goodware_balanced/everyday/b0138ef6a432552dbf99231ac204e31eceb0c4573ffbcfa314b11e81ceacf1f0.asm,nss3.dll,plain,0,1
46fd3e8966ce422ad4662f8c6fa08eb255507857fa306efd8c05e52daeeddda8,good_train,everyday,0,x64,100277,100000,goodware_balanced/everyday/46fd3e8966ce422ad4662f8c6fa08eb255507857fa306efd8c05e52daeeddda8.asm,nss3_46fd3e89.dll,plain,275,1
7e0f8a08715e5b2a4d983e7f85ddce27128cb52f2646826811b4cb1caadc4033,good_train,everyday,0,x64,23557,23520,goodware_balanced/everyday/7e0f8a08715e5b2a4d983e7f85ddce27128cb52f2646826811b4cb1caadc4033.asm,nssckbi.dll,plain,36,0
e2837be10257ee5b1441c7056aa5f92c46fb5ac24d1e4e00ffc0a2d1cfe637bc,good_train,everyday,0,x64,19705,19702,goodware_balanced/everyday/e2837be10257ee5b1441c7056aa5f92c46fb5ac24d1e4e00ffc0a2d1cfe637bc.asm,ntfsinfo64.exe,plain,2,0
f3da93c5385ca2060cb713521d1cf478e4db455fb8ec8a10a3f6dcaee797047f,good_train,everyday,0,x64,17000,16999,goodware_balanced/everyday/f3da93c5385ca2060cb713521d1cf478e4db455fb8ec8a10a3f6dcaee797047f.asm,numpy-config.exe,plain,0,0
178369e3c40aad4e2af5c5da9faf66e327e60297a4c4627887f5de2bc904b71d,good_train,everyday,0,x64,2593,2591,goodware_balanced/everyday/178369e3c40aad4e2af5c5da9faf66e327e60297a4c4627887f5de2bc904b71d.asm,obs-amf-test.exe,plain,1,0
3e82ef738e1b91bb99e4fb30948cbc4c2ae3b2e60e4b3f783ba6dd7da4b3ee08,good_train,everyday,0,x64,100079,100000,goodware_balanced/everyday/3e82ef738e1b91bb99e4fb30948cbc4c2ae3b2e60e4b3f783ba6dd7da4b3ee08.asm,obs-browser-page.exe,plain,77,1
58848667d5a2b133f002b19e8a652cf0941e5c3baf890e0db5f6611ec2a47799,good_train,everyday,0,x64,100066,100000,goodware_balanced/everyday/58848667d5a2b133f002b19e8a652cf0941e5c3baf890e0db5f6611ec2a47799.asm,obs-browser.dll,plain,64,1
1f282cd939a209821879e136f2fd36ae556452f637d9fa06cad71c9550c6f8d8,good_train,everyday,0,x64,3394,3388,goodware_balanced/everyday/1f282cd939a209821879e136f2fd36ae556452f637d9fa06cad71c9550c6f8d8.asm,obs-ffmpeg-mux.exe,plain,5,0
67eefb3ea5c2f1640d7371e1084bf6b6b838ad005c9084edaccadc3de13ea082,good_train,everyday,0,x64,38132,38108,goodware_balanced/everyday/67eefb3ea5c2f1640d7371e1084bf6b6b838ad005c9084edaccadc3de13ea082.asm,obs-filters.dll,plain,23,0
445916ad8f798a69684b52ac41dbf5ba9a8d3d12fb752bf53802ecab10df0b8e,good_train,everyday,0,x64,3956,3955,goodware_balanced/everyday/445916ad8f798a69684b52ac41dbf5ba9a8d3d12fb752bf53802ecab10df0b8e.asm,obs-frontend-api.dll,plain,0,0
8aeb65065da88d9c3919189871ee5508d8252aebe01cec8bcd82518d292fd3d4,good_train,everyday,0,x64,15257,15256,goodware_balanced/everyday/8aeb65065da88d9c3919189871ee5508d8252aebe01cec8bcd82518d292fd3d4.asm,obs-nvenc-test.exe,plain,0,0
6187771511c43960016f79c760249c08e43a9835caa0f58c9e41b98cc92032cc,good_train,everyday,0,x64,9328,9320,goodware_balanced/everyday/6187771511c43960016f79c760249c08e43a9835caa0f58c9e41b98cc92032cc.asm,obs-nvenc.dll,plain,7,0
47e633e8ae09c06d00638356ac4b466697f6f5057465e5e46d62898dad8c53b4,good_train,everyday,0,x64,100065,100000,goodware_balanced/everyday/47e633e8ae09c06d00638356ac4b466697f6f5057465e5e46d62898dad8c53b4.asm,obs-outputs.dll,plain,63,1
894aeebd244459f700c03f17371ebe1ccd9b8f90533910cfd713a01cfd6a4d39,good_train,everyday,0,x64,59009,58991,goodware_balanced/everyday/894aeebd244459f700c03f17371ebe1ccd9b8f90533910cfd713a01cfd6a4d39.asm,obs-qsv-test.exe,plain,17,0
7182838d8cd59d624665a905879b5d8ab328a41fd8e91664ddb490e9d37cc2ad,good_train,everyday,0,x64,67054,67028,goodware_balanced/everyday/7182838d8cd59d624665a905879b5d8ab328a41fd8e91664ddb490e9d37cc2ad.asm,obs-qsv11.dll,plain,25,0
aa5528f6841204a11d6fea3bc5af364eae79126baa461649b95267a1d08d5bbc,good_train,everyday,0,x64,21273,21272,goodware_balanced/everyday/aa5528f6841204a11d6fea3bc5af364eae79126baa461649b95267a1d08d5bbc.asm,obs-scripting.dll,plain,0,0
0bb0b6478f8cdd80c6c3862bdd78f80dafdee2c58b32b11b7fc600f1b425c57e,good_train,everyday,0,x64,5317,5316,goodware_balanced/everyday/0bb0b6478f8cdd80c6c3862bdd78f80dafdee2c58b32b11b7fc600f1b425c57e.asm,obs-transitions.dll,plain,0,0
e9513840e2b96db8ceeb41cf6f5fdb85e58fe7dc44b6b9afb62b198c5505aa88,good_train,everyday,0,x86,46526,46521,goodware_balanced/everyday/e9513840e2b96db8ceeb41cf6f5fdb85e58fe7dc44b6b9afb62b198c5505aa88.asm,obs-virtualcam-module32.dll,plain,4,0
9abb3942c6f78d78826592378940280e8e6855e0d624ca460207e3ce96d63b09,good_train,everyday,0,x64,16943,16941,goodware_balanced/everyday/9abb3942c6f78d78826592378940280e8e6855e0d624ca460207e3ce96d63b09.asm,obs-webrtc.dll,plain,1,0
e79066670cd8e8b95662f4cd417c4fa6f5b0c77e856a7b41c7de0e00059ba6f2,good_train,everyday,0,x64,100018,100000,goodware_balanced/everyday/e79066670cd8e8b95662f4cd417c4fa6f5b0c77e856a7b41c7de0e00059ba6f2.asm,obs64.exe,plain,16,1
b8eeed8716d77bc7185aa24e9c95f4215c3a3296bf6eeb5501d01f94bc59ddbe,good_train,everyday,0,x64,100007,100000,goodware_balanced/everyday/b8eeed8716d77bc7185aa24e9c95f4215c3a3296bf6eeb5501d01f94bc59ddbe.asm,obslua.dll,plain,5,1
2c8a69db34181f8a4f22bb14c25ff7ef36e689563578446d7a46e938b5e1dd67,good_train,everyday,0,x64,1957,1956,goodware_balanced/everyday/2c8a69db34181f8a4f22bb14c25ff7ef36e689563578446d7a46e938b5e1dd67.asm,officebean.dll,plain,0,0
3e78deada5d62a77cbcefca2b7facb76b2bdd250add02091e1286dae1a1352b4,good_train,everyday,0,x64,100042,100000,goodware_balanced/everyday/3e78deada5d62a77cbcefca2b7facb76b2bdd250add02091e1286dae1a1352b4.asm,oleautobridgelo.dll,plain,40,1
10f70976cd39b7ae515eb961505b4c5f52e9b711058212a077a310e31cc633bb,good_train,everyday,0,x64,92195,91924,goodware_balanced/everyday/10f70976cd39b7ae515eb961505b4c5f52e9b711058212a077a310e31cc633bb.asm,ooofilt.dll,plain,270,0
6b5a9a46f9eb79f98b5b52f2e160205f59cb57359d73ce979160a3e014ee064d,good_train,everyday,0,x64,8011,8010,goodware_balanced/everyday/6b5a9a46f9eb79f98b5b52f2e160205f59cb57359d73ce979160a3e014ee064d.asm,opencltest.exe,plain,0,0
dbf494a8558ab3a12f7d79c3a9d4b27167ad1b56998946a93b9d4b0c8e97843b,good_train,everyday,0,x64,100008,100000,goodware_balanced/everyday/dbf494a8558ab3a12f7d79c3a9d4b27167ad1b56998946a93b9d4b0c8e97843b.asm,openh264-7.dll,plain,6,1
9c34b285eabcc4658335ad91f9c76ccf8f96d939b9640fac08e4942e394e1e8d,good_train,everyday,0,x64,60551,60547,goodware_balanced/everyday/9c34b285eabcc4658335ad91f9c76ccf8f96d939b9640fac08e4942e394e1e8d.asm,paint.net.5.1.12.install.x64.exe,plain,3,0
af4c156a79d7e6a87a572bb418abc9ef5242ab4133bc6a223bed94baf1f94b37,good_train,everyday,0,x64,2073,2072,goodware_balanced/everyday/af4c156a79d7e6a87a572bb418abc9ef5242ab4133bc6a223bed94baf1f94b37.asm,pathcut.dll,plain,0,0
076d4e90d5b57d74f28d63fcc2285a3b5f05273d984d8c08f0f37b1ad7fd0d67,good_train,everyday,0,x64,100003,100000,goodware_balanced/everyday/076d4e90d5b57d74f28d63fcc2285a3b5f05273d984d8c08f0f37b1ad7fd0d67.asm,pcl_keypoints.dll,plain,1,1
99c9f35f6621ebea4b4a30b90af3950ba400848d389b2134921abad8df1b4877,good_train,everyday,0,x64,80107,79875,goodware_balanced/everyday/99c9f35f6621ebea4b4a30b90af3950ba400848d389b2134921abad8df1b4877.asm,pcre.dll,plain,231,0
baa58eb3efb7893b658db506013dcb94f2714596babadc92f3d58a6dd24ccc93,good_train,everyday,0,x64,1542,1541,goodware_balanced/everyday/baa58eb3efb7893b658db506013dcb94f2714596babadc92f3d58a6dd24ccc93.asm,pcre2-posix.dll,plain,0,0
b8040c1bd1d076ac9430f24953dfc812fb18361c1d177acf1c7a8273b7bc82a9,good_train,everyday,0,x64,1488,1487,goodware_balanced/everyday/b8040c1bd1d076ac9430f24953dfc812fb18361c1d177acf1c7a8273b7bc82a9.asm,pcreposix.dll,plain,0,0
36267c9501696e1da01459004f445130bae1ad729bd3f1d21d971d52d3b008c2,good_train,everyday,0,x64,100002,100000,goodware_balanced/everyday/36267c9501696e1da01459004f445130bae1ad729bd3f1d21d971d52d3b008c2.asm,pdfimportlo.dll,plain,0,1
c22ba278731375729bceaf44be307d8e2788ec748dcacc1f622b9d3837ab310d,good_train,everyday,0,x64,100002,100000,goodware_balanced/everyday/c22ba278731375729bceaf44be307d8e2788ec748dcacc1f622b9d3837ab310d.asm,pdfiumlo.dll,plain,0,1
3c179f9772094f3e15fbf16b433f8de2fa9b11881f34bdb4fcc65ff6e12e8b9e,good_train,everyday,0,x64,33435,33434,goodware_balanced/everyday/3c179f9772094f3e15fbf16b433f8de2fa9b11881f34bdb4fcc65ff6e12e8b9e.asm,picturebrowser.dll,plain,0,0
8c532c9d5a2b47fdc870b63ac4179e60af51826a571191a7a9193d766ac49aa0,good_train,everyday,0,x64,17000,16999,goodware_balanced/everyday/8c532c9d5a2b47fdc870b63ac4179e60af51826a571191a7a9193d766ac49aa0.asm,pip3.11.exe,plain,0,0
2156d7d3158ea589e8187c5cb82442ee6c37ee982bc0d728edc8a50a2a1c4281,good_train,everyday,0,x86,92823,92815,goodware_balanced/everyday/2156d7d3158ea589e8187c5cb82442ee6c37ee982bc0d728edc8a50a2a1c4281.asm,pipelist.exe,plain,7,0
c7c3e2e7b729891141f5a7cb172390e57072783187edc92db95d4b7b7fe8cc4c,good_train,everyday,0,x64,89240,89236,goodware_balanced/everyday/c7c3e2e7b729891141f5a7cb172390e57072783187edc92db95d4b7b7fe8cc4c.asm,pipelist64.exe,plain,3,0
1198fd224b9210b65d4aae818ee94957e1534f781869750d3fe00c89c67d5133,good_train,everyday,0,x64,3211,3210,goodware_balanced/everyday/1198fd224b9210b65d4aae818ee94957e1534f781869750d3fe00c89c67d5133.asm,pixbufloader-ico.dll,plain,0,0
4317e077aa947b4f7c5497107ef7c6125e8af4e591b7c9a8780ea64366d2cf92,good_train,everyday,0,x64,7702,7701,goodware_balanced/everyday/4317e077aa947b4f7c5497107ef7c6125e8af4e591b7c9a8780ea64366d2cf92.asm,pixeltool.exe,plain,0,0
600ffba0767acae0c65b6aa4e836de2ca50f7cfa292d538e8bfaa981ebad73ab,good_train,everyday,0,x64,100005,100000,goodware_balanced/everyday/600ffba0767acae0c65b6aa4e836de2ca50f7cfa292d538e8bfaa981ebad73ab.asm,pixman-1-0.dll,plain,3,1
bdd0f1c1ac7d93b23c5a8f185dce9364deb952a2b183c3c418723cd7415a5d4c,good_train,everyday,0,x64,2230,2229,goodware_balanced/everyday/bdd0f1c1ac7d93b23c5a8f185dce9364deb952a2b183c3c418723cd7415a5d4c.asm,plds4.dll,plain,0,0
9e4bd95d7cbb8d43d9d52c4d996236e4fb6d722e11bb526bbc498f81abfb5eb2,good_train,everyday,0,x64,27933,27932,goodware_balanced/everyday/9e4bd95d7cbb8d43d9d52c4d996236e4fb6d722e11bb526bbc498f81abfb5eb2.asm,plugin-container.exe,plain,0,0
734465cfa6c18eeeff0acc122cbb1d6caf1b3644f195e1794b35f5cbfe86d906,good_train,everyday,0,x64,101503,100000,goodware_balanced/everyday/734465cfa6c18eeeff0acc122cbb1d6caf1b3644f195e1794b35f5cbfe86d906.asm,plugin.dll,plain,1501,1
d1fc99ae304bd1d2bf28abeb62531da959e2431916194981b88c958fd713a8e6,good_train,everyday,0,x64,100029,100000,goodware_balanced/everyday/d1fc99ae304bd1d2bf28abeb62531da959e2431916194981b88c958fd713a8e6.asm,procdump64.exe,plain,27,1
1618c62a45280aa9042f29fdabda08694cfcf3ab94bc47d771d137dea288ecca,good_train,everyday,0,x64,8891,8890,goodware_balanced/everyday/1618c62a45280aa9042f29fdabda08694cfcf3ab94bc47d771d137dea288ecca.asm,proxyfaclo.dll,plain,0,0
5ef168f83b55d2cbd2426afc5e6fa8161270fa6a2a312831332dc472c95dfa42,good_train,everyday,0,x86,46797,46796,goodware_balanced/everyday/5ef168f83b55d2cbd2426afc5e6fa8161270fa6a2a312831332dc472c95dfa42.asm,pskill.exe,plain,0,0
7ba47558c99e18c2c6449be804b5e765c48d3a70ceaa04c1e0fae67ff1d7178d,good_train,everyday,0,x64,45028,45024,goodware_balanced/everyday/7ba47558c99e18c2c6449be804b5e765c48d3a70ceaa04c1e0fae67ff1d7178d.asm,pskill64.exe,plain,3,0
d3247f03dcd7b9335344ebba76a0b92370f32f1cb0e480c734da52db2bd8df60,good_train,everyday,0,x64,42833,42816,goodware_balanced/everyday/d3247f03dcd7b9335344ebba76a0b92370f32f1cb0e480c734da52db2bd8df60.asm,pslist64.exe,plain,16,0
dcdb9bd39b6014434190a9949dedf633726fdb470e95cc47cdaa47c1964b969f,good_train,everyday,0,x86,69672,69671,goodware_balanced/everyday/dcdb9bd39b6014434190a9949dedf633726fdb470e95cc47cdaa47c1964b969f.asm,psloglist.exe,plain,0,0
8d950068f46a04e77ad6637c680cccf5d703a1828fbd6bdca513268af4f2170f,good_train,everyday,0,x64,40173,40172,goodware_balanced/everyday/8d950068f46a04e77ad6637c680cccf5d703a1828fbd6bdca513268af4f2170f.asm,pspasswd64.exe,plain,0,0
13fd3ad690c73cf0ad26c6716d4e9d1581b47c22fb7518b1d3bf9cfb8f9e9123,good_train,everyday,0,x86,54005,54004,goodware_balanced/everyday/13fd3ad690c73cf0ad26c6716d4e9d1581b47c22fb7518b1d3bf9cfb8f9e9123.asm,psshutdown.exe,plain,0,0
4eed8d3549ea541f48aa975e6b4a8da35547c4d1a81247e1a1ec8d2431617e1d,good_train,everyday,0,x64,11431,11430,goodware_balanced/everyday/4eed8d3549ea541f48aa975e6b4a8da35547c4d1a81247e1a1ec8d2431617e1d.asm,pthreadVC3.dll,plain,0,0
78813d3bce1e5e9c9d0c65b1a7ff07ed0645927005a36e104bddaa89374f1d84,good_train,everyday,0,x64,11741,11740,goodware_balanced/everyday/78813d3bce1e5e9c9d0c65b1a7ff07ed0645927005a36e104bddaa89374f1d84.asm,pthreadVCE3.dll,plain,0,0
2a4fc634d47348ec1ee6673b011d4c8e450536e26cceab5b01dd6e94b0aee955,good_train,everyday,0,x64,99886,99868,goodware_balanced/everyday/2a4fc634d47348ec1ee6673b011d4c8e450536e26cceab5b01dd6e94b0aee955.asm,python.exe,plain,17,0
a94ff9b65c1e57b3c9ec1dad5e9868a87b9660270d0bb6ea8b3e489775a6c5d4,good_train,everyday,0,x64,1016,1015,goodware_balanced/everyday/a94ff9b65c1e57b3c9ec1dad5e9868a87b9660270d0bb6ea8b3e489775a6c5d4.asm,python1.exe,plain,0,0
8a37f041468f5da24cf7903fa8f0ff5cb685e760c619c707b398b2fe921dbbfa,good_train,everyday,0,x64,100065,100000,goodware_balanced/everyday/8a37f041468f5da24cf7903fa8f0ff5cb685e760c619c707b398b2fe921dbbfa.asm,python313.dll,plain,63,1
d98cd5d8c76e4ae98d91f62941c87fc01933ed7b505fcc7e62968f5af133663c,good_train,everyday,0,x64,3,2,goodware_balanced/everyday/d98cd5d8c76e4ae98d91f62941c87fc01933ed7b505fcc7e62968f5af133663c.asm,python3_d98cd5d8.dll,plain,0,0
bc98a0dab4c5397a2d989b8233d3d52a3ad8d5ea5468a7e29b8e5f1b88f95f1b,good_train,everyday,0,x64,51600,51599,goodware_balanced/everyday/bc98a0dab4c5397a2d989b8233d3d52a3ad8d5ea5468a7e29b8e5f1b88f95f1b.asm,pythonloaderlo.dll,plain,0,0
52ba8f3e898388358b1f8e80ec50b1110bfc93ddbdf875fdfe522f898173d74e,good_train,everyday,0,x64,69843,69829,goodware_balanced/everyday/52ba8f3e898388358b1f8e80ec50b1110bfc93ddbdf875fdfe522f898173d74e.asm,qaxwidget.dll,plain,13,0
af59e55f073beb7ec159628f399cac6f4f139eba76c88437231f2ba740c6d498,good_train,everyday,0,x64,100667,100000,goodware_balanced/everyday/af59e55f073beb7ec159628f399cac6f4f139eba76c88437231f2ba740c6d498.asm,qbittorrent.exe,plain,665,1
b7e925cbb26581b9f2bfbcb469e899020917e01fb2f3982ec969c5a551befeec,good_train,everyday,0,x86,8598,8596,goodware_balanced/everyday/b7e925cbb26581b9f2bfbcb469e899020917e01fb2f3982ec969c5a551befeec.asm,qbittorrent_5.2.3_lt20_x64_setup.exe,plain,1,0
7ca4466b2c0d7345792bc3fadf1603cf09e91cf1e4414fffbd78dae60e69c639,good_train,everyday,0,x64,11905,11904,goodware_balanced/everyday/7ca4466b2c0d7345792bc3fadf1603cf09e91cf1e4414fffbd78dae60e69c639.asm,qdbus.exe,plain,0,0
1c064571a442d1920b913b3d8faf6465be677df5e414ec9e4c266252966f6432,good_train,everyday,0,x64,5977,5976,goodware_balanced/everyday/1c064571a442d1920b913b3d8faf6465be677df5e414ec9e4c266252966f6432.asm,qicns.dll,plain,0,0
a9beb701c7d5b45f61d1868f8584068e95cfecdf6bc057ad4ef6858c6caefc14,good_train,everyday,0,x64,4369,4366,goodware_balanced/everyday/a9beb701c7d5b45f61d1868f8584068e95cfecdf6bc057ad4ef6858c6caefc14.asm,qico.dll,plain,2,0
89da22d247d2a0efcb9b90184d9924b6a786ba934b50f2400b0130232293986d,good_train,everyday,0,x64,100048,100000,goodware_balanced/everyday/89da22d247d2a0efcb9b90184d9924b6a786ba934b50f2400b0130232293986d.asm,qjpeg.dll,plain,46,1
3fd6cd893345280300d09eb0effbfe09532f5ae4c4efea9f4bcb750efb24aa00,good_train,everyday,0,x64,6825,6824,goodware_balanced/everyday/3fd6cd893345280300d09eb0effbfe09532f5ae4c4efea9f4bcb750efb24aa00.asm,qjpeg_3fd6cd89.dll,plain,0,0
a34a20b9626be6dc5c2947c626bf5e8b214c3dc93c4e66fdfb02826c625067bb,good_train,everyday,0,x64,100057,100000,goodware_balanced/everyday/a34a20b9626be6dc5c2947c626bf5e8b214c3dc93c4e66fdfb02826c625067bb.asm,qjpeg_a34a20b9.dll,plain,55,1
450d3ea7268c118954a83adead14879cd671ae58b52f352b33763067db85e78b,good_train,everyday,0,x64,4404,4403,goodware_balanced/everyday/450d3ea7268c118954a83adead14879cd671ae58b52f352b33763067db85e78b.asm,qminimal.dll,plain,0,0
7d68569e0eb3efa4313761786ce8ba156a2f400da350c1559ab119fdab0ca606,good_train,everyday,0,x64,11765,11764,goodware_balanced/everyday/7d68569e0eb3efa4313761786ce8ba156a2f400da350c1559ab119fdab0ca606.asm,qml.exe,plain,0,0
69d66b368c3c1a1840da868c988e7ba6ed7f747c8d49216178f37511bae0e081,good_train,everyday,0,x64,12559,12555,goodware_balanced/everyday/69d66b368c3c1a1840da868c988e7ba6ed7f747c8d49216178f37511bae0e081.asm,qmldbg_inspector.dll,plain,3,0
0aa26bf7434cae18b07efeeef1b71b0e8d6ecd23cea046f1d537ae240a6dc13a,good_train,everyday,0,x64,2724,2723,goodware_balanced/everyday/0aa26bf7434cae18b07efeeef1b71b0e8d6ecd23cea046f1d537ae240a6dc13a.asm,qmldbg_local.dll,plain,0,0
7ffdf12b0c6cf284feb655813d2dd96e663210c94cc38f11422846756886b29e,good_train,everyday,0,x64,13067,13066,goodware_balanced/everyday/7ffdf12b0c6cf284feb655813d2dd96e663210c94cc38f11422846756886b29e.asm,qmllint.exe,plain,0,0
781b3d83fab8020b78bfb9cda56fe32903de6edc8ed414e8bdbcb80912427486,good_train,everyday,0,x64,1632,1631,goodware_balanced/everyday/781b3d83fab8020b78bfb9cda56fe32903de6edc8ed414e8bdbcb80912427486.asm,qmlplugin.dll,plain,0,0
b19969bddaeef3892c12c70fb1c121373e0e3d4b9c10173bc275f4816f98b2b4,good_train,everyday,0,x64,36116,36058,goodware_balanced/everyday/b19969bddaeef3892c12c70fb1c121373e0e3d4b9c10173bc275f4816f98b2b4.asm,qmodernwindowsstyle.dll,plain,57,0
3477356b6f298661c55599d6f14853e94c44e4d2564cf90251728bc001283243,good_train,everyday,0,x64,14458,14457,goodware_balanced/everyday/3477356b6f298661c55599d6f14853e94c44e4d2564cf90251728bc001283243.asm,qqc2materialstyleplugin.dll,plain,0,0
68e60b9c4b09ca7183339cf22d11a651719680437188bf62537f7389171649e3,good_train,everyday,0,x64,2810,2793,goodware_balanced/everyday/68e60b9c4b09ca7183339cf22d11a651719680437188bf62537f7389171649e3.asm,qsvg.dll,plain,16,0
17dc08856a1cda3f5b824e0fee3cd6bcabbf5eee6e48b92d52e6747ffe54cb3f,good_train,everyday,0,x64,16343,16342,goodware_balanced/everyday/17dc08856a1cda3f5b824e0fee3cd6bcabbf5eee6e48b92d52e6747ffe54cb3f.asm,qtattributionsscanner.exe,plain,0,0
4d03baecfbddab9d04c15f051ddd4c50928f432e550eb0e6ab5dbea52ead4f06,good_train,everyday,0,x64,6561,6560,goodware_balanced/everyday/4d03baecfbddab9d04c15f051ddd4c50928f432e550eb0e6ab5dbea52ead4f06.asm,qtiff.dll,plain,0,0
dd08a7a10990f6a1582f7373b90c33ca12b04dd6c24d7ea5eb4718716cc36d57,good_train,everyday,0,x64,64430,64281,goodware_balanced/everyday/dd08a7a10990f6a1582f7373b90c33ca12b04dd6c24d7ea5eb4718716cc36d57.asm,qtiff_dd08a7a1.dll,plain,148,0
0ef445f74b89ecb61939f7b2d1aa5dc4a6099f003ebd324ac1076f1473335ded,good_train,everyday,0,x64,12346,12345,goodware_balanced/everyday/0ef445f74b89ecb61939f7b2d1aa5dc4a6099f003ebd324ac1076f1473335ded.asm,qtpaths6.exe,plain,0,0
1737f86a822741737fa13be24de388069a8fa75505f48e128d3164b913a0259b,good_train,everyday,0,x64,1711,1710,goodware_balanced/everyday/1737f86a822741737fa13be24de388069a8fa75505f48e128d3164b913a0259b.asm,qtquickcontrols2basicstyleplugin.dll,plain,0,0
d11c9bc8d6d463253e11b6f6a4a9706eca03c64b691f83011c0ff88d8d040024,good_train,everyday,0,x64,100071,100000,goodware_balanced/everyday/d11c9bc8d6d463253e11b6f6a4a9706eca03c64b691f83011c0ff88d8d040024.asm,qtquickcontrols2nativestyleplugin.dll,plain,69,1
d3c108cac90396fe6310fff89b99b3ca98530d7e463211ebd018beab56a9547b,good_train,everyday,0,x64,20300,20299,goodware_balanced/everyday/d3c108cac90396fe6310fff89b99b3ca98530d7e463211ebd018beab56a9547b.asm,qtquickcontrols2plugin.dll,plain,0,0
3cf426ca8242fdc9e23157e968a22fa813252a5d717e0a805a17092006f1a036,good_train,everyday,0,x64,1632,1631,goodware_balanced/everyday/3cf426ca8242fdc9e23157e968a22fa813252a5d717e0a805a17092006f1a036.asm,qtquickdialogs2quickimplplugin.dll,plain,0,0
de0059f55b67c973cfb5d0e31c033fcd6d159b014fcee74b5299acbd7256ea8e,good_train,everyday,0,x64,21300,21299,goodware_balanced/everyday/de0059f55b67c973cfb5d0e31c033fcd6d159b014fcee74b5299acbd7256ea8e.asm,quicklintplugin.dll,plain,0,0
9c5541b190c4b45f5b70a87d633ba60e0c44930cd70862bac619b56acc7dca3a,good_train,everyday,0,x64,2009,2008,goodware_balanced/everyday/9c5541b190c4b45f5b70a87d633ba60e0c44930cd70862bac619b56acc7dca3a.asm,quickstart.exe,plain,0,0
76159a7754da8c75446b0e0b2dde38601ff6256def2be0d9719a4353c786dd0b,good_train,everyday,0,x64,2656,2655,goodware_balanced/everyday/76159a7754da8c75446b0e0b2dde38601ff6256def2be0d9719a4353c786dd0b.asm,qwbmp.dll,plain,0,0
8f3ae18547929e4fa48756747cad8836b1efd9b2a17c593f4df8b3f0120dba9a,good_train,everyday,0,x64,2370,2369,goodware_balanced/everyday/8f3ae18547929e4fa48756747cad8836b1efd9b2a17c593f4df8b3f0120dba9a.asm,qwbmp_8f3ae185.dll,plain,0,0
084eb81dd181d43522b6a97a17a536f1df632885701e0425aa0d9e617d9240db,good_train,everyday,0,x64,100005,100000,goodware_balanced/everyday/084eb81dd181d43522b6a97a17a536f1df632885701e0425aa0d9e617d9240db.asm,qwebp.dll,plain,3,1
9bee068179ba1c05855ba10e6d361f1fd0bcbefd6e5c781b205cf32d8bd63e1c,good_train,everyday,0,x64,100061,100000,goodware_balanced/everyday/9bee068179ba1c05855ba10e6d361f1fd0bcbefd6e5c781b205cf32d8bd63e1c.asm,qwindows.dll,plain,59,1
443a6ec9433eca3ef99be8c1869dd34c4662b6beb564fdf06db364885c0ce3c0,good_train,everyday,0,x64,68738,68690,goodware_balanced/everyday/443a6ec9433eca3ef99be8c1869dd34c4662b6beb564fdf06db364885c0ce3c0.asm,raptor2.dll,plain,47,0
96fd9c39bccb3d2ba78551e004f68bba8b3c7906cf18c48cda690e6e0f319645,good_train,everyday,0,x64,64058,64046,goodware_balanced/everyday/96fd9c39bccb3d2ba78551e004f68bba8b3c7906cf18c48cda690e6e0f319645.asm,reflectionlo.dll,plain,11,0
6510f7ac9406fb94d3db47036394b2c74eda1c76ceeed16a0f229a0b6e6029b1,good_train,everyday,0,x64,2873,2872,goodware_balanced/everyday/6510f7ac9406fb94d3db47036394b2c74eda1c76ceeed16a0f229a0b6e6029b1.asm,regview.exe,plain,0,0
76c377efbe82610fe1fa04bfd798d7f6fb5911218b670b19cecb7f9f2cd0dd01,good_train,everyday,0,x64,100003,100000,goodware_balanced/everyday/76c377efbe82610fe1fa04bfd798d7f6fb5911218b670b19cecb7f9f2cd0dd01.asm,revenge.dll,plain,1,1
8f9c4dfea5243517b5a3c54254ce5afecc1d0c3c0974034faf71d4c4d74038e8,good_train,everyday,0,x64,100002,100000,goodware_balanced/everyday/8f9c4dfea5243517b5a3c54254ce5afecc1d0c3c0974034faf71d4c4d74038e8.asm,rpostback.exe,plain,0,1
937beb296965968386664ae8dd01bcdcbf351983303b508adaf7320abc5a0db9,good_train,everyday,0,x64,16442,16441,goodware_balanced/everyday/937beb296965968386664ae8dd01bcdcbf351983303b508adaf7320abc5a0db9.asm,rsession-utf8.exe,plain,0,0
cba2b21ac68f6072042c731a0c565d6d16479da786dd15adce82948bc9f78322,good_train,everyday,0,x86,100002,100000,goodware_balanced/everyday/cba2b21ac68f6072042c731a0c565d6d16479da786dd15adce82948bc9f78322.asm,rsession.dll,plain,0,1
063c757e30b61857c97849bf36f5a596c1c6c7d8af291547266faaf17a5b0e33,good_train,everyday,0,x64,16442,16441,goodware_balanced/everyday/063c757e30b61857c97849bf36f5a596c1c6c7d8af291547266faaf17a5b0e33.asm,rsession.exe,plain,0,0
4c21f534deffd6b8552b92d9b622dd03c09f03ccdc512a56c9b5693d8396f918,good_train,everyday,0,x86,8604,8603,goodware_balanced/everyday/4c21f534deffd6b8552b92d9b622dd03c09f03ccdc512a56c9b5693d8396f918.asm,rsession_4c21f534.exe,plain,0,0
28b001bb9a72ae7a24242bfab248d767a1ac5dec981c672a3944f7a072375e9a,good_train,everyday,0,x64,15201,15200,goodware_balanced/everyday/28b001bb9a72ae7a24242bfab248d767a1ac5dec981c672a3944f7a072375e9a.asm,rst2html5.exe,plain,0,0
a1a05c00ab7075547d430fd1c21fd9258b48a01f3731ace91fe4c12ca3a34947,good_train,everyday,0,x64,100004,100000,goodware_balanced/everyday/a1a05c00ab7075547d430fd1c21fd9258b48a01f3731ace91fe4c12ca3a34947.asm,rstudio.exe,plain,2,1
2f3402b3af138d341b56b7c1cd0162cac2f853a11c9e570ddbb94135f51814e8,good_train,everyday,0,x64,11631,11622,goodware_balanced/everyday/2f3402b3af138d341b56b7c1cd0162cac2f853a11c9e570ddbb94135f51814e8.asm,rtmp-services.dll,plain,8,0
95bc0771c37ab52e72fa7c7a64c060b8d4f665793dd3164d53784fa54c69ac31,good_train,everyday,0,x64,35476,35475,goodware_balanced/everyday/95bc0771c37ab52e72fa7c7a64c060b8d4f665793dd3164d53784fa54c69ac31.asm,scribus134format.dll,plain,0,0
108c787f32493864b6deabd9a51828c3a7620dbc31f7ae71fbaf2ea5a69b4467,good_train,everyday,0,x64,6564,6563,goodware_balanced/everyday/108c787f32493864b6deabd9a51828c3a7620dbc31f7ae71fbaf2ea5a69b4467.asm,scribusexportpixmap.dll,plain,0,0
bf9b29e45ef119705717110054fb4ddbe67bb70aff12082456b0062072bc61a2,good_train,everyday,0,x64,8041,8040,goodware_balanced/everyday/bf9b29e45ef119705717110054fb4ddbe67bb70aff12082456b0062072bc61a2.asm,sddlo.dll,plain,0,0
5822f6410f08282afe6fdbaf26a3bef43d10ece70e6c710923697d0c31f86b59,good_train,everyday,0,x64,5891,5890,goodware_balanced/everyday/5822f6410f08282afe6fdbaf26a3bef43d10ece70e6c710923697d0c31f86b59.asm,sdraw.exe,plain,0,0
cbfcb7982ca4b975ad965fac960fce89ab8fd835b1ae5c4635740c9845791120,good_train,everyday,0,x64,100004,100000,goodware_balanced/everyday/cbfcb7982ca4b975ad965fac960fce89ab8fd835b1ae5c4635740c9845791120.asm,sduilo.dll,plain,2,1
bf4b6c671529d6b7acee05d8f937519e9c15ed214bc7f62b161aad066d07bb20,good_train,everyday,0,x64,15152,15150,goodware_balanced/everyday/bf4b6c671529d6b7acee05d8f937519e9c15ed214bc7f62b161aad066d07bb20.asm,senddoc.exe,plain,1,0
33ffac602d229368719c176661ed635b52208798e854b593e84f307fef6f7d3a,good_train,everyday,0,x86,8825,8824,goodware_balanced/everyday/33ffac602d229368719c176661ed635b52208798e854b593e84f307fef6f7d3a.asm,setup.exe,plain,0,0
161075c7ec94909e8b342c0d5b2101cc34a3afcb94cd597af8f22116cd6fb9d7,good_train,everyday,0,x64,29551,29543,goodware_balanced/everyday/161075c7ec94909e8b342c0d5b2101cc34a3afcb94cd597af8f22116cd6fb9d7.asm,shared.dll,plain,7,0
98cb37879c178c2eca8218fad94f09c3c4f0c2cfbefc6c920c334cad64d77426,good_train,everyday,0,x86,100351,100000,goodware_balanced/everyday/98cb37879c178c2eca8218fad94f09c3c4f0c2cfbefc6c920c334cad64d77426.asm,shotcut-win64-26.8.1.exe,plain,349,1
a2efff8d5bce9db4b899d38afaa706bdfd822711f929616a51b0dbc9f76c6281,good_train,everyday,0,x64,90526,90473,goodware_balanced/everyday/a2efff8d5bce9db4b899d38afaa706bdfd822711f929616a51b0dbc9f76c6281.asm,sigcheck64.exe,plain,52,0
5b121838af61a0a3072c50769ad9940eba4425ad713d33675595b4d087d1a178,good_train,everyday,0,x64,31675,31674,goodware_balanced/everyday/5b121838af61a0a3072c50769ad9940eba4425ad713d33675595b4d087d1a178.asm,singleprovlo.dll,plain,0,0
06e7f514d66c70fd884e9a8de91abb9054dc2f196a69ec3e6f9ec2bf5b4731a0,good_train,everyday,0,x64,100002,100000,goodware_balanced/everyday/06e7f514d66c70fd884e9a8de91abb9054dc2f196a69ec3e6f9ec2bf5b4731a0.asm,skialo.dll,plain,0,1
a7ae5e62a44d7ee55b36af3fb9cea7a1fa25a9b9d152b0494777bea2b706a057,good_train,everyday,0,x64,9883,9882,goodware_balanced/everyday/a7ae5e62a44d7ee55b36af3fb9cea7a1fa25a9b9d152b0494777bea2b706a057.asm,smdlo.dll,plain,0,0
bed435e6fbe19db5d567826e824c0bcf0eddc67f9d05c0c772aa46178f583eab,good_train,everyday,0,x64,2162,2161,goodware_balanced/everyday/bed435e6fbe19db5d567826e824c0bcf0eddc67f9d05c0c772aa46178f583eab.asm,smoothpath.dll,plain,0,0
ea253ef7bc0894d81b061599f91c7d6c4ae3d5d7e07a0dd12c9e4a135303b398,good_train,everyday,0,x64,68732,68632,goodware_balanced/everyday/ea253ef7bc0894d81b061599f91c7d6c4ae3d5d7e07a0dd12c9e4a135303b398.asm,softokn3.dll,plain,99,0
73e75f5790a76c42e71db5b58e34086a3e9b224aa69669f76d41ff20e4167954,good_train,everyday,0,x64,63969,63968,goodware_balanced/everyday/73e75f5790a76c42e71db5b58e34086a3e9b224aa69669f76d41ff20e4167954.asm,softokn3_73e75f57.dll,plain,0,0
3b26e7adf52bc993b500fb89433e3a9ff292536bcd1d23efa33ca7ffac93ceaa,good_train,everyday,0,x64,6460,6459,goodware_balanced/everyday/3b26e7adf52bc993b500fb89433e3a9ff292536bcd1d23efa33ca7ffac93ceaa.asm,spsupp_helper.exe,plain,0,0
a46cf69931499cad28a36ea9eb2bccf5a214a5d31380836c72fa04f10636a0f9,good_train,everyday,0,x64,100037,100000,goodware_balanced/everyday/a46cf69931499cad28a36ea9eb2bccf5a214a5d31380836c72fa04f10636a0f9.asm,sqlite3.dll,plain,35,1
ee470708a580bde7f91b77703853800d4ed36eea4d8ded81d96fc27dd40a77a8,good_train,everyday,0,x64,100046,100000,goodware_balanced/everyday/ee470708a580bde7f91b77703853800d4ed36eea4d8ded81d96fc27dd40a77a8.asm,sqlite31.dll,plain,44,1
321ab21462c398224c13524b50113a467eea0eea905085aa483676bda9ab8f78,good_train,everyday,0,x64,100044,100000,goodware_balanced/everyday/321ab21462c398224c13524b50113a467eea0eea905085aa483676bda9ab8f78.asm,sqlite3_321ab214.dll,plain,42,1
4bc716719b6f142d60621d992b695e9d83aeacd8019c2c491ae8a7e6aca00737,good_train,everyday,0,x64,100018,100000,goodware_balanced/everyday/4bc716719b6f142d60621d992b695e9d83aeacd8019c2c491ae8a7e6aca00737.asm,srt.dll,plain,16,1
d677179a932f97638a43ed72743cb2524cee082fdacf31f62b9e2490122b019c,good_train,everyday,0,x64,72987,72927,goodware_balanced/everyday/d677179a932f97638a43ed72743cb2524cee082fdacf31f62b9e2490122b019c.asm,ssl3.dll,plain,59,0
a710310bf516031990dedd2703e136fc3c43780e272819f4c9e070a74fb565aa,good_train,everyday,0,x86,100028,100000,goodware_balanced/everyday/a710310bf516031990dedd2703e136fc3c43780e272819f4c9e070a74fb565aa.asm,standalonesetup64.exe,plain,26,1
fa3ec467597a1d6cda9c02202595c0acbbe1dbb09e9866c09488830c7883d295,good_train,everyday,0,x64,82470,82446,goodware_balanced/everyday/fa3ec467597a1d6cda9c02202595c0acbbe1dbb09e9866c09488830c7883d295.asm,stocserviceslo.dll,plain,23,0
a7553d77edca85bec980e38e69bf0e9f36962f20be0ee759e9a96030d519c5a0,good_train,everyday,0,x86,100002,100000,goodware_balanced/everyday/a7553d77edca85bec980e38e69bf0e9f36962f20be0ee759e9a96030d519c5a0.asm,strings.exe,plain,0,1
05dbb43499bcff44424c7ac2d987ea9e9742cd90afe360e84ba0bccade17f71b,good_train,everyday,0,x64,96965,96946,goodware_balanced/everyday/05dbb43499bcff44424c7ac2d987ea9e9742cd90afe360e84ba0bccade17f71b.asm,strings64.exe,plain,18,0
768f0109131e5066982a394e380eb990346119b96a1fb775090d5263027fe322,good_train,everyday,0,x64,28766,28765,goodware_balanced/everyday/768f0109131e5066982a394e380eb990346119b96a1fb775090d5263027fe322.asm,svgimplugin.dll,plain,0,0
48038a81e54884bd355d936452cdd5bd9c966bcc5f536aba13842d192bf85236,good_train,everyday,0,x64,100164,100000,goodware_balanced/everyday/48038a81e54884bd355d936452cdd5bd9c966bcc5f536aba13842d192bf85236.asm,sw_writerfilterlo.dll,plain,162,1
ac8bd697cd2849b9a2924c46dcbe139cb6117cf8ce0fc65479f56c5dd0337797,good_train,everyday,0,x64,7909,7908,goodware_balanced/everyday/ac8bd697cd2849b9a2924c46dcbe139cb6117cf8ce0fc65479f56c5dd0337797.asm,swdlo.dll,plain,0,0
55f28ab1a200b94f4b005b04d7b00548bbf88b2713cc6b0a095dfb9fbc10476b,good_train,everyday,0,x64,5891,5890,goodware_balanced/everyday/55f28ab1a200b94f4b005b04d7b00548bbf88b2713cc6b0a095dfb9fbc10476b.asm,sweb.exe,plain,0,0
786bdb932eed3feb588ba6957d277273a19367cc678e79c628ea7b31cade49d9,good_train,everyday,0,x64,22834,22833,goodware_balanced/everyday/786bdb932eed3feb588ba6957d277273a19367cc678e79c628ea7b31cade49d9.asm,swresample-6.dll,plain,0,0
e254f3cb131035214e152146016abd08cca3dc12c8d810e2809f27e363654c1c,good_train,everyday,0,x64,100086,100000,goodware_balanced/everyday/e254f3cb131035214e152146016abd08cca3dc12c8d810e2809f27e363654c1c.asm,swscale-9.dll,plain,84,1
c2ea9e69d6af0e06c5ba91199630686a26f9fd29dfd5c9823fad7f15cac26d6b,good_train,everyday,0,x64,100007,100000,goodware_balanced/everyday/c2ea9e69d6af0e06c5ba91199630686a26f9fd29dfd5c9823fad7f15cac26d6b.asm,swuilo.dll,plain,5,1
27038cb10080d92915c08d08f3ec37a85bed87bdb05d47b90425917b00f4654f,good_train,everyday,0,x64,90142,90136,goodware_balanced/everyday/27038cb10080d92915c08d08f3ec37a85bed87bdb05d47b90425917b00f4654f.asm,sync64.exe,plain,5,0
81a618f21cb87db9076134e70388b6e9cb7c2106739011b6a51772d22cae06b7,good_train,everyday,0,x64,17000,16999,goodware_balanced/everyday/81a618f21cb87db9076134e70388b6e9cb7c2106739011b6a51772d22cae06b7.asm,t64.exe,plain,0,0
37621bdac3ced1103278e8c0ef7b73dfa1cbe9becfbaff421a46fbc78d636b5f,good_train,everyday,0,x86,43055,43053,goodware_balanced/everyday/37621bdac3ced1103278e8c0ef7b73dfa1cbe9becfbaff421a46fbc78d636b5f.asm,tcpvcon.exe,plain,1,0
51088dd6e9d71cc476566bed361b99c5569117742c5c8ff8c2d3ab1a1b07d9af,good_train,everyday,0,x64,28641,28635,goodware_balanced/everyday/51088dd6e9d71cc476566bed361b99c5569117742c5c8ff8c2d3ab1a1b07d9af.asm,tee.exe,plain,5,0
81ebd897b788a2dc7893df7c06e46f50675c4bfb554394cf20ddef1d3e454fad,good_train,everyday,0,x64,100038,100000,goodware_balanced/everyday/81ebd897b788a2dc7893df7c06e46f50675c4bfb554394cf20ddef1d3e454fad.asm,testcon.exe,plain,36,1
156892c4aa6899dd9db6dfa861fc78d5daf24152063051ae8f9736459a59ea97,good_train,everyday,0,x64,100057,100000,goodware_balanced/everyday/156892c4aa6899dd9db6dfa861fc78d5daf24152063051ae8f9736459a59ea97.asm,text-freetype2.dll,plain,55,1
327ddfdd831d261ffabd4564ece7e697a7fd239caefd672be2d9be342b6729c5,good_train,everyday,0,x64,79183,79155,goodware_balanced/everyday/327ddfdd831d261ffabd4564ece7e697a7fd239caefd672be2d9be342b6729c5.asm,tracegen.exe,plain,27,0
d3497ebfba9e338ad4be2c6c1bd7f85088faeb31f920690716ecad290214959b,good_train,everyday,0,x86,100304,100000,goodware_balanced/everyday/d3497ebfba9e338ad4be2c6c1bd7f85088faeb31f920690716ecad290214959b.asm,tsetup-x64.7.1.4.exe,plain,302,1
d8ba04bb8c4bc4fe20bb8e15bb70aa8ac3c461b688599edd12dd317927a20bff,good_train,everyday,0,x64,100056,100000,goodware_balanced/everyday/d8ba04bb8c4bc4fe20bb8e15bb70aa8ac3c461b688599edd12dd317927a20bff.asm,turbojpeg.dll,plain,54,1
ed9e641d2f8af90b5d40b63913b5e43bea5df3e9b048623accf9a5f3c38c0114,good_train,everyday,0,x64,100027,100000,goodware_balanced/everyday/ed9e641d2f8af90b5d40b63913b5e43bea5df3e9b048623accf9a5f3c38c0114.asm,turbojpeg_ed9e641d.dll,plain,25,1
1bfcabe2756657587c5f879041b55265c2a954c2ba8125ada842d2a33b371695,good_train,everyday,0,x64,100002,100000,goodware_balanced/everyday/1bfcabe2756657587c5f879041b55265c2a954c2ba8125ada842d2a33b371695.asm,typst.exe,plain,0,1
ff995ea3af81fa04506421831e303d3db776bdb7bbe9e6087af8859975fcbfe0,good_train,everyday,0,x64,100475,100000,goodware_balanced/everyday/ff995ea3af81fa04506421831e303d3db776bdb7bbe9e6087af8859975fcbfe0.asm,ucrtbase.dll,plain,473,1
8c9d0d38f521e86a780ae9b2a7c222ee14aad597dbe85a05b9241a9a52782aed,good_train,everyday,0,x64,100095,100000,goodware_balanced/everyday/8c9d0d38f521e86a780ae9b2a7c222ee14aad597dbe85a05b9241a9a52782aed.asm,ucrtbase_8c9d0d38.dll,plain,93,1
72ffe8859eaa63637f5a62b7c454241db35938f8326f6ccf20352e00f8df2fe5,good_train,everyday,0,x86,8138,8136,goodware_balanced/everyday/72ffe8859eaa63637f5a62b7c454241db35938f8326f6ccf20352e00f8df2fe5.asm,uninstall.exe,plain,1,0
7fa8de3266307de0a84b9d5705e381aa6649fbdb25821712ffef4570d6de18a1,good_train,everyday,0,x64,100005,100000,goodware_balanced/everyday/7fa8de3266307de0a84b9d5705e381aa6649fbdb25821712ffef4570d6de18a1.asm,unoidllo.dll,plain,3,1
d33db4296a80a3a0350c6af8693cabd38707c5c0185f240641ac8e919747543d,good_train,everyday,0,x64,4503,4502,goodware_balanced/everyday/d33db4296a80a3a0350c6af8693cabd38707c5c0185f240641ac8e919747543d.asm,unoinfo.exe,plain,0,0
49bb91fb8af0aba7a1f1b7a8565d58e39d280c94312d0c70662111bdff3f8f49,good_train,everyday,0,x64,37298,37292,goodware_balanced/everyday/49bb91fb8af0aba7a1f1b7a8565d58e39d280c94312d0c70662111bdff3f8f49.asm,updater.exe,plain,5,0
5e6475288a07b405eee20726f43d7720556e6b30cc11f38e5465e6464fc0f0a3,good_train,everyday,0,x64,67012,67011,goodware_balanced/everyday/5e6475288a07b405eee20726f43d7720556e6b30cc11f38e5465e6464fc0f0a3.asm,updater_5e647528.exe,plain,0,0
c20951a14d10bf632ea5505f1323d6b49c49983cca59dd53a26042c0763b2b1e,good_train,everyday,0,x64,100009,100000,goodware_balanced/everyday/c20951a14d10bf632ea5505f1323d6b49c49983cca59dd53a26042c0763b2b1e.asm,updchklo.dll,plain,7,1
bf33857f46e56ea7930c1eea25c5f7175a6aaa3df36bf8301a785e6ca726a0b9,good_train,everyday,0,x86,23316,23249,goodware_balanced/everyday/bf33857f46e56ea7930c1eea25c5f7175a6aaa3df36bf8301a785e6ca726a0b9.asm,vcruntime140.dll,plain,66,0
6a99bc0128e0c7d6cbbf615fcc26909565e17d4ca3451b97f8987f9c6acbc6c8,good_train,everyday,0,x64,4287,4286,goodware_balanced/everyday/6a99bc0128e0c7d6cbbf615fcc26909565e17d4ca3451b97f8987f9c6acbc6c8.asm,vcruntime140_1.dll,plain,0,0
6d3a6cde6fc4d3c79aabf785c04d2736a3e2fd9b0366c9b741f054a13ecd939e,good_train,everyday,0,x64,4230,4229,goodware_balanced/everyday/6d3a6cde6fc4d3c79aabf785c04d2736a3e2fd9b0366c9b741f054a13ecd939e.asm,vcruntime140_1_6d3a6cde.dll,plain,0,0
d9de6e1b79294396d9e9b63adef5d639b2e61c61e9dff70e45438467c08dfdd0,good_train,everyday,0,x64,4170,4169,goodware_balanced/everyday/d9de6e1b79294396d9e9b63adef5d639b2e61c61e9dff70e45438467c08dfdd0.asm,vcruntime140_1_d9de6e1b.dll,plain,0,0
7bd7a81f491ff14e3d3519f8e7b66d75e73536100e257f31c2c746a47f55f36d,good_train,everyday,0,x64,23538,23536,goodware_balanced/everyday/7bd7a81f491ff14e3d3519f8e7b66d75e73536100e257f31c2c746a47f55f36d.asm,vcruntime140_7bd7a81f.dll,plain,0,0
a06c9ea4f815dac75d2c99684d433fbfc782010fae887837a03f085a29a217e8,good_train,everyday,0,x64,23321,23319,goodware_balanced/everyday/a06c9ea4f815dac75d2c99684d433fbfc782010fae887837a03f085a29a217e8.asm,vcruntime140_a06c9ea4.dll,plain,0,0
f8f2eada2831b90d341fe11fa13936c8523ef49dfc3d895d0b4580f804e958f4,good_train,everyday,0,x64,1968,1967,goodware_balanced/everyday/f8f2eada2831b90d341fe11fa13936c8523ef49dfc3d895d0b4580f804e958f4.asm,venvwlauncher.exe,plain,0,0
0ecdc1c9a5948f8a0c8ec7a28f4a0110d02e2b282ec5e86c9ae09d97ead239df,good_train,everyday,0,x64,15776,15775,goodware_balanced/everyday/0ecdc1c9a5948f8a0c8ec7a28f4a0110d02e2b282ec5e86c9ae09d97ead239df.asm,vim.exe,plain,0,0
d2154f936f29eb70f9a8b678ea7c08d01c9a4a405cf1881dfff30d7226d9c87e,good_train,everyday,0,x64,100007,100000,goodware_balanced/everyday/d2154f936f29eb70f9a8b678ea7c08d01c9a4a405cf1881dfff30d7226d9c87e.asm,vim64.dll,plain,5,1
c4dc54bf046f09b8ccbdbfae5f4f374bbf4ceb90dd1219033ac21d28ebc792ae,good_train,everyday,0,x64,260,259,goodware_balanced/everyday/c4dc54bf046f09b8ccbdbfae5f4f374bbf4ceb90dd1219033ac21d28ebc792ae.asm,vim_c4dc54bf.exe,plain,0,0
f0b3777c0568760a8c64491de877a4e71e50616bd7f476536cf34d50322ffe0c,good_train,everyday,0,x64,31998,31997,goodware_balanced/everyday/f0b3777c0568760a8c64491de877a4e71e50616bd7f476536cf34d50322ffe0c.asm,vimrun.exe,plain,0,0
df218749a7126692209a16c3566924daedba00eac3d69ac62e598bd45135085f,good_train,everyday,0,x64,100002,100000,goodware_balanced/everyday/df218749a7126692209a16c3566924daedba00eac3d69ac62e598bd45135085f.asm,vk_swiftshader.dll,plain,0,1
bd6d8ede4d70759bef710a3fdd287548a5801f0bc732d779dfdc9fa9b60aad03,good_train,everyday,0,x64,5049,5040,goodware_balanced/everyday/bd6d8ede4d70759bef710a3fdd287548a5801f0bc732d779dfdc9fa9b60aad03.asm,vlc-video.dll,plain,8,0
bfa5740f028a8f310ca01c779bbc5f2f1b435c41539c54de592f715bb0c10389,good_train,everyday,0,x64,100002,100000,goodware_balanced/everyday/bfa5740f028a8f310ca01c779bbc5f2f1b435c41539c54de592f715bb0c10389.asm,vlc.exe,plain,0,1
8bf0d5a2bca0bbb09de532f8d8694928c978d9862aa8064f3b9a09058aaca9a4,good_train,everyday,0,x64,8346,8342,goodware_balanced/everyday/8bf0d5a2bca0bbb09de532f8d8694928c978d9862aa8064f3b9a09058aaca9a4.asm,vlc_cache_gen.exe,plain,3,0
2ba6d0e0f119fca53da275287805e126fb11c0ca6ebcdaa4bfe9e8f898297c6b,good_train,everyday,0,x64,100025,100000,goodware_balanced/everyday/2ba6d0e0f119fca53da275287805e126fb11c0ca6ebcdaa4bfe9e8f898297c6b.asm,vtkChartsCore-9.3.dll,plain,23,1
899bb0f0943869fa43f098b8fc9fe85ee96f6340ebc3d962261c157d8ed05943,good_train,everyday,0,x64,100037,100000,goodware_balanced/everyday/899bb0f0943869fa43f098b8fc9fe85ee96f6340ebc3d962261c157d8ed05943.asm,vtkFiltersGeneral-9.3.dll,plain,35,1
d7c1a5fdab2eb285e0b1957dc285922e6e13adf743910d3f2e98e8e1fa243e8f,good_train,everyday,0,x64,100004,100000,goodware_balanced/everyday/d7c1a5fdab2eb285e0b1957dc285922e6e13adf743910d3f2e98e8e1fa243e8f.asm,vtkFiltersParallel-9.3.dll,plain,2,1
9ea0bc83dcc50fb92164b66c2a3bbdc14ff5758cfebd3dca53d02ca7d89ce5f4,good_train,everyday,0,x64,98749,98729,goodware_balanced/everyday/9ea0bc83dcc50fb92164b66c2a3bbdc14ff5758cfebd3dca53d02ca7d89ce5f4.asm,vtkFiltersSources-9.3.dll,plain,19,0
9632a50b7ac4d1e798a9f85289e61161c4ef74577813d0290d77b311bac8664e,good_train,everyday,0,x64,9136,9135,goodware_balanced/everyday/9632a50b7ac4d1e798a9f85289e61161c4ef74577813d0290d77b311bac8664e.asm,vtkFiltersTensor-9.3.dll,plain,0,0
11f9a40835d6f47cff4065581c04957a55b7e07d65916a14603eeca018de6cc6,good_train,everyday,0,x64,3848,3839,goodware_balanced/everyday/11f9a40835d6f47cff4065581c04957a55b7e07d65916a14603eeca018de6cc6.asm,vtkFiltersTopology-9.3.dll,plain,8,0
ccde4f28a6364fb3b59f2c2ed8cca6290cb20d47a50ec509b760bb751e091d80,good_train,everyday,0,x64,49779,49748,goodware_balanced/everyday/ccde4f28a6364fb3b59f2c2ed8cca6290cb20d47a50ec509b760bb751e091d80.asm,vtkGUISupportQt-9.3.dll,plain,30,0
2bce54cc680dc17e27ff42dc0725eb3fb698d3095caef176f86b4de91a4ae1b0,good_train,everyday,0,x64,17937,17936,goodware_balanced/everyday/2bce54cc680dc17e27ff42dc0725eb3fb698d3095caef176f86b4de91a4ae1b0.asm,vtkIOCityGML-9.3.dll,plain,0,0
bfc54ad16e9d36344a6b1c7780041eeac2606213b592792814022b92262f3fa6,good_train,everyday,0,x64,45463,45452,goodware_balanced/everyday/bfc54ad16e9d36344a6b1c7780041eeac2606213b592792814022b92262f3fa6.asm,vtkIOImport-9.3.dll,plain,10,0
4a591a6f3aa966c8b78c138d141f7bc3dbc693d3948f64d2736fa3e25a4659cb,good_train,everyday,0,x64,58753,58752,goodware_balanced/everyday/4a591a6f3aa966c8b78c138d141f7bc3dbc693d3948f64d2736fa3e25a4659cb.asm,vtkIOInfovis-9.3.dll,plain,0,0
23b479701e142a4ceddc4c80f6903f63240818735daf2a58fb1dd4857b4e2a51,good_train,everyday,0,x64,96029,96021,goodware_balanced/everyday/23b479701e142a4ceddc4c80f6903f63240818735daf2a58fb1dd4857b4e2a51.asm,vtkIOLegacy-9.3.dll,plain,7,0
e3e5f4d20430107bc2f8de10b06e088c1f8f144530b611a7fb8087ebe29efc7c,good_train,everyday,0,x64,85752,85632,goodware_balanced/everyday/e3e5f4d20430107bc2f8de10b06e088c1f8f144530b611a7fb8087ebe29efc7c.asm,vtkIOXdmf3-9.3.dll,plain,119,0
48c7593ebd2b67ea6f021eaff5e16e1288a3df3d37e45719fff6219b8a1c37e0,good_train,everyday,0,x64,100025,100000,goodware_balanced/everyday/48c7593ebd2b67ea6f021eaff5e16e1288a3df3d37e45719fff6219b8a1c37e0.asm,vtkImagingGeneral-9.3.dll,plain,23,1
aeaaec8e53757688b7fe9270e79770d57ab8959fc62caae5f4a878066707e2b9,good_train,everyday,0,x64,100003,100000,goodware_balanced/everyday/aeaaec8e53757688b7fe9270e79770d57ab8959fc62caae5f4a878066707e2b9.asm,vtkRenderingAnnotation-9.3.dll,plain,1,1
335ee568bb9d3f5fa25d6260e3b2217b49163159eb8cd2afed73699985238e7a,good_train,everyday,0,x64,37224,37215,goodware_balanced/everyday/335ee568bb9d3f5fa25d6260e3b2217b49163159eb8cd2afed73699985238e7a.asm,vtkWrappingPythonCore3.11-9.3.dll,plain,8,0
e4a5a2409213dbc121371945eabe3476fcdfe08f8e0456ad44c126a6e1a4c8b6,good_train,everyday,0,x64,100032,100000,goodware_balanced/everyday/e4a5a2409213dbc121371945eabe3476fcdfe08f8e0456ad44c126a6e1a4c8b6.asm,vtkioss-9.3.dll,plain,30,1
d2ac0bf5746dd127f480d6a8d198c2e04daa35818fdad370d2b9a895811f9497,good_train,everyday,0,x64,10676,10675,goodware_balanced/everyday/d2ac0bf5746dd127f480d6a8d198c2e04daa35818fdad370d2b9a895811f9497.asm,vtkloguru-9.3.dll,plain,0,0
c9a86555a0bc49a57e4fabb4d2ae384ce585bf744e41809df851b5395727a674,good_train,everyday,0,x64,10554,10553,goodware_balanced/everyday/c9a86555a0bc49a57e4fabb4d2ae384ce585bf744e41809df851b5395727a674.asm,w32-pthreads.dll,plain,0,0
47872cc77f8e18cf642f868f23340a468e537e64521d9a3a416c8b84384d064b,good_train,everyday,0,x86,16590,16587,goodware_balanced/everyday/47872cc77f8e18cf642f868f23340a468e537e64521d9a3a416c8b84384d064b.asm,w32.exe,plain,2,0
7a319ffaba23a017d7b1e18ba726ba6c54c53d6446db55f92af53c279894f8ad,good_train,everyday,0,x64,15470,15469,goodware_balanced/everyday/7a319ffaba23a017d7b1e18ba726ba6c54c53d6446db55f92af53c279894f8ad.asm,w64.exe,plain,0,0
5e679b584a09788f16218a63c59bc11bf015c7ace9ec94be92e52bc83744898d,good_train,everyday,0,x64,17000,16999,goodware_balanced/everyday/5e679b584a09788f16218a63c59bc11bf015c7ace9ec94be92e52bc83744898d.asm,wheel.exe,plain,0,0
ea845b43c323e35df041b8914a520f1d9643e3689454ab3049c2103458a0142d,good_train,everyday,0,x86,100003,100000,goodware_balanced/everyday/ea845b43c323e35df041b8914a520f1d9643e3689454ab3049c2103458a0142d.asm,whois.exe,plain,1,1
0797b9f6e0281d8f31791d8f92b375d1074ff7c68266f9372ab54f26b9dcdd3c,good_train,everyday,0,x64,100008,100000,goodware_balanced/everyday/0797b9f6e0281d8f31791d8f92b375d1074ff7c68266f9372ab54f26b9dcdd3c.asm,whois64.exe,plain,6,1
d251f79daa9179f50a43c10fecb277acac3aee7489a961bfdbb9c629e1a4dee0,good_train,everyday,0,x64,18902,18890,goodware_balanced/everyday/d251f79daa9179f50a43c10fecb277acac3aee7489a961bfdbb9c629e1a4dee0.asm,win-capture.dll,plain,11,0
fda85fa87d43734c79307323f1cfcd244feee1b361916373cf97038a67368dfb,good_train,everyday,0,x64,37695,37689,goodware_balanced/everyday/fda85fa87d43734c79307323f1cfcd244feee1b361916373cf97038a67368dfb.asm,win-dshow.dll,plain,5,0
876ef593d3faeb62f8422b9f1dcbd62ae1a94147b9586590e39307cb3fba102d,good_train,everyday,0,x64,10608,10598,goodware_balanced/everyday/876ef593d3faeb62f8422b9f1dcbd62ae1a94147b9586590e39307cb3fba102d.asm,win-wasapi.dll,plain,9,0
f829e6aea3062557a76e5b430e415a34b8de17dd71bb1aa4d14a112f9b24c85b,good_train,everyday,0,x64,6694,6693,goodware_balanced/everyday/f829e6aea3062557a76e5b430e415a34b8de17dd71bb1aa4d14a112f9b24c85b.asm,windowplugin.dll,plain,0,0
cd8e84c1f8d1ee3a7014343e3fb236329d2b67c1ec233ea4b208d99e3f95105b,good_train,everyday,0,x86,100005,100000,goodware_balanced/everyday/cd8e84c1f8d1ee3a7014343e3fb236329d2b67c1ec233ea4b208d99e3f95105b.asm,wininst-14.0.exe,plain,3,1
4a3387a54eeca83f3a8ff1f5f282f7966c9e7bfe159c8eb45444cab01b3e167e,good_train,everyday,0,x86,8371,8370,goodware_balanced/everyday/4a3387a54eeca83f3a8ff1f5f282f7966c9e7bfe159c8eb45444cab01b3e167e.asm,wininst-7.1.exe,plain,0,0
84fe7824717bb55d7f32c7487e37012a1bc6cd4c8c0202be4bfb07e770f8dc51,good_train,everyday,0,x64,42158,42157,goodware_balanced/everyday/84fe7824717bb55d7f32c7487e37012a1bc6cd4c8c0202be4bfb07e770f8dc51.asm,wininst-9.0-amd64.exe,plain,0,0
9add1a61155ec47cf6f347faf776b746eebbde1dc9360d81b8a909da34650642,good_train,everyday,0,x64,100019,100000,goodware_balanced/everyday/9add1a61155ec47cf6f347faf776b746eebbde1dc9360d81b8a909da34650642.asm,winpty-agent.exe,plain,17,1
936f611c2129600d35ab7aad45546a837f4f3a9ca7f673e5d66b48c313b9cd75,good_train,everyday,0,x64,100005,100000,goodware_balanced/everyday/936f611c2129600d35ab7aad45546a837f4f3a9ca7f673e5d66b48c313b9cd75.asm,winpty64.dll,plain,3,1
a0a1eae58ab10d67e1981fc216151c81f01a62791065f51c15c2d0cabb21d42e,good_train,everyday,0,x64,25011,25010,goodware_balanced/everyday/a0a1eae58ab10d67e1981fc216151c81f01a62791065f51c15c2d0cabb21d42e.asm,wmfclearkey.dll,plain,0,0
b9a5dfe25e1396809d37465543b6efe89b07c50ef5c3839ec72d06c5118d6cee,good_train,everyday,0,x64,100064,100000,goodware_balanced/everyday/b9a5dfe25e1396809d37465543b6efe89b07c50ef5c3839ec72d06c5118d6cee.asm,wpd.dll,plain,62,1
0288a76922126860bf8c736428ad7a735fd56bb797642ce346e53eb6a1f4b8ca,good_train,everyday,0,x64,100002,100000,goodware_balanced/everyday/0288a76922126860bf8c736428ad7a735fd56bb797642ce346e53eb6a1f4b8ca.asm,wxc-host-prep.exe,plain,0,1
3dfabf025cbcaafadef8dabe15f18597a5a937ac99c5517a5912f28ca8b6271f,good_train,everyday,0,x64,100002,100000,goodware_balanced/everyday/3dfabf025cbcaafadef8dabe15f18597a5a937ac99c5517a5912f28ca8b6271f.asm,wxc-test-proxy.exe,plain,0,1
ee382079abb647c219d15c206d6abf80498028989cd1132a6edc80f8763fb3c3,good_train,everyday,0,x64,100002,100000,goodware_balanced/everyday/ee382079abb647c219d15c206d6abf80498028989cd1132a6edc80f8763fb3c3.asm,wxc-windows-sandbox-daemon.exe,plain,0,1
39cadc8fbbe075ea6b5f823f5a13126b01b7a5a04076a8ed381135aa4a218174,good_train,everyday,0,x64,84612,84608,goodware_balanced/everyday/39cadc8fbbe075ea6b5f823f5a13126b01b7a5a04076a8ed381135aa4a218174.asm,wxmsw332u_aui_vc_x64_custom.dll,plain,3,0
426a95d5da694b2dbb280743173038fa1e45d1c452478d4636b01252a2102545,good_train,everyday,0,x64,82727,82726,goodware_balanced/everyday/426a95d5da694b2dbb280743173038fa1e45d1c452478d4636b01252a2102545.asm,wxmsw332u_html_vc_x64_custom.dll,plain,0,0
4efb836a58deaf8e090f5657475fd371e4c7b2bfe613aeec1001e3c06c51826c,good_train,everyday,0,x64,100002,100000,goodware_balanced/everyday/4efb836a58deaf8e090f5657475fd371e4c7b2bfe613aeec1001e3c06c51826c.asm,wxmsw332u_propgrid_vc_x64_custom.dll,plain,0,1
ede2d84ab473e7365ea53e393e13a6df9ceff965953250b6f4a9acaf4839c956,good_train,everyday,0,x64,100002,100000,goodware_balanced/everyday/ede2d84ab473e7365ea53e393e13a6df9ceff965953250b6f4a9acaf4839c956.asm,wxmsw332u_richtext_vc_x64_custom.dll,plain,0,1
239aeeaac6ed82d0fee98a9c7408c4a354d7e642bc861610d1ca3f887dce0893,good_train,everyday,0,x64,24478,24473,goodware_balanced/everyday/239aeeaac6ed82d0fee98a9c7408c4a354d7e642bc861610d1ca3f887dce0893.asm,xmlreaderlo.dll,plain,4,0
54a40a99e1aaecb1a31db0e0b35c85bba77df08cbde712e65944028a7e8c4596,good_train,everyday,0,x64,100010,100000,goodware_balanced/everyday/54a40a99e1aaecb1a31db0e0b35c85bba77df08cbde712e65944028a7e8c4596.asm,xpdfimport.exe,plain,8,1
8d3bd71754d3d76621b1e0f04014214b047222d236a61420921ea53c555d5cdd,good_train,everyday,0,x64,100002,100000,goodware_balanced/everyday/8d3bd71754d3d76621b1e0f04014214b047222d236a61420921ea53c555d5cdd.asm,xul.dll,plain,0,1
80f31c467ca03c29dfdbeffb4f13f66160d77859b21463b8a0f50b3bcf1abbd2,good_train,everyday,0,x64,34907,34902,goodware_balanced/everyday/80f31c467ca03c29dfdbeffb4f13f66160d77859b21463b8a0f50b3bcf1abbd2.asm,xxd.exe,plain,4,0
2ad224c19800e03b741de2bd1364de9a2a7165b79bc03fb7125d66f7edd3d0d5,good_train,everyday,0,x64,15669,15666,goodware_balanced/everyday/2ad224c19800e03b741de2bd1364de9a2a7165b79bc03fb7125d66f7edd3d0d5.asm,zlib.dll,plain,2,0
3262adaf1f6ae2045c54693ffb43ff1c9dd7a5cea94da2a97c87a08f33ed5d5b,good_train,everyday,0,x64,16341,16336,goodware_balanced/everyday/3262adaf1f6ae2045c54693ffb43ff1c9dd7a5cea94da2a97c87a08f33ed5d5b.asm,zlib_3262adaf.dll,plain,4,0
ba8cc06d72db250d1a622d2dcc01d8add41c4db9e42e65e0a74e922ea5a1747d,good_train,everyday,0,x64,99289,99288,goodware_balanced/everyday/ba8cc06d72db250d1a622d2dcc01d8add41c4db9e42e65e0a74e922ea5a1747d.asm,zotero.exe,plain,0,0
8b9d033bbca0de67c45d4d9ec856d09c36973f19bc79b62bb13697d922f2c08b,good_train,everyday,0,x64,100035,100000,goodware_balanced/everyday/8b9d033bbca0de67c45d4d9ec856d09c36973f19bc79b62bb13697d922f2c08b.asm,zstd.dll,plain,33,1
c6989259a78960805b8b646843d2ef3a8a19e5533359e8a252aad2f3cc78c844,good_train,hard_negative,0,x86,100002,100000,goodware_balanced/hard_negative/c6989259a78960805b8b646843d2ef3a8a19e5533359e8a252aad2f3cc78c844.asm,7z.dll,plain,0,1
285e5220d6d4240b6a4bdb6357d427e457313376e3464d3cb973637a384ed02a,good_train,hard_negative,0,x86,95144,95143,goodware_balanced/hard_negative/285e5220d6d4240b6a4bdb6357d427e457313376e3464d3cb973637a384ed02a.asm,7z.exe,plain,0,0
87bda95e467e0af3cda173b383e50b7df477b109225edc4dd33b698f29a171c3,good_train,hard_negative,0,x64,47349,47347,goodware_balanced/hard_negative/87bda95e467e0af3cda173b383e50b7df477b109225edc4dd33b698f29a171c3.asm,7zxa.dll,plain,1,0
3e0b139a512d37286b6cd133bed049b2090ed5b0004733a0d26dbb4f6bcb0186,good_train,hard_negative,0,x86,100366,100000,goodware_balanced/hard_negative/3e0b139a512d37286b6cd133bed049b2090ed5b0004733a0d26dbb4f6bcb0186.asm,Advanced Renamer_4.25_Machine_X64_inno_en-US.exe,plain,364,1
6e3c4c58c7900db4ca989fb3dc2d4c7e3332cec4bb09e66f76cbe2b4c6b6768b,good_train,hard_negative,0,x64,33057,33056,goodware_balanced/hard_negative/6e3c4c58c7900db4ca989fb3dc2d4c7e3332cec4bb09e66f76cbe2b4c6b6768b.asm,Amsiman.x64.exe,plain,0,0
dc7b8fe078068ff0579a9fb1fc7a0bdb0be9acac45537faec8c7e385a7ac1d6c,good_train,hard_negative,0,x64,100066,100000,goodware_balanced/hard_negative/dc7b8fe078068ff0579a9fb1fc7a0bdb0be9acac45537faec8c7e385a7ac1d6c.asm,Arkview.x64.exe,plain,64,1
a7bbea234e5aeb4ea14c0cef875eb5913f67cdaaa7a665ef7c398dce5c04e495,good_train,hard_negative,0,x64,100019,100000,goodware_balanced/hard_negative/a7bbea234e5aeb4ea14c0cef875eb5913f67cdaaa7a665ef7c398dce5c04e495.asm,Bandizip.x64.exe,plain,17,1
bfab0d98dbaaa2263a6906fbda266b4b8d410a4c0d1b0e1d18c66b7c26bea2d1,good_train,hard_negative,0,x64,46771,46766,goodware_balanced/hard_negative/bfab0d98dbaaa2263a6906fbda266b4b8d410a4c0d1b0e1d18c66b7c26bea2d1.asm,Binary.wixca.dll,plain,4,0
85c2802b285930aaac73ae76d39c6d4bf8a39f3d6e82d4eb0639c40da49911b8,good_train,hard_negative,0,x86,24279,24195,goodware_balanced/hard_negative/85c2802b285930aaac73ae76d39c6d4bf8a39f3d6e82d4eb0639c40da49911b8.asm,Bulk Rename Utility_4.1.0.1_Machine_X64_inno_en-US.exe,plain,82,0
adb3fa6e7a334385337ebef6a17823e139e640ebc0c439dd0bbd615269a336a5,good_train,hard_negative,0,x64,100054,100000,goodware_balanced/hard_negative/adb3fa6e7a334385337ebef6a17823e139e640ebc0c439dd0bbd615269a336a5.asm,CM_FP_Qt5Widgets.dll,plain,52,1
802e0f5a1b5ca1bac6953f57e0694d2c03b96bcb854ad9ac17dfdbf28500fefe,good_train,hard_negative,0,x64,5574,5572,goodware_balanced/hard_negative/802e0f5a1b5ca1bac6953f57e0694d2c03b96bcb854ad9ac17dfdbf28500fefe.asm,CM_FP_argon2.dll,plain,1,0
ab8247ca4554871e5d75c0ee118ee8663727bd6fdf37ad76b17e9cc8d5f286a8,good_train,hard_negative,0,x64,100002,100000,goodware_balanced/hard_negative/ab8247ca4554871e5d75c0ee118ee8663727bd6fdf37ad76b17e9cc8d5f286a8.asm,CM_FP_bin.cmake.exe,plain,0,1
f4205eebaa398e7e20313fcf0d93ee1bde73d973d548067063a6bdb5972358c1,good_train,hard_negative,0,x64,100002,100000,goodware_balanced/hard_negative/f4205eebaa398e7e20313fcf0d93ee1bde73d973d548067063a6bdb5972358c1.asm,CM_FP_bin.cmake_gui.exe,plain,0,1
b6d2aff18ed89e5b1ddb13e3592e44d558d1d03ecc811eda2eb113fc1fb340ea,good_train,hard_negative,0,x64,100057,100000,goodware_balanced/hard_negative/b6d2aff18ed89e5b1ddb13e3592e44d558d1d03ecc811eda2eb113fc1fb340ea.asm,CM_FP_bin.cmcldeps.exe,plain,55,1
5b096261d79b67945b0070030e0e4ac7f276e0641f3a52cf72ace038d77d4371,good_train,hard_negative,0,x64,100002,100000,goodware_balanced/hard_negative/5b096261d79b67945b0070030e0e4ac7f276e0641f3a52cf72ace038d77d4371.asm,CM_FP_bin.cpack.exe,plain,0,1
083f482c8656c86932c28906445cb3c10c0c5ee649a90ff3e0080ee4447d3dfc,good_train,hard_negative,0,x64,100002,100000,goodware_balanced/hard_negative/083f482c8656c86932c28906445cb3c10c0c5ee649a90ff3e0080ee4447d3dfc.asm,CM_FP_bin.ctest.exe,plain,0,1
8dfb5ea54cad133f95da7e00941982426af6c34c56d8c26d66dc0838da1e32cb,good_train,hard_negative,0,x64,1387,1386,goodware_balanced/hard_negative/8dfb5ea54cad133f95da7e00941982426af6c34c56d8c26d66dc0838da1e32cb.asm,CM_FP_brotlicommon.dll,plain,0,0
27f6c1ad03dab08c0433d15a49f4381029cc1cf001046b5b33fd7ff104b76fd6,good_train,hard_negative,0,x64,8907,8898,goodware_balanced/hard_negative/27f6c1ad03dab08c0433d15a49f4381029cc1cf001046b5b33fd7ff104b76fd6.asm,CM_FP_brotlidec.dll,plain,8,0
25eeecbe72dd08fc3f719d4c47ffc143200dcba9d4fe3aeba98c5ee2e9800b57,good_train,hard_negative,0,x64,14953,14948,goodware_balanced/hard_negative/25eeecbe72dd08fc3f719d4c47ffc143200dcba9d4fe3aeba98c5ee2e9800b57.asm,CM_FP_bz2.dll,plain,4,0
e75c187a496f8f1da9684e49d146f887bc0473719cb089b6c2d55e2cf0b79992,good_train,hard_negative,0,x64,32807,32798,goodware_balanced/hard_negative/e75c187a496f8f1da9684e49d146f887bc0473719cb089b6c2d55e2cf0b79992.asm,CM_FP_clamconf.exe,plain,8,0
d052be9cb42b3798e7a7a65c48a51a4253d8685d7720679b4279007fd6a1aa3f,good_train,hard_negative,0,x64,51072,51054,goodware_balanced/hard_negative/d052be9cb42b3798e7a7a65c48a51a4253d8685d7720679b4279007fd6a1aa3f.asm,CM_FP_clamd.exe,plain,17,0
677db7332e55ef46bbf868c98be7bb80efde32643014af8c305888edebe6673f,good_train,hard_negative,0,x64,49053,49037,goodware_balanced/hard_negative/677db7332e55ef46bbf868c98be7bb80efde32643014af8c305888edebe6673f.asm,CM_FP_clamdscan.exe,plain,15,0
e4f01bff1fa0381615a7e174fef0cd37bc0363b9a98cc261c60206b031e2bd1c,good_train,hard_negative,0,x64,42165,42144,goodware_balanced/hard_negative/e4f01bff1fa0381615a7e174fef0cd37bc0363b9a98cc261c60206b031e2bd1c.asm,CM_FP_clamdtop.exe,plain,20,0
f368912f61ddea8b302acf9114891ec57f8a45b0de77f076b1d19c960bc6f7cf,good_train,hard_negative,0,x64,53048,53035,goodware_balanced/hard_negative/f368912f61ddea8b302acf9114891ec57f8a45b0de77f076b1d19c960bc6f7cf.asm,CM_FP_clamscan.exe,plain,12,0
690249099fbdf70c64bcb6a746eccea159b92b3292d549d0fdc729883210a2ea,good_train,hard_negative,0,x64,35990,35982,goodware_balanced/hard_negative/690249099fbdf70c64bcb6a746eccea159b92b3292d549d0fdc729883210a2ea.asm,CM_FP_clamsubmit.exe,plain,7,0
4f500992a53c41a0ba44a11c33c481d8763505a7453be12d85107856ab8fb332,good_train,hard_negative,0,x64,54490,54489,goodware_balanced/hard_negative/4f500992a53c41a0ba44a11c33c481d8763505a7453be12d85107856ab8fb332.asm,CM_FP_concrt140.dll,plain,0,0
10c04ebbc7aca3d8546ad27233102237422b32958423d9c6e88e4af5730d350e,good_train,hard_negative,0,x64,14092,14090,goodware_balanced/hard_negative/10c04ebbc7aca3d8546ad27233102237422b32958423d9c6e88e4af5730d350e.asm,CM_FP_double_conversion.dll,plain,1,0
f4d2cd003a49f8e94eb3f93a78161035ff941e02c30fd32299e19b4714206a00,good_train,hard_negative,0,x64,100032,100000,goodware_balanced/hard_negative/f4d2cd003a49f8e94eb3f93a78161035ff941e02c30fd32299e19b4714206a00.asm,CM_FP_freetype.dll,plain,30,1
4032fdd45184333d7c963eec87664a8339c6f31dc5ae94bb5008fe5e88feaf1f,good_train,hard_negative,0,x64,46927,46920,goodware_balanced/hard_negative/4032fdd45184333d7c963eec87664a8339c6f31dc5ae94bb5008fe5e88feaf1f.asm,CM_FP_freshclam.exe,plain,6,0
08e0518f7e4ef40fd7b90a2846825974cffb2dacec62fa881404c0cc3e7866b8,good_train,hard_negative,0,x64,11227,11209,goodware_balanced/hard_negative/08e0518f7e4ef40fd7b90a2846825974cffb2dacec62fa881404c0cc3e7866b8.asm,CM_FP_json_c.dll,plain,17,0
4e7cd5f2945dab99aa937ed08c58c95b021036bfc2a2ef879d4c396477b1a85d,good_train,hard_negative,0,x64,100007,100000,goodware_balanced/hard_negative/4e7cd5f2945dab99aa937ed08c58c95b021036bfc2a2ef879d4c396477b1a85d.asm,CM_FP_keepassxc_cli.exe,plain,5,1
2838dc37de3174f9c23b4828e037e64975490e377cec79f40a90d1ac01ffda71,good_train,hard_negative,0,x64,16004,15999,goodware_balanced/hard_negative/2838dc37de3174f9c23b4828e037e64975490e377cec79f40a90d1ac01ffda71.asm,CM_FP_libbz2.dll,plain,4,0
5d7e525494e8a5c27282ce015b3444dfe230b982feecf7e477142a45be85b41a,good_train,hard_negative,0,x64,100002,100000,goodware_balanced/hard_negative/5d7e525494e8a5c27282ce015b3444dfe230b982feecf7e477142a45be85b41a.asm,CM_FP_libclamav.dll,plain,0,1
52ab290affa5f734ddcfbd20723e279fb71a412c3ecd518fe8814990957be5ba,good_train,hard_negative,0,x64,43417,43400,goodware_balanced/hard_negative/52ab290affa5f734ddcfbd20723e279fb71a412c3ecd518fe8814990957be5ba.asm,CM_FP_libclammspack.dll,plain,16,0
fa35ccd05b9c82c0b000af12716ef3819d67516ddd5e940ed22221d627e3718e,good_train,hard_negative,0,x64,100027,100000,goodware_balanced/hard_negative/fa35ccd05b9c82c0b000af12716ef3819d67516ddd5e940ed22221d627e3718e.asm,CM_FP_libclamunrar.dll,plain,25,1
032d5eabad191243218830ce05360b8de82f14b3abe0b52179acfff47d291ae3,good_train,hard_negative,0,x64,18029,18026,goodware_balanced/hard_negative/032d5eabad191243218830ce05360b8de82f14b3abe0b52179acfff47d291ae3.asm,CM_FP_libclamunrar_iface.dll,plain,2,0
283a0f725ea2f0187de8a4be49c70eb211f9b759d3174429fb28d2235e9e4e31,good_train,hard_negative,0,x64,100002,100000,goodware_balanced/hard_negative/283a0f725ea2f0187de8a4be49c70eb211f9b759d3174429fb28d2235e9e4e31.asm,CM_FP_libcrypto_3_x64.dll,plain,0,1
d0c3b8dfc94808bc6963e68a5c2e0da92542b0717d67d9a26f9fed022a790d1e,good_train,hard_negative,0,x64,100499,100000,goodware_balanced/hard_negative/d0c3b8dfc94808bc6963e68a5c2e0da92542b0717d67d9a26f9fed022a790d1e.asm,CM_FP_libcrypto_3_x64_d0c3b8df.dll,plain,497,1
07642f8668ff23fe987c33a92ad92d52ad8c7c58e0e2306af6332e38a7433876,good_train,hard_negative,0,x64,100092,100000,goodware_balanced/hard_negative/07642f8668ff23fe987c33a92ad92d52ad8c7c58e0e2306af6332e38a7433876.asm,CM_FP_libcurl.dll,plain,90,1
6cf691eac0473c1392edcc7189ac9075ce76d85de6cb95253b48559744e8e0eb,good_train,hard_negative,0,x64,100002,100000,goodware_balanced/hard_negative/6cf691eac0473c1392edcc7189ac9075ce76d85de6cb95253b48559744e8e0eb.asm,CM_FP_libfreshclam.dll,plain,0,1
4ca5b37e1c59d06b2f8d6a4269c1d8a6cc02424cf9a225b5baf6d82ac8c6adf4,good_train,hard_negative,0,x64,40234,40214,goodware_balanced/hard_negative/4ca5b37e1c59d06b2f8d6a4269c1d8a6cc02424cf9a225b5baf6d82ac8c6adf4.asm,CM_FP_libpng16.dll,plain,19,0
832813cd782ce2327753e0208e8053391bc0795093045f8c476913ff757fcdd3,good_train,hard_negative,0,x64,59027,59021,goodware_balanced/hard_negative/832813cd782ce2327753e0208e8053391bc0795093045f8c476913ff757fcdd3.asm,CM_FP_libssh2.dll,plain,5,0
db1119dcf3d2c85d2031c7413e7f6a4cbd67fb6380ba816b59ec129d1e14b16d,good_train,hard_negative,0,x64,100042,100000,goodware_balanced/hard_negative/db1119dcf3d2c85d2031c7413e7f6a4cbd67fb6380ba816b59ec129d1e14b16d.asm,CM_FP_libssl_3_x64.dll,plain,40,1
072e118022df20c1807207dc3be15aaacf5fdb9e08199c041fae4f0a61178865,good_train,hard_negative,0,x64,82642,82640,goodware_balanced/hard_negative/072e118022df20c1807207dc3be15aaacf5fdb9e08199c041fae4f0a61178865.asm,CM_FP_libwebp.dll,plain,1,0
02eb5bc42001e7cf234c78582dc8eac581043c466374247211decb3b5f958798,good_train,hard_negative,0,x64,3186,3185,goodware_balanced/hard_negative/02eb5bc42001e7cf234c78582dc8eac581043c466374247211decb3b5f958798.asm,CM_FP_libwebpdemux.dll,plain,0,0
4aefc084927ed3da8108c68eeea073e51dc5b55ce02b09451b8b0fdebeaf11a8,good_train,hard_negative,0,x64,8118,8117,goodware_balanced/hard_negative/4aefc084927ed3da8108c68eeea073e51dc5b55ce02b09451b8b0fdebeaf11a8.asm,CM_FP_libwebpmux.dll,plain,0,0
222bee0a9763efba1bd8291d0e1762f70417f0c4fc38bc4f4d4dd546ed866dfd,good_train,hard_negative,0,x64,100088,100000,goodware_balanced/hard_negative/222bee0a9763efba1bd8291d0e1762f70417f0c4fc38bc4f4d4dd546ed866dfd.asm,CM_FP_libxml2.dll,plain,86,1
a4c2229bdc2a2a630acdc095b4d86008e5c3e3bc7773174354f3da4f5beb9cde,good_train,hard_negative,0,x64,100002,100000,goodware_balanced/hard_negative/a4c2229bdc2a2a630acdc095b4d86008e5c3e3bc7773174354f3da4f5beb9cde.asm,CM_FP_msvcp140.dll,plain,0,1
91cd05c16c61c39788c47434602a59c17f5b08dbb3eee04ce85f8d5b70e8e604,good_train,hard_negative,0,x64,1432,1431,goodware_balanced/hard_negative/91cd05c16c61c39788c47434602a59c17f5b08dbb3eee04ce85f8d5b70e8e604.asm,CM_FP_msvcp140_1.dll,plain,0,0
713f17b253d802d283d306ce75647e37d83a546aeb1a881e5d9e529e856c007e,good_train,hard_negative,0,x64,43516,43515,goodware_balanced/hard_negative/713f17b253d802d283d306ce75647e37d83a546aeb1a881e5d9e529e856c007e.asm,CM_FP_msvcp140_2.dll,plain,0,0
aede4ec454a82f146eb4a721e616e2086870107d88aabc6b0bd1eea0a505d935,good_train,hard_negative,0,x64,4459,4458,goodware_balanced/hard_negative/aede4ec454a82f146eb4a721e616e2086870107d88aabc6b0bd1eea0a505d935.asm,CM_FP_msvcp140_atomic_wait.dll,plain,0,0
9b408e9346718e52ac09b92ee3e2e277c1d20941071946324cafee5585323893,good_train,hard_negative,0,x64,25503,25445,goodware_balanced/hard_negative/9b408e9346718e52ac09b92ee3e2e277c1d20941071946324cafee5585323893.asm,CM_FP_nghttp2.dll,plain,57,0
7e0b45d5a886f1c199dcaa536623465c7b9b5385c4b403a7ffb2c1d77e49ea1c,good_train,hard_negative,0,x64,100287,100000,goodware_balanced/hard_negative/7e0b45d5a886f1c199dcaa536623465c7b9b5385c4b403a7ffb2c1d77e49ea1c.asm,CM_FP_pcre2_16.dll,plain,285,1
e5628f9a9f55ecf367db84cb25609ecc7dfa8245b3fc49d05781a2f0ac38280a,good_train,hard_negative,0,x64,61790,61598,goodware_balanced/hard_negative/e5628f9a9f55ecf367db84cb25609ecc7dfa8245b3fc49d05781a2f0ac38280a.asm,CM_FP_pcre2_8.dll,plain,191,0
e114dafaad1895adff84cc6c9d294df34eca4e02c05ce0f62229234cfd6300f8,good_train,hard_negative,0,x64,47703,47692,goodware_balanced/hard_negative/e114dafaad1895adff84cc6c9d294df34eca4e02c05ce0f62229234cfd6300f8.asm,CM_FP_pdcurses.dll,plain,10,0
f7929b91f359406b8e226f2a914535db3c3c49ddc5d5d358dfb4e9ef554c0814,good_train,hard_negative,0,x64,4530,4529,goodware_balanced/hard_negative/f7929b91f359406b8e226f2a914535db3c3c49ddc5d5d358dfb4e9ef554c0814.asm,CM_FP_plugins.iconengines.qsvgicon.dll,plain,0,0
8f9b2c726daf1eee8b0eba60070e0aa3ce9969fd0950ee34bcd466a423d6fe68,good_train,hard_negative,0,x64,4450,4449,goodware_balanced/hard_negative/8f9b2c726daf1eee8b0eba60070e0aa3ce9969fd0950ee34bcd466a423d6fe68.asm,CM_FP_plugins.imageformats.qicns.dll,plain,0,0
946cbc80aa7836765347f6f8b2e7a8c2bda029135d89046942d28c1ad4d94d5d,good_train,hard_negative,0,x64,3483,3481,goodware_balanced/hard_negative/946cbc80aa7836765347f6f8b2e7a8c2bda029135d89046942d28c1ad4d94d5d.asm,CM_FP_plugins.imageformats.qico.dll,plain,1,0
cf014b73e689c499b410ea3513ef7b78fbdd383208fb71557186a71bbf16dc4f,good_train,hard_negative,0,x64,4842,4832,goodware_balanced/hard_negative/cf014b73e689c499b410ea3513ef7b78fbdd383208fb71557186a71bbf16dc4f.asm,CM_FP_plugins.imageformats.qjpeg.dll,plain,9,0
4b923ca8a83306061c7fa685ffb39c1ec96fc8524a8c004b38321b937b416436,good_train,hard_negative,0,x64,2366,2356,goodware_balanced/hard_negative/4b923ca8a83306061c7fa685ffb39c1ec96fc8524a8c004b38321b937b416436.asm,CM_FP_plugins.imageformats.qsvg.dll,plain,9,0
644989f130de72e4b420f188921da4bbccffa1daa15645344873116faae3d983,good_train,hard_negative,0,x64,2328,2327,goodware_balanced/hard_negative/644989f130de72e4b420f188921da4bbccffa1daa15645344873116faae3d983.asm,CM_FP_plugins.imageformats.qtga.dll,plain,0,0
57815d5390c6b2db696088b1b7f08d806a13323a325f277352cf53817bec718d,good_train,hard_negative,0,x64,4920,4918,goodware_balanced/hard_negative/57815d5390c6b2db696088b1b7f08d806a13323a325f277352cf53817bec718d.asm,CM_FP_plugins.imageformats.qtiff.dll,plain,1,0
59f25d598cea9209fd2ea7908dd4fc48b63a348bd28d6557b9f3fba5fe6d6e7e,good_train,hard_negative,0,x64,2277,2276,goodware_balanced/hard_negative/59f25d598cea9209fd2ea7908dd4fc48b63a348bd28d6557b9f3fba5fe6d6e7e.asm,CM_FP_plugins.imageformats.qwbmp.dll,plain,0,0
6a6b24c26760aeb579f7f04acd30a2be801029bb837944762f1eeaf917d94ead,good_train,hard_negative,0,x64,100041,100000,goodware_balanced/hard_negative/6a6b24c26760aeb579f7f04acd30a2be801029bb837944762f1eeaf917d94ead.asm,CM_FP_plugins.platforms.qwindows.dll,plain,39,1
4eccadb925b73eb08c8041f856be6c3d162f22183e6cb08449c7ef1746d8a17f,good_train,hard_negative,0,x64,38699,38698,goodware_balanced/hard_negative/4eccadb925b73eb08c8041f856be6c3d162f22183e6cb08449c7ef1746d8a17f.asm,CM_FP_pthreadVC3.dll,plain,0,0
7b56611ca051176b4e28a155bfad853fdf6799e88a7a8b30f1f80d82a3d9a78c,good_train,hard_negative,0,x64,9157,9151,goodware_balanced/hard_negative/7b56611ca051176b4e28a155bfad853fdf6799e88a7a8b30f1f80d82a3d9a78c.asm,CM_FP_qrencode.dll,plain,5,0
02c6aa0e6e624411a9f19b0360a7865ab15908e26024510e5c38a9c08362c35a,good_train,hard_negative,0,x64,23408,23406,goodware_balanced/hard_negative/02c6aa0e6e624411a9f19b0360a7865ab15908e26024510e5c38a9c08362c35a.asm,CM_FP_vcruntime140.dll,plain,0,0
7dd9aa02e271c68ca6d5f18d651d23a15d7259715af43326578f7dde27f37637,good_train,hard_negative,0,x64,4287,4286,goodware_balanced/hard_negative/7dd9aa02e271c68ca6d5f18d651d23a15d7259715af43326578f7dde27f37637.asm,CM_FP_vcruntime140_1.dll,plain,0,0
29af14a2f529b6c938dca11114feea4373ea61539f59bfa888f381c8436ca917,good_train,hard_negative,0,x64,15593,15589,goodware_balanced/hard_negative/29af14a2f529b6c938dca11114feea4373ea61539f59bfa888f381c8436ca917.asm,CM_FP_zlib1.dll,plain,3,0
515f7582a9651980783e36663a97655903f7722279ac00070b8de7e8e374fb86,good_train,hard_negative,0,x86,100003,100000,goodware_balanced/hard_negative/515f7582a9651980783e36663a97655903f7722279ac00070b8de7e8e374fb86.asm,CryptSync.EXE,plain,1,1
8970b527066eb92784f7039c9eecf61fba92f7293566ec93ed491ba26c3f322d,good_train,hard_negative,0,x86,100002,100000,goodware_balanced/hard_negative/8970b527066eb92784f7039c9eecf61fba92f7293566ec93ed491ba26c3f322d.asm,Cryptomator-1.19.3-x64.exe,plain,0,1
7fb13edab4367b5c3df7df9bad9c750df3433d6baceafcabefb3b23c83b73ba1,good_train,hard_negative,0,x64,100029,100000,goodware_balanced/hard_negative/7fb13edab4367b5c3df7df9bad9c750df3433d6baceafcabefb3b23c83b73ba1.asm,DB_Browser_for_SQLCipher.exe,plain,27,1
2149332a52ee24c8a25000d2922114093a379d20ae74ad7565e616c524edac48,good_train,hard_negative,0,x64,100002,100000,goodware_balanced/hard_negative/2149332a52ee24c8a25000d2922114093a379d20ae74ad7565e616c524edac48.asm,FileSyncClient.dll,plain,0,1
734b2d1705f171930b2d4e1750ef55b468e588c4c9308b8fe949f934ef5bda15,good_train,hard_negative,0,x64,100002,100000,goodware_balanced/hard_negative/734b2d1705f171930b2d4e1750ef55b468e588c4c9308b8fe949f934ef5bda15.asm,FileSyncFSNtfs.dll,plain,0,1
9ef14a86401c82d98f0a121089b401a004cae455fa0cf7f01c000e6d5b22bd5c,good_train,hard_negative,0,x64,100002,100000,goodware_balanced/hard_negative/9ef14a86401c82d98f0a121089b401a004cae455fa0cf7f01c000e6d5b22bd5c.asm,FileSyncFSNtfsWB.dll,plain,0,1
5b046a2ce2b643249355d5976541ef780b4803bf83931b207564d6a63374de44,good_train,hard_negative,0,x64,100002,100000,goodware_balanced/hard_negative/5b046a2ce2b643249355d5976541ef780b4803bf83931b207564d6a63374de44.asm,FileSyncHelper.exe,plain,0,1
4fdbdc6541c1ec5a45437798101725dc2c6a3d743d04e1a0ba40dbceca66db26,good_train,hard_negative,0,x64,100065,100000,goodware_balanced/hard_negative/4fdbdc6541c1ec5a45437798101725dc2c6a3d743d04e1a0ba40dbceca66db26.asm,FileSyncSessions.dll,plain,63,1
f1948c29bf14fefa7f8ef01982f15c1bc57b104f37bcc4f07e463804e098f20f,good_train,hard_negative,0,x86,100002,100000,goodware_balanced/hard_negative/f1948c29bf14fefa7f8ef01982f15c1bc57b104f37bcc4f07e463804e098f20f.asm,FileSyncShell.dll,plain,0,1
7a586b9397aaed4733cda6990a3a94a3e6f65d07e9aa632f624817d3de52c73c,good_train,hard_negative,0,x64,70721,70042,goodware_balanced/hard_negative/7a586b9397aaed4733cda6990a3a94a3e6f65d07e9aa632f624817d3de52c73c.asm,FileSyncTelemetryExtensions.dll,plain,678,0
5b4c71b22e76e6837f9b089dd14d338ebaf2315e10cf012bc830d9b6b5878c4a,good_train,hard_negative,0,x86,100002,100000,goodware_balanced/hard_negative/5b4c71b22e76e6837f9b089dd14d338ebaf2315e10cf012bc830d9b6b5878c4a.asm,GPG.EXE,plain,0,1
d065a4e23c3d9a6b5073d609b5be0830227ec3ca053c083ba385061ddfaf94c6,good_train,hard_negative,0,x86,100316,100000,goodware_balanced/hard_negative/d065a4e23c3d9a6b5073d609b5be0830227ec3ca053c083ba385061ddfaf94c6.asm,Git-2.55.0.5-64-bit.exe,plain,314,1
25c03cecd756b5f7c7440c0371405744fa4ad821c4a3aff882aa0bff1d5d6dfa,good_train,hard_negative,0,x64,27422,27421,goodware_balanced/hard_negative/25c03cecd756b5f7c7440c0371405744fa4ad821c4a3aff882aa0bff1d5d6dfa.asm,HandBrake.Worker.exe,plain,0,0
d346e161f2cbaccccae0a2861c4e9baf888d6aa1bfcfba4ba6ded922a65f8c75,good_train,hard_negative,0,x64,27422,27421,goodware_balanced/hard_negative/d346e161f2cbaccccae0a2861c4e9baf888d6aa1bfcfba4ba6ded922a65f8c75.asm,HandBrake.exe,plain,0,0
2718d0fe42a9d32c172c130e374d67817136914ec4467fe281f1dc09911842b7,good_train,hard_negative,0,x64,4237,4236,goodware_balanced/hard_negative/2718d0fe42a9d32c172c130e374d67817136914ec4467fe281f1dc09911842b7.asm,HiRes.dll,plain,0,0
aa9ec502e20b927d236e19036b40a5da5ddd4ae030553a6608f821becd646efb,good_train,hard_negative,0,x86,17024,17023,goodware_balanced/hard_negative/aa9ec502e20b927d236e19036b40a5da5ddd4ae030553a6608f821becd646efb.asm,ICONV.DLL,plain,0,0
b791c83484c1e5afafbd995029aecd8f52030194a44b6b1eae845ef759132c44,good_train,hard_negative,0,x64,27414,27413,goodware_balanced/hard_negative/b791c83484c1e5afafbd995029aecd8f52030194a44b6b1eae845ef759132c44.asm,Icon.DuplicatiIcon.exe,plain,0,0
345b11696bcad86de188ce2fd94dcc1eeeacabc981bbe8752fa029b9b5f4a10d,good_train,hard_negative,0,x86,100350,100000,goodware_balanced/hard_negative/345b11696bcad86de188ce2fd94dcc1eeeacabc981bbe8752fa029b9b5f4a10d.asm,ImageMagick-7.1.2-30-Q16-HDRI-x64-dll.exe,plain,348,1
44b1d70219f88564d94da9fc8a7ca4d25d103575519c84a44df3057b8af98f71,good_train,hard_negative,0,x86,2279,2278,goodware_balanced/hard_negative/44b1d70219f88564d94da9fc8a7ca4d25d103575519c84a44df3057b8af98f71.asm,InstallOptions.dll,plain,0,0
d81b73be95a54d5bd8337e6757a91b97e1afd214b4562c86ea1d6fe07b2e6a9f,good_train,hard_negative,0,x64,100002,100000,goodware_balanced/hard_negative/d81b73be95a54d5bd8337e6757a91b97e1afd214b4562c86ea1d6fe07b2e6a9f.asm,LTO.dll,plain,0,1
793d4f6d3df7193f975a5edb41f20fdcb5f35bd8d2f5b317ca424cd94289224a,good_train,hard_negative,0,x86,100002,100000,goodware_balanced/hard_negative/793d4f6d3df7193f975a5edb41f20fdcb5f35bd8d2f5b317ca424cd94289224a.asm,Malwarebytes_5.6.5.306_Machine_X64_exe_en-US.exe,plain,0,1
071b0d3a08503a8b88aeeda1d20f371a563377028f6e252dc66cce60ab8f823e,good_train,hard_negative,0,x64,100002,100000,goodware_balanced/hard_negative/071b0d3a08503a8b88aeeda1d20f371a563377028f6e252dc66cce60ab8f823e.asm,MpSigStub.exe,plain,0,1
96f83844da70cdf48a19f7cb35071a61f0e50409ec3afb0b268522a9922c6724,good_train,hard_negative,0,x64,64915,64914,goodware_balanced/hard_negative/96f83844da70cdf48a19f7cb35071a61f0e50409ec3afb0b268522a9922c6724.asm,NCContextMenu.dll,plain,0,0
2bb2a5c5ee725434a4b164839b0c68f7fea7775e7ad63715a5c6338c1632485a,good_train,hard_negative,0,x64,94952,94951,goodware_balanced/hard_negative/2bb2a5c5ee725434a4b164839b0c68f7fea7775e7ad63715a5c6338c1632485a.asm,NCOverlays.dll,plain,0,0
8ba78b62e7f04fcdcce5d24cf6ce98b1b9709e28b587c51a7d75095f453b2206,good_train,hard_negative,0,x64,100002,100000,goodware_balanced/hard_negative/8ba78b62e7f04fcdcce5d24cf6ce98b1b9709e28b587c51a7d75095f453b2206.asm,OneDrive.Sync.Service.exe,plain,0,1
cf050d345e1e1d8c1811100cc0a99251c346d24a6ebed1f767cb4b7a9afbbda8,good_train,hard_negative,0,x64,83306,83305,goodware_balanced/hard_negative/cf050d345e1e1d8c1811100cc0a99251c346d24a6ebed1f767cb4b7a9afbbda8.asm,OneDriveFileLauncher.exe,plain,0,0
0eb871f6b0a92159cb712c3e60b79d996b26c5ed5ebe359911d074bf33457022,good_train,hard_negative,0,x64,100002,100000,goodware_balanced/hard_negative/0eb871f6b0a92159cb712c3e60b79d996b26c5ed5ebe359911d074bf33457022.asm,OneDriveUpdaterService.exe,plain,0,1
737666b431c9d8f2905cd4b8345270c3e52f5b37bd912b496bb3892ab5752ac1,good_train,hard_negative,0,x64,100005,100000,goodware_balanced/hard_negative/737666b431c9d8f2905cd4b8345270c3e52f5b37bd912b496bb3892ab5752ac1.asm,Picocrypt.exe,plain,3,1
2fd19749560be03020026f2d842b69af47f0ea2c7946bda17eed26a4a9235695,good_train,hard_negative,0,x86,100002,100000,goodware_balanced/hard_negative/2fd19749560be03020026f2d842b69af47f0ea2c7946bda17eed26a4a9235695.asm,PostgreSQL 17_17.11-3_Machine_X64_exe_en-US.exe,plain,0,1
2212e66eadd559705e244409354ed264c286a3cac7a3e511737c3d31e2a0f4ae,good_train,hard_negative,0,x64,3661,3660,goodware_balanced/hard_negative/2212e66eadd559705e244409354ed264c286a3cac7a3e511737c3d31e2a0f4ae.asm,Qt5Concurrent.dll,plain,0,0
8d2ff4ce9096ddccc4f4cd62c2e41fc854cfd1b0d6e8d296645a7f5fd4ae565a,good_train,hard_negative,0,x64,100011,100000,goodware_balanced/hard_negative/8d2ff4ce9096ddccc4f4cd62c2e41fc854cfd1b0d6e8d296645a7f5fd4ae565a.asm,Qt5Core.dll,plain,9,1
5e7d2d41b8b92a880e83b8cc0ca173f5da61218604186196787ee1600956be1e,good_train,hard_negative,0,x64,100053,100000,goodware_balanced/hard_negative/5e7d2d41b8b92a880e83b8cc0ca173f5da61218604186196787ee1600956be1e.asm,Qt5Gui.dll,plain,51,1
4ef341ae9302e793878020f0740b09b0f31cb380408a697f75c69fdbd20fc7a1,good_train,hard_negative,0,x64,100026,100000,goodware_balanced/hard_negative/4ef341ae9302e793878020f0740b09b0f31cb380408a697f75c69fdbd20fc7a1.asm,Qt5Network.dll,plain,24,1
783d4f1feb8dc0bc00acb8c094d6c1ab39ac6b5858874e60dd3d45677af4307a,good_train,hard_negative,0,x64,33237,33217,goodware_balanced/hard_negative/783d4f1feb8dc0bc00acb8c094d6c1ab39ac6b5858874e60dd3d45677af4307a.asm,Qt5PrintSupport.dll,plain,19,0
30035484c81590976627f8face9507caa8581a7dc7630cccf6a8d6de65cab707,good_train,hard_negative,0,x64,100019,100000,goodware_balanced/hard_negative/30035484c81590976627f8face9507caa8581a7dc7630cccf6a8d6de65cab707.asm,Qt5Qml.dll,plain,17,1
7348cfc6444438b8845fb3f59381227325d40ca2187d463e82fc7b8e93e38db5,good_train,hard_negative,0,x64,50806,50793,goodware_balanced/hard_negative/7348cfc6444438b8845fb3f59381227325d40ca2187d463e82fc7b8e93e38db5.asm,Qt5Svg.dll,plain,12,0
3788c669d4b645e5a576de9fc77fca776bf516d43c89143dc2ca28291ba14358,good_train,hard_negative,0,x64,100072,100000,goodware_balanced/hard_negative/3788c669d4b645e5a576de9fc77fca776bf516d43c89143dc2ca28291ba14358.asm,Qt5Widgets.dll,plain,70,1
ebdf91f0310ab67a79abd2385fa428205856f81e3a753e6e47c31d5946ddd590,good_train,hard_negative,0,x64,37401,37376,goodware_balanced/hard_negative/ebdf91f0310ab67a79abd2385fa428205856f81e3a753e6e47c31d5946ddd590.asm,Qt5Xml.dll,plain,24,0
37feafd85206205daf61a08bf433596cb453da0aa924aba7f2a7d5bc2078138e,good_train,hard_negative,0,x64,35223,35222,goodware_balanced/hard_negative/37feafd85206205daf61a08bf433596cb453da0aa924aba7f2a7d5bc2078138e.asm,Qt6HttpServer.dll,plain,0,0
f561764bc3e9ed208744321a89a819b562edeaf06e203c02a06976121fda1991,good_train,hard_negative,0,x64,100002,100000,goodware_balanced/hard_negative/f561764bc3e9ed208744321a89a819b562edeaf06e203c02a06976121fda1991.asm,Rar.exe,plain,0,1
dcb5761b0d33645b9565fd6b5e022b15db0082062c0fed22202a9e6bebc86ed5,good_train,hard_negative,0,x64,100008,100000,goodware_balanced/hard_negative/dcb5761b0d33645b9565fd6b5e022b15db0082062c0fed22202a9e6bebc86ed5.asm,RarExt.dll,plain,6,1
409f810b4d3a175084e11d567fc9584b0cdf1272ccd0b0f52dfb68cbb3d392e2,good_train,hard_negative,0,x86,100003,100000,goodware_balanced/hard_negative/409f810b4d3a175084e11d567fc9584b0cdf1272ccd0b0f52dfb68cbb3d392e2.asm,RarExt32.dll,plain,1,1
0e87a2551e1b6a50b20529d44d1a0e0cbdb25e464310ba301129f097d913eecc,good_train,hard_negative,0,x64,33313,33312,goodware_balanced/hard_negative/0e87a2551e1b6a50b20529d44d1a0e0cbdb25e464310ba301129f097d913eecc.asm,RarExtInstaller.exe,plain,0,0
f81f269e9b259b827ac9046c396dafbf8b13de454762fdb32a2147cda2174df3,good_train,hard_negative,0,x64,22425,22424,goodware_balanced/hard_negative/f81f269e9b259b827ac9046c396dafbf8b13de454762fdb32a2147cda2174df3.asm,RegDll.x64.exe,plain,0,0
6f18653c512efb00c94098359a430b9b116ff68d0cbbb4942f043a8ff672b475,good_train,hard_negative,0,x86,23139,23138,goodware_balanced/hard_negative/6f18653c512efb00c94098359a430b9b116ff68d0cbbb4942f043a8ff672b475.asm,RegDll.x86.exe,plain,0,0
6cdddffc72c5ee10c2d1a7c838b0f96733098a0db80df13d9ed4f4ab9bba9b45,good_train,hard_negative,0,x86,50391,50390,goodware_balanced/hard_negative/6cdddffc72c5ee10c2d1a7c838b0f96733098a0db80df13d9ed4f4ab9bba9b45.asm,RegPackage.x86.exe,plain,0,0
0d3715001790f0fd18d3e850f947b540530b2d2deb9a2e6a9e84f2ed7b234235,good_train,hard_negative,0,x64,100002,100000,goodware_balanced/hard_negative/0d3715001790f0fd18d3e850f947b540530b2d2deb9a2e6a9e84f2ed7b234235.asm,UnRAR.exe,plain,0,1
b2c9507de96f47f81a183985c2c1e350ee68fead1da3d91b90e5cfdb2dd46a56,good_train,hard_negative,0,x64,59477,59475,goodware_balanced/hard_negative/b2c9507de96f47f81a183985c2c1e350ee68fead1da3d91b90e5cfdb2dd46a56.asm,Uninstall.exe,plain,1,0
dc60b3687796ef5f53e2c86a3429e4d1aaf4d4aedacfa84c9d9581bf54459da3,good_train,hard_negative,0,x86,100003,100000,goodware_balanced/hard_negative/dc60b3687796ef5f53e2c86a3429e4d1aaf4d4aedacfa84c9d9581bf54459da3.asm,Uninstall_dc60b368.exe,plain,1,1
1321883a60d7cfb3869ab858c3e9bfb5aa8922ed36b64cddfc5f67cd484762a9,good_train,hard_negative,0,x64,100008,100000,goodware_balanced/hard_negative/1321883a60d7cfb3869ab858c3e9bfb5aa8922ed36b64cddfc5f67cd484762a9.asm,Updater.x64.exe,plain,6,1
1f0f5f2ce671e0f68cf96176721df0e5e6f527c8ca9cfa98aa875b5a3816d460,good_train,hard_negative,0,x64,4170,4169,goodware_balanced/hard_negative/1f0f5f2ce671e0f68cf96176721df0e5e6f527c8ca9cfa98aa875b5a3816d460.asm,VCRUNTIME140_1.dll,plain,0,0
dca9ddec7934fc0b1c25ac8984db7d504bfe9f37c21861ac91c67a98ecd3964b,good_train,hard_negative,0,x86,100003,100000,goodware_balanced/hard_negative/dca9ddec7934fc0b1c25ac8984db7d504bfe9f37c21861ac91c67a98ecd3964b.asm,VeraCrypt.Setup.1.26.29.exe,plain,1,1
ea8c3658f203602525ba054856aaa8d1ab022455dc8b012e7d99d2767a9936b2,good_train,hard_negative,0,x64,46542,46537,goodware_balanced/hard_negative/ea8c3658f203602525ba054856aaa8d1ab022455dc8b012e7d99d2767a9936b2.asm,WebView2.x64.dll,plain,4,0
130d6b728ba6f4b129c84cd3a6ee0b71a11219f813c4df181fb6823ffba7f484,good_train,hard_negative,0,x64,100002,100000,goodware_balanced/hard_negative/130d6b728ba6f4b129c84cd3a6ee0b71a11219f813c4df181fb6823ffba7f484.asm,WinRAR.exe,plain,0,1
69fd4df057985c40e510e2fac182881c7f85e90aa13ec703f763a8fdb2ce61f8,good_train,hard_negative,0,x64,100002,100000,goodware_balanced/hard_negative/69fd4df057985c40e510e2fac182881c7f85e90aa13ec703f763a8fdb2ce61f8.asm,_7z.dll,plain,0,1
83967f1b02b43c4efeda302795722c809e0e81b8307de73558d10484d5676a7d,good_train,hard_negative,0,x64,100002,100000,goodware_balanced/hard_negative/83967f1b02b43c4efeda302795722c809e0e81b8307de73558d10484d5676a7d.asm,_7z.exe,plain,0,1
ebc4f14a05deb7443a2ca3c8c379b6ae1b0f1a3fe193e00f51e10da6bb3adf3a,good_train,hard_negative,0,x64,100002,100000,goodware_balanced/hard_negative/ebc4f14a05deb7443a2ca3c8c379b6ae1b0f1a3fe193e00f51e10da6bb3adf3a.asm,_7zFM.exe,plain,0,1
307a306fd3c2e1beab674d0b60fc8b6a74f0d0d7cf9db02201f03328bf1a25f0,good_train,hard_negative,0,x64,100002,100000,goodware_balanced/hard_negative/307a306fd3c2e1beab674d0b60fc8b6a74f0d0d7cf9db02201f03328bf1a25f0.asm,_7zG.exe,plain,0,1
fc46083ab31a20bacc8135766c063b6cc72e16abbed0294f4d9c630b05e8b8f5,good_train,hard_negative,0,x64,17608,17607,goodware_balanced/hard_negative/fc46083ab31a20bacc8135766c063b6cc72e16abbed0294f4d9c630b05e8b8f5.asm,_7zip.dll,plain,0,0
2222f8f65af66a89581a2ebf875c5a37df322856f9ffdd3c72ffd6a115db4fdd,good_train,hard_negative,0,x86,13805,13804,goodware_balanced/hard_negative/2222f8f65af66a89581a2ebf875c5a37df322856f9ffdd3c72ffd6a115db4fdd.asm,_7zip32.dll,plain,0,0
bd5943884f62e5bcaff5323c078a574ab9fbcd08186914465a7a8acd7550bd93,good_train,hard_negative,0,x64,100006,100000,goodware_balanced/hard_negative/bd5943884f62e5bcaff5323c078a574ab9fbcd08186914465a7a8acd7550bd93.asm,age-inspect.exe,plain,4,1
1549c7049be32695594bedd09bbd352a94b6013a9d5c43364f3c6cd7a09ab61c,good_train,hard_negative,0,x64,100006,100000,goodware_balanced/hard_negative/1549c7049be32695594bedd09bbd352a94b6013a9d5c43364f3c6cd7a09ab61c.asm,age-keygen.exe,plain,4,1
cfc08ce451552ba12de0a7ec350c4cfbdc3dc7114dbf8ea564562cac770dc5d8,good_train,hard_negative,0,x64,100004,100000,goodware_balanced/hard_negative/cfc08ce451552ba12de0a7ec350c4cfbdc3dc7114dbf8ea564562cac770dc5d8.asm,age-plugin-batchpass.exe,plain,2,1
caa209a0573a8c0e9e9af162670ad6649fe448508249004e0c7c8ad059a580c3,good_train,hard_negative,0,x64,100006,100000,goodware_balanced/hard_negative/caa209a0573a8c0e9e9af162670ad6649fe448508249004e0c7c8ad059a580c3.asm,age-plugin-pq.exe,plain,4,1
d34fcd6823fa7340a86f1f68de2a2c851e7511fa7c40bb57de95ca10333c27ea,good_train,hard_negative,0,x64,100007,100000,goodware_balanced/hard_negative/d34fcd6823fa7340a86f1f68de2a2c851e7511fa7c40bb57de95ca10333c27ea.asm,age-plugin-tag.exe,plain,5,1
6d6cab59d3cb3838dacd4ab9279969c1c18d92296f59d1521b57106cd80a9308,good_train,hard_negative,0,x64,100006,100000,goodware_balanced/hard_negative/6d6cab59d3cb3838dacd4ab9279969c1c18d92296f59d1521b57106cd80a9308.asm,age-plugin-tagpq.exe,plain,4,1
2821a4ed191da07372acd302e5f6feae7a7985e285e1417765ebe74025af45f0,good_train,hard_negative,0,x64,100005,100000,goodware_balanced/hard_negative/2821a4ed191da07372acd302e5f6feae7a7985e285e1417765ebe74025af45f0.asm,age.exe,plain,3,1
196bd7418c6ca90eb75dfb675ec1f66910dc8df920f956adec41837c2e47fe9b,good_train,hard_negative,0,x64,100050,100000,goodware_balanced/hard_negative/196bd7418c6ca90eb75dfb675ec1f66910dc8df920f956adec41837c2e47fe9b.asm,ark.x64.dll,plain,48,1
f84d22d9a75c7ff0ad3efc37705c92701a0f2fea64b1ee976bf13174be3b61f2,good_train,hard_negative,0,x64,100024,100000,goodware_balanced/hard_negative/f84d22d9a75c7ff0ad3efc37705c92701a0f2fea64b1ee976bf13174be3b61f2.asm,ark.x64.lgpl.dll,plain,22,1
28b411eaa03d8a2c898af0ac81287fd5075cf3b36ac617660d6e0efdf00cdd92,good_train,hard_negative,0,x86,100006,100000,goodware_balanced/hard_negative/28b411eaa03d8a2c898af0ac81287fd5075cf3b36ac617660d6e0efdf00cdd92.asm,ark.x86.dll,plain,4,1
22134aa35616792551e25af1604294390ebbff576a48dcd61269651c5f99ee62,good_train,hard_negative,0,x86,100005,100000,goodware_balanced/hard_negative/22134aa35616792551e25af1604294390ebbff576a48dcd61269651c5f99ee62.asm,ark.x86.lgpl.dll,plain,3,1
40f9ea9e0efa3f43c69f3633ec5beb52f60784ed2381e557491e5160edc634ac,good_train,hard_negative,0,x86,21117,21116,goodware_balanced/hard_negative/40f9ea9e0efa3f43c69f3633ec5beb52f60784ed2381e557491e5160edc634ac.asm,atk-1.0-0.dll,plain,0,0
6fe2e201a956304503f808d0909a26d9b49e1a7e99f6ee6d93721ac4a76a7c6e,good_train,hard_negative,0,x64,4821,4817,goodware_balanced/hard_negative/6fe2e201a956304503f808d0909a26d9b49e1a7e99f6ee6d93721ac4a76a7c6e.asm,basename.exe,plain,3,0
115d0d897439d54e7a18578890b143fe19ad75510582de6d67c7bbd138709810,good_train,hard_negative,0,x64,100002,100000,goodware_balanced/hard_negative/115d0d897439d54e7a18578890b143fe19ad75510582de6d67c7bbd138709810.asm,bbc.exe,plain,0,1
ff3b9246180446e92bf0f107dabf3a9b6e449ffdaf470bfe84687ff8e2579416,good_train,hard_negative,0,x64,100006,100000,goodware_balanced/hard_negative/ff3b9246180446e92bf0f107dabf3a9b6e449ffdaf470bfe84687ff8e2579416.asm,bdzshl.x64.dll,plain,4,1
46418520bb71d68275a90d6f8fc0ef3878a7b5d706c2f7319f88d9d3571e3bed,good_train,hard_negative,0,x86,100007,100000,goodware_balanced/hard_negative/46418520bb71d68275a90d6f8fc0ef3878a7b5d706c2f7319f88d9d3571e3bed.asm,bdzshl.x86.dll,plain,5,1
cb20653f03bf4d17621a946c8b6229d1f350734c479554b584655b25ea7768ea,good_train,hard_negative,0,x86,4900,4899,goodware_balanced/hard_negative/cb20653f03bf4d17621a946c8b6229d1f350734c479554b584655b25ea7768ea.asm,bleachbit.exe,plain,0,0
84bd2055385b655b82467f9cd7b2005074ad37d1bd069bf08aae842dbc24992c,good_train,hard_negative,0,x86,10635,10632,goodware_balanced/hard_negative/84bd2055385b655b82467f9cd7b2005074ad37d1bd069bf08aae842dbc24992c.asm,brotlidec.dll,plain,2,0
c887e307972807fda5e8df030b1ca3a90c493e0badff112ddeb91f51b18928c0,good_train,hard_negative,0,x64,100035,100000,goodware_balanced/hard_negative/c887e307972807fda5e8df030b1ca3a90c493e0badff112ddeb91f51b18928c0.asm,bz.x64.exe,plain,33,1
a6e1c709b42e10461422b7045cb5ad0de7bd1c6639bb67db45dea414bcf1bdea,good_train,hard_negative,0,x86,15102,15099,goodware_balanced/hard_negative/a6e1c709b42e10461422b7045cb5ad0de7bd1c6639bb67db45dea414bcf1bdea.asm,bz2.dll,plain,2,0
473a39be81549d0f73ff3ceed01d6a9b23b09c414108d5dd66fb9865510157d9,good_train,hard_negative,0,x64,85964,85936,goodware_balanced/hard_negative/473a39be81549d0f73ff3ceed01d6a9b23b09c414108d5dd66fb9865510157d9.asm,bzshell.x64.dll,plain,27,0
7675a6eafc4cb6af976079d80f62a913c3ae877b2596368ce2670cf6089db1d5,good_train,hard_negative,0,x86,2276,2275,goodware_balanced/hard_negative/7675a6eafc4cb6af976079d80f62a913c3ae877b2596368ce2670cf6089db1d5.asm,cairo-gobject-2.dll,plain,0,0
601acf672040aa81cc8fa07f43d06f44b33c7f6e3396276c94410bf9ba72de41,good_train,hard_negative,0,x64,11279,11275,goodware_balanced/hard_negative/601acf672040aa81cc8fa07f43d06f44b33c7f6e3396276c94410bf9ba72de41.asm,chown.exe,plain,3,0
8ef634ecd7c6447606fd1b08a561196720d98a482b6d47ae9ed48e1c085a4f94,good_train,hard_negative,0,x64,100002,100000,goodware_balanced/hard_negative/8ef634ecd7c6447606fd1b08a561196720d98a482b6d47ae9ed48e1c085a4f94.asm,clang-check.exe,plain,0,1
986af49c2d1eefeac324f724ff54597753d1053927fa5d58a37a457f578e1cf8,good_train,hard_negative,0,x64,100002,100000,goodware_balanced/hard_negative/986af49c2d1eefeac324f724ff54597753d1053927fa5d58a37a457f578e1cf8.asm,clang-cpp.exe,plain,0,1
fcf4f6744944ff55178d722350b1cfc514b74a6d8ff450c5f4f7938d6f595bbe,good_train,hard_negative,0,x64,100002,100000,goodware_balanced/hard_negative/fcf4f6744944ff55178d722350b1cfc514b74a6d8ff450c5f4f7938d6f595bbe.asm,clang-extdef-mapping.exe,plain,0,1
811d2a9e553dac91c7afa6d01fa6a621b19ffa2b80168cfda49ec69dc996c126,good_train,hard_negative,0,x64,100002,100000,goodware_balanced/hard_negative/811d2a9e553dac91c7afa6d01fa6a621b19ffa2b80168cfda49ec69dc996c126.asm,clang-include-cleaner.exe,plain,0,1
0024c8ebf0deda45f66a000f7f0e63ab9fbe90dde7f29ba45be811df015cd8d7,good_train,hard_negative,0,x64,100002,100000,goodware_balanced/hard_negative/0024c8ebf0deda45f66a000f7f0e63ab9fbe90dde7f29ba45be811df015cd8d7.asm,clang-include-fixer.exe,plain,0,1
ccb2ee85b5310fa78dbbd01c138620c4111d85ed53aedee46f10079a54ee0467,good_train,hard_negative,0,x64,100002,100000,goodware_balanced/hard_negative/ccb2ee85b5310fa78dbbd01c138620c4111d85ed53aedee46f10079a54ee0467.asm,clang-installapi.exe,plain,0,1
f4ae445c6bcc659ff30e0375d6825171e3128eba9c667fc003d56003e7b5f682,good_train,hard_negative,0,x64,100002,100000,goodware_balanced/hard_negative/f4ae445c6bcc659ff30e0375d6825171e3128eba9c667fc003d56003e7b5f682.asm,clang-linker-wrapper.exe,plain,0,1
64ef45eb9cbc17b51baec8c96507457b863f9c8a4054a9da00266cf2966baee3,good_train,hard_negative,0,x64,100002,100000,goodware_balanced/hard_negative/64ef45eb9cbc17b51baec8c96507457b863f9c8a4054a9da00266cf2966baee3.asm,clang-move.exe,plain,0,1
68b927614f282205c5b633d4f8e91e449fc255673d824f2b1781f79d6beaac68,good_train,hard_negative,0,x64,100002,100000,goodware_balanced/hard_negative/68b927614f282205c5b633d4f8e91e449fc255673d824f2b1781f79d6beaac68.asm,clang-nvlink-wrapper.exe,plain,0,1
af7eb32483616fd138fc4ef3ee3fe0666699f0921862fd15ca96f56b2fd45cec,good_train,hard_negative,0,x64,100002,100000,goodware_balanced/hard_negative/af7eb32483616fd138fc4ef3ee3fe0666699f0921862fd15ca96f56b2fd45cec.asm,clang-offload-bundler.exe,plain,0,1
1af0212e0482a18547bda9f976c18b0ceb6df8fa222fe7060ab929c9616990f1,good_train,hard_negative,0,x64,100002,100000,goodware_balanced/hard_negative/1af0212e0482a18547bda9f976c18b0ceb6df8fa222fe7060ab929c9616990f1.asm,clang-query.exe,plain,0,1
d4bf61059ef4f075d226109344af96b317d168bc4562405fe2bf997663827052,good_train,hard_negative,0,x64,100002,100000,goodware_balanced/hard_negative/d4bf61059ef4f075d226109344af96b317d168bc4562405fe2bf997663827052.asm,clang-reorder-fields.exe,plain,0,1
8a7331cbc2e74affaa83554fc2286f75ef093f409f6a3721f19d82902399eb2c,good_train,hard_negative,0,x64,100002,100000,goodware_balanced/hard_negative/8a7331cbc2e74affaa83554fc2286f75ef093f409f6a3721f19d82902399eb2c.asm,clang-scan-deps.exe,plain,0,1
870e2d0a9a921c48bc481fe1acac6bbf4094ecc5eae79421f3e4833b21f97efd,good_train,hard_negative,0,x64,100002,100000,goodware_balanced/hard_negative/870e2d0a9a921c48bc481fe1acac6bbf4094ecc5eae79421f3e4833b21f97efd.asm,clang-sycl-linker.exe,plain,0,1
56bd92e0aa76783d1fb2f4c3d57dcaab87c695faf216b8a91129edd79ce51984,good_train,hard_negative,0,x64,100002,100000,goodware_balanced/hard_negative/56bd92e0aa76783d1fb2f4c3d57dcaab87c695faf216b8a91129edd79ce51984.asm,clang-tidy.exe,plain,0,1
5e3a7c21267ed891e05d74b46d625aaedf94173deabdb7711c1396cdee7c8c56,good_train,hard_negative,0,x64,8581,8577,goodware_balanced/hard_negative/5e3a7c21267ed891e05d74b46d625aaedf94173deabdb7711c1396cdee7c8c56.asm,clang64.exe,plain,3,0
3611072ecea17f86e995de88af1b815d4af1d0c4ba364d66d9b93be33465b65a,good_train,hard_negative,0,x64,100002,100000,goodware_balanced/hard_negative/3611072ecea17f86e995de88af1b815d4af1d0c4ba364d66d9b93be33465b65a.asm,clang_rt.asan_dynamic-x86_64.dll,plain,0,1
91eb3cbb68ca5e50663126705127703d9c94ae0fc0d267e6602d38bcfcb74524,good_train,hard_negative,0,x64,100002,100000,goodware_balanced/hard_negative/91eb3cbb68ca5e50663126705127703d9c94ae0fc0d267e6602d38bcfcb74524.asm,clangd.exe,plain,0,1
f7838ffb53dc157b10cea3bd6e6ac0dc4fe6c3612408388c28695e4310523d6a,good_train,hard_negative,0,x86,37296,37295,goodware_balanced/hard_negative/f7838ffb53dc157b10cea3bd6e6ac0dc4fe6c3612408388c28695e4310523d6a.asm,coupang.exe,plain,0,0
e994847e01a6f1e4cbdc5a864616ac262f67ee4f14db194984661a8d927ab7f4,good_train,hard_negative,0,x64,107067,100000,goodware_balanced/hard_negative/e994847e01a6f1e4cbdc5a864616ac262f67ee4f14db194984661a8d927ab7f4.asm,d3dcompiler_47.dll,plain,7065,1
0fdd5dd08bea3b61f2685661b0eff533f4953f3338d4a284e0ffab374ef29638,good_train,hard_negative,0,x64,1696,1695,goodware_balanced/hard_negative/0fdd5dd08bea3b61f2685661b0eff533f4953f3338d4a284e0ffab374ef29638.asm,db_recover.exe,plain,0,0
fc825633d2b831517253092a1e4a10b5b68452ba3a2af0b5f2a5a0d2c180a752,good_train,hard_negative,0,x64,15989,15985,goodware_balanced/hard_negative/fc825633d2b831517253092a1e4a10b5b68452ba3a2af0b5f2a5a0d2c180a752.asm,dd.exe,plain,3,0
817590846acc27efff227395ea1dcd83bd6bd80bf31d211ce791557c6c959fe0,good_train,hard_negative,0,x64,7947,7946,goodware_balanced/hard_negative/817590846acc27efff227395ea1dcd83bd6bd80bf31d211ce791557c6c959fe0.asm,def_parser.exe,plain,0,0
023ff0bbd6fe5d08b0b36935435f7617453d3cda87f66a966841b299fb82d884,good_train,hard_negative,0,x64,8183,8182,goodware_balanced/hard_negative/023ff0bbd6fe5d08b0b36935435f7617453d3cda87f66a966841b299fb82d884.asm,dnsdomainname.exe,plain,0,0
65e064258f2e418816b304f646ff9e87af101e4c9552ab064bb74d281c38659f,good_train,hard_negative,0,x86,60872,60646,goodware_balanced/hard_negative/65e064258f2e418816b304f646ff9e87af101e4c9552ab064bb74d281c38659f.asm,dotNetFx40_Full_x86_x64.exe,plain,225,0
97b03baa795862300ecbaf12136147e9c4d77cb4e774083285da2d76a223ade8,good_train,hard_negative,0,x64,3449,3448,goodware_balanced/hard_negative/97b03baa795862300ecbaf12136147e9c4d77cb4e774083285da2d76a223ade8.asm,dt_socket.dll,plain,0,0
fde737c7749075f6b54e14772a4e6b33a5fa0201075d03640aca358074ea4554,good_train,hard_negative,0,x64,100018,100000,goodware_balanced/hard_negative/fde737c7749075f6b54e14772a4e6b33a5fa0201075d03640aca358074ea4554.asm,duckdb.exe,plain,16,1
a37c68351580785cebc7d7f010f8e1945081a97d18d32b1f4fa4cebabeeb765b,good_train,hard_negative,0,x64,40528,40524,goodware_balanced/hard_negative/a37c68351580785cebc7d7f010f8e1945081a97d18d32b1f4fa4cebabeeb765b.asm,dupeguru-win64.exe,plain,3,0
598b3614faaa7a7a999fe690abd32d9316918c7cbc507cbf63a0a35a490a0a54,good_train,hard_negative,0,x64,100007,100000,goodware_balanced/hard_negative/598b3614faaa7a7a999fe690abd32d9316918c7cbc507cbf63a0a35a490a0a54.asm,duplicacy_win_x64_3.2.5.exe,plain,5,1
090968d0d9c386924a2838c484855595890da9879544c7d8b4b201f9756712c6,good_train,hard_negative,0,x86,48928,48925,goodware_balanced/hard_negative/090968d0d9c386924a2838c484855595890da9879544c7d8b4b201f9756712c6.asm,eraser.exe,plain,2,0
2171b82f75da4c87e3f1f484ed6cde707fa1bb8155a293189691c72cb3bf62b4,good_train,hard_negative,0,x64,100002,100000,goodware_balanced/hard_negative/2171b82f75da4c87e3f1f484ed6cde707fa1bb8155a293189691c72cb3bf62b4.asm,f18-parse-demo.exe,plain,0,1
21e273a2952340f73abc1572c479af54b400b5949f3a9c0102b22eee6d35df29,good_train,hard_negative,0,x64,100002,100000,goodware_balanced/hard_negative/21e273a2952340f73abc1572c479af54b400b5949f3a9c0102b22eee6d35df29.asm,ffmpeg.exe,packed_other,0,1
83d0ebee8a2e3bdf44511804bdf8f49b6b3899f73d5b6cafa9b027dc18088b94,good_train,hard_negative,0,x64,100002,100000,goodware_balanced/hard_negative/83d0ebee8a2e3bdf44511804bdf8f49b6b3899f73d5b6cafa9b027dc18088b94.asm,ffplay.exe,packed_other,0,1
284ad53d7d2c54ada9c27b7766dc30f7e021e88a3e9559f7a31f7c4a5a58de2d,good_train,hard_negative,0,x64,100002,100000,goodware_balanced/hard_negative/284ad53d7d2c54ada9c27b7766dc30f7e021e88a3e9559f7a31f7c4a5a58de2d.asm,ffprobe.exe,packed_other,0,1
087ec10febd6fcf4b4d999b1f4c7a6fcf5f317dbda199f5b948a1d7f1e4f18d2,good_train,hard_negative,0,x64,100002,100000,goodware_balanced/hard_negative/087ec10febd6fcf4b4d999b1f4c7a6fcf5f317dbda199f5b948a1d7f1e4f18d2.asm,fir-lsp-server.exe,plain,0,1
ba58b753c09dc86312d72e5af855a535279d58af1f5a41e05d2cda7a49f4eee6,good_train,hard_negative,0,x64,3943,3939,goodware_balanced/hard_negative/ba58b753c09dc86312d72e5af855a535279d58af1f5a41e05d2cda7a49f4eee6.asm,formats.dll,plain,3,0
a3850e8c2a9038f77c300670b1239f738024c8580c5e8b83f5f155aca496031f,good_train,hard_negative,0,x86,6677,6675,goodware_balanced/hard_negative/a3850e8c2a9038f77c300670b1239f738024c8580c5e8b83f5f155aca496031f.asm,fribidi-0.dll,plain,1,0
c57f626dd07175e23aaef766d9c699fce950483b1ceb665c4771a45d87c14099,good_train,hard_negative,0,x64,100002,100000,goodware_balanced/hard_negative/c57f626dd07175e23aaef766d9c699fce950483b1ceb665c4771a45d87c14099.asm,gawk.exe,plain,0,1
e15afdb6eddab05b3ff71a8d9683c0e4faf07467705a38441c5a317cbe75b14b,good_train,hard_negative,0,x64,17444,17435,goodware_balanced/hard_negative/e15afdb6eddab05b3ff71a8d9683c0e4faf07467705a38441c5a317cbe75b14b.asm,generate-modmap.exe,plain,8,0
9ab321a755847a5cb427246ef063b2b6cd74673ff866a0836f6d56b90f8fe41f,good_train,hard_negative,0,x64,4423,4422,goodware_balanced/hard_negative/9ab321a755847a5cb427246ef063b2b6cd74673ff866a0836f6d56b90f8fe41f.asm,getopt.exe,plain,0,0
b7ccc4031a06e173f41e74d35103f6c35d3228667aad27f299beb4a396191873,good_train,hard_negative,0,x86,100003,100000,goodware_balanced/hard_negative/b7ccc4031a06e173f41e74d35103f6c35d3228667aad27f299beb4a396191873.asm,gio-2.0-0.dll,plain,1,1
23ba1f532439a239f3f90fc887084ed62f630db13b5553b8723a035cd1913091,good_train,hard_negative,0,x86,23503,23487,goodware_balanced/hard_negative/23ba1f532439a239f3f90fc887084ed62f630db13b5553b8723a035cd1913091.asm,girepository-1.0-1.dll,plain,15,0
06a3fbab9e15af54b788d5e0e5354ad41240351f1496aeddcb43df9fd9c99b8c,good_train,hard_negative,0,x86,25048,25032,goodware_balanced/hard_negative/06a3fbab9e15af54b788d5e0e5354ad41240351f1496aeddcb43df9fd9c99b8c.asm,girepository-2.0-0.dll,plain,15,0
33186c9f69ce69667c7272b52d4312383c7d7574cde2765df418ba4aca4f58a6,good_train,hard_negative,0,x86,100011,100000,goodware_balanced/hard_negative/33186c9f69ce69667c7272b52d4312383c7d7574cde2765df418ba4aca4f58a6.asm,glib-2.0-0.dll,plain,9,1
31a1b6c4035b9bdfbedb4d953299a64abd66e5af15ab443a4c0c67631263fe6c,good_train,hard_negative,0,x86,2472,2471,goodware_balanced/hard_negative/31a1b6c4035b9bdfbedb4d953299a64abd66e5af15ab443a4c0c67631263fe6c.asm,gmodule-2.0-0.dll,plain,0,0
6246c925a73167253444afc24a0deb83a3f43b7d636af84d6aaf48a98a62f024,good_train,hard_negative,0,x86,9861,9857,goodware_balanced/hard_negative/6246c925a73167253444afc24a0deb83a3f43b7d636af84d6aaf48a98a62f024.asm,gnupg-w32-2.5.21_20260702-bin.exe,plain,3,0
ad2a9a614e7c72848ffe3df86644f5ad7273ee9591ee5dbe3f31df8e50b981e3,good_train,hard_negative,0,x64,11140,11139,goodware_balanced/hard_negative/ad2a9a614e7c72848ffe3df86644f5ad7273ee9591ee5dbe3f31df8e50b981e3.asm,gpg-preset-passphrase.exe,plain,0,0
496008c203874d6834455b64a9d7e34583e68b6bc716b5dfb70ee9813f11ae04,good_train,hard_negative,0,x64,100002,100000,goodware_balanced/hard_negative/496008c203874d6834455b64a9d7e34583e68b6bc716b5dfb70ee9813f11ae04.asm,gpgex.dll,plain,0,1
5b1de573a117da2b586bcd0b2add5115b62139900d2c0dd7fb287c6108300663,good_train,hard_negative,0,x64,100002,100000,goodware_balanced/hard_negative/5b1de573a117da2b586bcd0b2add5115b62139900d2c0dd7fb287c6108300663.asm,gpgol.dll,plain,0,1
18f16150ebdd708359b23eca5f21b9ec784cbe0bc66aff2f4b95a39e8a9b7b82,good_train,hard_negative,0,x64,30344,30343,goodware_balanced/hard_negative/18f16150ebdd708359b23eca5f21b9ec784cbe0bc66aff2f4b95a39e8a9b7b82.asm,gpgolconfig.exe,plain,0,0
7b27a08e3750cd99353c2f4c7daaef03115eabfd5fc7b5d3a4ed3144b3365d85,good_train,hard_negative,0,x86,1864,1863,goodware_balanced/hard_negative/7b27a08e3750cd99353c2f4c7daaef03115eabfd5fc7b5d3a4ed3144b3365d85.asm,gspawn-win32-helper.exe,plain,0,0
529c5b3372d8e5d237899c7ef9dd46bc09b6b918c03a0f151f9b76efeb4466b2,good_train,hard_negative,0,x86,100006,100000,goodware_balanced/hard_negative/529c5b3372d8e5d237899c7ef9dd46bc09b6b918c03a0f151f9b76efeb4466b2.asm,gtk-3-vs17.dll,plain,4,1
a56282062e09299b336d2fa859fcabe7908fe9ac4ab9e7d6bf9f6e33e69bad63,good_train,hard_negative,0,x86,2876,2875,goodware_balanced/hard_negative/a56282062e09299b336d2fa859fcabe7908fe9ac4ab9e7d6bf9f6e33e69bad63.asm,harfbuzz-gobject.dll,plain,0,0
b74f02c336f12ea66dcced28f5c8d77de56818acc97337c82153f5ef60ebb265,good_train,hard_negative,0,x86,100004,100000,goodware_balanced/hard_negative/b74f02c336f12ea66dcced28f5c8d77de56818acc97337c82153f5ef60ebb265.asm,harfbuzz.dll,plain,2,1
f98cac3d941c48ee7ae1b7fff1134e101929b51695f41eaa987ec1851e705094,good_train,hard_negative,0,x64,100002,100000,goodware_balanced/hard_negative/f98cac3d941c48ee7ae1b7fff1134e101929b51695f41eaa987ec1851e705094.asm,hb.dll,plain,0,1
81cbc7541f1035d56e58b3ade609f74c886cb4b636cce506f4f59724a650a96c,good_train,hard_negative,0,x64,1911,1910,goodware_balanced/hard_negative/81cbc7541f1035d56e58b3ade609f74c886cb4b636cce506f4f59724a650a96c.asm,hmac256.exe,plain,0,0
7676e19080022665aa82dfca66015c3c795ee734e42549869c8aace768619c47,good_train,hard_negative,0,x64,6643,6642,goodware_balanced/hard_negative/7676e19080022665aa82dfca66015c3c795ee734e42549869c8aace768619c47.asm,instrument.dll,plain,0,0
9e6409c3264a6f33f5f97c58265c06e95bf91a896e8e179ebaeb8204c5d19ed3,good_train,hard_negative,0,x86,4928,4924,goodware_balanced/hard_negative/9e6409c3264a6f33f5f97c58265c06e95bf91a896e8e179ebaeb8204c5d19ed3.asm,jansi.dll,plain,3,0
7020260c8db5116042315ea73714ac36ad94acdc330852280e889212506085c0,good_train,hard_negative,0,x64,4226,4222,goodware_balanced/hard_negative/7020260c8db5116042315ea73714ac36ad94acdc330852280e889212506085c0.asm,jansi_7020260c.dll,plain,3,0
ef396128da91efdb75e917588e1745f384f010f56d559b24ceee3544d205dea5,good_train,hard_negative,0,x64,977,976,goodware_balanced/hard_negative/ef396128da91efdb75e917588e1745f384f010f56d559b24ceee3544d205dea5.asm,java.exe,plain,0,0
0860ffe3366164e90d32b6c6e743e59bae2817467741a7b525cb0d148e8e7824,good_train,hard_negative,0,x64,984,983,goodware_balanced/hard_negative/0860ffe3366164e90d32b6c6e743e59bae2817467741a7b525cb0d148e8e7824.asm,javaw.exe,plain,0,0
5a7ff949f6d93d86491eb5b26b1cfc60051168a60622650224b89995ac420023,good_train,hard_negative,0,x64,49016,48973,goodware_balanced/hard_negative/5a7ff949f6d93d86491eb5b26b1cfc60051168a60622650224b89995ac420023.asm,jnidispatch.dll,plain,42,0
752d597cee7e95cb517327146bf42f124c0d6c0bc48b3ecc3b1b3b0531a52f44,good_train,hard_negative,0,x86,55719,55715,goodware_balanced/hard_negative/752d597cee7e95cb517327146bf42f124c0d6c0bc48b3ecc3b1b3b0531a52f44.asm,jnidispatch_752d597c.dll,plain,3,0
96c0946314b50dcc7c5ae9d3ec7e3763e742fcebf7d5cbebdaac3ceee5fb3bd7,good_train,hard_negative,0,x64,100005,100000,goodware_balanced/hard_negative/96c0946314b50dcc7c5ae9d3ec7e3763e742fcebf7d5cbebdaac3ceee5fb3bd7.asm,kopia.exe,plain,3,1
c2fdd888c6cd2d09da816389df506446d34e1b22c5ee32f5636bd2c45f44ca46,good_train,hard_negative,0,x64,100031,100000,goodware_balanced/hard_negative/c2fdd888c6cd2d09da816389df506446d34e1b22c5ee32f5636bd2c45f44ca46.asm,kryptor.exe,plain,29,1
50fad5605b3d57627848b3b84a744dfb6a045609b8236b04124f2234676758d8,good_train,hard_negative,0,x64,100097,100000,goodware_balanced/hard_negative/50fad5605b3d57627848b3b84a744dfb6a045609b8236b04124f2234676758d8.asm,libGLESv2.dll,plain,95,1
45d8a4c5a7acbc42c164c66ec8ef1955b804b50e461127f94390a58675ca865b,good_train,hard_negative,0,x64,57286,57285,goodware_balanced/hard_negative/45d8a4c5a7acbc42c164c66ec8ef1955b804b50e461127f94390a58675ca865b.asm,libKF6ConfigWidgets.dll,plain,0,0
06bd1d8d9c867a96e6f8a0f6b830768284947f2ad20d1856d7096507c1e63126,good_train,hard_negative,0,x64,100002,100000,goodware_balanced/hard_negative/06bd1d8d9c867a96e6f8a0f6b830768284947f2ad20d1856d7096507c1e63126.asm,libKF6I18n.dll,plain,0,1
994193e4b23459cd714f288e4e6239d7c0562410c57bc8e9f2509ef2316d209b,good_train,hard_negative,0,x64,53969,53968,goodware_balanced/hard_negative/994193e4b23459cd714f288e4e6239d7c0562410c57bc8e9f2509ef2316d209b.asm,libKF6ItemViews.dll,plain,0,0
e1d44c16949fee18a8474aac8b84db6737c938c2f88aa8fc8591edcaeee4f083,good_train,hard_negative,0,x64,25282,25281,goodware_balanced/hard_negative/e1d44c16949fee18a8474aac8b84db6737c938c2f88aa8fc8591edcaeee4f083.asm,libKF6SonnetUi.dll,plain,0,0
242e0a5e5d3d7ea6fafde9909d7b13555fb24e6053eabd1229a0a7cfb54a992a,good_train,hard_negative,0,x64,12018,12017,goodware_balanced/hard_negative/242e0a5e5d3d7ea6fafde9909d7b13555fb24e6053eabd1229a0a7cfb54a992a.asm,libKPim6Mbox.dll,plain,0,0
805c84114ed9e7d6522ad5dde0a4b2e078166d95c73439459dd093ca289149e2,good_train,hard_negative,0,x64,28843,28842,goodware_balanced/hard_negative/805c84114ed9e7d6522ad5dde0a4b2e078166d95c73439459dd093ca289149e2.asm,libKPim6MimeTreeParserWidgets.dll,plain,0,0
9c0a0a11629cced6a064932e95a0158ee936739d75a56338702fed97cb0bad55,good_train,hard_negative,0,x64,101671,100000,goodware_balanced/hard_negative/9c0a0a11629cced6a064932e95a0158ee936739d75a56338702fed97cb0bad55.asm,libcrypto-1_1.dll,plain,1669,1
6bb9f151230c924d9d01c9a579d6b6e908bff57f2570997002ea6f05ffd9d5b9,good_train,hard_negative,0,x86,101850,100000,goodware_balanced/hard_negative/6bb9f151230c924d9d01c9a579d6b6e908bff57f2570997002ea6f05ffd9d5b9.asm,libcrypto-3.dll,plain,1848,1
13071dc72a97cf3c84fa754714c99f3b91f3aa784393994401bec0a7869cdb51,good_train,hard_negative,0,x64,101033,100000,goodware_balanced/hard_negative/13071dc72a97cf3c84fa754714c99f3b91f3aa784393994401bec0a7869cdb51.asm,libcrypto.dll,plain,1031,1
f60dd9f2fcbd495674dfc1555effb710eb081fc7d4cae5fa58c438ab50405081,good_train,hard_negative,0,x64,5095,5089,goodware_balanced/hard_negative/f60dd9f2fcbd495674dfc1555effb710eb081fc7d4cae5fa58c438ab50405081.asm,libffi-7.dll,plain,5,0
7a58c531a0938042df1af075fc136b69c9487d29347aeddd301805ba3f30a7cb,good_train,hard_negative,0,x64,2956,2955,goodware_balanced/hard_negative/7a58c531a0938042df1af075fc136b69c9487d29347aeddd301805ba3f30a7cb.asm,libgmodule-2.0-0.dll,plain,0,0
2337b19264211dfbb7c2f29f9ed047f8d54c9236538fde0c7d01a71f02ab2616,good_train,hard_negative,0,x86,49964,49963,goodware_balanced/hard_negative/2337b19264211dfbb7c2f29f9ed047f8d54c9236538fde0c7d01a71f02ab2616.asm,libgpg-error-0.dll,plain,0,0
cc6f1c7ca71d62893d22f632015d7c3a620ec7de1a2aaf2f463b95c86ccc8366,good_train,hard_negative,0,x86,81875,81801,goodware_balanced/hard_negative/cc6f1c7ca71d62893d22f632015d7c3a620ec7de1a2aaf2f463b95c86ccc8366.asm,libgpgmepp-7.dll,plain,73,0
37e9ca82171a130ae8de71ed501b23ecff6f9a623ff661f94a65da4d2e5475bc,good_train,hard_negative,0,x64,17916,17915,goodware_balanced/hard_negative/37e9ca82171a130ae8de71ed501b23ecff6f9a623ff661f94a65da4d2e5475bc.asm,libicalss.dll,plain,0,0
b087192b55ffa7e1f2a93c9af7e2e2a8c9776ef8d893a4a7ab0474cd6fd68f4c,good_train,hard_negative,0,x64,43766,43765,goodware_balanced/hard_negative/b087192b55ffa7e1f2a93c9af7e2e2a8c9776ef8d893a4a7ab0474cd6fd68f4c.asm,libiconv-2.dll,plain,0,0
fb9e1c2fa0d0974adad5ffecb78ae2538331048944dfe6ce9c496459b857283e,good_train,hard_negative,0,x64,33515,33514,goodware_balanced/hard_negative/fb9e1c2fa0d0974adad5ffecb78ae2538331048944dfe6ce9c496459b857283e.asm,liblzma-5.dll,plain,0,0
b02767c6076559a0fa81d122f5f70813ae886dab5a7de7841eead58b96672bb6,good_train,hard_negative,0,x86,39522,39521,goodware_balanced/hard_negative/b02767c6076559a0fa81d122f5f70813ae886dab5a7de7841eead58b96672bb6.asm,liblzma.dll,plain,0,0
292e376526c762e411112d027a1cfff742cf286730f2ee55640808b458a69ee8,good_train,hard_negative,0,x64,32763,32762,goodware_balanced/hard_negative/292e376526c762e411112d027a1cfff742cf286730f2ee55640808b458a69ee8.asm,liblzma_292e3765.dll,plain,0,0
ec0ba438a6171c6582286ab8d3f51671e9d2f8e1186c4895cbd059e8875def6d,good_train,hard_negative,0,x86,39512,39508,goodware_balanced/hard_negative/ec0ba438a6171c6582286ab8d3f51671e9d2f8e1186c4895cbd059e8875def6d.asm,liblzma_8a42d94e.dll,plain,3,0
1e4222f195d84e7355109d778e751dfe3c085e42c947f7fe3d7853181329dd40,good_train,hard_negative,0,x64,100002,100000,goodware_balanced/hard_negative/1e4222f195d84e7355109d778e751dfe3c085e42c947f7fe3d7853181329dd40.asm,libomp.dll,plain,0,1
d79c4f137de6c148a1fc9612c81a27289df863d3fba3f4d60772866570ea02cb,good_train,hard_negative,0,x86,45066,45065,goodware_balanced/hard_negative/d79c4f137de6c148a1fc9612c81a27289df863d3fba3f4d60772866570ea02cb.asm,libpng16.dll,plain,0,0
7725d4bfd0fbf0557ba1cbbf2bbeb75fb9921a6c0cd1f418a387a0fb740c2546,good_train,hard_negative,0,x64,100002,100000,goodware_balanced/hard_negative/7725d4bfd0fbf0557ba1cbbf2bbeb75fb9921a6c0cd1f418a387a0fb740c2546.asm,libqgpgmeqt6-15.dll,plain,0,1
ed1c8769f5096afd000fc730a37b11177fcf90890345071ab7fbceac684d571f,good_train,hard_negative,0,x64,100109,100000,goodware_balanced/hard_negative/ed1c8769f5096afd000fc730a37b11177fcf90890345071ab7fbceac684d571f.asm,libssl-1_1.dll,plain,107,1
6ba837ce8bafe2bad595164f14bc3e85905e5c7fe88a0a0efb99a2ba9f025f72,good_train,hard_negative,0,x64,100100,100000,goodware_balanced/hard_negative/6ba837ce8bafe2bad595164f14bc3e85905e5c7fe88a0a0efb99a2ba9f025f72.asm,libssl.dll,plain,98,1
4f9547bf2a335e79210fc990287cdc73f8dc44aab66d62ea1b5b292a08d29f34,good_train,hard_negative,0,x64,92701,92696,goodware_balanced/hard_negative/4f9547bf2a335e79210fc990287cdc73f8dc44aab66d62ea1b5b292a08d29f34.asm,libtiff.dll,plain,4,0
b7d0578889c4906e978ae10468cbf2fb04863bd30d515366adaf2f294397f958,good_train,hard_negative,0,x64,9729,9728,goodware_balanced/hard_negative/b7d0578889c4906e978ae10468cbf2fb04863bd30d515366adaf2f294397f958.asm,libwinpthread-1.dll,plain,0,0
8f07e1112ed283e5cd2798833e9a3c32d8961381bc36da04af57a1b0ca9bd40b,good_train,hard_negative,0,x64,100002,100000,goodware_balanced/hard_negative/8f07e1112ed283e5cd2798833e9a3c32d8961381bc36da04af57a1b0ca9bd40b.asm,libzstd.dll,plain,0,1
72de1900946337aba56616b14713a2efa293ecdf54b945a9d7d0f6676c3b9ecd,good_train,hard_negative,0,x64,100002,100000,goodware_balanced/hard_negative/72de1900946337aba56616b14713a2efa293ecdf54b945a9d7d0f6676c3b9ecd.asm,lld-link.exe,plain,0,1
caaef5eaed5f91c75fe2da535bca7fcba712fb052cedb259a8947f5d2e4eae0b,good_train,hard_negative,0,x64,70563,70557,goodware_balanced/hard_negative/caaef5eaed5f91c75fe2da535bca7fcba712fb052cedb259a8947f5d2e4eae0b.asm,lldb-argdumper.exe,plain,5,0
0cfa774327b40e5c59a64d3ca4d64d402352a1db28885af99892ee5164c1b48f,good_train,hard_negative,0,x64,100002,100000,goodware_balanced/hard_negative/0cfa774327b40e5c59a64d3ca4d64d402352a1db28885af99892ee5164c1b48f.asm,lldb-instr.exe,plain,0,1
efc5c17a368927c6e5277cac32d9612af596c21a77dc6d66f56d52e9d78dc0db,good_train,hard_negative,0,x64,100002,100000,goodware_balanced/hard_negative/efc5c17a368927c6e5277cac32d9612af596c21a77dc6d66f56d52e9d78dc0db.asm,lldb-mcp.exe,plain,0,1
0351b93f56319d3798761119b3ada8fcce6f3a1335f1eee944a60819336f45c8,good_train,hard_negative,0,x64,100002,100000,goodware_balanced/hard_negative/0351b93f56319d3798761119b3ada8fcce6f3a1335f1eee944a60819336f45c8.asm,lldb-server.exe,plain,0,1
80934e8f208a0cc2a87a6057f871d0f492461952b8672464749a6c3dff34109c,good_train,hard_negative,0,x64,100002,100000,goodware_balanced/hard_negative/80934e8f208a0cc2a87a6057f871d0f492461952b8672464749a6c3dff34109c.asm,llvm-ar.exe,plain,0,1
a54bc546a2d102317b934256b5fb55329658f46f839aa2c194c06fe2fd32bd59,good_train,hard_negative,0,x64,100002,100000,goodware_balanced/hard_negative/a54bc546a2d102317b934256b5fb55329658f46f839aa2c194c06fe2fd32bd59.asm,llvm-ml.exe,plain,0,1
515da90d8c999e207049cd384bd21e9c718b16750e9d1c5075772b9dc02d7ff3,good_train,hard_negative,0,x64,100002,100000,goodware_balanced/hard_negative/515da90d8c999e207049cd384bd21e9c718b16750e9d1c5075772b9dc02d7ff3.asm,llvm-pdbutil.exe,plain,0,1
ba8699a11ab87daebf6cd4dca73218c5cbb1176ddf012b6dc75dba90e5332440,good_train,hard_negative,0,x64,100002,100000,goodware_balanced/hard_negative/ba8699a11ab87daebf6cd4dca73218c5cbb1176ddf012b6dc75dba90e5332440.asm,llvm-rc.exe,plain,0,1
4d53927edabd05c9b2bb48e1692eda6fdafc95780f2a914e7b777e27bdb5cc02,good_train,hard_negative,0,x64,100007,100000,goodware_balanced/hard_negative/4d53927edabd05c9b2bb48e1692eda6fdafc95780f2a914e7b777e27bdb5cc02.asm,llvm-strings.exe,plain,5,1
32f513b7172394cac17e0496d4ce1256f1f17e410a84fb5c85c0cb746c53e714,good_train,hard_negative,0,x64,100002,100000,goodware_balanced/hard_negative/32f513b7172394cac17e0496d4ce1256f1f17e410a84fb5c85c0cb746c53e714.asm,llvm-strip.exe,plain,0,1
265d2be53a18e7c50a1bd95486d4071dd2ee703700875d6c412ec7ee90158200,good_train,hard_negative,0,x64,100002,100000,goodware_balanced/hard_negative/265d2be53a18e7c50a1bd95486d4071dd2ee703700875d6c412ec7ee90158200.asm,llvm-symbolizer.exe,plain,0,1
82b5991d2a49e2d7c979c15d31bb469038f4a982cb659603e191107d92eaedf7,good_train,hard_negative,0,x64,105698,100000,goodware_balanced/hard_negative/82b5991d2a49e2d7c979c15d31bb469038f4a982cb659603e191107d92eaedf7.asm,lm.x64.dll,packed_other,5694,1
1447c98b9561b543e582fe240834d491da50da4e405c509f9deb1da34fc3cc87,good_train,hard_negative,0,x64,5782,5781,goodware_balanced/hard_negative/1447c98b9561b543e582fe240834d491da50da4e405c509f9deb1da34fc3cc87.asm,lzmadec.exe,plain,0,0
e95d43ca007961b594e7fe843552af2f7508330dc8b2de6c935036636e91c0b1,good_train,hard_negative,0,x86,6386,6385,goodware_balanced/hard_negative/e95d43ca007961b594e7fe843552af2f7508330dc8b2de6c935036636e91c0b1.asm,lzmadec_e95d43ca.exe,plain,0,0
93850555c90ee0c6c71b68b3c00c8d146a2166028288e4f7451962448b8ef843,good_train,hard_negative,0,x64,8187,8186,goodware_balanced/hard_negative/93850555c90ee0c6c71b68b3c00c8d146a2166028288e4f7451962448b8ef843.asm,lzmainfo.exe,plain,0,0
60a25dd9b1a3e747cdd2e7508710f63cf47a5e8b7ebf849b9816ea6ce6df73c8,good_train,hard_negative,0,x86,9258,9257,goodware_balanced/hard_negative/60a25dd9b1a3e747cdd2e7508710f63cf47a5e8b7ebf849b9816ea6ce6df73c8.asm,lzmainfo_60a25dd9.exe,plain,0,0
46f97f0b2e0ebee2542abe8672fc20deb2bdfb6bfe5fefe3f1012d49ddfa494d,good_train,hard_negative,0,x64,100069,100000,goodware_balanced/hard_negative/46f97f0b2e0ebee2542abe8672fc20deb2bdfb6bfe5fefe3f1012d49ddfa494d.asm,mip_ClientTelemetry.dll,plain,67,1
6bc522c2739b103b9c99ac4b7a993c0817a6c0b9a32f15ce5e55ceb35416cf7a,good_train,hard_negative,0,x64,100002,100000,goodware_balanced/hard_negative/6bc522c2739b103b9c99ac4b7a993c0817a6c0b9a32f15ce5e55ceb35416cf7a.asm,mip_core.dll,plain,0,1
ce7de10b9c5fe9c8b700739dc17c3dd37dbd753fcc7a77bd97a00222c6dd302d,good_train,hard_negative,0,x64,100002,100000,goodware_balanced/hard_negative/ce7de10b9c5fe9c8b700739dc17c3dd37dbd753fcc7a77bd97a00222c6dd302d.asm,mip_protection_sdk.dll,plain,0,1
12b5664c17c2b1f3450f9d377d6899ebcc1c17e878cc6ba3e9f671809a249c09,good_train,hard_negative,0,x64,6121,6120,goodware_balanced/hard_negative/12b5664c17c2b1f3450f9d377d6899ebcc1c17e878cc6ba3e9f671809a249c09.asm,mkswap.exe,plain,0,0
34a08f42f7075d7e0fd81fafac39b8f423cf5d8e47e9b6aeb56c69ffaf698308,good_train,hard_negative,0,x64,100072,100000,goodware_balanced/hard_negative/34a08f42f7075d7e0fd81fafac39b8f423cf5d8e47e9b6aeb56c69ffaf698308.asm,mpengine.dll,plain,70,1
960692d3282b74065c28b85dc97618c31b0a26d41459d0c15989f36ad84b2ca1,good_train,hard_negative,0,x64,86796,86556,goodware_balanced/hard_negative/960692d3282b74065c28b85dc97618c31b0a26d41459d0c15989f36ad84b2ca1.asm,msert.exe,plain,239,0
b3308e0364886d68e09bc649bf4f3377edf3d3dab180f1ac4ed186b1aa95aabe,good_train,hard_negative,0,x64,1140,1139,goodware_balanced/hard_negative/b3308e0364886d68e09bc649bf4f3377edf3d3dab180f1ac4ed186b1aa95aabe.asm,msgconv.exe,plain,0,0
36799daa9e54a8b77e76128763154a00f1d4f39014c78766c1a44d8ee24b72d4,good_train,hard_negative,0,x64,1656,1655,goodware_balanced/hard_negative/36799daa9e54a8b77e76128763154a00f1d4f39014c78766c1a44d8ee24b72d4.asm,msys-gmpxx-4.dll,plain,0,0
a94b1a5ba095ac7ff81e138a1231e42e3a07391e85eeb86c3bb5c9245244597a,good_train,hard_negative,0,x64,43666,43662,goodware_balanced/hard_negative/a94b1a5ba095ac7ff81e138a1231e42e3a07391e85eeb86c3bb5c9245244597a.asm,msys-pcre-1.dll,plain,3,0
e52a7ad9538d9618c67a0bd777964e2eec8a30f68b810a2f6adce1f2daf847b8,good_train,hard_negative,0,x64,100005,100000,goodware_balanced/hard_negative/e52a7ad9538d9618c67a0bd777964e2eec8a30f68b810a2f6adce1f2daf847b8.asm,ninja.exe,plain,3,1
47e9ba7108104566202e24482f0d637f15165decb243c1af2be8b4d633d81e2d,good_train,hard_negative,0,x64,10574,10573,goodware_balanced/hard_negative/47e9ba7108104566202e24482f0d637f15165decb243c1af2be8b4d633d81e2d.asm,nio.dll,plain,0,0
5cba0ea928508c65ddadefc0681d2fb6d95f1f3beea4428f04397631140ee8e5,good_train,hard_negative,0,x64,100007,100000,goodware_balanced/hard_negative/5cba0ea928508c65ddadefc0681d2fb6d95f1f3beea4428f04397631140ee8e5.asm,node.exe,plain,5,1
3564ce8b510acfe456f7135e0c1ac1f71cfa39c787909192be8f8ed40dcbe305,good_train,hard_negative,0,x86,1990,1989,goodware_balanced/hard_negative/3564ce8b510acfe456f7135e0c1ac1f71cfa39c787909192be8f8ed40dcbe305.asm,nsDialogs.dll,plain,0,0
d3dc5b9b37f15be90b091d13635f4a99a8d5e71a5c6114ee5fcba04bcc65fa04,good_train,hard_negative,0,x64,100003,100000,goodware_balanced/hard_negative/d3dc5b9b37f15be90b091d13635f4a99a8d5e71a5c6114ee5fcba04bcc65fa04.asm,nvptx-arch.exe,plain,1,1
e17632e5166878494198c44cbd58d2266644647341b9b2967c5bebe8f0f61a79,good_train,hard_negative,0,x64,32959,32958,goodware_balanced/hard_negative/e17632e5166878494198c44cbd58d2266644647341b9b2967c5bebe8f0f61a79.asm,okular.exe,plain,0,0
dcbfda9ceecd1f776cba0b68fd1139444e699372d80578f56e15cbed3f88651d,good_train,hard_negative,0,x86,24491,24393,goodware_balanced/hard_negative/dcbfda9ceecd1f776cba0b68fd1139444e699372d80578f56e15cbed3f88651d.asm,peazip-11.2.0.WIN64.exe,plain,96,0
60582d4004febdf6b071b6d5163e5f45adcf1b928e8e53c7c8d556c8156f44f3,good_train,hard_negative,0,x64,31282,31281,goodware_balanced/hard_negative/60582d4004febdf6b071b6d5163e5f45adcf1b928e8e53c7c8d556c8156f44f3.asm,pinentry.exe,plain,0,0
7bf3d57f6874c4c50aee67f7c2e6c4a22545a098b5cbe9e8a276ec41a8a0e666,good_train,hard_negative,0,x64,5818,5813,goodware_balanced/hard_negative/7bf3d57f6874c4c50aee67f7c2e6c4a22545a098b5cbe9e8a276ec41a8a0e666.asm,pinky.exe,plain,4,0
d9f227e2c23c774ea6c40841933f31747db4c57f267f32c3c2ff3f3a89f35b9c,good_train,hard_negative,0,x86,1397,1396,goodware_balanced/hard_negative/d9f227e2c23c774ea6c40841933f31747db4c57f267f32c3c2ff3f3a89f35b9c.asm,pixbufloader-svg.dll,plain,0,0
c238f7991cc7a0e2a707d2dd59b800951ea92ec15c3e6c2b1e0229adb8cec1a1,good_train,hard_negative,0,x64,100012,100000,goodware_balanced/hard_negative/c238f7991cc7a0e2a707d2dd59b800951ea92ec15c3e6c2b1e0229adb8cec1a1.asm,pythoncom38.dll,plain,10,1
1269ead38dd74424a22d85d10bf2ba03f76ca973932a31f883178f811db94ebb,good_train,hard_negative,0,x86,20837,20836,goodware_balanced/hard_negative/1269ead38dd74424a22d85d10bf2ba03f76ca973932a31f883178f811db94ebb.asm,pywintypes312.dll,plain,0,0
455682c2212474ae895bfb931ffd7d1d15993451bdbe65ace820c9e747ca3490,good_train,hard_negative,0,x64,20626,20625,goodware_balanced/hard_negative/455682c2212474ae895bfb931ffd7d1d15993451bdbe65ace820c9e747ca3490.asm,pywintypes38.dll,plain,0,0
0534cef5f54eb6d10b2e90bd6089dc413c555771e12220be9a5cc48adddc803d,good_train,hard_negative,0,x64,5893,5892,goodware_balanced/hard_negative/0534cef5f54eb6d10b2e90bd6089dc413c555771e12220be9a5cc48adddc803d.asm,qgenericbearer.dll,plain,0,0
36174dd4c5f37c5f065c7a26e0ac65c4c3a41fdc0416882af856a23a5d03bb9d,good_train,hard_negative,0,x64,4485,4481,goodware_balanced/hard_negative/36174dd4c5f37c5f065c7a26e0ac65c4c3a41fdc0416882af856a23a5d03bb9d.asm,qgif.dll,plain,3,0
f4a229a082d16f80016f366156a2b951550f1e9df6d4177323bbedd92a429909,good_train,hard_negative,0,x64,4540,4539,goodware_balanced/hard_negative/f4a229a082d16f80016f366156a2b951550f1e9df6d4177323bbedd92a429909.asm,qicns.dll,plain,0,0
1982a635db9652304131c9c6ff9a693e70241600d2ef22b354962aa37997de0b,good_train,hard_negative,0,x64,3655,3654,goodware_balanced/hard_negative/1982a635db9652304131c9c6ff9a693e70241600d2ef22b354962aa37997de0b.asm,qico.dll,plain,0,0
fb4e980cb5fafa8a4cd4239329aed93f7c32ed939c94b61fb2df657f3c6ad158,good_train,hard_negative,0,x64,60703,60675,goodware_balanced/hard_negative/fb4e980cb5fafa8a4cd4239329aed93f7c32ed939c94b61fb2df657f3c6ad158.asm,qjpeg.dll,plain,27,0
5821cb8e80034712b3dacd542e8ab878771b1df66ecf835838c29c91bc5234c9,good_train,hard_negative,0,x64,38447,38446,goodware_balanced/hard_negative/5821cb8e80034712b3dacd542e8ab878771b1df66ecf835838c29c91bc5234c9.asm,qmodernwindowsstyle.dll,plain,0,0
b6b3f83b488b2d31c6d576b46c776dffeb6fef63bd4d40135668bbf6dd81f5a6,good_train,hard_negative,0,x64,47652,47651,goodware_balanced/hard_negative/b6b3f83b488b2d31c6d576b46c776dffeb6fef63bd4d40135668bbf6dd81f5a6.asm,qschannelbackend.dll,plain,0,0
b3498f0a10ac4cb42cf7213db4944a34594ff36c78c50a0f249c9085d1b1ff39,good_train,hard_negative,0,x64,2548,2538,goodware_balanced/hard_negative/b3498f0a10ac4cb42cf7213db4944a34594ff36c78c50a0f249c9085d1b1ff39.asm,qsvg.dll,plain,9,0
42dde60befcf1d9f96b8366a9988626b97d7d0d829ebea32f756d6ecd9ea99a8,good_train,hard_negative,0,x64,4628,4627,goodware_balanced/hard_negative/42dde60befcf1d9f96b8366a9988626b97d7d0d829ebea32f756d6ecd9ea99a8.asm,qsvgicon.dll,plain,0,0
5b641dec81aec1cf7ac0cce9fc067bb642fbd32da138a36e3bdac3bb5b36c37a,good_train,hard_negative,0,x64,2500,2499,goodware_balanced/hard_negative/5b641dec81aec1cf7ac0cce9fc067bb642fbd32da138a36e3bdac3bb5b36c37a.asm,qtga.dll,plain,0,0
0f05969fb926a62a338782b32446ea3e28e4bfbffc0dbd25ed303fab3404abac,good_train,hard_negative,0,x64,2362,2361,goodware_balanced/hard_negative/0f05969fb926a62a338782b32446ea3e28e4bfbffc0dbd25ed303fab3404abac.asm,qwbmp.dll,plain,0,0
9c3b2fa2383eeed92bb5810bdcf893ae30fa654a30b453ab2e49a95e1ccf1631,good_train,hard_negative,0,x64,72042,72034,goodware_balanced/hard_negative/9c3b2fa2383eeed92bb5810bdcf893ae30fa654a30b453ab2e49a95e1ccf1631.asm,qwebgl.dll,plain,7,0
6e37acd0d357871f92b7fde7206c904c734caa02f94544df646957df8c4987af,good_train,hard_negative,0,x64,100005,100000,goodware_balanced/hard_negative/6e37acd0d357871f92b7fde7206c904c734caa02f94544df646957df8c4987af.asm,qwebp.dll,plain,3,1
d9b21182952682fe7ba63af1df24e23ace592c35b3f31eceef9f0eabeb5881b9,good_train,hard_negative,0,x64,22384,22341,goodware_balanced/hard_negative/d9b21182952682fe7ba63af1df24e23ace592c35b3f31eceef9f0eabeb5881b9.asm,qwindowsvistastyle.dll,plain,42,0
8be30f02266a6eaad9d481941ef287b9744bb7140034b097ad862a2ccff3e24c,good_train,hard_negative,0,x64,100008,100000,goodware_balanced/hard_negative/8be30f02266a6eaad9d481941ef287b9744bb7140034b097ad862a2ccff3e24c.asm,rclone.exe,plain,6,1
e780c23d5d6bf60d7e80e073586be5f4d7f91faa0a0d1f07b3088b5d710f8395,good_train,hard_negative,0,x64,7959,7955,goodware_balanced/hard_negative/e780c23d5d6bf60d7e80e073586be5f4d7f91faa0a0d1f07b3088b5d710f8395.asm,realpath.exe,plain,3,0
e110d4ab4c863542124bff0ed1247990a2a7a09fdf884cd8fd822e1c124bfd2b,good_train,hard_negative,0,x64,2874,2873,goodware_balanced/hard_negative/e110d4ab4c863542124bff0ed1247990a2a7a09fdf884cd8fd822e1c124bfd2b.asm,reset.exe,plain,0,0
b0dd1fd21eea5d8fe1325f55f7118213c21f36de8a261e04c0624a5ab9fd7830,good_train,hard_negative,0,x64,100007,100000,goodware_balanced/hard_negative/b0dd1fd21eea5d8fe1325f55f7118213c21f36de8a261e04c0624a5ab9fd7830.asm,restic_0.19.1_windows_amd64.exe,plain,5,1
5cfec8255ad5a11883fafdf54ee064e44d218de6ab80b94375bc5b57b34c5325,good_train,hard_negative,0,x64,100106,100000,goodware_balanced/hard_negative/5cfec8255ad5a11883fafdf54ee064e44d218de6ab80b94375bc5b57b34c5325.asm,rufus-4.15.exe,plain,104,1
6f4bef66261261fcb43131be8720bab817d403a09edec7455c371974b90bdb7e,good_train,hard_negative,0,x64,100002,100000,goodware_balanced/hard_negative/6f4bef66261261fcb43131be8720bab817d403a09edec7455c371974b90bdb7e.asm,rustup-init.exe,plain,0,1
6e90c28559dd44f793853cd82b54e78050aa11f54ff14afcb31dbd0943d4a2c4,good_train,hard_negative,0,x64,2086,2085,goodware_balanced/hard_negative/6e90c28559dd44f793853cd82b54e78050aa11f54ff14afcb31dbd0943d4a2c4.asm,rwarray.dll,plain,0,0
d5eef4e1fa6e7d0bfcc243f0788c0e6804d980d6f928f6da526ab87c3cb2a5aa,good_train,hard_negative,0,x64,81319,81318,goodware_balanced/hard_negative/d5eef4e1fa6e7d0bfcc243f0788c0e6804d980d6f928f6da526ab87c3cb2a5aa.asm,scute.dll,plain,0,0
04e86e1a3db487ce85091448b0a4c6ef3a3bb4e9da2032f0e8f5fdcab28d3ea7,good_train,hard_negative,0,x86,41049,41048,goodware_balanced/hard_negative/04e86e1a3db487ce85091448b0a4c6ef3a3bb4e9da2032f0e8f5fdcab28d3ea7.asm,sdelete.exe,plain,0,0
a371980f5893f4ecf3b06b6cde388dc9c6ac2d311b7b5708d61eafa84c5c0b41,good_train,hard_negative,0,x64,38426,38425,goodware_balanced/hard_negative/a371980f5893f4ecf3b06b6cde388dc9c6ac2d311b7b5708d61eafa84c5c0b41.asm,sdelete64.exe,plain,0,0
07d87d6472b0fb5de9dda0cda6ac75aa3bb56eac7d38c19e61c972636040232e,good_train,hard_negative,0,x64,100002,100000,goodware_balanced/hard_negative/07d87d6472b0fb5de9dda0cda6ac75aa3bb56eac7d38c19e61c972636040232e.asm,seafileapplet.exe,plain,0,1
0fe831eeacc938944036f2bbdfde82b2f755a17134727358f1bfc096694d7f89,good_train,hard_negative,0,x64,2342,2341,goodware_balanced/hard_negative/0fe831eeacc938944036f2bbdfde82b2f755a17134727358f1bfc096694d7f89.asm,setfacl.exe,plain,0,0
cea78a58bdfa78085ca276a864649fa3ad2ccb9509ef17aff49c5f3126d9f1b8,good_train,hard_negative,0,x64,10536,10535,goodware_balanced/hard_negative/cea78a58bdfa78085ca276a864649fa3ad2ccb9509ef17aff49c5f3126d9f1b8.asm,sha1sum.exe,plain,0,0
1dae2d754e919acfff8e26c40694e4ef42b1b34805b25a607186efaf88879eb7,good_train,hard_negative,0,x64,100019,100000,goodware_balanced/hard_negative/1dae2d754e919acfff8e26c40694e4ef42b1b34805b25a607186efaf88879eb7.asm,sqlcipher.dll,plain,17,1
d0344ca7223d78f1f502b6feb2b141b6041e3dabefd849e18a1f026b2227e8e0,good_train,hard_negative,0,x64,93481,93471,goodware_balanced/hard_negative/d0344ca7223d78f1f502b6feb2b141b6041e3dabefd849e18a1f026b2227e8e0.asm,sqlean.dll,plain,9,0
a91ac3c13521a15e660fce28f6bd0dddd834b4b6d5046ce454dfe030e508bdb8,good_train,hard_negative,0,x64,100046,100000,goodware_balanced/hard_negative/a91ac3c13521a15e660fce28f6bd0dddd834b4b6d5046ce454dfe030e508bdb8.asm,sqlite3.dll,plain,44,1
84468965a541829728d1fa02d32e987ab1a844ec4a23644058ef477ff8b3264a,good_train,hard_negative,0,x64,17320,17316,goodware_balanced/hard_negative/84468965a541829728d1fa02d32e987ab1a844ec4a23644058ef477ff8b3264a.asm,stat.exe,plain,3,0
ca72e89bd0b687479dca056cd9ced948080fba267c06f59425372f41fd0943ed,good_train,hard_negative,0,x64,5749,5748,goodware_balanced/hard_negative/ca72e89bd0b687479dca056cd9ced948080fba267c06f59425372f41fd0943ed.asm,sunmscapi.dll,plain,0,0
d3cc44e28990ac06558e5efd21c135a5d3fba82c57fb23162adcb00c010f1a1a,good_train,hard_negative,0,x64,100002,100000,goodware_balanced/hard_negative/d3cc44e28990ac06558e5efd21c135a5d3fba82c57fb23162adcb00c010f1a1a.asm,syncthing.exe,plain,0,1
69a684c3bb586b123f96e0e03f4ba4ff765f9ea280c68afd43de0de0b995ff4e,good_train,hard_negative,0,x64,1933,1932,goodware_balanced/hard_negative/69a684c3bb586b123f96e0e03f4ba4ff765f9ea280c68afd43de0de0b995ff4e.asm,tabs.exe,plain,0,0
a5f3f036eeedc224526dbd8f3d16b94f3317a2375cf0f01e1d9b133eea9e3326,good_train,hard_negative,0,x86,82591,82580,goodware_balanced/hard_negative/a5f3f036eeedc224526dbd8f3d16b94f3317a2375cf0f01e1d9b133eea9e3326.asm,tiff.dll,plain,10,0
c036d09e6063deddd8bc56932c486830eefa416492293373d21fefb9328ca074,good_train,hard_negative,0,x64,22007,22006,goodware_balanced/hard_negative/c036d09e6063deddd8bc56932c486830eefa416492293373d21fefb9328ca074.asm,trust.exe,plain,0,0
8a91052ef261b5fbf3223ae9ce789af73dfe1e9b0ba5bdbc4d564870a24f2bae,good_train,hard_negative,0,x64,100043,100000,goodware_balanced/hard_negative/8a91052ef261b5fbf3223ae9ce789af73dfe1e9b0ba5bdbc4d564870a24f2bae.asm,ucrtbase.dll,plain,41,1
1111bc75d354ec186feadee2ec5615b8847d7b31bc2aa4153bd3b63f36ddde7f,good_train,hard_negative,0,x86,34462,34390,goodware_balanced/hard_negative/1111bc75d354ec186feadee2ec5615b8847d7b31bc2aa4153bd3b63f36ddde7f.asm,vcruntime140.dll,plain,71,0
149b5188261ec0a991bdefd7758e41d2e91aabaf571be563057f7cac2ac92ce6,good_train,hard_negative,0,x64,1084,1083,goodware_balanced/hard_negative/149b5188261ec0a991bdefd7758e41d2e91aabaf571be563057f7cac2ac92ce6.asm,vercmp.exe,plain,0,0
4d54ce1164c9827a93d93ef50c83152be0ed1a7a279857f59e27338fc60b2468,good_train,hard_negative,0,x86,52456,52453,goodware_balanced/hard_negative/4d54ce1164c9827a93d93ef50c83152be0ed1a7a279857f59e27338fc60b2468.asm,web32.exe,plain,2,0
8630e5d78cefec64e63b56bcead2407e0e83484e05174043bb3150725719665e,good_train,hard_negative,0,x86,46258,46257,goodware_balanced/hard_negative/8630e5d78cefec64e63b56bcead2407e0e83484e05174043bb3150725719665e.asm,webview.x86.dll,plain,0,0
f6cf838fa37c93ff6569d587a7e9b28a38556c71a000cf2b9dd8dd6f710dc5d7,good_train,hard_negative,0,x64,86393,86389,goodware_balanced/hard_negative/f6cf838fa37c93ff6569d587a7e9b28a38556c71a000cf2b9dd8dd6f710dc5d7.asm,wget.exe,plain,3,0
433b96ceb2a9c58882342ac866ff9edaa928d11d031dfe41dfdeada5552f8ca1,good_train,hard_negative,0,x64,100002,100000,goodware_balanced/hard_negative/433b96ceb2a9c58882342ac866ff9edaa928d11d031dfe41dfdeada5552f8ca1.asm,windows_czkawka_cli.exe,plain,0,1
6bf6d03d6923d9ef827ae1d943b90b42b8ebb1b0f68ef6d55f868fa34c738a29,good_train,hard_negative,0,x86,100003,100000,goodware_balanced/hard_negative/6bf6d03d6923d9ef827ae1d943b90b42b8ebb1b0f68ef6d55f868fa34c738a29.asm,wix314.exe,plain,1,1
2517c9ba14092a06611d3eec1adb3f2fabed787b79b78c2906d986a78b6ea29e,good_train,hard_negative,0,x64,47845,47844,goodware_balanced/hard_negative/2517c9ba14092a06611d3eec1adb3f2fabed787b79b78c2906d986a78b6ea29e.asm,xz.exe,plain,0,0
1024b9a10312010a5c833780c164a8951cd09c6a125404d40cccad3abb5b5840,good_train,hard_negative,0,x86,56444,56443,goodware_balanced/hard_negative/1024b9a10312010a5c833780c164a8951cd09c6a125404d40cccad3abb5b5840.asm,xz_1024b9a1.exe,plain,0,0
5e4565a39da52bb2e584f70df21239f3c30fde446849efde2639be1dcffb3d10,good_train,hard_negative,0,x64,11067,11066,goodware_balanced/hard_negative/5e4565a39da52bb2e584f70df21239f3c30fde446849efde2639be1dcffb3d10.asm,xzdec.exe,plain,0,0
5a90b00c4531dfb9cfd16ca01f307e9c23e4df0332a0a10f9423dc8bf5ace48c,good_train,hard_negative,0,x86,12887,12886,goodware_balanced/hard_negative/5a90b00c4531dfb9cfd16ca01f307e9c23e4df0332a0a10f9423dc8bf5ace48c.asm,xzdec_5a90b00c.exe,plain,0,0
6d52c2ecd443c0b9c2b2bd0e9519d03f90e28d111e45446b82be35969f2355e1,good_train,hard_negative,0,x64,27765,27761,goodware_balanced/hard_negative/6d52c2ecd443c0b9c2b2bd0e9519d03f90e28d111e45446b82be35969f2355e1.asm,zipper.exe,plain,3,0
8076aae03feac7c66b319579e82172eed168deed2a3f25e5e2d3c60f55e84111,good_train,hard_negative,0,x64,100002,100000,goodware_balanced/hard_negative/8076aae03feac7c66b319579e82172eed168deed2a3f25e5e2d3c60f55e84111.asm,zstd.exe,plain,0,1
a437aa3d763a8d614ef22393199d0884cd483183a0f6835ae0d43337016d4c3b,good_train,system,0,x86,8648,8647,goodware_balanced/system/a437aa3d763a8d614ef22393199d0884cd483183a0f6835ae0d43337016d4c3b.asm,AMDBugReportTool.exe,plain,0,0
49883eaffe02f533304534af2205d1b7f91e0bec5eedbd71a780d15bc92a35b9,good_train,system,0,x64,68000,67997,goodware_balanced/system/49883eaffe02f533304534af2205d1b7f91e0bec5eedbd71a780d15bc92a35b9.asm,AggregatorHost.exe,plain,1,0
8f68e08798574b2935afab09942566dedf4df7a0986ef7ac3a5f74c64ac8cede,good_train,system,0,x64,14488,14486,goodware_balanced/system/8f68e08798574b2935afab09942566dedf4df7a0986ef7ac3a5f74c64ac8cede.asm,AppInstallerBackgroundUpdate.exe,plain,0,0
8ee650c4df6dbf442ecc030ee4a6e73e918488e08b87918ce3a49cf3f147abec,good_train,system,0,x64,17086,17083,goodware_balanced/system/8ee650c4df6dbf442ecc030ee4a6e73e918488e08b87918ce3a49cf3f147abec.asm,ApplicationFrameHost.exe,plain,1,0
0618aba58573dc4d3ee8617f223602708cfaebdf763f42def048b80b59f26807,good_train,system,0,x64,31214,31212,goodware_balanced/system/0618aba58573dc4d3ee8617f223602708cfaebdf763f42def048b80b59f26807.asm,ApproveChildRequest.exe,plain,0,0
597876b6b583f5849a268f6edf8be94875e6aa0b14a02bb0785ef2f02e97b753,good_train,system,0,x64,32784,32782,goodware_balanced/system/597876b6b583f5849a268f6edf8be94875e6aa0b14a02bb0785ef2f02e97b753.asm,AtBroker.exe,plain,0,0
ee2d9c16bfb1490d148cbe7bfdb75de7caba58eea8b3e42c3424b3e8b41a1037,good_train,system,0,x64,27623,27621,goodware_balanced/system/ee2d9c16bfb1490d148cbe7bfdb75de7caba58eea8b3e42c3424b3e8b41a1037.asm,AuthHost.exe,plain,0,0
506d794258e6c28dbff40ede73895e24348c6d01137dc1490e08065555e14ffc,good_train,system,0,x64,6881,6879,goodware_balanced/system/506d794258e6c28dbff40ede73895e24348c6d01137dc1490e08065555e14ffc.asm,BackgroundTransferHost.exe,plain,0,0
2b2c0245874d77165f389034a9d1ed2431cb552fd98c661e0faed90e21b11182,good_train,system,0,x64,39294,39292,goodware_balanced/system/2b2c0245874d77165f389034a9d1ed2431cb552fd98c661e0faed90e21b11182.asm,BitLockerDeviceEncryption.exe,plain,0,0
b71e11827aed4f67de0586129861b414b73d36d3d7951fc4cb71e54a58d8c016,good_train,system,0,x64,23038,23036,goodware_balanced/system/b71e11827aed4f67de0586129861b414b73d36d3d7951fc4cb71e54a58d8c016.asm,ByteCodeGenerator.exe,plain,0,0
e7878f8ee6460f6285a6c249135a2c9b62af19ca4603dbe3efc910c4b4df2707,good_train,system,0,x64,10902,10900,goodware_balanced/system/e7878f8ee6460f6285a6c249135a2c9b62af19ca4603dbe3efc910c4b4df2707.asm,CheckNetIsolation.exe,plain,0,0
871a0bbb99ccc2d80d2b5b762fead35c0fb61529784d30c3a205be88fb7bbbea,good_train,system,0,x86,20035,20006,goodware_balanced/system/871a0bbb99ccc2d80d2b5b762fead35c0fb61529784d30c3a205be88fb7bbbea.asm,CloudNotifications.exe,plain,28,0
93fc2337aa36051f4ab570fe1baa37eadd3b1a76360d4b702bda95cb37d3befa,good_train,system,0,x64,54314,54312,goodware_balanced/system/93fc2337aa36051f4ab570fe1baa37eadd3b1a76360d4b702bda95cb37d3befa.asm,DWWIN.EXE,plain,0,0
29f2edf4d25f3c14686e74d0189fe13b74e8cee3ae6d93394503ceb974dda30e,good_train,system,0,x64,21014,21012,goodware_balanced/system/29f2edf4d25f3c14686e74d0189fe13b74e8cee3ae6d93394503ceb974dda30e.asm,Defrag.exe,plain,0,0
5bc9a9c1153a37f239b8443fd264753a28093bd92455dbfb6deef4bdb17c393f,good_train,system,0,x64,5282,5280,goodware_balanced/system/5bc9a9c1153a37f239b8443fd264753a28093bd92455dbfb6deef4bdb17c393f.asm,DeviceEject.exe,plain,0,0
9d879f40dec21301183a75d698b323fb689221d41447c815fe3832d989845f0e,good_train,system,0,x64,100002,100000,goodware_balanced/system/9d879f40dec21301183a75d698b323fb689221d41447c815fe3832d989845f0e.asm,DeviceEnroller.exe,plain,0,1
85e12d901ea10a26c65a33595e50bd67e9dc2358c44375c48e31152f91e005d6,good_train,system,0,x64,50532,50530,goodware_balanced/system/85e12d901ea10a26c65a33595e50bd67e9dc2358c44375c48e31152f91e005d6.asm,Dism.exe,plain,0,0
775296b6dd6bfbb3684d272a70606f40c2311a5c144f1328b37117e3b3ff074c,good_train,system,0,x64,25589,25587,goodware_balanced/system/775296b6dd6bfbb3684d272a70606f40c2311a5c144f1328b37117e3b3ff074c.asm,DisplaySwitch.exe,plain,0,0
78c7acf16e9b597c3282f1bfaea9bd4fda6a1c05f39f50141b77516ab579bc60,good_train,system,0,x86,1546,1530,goodware_balanced/system/78c7acf16e9b597c3282f1bfaea9bd4fda6a1c05f39f50141b77516ab579bc60.asm,DpiScaling.exe,plain,15,0
3cfdb1f4f6538d1d65f749ea2d863a205eb26140375fb104a1f68d1402254195,good_train,system,0,x64,33337,33335,goodware_balanced/system/3cfdb1f4f6538d1d65f749ea2d863a205eb26140375fb104a1f68d1402254195.asm,EDPCleanup.exe,plain,0,0
66b360a34067a8dda3b04707787facd7b22bef7ebe947efc2fb0f2b3a558b484,good_train,system,0,x64,100010,100000,goodware_balanced/system/66b360a34067a8dda3b04707787facd7b22bef7ebe947efc2fb0f2b3a558b484.asm,EEURestart.exe,plain,8,1
70f587a72ceea5c5a327c08c1001810f4a9a9cb07f38a339a52c42871f343aea,good_train,system,0,x64,54780,54778,goodware_balanced/system/70f587a72ceea5c5a327c08c1001810f4a9a9cb07f38a339a52c42871f343aea.asm,EaseOfAccessDialog.exe,plain,0,0
1b5abd9359447efa59380843eb245dc280b9e17c9f51388cf3ed1cec4b650fb6,good_train,system,0,x86,93956,93701,goodware_balanced/system/1b5abd9359447efa59380843eb245dc280b9e17c9f51388cf3ed1cec4b650fb6.asm,EaseOfAccessDialog_1b5abd93.exe,plain,254,0
15e47a9ccd644903cf9cf4c38017949107e0c1c20ae15a29db84ee53a87aced8,good_train,system,0,x64,15359,15357,goodware_balanced/system/15e47a9ccd644903cf9cf4c38017949107e0c1c20ae15a29db84ee53a87aced8.asm,EhStorAuthn.exe,plain,0,0
f063d73214e27ca6caf871966d9335ab770893b73482c89c8dd0f993dcc4bae0,good_train,system,0,x86,13432,13403,goodware_balanced/system/f063d73214e27ca6caf871966d9335ab770893b73482c89c8dd0f993dcc4bae0.asm,EhStorAuthn_f063d732.exe,plain,28,0
6ae162ca49c19b0fe32932b105d1aba46c24c8f135f98ca508821d15dd3b9ec3,good_train,system,0,x86,6253,6239,goodware_balanced/system/6ae162ca49c19b0fe32932b105d1aba46c24c8f135f98ca508821d15dd3b9ec3.asm,Fondue.exe,plain,13,0
e5bdaf39bad1b175d5dde7889a29c31d903b642dc172a01d74c1fdb7068ccbb6,good_train,system,0,x64,100002,100000,goodware_balanced/system/e5bdaf39bad1b175d5dde7889a29c31d903b642dc172a01d74c1fdb7068ccbb6.asm,GamePanel.exe,plain,0,1
365fd54b98515af8eb6eced8a2a978dc005107cb41f1e6ed122131e51dc7792f,good_train,system,0,x86,101012,100000,goodware_balanced/system/365fd54b98515af8eb6eced8a2a978dc005107cb41f1e6ed122131e51dc7792f.asm,GamePanel_365fd54b.exe,plain,1010,1
541bfa40a128439749bc12a30b50990c2bbd1ecbaefc6738170be6a76c589c10,good_train,system,0,x86,10148,10129,goodware_balanced/system/541bfa40a128439749bc12a30b50990c2bbd1ecbaefc6738170be6a76c589c10.asm,InfDefaultInstall.exe,plain,18,0
5ccece9e4a5529836275626e066004fc58329d40578ec3b6b5e98ac61203720c,good_train,system,0,x64,20347,20345,goodware_balanced/system/5ccece9e4a5529836275626e066004fc58329d40578ec3b6b5e98ac61203720c.asm,InputSwitchToastHandler.exe,plain,0,0
6c9689f9f31b294c300526aa71e19713005990766a08778e12ff9bdbe8273b18,good_train,system,0,x64,15220,15218,goodware_balanced/system/6c9689f9f31b294c300526aa71e19713005990766a08778e12ff9bdbe8273b18.asm,LaunchTM.exe,plain,0,0
692e5c349043961a1ae1842654754802f8a55c7efd8e8bad275c2453f9add4e1,good_train,system,0,x86,12855,12837,goodware_balanced/system/692e5c349043961a1ae1842654754802f8a55c7efd8e8bad275c2453f9add4e1.asm,LaunchTM_692e5c34.exe,plain,17,0
1a16371b1af0756187aa6dbd367ef368033df469ae31c68347ddb250bbf85c2f,good_train,system,0,x86,16758,16729,goodware_balanced/system/1a16371b1af0756187aa6dbd367ef368033df469ae31c68347ddb250bbf85c2f.asm,LaunchWinApp.exe,plain,28,0
05dcb1619c0fa52b544b2b17015c17195aea0f60d7c287e49d9b04c428e8b765,good_train,system,0,x64,17362,17026,goodware_balanced/system/05dcb1619c0fa52b544b2b17015c17195aea0f60d7c287e49d9b04c428e8b765.asm,Ldr64.exe,plain,335,0
3ca622953e69d43597a51cd818c80399a32e54a3f18384fc02cd810dc64ac178,good_train,system,0,x64,18037,18035,goodware_balanced/system/3ca622953e69d43597a51cd818c80399a32e54a3f18384fc02cd810dc64ac178.asm,LiveCaptions.exe,plain,0,0
0491edb04bf8f6a39b676bff46a3449ac6a2c859c5f71e054f20b02697f30323,good_train,system,0,x64,13872,13870,goodware_balanced/system/0491edb04bf8f6a39b676bff46a3449ac6a2c859c5f71e054f20b02697f30323.asm,LogonUI.exe,plain,0,0
3360ca9d92a1daf5005e3c4dfc2c7536f69085052c396cafe2f8e0fe67f284fc,good_train,system,0,x64,17219,17217,goodware_balanced/system/3360ca9d92a1daf5005e3c4dfc2c7536f69085052c396cafe2f8e0fe67f284fc.asm,MLEngineStub.exe,plain,0,0
eb7a64288c8301b56c01e5c1390d4f2ca61daed8ad52a407476b026cbac63b7f,good_train,system,0,x64,17553,17551,goodware_balanced/system/eb7a64288c8301b56c01e5c1390d4f2ca61daed8ad52a407476b026cbac63b7f.asm,MdSched.exe,plain,0,0
4f41515fb933ff59fecc4a0a81113c2cf932787f018bafabe76a7fe8b6b2a72d,good_train,system,0,x64,18448,18446,goodware_balanced/system/4f41515fb933ff59fecc4a0a81113c2cf932787f018bafabe76a7fe8b6b2a72d.asm,Microsoft.Data.UsageAndQualityInsights.MaintenanceTask.exe,plain,0,0
4bb852d856f93e6895639220ffe698c5fe88f95703b4a6af1b66d83692143791,good_train,system,0,x64,14010,14008,goodware_balanced/system/4bb852d856f93e6895639220ffe698c5fe88f95703b4a6af1b66d83692143791.asm,MicrosoftEdgeCP.exe,plain,0,0
700e5bb6a5a53998dc2a6489887959d4ceeae9b9de9d40519e5e339970800570,good_train,system,0,x86,40285,40283,goodware_balanced/system/700e5bb6a5a53998dc2a6489887959d4ceeae9b9de9d40519e5e339970800570.asm,MicrosoftEdgeUpdateSetup.exe,plain,1,0
ea71d139107fe5ecfafbb989e0962a46137dc52053874333bd1066f84bc7074c,good_train,system,0,x64,100002,100000,goodware_balanced/system/ea71d139107fe5ecfafbb989e0962a46137dc52053874333bd1066f84bc7074c.asm,MpDefenderCoreService.exe,plain,0,1
78761073cea58405372a7ec6ae1269fa47493f92357c45f48b344b0b0b04efe7,good_train,system,0,x64,18399,18397,goodware_balanced/system/78761073cea58405372a7ec6ae1269fa47493f92357c45f48b344b0b0b04efe7.asm,MsSpellCheckingHost.exe,plain,0,0
73981a005d2a75e744cc41d3a8039e4dc0872e2795216d17c1121d066ef95fa9,good_train,system,0,x86,23381,23357,goodware_balanced/system/73981a005d2a75e744cc41d3a8039e4dc0872e2795216d17c1121d066ef95fa9.asm,MuiUnattend.exe,plain,23,0
1157667c58d4820249e54d6acab81397dcd9413e1ad1d1427db97a0d39bcdb3e,good_train,system,0,x64,12415,12413,goodware_balanced/system/1157667c58d4820249e54d6acab81397dcd9413e1ad1d1427db97a0d39bcdb3e.asm,NETSTAT.EXE,plain,0,0
feef8f9033d85e4ce19f1c56e3bab24a65ac0ef5d0d3d11e258a29e9c0c2fb5c,good_train,system,0,x64,9857,9855,goodware_balanced/system/feef8f9033d85e4ce19f1c56e3bab24a65ac0ef5d0d3d11e258a29e9c0c2fb5c.asm,NetEvtFwdr.exe,plain,0,0
b16e6a62ea68a532503eac5cdc44eb9f6ba60ebae86e2d44ae164f88acefe249,good_train,system,0,x86,31006,31005,goodware_balanced/system/b16e6a62ea68a532503eac5cdc44eb9f6ba60ebae86e2d44ae164f88acefe249.asm,NpcapHelper.exe,plain,0,0
1001d5c0d074ba670f4bbe90f1809959d3bf9d8d6f5e85ecac9c1c01e05fa499,good_train,system,0,x64,26286,26268,goodware_balanced/system/1001d5c0d074ba670f4bbe90f1809959d3bf9d8d6f5e85ecac9c1c01e05fa499.asm,NpcapHelper_1001d5c0.exe,plain,17,0
a88153d7ef71bd5894b7a1b54bc437fc210b6699a4e63c2db9517236dda2e91a,good_train,system,0,x86,28772,28675,goodware_balanced/system/a88153d7ef71bd5894b7a1b54bc437fc210b6699a4e63c2db9517236dda2e91a.asm,OpenWith.exe,plain,96,0
cf755c161116fc9c46989828b0c566573f648b9f7a13fbcaee0b3bbbb5006109,good_train,system,0,x64,6848,6846,goodware_balanced/system/cf755c161116fc9c46989828b0c566573f648b9f7a13fbcaee0b3bbbb5006109.asm,PATHPING.EXE,plain,0,0
e4224d18c3c96826e6f4240893fac02c8a1ff335ce92614fc8744369594dd468,good_train,system,0,x64,7357,7355,goodware_balanced/system/e4224d18c3c96826e6f4240893fac02c8a1ff335ce92614fc8744369594dd468.asm,PING.EXE,plain,0,0
93a81120d3f675c94f7eb9cf08daf33a0afdcd908b66619ed150c56e92d037e9,good_train,system,0,x86,11597,11560,goodware_balanced/system/93a81120d3f675c94f7eb9cf08daf33a0afdcd908b66619ed150c56e92d037e9.asm,PackagedCWALauncher.exe,plain,36,0
9431112e6202c5332dd3069f96b1b6f28ad6b13a60b44aa9a3ccfe4d89803fb0,good_train,system,0,x64,31627,31625,goodware_balanced/system/9431112e6202c5332dd3069f96b1b6f28ad6b13a60b44aa9a3ccfe4d89803fb0.asm,PickerHost.exe,plain,0,0
1351de1d0cc7ebe3366205bde929c36297ff7cf04dfce707569f3eca0f88906c,good_train,system,0,x64,27069,27067,goodware_balanced/system/1351de1d0cc7ebe3366205bde929c36297ff7cf04dfce707569f3eca0f88906c.asm,PinEnrollmentBroker.exe,plain,0,0
b8e4332a052f7cac9609b5004217ba0b0c27d70051af1f0990f8c3748b721a00,good_train,system,0,x64,12246,12244,goodware_balanced/system/b8e4332a052f7cac9609b5004217ba0b0c27d70051af1f0990f8c3748b721a00.asm,PnPUnattend.exe,plain,0,0
a5538789d76fa7e7d674b96d21092acaf3d37e5affebc2148a74dce1cb01f2ef,good_train,system,0,x86,28845,28753,goodware_balanced/system/a5538789d76fa7e7d674b96d21092acaf3d37e5affebc2148a74dce1cb01f2ef.asm,PresentationHost.exe,plain,91,0
0111d485351ef0deffd9403a0f8e123759a04a928fbd055b901de18164c4fa39,good_train,system,0,x64,24210,24208,goodware_balanced/system/0111d485351ef0deffd9403a0f8e123759a04a928fbd055b901de18164c4fa39.asm,PresentationHost_0111d485.exe,plain,0,0
a460078cc5e92a3d7ead574e86ca918d47024342fffc0045ce7c7630b7e2c3b0,good_train,system,0,x86,4476,4465,goodware_balanced/system/a460078cc5e92a3d7ead574e86ca918d47024342fffc0045ce7c7630b7e2c3b0.asm,ROUTE.EXE,plain,10,0
a006a3fb03504967518477df127d3b2de87fc0cfa1040ea525adb3b6604f5318,good_train,system,0,x64,13213,13211,goodware_balanced/system/a006a3fb03504967518477df127d3b2de87fc0cfa1040ea525adb3b6604f5318.asm,RdpSa.exe,plain,0,0
a1e5dbab75cad081e71f28f9bdadedd60a08d4f4d07b1562dd55bcb4234fe0a7,good_train,system,0,x64,8382,8380,goodware_balanced/system/a1e5dbab75cad081e71f28f9bdadedd60a08d4f4d07b1562dd55bcb4234fe0a7.asm,RdpSaUacHelper.exe,plain,0,0
d483169601b7e14f9976f0e35b704697cb805c403c46055e92a24a17e4b35722,good_train,system,0,x86,14079,14018,goodware_balanced/system/d483169601b7e14f9976f0e35b704697cb805c403c46055e92a24a17e4b35722.asm,RdpSa_d4831696.exe,plain,60,0
228d6fdb97304161786ad956066f83cc4b19e628785c24baf741145cd3bdf9c0,good_train,system,0,x86,46577,46440,goodware_balanced/system/228d6fdb97304161786ad956066f83cc4b19e628785c24baf741145cd3bdf9c0.asm,Robocopy.exe,plain,136,0
61597bf6b9daeaeaef0080b57ad2838f34f007a6cd024420e7c196c0dea97c86,good_train,system,0,x64,23519,23515,goodware_balanced/system/61597bf6b9daeaeaef0080b57ad2838f34f007a6cd024420e7c196c0dea97c86.asm,RuntimeBroker.exe,plain,2,0
23ec4e9f4ee3cd206fc8e95c1953520cefa88d7884bb224df88405db2b092f76,good_train,system,0,x64,95807,95806,goodware_balanced/system/23ec4e9f4ee3cd206fc8e95c1953520cefa88d7884bb224df88405db2b092f76.asm,SIHClient.exe,plain,0,0
9ff0ab66ce3b20aa1efc6303a5e8570331ceb37478a968b1404dbc2dbb04f055,good_train,system,0,x64,51465,51431,goodware_balanced/system/9ff0ab66ce3b20aa1efc6303a5e8570331ceb37478a968b1404dbc2dbb04f055.asm,SMConfigInstaller.exe,plain,33,0
88d56462c4dd06b61b69255956dbd7c9958afc455100e731d70cb2f80c0118a4,good_train,system,0,x86,100057,100000,goodware_balanced/system/88d56462c4dd06b61b69255956dbd7c9958afc455100e731d70cb2f80c0118a4.asm,SearchFilterHost.exe,plain,55,1
64f481b75ff5f71530cdb49630a40bdc098c31c4aafa83a5a5d389b34ecd0871,good_train,system,0,x86,100074,100000,goodware_balanced/system/64f481b75ff5f71530cdb49630a40bdc098c31c4aafa83a5a5d389b34ecd0871.asm,SearchIndexer.exe,plain,72,1
53b9426d99fb1656a0aa34db18afaa0bd001ea666d575480c381e7485143ea30,good_train,system,0,x64,100002,100000,goodware_balanced/system/53b9426d99fb1656a0aa34db18afaa0bd001ea666d575480c381e7485143ea30.asm,SearchProtocolHost.exe,plain,0,1
4cdf95ef7bec023fed416ea34905055132374407d565bf242b69159352ad546f,good_train,system,0,x86,4881,4871,goodware_balanced/system/4cdf95ef7bec023fed416ea34905055132374407d565bf242b69159352ad546f.asm,SecEdit.exe,plain,9,0
bead137f1d54472624c23fa54ae4320ce67e142d8444246cd267a1d99253f781,good_train,system,0,x64,7522,7520,goodware_balanced/system/bead137f1d54472624c23fa54ae4320ce67e142d8444246cd267a1d99253f781.asm,SecEdit_bead137f.exe,plain,0,0
0f45d230444ecbda33d04bd0d898588c028554185ce3eb02aa2cb00829345efb,good_train,system,0,x64,21532,21530,goodware_balanced/system/0f45d230444ecbda33d04bd0d898588c028554185ce3eb02aa2cb00829345efb.asm,SensorRuntimeBroker.exe,plain,0,0
bee1bf7af1d7bfed6a52642aa22d8e1df6f7126fe4f1251a94520d4b87ae3a70,good_train,system,0,x64,100003,100000,goodware_balanced/system/bee1bf7af1d7bfed6a52642aa22d8e1df6f7126fe4f1251a94520d4b87ae3a70.asm,ShellHost.exe,plain,1,1
428a4825cf292b56f45435ff9e19ca137be350664396c1a02d1175de322b066b,good_train,system,0,x64,36441,36439,goodware_balanced/system/428a4825cf292b56f45435ff9e19ca137be350664396c1a02d1175de322b066b.asm,SpatialAudioLicenseSrv.exe,plain,0,0
cac9fdc6553d22bf284a6660980c9459fb88e73b5aeccf0939de67d20c1436ca,good_train,system,0,x86,11879,11861,goodware_balanced/system/cac9fdc6553d22bf284a6660980c9459fb88e73b5aeccf0939de67d20c1436ca.asm,SyncHost.exe,plain,17,0
deebdbaca8eb0115e853275ade9cc39d64c7c483e2dcb1d5c316754ff4fdf3ba,good_train,system,0,x86,1454,1443,goodware_balanced/system/deebdbaca8eb0115e853275ade9cc39d64c7c483e2dcb1d5c316754ff4fdf3ba.asm,SystemPropertiesHardware.exe,plain,10,0
ed1a76b3f289f76cb2ded261f9448fc5e334bd25e8bf1b5bdbb044decf899931,good_train,system,0,x86,1467,1457,goodware_balanced/system/ed1a76b3f289f76cb2ded261f9448fc5e334bd25e8bf1b5bdbb044decf899931.asm,SystemPropertiesPerformance.exe,plain,9,0
129027ad497609547ead4467f43f09a974d8ff9bd44cd116935ca019bc14f204,good_train,system,0,x64,100002,100000,goodware_balanced/system/129027ad497609547ead4467f43f09a974d8ff9bd44cd116935ca019bc14f204.asm,SystemSettingsAdminFlows.exe,plain,0,1
b0b4b8a5b669b72f72cea9f4d3dc73230d577f77870e722c28f4f02e4af2c7bf,good_train,system,0,x64,100098,100000,goodware_balanced/system/b0b4b8a5b669b72f72cea9f4d3dc73230d577f77870e722c28f4f02e4af2c7bf.asm,TpmTool.exe,plain,96,1
83e2efaf90f761b2c43223f44ec243464ec012cf6c1a44620fe6414dbce7f8b9,good_train,system,0,x64,11147,11145,goodware_balanced/system/83e2efaf90f761b2c43223f44ec243464ec012cf6c1a44620fe6414dbce7f8b9.asm,UCConfigTask.exe,plain,0,0
381079ba3baa84005be4467d992a9a85dd92a46dec4bdc54dba4c4d146657e6b,good_train,system,0,x64,12647,12645,goodware_balanced/system/381079ba3baa84005be4467d992a9a85dd92a46dec4bdc54dba4c4d146657e6b.asm,UIMgrBroker.exe,plain,0,0
31ca8e8e498fa50130ef735d9ceaa0b8be0e81d6b9fa8ca1e9ad2a919ea3f2d6,good_train,system,0,x64,19550,19548,goodware_balanced/system/31ca8e8e498fa50130ef735d9ceaa0b8be0e81d6b9fa8ca1e9ad2a919ea3f2d6.asm,UPPrinterInstaller.exe,plain,0,0
7bd2994961d958b763c90adaf1ec5068b691b238a35774cf728b67c7b94d69aa,good_train,system,0,x64,16645,16643,goodware_balanced/system/7bd2994961d958b763c90adaf1ec5068b691b238a35774cf728b67c7b94d69aa.asm,UpgradeResultsUI.exe,plain,0,0
d3c90744d4bb616c4946d9dc646e39e1fad581366aa46f440b867c010b106612,good_train,system,0,x64,17173,17171,goodware_balanced/system/d3c90744d4bb616c4946d9dc646e39e1fad581366aa46f440b867c010b106612.asm,UsoClient.exe,plain,0,0
bee6647708a4951c53e2f178742eb3cfdec77c36dacede59fa6f5ffba92b8df6,good_train,system,0,x64,54923,54921,goodware_balanced/system/bee6647708a4951c53e2f178742eb3cfdec77c36dacede59fa6f5ffba92b8df6.asm,Utilman.exe,plain,0,0
04b9b2738a20aaec49f861c2e8f3e0b8ce72f6292e6bf2903a7104d212e3d19e,good_train,system,0,x64,100010,100000,goodware_balanced/system/04b9b2738a20aaec49f861c2e8f3e0b8ce72f6292e6bf2903a7104d212e3d19e.asm,VSSVC.exe,plain,8,1
26a872c8e10cb4264b595561f2a45266dd11412186696875a6ce3d549af9edf0,good_train,system,0,x64,8997,8995,goodware_balanced/system/26a872c8e10cb4264b595561f2a45266dd11412186696875a6ce3d549af9edf0.asm,VaultCmd.exe,plain,0,0
80020818c84b993eb299b2451e0dfd05bd20366bb9309b6a8b3fe5ac08110584,good_train,system,0,x64,43420,43418,goodware_balanced/system/80020818c84b993eb299b2451e0dfd05bd20366bb9309b6a8b3fe5ac08110584.asm,VoiceAccess.exe,plain,0,0
2b8c52fb7b619c5ff03ae0b14328b786270d574eaa2c9142977eafd126ffeee4,good_train,system,0,x64,33294,33292,goodware_balanced/system/2b8c52fb7b619c5ff03ae0b14328b786270d574eaa2c9142977eafd126ffeee4.asm,WMIADAP.exe,plain,0,0
5a3520498a8727f5f1cda26c2711e3db06ed2e35339054a4c6e5cb8ce6de5e1b,good_train,system,0,x86,8164,8132,goodware_balanced/system/5a3520498a8727f5f1cda26c2711e3db06ed2e35339054a4c6e5cb8ce6de5e1b.asm,WPDShextAutoplay.exe,plain,31,0
f2a12a2fb900d06cfed2f9cc613440d92716acd2bfae6031e40a62aaeb8f2f1a,good_train,system,0,x64,71662,71653,goodware_balanced/system/f2a12a2fb900d06cfed2f9cc613440d92716acd2bfae6031e40a62aaeb8f2f1a.asm,WUDFHost.exe,plain,7,0
31686178c893c161ca0d540287f5d8928b95943a38129ae2f925308bd7842038,good_train,system,0,x86,100180,100000,goodware_balanced/system/31686178c893c161ca0d540287f5d8928b95943a38129ae2f925308bd7842038.asm,WWAHost.exe,plain,178,1
254e75be0a7636203d60a05849dda1e91735272e363f411bfba97c368a5d16ae,good_train,system,0,x64,100002,100000,goodware_balanced/system/254e75be0a7636203d60a05849dda1e91735272e363f411bfba97c368a5d16ae.asm,WerFault.exe,plain,0,1
d332ad3f1ce8478725bd0b9fa4a6e9e5d6b67f4f4aefc88b95707aff98d795e2,good_train,system,0,x86,27656,27617,goodware_balanced/system/d332ad3f1ce8478725bd0b9fa4a6e9e5d6b67f4f4aefc88b95707aff98d795e2.asm,WerFaultSecure.exe,plain,38,0
3aee3b3607ba632c75349e56719632764ede90899255cddf60f9a01d48068731,good_train,system,0,x64,100002,100000,goodware_balanced/system/3aee3b3607ba632c75349e56719632764ede90899255cddf60f9a01d48068731.asm,WinCsFlags.exe,plain,0,1
6f5e1f070ee29281bc0e749f6ccb71409e3a5d0491c7a2e1407f7ca6fccad95e,good_train,system,0,x86,17508,17489,goodware_balanced/system/6f5e1f070ee29281bc0e749f6ccb71409e3a5d0491c7a2e1407f7ca6fccad95e.asm,Windows.WARP.JITService.exe,plain,18,0
1bf16afcdfdc3ee24d934a699ac2ac3a44d5b11009b015efb2995f85302bdde2,good_train,system,0,x64,49206,49205,goodware_balanced/system/1bf16afcdfdc3ee24d934a699ac2ac3a44d5b11009b015efb2995f85302bdde2.asm,WlanHelper.exe,plain,0,0
b4bc616516d21b7f1ca57a857230a9a9baecfdb8388658c9ff942f1d5e61d4f0,good_train,system,0,x86,55232,55230,goodware_balanced/system/b4bc616516d21b7f1ca57a857230a9a9baecfdb8388658c9ff942f1d5e61d4f0.asm,WlanHelper_b4bc6165.exe,plain,1,0
2b0b90a0e8cfef294fa5ae6a8807eebe9c894614872eba21ea54858340292b6d,good_train,system,0,x64,57289,57287,goodware_balanced/system/2b0b90a0e8cfef294fa5ae6a8807eebe9c894614872eba21ea54858340292b6d.asm,WpcTok.exe,plain,0,0
be21cc87cd36ef8b88d738cd227270c0355ba93e2e4eff72e9fbf1d5c50de348,good_train,system,0,x64,6077,6075,goodware_balanced/system/be21cc87cd36ef8b88d738cd227270c0355ba93e2e4eff72e9fbf1d5c50de348.asm,agentactivationruntimestarter.exe,plain,0,0
536a20357a5c255a7b0983b6d375a7239b4eb7cdb911c6b0e4a87b148414fc1f,good_train,system,0,x86,3235,3214,goodware_balanced/system/536a20357a5c255a7b0983b6d375a7239b4eb7cdb911c6b0e4a87b148414fc1f.asm,agentactivationruntimestarter_536a2035.exe,plain,20,0
d35aa93412310450055f0c25365a888c693b4cc982e6871d02d6a756367898ee,good_train,system,0,x64,100002,100000,goodware_balanced/system/d35aa93412310450055f0c25365a888c693b4cc982e6871d02d6a756367898ee.asm,amd-smi.exe,plain,0,1
623fcf1573d8f60b9de7e568dacf95cad1d51baa703978f0815223818a6a3597,good_train,system,0,x64,97256,97247,goodware_balanced/system/623fcf1573d8f60b9de7e568dacf95cad1d51baa703978f0815223818a6a3597.asm,amdlogum.exe,plain,8,0
455f046040bd4669c12bb9e30513848ee20aebceeef18de7fe05b5868a90b9c9,good_train,system,0,x86,29441,29353,goodware_balanced/system/455f046040bd4669c12bb9e30513848ee20aebceeef18de7fe05b5868a90b9c9.asm,appverif.exe,plain,87,0
506c05c226609b388a5dfd2cbf1962d2d9e595769452eca84e4c14b36b4f32d7,good_train,system,0,x64,6479,6478,goodware_balanced/system/506c05c226609b388a5dfd2cbf1962d2d9e595769452eca84e4c14b36b4f32d7.asm,aspnet_state.exe,plain,0,0
16885037343ccdf6f1f2061fc769c27ec3333918a2d95c7d7b7d176818c056a0,good_train,system,0,x64,8765,8763,goodware_balanced/system/16885037343ccdf6f1f2061fc769c27ec3333918a2d95c7d7b7d176818c056a0.asm,at.exe,plain,0,0
cbcf0640613baa2dc8f787f09f038c9ae4dd3c341a1210752568ce46e1abd1ac,good_train,system,0,x86,5492,5480,goodware_balanced/system/cbcf0640613baa2dc8f787f09f038c9ae4dd3c341a1210752568ce46e1abd1ac.asm,at_cbcf0640.exe,plain,11,0
40e394fa89465ae77e4d8adad7e7dcb2882f2c088e05e4770d62e03a51661a59,good_train,system,0,x86,100003,100000,goodware_balanced/system/40e394fa89465ae77e4d8adad7e7dcb2882f2c088e05e4770d62e03a51661a59.asm,atieah32.exe,plain,1,1
9feab55d6479eca4ad03d92a8c6919dcb3d5087853644760cd27c9e0298ec9f7,good_train,system,0,x64,100002,100000,goodware_balanced/system/9feab55d6479eca4ad03d92a8c6919dcb3d5087853644760cd27c9e0298ec9f7.asm,atieah64.exe,plain,0,1
5edc742a3b724e03c47518c36ae0583e1be733759bf462e0c1228793ec868ca1,good_train,system,0,x64,100028,100000,goodware_balanced/system/5edc742a3b724e03c47518c36ae0583e1be733759bf462e0c1228793ec868ca1.asm,atieclxx.exe,plain,26,1
7bb4b8c6afd143dd3c3d03ac989963052233f9b83eee97755be34ea2ef8774d7,good_train,system,0,x64,100002,100000,goodware_balanced/system/7bb4b8c6afd143dd3c3d03ac989963052233f9b83eee97755be34ea2ef8774d7.asm,audiodg.exe,plain,0,1
f78a48acc9b61f4086b74f54dc8f4e8d0139745c4004af6c98603486d8d210d5,good_train,system,0,x64,9617,9615,goodware_balanced/system/f78a48acc9b61f4086b74f54dc8f4e8d0139745c4004af6c98603486d8d210d5.asm,auditpol.exe,plain,0,0
fe34cc47104f214e52d1ba2ce435c4e1d05bec8a039a6631ad3788be2516d00c,good_train,system,0,x86,16593,16571,goodware_balanced/system/fe34cc47104f214e52d1ba2ce435c4e1d05bec8a039a6631ad3788be2516d00c.asm,autofstx.exe,plain,21,0
b7d2c17e0038945aa4b72ae7a89e54d29b04ccc0feb62df5c9b7b67de43c2530,good_train,system,0,x64,5202,5200,goodware_balanced/system/b7d2c17e0038945aa4b72ae7a89e54d29b04ccc0feb62df5c9b7b67de43c2530.asm,backgroundTaskHost.exe,plain,0,0
a3d1c46995e9a8eb8036375fda90ad20b81784dad4229db61b0941e08de1215e,good_train,system,0,x86,1901,1888,goodware_balanced/system/a3d1c46995e9a8eb8036375fda90ad20b81784dad4229db61b0941e08de1215e.asm,backgroundTaskHost_a3d1c469.exe,plain,12,0
3709ffb9700c74737f852e5b5ccf9130142b8c733a11637099950fb7a97ee478,good_train,system,0,x64,50845,50843,goodware_balanced/system/3709ffb9700c74737f852e5b5ccf9130142b8c733a11637099950fb7a97ee478.asm,bcdboot.exe,plain,0,0
051351ccfa53c4db4d9741987a26665b4cdd7edbb388f36173c5b1f842232d56,good_train,system,0,x64,16515,16513,goodware_balanced/system/051351ccfa53c4db4d9741987a26665b4cdd7edbb388f36173c5b1f842232d56.asm,bfscfg.exe,plain,0,0
05b316c86e52514b8cf99f00ae428a15ca9e30524567b7605bfaf16332dfdeeb,good_train,system,0,x86,78577,78402,goodware_balanced/system/05b316c86e52514b8cf99f00ae428a15ca9e30524567b7605bfaf16332dfdeeb.asm,bitsadmin.exe,plain,174,0
2a0229a870c8ca1cdd871f01db1770738bfe138d6280b5a8261680765cc44986,good_train,system,0,x64,10598,10596,goodware_balanced/system/2a0229a870c8ca1cdd871f01db1770738bfe138d6280b5a8261680765cc44986.asm,browser_broker.exe,plain,0,0
d198bb10ac0ce2d0b5ebbb882c159ad63cfec66cf62a47dc7af691287243cf27,good_train,system,0,x86,2224,2211,goodware_balanced/system/d198bb10ac0ce2d0b5ebbb882c159ad63cfec66cf62a47dc7af691287243cf27.asm,bthudtask.exe,plain,12,0
98a9eae5a926b151980f0bfa8baf64e1813399c81c07396c696b69637f5e482c,good_train,system,0,x64,15003,15001,goodware_balanced/system/98a9eae5a926b151980f0bfa8baf64e1813399c81c07396c696b69637f5e482c.asm,changepk.exe,plain,0,0
34632199cba973245b1fb6bcd3b4d3ccee54fd3081f3c5577156740e065d1825,good_train,system,0,x64,42118,42116,goodware_balanced/system/34632199cba973245b1fb6bcd3b4d3ccee54fd3081f3c5577156740e065d1825.asm,charmap.exe,plain,0,0
dbf5f840137306b3727e78b1aa14b3a740573c00a805d73790bcdeecaf95b28a,good_train,system,0,x86,45015,44909,goodware_balanced/system/dbf5f840137306b3727e78b1aa14b3a740573c00a805d73790bcdeecaf95b28a.asm,charmap_dbf5f840.exe,plain,105,0
c571f4867a2aaee70b8548b9bb220360b6f347d6413d55212d120ebf5bb2b4fd,good_train,system,0,x64,6923,6921,goodware_balanced/system/c571f4867a2aaee70b8548b9bb220360b6f347d6413d55212d120ebf5bb2b4fd.asm,chkntfs.exe,plain,0,0
6b86f22d00f1526ae8d346a984ef899612ca00a226738c777c427f61c09a726a,good_train,system,0,x86,7828,7809,goodware_balanced/system/6b86f22d00f1526ae8d346a984ef899612ca00a226738c777c427f61c09a726a.asm,choice.exe,plain,18,0
9700a8d3f6d66c2702f6240ac170859bbe13e4966429a5edb0543509a86afd92,good_train,system,0,x64,23019,23017,goodware_balanced/system/9700a8d3f6d66c2702f6240ac170859bbe13e4966429a5edb0543509a86afd92.asm,cleanmgr.exe,plain,0,0
8cb81462fa35f050129b8a8d86fc016b20fbde0512ea1e4ff42384f2d2b1c481,good_train,system,0,x64,61760,61744,goodware_balanced/system/8cb81462fa35f050129b8a8d86fc016b20fbde0512ea1e4ff42384f2d2b1c481.asm,clinfo.exe,plain,15,0
90b7e193fc11a7f8d2dc6867a92b8b310503c376cf93bef4c51a53320cfc584d,good_train,system,0,x86,3565,3551,goodware_balanced/system/90b7e193fc11a7f8d2dc6867a92b8b310503c376cf93bef4c51a53320cfc584d.asm,cmdkey.exe,plain,13,0
ff71267f116db665e6cccc4d9b00c9ae4546fdf462ed2dc7ad4d134cc5dac21c,good_train,system,0,x86,10364,10354,goodware_balanced/system/ff71267f116db665e6cccc4d9b00c9ae4546fdf462ed2dc7ad4d134cc5dac21c.asm,cmmon32.exe,plain,9,0
9f8eb875afb4a84bea1982241a140aa6db717fca83d791f8d3e0c751f9e2788d,good_train,system,0,x86,26054,26043,goodware_balanced/system/9f8eb875afb4a84bea1982241a140aa6db717fca83d791f8d3e0c751f9e2788d.asm,cmstp.exe,plain,10,0
2814b34fd2df2113774034460cbe6ed20db59a0a0c0f47caaee6ef0fc948e00c,good_train,system,0,x64,12522,12520,goodware_balanced/system/2814b34fd2df2113774034460cbe6ed20db59a0a0c0f47caaee6ef0fc948e00c.asm,compact.exe,plain,0,0
b23fd0fcef80a6755feda2b3491f7bb13627f3e17006efcf97cb2e1c0cc080fd,good_train,system,0,x86,12015,12000,goodware_balanced/system/b23fd0fcef80a6755feda2b3491f7bb13627f3e17006efcf97cb2e1c0cc080fd.asm,compact_b23fd0fc.exe,plain,14,0
952ba4c3e8127b711b4d63d557b96669d64e36ec3067ed2a92bdfa999869a708,good_train,system,0,x64,6928,6926,goodware_balanced/system/952ba4c3e8127b711b4d63d557b96669d64e36ec3067ed2a92bdfa999869a708.asm,convert.exe,plain,0,0
1d09e2c68ee9ec134763fe17a2a963a0e7618c43d4432f2f8ce2e4b0e5525d9a,good_train,system,0,x86,3482,3470,goodware_balanced/system/1d09e2c68ee9ec134763fe17a2a963a0e7618c43d4432f2f8ce2e4b0e5525d9a.asm,convert_1d09e2c6.exe,plain,11,0
d05775a0d9935689ae47d71936d093c2ce3f316a33d9277953eab2a6bc75b676,good_train,system,0,x64,52234,52232,goodware_balanced/system/d05775a0d9935689ae47d71936d093c2ce3f316a33d9277953eab2a6bc75b676.asm,convertvhd.exe,plain,0,0
21283cf516dfac2b8fd4d3982ecdf5c096251a90c9e4c728e8f01dfb79f736a7,good_train,system,0,x86,34124,34087,goodware_balanced/system/21283cf516dfac2b8fd4d3982ecdf5c096251a90c9e4c728e8f01dfb79f736a7.asm,cscript.exe,plain,36,0
a958083fd4982697973d1f4a05a8f51b1f5d551a558cfa0097cfb6867fdce3ba,good_train,system,0,x64,643,642,goodware_balanced/system/a958083fd4982697973d1f4a05a8f51b1f5d551a558cfa0097cfb6867fdce3ba.asm,csrss.exe,plain,0,0
cb101a3d2158d521bf150ed0b83a4f0b33a0a858eaf2304bd336bc5dc6193b75,good_train,system,0,x64,14682,14680,goodware_balanced/system/cb101a3d2158d521bf150ed0b83a4f0b33a0a858eaf2304bd336bc5dc6193b75.asm,ctfmon.exe,plain,0,0
6beb65010b0f27f87f78b800b63d7d28bb11226b933b98e17669ff4028209b0c,good_train,system,0,x86,12251,12235,goodware_balanced/system/6beb65010b0f27f87f78b800b63d7d28bb11226b933b98e17669ff4028209b0c.asm,ctfmon_6beb6501.exe,plain,15,0
458ccf40ae2682c9cc0ef0f87d67ca0d8b8e09a1d1312fa5f5eaea9639118186,good_train,system,0,x86,34160,34138,goodware_balanced/system/458ccf40ae2682c9cc0ef0f87d67ca0d8b8e09a1d1312fa5f5eaea9639118186.asm,cttune.exe,plain,21,0
e3fda226f2d29d7bcde5eddd5fdfb8a6104c65e28222e16a27945edb59a2a5f7,good_train,system,0,x86,100006,100000,goodware_balanced/system/e3fda226f2d29d7bcde5eddd5fdfb8a6104c65e28222e16a27945edb59a2a5f7.asm,curl.exe,plain,4,1
73d24149ff289afc49ec41f08918ef9faa727d39ad993e929757dc2ddafab805,good_train,system,0,x64,100032,100000,goodware_balanced/system/73d24149ff289afc49ec41f08918ef9faa727d39ad993e929757dc2ddafab805.asm,curl_73d24149.exe,plain,30,1
c24ef21ed6d6da6ad461de881b27b6a858c16596eb1908351a63938a750468e0,good_train,system,0,x86,34452,34427,goodware_balanced/system/c24ef21ed6d6da6ad461de881b27b6a858c16596eb1908351a63938a750468e0.asm,dccw.exe,plain,24,0
d868f8a6c8f204e98adb95f5687a943e2ce8aed697c875116c7db223a198bab7,good_train,system,0,x64,5282,5280,goodware_balanced/system/d868f8a6c8f204e98adb95f5687a943e2ce8aed697c875116c7db223a198bab7.asm,dcomcnfg.exe,plain,0,0
6e62f34690a78a6ca9509c9adcbd674e778892e74d16643acd421a8fe877ccab,good_train,system,0,x64,8114,8112,goodware_balanced/system/6e62f34690a78a6ca9509c9adcbd674e778892e74d16643acd421a8fe877ccab.asm,ddodiag.exe,plain,0,0
d2c9d5aa29814261dd625634c7e901a094e83d5c55cc3dda594cab4e7347c573,good_train,system,0,x64,10482,10480,goodware_balanced/system/d2c9d5aa29814261dd625634c7e901a094e83d5c55cc3dda594cab4e7347c573.asm,deploymentcsphelper.exe,plain,0,0
97d677bd8db79c47d77052cd2ef6635da6d2fb0730b037951ee79349a4d91489,good_train,system,0,x86,31171,31148,goodware_balanced/system/97d677bd8db79c47d77052cd2ef6635da6d2fb0730b037951ee79349a4d91489.asm,dfrgui.exe,plain,22,0
fb229970fedc678c81e139ecbfbf162a3399d33a0ced96ffb3f2eae8f86f3d97,good_train,system,0,x64,27551,27549,goodware_balanced/system/fb229970fedc678c81e139ecbfbf162a3399d33a0ced96ffb3f2eae8f86f3d97.asm,dfrgui_fb229970.exe,plain,0,0
08d0c042df6aeb693f0ba84a027ed1bda9564b192d97ea8cb1f45af12928c88e,good_train,system,0,x64,100015,100000,goodware_balanced/system/08d0c042df6aeb693f0ba84a027ed1bda9564b192d97ea8cb1f45af12928c88e.asm,dgtrayicon.exe,plain,13,1
4a1a2de5480477d6cbc5c9311fc9a85e9066718f1c25674f4adebc277f5b1765,good_train,system,0,x64,10856,10854,goodware_balanced/system/4a1a2de5480477d6cbc5c9311fc9a85e9066718f1c25674f4adebc277f5b1765.asm,dialer.exe,plain,0,0
5290aa7d759a66c513bf200f8da82f31e8cca09462203918a6464bad3b82c96b,good_train,system,0,x64,34979,34977,goodware_balanced/system/5290aa7d759a66c513bf200f8da82f31e8cca09462203918a6464bad3b82c96b.asm,directxdatabaseupdater.exe,plain,0,0
96b99e7378209e46ca404fe3daa075c585b1810deab1711f11e1b1212b883227,good_train,system,0,x86,5204,5190,goodware_balanced/system/96b99e7378209e46ca404fe3daa075c585b1810deab1711f11e1b1212b883227.asm,diskperf.exe,plain,13,0
2f21494955b17b1767c787fdfe51ce616f7456c4467e8aee6c438143bcdd2907,good_train,system,0,x86,13408,13390,goodware_balanced/system/2f21494955b17b1767c787fdfe51ce616f7456c4467e8aee6c438143bcdd2907.asm,diskusage.exe,plain,17,0
867f51d49799c9ad6e58c2ccb4fd4237e618bf0ca8ddff3d47e9ac9215abfae1,good_train,system,0,x64,15200,15198,goodware_balanced/system/867f51d49799c9ad6e58c2ccb4fd4237e618bf0ca8ddff3d47e9ac9215abfae1.asm,dllhst3g.exe,plain,0,0
1ca3815352c0bf2e2941c4b11a16e770499089d1063b5238a3648dea648f8344,good_train,system,0,x64,32120,32118,goodware_balanced/system/1ca3815352c0bf2e2941c4b11a16e770499089d1063b5238a3648dea648f8344.asm,dmclient.exe,plain,0,0
7e593969455a03083089f4e917a899e785dd7c527068861a877073cc67b2a0e8,good_train,system,0,x64,6622,6620,goodware_balanced/system/7e593969455a03083089f4e917a899e785dd7c527068861a877073cc67b2a0e8.asm,doskey.exe,plain,0,0
06e4c2ba3bc61a241c39db68ffde44b2ab21c4ec7d9615dc6d0d17cf190d04f8,good_train,system,0,x86,3593,3581,goodware_balanced/system/06e4c2ba3bc61a241c39db68ffde44b2ab21c4ec7d9615dc6d0d17cf190d04f8.asm,dpapimig.exe,plain,11,0
6e0c149bc99ad5d6e552804eb1f9aec42b7da0a3c697aed37d28510ef79ca7e0,good_train,system,0,x64,89160,89154,goodware_balanced/system/6e0c149bc99ad5d6e552804eb1f9aec42b7da0a3c697aed37d28510ef79ca7e0.asm,drvinst.exe,plain,4,0
57bb425e6f256cd964c6afbb2dd720b5b7174536c226b1f92351adc4c58a1616,good_train,system,0,x64,100004,100000,goodware_balanced/system/57bb425e6f256cd964c6afbb2dd720b5b7174536c226b1f92351adc4c58a1616.asm,dsregcmd.exe,plain,1,1
7bfb1e4a59c91e4deb895d3cf564d00bffe3f39d1a3673e351922bc0a4fc591a,good_train,system,0,x64,25236,25234,goodware_balanced/system/7bfb1e4a59c91e4deb895d3cf564d00bffe3f39d1a3673e351922bc0a4fc591a.asm,dtdump.exe,plain,0,0
a966a0c5c014615c5bbd52648a0e0ce6774b6e70139a3522c9aa89d208ba4a1c,good_train,system,0,x64,13330,13328,goodware_balanced/system/a966a0c5c014615c5bbd52648a0e0ce6774b6e70139a3522c9aa89d208ba4a1c.asm,dusmtask.exe,plain,0,0
152fd67b64bd389629406fb8cd1caf0d20b4581eb4a7ace00b987337b06590cd,good_train,system,0,x86,2442,2432,goodware_balanced/system/152fd67b64bd389629406fb8cd1caf0d20b4581eb4a7ace00b987337b06590cd.asm,dvdplay.exe,plain,9,0
ca692f9c3d22fac77a84d1155ae4b757664cc50386310c59a6d827ee5b58cca1,good_train,system,0,x64,5764,5762,goodware_balanced/system/ca692f9c3d22fac77a84d1155ae4b757664cc50386310c59a6d827ee5b58cca1.asm,dvdplay_ca692f9c.exe,plain,0,0
6e6c6872155835ceb377ca03fb331dcb1472722a331d75dc753e06c3ccc229b3,good_train,system,0,x64,54717,54715,goodware_balanced/system/6e6c6872155835ceb377ca03fb331dcb1472722a331d75dc753e06c3ccc229b3.asm,dxdiag.exe,plain,0,0
5f54a0fa8cbf5423aef8be8502173a59183cf3adbc913212b1066ef8fff3d9c0,good_train,system,0,x64,40735,40734,goodware_balanced/system/5f54a0fa8cbf5423aef8be8502173a59183cf3adbc913212b1066ef8fff3d9c0.asm,edit.exe,plain,0,0
1eb074b2ab9574aece8d05c3ccfe69e6c7ae0b620e30319f2f292d2ce9c41be6,good_train,system,0,x86,2456,2446,goodware_balanced/system/1eb074b2ab9574aece8d05c3ccfe69e6c7ae0b620e30319f2f292d2ce9c41be6.asm,efsui.exe,plain,9,0
25f72423acea4176022987841d90ce1390b0a52f01e838afd9ef515a8864c9b0,good_train,system,0,x64,8476,8474,goodware_balanced/system/25f72423acea4176022987841d90ce1390b0a52f01e838afd9ef515a8864c9b0.asm,esimtool.exe,plain,0,0
e5cd2d9536b0729ce90368dce9d923dccfa6f75f2996e31bb349e6a75a2aa897,good_train,system,0,x64,12255,12253,goodware_balanced/system/e5cd2d9536b0729ce90368dce9d923dccfa6f75f2996e31bb349e6a75a2aa897.asm,expand.exe,plain,0,0
9873074e5c7abb872788f8c82818f9e8be7a304eb7608b9dc593f09769bb57c4,good_train,system,0,x86,100627,100000,goodware_balanced/system/9873074e5c7abb872788f8c82818f9e8be7a304eb7608b9dc593f09769bb57c4.asm,explorer.exe,plain,625,1
810032a4d73f915f94e8dfa726b47aabab498534478b638c0b03a876025fe11b,good_train,system,0,x86,8723,8714,goodware_balanced/system/810032a4d73f915f94e8dfa726b47aabab498534478b638c0b03a876025fe11b.asm,extrac32.exe,plain,8,0
f4d29fd93794e50a6740b9692da5dcad119d0f5a68a812357497c69ed6496ce3,good_train,system,0,x64,7840,7838,goodware_balanced/system/f4d29fd93794e50a6740b9692da5dcad119d0f5a68a812357497c69ed6496ce3.asm,fc.exe,plain,0,0
867816f8a714a87f5f573ebbe3a526931fbe787cc03b4ec7ac8a970c9d8c0264,good_train,system,0,x64,10452,10450,goodware_balanced/system/867816f8a714a87f5f573ebbe3a526931fbe787cc03b4ec7ac8a970c9d8c0264.asm,findstr.exe,plain,0,0
d81a80fe838790e3a1bc7daf3bde666c71d4a8aba8b4f8a371b2db2ff236a72e,good_train,system,0,x86,11330,11314,goodware_balanced/system/d81a80fe838790e3a1bc7daf3bde666c71d4a8aba8b4f8a371b2db2ff236a72e.asm,forfiles.exe,plain,15,0
3fca44b7ce971031c08296647821e04dc7aa62c0f5846a3a0dc7015d5a4bc501,good_train,system,0,x64,52602,52600,goodware_balanced/system/3fca44b7ce971031c08296647821e04dc7aa62c0f5846a3a0dc7015d5a4bc501.asm,fsutil.exe,plain,0,0
91e847eeada566267bae51a6bab8237a584ec13bbe2673702ec891d09256281a,good_train,system,0,x86,57757,57511,goodware_balanced/system/91e847eeada566267bae51a6bab8237a584ec13bbe2673702ec891d09256281a.asm,fsutil_91e847ee.exe,plain,245,0
f8ca342aaa8496e009907fa12feff11578123326945cc1ad665057df67981405,good_train,system,0,x64,16660,16658,goodware_balanced/system/f8ca342aaa8496e009907fa12feff11578123326945cc1ad665057df67981405.asm,ftp.exe,plain,0,0
be662e359ff0a0d51bfdedfe5b38e07779919cc09e130087117664668104641f,good_train,system,0,x86,4603,4591,goodware_balanced/system/be662e359ff0a0d51bfdedfe5b38e07779919cc09e130087117664668104641f.asm,gpupdate.exe,plain,11,0
12d3e106489c6a0e0dcda41643bb3d9c4e3399a7bd77dcb24b14a0b3f3c05e78,good_train,system,0,x86,3000,2990,goodware_balanced/system/12d3e106489c6a0e0dcda41643bb3d9c4e3399a7bd77dcb24b14a0b3f3c05e78.asm,grpconv.exe,plain,9,0
7207775c31b72d3e86ecd5e8e28fd92e4d61a98d11bb3e69a965f8c83f41b1d4,good_train,system,0,x86,1854,1841,goodware_balanced/system/7207775c31b72d3e86ecd5e8e28fd92e4d61a98d11bb3e69a965f8c83f41b1d4.asm,help.exe,plain,12,0
26fc9caad43402c9f6345e129375d7d9458dfaf79e08672bcb240b317df09caa,good_train,system,0,x86,2130,2120,goodware_balanced/system/26fc9caad43402c9f6345e129375d7d9458dfaf79e08672bcb240b317df09caa.asm,hh.exe,plain,9,0
479fcf7365f2758f345c329f5e53f141b10b7b229ae046bffa04c691839329a2,good_train,system,0,x64,56875,56873,goodware_balanced/system/479fcf7365f2758f345c329f5e53f141b10b7b229ae046bffa04c691839329a2.asm,ie4uinit.exe,plain,0,0
8f6a83dc6088f9bd5e300b7bb9996a5828b0d1201cb238ed84aa614038ffda3d,good_train,system,0,x64,15331,15329,goodware_balanced/system/8f6a83dc6088f9bd5e300b7bb9996a5828b0d1201cb238ed84aa614038ffda3d.asm,ieUnatt.exe,plain,0,0
a42cfe174a3febb904d7ca6639e4567d88aded3d2d01533da1387d348142a07e,good_train,system,0,x86,1603,1589,goodware_balanced/system/a42cfe174a3febb904d7ca6639e4567d88aded3d2d01533da1387d348142a07e.asm,instnm.exe,plain,13,0
9292e27ff45214f100ed169ef22eaea06000f396b8cb7d4da6dc49671b4badad,good_train,system,0,x86,9024,9013,goodware_balanced/system/9292e27ff45214f100ed169ef22eaea06000f396b8cb7d4da6dc49671b4badad.asm,ipconfig.exe,plain,10,0
6a5f5c4823b6dc1776be8b6af2079176914d0e4b984f2eac2b5317daa5dc825f,good_train,system,0,x64,12801,12799,goodware_balanced/system/6a5f5c4823b6dc1776be8b6af2079176914d0e4b984f2eac2b5317daa5dc825f.asm,iscsicli.exe,plain,0,0
c8dfa5126098077e097f40b8e488affff06722a0edb1cfcd20f832bb41bf1753,good_train,system,0,x64,10463,10461,goodware_balanced/system/c8dfa5126098077e097f40b8e488affff06722a0edb1cfcd20f832bb41bf1753.asm,klist.exe,plain,0,0
0df42e045bca512d9312e0ca7ac248b81e67824773476c6121e8f34e5ab5ee26,good_train,system,0,x64,6029,6027,goodware_balanced/system/0df42e045bca512d9312e0ca7ac248b81e67824773476c6121e8f34e5ab5ee26.asm,la57setup.exe,plain,0,0
925b0a3d9cc9787bba7e1fc2867d2c56d0239e8a76d12a7a16c7c162094850ed,good_train,system,0,x64,6214,6212,goodware_balanced/system/925b0a3d9cc9787bba7e1fc2867d2c56d0239e8a76d12a7a16c7c162094850ed.asm,label.exe,plain,0,0
4e5a87527feb441b55fa1f14239b1ece6ede888e26eaa9757340244dd9f9f05d,good_train,system,0,x64,9516,9514,goodware_balanced/system/4e5a87527feb441b55fa1f14239b1ece6ede888e26eaa9757340244dd9f9f05d.asm,lsass.exe,plain,0,0
3e12ecedfea2d323662b66a0d49675a65bcab66f3df9f88fa0bdec70b5057b95,good_train,system,0,x86,22667,22639,goodware_balanced/system/3e12ecedfea2d323662b66a0d49675a65bcab66f3df9f88fa0bdec70b5057b95.asm,makecab.exe,plain,27,0
4fd53453b8f5b099d9ef204b00e48be778033ca2a2b167e73f63c7c6fd605051,good_train,system,0,x64,39013,39011,goodware_balanced/system/4fd53453b8f5b099d9ef204b00e48be778033ca2a2b167e73f63c7c6fd605051.asm,manage-bde.exe,plain,0,0
7fc56bdee78ed9d82ce40ee6493cf5d62f010b761bf3e494c913dc93da9aca57,good_train,system,0,x86,8598,8582,goodware_balanced/system/7fc56bdee78ed9d82ce40ee6493cf5d62f010b761bf3e494c913dc93da9aca57.asm,mfpmp.exe,plain,15,0
56625113e14559be89c1a6d2eb51e309f73de3bf045ce7efe1e3d539a8fb3b01,good_train,system,0,x64,100008,100000,goodware_balanced/system/56625113e14559be89c1a6d2eb51e309f73de3bf045ce7efe1e3d539a8fb3b01.asm,mmc.exe,plain,6,1
504994a3a8943e9ad96a9034291ccd4007ce467df980f7f6e18fd4a2573f3056,good_train,system,0,x86,7578,7558,goodware_balanced/system/504994a3a8943e9ad96a9034291ccd4007ce467df980f7f6e18fd4a2573f3056.asm,mobsync.exe,plain,19,0
355818152faa71a56556b784c054b9b0b9c796b2544f94785109111b1ae090d9,good_train,system,0,x64,35969,35967,goodware_balanced/system/355818152faa71a56556b784c054b9b0b9c796b2544f94785109111b1ae090d9.asm,msconfig.exe,plain,0,0
1f1aabe87e5e93a8fff769bf3614dd559c51c80fc045e11868f3843d9a004d1e,good_train,system,0,x64,5175,5173,goodware_balanced/system/1f1aabe87e5e93a8fff769bf3614dd559c51c80fc045e11868f3843d9a004d1e.asm,mshta.exe,plain,0,0
9ad651a90a9e14e33f55df39971ddd8553ed87603548b1821bcaec081eb770ea,good_train,system,0,x86,14576,14549,goodware_balanced/system/9ad651a90a9e14e33f55df39971ddd8553ed87603548b1821bcaec081eb770ea.asm,msiexec.exe,plain,26,0
eec826a6cf2b060085cd19345beedb186c59d325e94cf861f07d1bb5af51925d,good_train,system,0,x86,78878,78615,goodware_balanced/system/eec826a6cf2b060085cd19345beedb186c59d325e94cf861f07d1bb5af51925d.asm,msinfo32.exe,plain,262,0
20921491296b32dcf1d393d9f8885af45d7b9bc33f516e16b91e53566fac0b4b,good_train,system,0,x64,60356,60354,goodware_balanced/system/20921491296b32dcf1d393d9f8885af45d7b9bc33f516e16b91e53566fac0b4b.asm,msinfo32_20921491.exe,plain,0,0
190b3a78bf58078b10092a62447f161dbe101f2e1d1c9dbc92e4486333bdbe5f,good_train,system,0,x64,81268,81266,goodware_balanced/system/190b3a78bf58078b10092a62447f161dbe101f2e1d1c9dbc92e4486333bdbe5f.asm,msra.exe,plain,0,0
062ba2df1901fdee5107c2bc7e9d24e89839a0d04207de1dd85d4b8aee52cf81,good_train,system,0,x64,100002,100000,goodware_balanced/system/062ba2df1901fdee5107c2bc7e9d24e89839a0d04207de1dd85d4b8aee52cf81.asm,mstsc.exe,plain,0,1
c2d5abb486cda892f0ff74d42edbb55120ea3c57ecda17f1de630e217ff231b0,good_train,system,0,x86,39051,38974,goodware_balanced/system/c2d5abb486cda892f0ff74d42edbb55120ea3c57ecda17f1de630e217ff231b0.asm,mtstocom.exe,plain,76,0
4b5abcd833a8550ba0e77b55b56d37f6c04ac8213e1344b179e380b1fb289fa6,good_train,system,0,x64,7339,7337,goodware_balanced/system/4b5abcd833a8550ba0e77b55b56d37f6c04ac8213e1344b179e380b1fb289fa6.asm,nbtstat.exe,plain,0,0
331d71c7c31d2845d4b08e2ad4fd34dfae749d6f67fb410f70b52831ea86bd98,good_train,system,0,x64,6890,6888,goodware_balanced/system/331d71c7c31d2845d4b08e2ad4fd34dfae749d6f67fb410f70b52831ea86bd98.asm,ndadmin.exe,plain,0,0
bb3e638c8b5b6ef80847e364aeef2796cad25d3539cf9b41d3820fa48943e777,good_train,system,0,x64,14098,14096,goodware_balanced/system/bb3e638c8b5b6ef80847e364aeef2796cad25d3539cf9b41d3820fa48943e777.asm,net.exe,plain,0,0
b4fe2ea236ed6d360614a1502dc024adc9400d8ad2d1507e2b874e95629e73eb,good_train,system,0,x64,16596,16594,goodware_balanced/system/b4fe2ea236ed6d360614a1502dc024adc9400d8ad2d1507e2b874e95629e73eb.asm,netsh.exe,plain,0,0
863e91ccc957d0614ec5c609cfbc0e3b7d19f3f17688619a84843a28d887fece,good_train,system,0,x64,7055,7053,goodware_balanced/system/863e91ccc957d0614ec5c609cfbc0e3b7d19f3f17688619a84843a28d887fece.asm,newdev.exe,plain,0,0
d63b8bffb8c60f5eb3554be9462839d37d002d107d05935cdca67cba8537208e,good_train,system,0,x64,22951,22939,goodware_balanced/system/d63b8bffb8c60f5eb3554be9462839d37d002d107d05935cdca67cba8537208e.asm,ngen.exe,plain,11,0
791f4441b2418c3bec6ead4fc43aae08fdf701ce045aa6e5ad56a1fcdc241017,good_train,system,0,x64,48058,46727,goodware_balanced/system/791f4441b2418c3bec6ead4fc43aae08fdf701ce045aa6e5ad56a1fcdc241017.asm,ngen_791f4441.exe,plain,1330,0
faa20cee82f812ec1aeefc121fda8ab1ef40c103aa6ad77aa30275abbb5126cb,good_train,system,0,x64,16830,16828,goodware_balanced/system/faa20cee82f812ec1aeefc121fda8ab1ef40c103aa6ad77aa30275abbb5126cb.asm,nslookup.exe,plain,0,0
13aa072103656881bab86c09ac0f8362265783bbfb428e85ff060e6018ec2488,good_train,system,0,x64,100003,100000,goodware_balanced/system/13aa072103656881bab86c09ac0f8362265783bbfb428e85ff060e6018ec2488.asm,ntoskrnl.exe,plain,1,1
f3ae421fff6807d72d763b4cc9c953fa24e523231b48042aa05b8ef850c3c90f,good_train,system,0,x64,71195,71182,goodware_balanced/system/f3ae421fff6807d72d763b4cc9c953fa24e523231b48042aa05b8ef850c3c90f.asm,nvdebugdump.exe,plain,12,0
ff0f89850bc30b8e6ed2e5b29b35dd80f10b1d77876537dd4a993fe0e1763e86,good_train,system,0,x64,100025,100000,goodware_balanced/system/ff0f89850bc30b8e6ed2e5b29b35dd80f10b1d77876537dd4a993fe0e1763e86.asm,nvidia-pcc.exe,plain,23,1
bbf15d44bbee88340d91159a5d8ffb71e49eacc858a77b214c789ad7ace30bfc,good_train,system,0,x64,100038,100000,goodware_balanced/system/bbf15d44bbee88340d91159a5d8ffb71e49eacc858a77b214c789ad7ace30bfc.asm,nvidia-smi.exe,plain,36,1
35a800867169a05f1a883ccb324f1eba36481ca3b39865d24ee30eec14048b06,good_train,system,0,x64,5474,5472,goodware_balanced/system/35a800867169a05f1a883ccb324f1eba36481ca3b39865d24ee30eec14048b06.asm,odbcad32.exe,plain,0,0
ac9b1f4261a07f890764920f3acc51782e3cb74797b35a72a8420b123e5b5153,good_train,system,0,x86,17391,17355,goodware_balanced/system/ac9b1f4261a07f890764920f3acc51782e3cb74797b35a72a8420b123e5b5153.asm,openfiles.exe,plain,35,0
c505e8e9d5eb338aacec06a89a9c4005d1cb29a9a42850d073cea653ad7aded6,good_train,system,0,x64,5984,5982,goodware_balanced/system/c505e8e9d5eb338aacec06a89a9c4005d1cb29a9a42850d073cea653ad7aded6.asm,pcwrun.exe,plain,0,0
e342811b0cfc1116af1c3ddd1cb3d164bc6c40a1b6cfe6b73a659b26a1f59edf,good_train,system,0,x86,14083,14035,goodware_balanced/system/e342811b0cfc1116af1c3ddd1cb3d164bc6c40a1b6cfe6b73a659b26a1f59edf.asm,perfmon.exe,plain,47,0
5a34165ce09e53208894caa24aca649ef38a7e2d48a8c24b1fcb3b06a9a4b45e,good_train,system,0,x64,35763,35761,goodware_balanced/system/5a34165ce09e53208894caa24aca649ef38a7e2d48a8c24b1fcb3b06a9a4b45e.asm,pnputil.exe,plain,0,0
08b0b969a5800b21b97637ed9685ed095ee25215fbb3b09147bf16d2835fd7d3,good_train,system,0,x64,100002,100000,goodware_balanced/system/08b0b969a5800b21b97637ed9685ed095ee25215fbb3b09147bf16d2835fd7d3.asm,poqexec.exe,plain,0,1
e7fb0f1a5699be9fe8426bb8ef99167ed3d7c414e98a2051ef52050038b68c28,good_train,system,0,x86,100062,100000,goodware_balanced/system/e7fb0f1a5699be9fe8426bb8ef99167ed3d7c414e98a2051ef52050038b68c28.asm,poqexec_e7fb0f1a.exe,plain,60,1
b6f6f9f0a39939e3718bf0336f147f0335edd29bc7492c5b177c4493d8c37ce0,good_train,system,0,x86,2535,2523,goodware_balanced/system/b6f6f9f0a39939e3718bf0336f147f0335edd29bc7492c5b177c4493d8c37ce0.asm,print.exe,plain,11,0
2206ce4bd1b694649a74610c32c30b7f72cfa5a2e4d5f492ce6d1e6cbdd151ee,good_train,system,0,x64,5931,5929,goodware_balanced/system/2206ce4bd1b694649a74610c32c30b7f72cfa5a2e4d5f492ce6d1e6cbdd151ee.asm,print_2206ce4b.exe,plain,0,0
0a5f73ef16805bfcad0c75b7edb3e850420d884ef12da80aaa21f5ce028b4e0b,good_train,system,0,x86,16874,16786,goodware_balanced/system/0a5f73ef16805bfcad0c75b7edb3e850420d884ef12da80aaa21f5ce028b4e0b.asm,provlaunch.exe,plain,87,0
26a67411c92a472a58223646536f1391f815b4130746ed6fe4767805fab4f620,good_train,system,0,x64,6287,6285,goodware_balanced/system/26a67411c92a472a58223646536f1391f815b4130746ed6fe4767805fab4f620.asm,rasautou.exe,plain,0,0
68165265cc86e3f5d93aa3b6112bed963b57bb353755104facc5c42bbb319816,good_train,system,0,x86,3302,3291,goodware_balanced/system/68165265cc86e3f5d93aa3b6112bed963b57bb353755104facc5c42bbb319816.asm,rasautou_68165265.exe,plain,10,0
a3ab4bbf2e96631892efddd7d011caafea7d053e2b4c1c8b48ae3642f1ef9c3a,good_train,system,0,x64,28572,28570,goodware_balanced/system/a3ab4bbf2e96631892efddd7d011caafea7d053e2b4c1c8b48ae3642f1ef9c3a.asm,raserver.exe,plain,0,0
892b09263e622b1f4f3133e76959fc50ffafe2ab8c9c1f972484f6bd4f697efe,good_train,system,0,x64,11859,11857,goodware_balanced/system/892b09263e622b1f4f3133e76959fc50ffafe2ab8c9c1f972484f6bd4f697efe.asm,rdrleakdiag.exe,plain,0,0
748f40c3f11e63f23b3a9ff995de7d08915e4df7258e075b63c2f340b75f7e2a,good_train,system,0,x86,1861,1851,goodware_balanced/system/748f40c3f11e63f23b3a9ff995de7d08915e4df7258e075b63c2f340b75f7e2a.asm,recover.exe,plain,9,0
ef37663b44ac66920c6f33694deea01acb78ae3f3012884819373fa04c3eb5f0,good_train,system,0,x64,21925,21923,goodware_balanced/system/ef37663b44ac66920c6f33694deea01acb78ae3f3012884819373fa04c3eb5f0.asm,reg.exe,plain,0,0
fc50f4e0e32902b79a8c334d5d4541111314db78b3eebb8527735dd3fd64fac7,good_train,system,0,x64,5222,5220,goodware_balanced/system/fc50f4e0e32902b79a8c334d5d4541111314db78b3eebb8527735dd3fd64fac7.asm,regedt32.exe,plain,0,0
7738177a27de32f7840223a2536ccfc1f3a28f6379a4d1412208fbe7539f49d6,good_train,system,0,x86,1608,1593,goodware_balanced/system/7738177a27de32f7840223a2536ccfc1f3a28f6379a4d1412208fbe7539f49d6.asm,regedt32_7738177a.exe,plain,14,0
3c6ad46c71bddd6513264458434bc1a7a8486e81b4d0dc452962e75cf9fa3b70,good_train,system,0,x86,14630,14614,goodware_balanced/system/3c6ad46c71bddd6513264458434bc1a7a8486e81b4d0dc452962e75cf9fa3b70.asm,regsvr32.exe,plain,15,0
c713ca1c92971e9a6a28f1be1376317c0988247d3365958dda8bcef77cc20474,good_train,system,0,x64,16432,16430,goodware_balanced/system/c713ca1c92971e9a6a28f1be1376317c0988247d3365958dda8bcef77cc20474.asm,regsvr32_c713ca1c.exe,plain,0,0
73afc81967dac2d589ea014c208a21efc36f7b165cb461c20fd0851ca72df156,good_train,system,0,x64,13760,13758,goodware_balanced/system/73afc81967dac2d589ea014c208a21efc36f7b165cb461c20fd0851ca72df156.asm,relog.exe,plain,0,0
a41c5dc3a3f545e988039522bb355f0f0633ee6c8b128dbdf67b47874340ecd0,good_train,system,0,x86,12258,12219,goodware_balanced/system/a41c5dc3a3f545e988039522bb355f0f0633ee6c8b128dbdf67b47874340ecd0.asm,relog_a41c5dc3.exe,plain,38,0
d92f7d3157bce05ed5ad58e7a8743367205043cb3eb41f184faf50ec163d3307,good_train,system,0,x64,5631,5629,goodware_balanced/system/d92f7d3157bce05ed5ad58e7a8743367205043cb3eb41f184faf50ec163d3307.asm,resmon.exe,plain,0,0
ac9f6f4232ce4c0e595514d21a22d3652c20447777244b071dcaf742f87312ad,good_train,system,0,x64,18495,18493,goodware_balanced/system/ac9f6f4232ce4c0e595514d21a22d3652c20447777244b071dcaf742f87312ad.asm,rgnupdt.exe,plain,0,0
c741a6691abdd99620fe822a6afd85e22ef559e52ea3fe373c74f716a43510fa,good_train,system,0,x64,50650,50648,goodware_balanced/system/c741a6691abdd99620fe822a6afd85e22ef559e52ea3fe373c74f716a43510fa.asm,rstrui.exe,plain,0,0
c4c8160c42407741baf0946a1fc0e8162e14c6cc543e754efd78cc52bb316af5,good_train,system,0,x64,18162,18160,goodware_balanced/system/c4c8160c42407741baf0946a1fc0e8162e14c6cc543e754efd78cc52bb316af5.asm,rundll32.exe,plain,0,0
cac42652295b1989d5bc615613e11ae89697c197b005bad9a49c957d6f3ffd18,good_train,system,0,x64,21980,21978,goodware_balanced/system/cac42652295b1989d5bc615613e11ae89697c197b005bad9a49c957d6f3ffd18.asm,runexehelper.exe,plain,0,0
ab8191923d2bb9f1349e3942e4e0ebd99454b09d099c69feab43b2c0d9471255,good_train,system,0,x64,24784,24782,goodware_balanced/system/ab8191923d2bb9f1349e3942e4e0ebd99454b09d099c69feab43b2c0d9471255.asm,runonce.exe,plain,0,0
29a7f20c590f93ea5e172dcd49635d5fb4d8b368bd11f6bf805f2cd782da501e,good_train,system,0,x64,13005,13003,goodware_balanced/system/29a7f20c590f93ea5e172dcd49635d5fb4d8b368bd11f6bf805f2cd782da501e.asm,sdiagnhost.exe,plain,0,0
a6e9c3f8a8bcff5eb613812869624d32bcf4f3fd3f8a9402b4d418191f5018f1,good_train,system,0,x86,13088,13064,goodware_balanced/system/a6e9c3f8a8bcff5eb613812869624d32bcf4f3fd3f8a9402b4d418191f5018f1.asm,sdiagnhost_a6e9c3f8.exe,plain,23,0
b8fbf0c0988d63c1b02f86e41678f23fd3b17e44b4e48529c419688143b6f602,good_train,system,0,x64,16112,16110,goodware_balanced/system/b8fbf0c0988d63c1b02f86e41678f23fd3b17e44b4e48529c419688143b6f602.asm,sessionmsg.exe,plain,0,0
f81343ae00b44e14a919173ba0cb73ffd25144845b34cfc8b362e27a567cc160,good_train,system,0,x86,6131,6119,goodware_balanced/system/f81343ae00b44e14a919173ba0cb73ffd25144845b34cfc8b362e27a567cc160.asm,setup16.exe,plain,11,0
e1803da483c99cf84b5d2ec90cbe3ba4b319a997f3e68c04fdf2374bfb9ed8a3,good_train,system,0,x64,787,786,goodware_balanced/system/e1803da483c99cf84b5d2ec90cbe3ba4b319a997f3e68c04fdf2374bfb9ed8a3.asm,setupcl.exe,plain,0,0
699a11037818f7cc557c8332a90bbec5651bc5d433968fb4dccc22171b1badb2,good_train,system,0,x64,12861,12859,goodware_balanced/system/699a11037818f7cc557c8332a90bbec5651bc5d433968fb4dccc22171b1badb2.asm,sigverif.exe,plain,0,0
56015aab3b55630e34dc327f4fdadc75e67100fd9d54fc15fd4bc213a0e9f7c4,good_train,system,0,x64,6268,6266,goodware_balanced/system/56015aab3b55630e34dc327f4fdadc75e67100fd9d54fc15fd4bc213a0e9f7c4.asm,snmptrap.exe,plain,0,0
8b1128e18107ce39e27a90669dc33e538485fb02f5d39877b184c5f2e60b2298,good_train,system,0,x86,5559,5545,goodware_balanced/system/8b1128e18107ce39e27a90669dc33e538485fb02f5d39877b184c5f2e60b2298.asm,sort.exe,plain,13,0
465aa75e97560768ac8ced2cab545d6d69e5047471efd1ab2baa3f594cd5c3d0,good_train,system,0,x64,103326,100000,goodware_balanced/system/465aa75e97560768ac8ced2cab545d6d69e5047471efd1ab2baa3f594cd5c3d0.asm,sppsvc.exe,packed_other,3324,1
38ba6f92e1e1e63db3895636de79a5a2a15258635fcaea8e5d123354e643b687,good_train,system,0,x64,34341,34339,goodware_balanced/system/38ba6f92e1e1e63db3895636de79a5a2a15258635fcaea8e5d123354e643b687.asm,stordiag.exe,plain,0,0
158598ed3d590937c964b43dd91546ffcabab5636b6ce619b4ffc43224013bb6,good_train,system,0,x64,6036,6034,goodware_balanced/system/158598ed3d590937c964b43dd91546ffcabab5636b6ce619b4ffc43224013bb6.asm,subst.exe,plain,0,0
91739478be752086cd1a0c3c88ca3d84397e4decad1338f1b72e200f0e44614d,good_train,system,0,x64,100002,100000,goodware_balanced/system/91739478be752086cd1a0c3c88ca3d84397e4decad1338f1b72e200f0e44614d.asm,sudo.exe,plain,0,1
389d6d810ad2804e2652bc36142697324692f54d47b7b9338649f763d821791d,good_train,system,0,x86,25057,24950,goodware_balanced/system/389d6d810ad2804e2652bc36142697324692f54d47b7b9338649f763d821791d.asm,systeminfo.exe,plain,106,0
a78eeb015d4f769f2d3fdac052aea9b3e138e752f06f89f52c0beb67078c6b52,good_train,system,0,x64,4955,4953,goodware_balanced/system/a78eeb015d4f769f2d3fdac052aea9b3e138e752f06f89f52c0beb67078c6b52.asm,systray.exe,plain,0,0
182479f3c4f75b00bd4ec4b2e044e7233706659290d9e0ece512431561c4ea33,good_train,system,0,x86,14249,14228,goodware_balanced/system/182479f3c4f75b00bd4ec4b2e044e7233706659290d9e0ece512431561c4ea33.asm,takeown.exe,plain,20,0
fa69a5d4c04e81356290f79bef8887dbfd0a599828571fba1cf1a6deafdc132a,good_train,system,0,x86,6984,6963,goodware_balanced/system/fa69a5d4c04e81356290f79bef8887dbfd0a599828571fba1cf1a6deafdc132a.asm,timeout.exe,plain,20,0
a83fe5ce5f57fafdf5dced6ef3ba8be143b474658d6224adb51c42bfcec77464,good_train,system,0,x64,78024,78022,goodware_balanced/system/a83fe5ce5f57fafdf5dced6ef3ba8be143b474658d6224adb51c42bfcec77464.asm,tracerpt.exe,plain,0,0
9faacc3226c981a444d055a76c0ad3865fbb75b3dd6b01b6b3c14d155f70f3da,good_train,system,0,x86,58635,58634,goodware_balanced/system/9faacc3226c981a444d055a76c0ad3865fbb75b3dd6b01b6b3c14d155f70f3da.asm,ttdinject.exe,plain,0,0
b89f03f570ac9c2768e3e32cb4d1fba793822b47bb77cdf1d5f7956d73353483,good_train,system,0,x86,12889,12846,goodware_balanced/system/b89f03f570ac9c2768e3e32cb4d1fba793822b47bb77cdf1d5f7956d73353483.asm,typeperf.exe,plain,42,0
5ce20a88bf6b48ea5f4b68cbf83ab87c62000221e42f01588e33ce74fa2a9916,good_train,system,0,x64,10966,10964,goodware_balanced/system/5ce20a88bf6b48ea5f4b68cbf83ab87c62000221e42f01588e33ce74fa2a9916.asm,tzutil.exe,plain,0,0
1341f06c94f78bbcdf95ee91d7ad34a2bc9e4b745c3f82b5b406d1e11122e8fb,good_train,system,0,x86,8116,8103,goodware_balanced/system/1341f06c94f78bbcdf95ee91d7ad34a2bc9e4b745c3f82b5b406d1e11122e8fb.asm,tzutil_1341f06c.exe,plain,12,0
00be02c348a0eaafee529cba278bf6ff32c9be09077fd29f85bad56ea2b20913,good_train,system,0,x64,18488,18486,goodware_balanced/system/00be02c348a0eaafee529cba278bf6ff32c9be09077fd29f85bad56ea2b20913.asm,upnpcont.exe,plain,0,0
730cb5f9d0705310ee73adc1e897775d1312e7f14f5fb51152df2ab862ba4a7a,good_train,system,0,x64,100179,100000,goodware_balanced/system/730cb5f9d0705310ee73adc1e897775d1312e7f14f5fb51152df2ab862ba4a7a.asm,vbc.exe,plain,177,1
9213aff361539b90bd279d7be167578d2143845634c07e88d6c2cf20ee1bdb7f,good_train,system,0,x64,100004,100000,goodware_balanced/system/9213aff361539b90bd279d7be167578d2143845634c07e88d6c2cf20ee1bdb7f.asm,vds.exe,plain,2,1
ca35cb78f589520db0eaa2af0453dc472e6aa75709a6cb3053dc38f125024e50,good_train,system,0,x64,26666,26664,goodware_balanced/system/ca35cb78f589520db0eaa2af0453dc472e6aa75709a6cb3053dc38f125024e50.asm,vssadmin.exe,plain,0,0
51bfc63ba33144f9052b7b7e4250ef28abb95c8e927b04aacf126ca61efa424b,good_train,system,0,x64,100002,100000,goodware_balanced/system/51bfc63ba33144f9052b7b7e4250ef28abb95c8e927b04aacf126ca61efa424b.asm,vulkaninfo-1-999-0-0-0.exe,plain,0,1
ca5a1419d1b2bdddadeed236ceea8b7851786b20630471c817fadd4556732466,good_train,system,0,x86,100002,100000,goodware_balanced/system/ca5a1419d1b2bdddadeed236ceea8b7851786b20630471c817fadd4556732466.asm,vulkaninfo.exe,plain,0,1
9c04b846d0832f2dcde3ae677c414df14d23c13b92dab5f7e0d805a4db7fb44d,good_train,system,0,x86,48199,48116,goodware_balanced/system/9c04b846d0832f2dcde3ae677c414df14d23c13b92dab5f7e0d805a4db7fb44d.asm,wermgr.exe,plain,82,0
05e99983fecba92d46cf880f6ba1895e54ad09200bed26a94038f1d9d2088b0c,good_train,system,0,x64,14077,14075,goodware_balanced/system/05e99983fecba92d46cf880f6ba1895e54ad09200bed26a94038f1d9d2088b0c.asm,wextract.exe,plain,0,0
fc8cc3eb5f4b6985405e75cdc411901f14aa04f88493a5ed1493662d09542898,good_train,system,0,x86,16348,16285,goodware_balanced/system/fc8cc3eb5f4b6985405e75cdc411901f14aa04f88493a5ed1493662d09542898.asm,wiaacmgr.exe,plain,62,0
2d886cb4915d75644c17f8efa6acab06dc561e62424f69b130b987e1899170c1,good_train,system,0,x64,17047,17045,goodware_balanced/system/2d886cb4915d75644c17f8efa6acab06dc561e62424f69b130b987e1899170c1.asm,wiaacmgr_2d886cb4.exe,plain,0,0
a497eec9d1436af978d86fd15024937b21acd62e31e3ba4751c704ab13246aff,good_train,system,0,x64,100003,100000,goodware_balanced/system/a497eec9d1436af978d86fd15024937b21acd62e31e3ba4751c704ab13246aff.asm,wininit.exe,plain,1,1
e7467d761bf7648eda3eb8bb7fd8fe917cdb93cd5f8fa12110bdb560d6612ba4,good_train,system,0,x64,30610,30608,goodware_balanced/system/e7467d761bf7648eda3eb8bb7fd8fe917cdb93cd5f8fa12110bdb560d6612ba4.asm,wlanext.exe,plain,0,0
1158282ec3c67273591450ef3967dbd3cb3b1fea6ae1acd68f9bc0f440b65453,good_train,system,0,x64,6645,6643,goodware_balanced/system/1158282ec3c67273591450ef3967dbd3cb3b1fea6ae1acd68f9bc0f440b65453.asm,wowreg32.exe,plain,0,0
e7cb522bca1ec46acb3bbab8090b6526b385936cf995161ea563ee578fe27908,good_train,system,0,x86,4156,4134,goodware_balanced/system/e7cb522bca1ec46acb3bbab8090b6526b385936cf995161ea563ee578fe27908.asm,wowreg32_e7cb522b.exe,plain,21,0
64f6d9f83a8b9f8c720870109a6374f650e3786f0ea3f6e3a6c02463257bbfc2,good_train,system,0,x64,73997,73995,goodware_balanced/system/64f6d9f83a8b9f8c720870109a6374f650e3786f0ea3f6e3a6c02463257bbfc2.asm,wpr.exe,plain,0,0
4729fa4ff19abeea5a5fab5d08b05afddaaa416b55b89a424c0631dd5a3eea31,good_train,system,0,x64,4877,4875,goodware_balanced/system/4729fa4ff19abeea5a5fab5d08b05afddaaa416b55b89a424c0631dd5a3eea31.asm,wscadminui.exe,plain,0,0
2ef6650c8d7f0ed252f6f414d8d8faa164739ebdbc6a2ba0ebac895a405d68b2,good_train,system,0,x64,32712,32710,goodware_balanced/system/2ef6650c8d7f0ed252f6f414d8d8faa164739ebdbc6a2ba0ebac895a405d68b2.asm,wscript.exe,plain,0,0
2447bbda9b3be251d1f758ab8dff66cde6d7a268d21d7fa36b6606b986ea9bd8,good_train,system,0,x86,34315,34277,goodware_balanced/system/2447bbda9b3be251d1f758ab8dff66cde6d7a268d21d7fa36b6606b986ea9bd8.asm,wscript_2447bbda.exe,plain,37,0
86478a33c7777b09f2d5230d4f00b8f7879c708152333abb5d280824fcfeba22,good_train,system,0,x64,8957,8955,goodware_balanced/system/86478a33c7777b09f2d5230d4f00b8f7879c708152333abb5d280824fcfeba22.asm,wsmprovhost.exe,plain,0,0
92356b911c6a86e968cde30170cf5cdefbd95a22bbdbf983277b32371babda20,good_train,system,0,x64,27740,27738,goodware_balanced/system/92356b911c6a86e968cde30170cf5cdefbd95a22bbdbf983277b32371babda20.asm,wusa.exe,plain,0,0
03ca1617c7cce076176495f1d2ab524e0d1177768dc432da777c7b985f1b4563,good_train,system,0,x86,34450,34423,goodware_balanced/system/03ca1617c7cce076176495f1d2ab524e0d1177768dc432da777c7b985f1b4563.asm,wusa_03ca1617.exe,plain,26,0
96e01cdc713a4306abb3b58aef982d67a209dddadc8cff5c4c77a5595f712828,good_train,system,0,x64,12337,12335,goodware_balanced/system/96e01cdc713a4306abb3b58aef982d67a209dddadc8cff5c4c77a5595f712828.asm,xcopy.exe,plain,0,0
6b150e729dc047e703bdf7801801fa772c3fa5b6ee2e4db6907d16d8389d371e,good_train,system,0,x64,9575,9574,goodware_balanced/system/6b150e729dc047e703bdf7801801fa772c3fa5b6ee2e4db6907d16d8389d371e.asm,xgamecontrol.exe,plain,0,0
4cc4f132d5140e563ecf8aac209ff2c8a7d769982d607231a86082974535637d,good_train,system,0,x86,11108,11058,goodware_balanced/system/4cc4f132d5140e563ecf8aac209ff2c8a7d769982d607231a86082974535637d.asm,xwizard.exe,plain,49,0
