sha256,set,family,label,arch,n_lines_in,n_insns_out,asm_path,filename,tag,n_skip_dropped,capped
ae5f01d8915fe8ec47d12cd69e87820a212f7cd046a85545acf7db24e7e4f5a9,good_train,root,0,x86,9251,9250,good_train/root/ae5f01d8915fe8ec47d12cd69e87820a212f7cd046a85545acf7db24e7e4f5a9.asm,2XClient_12.0_build_2193.paf.exe,plain,0,0
d6820254f4911743b71ff428691d8ab7c1f164e49c1f11f7c725caa620c7d903,good_train,root,0,x86,8565,8563,good_train/root/d6820254f4911743b71ff428691d8ab7c1f164e49c1f11f7c725caa620c7d903.asm,7-ZipPortable_21.07.paf.exe,plain,1,0
6f928475e24f329dfd465d7b2411573b9824c317c704708e077f4732e58d0153,good_train,root,0,x86,4341,4330,good_train/root/6f928475e24f329dfd465d7b2411573b9824c317c704708e077f4732e58d0153.asm,ARP.EXE,plain,10,0
fc1ff185db2c960afd5803d5e9b7156fd37261cdebcbce45af9c9768f4e05a58,good_train,root,0,x64,100002,100000,good_train/root/fc1ff185db2c960afd5803d5e9b7156fd37261cdebcbce45af9c9768f4e05a58.asm,AccountsControlHost.exe,plain,0,1
067b2cc5d42fa87aea45c8fe0cf9808d431d5258f081ddd829b3f7980d23e23a,good_train,root,0,x64,18618,18617,good_train/root/067b2cc5d42fa87aea45c8fe0cf9808d431d5258f081ddd829b3f7980d23e23a.asm,ActionUriServer.exe,plain,0,0
36afa68f37cf3392e913b77bd7ed853dd21a98b23d589361c47402a9d5bfbc25,good_train,root,0,x64,100002,100000,good_train/root/36afa68f37cf3392e913b77bd7ed853dd21a98b23d589361c47402a9d5bfbc25.asm,AddSuggestedFoldersToLibraryDialog.exe,plain,0,1
d2b72b003c278fbecf32daedeb9b3cf88746e9ed33b8739f4fd96efab494f244,good_train,root,0,x64,18944,18943,good_train/root/d2b72b003c278fbecf32daedeb9b3cf88746e9ed33b8739f4fd96efab494f244.asm,AdvancedRun.exe,plain,0,0
b3d7aab8ad319dcf7050fe8ce67d69c8c59adc0d90c19a144c2d5c1f66c1babf,good_train,root,0,x64,100002,100000,good_train/root/b3d7aab8ad319dcf7050fe8ce67d69c8c59adc0d90c19a144c2d5c1f66c1babf.asm,AgentService.exe,plain,0,1
f26cfb5e1205a9bb0212afe4072a3a46361040f4d2478993d220117329576a28,good_train,root,0,x86,8138,8136,good_train/root/f26cfb5e1205a9bb0212afe4072a3a46361040f4d2478993d220117329576a28.asm,AkelPadPortable_4.9.8.paf.exe,plain,1,0
80e5b10cc8083f9da2a77430d6289906213929f99173dfa9d407405dedceeae1,good_train,root,0,x64,15154,15153,good_train/root/80e5b10cc8083f9da2a77430d6289906213929f99173dfa9d407405dedceeae1.asm,AllThreadsView.exe,plain,0,0
54939b60003d8394cbfc761da90fd73042e80815e28dbcfe6608ff076a70e319,good_train,root,0,x86,1273,1272,good_train/root/54939b60003d8394cbfc761da90fd73042e80815e28dbcfe6608ff076a70e319.asm,AltStreamDump.exe,plain,0,0
b2f5db4cbcd7dbdece131c69ca7f1a20daf715d6b2ed40723b456708bdc9bcd8,good_train,root,0,x64,16173,16172,good_train/root/b2f5db4cbcd7dbdece131c69ca7f1a20daf715d6b2ed40723b456708bdc9bcd8.asm,AlternateStreamView.exe,plain,0,0
648b4ffd8dbf9b5ee9a7273d4c17e958061ca9fbe46cadfb9db7ad580d9157e3,good_train,root,0,x86,9251,9250,good_train/root/648b4ffd8dbf9b5ee9a7273d4c17e958061ca9fbe46cadfb9db7ad580d9157e3.asm,AntRenamerPortable_2.12.0.paf.exe,plain,0,0
64547b7a4a9de8af79ff0eefadde2aed10c17f9d8f9a2465c0110c848d85317a,good_train,root,0,x86,3680,3679,good_train/root/64547b7a4a9de8af79ff0eefadde2aed10c17f9d8f9a2465c0110c848d85317a.asm,AnyDesk.exe,plain,0,0
8691580b678eb391ccebf667640b825ce6b53bcbd15af92062712a47ec223492,good_train,root,0,x64,18318,18317,good_train/root/8691580b678eb391ccebf667640b825ce6b53bcbd15af92062712a47ec223492.asm,AppAudioConfig.exe,plain,0,0
76ef4a2185d473cd99079c756bf17d8c78826d234359d80ccbfe4e9f10c95e99,good_train,root,0,x64,17767,17766,good_train/root/76ef4a2185d473cd99079c756bf17d8c78826d234359d80ccbfe4e9f10c95e99.asm,AppCompatibilityView.exe,plain,0,0
6ea6cc9abfd2adf586c80e11d56c83b7f2906e564162b04ba68871f6dbceaf0d,good_train,root,0,x86,15500,15499,good_train/root/6ea6cc9abfd2adf586c80e11d56c83b7f2906e564162b04ba68871f6dbceaf0d.asm,AppCrashView.exe,plain,0,0
619e84381f1387b59b623ecf8e8ce46f661c2e6f41a5ca908ac670f180ea7dff,good_train,root,0,x64,22097,22096,good_train/root/619e84381f1387b59b623ecf8e8ce46f661c2e6f41a5ca908ac670f180ea7dff.asm,AppHostRegistrationVerifier.exe,plain,0,0
fcecf396f9ef1b3ddadde1aeeda5d49cf2d28c85ebdb3f6678d7a064b4069278,good_train,root,0,x86,29970,29726,good_train/root/fcecf396f9ef1b3ddadde1aeeda5d49cf2d28c85ebdb3f6678d7a064b4069278.asm,AppLaunch.exe,plain,243,0
e8b204ee371cd08f73aa00fc57378d6f0ad93d87d53db44f0c0ea594108f12c5,good_train,root,0,x64,18694,18693,good_train/root/e8b204ee371cd08f73aa00fc57378d6f0ad93d87d53db44f0c0ea594108f12c5.asm,AppNetworkCounter.exe,plain,0,0
42d17f2a5f8e59f9ee20813760bf809925a7fdc0781cb71b36d164148bcfdd83,good_train,root,0,x64,18885,18884,good_train/root/42d17f2a5f8e59f9ee20813760bf809925a7fdc0781cb71b36d164148bcfdd83.asm,AppReadWriteCounter.exe,plain,0,0
f7f3db52e9c7c4b9c66a1c134ac81db3c7a98d4f0f85207fb1660c187bd1d53b,good_train,root,0,x64,100002,100000,good_train/root/f7f3db52e9c7c4b9c66a1c134ac81db3c7a98d4f0f85207fb1660c187bd1d53b.asm,AppResolverUX.exe,plain,0,1
722edc97aeb8c19c6b07b5928dd13a1da42d95704b865cbbecf535336936e689,good_train,root,0,x64,100002,100000,good_train/root/722edc97aeb8c19c6b07b5928dd13a1da42d95704b865cbbecf535336936e689.asm,AppVClient.exe,plain,0,1
ddefaedb6e9da7e17be3ee8e0a8563a6ab5751e85aca55b90666f449b93d92ec,good_train,root,0,x64,13805,13804,good_train/root/ddefaedb6e9da7e17be3ee8e0a8563a6ab5751e85aca55b90666f449b93d92ec.asm,AppVDllSurrogate.exe,plain,0,0
e04a7680d80e671a20641680c062af29b8021fe3a8bfce93810dc978f1635ee1,good_train,root,0,x64,11980,11979,good_train/root/e04a7680d80e671a20641680c062af29b8021fe3a8bfce93810dc978f1635ee1.asm,AppVNice.exe,plain,0,0
071da06da3d61e49c4a0edca37097b39b7c96a1aa820453f8cc6c8aa55cfd98e,good_train,root,0,x64,22700,22699,good_train/root/071da06da3d61e49c4a0edca37097b39b7c96a1aa820453f8cc6c8aa55cfd98e.asm,AppVShNotify.exe,plain,0,0
010a39f2c33b3df513c599e951b61afc8299c85b60c86e957e9da17c1cd5655a,good_train,root,0,x64,11513,11512,good_train/root/010a39f2c33b3df513c599e951b61afc8299c85b60c86e957e9da17c1cd5655a.asm,ApplicationFrameHost.exe,plain,0,0
1e51215842f854ff2ddfa699850f03921efed246014c10b0e2bcbe465cf5fd83,good_train,root,0,x64,100002,100000,good_train/root/1e51215842f854ff2ddfa699850f03921efed246014c10b0e2bcbe465cf5fd83.asm,ApplySettingsTemplateCatalog.exe,plain,0,1
f07c30677874f7ca02e3fc5a791348c133b299ab88f681e4d4118e5286bc2d94,good_train,root,0,x64,102578,100000,good_train/root/f07c30677874f7ca02e3fc5a791348c133b299ab88f681e4d4118e5286bc2d94.asm,ApplyTrustOffline.exe,plain,2576,1
6ad4c8709495483139f91f2fdc27294650d56eb94a01c8ac45ff15aa51a89c6f,good_train,root,0,x64,27136,27135,good_train/root/6ad4c8709495483139f91f2fdc27294650d56eb94a01c8ac45ff15aa51a89c6f.asm,ApproveChildRequest.exe,plain,0,0
a609e0c72d93caebb606b6663fce9061a9087e242585194717c8900aa1a9e270,good_train,root,0,x86,8488,8486,good_train/root/a609e0c72d93caebb606b6663fce9061a9087e242585194717c8900aa1a9e270.asm,AquaSnapPortable_1.23.11.paf.exe,plain,1,0
9c91ac38988f6bccf323041922204af60047b5ee3e62d9d9e1b55c7634cca9e2,good_train,root,0,x64,89192,89191,good_train/root/9c91ac38988f6bccf323041922204af60047b5ee3e62d9d9e1b55c7634cca9e2.asm,AssignedAccessLockApp.exe,plain,0,0
22b2a930d97c30bf53b7bc9838f8c4c938d7d0f806eae3601f9a01aeac803443,good_train,root,0,x86,17001,16937,good_train/root/22b2a930d97c30bf53b7bc9838f8c4c938d7d0f806eae3601f9a01aeac803443.asm,AtBroker.exe,plain,63,0
ac9284e17feb93f313fa31b5b62cf6e6743f0df3797c3d513e6fd3e55382115f,good_train,root,0,x64,4364,4363,good_train/root/ac9284e17feb93f313fa31b5b62cf6e6743f0df3797c3d513e6fd3e55382115f.asm,AuditShD.exe,plain,0,0
ea48b4f5787d0941991b17a9a2075cd89f8217cd00260c5283e2a2bf97efac64,good_train,root,0,x64,23139,23138,good_train/root/ea48b4f5787d0941991b17a9a2075cd89f8217cd00260c5283e2a2bf97efac64.asm,AuthHost.exe,plain,0,0
521ade81216d39918c8015e6230624a0ddef0b92a7695b6be659ce8b4c750b1c,good_train,root,0,x86,8565,8563,good_train/root/521ade81216d39918c8015e6230624a0ddef0b92a7695b6be659ce8b4c750b1c.asm,AutorunsPortable_14.09_English_online.paf.exe,plain,1,0
d4e66ed99de8b27c7ec96e66ed10086811b0f75ee0d308a5ac7e1e08c5bd0788,good_train,root,0,x64,1137,1136,good_train/root/d4e66ed99de8b27c7ec96e66ed10086811b0f75ee0d308a5ac7e1e08c5bd0788.asm,AxInstUI.exe,plain,0,0
dc4c6e1a6185cba6b1d894f172123aaf52ed260618388e27fbe9467918aea84c,good_train,root,0,x86,8138,8136,good_train/root/dc4c6e1a6185cba6b1d894f172123aaf52ed260618388e27fbe9467918aea84c.asm,BabelMapPortable_8.0.0.5_English.paf.exe,plain,1,0
f393d6fbcbbe46cc63c7996d0f35763ba46e512cc18adc3ead71855c59bab946,good_train,root,0,x86,3467,3449,good_train/root/f393d6fbcbbe46cc63c7996d0f35763ba46e512cc18adc3ead71855c59bab946.asm,BackgroundTransferHost.exe,plain,17,0
e885649f0fb611fa01f72ef9bd7a103c52eb5a1a7cca0659477dab05264aac1c,good_train,root,0,x86,36374,36366,good_train/root/e885649f0fb611fa01f72ef9bd7a103c52eb5a1a7cca0659477dab05264aac1c.asm,Baidu_WiFi_Hotspot.exe,plain,7,0
8dffb52b6826067ed8b56f549cbe53f4f5908e21582a54a9172ecfbad90afe37,good_train,root,0,x86,15374,15373,good_train/root/8dffb52b6826067ed8b56f549cbe53f4f5908e21582a54a9172ecfbad90afe37.asm,BatteryInfoView.exe,plain,0,0
24d5ae729dba94c00615c3c13a5fc0707912f991353f9db826ab03ee066766a6,good_train,root,0,x64,4083,4082,good_train/root/24d5ae729dba94c00615c3c13a5fc0707912f991353f9db826ab03ee066766a6.asm,BdeHdCfg.exe,plain,0,0
88e94095e5a0d268347dc8deeeec4b0823a53f6fecdb849c30a9d1efdf7c551d,good_train,root,0,x64,9103,9102,good_train/root/88e94095e5a0d268347dc8deeeec4b0823a53f6fecdb849c30a9d1efdf7c551d.asm,BdeUISrv.exe,plain,0,0
ab64955fad1305a21acd2556dd71af10ab413e2eacb97deed213a75ef935248e,good_train,root,0,x64,100006,100000,good_train/root/ab64955fad1305a21acd2556dd71af10ab413e2eacb97deed213a75ef935248e.asm,BioEnrollmentHost.exe,plain,4,1
a55faefb1924ff313802cd586594d55a7ebd6282ba236953d77d5797953629cd,good_train,root,0,x64,100002,100000,good_train/root/a55faefb1924ff313802cd586594d55a7ebd6282ba236953d77d5797953629cd.asm,BioIso.exe,plain,0,1
93215f71173d4632a6fc976b5322de284264c6f6be7195195f05c2fe61fe1fb4,good_train,root,0,x64,26965,26964,good_train/root/93215f71173d4632a6fc976b5322de284264c6f6be7195195f05c2fe61fe1fb4.asm,BitLockerDeviceEncryption.exe,plain,0,0
ae0411c0be7e5b40bd5f134d385eaaaa132efe37ce23cc413cdd270789f46e24,good_train,root,0,x86,44072,44014,good_train/root/ae0411c0be7e5b40bd5f134d385eaaaa132efe37ce23cc413cdd270789f46e24.asm,BitLockerToGo.exe,plain,57,0
d7da17404acb12c657aedc1ab1cc31a6ba168e055c9f179e26054c59c3df0a3f,good_train,root,0,x64,1210,1209,good_train/root/d7da17404acb12c657aedc1ab1cc31a6ba168e055c9f179e26054c59c3df0a3f.asm,BitLockerWizard.exe,plain,0,0
103078b84013b55f8cfdb5a89973f1930cf50aef7d0c22dabaa9ac6bed967d5e,good_train,root,0,x64,1210,1209,good_train/root/103078b84013b55f8cfdb5a89973f1930cf50aef7d0c22dabaa9ac6bed967d5e.asm,BitLockerWizardElev.exe,plain,0,0
09f3023554be864f31d80f2e7e7c7e824d79a69ddf84f1f02a433e85e866282c,good_train,root,0,x64,19634,19633,good_train/root/09f3023554be864f31d80f2e7e7c7e824d79a69ddf84f1f02a433e85e866282c.asm,BlueScreenView.exe,plain,0,0
7b913b7d5d0dbd99a038b71d00454fc18789bd0096996da72344e8edbbcf62f5,good_train,root,0,x86,1347,1346,good_train/root/7b913b7d5d0dbd99a038b71d00454fc18789bd0096996da72344e8edbbcf62f5.asm,BluetoothCL.exe,plain,0,0
5d6e6f7b1f1c71676656b26334d799b5e59f3f139e574caf80e113bbec58e9b4,good_train,root,0,x86,13847,13846,good_train/root/5d6e6f7b1f1c71676656b26334d799b5e59f3f139e574caf80e113bbec58e9b4.asm,BluetoothLogView.exe,plain,0,0
454c1b87d93688b96c8ed26ad80533844484448d3ff5d869c52972db8c63d7b6,good_train,root,0,x86,15398,15397,good_train/root/454c1b87d93688b96c8ed26ad80533844484448d3ff5d869c52972db8c63d7b6.asm,BluetoothView.exe,plain,0,0
59d9270c8d7a6153ed5e0dfcae3a6eeea74033e867581ad89de5efa464bffc0e,good_train,root,0,x86,36374,36366,good_train/root/59d9270c8d7a6153ed5e0dfcae3a6eeea74033e867581ad89de5efa464bffc0e.asm,Bluetooth_File_Transfer_PC.exe,plain,7,0
52c7fde4778e6f30bac544d028069c20fe423ee235adf4e50a79c86bf44ad2d0,good_train,root,0,x64,94714,94681,good_train/root/52c7fde4778e6f30bac544d028069c20fe423ee235adf4e50a79c86bf44ad2d0.asm,BrowserAddonsView.exe,plain,32,0
210513bc15a0dc19a74614c294b7b056d1baf82c5a25b60d374aee9cf59cab07,good_train,root,0,x64,10614,10613,good_train/root/210513bc15a0dc19a74614c294b7b056d1baf82c5a25b60d374aee9cf59cab07.asm,BrowserCore.exe,plain,0,0
6903fa3d474347c150e8e61dbcf737b7a20c7022489a1f049cd90998ef2274ef,good_train,root,0,x64,98032,98009,good_train/root/6903fa3d474347c150e8e61dbcf737b7a20c7022489a1f049cd90998ef2274ef.asm,BrowserDownloadsView.exe,plain,22,0
f0b28504ec664520e6fb17e1e9addfa38dc84510c7b1ea49d3f068f247096fa2,good_train,root,0,x86,8396,8394,good_train/root/f0b28504ec664520e6fb17e1e9addfa38dc84510c7b1ea49d3f068f247096fa2.asm,BrutalChessPortable_0.5.2.2_English.paf.exe,plain,1,0
b04d792e44f821da9bf92ea927a6dd72ecf23b15f738dc4f222c839f7242e9cd,good_train,root,0,x64,21594,21593,good_train/root/b04d792e44f821da9bf92ea927a6dd72ecf23b15f738dc4f222c839f7242e9cd.asm,BulkFileChanger.exe,plain,0,0
e71cda5e7c018f18aefcdfbce171cfeee7b8d556e5036d8b8f0864efc5f2156b,good_train,root,0,x64,14630,14629,good_train/root/e71cda5e7c018f18aefcdfbce171cfeee7b8d556e5036d8b8f0864efc5f2156b.asm,BulletsPassView.exe,plain,0,0
a0bb35738d10a16190f279a30c27e1e217a5e121ec0b2a2608506dd107342c6a,good_train,root,0,x86,14427,14379,good_train/root/a0bb35738d10a16190f279a30c27e1e217a5e121ec0b2a2608506dd107342c6a.asm,ByteCodeGenerator.exe,plain,47,0
139c36496aa0ba2ca83ac50aa6411e7b05e70e0527b66f937d5e3d810142999b,good_train,root,0,x86,100004,100000,good_train/root/139c36496aa0ba2ca83ac50aa6411e7b05e70e0527b66f937d5e3d810142999b.asm,CDGS.exe,plain,2,1
5361e075552716e77cfabd48dbf31e661221e4589937b1d65bc3eecac0685b0a,good_train,root,0,x64,62865,62864,good_train/root/5361e075552716e77cfabd48dbf31e661221e4589937b1d65bc3eecac0685b0a.asm,CHXSmartScreen.exe,plain,0,0
46cfe718806eedae3f5e7c1ebe14f717512ac6861388c461fcb455eb9c8ffc5a,good_train,root,0,x64,4154,4153,good_train/root/46cfe718806eedae3f5e7c1ebe14f717512ac6861388c461fcb455eb9c8ffc5a.asm,CIDiag.exe,plain,0,0
012bd119b1a7aeeca8fb89cf81e97b9072d45017f3630b0224b38b4e48b0cdd1,good_train,root,0,x86,8565,8563,good_train/root/012bd119b1a7aeeca8fb89cf81e97b9072d45017f3630b0224b38b4e48b0cdd1.asm,CPU-ZPortable_2.00_English.paf.exe,plain,1,0
04ffec4d17033e8c7a851826a4d8ab94197243a8a54fffaca76ad944646b2cea,good_train,root,0,x64,52506,52484,good_train/root/04ffec4d17033e8c7a851826a4d8ab94197243a8a54fffaca76ad944646b2cea.asm,CSVFileView.exe,plain,21,0
57bb8f92760c7c6d0015486b3c470026416ee695f1b9eac151bab251f497ec2c,good_train,root,0,x64,100002,100000,good_train/root/57bb8f92760c7c6d0015486b3c470026416ee695f1b9eac151bab251f497ec2c.asm,CameraBarcodeScannerPreview.exe,plain,0,1
463180573f43cc8a3c2879e9ae442d751d1b9541c8e81a547fb6449d3e5dd2b5,good_train,root,0,x86,4573,4554,good_train/root/463180573f43cc8a3c2879e9ae442d751d1b9541c8e81a547fb6449d3e5dd2b5.asm,CameraSettingsUIHost.exe,plain,18,0
b38941d1cf30b57be85a4b70345cf4bc2b79c20bd8cdc5835ed9f258a5dcff16,good_train,root,0,x64,94336,94335,good_train/root/b38941d1cf30b57be85a4b70345cf4bc2b79c20bd8cdc5835ed9f258a5dcff16.asm,CapturePicker.exe,plain,0,0
3eacc4101f8d7e0360cfb1be38cf46fb3a6901fcb89dbcf45a0806c751219a73,good_train,root,0,x64,9561,9560,good_train/root/3eacc4101f8d7e0360cfb1be38cf46fb3a6901fcb89dbcf45a0806c751219a73.asm,CastSrv.exe,plain,0,0
8de895a62785c1294f402260671cfdbb2223e3448947c3ace893b8a298a1d37a,good_train,root,0,x86,11537,11518,good_train/root/8de895a62785c1294f402260671cfdbb2223e3448947c3ace893b8a298a1d37a.asm,CertEnrollCtrl.exe,plain,18,0
bf557534ced01cf06a6d53c9b61cbe7668163c7b3aab7bff386fada0f68a122e,good_train,root,0,x86,5178,5167,good_train/root/bf557534ced01cf06a6d53c9b61cbe7668163c7b3aab7bff386fada0f68a122e.asm,CheckNetIsolation.exe,plain,10,0
12986975bf6377d5c01ff6985af32d50c30adfaca1593d113b77e0f54a9633f6,good_train,root,0,x86,8488,8486,good_train/root/12986975bf6377d5c01ff6985af32d50c30adfaca1593d113b77e0f54a9633f6.asm,ChecksumControlPortable_2.4.4.paf.exe,plain,1,0
1d687ab68f31af9e818dfea2a3e87cfbfc9e4d39dd1ba01e4ac410fa172181d3,good_train,root,0,x86,100007,100000,good_train/root/1d687ab68f31af9e818dfea2a3e87cfbfc9e4d39dd1ba01e4ac410fa172181d3.asm,ChromeCacheView.exe,plain,5,1
e782e9a9c28c78981b0e2d1bd1d8537af125ea1a076854cd37ad7c9117302ce3,good_train,root,0,x86,100009,100000,good_train/root/e782e9a9c28c78981b0e2d1bd1d8537af125ea1a076854cd37ad7c9117302ce3.asm,ChromeCookiesView.exe,plain,7,1
1f2e4a320ee7ce81b1ae422895a08f890039837d705965517ec9a11318005a68,good_train,root,0,x86,92362,92358,good_train/root/1f2e4a320ee7ce81b1ae422895a08f890039837d705965517ec9a11318005a68.asm,ChromeHistoryView.exe,plain,3,0
ae6351a712719286c4e636b35a79aa47a769d8562de721893d9cfb0769506eb8,good_train,root,0,x64,46419,46418,good_train/root/ae6351a712719286c4e636b35a79aa47a769d8562de721893d9cfb0769506eb8.asm,ChsIME.exe,plain,0,0
7ce434a8ebe13ea6088e6fcc8eba6c553afae427569010c2fe52308c1e9e6fb1,good_train,root,0,x64,37202,37201,good_train/root/7ce434a8ebe13ea6088e6fcc8eba6c553afae427569010c2fe52308c1e9e6fb1.asm,ChtIME.exe,plain,0,0
501f02cbab23348a8e5e593c17c02119df2aaac82e747a789744e572e12b1b58,good_train,root,0,x86,9251,9250,good_train/root/501f02cbab23348a8e5e593c17c02119df2aaac82e747a789744e572e12b1b58.asm,ClickyGonePortable_1.4.4.1_Rev_2_English.paf.exe,plain,0,0
c2e36c346b29f50376f3f487f5c18489a7a46158f55d72b8db79cf493c4fe160,good_train,root,0,x64,26124,26123,good_train/root/c2e36c346b29f50376f3f487f5c18489a7a46158f55d72b8db79cf493c4fe160.asm,ClipRenew.exe,plain,0,0
017ffd84b46daf0e07968aadaa6de3cb4e1457afd3bc3fbadbf01c661bfe465e,good_train,root,0,x86,13770,13769,good_train/root/017ffd84b46daf0e07968aadaa6de3cb4e1457afd3bc3fbadbf01c661bfe465e.asm,Clipboardic.exe,plain,0,0
d2a6bd3aa9853d5e4026c5f65ac60da579e4a94c90ffa636d4c70f070dba82f6,good_train,root,0,x64,10128,10127,good_train/root/d2a6bd3aa9853d5e4026c5f65ac60da579e4a94c90ffa636d4c70f070dba82f6.asm,CloudExperienceHostBroker.exe,plain,0,0
7747b7a25a6589b061a8c5e54107392cd3f494a5065f3abac77e6f60ea349cc0,good_train,root,0,x86,16548,16517,good_train/root/7747b7a25a6589b061a8c5e54107392cd3f494a5065f3abac77e6f60ea349cc0.asm,CloudNotifications.exe,plain,30,0
1c8ab51e9c5f40c9520d617282c0a09b3422ee45d19f8272fe6209083ad46217,good_train,root,0,x86,43039,42939,good_train/root/1c8ab51e9c5f40c9520d617282c0a09b3422ee45d19f8272fe6209083ad46217.asm,CloudStorageWizard.exe,plain,99,0
aaddf5b583bd083eb9cfbadea6ed40225bc2217799b695e9860c9b7671ffdccd,good_train,root,0,x86,8209,8206,good_train/root/aaddf5b583bd083eb9cfbadea6ed40225bc2217799b695e9860c9b7671ffdccd.asm,ColourContrastAnalyserPortable_2.5.0.0.paf.exe,plain,2,0
78a53c3a37b03db2824fbe314ba6f9a5d4a0afaefa5163bbbcaa6c878aab3b30,good_train,root,0,x86,7672,7671,good_train/root/78a53c3a37b03db2824fbe314ba6f9a5d4a0afaefa5163bbbcaa6c878aab3b30.asm,ComboFix.exe,plain,0,0
cfa1818bbca8013c8ea41d920314b591d8bf7300c6b3f9a2c02b0a9288e79f6a,good_train,root,0,x86,8488,8486,good_train/root/cfa1818bbca8013c8ea41d920314b591d8bf7300c6b3f9a2c02b0a9288e79f6a.asm,CommandPromptPortable_2.6.paf.exe,plain,1,0
c3837a39e4c5705adf0f172d326bcd6975c7fd610915656da62d0a635cff9a97,good_train,root,0,x64,10122,10121,good_train/root/c3837a39e4c5705adf0f172d326bcd6975c7fd610915656da62d0a635cff9a97.asm,CompMgmtLauncher.exe,plain,0,0
25484d9bab580d1d7ba0f514093791d8c9f4367bdd69f3f9943cb7d82b3052c4,good_train,root,0,x64,35774,35773,good_train/root/25484d9bab580d1d7ba0f514093791d8c9f4367bdd69f3f9943cb7d82b3052c4.asm,CompPkgSrv.exe,plain,0,0
a28bf11b34f5e0d1dc6e8f1d572c52ec7586f6d1d2ad80f63f389c01d002595e,good_train,root,0,x64,25842,25841,good_train/root/a28bf11b34f5e0d1dc6e8f1d572c52ec7586f6d1d2ad80f63f389c01d002595e.asm,CompatTelRunner.exe,plain,0,0
8893773a22e051d377582bc26e518a5c6cf759cdc9326b2ffa542fdb4ea4fa98,good_train,root,0,x86,10166,10149,good_train/root/8893773a22e051d377582bc26e518a5c6cf759cdc9326b2ffa542fdb4ea4fa98.asm,ComputerDefaults.exe,plain,16,0
6d9589a6db768b9eb658215059b9848b9de96dd8ea701be8a11f28e062684e20,good_train,root,0,x64,51504,51503,good_train/root/6d9589a6db768b9eb658215059b9848b9de96dd8ea701be8a11f28e062684e20.asm,ConfigSecurityPolicy.exe,plain,0,0
e59194cb1dc42b5cd68d4b642a627869602b67e02d84ff46456ed5a4876efa9f,good_train,root,0,x86,9251,9250,good_train/root/e59194cb1dc42b5cd68d4b642a627869602b67e02d84ff46456ed5a4876efa9f.asm,ConsolePortable_2.00_b148_Rev_2_English.paf.exe,plain,0,0
eb98f1e34cbad6a2cc56c430df952cc184f28c164f012ee6a223f07a089ce5c2,good_train,root,0,x86,19844,19843,good_train/root/eb98f1e34cbad6a2cc56c430df952cc184f28c164f012ee6a223f07a089ce5c2.asm,ControlMyMonitor.exe,plain,0,0
8e53dead0b8e0a136e126f45328a940427aabcbe4a16e77aaff6bb9e609e5f9f,good_train,root,0,x86,9251,9250,good_train/root/8e53dead0b8e0a136e126f45328a940427aabcbe4a16e77aaff6bb9e609e5f9f.asm,ControlPadPortable_0.72_English.paf.exe,plain,0,0
85ec0a9865b5982ddae8bce00c2252291e4ea39a32ec8b57ba1540a5bacad821,good_train,root,0,x86,8396,8394,good_train/root/85ec0a9865b5982ddae8bce00c2252291e4ea39a32ec8b57ba1540a5bacad821.asm,ConverberPortable_2.3.1_Rev_2.paf.exe,plain,1,0
e18ef4345ebe9d354516594a7cc8b3fb33c934013d5ce209fb4cfe6eb9695b05,good_train,root,0,x86,9251,9250,good_train/root/e18ef4345ebe9d354516594a7cc8b3fb33c934013d5ce209fb4cfe6eb9695b05.asm,CookTimerPortable_0.9.3_Rev_2_English.paf.exe,plain,0,0
f1716b20db3b2839be0c1747c4b86e4be88f7ab6f287b9f4c8256ded6a4011ef,good_train,root,0,x86,24934,24932,good_train/root/f1716b20db3b2839be0c1747c4b86e4be88f7ab6f287b9f4c8256ded6a4011ef.asm,CountryTraceRoute.exe,plain,1,0
3fc04b6586a1e1d456f5aba24d299a5af5774f6081cfbf87c86c5ee7d53b1f40,good_train,root,0,x64,65289,65288,good_train/root/3fc04b6586a1e1d456f5aba24d299a5af5774f6081cfbf87c86c5ee7d53b1f40.asm,CredDialogHost.exe,plain,0,0
9678e117e3ff4e49f77d1ba3b848b5a9d977dcb97306804043f4e1c9fe529b8d,good_train,root,0,x86,31730,31706,good_train/root/9678e117e3ff4e49f77d1ba3b848b5a9d977dcb97306804043f4e1c9fe529b8d.asm,CredentialUIBroker.exe,plain,23,0
9033a46f756fa5225ed30692317d92b31fa5b23fa4587caa87172031efa25e12,good_train,root,0,x64,35925,35924,good_train/root/9033a46f756fa5225ed30692317d92b31fa5b23fa4587caa87172031efa25e12.asm,CredentialsFileView.exe,plain,0,0
10f68d684cdeabe73cc18d9311481fc885ae085eaa315495e3e20a9f48864320,good_train,root,0,x86,8565,8563,good_train/root/10f68d684cdeabe73cc18d9311481fc885ae085eaa315495e3e20a9f48864320.asm,CrystalDiskInfoPortable_8.16.0.paf.exe,plain,1,0
0ab4c1d3cca866ce08b55e266a3bf85182f9a8b18d16bf90b41c6546ce0d82b2,good_train,root,0,x86,8565,8563,good_train/root/0ab4c1d3cca866ce08b55e266a3bf85182f9a8b18d16bf90b41c6546ce0d82b2.asm,CrystalDiskMarkPortable_8.0.4a.paf.exe,plain,1,0
b80303ac5429803f60cbb8c93bcc9d2fb1adf191e324ce9439dd2557d4978455,good_train,root,0,x86,9251,9250,good_train/root/b80303ac5429803f60cbb8c93bcc9d2fb1adf191e324ce9439dd2557d4978455.asm,CubicExplorerPortable_0.95.1_Rev_2.paf.exe,plain,0,0
9d42469f46915bc0e3245ba8ccae16be43726412ce8af339e9efbaa74131ae52,good_train,root,0,x86,8939,8938,good_train/root/9d42469f46915bc0e3245ba8ccae16be43726412ce8af339e9efbaa74131ae52.asm,CustomExplorerToolbar.exe,plain,0,0
6b2eea8205fb9a603f49a638cfba45a0c32d71c8f26e9b10cb01050b42fd0bd8,good_train,root,0,x64,8700,8699,good_train/root/6b2eea8205fb9a603f49a638cfba45a0c32d71c8f26e9b10cb01050b42fd0bd8.asm,DFDWiz.exe,plain,0,0
979f2d0bb1b051a6363daaf2ed90aca5079bed5466af26c4d2ce919275e74de0,good_train,root,0,x86,9251,9250,good_train/root/979f2d0bb1b051a6363daaf2ed90aca5079bed5466af26c4d2ce919275e74de0.asm,DM2Portable_1.23.1.1.paf.exe,plain,0,0
2704bd8527e3bc9998564a83da7a86c7781dbf3307e436694bbaee6b13f8fde1,good_train,root,0,x86,14043,14042,good_train/root/2704bd8527e3bc9998564a83da7a86c7781dbf3307e436694bbaee6b13f8fde1.asm,DNSDataView.exe,plain,0,0
c81c0a3607ae65e64b1889b412e997267773c67ddbaff80f8cde988d9452f709,good_train,root,0,x86,16854,16853,good_train/root/c81c0a3607ae65e64b1889b412e997267773c67ddbaff80f8cde988d9452f709.asm,DNSLookupView.exe,plain,0,0
7345d6ff5c72d2982b4c34e497d27cfe078832d4c15e483c6a3bfe728f0680a7,good_train,root,0,x64,37234,37233,good_train/root/7345d6ff5c72d2982b4c34e497d27cfe078832d4c15e483c6a3bfe728f0680a7.asm,DNSQuerySniffer.exe,plain,0,0
30e148de260094fa9efc09a8596bbedc3ee76b438c1e7640c01b1128e6528c17,good_train,root,0,x86,8488,8486,good_train/root/30e148de260094fa9efc09a8596bbedc3ee76b438c1e7640c01b1128e6528c17.asm,DSpeechPortable_1.73.339.paf.exe,plain,1,0
39b1da5439fe7bb9b1c1fada4772f4003bd89cae1999344b8efc09489e2ca678,good_train,root,0,x86,8488,8486,good_train/root/39b1da5439fe7bb9b1c1fada4772f4003bd89cae1999344b8efc09489e2ca678.asm,DSynchronizePortable_2.48.28.paf.exe,plain,1,0
454a7dd1e163f3cd5c45deb369da34b9a29ca8729d9c07e304fe7bc0f78c84c7,good_train,root,0,x64,22493,22492,good_train/root/454a7dd1e163f3cd5c45deb369da34b9a29ca8729d9c07e304fe7bc0f78c84c7.asm,DTUHandler.exe,plain,0,0
83b0c43da684f0b658deda684866092c3fbb450060cf59f439b4c2da4ec974ab,good_train,root,0,x86,8488,8486,good_train/root/83b0c43da684f0b658deda684866092c3fbb450060cf59f439b4c2da4ec974ab.asm,DTaskManagerPortable_1.57.11.paf.exe,plain,1,0
09b64137c8b5f9097ffa255c1363bd7f9547b1efca25c716d361156dec616f51,good_train,root,0,x86,8565,8563,good_train/root/09b64137c8b5f9097ffa255c1363bd7f9547b1efca25c716d361156dec616f51.asm,DUMoPortable_2.24.1.119.paf.exe,plain,1,0
c3bd45be64119aa6655d7f9ba1860bf137b9e2d6657dbdb3a92fa019af7e17be,good_train,root,0,x86,53139,52985,good_train/root/c3bd45be64119aa6655d7f9ba1860bf137b9e2d6657dbdb3a92fa019af7e17be.asm,DWWIN.EXE,plain,153,0
ab86c762e07cd3bd5a41926ee35d4bdfd97c0c2607e713573081fd34aa2fafa9,good_train,root,0,x86,9251,9250,good_train/root/ab86c762e07cd3bd5a41926ee35d4bdfd97c0c2607e713573081fd34aa2fafa9.asm,DaphnePortable_2.04.paf.exe,plain,0,0
d0b9e7c79bd8462b182157df410cfebdd2d28d1e89773590df383acec9826957,good_train,root,0,x64,50180,50179,good_train/root/d0b9e7c79bd8462b182157df410cfebdd2d28d1e89773590df383acec9826957.asm,DataExchangeHost.exe,plain,0,0
8fd03db433633a4927801f54fc020ea18baf99525b1a1f9166ac92a8f55d3d63,good_train,root,0,x64,23411,23410,good_train/root/8fd03db433633a4927801f54fc020ea18baf99525b1a1f9166ac92a8f55d3d63.asm,DataProtectionDecryptor.exe,plain,0,0
e68e5da4b741f92bc748df79b876b37fdff184af98113523153729fa1961aab0,good_train,root,0,x64,28709,28708,good_train/root/e68e5da4b741f92bc748df79b876b37fdff184af98113523153729fa1961aab0.asm,DataStoreCacheDumpTool.exe,plain,0,0
feba3d1ffdae3a7a05d8c0a6624a083629aa52632186543a9a383061f9bf8b14,good_train,root,0,x64,24697,24696,good_train/root/feba3d1ffdae3a7a05d8c0a6624a083629aa52632186543a9a383061f9bf8b14.asm,DataUsageLiveTileTask.exe,plain,0,0
85e3be65508ade1b8406e64904d13f156deb976102965e8ddcb50eeace567bc5,good_train,root,0,x86,8488,8486,good_train/root/85e3be65508ade1b8406e64904d13f156deb976102965e8ddcb50eeace567bc5.asm,DebugViewPortable_4.90_Release_2_English_online.paf.exe,plain,1,0
f3653821e5dbb52c9b7f62a36a810eed6ca16cef6372b3c91518cb92d2932ba8,good_train,root,0,x64,12004,12003,good_train/root/f3653821e5dbb52c9b7f62a36a810eed6ca16cef6372b3c91518cb92d2932ba8.asm,Defrag.exe,plain,0,0
642393ce850a4d47f749d280240d087c1e78f7321345c2db8a50984ef44f00af,good_train,root,0,x64,25260,25259,good_train/root/642393ce850a4d47f749d280240d087c1e78f7321345c2db8a50984ef44f00af.asm,DevManView.exe,plain,0,0
0ec01b252ec583a9848ad5e47890fdda60aa584a425c5ef20466d57f665709d7,good_train,root,0,x64,3027,3026,good_train/root/0ec01b252ec583a9848ad5e47890fdda60aa584a425c5ef20466d57f665709d7.asm,DeviceCensus.exe,plain,0,0
3274d12cdb16a7f44a96335ae17151c6c8667fbfe36e4c11edc9d1b825078e17,good_train,root,0,x64,15183,15182,good_train/root/3274d12cdb16a7f44a96335ae17151c6c8667fbfe36e4c11edc9d1b825078e17.asm,DeviceCredentialDeployment.exe,plain,0,0
8c7d1a4a1f1f8732a92eb1edf3384c0b5496246a40a88165d9845a805a90899b,good_train,root,0,x64,2500,2499,good_train/root/8c7d1a4a1f1f8732a92eb1edf3384c0b5496246a40a88165d9845a805a90899b.asm,DeviceEject.exe,plain,0,0
c92623725c8f960a88007e88e96026251be79d30b14454fefcf127cd83d8b26f,good_train,root,0,x64,66655,66654,good_train/root/c92623725c8f960a88007e88e96026251be79d30b14454fefcf127cd83d8b26f.asm,DeviceEnroller.exe,plain,0,0
5794412bac7ab501fae95486435f09fb0f4fb149735a4d3a4f53166a23f5d2b1,good_train,root,0,x64,14453,14452,good_train/root/5794412bac7ab501fae95486435f09fb0f4fb149735a4d3a4f53166a23f5d2b1.asm,DeviceIOView.exe,plain,0,0
b8e0841130eb3dc73e827e8cdd0ca7a8caa2da7aa0d7de74433b13b0c19ab7a1,good_train,root,0,x86,9085,9048,good_train/root/b8e0841130eb3dc73e827e8cdd0ca7a8caa2da7aa0d7de74433b13b0c19ab7a1.asm,DevicePairingWizard.exe,plain,36,0
45ae712fcf3b3f5259c850d4ba0531ad656f6c770155d0bb306e1637c1c7fd6b,good_train,root,0,x64,937,936,good_train/root/45ae712fcf3b3f5259c850d4ba0531ad656f6c770155d0bb306e1637c1c7fd6b.asm,DeviceProperties.exe,plain,0,0
010cd530cddfe5f993dba923d7d8caccadad82a7b4d4434fb5728603ec72fe14,good_train,root,0,x64,17456,17455,good_train/root/010cd530cddfe5f993dba923d7d8caccadad82a7b4d4434fb5728603ec72fe14.asm,DiagnosticsHub.StandardCollector.Service.exe,plain,0,0
598555a7e053c7456ee8a06a892309386e69d473c73284de9bbc0ba73b17e70a,good_train,root,0,x86,16020,16018,good_train/root/598555a7e053c7456ee8a06a892309386e69d473c73284de9bbc0ba73b17e70a.asm,Dialupass.exe,plain,1,0
71de854321ef0bc934efcde0511b6eb9b7ac978f711cf57e5ccbfd662a1a9160,good_train,root,0,x86,9251,9250,good_train/root/71de854321ef0bc934efcde0511b6eb9b7ac978f711cf57e5ccbfd662a1a9160.asm,DicomPortable_1.1.1.paf.exe,plain,0,0
bc00c5d2b7c4661c9815097bff81684d4b3c6e0235d77cff300ef4c37918b761,good_train,root,0,x86,9251,9250,good_train/root/bc00c5d2b7c4661c9815097bff81684d4b3c6e0235d77cff300ef4c37918b761.asm,DiffpdfPortable_2.1.3.paf.exe,plain,0,0
32d6c00267508358974a3a0a40113a4f9773f476120e9c0742f40b89ffda7394,good_train,root,0,x86,9251,9250,good_train/root/32d6c00267508358974a3a0a40113a4f9773f476120e9c0742f40b89ffda7394.asm,DiskCleanerPortable_1.7.1645_Rev_2_English.paf.exe,plain,0,0
339aea890fcf05db4c32a7ab498f64f66317e8176a56dbd883cb7c5aaa4b9396,good_train,root,0,x86,13557,13555,good_train/root/339aea890fcf05db4c32a7ab498f64f66317e8176a56dbd883cb7c5aaa4b9396.asm,DiskCountersView.exe,plain,1,0
5ebe027a2f6f98b0f66794182d6dee910e33537574b4f7ba7db8689281c1e82d,good_train,root,0,x86,13498,13497,good_train/root/5ebe027a2f6f98b0f66794182d6dee910e33537574b4f7ba7db8689281c1e82d.asm,DiskSmartView.exe,plain,0,0
660f45568effe4564725702ddaa6b36113ee99fb9ad4c0fabca88ccdf06b3d76,good_train,root,0,x64,15639,15638,good_train/root/660f45568effe4564725702ddaa6b36113ee99fb9ad4c0fabca88ccdf06b3d76.asm,DiskSnapshot.exe,plain,0,0
3036c3a4c3884d8ac8b58436f308332ab4a1879e1c805e568eb1a0f8b85255e8,good_train,root,0,x86,59424,58908,good_train/root/3036c3a4c3884d8ac8b58436f308332ab4a1879e1c805e568eb1a0f8b85255e8.asm,Dism.exe,plain,515,0
ac9535dfd7bb58fbb48aee69d5cab6cdd7b32dc92c3ca78b4e345607279507f2,good_train,root,0,x86,32442,32267,good_train/root/ac9535dfd7bb58fbb48aee69d5cab6cdd7b32dc92c3ca78b4e345607279507f2.asm,DismHost.exe,plain,174,0
54e05115742cf02f57d92f9908014c8a4f847bb6c2fab77d46514439563853e4,good_train,root,0,x64,37376,37375,good_train/root/54e05115742cf02f57d92f9908014c8a4f847bb6c2fab77d46514439563853e4.asm,DisplaySwitch.exe,plain,0,0
72bf239d274e0e91aa8972f5fe5cbaac40fcb93ba452c38a7c79954f03a0a43f,good_train,root,0,x86,8488,8486,good_train/root/72bf239d274e0e91aa8972f5fe5cbaac40fcb93ba452c38a7c79954f03a0a43f.asm,DittoPortable_3.24.214.paf.exe,plain,1,0
c36543dcb42b09122114ce7c9ee347ceb69693b87cbfa6308a37100b64baae20,good_train,root,0,x64,3886,3885,good_train/root/c36543dcb42b09122114ce7c9ee347ceb69693b87cbfa6308a37100b64baae20.asm,DmNotificationBroker.exe,plain,0,0
9910d2c25f494b1c1668e6b67efedef17109419ce73cfad2d9de5bd2896d400a,good_train,root,0,x64,5705,5704,good_train/root/9910d2c25f494b1c1668e6b67efedef17109419ce73cfad2d9de5bd2896d400a.asm,DmOmaCpMo.exe,plain,0,0
b55e38fc187a30eaf5b9316a50bd8b06dbb4a3878fb173cc28a298dacdef0554,good_train,root,0,x86,50836,50833,good_train/root/b55e38fc187a30eaf5b9316a50bd8b06dbb4a3878fb173cc28a298dacdef0554.asm,DomainHostingView.exe,plain,2,0
c164072e7f6a1dda58dd1c8d780e54165f0a7b38b570a210e2be6205ab070e69,good_train,root,0,x86,8138,8136,good_train/root/c164072e7f6a1dda58dd1c8d780e54165f0a7b38b570a210e2be6205ab070e69.asm,DontPanicPortable_3.1.0.paf.exe,plain,1,0
7f5137d52afbfd12f0eaca9b7b0f3b4b6d66d99c610f2335364ac59944112d98,good_train,root,0,x86,17022,17021,good_train/root/7f5137d52afbfd12f0eaca9b7b0f3b4b6d66d99c610f2335364ac59944112d98.asm,DownTester.exe,plain,0,0
f791bbe8dfaa3456fc94e0525bfedceedfb4f0b1f38f17829199fca5f0d9d09d,good_train,root,0,x86,1293,1282,good_train/root/f791bbe8dfaa3456fc94e0525bfedceedfb4f0b1f38f17829199fca5f0d9d09d.asm,DpiScaling.exe,plain,10,0
4e33971633facdd829ce50546aa86077ad0f8718e78aadf49dd1e756bfc4942a,good_train,root,0,x64,17003,17002,good_train/root/4e33971633facdd829ce50546aa86077ad0f8718e78aadf49dd1e756bfc4942a.asm,DriveLetterView.exe,plain,0,0
db8c1f668b8ddd46e1d668112c08b783b49265a8b9defc11621933e797a06a36,good_train,root,0,x86,8565,8563,good_train/root/db8c1f668b8ddd46e1d668112c08b783b49265a8b9defc11621933e797a06a36.asm,DriverPack-17-Online_undefined__xmlqakf5npz02kg.exe,plain,1,0
3f8b655190d79c5fba4af0914c434fbe97c3ad88a950bec32eb69606cf224689,good_train,root,0,x64,14320,14319,good_train/root/3f8b655190d79c5fba4af0914c434fbe97c3ad88a950bec32eb69606cf224689.asm,DriverView.exe,plain,0,0
e2544e63fe1c1ba957ec5723b74cf78476a2c54568af569a37d7a4f9fb804c93,good_train,root,0,x64,2174,2173,good_train/root/e2544e63fe1c1ba957ec5723b74cf78476a2c54568af569a37d7a4f9fb804c93.asm,DsmUserTask.exe,plain,0,0
b931705e1a89015958eda80045a1ebac354e49a45a770f4f6aeaa4064361ecb9,good_train,root,0,x86,2707,2706,good_train/root/b931705e1a89015958eda80045a1ebac354e49a45a770f4f6aeaa4064361ecb9.asm,DumpEDID.exe,plain,0,0
6389121821ae3c480d0fc754cf05b6da24848b6d0b9e00f631bca4ec54c9387e,good_train,root,0,x86,9251,9250,good_train/root/6389121821ae3c480d0fc754cf05b6da24848b6d0b9e00f631bca4ec54c9387e.asm,DuplicateFilesFinderPortable_0.8.0_English.paf.exe,plain,0,0
914714ac5287f34e5c836abd6bd918c8f68fcb805990ef7bab378bfe4da27f44,good_train,root,0,x64,56850,56849,good_train/root/914714ac5287f34e5c836abd6bd918c8f68fcb805990ef7bab378bfe4da27f44.asm,Dxpserver.exe,plain,0,0
1abb7854a3561f1f6a0f22378fb485742de9af8f8306215d9579d6dd01c51244,good_train,root,0,x86,9251,9250,good_train/root/1abb7854a3561f1f6a0f22378fb485742de9af8f8306215d9579d6dd01c51244.asm,DynDNSSimplyClientPortable_2.0.0.2_Rev_2.paf.exe,plain,0,0
b8d558f0e7856c519bce673f8a01602c747b23bb50aa5a65ef856bfdd41226ee,good_train,root,0,x64,11445,11444,good_train/root/b8d558f0e7856c519bce673f8a01602c747b23bb50aa5a65ef856bfdd41226ee.asm,EASPolicyManagerBrokerHost.exe,plain,0,0
5a5833957c998bbc0d39287275daeb5d27c21e9a4581d09fae3c7a80131467ef,good_train,root,0,x64,31480,31479,good_train/root/5a5833957c998bbc0d39287275daeb5d27c21e9a4581d09fae3c7a80131467ef.asm,EDPCleanup.exe,plain,0,0
3303a5d0310f58e179bb03ce8245c1892f4cc9fd7733e7da00794595c59c7d76,good_train,root,0,x86,22003,22002,good_train/root/3303a5d0310f58e179bb03ce8245c1892f4cc9fd7733e7da00794595c59c7d76.asm,ESEDatabaseView.exe,plain,0,0
02879a69bb7a97a15fff2fa2f9ce1fdc2811104c88b72873e915167c9b70aebb,good_train,root,0,x64,1440,1439,good_train/root/02879a69bb7a97a15fff2fa2f9ce1fdc2811104c88b72873e915167c9b70aebb.asm,Eap3Host.exe,plain,0,0
563cf8c22ff6281110c0c52f2f783a8d87fbaee1f9476e525f859f420e9bc3c7,good_train,root,0,x86,23708,23589,good_train/root/563cf8c22ff6281110c0c52f2f783a8d87fbaee1f9476e525f859f420e9bc3c7.asm,EaseOfAccessDialog.exe,plain,118,0
4182172a01bdfc08c5cf7e8652f7d9d81858345a770e2b6b507840e4c1c7764f,good_train,root,0,x86,19786,19785,good_train/root/4182172a01bdfc08c5cf7e8652f7d9d81858345a770e2b6b507840e4c1c7764f.asm,EdgeCookiesView.exe,plain,0,0
c50890d996815aed2ad9450585f47996a2026ecc3a7f38f28f838832b5bba8cb,good_train,root,0,x64,17956,17955,good_train/root/c50890d996815aed2ad9450585f47996a2026ecc3a7f38f28f838832b5bba8cb.asm,EduPrintProv.exe,plain,0,0
3e8e7238533a1e251c9c607d84890ffa02983f02d5911a79df557e328801a5da,good_train,root,0,x86,12499,12467,good_train/root/3e8e7238533a1e251c9c607d84890ffa02983f02d5911a79df557e328801a5da.asm,EhStorAuthn.exe,plain,31,0
f3b9f792190e92dbd834b66ee8c6a5ed0398ff6b1e353699ca7d9bf1ea3cf13d,good_train,root,0,x64,32811,32810,good_train/root/f3b9f792190e92dbd834b66ee8c6a5ed0398ff6b1e353699ca7d9bf1ea3cf13d.asm,EncryptedRegView.exe,plain,0,0
e0549ee0cc793b88c0a42e3abb9eba566225b787ec98e3fdf90cf53b902661d7,good_train,root,0,x64,22444,22443,good_train/root/e0549ee0cc793b88c0a42e3abb9eba566225b787ec98e3fdf90cf53b902661d7.asm,EventLogChannelsView.exe,plain,0,0
fb821854d62befd5c7a26bba2ff022569890bcbb138ed8be0592351112a9d3e2,good_train,root,0,x64,14028,14027,good_train/root/fb821854d62befd5c7a26bba2ff022569890bcbb138ed8be0592351112a9d3e2.asm,EventLogSourcesView.exe,plain,0,0
acc0dd7aa13dc8eea216261f7f33f5d36c73c86a52bceded1d5105580608c306,good_train,root,0,x86,9251,9250,good_train/root/acc0dd7aa13dc8eea216261f7f33f5d36c73c86a52bceded1d5105580608c306.asm,Everything-1.4.1.969.x86-Setup.exe,plain,0,0
d206949aec043ef7efbdef73bce66443f05a5706a1ff55dc7da9c7ad621aa60c,good_train,root,0,x86,8565,8563,good_train/root/d206949aec043ef7efbdef73bce66443f05a5706a1ff55dc7da9c7ad621aa60c.asm,EverythingPortable_1.4.1.1015.paf.exe,plain,1,0
e3af98717bf1cda7dc4aacb5b34d111ac237604161cd96f7929ec33f2ff260b6,good_train,root,0,x86,14784,14783,good_train/root/e3af98717bf1cda7dc4aacb5b34d111ac237604161cd96f7929ec33f2ff260b6.asm,ExecutedProgramsList.exe,plain,0,0
cd1d2562eece91292a10b50c171a98d86770a5f122b4c87fbdd9b1a76e59e298,good_train,root,0,x86,14609,14608,good_train/root/cd1d2562eece91292a10b50c171a98d86770a5f122b4c87fbdd9b1a76e59e298.asm,ExifDataView.exe,plain,0,0
3ad1581a219b3edd8bc952dd906614a9503e53812b64fa2324212a8154774904,good_train,root,0,x86,9251,9250,good_train/root/3ad1581a219b3edd8bc952dd906614a9503e53812b64fa2324212a8154774904.asm,ExplorerPlusPlusPortable_1.3.5.paf.exe,plain,0,0
d3156ee400dde48a9f7178cf5c8717a2553bf9acd3c2322717a53bf207842d8c,good_train,root,0,x64,9576,9575,good_train/root/d3156ee400dde48a9f7178cf5c8717a2553bf9acd3c2322717a53bf207842d8c.asm,ExtExport.exe,plain,0,0
b72cb28ce540f306f7abf0f2e808799dbe6b53f6502295f608be584ca1114fa0,good_train,root,0,x86,100007,100000,good_train/root/b72cb28ce540f306f7abf0f2e808799dbe6b53f6502295f608be584ca1114fa0.asm,ExtPassword.exe,plain,5,1
3ab98c6f549c2aee60b63222e302bebf5f9ec4d834c72db7eda5073916717a06,good_train,root,0,x86,31801,31800,good_train/root/3ab98c6f549c2aee60b63222e302bebf5f9ec4d834c72db7eda5073916717a06.asm,FBCacheView.exe,plain,0,0
b38e19ebdad15526cf8305059b53dfaa2f277eae2e46edf787f84d637cca9170,good_train,root,0,x64,41767,41766,good_train/root/b38e19ebdad15526cf8305059b53dfaa2f277eae2e46edf787f84d637cca9170.asm,FXSCOVER.exe,plain,0,0
02550c0aad3f86f5c6efb1f5043c358d78c6d847539755d95672935d974d5ae8,good_train,root,0,x64,100002,100000,good_train/root/02550c0aad3f86f5c6efb1f5043c358d78c6d847539755d95672935d974d5ae8.asm,FXSSVC.exe,plain,0,1
078cbbbcc628066d667b667436e8defd83609e3f2f424d9862fe7f79c2b5771b,good_train,root,0,x64,2523,2522,good_train/root/078cbbbcc628066d667b667436e8defd83609e3f2f424d9862fe7f79c2b5771b.asm,FXSUNATD.exe,plain,0,0
6e369db1dbf7d749c9e88e730bea34ee06b53d2d35b958e1d038525cffbec52b,good_train,root,0,x64,69427,69426,good_train/root/6e369db1dbf7d749c9e88e730bea34ee06b53d2d35b958e1d038525cffbec52b.asm,FaceFodUninstaller.exe,plain,0,0
a8c4b812d428abc71d8d2de96913e0aa6cc7a998b906ccb03a65b11c4ef6bef6,good_train,root,0,x86,8565,8563,good_train/root/a8c4b812d428abc71d8d2de96913e0aa6cc7a998b906ccb03a65b11c4ef6bef6.asm,FastCopyPortable_4.1.4.paf.exe,plain,1,0
f50dd10f1d17f31632366bb5a639f190377e70b60871eea0a288f5cb0ddbf78a,good_train,root,0,x86,12588,12587,good_train/root/f50dd10f1d17f31632366bb5a639f190377e70b60871eea0a288f5cb0ddbf78a.asm,FastResolver.exe,plain,0,0
b2b3f5f90495d89ed03494178d3faf2afdac867e7733bc64c73b34243c5e8685,good_train,root,0,x86,92219,92215,good_train/root/b2b3f5f90495d89ed03494178d3faf2afdac867e7733bc64c73b34243c5e8685.asm,FeedingFrenzy2Setupen.exe,plain,3,0
acf0537ab5146885ac0a332d7de770b60e61be2119164d67c3836058a2ead8ca,good_train,root,0,x64,20777,20776,good_train/root/acf0537ab5146885ac0a332d7de770b60e61be2119164d67c3836058a2ead8ca.asm,FileAccessErrorView.exe,plain,0,0
d2ba02aae7518e185ac8c38beeb303ca448810ecd21e1d546532f621de6669b6,good_train,root,0,x64,21425,21424,good_train/root/d2ba02aae7518e185ac8c38beeb303ca448810ecd21e1d546532f621de6669b6.asm,FileActivityWatch.exe,plain,0,0
a300fec2ae5eed7452cae3ac88e4f7274bd0d2378ec71e58c3f4465c2f27f5f5,good_train,root,0,x86,9251,9250,good_train/root/a300fec2ae5eed7452cae3ac88e4f7274bd0d2378ec71e58c3f4465c2f27f5f5.asm,FileAlyzerPortable_2.0.5.57_English.paf.exe,plain,0,0
2ed9ae5d9b7c1b78eecb0074c7225f6d7a8cfc79754eea690382b4aaf3647cf8,good_train,root,0,x64,100002,100000,good_train/root/2ed9ae5d9b7c1b78eecb0074c7225f6d7a8cfc79754eea690382b4aaf3647cf8.asm,FileExplorer.exe,plain,0,1
81cfb6946e0ec7bebe065c1c1bc685ee3ab051836b812749760a68c7db794944,good_train,root,0,x64,100002,100000,good_train/root/81cfb6946e0ec7bebe065c1c1bc685ee3ab051836b812749760a68c7db794944.asm,FilePicker.exe,plain,0,1
5993b9bcffe02c78e12669bb60d25b0f2840a426bc24657b2dac54b95009fad7,good_train,root,0,x64,25891,25890,good_train/root/5993b9bcffe02c78e12669bb60d25b0f2840a426bc24657b2dac54b95009fad7.asm,FileTypesMan.exe,plain,0,0
cbea3de4376780698c7af4ddafe1848b363116f8e602a682ee11b7b1e81b4d63,good_train,root,0,x86,90255,90251,good_train/root/cbea3de4376780698c7af4ddafe1848b363116f8e602a682ee11b7b1e81b4d63.asm,FirefoxDownloadsView.exe,plain,3,0
a4d77f6d6ff398fe564bb4010caf6a19884b6f62a892350c94c71992744e659b,good_train,root,0,x86,9915,9913,good_train/root/a4d77f6d6ff398fe564bb4010caf6a19884b6f62a892350c94c71992744e659b.asm,Firewall_Rules.exe,plain,0,0
af43c56b754a0d259e76dbfa74ad0938ecac10b74a396a0d11137e056435386e,good_train,root,0,x64,15797,15796,good_train/root/af43c56b754a0d259e76dbfa74ad0938ecac10b74a396a0d11137e056435386e.asm,FirmwareTablesView.exe,plain,0,0
7fb56536d846405d6b9be71bc8bc485e01b54aa336ac9a6be47adfe7410d2b2c,good_train,root,0,x64,972,971,good_train/root/7fb56536d846405d6b9be71bc8bc485e01b54aa336ac9a6be47adfe7410d2b2c.asm,FirstLogonAnim.exe,plain,0,0
26d697895af9cc4f327c82de0deaab10da33d83527abe47e7ebc261079c3dc52,good_train,root,0,x86,15065,15064,good_train/root/26d697895af9cc4f327c82de0deaab10da33d83527abe47e7ebc261079c3dc52.asm,FlashCookiesView.exe,plain,0,0
969c973b438c9d151267b1ed594154e3751ddc4b5ec76c2c90b726a82119c77f,good_train,root,0,x86,69112,69104,good_train/root/969c973b438c9d151267b1ed594154e3751ddc4b5ec76c2c90b726a82119c77f.asm,FlashPlayerApp.exe,plain,7,0
2fb93e55f4e65d1f6e969c92119ed2b2fe05a65b7aebe6ef3be9f3025d692e17,good_train,root,0,x86,96276,96275,good_train/root/2fb93e55f4e65d1f6e969c92119ed2b2fe05a65b7aebe6ef3be9f3025d692e17.asm,FlashUtil_ActiveX.exe,plain,0,0
5916053e488db2235f980160cbbd8c5ef2699b35a3e683efd7074ff03dbe623c,good_train,root,0,x86,20304,20303,good_train/root/5916053e488db2235f980160cbbd8c5ef2699b35a3e683efd7074ff03dbe623c.asm,FolderChangesView.exe,plain,0,0
3abd18001afb644059e8a4156db397a414eedb18898c50fba8705db785276ff8,good_train,root,0,x64,19303,19302,good_train/root/3abd18001afb644059e8a4156db397a414eedb18898c50fba8705db785276ff8.asm,FolderTimeUpdate.exe,plain,0,0
ce88d88e233a9ab9b47bea00af705ecf49869be78e671bd09aa4f7d5a34c9953,good_train,root,0,x86,4549,4535,good_train/root/ce88d88e233a9ab9b47bea00af705ecf49869be78e671bd09aa4f7d5a34c9953.asm,Fondue.exe,plain,13,0
2818a2f074106a1e72f57831f85cafdb5bd66addbcfda391426a37ae19443def,good_train,root,0,x86,9251,9250,good_train/root/2818a2f074106a1e72f57831f85cafdb5bd66addbcfda391426a37ae19443def.asm,FreeFileSyncPortable_6.2.paf.exe,plain,0,0
5dd9e262e00da660044614288e1ff0d5669ee94079f134eb2e29bfd415fa5dc5,good_train,root,0,x86,20495,20494,good_train/root/5dd9e262e00da660044614288e1ff0d5669ee94079f134eb2e29bfd415fa5dc5.asm,FreeSpaceLogView.exe,plain,0,0
97141b2ccf3b5b077ba509f8f94893f5969285a370d8a1f6b97fcc7d6ca7076c,good_train,root,0,x86,8427,8423,good_train/root/97141b2ccf3b5b077ba509f8f94893f5969285a370d8a1f6b97fcc7d6ca7076c.asm,FreeUPXPortable_3.1.paf.exe,plain,3,0
bb0306e2bc7de7985ae8e6c3dff4f71dc7bbd84b8b10929d92ea6a6ef5a78418,good_train,root,0,x86,36374,36366,good_train/root/bb0306e2bc7de7985ae8e6c3dff4f71dc7bbd84b8b10929d92ea6a6ef5a78418.asm,Free_Chess.exe,plain,7,0
b3ac4d5312a75adde820c903bdd641cbceeab05afa2f16e4ee1a07dbd8f892d1,good_train,root,0,x64,15726,15725,good_train/root/b3ac4d5312a75adde820c903bdd641cbceeab05afa2f16e4ee1a07dbd8f892d1.asm,FsIso.exe,plain,0,0
c0330094cea5d1439175f47649d80633daf118c1324b8be69efe1a6d6b94b24a,good_train,root,0,x64,27933,27932,good_train/root/c0330094cea5d1439175f47649d80633daf118c1324b8be69efe1a6d6b94b24a.asm,FullEventLogView.exe,plain,0,0
df1fca6b2e0551db775f54cbc2e38cfa39f3920d075fe450c556a2079572ae54,good_train,root,0,x86,8378,8377,good_train/root/df1fca6b2e0551db775f54cbc2e38cfa39f3920d075fe450c556a2079572ae54.asm,FyrePortable_1.0.0_English.paf.exe,plain,0,0
c49560f7a206b6b55d89c205a4631dfedd2b4a78ab81fea8706989a5627f95a1,good_train,root,0,x64,15528,15527,good_train/root/c49560f7a206b6b55d89c205a4631dfedd2b4a78ab81fea8706989a5627f95a1.asm,GDIView.exe,plain,0,0
a80bbcdf47fd3ca663614727d3743fcb38ce6659b5c19ade1efcc127728cb526,good_train,root,0,x86,100343,100000,good_train/root/a80bbcdf47fd3ca663614727d3743fcb38ce6659b5c19ade1efcc127728cb526.asm,GIRSpCheck.exe,plain,341,1
1e44e8a5e0f6aa5e5091e4bb14f72bab0223f51afb81c693f0aa935f1804319d,good_train,root,0,x64,23326,23325,good_train/root/1e44e8a5e0f6aa5e5091e4bb14f72bab0223f51afb81c693f0aa935f1804319d.asm,GUIPropView.exe,plain,0,0
283fd8cda8454f7a85d55fe60bc17e208ac25996bc98312186a625c930631dd5,good_train,root,0,x86,65470,65027,good_train/root/283fd8cda8454f7a85d55fe60bc17e208ac25996bc98312186a625c930631dd5.asm,GameBarPresenceWriter.exe,plain,442,0
c6a297eed867bbdc05263fd75d00f9fb3c8be862b7454f9727af662d092da711,good_train,root,0,x86,101076,100000,good_train/root/c6a297eed867bbdc05263fd75d00f9fb3c8be862b7454f9727af662d092da711.asm,GamePanel.exe,plain,1074,1
061530d0b77e48e28b41bf1dec1c1aae262688c1f545a389d5b2c7b8d20b4d5e,good_train,root,0,x86,8565,8563,good_train/root/061530d0b77e48e28b41bf1dec1c1aae262688c1f545a389d5b2c7b8d20b4d5e.asm,GeekUninstallerPortable_1.4.9.151.paf.exe,plain,1,0
c8c6f0629403c87c36d42d5aed07d9602b6ab0d8e48cbf727a2fa3bf22469730,good_train,root,0,x64,111689,100000,good_train/root/c8c6f0629403c87c36d42d5aed07d9602b6ab0d8e48cbf727a2fa3bf22469730.asm,GenValObj.exe,packed_other,11687,1
dcace777ff9c705f4bec24bff4b34531f1e62df8b69e8703cbfeaa8cc743dcdb,good_train,root,0,x86,2479,2478,good_train/root/dcace777ff9c705f4bec24bff4b34531f1e62df8b69e8703cbfeaa8cc743dcdb.asm,GetNir.exe,plain,0,0
1fb4935bc80e85c9cd965eaaf5ad0ef0ea59a825da5970795bbb12139d920a07,good_train,root,0,x86,8209,8206,good_train/root/1fb4935bc80e85c9cd965eaaf5ad0ef0ea59a825da5970795bbb12139d920a07.asm,GreenfishIconEditorProPortable_3.6.paf.exe,plain,2,0
88a279bc4eb61f06196218e3649e4d01211b3e83e8ba70aed2535b66d8210291,good_train,root,0,x86,8138,8136,good_train/root/88a279bc4eb61f06196218e3649e4d01211b3e83e8ba70aed2535b66d8210291.asm,GridyPortable_0.70_English.paf.exe,plain,1,0
22e67fb02edbb758cf7e2f9efce2313065fd5f297452fe8b66d0f428da140021,good_train,root,0,x86,8381,8376,good_train/root/22e67fb02edbb758cf7e2f9efce2313065fd5f297452fe8b66d0f428da140021.asm,HDHackerPortable_1.6.5.paf.exe,plain,4,0
5fb2d17787ffec622ab296775632f9b7a4be42cc06d3da92b4cd6bc288ad035c,good_train,root,0,x86,1725,1712,good_train/root/5fb2d17787ffec622ab296775632f9b7a4be42cc06d3da92b4cd6bc288ad035c.asm,HOSTNAME.EXE,plain,12,0
2dc2c75e781320f26de2ce4e9bd6abef01b8ad349854dee2b44ef4e859bb480d,good_train,root,0,x64,27283,27282,good_train/root/2dc2c75e781320f26de2ce4e9bd6abef01b8ad349854dee2b44ef4e859bb480d.asm,HTTPNetworkSniffer.exe,plain,0,0
e2b239c09e953a4d59c70487848230ab339a9ad5a8d4f06b0b505bf7142e6bfb,good_train,root,0,x64,16938,16937,good_train/root/e2b239c09e953a4d59c70487848230ab339a9ad5a8d4f06b0b505bf7142e6bfb.asm,HandleCountersView.exe,plain,0,0
f0bc5dec82646e976a1277f96c78f12e36643020a93b0419a216d948c0eab2fc,good_train,root,0,x64,21680,21679,good_train/root/f0bc5dec82646e976a1277f96c78f12e36643020a93b0419a216d948c0eab2fc.asm,HashMyFiles.exe,plain,0,0
4ceb3cadc9abaca022e62ecfa6d4ee69b79e4aabdca70bcd6230a0f4f38f2f0a,good_train,root,0,x64,14212,14211,good_train/root/4ceb3cadc9abaca022e62ecfa6d4ee69b79e4aabdca70bcd6230a0f4f38f2f0a.asm,HeapMemView.exe,plain,0,0
83f4e6ca6e840970e488a28e7c7f2c8332389b7a5d79788baffdf4b1c0180aad,good_train,root,0,x86,18288,18287,good_train/root/83f4e6ca6e840970e488a28e7c7f2c8332389b7a5d79788baffdf4b1c0180aad.asm,HostedNetworkStarter.exe,plain,0,0
2ea40420fc11dcec6cba69fd25ac7c6cd92e371ca506d3bc3112aa5d629bca04,good_train,root,0,x86,12869,12868,good_train/root/2ea40420fc11dcec6cba69fd25ac7c6cd92e371ca506d3bc3112aa5d629bca04.asm,HotKeysList.exe,plain,0,0
6098a611c167fe005ad388b9328176115be47a8797ace1adc791ae44188f65a3,good_train,root,0,x86,19252,19251,good_train/root/6098a611c167fe005ad388b9328176115be47a8797ace1adc791ae44188f65a3.asm,IECacheView.exe,plain,0,0
c50b9614f7bb8b9f47a96c8301752697fefebc39dfd03a837deb1e4b6d2603f0,good_train,root,0,x86,47411,47015,good_train/root/c50b9614f7bb8b9f47a96c8301752697fefebc39dfd03a837deb1e4b6d2603f0.asm,IEChooser.exe,plain,395,0
38f63666e563582be04bed228f588e66c2cde09fa0a2c4b5c3f4acae179f0057,good_train,root,0,x86,42204,42148,good_train/root/38f63666e563582be04bed228f588e66c2cde09fa0a2c4b5c3f4acae179f0057.asm,IMCCPHR.exe,plain,55,0
70482716fd2273aa00f2f5428945a47c4aa6f3a1f5fc4355bb241b165f6a98f3,good_train,root,0,x86,48781,48688,good_train/root/70482716fd2273aa00f2f5428945a47c4aa6f3a1f5fc4355bb241b165f6a98f3.asm,IMEPADSV.EXE,plain,92,0
f95b41b9f0c6bebfd8f3c5f21c6f6fd82099d0c34692dc6b6e20fb4aedfa1284,good_train,root,0,x86,33317,33193,good_train/root/f95b41b9f0c6bebfd8f3c5f21c6f6fd82099d0c34692dc6b6e20fb4aedfa1284.asm,IMESEARCH.EXE,plain,123,0
90e0f7d70da50c178e8ab75b217ca475cd9d64553ae40d65f6995ee8fbe21b96,good_train,root,0,x86,56661,56390,good_train/root/90e0f7d70da50c178e8ab75b217ca475cd9d64553ae40d65f6995ee8fbe21b96.asm,IMEWDBLD.EXE,plain,270,0
8a21a42d7802078337536943bc5b3e844e7170e8765d02d55ad540fc1c5a80c9,good_train,root,0,x86,86000,85745,good_train/root/8a21a42d7802078337536943bc5b3e844e7170e8765d02d55ad540fc1c5a80c9.asm,IMJPDCT.EXE,plain,254,0
8deac34e5e7fb1613c1eda8602f4913d3b9429fad277cc59f065fd377a612dc0,good_train,root,0,x86,23907,23830,good_train/root/8deac34e5e7fb1613c1eda8602f4913d3b9429fad277cc59f065fd377a612dc0.asm,IMJPSET.EXE,plain,76,0
b0941aa867814b4ea71785515ba81ce05ad42b591bed90d6005f1c89aa2ce59b,good_train,root,0,x86,15354,15315,good_train/root/b0941aa867814b4ea71785515ba81ce05ad42b591bed90d6005f1c89aa2ce59b.asm,IMJPUEX.EXE,plain,38,0
e73cb3e2c1053cbb73bd82b796e9d734eb1ee8890ad1d768f6a51765e9799cec,good_train,root,0,x86,23008,22972,good_train/root/e73cb3e2c1053cbb73bd82b796e9d734eb1ee8890ad1d768f6a51765e9799cec.asm,IMTCLNWZ.EXE,plain,35,0
255a65b31bf86c5137efd1c354a9a587c586e5a19005ae2d32409372cf5bca52,good_train,root,0,x86,30731,30655,good_train/root/255a65b31bf86c5137efd1c354a9a587c586e5a19005ae2d32409372cf5bca52.asm,IMTCPROP.exe,plain,75,0
30409e8c030059b1af27f735f3715186da383906ff7abc2788338a0339a382db,good_train,root,0,x86,8488,8486,good_train/root/30409e8c030059b1af27f735f3715186da383906ff7abc2788338a0339a382db.asm,IObitUnlockerPortable_1.2.paf.exe,plain,1,0
f61f3d37bfd439fb99ecd0fc28d85ffaa0839af7b82bae7c757c43e5c62f1563,good_train,root,0,x86,22174,22170,good_train/root/f61f3d37bfd439fb99ecd0fc28d85ffaa0839af7b82bae7c757c43e5c62f1563.asm,IPInfoOffline.exe,plain,3,0
1870f9a217929452371dbf1339035bc21b0043ba735bf27500c8a00c04dd53d4,good_train,root,0,x86,16875,16874,good_train/root/1870f9a217929452371dbf1339035bc21b0043ba735bf27500c8a00c04dd53d4.asm,IPNeighborsView.exe,plain,0,0
c34d682afde0423f9e4dcdaa3a88392281f35aa21d2bc301ca28f9938286b519,good_train,root,0,x64,5963,5962,good_train/root/c34d682afde0423f9e4dcdaa3a88392281f35aa21d2bc301ca28f9938286b519.asm,IcsEntitlementHost.exe,plain,0,0
2c5bea1f522cea917428ba0420e948dfeb78efe6328b1b6cdc9fbbda317995e0,good_train,root,0,x86,31636,31635,good_train/root/2c5bea1f522cea917428ba0420e948dfeb78efe6328b1b6cdc9fbbda317995e0.asm,ImageCacheViewer.exe,plain,0,0
aca461fd070d009740519feff8289fd1be2be3cc09011b28503fd535114adb3c,good_train,root,0,x64,1537,1536,good_train/root/aca461fd070d009740519feff8289fd1be2be3cc09011b28503fd535114adb3c.asm,ImagingDevices.exe,plain,0,0
8a33f306c829a34b16d5835b7fabf33d2a99c0e971f6f433f5989e9b3ddba9eb,good_train,root,0,x64,100002,100000,good_train/root/8a33f306c829a34b16d5835b7fabf33d2a99c0e971f6f433f5989e9b3ddba9eb.asm,ImeBroker.exe,plain,0,1
0a07e8abedea7406f4f1bd0a2a10cc46fd9461d464118d23e2845eb68af26e1a,good_train,root,0,x86,1565,1552,good_train/root/0a07e8abedea7406f4f1bd0a2a10cc46fd9461d464118d23e2845eb68af26e1a.asm,InfDefaultInstall.exe,plain,12,0
8aa842d57512f3551adc2d0e9a75383bffd3e62ff79f5ad941c7c36e4194a236,good_train,root,0,x64,71376,71375,good_train/root/8aa842d57512f3551adc2d0e9a75383bffd3e62ff79f5ad941c7c36e4194a236.asm,InputPersonalization.exe,plain,0,0
2d863c3cc9c692cd5dedd26db675be759ef99dd2a7abbb60dda5d692d67d08ef,good_train,root,0,x86,13724,13723,good_train/root/2d863c3cc9c692cd5dedd26db675be759ef99dd2a7abbb60dda5d692d67d08ef.asm,InsideClipboard.exe,plain,0,0
aa65429b8c782dd27979f780bbc68ac6f75ba61827bafa40bdcaffa159d7b3b2,good_train,root,0,x86,23577,23574,good_train/root/aa65429b8c782dd27979f780bbc68ac6f75ba61827bafa40bdcaffa159d7b3b2.asm,InstallMTW6.9a.exe,plain,2,0
a632557b425c9473cff244a9e69503cfecd14b8eebd9ab3ebef8a7128df4db31,good_train,root,0,x64,24669,24668,good_train/root/a632557b425c9473cff244a9e69503cfecd14b8eebd9ab3ebef8a7128df4db31.asm,InstalledAppView.exe,plain,0,0
d194ddb62b9709bf1a09b7bace03933efb06774040bbfcda7fb9ebecb2861402,good_train,root,0,x64,14863,14862,good_train/root/d194ddb62b9709bf1a09b7bace03933efb06774040bbfcda7fb9ebecb2861402.asm,InstalledCodec.exe,plain,0,0
583eaf01e0ba2ac1f41715fb2bcc2da911ce96989060c2c231f5eefef3746ede,good_train,root,0,x64,16186,16185,good_train/root/583eaf01e0ba2ac1f41715fb2bcc2da911ce96989060c2c231f5eefef3746ede.asm,InstalledDriversList.exe,plain,0,0
96a5c3c5dbd8722a1b12c72271740764eb73baa1a953c2c8ec3c742b7e3ce11f,good_train,root,0,x64,18576,18575,good_train/root/96a5c3c5dbd8722a1b12c72271740764eb73baa1a953c2c8ec3c742b7e3ce11f.asm,InstalledPackagesView.exe,plain,0,0
2021f09ac39f2269f45ee9b9df94fa6216ad902a933463f0dea87f016a175211,good_train,root,0,x86,82364,82360,good_train/root/2021f09ac39f2269f45ee9b9df94fa6216ad902a933463f0dea87f016a175211.asm,IntelWiDiMediaShareSetup.exe,plain,3,0
b769136c930e2a96ced9db5803b86e3fe7ed786f5236875e4ad6493463993245,good_train,root,0,x86,8565,8563,good_train/root/b769136c930e2a96ced9db5803b86e3fe7ed786f5236875e4ad6493463993245.asm,JPEGViewPortable_1.0.39.1.paf.exe,plain,1,0
7d23eb4f5b2cd52d69a5113c78a6f64da6106cc96a1dda42cacbe426b1217584,good_train,root,0,x86,8488,8486,good_train/root/7d23eb4f5b2cd52d69a5113c78a6f64da6106cc96a1dda42cacbe426b1217584.asm,JavaPortableLauncher_6.0.paf.exe,plain,1,0
bc14dead89d55e50e5f4828f84b654a1a4b16a1badf0b000fac45fd2cbb6a1e8,good_train,root,0,x86,9251,9250,good_train/root/bc14dead89d55e50e5f4828f84b654a1a4b16a1badf0b000fac45fd2cbb6a1e8.asm,JkDefragPortable_3.36_Rev_2.paf.exe,plain,0,0
e000c782af989e016efcef1664b9d652b0fee59b011e28154072f7b6001b124d,good_train,root,0,x86,16262,16261,good_train/root/e000c782af989e016efcef1664b9d652b0fee59b011e28154072f7b6001b124d.asm,JumpListsView.exe,plain,0,0
34bf90c6cb7391e460e5a79a4e1f36e20dcba067bd05d81ac1a402530da27db9,good_train,root,0,x86,8565,8563,good_train/root/34bf90c6cb7391e460e5a79a4e1f36e20dcba067bd05d81ac1a402530da27db9.asm,KCleanerPortable_3.8.3.113.paf.exe,plain,1,0
1116994b5c9df53bbc26f495bf96c5b087f470edc6ccdf56529e0d9df15b447b,good_train,root,0,x86,13403,13402,good_train/root/1116994b5c9df53bbc26f495bf96c5b087f470edc6ccdf56529e0d9df15b447b.asm,KeyboardStateView.exe,plain,0,0
2e3bd3de5c065b1518a32c9104769726e9b51ca15acb810fcedd2b26b2148d75,good_train,root,0,x64,8851,8850,good_train/root/2e3bd3de5c065b1518a32c9104769726e9b51ca15acb810fcedd2b26b2148d75.asm,LanguageComponentsInstallerComHandler.exe,plain,0,0
b1b7a772c927b4d3e2e4d59ba69e3fe955506ff80cee0947d54c6b3fabef6860,good_train,root,0,x86,24371,24370,good_train/root/b1b7a772c927b4d3e2e4d59ba69e3fe955506ff80cee0947d54c6b3fabef6860.asm,LastActivityView.exe,plain,0,0
61261391d8f4283d539ba4cd19bed875296ba8e1aadceab272c9353f90a22df4,good_train,root,0,x86,1257,1246,good_train/root/61261391d8f4283d539ba4cd19bed875296ba8e1aadceab272c9353f90a22df4.asm,LaunchTM.exe,plain,10,0
ea9a82ac3f573c55c9fad569c18075d0c56bb6a2bd3cbb9c6991c09203176fcc,good_train,root,0,x86,9629,9597,good_train/root/ea9a82ac3f573c55c9fad569c18075d0c56bb6a2bd3cbb9c6991c09203176fcc.asm,LaunchWinApp.exe,plain,31,0
842c9f4669fcf7e5adeb1e5c886feda38c925115a299639779b84a3d98461131,good_train,root,0,x86,8488,8486,good_train/root/842c9f4669fcf7e5adeb1e5c886feda38c925115a299639779b84a3d98461131.asm,LazPaintPortable_7.1.6.paf.exe,plain,1,0
f16d328095ffc06989cceebad3d880565896f9460812889c544b4d956d5c047d,good_train,root,0,x64,35546,35545,good_train/root/f16d328095ffc06989cceebad3d880565896f9460812889c544b4d956d5c047d.asm,LegacyNetUXHost.exe,plain,0,0
ede5c31b07b327336a5e9877ba00982b5a81eaca029a66e051b9c9554fd34119,good_train,root,0,x64,8066,8065,good_train/root/ede5c31b07b327336a5e9877ba00982b5a81eaca029a66e051b9c9554fd34119.asm,LicenseManagerShellext.exe,plain,0,0
f74564ee309e829b35886a4579eabe84a8510b4ed776df06af1adb342e8c3f3d,good_train,root,0,x64,29356,29355,good_train/root/f74564ee309e829b35886a4579eabe84a8510b4ed776df06af1adb342e8c3f3d.asm,LicensingUI.exe,plain,0,0
8aa93254874c5df3616c15ecbdf4c8f066e8c99b49875056c3249c04fc870a6a,good_train,root,0,x86,8488,8486,good_train/root/8aa93254874c5df3616c15ecbdf4c8f066e8c99b49875056c3249c04fc870a6a.asm,LightscreenPortable_2.5_English.paf.exe,plain,1,0
818c9a805968969964b75275772718e99f78a20a13f9b63e4bf9ffcf76e0b77c,good_train,root,0,x86,9251,9250,good_train/root/818c9a805968969964b75275772718e99f78a20a13f9b63e4bf9ffcf76e0b77c.asm,ListaryPortable_3.51.858.paf.exe,plain,0,0
730ccb3ef2cd574c4483547d3b2802ec8c328c9a30ebc8a0338498039966ccb8,good_train,root,0,x86,42988,42978,good_train/root/730ccb3ef2cd574c4483547d3b2802ec8c328c9a30ebc8a0338498039966ccb8.asm,LiveContactsView.exe,plain,9,0
e98cada9b35901a1b9d58bd26f468a642a1b12ab49fe1f0338fd7e527e1e81eb,good_train,root,0,x64,23710,23709,good_train/root/e98cada9b35901a1b9d58bd26f468a642a1b12ab49fe1f0338fd7e527e1e81eb.asm,LiveTcpUdpWatch.exe,plain,0,0
ca3a6c0a812b197c1aee95629529833ae25960319c35477ee10c7aafce3dc45f,good_train,root,0,x64,19628,19627,good_train/root/ca3a6c0a812b197c1aee95629529833ae25960319c35477ee10c7aafce3dc45f.asm,LoadedDllsView.exe,plain,0,0
4fb18811fed500a9d1e24f14c158ccd7095d5777d2f2f8247982d14119dbc8dd,good_train,root,0,x64,11984,11983,good_train/root/4fb18811fed500a9d1e24f14c158ccd7095d5777d2f2f8247982d14119dbc8dd.asm,LocationNotificationWindows.exe,plain,0,0
8b5743d4acf8c571f039f83464672306d9f899e4c8512fab9538807c43df4a67,good_train,root,0,x64,911,910,good_train/root/8b5743d4acf8c571f039f83464672306d9f899e4c8512fab9538807c43df4a67.asm,Locator.exe,plain,0,0
bba9a387d81f95e0f67b0bc1de30ba48126f6f5dbf138b63536e6bab6e11ed20,good_train,root,0,x64,16229,16225,good_train/root/bba9a387d81f95e0f67b0bc1de30ba48126f6f5dbf138b63536e6bab6e11ed20.asm,LockAppHost.exe,plain,3,0
1f7de5d4699a7129b1c02f963dfecf0e6009804bc27c90a105c9e8907417766a,good_train,root,0,x64,5434,5433,good_train/root/1f7de5d4699a7129b1c02f963dfecf0e6009804bc27c90a105c9e8907417766a.asm,LockScreenContentServer.exe,plain,0,0
9358ef8cb7fb08581d74274005263bd8fa2e6e0fc443930b25fd345cf6ce9071,good_train,root,0,x64,1284,1282,good_train/root/9358ef8cb7fb08581d74274005263bd8fa2e6e0fc443930b25fd345cf6ce9071.asm,LogonUI.exe,plain,1,0
630d9c23ccdcb8f9d52e71383494f7182fc246f8bc2715d800b93e3212a4537c,good_train,root,0,x64,50485,50484,good_train/root/630d9c23ccdcb8f9d52e71383494f7182fc246f8bc2715d800b93e3212a4537c.asm,LsaIso.exe,plain,0,0
4f60a141c22c345edebeeaf474e8f6827e2c2aff2a8aa844720d9700a0287d93,good_train,root,0,x86,13843,13842,good_train/root/4f60a141c22c345edebeeaf474e8f6827e2c2aff2a8aa844720d9700a0287d93.asm,MACAddressView.exe,plain,0,0
8959b6d0fc36460ccade56b404e2c90f13ad0b94977c6c2abfeb84f33948b227,good_train,root,0,x64,100002,100000,good_train/root/8959b6d0fc36460ccade56b404e2c90f13ad0b94977c6c2abfeb84f33948b227.asm,MBR2GPT.EXE,plain,0,1
41bb53be1ee4c34cc75511f0e416f289d1e95a40864dc1afebe66a3dd77c8f9a,good_train,root,0,x64,100002,100000,good_train/root/41bb53be1ee4c34cc75511f0e416f289d1e95a40864dc1afebe66a3dd77c8f9a.asm,MDEServer.exe,plain,0,1
f26fe48050b0baabf42a927a7b91482c88aae2b79f16b7bb907144081a2955d0,good_train,root,0,x64,20633,20632,good_train/root/f26fe48050b0baabf42a927a7b91482c88aae2b79f16b7bb907144081a2955d0.asm,MDMAgent.exe,plain,0,0
2e1dae9e3bfd5c1b10d261dab595e65e2e11038b18fe02f194c44452c38c6bf3,good_train,root,0,x64,24633,24632,good_train/root/2e1dae9e3bfd5c1b10d261dab595e65e2e11038b18fe02f194c44452c38c6bf3.asm,MDMAppInstaller.exe,plain,0,0
fd769b5b165cef7d330bd5dc396c2ef4f56dfc319a64e40093e37b721830fe01,good_train,root,0,x64,15413,15412,good_train/root/fd769b5b165cef7d330bd5dc396c2ef4f56dfc319a64e40093e37b721830fe01.asm,MMCSnapInsView.exe,plain,0,0
7442c2ad1eb752832fb6d4f6ad0e66c8163a055d27ccf894f65adb8441d4f2d2,good_train,root,0,x86,2374,2361,good_train/root/7442c2ad1eb752832fb6d4f6ad0e66c8163a055d27ccf894f65adb8441d4f2d2.asm,MRINFO.EXE,plain,12,0
2e248ea87c79d1142c6b03d4cd296b610bae6a88e9f72d2ba1bf646a67a05a0b,good_train,root,0,x64,859,858,good_train/root/2e248ea87c79d1142c6b03d4cd296b610bae6a88e9f72d2ba1bf646a67a05a0b.asm,MSchedExe.exe,plain,0,0
d6a053d094400a51be6cc02b4726e8c22023102ef65c97b8ca6a54ce1792c3d6,good_train,root,0,x86,11518,11517,good_train/root/d6a053d094400a51be6cc02b4726e8c22023102ef65c97b8ca6a54ce1792c3d6.asm,MUICacheView.exe,plain,0,0
bf3c9388dd956344c9c0e95a6aa43cf394dd2d28b1f381269f89d45d5a7d3624,good_train,root,0,x86,100006,100000,good_train/root/bf3c9388dd956344c9c0e95a6aa43cf394dd2d28b1f381269f89d45d5a7d3624.asm,MZCacheView.exe,plain,4,1
a0a0c256070d7dc62a260ca36cf25b08521d8c35f2ac6f93224854cc538b564a,good_train,root,0,x86,9435,9434,good_train/root/a0a0c256070d7dc62a260ca36cf25b08521d8c35f2ac6f93224854cc538b564a.asm,MadPassExt.exe,plain,0,0
33fcd1363966ab6478fe5b1061fa5a401bb8bf5c0996a837e1b08ff892393ef1,good_train,root,0,x86,100036,100000,good_train/root/33fcd1363966ab6478fe5b1061fa5a401bb8bf5c0996a837e1b08ff892393ef1.asm,Magnify.exe,plain,34,1
1d4660b153b0750f6f1728abae5a86c606747d36af12c5a827d24e03a1c90c6a,good_train,root,0,x86,23626,23625,good_train/root/1d4660b153b0750f6f1728abae5a86c606747d36af12c5a827d24e03a1c90c6a.asm,ManageWirelessNetworks.exe,plain,0,0
d60be154d0807e322f110a8cb51d25776b6d08547921283ae6e5cf7bc98e686f,good_train,root,0,x64,20999,20998,good_train/root/d60be154d0807e322f110a8cb51d25776b6d08547921283ae6e5cf7bc98e686f.asm,MbaeParserTask.exe,plain,0,0
d1a6fd804666268f55416b5aa0e0cd127738febc0ec62181e68e676de4a028a9,good_train,root,0,x64,2097,2096,good_train/root/d1a6fd804666268f55416b5aa0e0cd127738febc0ec62181e68e676de4a028a9.asm,MdRes.exe,plain,0,0
bc516f17afc7658c4f20726272d9ce9f77c83dd5575307b15dbbdeca6f04d273,good_train,root,0,x64,2946,2945,good_train/root/bc516f17afc7658c4f20726272d9ce9f77c83dd5575307b15dbbdeca6f04d273.asm,MdSched.exe,plain,0,0
01fb1113428954458ea746240361d0acebd0e2e955291e654fb7e254cc26909b,good_train,root,0,x64,7763,7762,good_train/root/01fb1113428954458ea746240361d0acebd0e2e955291e654fb7e254cc26909b.asm,MdmDiagnosticsTool.exe,plain,0,0
68c0d0cf9076650118dd276e00d3c2ea00869acf43923720c9748f5c109de285,good_train,root,0,x64,40382,40381,good_train/root/68c0d0cf9076650118dd276e00d3c2ea00869acf43923720c9748f5c109de285.asm,Microsoft.AAD.BrokerPlugin.exe,plain,0,0
8e6c80ff8e5590d9a1917a7cd4f2786c4ed7469f7f2943aa45d68d4744f3bd00,good_train,root,0,x64,100002,100000,good_train/root/8e6c80ff8e5590d9a1917a7cd4f2786c4ed7469f7f2943aa45d68d4744f3bd00.asm,Microsoft.AsyncTextService.exe,plain,0,1
2e2a00d89f4f476200fc2c98e607c114613d08a4460caf3d6bbb47bf05c3ac5a,good_train,root,0,x64,100002,100000,good_train/root/2e2a00d89f4f476200fc2c98e607c114613d08a4460caf3d6bbb47bf05c3ac5a.asm,Microsoft.ECApp.exe,plain,0,1
d0e616d3960e7830cf948842525d183bc9bb4ae61a6878a9c8a86662c449402e,good_train,root,0,x64,100002,100000,good_train/root/d0e616d3960e7830cf948842525d183bc9bb4ae61a6878a9c8a86662c449402e.asm,Microsoft.SharePoint.exe,plain,0,1
47551f6cc45dca849834471a6823f9ddced63eda6d6116917943aec8ea8eb3ad,good_train,root,0,x64,82567,82566,good_train/root/47551f6cc45dca849834471a6823f9ddced63eda6d6116917943aec8ea8eb3ad.asm,Microsoft.Uev.CscUnpinTool.exe,plain,0,0
34b6d32d2345db5dfe803573f4aa74479ea961004b2f72d25a486d55369aecd8,good_train,root,0,x64,10432,10431,good_train/root/34b6d32d2345db5dfe803573f4aa74479ea961004b2f72d25a486d55369aecd8.asm,MicrosoftEdgeBCHost.exe,plain,0,0
d7a4f824b02c13daaca06815f1d579612b24d6b0fc4138317fc23d2aa7e24025,good_train,root,0,x64,8224,8223,good_train/root/d7a4f824b02c13daaca06815f1d579612b24d6b0fc4138317fc23d2aa7e24025.asm,MicrosoftEdgeSH.exe,plain,0,0
758bc1f2f542731f09368904e1ceb240a8ada6abded95a2295fb84e758055c87,good_train,root,0,x64,100002,100000,good_train/root/758bc1f2f542731f09368904e1ceb240a8ada6abded95a2295fb84e758055c87.asm,MicrosoftPdfReader.exe,plain,0,1
d356b8786f34a59b80a1170fad8e942172073e6c0f9f014da4064e332ae1ace9,good_train,root,0,x86,1866,1854,good_train/root/d356b8786f34a59b80a1170fad8e942172073e6c0f9f014da4064e332ae1ace9.asm,MigRegDB.exe,plain,11,0
53155ba796602cabdb95f932f8c7677a236fe1defcd247e03570aab9500df9eb,good_train,root,0,x64,25300,25299,good_train/root/53155ba796602cabdb95f932f8c7677a236fe1defcd247e03570aab9500df9eb.asm,MobileFileSearch.exe,plain,0,0
0143d20771b6fe7aeac9bc8ad5cac5fadcf7b7c69d4aa1640856eb8e4420226f,good_train,root,0,x86,13501,13500,good_train/root/0143d20771b6fe7aeac9bc8ad5cac5fadcf7b7c69d4aa1640856eb8e4420226f.asm,MonitorInfoView.exe,plain,0,0
3770792f203f31f4bcc1a80ef529c4af6ccba83880fe0af7ce48e6362dddfcef,good_train,root,0,x64,100059,100000,good_train/root/3770792f203f31f4bcc1a80ef529c4af6ccba83880fe0af7ce48e6362dddfcef.asm,MozillaHistoryView.exe,plain,57,1
81f85a88dd1829663d5e748ca95709eff5328444bbdb2c888f85124d939f6899,good_train,root,0,x64,60326,60322,good_train/root/81f85a88dd1829663d5e748ca95709eff5328444bbdb2c888f85124d939f6899.asm,MpCmdRun.exe,plain,3,0
b147cc9a14b92e224c7755d41e0453506f983e7874573f1df79f3ebf27bed090,good_train,root,0,x64,16935,16932,good_train/root/b147cc9a14b92e224c7755d41e0453506f983e7874573f1df79f3ebf27bed090.asm,MsMpEng.exe,plain,2,0
933410f4a3cd7142cd6950c0d9e33e11b5e37b129dc142022a67c06313581541,good_train,root,0,x64,14035,14034,good_train/root/933410f4a3cd7142cd6950c0d9e33e11b5e37b129dc142022a67c06313581541.asm,MsSpellCheckingHost.exe,plain,0,0
ea795660987ab06f1be1509bedc84e1113faf66de7b11872d6cfaab081a125f6,good_train,root,0,x86,26043,26021,good_train/root/ea795660987ab06f1be1509bedc84e1113faf66de7b11872d6cfaab081a125f6.asm,MuiUnattend.exe,plain,21,0
104f7ddf72823f0516861bcd5e1d25d0617b9754aadfa24796404124dd120c42,good_train,root,0,x64,3578,3577,good_train/root/104f7ddf72823f0516861bcd5e1d25d0617b9754aadfa24796404124dd120c42.asm,MultiDigiMon.exe,plain,0,0
525bd5f5db594bbb3b97fcb7d2a6f2df0e12456ccb6853245c6f70bb3cf172e2,good_train,root,0,x64,22837,22836,good_train/root/525bd5f5db594bbb3b97fcb7d2a6f2df0e12456ccb6853245c6f70bb3cf172e2.asm,MultiMonitorTool.exe,plain,0,0
d7bf8a4a861733af3a9a54708cb3203cc058bc86b72e297402038dc2b5f79e4c,good_train,root,0,x64,95685,95684,good_train/root/d7bf8a4a861733af3a9a54708cb3203cc058bc86b72e297402038dc2b5f79e4c.asm,MusNotification.exe,plain,0,0
6e346773a3f393e5143842870f82db0dd6bb739a69501b5248592832ed53826a,good_train,root,0,x64,64182,64181,good_train/root/6e346773a3f393e5143842870f82db0dd6bb739a69501b5248592832ed53826a.asm,MusNotificationUx.exe,plain,0,0
8eda1c8903a3a80919bf6cca66e43f9b0ceccacd791a359d63a1cda2621c01ae,good_train,root,0,x64,32562,32561,good_train/root/8eda1c8903a3a80919bf6cca66e43f9b0ceccacd791a359d63a1cda2621c01ae.asm,MusNotifyIcon.exe,plain,0,0
4ebfebb9e3fffdf8b84d7d9d3903b19c775456277cdf67ad8152e246ddd832d0,good_train,root,0,x64,19084,19083,good_train/root/4ebfebb9e3fffdf8b84d7d9d3903b19c775456277cdf67ad8152e246ddd832d0.asm,MyEventViewer.exe,plain,0,0
e299d47d2d13351bc147cdc743da298b623db0ba6cefab1a69313ac4d7d9278c,good_train,root,0,x86,26260,26259,good_train/root/e299d47d2d13351bc147cdc743da298b623db0ba6cefab1a69313ac4d7d9278c.asm,MyLastSearch.exe,plain,0,0
aca66f4bc15e1b8ede8f05f59dfafb15fa47d9e89ea1d4cf59264ba3d483f47c,good_train,root,0,x86,7426,7413,good_train/root/aca66f4bc15e1b8ede8f05f59dfafb15fa47d9e89ea1d4cf59264ba3d483f47c.asm,NETSTAT.EXE,plain,12,0
6852fd7df69a0b9ecd5cc75096df7a2de1ae5d2aab7199b20a9474bec2bf1b12,good_train,root,0,x86,44240,44238,good_train/root/6852fd7df69a0b9ecd5cc75096df7a2de1ae5d2aab7199b20a9474bec2bf1b12.asm,NK2Edit.exe,plain,1,0
8438bdfaac4f440c0acba656784f7b3cfad86a57195520d6ddf341bce100929d,good_train,root,0,x64,14405,14404,good_train/root/8438bdfaac4f440c0acba656784f7b3cfad86a57195520d6ddf341bce100929d.asm,NTFSLinksView.exe,plain,0,0
746d9e5c6208a3854d4fb19fa3dfe691741a0a02b6e142916927749dcdbf4539,good_train,root,0,x64,56581,56580,good_train/root/746d9e5c6208a3854d4fb19fa3dfe691741a0a02b6e142916927749dcdbf4539.asm,Narrator.exe,plain,0,0
ef1a2c13454e4a9ab5fd7b1745648c4cd2740b0dfcdf133445f5787cfdd2684c,good_train,root,0,x64,93839,93838,good_train/root/ef1a2c13454e4a9ab5fd7b1745648c4cd2740b0dfcdf133445f5787cfdd2684c.asm,NarratorQuickStart.exe,plain,0,0
5906fd255354b8cbc8abf0d0d56b570376c4a9c2b021907c6c167168b807695b,good_train,root,0,x86,14944,14943,good_train/root/5906fd255354b8cbc8abf0d0d56b570376c4a9c2b021907c6c167168b807695b.asm,NetBScanner.exe,plain,0,0
5f5fd58dd10d655c83f76fb074014e5428c667d1b415e647b44bfcd38183cfb0,good_train,root,0,x86,17052,16857,good_train/root/5f5fd58dd10d655c83f76fb074014e5428c667d1b415e647b44bfcd38183cfb0.asm,NetCfgNotifyObjectHost.exe,plain,194,0
178fdde885393cb47b1093649db7d9b83da6968c1a9e0e1c7c62f58600c82c8a,good_train,root,0,x86,16473,16472,good_train/root/178fdde885393cb47b1093649db7d9b83da6968c1a9e0e1c7c62f58600c82c8a.asm,NetConnectChoose.exe,plain,0,0
c1d31010bb094ed0208e9c177c865b49976f23ec22c67373600746109801efe8,good_train,root,0,x64,7511,7510,good_train/root/c1d31010bb094ed0208e9c177c865b49976f23ec22c67373600746109801efe8.asm,NetEvtFwdr.exe,plain,0,0
77264f41c4107b9c7e9abc32e82cf0f6097f16902de096f32bdd0ec298c07ad2,good_train,root,0,x64,826,825,good_train/root/77264f41c4107b9c7e9abc32e82cf0f6097f16902de096f32bdd0ec298c07ad2.asm,NetHost.exe,plain,0,0
62b9eb6b5510ee9cb4a1d77073fb77d1eaafa5c9a9ac43eeb541e2564ea9f866,good_train,root,0,x86,13868,13867,good_train/root/62b9eb6b5510ee9cb4a1d77073fb77d1eaafa5c9a9ac43eeb541e2564ea9f866.asm,NetResView.exe,plain,0,0
40d9dfc15851a039bde710beb13d262dad1ae7ed6e296feb5e044ebdca306a63,good_train,root,0,x86,14373,14372,good_train/root/40d9dfc15851a039bde710beb13d262dad1ae7ed6e296feb5e044ebdca306a63.asm,NetRouteView.exe,plain,0,0
4d65d42a1af2c1193b6dddfcc1393e4887cab79c109103e7b234b518d9001207,good_train,root,0,x86,4278,4264,good_train/root/4d65d42a1af2c1193b6dddfcc1393e4887cab79c109103e7b234b518d9001207.asm,Netplwiz.exe,plain,13,0
824e43f05c9bbdb033095021357977957b59875f330a8a2970c535361a87d1a3,good_train,root,0,x86,17065,17064,good_train/root/824e43f05c9bbdb033095021357977957b59875f330a8a2970c535361a87d1a3.asm,NetworkConnectLog.exe,plain,0,0
e0975f041b54f0d8721b8c9bf9d6ecb5863a7317368e67a9826663822de66ded,good_train,root,0,x86,14080,14079,good_train/root/e0975f041b54f0d8721b8c9bf9d6ecb5863a7317368e67a9826663822de66ded.asm,NetworkCountersWatch.exe,plain,0,0
10dc5121651abce100801be5c40993078aad91ca118fde3d47ee7a9916f0b66a,good_train,root,0,x64,17011,17010,good_train/root/10dc5121651abce100801be5c40993078aad91ca118fde3d47ee7a9916f0b66a.asm,NetworkInterfacesView.exe,plain,0,0
a6edae256e4a18ad055f82d06fe9063268fb0177f1219f7b54ece42e76cbe0aa,good_train,root,0,x64,33749,33748,good_train/root/a6edae256e4a18ad055f82d06fe9063268fb0177f1219f7b54ece42e76cbe0aa.asm,NetworkLatencyView.exe,plain,0,0
eb900bd3851e484655059f6223a9758b451ff27cdd668f070906b9e01eac5c75,good_train,root,0,x64,24679,24678,good_train/root/eb900bd3851e484655059f6223a9758b451ff27cdd668f070906b9e01eac5c75.asm,NetworkOpenedFiles.exe,plain,0,0
85f773d523490fee9d8469ae0c8d46506900c49e7307c301b6b1f7ff79c425af,good_train,root,0,x64,39277,39276,good_train/root/85f773d523490fee9d8469ae0c8d46506900c49e7307c301b6b1f7ff79c425af.asm,NetworkTrafficView.exe,plain,0,0
4ebcab32eee80d2875531dcb071fffb8b6930e19ee4997bee8c126d365ce3945,good_train,root,0,x64,25663,25662,good_train/root/4ebcab32eee80d2875531dcb071fffb8b6930e19ee4997bee8c126d365ce3945.asm,NetworkUsageView.exe,plain,0,0
f82c3c989673184353d760c703559312f4e7baf440d935e8f600eb20501fab21,good_train,root,0,x64,92555,92554,good_train/root/f82c3c989673184353d760c703559312f4e7baf440d935e8f600eb20501fab21.asm,NgcIso.exe,plain,0,0
03a2b57652de99fdc2d427a20b20cbf5d9427314e90614101095bdcf7ed0f7a5,good_train,root,0,x64,100002,100000,good_train/root/03a2b57652de99fdc2d427a20b20cbf5d9427314e90614101095bdcf7ed0f7a5.asm,NisSrv.exe,plain,0,1
621b40b1a33b0bc91733ae1f8568e83b388f362e3ffabcdf8648c0bb68856805,good_train,root,0,x64,100005,100000,good_train/root/621b40b1a33b0bc91733ae1f8568e83b388f362e3ffabcdf8648c0bb68856805.asm,OOBENetworkCaptivePortal.exe,plain,3,1
5430d26fc5dcc293989756bb357da300d26eadaebb5ea92e5f01d55415d05f37,good_train,root,0,x64,100010,100000,good_train/root/5430d26fc5dcc293989756bb357da300d26eadaebb5ea92e5f01d55415d05f37.asm,OOBENetworkConnectionFlow.exe,plain,8,1
a9440c1eb0fe345648556c153f545cf52f36471c9cf5d34d60e8efca6865986b,good_train,root,0,x64,13559,13558,good_train/root/a9440c1eb0fe345648556c153f545cf52f36471c9cf5d34d60e8efca6865986b.asm,OfficeIns.exe,plain,0,0
9f631112a0570ab316d643745c3a0752eff11e51eeab7e2e07cce81b28dea55d,good_train,root,0,x64,22565,22564,good_train/root/9f631112a0570ab316d643745c3a0752eff11e51eeab7e2e07cce81b28dea55d.asm,OfflineRegistryFinder.exe,plain,0,0
6011b7720954a6252fd2c10e5c4e1fc86f77bfed410998216284a0d8adc4d66f,good_train,root,0,x64,15842,15841,good_train/root/6011b7720954a6252fd2c10e5c4e1fc86f77bfed410998216284a0d8adc4d66f.asm,OfflineRegistryView.exe,plain,0,0
76d84d58e52d3679a13ec9666d56e70885ed349af522baca4eeaf23433261e34,good_train,root,0,x64,67658,67657,good_train/root/76d84d58e52d3679a13ec9666d56e70885ed349af522baca4eeaf23433261e34.asm,OfflineScannerShell.exe,plain,0,0
fcaeb485b06c35fed924de260d740790207974062738817ed1db6ed54ba5963e,good_train,root,0,x86,8396,8394,good_train/root/fcaeb485b06c35fed924de260d740790207974062738817ed1db6ed54ba5963e.asm,On-ScreenKeyboardPortable_2.1.paf.exe,plain,1,0
f1c64110cb9927ba635bea397f2725e8eebf8ed21cfab326394bd5242f270071,good_train,root,0,x64,15642,15641,good_train/root/f1c64110cb9927ba635bea397f2725e8eebf8ed21cfab326394bd5242f270071.asm,OpenSaveFilesView.exe,plain,0,0
cdee381e615fc567fd60056c80dc423a9e8261d06a4a489fc166299413cf13d0,good_train,root,0,x86,36374,36366,good_train/root/cdee381e615fc567fd60056c80dc423a9e8261d06a4a489fc166299413cf13d0.asm,OpenVPN.exe,plain,7,0
f5b948089ae9470fa566945b84b9402fed1093ecdc49bd8a1b6ef744370e6b10,good_train,root,0,x86,14897,14875,good_train/root/f5b948089ae9470fa566945b84b9402fed1093ecdc49bd8a1b6ef744370e6b10.asm,OpenWith.exe,plain,21,0
c0d57288c4928fd7f077b7f0c7d5f8c17c18cb7c88e48952a2dbd9d13454d6f4,good_train,root,0,x64,22912,22911,good_train/root/c0d57288c4928fd7f077b7f0c7d5f8c17c18cb7c88e48952a2dbd9d13454d6f4.asm,OpenedFilesView.exe,plain,0,0
fdcaed54b4afae915c6d895547f9f3ef75018d824c0c2085a81f1acb6ccced55,good_train,root,0,x86,15744,15743,good_train/root/fdcaed54b4afae915c6d895547f9f3ef75018d824c0c2085a81f1acb6ccced55.asm,OperaCacheView.exe,plain,0,0
c14b2ba705a90daf60c741b55fefbb51629edf3ef5ebbce80b3d17f1b4def019,good_train,root,0,x86,14910,14909,good_train/root/c14b2ba705a90daf60c741b55fefbb51629edf3ef5ebbce80b3d17f1b4def019.asm,OperaPassView.exe,plain,0,0
0bda29fc48c8d6f66d823577e136e39b185a5ffee086c1258bbbd66ef3a92084,good_train,root,0,x86,11411,11358,good_train/root/0bda29fc48c8d6f66d823577e136e39b185a5ffee086c1258bbbd66ef3a92084.asm,OposHost.exe,plain,52,0
aa82381aeff9d1908f76d5ffcf7dbf2492ce4725af7df06818e6d574b97ea1cb,good_train,root,0,x64,3923,3922,good_train/root/aa82381aeff9d1908f76d5ffcf7dbf2492ce4725af7df06818e6d574b97ea1cb.asm,OptionalFeatures.exe,plain,0,0
c32bc56669f88a4182f1b691b19d098ec2069c1f66c66f53e64d71942b1f857b,good_train,root,0,x64,21582,21581,good_train/root/c32bc56669f88a4182f1b691b19d098ec2069c1f66c66f53e64d71942b1f857b.asm,OutlookAccountsView.exe,plain,0,0
d229dd1449323c8f986b45e50cc99eda66e54cc9916a05a0e65c469d5fb3d74c,good_train,root,0,x64,28410,28409,good_train/root/d229dd1449323c8f986b45e50cc99eda66e54cc9916a05a0e65c469d5fb3d74c.asm,OutlookAddressBookView.exe,plain,0,0
69d8788e4b86d6643f17bdb06033faf97859d1ee25a8a68c4a032828f721ed20,good_train,root,0,x86,53769,53763,good_train/root/69d8788e4b86d6643f17bdb06033faf97859d1ee25a8a68c4a032828f721ed20.asm,OutlookAttachView.exe,plain,5,0
6a87c8f19275cec2457028bbe8b74343e4a6df2be9ea61e2d32220d2f9489f43,good_train,root,0,x64,42538,42528,good_train/root/6a87c8f19275cec2457028bbe8b74343e4a6df2be9ea61e2d32220d2f9489f43.asm,OutlookStatView.exe,plain,9,0
58037e8767caff16722c3dbc1e3b733b9fd269c5a244ce1fa3973e3d31c13fa8,good_train,root,0,x86,2996,2981,good_train/root/58037e8767caff16722c3dbc1e3b733b9fd269c5a244ce1fa3973e3d31c13fa8.asm,PATHPING.EXE,plain,14,0
0db918e616456bc10f3f583cebb27d3fbc5a15b9899bbba22594d8a2acc6f9c3,good_train,root,0,x86,7537,7532,good_train/root/0db918e616456bc10f3f583cebb27d3fbc5a15b9899bbba22594d8a2acc6f9c3.asm,PCAnyPass.exe,plain,4,0
ee8a99812902444c7f3769d8175c98ff936277054958735d49bc66db5f81f5f5,good_train,root,0,x86,8209,8206,good_train/root/ee8a99812902444c7f3769d8175c98ff936277054958735d49bc66db5f81f5f5.asm,PCI-ZPortable_2.0_English.paf.exe,plain,2,0
c370e9606a929aca877e7e5267a9f05ffa09a7cc4c53575b3be8216dfed945b1,good_train,root,0,x86,3703,3692,good_train/root/c370e9606a929aca877e7e5267a9f05ffa09a7cc4c53575b3be8216dfed945b1.asm,PING.EXE,plain,10,0
758d9e687dc94a11cee15e4d415fb619c64e854a6d642e42cb83f4838e4e4c4f,good_train,root,0,x64,14520,14519,good_train/root/758d9e687dc94a11cee15e4d415fb619c64e854a6d642e42cb83f4838e4e4c4f.asm,PackageInspector.exe,plain,0,0
c6aa828881ce6871f1c15f9a4ce466f9db9d459a5e81950dcc069a3cf2d81c3e,good_train,root,0,x86,8138,8098,good_train/root/c6aa828881ce6871f1c15f9a4ce466f9db9d459a5e81950dcc069a3cf2d81c3e.asm,PackagedCWALauncher.exe,plain,39,0
2c9b505df820bae828a619cfc186453a10b5c7d87e03d53226a26314f7df9bf8,good_train,root,0,x86,24033,23949,good_train/root/2c9b505df820bae828a619cfc186453a10b5c7d87e03d53226a26314f7df9bf8.asm,PacketTracer70_64bit_setup.exe,plain,82,0
622ed60aabb0f9d2b23c182ffa932facf6826392ad37e8bac78c915ee744015f,good_train,root,0,x86,6623,6601,good_train/root/622ed60aabb0f9d2b23c182ffa932facf6826392ad37e8bac78c915ee744015f.asm,PasswordOnWakeSettingFlyout.exe,plain,21,0
dc70e4001b3995f60d4e4d7ad5ecec534159673b1886ae79c2445374ad74811b,good_train,root,0,x86,9251,9250,good_train/root/dc70e4001b3995f60d4e4d7ad5ecec534159673b1886ae79c2445374ad74811b.asm,PaulStretchPortable_2.2-2_Rev_2_English.paf.exe,plain,0,0
4b5238d19adaa19bf502cbdb693f2b8c14dc4280f8269755ba07c93397766b98,good_train,root,0,x64,75105,75104,good_train/root/4b5238d19adaa19bf502cbdb693f2b8c14dc4280f8269755ba07c93397766b98.asm,PeopleExperienceHost.exe,plain,0,0
539b4469df07d1a83db99b961de4cd41e0aa037eb4a01865486b617c44760e8f,good_train,root,0,x64,9121,9120,good_train/root/539b4469df07d1a83db99b961de4cd41e0aa037eb4a01865486b617c44760e8f.asm,PerceptionSimulationDevice.exe,plain,0,0
e3f747950b9bbd6c5f1e963ad21f6f9db52f4f50be9216eb13c96994395e9df1,good_train,root,0,x64,100002,100000,good_train/root/e3f747950b9bbd6c5f1e963ad21f6f9db52f4f50be9216eb13c96994395e9df1.asm,PerceptionSimulationInput.exe,plain,0,1
7b5583bfa1184142ecba28948b5dd2083a09c5d262841cea7b5aee9695293413,good_train,root,0,x64,15319,15318,good_train/root/7b5583bfa1184142ecba28948b5dd2083a09c5d262841cea7b5aee9695293413.asm,PerceptionSimulationService.exe,plain,0,0
671e99acd38fdab12a7937e8421c56ec3cad64eeb91f202189ccad57002aeeda,good_train,root,0,x86,8138,8136,good_train/root/671e99acd38fdab12a7937e8421c56ec3cad64eeb91f202189ccad57002aeeda.asm,PhotoFiltrePortable_7.2.1_Rev_3.paf.exe,plain,1,0
5cf3fcead3274ce273fae2cb5523114cb88b3e91b99d3237318563d24e1a8ec9,good_train,root,0,x86,27656,27607,good_train/root/5cf3fcead3274ce273fae2cb5523114cb88b3e91b99d3237318563d24e1a8ec9.asm,PickerHost.exe,plain,48,0
868830b6decf00218834269b847723b303eeb8a8071dbf9dea0ca225409c1333,good_train,root,0,x64,17362,17361,good_train/root/868830b6decf00218834269b847723b303eeb8a8071dbf9dea0ca225409c1333.asm,PinEnrollmentBroker.exe,plain,0,0
8d75d2064795b16a201334f72d27084ebc943a9be777df8072ff2921b27fb15a,good_train,root,0,x86,21061,21060,good_train/root/8d75d2064795b16a201334f72d27084ebc943a9be777df8072ff2921b27fb15a.asm,PingInfoView.exe,plain,0,0
28bca4d3873eb8ac2faa7ed5ef0629e7a7b13d984030a157479e0c0b0653ca67,good_train,root,0,x64,54750,54749,good_train/root/28bca4d3873eb8ac2faa7ed5ef0629e7a7b13d984030a157479e0c0b0653ca67.asm,PinningConfirmationDialog.exe,plain,0,0
a1f495fb35cc72823bf0c556c59c0a1e7589f7109a3b287abaa5f803c652009e,good_train,root,0,x86,100010,100000,good_train/root/a1f495fb35cc72823bf0c556c59c0a1e7589f7109a3b287abaa5f803c652009e.asm,PkgMgr.exe,plain,8,1
a54fc1d12215a624b124aece0c9c47491b4e3974339c5a395a4aa1c5f4fbb65b,good_train,root,0,x64,18466,18465,good_train/root/a54fc1d12215a624b124aece0c9c47491b4e3974339c5a395a4aa1c5f4fbb65b.asm,PktMon.exe,plain,0,0
1bd75ed2adbb32c2863b5a3b117dec61ee2bfbdf4aa6892670ca5e23c2d9424f,good_train,root,0,x64,9613,9612,good_train/root/1bd75ed2adbb32c2863b5a3b117dec61ee2bfbdf4aa6892670ca5e23c2d9424f.asm,PnPUnattend.exe,plain,0,0
155cb7bdbaee5e16007b3f41d768f655cce14f81681aa14cd7cc1fa744c2ca6b,good_train,root,0,x86,8209,8206,good_train/root/155cb7bdbaee5e16007b3f41d768f655cce14f81681aa14cd7cc1fa744c2ca6b.asm,PngOptimizerPortable_2.5.1.paf.exe,plain,2,0
399fa8df749525ccbd63e69a0802e8d9ddfd0cced7fef6841baff66772e975e2,good_train,root,0,x86,8488,8486,good_train/root/399fa8df749525ccbd63e69a0802e8d9ddfd0cced7fef6841baff66772e975e2.asm,PortExpertPortable_1.8.3.22_English.paf.exe,plain,1,0
abba5482c44f404fba5a6414ea4e56de1b65a77c2499638863018a5b569164a5,good_train,root,0,x86,8565,8563,good_train/root/abba5482c44f404fba5a6414ea4e56de1b65a77c2499638863018a5b569164a5.asm,PortableApps.com_Platform_Setup_21.1.paf.exe,plain,1,0
4e53dae1544b1047003ee578a3a93230e442c70f88b389767eb72c17e7a68f62,good_train,root,0,x86,8488,8486,good_train/root/4e53dae1544b1047003ee578a3a93230e442c70f88b389767eb72c17e7a68f62.asm,PowderToyPortable_96.2.350_English.paf.exe,plain,1,0
b3982e67820abc7b41818a7236232ce6de92689b76b6f152fab9ef302528566d,good_train,root,0,x86,28390,28308,good_train/root/b3982e67820abc7b41818a7236232ce6de92689b76b6f152fab9ef302528566d.asm,PresentationHost.exe,plain,81,0
a1f2954dbb7d9111fb2dc9497a320e29e3a0cc2c00afe9d96c58f78b1247cd70,good_train,root,0,x64,22936,22935,good_train/root/a1f2954dbb7d9111fb2dc9497a320e29e3a0cc2c00afe9d96c58f78b1247cd70.asm,PresentationSettings.exe,plain,0,0
2c749ebe67bfb2496b47d2bcd8b05e32134e71bcc51d0b1bf63b2dd668f56b5e,good_train,root,0,x64,18792,18791,good_train/root/2c749ebe67bfb2496b47d2bcd8b05e32134e71bcc51d0b1bf63b2dd668f56b5e.asm,PreviousFilesRecovery.exe,plain,0,0
71b5f4aa8d12dd4b7982b2d5607cb9b5f40c7e7676dc36f2aeeb482561117251,good_train,root,0,x64,3746,3745,good_train/root/71b5f4aa8d12dd4b7982b2d5607cb9b5f40c7e7676dc36f2aeeb482561117251.asm,PrintBrm.exe,plain,0,0
6b7275e494800a3e9e0c388376951d2a90751baec531aa6c646b9f3984ee58f9,good_train,root,0,x64,47367,47366,good_train/root/6b7275e494800a3e9e0c388376951d2a90751baec531aa6c646b9f3984ee58f9.asm,PrintBrmEngine.exe,plain,0,0
c66d4d5a57fb0a3266b9c194c86712c504720b8f1e666244c25f1c8689c23c27,good_train,root,0,x64,9513,9512,good_train/root/c66d4d5a57fb0a3266b9c194c86712c504720b8f1e666244c25f1c8689c23c27.asm,PrintBrmUi.exe,plain,0,0
49343c909213ce6486ca75b061ef223fed1ae0a54940e40352f5a457dc20db76,good_train,root,0,x64,1237,1236,good_train/root/49343c909213ce6486ca75b061ef223fed1ae0a54940e40352f5a457dc20db76.asm,PrintDialog.exe,plain,0,0
f0d0591c4cd1a475ed985659b03d16c0fc772a82a7efb643b8d94ae851b4a2b7,good_train,root,0,x64,3073,3072,good_train/root/f0d0591c4cd1a475ed985659b03d16c0fc772a82a7efb643b8d94ae851b4a2b7.asm,PrintIsolationHost.exe,plain,0,0
087cb3c3fe201e9b0aff754f4503c61a5187ade8468e5d3b81c8be0e97172a50,good_train,root,0,x86,8565,8563,good_train/root/087cb3c3fe201e9b0aff754f4503c61a5187ade8468e5d3b81c8be0e97172a50.asm,PrivaZerPortable_4.0.42.paf.exe,plain,1,0
25f014600a497a9948f90c72204cf334297a47777e3fe67d376b9d2b1baf1955,good_train,root,0,x64,13668,13667,good_train/root/25f014600a497a9948f90c72204cf334297a47777e3fe67d376b9d2b1baf1955.asm,PrivacyNotifier.exe,plain,0,0
5709f63fbc119f93e6d86090a6156bda3179a7d2ed74345600e288acb9567962,good_train,root,0,x64,15527,15526,good_train/root/5709f63fbc119f93e6d86090a6156bda3179a7d2ed74345600e288acb9567962.asm,ProcessActivityView.exe,plain,0,0
defa27b0544db54f4329fdc40eb42b38af9b443dad08450a8ad1ea5127025944,good_train,root,0,x86,8488,8486,good_train/root/defa27b0544db54f4329fdc40eb42b38af9b443dad08450a8ad1ea5127025944.asm,ProcessExplorerPortable_16.43_online.paf.exe,plain,1,0
b0668b6596578d5d918c8d29083423c8025bd49328130383841139dd575868c6,good_train,root,0,x86,8138,8136,good_train/root/b0668b6596578d5d918c8d29083423c8025bd49328130383841139dd575868c6.asm,ProcessHackerPortable_2.39_English.paf.exe,plain,1,0
c917e06dd0073cc6b54c72d12a75fddc199bd1352b2b008db27eadeb6d47f054,good_train,root,0,x86,8565,8563,good_train/root/c917e06dd0073cc6b54c72d12a75fddc199bd1352b2b008db27eadeb6d47f054.asm,ProcessMonitorPortable_3.89_online.paf.exe,plain,1,0
d6677a6e60b5473b1214e860e55de9795af1478c3ce1a0c4e8889c781c2f5726,good_train,root,0,x64,19662,19661,good_train/root/d6677a6e60b5473b1214e860e55de9795af1478c3ce1a0c4e8889c781c2f5726.asm,ProcessTCPSummary.exe,plain,0,0
0cb3de81ae063b9cf252b560bf0ef054b85b037dc4db0e71db8bffa20bbb3951,good_train,root,0,x64,18452,18451,good_train/root/0cb3de81ae063b9cf252b560bf0ef054b85b037dc4db0e71db8bffa20bbb3951.asm,ProcessThreadsView.exe,plain,0,0
6cf9dbed273e35c0719ef691074ec6d84e6a89e5f9674120eec757a501e8564c,good_train,root,0,x64,44430,44421,good_train/root/6cf9dbed273e35c0719ef691074ec6d84e6a89e5f9674120eec757a501e8564c.asm,ProduKey.exe,plain,8,0
3f496107a57e2f49a3f9e54892f30409d3077b160a971c12e120243e82bff4f6,good_train,root,0,x64,19143,19142,good_train/root/3f496107a57e2f49a3f9e54892f30409d3077b160a971c12e120243e82bff4f6.asm,ProductKeyScanner.exe,plain,0,0
615b0bcf86f66d24802dea27bcb1e72f82876bcf79be4b6b52c761e0f5eff71d,good_train,root,0,x64,21984,21983,good_train/root/615b0bcf86f66d24802dea27bcb1e72f82876bcf79be4b6b52c761e0f5eff71d.asm,PropertySystemView.exe,plain,0,0
05910cdb1c0892af91d31e7db38a09f0dedda1cad76989726f0f4c1915c7040c,good_train,root,0,x64,54725,54724,good_train/root/05910cdb1c0892af91d31e7db38a09f0dedda1cad76989726f0f4c1915c7040c.asm,ProximityUxHost.exe,plain,0,0
6f445101d7b70f76e310559158ea47655f90d4aee0f0e02a1764f16acc653422,good_train,root,0,x86,8565,8563,good_train/root/6f445101d7b70f76e310559158ea47655f90d4aee0f0e02a1764f16acc653422.asm,Q-DirPortable_10.65_Rev_2.paf.exe,plain,1,0
8523f20fdcd3371638c5d9b8e28e970a92ac6d0307b845326f3a73d798999605,good_train,root,0,x86,56056,56050,good_train/root/8523f20fdcd3371638c5d9b8e28e970a92ac6d0307b845326f3a73d798999605.asm,QB_DOS.exe,plain,5,0
f155ec0206ff0f6ab76c775f00e8aac3859d3b0953a311147fc3ded7b8762904,good_train,root,0,x86,16751,16750,good_train/root/f155ec0206ff0f6ab76c775f00e8aac3859d3b0953a311147fc3ded7b8762904.asm,QuickSetDNS.exe,plain,0,0
b7ae247af132aabe61de264ba3f3f6f18a0be528fd75c2246834d52379eddb6c,good_train,root,0,x86,9251,9250,good_train/root/b7ae247af132aabe61de264ba3f3f6f18a0be528fd75c2246834d52379eddb6c.asm,QwikMarkPortable_0.4_English.paf.exe,plain,0,0
e31e2c01f113e60e8abba26c11eb8792d93f8965dfbac70c7ed784ba82e3bae3,good_train,root,0,x86,8488,8486,good_train/root/e31e2c01f113e60e8abba26c11eb8792d93f8965dfbac70c7ed784ba82e3bae3.asm,RAMMapPortable_1.60_English_online.paf.exe,plain,1,0
22cf868e24751d82c0a1459895a786451a308e4e5aed101adda22ac39da06ed1,good_train,root,0,x86,8565,8563,good_train/root/22cf868e24751d82c0a1459895a786451a308e4e5aed101adda22ac39da06ed1.asm,RBTrayPortable_4.14_English.paf.exe,plain,1,0
33d2a21e0f13052f38ac0db672f69c6f00a265c2a7d3240b844b397106a34c62,good_train,root,0,x64,9896,9895,good_train/root/33d2a21e0f13052f38ac0db672f69c6f00a265c2a7d3240b844b397106a34c62.asm,RDSPnf.exe,plain,0,0
ca4c0e31bb8ddf99b5f3df595b09fb4bc93a1cc7d465adc289488d16683cd935,good_train,root,0,x64,23560,23559,good_train/root/ca4c0e31bb8ddf99b5f3df595b09fb4bc93a1cc7d465adc289488d16683cd935.asm,RDVGHelper.exe,plain,0,0
9162b0ff6453363794763bfcf06bd80f560780a20f8a2b590bae987034f3a48e,good_train,root,0,x86,101254,100000,good_train/root/9162b0ff6453363794763bfcf06bd80f560780a20f8a2b590bae987034f3a48e.asm,RMActivate.exe,plain,1252,1
f983d1a5eaa26f8300dc6d8cc7b15782e6f0bf3f7b3a57c845bc4b2c470e0879,good_train,root,0,x86,101208,100000,good_train/root/f983d1a5eaa26f8300dc6d8cc7b15782e6f0bf3f7b3a57c845bc4b2c470e0879.asm,RMActivate_isv.exe,plain,1206,1
b437fec40dbcd4105eed821ff75ba7eea5145bae15783701ae09d52f31db3e98,good_train,root,0,x86,100695,100000,good_train/root/b437fec40dbcd4105eed821ff75ba7eea5145bae15783701ae09d52f31db3e98.asm,RMActivate_ssp.exe,plain,693,1
29bd8c3471b341ca78b9c2612de89ce3558a3cd07d675995000e0b3c79b05509,good_train,root,0,x86,100708,100000,good_train/root/29bd8c3471b341ca78b9c2612de89ce3558a3cd07d675995000e0b3c79b05509.asm,RMActivate_ssp_isv.exe,plain,706,1
ccdcc49b612bd8c3c5075bf760b2e49dda20a23a16e156ec3955dd349bcb5805,good_train,root,0,x86,4114,4103,good_train/root/ccdcc49b612bd8c3c5075bf760b2e49dda20a23a16e156ec3955dd349bcb5805.asm,ROUTE.EXE,plain,10,0
5a9a5ae741322bfea383c1384d616e466c435a24c44e3322a774b93fbbe70d39,good_train,root,0,x64,17065,17064,good_train/root/5a9a5ae741322bfea383c1384d616e466c435a24c44e3322a774b93fbbe70d39.asm,RTMPDumpHelper.exe,plain,0,0
7c2fde2638780cf0e81b7ffda6dbb57108498f85d944168b0884aa1e300bb53d,good_train,root,0,x86,8488,8486,good_train/root/7c2fde2638780cf0e81b7ffda6dbb57108498f85d944168b0884aa1e300bb53d.asm,RapidCRCUnicodePortable_0.3.37_English.paf.exe,plain,1,0
bcb046625db80875af6732ceef40bfbaf801875a1be9e9d4d8b4c94111018e47,good_train,root,0,x86,9950,9932,good_train/root/bcb046625db80875af6732ceef40bfbaf801875a1be9e9d4d8b4c94111018e47.asm,RdpSa.exe,plain,17,0
112725aa0a890535231f201529cb5f382e5f00959f268a6a637818b74216d13c,good_train,root,0,x86,5460,5442,good_train/root/112725aa0a890535231f201529cb5f382e5f00959f268a6a637818b74216d13c.asm,RdpSaProxy.exe,plain,17,0
cbd3dbd850289f1888b4dc6884f0e5474063fe4d57e9f8bef0b325f76284bbd6,good_train,root,0,x86,5717,5689,good_train/root/cbd3dbd850289f1888b4dc6884f0e5474063fe4d57e9f8bef0b325f76284bbd6.asm,RdpSaUacHelper.exe,plain,27,0
ef577d51307e12c4315c0504199b8a01175bf7e742d1ce4c4d41cae4543d6ac4,good_train,root,0,x86,8132,8115,good_train/root/ef577d51307e12c4315c0504199b8a01175bf7e742d1ce4c4d41cae4543d6ac4.asm,ReAgentc.exe,plain,16,0
f2f2eed19e058382550e6c6d009a601d3104cb72ed581f36ca194bf08c6cab32,good_train,root,0,x86,8488,8486,good_train/root/f2f2eed19e058382550e6c6d009a601d3104cb72ed581f36ca194bf08c6cab32.asm,ReNamerPortable_7.3.paf.exe,plain,1,0
4f101320a686d94b4a478a6335d505788eebb3e6a08edb49e314196039979484,good_train,root,0,x64,100002,100000,good_train/root/4f101320a686d94b4a478a6335d505788eebb3e6a08edb49e314196039979484.asm,Receiver.exe,plain,0,1
ff105c9aea9fdedd8fecba63a29d7420352e5fddff350c48120ce257ebc634df,good_train,root,0,x86,13678,13677,good_train/root/ff105c9aea9fdedd8fecba63a29d7420352e5fddff350c48120ce257ebc634df.asm,RecentFilesView.exe,plain,0,0
4f3474844d26e788bb61745b40b2e3bf5f339ca3f229d303c318de181e638c8a,good_train,root,0,x64,100002,100000,good_train/root/4f3474844d26e788bb61745b40b2e3bf5f339ca3f229d303c318de181e638c8a.asm,RecoveryDrive.exe,plain,0,1
b350d80e95786958036866622bc212ff604eed498b21d2703450ce4cd108c28e,good_train,root,0,x86,9251,9250,good_train/root/b350d80e95786958036866622bc212ff604eed498b21d2703450ce4cd108c28e.asm,RegAlyzerPortable_1.6.2.16.paf.exe,plain,0,0
52d52b59561c3ddba7998cfdc82263846691cca7bcca70016ba2e6216e3b5683,good_train,root,0,x64,18040,18039,good_train/root/52d52b59561c3ddba7998cfdc82263846691cca7bcca70016ba2e6216e3b5683.asm,RegDllView.exe,plain,0,0
f31d8aedef1e9b1e1fe03a083a8e21e2cb8cb55380ed521e0fd2a7e00cff1165,good_train,root,0,x86,1946,1945,good_train/root/f31d8aedef1e9b1e1fe03a083a8e21e2cb8cb55380ed521e0fd2a7e00cff1165.asm,RegFileExport.exe,plain,0,0
a745831032340b3f68d3171c150e3f176a59cd6c633d90d843de8d205e426e71,good_train,root,0,x64,12372,12371,good_train/root/a745831032340b3f68d3171c150e3f176a59cd6c633d90d843de8d205e426e71.asm,RegFromApp.exe,plain,0,0
8d329719ab5bb2c71c4299be12089d7550b446416a9f0bb3ea9f85faad42d838,good_train,root,0,x64,26777,26776,good_train/root/8d329719ab5bb2c71c4299be12089d7550b446416a9f0bb3ea9f85faad42d838.asm,RegScanner.exe,plain,0,0
11fc84778b6b88dde720b4b84354a64f3256be6149cd5f558350bb3f5ce8c204,good_train,root,0,x86,5229,5196,good_train/root/11fc84778b6b88dde720b4b84354a64f3256be6149cd5f558350bb3f5ce8c204.asm,Register-CimProvider.exe,plain,32,0
324ef7350f35d6f923b64f12f32a9ed07fa7c90c5c335c86d76c9c1a166fde4f,good_train,root,0,x64,25397,25396,good_train/root/324ef7350f35d6f923b64f12f32a9ed07fa7c90c5c335c86d76c9c1a166fde4f.asm,RegistryChangesView.exe,plain,0,0
1c209b731ecb4c76bdac01ec789c8c8fce59bb7aa145c4791c8d4a4932bfdf74,good_train,root,0,x86,9251,9250,good_train/root/1c209b731ecb4c76bdac01ec789c8c8fce59bb7aa145c4791c8d4a4932bfdf74.asm,RegshotPortable_1.9.0.paf.exe,plain,0,0
036e9c86b1d9338c2328822680fa51dbbc0e7855bc73254f147ea99a24c17602,good_train,root,0,x64,17750,17749,good_train/root/036e9c86b1d9338c2328822680fa51dbbc0e7855bc73254f147ea99a24c17602.asm,RelPost.exe,plain,0,0
fb169c7cda21796ff822cb536e67ab0071a3e54404338897d8b9e58238c103c3,good_train,root,0,x64,56857,56856,good_train/root/fb169c7cda21796ff822cb536e67ab0071a3e54404338897d8b9e58238c103c3.asm,RemindersServer.exe,plain,0,0
0de2f69d0c256f0b95795961e7ec40ef6dcd023d95293c414bbd68d9bccb413a,good_train,root,0,x64,80881,80880,good_train/root/0de2f69d0c256f0b95795961e7ec40ef6dcd023d95293c414bbd68d9bccb413a.asm,RemindersShareTargetApp.exe,plain,0,0
a2a38886919bdeec8150b2474f84671cba2d061967ded2bcb97ed6bb57c3644d,good_train,root,0,x64,19572,19571,good_train/root/a2a38886919bdeec8150b2474f84671cba2d061967ded2bcb97ed6bb57c3644d.asm,RemoteAppLifetimeManager.exe,plain,0,0
b1a25d53c302c3b4e7d6affbc309e67c3761e0d189b9fc1389e16c626ef8b09d,good_train,root,0,x64,1299,1298,good_train/root/b1a25d53c302c3b4e7d6affbc309e67c3761e0d189b9fc1389e16c626ef8b09d.asm,RemotePosWorker.exe,plain,0,0
cd4649748eef2d035b01039d1113dde1194e4608a3a0c665e8fa689c1cab7bfd,good_train,root,0,x64,1256,1255,good_train/root/cd4649748eef2d035b01039d1113dde1194e4608a3a0c665e8fa689c1cab7bfd.asm,ResetEngine.exe,plain,0,0
8323c8291c5008d0cab7a6a0845d3222091c594342fa148106aac9c8eb2287b0,good_train,root,0,x86,8488,8486,good_train/root/8323c8291c5008d0cab7a6a0845d3222091c594342fa148106aac9c8eb2287b0.asm,ResourceHackerPortable_5.1.8_English.paf.exe,plain,1,0
a718da8b2a1197d449d43c18f1fb9cf18aef47bdd61a7961120f02392d1b0fe7,good_train,root,0,x64,7332,7331,good_train/root/a718da8b2a1197d449d43c18f1fb9cf18aef47bdd61a7961120f02392d1b0fe7.asm,ResourcesExtract.exe,plain,0,0
1aaa904c2afcca523962461f16b5ecbf202c621e06693ddd787c533b17043793,good_train,root,0,x86,2853,2843,good_train/root/1aaa904c2afcca523962461f16b5ecbf202c621e06693ddd787c533b17043793.asm,RmClient.exe,plain,9,0
826075cd67d0b9e552813f6770a28b93e69110b72d1cab2b2cbac6143a055f19,good_train,root,0,x86,36374,36366,good_train/root/826075cd67d0b9e552813f6770a28b93e69110b72d1cab2b2cbac6143a055f19.asm,Road_Rash.exe,plain,7,0
b636be5941a8fccbac70d73bf4aae8179add31bccc8dc0d32bdec50b1b4d60a6,good_train,root,0,x86,100002,100000,good_train/root/b636be5941a8fccbac70d73bf4aae8179add31bccc8dc0d32bdec50b1b4d60a6.asm,RobloxPlayerLauncher.exe,plain,0,1
b5a99113cc15c20ec50f2e2042a06c7760ee79504c559d8368334923f6be1eb7,good_train,root,0,x86,30032,29924,good_train/root/b5a99113cc15c20ec50f2e2042a06c7760ee79504c559d8368334923f6be1eb7.asm,Robocopy.exe,plain,107,0
3ee00a42a65d2df9ee571875a11f53b56c8494e90e1e8e60e128aabdb56399c8,good_train,root,0,x86,31832,31831,good_train/root/3ee00a42a65d2df9ee571875a11f53b56c8494e90e1e8e60e128aabdb56399c8.asm,RouterPassView.exe,plain,0,0
b33650a4e2b61d934783e1fa732dbc618f5f8b4c523fb6af68ff12e6cac74687,good_train,root,0,x86,5688,5676,good_train/root/b33650a4e2b61d934783e1fa732dbc618f5f8b4c523fb6af68ff12e6cac74687.asm,RpcPing.exe,plain,11,0
bcdbe1ec59f98bf406818c46a8576f99e677f86f48323162958d2ac24a21e6cf,good_train,root,0,x86,8565,8563,good_train/root/bcdbe1ec59f98bf406818c46a8576f99e677f86f48323162958d2ac24a21e6cf.asm,RufusPortable_3.18.paf.exe,plain,1,0
f782795034537c063c760d7bf93b652ec85313e02314e2d00e415013a0ab490c,good_train,root,0,x64,11917,11916,good_train/root/f782795034537c063c760d7bf93b652ec85313e02314e2d00e415013a0ab490c.asm,RunAsDate.exe,plain,0,0
06faa3dcf4be59c070bbaaee30bcf5479478005601c0db21d6af5788dfbd012e,good_train,root,0,x64,2015,2014,good_train/root/06faa3dcf4be59c070bbaaee30bcf5479478005601c0db21d6af5788dfbd012e.asm,RunFromProcess-x64.exe,plain,0,0
78defb3da5896a26cb05090ae0e9945027a206215f97b4ce5dac9dea9469767b,good_train,root,0,x86,2039,2038,good_train/root/78defb3da5896a26cb05090ae0e9945027a206215f97b4ce5dac9dea9469767b.asm,RunFromProcess.exe,plain,0,0
d74c1659560e1244d9097a3f61de5a588c4bace7f5e6676b5d65bbed6ff1675c,good_train,root,0,x86,4813,4799,good_train/root/d74c1659560e1244d9097a3f61de5a588c4bace7f5e6676b5d65bbed6ff1675c.asm,RunLegacyCPLElevated.exe,plain,13,0
3f82d416fbee431b0ae798078f9c354711577f48b38901788c784a5ec0dd13b3,good_train,root,0,x64,17034,17033,good_train/root/3f82d416fbee431b0ae798078f9c354711577f48b38901788c784a5ec0dd13b3.asm,RuntimeBroker.exe,plain,0,0
50b26ff7b0230c9c1495b979fe0d30cbae6d07f0f484bc7458b007ec09397450,good_train,root,0,x86,24279,24195,good_train/root/50b26ff7b0230c9c1495b979fe0d30cbae6d07f0f484bc7458b007ec09397450.asm,SHAREit-KCWEB.exe,plain,82,0
3118826c737001df153068efc171276509739c660d756c6129d8ab3d31d91b9c,good_train,root,0,x64,53238,53237,good_train/root/3118826c737001df153068efc171276509739c660d756c6129d8ab3d31d91b9c.asm,SIHClient.exe,plain,0,0
8f863dd7e40a15b3dc07bbd96c2dc49f76c0bb5c730e2b9ca4beb58b0c14b6b4,good_train,root,0,x86,9251,9250,good_train/root/8f863dd7e40a15b3dc07bbd96c2dc49f76c0bb5c730e2b9ca4beb58b0c14b6b4.asm,SIWPortable_2011.10.29.paf.exe,plain,0,0
e71620ec8934f98f2bdf69d8aa1d98c62d39465d13834f1de6440c6aaae15049,good_train,root,0,x86,8138,8136,good_train/root/e71620ec8934f98f2bdf69d8aa1d98c62d39465d13834f1de6440c6aaae15049.asm,SSD-ZPortable_16.09.09b_English.paf.exe,plain,1,0
8870d531b91db8afb53ab87c8e6f63d33129e89398acced55d2939a78f2c72a5,good_train,root,0,x86,8565,8563,good_train/root/8870d531b91db8afb53ab87c8e6f63d33129e89398acced55d2939a78f2c72a5.asm,SUMoPortable_5.14.12.520_English.paf.exe,plain,1,0
231fd04cbe983d7db323e179297edb7d9698bb70701d72fad36a7a5195086e0f,good_train,root,0,x86,13710,13709,good_train/root/231fd04cbe983d7db323e179297edb7d9698bb70701d72fad36a7a5195086e0f.asm,SafariHistoryView.exe,plain,0,0
dd8a449737ca241bf34be50df7acf09bb62af97cc6ae8e6e5b4cccb6da7f4dec,good_train,root,0,x86,38933,38794,good_train/root/dd8a449737ca241bf34be50df7acf09bb62af97cc6ae8e6e5b4cccb6da7f4dec.asm,SearchFilterHost.exe,plain,138,0
a3da3d238e1118920ba40ca238a10e5aea0fcb76970bc0c6a104b9198c2510ec,good_train,root,0,x86,13754,13753,good_train/root/a3da3d238e1118920ba40ca238a10e5aea0fcb76970bc0c6a104b9198c2510ec.asm,SearchFilterView.exe,plain,0,0
5e814bebf59998e85eb0e5aebca1487acebec63277d1b0a451308b599cd48df9,good_train,root,0,x64,37907,37906,good_train/root/5e814bebf59998e85eb0e5aebca1487acebec63277d1b0a451308b599cd48df9.asm,SearchMyFiles.exe,plain,0,0
343e8924ea917f83ded38fff89675a233011d82b2aba9d4a9675c24a039f5be5,good_train,root,0,x86,4335,4324,good_train/root/343e8924ea917f83ded38fff89675a233011d82b2aba9d4a9675c24a039f5be5.asm,SecEdit.exe,plain,10,0
2db6bbfb18c68629fe87269e3bebd97c73588bcb2ce2825d7f9a3628101c935a,good_train,root,0,x64,100002,100000,good_train/root/2db6bbfb18c68629fe87269e3bebd97c73588bcb2ce2825d7f9a3628101c935a.asm,SecHealthUI.exe,plain,0,1
359b9f5426377a2706913ac56cec43ab2f0538ccd788d6fdf2dce21554dddb3a,good_train,root,0,x64,100002,100000,good_train/root/359b9f5426377a2706913ac56cec43ab2f0538ccd788d6fdf2dce21554dddb3a.asm,SecurityHealthService.exe,plain,0,1
48f852164ef4747fcddff463034cad33167e341d241536b122ae74fc8841c941,good_train,root,0,x64,7169,7168,good_train/root/48f852164ef4747fcddff463034cad33167e341d241536b122ae74fc8841c941.asm,SecurityHealthSystray.exe,plain,0,0
3af3f78d6c67afc4eff7e64c90bbbb445921e92ef25a06aacd156f82761d0691,good_train,root,0,x86,18053,18052,good_train/root/3af3f78d6c67afc4eff7e64c90bbbb445921e92ef25a06aacd156f82761d0691.asm,SecurityQuestionsView.exe,plain,0,0
a54e3494461db40dbe0ac3e6d5b0b557ead7f28fa1941ff99e696eef946a2840,good_train,root,0,x86,13763,13762,good_train/root/a54e3494461db40dbe0ac3e6d5b0b557ead7f28fa1941ff99e696eef946a2840.asm,SecuritySoftView.exe,plain,0,0
c8d1af1cdfe8faf7c12a8bccf7234209cdf02ee3eacde237864cb2afa0278134,good_train,root,0,x64,100002,100000,good_train/root/c8d1af1cdfe8faf7c12a8bccf7234209cdf02ee3eacde237864cb2afa0278134.asm,SenseCncProxy.exe,plain,0,1
b7de6e79e0d1de3e8970bc876eb247d0fccc45c9450606ec3ec5a7c2d99534df,good_train,root,0,x64,100002,100000,good_train/root/b7de6e79e0d1de3e8970bc876eb247d0fccc45c9450606ec3ec5a7c2d99534df.asm,SenseSampleUploader.exe,plain,0,1
071e545daae61b9aded9d889bf4e8d953d825c1203793f9b4c09e02550544216,good_train,root,0,x64,100002,100000,good_train/root/071e545daae61b9aded9d889bf4e8d953d825c1203793f9b4c09e02550544216.asm,SensorDataService.exe,plain,0,1
095ea48ed2f233da5d60130d9a2a8f7529ac6ad513ec7d390e7f86a4ed2ab6d0,good_train,root,0,x86,11608,11607,good_train/root/095ea48ed2f233da5d60130d9a2a8f7529ac6ad513ec7d390e7f86a4ed2ab6d0.asm,SeqDownload.exe,plain,0,0
db06c542723327d95d54d7d21954cdb7787b7a56ab85aff58c3c9746b85bab69,good_train,root,0,x86,66348,66090,good_train/root/db06c542723327d95d54d7d21954cdb7787b7a56ab85aff58c3c9746b85bab69.asm,ServiceModelReg.exe,plain,257,0
fffc540eab0035a188e47b8f2fa25bbe0c367a97b459bc0c440651388dd42647,good_train,root,0,x64,49082,49081,good_train/root/fffc540eab0035a188e47b8f2fa25bbe0c367a97b459bc0c440651388dd42647.asm,SgrmBroker.exe,plain,0,0
68601caee437fdd4cc9c85ec4f10344e4e13fcfc1597656978b541042fc8beec,good_train,root,0,x64,8267,8266,good_train/root/68601caee437fdd4cc9c85ec4f10344e4e13fcfc1597656978b541042fc8beec.asm,SgrmLpac.exe,plain,0,0
28d452dd1be5394ee3f5b1b595f4a138fea6067f59c95609d69fbe4c6d6b4c82,good_train,root,0,x64,18364,18363,good_train/root/28d452dd1be5394ee3f5b1b595f4a138fea6067f59c95609d69fbe4c6d6b4c82.asm,ShadowCopyView.exe,plain,0,0
5718c40a309aad4db4f616ef89af0c823948ee157a3f3e843533cff4618a85f9,good_train,root,0,x64,68206,68205,good_train/root/5718c40a309aad4db4f616ef89af0c823948ee157a3f3e843533cff4618a85f9.asm,ShapeCollector.exe,plain,0,0
99396631afecc96682e046c06f60f2e17b183418431482c551f13fb3bd7b09c1,good_train,root,0,x86,14971,14970,good_train/root/99396631afecc96682e046c06f60f2e17b183418431482c551f13fb3bd7b09c1.asm,ShellBagsView.exe,plain,0,0
0908afb32ed5892530fdafd0499457b04f32526df0be2f1ebc3ee6316b9f1edf,good_train,root,0,x86,12994,12993,good_train/root/0908afb32ed5892530fdafd0499457b04f32526df0be2f1ebc3ee6316b9f1edf.asm,ShellMenuNew.exe,plain,0,0
dbec13f4d435550c761bd0f5ebfe7885f22792c1a495af5220234435debf8b2b,good_train,root,0,x86,8488,8486,good_train/root/dbec13f4d435550c761bd0f5ebfe7885f22792c1a495af5220234435debf8b2b.asm,ShortcutsSearchAndReplacePortable_1.9.0_English.paf.exe,plain,1,0
49f6d2e206ab8bcbe91a8978f711530554b2586f6ad70e94dc7852b696404dc9,good_train,root,0,x86,10544,10543,good_train/root/49f6d2e206ab8bcbe91a8978f711530554b2586f6ad70e94dc7852b696404dc9.asm,SimpleCodeGenerator.exe,plain,0,0
d89e213986248c2b964221d7817b5c9df326a30e46a07b1b6b8dbccd981d0cda,good_train,root,0,x64,18661,18660,good_train/root/d89e213986248c2b964221d7817b5c9df326a30e46a07b1b6b8dbccd981d0cda.asm,SimpleProgramDebugger.exe,plain,0,0
0e8ad31d5cddf35d3b8f31a734031efec5956ce3952f1b313a3eb04e4a2f9185,good_train,root,0,x64,22660,22659,good_train/root/0e8ad31d5cddf35d3b8f31a734031efec5956ce3952f1b313a3eb04e4a2f9185.asm,SimpleWMIView.exe,plain,0,0
f62b14dc9d1d407fb0b0cc4802804081833a1934aca935e6efe232becbbe84d6,good_train,root,0,x86,39612,39608,good_train/root/f62b14dc9d1d407fb0b0cc4802804081833a1934aca935e6efe232becbbe84d6.asm,SiteShoter.exe,plain,3,0
6bafeab61149af6a607d33c92b001b3798872bd2d6a37acfcd90226c980005f6,good_train,root,0,x86,87689,87685,good_train/root/6bafeab61149af6a607d33c92b001b3798872bd2d6a37acfcd90226c980005f6.asm,SkypeContactsView.exe,plain,3,0
b49e30ae3d388505f0a30fd137e62ee6c2df73e6db6536553b62592d01cf6f6c,good_train,root,0,x86,89099,89096,good_train/root/b49e30ae3d388505f0a30fd137e62ee6c2df73e6db6536553b62592d01cf6f6c.asm,SkypeLogView.exe,plain,2,0
acda4f5448b1da3633da5a240ffacd64bd89abf55c3ef6f162fe5326f4810973,good_train,root,0,x86,9251,9250,good_train/root/acda4f5448b1da3633da5a240ffacd64bd89abf55c3ef6f162fe5326f4810973.asm,SmartDeblurPortable_1.27_English.paf.exe,plain,0,0
2ddf7a0a416c31783ac15082b660d1b0fc27e0cbecd1728d36485a534856d3e0,good_train,root,0,x86,9251,9250,good_train/root/2ddf7a0a416c31783ac15082b660d1b0fc27e0cbecd1728d36485a534856d3e0.asm,SnapTimerPortable_0.1_English.paf.exe,plain,0,0
439997e510099ccd0d086dc1a99df6651ced076b34df2029a6cbbdad6204b469,good_train,root,0,x86,44414,44288,good_train/root/439997e510099ccd0d086dc1a99df6651ced076b34df2029a6cbbdad6204b469.asm,SndVol.exe,plain,125,0
9f769e52ac15ae1d0b6a3da293f612ac24303882b1d49ef7a5105ed1b24210d3,good_train,root,0,x64,58401,58400,good_train/root/9f769e52ac15ae1d0b6a3da293f612ac24303882b1d49ef7a5105ed1b24210d3.asm,SnippingTool.exe,plain,0,0
1e61a6d0b6415b19a59771bddaf7649a80d4a6d322ab11686fc22d70d8c284cc,good_train,root,0,x86,14596,14595,good_train/root/1e61a6d0b6415b19a59771bddaf7649a80d4a6d322ab11686fc22d70d8c284cc.asm,SocketSniff.exe,plain,0,0
9755ef8deea93ae9d7efaceb3ccdf9a14cbf75c31ca6115b0c939efff02fb293,good_train,root,0,x64,29701,29700,good_train/root/9755ef8deea93ae9d7efaceb3ccdf9a14cbf75c31ca6115b0c939efff02fb293.asm,SoundVolumeView.exe,plain,0,0
ef37fa6999c453544a19aeab24f344abdfae761e810c9c29de6cf2eac2f1eaad,good_train,root,0,x64,24787,24786,good_train/root/ef37fa6999c453544a19aeab24f344abdfae761e810c9c29de6cf2eac2f1eaad.asm,SpaceAgent.exe,plain,0,0
c41bffaf1466bb7375a31032fc6c95517449208ec40e7d42b0499c76bf438404,good_train,root,0,x86,43630,43393,good_train/root/c41bffaf1466bb7375a31032fc6c95517449208ec40e7d42b0499c76bf438404.asm,SpatialAudioLicenseSrv.exe,plain,236,0
9911e0e65221485e2a2f6d439ca2f0187d23e829327797fdaee55f8751e32849,good_train,root,0,x64,13293,13292,good_train/root/9911e0e65221485e2a2f6d439ca2f0187d23e829327797fdaee55f8751e32849.asm,SpecialFoldersView.exe,plain,0,0
fb85fad33e989f58345632e9fc022447032a5f476e3233f03345d322831263bd,good_train,root,0,x64,100002,100000,good_train/root/fb85fad33e989f58345632e9fc022447032a5f476e3233f03345d322831263bd.asm,Spectrum.exe,plain,0,1
0a33b7629ac61cbf5f813bf29cb723bd84df41fe4447d7725d9817454d100ede,good_train,root,0,x86,44166,44065,good_train/root/0a33b7629ac61cbf5f813bf29cb723bd84df41fe4447d7725d9817454d100ede.asm,SpeechModelDownload.exe,plain,100,0
ec39f8fdbda62dc70392d7efff271fd189c087336dc716e51abae888caef5a32,good_train,root,0,x64,53209,53208,good_train/root/ec39f8fdbda62dc70392d7efff271fd189c087336dc716e51abae888caef5a32.asm,SpeechUXWiz.exe,plain,0,0
3e842b86a5cc701077364bf8cb983e9bb6d716b072d0d0cfee90367cb9f65f15,good_train,root,0,x86,8488,8486,good_train/root/3e842b86a5cc701077364bf8cb983e9bb6d716b072d0d0cfee90367cb9f65f15.asm,SpeedyFoxPortable_2.0.30_Rev_2_English.paf.exe,plain,1,0
2b6b1315f4ff6955281353024f427486f58430f2129a98fa7375c12a580bbd7f,good_train,root,0,x64,11262,11261,good_train/root/2b6b1315f4ff6955281353024f427486f58430f2129a98fa7375c12a580bbd7f.asm,SrTasks.exe,plain,0,0
e2a0e5c527deac05b9f22450b8edb41e08f1621a96ac420b924138804c69256c,good_train,root,0,x86,8488,8486,good_train/root/e2a0e5c527deac05b9f22450b8edb41e08f1621a96ac420b924138804c69256c.asm,StartupSentinelPortable_1.9.0.28_English.paf.exe,plain,1,0
029f918a29b2b311711788e8a477c8de529c11d7dba3caf99cbbde5a983efdad,good_train,root,0,x86,8138,8136,good_train/root/029f918a29b2b311711788e8a477c8de529c11d7dba3caf99cbbde5a983efdad.asm,SteamSetup.exe,plain,1,0
862cac03bed619999040844cafe65c65cd3df4692ed46d3ccf986e369a7c781f,good_train,root,0,x86,36374,36366,good_train/root/862cac03bed619999040844cafe65c65cd3df4692ed46d3ccf986e369a7c781f.asm,Supercopier.exe,plain,7,0
bcf02179ac47ce43dd46bf50d0f758b49f925dae41a3263167119fa1138a6214,good_train,root,0,x64,5328,5327,good_train/root/bcf02179ac47ce43dd46bf50d0f758b49f925dae41a3263167119fa1138a6214.asm,SyncAppvPublishingServer.exe,plain,0,0
47eb6d62cc9b494eb451d19a84407a879b0a4a98a46301558f6da66d5a3cef84,good_train,root,0,x86,10402,10378,good_train/root/47eb6d62cc9b494eb451d19a84407a879b0a4a98a46301558f6da66d5a3cef84.asm,SyncHost.exe,plain,23,0
406fad255f76bcc195213941396d97e1504d002d52f5d2d43aa7d2560718c125,good_train,root,0,x86,9251,9250,good_train/root/406fad255f76bcc195213941396d97e1504d002d52f5d2d43aa7d2560718c125.asm,SynkronPortable_1.6.2_Rev_2.paf.exe,plain,0,0
7994237531700a8fae449ac3c38176e5220d167f4053466c1343f400b6af2d47,good_train,root,0,x64,4875,4874,good_train/root/7994237531700a8fae449ac3c38176e5220d167f4053466c1343f400b6af2d47.asm,SysResetErr.exe,plain,0,0
4b72c902892c8bd605264eb44c53fba8160d29c73680bae4eb8a5292cdab3f43,good_train,root,0,x86,8138,8136,good_train/root/4b72c902892c8bd605264eb44c53fba8160d29c73680bae4eb8a5292cdab3f43.asm,SystemExplorerPortable_7.1.0.paf.exe,plain,1,0
86c7db0e662ca65f8e5989a629e00b03354cc385a9aee8bed7aaae28672d0a5f,good_train,root,0,x86,1195,1185,good_train/root/86c7db0e662ca65f8e5989a629e00b03354cc385a9aee8bed7aaae28672d0a5f.asm,SystemPropertiesAdvanced.exe,plain,9,0
1425d610beb0e3cc092ebe55ca1817ad0ae703489a20bfcabe52e0e2473a8a54,good_train,root,0,x86,1195,1185,good_train/root/1425d610beb0e3cc092ebe55ca1817ad0ae703489a20bfcabe52e0e2473a8a54.asm,SystemPropertiesComputerName.exe,plain,9,0
51259f775be738ce33c857b7777e88c8b6a9afe0c3202e99d4c76f688f315424,good_train,root,0,x86,1192,1183,good_train/root/51259f775be738ce33c857b7777e88c8b6a9afe0c3202e99d4c76f688f315424.asm,SystemPropertiesDataExecutionPrevention.exe,plain,8,0
eb71926b0f0f8b48f831c9589fad0f355f4e2a311f034c951a39de396fb552b9,good_train,root,0,x86,1193,1182,good_train/root/eb71926b0f0f8b48f831c9589fad0f355f4e2a311f034c951a39de396fb552b9.asm,SystemPropertiesHardware.exe,plain,10,0
2348acb60563ca0997da7378e5454515937ef9d54000a5e2e7fb5c81495896af,good_train,root,0,x86,1236,1225,good_train/root/2348acb60563ca0997da7378e5454515937ef9d54000a5e2e7fb5c81495896af.asm,SystemPropertiesPerformance.exe,plain,10,0
a13c30df2c1d6c82a068c207e4ea66b4614c272b733511d234827fbabe6f73f3,good_train,root,0,x86,1199,1189,good_train/root/a13c30df2c1d6c82a068c207e4ea66b4614c272b733511d234827fbabe6f73f3.asm,SystemPropertiesProtection.exe,plain,9,0
76c62b0dc6d0eec97ce4af5dbf7658c6025147ef73653c8e0ce33c15cf4d8570,good_train,root,0,x86,1184,1174,good_train/root/76c62b0dc6d0eec97ce4af5dbf7658c6025147ef73653c8e0ce33c15cf4d8570.asm,SystemPropertiesRemote.exe,plain,9,0
714bc26da9cd95e6268a6a01af211d76de86dc7f2918630e69695d3944b11b12,good_train,root,0,x64,4310,4309,good_train/root/714bc26da9cd95e6268a6a01af211d76de86dc7f2918630e69695d3944b11b12.asm,SystemSettings.exe,plain,0,0
800cfdb1883b3a4c3ae46aa9cdad81ad792d5bfa504827ef5696ec0b21907e9a,good_train,root,0,x64,86642,86641,good_train/root/800cfdb1883b3a4c3ae46aa9cdad81ad792d5bfa504827ef5696ec0b21907e9a.asm,SystemSettingsAdminFlows.exe,plain,0,0
18fdb4262a2a83f9f8d58e7a4370b18ab73dc0c89e0ad12264bfac266144ab26,good_train,root,0,x64,31111,31110,good_train/root/18fdb4262a2a83f9f8d58e7a4370b18ab73dc0c89e0ad12264bfac266144ab26.asm,SystemSettingsBroker.exe,plain,0,0
27440393c18ebccd75abee131f60daab6b2b017fdf71f6dd741c631316786e8a,good_train,root,0,x64,4979,4978,good_train/root/27440393c18ebccd75abee131f60daab6b2b017fdf71f6dd741c631316786e8a.asm,SystemSettingsRemoveDevice.exe,plain,0,0
eb10676bb918d14b74929941471ecf6d02cd189e391549f1d03a692fff62eba2,good_train,root,0,x86,19842,19797,good_train/root/eb10676bb918d14b74929941471ecf6d02cd189e391549f1d03a692fff62eba2.asm,SystemUWPLauncher.exe,plain,44,0
5eb05dba9bb7ba0df72caf0c5a5041eed0b905ec9a4cff7c44b0240fce329cb5,good_train,root,0,x86,19054,19053,good_train/root/5eb05dba9bb7ba0df72caf0c5a5041eed0b905ec9a4cff7c44b0240fce329cb5.asm,TCPConnectProblemView.exe,plain,0,0
b2268460262b8587c8acd530a5edd7fb5d13cf41640d8bcf02a2ea213882fab4,good_train,root,0,x86,1560,1548,good_train/root/b2268460262b8587c8acd530a5edd7fb5d13cf41640d8bcf02a2ea213882fab4.asm,TCPSVCS.EXE,plain,11,0
a09b8d56c2a8c50d4007296821eca42edc23c8a70c868762abff11d4668ac1bd,good_train,root,0,x86,8565,8563,good_train/root/a09b8d56c2a8c50d4007296821eca42edc23c8a70c868762abff11d4668ac1bd.asm,TCPViewPortable_4.17_English_online.paf.exe,plain,1,0
9d950a12f26b79f07c7c44edc1e0c6ed318f1ceec677574ae866d83149a3e600,good_train,root,0,x86,2639,2629,good_train/root/9d950a12f26b79f07c7c44edc1e0c6ed318f1ceec677574ae866d83149a3e600.asm,TRACERT.EXE,plain,9,0
195a7dd209aa9082477490d3ec19fb7b14008608947b39523cea0f8fd3dbaab9,good_train,root,0,x86,11615,11554,good_train/root/195a7dd209aa9082477490d3ec19fb7b14008608947b39523cea0f8fd3dbaab9.asm,TSTheme.exe,plain,60,0
8c4eb1cfb1a741d23f4598218ffe3654ddc8e02485d718a823c24a7c7e899401,good_train,root,0,x64,11227,11226,good_train/root/8c4eb1cfb1a741d23f4598218ffe3654ddc8e02485d718a823c24a7c7e899401.asm,TSWbPrxy.exe,plain,0,0
c9806c79056652eace305c47c6bdef9dec73a1cb9a5ce149eb0ae4101f038057,good_train,root,0,x86,2045,2035,good_train/root/c9806c79056652eace305c47c6bdef9dec73a1cb9a5ce149eb0ae4101f038057.asm,TabTip32.exe,plain,9,0
44109d47dffb3f6b02e699b29c3f2c733699f346dee13973332f4d16f7ad96bb,good_train,root,0,x86,13558,13557,good_train/root/44109d47dffb3f6b02e699b29c3f2c733699f346dee13973332f4d16f7ad96bb.asm,TableTextCompare.exe,plain,0,0
95c45abbbf54a5dd4f6a7e43cb44c2ed32b4f2e6d323d2884d2a66952ddccd3f,good_train,root,0,x86,9915,9913,good_train/root/95c45abbbf54a5dd4f6a7e43cb44c2ed32b4f2e6d323d2884d2a66952ddccd3f.asm,Tango_Logger.exe,plain,0,0
137892cc79f32bf5a94a86d86ff107df006e77fd3f0215137da978c6552cb73a,good_train,root,0,x86,2385,2373,good_train/root/137892cc79f32bf5a94a86d86ff107df006e77fd3f0215137da978c6552cb73a.asm,TapiUnattend.exe,plain,11,0
1084213dbb1e447f59520f74476e72b949d213894409999ee144bdfe4002f80b,good_train,root,0,x64,23174,23173,good_train/root/1084213dbb1e447f59520f74476e72b949d213894409999ee144bdfe4002f80b.asm,TaskSchedulerView.exe,plain,0,0
dfc70b4b3ccfb3332bb77b93570a5112c5c5824774a54c070be9b6e676b78f43,good_train,root,0,x64,27804,27803,good_train/root/dfc70b4b3ccfb3332bb77b93570a5112c5c5824774a54c070be9b6e676b78f43.asm,TcpLogView.exe,plain,0,0
eefe1cc1b637e823908ad21afc46a2ca593d506eb0f136503884cf373b88c7f5,good_train,root,0,x86,9137,9136,good_train/root/eefe1cc1b637e823908ad21afc46a2ca593d506eb0f136503884cf373b88c7f5.asm,TeamViewer_Setup.exe,plain,0,0
084ea84ae09a76189cda863bed2c210519298dab273aba5b74e7f517b6c3b7de,good_train,root,0,x86,9251,9250,good_train/root/084ea84ae09a76189cda863bed2c210519298dab273aba5b74e7f517b6c3b7de.asm,TexterPortable_0.6_Rev_2_English.paf.exe,plain,0,0
37ed1945a2bc2f4c53b0231be12efd84ad6d4568dab2d0b4197bbbf847f0ec26,good_train,root,0,x86,7369,7349,good_train/root/37ed1945a2bc2f4c53b0231be12efd84ad6d4568dab2d0b4197bbbf847f0ec26.asm,ThumbnailExtractionHost.exe,plain,19,0
b504a13f1d9e2c60ff2093bd2f5b7cfc657bf3087f68473d9a8d07110bdfad31,good_train,root,0,x64,100008,100000,good_train/root/b504a13f1d9e2c60ff2093bd2f5b7cfc657bf3087f68473d9a8d07110bdfad31.asm,TiFileFetcher.exe,plain,6,1
138435960f0717184f933aed18cb27773a6acb4f6028c14a7381efbd343185ba,good_train,root,0,x64,23112,22690,good_train/root/138435960f0717184f933aed18cb27773a6acb4f6028c14a7381efbd343185ba.asm,TiWorker.exe,plain,421,0
917f104892ff1890be2ab218b99c2dfed8287ab93ea6895ba74090783d4e341c,good_train,root,0,x64,64849,64848,good_train/root/917f104892ff1890be2ab218b99c2dfed8287ab93ea6895ba74090783d4e341c.asm,TieringEngineService.exe,plain,0,0
1821432c03406169be2e21ea5211c99e9b590b8087dd61dce42a72676b620c50,good_train,root,0,x86,8138,8136,good_train/root/1821432c03406169be2e21ea5211c99e9b590b8087dd61dce42a72676b620c50.asm,TileWorldPortable_1.3.2_English.paf.exe,plain,1,0
a016b037465a9b2f07ef652786bb86ad27a66f16298056d04f769f9d001cd9c0,good_train,root,0,x86,14033,14032,good_train/root/a016b037465a9b2f07ef652786bb86ad27a66f16298056d04f769f9d001cd9c0.asm,TimeZonesView.exe,plain,0,0
efa29a2024460f1df66adb96968f0515a910ed91429059101c0285bb1bed86bc,good_train,root,0,x86,8396,8394,good_train/root/efa29a2024460f1df66adb96968f0515a910ed91429059101c0285bb1bed86bc.asm,TinyTaskPortable_1.77_English.paf.exe,plain,1,0
4cd0f919d243abd480b413ec5a507a1792545b48e0a38e1e9b4349a289ebed4a,good_train,root,0,x86,9251,9250,good_train/root/4cd0f919d243abd480b413ec5a507a1792545b48e0a38e1e9b4349a289ebed4a.asm,Tipp10Portable_2.1.0_Rev_2.paf.exe,plain,0,0
55006ad12e81756ce62630173ffc24ce8865b3aaf2b8497af1ff6ab2e13fbd67,good_train,root,0,x86,7223,7210,good_train/root/55006ad12e81756ce62630173ffc24ce8865b3aaf2b8497af1ff6ab2e13fbd67.asm,TokenBrokerCookies.exe,plain,12,0
0caf7e4653326d385dc8cc1b87156f6290408188ba8d4f2cc69b6cca5a03b536,good_train,root,0,x86,8565,8563,good_train/root/0caf7e4653326d385dc8cc1b87156f6290408188ba8d4f2cc69b6cca5a03b536.asm,Toucan_3.1.8.2.paf.exe,plain,1,0
2a7081195acf53b272040bd4f232691b626b522123d3fe402fca91b3fd64f158,good_train,root,0,x86,9635,9561,good_train/root/2a7081195acf53b272040bd4f232691b626b522123d3fe402fca91b3fd64f158.asm,TpmInit.exe,plain,73,0
95e5d1c1143c151784dfc920cf5c69b64c728085b8d69f9d82974fae77cf9b62,good_train,root,0,x86,8565,8563,good_train/root/95e5d1c1143c151784dfc920cf5c69b64c728085b8d69f9d82974fae77cf9b62.asm,TreeSizeFreePortable_4.53.paf.exe,plain,1,0
8e0d841929ecd6e1223205e0163e1f5b4938973f7bd743a6094a84c3d4db9f56,good_train,root,0,x64,29419,29418,good_train/root/8e0d841929ecd6e1223205e0163e1f5b4938973f7bd743a6094a84c3d4db9f56.asm,TrustedInstaller.exe,plain,0,0
52237230f3def4db702e9b6ea4f6f337c9d259360ee15a9ccff0da6c33241c7a,good_train,root,0,x86,20144,20143,good_train/root/52237230f3def4db702e9b6ea4f6f337c9d259360ee15a9ccff0da6c33241c7a.asm,TurnedOnTimesView.exe,plain,0,0
7edeeea5741eff81baf814c72eb0d02de1c6461a62676ea301e2ad99d048f123,good_train,root,0,x86,8378,8377,good_train/root/7edeeea5741eff81baf814c72eb0d02de1c6461a62676ea301e2ad99d048f123.asm,TwinDistressPortable_1.1.0_English.paf.exe,plain,0,0
813d0279efbf3bbed7deb6fc994ccf091eeba2ea5a516ca4759e9b748f4e0118,good_train,root,0,x86,8396,8394,good_train/root/813d0279efbf3bbed7deb6fc994ccf091eeba2ea5a516ca4759e9b748f4e0118.asm,TypeFasterPortable_0.4.2_Rev_2_English.paf.exe,plain,1,0
734a3636cf6a00686da684aa5cef3705caf5696c3749210b6b02ab91f6fa5a46,good_train,root,0,x86,8396,8394,good_train/root/734a3636cf6a00686da684aa5cef3705caf5696c3749210b6b02ab91f6fa5a46.asm,TyperTaskPortable_1.20_Rev_3_English.paf.exe,plain,1,0
6a04d6ffc6b849b0c86cdabc5f2d5734b6d7dbb0440db100253a339701f5c87c,good_train,root,0,x86,36374,36366,good_train/root/6a04d6ffc6b849b0c86cdabc5f2d5734b6d7dbb0440db100253a339701f5c87c.asm,TypingMaster_Typing_Tutor_Pro.exe,plain,7,0
6fe8c19cbeeb97935af77512b176a25a9cd92e20a1ab98f1d357b9971bc04cc8,good_train,root,0,x64,6291,6290,good_train/root/6fe8c19cbeeb97935af77512b176a25a9cd92e20a1ab98f1d357b9971bc04cc8.asm,UIMgrBroker.exe,plain,0,0
68a9f9df7ff13695d94e572aedf75e203d8bb7fa6ee4481c3017a3bff523563e,good_train,root,0,x64,8916,8915,good_train/root/68a9f9df7ff13695d94e572aedf75e203d8bb7fa6ee4481c3017a3bff523563e.asm,UNPUXHost.exe,plain,0,0
22a98a3262c6d53079e80b18a7bc24f407bd007be09113d440c53a1aef32b381,good_train,root,0,x64,88757,88748,good_train/root/22a98a3262c6d53079e80b18a7bc24f407bd007be09113d440c53a1aef32b381.asm,UNPUXLauncher.exe,plain,8,0
8a5015cb87a7b3347a0bb9aeccc6f8e24f6538f07cd3c7f4b65e7880a2dcc885,good_train,root,0,x86,8488,8486,good_train/root/8a5015cb87a7b3347a0bb9aeccc6f8e24f6538f07cd3c7f4b65e7880a2dcc885.asm,UNetbootinPortable_702.paf.exe,plain,1,0
0658a4f89aa37fe3341abbc5654d64e0aa0ef803c40c8a9d7c59664529fad0a3,good_train,root,0,x86,13836,13835,good_train/root/0658a4f89aa37fe3341abbc5654d64e0aa0ef803c40c8a9d7c59664529fad0a3.asm,URLStringGrabber.exe,plain,0,0
5ba58ea77e77dd0f86bdd200b931cce7d9f48f92df7545e30fdcc91198f09504,good_train,root,0,x64,30407,30406,good_train/root/5ba58ea77e77dd0f86bdd200b931cce7d9f48f92df7545e30fdcc91198f09504.asm,USBDeview.exe,plain,0,0
27c7412c781627ddf490a890f2ffd65f9533b75678a2770b1f0bb755d192f348,good_train,root,0,x86,20766,20765,good_train/root/27c7412c781627ddf490a890f2ffd65f9533b75678a2770b1f0bb755d192f348.asm,USBDriveLog.exe,plain,0,0
31eb4115e6a2ff36bdc86642d11db743b2e2485f5d2c115430d6fa50c0691183,good_train,root,0,x86,16186,16185,good_train/root/31eb4115e6a2ff36bdc86642d11db743b2e2485f5d2c115430d6fa50c0691183.asm,USBLogView.exe,plain,0,0
f2d7ef4d1a42cba9e2fceb2521e414fee946a1bd0ce912427438c2f4d9209a90,good_train,root,0,x86,9251,9250,good_train/root/f2d7ef4d1a42cba9e2fceb2521e414fee946a1bd0ce912427438c2f4d9209a90.asm,USBSudokuPortable_2.0_English.paf.exe,plain,0,0
85b3a95732635980c9f0c522c5c5c46c051206ccdb9891188816c4bedeea4c1c,good_train,root,0,x86,9251,9250,good_train/root/85b3a95732635980c9f0c522c5c5c46c051206ccdb9891188816c4bedeea4c1c.asm,UUID-GUIDGeneratorPortable_1.1_English.paf.exe,plain,0,0
fea9f9282e6dcd1ffa71f1f2b9229ffa1de7814b0b856f14ec82ccb5f06feefd,good_train,root,0,x86,8427,8423,good_train/root/fea9f9282e6dcd1ffa71f1f2b9229ffa1de7814b0b856f14ec82ccb5f06feefd.asm,UltraDefragPortable_7.1.4.paf.exe,plain,3,0
9ea21744e33d0eef5b6f346d05a31f428fa4ede6f64211e78f582d2448a10296,good_train,root,0,x86,14423,14368,good_train/root/9ea21744e33d0eef5b6f346d05a31f428fa4ede6f64211e78f582d2448a10296.asm,UltraISO_cn.exe,plain,54,0
6e667dbb373198b1bf4ffd8d0ca668f13d1b8b202dbd48d060eaaf7bd14033ed,good_train,root,0,x64,29348,29347,good_train/root/6e667dbb373198b1bf4ffd8d0ca668f13d1b8b202dbd48d060eaaf7bd14033ed.asm,UninstallView.exe,plain,0,0
393b9b7aed4a797a729f49396fbd601f8c0b91b21b5c6ce35f62a7747b868769,good_train,root,0,x64,85002,84998,good_train/root/393b9b7aed4a797a729f49396fbd601f8c0b91b21b5c6ce35f62a7747b868769.asm,UpdateNotificationMgr.exe,plain,3,0
9c83851090cc599ac32283fa78cace99300293884120a01300e13cb73e825ea7,good_train,root,0,x64,7376,7375,good_train/root/9c83851090cc599ac32283fa78cace99300293884120a01300e13cb73e825ea7.asm,UpgradeResultsUI.exe,plain,0,0
0e8430217b5215859ddb9b141649982b838538286334f309042fa614d5026d87,good_train,root,0,x86,7939,7919,good_train/root/0e8430217b5215859ddb9b141649982b838538286334f309042fa614d5026d87.asm,UserAccountBroker.exe,plain,19,0
2b2acc344b1da9bbbe863f0fa877ba1d94fd8b0d01d49dc1b412e552ad6e7eb2,good_train,root,0,x86,10352,10339,good_train/root/2b2acc344b1da9bbbe863f0fa877ba1d94fd8b0d01d49dc1b412e552ad6e7eb2.asm,UserAccountControlSettings.exe,plain,12,0
35b8b8eb934516b9a2c6ffa15964c7ac8129de9b17c5597dafcadc06a72a164d,good_train,root,0,x86,11621,11620,good_train/root/35b8b8eb934516b9a2c6ffa15964c7ac8129de9b17c5597dafcadc06a72a164d.asm,UserAssistView.exe,plain,0,0
59911f2c3bbbeb69233ddfc1c9be173b00c35372c850fb197e7a73c136649594,good_train,root,0,x64,8909,8908,good_train/root/59911f2c3bbbeb69233ddfc1c9be173b00c35372c850fb197e7a73c136649594.asm,UserOOBEBroker.exe,plain,0,0
0d2c60fd4fa8024b44c69a023f7c5c03d175df4f278b1a12c2631db374f6d8de,good_train,root,0,x86,12261,12260,good_train/root/0d2c60fd4fa8024b44c69a023f7c5c03d175df4f278b1a12c2631db374f6d8de.asm,UserProfilesView.exe,plain,0,0
69e1fa308f613185ffbdea6a8237569db8445d60c4633f21abf6cdb0ffe91eba,good_train,root,0,x64,8833,8832,good_train/root/69e1fa308f613185ffbdea6a8237569db8445d60c4633f21abf6cdb0ffe91eba.asm,UsoClient.exe,plain,0,0
8a05a4990c0370142ddfec7d489737ccc4b96fafe0a80e06af7ae04a1c7be722,good_train,root,0,x86,23529,23447,good_train/root/8a05a4990c0370142ddfec7d489737ccc4b96fafe0a80e06af7ae04a1c7be722.asm,Utilman.exe,plain,81,0
ba52a2907835a2da38496f8570453bd2acbdecdcb5e3c0879344ca7a3e938c5e,good_train,root,0,x86,8488,8486,good_train/root/ba52a2907835a2da38496f8570453bd2acbdecdcb5e3c0879344ca7a3e938c5e.asm,VMMapPortable_3.31_English_online.paf.exe,plain,1,0
816d7616238958dfe0bb811a063eb3102efd82eff14408f5cab4cb5258bfd019,good_train,root,0,x86,11080,11079,good_train/root/816d7616238958dfe0bb811a063eb3102efd82eff14408f5cab4cb5258bfd019.asm,VNCPassView.exe,plain,0,0
9e68fcf6fd1104bbd1ca47bb36347abc621329924f880b75793638af04dc607e,good_train,root,0,x64,4704,4703,good_train/root/9e68fcf6fd1104bbd1ca47bb36347abc621329924f880b75793638af04dc607e.asm,VaultCmd.exe,plain,0,0
f789eda0aad66a19554f31fadfd46dcb976a82b314b3c26a51b6a21037ee7067,good_train,root,0,x64,35893,35892,good_train/root/f789eda0aad66a19554f31fadfd46dcb976a82b314b3c26a51b6a21037ee7067.asm,VaultPasswordView.exe,plain,0,0
f21789813565ed6486e70a99005bbd7e57f8046c4e21a9bdb2d4d7140924f727,good_train,root,0,x86,8427,8423,good_train/root/f21789813565ed6486e70a99005bbd7e57f8046c4e21a9bdb2d4d7140924f727.asm,VeraCryptPortable_1.24_Update_7.paf.exe,plain,3,0
4c1cd7e17beb0ca9365a3fa2b1ed14c905597bc8b3cac202933c9833a9bece11,good_train,root,0,x64,41877,41876,good_train/root/4c1cd7e17beb0ca9365a3fa2b1ed14c905597bc8b3cac202933c9833a9bece11.asm,VideoCacheView.exe,plain,0,0
8a81904787f6cf011c1ade068a1e8783620a47e34b3010c7a739de6bdd81a20a,good_train,root,0,x86,8488,8486,good_train/root/8a81904787f6cf011c1ade068a1e8783620a47e34b3010c7a739de6bdd81a20a.asm,VirtuaWinPortable_4.5_Rev_2_English.paf.exe,plain,1,0
91fa08fc4d0bde8a61ff89d9ef544dd8308ec00b3281169226c854f0545c1024,good_train,root,0,x86,9251,9250,good_train/root/91fa08fc4d0bde8a61ff89d9ef544dd8308ec00b3281169226c854f0545c1024.asm,VirtualMagnifyingGlassPortable_3.6.paf.exe,plain,0,0
f284f5bc396cfc09fc47268e2956e44ab3c042882c250fb52872632401e987b0,good_train,root,0,x86,8488,8486,good_train/root/f284f5bc396cfc09fc47268e2956e44ab3c042882c250fb52872632401e987b0.asm,VirtualVolumesViewPortable_1.4.paf.exe,plain,1,0
8fbac98180bcf2d79ccea364f3d7e1301e1592727b99c712b1db5e2e50a7bf25,good_train,root,0,x64,100002,100000,good_train/root/8fbac98180bcf2d79ccea364f3d7e1301e1592727b99c712b1db5e2e50a7bf25.asm,WFS.exe,plain,0,1
999113aee6783853d56f3aa40bd524fc567df553aec310c797193704219930d7,good_train,root,0,x86,42072,41774,good_train/root/999113aee6783853d56f3aa40bd524fc567df553aec310c797193704219930d7.asm,WMIADAP.exe,plain,297,0
fe6a7c6e23ff1ea7d297aeb0d2b4c5e6e39db31764a3afec31b4ca3f385e3fc8,good_train,root,0,x64,100008,100000,good_train/root/fe6a7c6e23ff1ea7d297aeb0d2b4c5e6e39db31764a3afec31b4ca3f385e3fc8.asm,WMPDMC.exe,plain,6,1
087f961e00a9ff8d8c886cd9303e189ed40151ce5a2957878d420d3f319cf1dc,good_train,root,0,x86,22490,22488,good_train/root/087f961e00a9ff8d8c886cd9303e189ed40151ce5a2957878d420d3f319cf1dc.asm,WNetWatcher.exe,plain,1,0
0613c8cd54fdfb88868a7a8a379fde648dab69425b53f77f2b1b2c996cb8db85,good_train,root,0,x86,5993,5962,good_train/root/0613c8cd54fdfb88868a7a8a379fde648dab69425b53f77f2b1b2c996cb8db85.asm,WPDShextAutoplay.exe,plain,30,0
d50771e8dbc656cbe87670806f9a9fa4146a354858e549cff70bcb07b69d1c02,good_train,root,0,x64,3920,3919,good_train/root/d50771e8dbc656cbe87670806f9a9fa4146a354858e549cff70bcb07b69d1c02.asm,WSCollect.exe,plain,0,0
aa19ab5f5c954583c46e2c4099a2765432c6cccb5d20803167fcc1727ae5416c,good_train,root,0,x86,9853,9822,good_train/root/aa19ab5f5c954583c46e2c4099a2765432c6cccb5d20803167fcc1727ae5416c.asm,WSManHTTPConfig.exe,plain,30,0
2f0397ca20000338b80be0cf02d14c26dcad1a3c354b504774aa111a7c73e94a,good_train,root,0,x64,3035,3034,good_train/root/2f0397ca20000338b80be0cf02d14c26dcad1a3c354b504774aa111a7c73e94a.asm,WSReset.exe,plain,0,0
648cd26cb4f955f1c5f0fd6a4d3cd58a8d1f6eb6b082a7791b5b2a0a5b46f327,good_train,root,0,x64,27341,27340,good_train/root/648cd26cb4f955f1c5f0fd6a4d3cd58a8d1f6eb6b082a7791b5b2a0a5b46f327.asm,WUDFCompanionHost.exe,plain,0,0
2e9edac8ad372bd9adffe852a18f5fbd25de804c0ca39c2f5b88365cc443c138,good_train,root,0,x64,48830,48822,good_train/root/2e9edac8ad372bd9adffe852a18f5fbd25de804c0ca39c2f5b88365cc443c138.asm,WUDFHost.exe,plain,7,0
659b5325cc6cd215b04e24f56d4f80fd29edfbf3432836f99e4968d9a9a25862,good_train,root,0,x64,20580,20579,good_train/root/659b5325cc6cd215b04e24f56d4f80fd29edfbf3432836f99e4968d9a9a25862.asm,WakeMeOnLan.exe,plain,0,0
564f1c7b9f5e9818656dfdce2bdfb7af2c7a78819e67a2f8766cb2dd785f01e5,good_train,root,0,x64,3616,3615,good_train/root/564f1c7b9f5e9818656dfdce2bdfb7af2c7a78819e67a2f8766cb2dd785f01e5.asm,WallpaperHost.exe,plain,0,0
119e5331ef646222b6ae4fd0adc8a9cdb13a5a18d88254bd7745796e0087d5e2,good_train,root,0,x86,99171,99164,good_train/root/119e5331ef646222b6ae4fd0adc8a9cdb13a5a18d88254bd7745796e0087d5e2.asm,WebBrowserBookmarksView.exe,plain,6,0
925f4358d32c7dfc9d8b8e0107ec638d23b72b538e45e438f5686c83e342a4c3,good_train,root,0,x64,936,935,good_train/root/925f4358d32c7dfc9d8b8e0107ec638d23b72b538e45e438f5686c83e342a4c3.asm,WebCache.exe,plain,0,0
daefd03187f9289bca4ad4819d30fa1214dc418a15bc8b65ca5597ca805a1054,good_train,root,0,x86,32423,32422,good_train/root/daefd03187f9289bca4ad4819d30fa1214dc418a15bc8b65ca5597ca805a1054.asm,WebCacheImageInfo.exe,plain,0,0
5e3f311ae67f046b56435067bcdd39fbf836fa0421fbc8c8b0e43e8e47524954,good_train,root,0,x86,14419,14418,good_train/root/5e3f311ae67f046b56435067bcdd39fbf836fa0421fbc8c8b0e43e8e47524954.asm,WebCamImageSave.exe,plain,0,0
849a391f2c1832d380ba19b22486c9acc1066b40ec4a7ddd122f4e4d34c82f44,good_train,root,0,x64,25492,25491,good_train/root/849a391f2c1832d380ba19b22486c9acc1066b40ec4a7ddd122f4e4d34c82f44.asm,WebCookiesSniffer.exe,plain,0,0
8dba456d2bc6634909e79320fae988f588a10458e15bbd9165d883f96d28b6cb,good_train,root,0,x64,30043,30042,good_train/root/8dba456d2bc6634909e79320fae988f588a10458e15bbd9165d883f96d28b6cb.asm,WebSiteSniffer.exe,plain,0,0
991c6c66b4ee63d5c286c37db453015da873c8197e77dd1c00cf60d6e07dc2b7,good_train,root,0,x86,8349,8348,good_train/root/991c6c66b4ee63d5c286c37db453015da873c8197e77dd1c00cf60d6e07dc2b7.asm,WebVideoCap.exe,plain,0,0
4b7feb0d02361b9bb9f73f958a36c43636020f348210663974bcb60533939f85,good_train,root,0,x86,100056,100000,good_train/root/4b7feb0d02361b9bb9f73f958a36c43636020f348210663974bcb60533939f85.asm,WerFault.exe,plain,54,1
1fececc9f0d4eac2035e235690f99b52fe60e921071547a1a8b960abc2e5c63c,good_train,root,0,x86,17153,17112,good_train/root/1fececc9f0d4eac2035e235690f99b52fe60e921071547a1a8b960abc2e5c63c.asm,WerFaultSecure.exe,plain,40,0
b79559c5e0a0cee775bee1517115e3326ab9f69896b8cdd85e3925bdeabcff75,good_train,root,0,x86,8396,8394,good_train/root/b79559c5e0a0cee775bee1517115e3326ab9f69896b8cdd85e3925bdeabcff75.asm,WhatChangedPortable_1.07_Rev_2_English.paf.exe,plain,1,0
15099976118e7caa876f4d33fc948e29009509115557a62a9c897024dc62d26d,good_train,root,0,x64,19083,19082,good_train/root/15099976118e7caa876f4d33fc948e29009509115557a62a9c897024dc62d26d.asm,WhatInStartup.exe,plain,0,0
e2095dbe5ff7a1e7113abdf8d26bd8532789ce5b725fbf5321225e743b8e29b0,good_train,root,0,x64,19918,19917,good_train/root/e2095dbe5ff7a1e7113abdf8d26bd8532789ce5b725fbf5321225e743b8e29b0.asm,WhatIsHang.exe,plain,0,0
a12358d698e191ead19ec5340c5fd0c5653f64181dd5c8207320a9c6f3822f60,good_train,root,0,x86,9251,9250,good_train/root/a12358d698e191ead19ec5340c5fd0c5653f64181dd5c8207320a9c6f3822f60.asm,WhoDatPortable_0.9.1_English.paf.exe,plain,0,0
0c2ecdf4ffa41aca379c44e21792767ed3e7bab091657dc84e6abc7caf6547f6,good_train,root,0,x64,22961,22960,good_train/root/0c2ecdf4ffa41aca379c44e21792767ed3e7bab091657dc84e6abc7caf6547f6.asm,WhoIsConnectedSniffer.exe,plain,0,0
8a3ce3ab02882aef898d1c3a69f5873ac3721da8304517b112ff2d1b46190d6c,good_train,root,0,x86,18623,18618,good_train/root/8a3ce3ab02882aef898d1c3a69f5873ac3721da8304517b112ff2d1b46190d6c.asm,WhoisCL.exe,plain,4,0
0f5b2f2015f1e02fb901a2406e1a00df69307b8331e8d9149914f7bdc93718d7,good_train,root,0,x86,20763,20761,good_train/root/0f5b2f2015f1e02fb901a2406e1a00df69307b8331e8d9149914f7bdc93718d7.asm,WifiHistoryView.exe,plain,1,0
f7fc08e4e54f235f6ed97ed3a728174884fd442bbd4d423f478efab0a5d4928a,good_train,root,0,x64,21899,21898,good_train/root/f7fc08e4e54f235f6ed97ed3a728174884fd442bbd4d423f478efab0a5d4928a.asm,Win32WebViewHost.exe,plain,0,0
67247aa01f43e691febb1000da0df0ef50837bca39115f1c76e088f6e509952f,good_train,root,0,x64,12589,12588,good_train/root/67247aa01f43e691febb1000da0df0ef50837bca39115f1c76e088f6e509952f.asm,WinBioDataModelOOBE.exe,plain,0,0
32e17494769b6d40044f32d60e1ccad32b66cc5f707a3e45d568a4570335854f,good_train,root,0,x86,8138,8136,good_train/root/32e17494769b6d40044f32d60e1ccad32b66cc5f707a3e45d568a4570335854f.asm,WinBoardPortable_4.8.0.paf.exe,plain,1,0
9d10903332ce9604f37f609432205c151db2b4797e90b1e044fd15530d378c45,good_train,root,0,x86,36374,36366,good_train/root/9d10903332ce9604f37f609432205c151db2b4797e90b1e044fd15530d378c45.asm,WinBox.exe,plain,7,0
6638857a3bf187626b5e4878e10479ae5e4107dc786744f32d1e659955524b24,good_train,root,0,x64,53728,53706,good_train/root/6638857a3bf187626b5e4878e10479ae5e4107dc786744f32d1e659955524b24.asm,WinCrashReport.exe,plain,21,0
b8597f7274dd8d8badbe4613c15b041d46e60cb6d0b8c29e054a150a4fdd80b4,good_train,root,0,x86,20328,20327,good_train/root/b8597f7274dd8d8badbe4613c15b041d46e60cb6d0b8c29e054a150a4fdd80b4.asm,WinDefLogView.exe,plain,0,0
27f59813b4cfecf7f9b70f31fd8be3cd6a91227cd065978a9f57cc05ae8f0632,good_train,root,0,x64,20681,20680,good_train/root/27f59813b4cfecf7f9b70f31fd8be3cd6a91227cd065978a9f57cc05ae8f0632.asm,WinDefThreatsView.exe,plain,0,0
384d45d78fe1c75b3392d10025b713c77907517a45e7100eda88d05e1b087efa,good_train,root,0,x86,9251,9250,good_train/root/384d45d78fe1c75b3392d10025b713c77907517a45e7100eda88d05e1b087efa.asm,WinDirStatPortable_1.1.2.80_Rev_3.paf.exe,plain,0,0
b353e5947033ea7f136fdeeb39bb55b0d6a7695ab4f192ae8e215b80b722fb83,good_train,root,0,x86,12275,12274,good_train/root/b353e5947033ea7f136fdeeb39bb55b0d6a7695ab4f192ae8e215b80b722fb83.asm,WinFontsView.exe,plain,0,0
f2f89b701f30446739027a54f657713bd61ff40077f27034bca7eed4276cd36d,good_train,root,0,x86,18735,18734,good_train/root/f2f89b701f30446739027a54f657713bd61ff40077f27034bca7eed4276cd36d.asm,WinLogOnView.exe,plain,0,0
7357e786c047e96f887d669540e53fe3e96ac3c638eae10641d4cbc22d66d1f1,good_train,root,0,x86,9251,9250,good_train/root/7357e786c047e96f887d669540e53fe3e96ac3c638eae10641d4cbc22d66d1f1.asm,WinMTRPortable_0.92_Rev_2_English.paf.exe,plain,0,0
ac7c2f5e8761342650129917953e8a7b9a5fdd94de66d4fe1da73caec729c429,good_train,root,0,x64,21904,21903,good_train/root/ac7c2f5e8761342650129917953e8a7b9a5fdd94de66d4fe1da73caec729c429.asm,WinMailPassRec.exe,plain,0,0
a733b3e7c718371fd75855b43d778710016e3545c9ac3705e26c080c43763140,good_train,root,0,x86,3207,3194,good_train/root/a733b3e7c718371fd75855b43d778710016e3545c9ac3705e26c080c43763140.asm,WinMgmt.exe,plain,12,0
411de7b0b05e673eec567145fe18e765c771d57ac57ecdb1b4f6f385cb734afb,good_train,root,0,x86,8488,8486,good_train/root/411de7b0b05e673eec567145fe18e765c771d57ac57ecdb1b4f6f385cb734afb.asm,WinObjPortable_3.13_English_online.paf.exe,plain,1,0
91da25a19cde4f3eeb591e92adeedd34a4eba6761028439d24805a305c428a05,good_train,root,0,x86,9251,9250,good_train/root/91da25a19cde4f3eeb591e92adeedd34a4eba6761028439d24805a305c428a05.asm,WinPenguinsPortable_0.76_English.paf.exe,plain,0,0
ccde97bb6fc523a56f17625ac7f9f3858247e7df439451423c5e2688793bdf9a,good_train,root,0,x64,15970,15969,good_train/root/ccde97bb6fc523a56f17625ac7f9f3858247e7df439451423c5e2688793bdf9a.asm,WinPrefetchView.exe,plain,0,0
857179d4d9ed6e8f9f37c7b3110d3398c1f662d4850d3fa155620b4b0fbf7858,good_train,root,0,x64,21590,21589,good_train/root/857179d4d9ed6e8f9f37c7b3110d3398c1f662d4850d3fa155620b4b0fbf7858.asm,WinUpdatesView.exe,plain,0,0
a43f9205c2a08397981b7728afcd3819e5b70f9d67100bf5d88b115e6badd82b,good_train,root,0,x86,8488,8486,good_train/root/a43f9205c2a08397981b7728afcd3819e5b70f9d67100bf5d88b115e6badd82b.asm,WinWGetPortable_0.20.2020-1.21.2_English.paf.exe,plain,1,0
3702851830630fa50aeac479253b244781143c7e1419e4fb5014ae8963ec457a,good_train,root,0,x86,2146,2132,good_train/root/3702851830630fa50aeac479253b244781143c7e1419e4fb5014ae8963ec457a.asm,Windows.Media.BackgroundPlayback.exe,plain,13,0
81b5bbaa76411a13187e12d7a4d7671a3479e328ed525c45583d856ab709c506,good_train,root,0,x86,6554,6542,good_train/root/81b5bbaa76411a13187e12d7a4d7671a3479e328ed525c45583d856ab709c506.asm,Windows.WARP.JITService.exe,plain,11,0
f27a32776e3fce6c6a5d3a9d46a84a286f71fd8380c5a7065ee34c3ec3d7932f,good_train,root,0,x64,11290,11289,good_train/root/f27a32776e3fce6c6a5d3a9d46a84a286f71fd8380c5a7065ee34c3ec3d7932f.asm,WindowsActionDialog.exe,plain,0,0
6b02d1305936151043755bc23a178ffc0f25fcc00b63abe3eb399e9511827f81,good_train,root,0,x86,9251,9250,good_train/root/6b02d1305936151043755bc23a178ffc0f25fcc00b63abe3eb399e9511827f81.asm,WindowsErrorLookupToolPortable_3.0.7_English.paf.exe,plain,0,0
f1e7e298c28441180a0fdf04b870fae5e00e0796925e3211e5df35616814c4ef,good_train,root,0,x64,100003,100000,good_train/root/f1e7e298c28441180a0fdf04b870fae5e00e0796925e3211e5df35616814c4ef.asm,WindowsInternal.ComposableShell.Experiences.TextInput.InputApp.exe,plain,1,1
65b49c91a2460ffc6e0463dd49555afd9e9da811cc208007fc421800f4c652b0,good_train,root,0,x64,8515,8514,good_train/root/65b49c91a2460ffc6e0463dd49555afd9e9da811cc208007fc421800f4c652b0.asm,WindowsUpdateElevatedInstaller.exe,plain,0,0
7abaa3b7753d4bf42ba4d828a5641f7f74a2dfe3a853ce017b8af1e9b5c46f02,good_train,root,0,x86,13539,13538,good_train/root/7abaa3b7753d4bf42ba4d828a5641f7f74a2dfe3a853ce017b8af1e9b5c46f02.asm,WinsockServicesView.exe,plain,0,0
fdf0b1661961460da878209ec10d067d40994e1cfc53d0efb49a2ceade66c282,good_train,root,0,x86,14811,14810,good_train/root/fdf0b1661961460da878209ec10d067d40994e1cfc53d0efb49a2ceade66c282.asm,WirelessConnectionInfo.exe,plain,0,0
239e42f9b954493f90933e65dca47d19b7de1b25cc851bdef122f4ce64a77f90,good_train,root,0,x86,17079,17078,good_train/root/239e42f9b954493f90933e65dca47d19b7de1b25cc851bdef122f4ce64a77f90.asm,WirelessNetView.exe,plain,0,0
33cde8194a91e09684d7082d963e39f5e78bf2b82ead77835f5f6a6aee33a5a2,good_train,root,0,x86,8488,8486,good_train/root/33cde8194a91e09684d7082d963e39f5e78bf2b82ead77835f5f6a6aee33a5a2.asm,WiseDataRecoveryPortable_5.2.1.paf.exe,plain,1,0
92d439505705f69f2ef86863a68f9f287a04c5f5a81c94a49a2af36d646b9c92,good_train,root,0,x86,8565,8563,good_train/root/92d439505705f69f2ef86863a68f9f287a04c5f5a81c94a49a2af36d646b9c92.asm,WiseDiskCleanerPortable_10.8.4.paf.exe,plain,1,0
7c1ee5bbfc1e54f1dc6e883e83b571bb7bb955f032bd58388f0d71730a0e5cdf,good_train,root,0,x86,8488,8486,good_train/root/7c1ee5bbfc1e54f1dc6e883e83b571bb7bb955f032bd58388f0d71730a0e5cdf.asm,WiseProgramUninstallerPortable_2.6.1.paf.exe,plain,1,0
6d2c6ee1304b427729955f375cd2a632f44028f0423f5d1e80bcbbca600e5a63,good_train,root,0,x86,8565,8563,good_train/root/6d2c6ee1304b427729955f375cd2a632f44028f0423f5d1e80bcbbca600e5a63.asm,WiseRegistryCleanerPortable_10.7.2.paf.exe,plain,1,0
ddd8016bdfe96238a3889da97cb9bd0b3afc4fb2392ccf2f0a74b247431e90e4,good_train,root,0,x86,8565,8563,good_train/root/ddd8016bdfe96238a3889da97cb9bd0b3afc4fb2392ccf2f0a74b247431e90e4.asm,WizFilePortable_3.07.paf.exe,plain,1,0
3d7264ed904de68e54bf3d60bbaafabaaad653392b882af18ece392cbaf53828,good_train,root,0,x86,8565,8563,good_train/root/3d7264ed904de68e54bf3d60bbaafabaaad653392b882af18ece392cbaf53828.asm,WizTreePortable_4.08.paf.exe,plain,1,0
dba5d56949ba383dab17c3ab95eac8b3f1b693729676d1a5637790f6e7f01abd,good_train,root,0,x64,36108,36107,good_train/root/dba5d56949ba383dab17c3ab95eac8b3f1b693729676d1a5637790f6e7f01abd.asm,WmiApSrv.exe,plain,0,0
c659982f5b0024bb1e956b12059509c7a94f8f737d2ee2a9ba1339b77c29ab9d,good_train,root,0,x64,7245,7244,good_train/root/c659982f5b0024bb1e956b12059509c7a94f8f737d2ee2a9ba1339b77c29ab9d.asm,WorkFolders.exe,plain,0,0
535ea2d0ad12b98fff904fdb547ba169a5aeb97d6c3ec7d77975c9f156102c17,good_train,root,0,x64,100002,100000,good_train/root/535ea2d0ad12b98fff904fdb547ba169a5aeb97d6c3ec7d77975c9f156102c17.asm,WpcMon.exe,plain,0,1
07db5ba62c8cea74d1ced75e04cbbd234f5330bea8def0c0628b37eeee59577d,good_train,root,0,x64,48210,48209,good_train/root/07db5ba62c8cea74d1ced75e04cbbd234f5330bea8def0c0628b37eeee59577d.asm,WpcTok.exe,plain,0,0
c688f830a8790dd717ba7e7eafddad749f951d1dd765196d375847c7b46be965,good_train,root,0,x64,65295,65294,good_train/root/c688f830a8790dd717ba7e7eafddad749f951d1dd765196d375847c7b46be965.asm,WpcUapApp.exe,plain,0,0
28779fecc70f191e46ebb30471551492bffd7817a8d44e52c3b2dc17ee003a92,good_train,root,0,x64,48529,48528,good_train/root/28779fecc70f191e46ebb30471551492bffd7817a8d44e52c3b2dc17ee003a92.asm,XGpuEjectDialog.exe,plain,0,0
c449398aec9ae1b7575dc7822a99e3cf08897550075661d8d74ecf61a9eccfb5,good_train,root,0,x86,8378,8377,good_train/root/c449398aec9ae1b7575dc7822a99e3cf08897550075661d8d74ecf61a9eccfb5.asm,XNResourceEditorPortable_3.0.0.1_English.paf.exe,plain,0,0
e055ad8bba4531e57c33e764ed2e4c9f6f1ffe7ff52447b8fb2c3b36730b3f16,good_train,root,0,x86,36374,36366,good_train/root/e055ad8bba4531e57c33e764ed2e4c9f6f1ffe7ff52447b8fb2c3b36730b3f16.asm,X_Proxy.exe,plain,7,0
e6e28735d5715423afb88b124920426e8f83b99d2fce1f1f873879573c5b4c04,good_train,root,0,x64,5541,5540,good_train/root/e6e28735d5715423afb88b124920426e8f83b99d2fce1f1f873879573c5b4c04.asm,XblGameSaveTask.exe,plain,0,0
9fe1d946c3dbcfa6030f2d1581ccc0643345705f5a9e327313e95343c2b48221,good_train,root,0,x86,9251,9250,good_train/root/9fe1d946c3dbcfa6030f2d1581ccc0643345705f5a9e327313e95343c2b48221.asm,XenonPortable_1.5.0.2.paf.exe,plain,0,0
da06498e2e0f3d8e5f0f7bbf9e92062f855cbd99d6dc76569d746f77139a5edb,good_train,root,0,x86,8565,8563,good_train/root/da06498e2e0f3d8e5f0f7bbf9e92062f855cbd99d6dc76569d746f77139a5edb.asm,XnViewPortable_2.50.4.paf.exe,plain,1,0
5a83436f94bac035ca5bfb6729f40937ce8e67ff66450241baa9a6b607c49de3,good_train,root,0,x86,8209,8206,good_train/root/5a83436f94bac035ca5bfb6729f40937ce8e67ff66450241baa9a6b607c49de3.asm,XyePortable_0.12.1_English.paf.exe,plain,2,0
c9d6e2daf1cca67d1705bc743f1610d61f5742783abab8826c28350f8b3f8fb1,good_train,root,0,x86,8565,8563,good_train/root/c9d6e2daf1cca67d1705bc743f1610d61f5742783abab8826c28350f8b3f8fb1.asm,YUMI-UEFIPortable_0.0.4.4_English.paf.exe,plain,1,0
ed5d3d9e296176b1a25bafe738893d25423f31f1ab8b7aec295e375502690a6d,good_train,root,0,x86,8565,8563,good_train/root/ed5d3d9e296176b1a25bafe738893d25423f31f1ab8b7aec295e375502690a6d.asm,YUMIPortable_2.0.9.4_English.paf.exe,plain,1,0
b36ab0c62f6bd1c124a67c00ecb392359517d1558136b72ab6fca034ce93712f,good_train,root,0,x86,9251,9250,good_train/root/b36ab0c62f6bd1c124a67c00ecb392359517d1558136b72ab6fca034ce93712f.asm,ZSoftUninstallerPortable_2.5_Rev_3.paf.exe,plain,0,0
7f239aaac50f44d90a1fe427fb6711052e83e3ab3a6d4d0ededc9ec345ce7351,good_train,root,0,x86,8488,8486,good_train/root/7f239aaac50f44d90a1fe427fb6711052e83e3ab3a6d4d0ededc9ec345ce7351.asm,ZintPortable_2.10.0_English.paf.exe,plain,1,0
01e70a17d75c8d92b4ba590f9bce72d7f23bf379190f613fc84c04197dd134b1,good_train,root,0,x86,92219,92215,good_train/root/01e70a17d75c8d92b4ba590f9bce72d7f23bf379190f613fc84c04197dd134b1.asm,ZumaSetupen.exe,plain,3,0
1e97eca81395d1bd5e627debfdb02828bd3655d68c8f7296395d574781faa32e,good_train,root,0,x86,4491,4488,good_train/root/1e97eca81395d1bd5e627debfdb02828bd3655d68c8f7296395d574781faa32e.asm,_isdel.exe,plain,2,0
b1997fe5a386eab419fc9066a4723937d57d5e61cc9d741f9ee9232e0d9ed96c,good_train,root,0,x86,21300,21285,good_train/root/b1997fe5a386eab419fc9066a4723937d57d5e61cc9d741f9ee9232e0d9ed96c.asm,acehtml5pro.exe,plain,14,0
e325fb07b8a5855a1305819ea571926f02687bdf3caa26064ac0360e612886f0,good_train,root,0,x64,35359,35358,good_train/root/e325fb07b8a5855a1305819ea571926f02687bdf3caa26064ac0360e612886f0.asm,aitstatic.exe,plain,0,0
0eefd2619d77d7bafed95197e0c0ef30147acaddcd81eb2761ee9893fd55f91b,good_train,root,0,x64,17867,17866,good_train/root/0eefd2619d77d7bafed95197e0c0ef30147acaddcd81eb2761ee9893fd55f91b.asm,alg.exe,plain,0,0
f00ea11118b39d06a3d361e851b6d13b29a3fc0c787ab763e9c351f718cb90bb,good_train,root,0,x64,2185,2184,good_train/root/f00ea11118b39d06a3d361e851b6d13b29a3fc0c787ab763e9c351f718cb90bb.asm,appidcertstorecheck.exe,plain,0,0
139e1b46169664e8530ab0098037858c205e26b7b2021f8a3609091cc07a4bf0,good_train,root,0,x64,28458,28457,good_train/root/139e1b46169664e8530ab0098037858c205e26b7b2021f8a3609091cc07a4bf0.asm,appidpolicyconverter.exe,plain,0,0
6f6067fe2d9ff65bccd9fb974c57e6efe707756cbb672e839d01486b116985c2,good_train,root,0,x86,5630,5587,good_train/root/6f6067fe2d9ff65bccd9fb974c57e6efe707756cbb672e839d01486b116985c2.asm,appidtel.exe,plain,42,0
4606cded75e04ce0ff8e80e53d8843743291a570b248f3b13f709c89800dc740,good_train,root,0,x86,5239,5227,good_train/root/4606cded75e04ce0ff8e80e53d8843743291a570b248f3b13f709c89800dc740.asm,aspnet_regiis.exe,plain,11,0
858c89edd8cdbe97311e1d55a0aed85240b4372f7701282d8fa5c77cd8135cfd,good_train,root,0,x86,8305,8265,good_train/root/858c89edd8cdbe97311e1d55a0aed85240b4372f7701282d8fa5c77cd8135cfd.asm,aspnet_state.exe,plain,39,0
f3a6aa97dc5bbd6b0ff5bc1f1b04aa69d651397cb680c9f71248c2769044ec7f,good_train,root,0,x86,8046,8026,good_train/root/f3a6aa97dc5bbd6b0ff5bc1f1b04aa69d651397cb680c9f71248c2769044ec7f.asm,aspnet_wp.exe,plain,19,0
26dda3026e983ca98575339a0c8ffb5700dd9fb03693e92d5f192489b3f44067,good_train,root,0,x86,5079,5068,good_train/root/26dda3026e983ca98575339a0c8ffb5700dd9fb03693e92d5f192489b3f44067.asm,at.exe,plain,10,0
b0fa083d8276ede756d9e525b18eebc9067357747228f0d965d452fa194e0c47,good_train,root,0,x86,3085,3075,good_train/root/b0fa083d8276ede756d9e525b18eebc9067357747228f0d965d452fa194e0c47.asm,attrib.exe,plain,9,0
1b17921adc27fd0d29f5f1f02a333596fc25cca27e2ae010f7b42fd8ac9ea80e,good_train,root,0,x64,12147,12146,good_train/root/1b17921adc27fd0d29f5f1f02a333596fc25cca27e2ae010f7b42fd8ac9ea80e.asm,audit.exe,plain,0,0
b01b1fad43094c5b336f8ed8818013db66d2a71141ee5c3602b951a7bf78b989,good_train,root,0,x86,6516,6489,good_train/root/b01b1fad43094c5b336f8ed8818013db66d2a71141ee5c3602b951a7bf78b989.asm,auditpol.exe,plain,26,0
ab28506b58ec7c62d5bfad4bb6ef754b490a28abef3d51c1c8e877468fb283ca,good_train,root,0,x86,100029,100000,good_train/root/ab28506b58ec7c62d5bfad4bb6ef754b490a28abef3d51c1c8e877468fb283ca.asm,autochk.exe,plain,27,1
3da90503c57c57c198904eab618ab5ed4942e8fa225643f4705328cdf4c69ec4,good_train,root,0,x86,100022,100000,good_train/root/3da90503c57c57c198904eab618ab5ed4942e8fa225643f4705328cdf4c69ec4.asm,autoconv.exe,plain,20,1
4591abc010c00a0c9ad881627e2a2748a15d0f768906ae574244dd8e7106bf94,good_train,root,0,x86,100036,100000,good_train/root/4591abc010c00a0c9ad881627e2a2748a15d0f768906ae574244dd8e7106bf94.asm,autofmt.exe,plain,34,1
9cf66eaf1b13f74cf0770f1b7cdb557889dda61eab13ce5ed2b7c324a711f16a,good_train,root,0,x64,3717,3716,good_train/root/9cf66eaf1b13f74cf0770f1b7cdb557889dda61eab13ce5ed2b7c324a711f16a.asm,baaupdate.exe,plain,0,0
1b170e9624d0c6a699f6fed4f612802b3d82c21b6c27f9b41296c1f814a0f668,good_train,root,0,x86,1269,1257,good_train/root/1b170e9624d0c6a699f6fed4f612802b3d82c21b6c27f9b41296c1f814a0f668.asm,backgroundTaskHost.exe,plain,11,0
2b7a6693be12f9df7a56f5467911927438ebc0c06f979195536c942cbe6c2cce,good_train,root,0,x64,37694,37693,good_train/root/2b7a6693be12f9df7a56f5467911927438ebc0c06f979195536c942cbe6c2cce.asm,bcdboot.exe,plain,0,0
f277312a50141009f69bcbffbc449c2d2b5f4169a87bb5195836e6114916a968,good_train,root,0,x64,53819,53817,good_train/root/f277312a50141009f69bcbffbc449c2d2b5f4169a87bb5195836e6114916a968.asm,bcdedit.exe,plain,0,0
85b07eef4f715d18c45714ba17b6d3e10efdb676b46881c814c7b0c76578c759,good_train,root,0,x64,10053,10052,good_train/root/85b07eef4f715d18c45714ba17b6d3e10efdb676b46881c814c7b0c76578c759.asm,bdechangepin.exe,plain,0,0
939d06cab2527efcdc3ab98fc450452552ac99c45a312095aefcba6a2549d9da,good_train,root,0,x64,39349,39348,good_train/root/939d06cab2527efcdc3ab98fc450452552ac99c45a312095aefcba6a2549d9da.asm,bdeunlock.exe,plain,0,0
d271499cc7039391130509e21f8e1ba7a9e8a49fef71528b94a0448224dfc186,good_train,root,0,x64,12778,12777,good_train/root/d271499cc7039391130509e21f8e1ba7a9e8a49fef71528b94a0448224dfc186.asm,bfsvc.exe,plain,0,0
4adc7b6e2e43726eff05bb3ff3df554f8427ab093ef3efed6a425769bd52f158,good_train,root,0,x86,60693,60503,good_train/root/4adc7b6e2e43726eff05bb3ff3df554f8427ab093ef3efed6a425769bd52f158.asm,bitsadmin.exe,plain,189,0
a599e319bc738b22ef91aa1a0770b823cf7affe2cefb09e46421f614066c5d54,good_train,root,0,x86,21123,21106,good_train/root/a599e319bc738b22ef91aa1a0770b823cf7affe2cefb09e46421f614066c5d54.asm,bootcfg.exe,plain,16,0
e233391af22be0e39d8d2e3faeece9d424031ce97dfa9ae3a7a453f2e6f5c5cb,good_train,root,0,x64,3967,3966,good_train/root/e233391af22be0e39d8d2e3faeece9d424031ce97dfa9ae3a7a453f2e6f5c5cb.asm,bootim.exe,plain,0,0
1b81d1cd1b8a5200cc656f59f98a6062daa6d678aac6dcbbf48787cbc1d5ceb8,good_train,root,0,x64,7961,7960,good_train/root/1b81d1cd1b8a5200cc656f59f98a6062daa6d678aac6dcbbf48787cbc1d5ceb8.asm,bootsect.exe,plain,0,0
7f7fae31cf7b8b04112f746c27b51bb37f3dccef08e5459ab65cbe0f44a146b5,good_train,root,0,x64,2954,2953,good_train/root/7f7fae31cf7b8b04112f746c27b51bb37f3dccef08e5459ab65cbe0f44a146b5.asm,bridgeunattend.exe,plain,0,0
609a3a73a983a1c47511282d31d9fcfe7909950944ac5324344596215cd778aa,good_train,root,0,x64,5577,5576,good_train/root/609a3a73a983a1c47511282d31d9fcfe7909950944ac5324344596215cd778aa.asm,browser_broker.exe,plain,0,0
c1f0e89faa6595649c786bf3012d8e6ba45bbf319e587ab9bbdd94bea87228ef,good_train,root,0,x64,27603,27602,good_train/root/c1f0e89faa6595649c786bf3012d8e6ba45bbf319e587ab9bbdd94bea87228ef.asm,browserexport.exe,plain,0,0
e7abfe2896f3a3f7c71797535e2016aa24f1363482c1eb799a51e5b0444b8082,good_train,root,0,x86,1851,1838,good_train/root/e7abfe2896f3a3f7c71797535e2016aa24f1363482c1eb799a51e5b0444b8082.asm,bthudtask.exe,plain,12,0
bc42118aaa1877eeff34b9a93dca8b94ed50109fb6436ae22e27d8e3b2bca78f,good_train,root,0,x86,6726,6714,good_train/root/bc42118aaa1877eeff34b9a93dca8b94ed50109fb6436ae22e27d8e3b2bca78f.asm,cacls.exe,plain,11,0
381a38d6e7a146b99e2be866b9e95ffe31f0dcfcec62272c7c0d6b7114c9227f,good_train,root,0,x86,1458,1448,good_train/root/381a38d6e7a146b99e2be866b9e95ffe31f0dcfcec62272c7c0d6b7114c9227f.asm,calc.exe,plain,9,0
953571b89810ba5644a79e42b9cf9aa38e0ac12f7d183b64d588f6c281341096,good_train,root,0,x86,52747,52743,good_train/root/953571b89810ba5644a79e42b9cf9aa38e0ac12f7d183b64d588f6c281341096.asm,canon_l11121e_Driver_for_Windows_64_bit.exe,plain,3,0
5892a60a785558b902f1249bcb6dfd34100335caa95a0a89a54437e5440cc5dd,good_train,root,0,x86,52747,52743,good_train/root/5892a60a785558b902f1249bcb6dfd34100335caa95a0a89a54437e5440cc5dd.asm,canon_lbp2900b_driver_for_windows_32_bit.exe,plain,3,0
d973513e4c048829ea1281a7c57a4c352a366b5b8fc9e39f177781af68e36396,good_train,root,0,x86,100012,100000,good_train/root/d973513e4c048829ea1281a7c57a4c352a366b5b8fc9e39f177781af68e36396.asm,certreq.exe,plain,10,1
555a8b4b7c5e9614e3ef7af2fafc6181aa98ad9d10ebfd845d82f33efeb7e1c7,good_train,root,0,x86,100141,100000,good_train/root/555a8b4b7c5e9614e3ef7af2fafc6181aa98ad9d10ebfd845d82f33efeb7e1c7.asm,certutil.exe,plain,139,1
17cac86c16cf40741b5e0fd87ff02830694e1da2715f75e18231867b79e6df45,good_train,root,0,x64,2092,2091,good_train/root/17cac86c16cf40741b5e0fd87ff02830694e1da2715f75e18231867b79e6df45.asm,change.exe,plain,0,0
0d07ec1eb0ff9dcabe175c93e5f354484ff2ba1ff5acce13ed3872a31e7fe22a,good_train,root,0,x64,5929,5928,good_train/root/0d07ec1eb0ff9dcabe175c93e5f354484ff2ba1ff5acce13ed3872a31e7fe22a.asm,changepk.exe,plain,0,0
e3f7f0cc0cb19faa1549b6648e16846e4d981f14e6b2b731c15b2e57d9d791c4,good_train,root,0,x86,21834,21818,good_train/root/e3f7f0cc0cb19faa1549b6648e16846e4d981f14e6b2b731c15b2e57d9d791c4.asm,charmap.exe,plain,15,0
a22ab3ede6914729ed60c690b0aa2e8012c012a235067ca7851b04311933b4c1,good_train,root,0,x86,15456,15397,good_train/root/a22ab3ede6914729ed60c690b0aa2e8012c012a235067ca7851b04311933b4c1.asm,chesstitans.exe,plain,58,0
c91f6b286b59ae125bc039512ff9801354c10e74dca9cd803067d2cd1441592f,good_train,root,0,x64,3367,3366,good_train/root/c91f6b286b59ae125bc039512ff9801354c10e74dca9cd803067d2cd1441592f.asm,chglogon.exe,plain,0,0
92e224a1e945b43143d74d1396b391c0fe9e123fd075c8ff368a7800b1fcd985,good_train,root,0,x64,3933,3932,good_train/root/92e224a1e945b43143d74d1396b391c0fe9e123fd075c8ff368a7800b1fcd985.asm,chgport.exe,plain,0,0
4da3797b3aab0bdc53a2b923c43a84e16269c4683a556fae0f491b827baee1c8,good_train,root,0,x64,3231,3230,good_train/root/4da3797b3aab0bdc53a2b923c43a84e16269c4683a556fae0f491b827baee1c8.asm,chgusr.exe,plain,0,0
0883578668bf5aa07ba2c4cfd8b0ccfccdd048b8e741e5b3de0c03ac84a09d2e,good_train,root,0,x86,3562,3548,good_train/root/0883578668bf5aa07ba2c4cfd8b0ccfccdd048b8e741e5b3de0c03ac84a09d2e.asm,chkdsk.exe,plain,13,0
7f2c546ab66aa9aed47eead71170bda9db6d5ecd6cfdc0ce0a7bc80b92d157e8,good_train,root,0,x86,3046,3035,good_train/root/7f2c546ab66aa9aed47eead71170bda9db6d5ecd6cfdc0ce0a7bc80b92d157e8.asm,chkntfs.exe,plain,10,0
58900c00ba169518386d4f114a91edef83c2cc1040cc1a0210449f86b1104453,good_train,root,0,x86,7169,7151,good_train/root/58900c00ba169518386d4f114a91edef83c2cc1040cc1a0210449f86b1104453.asm,choice.exe,plain,17,0
bffe1b9f0b4139c5fcbf318149e54b71dd53daecf34d8e1f281549a02de1f332,good_train,root,0,x86,10180,10169,good_train/root/bffe1b9f0b4139c5fcbf318149e54b71dd53daecf34d8e1f281549a02de1f332.asm,cipher.exe,plain,10,0
5502bc3dd8f997bee50dbc9a3445c3b0e6407e916503589e3fda06a8759c0de3,good_train,root,0,x86,12138,12119,good_train/root/5502bc3dd8f997bee50dbc9a3445c3b0e6407e916503589e3fda06a8759c0de3.asm,cleanmgr.exe,plain,18,0
656671d3874b77aabdfb3d1cc3b32703da33dbe9e7711d645c4cc9c46e03c5d6,good_train,root,0,x86,1539,1529,good_train/root/656671d3874b77aabdfb3d1cc3b32703da33dbe9e7711d645c4cc9c46e03c5d6.asm,cliconfg.exe,plain,9,0
32f91b0ce7278e96f19b134722ab5260990d59d1b3381116bc5078b860ae57a8,good_train,root,0,x86,6264,6245,good_train/root/32f91b0ce7278e96f19b134722ab5260990d59d1b3381116bc5078b860ae57a8.asm,clip.exe,plain,18,0
ea468ef7815f4e628c295bd05ed247dcd942cd71afa991b9ec4b94d963110aa4,good_train,root,0,x86,3002,2989,good_train/root/ea468ef7815f4e628c295bd05ed247dcd942cd71afa991b9ec4b94d963110aa4.asm,cmdkey.exe,plain,12,0
5f067f86ad0f88a629263162810bf5052f5ebbd97d5d0de936311bb44c9f35e7,good_train,root,0,x86,11910,11899,good_train/root/5f067f86ad0f88a629263162810bf5052f5ebbd97d5d0de936311bb44c9f35e7.asm,cmdl32.exe,plain,10,0
5fe9d729c8d187aaa44fe5396c5e0301a2c8d2d6a2f33e9c9814dae97dd49071,good_train,root,0,x86,9650,9640,good_train/root/5fe9d729c8d187aaa44fe5396c5e0301a2c8d2d6a2f33e9c9814dae97dd49071.asm,cmmon32.exe,plain,9,0
e3ea8b0b905f0cb4b355c0650672962a18212420aa75732b689439fbd956b208,good_train,root,0,x86,23157,23146,good_train/root/e3ea8b0b905f0cb4b355c0650672962a18212420aa75732b689439fbd956b208.asm,cmstp.exe,plain,10,0
a99acdfc69c9a7c3e027a9bec724d3c366d3fc52429bf6e2c1ffc8156beb7d75,good_train,root,0,x64,3076,3075,good_train/root/a99acdfc69c9a7c3e027a9bec724d3c366d3fc52429bf6e2c1ffc8156beb7d75.asm,cofire.exe,plain,0,0
4fecea309763cba5109b644c4db5da4e17cb69e0772aabd00716aada14ef9b2f,good_train,root,0,x86,1184,1175,good_train/root/4fecea309763cba5109b644c4db5da4e17cb69e0772aabd00716aada14ef9b2f.asm,colorcpl.exe,plain,8,0
255ae38c59bcdc3ae0c706bee5eb333041f3b52de15bbf2a4b1e4c1723f33864,good_train,root,0,x86,4064,4049,good_train/root/255ae38c59bcdc3ae0c706bee5eb333041f3b52de15bbf2a4b1e4c1723f33864.asm,comp.exe,plain,14,0
0a16863f1b9de9f5b4b50ea4414eca88a4f0894c7c2bdfff0bd0d98f7f60ebd0,good_train,root,0,x86,10838,10825,good_train/root/0a16863f1b9de9f5b4b50ea4414eca88a4f0894c7c2bdfff0bd0d98f7f60ebd0.asm,compact.exe,plain,12,0
f7abcb1234f29423664862b279b57d1d160ae50c749c3fb6dea786e8ec8bc7ce,good_train,root,0,x86,2683,2663,good_train/root/f7abcb1234f29423664862b279b57d1d160ae50c749c3fb6dea786e8ec8bc7ce.asm,comrepl.exe,plain,19,0
8f276b011a160b71cb04a4a6b2e2436c0988efab8c7dcd63fa5f317a4f97fca6,good_train,root,0,x86,194,193,good_train/root/8f276b011a160b71cb04a4a6b2e2436c0988efab8c7dcd63fa5f317a4f97fca6.asm,conadvpass.exe,plain,0,0
6df9bbee22b10f164b6087f005bc0f7c8dc648ad68b80e62c48e1c0d18531a54,good_train,root,0,x64,18425,18424,good_train/root/6df9bbee22b10f164b6087f005bc0f7c8dc648ad68b80e62c48e1c0d18531a54.asm,consent.exe,plain,0,0
cf19eaff8ae1d6a4ab70a2e2ce996f49d3afdc193ee8f69aef881e5727bc8f38,good_train,root,0,x86,3336,3302,good_train/root/cf19eaff8ae1d6a4ab70a2e2ce996f49d3afdc193ee8f69aef881e5727bc8f38.asm,control.exe,plain,33,0
d280ff3983af2b77eeea7c5d1f021cccd254444c30f65700df097328b6e3ad2f,good_train,root,0,x86,3269,3254,good_train/root/d280ff3983af2b77eeea7c5d1f021cccd254444c30f65700df097328b6e3ad2f.asm,convert.exe,plain,14,0
3dcd82b2b87f8b6deb6f88aa41692d4fbde2d887c3be177d62bdda8ab74eb917,good_train,root,0,x64,39914,39913,good_train/root/3dcd82b2b87f8b6deb6f88aa41692d4fbde2d887c3be177d62bdda8ab74eb917.asm,convertvhd.exe,plain,0,0
fff9eb872eeeafc6399fa8f8bdecf047b15fcbd714e9a796025815f715f754e5,good_train,root,0,x64,15550,15549,good_train/root/fff9eb872eeeafc6399fa8f8bdecf047b15fcbd714e9a796025815f715f754e5.asm,coredpussvr.exe,plain,0,0
f1bd97c1a4b20a4097688f2485b523def4848e3e1f58621c94d88fc74521c003,good_train,root,0,x64,34992,34991,good_train/root/f1bd97c1a4b20a4097688f2485b523def4848e3e1f58621c94d88fc74521c003.asm,cports.exe,plain,0,0
c3bf35b99f90d420b879f5f7bbea8b39ad265865ee7538a72fd147f8a900f1c7,good_train,root,0,x86,5831,5809,good_train/root/c3bf35b99f90d420b879f5f7bbea8b39ad265865ee7538a72fd147f8a900f1c7.asm,credwiz.exe,plain,21,0
fb40ed0ffa6bc795923a941dab6b7d6b43583d0f152a6df4d8953d2c1a0cb417,good_train,root,0,x64,575,573,good_train/root/fb40ed0ffa6bc795923a941dab6b7d6b43583d0f152a6df4d8953d2c1a0cb417.asm,csrss.exe,plain,1,0
81ca60464f7e079a3f3411968cfea5eade8085a5b96ef46621e07319dc404f1e,good_train,root,0,x86,1206,1196,good_train/root/81ca60464f7e079a3f3411968cfea5eade8085a5b96ef46621e07319dc404f1e.asm,ctfmon.exe,plain,9,0
4527102d9b5aa52ad008c99e5740fbe4307b19c1bceb1c6fd8606bc23aef344a,good_train,root,0,x86,20682,20656,good_train/root/4527102d9b5aa52ad008c99e5740fbe4307b19c1bceb1c6fd8606bc23aef344a.asm,cttune.exe,plain,25,0
79210132e336dd6b885e3a74fb6b916a5bbdaa75fbe10108e8a6287c2f92459f,good_train,root,0,x86,8405,8385,good_train/root/79210132e336dd6b885e3a74fb6b916a5bbdaa75fbe10108e8a6287c2f92459f.asm,cttunesvr.exe,plain,19,0
f15fc7fb329dde9cf492cd6172c58a4805013b0631fac394840144f5151bbbbe,good_train,root,0,x86,93623,93619,good_train/root/f15fc7fb329dde9cf492cd6172c58a4805013b0631fac394840144f5151bbbbe.asm,curl.exe,plain,3,0
e24570abd130832732d0dd3ec4efb6e3e1835064513c8b8a2b1ae0d530b04534,good_train,root,0,x86,5777,5764,good_train/root/e24570abd130832732d0dd3ec4efb6e3e1835064513c8b8a2b1ae0d530b04534.asm,cvtres.exe,plain,12,0
7f2f046ad83e7ac41f4a5f9319ab3564bac0c91f36c042d08be2b298bf3f8292,good_train,root,0,x64,16668,16667,good_train/root/7f2f046ad83e7ac41f4a5f9319ab3564bac0c91f36c042d08be2b298bf3f8292.asm,dasHost.exe,plain,0,0
94c5c38ad8252b9481330d500185d57b0a8a40c319a4df5f35912bbb2b791cda,good_train,root,0,x86,23794,23765,good_train/root/94c5c38ad8252b9481330d500185d57b0a8a40c319a4df5f35912bbb2b791cda.asm,dccw.exe,plain,28,0
a122af3090368a1c1aec1b56f66858aef6979367a512e01a6e4f6f56a7204926,good_train,root,0,x86,1406,1394,good_train/root/a122af3090368a1c1aec1b56f66858aef6979367a512e01a6e4f6f56a7204926.asm,dcomcnfg.exe,plain,11,0
b8e52abd573af6b8773a567425a5fa667be939e3bc1e522b0db388a4f0fa2b5d,good_train,root,0,x86,8848,8834,good_train/root/b8e52abd573af6b8773a567425a5fa667be939e3bc1e522b0db388a4f0fa2b5d.asm,ddodiag.exe,plain,13,0
faa6319583c55f4b911365e6a1f51a47eb8b8e390f9ce45ad690ffd9e81e0841,good_train,root,0,x64,15315,15314,good_train/root/faa6319583c55f4b911365e6a1f51a47eb8b8e390f9ce45ad690ffd9e81e0841.asm,desktopimgdownldr.exe,plain,0,0
0b9aa3e563b8af8d51b2f79081ca210bece60355fdbaae20497eb8b899af7826,good_train,root,0,x86,7452,7451,good_train/root/0b9aa3e563b8af8d51b2f79081ca210bece60355fdbaae20497eb8b899af7826.asm,desktoptwitter.exe,plain,0,0
2026d94d25d0cd10d7d43bf60b91f45f8b728af2afab195f2d3d5456390c53f6,good_train,root,0,x86,8427,8423,good_train/root/2026d94d25d0cd10d7d43bf60b91f45f8b728af2afab195f2d3d5456390c53f6.asm,dfgPortable_2.22.33_Update_1_online.paf.exe,plain,3,0
bf1f2f2c58d4e1772596d6b76db2b08d379b58063a9945ca92903657360df98b,good_train,root,0,x86,26302,26288,good_train/root/bf1f2f2c58d4e1772596d6b76db2b08d379b58063a9945ca92903657360df98b.asm,dfrgui.exe,plain,13,0
366857de6e835ca6a12e33503f6726a2e8528e7f1f9ac74435e2a6bd3c3ed481,good_train,root,0,x86,6472,6458,good_train/root/366857de6e835ca6a12e33503f6726a2e8528e7f1f9ac74435e2a6bd3c3ed481.asm,dialer.exe,plain,13,0
24f001784d68cc80e944422807c052c0d2e9e51c75c3cd578da610576208abaa,good_train,root,0,x86,43410,43310,good_train/root/24f001784d68cc80e944422807c052c0d2e9e51c75c3cd578da610576208abaa.asm,diskpart.exe,plain,99,0
1839a4aad437b18b30e9fe880edbda89eea9b76dd0725dad2c99029ceb4e64bc,good_train,root,0,x86,4455,4447,good_train/root/1839a4aad437b18b30e9fe880edbda89eea9b76dd0725dad2c99029ceb4e64bc.asm,diskperf.exe,plain,7,0
7d4c3d063e8da3250b94a3c81edad89ed3ac218228ea177c3576590a42d027b6,good_train,root,0,x64,69556,69555,good_train/root/7d4c3d063e8da3250b94a3c81edad89ed3ac218228ea177c3576590a42d027b6.asm,diskraid.exe,plain,0,0
0b5e810c20fc5e8906aa993bb09ea021982c95a8244c2d56518ea16d22f16362,good_train,root,0,x64,20275,20274,good_train/root/0b5e810c20fc5e8906aa993bb09ea021982c95a8244c2d56518ea16d22f16362.asm,dispdiag.exe,plain,0,0
a7b6ac2649e6398cec55a349929fe1de8da137b9f77ecd7d9036f4bacb29bb59,good_train,root,0,x64,7230,7229,good_train/root/a7b6ac2649e6398cec55a349929fe1de8da137b9f77ecd7d9036f4bacb29bb59.asm,djoin.exe,plain,0,0
721c14e332532b2f2abe1dcb8954c96d882525837b8468da9da26710292928fd,good_train,root,0,x64,17081,17080,good_train/root/721c14e332532b2f2abe1dcb8954c96d882525837b8468da9da26710292928fd.asm,dllexp.exe,plain,0,0
f95b7ba752c6452da9d83f84ca7307ae079d220718bcb2babf145903bac894dd,good_train,root,0,x86,1804,1793,good_train/root/f95b7ba752c6452da9d83f84ca7307ae079d220718bcb2babf145903bac894dd.asm,dllhost.exe,plain,10,0
f814061ad1ff183b6a8ac3df9a8377e042f527c9a15d276ccc0493fb47aa8962,good_train,root,0,x86,1803,1794,good_train/root/f814061ad1ff183b6a8ac3df9a8377e042f527c9a15d276ccc0493fb47aa8962.asm,dllhst3g.exe,plain,8,0
41b3f0af54f2351288992247826d96727bdb95f3467f5dd02d27dfd562f7767f,good_train,root,0,x64,31553,31552,good_train/root/41b3f0af54f2351288992247826d96727bdb95f3467f5dd02d27dfd562f7767f.asm,dmcertinst.exe,plain,0,0
b9b24776156d0448ec1ea55019ae85f2e17a2d0d133d1a7d1a86d82561073da5,good_train,root,0,x64,4107,4106,good_train/root/b9b24776156d0448ec1ea55019ae85f2e17a2d0d133d1a7d1a86d82561073da5.asm,dmcfghost.exe,plain,0,0
42fb09a1dbd94565f6956464202515599d1b7251ce6f4d6a5c4f1a3295264cba,good_train,root,0,x64,19260,19259,good_train/root/42fb09a1dbd94565f6956464202515599d1b7251ce6f4d6a5c4f1a3295264cba.asm,dmclient.exe,plain,0,0
5131ab09ac9f309607a8d7dae578aedbfb5931c8a419187abac231350db38cfd,good_train,root,0,x64,4574,4573,good_train/root/5131ab09ac9f309607a8d7dae578aedbfb5931c8a419187abac231350db38cfd.asm,dnscacheugc.exe,plain,0,0
59f8910653ef69dccd0e1c4ef13fd13e5162afd8eae96d8dd75f73a7f0a4d442,good_train,root,0,x86,2622,2611,good_train/root/59f8910653ef69dccd0e1c4ef13fd13e5162afd8eae96d8dd75f73a7f0a4d442.asm,doskey.exe,plain,10,0
608beb64be5bebe6d576f6ef2d0493a6f73ef85f75ff121b05c38eb7028e118c,good_train,root,0,x86,9251,9250,good_train/root/608beb64be5bebe6d576f6ef2d0493a6f73ef85f75ff121b05c38eb7028e118c.asm,dotNETInspectorPortable_1.5.0_English.paf.exe,plain,0,0
e9f1f2c4fbca349cba6d1f3039ff6ad9375a702101a9d69d602e263323bc15fe,good_train,root,0,x86,3247,3234,good_train/root/e9f1f2c4fbca349cba6d1f3039ff6ad9375a702101a9d69d602e263323bc15fe.asm,dpapimig.exe,plain,12,0
991aab6b229a376b02b64d95f5dac5059c33aa8cc914a640201a95d556b21399,good_train,root,0,x86,1309,1299,good_train/root/991aab6b229a376b02b64d95f5dac5059c33aa8cc914a640201a95d556b21399.asm,dplaysvr.exe,plain,9,0
54bd0e8075f63285c1408516913abd9913ba058a80a43e345ad42b34f36f6c12,good_train,root,0,x86,17813,17767,good_train/root/54bd0e8075f63285c1408516913abd9913ba058a80a43e345ad42b34f36f6c12.asm,driverquery.exe,plain,45,0
20475a39e2c44fee59e1c7d68d99866dc65ca45740b5212db9e83da2b7d1f575,good_train,root,0,x64,13923,13922,good_train/root/20475a39e2c44fee59e1c7d68d99866dc65ca45740b5212db9e83da2b7d1f575.asm,drvcfg.exe,plain,0,0
f8cbfef5d24ce0f99ff88007e816ca29d421aaf06f81a3cc56d35e563eb1c2fb,good_train,root,0,x64,31718,31717,good_train/root/f8cbfef5d24ce0f99ff88007e816ca29d421aaf06f81a3cc56d35e563eb1c2fb.asm,drvinst.exe,plain,0,0
066aeb24ec4007483edb2ac0893236069f463e598fc18ff5646b28d067a74f58,good_train,root,0,x64,1399,1398,good_train/root/066aeb24ec4007483edb2ac0893236069f463e598fc18ff5646b28d067a74f58.asm,dstokenclean.exe,plain,0,0
4dc2df0dec806d4aff3be1487fe3f049e4346f55c9191bf770cc8cf86beaf181,good_train,root,0,x86,22547,22490,good_train/root/4dc2df0dec806d4aff3be1487fe3f049e4346f55c9191bf770cc8cf86beaf181.asm,dtdump.exe,plain,56,0
6e64aa0e02e0ea6acd0f2aa7970fab24dc30e14c6c64f936cd2075f99e715d46,good_train,root,0,x64,6943,6942,good_train/root/6e64aa0e02e0ea6acd0f2aa7970fab24dc30e14c6c64f936cd2075f99e715d46.asm,dusmtask.exe,plain,0,0
28695005c5b4780b5258367964580af6568ac187d0e8726eb1c70370ad042cb8,good_train,root,0,x86,1394,1384,good_train/root/28695005c5b4780b5258367964580af6568ac187d0e8726eb1c70370ad042cb8.asm,dvdplay.exe,plain,9,0
43dc58af302374f77c3faeac2fb446b1d813712d2650d9618e8d80e312f2e6fd,good_train,root,0,x64,6532,6526,good_train/root/43dc58af302374f77c3faeac2fb446b1d813712d2650d9618e8d80e312f2e6fd.asm,dwm.exe,plain,5,0
ee52a12396236ca1f2bd97fed17a0feab53367482e3826811ad9377b35fc9318,good_train,root,0,x86,87233,86974,good_train/root/ee52a12396236ca1f2bd97fed17a0feab53367482e3826811ad9377b35fc9318.asm,dxdiag.exe,plain,258,0
ba598efd9d9c4449deac83f78cec893aa127f31767902d6dd69a157b65450240,good_train,root,0,x64,9290,9289,good_train/root/ba598efd9d9c4449deac83f78cec893aa127f31767902d6dd69a157b65450240.asm,dxgiadaptercache.exe,plain,0,0
d6c7259046e76e147e2d0f40329e0605287c80a51e6417babcd4b5d9998949ce,good_train,root,0,x64,10026,10025,good_train/root/d6c7259046e76e147e2d0f40329e0605287c80a51e6417babcd4b5d9998949ce.asm,easinvoker.exe,plain,0,0
7ce0d1716206ea262eac237edfad7c98cc0c73ecaddb5f0c307330190a44c5b1,good_train,root,0,x86,13923,13895,good_train/root/7ce0d1716206ea262eac237edfad7c98cc0c73ecaddb5f0c307330190a44c5b1.asm,edpnotify.exe,plain,27,0
7f9304a0b0492f3e18c46ea4d17ee1323b9ab27ee584ff4f25487f1d04820a6e,good_train,root,0,x86,2145,2136,good_train/root/7f9304a0b0492f3e18c46ea4d17ee1323b9ab27ee584ff4f25487f1d04820a6e.asm,efsui.exe,plain,8,0
685ad8a16cacb7109bb05bf91bcc3ad7edcedd96ea00e52136a01dd05ff4640e,good_train,root,0,x86,100026,100000,good_train/root/685ad8a16cacb7109bb05bf91bcc3ad7edcedd96ea00e52136a01dd05ff4640e.asm,esentutl.exe,plain,24,1
4541091e0f28f0fe29a1c3ed9086922f0fca4910ac3bd4178064b3cb8097ad20,good_train,root,0,x86,61858,61633,good_train/root/4541091e0f28f0fe29a1c3ed9086922f0fca4910ac3bd4178064b3cb8097ad20.asm,eudcedit.exe,plain,224,0
cf7f814331696e120864d5d8227ee5abc3ba8b2e46d7e7df20dc317dfa1d1434,good_train,root,0,x86,8531,8513,good_train/root/cf7f814331696e120864d5d8227ee5abc3ba8b2e46d7e7df20dc317dfa1d1434.asm,eventcreate.exe,plain,17,0
963e6a79b77518fa2d4e45604764a5065eb4563f7af7d1526dad76aed49cd96e,good_train,root,0,x86,2876,2865,good_train/root/963e6a79b77518fa2d4e45604764a5065eb4563f7af7d1526dad76aed49cd96e.asm,eventvwr.exe,plain,10,0
f8603f7e5e3158e5e381854e1036781269c56a7671555628ab20c1102640ac3f,good_train,root,0,x86,14110,14081,good_train/root/f8603f7e5e3158e5e381854e1036781269c56a7671555628ab20c1102640ac3f.asm,expand.exe,plain,28,0
2e2cafd7954a9fb3fd321194bd3bb691cecee01189a51e821ed1b40dce929007,good_train,root,0,x86,7394,7382,good_train/root/2e2cafd7954a9fb3fd321194bd3bb691cecee01189a51e821ed1b40dce929007.asm,extrac32.exe,plain,11,0
2fac5f116eac447be41d986ab866847ed1583b6df12f8e2c8f1177b424d28a0c,good_train,root,0,x86,14774,14773,good_train/root/2fac5f116eac447be41d986ab866847ed1583b6df12f8e2c8f1177b424d28a0c.asm,faview.exe,plain,0,0
f22b3505d734e3733b39072664262ea84f8ef7faa09cb3a4c1d589785d115ec1,good_train,root,0,x86,4038,4027,good_train/root/f22b3505d734e3733b39072664262ea84f8ef7faa09cb3a4c1d589785d115ec1.asm,fc.exe,plain,10,0
68a36b260dd6e715ca9e7f8e6bf847ae29a5650538cf11bf2cb5b31acdd4d790,good_train,root,0,x86,102924,100000,good_train/root/68a36b260dd6e715ca9e7f8e6bf847ae29a5650538cf11bf2cb5b31acdd4d790.asm,fg761p.exe,packed_other,2922,1
6ce1e6f41ff63b5d5b663447633da00bf87bbac5125e689ea3babefc8f981cc6,good_train,root,0,x64,5427,5426,good_train/root/6ce1e6f41ff63b5d5b663447633da00bf87bbac5125e689ea3babefc8f981cc6.asm,fhmanagew.exe,plain,0,0
6a42c41b345f3f8a22e5f3658b4673abae612242acf12042ec5de4dee57a98d8,good_train,root,0,x86,2231,2220,good_train/root/6a42c41b345f3f8a22e5f3658b4673abae612242acf12042ec5de4dee57a98d8.asm,find.exe,plain,10,0
6212e4eb194109c71815ace1ed8d56139dda04be2f6e1bb01eac9315c6fb5abf,good_train,root,0,x86,6543,6527,good_train/root/6212e4eb194109c71815ace1ed8d56139dda04be2f6e1bb01eac9315c6fb5abf.asm,findstr.exe,plain,15,0
621f2cc798234a31b17b90cfc91b6e6f9a3a249e37ea9c235ab83e39fa4c7e63,good_train,root,0,x86,2072,2062,good_train/root/621f2cc798234a31b17b90cfc91b6e6f9a3a249e37ea9c235ab83e39fa4c7e63.asm,finger.exe,plain,9,0
9abf9dc2cd723d9c8bc68d16bc8c175c4f5445e18c0b7b5628329c750c4dfc73,good_train,root,0,x86,3605,3591,good_train/root/9abf9dc2cd723d9c8bc68d16bc8c175c4f5445e18c0b7b5628329c750c4dfc73.asm,fixmapi.exe,plain,13,0
7c0b13d17fab5ea169b9c637c604b71503f86728c03d27c1ab81a18f8caae391,good_train,root,0,x86,5220,5180,good_train/root/7c0b13d17fab5ea169b9c637c604b71503f86728c03d27c1ab81a18f8caae391.asm,fltMC.exe,plain,39,0
b1223b86d03c3583b84e46a9a6ad009d770fc4114640402ede19793167593a8f,good_train,root,0,x64,9897,9896,good_train/root/b1223b86d03c3583b84e46a9a6ad009d770fc4114640402ede19793167593a8f.asm,fodhelper.exe,plain,0,0
1641406fea81f03972e0f9fbe72f335032628ff6b17a9cd28a56dc5bc2983c40,good_train,root,0,x86,7644,7630,good_train/root/1641406fea81f03972e0f9fbe72f335032628ff6b17a9cd28a56dc5bc2983c40.asm,fontview.exe,plain,13,0
ff892cc591bed1b9ba539aeabd86e9d19387d4378f050676553f21e340df68ef,good_train,root,0,x86,10674,10658,good_train/root/ff892cc591bed1b9ba539aeabd86e9d19387d4378f050676553f21e340df68ef.asm,forfiles.exe,plain,15,0
50dab54d94e8312b9a71b57329247cdf46696c1e6a2831242439271eec4f2da6,good_train,root,0,x86,102864,100000,good_train/root/50dab54d94e8312b9a71b57329247cdf46696c1e6a2831242439271eec4f2da6.asm,freegate-38819-1.exe,packed_other,2862,1
4bcd912b99b7ddfc456cc45aafe81d8f14598d02816851f9af195e875607b797,good_train,root,0,x64,1708,1707,good_train/root/4bcd912b99b7ddfc456cc45aafe81d8f14598d02816851f9af195e875607b797.asm,fsavailux.exe,plain,0,0
e1491b1f6921849fcde3bc4b5cbb5d07890a997ed18f0051abba3407b8c0f39b,good_train,root,0,x86,18423,18381,good_train/root/e1491b1f6921849fcde3bc4b5cbb5d07890a997ed18f0051abba3407b8c0f39b.asm,fsquirt.exe,plain,41,0
df73a20b0036611e2e2fcb63f620d5945532d7634a1913457b2f242158eae6e0,good_train,root,0,x86,42112,41919,good_train/root/df73a20b0036611e2e2fcb63f620d5945532d7634a1913457b2f242158eae6e0.asm,fsutil.exe,plain,192,0
be279f10d7ff4c18d69724ef0eb04c91d8a34aac0db610e638b000991dfb8b02,good_train,root,0,x86,12219,12206,good_train/root/be279f10d7ff4c18d69724ef0eb04c91d8a34aac0db610e638b000991dfb8b02.asm,ftp.exe,plain,12,0
f0cddba84ac1da81b4f340b7b14193ff85e80b6444febe5f7686de6061ed7c67,good_train,root,0,x64,15972,15971,good_train/root/f0cddba84ac1da81b4f340b7b14193ff85e80b6444febe5f7686de6061ed7c67.asm,fvenotify.exe,plain,0,0
4156d60544639cc6b06e229372d61f50b6bef46121040e5bfd31639d9c3aa14b,good_train,root,0,x64,13767,13766,good_train/root/4156d60544639cc6b06e229372d61f50b6bef46121040e5bfd31639d9c3aa14b.asm,fveprompt.exe,plain,0,0
35e08ae5ae1d826c5fc8e41cfa5cfd30a0463975059bd4e8ff710a94f7d9f31a,good_train,root,0,x86,18071,18007,good_train/root/35e08ae5ae1d826c5fc8e41cfa5cfd30a0463975059bd4e8ff710a94f7d9f31a.asm,getmac.exe,plain,63,0
3286f3271943104e023e36323f0abbb114c2c59e3a95d64951b1aafe964272a0,good_train,root,0,x86,56147,55906,good_train/root/3286f3271943104e023e36323f0abbb114c2c59e3a95d64951b1aafe964272a0.asm,gpresult.exe,plain,240,0
4d6b2e5242862760cb9d4b848df760cd3a5a011dd59a5c633ec966d32d1d6ea2,good_train,root,0,x86,9661,9633,good_train/root/4d6b2e5242862760cb9d4b848df760cd3a5a011dd59a5c633ec966d32d1d6ea2.asm,gpscript.exe,plain,27,0
6978a7d518e8b096070b854cb79176c6fcf18a7747f6d7efdc90e62aeb2d290c,good_train,root,0,x86,6198,6169,good_train/root/6978a7d518e8b096070b854cb79176c6fcf18a7747f6d7efdc90e62aeb2d290c.asm,gpupdate.exe,plain,28,0
52c9f0dfb5d018119e6b63bb809cd524f07715e342dd7d3c66452231e81d8f99,good_train,root,0,x86,8565,8563,good_train/root/52c9f0dfb5d018119e6b63bb809cd524f07715e342dd7d3c66452231e81d8f99.asm,grepWinPortable_2.0.10.paf.exe,plain,1,0
542c4b92d2fa26e0c26771a3624440df3ef09ccd2eaf1a2873486ce461f9dc30,good_train,root,0,x86,10149,10133,good_train/root/542c4b92d2fa26e0c26771a3624440df3ef09ccd2eaf1a2873486ce461f9dc30.asm,grpconv.exe,plain,15,0
79cccf88dd152c2ab8be92bc8b835cda56728d381be3617042620b0a5cd9308b,good_train,root,0,x86,2927,2915,good_train/root/79cccf88dd152c2ab8be92bc8b835cda56728d381be3617042620b0a5cd9308b.asm,hdwwiz.exe,plain,11,0
09948762942fc066eb07c479fa49b63f3cff299af2ee8256904ba9b098ec50df,good_train,root,0,x86,1593,1581,good_train/root/09948762942fc066eb07c479fa49b63f3cff299af2ee8256904ba9b098ec50df.asm,help.exe,plain,11,0
8ab2f9a4ca87575f03f554aeed6c5e0d7692fa9b5d420008a1521f7f7bd2d0a5,good_train,root,0,x64,1330,1329,good_train/root/8ab2f9a4ca87575f03f554aeed6c5e0d7692fa9b5d420008a1521f7f7bd2d0a5.asm,hh.exe,plain,0,0
1a53dc6b9353e49aa29ba328dcb2451e006029c8e6ed7c5e48b2ef5744a3a4c2,good_train,root,0,x64,23604,23603,good_train/root/1a53dc6b9353e49aa29ba328dcb2451e006029c8e6ed7c5e48b2ef5744a3a4c2.asm,hvsievaluator.exe,plain,0,0
ace546697cc29946f459eecc3b0c3035530aa603880b811c7d1b0156ad7eb692,good_train,root,0,x86,7047,7024,good_train/root/ace546697cc29946f459eecc3b0c3035530aa603880b811c7d1b0156ad7eb692.asm,icacls.exe,plain,22,0
8bf56a77361dec5b48a38c938271e0411913dda6b059a61137d0c888490e0332,good_train,root,0,x86,10234,10233,good_train/root/8bf56a77361dec5b48a38c938271e0411913dda6b059a61137d0c888490e0332.asm,iconsext.exe,plain,0,0
b10cb64a755f67c25d42a5716d9c89094c799dd736d0a4e0639574b1ed5e7096,good_train,root,0,x86,3264,3244,good_train/root/b10cb64a755f67c25d42a5716d9c89094c799dd736d0a4e0639574b1ed5e7096.asm,icsunattend.exe,plain,19,0
a59282984c23991a66cbbd6f654b979180a2e24a73b7be0929f6494180a4feb8,good_train,root,0,x64,44103,44102,good_train/root/a59282984c23991a66cbbd6f654b979180a2e24a73b7be0929f6494180a4feb8.asm,ie4uinit.exe,plain,0,0
a7f4bcc5958b493e4022e1424100e6a7da2a6eb3345818dc0b41cdc1c7bd86fc,good_train,root,0,x64,13419,13418,good_train/root/a7f4bcc5958b493e4022e1424100e6a7da2a6eb3345818dc0b41cdc1c7bd86fc.asm,ie4ushowIE.exe,plain,0,0
ba468fac470fd88e72a7253189bf3673079d1e31bb1f7725516f9fa757047a7a,good_train,root,0,x86,42427,42309,good_train/root/ba468fac470fd88e72a7253189bf3673079d1e31bb1f7725516f9fa757047a7a.asm,ieUnatt.exe,plain,117,0
eab0f1fa1c025867dff4facc726c3e6bded9b7b04954f10eaf9c441f6f382911,good_train,root,0,x86,15274,15273,good_train/root/eab0f1fa1c025867dff4facc726c3e6bded9b7b04954f10eaf9c441f6f382911.asm,iecv.exe,plain,0,0
0cbccbdea62087e9a6e75b0e464cee09af59d8e5e348173e201baad667957f27,good_train,root,0,x86,14916,14915,good_train/root/0cbccbdea62087e9a6e75b0e464cee09af59d8e5e348173e201baad667957f27.asm,iehv.exe,plain,0,0
a57b027f6619281b920503c26a30fa3daefc874be3fc31257f63106f7a434643,good_train,root,0,x64,16586,16585,good_train/root/a57b027f6619281b920503c26a30fa3daefc874be3fc31257f63106f7a434643.asm,ieinstal.exe,plain,0,0
a52b302aaa40a678bc61653f1271debda2d6b1cec6cc13972120d63a25d0cb12,good_train,root,0,x64,2257,2256,good_train/root/a52b302aaa40a678bc61653f1271debda2d6b1cec6cc13972120d63a25d0cb12.asm,ielowutil.exe,plain,0,0
70aaf2b367b97fa35d599a6db4d08875206ef18c99d8c8c5b5f25e4f5509931a,good_train,root,0,x86,23970,23969,good_train/root/70aaf2b367b97fa35d599a6db4d08875206ef18c99d8c8c5b5f25e4f5509931a.asm,iepv.exe,plain,0,0
faa971f17a142ebd5518e5b3c55af0f0c264adf43644d8ccf972440048620d07,good_train,root,0,x64,5474,5473,good_train/root/faa971f17a142ebd5518e5b3c55af0f0c264adf43644d8ccf972440048620d07.asm,iexplore.exe,plain,0,0
7e125b3af9e9bc1faf52c24e5e0a4e287d362ec07af491fa8d7f27609befbe43,good_train,root,0,x86,17608,17596,good_train/root/7e125b3af9e9bc1faf52c24e5e0a4e287d362ec07af491fa8d7f27609befbe43.asm,iexpress.exe,plain,11,0
1e672a7cb8f5defb355143f971fb09738e46d186ef7dabdea75301bf6d9243b6,good_train,root,0,x86,14273,14217,good_train/root/1e672a7cb8f5defb355143f971fb09738e46d186ef7dabdea75301bf6d9243b6.asm,ifreevpn.exe,plain,55,0
440c61c7fbfb4808c339f6f15f49850a71458441e2f70e0024d6565e513b1416,good_train,root,0,x86,92039,91385,good_train/root/440c61c7fbfb4808c339f6f15f49850a71458441e2f70e0024d6565e513b1416.asm,ilasm.exe,plain,653,0
b1d0dda4668eade6c0dfdc9daf4ce801175f0903fe15b97518673d05f6504cb5,good_train,root,0,x86,47243,47054,good_train/root/b1d0dda4668eade6c0dfdc9daf4ce801175f0903fe15b97518673d05f6504cb5.asm,imecfmui.exe,plain,188,0
334402abd21a9de3927d38651c7547f1859dadf5eb9d86e56cb6d0cb93947c8a,good_train,root,0,x86,93127,92635,good_train/root/334402abd21a9de3927d38651c7547f1859dadf5eb9d86e56cb6d0cb93947c8a.asm,imjpuexc.exe,plain,491,0
0e930949fad2bcd206d0b1129f21defbb5eae4b21df5a7099e8b17814ea90f30,good_train,root,0,x64,26508,26507,good_train/root/0e930949fad2bcd206d0b1129f21defbb5eae4b21df5a7099e8b17814ea90f30.asm,immersivetpmvscmgrsvr.exe,plain,0,0
686ea820f3bdf8da8a6b73dbca069c846896c5885b0193d23af2ca9d5f1d6d9b,good_train,root,0,x86,1320,1309,good_train/root/686ea820f3bdf8da8a6b73dbca069c846896c5885b0193d23af2ca9d5f1d6d9b.asm,instnm.exe,plain,10,0
258d2ca55d04630e525daf4fefa4304ad3acf890a12f0ad7ef9f7739ddc01112,good_train,root,0,x64,29540,29539,good_train/root/258d2ca55d04630e525daf4fefa4304ad3acf890a12f0ad7ef9f7739ddc01112.asm,iotstartup.exe,plain,0,0
b0832dec07a4cb6228b7b392d6abafb79e9bf7327605ae3e86e1e617de7495a5,good_train,root,0,x86,6925,6909,good_train/root/b0832dec07a4cb6228b7b392d6abafb79e9bf7327605ae3e86e1e617de7495a5.asm,ipconfig.exe,plain,15,0
1a62f305b020458191910d468638d79357bafac5f2d3939a7990f0f1cd0d66c9,good_train,root,0,x86,17411,17409,good_train/root/1a62f305b020458191910d468638d79357bafac5f2d3939a7990f0f1cd0d66c9.asm,ipnetinfo.exe,plain,1,0
36a594f2f7fe6977cc05d75dd5d4eb19f538f608043562e20ca6d5eec7da1457,good_train,root,0,x64,23922,23921,good_train/root/36a594f2f7fe6977cc05d75dd5d4eb19f538f608043562e20ca6d5eec7da1457.asm,irftp.exe,plain,0,0
5a9de5ab7fe13ce4841c14238ceadd4fb86521fcd75c351f605bca66d3f99b8f,good_train,root,0,x86,11524,11509,good_train/root/5a9de5ab7fe13ce4841c14238ceadd4fb86521fcd75c351f605bca66d3f99b8f.asm,iscsicli.exe,plain,14,0
f3a8986adb353e75fdfca44a0c1dc6796ddbfbdeb936f2482c5386f6f7a27df7,good_train,root,0,x86,1501,1492,good_train/root/f3a8986adb353e75fdfca44a0c1dc6796ddbfbdeb936f2482c5386f6f7a27df7.asm,iscsicpl.exe,plain,8,0
1cca7028745528dd38ce2a385f5dad4ef6be6b4a5e2d31c760cf9f21a0510774,good_train,root,0,x86,14912,14888,good_train/root/1cca7028745528dd38ce2a385f5dad4ef6be6b4a5e2d31c760cf9f21a0510774.asm,isoburn.exe,plain,23,0
bd2cc4ed5309adbae88ef6e401b33ee922e088d9fbca95d4c9d1b2a440d5cd80,good_train,root,0,x86,9251,9250,good_train/root/bd2cc4ed5309adbae88ef6e401b33ee922e088d9fbca95d4c9d1b2a440d5cd80.asm,jPortableBrowserSwitch_1.0_English.paf.exe,plain,0,0
aed0ca2c872fc5a99d48190872026e1ecfae466699359bb980912025622f4fae,good_train,root,0,x86,32865,32860,good_train/root/aed0ca2c872fc5a99d48190872026e1ecfae466699359bb980912025622f4fae.asm,java.exe,plain,4,0
458e46e92b872430f68363a4061403a88f41fda8807f69418b54e83db199643b,good_train,root,0,x86,32874,32871,good_train/root/458e46e92b872430f68363a4061403a88f41fda8807f69418b54e83db199643b.asm,javaw.exe,plain,2,0
66bfd9498b55a6af8eca7c1def18f7d701a207742d43b36d4aac18a8f3da7ddc,good_train,root,0,x86,44977,44971,good_train/root/66bfd9498b55a6af8eca7c1def18f7d701a207742d43b36d4aac18a8f3da7ddc.asm,javaws.exe,plain,5,0
e2023f25c5da9c4fd73a061c8a94f576aa9a4c812e480c8b0b37f8e40b7a41cd,good_train,root,0,x86,63303,63102,good_train/root/e2023f25c5da9c4fd73a061c8a94f576aa9a4c812e480c8b0b37f8e40b7a41cd.asm,k4etna2us17.exe,plain,199,0
dc3b8ad4e6c1c0db35dd29c2903235f2e1744550b85c62a05a122542ddf9b8a5,good_train,root,0,x86,14219,14163,good_train/root/dc3b8ad4e6c1c0db35dd29c2903235f2e1744550b85c62a05a122542ddf9b8a5.asm,kktt.exe,plain,55,0
6ac1bb76543c10b5294aaf286132152757f90825efecb3c0066f5f2acc7aa1d7,good_train,root,0,x64,5768,5767,good_train/root/6ac1bb76543c10b5294aaf286132152757f90825efecb3c0066f5f2acc7aa1d7.asm,klist.exe,plain,0,0
19373acc55f4daa9810341a2b164f0b7346a1e2ee5d18a6c75d20e7b0394fb08,good_train,root,0,x64,5923,5922,good_train/root/19373acc55f4daa9810341a2b164f0b7346a1e2ee5d18a6c75d20e7b0394fb08.asm,ksetup.exe,plain,0,0
a436c4ff2539b2a65f4787a0af777075a0e40ef019b78f7276273266f439873c,good_train,root,0,x86,2755,2744,good_train/root/a436c4ff2539b2a65f4787a0af777075a0e40ef019b78f7276273266f439873c.asm,ktmutil.exe,plain,10,0
332fa83bdc982ab5a509eff6fdac3161034bf55b32b7f7dc3c7551fe3a6a0cbc,good_train,root,0,x86,2224,2213,good_train/root/332fa83bdc982ab5a509eff6fdac3161034bf55b32b7f7dc3c7551fe3a6a0cbc.asm,label.exe,plain,10,0
fb047a422ce97d7b2f5fdf505a3f7ea64e78c987293ef079582049487bbd2506,good_train,root,0,x86,7960,7959,good_train/root/fb047a422ce97d7b2f5fdf505a3f7ea64e78c987293ef079582049487bbd2506.asm,lantern-installer.exe,plain,0,0
ad50d6f3f21a34d2fe251d5c3cc0e0f42170e2c70e45b7712bdbda0543b8bbf8,good_train,root,0,x64,39565,39564,good_train/root/ad50d6f3f21a34d2fe251d5c3cc0e0f42170e2c70e45b7712bdbda0543b8bbf8.asm,licensingdiag.exe,plain,0,0
914650f6dc5783422e107159e0b69a0917d43cd5016ecdc14f06577a11ff36f0,good_train,root,0,x86,12564,12549,good_train/root/914650f6dc5783422e107159e0b69a0917d43cd5016ecdc14f06577a11ff36f0.asm,lodctr.exe,plain,14,0
f100f9542a3d3b48868adfca2a5ca4c48960c66d5c0ea1b5d28f994a3b0d3739,good_train,root,0,x86,27142,27084,good_train/root/f100f9542a3d3b48868adfca2a5ca4c48960c66d5c0ea1b5d28f994a3b0d3739.asm,logagent.exe,plain,57,0
f1d7464233146e55dedf17ed942521ef2274e51963d6e4441279d100278a53e6,good_train,root,0,x86,25844,25824,good_train/root/f1d7464233146e55dedf17ed942521ef2274e51963d6e4441279d100278a53e6.asm,logman.exe,plain,19,0
a8801f55523961a7dc8b38cbf48fbc1e46ae8e993e09153a240ac8f996c3a46f,good_train,root,0,x64,3507,3506,good_train/root/a8801f55523961a7dc8b38cbf48fbc1e46ae8e993e09153a240ac8f996c3a46f.asm,logoff.exe,plain,0,0
45b6520c82a66891989f40b5e36fa73e7465bba7115904e722dbe2f86f8ca7c2,good_train,root,0,x64,6613,6612,good_train/root/45b6520c82a66891989f40b5e36fa73e7465bba7115904e722dbe2f86f8ca7c2.asm,lpkinstall.exe,plain,0,0
c8b2f1ef4100d7e93cd6ce1766b502b347a86288f91368f4891bb8be8e338ad2,good_train,root,0,x64,100002,100000,good_train/root/c8b2f1ef4100d7e93cd6ce1766b502b347a86288f91368f4891bb8be8e338ad2.asm,lpksetup.exe,plain,0,1
148b7b678fe8e74f8d92412b14eff11496d7b1ab7b8a548b327594f806df77af,good_train,root,0,x64,10294,10293,good_train/root/148b7b678fe8e74f8d92412b14eff11496d7b1ab7b8a548b327594f806df77af.asm,lpremove.exe,plain,0,0
bbc83e4759d4b82bad31e371ad679aa414c72273bf97cee5aed8337ed8a4d79f,good_train,root,0,x64,5173,5172,good_train/root/bbc83e4759d4b82bad31e371ad679aa414c72273bf97cee5aed8337ed8a4d79f.asm,lsass.exe,plain,0,0
5be325905df8aab7089ab2348d89343f55a2f88dadd75de8f382e8fa026451bd,good_train,root,0,x86,100002,100000,good_train/root/5be325905df8aab7089ab2348d89343f55a2f88dadd75de8f382e8fa026451bd.asm,mailpv.exe,plain,0,1
6fe68e81da381f3bd1852e18d9223f73d453dd08a9c076b10c3852a1381d802e,good_train,root,0,x86,21317,21292,good_train/root/6fe68e81da381f3bd1852e18d9223f73d453dd08a9c076b10c3852a1381d802e.asm,makecab.exe,plain,24,0
5be37eab49ceee5c5245fd7c002672b0540c8f27af74bb98e4cd109418b76150,good_train,root,0,x64,26752,26751,good_train/root/5be37eab49ceee5c5245fd7c002672b0540c8f27af74bb98e4cd109418b76150.asm,manage-bde.exe,plain,0,0
1a4b1740610c61f1efe390ef5632b89566e35a381558bb609921d2606361b9be,good_train,root,0,x86,45181,45036,good_train/root/1a4b1740610c61f1efe390ef5632b89566e35a381558bb609921d2606361b9be.asm,mavinject.exe,plain,144,0
b77b21a524249000737112909827cefbbe582fd863dff54612050ae69cb5a80c,good_train,root,0,x64,49295,49294,good_train/root/b77b21a524249000737112909827cefbbe582fd863dff54612050ae69cb5a80c.asm,mblctr.exe,plain,0,0
e0588984db635c54b6606e31a982d5b84b38e81e12c55314d0e68dca004c4aeb,good_train,root,0,x86,25766,25628,good_train/root/e0588984db635c54b6606e31a982d5b84b38e81e12c55314d0e68dca004c4aeb.asm,mcbuilder.exe,plain,137,0
3555b6148f8bf9415c1b0db8b03c649b530670c7775631d6f26fda5eee547f24,good_train,root,0,x86,8396,8394,good_train/root/3555b6148f8bf9415c1b0db8b03c649b530670c7775631d6f26fda5eee547f24.asm,memreduct-3.3.5-setup.exe,plain,1,0
9db90b902e53c4b16f467417074245c99c1289c83036c3695e6122f037a9d373,good_train,root,0,x86,100004,100000,good_train/root/9db90b902e53c4b16f467417074245c99c1289c83036c3695e6122f037a9d373.asm,memtest.exe,plain,2,1
40ae510ae126fe5775904851384ec91d53d5f97232abb7fa723d19767bc88aa6,good_train,root,0,x86,6795,6779,good_train/root/40ae510ae126fe5775904851384ec91d53d5f97232abb7fa723d19767bc88aa6.asm,mfpmp.exe,plain,15,0
03dc58aa00e5773631c70e11766fad0b2e244798adf706e0967f54ab05570c1d,good_train,root,0,x64,6211,6210,good_train/root/03dc58aa00e5773631c70e11766fad0b2e244798adf706e0967f54ab05570c1d.asm,mighost.exe,plain,0,0
ad3fa4a386f66287949064bb551e938c9fd35b15a127f7a6bdac44e244cabb38,good_train,root,0,x64,100002,100000,good_train/root/ad3fa4a386f66287949064bb551e938c9fd35b15a127f7a6bdac44e244cabb38.asm,mip.exe,plain,0,1
36783db622a69e5f98aeb9a11f3c03239b1a6a720f80d49b8e2d17bd8aa73a30,good_train,root,0,x86,101040,100000,good_train/root/36783db622a69e5f98aeb9a11f3c03239b1a6a720f80d49b8e2d17bd8aa73a30.asm,mmc.exe,plain,1038,1
b8375160593c224f2cacdd8d3c97a5b320ac0a9ec6e75cfcb2d2fb76605f4a1f,good_train,root,0,x86,100207,100000,good_train/root/b8375160593c224f2cacdd8d3c97a5b320ac0a9ec6e75cfcb2d2fb76605f4a1f.asm,mmgaserver.exe,plain,205,1
a584b2dd163daabdc51f9e41ab3ef154b3e880d17c06dc3fdafd62fc6e266c4f,good_train,root,0,x86,5779,5761,good_train/root/a584b2dd163daabdc51f9e41ab3ef154b3e880d17c06dc3fdafd62fc6e266c4f.asm,mobsync.exe,plain,17,0
6b74bb2bfe0cda5617eac3a3eefccc9554186b098dc70da573b153af36525569,good_train,root,0,x86,3950,3930,good_train/root/6b74bb2bfe0cda5617eac3a3eefccc9554186b098dc70da573b153af36525569.asm,mofcomp.exe,plain,19,0
3408b443926447c03a7575c563163b8e9adf54aae9f4fad959a4a61d588fa234,good_train,root,0,x86,2668,2656,good_train/root/3408b443926447c03a7575c563163b8e9adf54aae9f4fad959a4a61d588fa234.asm,mountvol.exe,plain,11,0
11aeedeadef669487f4445116f617924ec4355d33eff895509f4a46eec8ef217,good_train,root,0,x64,2190,2189,good_train/root/11aeedeadef669487f4445116f617924ec4355d33eff895509f4a46eec8ef217.asm,mpnotify.exe,plain,0,0
2782a7f6336daf4cc25a88995456678f02afe0f01c86d24ef75cf54996710a75,good_train,root,0,x64,19708,19707,good_train/root/2782a7f6336daf4cc25a88995456678f02afe0f01c86d24ef75cf54996710a75.asm,msconfig.exe,plain,0,0
411e7e2d9703fa9d41622fe28dcbb775fbcdc67885a86cb7bf5f20a3f3b69961,good_train,root,0,x86,30013,29587,good_train/root/411e7e2d9703fa9d41622fe28dcbb775fbcdc67885a86cb7bf5f20a3f3b69961.asm,mscorsvw.exe,plain,425,0
1be8afd2962596807611e6a8836952d6bbdc24bde52a34905006ff78f1ad5d12,good_train,root,0,x86,100041,100000,good_train/root/1be8afd2962596807611e6a8836952d6bbdc24bde52a34905006ff78f1ad5d12.asm,msdt.exe,plain,39,1
1eab4b9691e9efa1da02bdcb84035f65eda4b525e5aee925a6e1e4107f8e4f31,good_train,root,0,x64,7525,7524,good_train/root/1eab4b9691e9efa1da02bdcb84035f65eda4b525e5aee925a6e1e4107f8e4f31.asm,msdtc.exe,plain,0,0
ff2144014012a9bdeb2f2e1775ba18ea0810cfa2771cfdc9bc075a2e3716c219,good_train,root,0,x86,2427,2415,good_train/root/ff2144014012a9bdeb2f2e1775ba18ea0810cfa2771cfdc9bc075a2e3716c219.asm,msfeedssync.exe,plain,11,0
9dbca701e0a0f9cf7d98f5bc7a5e7d0c844f992ee4e2670f124f6344fa182e42,good_train,root,0,x64,4261,4260,good_train/root/9dbca701e0a0f9cf7d98f5bc7a5e7d0c844f992ee4e2670f124f6344fa182e42.asm,msg.exe,plain,0,0
12c94c614fb752dc1f6797b5fb3ad67719e3c924facda35dc36792c8e5ac45fc,good_train,root,0,x86,1652,1642,good_train/root/12c94c614fb752dc1f6797b5fb3ad67719e3c924facda35dc36792c8e5ac45fc.asm,mshta.exe,plain,9,0
a338c5ed1adb02894b1fef51a8f885401c3d08e3368ad75d833d0b368a90cccd,good_train,root,0,x86,20129,20106,good_train/root/a338c5ed1adb02894b1fef51a8f885401c3d08e3368ad75d833d0b368a90cccd.asm,msiexec.exe,plain,22,0
9d9efb1655826bc2cc5f0767c2f461bbe6d8e743113eb6b396b5966740373dec,good_train,root,0,x86,52247,52015,good_train/root/9d9efb1655826bc2cc5f0767c2f461bbe6d8e743113eb6b396b5966740373dec.asm,msinfo32.exe,plain,231,0
681ee181bc2908f47afb241247634ec222add04feeab8d1dbd8cd29ba0c0e768,good_train,root,0,x64,41171,41170,good_train/root/681ee181bc2908f47afb241247634ec222add04feeab8d1dbd8cd29ba0c0e768.asm,msoobe.exe,plain,0,0
be1da17611b83eb23f7c86c444bb4aa6bec1526137a27e14dff869308cf0fc89,good_train,root,0,x86,1244,1235,good_train/root/be1da17611b83eb23f7c86c444bb4aa6bec1526137a27e14dff869308cf0fc89.asm,msra.exe,plain,8,0
2f7b8b98870523146a952c3e194992af4b550622a877176581e1230e5f24a677,good_train,root,0,x86,100179,100000,good_train/root/2f7b8b98870523146a952c3e194992af4b550622a877176581e1230e5f24a677.asm,mstsc.exe,plain,177,1
2f07466f0653b10ef398867152b9efa760556d4ea5f28dccd3f17d7e4ef831d7,good_train,root,0,x86,14222,14196,good_train/root/2f07466f0653b10ef398867152b9efa760556d4ea5f28dccd3f17d7e4ef831d7.asm,mtppk12.exe,plain,25,0
a278eab3c60f800fe4155a69147fa6f491b3dc021b83599a035b9c77d29096b5,good_train,root,0,x86,34828,34755,good_train/root/a278eab3c60f800fe4155a69147fa6f491b3dc021b83599a035b9c77d29096b5.asm,mtstocom.exe,plain,72,0
950fca3c60fb1b5a33ff2735fba089ad22f9770a401dbfafd55a2b7c80064b23,good_train,root,0,x86,49590,49585,good_train/root/950fca3c60fb1b5a33ff2735fba089ad22f9770a401dbfafd55a2b7c80064b23.asm,mweather.exe,plain,4,0
bf673cc9f938248cf886901e0e6f206ca973dd5f43b3bcaf664b2da0fc103b6d,good_train,root,0,x64,16069,16068,good_train/root/bf673cc9f938248cf886901e0e6f206ca973dd5f43b3bcaf664b2da0fc103b6d.asm,mzcv.exe,plain,0,0
28c46c4ee53050720e06c4bb0d1f64aef651438e3a712398d488426355a330c7,good_train,root,0,x64,2963,2962,good_train/root/28c46c4ee53050720e06c4bb0d1f64aef651438e3a712398d488426355a330c7.asm,nbtstat.exe,plain,0,0
3bf9b0d64afb7250743bd8c5594d76f0de70373314ede370fdcdf83acf929758,good_train,root,0,x86,3154,3138,good_train/root/3bf9b0d64afb7250743bd8c5594d76f0de70373314ede370fdcdf83acf929758.asm,ndadmin.exe,plain,15,0
1fb73d95bd75dcc9734c2586e8d9c5eea74706786d6ad71523ffc8799817348f,good_train,root,0,x86,11329,11310,good_train/root/1fb73d95bd75dcc9734c2586e8d9c5eea74706786d6ad71523ffc8799817348f.asm,net.exe,plain,18,0
383ecc5dbcdd98163c556ca6e4486c5dc6a35c3f1cff88dcf12da2cdaba80970,good_train,root,0,x86,37385,37346,good_train/root/383ecc5dbcdd98163c556ca6e4486c5dc6a35c3f1cff88dcf12da2cdaba80970.asm,net1.exe,plain,38,0
040377cd45a4e0540fc5c3d4850cb01072d6668750e1379392e884e500748b69,good_train,root,0,x86,5342,5324,good_train/root/040377cd45a4e0540fc5c3d4850cb01072d6668750e1379392e884e500748b69.asm,netbtugc.exe,plain,17,0
6820988b6804a05c7fc2f674961275861163395c2d73f6ad4a450f49282cc735,good_train,root,0,x64,5729,5728,good_train/root/6820988b6804a05c7fc2f674961275861163395c2d73f6ad4a450f49282cc735.asm,netcfg.exe,plain,0,0
08956005e9902380d46ff6506fbc3a93d0712ca57bfeeaed2cfae54c52987f4b,good_train,root,0,x86,6145,6130,good_train/root/08956005e9902380d46ff6506fbc3a93d0712ca57bfeeaed2cfae54c52987f4b.asm,netiougc.exe,plain,14,0
3bb8445c95142da1bda0e3440b53cc70e05a3fe996a77e6dcfb2919fd8878ca9,good_train,root,0,x64,29619,29618,good_train/root/3bb8445c95142da1bda0e3440b53cc70e05a3fe996a77e6dcfb2919fd8878ca9.asm,netpass.exe,plain,0,0
c94d41b92d051c1d7f30fc60196958799b4acff3fa2a2cdf8ced9d0b8b42b583,good_train,root,0,x86,13658,13643,good_train/root/c94d41b92d051c1d7f30fc60196958799b4acff3fa2a2cdf8ced9d0b8b42b583.asm,netsh.exe,plain,14,0
626117a7aabf84d6db68e5d670c72ef5d0d586b474ddf5b7eca85b046f97582e,good_train,root,0,x86,3281,3264,good_train/root/626117a7aabf84d6db68e5d670c72ef5d0d586b474ddf5b7eca85b046f97582e.asm,newdev.exe,plain,16,0
faceb6f5d1cdc5ad50a4a1b92c4cd3fcdabcf7e8d418014a1b1221c1defa3d8f,good_train,root,0,x86,39648,39166,good_train/root/faceb6f5d1cdc5ad50a4a1b92c4cd3fcdabcf7e8d418014a1b1221c1defa3d8f.asm,ngen.exe,plain,481,0
7160db2b7a6680480e64f0845512d203a575f807831faf9a652aaef0988f876c,good_train,root,0,x64,20679,20678,good_train/root/7160db2b7a6680480e64f0845512d203a575f807831faf9a652aaef0988f876c.asm,nircmd.exe,plain,0,0
3c8fca34b2568cfd9cf54809160468ee0e06c12e80f194519a3aea3b6ca166bd,good_train,root,0,x64,20448,20447,good_train/root/3c8fca34b2568cfd9cf54809160468ee0e06c12e80f194519a3aea3b6ca166bd.asm,nircmdc.exe,plain,0,0
341df1664336394cb93d9771b58d0b4b40ab82b5cd97ad03b9543a3b4f7a8a56,good_train,root,0,x64,9393,9392,good_train/root/341df1664336394cb93d9771b58d0b4b40ab82b5cd97ad03b9543a3b4f7a8a56.asm,nltest.exe,plain,0,0
e46b3ca5a0ebb4a6979f852f50e22bd08c9f2d0206cc04383978be0172ac88ee,good_train,root,0,x64,28827,28826,good_train/root/e46b3ca5a0ebb4a6979f852f50e22bd08c9f2d0206cc04383978be0172ac88ee.asm,notepad.exe,plain,0,0
b137efebc097fda9311a4526e450238b07e15b6ea78f78b0c14c1eb073a171f6,good_train,root,0,x86,17220,17209,good_train/root/b137efebc097fda9311a4526e450238b07e15b6ea78f78b0c14c1eb073a171f6.asm,nslookup.exe,plain,9,0
cc0500c90955a751ae3e2ed274422b2b2b5ca586d610ee1d71e006dd07687ecc,good_train,root,0,x86,1758,1747,good_train/root/cc0500c90955a751ae3e2ed274422b2b2b5ca586d610ee1d71e006dd07687ecc.asm,ntprint.exe,plain,10,0
6e28c875bfa690d77cdc3fe2e9e1209ec9517034daede8bd28903e3fb6915d40,good_train,root,0,x86,1969,1958,good_train/root/6e28c875bfa690d77cdc3fe2e9e1209ec9517034daede8bd28903e3fb6915d40.asm,odbcad32.exe,plain,10,0
82984508d7814caf0e73d70aba19359297cf23a53ff1ac891bcb84b803321858,good_train,root,0,x86,5320,5310,good_train/root/82984508d7814caf0e73d70aba19359297cf23a53ff1ac891bcb84b803321858.asm,odbcconf.exe,plain,9,0
1d3c438fdd5d56ecfcc7c92b5d1fa097e5c44377b8b749611058023d9e209bdd,good_train,root,0,x64,14719,14718,good_train/root/1d3c438fdd5d56ecfcc7c92b5d1fa097e5c44377b8b749611058023d9e209bdd.asm,ofdeploy.exe,plain,0,0
5e250eb9cf19622051e47ff44d102e0704320f559cf605f49f3cbaf624c1fbed,good_train,root,0,x86,102977,100000,good_train/root/5e250eb9cf19622051e47ff44d102e0704320f559cf605f49f3cbaf624c1fbed.asm,old_smb.exe,packed_other,2975,1
b56487bbe5c6c72a3d6319bd855f9448051cfed69d8f34d240dd2f4176ea0dcf,good_train,root,0,x64,64008,64007,good_train/root/b56487bbe5c6c72a3d6319bd855f9448051cfed69d8f34d240dd2f4176ea0dcf.asm,omadmclient.exe,plain,0,0
1eef86c7e1736d42dc5c061d7fa29d6db13bf4b0fec0136a6a172735686b1f1c,good_train,root,0,x64,8921,8920,good_train/root/1eef86c7e1736d42dc5c061d7fa29d6db13bf4b0fec0136a6a172735686b1f1c.asm,omadmprc.exe,plain,0,0
4f424dc5e0c16cbbac4a12c3750297f0f58697e102fb2001c655868ed829274f,good_train,root,0,x64,10816,10815,good_train/root/4f424dc5e0c16cbbac4a12c3750297f0f58697e102fb2001c655868ed829274f.asm,oobeldr.exe,plain,0,0
ae663f66615f66a4f5970fff2ebc7b50142bb5fa809b472d942b50887daf9f0f,good_train,root,0,x86,16044,16006,good_train/root/ae663f66615f66a4f5970fff2ebc7b50142bb5fa809b472d942b50887daf9f0f.asm,openfiles.exe,plain,37,0
ff4d515cdcbe9ce053d9cc4d3412f962875098ac87133019eeb12a0f9494bb91,good_train,root,0,x64,1450,1449,good_train/root/ff4d515cdcbe9ce053d9cc4d3412f962875098ac87133019eeb12a0f9494bb91.asm,pacjsworker.exe,plain,0,0
36ef04735adfff417ae761bf6595badb54a4cceb3550aba7cfd4f7234c90ee7d,good_train,root,0,x64,9444,9443,good_train/root/36ef04735adfff417ae761bf6595badb54a4cceb3550aba7cfd4f7234c90ee7d.asm,pcalua.exe,plain,0,0
1d16441035eb9c6ea116de582bbc9b6e794c4bed3b4045348cf10a62f6cc71a1,good_train,root,0,x86,39431,39332,good_train/root/1d16441035eb9c6ea116de582bbc9b6e794c4bed3b4045348cf10a62f6cc71a1.asm,pcaui.exe,plain,98,0
3de0d85f8170457e741b8c7b2ec0cbfc5bdf6eb37012e4a5e7eee93b149ae7cf,good_train,root,0,x64,1669,1668,good_train/root/3de0d85f8170457e741b8c7b2ec0cbfc5bdf6eb37012e4a5e7eee93b149ae7cf.asm,pcwrun.exe,plain,0,0
68654262029a6f62dee7f9d296a69a99dd6811c7aa6056de40ce34440d4513ce,good_train,root,0,x86,3521,3510,good_train/root/68654262029a6f62dee7f9d296a69a99dd6811c7aa6056de40ce34440d4513ce.asm,perfhost.exe,plain,10,0
5d4c3ef49bb510b7fbb943acf60bd6b74fc6d295b9cc93933155cbaf535f03eb,good_train,root,0,x86,17889,17839,good_train/root/5d4c3ef49bb510b7fbb943acf60bd6b74fc6d295b9cc93933155cbaf535f03eb.asm,perfmon.exe,plain,49,0
da16ffcf609ebc6af859d6dec0fa8bee132fc2be9cde0a3f5baac52a73f8e141,good_train,root,0,x64,17457,17456,good_train/root/da16ffcf609ebc6af859d6dec0fa8bee132fc2be9cde0a3f5baac52a73f8e141.asm,phoneactivate.exe,plain,0,0
19a0f77701d524b52e22bc9d8bee00bb47bc8af135304fd9387e6f2b16b621d8,good_train,root,0,x86,7762,7761,good_train/root/19a0f77701d524b52e22bc9d8bee00bb47bc8af135304fd9387e6f2b16b621d8.asm,phpeditor_setup.exe,plain,0,0
8da6e35e2095f405debed1f4128717d035ac0e4888f49a9e6b5945d4c8bc2157,good_train,root,0,x86,1185,1175,good_train/root/8da6e35e2095f405debed1f4128717d035ac0e4888f49a9e6b5945d4c8bc2157.asm,pipanel.exe,plain,9,0
42d13db2be5a3b913ef39622f8357752a6ca625ae1280992c21d971ce9b7e701,good_train,root,0,x64,995,994,good_train/root/42d13db2be5a3b913ef39622f8357752a6ca625ae1280992c21d971ce9b7e701.asm,plasrv.exe,plain,0,0
38f65ccc55e9c28bfb8e44a11a8295f3dd9f73de29f67ff5e043f0bd5a2003ef,good_train,root,0,x64,52448,52447,good_train/root/38f65ccc55e9c28bfb8e44a11a8295f3dd9f73de29f67ff5e043f0bd5a2003ef.asm,pnputil.exe,plain,0,0
ed38d575d3ce8e16710182c17afc86181ffa23b9023156938c2c14141279867f,good_train,root,0,x86,38007,37992,good_train/root/ed38d575d3ce8e16710182c17afc86181ffa23b9023156938c2c14141279867f.asm,poqexec.exe,plain,14,0
80a8911bd52933500d8f2e554e7cf0954c250df13d151d080011c2be3a5aff68,good_train,root,0,x86,22640,22598,good_train/root/80a8911bd52933500d8f2e554e7cf0954c250df13d151d080011c2be3a5aff68.asm,powercfg.exe,plain,41,0
1ee3d7c80d075d64f97d04d036e558043f2f6bc959c87cd5b0a6d53b96b96a0f,good_train,root,0,x86,22552,22496,good_train/root/1ee3d7c80d075d64f97d04d036e558043f2f6bc959c87cd5b0a6d53b96b96a0f.asm,powershell.exe,plain,55,0
243d1ab7b5573b2e816e7adc93bb36c40fd19e8c7e2f39d81172f32dfb13d802,good_train,root,0,x86,5865,5846,good_train/root/243d1ab7b5573b2e816e7adc93bb36c40fd19e8c7e2f39d81172f32dfb13d802.asm,prevhost.exe,plain,18,0
9eb93fbde0a661888a0ace44906dc7da3872fe610a348cafa81e56f8b8ea4975,good_train,root,0,x86,2243,2230,good_train/root/9eb93fbde0a661888a0ace44906dc7da3872fe610a348cafa81e56f8b8ea4975.asm,print.exe,plain,12,0
dbaab927a8d30bdb081e504b6ffad04946fa7ce1d1f56cf932c009731d7e857c,good_train,root,0,x64,100002,100000,good_train/root/dbaab927a8d30bdb081e504b6ffad04946fa7ce1d1f56cf932c009731d7e857c.asm,printfilterpipelinesvc.exe,plain,0,1
0fd82b7b6f97df74df7c02b2cd79e9ae306ac5b66709874146f5d042aa8c38fc,good_train,root,0,x86,1582,1572,good_train/root/0fd82b7b6f97df74df7c02b2cd79e9ae306ac5b66709874146f5d042aa8c38fc.asm,printui.exe,plain,9,0
cd0f437d9658f06e19fe93809270e2906148807314703475457c70c59d54c354,good_train,root,0,x86,5539,5525,good_train/root/cd0f437d9658f06e19fe93809270e2906148807314703475457c70c59d54c354.asm,proquota.exe,plain,13,0
c24b4b784c546aa324d3bbf99d60d08b1f89c5812a5b87713211e37137548a06,good_train,root,0,x86,13386,13310,good_train/root/c24b4b784c546aa324d3bbf99d60d08b1f89c5812a5b87713211e37137548a06.asm,provlaunch.exe,plain,75,0
1b6bafe51de393236a98a913379aa3c5ef21595216c3605c0cd43184f8361459,good_train,root,0,x64,15210,15209,good_train/root/1b6bafe51de393236a98a913379aa3c5ef21595216c3605c0cd43184f8361459.asm,provtool.exe,plain,0,0
f6112b403195d586d859f1d4e1c3a5a7d2d4380a450f06e62ea9ee877f019818,good_train,root,0,x64,1443,1442,good_train/root/f6112b403195d586d859f1d4e1c3a5a7d2d4380a450f06e62ea9ee877f019818.asm,prproc.exe,plain,0,0
56f089acc5cac52c964990a0ed12e951d33ccebb712428fcbb8ec7c950052b33,good_train,root,0,x86,100002,100000,good_train/root/56f089acc5cac52c964990a0ed12e951d33ccebb712428fcbb8ec7c950052b33.asm,psiphon3.exe,plain,0,1
61b7327d80eb19db7c4620e9a086bfb88bcd4691a3e1f0737f2ed66d3197ae33,good_train,root,0,x86,57267,57186,good_train/root/61b7327d80eb19db7c4620e9a086bfb88bcd4691a3e1f0737f2ed66d3197ae33.asm,psr.exe,plain,80,0
d1e1296f3107f9a1b7feca788ca64041dd4d2a3fd4627f0b38bcce122df42f42,good_train,root,0,x64,100006,100000,good_train/root/d1e1296f3107f9a1b7feca788ca64041dd4d2a3fd4627f0b38bcce122df42f42.asm,pwcreator.exe,plain,4,1
1c8227150762b47731dd6b99304d3e5647824f9c1b4d7fb8cd755b29f00bc93b,good_train,root,0,x64,6028,6027,good_train/root/1c8227150762b47731dd6b99304d3e5647824f9c1b4d7fb8cd755b29f00bc93b.asm,pwlauncher.exe,plain,0,0
54ac8cbce47718ea2fc7f7f504df88a82715d052973cbc7c46483f7554aadcb8,good_train,root,0,x86,9064,9060,good_train/root/54ac8cbce47718ea2fc7f7f504df88a82715d052973cbc7c46483f7554aadcb8.asm,python_icon.exe,plain,3,0
cb7f28d3121604628402db28b7627de8d64a1b7116b883c83ae496d6f6d0b667,good_train,root,0,x64,3611,3610,good_train/root/cb7f28d3121604628402db28b7627de8d64a1b7116b883c83ae496d6f6d0b667.asm,qappsrv.exe,plain,0,0
7ee7a6fb1bdd972502d1eb23b7bd471a66cad63ca3b57d787a173fb290808eb6,good_train,root,0,x64,4429,4428,good_train/root/7ee7a6fb1bdd972502d1eb23b7bd471a66cad63ca3b57d787a173fb290808eb6.asm,qprocess.exe,plain,0,0
3369e8fea09c3c226d636b13108da357093d0d98214236417839a94f56d3ba02,good_train,root,0,x64,2092,2091,good_train/root/3369e8fea09c3c226d636b13108da357093d0d98214236417839a94f56d3ba02.asm,query.exe,plain,0,0
41b43cdfaba9d453b1cd0258d4fc591b0bbf5bf682449395f3bfb51fc7340ea8,good_train,root,0,x86,100084,100000,good_train/root/41b43cdfaba9d453b1cd0258d4fc591b0bbf5bf682449395f3bfb51fc7340ea8.asm,quickassist.exe,plain,82,1
ccfaf494e520e4f265ad1de5252979809f1a28eb002f0e79c52981b00e63ac4f,good_train,root,0,x64,3862,3861,good_train/root/ccfaf494e520e4f265ad1de5252979809f1a28eb002f0e79c52981b00e63ac4f.asm,quser.exe,plain,0,0
e1ae2ec83fec0c8cf01b9e4c3da910be61abf3071e56eda834590c405e8e4e69,good_train,root,0,x64,4621,4620,good_train/root/e1ae2ec83fec0c8cf01b9e4c3da910be61abf3071e56eda834590c405e8e4e69.asm,qwinsta.exe,plain,0,0
f5fe16960331d2cb819706baa6e1935097cc09a843a4747ffbcd3c8e27ed1cd5,good_train,root,0,x86,2776,2766,good_train/root/f5fe16960331d2cb819706baa6e1935097cc09a843a4747ffbcd3c8e27ed1cd5.asm,rasautou.exe,plain,9,0
974a95d16a089b476ca8f931cd0d5cd59c8061b04cce8ffd423aab555a1dfbe3,good_train,root,0,x86,3962,3949,good_train/root/974a95d16a089b476ca8f931cd0d5cd59c8061b04cce8ffd423aab555a1dfbe3.asm,rasdial.exe,plain,12,0
bb0826dbe223873d104d8eea7b476559e8d8b8b18b5add44fb7e15f2c7863b2d,good_train,root,0,x86,28809,28703,good_train/root/bb0826dbe223873d104d8eea7b476559e8d8b8b18b5add44fb7e15f2c7863b2d.asm,raserver.exe,plain,105,0
8f41a8061b49e39c5b675b183e8c5db39fa2cebebb69bf503c609b5bbe4d0d95,good_train,root,0,x86,8289,8273,good_train/root/8f41a8061b49e39c5b675b183e8c5db39fa2cebebb69bf503c609b5bbe4d0d95.asm,rasphone.exe,plain,15,0
b24167bd69e44f8f0772c8fd99d3bd3270f7cd1007d5d3b5259f4858a1e91f73,good_train,root,0,x86,8565,8563,good_train/root/b24167bd69e44f8f0772c8fd99d3bd3270f7cd1007d5d3b5259f4858a1e91f73.asm,rcvPortable_1.53.2074_online.paf.exe,plain,1,0
e78ee0b4f95be14b6256395f6a58221078825f6505b334bc8ea70b9a46e9cba5,good_train,root,0,x64,91149,91148,good_train/root/e78ee0b4f95be14b6256395f6a58221078825f6505b334bc8ea70b9a46e9cba5.asm,rdpclip.exe,plain,0,0
28841ff3ed4eac80df25970c163a652d58517d8fe971383ef50073cc8b2aefc3,good_train,root,0,x64,77980,77979,good_train/root/28841ff3ed4eac80df25970c163a652d58517d8fe971383ef50073cc8b2aefc3.asm,rdpinit.exe,plain,0,0
0327da6cf9c4f737758a45818f1db141a0ba13db7dffe64f472193a8e72a8409,good_train,root,0,x64,39683,39682,good_train/root/0327da6cf9c4f737758a45818f1db141a0ba13db7dffe64f472193a8e72a8409.asm,rdpinput.exe,plain,0,0
6c2c4f7c5e89ee2e4bc8186350226bde1e8cb77e0661e2519547cf3aa4c035bf,good_train,root,0,x64,100002,100000,good_train/root/6c2c4f7c5e89ee2e4bc8186350226bde1e8cb77e0661e2519547cf3aa4c035bf.asm,rdpshell.exe,plain,0,1
d58172ffc44bc94722c950984d056919739fdff69eab646a06f499cb137204f6,good_train,root,0,x64,17671,17670,good_train/root/d58172ffc44bc94722c950984d056919739fdff69eab646a06f499cb137204f6.asm,rdpsign.exe,plain,0,0
3275f3bf650229e13a79fee7d478631ffaa4bf033143cf18e9fbf0f5678e3efa,good_train,root,0,x86,11074,11073,good_train/root/3275f3bf650229e13a79fee7d478631ffaa4bf033143cf18e9fbf0f5678e3efa.asm,rdpv.exe,plain,0,0
20ade22fa45a4bf6c0ef5c17b21e9661db6aac6968aed663349b27c4f3021961,good_train,root,0,x86,8782,8771,good_train/root/20ade22fa45a4bf6c0ef5c17b21e9661db6aac6968aed663349b27c4f3021961.asm,rdrleakdiag.exe,plain,10,0
30a413132a3fbd21976e5572527e0b00e7241e35da4e2c97acccd4ac505ffbec,good_train,root,0,x64,20261,20260,good_train/root/30a413132a3fbd21976e5572527e0b00e7241e35da4e2c97acccd4ac505ffbec.asm,recdisc.exe,plain,0,0
29f48c967efd519b84c8ff518bf7f6cafa13bb34d8fa9af893c05a10197f3a34,good_train,root,0,x86,1609,1598,good_train/root/29f48c967efd519b84c8ff518bf7f6cafa13bb34d8fa9af893c05a10197f3a34.asm,recover.exe,plain,10,0
e931a485dfde7c57f281d79d09dfb803510f4f84d69b8f14ad2ac9ad6ee26f31,good_train,root,0,x64,100002,100000,good_train/root/e931a485dfde7c57f281d79d09dfb803510f4f84d69b8f14ad2ac9ad6ee26f31.asm,refsutil.exe,plain,0,1
e3046d83040d114af09c6b7738f69b14ec180ece999573489a7d3386e4ababb5,good_train,root,0,x86,17209,17189,good_train/root/e3046d83040d114af09c6b7738f69b14ec180ece999573489a7d3386e4ababb5.asm,reg.exe,plain,19,0
a9bfe5633ced879d8a94b66a06a294bc6d6ef466eaee46ae4d25cb0e3a1d79a5,good_train,root,0,x86,38903,38877,good_train/root/a9bfe5633ced879d8a94b66a06a294bc6d6ef466eaee46ae4d25cb0e3a1d79a5.asm,regedit.exe,plain,25,0
d575c86dd61b1b45314b2015a31a700e4636437f1b1738e60725119d68982603,good_train,root,0,x86,1311,1300,good_train/root/d575c86dd61b1b45314b2015a31a700e4636437f1b1738e60725119d68982603.asm,regedt32.exe,plain,10,0
40ed5ee39901b8537bcbc487b939ed7f50ec3a86eaf248db1783641daa0e47c9,good_train,root,0,x86,12225,12207,good_train/root/40ed5ee39901b8537bcbc487b939ed7f50ec3a86eaf248db1783641daa0e47c9.asm,regini.exe,plain,17,0
e0e722a00c127e0425d2078e738b7a684c9f55a9bf521c67e9a40d796c8be0e9,good_train,root,0,x86,3698,3685,good_train/root/e0e722a00c127e0425d2078e738b7a684c9f55a9bf521c67e9a40d796c8be0e9.asm,regsvr32.exe,plain,12,0
9a42ebd4abf86ffef637d63fa8445d582ea720bb59d81713a23d918414d9efc5,good_train,root,0,x86,24901,24794,good_train/root/9a42ebd4abf86ffef637d63fa8445d582ea720bb59d81713a23d918414d9efc5.asm,rekeywiz.exe,plain,106,0
74f5b521d214d9dbbdfbb46f2124b87b9585098ac68a23c6ff101055e7a1c3b3,good_train,root,0,x86,10565,10526,good_train/root/74f5b521d214d9dbbdfbb46f2124b87b9585098ac68a23c6ff101055e7a1c3b3.asm,relog.exe,plain,38,0
63cf046991df5bcd6551ad0afedd86c825ae52946415877205aebe666419c356,good_train,root,0,x64,7333,7332,good_train/root/63cf046991df5bcd6551ad0afedd86c825ae52946415877205aebe666419c356.asm,repair-bde.exe,plain,0,0
084b1740d0afa302d7eb48af224a7346252bedfbc3cd46feaf42f89269f1a1a5,good_train,root,0,x86,3188,3177,good_train/root/084b1740d0afa302d7eb48af224a7346252bedfbc3cd46feaf42f89269f1a1a5.asm,replace.exe,plain,10,0
c1e2a96b5d73d08a52bc5a2e634d408c2d42071147d40a894c8b4606de83484d,good_train,root,0,x64,2091,2090,good_train/root/c1e2a96b5d73d08a52bc5a2e634d408c2d42071147d40a894c8b4606de83484d.asm,reset.exe,plain,0,0
10d4937d6d559d7b445af08dfcdc953bdb9079e78c02c3c54bf4343499fb66e5,good_train,root,0,x86,1237,1227,good_train/root/10d4937d6d559d7b445af08dfcdc953bdb9079e78c02c3c54bf4343499fb66e5.asm,resmon.exe,plain,9,0
6260d75a2cb30201c5424defec3ba505edb92b91802825e2fd6eb9bd58ed5cca,good_train,root,0,x86,12321,12308,good_train/root/6260d75a2cb30201c5424defec3ba505edb92b91802825e2fd6eb9bd58ed5cca.asm,rktools.exe,plain,12,0
63c358d7bba1ad1c3d015ef625fdf659ae527595c82366866ab557d1cdc87b06,good_train,root,0,x64,25997,25996,good_train/root/63c358d7bba1ad1c3d015ef625fdf659ae527595c82366866ab557d1cdc87b06.asm,rmttpmvscmgrsvr.exe,plain,0,0
837115f05f375b2506c57fc917c21905b46679126035113d38a60dce9b5b675f,good_train,root,0,x86,10399,10377,good_train/root/837115f05f375b2506c57fc917c21905b46679126035113d38a60dce9b5b675f.asm,rrinstaller.exe,plain,21,0
28bb332d73ddd4147c6009cb10ac073b6072be2114554f85c5c37f557af0fc8b,good_train,root,0,x64,35837,35836,good_train/root/28bb332d73ddd4147c6009cb10ac073b6072be2114554f85c5c37f557af0fc8b.asm,rstrui.exe,plain,0,0
9f09ac611e45a839281389f98e85724f375af47516aa5f22f6054fb09cd4ea81,good_train,root,0,x86,80659,80655,good_train/root/9f09ac611e45a839281389f98e85724f375af47516aa5f22f6054fb09cd4ea81.asm,rufus-2.9.exe,plain,3,0
f633828387901a9f6db431a410b5f7fe18bdddc4f630c6a839a46b061e59860e,good_train,root,0,x86,3326,3313,good_train/root/f633828387901a9f6db431a410b5f7fe18bdddc4f630c6a839a46b061e59860e.asm,runas.exe,plain,12,0
26e68d4381774a6fd0bf5ca2eacef55f2ab28536e3176a1c6362dffc68b22b8a,good_train,root,0,x86,9501,9483,good_train/root/26e68d4381774a6fd0bf5ca2eacef55f2ab28536e3176a1c6362dffc68b22b8a.asm,rundll32.exe,plain,17,0
a017ddc237fe1ee3346279cc71c1a84822520804a605b66fa3ba0c217984389b,good_train,root,0,x64,10668,10667,good_train/root/a017ddc237fe1ee3346279cc71c1a84822520804a605b66fa3ba0c217984389b.asm,runexehelper.exe,plain,0,0
78b8d920926ebcc685865a5ac91f21ed40889d538dde6a4092764f44d7c015f4,good_train,root,0,x86,12122,12105,good_train/root/78b8d920926ebcc685865a5ac91f21ed40889d538dde6a4092764f44d7c015f4.asm,runonce.exe,plain,16,0
1689688b1d2f5f75fa038d340ca6ffb379c99df9137e6be57861b80d68727a23,good_train,root,0,x64,3514,3513,good_train/root/1689688b1d2f5f75fa038d340ca6ffb379c99df9137e6be57861b80d68727a23.asm,rwinsta.exe,plain,0,0
8d4ff0ed8d5986608fbc1bec7c4eabda574f7ac865ee7f8c3dbd8df00e94ddb6,good_train,root,0,x64,7275,7274,good_train/root/8d4ff0ed8d5986608fbc1bec7c4eabda574f7ac865ee7f8c3dbd8df00e94ddb6.asm,sapisvr.exe,plain,0,0
604492b8398751f0798079cec26d674c125885f55b2beab1bc484ebdb723bb63,good_train,root,0,x86,17742,17698,good_train/root/604492b8398751f0798079cec26d674c125885f55b2beab1bc484ebdb723bb63.asm,sc.exe,plain,43,0
72900a86f3bed7570aa708657a76dd76bb80b68db543d303da401ac6983e39ce,good_train,root,0,x86,48153,47910,good_train/root/72900a86f3bed7570aa708657a76dd76bb80b68db543d303da401ac6983e39ce.asm,schtasks.exe,plain,242,0
8860e4273f59caa71fa585697e291270f94cee83439e5c94726d918d7c72f362,good_train,root,0,x64,61051,61008,good_train/root/8860e4273f59caa71fa585697e291270f94cee83439e5c94726d918d7c72f362.asm,scp.exe,plain,42,0
2c91f17dd33e78430451d47f2e26715eb6e1fd8125e530182ec0caceb4cd755f,good_train,root,0,x64,7997,7996,good_train/root/2c91f17dd33e78430451d47f2e26715eb6e1fd8125e530182ec0caceb4cd755f.asm,scrcons.exe,plain,0,0
837c16c1ca64e6db32421fc56efbd80bfca8e9c8888e9240ab859c43adac1442,good_train,root,0,x86,4347,4336,good_train/root/837c16c1ca64e6db32421fc56efbd80bfca8e9c8888e9240ab859c43adac1442.asm,sdbinst.exe,plain,10,0
aee1ca98e74c1de9fb55372f5a8ce642e69775b8f4ad1025a899b52e3c706601,good_train,root,0,x86,10346,10285,good_train/root/aee1ca98e74c1de9fb55372f5a8ce642e69775b8f4ad1025a899b52e3c706601.asm,sdchange.exe,plain,60,0
801dd9b98f263862e076461217fc2c774aa514e5482d0ea0acce6ed31bb4731b,good_train,root,0,x64,100002,100000,good_train/root/801dd9b98f263862e076461217fc2c774aa514e5482d0ea0acce6ed31bb4731b.asm,sdclt.exe,plain,0,1
b2adf4cb63c8b1b2ff014bd328deac96354c6f834faf0660efd8f7e89f1b2399,good_train,root,0,x86,4332,4318,good_train/root/b2adf4cb63c8b1b2ff014bd328deac96354c6f834faf0660efd8f7e89f1b2399.asm,sdiagnhost.exe,plain,13,0
ddce139b59faffe5abdb12fb6c7fbd256e6e18ca7fa5938cb164e94857ba07e9,good_train,root,0,x86,1377,1366,good_train/root/ddce139b59faffe5abdb12fb6c7fbd256e6e18ca7fa5938cb164e94857ba07e9.asm,secinit.exe,plain,10,0
d8be9be37be1108b2a3e7eaf990ffe7fd0bb495c244b142c1baf554983e5e5e3,good_train,root,0,x64,100002,100000,good_train/root/d8be9be37be1108b2a3e7eaf990ffe7fd0bb495c244b142c1baf554983e5e5e3.asm,securekernel.exe,plain,0,1
fc2d32ed8a89aa4f73b34c0e9f00d195dcc4f9162e2d3d7beb7718da305accd3,good_train,root,0,x64,16327,16326,good_train/root/fc2d32ed8a89aa4f73b34c0e9f00d195dcc4f9162e2d3d7beb7718da305accd3.asm,serviwin.exe,plain,0,0
20247e34c5139fa1ef689c134148b2373be2d1a1e1a568950d9641826f6a1d4e,good_train,root,0,x64,10363,10362,good_train/root/20247e34c5139fa1ef689c134148b2373be2d1a1e1a568950d9641826f6a1d4e.asm,sessionmsg.exe,plain,0,0
708dceedc93b0da05583e0320fbd36b952e1dba1f5c896ccac2fbf1ba0d86c17,good_train,root,0,x86,19977,19887,good_train/root/708dceedc93b0da05583e0320fbd36b952e1dba1f5c896ccac2fbf1ba0d86c17.asm,sethc.exe,plain,89,0
cf095dbd04ebab55b598e0f27c88304571edc70f41156567c1700b70cd5e728b,good_train,root,0,x64,4220,4219,good_train/root/cf095dbd04ebab55b598e0f27c88304571edc70f41156567c1700b70cd5e728b.asm,setspn.exe,plain,0,0
3f14c822bd440fec8458fd11e950315e3d784908629b301526a57a3a623bf70c,good_train,root,0,x86,16968,16966,good_train/root/3f14c822bd440fec8458fd11e950315e3d784908629b301526a57a3a623bf70c.asm,setup.exe,plain,1,0
3d244e2bd05619fe4272e9e30c183e440cff48bcda8e24d62b12cab68c9957e3,good_train,root,0,x86,5674,5662,good_train/root/3d244e2bd05619fe4272e9e30c183e440cff48bcda8e24d62b12cab68c9957e3.asm,setup16.exe,plain,11,0
7e1065bd659f3403d2655e5e5a459996f2ea742459a0ca6f866edd3d90276802,good_train,root,0,x64,64937,64936,good_train/root/7e1065bd659f3403d2655e5e5a459996f2ea742459a0ca6f866edd3d90276802.asm,setup_wm.exe,plain,0,0
cc3634a0c23d805cb2ad417f1c33e6a84a4eba456888f8ec4ac6ed5bc0d68149,good_train,root,0,x64,21056,21055,good_train/root/cc3634a0c23d805cb2ad417f1c33e6a84a4eba456888f8ec4ac6ed5bc0d68149.asm,setupcl.exe,plain,0,0
1ce5f75ee898393f1f0e9a96b63c9ec84349beb282cdc78fd69ef090daa78428,good_train,root,0,x86,34475,34457,good_train/root/1ce5f75ee898393f1f0e9a96b63c9ec84349beb282cdc78fd69ef090daa78428.asm,setupugc.exe,plain,17,0
930ef8d553d8cdee74724955431f13efdb1be212bc615e67a3cfd4d1a74d3497,good_train,root,0,x86,11615,11598,good_train/root/930ef8d553d8cdee74724955431f13efdb1be212bc615e67a3cfd4d1a74d3497.asm,setx.exe,plain,16,0
9947daf25487c97017038efc3e19f6b8d7f3208bbac05bd9c7de2cd0a37c48c4,good_train,root,0,x86,9303,9285,good_train/root/9947daf25487c97017038efc3e19f6b8d7f3208bbac05bd9c7de2cd0a37c48c4.asm,sfc.exe,plain,17,0
7651a9e5721c2fcee4c34a253062914ab93c7b3b415d313658b058aed4f2fde2,good_train,root,0,x64,75689,75611,good_train/root/7651a9e5721c2fcee4c34a253062914ab93c7b3b415d313658b058aed4f2fde2.asm,sftp.exe,plain,77,0
c388af0018fa47383090a6fe112aabaf59ab2fc8579c814f66b71879c397d957,good_train,root,0,x64,26942,26927,good_train/root/c388af0018fa47383090a6fe112aabaf59ab2fc8579c814f66b71879c397d957.asm,shexview.exe,plain,14,0
e15f5060b60e862f2d03a8ed04f50ce48a8011d42d4f25a5f9777c5d026614b6,good_train,root,0,x64,13292,13291,good_train/root/e15f5060b60e862f2d03a8ed04f50ce48a8011d42d4f25a5f9777c5d026614b6.asm,shman.exe,plain,0,0
681d9d7a1793cf0bce7743f0edd2724691df270b80867477a5ec3217a57ae634,good_train,root,0,x64,16380,16379,good_train/root/681d9d7a1793cf0bce7743f0edd2724691df270b80867477a5ec3217a57ae634.asm,shmnview.exe,plain,0,0
6b4e6bb29538f24afcf8b823383b846d2d483d83b38c3f74902995de6e6679f8,good_train,root,0,x86,11670,11589,good_train/root/6b4e6bb29538f24afcf8b823383b846d2d483d83b38c3f74902995de6e6679f8.asm,shrpubw.exe,plain,80,0
6219c1bc22930d17997dd21dec663705aba0b01fed1d11f73b6a9c721f894cb5,good_train,root,0,x86,4832,4818,good_train/root/6219c1bc22930d17997dd21dec663705aba0b01fed1d11f73b6a9c721f894cb5.asm,shutdown.exe,plain,13,0
776501b9c220b910503be488126970e5d5159afa543706b528b8a0737184ef9e,good_train,root,0,x64,7644,7643,good_train/root/776501b9c220b910503be488126970e5d5159afa543706b528b8a0737184ef9e.asm,sigverif.exe,plain,0,0
93a154b7fbb37be138a8317ceb02f1bb78eb46e30ec36b90a8d3cb4a0cba5ea4,good_train,root,0,x86,24275,24191,good_train/root/93a154b7fbb37be138a8317ceb02f1bb78eb46e30ec36b90a8d3cb4a0cba5ea4.asm,smadav2018rev91.exe,plain,82,0
9cfc867becec3e1fce830526108f7a7c3e9b0e2fc001ee6cde6e49c956f781e9,good_train,root,0,x64,1895,1894,good_train/root/9cfc867becec3e1fce830526108f7a7c3e9b0e2fc001ee6cde6e49c956f781e9.asm,snmptrap.exe,plain,0,0
50a2f167cc31f53a9fbd23c5b9f0c28f72db92aae6d6638f25d41e9f5a30a4bd,good_train,root,0,x86,5476,5464,good_train/root/50a2f167cc31f53a9fbd23c5b9f0c28f72db92aae6d6638f25d41e9f5a30a4bd.asm,sort.exe,plain,11,0
714fa4bb546f7ffff41818f39d97ca4915efc7b0751976463c5ab5ad917f409f,good_train,root,0,x64,5842,5841,good_train/root/714fa4bb546f7ffff41818f39d97ca4915efc7b0751976463c5ab5ad917f409f.asm,spaceman.exe,plain,0,0
c775d4cf087cc4ff852a2a3f48f2ad0e108c07cbaecfa0cda7073ccc185ae2c9,good_train,root,0,x86,8427,8423,good_train/root/c775d4cf087cc4ff852a2a3f48f2ad0e108c07cbaecfa0cda7073ccc185ae2c9.asm,specPortable_1.32_Update_1_online.paf.exe,plain,3,0
83111b6e62952bf164f25f3c2ba39d4e5d23486e2f059c1052643882407a1bbf,good_train,root,0,x64,14222,14221,good_train/root/83111b6e62952bf164f25f3c2ba39d4e5d23486e2f059c1052643882407a1bbf.asm,splwow64.exe,plain,0,0
c30905df30f2b91fa848b3e4eff4b8027ef93b2b670e3eb137f689118fca6013,good_train,root,0,x86,3563,3562,good_train/root/c30905df30f2b91fa848b3e4eff4b8027ef93b2b670e3eb137f689118fca6013.asm,srdelayed.exe,plain,0,0
7e5d13c4b13be142da676fa5f533aa92d12f7c66ac04ec26066c271326b789e7,good_train,root,0,x64,72830,72767,good_train/root/7e5d13c4b13be142da676fa5f533aa92d12f7c66ac04ec26066c271326b789e7.asm,ssh-add.exe,plain,62,0
79c03e83b42e3c0402680b47a2493c3c506e2d212062859bd7c4ebaca46f3ad5,good_train,root,0,x64,48858,48801,good_train/root/79c03e83b42e3c0402680b47a2493c3c506e2d212062859bd7c4ebaca46f3ad5.asm,ssh-agent.exe,plain,56,0
f647d15bac7651fb3fc23779d7568f7c14b139745aff03201ea5f569a7d84810,good_train,root,0,x64,100087,100000,good_train/root/f647d15bac7651fb3fc23779d7568f7c14b139745aff03201ea5f569a7d84810.asm,ssh-keygen.exe,plain,85,1
965acd45bd7d44fd374d3e598e88148affd8c7c148ea846167fb04f7837a5503,good_train,root,0,x64,81843,81776,good_train/root/965acd45bd7d44fd374d3e598e88148affd8c7c148ea846167fb04f7837a5503.asm,ssh-keyscan.exe,plain,66,0
0c0e91427a4b0e4cd0b59bdb73054252fb74c0977d13a73ab7423e15528b0485,good_train,root,0,x64,100063,100000,good_train/root/0c0e91427a4b0e4cd0b59bdb73054252fb74c0977d13a73ab7423e15528b0485.asm,ssh.exe,plain,61,1
7825146856defe9d7d240585117330a3d6b3bc8e4023ffa94c351cde6feb2f39,good_train,root,0,x86,2069,2058,good_train/root/7825146856defe9d7d240585117330a3d6b3bc8e4023ffa94c351cde6feb2f39.asm,subst.exe,plain,10,0
d8eceac9d02f7e8aaaca7beeb8dc3ff28a0574e07fb34ca8e6720a6bc1126292,good_train,root,0,x86,7701,7698,good_train/root/d8eceac9d02f7e8aaaca7beeb8dc3ff28a0574e07fb34ca8e6720a6bc1126292.asm,svchost.exe,plain,2,0
a381276ca1909cfa4e3812ccf4a9d8fffdf691945d297fffa0fefc81d5495532,good_train,root,0,x64,28842,28841,good_train/root/a381276ca1909cfa4e3812ccf4a9d8fffdf691945d297fffa0fefc81d5495532.asm,svcl.exe,plain,0,0
3325883fd89108dd698638098cd9dfa14a2a75fd5fa812bdfd69be23f5ca4c3d,good_train,root,0,x86,8036,7982,good_train/root/3325883fd89108dd698638098cd9dfa14a2a75fd5fa812bdfd69be23f5ca4c3d.asm,sxstrace.exe,plain,53,0
ba0d713bfe319df63b7145f2952ff6c81c35aad0ff1676d9e467dfe3ae443b17,good_train,root,0,x64,15235,15234,good_train/root/ba0d713bfe319df63b7145f2952ff6c81c35aad0ff1676d9e467dfe3ae443b17.asm,sysexp.exe,plain,0,0
71ef84a9a310e34483ce3d40d805743f2d59de1d3adad3f1639a6cfdaae08efd,good_train,root,0,x64,100002,100000,good_train/root/71ef84a9a310e34483ce3d40d805743f2d59de1d3adad3f1639a6cfdaae08efd.asm,sysprep.exe,plain,0,1
81e6d6cb7a0f50f5bc331fd2af48a90f2dcee9ff7ef4f1abe0b87866f7837985,good_train,root,0,x86,21638,21527,good_train/root/81e6d6cb7a0f50f5bc331fd2af48a90f2dcee9ff7ef4f1abe0b87866f7837985.asm,systeminfo.exe,plain,110,0
3386b848e8218274a91d56cfcf95caa5a641ed9b82db1a9c686e22ce0c42a649,good_train,root,0,x86,1285,1276,good_train/root/3386b848e8218274a91d56cfcf95caa5a641ed9b82db1a9c686e22ce0c42a649.asm,systray.exe,plain,8,0
5c865d2d1012ebf9f2503f06f2c4b8afccae063d1e79421e0244e0cf627e5ff1,good_train,root,0,x86,13147,13129,good_train/root/5c865d2d1012ebf9f2503f06f2c4b8afccae063d1e79421e0244e0cf627e5ff1.asm,takeown.exe,plain,17,0
9d3ab89e9aa2c2c3686f43c7c8fa312b9f80180ce86137151726d16966816c50,good_train,root,0,x86,10708,10699,good_train/root/9d3ab89e9aa2c2c3686f43c7c8fa312b9f80180ce86137151726d16966816c50.asm,tar.exe,plain,8,0
e272d0e33299bca60479683eae0d9b5d880293c01b337d5759fee812ea631a39,good_train,root,0,x64,13076,13075,good_train/root/e272d0e33299bca60479683eae0d9b5d880293c01b337d5759fee812ea631a39.asm,taskhostw.exe,plain,0,0
942e94f84340fa275fecfe87bc1caec8f667e9eea29e67f72e3f2e2546bb3197,good_train,root,0,x86,20990,20900,good_train/root/942e94f84340fa275fecfe87bc1caec8f667e9eea29e67f72e3f2e2546bb3197.asm,taskkill.exe,plain,89,0
b4a874c5ccfa9a698e4a56d7453105cc7617802c385abe1603760a9bb33d39ed,good_train,root,0,x86,22218,22128,good_train/root/b4a874c5ccfa9a698e4a56d7453105cc7617802c385abe1603760a9bb33d39ed.asm,tasklist.exe,plain,89,0
5b667ff25a5f2ecf810e2f60dd079dc68fce6eafa174e6de835b8aed919e12f3,good_train,root,0,x86,24491,24393,good_train/root/5b667ff25a5f2ecf810e2f60dd079dc68fce6eafa174e6de835b8aed919e12f3.asm,teracopy.exe,plain,96,0
496b42aaa7aaf0665e5edd52d4348ec4105fb758db674b110fa252df247c91dc,good_train,root,0,x86,6314,6296,good_train/root/496b42aaa7aaf0665e5edd52d4348ec4105fb758db674b110fa252df247c91dc.asm,timeout.exe,plain,17,0
93bac4d5013074dbe590beded6cf4a9cff601ac0dacfaafa79d8cfb698fe7b4c,good_train,root,0,x64,22115,22114,good_train/root/93bac4d5013074dbe590beded6cf4a9cff601ac0dacfaafa79d8cfb698fe7b4c.asm,tpmvscmgr.exe,plain,0,0
1daab7ac618071e392a2ff6de6d8eed170a96e29d064eb67ea9c135e72731b44,good_train,root,0,x64,26079,26078,good_train/root/1daab7ac618071e392a2ff6de6d8eed170a96e29d064eb67ea9c135e72731b44.asm,tpmvscmgrsvr.exe,plain,0,0
a5525f7c0b0091a1f701db85d305768c4262f8f91ab40563712a2c3ad48f3005,good_train,root,0,x86,100012,100000,good_train/root/a5525f7c0b0091a1f701db85d305768c4262f8f91ab40563712a2c3ad48f3005.asm,tracerpt.exe,plain,10,1
2877e57b2490f708413b93d8e8ccfab21542bf4f7d5ef582c995fb3059e2dbdd,good_train,root,0,x64,3561,3560,good_train/root/2877e57b2490f708413b93d8e8ccfab21542bf4f7d5ef582c995fb3059e2dbdd.asm,tscon.exe,plain,0,0
56e8d6c41d904c855fc44bc50e7460ac0d1803111c0c8032b12c00b3c0482816,good_train,root,0,x64,3746,3745,good_train/root/56e8d6c41d904c855fc44bc50e7460ac0d1803111c0c8032b12c00b3c0482816.asm,tskill.exe,plain,0,0
6d42e1981e0b9d704351705b3f14e7e982766775ceda9d6a8ef15e9d7ec32f99,good_train,root,0,x86,33703,33701,good_train/root/6d42e1981e0b9d704351705b3f14e7e982766775ceda9d6a8ef15e9d7ec32f99.asm,ttdinject.exe,plain,1,0
f501b18d8270ce7802e724c84d1eba5c5d77adb9113739605fb45e302edf9c4c,good_train,root,0,x86,35326,35325,good_train/root/f501b18d8270ce7802e724c84d1eba5c5d77adb9113739605fb45e302edf9c4c.asm,tttracer.exe,plain,0,0
2747462e89fcdbf41ab73f46a8efb67057792fd659d5af9f54f1f8cf19f555d9,good_train,root,0,x86,9660,9628,good_train/root/2747462e89fcdbf41ab73f46a8efb67057792fd659d5af9f54f1f8cf19f555d9.asm,typeperf.exe,plain,31,0
d0f640ba7db3906ae5352eee6989bde941b51d20fc4a61bbeb83281112b1d28a,good_train,root,0,x86,12497,12480,good_train/root/d0f640ba7db3906ae5352eee6989bde941b51d20fc4a61bbeb83281112b1d28a.asm,tzutil.exe,plain,16,0
b36628817a85b2491cb70b6f1f7283c5c9ccb7efde9ace06ae09a9360bcdbb53,good_train,root,0,x64,7638,7637,good_train/root/b36628817a85b2491cb70b6f1f7283c5c9ccb7efde9ace06ae09a9360bcdbb53.asm,ucsvc.exe,plain,0,0
2b568cc6ae6b25fea9b706338b9b6c33668b88de5cf242c274a1034ac7fcdd5b,good_train,root,0,x64,22352,22351,good_train/root/2b568cc6ae6b25fea9b706338b9b6c33668b88de5cf242c274a1034ac7fcdd5b.asm,unifiedinstaller.exe,plain,0,0
47cf991ca0f91adcd98af1bade9e2bce82600d842237404bd6a5313a539b2e13,good_train,root,0,x86,9751,9740,good_train/root/47cf991ca0f91adcd98af1bade9e2bce82600d842237404bd6a5313a539b2e13.asm,unlodctr.exe,plain,10,0
1df2f5fc3369f5901068ad9463d7a165fd8e7ee7a12ca6c1a88992bb1484632e,good_train,root,0,x86,66569,66136,good_train/root/1df2f5fc3369f5901068ad9463d7a165fd8e7ee7a12ca6c1a88992bb1484632e.asm,unregmp2.exe,plain,432,0
8095d4d7726438f8665e00c1a405ab94db6358dc14740783795cf8617a64f19e,good_train,root,0,x64,7820,7819,good_train/root/8095d4d7726438f8665e00c1a405ab94db6358dc14740783795cf8617a64f19e.asm,unsecapp.exe,plain,0,0
ae4b0e81c601521da974d53e44295c98331ced7c9cc2f260434e6bc0c475dda3,good_train,root,0,x64,19720,19719,good_train/root/ae4b0e81c601521da974d53e44295c98331ced7c9cc2f260434e6bc0c475dda3.asm,upfc.exe,plain,0,0
8fc99d5aa8a124a217d12adebc52ac8a47f04e4a214a9d44cc125a70fff58a85,good_train,root,0,x86,6700,6676,good_train/root/8fc99d5aa8a124a217d12adebc52ac8a47f04e4a214a9d44cc125a70fff58a85.asm,upnpcont.exe,plain,23,0
6f1c2fd98615b9b0427abb5af0def53e3205b4a9e5eec008e2284e28e839b096,good_train,root,0,x86,6427,6416,good_train/root/6f1c2fd98615b9b0427abb5af0def53e3205b4a9e5eec008e2284e28e839b096.asm,userinit.exe,plain,10,0
bd545e5cb5c83d18b45a58e4d8db20e7cf2d248e7ab08d21f3ce4e2873426ef5,good_train,root,0,x86,100002,100000,good_train/root/bd545e5cb5c83d18b45a58e4d8db20e7cf2d248e7ab08d21f3ce4e2873426ef5.asm,usf.exe,plain,0,1
9cecfc7977baa23a840f987a28813227bab3f2dfdf1d571b51327107b5aa8ce2,good_train,root,0,x64,89168,89167,good_train/root/9cecfc7977baa23a840f987a28813227bab3f2dfdf1d571b51327107b5aa8ce2.asm,vds.exe,plain,0,0
ddc920acfdb76dd6dfdc0cae7714c1d2995fd6042d1fc2efb1cc1df9478fa26f,good_train,root,0,x64,3894,3893,good_train/root/ddc920acfdb76dd6dfdc0cae7714c1d2995fd6042d1fc2efb1cc1df9478fa26f.asm,vdsldr.exe,plain,0,0
50259658b30d267db199a0805e0986798dd799e18700fd198b894ce9e04db851,good_train,root,0,x86,1828,1816,good_train/root/50259658b30d267db199a0805e0986798dd799e18700fd198b894ce9e04db851.asm,verclsid.exe,plain,11,0
9dc1e17904c26fb63f7568087df8e844714e567d31e0caf03ec56941525b16f7,good_train,root,0,x64,18283,18282,good_train/root/9dc1e17904c26fb63f7568087df8e844714e567d31e0caf03ec56941525b16f7.asm,verifier.exe,plain,0,0
ec30a097830520b77a6beff40544271d01cb625cb29ecee1e8ad6d4b9ba4e961,good_train,root,0,x86,44077,43847,good_train/root/ec30a097830520b77a6beff40544271d01cb625cb29ecee1e8ad6d4b9ba4e961.asm,verifiergui.exe,plain,229,0
29ad9108c2fc8b8c5472ec63b7250b4bfd5afeab1f359d3bca2e0726ff94e29c,good_train,root,0,x64,13532,13531,good_train/root/29ad9108c2fc8b8c5472ec63b7250b4bfd5afeab1f359d3bca2e0726ff94e29c.asm,volumouse.exe,plain,0,0
02448530591c7996e84f596139262d8a2ab29b9674cc17a2afbb91d93f84fdab,good_train,root,0,x86,1744,1743,good_train/root/02448530591c7996e84f596139262d8a2ab29b9674cc17a2afbb91d93f84fdab.asm,volumouse32.exe,plain,0,0
d7577fb88cca3169c7931dc0d8ec9a444227dc14f6c71d6d39d86a0c5cad1976,good_train,root,0,x64,21882,21881,good_train/root/d7577fb88cca3169c7931dc0d8ec9a444227dc14f6c71d6d39d86a0c5cad1976.asm,vssadmin.exe,plain,0,0
200bd1a8af02f3e8f9fdb6ca773d4a640e6a1b271108a6dd0039669ecf75bfe9,good_train,root,0,x86,67357,67085,good_train/root/200bd1a8af02f3e8f9fdb6ca773d4a640e6a1b271108a6dd0039669ecf75bfe9.asm,w32tm.exe,plain,271,0
b0bdb7af4b4e1c735791d5874691345d8d8f78149380e970b5f53f75c580ffeb,good_train,root,0,x64,2545,2544,good_train/root/b0bdb7af4b4e1c735791d5874691345d8d8f78149380e970b5f53f75c580ffeb.asm,wab.exe,plain,0,0
89500235e2416b8931f749e87e591b2661a3b31eb607cb654f89b5c0b84277b6,good_train,root,0,x64,3610,3609,good_train/root/89500235e2416b8931f749e87e591b2661a3b31eb607cb654f89b5c0b84277b6.asm,wabmig.exe,plain,0,0
1b2ec8189777f5592a003c5ad8114848f0300590e034face6107d78e2ee8fb97,good_train,root,0,x86,8380,8362,good_train/root/1b2ec8189777f5592a003c5ad8114848f0300590e034face6107d78e2ee8fb97.asm,waitfor.exe,plain,17,0
3f31a25abbf5e75f49c2b596034ba12f95d92fe5ac06d62f15995af8499908ef,good_train,root,0,x64,69404,69403,good_train/root/3f31a25abbf5e75f49c2b596034ba12f95d92fe5ac06d62f15995af8499908ef.asm,wbadmin.exe,plain,0,0
3406b6adf7d5bf8d7b75c9761b9ba24d1daba8ee00bc5d014fe947b2dc0423a4,good_train,root,0,x64,28688,28687,good_train/root/3406b6adf7d5bf8d7b75c9761b9ba24d1daba8ee00bc5d014fe947b2dc0423a4.asm,wbemtest.exe,plain,0,0
e05cd6d7aea164bfc9c258052a63b4a214833b0d3aa4af89f171dff19ad3cda1,good_train,root,0,x64,100002,100000,good_train/root/e05cd6d7aea164bfc9c258052a63b4a214833b0d3aa4af89f171dff19ad3cda1.asm,wbengine.exe,plain,0,1
53b07ab9dae0e58b06dab40cf837dd9150a6125759b4d4a18d3c36a07042b9e7,good_train,root,0,x86,24186,24077,good_train/root/53b07ab9dae0e58b06dab40cf837dd9150a6125759b4d4a18d3c36a07042b9e7.asm,wecutil.exe,plain,108,0
e8814ddc5bc8abc5f108c376473d9b493982717916b5fb272ae39fc9463c7d55,good_train,root,0,x86,30888,30809,good_train/root/e8814ddc5bc8abc5f108c376473d9b493982717916b5fb272ae39fc9463c7d55.asm,wermgr.exe,plain,78,0
0addeceb61359346c7d752f0fa3d1ce72e8a494cae651a1df2bf1e867e5dfc7c,good_train,root,0,x86,56470,56233,good_train/root/0addeceb61359346c7d752f0fa3d1ce72e8a494cae651a1df2bf1e867e5dfc7c.asm,wevtutil.exe,plain,236,0
64bc17d02d409b0eae84dccc71dd0c5115ef208efc79a30281e60404a5632d91,good_train,root,0,x86,8875,8863,good_train/root/64bc17d02d409b0eae84dccc71dd0c5115ef208efc79a30281e60404a5632d91.asm,wextract.exe,plain,11,0
e4220435f20b966623b7646c247397ddaf5ce0d8a2a5ef2bc9915e6d111ea765,good_train,root,0,x86,8523,8505,good_train/root/e4220435f20b966623b7646c247397ddaf5ce0d8a2a5ef2bc9915e6d111ea765.asm,where.exe,plain,17,0
075fa41e449213910f6d45f5713fef8ed71ea913c1ebe594407894141f103d64,good_train,root,0,x86,16491,16438,good_train/root/075fa41e449213910f6d45f5713fef8ed71ea913c1ebe594407894141f103d64.asm,whoami.exe,plain,52,0
00e131f0dd8fe1aa629795e56c7e39cceb022314a121fb0cf4f919f49f2a4c24,good_train,root,0,x86,18129,18128,good_train/root/00e131f0dd8fe1aa629795e56c7e39cceb022314a121fb0cf4f919f49f2a4c24.asm,whoistd.exe,plain,0,0
9c6457b6bb0cf9f4d7a4dcb490dc22b5ce658817890815906ad1a36de88e4949,good_train,root,0,x86,4016,4015,good_train/root/9c6457b6bb0cf9f4d7a4dcb490dc22b5ce658817890815906ad1a36de88e4949.asm,whosip.exe,plain,0,0
90168783dbd9ac5cb2899297154b871ff50e218cd4c825fbb60668cae4463144,good_train,root,0,x86,13916,13855,good_train/root/90168783dbd9ac5cb2899297154b871ff50e218cd4c825fbb60668cae4463144.asm,wiaacmgr.exe,plain,60,0
310d64eb8f9d0b8cde591aa0b8857bf2bcd3cd25a232429904c34388d1b9f829,good_train,root,0,x64,6467,6466,good_train/root/310d64eb8f9d0b8cde591aa0b8857bf2bcd3cd25a232429904c34388d1b9f829.asm,wiawow64.exe,plain,0,0
1e16706ef43131a1fcc3535cd5bb9e10c2f423e585d88b1701c7c5bd07233ca4,good_train,root,0,x64,81832,81831,good_train/root/1e16706ef43131a1fcc3535cd5bb9e10c2f423e585d88b1701c7c5bd07233ca4.asm,wifitask.exe,plain,0,0
5656480117dc4d6fec50b7fd91f05acea3d9d6e60e2fa513a3cfec94a76f85cf,good_train,root,0,x64,100002,100000,good_train/root/5656480117dc4d6fec50b7fd91f05acea3d9d6e60e2fa513a3cfec94a76f85cf.asm,wimserv.exe,plain,0,1
4ee41489d15c07c193e793f9fb62b3a11cd487215659834d0be52b717e3c2c61,good_train,root,0,x86,9251,9250,good_train/root/4ee41489d15c07c193e793f9fb62b3a11cd487215659834d0be52b717e3c2c61.asm,winMd5SumPortable_1.0.1.55_Rev_4_English.paf.exe,plain,0,0
3bbefd1ea391e235d4c4f92deeca9b2ce72e58cf3f4cce5abb148b8702095322,good_train,root,0,x64,31384,31383,good_train/root/3bbefd1ea391e235d4c4f92deeca9b2ce72e58cf3f4cce5abb148b8702095322.asm,windeploy.exe,plain,0,0
0ae37c1d7fc84e5e956874458508205f4dad68d933be6b801cff2e42475664b5,good_train,root,0,x86,1644,1632,good_train/root/0ae37c1d7fc84e5e956874458508205f4dad68d933be6b801cff2e42475664b5.asm,winhlp32.exe,plain,11,0
13ad43ee6d19dfc9709c3106d796bc3f21791a564e443d042a5aa117f2680649,good_train,root,0,x64,68833,68831,good_train/root/13ad43ee6d19dfc9709c3106d796bc3f21791a564e443d042a5aa117f2680649.asm,wininit.exe,plain,1,0
805b4fbf4243d7426441da9aedf6e0f8be1cf31f7c412f5d31950c6f058c9ce7,good_train,root,0,x64,6952,6951,good_train/root/805b4fbf4243d7426441da9aedf6e0f8be1cf31f7c412f5d31950c6f058c9ce7.asm,winlister.exe,plain,0,0
d51e975785649155c327584547566b1c703ba435c1e1367d18be01b67e325d15,good_train,root,0,x86,21392,21390,good_train/root/d51e975785649155c327584547566b1c703ba435c1e1367d18be01b67e325d15.asm,winrar.exe,plain,1,0
02abc26a1f1fb25cb24992bf62eeab05b570e1310f64aaa1cb1433f7ba77b3bb,good_train,root,0,x86,10122,10087,good_train/root/02abc26a1f1fb25cb24992bf62eeab05b570e1310f64aaa1cb1433f7ba77b3bb.asm,winrs.exe,plain,34,0
9572884598bdb3c1a4b7d2e0e1b6945ed62f4172221e468ef53aa5a25e809691,good_train,root,0,x86,5548,5533,good_train/root/9572884598bdb3c1a4b7d2e0e1b6945ed62f4172221e468ef53aa5a25e809691.asm,winrshost.exe,plain,14,0
97c23b8888ffe8f4a9d9a0de8eda27cbe029049cf07e1164c2e79c3623139e42,good_train,root,0,x86,1354,1343,good_train/root/97c23b8888ffe8f4a9d9a0de8eda27cbe029049cf07e1164c2e79c3623139e42.asm,winver.exe,plain,10,0
2418929fec25b3a30c10fe01901f4d75d6895480df500beb19717517ccd5bb41,good_train,root,0,x64,54007,54006,good_train/root/2418929fec25b3a30c10fe01901f4d75d6895480df500beb19717517ccd5bb41.asm,wkspbroker.exe,plain,0,0
4cfbcc35f1403584cf932b48f1fbd9506f43874443412b35681fc66392c9b64a,good_train,root,0,x64,68842,68841,good_train/root/4cfbcc35f1403584cf932b48f1fbd9506f43874443412b35681fc66392c9b64a.asm,wksprt.exe,plain,0,0
ddb1ec5e7029d8d419ba365888ebf1494f4c5d5ffcd2f0161cefd1b01ded82bb,good_train,root,0,x86,23080,23010,good_train/root/ddb1ec5e7029d8d419ba365888ebf1494f4c5d5ffcd2f0161cefd1b01ded82bb.asm,wlanext.exe,plain,69,0
4c13ccd996d58673bec9fa19b1f06b8ca1d6823307b76c5a2a79799f1073bf64,good_train,root,0,x64,4245,4244,good_train/root/4c13ccd996d58673bec9fa19b1f06b8ca1d6823307b76c5a2a79799f1073bf64.asm,wlrmdr.exe,plain,0,0
e3912b625e6356f1f962cdeb2d4d6a2750cefa90ceead7ee26cb5516a53ee041,good_train,root,0,x64,18644,18643,good_train/root/e3912b625e6356f1f962cdeb2d4d6a2750cefa90ceead7ee26cb5516a53ee041.asm,wmlaunch.exe,plain,0,0
3f47e9e6b84ef6b37b72faa771a8068bfc8904cc30999a5268321233216940ec,good_train,root,0,x64,854,853,good_train/root/3f47e9e6b84ef6b37b72faa771a8068bfc8904cc30999a5268321233216940ec.asm,wmpconfig.exe,plain,0,0
b3958d6fad71fa64227f2b41f57dbf9bab434746ba0d249e226408199c218f48,good_train,root,0,x64,1931,1930,good_train/root/b3958d6fad71fa64227f2b41f57dbf9bab434746ba0d249e226408199c218f48.asm,wmplayer.exe,plain,0,0
a9c8dc72b50c0deaf09db1eae874d892082cdaa42a51b99a09e4f93c43d3d78e,good_train,root,0,x64,100002,100000,good_train/root/a9c8dc72b50c0deaf09db1eae874d892082cdaa42a51b99a09e4f93c43d3d78e.asm,wmpnetwk.exe,plain,0,1
e8e9e1c1384552e8a3e6cf6343118727221f115f348f72e6fdca6ffc82a10620,good_train,root,0,x64,8215,8214,good_train/root/e8e9e1c1384552e8a3e6cf6343118727221f115f348f72e6fdca6ffc82a10620.asm,wmpnscfg.exe,plain,0,0
1eed87be63be5d0cd9eb54eb30b06e3ebbabdd0aa7557a7662397e35db42a582,good_train,root,0,x64,17408,17407,good_train/root/1eed87be63be5d0cd9eb54eb30b06e3ebbabdd0aa7557a7662397e35db42a582.asm,wmprph.exe,plain,0,0
84d445a0f798532435fe51177a43f541c0c928e194166083f85377b590969f30,good_train,root,0,x64,1299,1298,good_train/root/84d445a0f798532435fe51177a43f541c0c928e194166083f85377b590969f30.asm,wmpshare.exe,plain,0,0
eb9048606c0ce6be9f82f0b6b62a977133a6c43459e3dc6417f941d591fab2a8,good_train,root,0,x86,3164,3140,good_train/root/eb9048606c0ce6be9f82f0b6b62a977133a6c43459e3dc6417f941d591fab2a8.asm,wowreg32.exe,plain,23,0
66497b018d3efe3e95422ac7c161247b358032ee33cc13c89502ace1c4a1f2fc,good_train,root,0,x64,3308,3307,good_train/root/66497b018d3efe3e95422ac7c161247b358032ee33cc13c89502ace1c4a1f2fc.asm,wpnpinst.exe,plain,0,0
64aa5cbcb935a5ce42239bfeabbccc5f42a33dae8739b07c0d5413f33d7ce9fb,good_train,root,0,x64,63449,63448,good_train/root/64aa5cbcb935a5ce42239bfeabbccc5f42a33dae8739b07c0d5413f33d7ce9fb.asm,wpr.exe,plain,0,0
0ffcc65f70860f3961694ba64dbe7d69b09b5f0d6eb095dff8349d6b2f1f0e96,good_train,root,0,x86,1211,1201,good_train/root/0ffcc65f70860f3961694ba64dbe7d69b09b5f0d6eb095dff8349d6b2f1f0e96.asm,write.exe,plain,9,0
f1447c3852642b5d56ff7e2a0ecedd9b8ba89a4b3a0915f2a3c826adbc1a54fe,good_train,root,0,x86,1177,1167,good_train/root/f1447c3852642b5d56ff7e2a0ecedd9b8ba89a4b3a0915f2a3c826adbc1a54fe.asm,wscadminui.exe,plain,9,0
0fbb4f848d9fb14d7bf81b0454203810869c527c3435e8747a2213dd86f8129a,good_train,root,0,x86,36217,36182,good_train/root/0fbb4f848d9fb14d7bf81b0454203810869c527c3435e8747a2213dd86f8129a.asm,wscript.exe,plain,34,0
36a36855bed0f40d193f8de0035c13c636c6cbd52e4f88759c4858fd0cde08e3,good_train,root,0,x86,13705,13661,good_train/root/36a36855bed0f40d193f8de0035c13c636c6cbd52e4f88759c4858fd0cde08e3.asm,wsmprovhost.exe,plain,43,0
aef5bf320220b76e88a53a23a8c7caa535c7d5656a66612da6a60a344869df12,good_train,root,0,x64,8562,8561,good_train/root/aef5bf320220b76e88a53a23a8c7caa535c7d5656a66612da6a60a344869df12.asm,wsqmcons.exe,plain,0,0
5a7c14146018cdf58bba0b291ae2b6e4826dc1a45f335f4dfc378e1eb545d27b,good_train,root,0,x64,1068,1067,good_train/root/5a7c14146018cdf58bba0b291ae2b6e4826dc1a45f335f4dfc378e1eb545d27b.asm,wuapihost.exe,plain,0,0
cc855323b6ab7259c92bd1310211dd95174e43be2f46c828e38f0060dd2e4488,good_train,root,0,x64,5167,5150,good_train/root/cc855323b6ab7259c92bd1310211dd95174e43be2f46c828e38f0060dd2e4488.asm,wuauclt.exe,plain,16,0
acfc36f82928ff28bbd6a22886d4829f2e28d9c42d8077daa048d08b9398f7e6,good_train,root,0,x86,13722,13721,good_train/root/acfc36f82928ff28bbd6a22886d4829f2e28d9c42d8077daa048d08b9398f7e6.asm,wul.exe,plain,0,0
9a18550136d91fd0af3d8d3e202a5a348ddee9639498f2b5fc9630e83406d7e1,good_train,root,0,x86,100008,100000,good_train/root/9a18550136d91fd0af3d8d3e202a5a348ddee9639498f2b5fc9630e83406d7e1.asm,wusa.exe,plain,6,1
692c7a7a1a693ac5e49008292d2332cfa858c0aebdc945b05068f51af132c39b,good_train,root,0,x86,8614,8599,good_train/root/692c7a7a1a693ac5e49008292d2332cfa858c0aebdc945b05068f51af132c39b.asm,xcopy.exe,plain,14,0
6b6867040c45a9a1d02ee1fc66c8b5ae2ef5cc8cfae70ac5e11dd1ce1092ff95,good_train,root,0,x86,9251,9250,good_train/root/6b6867040c45a9a1d02ee1fc66c8b5ae2ef5cc8cfae70ac5e11dd1ce1092ff95.asm,xpyPortable_1.3.8.paf.exe,plain,0,0
5ce0b07dbc12f4f9263376047a7a2f269958df61e1510ac3b817796410cc2b00,good_train,root,0,x86,7089,7047,good_train/root/5ce0b07dbc12f4f9263376047a7a2f269958df61e1510ac3b817796410cc2b00.asm,xwizard.exe,plain,41,0
bb060ed91b37ce78c41ddfc0246f9c191c79c740130d9266d0168083d71767ad,good_test,root,0,x64,54196,54174,good_test/root/bb060ed91b37ce78c41ddfc0246f9c191c79c740130d9266d0168083d71767ad.asm,12-Ants_x64.exe,plain,21,0
87da2d47af6b894ad6337ae211f359fc090aa97826cddf8c76dd135ea7620301,good_test,root,0,x86,9251,9250,good_test/root/87da2d47af6b894ad6337ae211f359fc090aa97826cddf8c76dd135ea7620301.asm,4stAttackPortable_2.0_English.paf.exe,plain,0,0
647a9a621162cd7a5008934a08e23ff7c1135d6f1261689fd954aa17d50f9729,good_test,root,0,x86,8918,8917,good_test/root/647a9a621162cd7a5008934a08e23ff7c1135d6f1261689fd954aa17d50f9729.asm,7z1805.exe,plain,0,0
e049ebf01a506888fdc9d7976ed8ed025fd1b77a3cf2ff0456858a81654f4894,good_test,root,0,x86,14219,14163,good_test/root/e049ebf01a506888fdc9d7976ed8ed025fd1b77a3cf2ff0456858a81654f4894.asm,Able-mindSR.exe,plain,55,0
6e80e7bd8fd4033397ca27e216f53d322613e4f5373d836e3f593100085c2f1d,good_test,root,0,x86,8488,8486,good_test/root/6e80e7bd8fd4033397ca27e216f53d322613e4f5373d836e3f593100085c2f1d.asm,ArmagetronAdvancedPortable_0.2.9.1.0.paf.exe,plain,1,0
beafa7dcd542cb7ac4136faa8675c736cc01ef8f5c7ca2a53d98643c4e6d52ba,good_test,root,0,x86,9251,9250,good_test/root/beafa7dcd542cb7ac4136faa8675c736cc01ef8f5c7ca2a53d98643c4e6d52ba.asm,ArthaPortable_1.0.3_English.paf.exe,plain,0,0
5cda3e1cbcd3004687b599ccd5819ffce3ab8c5ed4a0cda6e57f7a14c119e3cc,good_test,root,0,x86,8565,8563,good_test/root/5cda3e1cbcd3004687b599ccd5819ffce3ab8c5ed4a0cda6e57f7a14c119e3cc.asm,AtomicTanksPortable_6.6.paf.exe,plain,1,0
7254ae6958f1d4159d3683898c5609faf37852c3f7a58722a2a4c82172443374,good_test,root,0,x86,29489,29484,good_test/root/7254ae6958f1d4159d3683898c5609faf37852c3f7a58722a2a4c82172443374.asm,AutoHideDesktopIcons.exe,plain,4,0
28639b051e710031ab27d1b09d3f46dffb93c9dac24ae96bc781489841a2201a,good_test,root,0,x86,59359,59355,good_test/root/28639b051e710031ab27d1b09d3f46dffb93c9dac24ae96bc781489841a2201a.asm,BRCPositivePayInstaller.exe,plain,3,0
7deea9dffb0573e7e0b0a1c5eae9f4f6416d969283c10f77f6c70bc1430d3c22,good_test,root,0,x86,8565,8563,good_test/root/7deea9dffb0573e7e0b0a1c5eae9f4f6416d969283c10f77f6c70bc1430d3c22.asm,BYONDPortable_5.0_Build_514.1583_English.paf.exe,plain,1,0
3707cf2fe3de581ff2624dda457aacfd79b6b1e4644f1b242ebd4d15b68116ca,good_test,root,0,x86,9251,9250,good_test/root/3707cf2fe3de581ff2624dda457aacfd79b6b1e4644f1b242ebd4d15b68116ca.asm,BigSolitairesPortable_1.4_Rev_3_English.paf.exe,plain,0,0
9f6811971cdce6361a269d74de51d9e6282d0b009ea9e489f2f777b2c54a87c8,good_test,root,0,x86,8565,8563,good_test/root/9f6811971cdce6361a269d74de51d9e6282d0b009ea9e489f2f777b2c54a87c8.asm,BingSnapSetup64.exe,plain,1,0
c22b1bd1e16218ed90a5c2f25dfacfeca4ecbbe5888a86a1ab34aa0e454035e6,good_test,root,0,x86,8565,8563,good_test/root/c22b1bd1e16218ed90a5c2f25dfacfeca4ecbbe5888a86a1ab34aa0e454035e6.asm,BrainWorkshopPortable_4.8.4_English.paf.exe,plain,1,0
688e4514367f2cc0bfaa789ef515afb4cbc0d3655d791d1090edc8a3b2a24c48,good_test,root,0,x86,44194,44193,good_test/root/688e4514367f2cc0bfaa789ef515afb4cbc0d3655d791d1090edc8a3b2a24c48.asm,CDC_Installer.exe,plain,0,0
aaf46718d4b117571179c57d2af8ca5449a96212529c8158c87ccfc78f5a2d01,good_test,root,0,x64,100152,100000,good_test/root/aaf46718d4b117571179c57d2af8ca5449a96212529c8158c87ccfc78f5a2d01.asm,CSVBuddy-3_0-64-bit.exe,plain,150,1
c84ce4f35dfe0ada475f680551d653d264855a1d477ead3af5c0564e8b74a4a7,good_test,root,0,x86,8825,8824,good_test/root/c84ce4f35dfe0ada475f680551d653d264855a1d477ead3af5c0564e8b74a4a7.asm,CairoSetup_64bit.exe,plain,0,0
95606e5b80a8dffebb1d8ba89ea09225c95e15f389553890b36f4cd7bec99464,good_test,root,0,x86,8396,8394,good_test/root/95606e5b80a8dffebb1d8ba89ea09225c95e15f389553890b36f4cd7bec99464.asm,CanabaltPortable_1.2_English.paf.exe,plain,1,0
3f880f5fdcb485b0f9b1445e034dfbe2f80d7b3b0564d99f4fe290ffc0d1f7a5,good_test,root,0,x86,24533,24430,good_test/root/3f880f5fdcb485b0f9b1445e034dfbe2f80d7b3b0564d99f4fe290ffc0d1f7a5.asm,CareUEyes_setup.exe,plain,101,0
4f31428f3d32ac0428c2840ace93360f34eb69d88f91843cbd95cdc2cc3a3064,good_test,root,0,x86,100350,100000,good_test/root/4f31428f3d32ac0428c2840ace93360f34eb69d88f91843cbd95cdc2cc3a3064.asm,CashAndTheCity_setup.exe,plain,348,1
af6d27d9f03c1e7299bdd77b9ed45e7f1e75dfd03c611ebd3360670841fb494c,good_test,root,0,x86,8138,8136,good_test/root/af6d27d9f03c1e7299bdd77b9ed45e7f1e75dfd03c611ebd3360670841fb494c.asm,ChromiumBSUPortable_0.9.13.2_English.paf.exe,plain,1,0
89349060ff226221c5e399f10c9aa4f253212be6d695d0d0a628cf6453307df5,good_test,root,0,x86,8565,8563,good_test/root/89349060ff226221c5e399f10c9aa4f253212be6d695d0d0a628cf6453307df5.asm,ClavierSetup.exe,plain,1,0
4cd15dac4efd155fdba0505d5efcf7a521d91c09f2f460725e9383e85cf390a8,good_test,root,0,x86,8748,8747,good_test/root/4cd15dac4efd155fdba0505d5efcf7a521d91c09f2f460725e9383e85cf390a8.asm,CloudTierSetup.exe,plain,0,0
c149cb85f732beb95bf6564d72bdfdd9306f7050edfd9d2cd475420efe3b84fc,good_test,root,0,x86,7561,7560,good_test/root/c149cb85f732beb95bf6564d72bdfdd9306f7050edfd9d2cd475420efe3b84fc.asm,DOSBox0.74-win32-installer.exe,plain,0,0
f87e4878bf32dffa00c92993140b01a80bfc277304caba583619a4a44f5ee648,good_test,root,0,x86,8396,8394,good_test/root/f87e4878bf32dffa00c92993140b01a80bfc277304caba583619a4a44f5ee648.asm,DOSBoxPortable_0.74.3.paf.exe,plain,1,0
a20ef49100324263721a6e12e50994a111d0306373ad3a0127835a210d308069,good_test,root,0,x86,14423,14368,good_test/root/a20ef49100324263721a6e12e50994a111d0306373ad3a0127835a210d308069.asm,DOSprn191.exe,plain,54,0
64e712c74fe655f769e9941d5714f001c7d590ae85622e5d9793dbf656f15e58,good_test,root,0,x86,8565,8563,good_test/root/64e712c74fe655f769e9941d5714f001c7d590ae85622e5d9793dbf656f15e58.asm,DatabaseBrowserPortable_5.3.2.17_English.paf.exe,plain,1,0
f77449e3a879213db36ef8181ec2e7119a2a633608e6f6d93b08f02cdfc056c8,good_test,root,0,x86,100350,100000,good_test/root/f77449e3a879213db36ef8181ec2e7119a2a633608e6f6d93b08f02cdfc056c8.asm,DeskTimeSetup.exe,plain,348,1
082f66a7561db1dd64b1a22f5778365b4633ccd14ad84c63bff3d3d3f695419f,good_test,root,0,x64,100006,100000,good_test/root/082f66a7561db1dd64b1a22f5778365b4633ccd14ad84c63bff3d3d3f695419f.asm,DesktopDigitalClock_x64_Installer.exe,plain,4,1
04dab27086855d4a2294b9f8451ba224a79d5f403d5f29a694d9c62356562578,good_test,root,0,x64,100006,100000,good_test/root/04dab27086855d4a2294b9f8451ba224a79d5f403d5f29a694d9c62356562578.asm,DesktopImages3D_x64_Install.exe,plain,4,1
f3e7364d4f1fc8fe1046e7a89eb5bcd5427f7731e2a4bd4fc57bb70cc18949fa,good_test,root,0,x86,91588,91587,good_test/root/f3e7364d4f1fc8fe1046e7a89eb5bcd5427f7731e2a4bd4fc57bb70cc18949fa.asm,DesktopOK.exe,plain,0,0
e71c51e926c3f50bc62113c60bd42e6e23d1f37855268d1ec3ccad6b8836db4f,good_test,root,0,x64,40263,40258,good_test/root/e71c51e926c3f50bc62113c60bd42e6e23d1f37855268d1ec3ccad6b8836db4f.asm,DesktopSnowOK_x64.exe,plain,4,0
24fcb7577a7c4e585c886fd93604f3da8d7cce032a8423cb45ce83e5ed89af80,good_test,root,0,x86,100350,100000,good_test/root/24fcb7577a7c4e585c886fd93604f3da8d7cce032a8423cb45ce83e5ed89af80.asm,DittoSetup_64bit_3_24_238_0.exe,plain,348,1
14a2f1c100a8a376e6027813657a877efc09c8a4137f4323af2e16ed1ea6b7d4,good_test,root,0,x86,24491,24393,good_test/root/14a2f1c100a8a376e6027813657a877efc09c8a4137f4323af2e16ed1ea6b7d4.asm,EPubMetadataEditorInstaller.exe,plain,96,0
370fc041059686cb2bc050169c4197b09b6411379ec831c6423349c883afe6c1,good_test,root,0,x86,14423,14368,good_test/root/370fc041059686cb2bc050169c4197b09b6411379ec831c6423349c883afe6c1.asm,FontExport.exe,plain,54,0
5fa57fd786e2f47e05d1b6fb5718e5d37cdcce37843474364b657189f1a065ec,good_test,root,0,x86,24491,24393,good_test/root/5fa57fd786e2f47e05d1b6fb5718e5d37cdcce37843474364b657189f1a065ec.asm,FreeAlarmClockSetup.exe,plain,96,0
accc72935ecd8f06b0620eef47d3622f8a5d27447beca7ac88de00b820985c3d,good_test,root,0,x86,100329,100000,good_test/root/accc72935ecd8f06b0620eef47d3622f8a5d27447beca7ac88de00b820985c3d.asm,FreeStopwatch.exe,plain,327,1
25a7759a8a47b5ba8a65d9d2771c3cf33da5458e65d43336f4674b11beb80aae,good_test,root,0,x86,8565,8563,good_test/root/25a7759a8a47b5ba8a65d9d2771c3cf33da5458e65d43336f4674b11beb80aae.asm,FrhedPortable_2017.11.paf.exe,plain,1,0
08e10e9cea509841825580ca9bcec8bba07a6450bb9e18ef643e191a63c64be9,good_test,root,0,x86,9251,9250,good_test/root/08e10e9cea509841825580ca9bcec8bba07a6450bb9e18ef643e191a63c64be9.asm,GetSudokuPortable_1.0_Rev_2.paf.exe,plain,0,0
f34671c31b5f00bfed0608055d42763ab56e4bb3b881c80b29b682243174a632,good_test,root,0,x86,9251,9250,good_test/root/f34671c31b5f00bfed0608055d42763ab56e4bb3b881c80b29b682243174a632.asm,GoldenDictPortable_1.0.1_Rev_2.paf.exe,plain,0,0
84a4c2c662e6e005d63843238125989552dbcc20cebdb5e2de1a030f250f99ad,good_test,root,0,x86,9251,9250,good_test/root/84a4c2c662e6e005d63843238125989552dbcc20cebdb5e2de1a030f250f99ad.asm,HMNISEditPortable_2.0.3_Rev_2.paf.exe,plain,0,0
eb0b5567b4eddd0c6788e6e0d6defa23170355ffadb564dafb7d92a3e027f440,good_test,root,0,x86,14423,14368,good_test/root/eb0b5567b4eddd0c6788e6e0d6defa23170355ffadb564dafb7d92a3e027f440.asm,HappyPhotoViewerSetup.exe,plain,54,0
dbb53e2b86f1e84b9265ff9f3fac85687490774d6833a8e3f0b8ade39e41a7d1,good_test,root,0,x86,9251,9250,good_test/root/dbb53e2b86f1e84b9265ff9f3fac85687490774d6833a8e3f0b8ade39e41a7d1.asm,Hex-A-HopPortable_1.1.0_Rev_3_English.paf.exe,plain,0,0
84edc696e06971794e000ca4b6af047295e48710cfd7c2483ef47eff3ed441ee,good_test,root,0,x86,100003,100000,good_test/root/84edc696e06971794e000ca4b6af047295e48710cfd7c2483ef47eff3ed441ee.asm,HourglassInstaller.exe,plain,1,1
ff09a4d63b2dcc092ec63fe998cbf028a8c162422ee34fa9d69afc67d43038e1,good_test,root,0,x86,9251,9250,good_test/root/ff09a4d63b2dcc092ec63fe998cbf028a8c162422ee34fa9d69afc67d43038e1.asm,IHaveNoTomatoesPortable_1.5_English.paf.exe,plain,0,0
15193d5f8dec86170c71f88626a89ce684cf9036770822c6565f38d734165ffe,good_test,root,0,x86,8565,8563,good_test/root/15193d5f8dec86170c71f88626a89ce684cf9036770822c6565f38d734165ffe.asm,IceBreakerPortable_2.2.1_English.paf.exe,plain,1,0
b5ce167b949c0ed0033acc0427df0412ed717e42e42099381e4b3d44cb2b5b34,good_test,root,0,x86,8396,8394,good_test/root/b5ce167b949c0ed0033acc0427df0412ed717e42e42099381e4b3d44cb2b5b34.asm,IniTranslatorPortable_1.9.0.52_Rev_2.paf.exe,plain,1,0
380c65cbc51c60a1cde42cb111f0a9d924bcc6f1aed540f64f431a1e0c842e3b,good_test,root,0,x86,100350,100000,good_test/root/380c65cbc51c60a1cde42cb111f0a9d924bcc6f1aed540f64f431a1e0c842e3b.asm,InstaMonitr-Free.exe,plain,348,1
b4914bca35d3c88df3318b86dc58f379a0b52c8bdac613fa19fcee5dcaca649d,good_test,root,0,x86,9251,9250,good_test/root/b4914bca35d3c88df3318b86dc58f379a0b52c8bdac613fa19fcee5dcaca649d.asm,JooleemPortable_0.1.4.2_English.paf.exe,plain,0,0
fce757df018fa2b95366fb49d30fb77665ba96428f053f587b7696328b7aca10,good_test,root,0,x86,9251,9250,good_test/root/fce757df018fa2b95366fb49d30fb77665ba96428f053f587b7696328b7aca10.asm,KoboDeluxePortable_0.5.1_Rev_2_English.paf.exe,plain,0,0
a60b5c160c2b722420c05e4f3dd6750d11bafc22851d3cde48247246b669d545,good_test,root,0,x86,9251,9250,good_test/root/a60b5c160c2b722420c05e4f3dd6750d11bafc22851d3cde48247246b669d545.asm,KompoZerPortable_0.8_Beta_3_English.paf.exe,plain,0,0
aa55edcff2e8f053f37c313450310946836b5d29dfe01af787d91f61f03f4266,good_test,root,0,x86,8488,8486,good_test/root/aa55edcff2e8f053f37c313450310946836b5d29dfe01af787d91f61f03f4266.asm,LBreakout2Portable_2.6.5_English.paf.exe,plain,1,0
c167f48daabf6efa074c80d90ed1e388673b8d168675ec1acb24ddde1d268c97,good_test,root,0,x86,8488,8486,good_test/root/c167f48daabf6efa074c80d90ed1e388673b8d168675ec1acb24ddde1d268c97.asm,LMarblesPortable_1.0.8_English.paf.exe,plain,1,0
cd35ab2423321e6926f903d8da750f05f687f97e7fdc516a786f7f80a35a1510,good_test,root,0,x86,100350,100000,good_test/root/cd35ab2423321e6926f903d8da750f05f687f97e7fdc516a786f7f80a35a1510.asm,LightBulb-Installer.exe,plain,348,1
68f48f49d269c6ee7ca86200f896004025165b000ccd8e4d0fc6e83725facb09,good_test,root,0,x64,49265,49264,good_test/root/68f48f49d269c6ee7ca86200f896004025165b000ccd8e4d0fc6e83725facb09.asm,MagicMouseTrails_Installer.exe,plain,0,0
de8001f9cd159ae36431842707d752a9e89411f81809a7004f76683799c64ec0,good_test,root,0,x86,14423,14368,good_test/root/de8001f9cd159ae36431842707d752a9e89411f81809a7004f76683799c64ec0.asm,Memo.exe,plain,54,0
f3652c841f52f6c543d5bf17cd6cd43f3b768a5382056c700c0dd18e3004e30e,good_test,root,0,x86,9251,9250,good_test/root/f3652c841f52f6c543d5bf17cd6cd43f3b768a5382056c700c0dd18e3004e30e.asm,Mines-PerfectPortable_1.4.0.4_English.paf.exe,plain,0,0
25f2586c2fadd61a8c4983c42594693c32bffa1f5105daededa02d97d72ce031,good_test,root,0,x86,100350,100000,good_test/root/25f2586c2fadd61a8c4983c42594693c32bffa1f5105daededa02d97d72ce031.asm,MouseJiggleSetup.exe,plain,348,1
54b01a24a46939c794198ea64a4f2cf326190e2b8d322741940dee3aa28b0bcb,good_test,root,0,x86,23621,23615,good_test/root/54b01a24a46939c794198ea64a4f2cf326190e2b8d322741940dee3aa28b0bcb.asm,MusicAceDemo.exe,plain,5,0
a4e302774835b5a4742414f7946e93c301373d769c2b1190e4cfd159dd8181b8,good_test,root,0,x86,8565,8563,good_test/root/a4e302774835b5a4742414f7946e93c301373d769c2b1190e4cfd159dd8181b8.asm,NSISPortable_3.08.0.6_English.paf.exe,plain,1,0
c4df6979a44b5b0f5340e002cde51b3e577648740e8cbaf8dc36c521913e83b1,good_test,root,0,x86,8427,8423,good_test/root/c4df6979a44b5b0f5340e002cde51b3e577648740e8cbaf8dc36c521913e83b1.asm,NetHackPortable_3.6.6_English.paf.exe,plain,3,0
d9eca9bd677d3ffee01018f527c92d84d6d6bfb994a0bea49325be1131c4ff22,good_test,root,0,x86,8381,8376,good_test/root/d9eca9bd677d3ffee01018f527c92d84d6d6bfb994a0bea49325be1131c4ff22.asm,Notepad2-modPortable_4.2.25.998_English.paf.exe,plain,4,0
51a048bdfbe2c718312560cf49f31148ee8b78265e70345958c69f70f068d850,good_test,root,0,x86,9251,9250,good_test/root/51a048bdfbe2c718312560cf49f31148ee8b78265e70345958c69f70f068d850.asm,Notepad2Portable_4.2.25_Rev_2_English.paf.exe,plain,0,0
f20049db84fc681c3c71af480fb3c4d40ad5185fbcb458b39ef65f1ee4619915,good_test,root,0,x86,8565,8563,good_test/root/f20049db84fc681c3c71af480fb3c4d40ad5185fbcb458b39ef65f1ee4619915.asm,NotepadPlusPlusPortable_8.4.9.paf.exe,plain,1,0
2d5c643b34f7ee7928105cf95b6f2230312c333a7f8295ce2c99ee8d31e88814,good_test,root,0,x64,34330,34326,good_test/root/2d5c643b34f7ee7928105cf95b6f2230312c333a7f8295ce2c99ee8d31e88814.asm,OneLoupe_x64.exe,plain,3,0
6d8c32ad2f8501e2935dfdd978e02b064dfde5ca3b344ace60153a749a48584e,good_test,root,0,x86,100350,100000,good_test/root/6d8c32ad2f8501e2935dfdd978e02b064dfde5ca3b344ace60153a749a48584e.asm,OnelaunchSoftware.exe,plain,348,1
3bf08f79f3b25ef7f013379d008594f649c69e9ec5df5005f3e4a2a8c121f305,good_test,root,0,x64,31069,31068,good_test/root/3bf08f79f3b25ef7f013379d008594f649c69e9ec5df5005f3e4a2a8c121f305.asm,OnlyStopWatch_x64.exe,plain,0,0
ae92672afbe430ed7074988847ece2cc80b7a1022e4bf27f0679955e2c425328,good_test,root,0,x86,8378,8377,good_test/root/ae92672afbe430ed7074988847ece2cc80b7a1022e4bf27f0679955e2c425328.asm,PathologicalPortable_1.1.2_English.paf.exe,plain,0,0
112ed7579dc752b5178d1a4f50608305ed6bd8d309662c60609dfa2e7328a2f1,good_test,root,0,x86,9251,9250,good_test/root/112ed7579dc752b5178d1a4f50608305ed6bd8d309662c60609dfa2e7328a2f1.asm,PingusPortable_0.7.6.paf.exe,plain,0,0
3929af74ab0cc0327bfc3378aab072f8043121b9fa0b96ab0a09f981872b1d57,good_test,root,0,x64,36159,36158,good_test/root/3929af74ab0cc0327bfc3378aab072f8043121b9fa0b96ab0a09f981872b1d57.asm,PointerStick_x64.exe,plain,0,0
f1d4768c014668647e5588c984fe3bdf639828f62bc338f2c4fcdb96336bb99c,good_test,root,0,x86,8565,8563,good_test/root/f1d4768c014668647e5588c984fe3bdf639828f62bc338f2c4fcdb96336bb99c.asm,PortableApps.comInstaller_3.7.5.paf.exe,plain,1,0
4b54d71c16a277f89613eed4f073fc4e0ca02451df90588d7bd250af6a169c68,good_test,root,0,x86,8488,8486,good_test/root/4b54d71c16a277f89613eed4f073fc4e0ca02451df90588d7bd250af6a169c68.asm,PortableApps.comLauncher_2.2.3.paf.exe,plain,1,0
f81ac38a39589a12c01fa32b5bd0a4a501e77384b0a9d67525ce4014dde659f0,good_test,root,0,x86,100071,100000,good_test/root/f81ac38a39589a12c01fa32b5bd0a4a501e77384b0a9d67525ce4014dde659f0.asm,PrintMyFonts.exe,plain,69,1
c89f5f77e9acf4fe5659d820b955661b4f938eb571a3e5636823b2e6209f0c23,good_test,root,0,x64,100009,100000,good_test/root/c89f5f77e9acf4fe5659d820b955661b4f938eb571a3e5636823b2e6209f0c23.asm,ProcessKO_x64.exe,plain,7,1
60b3ee96a2bb3165762ac2ed90e6c55b2f49800d344af1df7c7047d280e810f4,good_test,root,0,x86,9251,9250,good_test/root/60b3ee96a2bb3165762ac2ed90e6c55b2f49800d344af1df7c7047d280e810f4.asm,ProjectInvinciblePortable_2.10_English.paf.exe,plain,0,0
262de0c95806384a8e07af5f72a1df3666eb36bb5e715f6bd19f5e00a8f7533b,good_test,root,0,x86,8565,8563,good_test/root/262de0c95806384a8e07af5f72a1df3666eb36bb5e715f6bd19f5e00a8f7533b.asm,QEyePortable_6.5.0.9_English.paf.exe,plain,1,0
a6cfc215218b562cbe4fd37178d03c2f811e230c4c01ab1b0d6b163323117455,good_test,root,0,x86,15825,15752,good_test/root/a6cfc215218b562cbe4fd37178d03c2f811e230c4c01ab1b0d6b163323117455.asm,RescueTimeInstaller.exe,plain,72,0
81271f14f316a69d455e7e17bd5279bd742d634c734cc17aa306d8e2302288ff,good_test,root,0,x86,100349,100000,good_test/root/81271f14f316a69d455e7e17bd5279bd742d634c734cc17aa306d8e2302288ff.asm,RonsEditor_2022.07.22.1402_setup.exe,plain,347,1
209e721c99a55e6d399b398b1628b6c8c697ac7d491a4a89d584de4c6aa3c253,good_test,root,0,x86,8565,8563,good_test/root/209e721c99a55e6d399b398b1628b6c8c697ac7d491a4a89d584de4c6aa3c253.asm,SWI-PrologPortable_9.0.4_English.paf.exe,plain,1,0
e95bb55a91d8e5943b6eac1853fdf46c3236e730619548bc1457bf670868b652,good_test,root,0,x86,23621,23615,good_test/root/e95bb55a91d8e5943b6eac1853fdf46c3236e730619548bc1457bf670868b652.asm,Sdcb.exe,plain,5,0
684e7b6c1f01da2d50cddc2ea987b3adc835c1b588ab049042b4163ff1c8de54,good_test,root,0,x86,15456,15397,good_test/root/684e7b6c1f01da2d50cddc2ea987b3adc835c1b588ab049042b4163ff1c8de54.asm,SetupGlocal_20190614.exe,plain,58,0
92b1ee57e55af477cfd0b39ab5b096bc593c290ba46687d622c70e08c061b3bd,good_test,root,0,x86,15825,15752,good_test/root/92b1ee57e55af477cfd0b39ab5b096bc593c290ba46687d622c70e08c061b3bd.asm,SideSlide_v5.73_Setup.exe,plain,72,0
19093d38293025c71767696b1bbf125d5eadaf30d99043acd5884e71addb04a6,good_test,root,0,x86,8396,8394,good_test/root/19093d38293025c71767696b1bbf125d5eadaf30d99043acd5884e71addb04a6.asm,SlideDogSetup.exe,plain,1,0
9e832e9e0ab949f84785e7a48c19b2a559ca021e9e8e9b5e1b10a33b7d2d723d,good_test,root,0,x86,100233,100000,good_test/root/9e832e9e0ab949f84785e7a48c19b2a559ca021e9e8e9b5e1b10a33b7d2d723d.asm,Spreadspeed3Setup.exe,plain,231,1
46b2890ce8663055e5cae9707159d14a175a1ed0cdec05b8245a6455e75f343d,good_test,root,0,x86,9251,9250,good_test/root/46b2890ce8663055e5cae9707159d14a175a1ed0cdec05b8245a6455e75f343d.asm,SqlitemanPortable_1.2.2.paf.exe,plain,0,0
f77ab445cf9cff6db53584827a7e010fb66486ca64585511dedde7798a235d78,good_test,root,0,x86,51269,51268,good_test/root/f77ab445cf9cff6db53584827a7e010fb66486ca64585511dedde7798a235d78.asm,TBSetup.exe,plain,0,0
844de83e1d288d3956b8241967a7b3f17514e2e10ba0fda2817259e3a2224af6,good_test,root,0,x86,7926,7925,good_test/root/844de83e1d288d3956b8241967a7b3f17514e2e10ba0fda2817259e3a2224af6.asm,TS-AudioToMIDI.exe,plain,0,0
acd8bc7e3cd27db0eba06078dad305d60ddd4fe9fce29f8db936ea0e4e22d6f6,good_test,root,0,x86,59585,59584,good_test/root/acd8bc7e3cd27db0eba06078dad305d60ddd4fe9fce29f8db936ea0e4e22d6f6.asm,TaskLayout-v0.7.3.1-Installer.exe,plain,0,0
c271ea846416669b5bd61e084733a0cc448da917065899b936f00928380df4c3,good_test,root,0,x86,7561,7560,good_test/root/c271ea846416669b5bd61e084733a0cc448da917065899b936f00928380df4c3.asm,TenClipsSetup32.exe,plain,0,0
d234cde414f5ddf8f003049b83bd47aa330713f2b805fd96ccf9a780b1ac8f3b,good_test,root,0,x64,100010,100000,good_test/root/d234cde414f5ddf8f003049b83bd47aa330713f2b805fd96ccf9a780b1ac8f3b.asm,TheAeroClock_x64.exe,plain,8,1
fe3302f87fe878471793f70fdbfe1f5ce569f3890595653149d9a38a6f6882cb,good_test,root,0,x86,14423,14368,good_test/root/fe3302f87fe878471793f70fdbfe1f5ce569f3890595653149d9a38a6f6882cb.asm,Typelightsetup.exe,plain,54,0
09ef4b9244eb44567917f2c42d946f0f0feec3eb2fab4a82a9cfb7a4880a88c3,good_test,root,0,x86,26075,26072,good_test/root/09ef4b9244eb44567917f2c42d946f0f0feec3eb2fab4a82a9cfb7a4880a88c3.asm,Typograph_Setup.exe,plain,2,0
d8d22521e9f1bb335c4a1030ca84ba0e6f89496b74fba1cdb00f53794e69e024,good_test,root,0,x86,8565,8563,good_test/root/d8d22521e9f1bb335c4a1030ca84ba0e6f89496b74fba1cdb00f53794e69e024.asm,UltraUXThemePatcher_4.4.0.exe,plain,1,0
c8156efcdeba75d95b9a7b2548f708b75a25226e35201913cd1307f342755c97,good_test,root,0,x86,51269,51268,good_test/root/c8156efcdeba75d95b9a7b2548f708b75a25226e35201913cd1307f342755c97.asm,WMSetup.exe,plain,0,0
f9518595f18be0e98f7e4cd146aaa3de381987200392226c7b2c9c7fb231163a,good_test,root,0,x86,15456,15397,good_test/root/f9518595f18be0e98f7e4cd146aaa3de381987200392226c7b2c9c7fb231163a.asm,WinDock_Setup_1_2_1.exe,plain,58,0
26617332c466dee638a3272548fd8733feca9e29ee93a05d3447b3dce25083d5,good_test,root,0,x86,24275,24191,good_test/root/26617332c466dee638a3272548fd8733feca9e29ee93a05d3447b3dce25083d5.asm,WinaeroTweaker-1.40.0.0-setup.exe,plain,82,0
4d40f9df9ce3ea88664d0a481204278655d47e9195ee8162f078b121e2422af7,good_test,root,0,x86,100042,100000,good_test/root/4d40f9df9ce3ea88664d0a481204278655d47e9195ee8162f078b121e2422af7.asm,WordCreator.exe,plain,40,1
669e28e939116f4e8d8c27029d95da8d4813031870ba5573dde41bd7cf1d1e51,good_test,root,0,x86,8396,8394,good_test/root/669e28e939116f4e8d8c27029d95da8d4813031870ba5573dde41bd7cf1d1e51.asm,XAMPP_1.7.paf.exe,plain,1,0
4a871ec0d82d4adc240cd937f7a95bbdbc3d4dedd27fabb4b61a3df30fa89bdc,good_test,root,0,x64,100024,100000,good_test/root/4a871ec0d82d4adc240cd937f7a95bbdbc3d4dedd27fabb4b61a3df30fa89bdc.asm,ZoomIt64.exe,plain,22,1
fefacc46c97599a960107da7e7f49591602936b270b150c3a888cba66a1136f3,good_test,root,0,x86,71572,71565,good_test/root/fefacc46c97599a960107da7e7f49591602936b270b150c3a888cba66a1136f3.asm,acereader.exe,plain,6,0
ec3c85abc032be22b15edda535a56550857e5df04504314a3e626d9140773e26,good_test,root,0,x86,24275,24191,good_test/root/ec3c85abc032be22b15edda535a56550857e5df04504314a3e626d9140773e26.asm,autoleavemeeting.exe,plain,82,0
fec037ccdff3197b4320d4479fcf1910ed1f401c20fcf9cfa802d70ef3769cb0,good_test,root,0,x86,9295,9283,good_test/root/fec037ccdff3197b4320d4479fcf1910ed1f401c20fcf9cfa802d70ef3769cb0.asm,calajaws.exe,plain,11,0
12ec4e280bafaf7fad9c15fe83a1f0688d744e4c4a168721ff7ff86894f3713d,good_test,root,0,x86,32135,32009,good_test/root/12ec4e280bafaf7fad9c15fe83a1f0688d744e4c4a168721ff7ff86894f3713d.asm,cdbxp_setup_4.5.2.4291.exe,plain,124,0
c30d7a84dc2888e010a767c96878c671d65682d71d7b8694713ba731cb7f2eff,good_test,root,0,x86,8378,8377,good_test/root/c30d7a84dc2888e010a767c96878c671d65682d71d7b8694713ba731cb7f2eff.asm,desktopcal-setup-v2.exe,plain,0,0
29a8e556ac9db50b809da213ba3cc2e80d88e90a90e6c58e8177a5f3cf6b134d,good_test,root,0,x86,9628,9626,good_test/root/29a8e556ac9db50b809da213ba3cc2e80d88e90a90e6c58e8177a5f3cf6b134d.asm,dfsetup221.exe,plain,1,0
3671fe70ba3059daa1166cddd7351134aa2bca08411eff3c995f729f5e339b65,good_test,root,0,x86,100002,100000,good_test/root/3671fe70ba3059daa1166cddd7351134aa2bca08411eff3c995f729f5e339b65.asm,edraw-max_setup_full5371.exe,plain,0,1
c170bcb14bafd3a8675da5ae54d5e1dfd5b1044d6880d1debe2507af82bcd7c9,good_test,root,0,x86,8565,8563,good_test/root/c170bcb14bafd3a8675da5ae54d5e1dfd5b1044d6880d1debe2507af82bcd7c9.asm,gVimPortable_9.0.paf.exe,plain,1,0
74604d9f365c5a4648508cdb314da7b78e172adb29c1ffafa63ffa9b20057ec3,good_test,root,0,x86,15456,15397,good_test/root/74604d9f365c5a4648508cdb314da7b78e172adb29c1ffafa63ffa9b20057ec3.asm,greenwaterfalls.exe,plain,58,0
cccc915570282b00fdec95524eddfe18187898fe50d8284eee890beaf81f3116,good_test,root,0,x86,24533,24430,good_test/root/cccc915570282b00fdec95524eddfe18187898fe50d8284eee890beaf81f3116.asm,health-break-reminder.exe,plain,101,0
d1eafeb10517d36fff08f19572ef71421dd742ae1ad22d8a0d711c9766d99fb3,good_test,root,0,x86,100004,100000,good_test/root/d1eafeb10517d36fff08f19572ef71421dd742ae1ad22d8a0d711c9766d99fb3.asm,letsview-setup.exe,plain,2,1
a6be7a9d2fe57190c49d9e71aefa994d60cad48787b6739e032b0527c0862616,good_test,root,0,x86,100002,100000,good_test/root/a6be7a9d2fe57190c49d9e71aefa994d60cad48787b6739e032b0527c0862616.asm,lightpdf-setup.exe,plain,0,1
56eed6fc7aab5d170efed962c844c4c6f107bb9e530a077fea7411f4fcb3f205,good_test,root,0,x86,48545,48539,good_test/root/56eed6fc7aab5d170efed962c844c4c6f107bb9e530a077fea7411f4fcb3f205.asm,litesetup_x64_en.exe,plain,5,0
e26e459631c3c6a9ee9c498bbcee99ec67e8534a52313e1b13c0ed9639d162cb,good_test,root,0,x86,100350,100000,good_test/root/e26e459631c3c6a9ee9c498bbcee99ec67e8534a52313e1b13c0ed9639d162cb.asm,localcooling-2.0-installer_Zap-q31.exe,plain,348,1
029146256081fdd6bc7e87da05c03584617d81f61ec7020ae86f1fd42e7c74e2,good_test,root,0,x86,100233,100000,good_test/root/029146256081fdd6bc7e87da05c03584617d81f61ec7020ae86f1fd42e7c74e2.asm,logframer_31_setup.exe,plain,231,1
2f389504b35baeb1c9e352fc09ab6766e393e25e1e05d1dd3fba9a434d779835,good_test,root,0,x86,8138,8136,good_test/root/2f389504b35baeb1c9e352fc09ab6766e393e25e1e05d1dd3fba9a434d779835.asm,netPanzerPortable_0.8.7_English.paf.exe,plain,1,0
b2dcc55a4e7bdc26ca24b3539ea584e0b3775b761b9c810e5f54db927d1cec14,good_test,root,0,x86,100350,100000,good_test/root/b2dcc55a4e7bdc26ca24b3539ea584e0b3775b761b9c810e5f54db927d1cec14.asm,nexusfont_setup_2.7.1.exe,plain,348,1
9139ed7f97278edf90ee8dc179e30a00d475a6cd34670b6e122e4d603c19dd6a,good_test,root,0,x86,8565,8563,good_test/root/9139ed7f97278edf90ee8dc179e30a00d475a6cd34670b6e122e4d603c19dd6a.asm,nfopad181.exe,plain,1,0
f181c43663f8844e34626d4dfc099ee10b03ab454a3d374829b03a7c466662a3,good_test,root,0,x86,13969,13916,good_test/root/f181c43663f8844e34626d4dfc099ee10b03ab454a3d374829b03a7c466662a3.asm,pebuilder3110a.exe,plain,52,0
7ea5d41e6b070cb440690d426d7a2d89d11432ef3ddc9200752ade9819d1c06b,good_test,root,0,x86,24533,24430,good_test/root/7ea5d41e6b070cb440690d426d7a2d89d11432ef3ddc9200752ade9819d1c06b.asm,printdistributor-2019.4.5.1048.exe,plain,101,0
861be38c943b54ec9f90b4372c68bc254e98967e0c724ac1f603749b6362ef41,good_test,root,0,x86,93144,93140,good_test/root/861be38c943b54ec9f90b4372c68bc254e98967e0c724ac1f603749b6362ef41.asm,rufus-3.3p.exe,plain,3,0
bce1ed648e567ab47031c4bdbe74dedff257c3bf17c72ef8cfa6e18dcb4ae1e0,good_test,root,0,x86,15796,15724,good_test/root/bce1ed648e567ab47031c4bdbe74dedff257c3bf17c72ef8cfa6e18dcb4ae1e0.asm,setupGMS3.exe,plain,71,0
a61c91b1ff6694756f674e1debe2031f19b0634fae9a35926106ec91d96c0ebb,good_test,root,0,x86,14034,13979,good_test/root/a61c91b1ff6694756f674e1debe2031f19b0634fae9a35926106ec91d96c0ebb.asm,setup_BakadoPlayer.exe,plain,54,0
5dd47d108e5fac31954b861dba016409aa5eba891eda6527d752a700d89e4eee,good_test,root,0,x86,14225,14169,good_test/root/5dd47d108e5fac31954b861dba016409aa5eba891eda6527d752a700d89e4eee.asm,setup_DTT.exe,plain,55,0
4c74b2451a049c885d010f70407648d853124a1d76e6f4ee3987e5344d78dc1e,good_test,root,0,x86,14225,14169,good_test/root/4c74b2451a049c885d010f70407648d853124a1d76e6f4ee3987e5344d78dc1e.asm,setup_FSL_Launcher.exe,plain,55,0
0f903e79de5699274787ae868dd54595514ffc75aa315a85c18df189dc2dceb9,good_test,root,0,x86,32172,32043,good_test/root/0f903e79de5699274787ae868dd54595514ffc75aa315a85c18df189dc2dceb9.asm,setup_IconRestorer.exe,plain,127,0
e2a940041a0dc53165050930f73f3958a86f1ea8d9429d73718d8def8c6e9f8d,good_test,root,0,x86,15825,15752,good_test/root/e2a940041a0dc53165050930f73f3958a86f1ea8d9429d73718d8def8c6e9f8d.asm,setup_SuperFinderXT.exe,plain,72,0
da05ad8215b01ea9ca9dbfd8c12fba5933b12acda27c29e4188dbb27378b42c0,good_test,root,0,x86,14034,13979,good_test/root/da05ad8215b01ea9ca9dbfd8c12fba5933b12acda27c29e4188dbb27378b42c0.asm,setup_WatchDOG.exe,plain,54,0
c9328104baca9cc3203e6bebf338f4ef1f9563a28ee9edec4c8862089cbb8bcc,good_test,root,0,x86,100333,100000,good_test/root/c9328104baca9cc3203e6bebf338f4ef1f9563a28ee9edec4c8862089cbb8bcc.asm,setup_multitimer.exe,plain,331,1
88d092b00754f42af2e0ddae8a1aa013b0a70ab720a66d9256671c1184a90491,good_test,root,0,x86,7728,7725,good_test/root/88d092b00754f42af2e0ddae8a1aa013b0a70ab720a66d9256671c1184a90491.asm,tnp631se_uni.exe,plain,2,0
6acd895e794fbaa1443ccfc8b9160824171f9dd6b6a872e85c810efad2388254,good_test,root,0,x86,14424,14368,good_test/root/6acd895e794fbaa1443ccfc8b9160824171f9dd6b6a872e85c810efad2388254.asm,tyt2022setup.exe,plain,55,0
05af0cf40590aef24b28fa04c6b4998b7ab3b7f26e60c507adb84f3d837778f2,mal_train,avaddon,1,x86,100003,100000,mal_train/avaddon/05af0cf40590aef24b28fa04c6b4998b7ab3b7f26e60c507adb84f3d837778f2.asm,05af0cf40590aef24b28fa04c6b4998b7ab3b7f26e60c507adb84f3d837778f2,plain,1,1
09f01f2256663969229c2c954f7b29751b41a0c2b36cdb9b67c9491b76c04898,mal_train,avaddon,1,x86,100003,100000,mal_train/avaddon/09f01f2256663969229c2c954f7b29751b41a0c2b36cdb9b67c9491b76c04898.asm,09f01f2256663969229c2c954f7b29751b41a0c2b36cdb9b67c9491b76c04898,plain,1,1
0ff4058f709d278ed662719b9627618c48e7a656c59f6bfecda9081c7cbd742b,mal_train,avaddon,1,x86,100003,100000,mal_train/avaddon/0ff4058f709d278ed662719b9627618c48e7a656c59f6bfecda9081c7cbd742b.asm,0ff4058f709d278ed662719b9627618c48e7a656c59f6bfecda9081c7cbd742b,plain,1,1
1228d0f04f0ba82569fc1c0609f9fd6c377a91b9ea44c1e7f9f84b2b90552da2,mal_train,avaddon,1,x86,100003,100000,mal_train/avaddon/1228d0f04f0ba82569fc1c0609f9fd6c377a91b9ea44c1e7f9f84b2b90552da2.asm,1228d0f04f0ba82569fc1c0609f9fd6c377a91b9ea44c1e7f9f84b2b90552da2,plain,1,1
146712f0832c4e2fbe24245d18f2913746436e38d5438f5eca15dfd0fb50ec24,mal_train,avaddon,1,x86,100003,100000,mal_train/avaddon/146712f0832c4e2fbe24245d18f2913746436e38d5438f5eca15dfd0fb50ec24.asm,146712f0832c4e2fbe24245d18f2913746436e38d5438f5eca15dfd0fb50ec24,plain,1,1
17e68e1fb7737ec554eab4b7aea90ebb2fb23c953d920b8d8f1ab4825c3faede,mal_train,avaddon,1,x86,100003,100000,mal_train/avaddon/17e68e1fb7737ec554eab4b7aea90ebb2fb23c953d920b8d8f1ab4825c3faede.asm,17e68e1fb7737ec554eab4b7aea90ebb2fb23c953d920b8d8f1ab4825c3faede,plain,1,1
17efb277d1893fe4255b9178e9bf6ce55d8a514f9805fd2ab8f7065498c53d97,mal_train,avaddon,1,x86,100003,100000,mal_train/avaddon/17efb277d1893fe4255b9178e9bf6ce55d8a514f9805fd2ab8f7065498c53d97.asm,17efb277d1893fe4255b9178e9bf6ce55d8a514f9805fd2ab8f7065498c53d97,plain,1,1
1c53a211e69cb490911485d71573fd1a4210d7167094a6d7b28926157acd31f0,mal_train,avaddon,1,x86,100003,100000,mal_train/avaddon/1c53a211e69cb490911485d71573fd1a4210d7167094a6d7b28926157acd31f0.asm,1c53a211e69cb490911485d71573fd1a4210d7167094a6d7b28926157acd31f0,plain,1,1
1d5f21f26caefe394d6b217a654f0effb6a6a986257229daf447e8b8966f693e,mal_train,avaddon,1,x86,100003,100000,mal_train/avaddon/1d5f21f26caefe394d6b217a654f0effb6a6a986257229daf447e8b8966f693e.asm,1d5f21f26caefe394d6b217a654f0effb6a6a986257229daf447e8b8966f693e,plain,1,1
1e8df42c2e51f919886eaf955c8fc9630ba9aca8bba47b1541ead131feb55a11,mal_train,avaddon,1,x86,100004,100000,mal_train/avaddon/1e8df42c2e51f919886eaf955c8fc9630ba9aca8bba47b1541ead131feb55a11.asm,1e8df42c2e51f919886eaf955c8fc9630ba9aca8bba47b1541ead131feb55a11,plain,2,1
240d0e4653fdcac298777ad397af4df50fe355aa87fd82146ae40e9e998eab90,mal_train,avaddon,1,x86,100003,100000,mal_train/avaddon/240d0e4653fdcac298777ad397af4df50fe355aa87fd82146ae40e9e998eab90.asm,240d0e4653fdcac298777ad397af4df50fe355aa87fd82146ae40e9e998eab90,plain,1,1
2462a1cc358704bf1f12d266a0cc596bce16ba58f8611aa0fdeb094f61f1631a,mal_train,avaddon,1,x86,100003,100000,mal_train/avaddon/2462a1cc358704bf1f12d266a0cc596bce16ba58f8611aa0fdeb094f61f1631a.asm,2462a1cc358704bf1f12d266a0cc596bce16ba58f8611aa0fdeb094f61f1631a,plain,1,1
2a63fd5330739eaf96adab4e1f4162655ab0e1d977787fb0495f0a2ed137b96b,mal_train,avaddon,1,x86,100003,100000,mal_train/avaddon/2a63fd5330739eaf96adab4e1f4162655ab0e1d977787fb0495f0a2ed137b96b.asm,2a63fd5330739eaf96adab4e1f4162655ab0e1d977787fb0495f0a2ed137b96b,plain,1,1
2bfdaec2c8e4b66d6c9c3b5887c8cd94e4e590c593169c1e11b06e3240c87803,mal_train,avaddon,1,x86,100003,100000,mal_train/avaddon/2bfdaec2c8e4b66d6c9c3b5887c8cd94e4e590c593169c1e11b06e3240c87803.asm,2bfdaec2c8e4b66d6c9c3b5887c8cd94e4e590c593169c1e11b06e3240c87803,plain,1,1
2c277c4960f11e457fdc506d139d6a6064c3b967834d1e986c68b508cae55cd0,mal_train,avaddon,1,x86,100003,100000,mal_train/avaddon/2c277c4960f11e457fdc506d139d6a6064c3b967834d1e986c68b508cae55cd0.asm,2c277c4960f11e457fdc506d139d6a6064c3b967834d1e986c68b508cae55cd0,plain,1,1
319ec1a54148644197b40ed4d73b8fe5646c4f6ebf76d1487bce40a72d37baa7,mal_train,avaddon,1,x86,100005,100000,mal_train/avaddon/319ec1a54148644197b40ed4d73b8fe5646c4f6ebf76d1487bce40a72d37baa7.asm,319ec1a54148644197b40ed4d73b8fe5646c4f6ebf76d1487bce40a72d37baa7,plain,3,1
32643547aefae01363ff01beb15fa818827896088670a78e814a227ca120975a,mal_train,avaddon,1,x86,100003,100000,mal_train/avaddon/32643547aefae01363ff01beb15fa818827896088670a78e814a227ca120975a.asm,32643547aefae01363ff01beb15fa818827896088670a78e814a227ca120975a,plain,1,1
3e9dba43f0b8303ca3f57a09c2b829806720064e6aada312fab2c52484004db2,mal_train,avaddon,1,x86,100003,100000,mal_train/avaddon/3e9dba43f0b8303ca3f57a09c2b829806720064e6aada312fab2c52484004db2.asm,3e9dba43f0b8303ca3f57a09c2b829806720064e6aada312fab2c52484004db2,plain,1,1
41302ba84885fcc5960d4e474d71f6af7c2a631c24d691179ff0a733eb1a4970,mal_train,avaddon,1,x86,100004,100000,mal_train/avaddon/41302ba84885fcc5960d4e474d71f6af7c2a631c24d691179ff0a733eb1a4970.asm,41302ba84885fcc5960d4e474d71f6af7c2a631c24d691179ff0a733eb1a4970,plain,2,1
433875f694fb7f96b4fe51e4c3d9a45515e849d1ffd9aa528fb9b23f6323e106,mal_train,avaddon,1,x86,100003,100000,mal_train/avaddon/433875f694fb7f96b4fe51e4c3d9a45515e849d1ffd9aa528fb9b23f6323e106.asm,433875f694fb7f96b4fe51e4c3d9a45515e849d1ffd9aa528fb9b23f6323e106,plain,1,1
46a8c1e768f632d69d06bfbd93932d102965c9e3f7c37d4a92e30aaeca905675,mal_train,avaddon,1,x86,100003,100000,mal_train/avaddon/46a8c1e768f632d69d06bfbd93932d102965c9e3f7c37d4a92e30aaeca905675.asm,46a8c1e768f632d69d06bfbd93932d102965c9e3f7c37d4a92e30aaeca905675,plain,1,1
476991b5d212883d22cf78d6830b61f13ce3b9ea8ff2c4d4e6dbd5fcad4b9a95,mal_train,avaddon,1,x86,100003,100000,mal_train/avaddon/476991b5d212883d22cf78d6830b61f13ce3b9ea8ff2c4d4e6dbd5fcad4b9a95.asm,476991b5d212883d22cf78d6830b61f13ce3b9ea8ff2c4d4e6dbd5fcad4b9a95,plain,1,1
48d7cd572f14aed7a90d6b66097a885a889e6e7416a6aaa2eb442706ff661275,mal_train,avaddon,1,x86,100003,100000,mal_train/avaddon/48d7cd572f14aed7a90d6b66097a885a889e6e7416a6aaa2eb442706ff661275.asm,48d7cd572f14aed7a90d6b66097a885a889e6e7416a6aaa2eb442706ff661275,plain,1,1
4c4477f81ec823fa43bc2499d0fac1c8ccc1e828f1086aa8bfc7ba7122605da2,mal_train,avaddon,1,x86,100003,100000,mal_train/avaddon/4c4477f81ec823fa43bc2499d0fac1c8ccc1e828f1086aa8bfc7ba7122605da2.asm,4c4477f81ec823fa43bc2499d0fac1c8ccc1e828f1086aa8bfc7ba7122605da2,plain,1,1
5f171bd6646d203350bab1ac76aa789479b0af70616022d40b9c1efd9fd73cb9,mal_train,avaddon,1,x86,100003,100000,mal_train/avaddon/5f171bd6646d203350bab1ac76aa789479b0af70616022d40b9c1efd9fd73cb9.asm,5f171bd6646d203350bab1ac76aa789479b0af70616022d40b9c1efd9fd73cb9,plain,1,1
63d793d1815aa1b119d580312630569fb2eb1880396df7cbe339adcd5c3ae2de,mal_train,avaddon,1,x86,100003,100000,mal_train/avaddon/63d793d1815aa1b119d580312630569fb2eb1880396df7cbe339adcd5c3ae2de.asm,63d793d1815aa1b119d580312630569fb2eb1880396df7cbe339adcd5c3ae2de,plain,1,1
6c40bc4bd88759b8bab164742f0d617a576e5488d816a7ce53e9ee71918fbd5e,mal_train,avaddon,1,x86,100004,100000,mal_train/avaddon/6c40bc4bd88759b8bab164742f0d617a576e5488d816a7ce53e9ee71918fbd5e.asm,6c40bc4bd88759b8bab164742f0d617a576e5488d816a7ce53e9ee71918fbd5e,plain,2,1
7777b09e492304a37ac771a33be44dcf685ec528f20faaecf84bcafe3b870a6a,mal_train,avaddon,1,x86,100003,100000,mal_train/avaddon/7777b09e492304a37ac771a33be44dcf685ec528f20faaecf84bcafe3b870a6a.asm,7777b09e492304a37ac771a33be44dcf685ec528f20faaecf84bcafe3b870a6a,plain,1,1
81493b11fc6acd0d4d8bb653dd9fcdaec16affbcbb509c01f6377db68efceee3,mal_train,avaddon,1,x86,100004,100000,mal_train/avaddon/81493b11fc6acd0d4d8bb653dd9fcdaec16affbcbb509c01f6377db68efceee3.asm,81493b11fc6acd0d4d8bb653dd9fcdaec16affbcbb509c01f6377db68efceee3,plain,2,1
898a9d34e5e5c49b03fcc27216fb83f1c9690e4fc75a9e9aa144f4d93d564471,mal_train,avaddon,1,x86,100003,100000,mal_train/avaddon/898a9d34e5e5c49b03fcc27216fb83f1c9690e4fc75a9e9aa144f4d93d564471.asm,898a9d34e5e5c49b03fcc27216fb83f1c9690e4fc75a9e9aa144f4d93d564471,plain,1,1
90ebe699b4485af1eede919d39c1d080f5046a3d572ac4cd56d591de32e1746f,mal_train,avaddon,1,x86,100003,100000,mal_train/avaddon/90ebe699b4485af1eede919d39c1d080f5046a3d572ac4cd56d591de32e1746f.asm,90ebe699b4485af1eede919d39c1d080f5046a3d572ac4cd56d591de32e1746f,plain,1,1
99f433c40fae957a270e150dd6a3946fe746503cfb19efe53e0d8e52ad12f5fe,mal_train,avaddon,1,x86,100003,100000,mal_train/avaddon/99f433c40fae957a270e150dd6a3946fe746503cfb19efe53e0d8e52ad12f5fe.asm,99f433c40fae957a270e150dd6a3946fe746503cfb19efe53e0d8e52ad12f5fe,plain,1,1
9bf8178897ad95d55f2c74eb3827419164228f3d2dcb25cd71190f758dad8b91,mal_train,avaddon,1,x86,100003,100000,mal_train/avaddon/9bf8178897ad95d55f2c74eb3827419164228f3d2dcb25cd71190f758dad8b91.asm,9bf8178897ad95d55f2c74eb3827419164228f3d2dcb25cd71190f758dad8b91,plain,1,1
a714d94634dfc13ed21a8a9b7fb1990c257050f809b0a53c9a5928e3c220f45d,mal_train,avaddon,1,x86,100003,100000,mal_train/avaddon/a714d94634dfc13ed21a8a9b7fb1990c257050f809b0a53c9a5928e3c220f45d.asm,a714d94634dfc13ed21a8a9b7fb1990c257050f809b0a53c9a5928e3c220f45d,plain,1,1
accdf7be34e793269c8e340d73a34199a9a4b3503e9b2120e9f3ef250f18922c,mal_train,avaddon,1,x86,100003,100000,mal_train/avaddon/accdf7be34e793269c8e340d73a34199a9a4b3503e9b2120e9f3ef250f18922c.asm,accdf7be34e793269c8e340d73a34199a9a4b3503e9b2120e9f3ef250f18922c,plain,1,1
adc2ccee19ca8ffb238053f98d87d1ae41cfa794248db23dce8e2db80a8cad56,mal_train,avaddon,1,x86,100003,100000,mal_train/avaddon/adc2ccee19ca8ffb238053f98d87d1ae41cfa794248db23dce8e2db80a8cad56.asm,adc2ccee19ca8ffb238053f98d87d1ae41cfa794248db23dce8e2db80a8cad56,plain,1,1
534716ee4d6d52692aa4b7cb4176330f139a282f3cd143b41807e95733c64ede,mal_train,avaddon,1,x86,100003,100000,mal_train/avaddon/534716ee4d6d52692aa4b7cb4176330f139a282f3cd143b41807e95733c64ede.asm,b83e430f6f40dc470096516a1780dc87e707a7cb3db07533ea672fdaf2a3ebf5,plain,1,1
ba410968db8d8b0d7faa1c48862c1235f78bc01a3f0929bd8ef9ac644fed3b70,mal_train,avaddon,1,x86,100003,100000,mal_train/avaddon/ba410968db8d8b0d7faa1c48862c1235f78bc01a3f0929bd8ef9ac644fed3b70.asm,ba410968db8d8b0d7faa1c48862c1235f78bc01a3f0929bd8ef9ac644fed3b70,plain,1,1
bc5c264c4dc0207f6d500c47f870cc2aef641c4bf0efa3b1a408b83922cc61ac,mal_train,avaddon,1,x86,100003,100000,mal_train/avaddon/bc5c264c4dc0207f6d500c47f870cc2aef641c4bf0efa3b1a408b83922cc61ac.asm,bc5c264c4dc0207f6d500c47f870cc2aef641c4bf0efa3b1a408b83922cc61ac,plain,1,1
864a03baf372f7881cd005d7440de314f9fd9a2b1c83057ebbb5ffa8e4eb08ce,mal_train,avaddon,1,x86,100003,100000,mal_train/avaddon/864a03baf372f7881cd005d7440de314f9fd9a2b1c83057ebbb5ffa8e4eb08ce.asm,ce9236f9e823ce5613746d27660bc6613b16fb63e90ddf1ca77b11fa483a115c,plain,1,1
d084e7c9160b96e53d799ef955a676aa28290cf51a2ba3354ccdd33829638175,mal_train,avaddon,1,x86,100003,100000,mal_train/avaddon/d084e7c9160b96e53d799ef955a676aa28290cf51a2ba3354ccdd33829638175.asm,d084e7c9160b96e53d799ef955a676aa28290cf51a2ba3354ccdd33829638175,plain,1,1
d8470ac79ec2e92a5bbbab94cfa02f5162d23c6bf9cfb15d42edb97c6b9d0095,mal_train,avaddon,1,x86,100004,100000,mal_train/avaddon/d8470ac79ec2e92a5bbbab94cfa02f5162d23c6bf9cfb15d42edb97c6b9d0095.asm,d8470ac79ec2e92a5bbbab94cfa02f5162d23c6bf9cfb15d42edb97c6b9d0095,plain,2,1
dab7eb2503e0d61d02e6156a47361da97afc53c1dee17c420a0a05de891172c3,mal_train,avaddon,1,x86,100003,100000,mal_train/avaddon/dab7eb2503e0d61d02e6156a47361da97afc53c1dee17c420a0a05de891172c3.asm,dab7eb2503e0d61d02e6156a47361da97afc53c1dee17c420a0a05de891172c3,plain,1,1
dcb49ab9ec92111797dbf28f8a4df23729648d250f1abf9b06562d95afc400f6,mal_train,avaddon,1,x86,100003,100000,mal_train/avaddon/dcb49ab9ec92111797dbf28f8a4df23729648d250f1abf9b06562d95afc400f6.asm,dcb49ab9ec92111797dbf28f8a4df23729648d250f1abf9b06562d95afc400f6,plain,1,1
e3493fea655027d88224954f32985caff0aebaa858df3314747f6f4e4a92ac8d,mal_train,avaddon,1,x86,100004,100000,mal_train/avaddon/e3493fea655027d88224954f32985caff0aebaa858df3314747f6f4e4a92ac8d.asm,e3493fea655027d88224954f32985caff0aebaa858df3314747f6f4e4a92ac8d,plain,2,1
e3f39c3866a3b619e9f2b0eaa346bd9dae42b3330be1392828bbfb3d3619cdac,mal_train,avaddon,1,x86,100003,100000,mal_train/avaddon/e3f39c3866a3b619e9f2b0eaa346bd9dae42b3330be1392828bbfb3d3619cdac.asm,e3f39c3866a3b619e9f2b0eaa346bd9dae42b3330be1392828bbfb3d3619cdac,plain,1,1
f50ba2fd7e441ef2bffeb6355d33f367248097351d0fa42932c59c6dd26557b5,mal_train,avaddon,1,x86,100003,100000,mal_train/avaddon/f50ba2fd7e441ef2bffeb6355d33f367248097351d0fa42932c59c6dd26557b5.asm,f50ba2fd7e441ef2bffeb6355d33f367248097351d0fa42932c59c6dd26557b5,plain,1,1
fc42cbd5939fcb8b6851021497041c80acd81ce7a43b952ab7807d5a05d2ed97,mal_train,avaddon,1,x86,100003,100000,mal_train/avaddon/fc42cbd5939fcb8b6851021497041c80acd81ce7a43b952ab7807d5a05d2ed97.asm,fc42cbd5939fcb8b6851021497041c80acd81ce7a43b952ab7807d5a05d2ed97,plain,1,1
fcdb893993c8b5e81fa9f73c40384a6c8cec4d9e5b06f8a2ec6ebb3d5a886db2,mal_train,avaddon,1,x86,100003,100000,mal_train/avaddon/fcdb893993c8b5e81fa9f73c40384a6c8cec4d9e5b06f8a2ec6ebb3d5a886db2.asm,fcdb893993c8b5e81fa9f73c40384a6c8cec4d9e5b06f8a2ec6ebb3d5a886db2,plain,1,1
0099963e7285aeafc09e4214a45a6a210253d514cbd0d4b0c3997647a0afe879,mal_train,babuk,1,x86,24512,24491,mal_train/babuk/0099963e7285aeafc09e4214a45a6a210253d514cbd0d4b0c3997647a0afe879.asm,0099963e7285aeafc09e4214a45a6a210253d514cbd0d4b0c3997647a0afe879,plain,20,0
01c647838c374e91e8f9fe967fd25235d72264414bb0d5b82c4fbd4151a9717f,mal_train,babuk,1,x86,24349,24328,mal_train/babuk/01c647838c374e91e8f9fe967fd25235d72264414bb0d5b82c4fbd4151a9717f.asm,01c647838c374e91e8f9fe967fd25235d72264414bb0d5b82c4fbd4151a9717f,plain,20,0
028facff67136de55fe200177a190da625c8e1713b4e7d95bf5fc5412a5afffc,mal_train,babuk,1,x86,24519,24498,mal_train/babuk/028facff67136de55fe200177a190da625c8e1713b4e7d95bf5fc5412a5afffc.asm,028facff67136de55fe200177a190da625c8e1713b4e7d95bf5fc5412a5afffc,plain,20,0
0294114d5f411b6c47eb255d4ed6865df99d1c5252f4f585aabf44e6cbacaa59,mal_train,babuk,1,x86,24295,24274,mal_train/babuk/0294114d5f411b6c47eb255d4ed6865df99d1c5252f4f585aabf44e6cbacaa59.asm,0294114d5f411b6c47eb255d4ed6865df99d1c5252f4f585aabf44e6cbacaa59,plain,20,0
03110baa5aad9d01610293f2b8cd21b44cc7efa0a465e677d6b3f92510a4b1d7,mal_train,babuk,1,x86,24501,24480,mal_train/babuk/03110baa5aad9d01610293f2b8cd21b44cc7efa0a465e677d6b3f92510a4b1d7.asm,03110baa5aad9d01610293f2b8cd21b44cc7efa0a465e677d6b3f92510a4b1d7,plain,20,0
04126b30c1c2663cdf2b6386781aedbfce2ef418a0b01de510bd536903f577e3,mal_train,babuk,1,x86,21087,21066,mal_train/babuk/04126b30c1c2663cdf2b6386781aedbfce2ef418a0b01de510bd536903f577e3.asm,04126b30c1c2663cdf2b6386781aedbfce2ef418a0b01de510bd536903f577e3,plain,20,0
049e53f72c8afa5ccb850429d55a00e2fbe799e68247fd13f5058146cf0f4cf8,mal_train,babuk,1,x86,24324,24303,mal_train/babuk/049e53f72c8afa5ccb850429d55a00e2fbe799e68247fd13f5058146cf0f4cf8.asm,049e53f72c8afa5ccb850429d55a00e2fbe799e68247fd13f5058146cf0f4cf8,plain,20,0
06d370217abec9468bc22c30ba3be72b8de1a7459f9e927656dcf2613a314bf6,mal_train,babuk,1,x86,7550,7538,mal_train/babuk/06d370217abec9468bc22c30ba3be72b8de1a7459f9e927656dcf2613a314bf6.asm,06d370217abec9468bc22c30ba3be72b8de1a7459f9e927656dcf2613a314bf6,plain,11,0
105af5c40c65f51979308e022c25dd285db3cd20e9656caaba0e9b1fc253898b,mal_train,babuk,1,x86,22550,22528,mal_train/babuk/105af5c40c65f51979308e022c25dd285db3cd20e9656caaba0e9b1fc253898b.asm,105af5c40c65f51979308e022c25dd285db3cd20e9656caaba0e9b1fc253898b,plain,21,0
106118444e0a7405c13531f8cd70191f36356581d58789dfc5df3da7ba0f9223,mal_train,babuk,1,x86,24377,24356,mal_train/babuk/106118444e0a7405c13531f8cd70191f36356581d58789dfc5df3da7ba0f9223.asm,106118444e0a7405c13531f8cd70191f36356581d58789dfc5df3da7ba0f9223,plain,20,0
18e299d4331ccff805275b21f33be0a3bd3d1d9ce72a79ba78d2f32dd657bfbb,mal_train,babuk,1,x86,23947,23926,mal_train/babuk/18e299d4331ccff805275b21f33be0a3bd3d1d9ce72a79ba78d2f32dd657bfbb.asm,18e299d4331ccff805275b21f33be0a3bd3d1d9ce72a79ba78d2f32dd657bfbb,plain,20,0
1b9412ca5e9deb29aeaa37be05ae8d0a8a636c12fdff8c17032aa017f6075c02,mal_train,babuk,1,x86,8787,8772,mal_train/babuk/1b9412ca5e9deb29aeaa37be05ae8d0a8a636c12fdff8c17032aa017f6075c02.asm,1b9412ca5e9deb29aeaa37be05ae8d0a8a636c12fdff8c17032aa017f6075c02,plain,14,0
1deb1efad2c469198aabbb618285e2229052273cf654ee5925c2540ded224402,mal_train,babuk,1,x86,24034,24013,mal_train/babuk/1deb1efad2c469198aabbb618285e2229052273cf654ee5925c2540ded224402.asm,1deb1efad2c469198aabbb618285e2229052273cf654ee5925c2540ded224402,plain,20,0
1e24560100d010c27cc19c59f9fe1531e4286ecb21fe53763165f30c5f58dc90,mal_train,babuk,1,x86,24519,24498,mal_train/babuk/1e24560100d010c27cc19c59f9fe1531e4286ecb21fe53763165f30c5f58dc90.asm,1e24560100d010c27cc19c59f9fe1531e4286ecb21fe53763165f30c5f58dc90,plain,20,0
1f2edda243404918b78aa6123aa1fc5b18dd9506e4042c7a1547b565334527e1,mal_train,babuk,1,x86,23993,23972,mal_train/babuk/1f2edda243404918b78aa6123aa1fc5b18dd9506e4042c7a1547b565334527e1.asm,1f2edda243404918b78aa6123aa1fc5b18dd9506e4042c7a1547b565334527e1,plain,20,0
2138c8a34a1eff40ba3fc81b6e3b7564c6b695b140e82f3fcf23b2ec2bf291cf,mal_train,babuk,1,x86,23946,23925,mal_train/babuk/2138c8a34a1eff40ba3fc81b6e3b7564c6b695b140e82f3fcf23b2ec2bf291cf.asm,2138c8a34a1eff40ba3fc81b6e3b7564c6b695b140e82f3fcf23b2ec2bf291cf,plain,20,0
245e191bfe998ad9ef2d6b169af22f3c290e9950234f8ddd0f4a03cb3eebf761,mal_train,babuk,1,x86,24410,24389,mal_train/babuk/245e191bfe998ad9ef2d6b169af22f3c290e9950234f8ddd0f4a03cb3eebf761.asm,245e191bfe998ad9ef2d6b169af22f3c290e9950234f8ddd0f4a03cb3eebf761,plain,20,0
30fcff7add11ea6685a233c8ce1fc30abe67044630524a6eb363573a4a9f88b8,mal_train,babuk,1,x86,8740,8733,mal_train/babuk/30fcff7add11ea6685a233c8ce1fc30abe67044630524a6eb363573a4a9f88b8.asm,30fcff7add11ea6685a233c8ce1fc30abe67044630524a6eb363573a4a9f88b8,plain,6,0
36e4a3de5c4395d295bdf1d70a215d9669b626c58083ec2d8ab29513830faaa6,mal_train,babuk,1,x86,21060,21037,mal_train/babuk/36e4a3de5c4395d295bdf1d70a215d9669b626c58083ec2d8ab29513830faaa6.asm,36e4a3de5c4395d295bdf1d70a215d9669b626c58083ec2d8ab29513830faaa6,plain,22,0
54c82ad27174fd6ed72793b1ccf9d26613eb572960e847a63538420c69d06c5b,mal_train,babuk,1,x86,23975,23954,mal_train/babuk/54c82ad27174fd6ed72793b1ccf9d26613eb572960e847a63538420c69d06c5b.asm,54c82ad27174fd6ed72793b1ccf9d26613eb572960e847a63538420c69d06c5b,plain,20,0
575c7b60f3b1dfc3cdd42e868b88df19cef81a5577254a314dc7d1da0fd64cfb,mal_train,babuk,1,x86,24427,24406,mal_train/babuk/575c7b60f3b1dfc3cdd42e868b88df19cef81a5577254a314dc7d1da0fd64cfb.asm,575c7b60f3b1dfc3cdd42e868b88df19cef81a5577254a314dc7d1da0fd64cfb,plain,20,0
59ea8dda6806b4cbb1acd0bcf74be1e94b6a72da46e53de6ef9d611988163189,mal_train,babuk,1,x86,24515,24494,mal_train/babuk/59ea8dda6806b4cbb1acd0bcf74be1e94b6a72da46e53de6ef9d611988163189.asm,59ea8dda6806b4cbb1acd0bcf74be1e94b6a72da46e53de6ef9d611988163189,plain,20,0
6015d5535840e9ac9058c659f9ff661deb4838f2b93e74d2c0dcb126fae21322,mal_train,babuk,1,x86,19629,19608,mal_train/babuk/6015d5535840e9ac9058c659f9ff661deb4838f2b93e74d2c0dcb126fae21322.asm,6015d5535840e9ac9058c659f9ff661deb4838f2b93e74d2c0dcb126fae21322,plain,20,0
6103e26f6f9d5fd895d9c06e1f5e141ce74d8ebda999cda6a58a4393de5ed094,mal_train,babuk,1,x86,23973,23952,mal_train/babuk/6103e26f6f9d5fd895d9c06e1f5e141ce74d8ebda999cda6a58a4393de5ed094.asm,6103e26f6f9d5fd895d9c06e1f5e141ce74d8ebda999cda6a58a4393de5ed094,plain,20,0
678bfbf5d73d6cf38532e11b11dbed17668d94711e2e2ea27311dd46490201b7,mal_train,babuk,1,x86,23971,23950,mal_train/babuk/678bfbf5d73d6cf38532e11b11dbed17668d94711e2e2ea27311dd46490201b7.asm,678bfbf5d73d6cf38532e11b11dbed17668d94711e2e2ea27311dd46490201b7,plain,20,0
6d4ced2e85587e81d6a09b147ec7cccc054bc0fbb92afc39586de1b2bf57f812,mal_train,babuk,1,x86,23975,23954,mal_train/babuk/6d4ced2e85587e81d6a09b147ec7cccc054bc0fbb92afc39586de1b2bf57f812.asm,6d4ced2e85587e81d6a09b147ec7cccc054bc0fbb92afc39586de1b2bf57f812,plain,20,0
71936bc3ee40c7ea678889d2ad5fa7eb39401752cd58988ce462f9d4048578ac,mal_train,babuk,1,x86,24377,24356,mal_train/babuk/71936bc3ee40c7ea678889d2ad5fa7eb39401752cd58988ce462f9d4048578ac.asm,71936bc3ee40c7ea678889d2ad5fa7eb39401752cd58988ce462f9d4048578ac,plain,20,0
77c7839c7e8d4aaf52e33a2f29db8459381b5cc3b2700072305a8bae5e0762a9,mal_train,babuk,1,x86,24030,24009,mal_train/babuk/77c7839c7e8d4aaf52e33a2f29db8459381b5cc3b2700072305a8bae5e0762a9.asm,77c7839c7e8d4aaf52e33a2f29db8459381b5cc3b2700072305a8bae5e0762a9,plain,20,0
8203c2f00ecd3ae960cb3247a7d7bfb35e55c38939607c85dbdb5c92f0495fa9,mal_train,babuk,1,x86,8588,8580,mal_train/babuk/8203c2f00ecd3ae960cb3247a7d7bfb35e55c38939607c85dbdb5c92f0495fa9.asm,8203c2f00ecd3ae960cb3247a7d7bfb35e55c38939607c85dbdb5c92f0495fa9,plain,7,0
8ddf4529b943cf80e40938922f88432c413feb9feee60e91505afd6897b72a80,mal_train,babuk,1,x86,16164,15959,mal_train/babuk/8ddf4529b943cf80e40938922f88432c413feb9feee60e91505afd6897b72a80.asm,8ddf4529b943cf80e40938922f88432c413feb9feee60e91505afd6897b72a80,packed_other,203,0
9a089790e04683ebf37d9746e0284322f59c46eef2a86cc231839482f323e871,mal_train,babuk,1,x86,22034,22013,mal_train/babuk/9a089790e04683ebf37d9746e0284322f59c46eef2a86cc231839482f323e871.asm,9a089790e04683ebf37d9746e0284322f59c46eef2a86cc231839482f323e871,plain,20,0
9caa8e8a98ef7841c1b230c22f78b5c10aa9348a2bfd0dfe2670853b6d0ba92c,mal_train,babuk,1,x86,24469,24448,mal_train/babuk/9caa8e8a98ef7841c1b230c22f78b5c10aa9348a2bfd0dfe2670853b6d0ba92c.asm,9caa8e8a98ef7841c1b230c22f78b5c10aa9348a2bfd0dfe2670853b6d0ba92c,plain,20,0
a2b5ebfc52a447cde255e1ec1ac8797ad49b156ed427df8c292d6aeb4dad5523,mal_train,babuk,1,x86,23971,23950,mal_train/babuk/a2b5ebfc52a447cde255e1ec1ac8797ad49b156ed427df8c292d6aeb4dad5523.asm,a2b5ebfc52a447cde255e1ec1ac8797ad49b156ed427df8c292d6aeb4dad5523,plain,20,0
a52267dc795a51404cbf2a7e8e7875929783bcc62abd6b7cfd1921c938cf2756,mal_train,babuk,1,x86,24329,24308,mal_train/babuk/a52267dc795a51404cbf2a7e8e7875929783bcc62abd6b7cfd1921c938cf2756.asm,a52267dc795a51404cbf2a7e8e7875929783bcc62abd6b7cfd1921c938cf2756,plain,20,0
ab4eae618bb05b4fb4a8d3790a0d18a3e1566ab477519991cb161398803a8847,mal_train,babuk,1,x86,22287,22266,mal_train/babuk/ab4eae618bb05b4fb4a8d3790a0d18a3e1566ab477519991cb161398803a8847.asm,ab4eae618bb05b4fb4a8d3790a0d18a3e1566ab477519991cb161398803a8847,plain,20,0
ae6020a06d2a95cbe91b439f4433e87d198547dec629ab0900ccfe17e729cff1,mal_train,babuk,1,x86,24329,24308,mal_train/babuk/ae6020a06d2a95cbe91b439f4433e87d198547dec629ab0900ccfe17e729cff1.asm,ae6020a06d2a95cbe91b439f4433e87d198547dec629ab0900ccfe17e729cff1,plain,20,0
b4be6b8acda97f36c448365751d5c9a9e1b91f47cedfde79e1de258413c3de71,mal_train,babuk,1,x86,23971,23950,mal_train/babuk/b4be6b8acda97f36c448365751d5c9a9e1b91f47cedfde79e1de258413c3de71.asm,b4be6b8acda97f36c448365751d5c9a9e1b91f47cedfde79e1de258413c3de71,plain,20,0
bb31f235e86b0fda185e6580ef5327f80d6a6c754f78499e8647de5e229769cc,mal_train,babuk,1,x86,23934,23913,mal_train/babuk/bb31f235e86b0fda185e6580ef5327f80d6a6c754f78499e8647de5e229769cc.asm,bb31f235e86b0fda185e6580ef5327f80d6a6c754f78499e8647de5e229769cc,plain,20,0
c4282e9040cdc1df92b722568a8b4c42ce9f6533fed0bd34b7fdbae264947784,mal_train,babuk,1,x86,23945,23924,mal_train/babuk/c4282e9040cdc1df92b722568a8b4c42ce9f6533fed0bd34b7fdbae264947784.asm,c4282e9040cdc1df92b722568a8b4c42ce9f6533fed0bd34b7fdbae264947784,plain,20,0
ca0d9c8e8b2ed05fcf10178e1d194f5e484892dbe59ede4ae9549d27a5c8fd75,mal_train,babuk,1,x86,24444,24423,mal_train/babuk/ca0d9c8e8b2ed05fcf10178e1d194f5e484892dbe59ede4ae9549d27a5c8fd75.asm,ca0d9c8e8b2ed05fcf10178e1d194f5e484892dbe59ede4ae9549d27a5c8fd75,plain,20,0
e0caa666e605f9ee708448cb9af69188d3afc350bbedab0143ab2a44493c33f0,mal_train,babuk,1,x86,27142,27073,mal_train/babuk/e0caa666e605f9ee708448cb9af69188d3afc350bbedab0143ab2a44493c33f0.asm,e0caa666e605f9ee708448cb9af69188d3afc350bbedab0143ab2a44493c33f0,packed_other,67,0
ea95f131bd9b49104d9e7ae83335254549ded9d71d557c6e4746740aecca2c85,mal_train,babuk,1,x86,24520,24499,mal_train/babuk/ea95f131bd9b49104d9e7ae83335254549ded9d71d557c6e4746740aecca2c85.asm,ea95f131bd9b49104d9e7ae83335254549ded9d71d557c6e4746740aecca2c85,plain,20,0
eec8782eacf1c447a8ddbfe795842958ff68511ddbb5025255151f2b98fe8f78,mal_train,babuk,1,x86,24525,24504,mal_train/babuk/eec8782eacf1c447a8ddbfe795842958ff68511ddbb5025255151f2b98fe8f78.asm,eec8782eacf1c447a8ddbfe795842958ff68511ddbb5025255151f2b98fe8f78,plain,20,0
f1719415abe4dcba0daef0a1e5c8994d1d3c0c659d3e0a11b34f307370dd8683,mal_train,babuk,1,x86,23943,23922,mal_train/babuk/f1719415abe4dcba0daef0a1e5c8994d1d3c0c659d3e0a11b34f307370dd8683.asm,f1719415abe4dcba0daef0a1e5c8994d1d3c0c659d3e0a11b34f307370dd8683,plain,20,0
daed41395ba663bef2c52e3d1723ac46253a9008b582bb8d9da9cb0044991720,mal_train,blackmatter,1,x86,18466,18354,mal_train/blackmatter/daed41395ba663bef2c52e3d1723ac46253a9008b582bb8d9da9cb0044991720.asm,072158f5588440e6c94cb419ae06a27cf584afe3b0cb09c28eff0b4662c15486,plain,111,0
0751c422962dcd500d7cf2cf8bf544ddf5b2fe3465df7dd9b9998f6bba5e08a4,mal_train,blackmatter,1,x86,21110,21000,mal_train/blackmatter/0751c422962dcd500d7cf2cf8bf544ddf5b2fe3465df7dd9b9998f6bba5e08a4.asm,0751c422962dcd500d7cf2cf8bf544ddf5b2fe3465df7dd9b9998f6bba5e08a4,plain,109,0
1c63a4fdee1528429886a0de5e89eaa540a058bf27cd378b8d139e045a2f7849,mal_train,blackmatter,1,x86,21110,21000,mal_train/blackmatter/1c63a4fdee1528429886a0de5e89eaa540a058bf27cd378b8d139e045a2f7849.asm,1c63a4fdee1528429886a0de5e89eaa540a058bf27cd378b8d139e045a2f7849,plain,109,0
1eea3cbd729d4493c0c0a84efe6840abf1760efe221dc971d32ca5017b5c19c2,mal_train,blackmatter,1,x86,21110,21000,mal_train/blackmatter/1eea3cbd729d4493c0c0a84efe6840abf1760efe221dc971d32ca5017b5c19c2.asm,1eea3cbd729d4493c0c0a84efe6840abf1760efe221dc971d32ca5017b5c19c2,plain,109,0
20742987e6f743814b25e214f8b2cd43111e2f60a8856a6cca87cafd85422f41,mal_train,blackmatter,1,x86,21110,21000,mal_train/blackmatter/20742987e6f743814b25e214f8b2cd43111e2f60a8856a6cca87cafd85422f41.asm,20742987e6f743814b25e214f8b2cd43111e2f60a8856a6cca87cafd85422f41,plain,109,0
22d7d67c3af10b1a37f277ebabe2d1eb4fd25afbd6437d4377400e148bcc08d6,mal_train,blackmatter,1,x86,18466,18354,mal_train/blackmatter/22d7d67c3af10b1a37f277ebabe2d1eb4fd25afbd6437d4377400e148bcc08d6.asm,22d7d67c3af10b1a37f277ebabe2d1eb4fd25afbd6437d4377400e148bcc08d6,plain,111,0
2466fca0e29b06c78ffa8a44193fb58c30e6bec4e54bbef8e6622349b95cce4c,mal_train,blackmatter,1,x86,21037,20917,mal_train/blackmatter/2466fca0e29b06c78ffa8a44193fb58c30e6bec4e54bbef8e6622349b95cce4c.asm,2466fca0e29b06c78ffa8a44193fb58c30e6bec4e54bbef8e6622349b95cce4c,plain,119,0
25f95280b390eda74f9fd28f31bf57af0daf37bd48575e40d8b0ea9dccd37831,mal_train,blackmatter,1,x86,21112,21000,mal_train/blackmatter/25f95280b390eda74f9fd28f31bf57af0daf37bd48575e40d8b0ea9dccd37831.asm,25f95280b390eda74f9fd28f31bf57af0daf37bd48575e40d8b0ea9dccd37831,plain,111,0
26a7146fbed74a17e9f2f18145063de07cc103ce53c75c8d79bbc5560235c345,mal_train,blackmatter,1,x86,21644,21534,mal_train/blackmatter/26a7146fbed74a17e9f2f18145063de07cc103ce53c75c8d79bbc5560235c345.asm,26a7146fbed74a17e9f2f18145063de07cc103ce53c75c8d79bbc5560235c345,plain,109,0
2aad85dbd4c79bd21c6218892552d5c9fb216293a251559ba59d45d56a01437c,mal_train,blackmatter,1,x86,21644,21534,mal_train/blackmatter/2aad85dbd4c79bd21c6218892552d5c9fb216293a251559ba59d45d56a01437c.asm,2aad85dbd4c79bd21c6218892552d5c9fb216293a251559ba59d45d56a01437c,plain,109,0
2c323453e959257c7aa86dc180bb3aaaa5c5ec06fa4e72b632d9e4b817052009,mal_train,blackmatter,1,x86,18466,18354,mal_train/blackmatter/2c323453e959257c7aa86dc180bb3aaaa5c5ec06fa4e72b632d9e4b817052009.asm,2c323453e959257c7aa86dc180bb3aaaa5c5ec06fa4e72b632d9e4b817052009,plain,111,0
2cdb5edf3039863c30818ca34d9240cb0068ad33128895500721bcdca70c78fd,mal_train,blackmatter,1,x86,21110,21000,mal_train/blackmatter/2cdb5edf3039863c30818ca34d9240cb0068ad33128895500721bcdca70c78fd.asm,2cdb5edf3039863c30818ca34d9240cb0068ad33128895500721bcdca70c78fd,plain,109,0
2e50eb85f6e271001e69c5733af95c34728893145766066c5ff8708dcc0e43b2,mal_train,blackmatter,1,x86,21110,21000,mal_train/blackmatter/2e50eb85f6e271001e69c5733af95c34728893145766066c5ff8708dcc0e43b2.asm,2e50eb85f6e271001e69c5733af95c34728893145766066c5ff8708dcc0e43b2,plain,109,0
3893fbe4c6db1b0a22c65ad81a3c3930f1943edb9660218c50b4c04bc36d4a15,mal_train,blackmatter,1,x86,21646,21534,mal_train/blackmatter/3893fbe4c6db1b0a22c65ad81a3c3930f1943edb9660218c50b4c04bc36d4a15.asm,3893fbe4c6db1b0a22c65ad81a3c3930f1943edb9660218c50b4c04bc36d4a15,plain,111,0
3a03530c732ebe53cdd7c17bee0988896d36c2b632dbd6118613697c2af82117,mal_train,blackmatter,1,x86,12506,12171,mal_train/blackmatter/3a03530c732ebe53cdd7c17bee0988896d36c2b632dbd6118613697c2af82117.asm,3a03530c732ebe53cdd7c17bee0988896d36c2b632dbd6118613697c2af82117,packed_other,333,0
3a4bd5288b89aa26fbe39353b93c1205efa671be4f96e50beae0965f45fdcc40,mal_train,blackmatter,1,x86,21110,21000,mal_train/blackmatter/3a4bd5288b89aa26fbe39353b93c1205efa671be4f96e50beae0965f45fdcc40.asm,3a4bd5288b89aa26fbe39353b93c1205efa671be4f96e50beae0965f45fdcc40,plain,109,0
45ecce9dfec886e2b092a996f6affb9e7417d6121e58b0ec643be7e36a03106d,mal_train,blackmatter,1,x86,18466,18354,mal_train/blackmatter/45ecce9dfec886e2b092a996f6affb9e7417d6121e58b0ec643be7e36a03106d.asm,45ecce9dfec886e2b092a996f6affb9e7417d6121e58b0ec643be7e36a03106d,plain,111,0
4be85e2083b64838fb66b92195a250228a721cdb5ae91817ea97b37aa53f4a2b,mal_train,blackmatter,1,x86,21110,21000,mal_train/blackmatter/4be85e2083b64838fb66b92195a250228a721cdb5ae91817ea97b37aa53f4a2b.asm,4be85e2083b64838fb66b92195a250228a721cdb5ae91817ea97b37aa53f4a2b,plain,109,0
520bd9ed608c668810971dbd51184c6a29819674280b018dc4027bc38fc42e57,mal_train,blackmatter,1,x86,21110,21000,mal_train/blackmatter/520bd9ed608c668810971dbd51184c6a29819674280b018dc4027bc38fc42e57.asm,520bd9ed608c668810971dbd51184c6a29819674280b018dc4027bc38fc42e57,plain,109,0
53c704934228ec0660e50422b5ee340332f0df491aa50c6367ed343edb5ed16a,mal_train,blackmatter,1,x86,20213,20101,mal_train/blackmatter/53c704934228ec0660e50422b5ee340332f0df491aa50c6367ed343edb5ed16a.asm,53c704934228ec0660e50422b5ee340332f0df491aa50c6367ed343edb5ed16a,plain,111,0
5da8d2e1b36be0d661d276ea6523760dbe3fa4f3fdb7e32b144812ce50c483fa,mal_train,blackmatter,1,x86,21110,21000,mal_train/blackmatter/5da8d2e1b36be0d661d276ea6523760dbe3fa4f3fdb7e32b144812ce50c483fa.asm,5da8d2e1b36be0d661d276ea6523760dbe3fa4f3fdb7e32b144812ce50c483fa,plain,109,0
14a3e308c90183b3785b6c26ec40d29405361cd8dec204a62235733401bf5f5c,mal_train,blackmatter,1,x86,18466,18354,mal_train/blackmatter/14a3e308c90183b3785b6c26ec40d29405361cd8dec204a62235733401bf5f5c.asm,668a4a2300f36c9df0f7307cc614be3297f036fa312a424765cdb2c169187fe6,plain,111,0
66e6563ecef8f33b1b283a63404a2029550af9a6574b84e0fb3f2c6a8f42e89f,mal_train,blackmatter,1,x86,21110,21000,mal_train/blackmatter/66e6563ecef8f33b1b283a63404a2029550af9a6574b84e0fb3f2c6a8f42e89f.asm,66e6563ecef8f33b1b283a63404a2029550af9a6574b84e0fb3f2c6a8f42e89f,plain,109,0
67d8a3a6816aaf8e187d75a11d733c65191202487c5295eed403510c45b2b478,mal_train,blackmatter,1,x86,18466,18354,mal_train/blackmatter/67d8a3a6816aaf8e187d75a11d733c65191202487c5295eed403510c45b2b478.asm,67d8a3a6816aaf8e187d75a11d733c65191202487c5295eed403510c45b2b478,plain,111,0
6d4712df42ad0982041ef0e2e109ab5718b43830f2966bd9207a7fac3af883db,mal_train,blackmatter,1,x86,20213,20101,mal_train/blackmatter/6d4712df42ad0982041ef0e2e109ab5718b43830f2966bd9207a7fac3af883db.asm,6d4712df42ad0982041ef0e2e109ab5718b43830f2966bd9207a7fac3af883db,plain,111,0
6ee278e62994b9340a2f1584a1c156ffa378075ebf134b1e06d5e3e426a01f75,mal_train,blackmatter,1,x86,21112,21000,mal_train/blackmatter/6ee278e62994b9340a2f1584a1c156ffa378075ebf134b1e06d5e3e426a01f75.asm,6ee278e62994b9340a2f1584a1c156ffa378075ebf134b1e06d5e3e426a01f75,plain,111,0
706f3eec328e91ff7f66c8f0a2fb9b556325c153a329a2062dc85879c540839d,mal_train,blackmatter,1,x86,21110,21000,mal_train/blackmatter/706f3eec328e91ff7f66c8f0a2fb9b556325c153a329a2062dc85879c540839d.asm,706f3eec328e91ff7f66c8f0a2fb9b556325c153a329a2062dc85879c540839d,plain,109,0
730f2d6243055c786d737bae0665267b962c64f57132e9ab401d6e7625c3d0a4,mal_train,blackmatter,1,x86,21644,21534,mal_train/blackmatter/730f2d6243055c786d737bae0665267b962c64f57132e9ab401d6e7625c3d0a4.asm,730f2d6243055c786d737bae0665267b962c64f57132e9ab401d6e7625c3d0a4,plain,109,0
7f6dd0ca03f04b64024e86a72a6d7cfab6abccc2173b85896fc4b431990a5984,mal_train,blackmatter,1,x86,18466,18354,mal_train/blackmatter/7f6dd0ca03f04b64024e86a72a6d7cfab6abccc2173b85896fc4b431990a5984.asm,7f6dd0ca03f04b64024e86a72a6d7cfab6abccc2173b85896fc4b431990a5984,plain,111,0
84af3f15701d259f3729d83beb15ca738028432c261353d1f9242469d791714f,mal_train,blackmatter,1,x86,18466,18354,mal_train/blackmatter/84af3f15701d259f3729d83beb15ca738028432c261353d1f9242469d791714f.asm,84af3f15701d259f3729d83beb15ca738028432c261353d1f9242469d791714f,plain,111,0
86c84c07e27cc8aba129e1cf51215b65c445f178b94f2e8c4c10e6bc110daa94,mal_train,blackmatter,1,x86,21348,21195,mal_train/blackmatter/86c84c07e27cc8aba129e1cf51215b65c445f178b94f2e8c4c10e6bc110daa94.asm,86c84c07e27cc8aba129e1cf51215b65c445f178b94f2e8c4c10e6bc110daa94,packed_other,151,0
8e41970c748b56f4ab656e9e51295d9bf53c40da2ae0a1b099459d732716f739,mal_train,blackmatter,1,x86,18466,18354,mal_train/blackmatter/8e41970c748b56f4ab656e9e51295d9bf53c40da2ae0a1b099459d732716f739.asm,8e41970c748b56f4ab656e9e51295d9bf53c40da2ae0a1b099459d732716f739,plain,111,0
8eada5114fbbc73b7d648b38623fc206367c94c0e76cb3b395a33ea8859d2952,mal_train,blackmatter,1,x86,21644,21534,mal_train/blackmatter/8eada5114fbbc73b7d648b38623fc206367c94c0e76cb3b395a33ea8859d2952.asm,8eada5114fbbc73b7d648b38623fc206367c94c0e76cb3b395a33ea8859d2952,plain,109,0
8f1b0affffb2f2f58b477515d1ce54f4daa40a761d828041603d5536c2d53539,mal_train,blackmatter,1,x86,21110,21000,mal_train/blackmatter/8f1b0affffb2f2f58b477515d1ce54f4daa40a761d828041603d5536c2d53539.asm,8f1b0affffb2f2f58b477515d1ce54f4daa40a761d828041603d5536c2d53539,plain,109,0
9bae897c19f237c22b6bdc024df27455e739be24bed07ef0d409f2df87eeda58,mal_train,blackmatter,1,x86,23696,23587,mal_train/blackmatter/9bae897c19f237c22b6bdc024df27455e739be24bed07ef0d409f2df87eeda58.asm,9bae897c19f237c22b6bdc024df27455e739be24bed07ef0d409f2df87eeda58,plain,108,0
9bd4aaf4c7a7cde7757d7083acba1936909a37709b78f702d5997f18edc2c0c6,mal_train,blackmatter,1,x86,20213,20101,mal_train/blackmatter/9bd4aaf4c7a7cde7757d7083acba1936909a37709b78f702d5997f18edc2c0c6.asm,9bd4aaf4c7a7cde7757d7083acba1936909a37709b78f702d5997f18edc2c0c6,plain,111,0
9cf9441554ac727f9d191ad9de1dc101867ffe5264699cafcf2734a4b89d5d6a,mal_train,blackmatter,1,x86,21110,21000,mal_train/blackmatter/9cf9441554ac727f9d191ad9de1dc101867ffe5264699cafcf2734a4b89d5d6a.asm,9cf9441554ac727f9d191ad9de1dc101867ffe5264699cafcf2734a4b89d5d6a,plain,109,0
a6903580ab0f4f6e41778b8d20c663b56436ae1dda08a241f3ac22ad329870fb,mal_train,blackmatter,1,x86,21110,21000,mal_train/blackmatter/a6903580ab0f4f6e41778b8d20c663b56436ae1dda08a241f3ac22ad329870fb.asm,a6903580ab0f4f6e41778b8d20c663b56436ae1dda08a241f3ac22ad329870fb,plain,109,0
b824bbc645f15e213b4cb2628f7d383e9e37282059b03f6fe60f7c84ea1fed1f,mal_train,blackmatter,1,x86,20213,20101,mal_train/blackmatter/b824bbc645f15e213b4cb2628f7d383e9e37282059b03f6fe60f7c84ea1fed1f.asm,b824bbc645f15e213b4cb2628f7d383e9e37282059b03f6fe60f7c84ea1fed1f,plain,111,0
bd0a7378cd96701edafc0a8ddd7b2a9904552be29804750bff47b3e08e23319f,mal_train,blackmatter,1,x86,18466,18354,mal_train/blackmatter/bd0a7378cd96701edafc0a8ddd7b2a9904552be29804750bff47b3e08e23319f.asm,bd0a7378cd96701edafc0a8ddd7b2a9904552be29804750bff47b3e08e23319f,plain,111,0
c6e2ef30a86baa670590bd21acf5b91822117e0cbe6060060bc5fe0182dace99,mal_train,blackmatter,1,x86,18466,18354,mal_train/blackmatter/c6e2ef30a86baa670590bd21acf5b91822117e0cbe6060060bc5fe0182dace99.asm,c6e2ef30a86baa670590bd21acf5b91822117e0cbe6060060bc5fe0182dace99,plain,111,0
ccee26ea662c87a6c3171b091044282849cc8d46d4b9b9da6cf429b8114c4239,mal_train,blackmatter,1,x86,21644,21534,mal_train/blackmatter/ccee26ea662c87a6c3171b091044282849cc8d46d4b9b9da6cf429b8114c4239.asm,ccee26ea662c87a6c3171b091044282849cc8d46d4b9b9da6cf429b8114c4239,plain,109,0
d4647619fa2dc8fef5560d1662cbee6eb7dc95298dd40edf12dd4c8ee902d767,mal_train,blackmatter,1,x86,21110,21000,mal_train/blackmatter/d4647619fa2dc8fef5560d1662cbee6eb7dc95298dd40edf12dd4c8ee902d767.asm,d4647619fa2dc8fef5560d1662cbee6eb7dc95298dd40edf12dd4c8ee902d767,plain,109,0
e4fd947a781611c85ea2e5afa51b186de7f351026c28eb067ad70028acd72cda,mal_train,blackmatter,1,x86,20213,20101,mal_train/blackmatter/e4fd947a781611c85ea2e5afa51b186de7f351026c28eb067ad70028acd72cda.asm,e4fd947a781611c85ea2e5afa51b186de7f351026c28eb067ad70028acd72cda,plain,111,0
fe2b2beeff98cae90f58a5b2f01dab31eaa98d274757a7dd9f70f4dc8432a6e2,mal_train,blackmatter,1,x86,21644,21534,mal_train/blackmatter/fe2b2beeff98cae90f58a5b2f01dab31eaa98d274757a7dd9f70f4dc8432a6e2.asm,fe2b2beeff98cae90f58a5b2f01dab31eaa98d274757a7dd9f70f4dc8432a6e2,plain,109,0
002dd9b7cbf8ca2a09434f8c4abd85631efe922ab8daa1219d86d83a0228aeda,mal_train,conti,1,x86,38136,38131,mal_train/conti/002dd9b7cbf8ca2a09434f8c4abd85631efe922ab8daa1219d86d83a0228aeda.asm,002dd9b7cbf8ca2a09434f8c4abd85631efe922ab8daa1219d86d83a0228aeda,plain,4,0
004ede55a972e10d9a21bcf338b4907d6eed65bf5ad6abbbd5aec7d8484bdedf,mal_train,conti,1,x86,23991,23990,mal_train/conti/004ede55a972e10d9a21bcf338b4907d6eed65bf5ad6abbbd5aec7d8484bdedf.asm,004ede55a972e10d9a21bcf338b4907d6eed65bf5ad6abbbd5aec7d8484bdedf,plain,0,0
040fcbd360c7498756519cb0e687120bd623da80784034ea89178409491b1c44,mal_train,conti,1,x86,10728,10727,mal_train/conti/040fcbd360c7498756519cb0e687120bd623da80784034ea89178409491b1c44.asm,040fcbd360c7498756519cb0e687120bd623da80784034ea89178409491b1c44,plain,0,0
0460cfa76fb0a02be92b0bc99a09168ebe38dbc8eeb1aa966dca66f0e849b53d,mal_train,conti,1,x86,51863,51862,mal_train/conti/0460cfa76fb0a02be92b0bc99a09168ebe38dbc8eeb1aa966dca66f0e849b53d.asm,0460cfa76fb0a02be92b0bc99a09168ebe38dbc8eeb1aa966dca66f0e849b53d,plain,0,0
0951fde8a8ea9cd45d2be14d63e6e55c8e87af0da45cf3776b495871652aa862,mal_train,conti,1,x86,57998,57994,mal_train/conti/0951fde8a8ea9cd45d2be14d63e6e55c8e87af0da45cf3776b495871652aa862.asm,0951fde8a8ea9cd45d2be14d63e6e55c8e87af0da45cf3776b495871652aa862,plain,3,0
198667b1eda010a431dfb051a101cc73ead1d45ba8d0f6641ec1c14bca4106f3,mal_train,conti,1,x86,50584,50583,mal_train/conti/198667b1eda010a431dfb051a101cc73ead1d45ba8d0f6641ec1c14bca4106f3.asm,198667b1eda010a431dfb051a101cc73ead1d45ba8d0f6641ec1c14bca4106f3,plain,0,0
1b8081bae0e493d098b8756b1e7c4b19715a78946cf227f2c27f9311e6718420,mal_train,conti,1,x86,64879,64875,mal_train/conti/1b8081bae0e493d098b8756b1e7c4b19715a78946cf227f2c27f9311e6718420.asm,1b8081bae0e493d098b8756b1e7c4b19715a78946cf227f2c27f9311e6718420,plain,3,0
1ce8a939b3e7d84c59c12dc9e1091532f4336dac533847b6533b01d9dcf494e9,mal_train,conti,1,x86,49897,49894,mal_train/conti/1ce8a939b3e7d84c59c12dc9e1091532f4336dac533847b6533b01d9dcf494e9.asm,1ce8a939b3e7d84c59c12dc9e1091532f4336dac533847b6533b01d9dcf494e9,plain,2,0
1ef1ff8b1e81815d13bdd293554ddf8b3e57490dd3ef4add7c2837ddc67f9c24,mal_train,conti,1,x86,23991,23990,mal_train/conti/1ef1ff8b1e81815d13bdd293554ddf8b3e57490dd3ef4add7c2837ddc67f9c24.asm,1ef1ff8b1e81815d13bdd293554ddf8b3e57490dd3ef4add7c2837ddc67f9c24,plain,0,0
26b2401211769d2fa1415228b4b1305eeeed249a996d149ad83b6fc9c4f703ce,mal_train,conti,1,x86,949,948,mal_train/conti/26b2401211769d2fa1415228b4b1305eeeed249a996d149ad83b6fc9c4f703ce.asm,26b2401211769d2fa1415228b4b1305eeeed249a996d149ad83b6fc9c4f703ce,plain,0,0
2fc6d7df9252b1e2c4eb3ad7d0d29c188d87548127c44cebc40db9abe8e5aa35,mal_train,conti,1,x86,50702,50700,mal_train/conti/2fc6d7df9252b1e2c4eb3ad7d0d29c188d87548127c44cebc40db9abe8e5aa35.asm,2fc6d7df9252b1e2c4eb3ad7d0d29c188d87548127c44cebc40db9abe8e5aa35,plain,1,0
4bfd58d4e4a6fe5e91b408bc190a24d352124902085f9c2da948ad7d79b72618,mal_train,conti,1,x86,51863,51862,mal_train/conti/4bfd58d4e4a6fe5e91b408bc190a24d352124902085f9c2da948ad7d79b72618.asm,4bfd58d4e4a6fe5e91b408bc190a24d352124902085f9c2da948ad7d79b72618,plain,0,0
4d8fcd9492a256c0cb9567e63b53b75c2a591f5eebe7293298239736034b742a,mal_train,conti,1,x86,51863,51862,mal_train/conti/4d8fcd9492a256c0cb9567e63b53b75c2a591f5eebe7293298239736034b742a.asm,4d8fcd9492a256c0cb9567e63b53b75c2a591f5eebe7293298239736034b742a,plain,0,0
4f17d7fa344b970890ed1bc52a0da95146cab9fe56ecabafafacb0ad212558c9,mal_train,conti,1,x86,51863,51862,mal_train/conti/4f17d7fa344b970890ed1bc52a0da95146cab9fe56ecabafafacb0ad212558c9.asm,4f17d7fa344b970890ed1bc52a0da95146cab9fe56ecabafafacb0ad212558c9,plain,0,0
53b1c1b2f41a7fc300e97d036e57539453ff82001dd3f6abf07f4896b1f9ca22,mal_train,conti,1,x86,50070,50069,mal_train/conti/53b1c1b2f41a7fc300e97d036e57539453ff82001dd3f6abf07f4896b1f9ca22.asm,53b1c1b2f41a7fc300e97d036e57539453ff82001dd3f6abf07f4896b1f9ca22,plain,0,0
58ca4e482db7cf5c924256e53d8516d422e76cf4b85b43dc2b9ba0c7cb471ff7,mal_train,conti,1,x86,51863,51862,mal_train/conti/58ca4e482db7cf5c924256e53d8516d422e76cf4b85b43dc2b9ba0c7cb471ff7.asm,58ca4e482db7cf5c924256e53d8516d422e76cf4b85b43dc2b9ba0c7cb471ff7,plain,0,0
59a9f0de96eff57768e995b296ae75778a232f30d95a7b7ab5048c621b50c66d,mal_train,conti,1,x86,100119,100000,mal_train/conti/59a9f0de96eff57768e995b296ae75778a232f30d95a7b7ab5048c621b50c66d.asm,59a9f0de96eff57768e995b296ae75778a232f30d95a7b7ab5048c621b50c66d,plain,117,1
61dd6a0b2870d62f56c7fe0039d42bf5351588f927267fe7b4ee0761872a3b20,mal_train,conti,1,x86,44522,44521,mal_train/conti/61dd6a0b2870d62f56c7fe0039d42bf5351588f927267fe7b4ee0761872a3b20.asm,61dd6a0b2870d62f56c7fe0039d42bf5351588f927267fe7b4ee0761872a3b20,plain,0,0
633b9d373da7d2916f4d3b2902d4817c0f3ad5de5466ac85f34bdd37a8d3dd37,mal_train,conti,1,x86,44151,44149,mal_train/conti/633b9d373da7d2916f4d3b2902d4817c0f3ad5de5466ac85f34bdd37a8d3dd37.asm,633b9d373da7d2916f4d3b2902d4817c0f3ad5de5466ac85f34bdd37a8d3dd37,plain,1,0
64a3a3ec70d20636299b8fe4f50c2b4d077f9934ee2d6ccf7d440b05b9770f56,mal_train,conti,1,x86,47561,47560,mal_train/conti/64a3a3ec70d20636299b8fe4f50c2b4d077f9934ee2d6ccf7d440b05b9770f56.asm,64a3a3ec70d20636299b8fe4f50c2b4d077f9934ee2d6ccf7d440b05b9770f56,plain,0,0
6815e1e06e29863290319eb3e814ae2a394271aa2f95cc7c31a649c4c2f4fd04,mal_train,conti,1,x86,51863,51862,mal_train/conti/6815e1e06e29863290319eb3e814ae2a394271aa2f95cc7c31a649c4c2f4fd04.asm,6815e1e06e29863290319eb3e814ae2a394271aa2f95cc7c31a649c4c2f4fd04,plain,0,0
707b752f6bd89d4f97d08602d0546a56d27acfe00e6d5df2a2cb67c5e2eeee30,mal_train,conti,1,x86,949,948,mal_train/conti/707b752f6bd89d4f97d08602d0546a56d27acfe00e6d5df2a2cb67c5e2eeee30.asm,707b752f6bd89d4f97d08602d0546a56d27acfe00e6d5df2a2cb67c5e2eeee30,plain,0,0
7ca57576c6a2d7dbf49faeafd4804c6b86d9af7fff1390c58a30eb9d9bf2fbfd,mal_train,conti,1,x86,49897,49894,mal_train/conti/7ca57576c6a2d7dbf49faeafd4804c6b86d9af7fff1390c58a30eb9d9bf2fbfd.asm,7ca57576c6a2d7dbf49faeafd4804c6b86d9af7fff1390c58a30eb9d9bf2fbfd,plain,2,0
98a09f7896a7c20229e696d6e8344fe9593fd70afada5d986e04c0d6933cc4db,mal_train,conti,1,x86,4365,4364,mal_train/conti/98a09f7896a7c20229e696d6e8344fe9593fd70afada5d986e04c0d6933cc4db.asm,98a09f7896a7c20229e696d6e8344fe9593fd70afada5d986e04c0d6933cc4db,plain,0,0
9aed278f54f65e546fb9f7f34dff26d0835a0a21a5a4fc4c026bf84596ed277e,mal_train,conti,1,x86,24558,24556,mal_train/conti/9aed278f54f65e546fb9f7f34dff26d0835a0a21a5a4fc4c026bf84596ed277e.asm,9aed278f54f65e546fb9f7f34dff26d0835a0a21a5a4fc4c026bf84596ed277e,plain,1,0
b524ed1cc22253f09d56f54d8ded4566b63352ff739f58de961f8a5bebb0fad9,mal_train,conti,1,x86,94113,94100,mal_train/conti/b524ed1cc22253f09d56f54d8ded4566b63352ff739f58de961f8a5bebb0fad9.asm,b524ed1cc22253f09d56f54d8ded4566b63352ff739f58de961f8a5bebb0fad9,plain,12,0
c14f8bc656284715516f26935afe487a1d584f56ffabbcb98f2974f6ca6cd3a4,mal_train,conti,1,x86,23991,23990,mal_train/conti/c14f8bc656284715516f26935afe487a1d584f56ffabbcb98f2974f6ca6cd3a4.asm,c14f8bc656284715516f26935afe487a1d584f56ffabbcb98f2974f6ca6cd3a4,plain,0,0
d16645bce49ea342c4b4f5afa3f711bf0a3986a4a7354f96f24a21f161fff7cb,mal_train,conti,1,x86,51955,51954,mal_train/conti/d16645bce49ea342c4b4f5afa3f711bf0a3986a4a7354f96f24a21f161fff7cb.asm,d16645bce49ea342c4b4f5afa3f711bf0a3986a4a7354f96f24a21f161fff7cb,plain,0,0
d21c71a090cd6759efc1f258b4d087e82c281ce65a9d76f20a24857901e694fc,mal_train,conti,1,x86,41740,41735,mal_train/conti/d21c71a090cd6759efc1f258b4d087e82c281ce65a9d76f20a24857901e694fc.asm,d21c71a090cd6759efc1f258b4d087e82c281ce65a9d76f20a24857901e694fc,plain,4,0
d236d64b7bf9510ea1746d10a4c164a2ef2c724cc62b2bca91d72bdf24821e40,mal_train,conti,1,x86,58070,58066,mal_train/conti/d236d64b7bf9510ea1746d10a4c164a2ef2c724cc62b2bca91d72bdf24821e40.asm,d236d64b7bf9510ea1746d10a4c164a2ef2c724cc62b2bca91d72bdf24821e40,plain,3,0
d338295d50d5b39d8377c593f6d46feb512823e2724704448cc885b40c5056e0,mal_train,conti,1,x86,49327,49325,mal_train/conti/d338295d50d5b39d8377c593f6d46feb512823e2724704448cc885b40c5056e0.asm,d338295d50d5b39d8377c593f6d46feb512823e2724704448cc885b40c5056e0,plain,1,0
d3c75c5bc4ae087d547bd722bd84478ee6baf8c3355b930f26cc19777cd39d4c,mal_train,conti,1,x86,51016,51013,mal_train/conti/d3c75c5bc4ae087d547bd722bd84478ee6baf8c3355b930f26cc19777cd39d4c.asm,d3c75c5bc4ae087d547bd722bd84478ee6baf8c3355b930f26cc19777cd39d4c,plain,2,0
d417f3785a33da8b26ce68b62e66bdf7d46869b692fe325541a7be2b98119bd1,mal_train,conti,1,x86,49327,49325,mal_train/conti/d417f3785a33da8b26ce68b62e66bdf7d46869b692fe325541a7be2b98119bd1.asm,d417f3785a33da8b26ce68b62e66bdf7d46869b692fe325541a7be2b98119bd1,plain,1,0
d7868354f2dfe79e91adef4f7b24bcb60772a76c577bcc5c71709c8a3e26eb5d,mal_train,conti,1,x86,49897,49894,mal_train/conti/d7868354f2dfe79e91adef4f7b24bcb60772a76c577bcc5c71709c8a3e26eb5d.asm,d7868354f2dfe79e91adef4f7b24bcb60772a76c577bcc5c71709c8a3e26eb5d,plain,2,0
dbc76355c56a885a1475174fb5325d61b875fd6207ef465cae05617b49463a38,mal_train,conti,1,x86,51016,51013,mal_train/conti/dbc76355c56a885a1475174fb5325d61b875fd6207ef465cae05617b49463a38.asm,dbc76355c56a885a1475174fb5325d61b875fd6207ef465cae05617b49463a38,plain,2,0
e16fea1b8874cc6b26e7e2df9697f03f86efa82247bb3b2922f1d05052dbcbb4,mal_train,conti,1,x86,5184,5183,mal_train/conti/e16fea1b8874cc6b26e7e2df9697f03f86efa82247bb3b2922f1d05052dbcbb4.asm,e16fea1b8874cc6b26e7e2df9697f03f86efa82247bb3b2922f1d05052dbcbb4,plain,0,0
e64e350861b86d4e05668bc25e6c952880f6b39ca921496ccce1487dbf6acab6,mal_train,conti,1,x86,44151,44149,mal_train/conti/e64e350861b86d4e05668bc25e6c952880f6b39ca921496ccce1487dbf6acab6.asm,e64e350861b86d4e05668bc25e6c952880f6b39ca921496ccce1487dbf6acab6,plain,1,0
58e3640032796983185ef3ce07d0fbce620514a73909d8573f72264a57ac8379,mal_train,conti,1,x86,51955,51954,mal_train/conti/58e3640032796983185ef3ce07d0fbce620514a73909d8573f72264a57ac8379.asm,eacaab8d6520c9bf9dec6cbdffa7c4ad8c15fd57dd4165cf895a0aaae3ffe371,plain,0,0
eae876886f19ba384f55778634a35a1d975414e83f22f6111e3e792f706301fe,mal_train,conti,1,x86,23991,23990,mal_train/conti/eae876886f19ba384f55778634a35a1d975414e83f22f6111e3e792f706301fe.asm,eae876886f19ba384f55778634a35a1d975414e83f22f6111e3e792f706301fe,plain,0,0
ef2cd9ded5532af231e0990feaf2df8fd79dc63f7a677192e17b89ef4adb7dd2,mal_train,conti,1,x86,51863,51862,mal_train/conti/ef2cd9ded5532af231e0990feaf2df8fd79dc63f7a677192e17b89ef4adb7dd2.asm,ef2cd9ded5532af231e0990feaf2df8fd79dc63f7a677192e17b89ef4adb7dd2,plain,0,0
ef870eae64e28ebd71c8ad909af39ea9a072256bfd634210f4de24ded5a3304a,mal_train,conti,1,x86,50625,50624,mal_train/conti/ef870eae64e28ebd71c8ad909af39ea9a072256bfd634210f4de24ded5a3304a.asm,ef870eae64e28ebd71c8ad909af39ea9a072256bfd634210f4de24ded5a3304a,plain,0,0
f20ed03ba228b36064517c1e5fff9ae40d957451a5c6d9a48f9bbe2c3dd881b7,mal_train,conti,1,x86,10317,10316,mal_train/conti/f20ed03ba228b36064517c1e5fff9ae40d957451a5c6d9a48f9bbe2c3dd881b7.asm,f20ed03ba228b36064517c1e5fff9ae40d957451a5c6d9a48f9bbe2c3dd881b7,plain,0,0
f7b83f07f6fec1df0fa73c935c96dc2ec8fbe0de3b17bb56f9963c92c22715c3,mal_train,conti,1,x86,50619,50616,mal_train/conti/f7b83f07f6fec1df0fa73c935c96dc2ec8fbe0de3b17bb56f9963c92c22715c3.asm,f7b83f07f6fec1df0fa73c935c96dc2ec8fbe0de3b17bb56f9963c92c22715c3,plain,2,0
f848c62dbc910ee32990161cc598f550707d26c524394be35c7bdb7a62626047,mal_train,conti,1,x86,50584,50583,mal_train/conti/f848c62dbc910ee32990161cc598f550707d26c524394be35c7bdb7a62626047.asm,f848c62dbc910ee32990161cc598f550707d26c524394be35c7bdb7a62626047,plain,0,0
f99c69327a746f4fde02b7a550cf6c9f48e5e22fcb49bea0e3e4bc5a3efa605c,mal_train,conti,1,x86,50078,50076,mal_train/conti/f99c69327a746f4fde02b7a550cf6c9f48e5e22fcb49bea0e3e4bc5a3efa605c.asm,f99c69327a746f4fde02b7a550cf6c9f48e5e22fcb49bea0e3e4bc5a3efa605c,plain,1,0
fc783af396a1bd9c81613cd051db69e778c102953aec0d6f67743846f3b862e6,mal_train,conti,1,x86,49891,49884,mal_train/conti/fc783af396a1bd9c81613cd051db69e778c102953aec0d6f67743846f3b862e6.asm,fc783af396a1bd9c81613cd051db69e778c102953aec0d6f67743846f3b862e6,plain,6,0
fe1652f4b828c9f98ff4a37829f4a988ad3c1601fc0dff7f99fe941ae4e81864,mal_train,conti,1,x86,50078,50076,mal_train/conti/fe1652f4b828c9f98ff4a37829f4a988ad3c1601fc0dff7f99fe941ae4e81864.asm,fe1652f4b828c9f98ff4a37829f4a988ad3c1601fc0dff7f99fe941ae4e81864,plain,1,0
fe6e84192da5c0210d4bd51e809792b28e60edb337917f903a7e9a31bc40cf86,mal_train,conti,1,x86,49327,49325,mal_train/conti/fe6e84192da5c0210d4bd51e809792b28e60edb337917f903a7e9a31bc40cf86.asm,fe6e84192da5c0210d4bd51e809792b28e60edb337917f903a7e9a31bc40cf86,plain,1,0
029c5d48e425206e2ae84a63d62bdbc80362702913b38618a423c541c8a0ed40,mal_train,darkside,1,x86,11902,11900,mal_train/darkside/029c5d48e425206e2ae84a63d62bdbc80362702913b38618a423c541c8a0ed40.asm,029c5d48e425206e2ae84a63d62bdbc80362702913b38618a423c541c8a0ed40,plain,0,0
0a0c225f0e5ee941a79f2b7701f1285e4975a2859eb4d025d96d9e366e81abb9,mal_train,darkside,1,x86,12216,12214,mal_train/darkside/0a0c225f0e5ee941a79f2b7701f1285e4975a2859eb4d025d96d9e366e81abb9.asm,0a0c225f0e5ee941a79f2b7701f1285e4975a2859eb4d025d96d9e366e81abb9,plain,0,0
12ee27f56ec8a2a3eb2fe69179be3f7a7193ce2b92963ad33356ed299f7ed975,mal_train,darkside,1,x86,9328,9327,mal_train/darkside/12ee27f56ec8a2a3eb2fe69179be3f7a7193ce2b92963ad33356ed299f7ed975.asm,12ee27f56ec8a2a3eb2fe69179be3f7a7193ce2b92963ad33356ed299f7ed975,plain,0,0
151fbd6c299e734f7853497bd083abfa29f8c186a9db31dbe330ace2d35660d5,mal_train,darkside,1,x86,9297,9296,mal_train/darkside/151fbd6c299e734f7853497bd083abfa29f8c186a9db31dbe330ace2d35660d5.asm,151fbd6c299e734f7853497bd083abfa29f8c186a9db31dbe330ace2d35660d5,plain,0,0
1667e1635736f2b2ba9727457f995a67201ddcd818496c9296713ffa18e17a43,mal_train,darkside,1,x86,6094,6093,mal_train/darkside/1667e1635736f2b2ba9727457f995a67201ddcd818496c9296713ffa18e17a43.asm,1667e1635736f2b2ba9727457f995a67201ddcd818496c9296713ffa18e17a43,plain,0,0
17139a10fd226d01738fe9323918614aa913b2a50e1a516e95cced93fa151c61,mal_train,darkside,1,x86,9282,9281,mal_train/darkside/17139a10fd226d01738fe9323918614aa913b2a50e1a516e95cced93fa151c61.asm,17139a10fd226d01738fe9323918614aa913b2a50e1a516e95cced93fa151c61,plain,0,0
1cc7c198a8a2c935fd6f07970479e544f5b35a8eb3173de0305ebdf76a0988cb,mal_train,darkside,1,x86,9297,9296,mal_train/darkside/1cc7c198a8a2c935fd6f07970479e544f5b35a8eb3173de0305ebdf76a0988cb.asm,1cc7c198a8a2c935fd6f07970479e544f5b35a8eb3173de0305ebdf76a0988cb,plain,0,0
1d4c0b32aea68056755daf70689699200ffa09688495ccd65a0907cade18bd2a,mal_train,darkside,1,x86,13763,13400,mal_train/darkside/1d4c0b32aea68056755daf70689699200ffa09688495ccd65a0907cade18bd2a.asm,1d4c0b32aea68056755daf70689699200ffa09688495ccd65a0907cade18bd2a,packed_other,361,0
1ef8db7e8bd3aaba8b1cef96cd52fde587871571b1719c5d40f9a9c98dd26f84,mal_train,darkside,1,x86,9297,9296,mal_train/darkside/1ef8db7e8bd3aaba8b1cef96cd52fde587871571b1719c5d40f9a9c98dd26f84.asm,1ef8db7e8bd3aaba8b1cef96cd52fde587871571b1719c5d40f9a9c98dd26f84,plain,0,0
243dff06fc80a049f4fb37292f8b8def0fce29768f345c88ee10699e22b0ae60,mal_train,darkside,1,x86,9297,9296,mal_train/darkside/243dff06fc80a049f4fb37292f8b8def0fce29768f345c88ee10699e22b0ae60.asm,243dff06fc80a049f4fb37292f8b8def0fce29768f345c88ee10699e22b0ae60,plain,0,0
2d82be244e23001148ed5a6d83856b6f7cd20c3f7786481303d5d584c51ff5f0,mal_train,darkside,1,x86,11912,11910,mal_train/darkside/2d82be244e23001148ed5a6d83856b6f7cd20c3f7786481303d5d584c51ff5f0.asm,2d82be244e23001148ed5a6d83856b6f7cd20c3f7786481303d5d584c51ff5f0,plain,0,0
2de09a815efcc64810046de69b8e0aa1c9e9beee77b66560a0b15d737485e3c5,mal_train,darkside,1,x86,12216,12214,mal_train/darkside/2de09a815efcc64810046de69b8e0aa1c9e9beee77b66560a0b15d737485e3c5.asm,2de09a815efcc64810046de69b8e0aa1c9e9beee77b66560a0b15d737485e3c5,plain,0,0
43e61519be440115eeaa3738a0e4aa4bb3c8ac5f9bdfce1a896db17a374eb8aa,mal_train,darkside,1,x86,9282,9281,mal_train/darkside/43e61519be440115eeaa3738a0e4aa4bb3c8ac5f9bdfce1a896db17a374eb8aa.asm,43e61519be440115eeaa3738a0e4aa4bb3c8ac5f9bdfce1a896db17a374eb8aa,plain,0,0
47eccaaa672667a9cea23e24fd702f7b3a45cbf8585403586be474585fd80243,mal_train,darkside,1,x86,5284,5283,mal_train/darkside/47eccaaa672667a9cea23e24fd702f7b3a45cbf8585403586be474585fd80243.asm,47eccaaa672667a9cea23e24fd702f7b3a45cbf8585403586be474585fd80243,plain,0,0
ec368752c2cf3b23efbfa5705f9e582fc9d6766435a7b8eea8ef045082c6fbce,mal_train,darkside,1,x86,9328,9327,mal_train/darkside/ec368752c2cf3b23efbfa5705f9e582fc9d6766435a7b8eea8ef045082c6fbce.asm,4d9432e8a0ceb64c34b13d550251b8d9478ca784e50105dc0d729490fb861d1a,plain,0,0
508dd6f7ed6c143cf5e1ed6a4051dd8ee7b5bf4b7f55e0704d21ba785f2d5add,mal_train,darkside,1,x86,9328,9327,mal_train/darkside/508dd6f7ed6c143cf5e1ed6a4051dd8ee7b5bf4b7f55e0704d21ba785f2d5add.asm,508dd6f7ed6c143cf5e1ed6a4051dd8ee7b5bf4b7f55e0704d21ba785f2d5add,plain,0,0
516664139b0ddd044397a56482d7308d87c213c320a3151ccb9738e8f932654b,mal_train,darkside,1,x86,12216,12214,mal_train/darkside/516664139b0ddd044397a56482d7308d87c213c320a3151ccb9738e8f932654b.asm,516664139b0ddd044397a56482d7308d87c213c320a3151ccb9738e8f932654b,plain,0,0
521c503bc3f5d8b2aa8819e8e30e2019e74ea9649a57529fb32c3dfc66a1e7ef,mal_train,darkside,1,x86,11635,11633,mal_train/darkside/521c503bc3f5d8b2aa8819e8e30e2019e74ea9649a57529fb32c3dfc66a1e7ef.asm,521c503bc3f5d8b2aa8819e8e30e2019e74ea9649a57529fb32c3dfc66a1e7ef,plain,0,0
533672da9d276012ebab3ce9f4cd09a7f537f65c6e4b63d43f0c1697e2f5e48d,mal_train,darkside,1,x86,9297,9296,mal_train/darkside/533672da9d276012ebab3ce9f4cd09a7f537f65c6e4b63d43f0c1697e2f5e48d.asm,533672da9d276012ebab3ce9f4cd09a7f537f65c6e4b63d43f0c1697e2f5e48d,plain,0,0
533d26fdacdcaf1b908458c39bb503e5aa94025811c6b6d1f3c8a9142ade8404,mal_train,darkside,1,x86,56419,55204,mal_train/darkside/533d26fdacdcaf1b908458c39bb503e5aa94025811c6b6d1f3c8a9142ade8404.asm,533d26fdacdcaf1b908458c39bb503e5aa94025811c6b6d1f3c8a9142ade8404,packed_other,1211,0
56e7b9c4b8962b6ff0d1e0162ca8515a07b576cd47ba90221354838733f8689a,mal_train,darkside,1,x86,12216,12214,mal_train/darkside/56e7b9c4b8962b6ff0d1e0162ca8515a07b576cd47ba90221354838733f8689a.asm,56e7b9c4b8962b6ff0d1e0162ca8515a07b576cd47ba90221354838733f8689a,plain,0,0
61ca175c2f04cb5279f8507e69385577cf04e4e896a01d0b5357746a241c7846,mal_train,darkside,1,x86,13161,12862,mal_train/darkside/61ca175c2f04cb5279f8507e69385577cf04e4e896a01d0b5357746a241c7846.asm,61ca175c2f04cb5279f8507e69385577cf04e4e896a01d0b5357746a241c7846,packed_other,297,0
665afa26d6110bb35ec8a60878068a0e69e1c805d9073bef71a48a3404c164e9,mal_train,darkside,1,x86,5284,5283,mal_train/darkside/665afa26d6110bb35ec8a60878068a0e69e1c805d9073bef71a48a3404c164e9.asm,665afa26d6110bb35ec8a60878068a0e69e1c805d9073bef71a48a3404c164e9,plain,0,0
68872cc22fbdf0c2f69c32ac878ba9a7b7cf61fe5dd0e3da200131b8b23438e7,mal_train,darkside,1,x86,9297,9296,mal_train/darkside/68872cc22fbdf0c2f69c32ac878ba9a7b7cf61fe5dd0e3da200131b8b23438e7.asm,68872cc22fbdf0c2f69c32ac878ba9a7b7cf61fe5dd0e3da200131b8b23438e7,plain,0,0
6d656f110246990d10fe0b0132704b1323859d4003f2b1d5d03f665c710b8fd3,mal_train,darkside,1,x86,11969,11630,mal_train/darkside/6d656f110246990d10fe0b0132704b1323859d4003f2b1d5d03f665c710b8fd3.asm,6d656f110246990d10fe0b0132704b1323859d4003f2b1d5d03f665c710b8fd3,packed_other,337,0
78782fd324bc98a57274bd3fff8f756217c011484ebf6b614060115a699ee134,mal_train,darkside,1,x86,9299,9298,mal_train/darkside/78782fd324bc98a57274bd3fff8f756217c011484ebf6b614060115a699ee134.asm,78782fd324bc98a57274bd3fff8f756217c011484ebf6b614060115a699ee134,plain,0,0
8cfd28911878af048fb96b6cc0b9da770542576d5c2b20b193c3cfc4bde4d3bc,mal_train,darkside,1,x86,9328,9327,mal_train/darkside/8cfd28911878af048fb96b6cc0b9da770542576d5c2b20b193c3cfc4bde4d3bc.asm,8cfd28911878af048fb96b6cc0b9da770542576d5c2b20b193c3cfc4bde4d3bc,plain,0,0
973dfafc3051d8c2849f62c556ab8057da706f15d1ffd8871de894ae3a24d86b,mal_train,darkside,1,x86,6094,6093,mal_train/darkside/973dfafc3051d8c2849f62c556ab8057da706f15d1ffd8871de894ae3a24d86b.asm,973dfafc3051d8c2849f62c556ab8057da706f15d1ffd8871de894ae3a24d86b,plain,0,0
a11cc5051e3a88428db495f6d8e4b6381a1cb3fa5946a525ef5c00bfcb44e210,mal_train,darkside,1,x86,11635,11633,mal_train/darkside/a11cc5051e3a88428db495f6d8e4b6381a1cb3fa5946a525ef5c00bfcb44e210.asm,a11cc5051e3a88428db495f6d8e4b6381a1cb3fa5946a525ef5c00bfcb44e210,plain,0,0
ac092962654b46a670b030026d07f5b8161cecd2abd6eece52b7892965aa521b,mal_train,darkside,1,x86,9297,9296,mal_train/darkside/ac092962654b46a670b030026d07f5b8161cecd2abd6eece52b7892965aa521b.asm,ac092962654b46a670b030026d07f5b8161cecd2abd6eece52b7892965aa521b,plain,0,0
afb22b1ff281c085b60052831ead0a0ed300fac0160f87851dacc67d4e158178,mal_train,darkside,1,x86,9316,9315,mal_train/darkside/afb22b1ff281c085b60052831ead0a0ed300fac0160f87851dacc67d4e158178.asm,afb22b1ff281c085b60052831ead0a0ed300fac0160f87851dacc67d4e158178,plain,0,0
b565e9266717161163e884793dc1004f9f2ca94ab0533df9c167d5d188cebf2f,mal_train,darkside,1,x86,13083,13081,mal_train/darkside/b565e9266717161163e884793dc1004f9f2ca94ab0533df9c167d5d188cebf2f.asm,b565e9266717161163e884793dc1004f9f2ca94ab0533df9c167d5d188cebf2f,plain,0,0
b6855793aebdd821a7f368585335cb132a043d30cb1f8dccceb5d2127ed4b9a4,mal_train,darkside,1,x86,12216,12214,mal_train/darkside/b6855793aebdd821a7f368585335cb132a043d30cb1f8dccceb5d2127ed4b9a4.asm,b6855793aebdd821a7f368585335cb132a043d30cb1f8dccceb5d2127ed4b9a4,plain,0,0
bac7f1cb70a0fe909590f7b270248705d216b4abaf4e5dd4969fa4f1949badec,mal_train,darkside,1,x86,12216,12214,mal_train/darkside/bac7f1cb70a0fe909590f7b270248705d216b4abaf4e5dd4969fa4f1949badec.asm,bac7f1cb70a0fe909590f7b270248705d216b4abaf4e5dd4969fa4f1949badec,plain,0,0
bafa2efff234303166d663f967037dae43701e7d63d914efc8c894b3e5be9408,mal_train,darkside,1,x86,101524,100000,mal_train/darkside/bafa2efff234303166d663f967037dae43701e7d63d914efc8c894b3e5be9408.asm,bafa2efff234303166d663f967037dae43701e7d63d914efc8c894b3e5be9408,packed_other,1521,1
bc32a2ccf158ebe2b76646be865a4c6dd91da6b8e5bb0dd9520102a9bfea5439,mal_train,darkside,1,x86,6094,6093,mal_train/darkside/bc32a2ccf158ebe2b76646be865a4c6dd91da6b8e5bb0dd9520102a9bfea5439.asm,bc32a2ccf158ebe2b76646be865a4c6dd91da6b8e5bb0dd9520102a9bfea5439,plain,0,0
bfb31c96f9e6285f5bb60433f2e45898b8a7183a2591157dc1d766be16c29893,mal_train,darkside,1,x86,14438,14110,mal_train/darkside/bfb31c96f9e6285f5bb60433f2e45898b8a7183a2591157dc1d766be16c29893.asm,bfb31c96f9e6285f5bb60433f2e45898b8a7183a2591157dc1d766be16c29893,packed_other,326,0
cbbc7052fed8d0002d07736a68219f01a5a4e1c19ee50310e2381e96fa8836ed,mal_train,darkside,1,x86,11912,11910,mal_train/darkside/cbbc7052fed8d0002d07736a68219f01a5a4e1c19ee50310e2381e96fa8836ed.asm,cbbc7052fed8d0002d07736a68219f01a5a4e1c19ee50310e2381e96fa8836ed,plain,0,0
cc54647e8c3fe7b701d78a6fa072c52641ac11d395a6d2ffaf05f38f53112556,mal_train,darkside,1,x86,9297,9296,mal_train/darkside/cc54647e8c3fe7b701d78a6fa072c52641ac11d395a6d2ffaf05f38f53112556.asm,cc54647e8c3fe7b701d78a6fa072c52641ac11d395a6d2ffaf05f38f53112556,plain,0,0
d43b271fb4931263f8fa54b297e3cf60762a0fe5c50ed76999f276dcc3c283be,mal_train,darkside,1,x86,9328,9327,mal_train/darkside/d43b271fb4931263f8fa54b297e3cf60762a0fe5c50ed76999f276dcc3c283be.asm,d43b271fb4931263f8fa54b297e3cf60762a0fe5c50ed76999f276dcc3c283be,plain,0,0
d97c0b6ee613e03aa3256fcdd3757e54ba4c7bb5910887247dc857f2701f9a46,mal_train,darkside,1,x86,12216,12214,mal_train/darkside/d97c0b6ee613e03aa3256fcdd3757e54ba4c7bb5910887247dc857f2701f9a46.asm,d97c0b6ee613e03aa3256fcdd3757e54ba4c7bb5910887247dc857f2701f9a46,plain,0,0
e0493b082077648eb33ca1294f2b26bc4c96d3820913c46330923e8bb3d73230,mal_train,darkside,1,x86,12216,12214,mal_train/darkside/e0493b082077648eb33ca1294f2b26bc4c96d3820913c46330923e8bb3d73230.asm,e0493b082077648eb33ca1294f2b26bc4c96d3820913c46330923e8bb3d73230,plain,0,0
e51e4c372edf2bbe476a4b7630225c1875c5ccea2ed55b418bd793c54ce9a84d,mal_train,darkside,1,x86,14109,13720,mal_train/darkside/e51e4c372edf2bbe476a4b7630225c1875c5ccea2ed55b418bd793c54ce9a84d.asm,e51e4c372edf2bbe476a4b7630225c1875c5ccea2ed55b418bd793c54ce9a84d,packed_other,387,0
f3f25af554bedfa4ee2824bb858280282bd87828d446048619dc49fe061741b4,mal_train,darkside,1,x86,12216,12214,mal_train/darkside/f3f25af554bedfa4ee2824bb858280282bd87828d446048619dc49fe061741b4.asm,f3f25af554bedfa4ee2824bb858280282bd87828d446048619dc49fe061741b4,plain,0,0
f42bcc81c05e8944649958f8b9296c5523d1eb8ab00842d66530702e476561ef,mal_train,darkside,1,x86,102764,100000,mal_train/darkside/f42bcc81c05e8944649958f8b9296c5523d1eb8ab00842d66530702e476561ef.asm,f42bcc81c05e8944649958f8b9296c5523d1eb8ab00842d66530702e476561ef,packed_other,2758,1
fb76b4a667c6d790c39fcc93a3aac8cd2a224f0eb9ece4ecfd7825f606c2a8b6,mal_train,darkside,1,x86,9328,9327,mal_train/darkside/fb76b4a667c6d790c39fcc93a3aac8cd2a224f0eb9ece4ecfd7825f606c2a8b6.asm,fb76b4a667c6d790c39fcc93a3aac8cd2a224f0eb9ece4ecfd7825f606c2a8b6,plain,0,0
00ce72bb6fb1d2c1d32aa4c4a147e1b9b390cf9d3ae8b5c0cab2718118db4430,mal_train,dharma,1,x86,14007,14006,mal_train/dharma/00ce72bb6fb1d2c1d32aa4c4a147e1b9b390cf9d3ae8b5c0cab2718118db4430.asm,00ce72bb6fb1d2c1d32aa4c4a147e1b9b390cf9d3ae8b5c0cab2718118db4430,plain,0,0
038e577d25d5b9237fbbef6080f53f462b01e75f83449bf0020ef0b14f371ac6,mal_train,dharma,1,x86,14007,14006,mal_train/dharma/038e577d25d5b9237fbbef6080f53f462b01e75f83449bf0020ef0b14f371ac6.asm,038e577d25d5b9237fbbef6080f53f462b01e75f83449bf0020ef0b14f371ac6,plain,0,0
085105e613ad37808a8db9a3c2ba5561d5d38d5c5c43b469c93d15f0d64af0c1,mal_train,dharma,1,x86,14007,14006,mal_train/dharma/085105e613ad37808a8db9a3c2ba5561d5d38d5c5c43b469c93d15f0d64af0c1.asm,085105e613ad37808a8db9a3c2ba5561d5d38d5c5c43b469c93d15f0d64af0c1,plain,0,0
0a40acb8ddbc2ed8f8b703681fadf9fcb2672fdb75d93c150b45c6465cc9b1b4,mal_train,dharma,1,x86,14007,14006,mal_train/dharma/0a40acb8ddbc2ed8f8b703681fadf9fcb2672fdb75d93c150b45c6465cc9b1b4.asm,0a40acb8ddbc2ed8f8b703681fadf9fcb2672fdb75d93c150b45c6465cc9b1b4,plain,0,0
118d216a9a9a4fd19ac8e56cef76fe9529269a152857ad8e98386361a5fb8e0d,mal_train,dharma,1,x86,14007,14006,mal_train/dharma/118d216a9a9a4fd19ac8e56cef76fe9529269a152857ad8e98386361a5fb8e0d.asm,118d216a9a9a4fd19ac8e56cef76fe9529269a152857ad8e98386361a5fb8e0d,plain,0,0
17227020b2f5ca57f2d632d0d37de8d0ffcdef142e98a6af591e8180963cd3cc,mal_train,dharma,1,x86,14007,14006,mal_train/dharma/17227020b2f5ca57f2d632d0d37de8d0ffcdef142e98a6af591e8180963cd3cc.asm,17227020b2f5ca57f2d632d0d37de8d0ffcdef142e98a6af591e8180963cd3cc,plain,0,0
18c2ad1d4db2011971f1a67a82762cc48d3e6c4f2e5d27fbc719bff465f98933,mal_train,dharma,1,x86,10815,10800,mal_train/dharma/18c2ad1d4db2011971f1a67a82762cc48d3e6c4f2e5d27fbc719bff465f98933.asm,18c2ad1d4db2011971f1a67a82762cc48d3e6c4f2e5d27fbc719bff465f98933,plain,14,0
246fbca7a62d38c5c15e47bddbb92c303e2470adaf514817b43c9f274cb47e7f,mal_train,dharma,1,x86,14007,14006,mal_train/dharma/246fbca7a62d38c5c15e47bddbb92c303e2470adaf514817b43c9f274cb47e7f.asm,246fbca7a62d38c5c15e47bddbb92c303e2470adaf514817b43c9f274cb47e7f,plain,0,0
2c487a43ae6091d64f09bcfb1baa8b43fb502e9c9fc34f828cebfe251d9ad1f5,mal_train,dharma,1,x86,14007,14006,mal_train/dharma/2c487a43ae6091d64f09bcfb1baa8b43fb502e9c9fc34f828cebfe251d9ad1f5.asm,2c487a43ae6091d64f09bcfb1baa8b43fb502e9c9fc34f828cebfe251d9ad1f5,plain,0,0
2d0eb35f04745646d8c6eb3d1ab1c3e8bc8c30f1a9dc0ad89ea260e898ed9d4e,mal_train,dharma,1,x86,14007,14006,mal_train/dharma/2d0eb35f04745646d8c6eb3d1ab1c3e8bc8c30f1a9dc0ad89ea260e898ed9d4e.asm,2d0eb35f04745646d8c6eb3d1ab1c3e8bc8c30f1a9dc0ad89ea260e898ed9d4e,plain,0,0
2dd2c201103ac3a5bf77ae7b30d0032ed215f59f883543c816e516ab454383fb,mal_train,dharma,1,x86,14007,14006,mal_train/dharma/2dd2c201103ac3a5bf77ae7b30d0032ed215f59f883543c816e516ab454383fb.asm,2dd2c201103ac3a5bf77ae7b30d0032ed215f59f883543c816e516ab454383fb,plain,0,0
307077d1a3fd2b53b94d88268e31b0b89b8c0c2ee9dbb46041d3e2395243f1b3,mal_train,dharma,1,x86,14007,14006,mal_train/dharma/307077d1a3fd2b53b94d88268e31b0b89b8c0c2ee9dbb46041d3e2395243f1b3.asm,307077d1a3fd2b53b94d88268e31b0b89b8c0c2ee9dbb46041d3e2395243f1b3,plain,0,0
324cb383fd7f47c079b162b725215bb4badfd4c0b2e41d330fa38344e59e77ce,mal_train,dharma,1,x86,14007,14006,mal_train/dharma/324cb383fd7f47c079b162b725215bb4badfd4c0b2e41d330fa38344e59e77ce.asm,324cb383fd7f47c079b162b725215bb4badfd4c0b2e41d330fa38344e59e77ce,plain,0,0
32eadf068d9d090fcf57145a09df4ce515c196387e409a01fbf052ff790879bf,mal_train,dharma,1,x86,14007,14006,mal_train/dharma/32eadf068d9d090fcf57145a09df4ce515c196387e409a01fbf052ff790879bf.asm,32eadf068d9d090fcf57145a09df4ce515c196387e409a01fbf052ff790879bf,plain,0,0
34c485ad11076ede709ff409c0e1867dc50fd40311ae6e7318ddf50679fa4049,mal_train,dharma,1,x86,14007,14006,mal_train/dharma/34c485ad11076ede709ff409c0e1867dc50fd40311ae6e7318ddf50679fa4049.asm,34c485ad11076ede709ff409c0e1867dc50fd40311ae6e7318ddf50679fa4049,plain,0,0
3e7f30a802c595379ad3158ffe4ba5bc9e4a4d304430a2d846330adee70dc9a5,mal_train,dharma,1,x86,14007,14006,mal_train/dharma/3e7f30a802c595379ad3158ffe4ba5bc9e4a4d304430a2d846330adee70dc9a5.asm,3e7f30a802c595379ad3158ffe4ba5bc9e4a4d304430a2d846330adee70dc9a5,plain,0,0
40a837f93edb2531fe35733d725efb490c7b5199d031a6e087b5041aed6eea05,mal_train,dharma,1,x86,14007,14006,mal_train/dharma/40a837f93edb2531fe35733d725efb490c7b5199d031a6e087b5041aed6eea05.asm,40a837f93edb2531fe35733d725efb490c7b5199d031a6e087b5041aed6eea05,plain,0,0
438af5e212ca33f9e04431dfac555945a3f0926865930f96230adb07dec0a2be,mal_train,dharma,1,x86,14007,14006,mal_train/dharma/438af5e212ca33f9e04431dfac555945a3f0926865930f96230adb07dec0a2be.asm,438af5e212ca33f9e04431dfac555945a3f0926865930f96230adb07dec0a2be,plain,0,0
4708750c9a6fdeaec5f499a3cd26bb5f61db4f82e66484dc7b44118effbb246f,mal_train,dharma,1,x86,14007,14006,mal_train/dharma/4708750c9a6fdeaec5f499a3cd26bb5f61db4f82e66484dc7b44118effbb246f.asm,4708750c9a6fdeaec5f499a3cd26bb5f61db4f82e66484dc7b44118effbb246f,plain,0,0
4992506df46c0b80f4619f3cb7478346561260366422c085f18356194b6cc3e3,mal_train,dharma,1,x86,14007,14006,mal_train/dharma/4992506df46c0b80f4619f3cb7478346561260366422c085f18356194b6cc3e3.asm,4992506df46c0b80f4619f3cb7478346561260366422c085f18356194b6cc3e3,plain,0,0
4b6de6cf9a91af3abf522643cb138747725ec1ae47d1defd66488e246a1fec8d,mal_train,dharma,1,x86,14007,14006,mal_train/dharma/4b6de6cf9a91af3abf522643cb138747725ec1ae47d1defd66488e246a1fec8d.asm,4b6de6cf9a91af3abf522643cb138747725ec1ae47d1defd66488e246a1fec8d,plain,0,0
4d8ffa30554984f32eabbcb7a99699dd833ea85a8483db8753cc40bde7cee923,mal_train,dharma,1,x86,14007,14006,mal_train/dharma/4d8ffa30554984f32eabbcb7a99699dd833ea85a8483db8753cc40bde7cee923.asm,4d8ffa30554984f32eabbcb7a99699dd833ea85a8483db8753cc40bde7cee923,plain,0,0
53cee5760768d57218ccc210948592f29d41b98cba17a81a87d0392e1eeffaf6,mal_train,dharma,1,x86,14007,14006,mal_train/dharma/53cee5760768d57218ccc210948592f29d41b98cba17a81a87d0392e1eeffaf6.asm,53cee5760768d57218ccc210948592f29d41b98cba17a81a87d0392e1eeffaf6,plain,0,0
553532c3bc00e3b85bcbac054bc4f05cb4fffba6f44a17c663dd37732ce1772d,mal_train,dharma,1,x86,14007,14006,mal_train/dharma/553532c3bc00e3b85bcbac054bc4f05cb4fffba6f44a17c663dd37732ce1772d.asm,553532c3bc00e3b85bcbac054bc4f05cb4fffba6f44a17c663dd37732ce1772d,plain,0,0
553f674770840d592fd718f1cb8eed6d4210c7ce73944fb2d200e8588584fccb,mal_train,dharma,1,x86,14007,14006,mal_train/dharma/553f674770840d592fd718f1cb8eed6d4210c7ce73944fb2d200e8588584fccb.asm,553f674770840d592fd718f1cb8eed6d4210c7ce73944fb2d200e8588584fccb,plain,0,0
55f111fa13c58f4e6eb6f9828621a463944b7de26fa09cff5a38c31f457def7d,mal_train,dharma,1,x86,14007,14006,mal_train/dharma/55f111fa13c58f4e6eb6f9828621a463944b7de26fa09cff5a38c31f457def7d.asm,55f111fa13c58f4e6eb6f9828621a463944b7de26fa09cff5a38c31f457def7d,plain,0,0
56f1a65ab205548d7cc50c044c510210f084d7c7a381be7e3dd6530da1ce6aff,mal_train,dharma,1,x86,14007,14006,mal_train/dharma/56f1a65ab205548d7cc50c044c510210f084d7c7a381be7e3dd6530da1ce6aff.asm,56f1a65ab205548d7cc50c044c510210f084d7c7a381be7e3dd6530da1ce6aff,plain,0,0
584e757b4fb9b56105c3a57053976323f82535c8264082f81dd43f233c04cab9,mal_train,dharma,1,x86,14007,14006,mal_train/dharma/584e757b4fb9b56105c3a57053976323f82535c8264082f81dd43f233c04cab9.asm,584e757b4fb9b56105c3a57053976323f82535c8264082f81dd43f233c04cab9,plain,0,0
5997f7c46d8860cb07a00edf9e093e21a2416cc508c51dbd3838628d9b46b0d5,mal_train,dharma,1,x86,14007,14006,mal_train/dharma/5997f7c46d8860cb07a00edf9e093e21a2416cc508c51dbd3838628d9b46b0d5.asm,5997f7c46d8860cb07a00edf9e093e21a2416cc508c51dbd3838628d9b46b0d5,plain,0,0
5a0d1265d52d2f76dae31aab48b706a72f03078a6111694f59c4ebf06e6e9f43,mal_train,dharma,1,x86,14007,14006,mal_train/dharma/5a0d1265d52d2f76dae31aab48b706a72f03078a6111694f59c4ebf06e6e9f43.asm,5a0d1265d52d2f76dae31aab48b706a72f03078a6111694f59c4ebf06e6e9f43,plain,0,0
629302ede09446efc6c44bea6fb9d4c62354816e227f61868528b6af43eeee94,mal_train,dharma,1,x86,14007,14006,mal_train/dharma/629302ede09446efc6c44bea6fb9d4c62354816e227f61868528b6af43eeee94.asm,629302ede09446efc6c44bea6fb9d4c62354816e227f61868528b6af43eeee94,plain,0,0
6985917d29596b66d9bbc745a13d5577110d9b0408719c5559d23dd59a9e4f0b,mal_train,dharma,1,x86,14007,14006,mal_train/dharma/6985917d29596b66d9bbc745a13d5577110d9b0408719c5559d23dd59a9e4f0b.asm,6985917d29596b66d9bbc745a13d5577110d9b0408719c5559d23dd59a9e4f0b,plain,0,0
8e8b6818423930eea073315743b788aef2f41198961946046b7b89042cb3f95a,mal_train,dharma,1,x86,14007,14006,mal_train/dharma/8e8b6818423930eea073315743b788aef2f41198961946046b7b89042cb3f95a.asm,8e8b6818423930eea073315743b788aef2f41198961946046b7b89042cb3f95a,plain,0,0
90c54543aaf085e00879d4fe98a6dfb8148548f374828d50b6e3ac44668138b2,mal_train,dharma,1,x86,14007,14006,mal_train/dharma/90c54543aaf085e00879d4fe98a6dfb8148548f374828d50b6e3ac44668138b2.asm,90c54543aaf085e00879d4fe98a6dfb8148548f374828d50b6e3ac44668138b2,plain,0,0
97689f3967844dd326e7a2b68e7da5b6b3967eea7748d1e3313910a16cacdf16,mal_train,dharma,1,x86,14007,14006,mal_train/dharma/97689f3967844dd326e7a2b68e7da5b6b3967eea7748d1e3313910a16cacdf16.asm,97689f3967844dd326e7a2b68e7da5b6b3967eea7748d1e3313910a16cacdf16,plain,0,0
9a4e6b6a25332f21e4e15bd5c67ea1613db78bf02fa3cef2eba47f27723f8d58,mal_train,dharma,1,x86,14007,14006,mal_train/dharma/9a4e6b6a25332f21e4e15bd5c67ea1613db78bf02fa3cef2eba47f27723f8d58.asm,9a4e6b6a25332f21e4e15bd5c67ea1613db78bf02fa3cef2eba47f27723f8d58,plain,0,0
a08c192df62e58faf203a10d830a6f0c34f1d843373ce5ca6f4826ed45a36764,mal_train,dharma,1,x86,14007,14006,mal_train/dharma/a08c192df62e58faf203a10d830a6f0c34f1d843373ce5ca6f4826ed45a36764.asm,a08c192df62e58faf203a10d830a6f0c34f1d843373ce5ca6f4826ed45a36764,plain,0,0
ad14312e134f8b9483b2d701b1470758e8944764ec803252efede6b1c49e9485,mal_train,dharma,1,x86,14007,14006,mal_train/dharma/ad14312e134f8b9483b2d701b1470758e8944764ec803252efede6b1c49e9485.asm,ad14312e134f8b9483b2d701b1470758e8944764ec803252efede6b1c49e9485,plain,0,0
b565c8e1e81796db13409f37e4bd28877272b5e54ab5c0a3d9b6a024e7f5a039,mal_train,dharma,1,x86,14007,14006,mal_train/dharma/b565c8e1e81796db13409f37e4bd28877272b5e54ab5c0a3d9b6a024e7f5a039.asm,b565c8e1e81796db13409f37e4bd28877272b5e54ab5c0a3d9b6a024e7f5a039,plain,0,0
b6c644a1644dd9b81a604fb6ad6a8cebf4a9b14d5c41da633a93ba2f459f31ae,mal_train,dharma,1,x86,14007,14006,mal_train/dharma/b6c644a1644dd9b81a604fb6ad6a8cebf4a9b14d5c41da633a93ba2f459f31ae.asm,b6c644a1644dd9b81a604fb6ad6a8cebf4a9b14d5c41da633a93ba2f459f31ae,plain,0,0
c855a83b6b0b51c9e9bc1b2676d5644f1c578b87734517ce63820ca33d155707,mal_train,dharma,1,x86,14007,14006,mal_train/dharma/c855a83b6b0b51c9e9bc1b2676d5644f1c578b87734517ce63820ca33d155707.asm,c855a83b6b0b51c9e9bc1b2676d5644f1c578b87734517ce63820ca33d155707,plain,0,0
d13c712deac973ddd3666c02b76e8c0f2f5a4291078b579e231cdb8f5554efb2,mal_train,dharma,1,x86,14007,14006,mal_train/dharma/d13c712deac973ddd3666c02b76e8c0f2f5a4291078b579e231cdb8f5554efb2.asm,d13c712deac973ddd3666c02b76e8c0f2f5a4291078b579e231cdb8f5554efb2,plain,0,0
d424fd77dc8e421ac66621a2ea3a36533e6cdb19335b909cbaaac970993e62a4,mal_train,dharma,1,x86,14007,14006,mal_train/dharma/d424fd77dc8e421ac66621a2ea3a36533e6cdb19335b909cbaaac970993e62a4.asm,d424fd77dc8e421ac66621a2ea3a36533e6cdb19335b909cbaaac970993e62a4,plain,0,0
d4b6920e28ddba697f8e2e33f6479d16c9b92fefdc36894e3c594e3f71095e4d,mal_train,dharma,1,x86,14007,14006,mal_train/dharma/d4b6920e28ddba697f8e2e33f6479d16c9b92fefdc36894e3c594e3f71095e4d.asm,d4b6920e28ddba697f8e2e33f6479d16c9b92fefdc36894e3c594e3f71095e4d,plain,0,0
e4a43f0bb8216496b95826c2c1aeb2f3ece6a7d87a8dbc7a0cc6a3935ace3d90,mal_train,dharma,1,x86,14007,14006,mal_train/dharma/e4a43f0bb8216496b95826c2c1aeb2f3ece6a7d87a8dbc7a0cc6a3935ace3d90.asm,e4a43f0bb8216496b95826c2c1aeb2f3ece6a7d87a8dbc7a0cc6a3935ace3d90,plain,0,0
e589257b8ad21635e0b1cf15b0936f939b19153806c3dcb9d502853525977817,mal_train,dharma,1,x86,14007,14006,mal_train/dharma/e589257b8ad21635e0b1cf15b0936f939b19153806c3dcb9d502853525977817.asm,e589257b8ad21635e0b1cf15b0936f939b19153806c3dcb9d502853525977817,plain,0,0
0b5f142418adffa1ba2c6fed16dee81a505481b411759aa7355c1d3fb0d719b4,mal_train,doppelpaymer,1,x86,26465,26462,mal_train/doppelpaymer/0b5f142418adffa1ba2c6fed16dee81a505481b411759aa7355c1d3fb0d719b4.asm,0b5f142418adffa1ba2c6fed16dee81a505481b411759aa7355c1d3fb0d719b4,plain,1,0
0fe622ba1a8d90793d2646b8afa7c75834d1a4bf9dd0696e5b894037c13ed299,mal_train,doppelpaymer,1,x86,35201,35200,mal_train/doppelpaymer/0fe622ba1a8d90793d2646b8afa7c75834d1a4bf9dd0696e5b894037c13ed299.asm,0fe622ba1a8d90793d2646b8afa7c75834d1a4bf9dd0696e5b894037c13ed299,plain,0,0
17528798f8b5ec83731a383b16b692bb3a5aa6d9c09fe0e9bb6fb92687350963,mal_train,doppelpaymer,1,x86,3795,3790,mal_train/doppelpaymer/17528798f8b5ec83731a383b16b692bb3a5aa6d9c09fe0e9bb6fb92687350963.asm,17528798f8b5ec83731a383b16b692bb3a5aa6d9c09fe0e9bb6fb92687350963,plain,3,0
1ccbe79a55bb1b855fcd6e66611ab754b608b16a9500fc87334c3e2c25a2a91b,mal_train,doppelpaymer,1,x86,101848,100000,mal_train/doppelpaymer/1ccbe79a55bb1b855fcd6e66611ab754b608b16a9500fc87334c3e2c25a2a91b.asm,1ccbe79a55bb1b855fcd6e66611ab754b608b16a9500fc87334c3e2c25a2a91b,packed_other,1846,1
3da52a407801a5e41d792a65d145f056059d470a242849b92032f51fcec8ecfc,mal_train,doppelpaymer,1,x86,27646,27645,mal_train/doppelpaymer/3da52a407801a5e41d792a65d145f056059d470a242849b92032f51fcec8ecfc.asm,3da52a407801a5e41d792a65d145f056059d470a242849b92032f51fcec8ecfc,plain,0,0
46254a390027a1708f6951f8af3da13d033dee9a71a4ee75f257087218676dd5,mal_train,doppelpaymer,1,x86,27184,27183,mal_train/doppelpaymer/46254a390027a1708f6951f8af3da13d033dee9a71a4ee75f257087218676dd5.asm,46254a390027a1708f6951f8af3da13d033dee9a71a4ee75f257087218676dd5,plain,0,0
516fb7b0f610494d2702c31402dcb1116a489760f70ea102c900482d0514f465,mal_train,doppelpaymer,1,x86,24485,24424,mal_train/doppelpaymer/516fb7b0f610494d2702c31402dcb1116a489760f70ea102c900482d0514f465.asm,516fb7b0f610494d2702c31402dcb1116a489760f70ea102c900482d0514f465,plain,59,0
53709a38525d1f76995a3f70fdab6521eb0f2a568cb31693db15231198ed55a5,mal_train,doppelpaymer,1,x86,30101,30099,mal_train/doppelpaymer/53709a38525d1f76995a3f70fdab6521eb0f2a568cb31693db15231198ed55a5.asm,53709a38525d1f76995a3f70fdab6521eb0f2a568cb31693db15231198ed55a5,plain,1,0
60ab87df9a77924e9f12484fa94f63fa4bb4c646072cf4b002492f59b1ee0103,mal_train,doppelpaymer,1,x86,24481,24410,mal_train/doppelpaymer/60ab87df9a77924e9f12484fa94f63fa4bb4c646072cf4b002492f59b1ee0103.asm,60ab87df9a77924e9f12484fa94f63fa4bb4c646072cf4b002492f59b1ee0103,plain,69,0
624255fef7e958cc3de9e454d2de4ae1a914a41fedc98b2042756042f68c2b69,mal_train,doppelpaymer,1,x86,23836,23802,mal_train/doppelpaymer/624255fef7e958cc3de9e454d2de4ae1a914a41fedc98b2042756042f68c2b69.asm,624255fef7e958cc3de9e454d2de4ae1a914a41fedc98b2042756042f68c2b69,plain,32,0
64aae03c2a7f3646e6e85102074f691fc64c605d3cd7e5f2c019e0be25e03962,mal_train,doppelpaymer,1,x86,37424,37318,mal_train/doppelpaymer/64aae03c2a7f3646e6e85102074f691fc64c605d3cd7e5f2c019e0be25e03962.asm,64aae03c2a7f3646e6e85102074f691fc64c605d3cd7e5f2c019e0be25e03962,plain,105,0
750150ec6d50212936151b881c6e3bae30bf76fb233602b064984bc46fc4f4c0,mal_train,doppelpaymer,1,x86,37376,37269,mal_train/doppelpaymer/750150ec6d50212936151b881c6e3bae30bf76fb233602b064984bc46fc4f4c0.asm,750150ec6d50212936151b881c6e3bae30bf76fb233602b064984bc46fc4f4c0,plain,106,0
7f0dcd67e61f9f1388d3ba92cca0c6da0c49751f96d77b3100e0c6173092524c,mal_train,doppelpaymer,1,x86,3019,3014,mal_train/doppelpaymer/7f0dcd67e61f9f1388d3ba92cca0c6da0c49751f96d77b3100e0c6173092524c.asm,7f0dcd67e61f9f1388d3ba92cca0c6da0c49751f96d77b3100e0c6173092524c,plain,3,0
84dfebb04d3f98ea63f803c46d83243c4bbdbcb6a6be238600e2ff9118fb05ed,mal_train,doppelpaymer,1,x86,27646,27645,mal_train/doppelpaymer/84dfebb04d3f98ea63f803c46d83243c4bbdbcb6a6be238600e2ff9118fb05ed.asm,84dfebb04d3f98ea63f803c46d83243c4bbdbcb6a6be238600e2ff9118fb05ed,plain,0,0
a0c3976f5d93927b0ee4e5c17057d3bb028ff26e4200ba63fbc9fa0d311eda57,mal_train,doppelpaymer,1,x86,25665,25634,mal_train/doppelpaymer/a0c3976f5d93927b0ee4e5c17057d3bb028ff26e4200ba63fbc9fa0d311eda57.asm,a0c3976f5d93927b0ee4e5c17057d3bb028ff26e4200ba63fbc9fa0d311eda57,plain,29,0
b3e2ebc49bed60465f27a1ad5364014053bb0182ae3eb06211a12f2008893ee0,mal_train,doppelpaymer,1,x86,26662,26650,mal_train/doppelpaymer/b3e2ebc49bed60465f27a1ad5364014053bb0182ae3eb06211a12f2008893ee0.asm,b3e2ebc49bed60465f27a1ad5364014053bb0182ae3eb06211a12f2008893ee0,plain,10,0
c66157a916c7f874bd381a775b8eede422eb59819872fdffafc5649eefa76373,mal_train,doppelpaymer,1,x86,25156,25121,mal_train/doppelpaymer/c66157a916c7f874bd381a775b8eede422eb59819872fdffafc5649eefa76373.asm,c66157a916c7f874bd381a775b8eede422eb59819872fdffafc5649eefa76373,plain,33,0
cf961a8a5da4d9453ac1eea45b6f33a896616c4872a50ca603b9899aac403691,mal_train,doppelpaymer,1,x86,24338,24330,mal_train/doppelpaymer/cf961a8a5da4d9453ac1eea45b6f33a896616c4872a50ca603b9899aac403691.asm,cf961a8a5da4d9453ac1eea45b6f33a896616c4872a50ca603b9899aac403691,plain,6,0
d4d2701df5c47ccb3ccb95693fcb0cfa493695be32c6daba2218ca73f76cf9e9,mal_train,doppelpaymer,1,x86,24026,24021,mal_train/doppelpaymer/d4d2701df5c47ccb3ccb95693fcb0cfa493695be32c6daba2218ca73f76cf9e9.asm,d4d2701df5c47ccb3ccb95693fcb0cfa493695be32c6daba2218ca73f76cf9e9,plain,3,0
f27e8691520ca218bccc6bfc6880d52bcce3e2218fd1cb0d40c85260df2d822c,mal_train,doppelpaymer,1,x86,27646,27645,mal_train/doppelpaymer/f27e8691520ca218bccc6bfc6880d52bcce3e2218fd1cb0d40c85260df2d822c.asm,f27e8691520ca218bccc6bfc6880d52bcce3e2218fd1cb0d40c85260df2d822c,plain,0,0
f658ddcf8e87de957a81bb92d44ce02913b427e8bccbe663669ee2613d355555,mal_train,doppelpaymer,1,x86,63847,63845,mal_train/doppelpaymer/f658ddcf8e87de957a81bb92d44ce02913b427e8bccbe663669ee2613d355555.asm,f658ddcf8e87de957a81bb92d44ce02913b427e8bccbe663669ee2613d355555,plain,1,0
f6c5fe6cf03045fa15b36adaaefba0b3a2bee19551c34b61f886904c5060f457,mal_train,doppelpaymer,1,x86,5460,5453,mal_train/doppelpaymer/f6c5fe6cf03045fa15b36adaaefba0b3a2bee19551c34b61f886904c5060f457.asm,f6c5fe6cf03045fa15b36adaaefba0b3a2bee19551c34b61f886904c5060f457,plain,5,0
fb04d01431c33b1ec19cc2986e48174e97a0c62fdab1ec08cacf3969f3d51bda,mal_train,doppelpaymer,1,x86,47123,47121,mal_train/doppelpaymer/fb04d01431c33b1ec19cc2986e48174e97a0c62fdab1ec08cacf3969f3d51bda.asm,fb04d01431c33b1ec19cc2986e48174e97a0c62fdab1ec08cacf3969f3d51bda,plain,1,0
027d99aaaa6803a07d07ce0ba1fa66964388129d3b26dcf8621a3310692b0a61,mal_train,exorcist,1,x86,6502,6501,mal_train/exorcist/027d99aaaa6803a07d07ce0ba1fa66964388129d3b26dcf8621a3310692b0a61.asm,027d99aaaa6803a07d07ce0ba1fa66964388129d3b26dcf8621a3310692b0a61,plain,0,0
2b37a372626063afce9e08199342a41bbe4183b0d5ba7864ff61eb6e6f7c4fdf,mal_train,exorcist,1,x64,6286,6285,mal_train/exorcist/2b37a372626063afce9e08199342a41bbe4183b0d5ba7864ff61eb6e6f7c4fdf.asm,2b37a372626063afce9e08199342a41bbe4183b0d5ba7864ff61eb6e6f7c4fdf,plain,0,0
3582343032c1b72e970ac45cabc28610eb47aa4e3d5d0eea3e231e6958db0f3b,mal_train,exorcist,1,x86,103120,100000,mal_train/exorcist/3582343032c1b72e970ac45cabc28610eb47aa4e3d5d0eea3e231e6958db0f3b.asm,3582343032c1b72e970ac45cabc28610eb47aa4e3d5d0eea3e231e6958db0f3b,packed_other,3114,1
428ce154645d5d70743dcd489ce18e3618f7a9b8fe6856584c1501d5e5841a8b,mal_train,exorcist,1,x86,42290,41788,mal_train/exorcist/428ce154645d5d70743dcd489ce18e3618f7a9b8fe6856584c1501d5e5841a8b.asm,428ce154645d5d70743dcd489ce18e3618f7a9b8fe6856584c1501d5e5841a8b,plain,501,0
4d1b3c3907d6ad35f69899e5e8244e541e86e643c2628b61f254341ff95ecb52,mal_train,exorcist,1,x86,6502,6501,mal_train/exorcist/4d1b3c3907d6ad35f69899e5e8244e541e86e643c2628b61f254341ff95ecb52.asm,4d1b3c3907d6ad35f69899e5e8244e541e86e643c2628b61f254341ff95ecb52,plain,0,0
6db3aae21a6d80857c85f58c4c8b2cf9c6b7f8b8a9ab1d5496d18eaf9bd0bd01,mal_train,exorcist,1,x86,6502,6501,mal_train/exorcist/6db3aae21a6d80857c85f58c4c8b2cf9c6b7f8b8a9ab1d5496d18eaf9bd0bd01.asm,6db3aae21a6d80857c85f58c4c8b2cf9c6b7f8b8a9ab1d5496d18eaf9bd0bd01,plain,0,0
793dcc731fa2c6f7406fd52c7ac43926ac23e39badce09677128cce0192e19b0,mal_train,exorcist,1,x64,6251,6250,mal_train/exorcist/793dcc731fa2c6f7406fd52c7ac43926ac23e39badce09677128cce0192e19b0.asm,793dcc731fa2c6f7406fd52c7ac43926ac23e39badce09677128cce0192e19b0,plain,0,0
8ce8636d2b4807cf66f78156ad7af4035202f6b770eed78b5fe875d3e321b155,mal_train,exorcist,1,x86,6503,6502,mal_train/exorcist/8ce8636d2b4807cf66f78156ad7af4035202f6b770eed78b5fe875d3e321b155.asm,8ce8636d2b4807cf66f78156ad7af4035202f6b770eed78b5fe875d3e321b155,plain,0,0
8d684a790a5683b8decde9fb5a819c4a164d3032723a151a30ff26d3c2b1aabf,mal_train,exorcist,1,x86,6502,6501,mal_train/exorcist/8d684a790a5683b8decde9fb5a819c4a164d3032723a151a30ff26d3c2b1aabf.asm,8d684a790a5683b8decde9fb5a819c4a164d3032723a151a30ff26d3c2b1aabf,plain,0,0
8da469200a4b3899b23a34232eec537f12c621aa3c8766a9745d8ff721ef5296,mal_train,exorcist,1,x86,6545,6544,mal_train/exorcist/8da469200a4b3899b23a34232eec537f12c621aa3c8766a9745d8ff721ef5296.asm,8da469200a4b3899b23a34232eec537f12c621aa3c8766a9745d8ff721ef5296,plain,0,0
a7e27cc38a39ff242da39d05e04b95ea9b656829dfe2e90e8226351da8813d7d,mal_train,exorcist,1,x86,6502,6501,mal_train/exorcist/a7e27cc38a39ff242da39d05e04b95ea9b656829dfe2e90e8226351da8813d7d.asm,a7e27cc38a39ff242da39d05e04b95ea9b656829dfe2e90e8226351da8813d7d,plain,0,0
b1280c85c41ba01ae9d6bf83b8d1483033dce2d15133b273e303cf935e0be9f8,mal_train,exorcist,1,x64,6249,6248,mal_train/exorcist/b1280c85c41ba01ae9d6bf83b8d1483033dce2d15133b273e303cf935e0be9f8.asm,b1280c85c41ba01ae9d6bf83b8d1483033dce2d15133b273e303cf935e0be9f8,plain,0,0
b1bcc54ef15f91d9291357eca02862174bd6158e95813eff1ab0c16ba48ff10e,mal_train,exorcist,1,x86,6545,6544,mal_train/exorcist/b1bcc54ef15f91d9291357eca02862174bd6158e95813eff1ab0c16ba48ff10e.asm,b1bcc54ef15f91d9291357eca02862174bd6158e95813eff1ab0c16ba48ff10e,plain,0,0
bf6e5f9d060ebc5bb70144ca6e795bfc249c6590ab9f45e258ec9b5f3d49eeb6,mal_train,exorcist,1,x86,6545,6544,mal_train/exorcist/bf6e5f9d060ebc5bb70144ca6e795bfc249c6590ab9f45e258ec9b5f3d49eeb6.asm,bf6e5f9d060ebc5bb70144ca6e795bfc249c6590ab9f45e258ec9b5f3d49eeb6,plain,0,0
cea934f291a4be8edb7b29e5c960093da9ee47195e53720dd6df5c977e741f4f,mal_train,exorcist,1,x86,6502,6501,mal_train/exorcist/cea934f291a4be8edb7b29e5c960093da9ee47195e53720dd6df5c977e741f4f.asm,cea934f291a4be8edb7b29e5c960093da9ee47195e53720dd6df5c977e741f4f,plain,0,0
dfecb46078038bcfa9d0b8db18bdc0646f33bad55ee7dd5ee46e61c6cf399620,mal_train,exorcist,1,x86,15484,15483,mal_train/exorcist/dfecb46078038bcfa9d0b8db18bdc0646f33bad55ee7dd5ee46e61c6cf399620.asm,dfecb46078038bcfa9d0b8db18bdc0646f33bad55ee7dd5ee46e61c6cf399620,plain,0,0
eeb8a83d7532797d39d060ffb2a65562e8d803c4dbd8379289f99367cac2f850,mal_train,exorcist,1,x64,6249,6248,mal_train/exorcist/eeb8a83d7532797d39d060ffb2a65562e8d803c4dbd8379289f99367cac2f850.asm,eeb8a83d7532797d39d060ffb2a65562e8d803c4dbd8379289f99367cac2f850,plain,0,0
f86e27e58356c554269b93713ea53b797d92359f0abb25bf70fe2de278278f7f,mal_train,exorcist,1,x86,6503,6502,mal_train/exorcist/f86e27e58356c554269b93713ea53b797d92359f0abb25bf70fe2de278278f7f.asm,f86e27e58356c554269b93713ea53b797d92359f0abb25bf70fe2de278278f7f,plain,0,0
0030c9190c6f96dffea80d960cf4d87aacbeffb2f08c2c9e7a60b318bd636dbf,mal_train,gandcrab,1,x86,24367,24361,mal_train/gandcrab/0030c9190c6f96dffea80d960cf4d87aacbeffb2f08c2c9e7a60b318bd636dbf.asm,0030c9190c6f96dffea80d960cf4d87aacbeffb2f08c2c9e7a60b318bd636dbf,plain,5,0
007988b1ffdce1e161071f92a130b64650735a5eed6445806c2c967d0902c286,mal_train,gandcrab,1,x86,27168,27151,mal_train/gandcrab/007988b1ffdce1e161071f92a130b64650735a5eed6445806c2c967d0902c286.asm,007988b1ffdce1e161071f92a130b64650735a5eed6445806c2c967d0902c286,plain,16,0
07c82be075c33f06ef8e411d5f32e7b3d51a47be63233f2d66250cbf2903b777,mal_train,gandcrab,1,x86,24367,24361,mal_train/gandcrab/07c82be075c33f06ef8e411d5f32e7b3d51a47be63233f2d66250cbf2903b777.asm,07c82be075c33f06ef8e411d5f32e7b3d51a47be63233f2d66250cbf2903b777,plain,5,0
098aad386b0f549cefddf2001dba9f31f40d88a3618cd3a8d5589b4b0b467342,mal_train,gandcrab,1,x86,27168,27151,mal_train/gandcrab/098aad386b0f549cefddf2001dba9f31f40d88a3618cd3a8d5589b4b0b467342.asm,098aad386b0f549cefddf2001dba9f31f40d88a3618cd3a8d5589b4b0b467342,plain,16,0
0d38a79805947ec49ba34769b9a9f9cdfc4032c3c7112bed465d46b09b587ef9,mal_train,gandcrab,1,x86,27244,27227,mal_train/gandcrab/0d38a79805947ec49ba34769b9a9f9cdfc4032c3c7112bed465d46b09b587ef9.asm,0d38a79805947ec49ba34769b9a9f9cdfc4032c3c7112bed465d46b09b587ef9,plain,16,0
0d8a1610fbe90831d4aae127563c8b6d0f0fe85aae3cd7062013f74cf38be4f0,mal_train,gandcrab,1,x86,27168,27151,mal_train/gandcrab/0d8a1610fbe90831d4aae127563c8b6d0f0fe85aae3cd7062013f74cf38be4f0.asm,0d8a1610fbe90831d4aae127563c8b6d0f0fe85aae3cd7062013f74cf38be4f0,plain,16,0
137e0d194e572f779a9334960063f1c482e73d4758d75663f2a298393bc52bea,mal_train,gandcrab,1,x86,26888,26872,mal_train/gandcrab/137e0d194e572f779a9334960063f1c482e73d4758d75663f2a298393bc52bea.asm,137e0d194e572f779a9334960063f1c482e73d4758d75663f2a298393bc52bea,plain,15,0
1673a950aa003ed5110d0ced961bfb29e9acd424897cd27d846f3a686d73678c,mal_train,gandcrab,1,x86,27168,27151,mal_train/gandcrab/1673a950aa003ed5110d0ced961bfb29e9acd424897cd27d846f3a686d73678c.asm,1673a950aa003ed5110d0ced961bfb29e9acd424897cd27d846f3a686d73678c,plain,16,0
1b808c06993ff740e36df55805d367217933c17bff9a34c6767a5e6f3d4453fd,mal_train,gandcrab,1,x86,37596,37591,mal_train/gandcrab/1b808c06993ff740e36df55805d367217933c17bff9a34c6767a5e6f3d4453fd.asm,1b808c06993ff740e36df55805d367217933c17bff9a34c6767a5e6f3d4453fd,plain,4,0
2698c0506fd1c0332cfab3d1a7b3438269f2a2d1168eb3d09c83d805bf0724b1,mal_train,gandcrab,1,x86,26888,26872,mal_train/gandcrab/2698c0506fd1c0332cfab3d1a7b3438269f2a2d1168eb3d09c83d805bf0724b1.asm,2698c0506fd1c0332cfab3d1a7b3438269f2a2d1168eb3d09c83d805bf0724b1,plain,15,0
2c9538b89e32cac819526b5ec77a19cd32ec88c60631bec1f00311c11e3b0219,mal_train,gandcrab,1,x86,24367,24361,mal_train/gandcrab/2c9538b89e32cac819526b5ec77a19cd32ec88c60631bec1f00311c11e3b0219.asm,2c9538b89e32cac819526b5ec77a19cd32ec88c60631bec1f00311c11e3b0219,plain,5,0
2e92f62d73a7157e74bf3810356b799cfb77bf57b97e6f8c9261f02ed1ce944c,mal_train,gandcrab,1,x86,24367,24361,mal_train/gandcrab/2e92f62d73a7157e74bf3810356b799cfb77bf57b97e6f8c9261f02ed1ce944c.asm,2e92f62d73a7157e74bf3810356b799cfb77bf57b97e6f8c9261f02ed1ce944c,plain,5,0
2fbe3c62a6ee7966c9bbc46be6e38d2a442fe544f38e74312b25f32f38d72715,mal_train,gandcrab,1,x86,24367,24361,mal_train/gandcrab/2fbe3c62a6ee7966c9bbc46be6e38d2a442fe544f38e74312b25f32f38d72715.asm,2fbe3c62a6ee7966c9bbc46be6e38d2a442fe544f38e74312b25f32f38d72715,plain,5,0
33d1fcc12e2e01e484477df9a0c748fa6efd96fb2d004f6af7413939ebf36e12,mal_train,gandcrab,1,x86,26888,26872,mal_train/gandcrab/33d1fcc12e2e01e484477df9a0c748fa6efd96fb2d004f6af7413939ebf36e12.asm,33d1fcc12e2e01e484477df9a0c748fa6efd96fb2d004f6af7413939ebf36e12,plain,15,0
4837a97055193bf58d97c1c0e46dafdb754a5bd7654908231e3fb6cd650eec4c,mal_train,gandcrab,1,x86,18646,18643,mal_train/gandcrab/4837a97055193bf58d97c1c0e46dafdb754a5bd7654908231e3fb6cd650eec4c.asm,4837a97055193bf58d97c1c0e46dafdb754a5bd7654908231e3fb6cd650eec4c,plain,2,0
4864e064c66cfa321ff21d0730b9d2e78009803b3c99b1500b8ccdf31efd4b7d,mal_train,gandcrab,1,x86,24367,24361,mal_train/gandcrab/4864e064c66cfa321ff21d0730b9d2e78009803b3c99b1500b8ccdf31efd4b7d.asm,4864e064c66cfa321ff21d0730b9d2e78009803b3c99b1500b8ccdf31efd4b7d,plain,5,0
4b5fe7497864d07f78af15fa3e1aa3702b303b89f9644624871d83dd0f484749,mal_train,gandcrab,1,x86,27168,27151,mal_train/gandcrab/4b5fe7497864d07f78af15fa3e1aa3702b303b89f9644624871d83dd0f484749.asm,4b5fe7497864d07f78af15fa3e1aa3702b303b89f9644624871d83dd0f484749,plain,16,0
4be2d7cc2d715d7e5b87eb21f0c984f4da961d63aec448c790800fc1f76f2b98,mal_train,gandcrab,1,x86,27168,27151,mal_train/gandcrab/4be2d7cc2d715d7e5b87eb21f0c984f4da961d63aec448c790800fc1f76f2b98.asm,4be2d7cc2d715d7e5b87eb21f0c984f4da961d63aec448c790800fc1f76f2b98,plain,16,0
52f2b6380b492c175837418285cbefa51f1de3187d00c01383bb5f9ca4ebe7db,mal_train,gandcrab,1,x86,27244,27227,mal_train/gandcrab/52f2b6380b492c175837418285cbefa51f1de3187d00c01383bb5f9ca4ebe7db.asm,52f2b6380b492c175837418285cbefa51f1de3187d00c01383bb5f9ca4ebe7db,plain,16,0
5c95c59b3a7fc2dfa43c0b372e3ae5af566d458d35296f3bd4313bbc4dcf050b,mal_train,gandcrab,1,x86,24367,24361,mal_train/gandcrab/5c95c59b3a7fc2dfa43c0b372e3ae5af566d458d35296f3bd4313bbc4dcf050b.asm,5c95c59b3a7fc2dfa43c0b372e3ae5af566d458d35296f3bd4313bbc4dcf050b,plain,5,0
5c9fec26413d6b015d395afb86b87bb0ef245618bfae2d6c3a9bffb3fc56052c,mal_train,gandcrab,1,x86,24367,24361,mal_train/gandcrab/5c9fec26413d6b015d395afb86b87bb0ef245618bfae2d6c3a9bffb3fc56052c.asm,5c9fec26413d6b015d395afb86b87bb0ef245618bfae2d6c3a9bffb3fc56052c,plain,5,0
64d341ecbc52f9d78080bf23559ec1778824979dd19498ee44032ec1d5224ff6,mal_train,gandcrab,1,x86,27244,27227,mal_train/gandcrab/64d341ecbc52f9d78080bf23559ec1778824979dd19498ee44032ec1d5224ff6.asm,64d341ecbc52f9d78080bf23559ec1778824979dd19498ee44032ec1d5224ff6,plain,16,0
650b1403bcd20a724261ecb656112ed5742610e41097d05d5eff160ce8fd0f91,mal_train,gandcrab,1,x86,29639,29632,mal_train/gandcrab/650b1403bcd20a724261ecb656112ed5742610e41097d05d5eff160ce8fd0f91.asm,650b1403bcd20a724261ecb656112ed5742610e41097d05d5eff160ce8fd0f91,plain,6,0
657ba4fed4cbf7c0b83967bfc80be084fb0a55afe6393914742232810275f052,mal_train,gandcrab,1,x86,27168,27151,mal_train/gandcrab/657ba4fed4cbf7c0b83967bfc80be084fb0a55afe6393914742232810275f052.asm,657ba4fed4cbf7c0b83967bfc80be084fb0a55afe6393914742232810275f052,plain,16,0
6f4de91333804c26c9b9807a8480bd2b7c7116bd42c3ad3f8f3d6d835d2153b2,mal_train,gandcrab,1,x86,24367,24361,mal_train/gandcrab/6f4de91333804c26c9b9807a8480bd2b7c7116bd42c3ad3f8f3d6d835d2153b2.asm,6f4de91333804c26c9b9807a8480bd2b7c7116bd42c3ad3f8f3d6d835d2153b2,plain,5,0
7a6daa99265f10fe73576aafdfcf5c8ccbd9602d482f999cdc53c7b4c7f89687,mal_train,gandcrab,1,x86,26888,26872,mal_train/gandcrab/7a6daa99265f10fe73576aafdfcf5c8ccbd9602d482f999cdc53c7b4c7f89687.asm,7a6daa99265f10fe73576aafdfcf5c8ccbd9602d482f999cdc53c7b4c7f89687,plain,15,0
7cbc7453ac42556c52a88011cca5e634d86a3f5398e44c8d33b3c08f0ffde633,mal_train,gandcrab,1,x86,27168,27151,mal_train/gandcrab/7cbc7453ac42556c52a88011cca5e634d86a3f5398e44c8d33b3c08f0ffde633.asm,7cbc7453ac42556c52a88011cca5e634d86a3f5398e44c8d33b3c08f0ffde633,plain,16,0
81e34ce24935bf192ee0eff4a43c673ff65a36e4f6c5a12973371c7389037625,mal_train,gandcrab,1,x86,24367,24361,mal_train/gandcrab/81e34ce24935bf192ee0eff4a43c673ff65a36e4f6c5a12973371c7389037625.asm,81e34ce24935bf192ee0eff4a43c673ff65a36e4f6c5a12973371c7389037625,plain,5,0
872bf2c276fe3242513c2ed1b254a5ab3c0dea273dde944c05b711697811753f,mal_train,gandcrab,1,x86,27246,27228,mal_train/gandcrab/872bf2c276fe3242513c2ed1b254a5ab3c0dea273dde944c05b711697811753f.asm,872bf2c276fe3242513c2ed1b254a5ab3c0dea273dde944c05b711697811753f,plain,17,0
97351c2e4ccee87ee68146c2efee6f138e03bcfc7b029d106661d00f40528039,mal_train,gandcrab,1,x86,24367,24361,mal_train/gandcrab/97351c2e4ccee87ee68146c2efee6f138e03bcfc7b029d106661d00f40528039.asm,97351c2e4ccee87ee68146c2efee6f138e03bcfc7b029d106661d00f40528039,plain,5,0
9f7b9c0a9f745304a16b2e3b699b6ad2b7d3835cd6305b112f2590a9386c7fca,mal_train,gandcrab,1,x86,29639,29632,mal_train/gandcrab/9f7b9c0a9f745304a16b2e3b699b6ad2b7d3835cd6305b112f2590a9386c7fca.asm,9f7b9c0a9f745304a16b2e3b699b6ad2b7d3835cd6305b112f2590a9386c7fca,plain,6,0
a383ec861e033b3a0035caa3447aff798dc5f63f8931682610b09bae7c2cb88e,mal_train,gandcrab,1,x86,24367,24361,mal_train/gandcrab/a383ec861e033b3a0035caa3447aff798dc5f63f8931682610b09bae7c2cb88e.asm,a383ec861e033b3a0035caa3447aff798dc5f63f8931682610b09bae7c2cb88e,plain,5,0
a45bd4059d804b586397f43ee95232378d519c6b8978d334e07f6047435fe926,mal_train,gandcrab,1,x86,101939,100000,mal_train/gandcrab/a45bd4059d804b586397f43ee95232378d519c6b8978d334e07f6047435fe926.asm,a45bd4059d804b586397f43ee95232378d519c6b8978d334e07f6047435fe926,plain,1937,1
a4934922ea9e1e6924f24bba64af5888d2b4df87ffb938d92304a5677549899b,mal_train,gandcrab,1,x86,24367,24361,mal_train/gandcrab/a4934922ea9e1e6924f24bba64af5888d2b4df87ffb938d92304a5677549899b.asm,a4934922ea9e1e6924f24bba64af5888d2b4df87ffb938d92304a5677549899b,plain,5,0
a81d350afaf97cc038b3f20b46d4757150d7854df5e56780326f91bc7d4fd215,mal_train,gandcrab,1,x86,26888,26872,mal_train/gandcrab/a81d350afaf97cc038b3f20b46d4757150d7854df5e56780326f91bc7d4fd215.asm,a81d350afaf97cc038b3f20b46d4757150d7854df5e56780326f91bc7d4fd215,plain,15,0
adad8b68c55b43fb2344c3051a28514b9ee25c9664dc7b35f36477c923664519,mal_train,gandcrab,1,x86,27168,27151,mal_train/gandcrab/adad8b68c55b43fb2344c3051a28514b9ee25c9664dc7b35f36477c923664519.asm,adad8b68c55b43fb2344c3051a28514b9ee25c9664dc7b35f36477c923664519,plain,16,0
b42540e0be78f72f1c3578634f8c89fbc9bd838c425bcbe2aabb0816dd3d2f84,mal_train,gandcrab,1,x86,24367,24361,mal_train/gandcrab/b42540e0be78f72f1c3578634f8c89fbc9bd838c425bcbe2aabb0816dd3d2f84.asm,b42540e0be78f72f1c3578634f8c89fbc9bd838c425bcbe2aabb0816dd3d2f84,plain,5,0
b4f1fb8fea5f5155e0e7f4ecd22d4c4a9582df7fb240af41728ad98c70949c11,mal_train,gandcrab,1,x86,24367,24361,mal_train/gandcrab/b4f1fb8fea5f5155e0e7f4ecd22d4c4a9582df7fb240af41728ad98c70949c11.asm,b4f1fb8fea5f5155e0e7f4ecd22d4c4a9582df7fb240af41728ad98c70949c11,plain,5,0
b86383ac86f27e1e6fc8656407bfbcd2462ee00640e7a310a6df265c9a0e2ae6,mal_train,gandcrab,1,x86,24367,24361,mal_train/gandcrab/b86383ac86f27e1e6fc8656407bfbcd2462ee00640e7a310a6df265c9a0e2ae6.asm,b86383ac86f27e1e6fc8656407bfbcd2462ee00640e7a310a6df265c9a0e2ae6,plain,5,0
c1eca612b5b4a7ac0076d05f8e4a6c5296296c1bf0139479b9c2dd02eb75d11f,mal_train,gandcrab,1,x86,24367,24361,mal_train/gandcrab/c1eca612b5b4a7ac0076d05f8e4a6c5296296c1bf0139479b9c2dd02eb75d11f.asm,c1eca612b5b4a7ac0076d05f8e4a6c5296296c1bf0139479b9c2dd02eb75d11f,plain,5,0
c45c084efff13cc2d01cecde8656f71c9b56b6f00704e35d1f019acc787858c4,mal_train,gandcrab,1,x86,18646,18643,mal_train/gandcrab/c45c084efff13cc2d01cecde8656f71c9b56b6f00704e35d1f019acc787858c4.asm,c45c084efff13cc2d01cecde8656f71c9b56b6f00704e35d1f019acc787858c4,plain,2,0
cbcff29c73b151176818c93d10ae34a1be58c710bf8b4b86b4d8e13e2232264f,mal_train,gandcrab,1,x86,24367,24361,mal_train/gandcrab/cbcff29c73b151176818c93d10ae34a1be58c710bf8b4b86b4d8e13e2232264f.asm,cbcff29c73b151176818c93d10ae34a1be58c710bf8b4b86b4d8e13e2232264f,plain,5,0
ce093ffa19f020a2b73719f653b5e0423df28ef1d59035d55e99154a85c5c668,mal_train,gandcrab,1,x86,18754,18749,mal_train/gandcrab/ce093ffa19f020a2b73719f653b5e0423df28ef1d59035d55e99154a85c5c668.asm,ce093ffa19f020a2b73719f653b5e0423df28ef1d59035d55e99154a85c5c668,plain,4,0
ce8a3474f1be9d750b5a5d5447e8f66b651d215799c1b5acb261296426542659,mal_train,gandcrab,1,x86,27168,27151,mal_train/gandcrab/ce8a3474f1be9d750b5a5d5447e8f66b651d215799c1b5acb261296426542659.asm,ce8a3474f1be9d750b5a5d5447e8f66b651d215799c1b5acb261296426542659,plain,16,0
da8c0a6ac025e95d408e72e2656d4cad02d4a3b4027ecef9d97c1a12311f37b4,mal_train,gandcrab,1,x86,27168,27151,mal_train/gandcrab/da8c0a6ac025e95d408e72e2656d4cad02d4a3b4027ecef9d97c1a12311f37b4.asm,da8c0a6ac025e95d408e72e2656d4cad02d4a3b4027ecef9d97c1a12311f37b4,plain,16,0
dbb88de4201933bdb099b21f91786be636b6e4486765f023abd3319300ed0006,mal_train,gandcrab,1,x86,27168,27151,mal_train/gandcrab/dbb88de4201933bdb099b21f91786be636b6e4486765f023abd3319300ed0006.asm,dbb88de4201933bdb099b21f91786be636b6e4486765f023abd3319300ed0006,plain,16,0
dc4e3c1a007475326c0a04eef870cecfd719c35f11908a113ce26355a62138ca,mal_train,gandcrab,1,x86,27168,27151,mal_train/gandcrab/dc4e3c1a007475326c0a04eef870cecfd719c35f11908a113ce26355a62138ca.asm,dc4e3c1a007475326c0a04eef870cecfd719c35f11908a113ce26355a62138ca,plain,16,0
dcdd516739eb88e2781d92429e58f7d97298d63d2a3b4df805f771407f02d33e,mal_train,gandcrab,1,x86,24367,24361,mal_train/gandcrab/dcdd516739eb88e2781d92429e58f7d97298d63d2a3b4df805f771407f02d33e.asm,dcdd516739eb88e2781d92429e58f7d97298d63d2a3b4df805f771407f02d33e,plain,5,0
e906f1c983c7c2756f4bcd4de9edb2c6e8d16c1f84a18fecf15b698a459183fc,mal_train,gandcrab,1,x86,102001,100000,mal_train/gandcrab/e906f1c983c7c2756f4bcd4de9edb2c6e8d16c1f84a18fecf15b698a459183fc.asm,e906f1c983c7c2756f4bcd4de9edb2c6e8d16c1f84a18fecf15b698a459183fc,packed_other,1999,1
f0cce9bb1ede97017e6edac8f3372c522df26b73a6f136cfcfb2e1d94d0e3168,mal_train,gandcrab,1,x86,24367,24361,mal_train/gandcrab/f0cce9bb1ede97017e6edac8f3372c522df26b73a6f136cfcfb2e1d94d0e3168.asm,f0cce9bb1ede97017e6edac8f3372c522df26b73a6f136cfcfb2e1d94d0e3168,plain,5,0
00ad914476509f84b40f2dbe804dc7c37a1a24ef3472674574d3367079bf0a2a,mal_train,lockbit,1,x86,100867,100000,mal_train/lockbit/00ad914476509f84b40f2dbe804dc7c37a1a24ef3472674574d3367079bf0a2a.asm,00ad914476509f84b40f2dbe804dc7c37a1a24ef3472674574d3367079bf0a2a,plain,865,1
04f65270c92dda82c759c1eee49cf8f4c98a2ed0071272e49132331fda482dba,mal_train,lockbit,1,x86,100867,100000,mal_train/lockbit/04f65270c92dda82c759c1eee49cf8f4c98a2ed0071272e49132331fda482dba.asm,04f65270c92dda82c759c1eee49cf8f4c98a2ed0071272e49132331fda482dba,plain,865,1
082f91d85c437f415cea44b36afb4198da07b78593c836a398cd96365166e7d8,mal_train,lockbit,1,x86,100867,100000,mal_train/lockbit/082f91d85c437f415cea44b36afb4198da07b78593c836a398cd96365166e7d8.asm,082f91d85c437f415cea44b36afb4198da07b78593c836a398cd96365166e7d8,plain,865,1
0cd33e6b180862072a00a0c2f897afa754df071bcec3d13e581c41a5c27a3102,mal_train,lockbit,1,x86,100867,100000,mal_train/lockbit/0cd33e6b180862072a00a0c2f897afa754df071bcec3d13e581c41a5c27a3102.asm,0cd33e6b180862072a00a0c2f897afa754df071bcec3d13e581c41a5c27a3102,plain,865,1
21aab3925870f8e11cf4c94b9b84d252118278a50206e622b8148001e205213f,mal_train,lockbit,1,x86,31795,31794,mal_train/lockbit/21aab3925870f8e11cf4c94b9b84d252118278a50206e622b8148001e205213f.asm,21aab3925870f8e11cf4c94b9b84d252118278a50206e622b8148001e205213f,plain,0,0
2508d0ab9bed37a9f8d1ab04d2440849fcfc7e149971baf452a0440a924eeac5,mal_train,lockbit,1,x86,100867,100000,mal_train/lockbit/2508d0ab9bed37a9f8d1ab04d2440849fcfc7e149971baf452a0440a924eeac5.asm,2508d0ab9bed37a9f8d1ab04d2440849fcfc7e149971baf452a0440a924eeac5,plain,865,1
33d79363679a3a7a1066a28784d1a472276389f7621af35a03dc643ea9b37165,mal_train,lockbit,1,x86,100867,100000,mal_train/lockbit/33d79363679a3a7a1066a28784d1a472276389f7621af35a03dc643ea9b37165.asm,33d79363679a3a7a1066a28784d1a472276389f7621af35a03dc643ea9b37165,plain,865,1
3b52db44c2cdd8adfacb906362837ed449e96fcf761de4b1f26388b66b6edabe,mal_train,lockbit,1,x86,31795,31794,mal_train/lockbit/3b52db44c2cdd8adfacb906362837ed449e96fcf761de4b1f26388b66b6edabe.asm,3b52db44c2cdd8adfacb906362837ed449e96fcf761de4b1f26388b66b6edabe,plain,0,0
40c436f4ac5193735d05cfe2375d29449a90269a718fba9d7af179317688e2fb,mal_train,lockbit,1,x86,100867,100000,mal_train/lockbit/40c436f4ac5193735d05cfe2375d29449a90269a718fba9d7af179317688e2fb.asm,40c436f4ac5193735d05cfe2375d29449a90269a718fba9d7af179317688e2fb,plain,865,1
411c61de0ff1356abeb8daed0e63c8214fd73685e6f3b6f73c96d07250d8542c,mal_train,lockbit,1,x86,72247,71388,mal_train/lockbit/411c61de0ff1356abeb8daed0e63c8214fd73685e6f3b6f73c96d07250d8542c.asm,411c61de0ff1356abeb8daed0e63c8214fd73685e6f3b6f73c96d07250d8542c,plain,858,0
43ae62f2d7be7a9bf34c9a46ce26b94e8f73c8b7ea434830f51553a0fc820d1b,mal_train,lockbit,1,x86,100867,100000,mal_train/lockbit/43ae62f2d7be7a9bf34c9a46ce26b94e8f73c8b7ea434830f51553a0fc820d1b.asm,43ae62f2d7be7a9bf34c9a46ce26b94e8f73c8b7ea434830f51553a0fc820d1b,plain,865,1
4672f4ade47a4717255db6bcd9ae1fb6f4d71e85d059bb08e65df55d416126eb,mal_train,lockbit,1,x86,100867,100000,mal_train/lockbit/4672f4ade47a4717255db6bcd9ae1fb6f4d71e85d059bb08e65df55d416126eb.asm,4672f4ade47a4717255db6bcd9ae1fb6f4d71e85d059bb08e65df55d416126eb,plain,865,1
50d08c974f7abce2da5c2a8976d3c6017334a418359d7bb031bd0914b848b24a,mal_train,lockbit,1,x86,100867,100000,mal_train/lockbit/50d08c974f7abce2da5c2a8976d3c6017334a418359d7bb031bd0914b848b24a.asm,50d08c974f7abce2da5c2a8976d3c6017334a418359d7bb031bd0914b848b24a,plain,865,1
51634f69ba2c47e171bc6ca7acb570eefe3fafdc2dfa78be46d9f1920cb309bd,mal_train,lockbit,1,x86,100867,100000,mal_train/lockbit/51634f69ba2c47e171bc6ca7acb570eefe3fafdc2dfa78be46d9f1920cb309bd.asm,51634f69ba2c47e171bc6ca7acb570eefe3fafdc2dfa78be46d9f1920cb309bd,plain,865,1
53cb4674c759d5b16aa29618d36a6008e5d730585a1bcf3b465fd2517a0e90c2,mal_train,lockbit,1,x86,100864,100000,mal_train/lockbit/53cb4674c759d5b16aa29618d36a6008e5d730585a1bcf3b465fd2517a0e90c2.asm,53cb4674c759d5b16aa29618d36a6008e5d730585a1bcf3b465fd2517a0e90c2,plain,862,1
54664bedb8b1e8e5a05a60490739080c757a234a71cbee0917f1bdfde3c95b97,mal_train,lockbit,1,x86,31795,31794,mal_train/lockbit/54664bedb8b1e8e5a05a60490739080c757a234a71cbee0917f1bdfde3c95b97.asm,54664bedb8b1e8e5a05a60490739080c757a234a71cbee0917f1bdfde3c95b97,plain,0,0
54d14a53b99a62a19cd544c389fdf2dff02bea9fcaee7cf54f81b3ba8442877f,mal_train,lockbit,1,x86,72247,71388,mal_train/lockbit/54d14a53b99a62a19cd544c389fdf2dff02bea9fcaee7cf54f81b3ba8442877f.asm,54d14a53b99a62a19cd544c389fdf2dff02bea9fcaee7cf54f81b3ba8442877f,plain,858,0
5a67b802ccb3ff343066d6f285b8c933dbd9b43da1e7592f512d54d6e517b5ee,mal_train,lockbit,1,x86,100867,100000,mal_train/lockbit/5a67b802ccb3ff343066d6f285b8c933dbd9b43da1e7592f512d54d6e517b5ee.asm,5a67b802ccb3ff343066d6f285b8c933dbd9b43da1e7592f512d54d6e517b5ee,plain,865,1
626a4fa1f52623e89b3011c37c2d3ca4069dc5a4d3f5c4f74d4579c2d3d50356,mal_train,lockbit,1,x86,100867,100000,mal_train/lockbit/626a4fa1f52623e89b3011c37c2d3ca4069dc5a4d3f5c4f74d4579c2d3d50356.asm,626a4fa1f52623e89b3011c37c2d3ca4069dc5a4d3f5c4f74d4579c2d3d50356,plain,865,1
69310d0c9f42dd45ee986a3220f40e860ce4c9b24ab83a85c4f2f5c15439d6f5,mal_train,lockbit,1,x86,100867,100000,mal_train/lockbit/69310d0c9f42dd45ee986a3220f40e860ce4c9b24ab83a85c4f2f5c15439d6f5.asm,69310d0c9f42dd45ee986a3220f40e860ce4c9b24ab83a85c4f2f5c15439d6f5,plain,865,1
7363f13db048624a97528e2a2592e6657e4882028933506b5df9ecc62f869528,mal_train,lockbit,1,x86,100867,100000,mal_train/lockbit/7363f13db048624a97528e2a2592e6657e4882028933506b5df9ecc62f869528.asm,7363f13db048624a97528e2a2592e6657e4882028933506b5df9ecc62f869528,plain,865,1
80e8fadc73c34a227ed4cc9c5c822391c593c3eaba8d841feb4f4b3c7234d08e,mal_train,lockbit,1,x86,100864,100000,mal_train/lockbit/80e8fadc73c34a227ed4cc9c5c822391c593c3eaba8d841feb4f4b3c7234d08e.asm,80e8fadc73c34a227ed4cc9c5c822391c593c3eaba8d841feb4f4b3c7234d08e,plain,862,1
85d83b744c8837c9391358a4e75e364d52aa35e7727b61331b5085be363d59b3,mal_train,lockbit,1,x86,72247,71388,mal_train/lockbit/85d83b744c8837c9391358a4e75e364d52aa35e7727b61331b5085be363d59b3.asm,85d83b744c8837c9391358a4e75e364d52aa35e7727b61331b5085be363d59b3,plain,858,0
8d141b8ef137032125cece55ec945038c35d4eeed54ce43e0b99c2731e8790ba,mal_train,lockbit,1,x86,100867,100000,mal_train/lockbit/8d141b8ef137032125cece55ec945038c35d4eeed54ce43e0b99c2731e8790ba.asm,8d141b8ef137032125cece55ec945038c35d4eeed54ce43e0b99c2731e8790ba,plain,865,1
95739e350d7f2aca2c609768ee72ad67fcf05efca5c7ad8df3027c82b9c454cf,mal_train,lockbit,1,x86,31795,31794,mal_train/lockbit/95739e350d7f2aca2c609768ee72ad67fcf05efca5c7ad8df3027c82b9c454cf.asm,95739e350d7f2aca2c609768ee72ad67fcf05efca5c7ad8df3027c82b9c454cf,plain,0,0
9dd6cc25b2f920b825e15682a4d06435a42b281674ba6e99c8e2b2222c9d638f,mal_train,lockbit,1,x86,100866,100000,mal_train/lockbit/9dd6cc25b2f920b825e15682a4d06435a42b281674ba6e99c8e2b2222c9d638f.asm,9dd6cc25b2f920b825e15682a4d06435a42b281674ba6e99c8e2b2222c9d638f,plain,864,1
a2ad5cc5045a1645f07da7eab14ba13eb69ab7286204f61ba6a4226bfade7f17,mal_train,lockbit,1,x86,100867,100000,mal_train/lockbit/a2ad5cc5045a1645f07da7eab14ba13eb69ab7286204f61ba6a4226bfade7f17.asm,a2ad5cc5045a1645f07da7eab14ba13eb69ab7286204f61ba6a4226bfade7f17,plain,865,1
a4c7080ed8a6caa39e35dd47234c0960f91e43135186378c064f90291a0455c6,mal_train,lockbit,1,x86,100867,100000,mal_train/lockbit/a4c7080ed8a6caa39e35dd47234c0960f91e43135186378c064f90291a0455c6.asm,a4c7080ed8a6caa39e35dd47234c0960f91e43135186378c064f90291a0455c6,plain,865,1
a696ad284e82463e8e7942976bc517feb4247e42d14595c5997c2e6558dc17a9,mal_train,lockbit,1,x86,31795,31794,mal_train/lockbit/a696ad284e82463e8e7942976bc517feb4247e42d14595c5997c2e6558dc17a9.asm,a696ad284e82463e8e7942976bc517feb4247e42d14595c5997c2e6558dc17a9,plain,0,0
a9cb8fb06970ee8652983bdad227d24f50133853b64e29b76bae98b4063409b3,mal_train,lockbit,1,x86,100867,100000,mal_train/lockbit/a9cb8fb06970ee8652983bdad227d24f50133853b64e29b76bae98b4063409b3.asm,a9cb8fb06970ee8652983bdad227d24f50133853b64e29b76bae98b4063409b3,plain,865,1
ac123fae7b38fab3b9dfc3b28af23688d1ad1e66b659ab38e75ca334d7c91bf2,mal_train,lockbit,1,x86,100867,100000,mal_train/lockbit/ac123fae7b38fab3b9dfc3b28af23688d1ad1e66b659ab38e75ca334d7c91bf2.asm,ac123fae7b38fab3b9dfc3b28af23688d1ad1e66b659ab38e75ca334d7c91bf2,plain,865,1
b726d6252d6177be9e6d93ee8dffedc1949e37af927a90b28b8ca97e3208d9a6,mal_train,lockbit,1,x86,103217,100000,mal_train/lockbit/b726d6252d6177be9e6d93ee8dffedc1949e37af927a90b28b8ca97e3208d9a6.asm,b726d6252d6177be9e6d93ee8dffedc1949e37af927a90b28b8ca97e3208d9a6,packed_other,3215,1
bcbb1e388759eea5c1fbb4f35c29b6f66f3f4ca4c715bab35c8fc56dcf3fa621,mal_train,lockbit,1,x86,100867,100000,mal_train/lockbit/bcbb1e388759eea5c1fbb4f35c29b6f66f3f4ca4c715bab35c8fc56dcf3fa621.asm,bcbb1e388759eea5c1fbb4f35c29b6f66f3f4ca4c715bab35c8fc56dcf3fa621,plain,865,1
bdc2801e747ee4dd2b50b1ecd3fa3eb53b6c8101ec37eff8d18e485a7f4a7bd0,mal_train,lockbit,1,x86,100867,100000,mal_train/lockbit/bdc2801e747ee4dd2b50b1ecd3fa3eb53b6c8101ec37eff8d18e485a7f4a7bd0.asm,bdc2801e747ee4dd2b50b1ecd3fa3eb53b6c8101ec37eff8d18e485a7f4a7bd0,plain,865,1
c64105b9808685b07ce4a6d47d797cbe7c045101fb793ff9389a6620c7755bb7,mal_train,lockbit,1,x86,100867,100000,mal_train/lockbit/c64105b9808685b07ce4a6d47d797cbe7c045101fb793ff9389a6620c7755bb7.asm,c64105b9808685b07ce4a6d47d797cbe7c045101fb793ff9389a6620c7755bb7,plain,865,1
d03a96edaf798e9a80442f4fc4fe0c8cb1a2ba3a1876f9defdc6c28ba266a77d,mal_train,lockbit,1,x86,100867,100000,mal_train/lockbit/d03a96edaf798e9a80442f4fc4fe0c8cb1a2ba3a1876f9defdc6c28ba266a77d.asm,d03a96edaf798e9a80442f4fc4fe0c8cb1a2ba3a1876f9defdc6c28ba266a77d,plain,865,1
d0de5ea05083d0284943accb929c6700592b230af4d6b05e281760b64b97802e,mal_train,lockbit,1,x86,100867,100000,mal_train/lockbit/d0de5ea05083d0284943accb929c6700592b230af4d6b05e281760b64b97802e.asm,d0de5ea05083d0284943accb929c6700592b230af4d6b05e281760b64b97802e,plain,865,1
d5ea463e0719ee2d1705ff305cdd8529bd2ff23dde79c502c4f478937a91f874,mal_train,lockbit,1,x86,31795,31794,mal_train/lockbit/d5ea463e0719ee2d1705ff305cdd8529bd2ff23dde79c502c4f478937a91f874.asm,d5ea463e0719ee2d1705ff305cdd8529bd2ff23dde79c502c4f478937a91f874,plain,0,0
dad101c7193fd0b995723ec830aade763d853665fdc9cf9f0bc77adf25b460ce,mal_train,lockbit,1,x86,100867,100000,mal_train/lockbit/dad101c7193fd0b995723ec830aade763d853665fdc9cf9f0bc77adf25b460ce.asm,dad101c7193fd0b995723ec830aade763d853665fdc9cf9f0bc77adf25b460ce,plain,865,1
dec4ca3a0863919f85c2a1a4a7e607e68063a9be1719ccb395353fe4a2d087e5,mal_train,lockbit,1,x86,100867,100000,mal_train/lockbit/dec4ca3a0863919f85c2a1a4a7e607e68063a9be1719ccb395353fe4a2d087e5.asm,dec4ca3a0863919f85c2a1a4a7e607e68063a9be1719ccb395353fe4a2d087e5,plain,865,1
df232fc543fc078df14cd07e7ad676d1b53e1de4f1909512ac97b03c2e1d1c51,mal_train,lockbit,1,x86,100867,100000,mal_train/lockbit/df232fc543fc078df14cd07e7ad676d1b53e1de4f1909512ac97b03c2e1d1c51.asm,df232fc543fc078df14cd07e7ad676d1b53e1de4f1909512ac97b03c2e1d1c51,plain,865,1
dfc52af21bad04c3860c0cdb5c8e7760b3fd1e5abbe038154f956a7dd1d6437c,mal_train,lockbit,1,x86,100867,100000,mal_train/lockbit/dfc52af21bad04c3860c0cdb5c8e7760b3fd1e5abbe038154f956a7dd1d6437c.asm,dfc52af21bad04c3860c0cdb5c8e7760b3fd1e5abbe038154f956a7dd1d6437c,plain,865,1
e216372e4328f1cf5cf39a73540b508adc8d777fef90ca77af635c2331deb5cc,mal_train,lockbit,1,x86,100867,100000,mal_train/lockbit/e216372e4328f1cf5cf39a73540b508adc8d777fef90ca77af635c2331deb5cc.asm,e216372e4328f1cf5cf39a73540b508adc8d777fef90ca77af635c2331deb5cc,plain,865,1
e31c78b7d21539b10d3b70317135f843217881270f7356b0a2e197d698833d01,mal_train,lockbit,1,x86,100867,100000,mal_train/lockbit/e31c78b7d21539b10d3b70317135f843217881270f7356b0a2e197d698833d01.asm,e31c78b7d21539b10d3b70317135f843217881270f7356b0a2e197d698833d01,plain,865,1
e75e79383b75613f4c1b87eef929cf719d9b344c4de122ab4139ad2328d38aed,mal_train,lockbit,1,x86,100867,100000,mal_train/lockbit/e75e79383b75613f4c1b87eef929cf719d9b344c4de122ab4139ad2328d38aed.asm,e75e79383b75613f4c1b87eef929cf719d9b344c4de122ab4139ad2328d38aed,plain,865,1
ead321bd27e49aa74c46662449189289dede9d0a70b017abaf9fe3a4c76e5760,mal_train,lockbit,1,x86,100867,100000,mal_train/lockbit/ead321bd27e49aa74c46662449189289dede9d0a70b017abaf9fe3a4c76e5760.asm,ead321bd27e49aa74c46662449189289dede9d0a70b017abaf9fe3a4c76e5760,plain,865,1
ee2115e39ffc78a185d533fab74ee5683f233c3d0865443ea9fcadead1fc99ea,mal_train,lockbit,1,x86,100864,100000,mal_train/lockbit/ee2115e39ffc78a185d533fab74ee5683f233c3d0865443ea9fcadead1fc99ea.asm,ee2115e39ffc78a185d533fab74ee5683f233c3d0865443ea9fcadead1fc99ea,plain,862,1
faaa06208acdf230496128dfd656984d3f0f99a9b5be4f2cbaaec0bb830bdcf9,mal_train,lockbit,1,x86,31795,31794,mal_train/lockbit/faaa06208acdf230496128dfd656984d3f0f99a9b5be4f2cbaaec0bb830bdcf9.asm,faaa06208acdf230496128dfd656984d3f0f99a9b5be4f2cbaaec0bb830bdcf9,plain,0,0
07d305bba3b31f810315d3c0a835e1bdb11e325f410a14fd7b732b8afda69507,mal_train,makop,1,x86,8516,8515,mal_train/makop/07d305bba3b31f810315d3c0a835e1bdb11e325f410a14fd7b732b8afda69507.asm,07d305bba3b31f810315d3c0a835e1bdb11e325f410a14fd7b732b8afda69507,plain,0,0
1066b29d5f34d57efa4877907fa846ea474c3f03b5c0759171929195347fa00c,mal_train,makop,1,x86,8405,8404,mal_train/makop/1066b29d5f34d57efa4877907fa846ea474c3f03b5c0759171929195347fa00c.asm,1066b29d5f34d57efa4877907fa846ea474c3f03b5c0759171929195347fa00c,plain,0,0
176cb863f10a9f2fac32eb5d75c01c91dadb99d229db56d2535a25067e55835f,mal_train,makop,1,x86,6300,6299,mal_train/makop/176cb863f10a9f2fac32eb5d75c01c91dadb99d229db56d2535a25067e55835f.asm,176cb863f10a9f2fac32eb5d75c01c91dadb99d229db56d2535a25067e55835f,plain,0,0
28aeaf450afc07c4db9c35814e130ca2c0b8448c85b573bbb59337c794782980,mal_train,makop,1,x86,8405,8404,mal_train/makop/28aeaf450afc07c4db9c35814e130ca2c0b8448c85b573bbb59337c794782980.asm,28aeaf450afc07c4db9c35814e130ca2c0b8448c85b573bbb59337c794782980,plain,0,0
4cd59f4f2c399a3f23e2b4ae73d80a2136b2aed895bec72fa12e9b52a750d2cc,mal_train,makop,1,x86,8405,8404,mal_train/makop/4cd59f4f2c399a3f23e2b4ae73d80a2136b2aed895bec72fa12e9b52a750d2cc.asm,4cd59f4f2c399a3f23e2b4ae73d80a2136b2aed895bec72fa12e9b52a750d2cc,plain,0,0
560d7fbb78858d4337f9a97226e137a27db581721641bab2e11d34ce55f5ddba,mal_train,makop,1,x86,11202,11201,mal_train/makop/560d7fbb78858d4337f9a97226e137a27db581721641bab2e11d34ce55f5ddba.asm,560d7fbb78858d4337f9a97226e137a27db581721641bab2e11d34ce55f5ddba,plain,0,0
77703bf5f0224b4b6bc3c2333300eac887ce49e3e0bb4bc3d20b7e33cee749de,mal_train,makop,1,x86,8405,8404,mal_train/makop/77703bf5f0224b4b6bc3c2333300eac887ce49e3e0bb4bc3d20b7e33cee749de.asm,77703bf5f0224b4b6bc3c2333300eac887ce49e3e0bb4bc3d20b7e33cee749de,plain,0,0
89a12a1980732a6d039f48d358968903f2a5af157413bdf3310dd0ebe765ae40,mal_train,makop,1,x86,10941,10940,mal_train/makop/89a12a1980732a6d039f48d358968903f2a5af157413bdf3310dd0ebe765ae40.asm,89a12a1980732a6d039f48d358968903f2a5af157413bdf3310dd0ebe765ae40,plain,0,0
91e573ed92344a8eb7110e6af97f10b9f848f25f9f1a0fe411e2eef39e3dc342,mal_train,makop,1,x86,36522,36516,mal_train/makop/91e573ed92344a8eb7110e6af97f10b9f848f25f9f1a0fe411e2eef39e3dc342.asm,91e573ed92344a8eb7110e6af97f10b9f848f25f9f1a0fe411e2eef39e3dc342,plain,5,0
a617fdbff227afe8c89ba96d34724fb03c0c08857c508c8c80f3fedc916fe2b4,mal_train,makop,1,x86,8825,8824,mal_train/makop/a617fdbff227afe8c89ba96d34724fb03c0c08857c508c8c80f3fedc916fe2b4.asm,a617fdbff227afe8c89ba96d34724fb03c0c08857c508c8c80f3fedc916fe2b4,plain,0,0
a6566bc4c76a36a0e880d2151e0a86a59c3af57082b7c83a669dba3f28afb959,mal_train,makop,1,x86,8516,8515,mal_train/makop/a6566bc4c76a36a0e880d2151e0a86a59c3af57082b7c83a669dba3f28afb959.asm,a6566bc4c76a36a0e880d2151e0a86a59c3af57082b7c83a669dba3f28afb959,plain,0,0
bc0ed3e73b8d1fdc839f2e8ed3578ca3221dba4eb984e581cb00dfb4cdfb7d49,mal_train,makop,1,x86,9228,9227,mal_train/makop/bc0ed3e73b8d1fdc839f2e8ed3578ca3221dba4eb984e581cb00dfb4cdfb7d49.asm,bc0ed3e73b8d1fdc839f2e8ed3578ca3221dba4eb984e581cb00dfb4cdfb7d49,plain,0,0
bc7965625bc87ba2730d9261ff122cf0a1d17cb64b8dad7a4b83d17029c8e1b4,mal_train,makop,1,x86,48673,48369,mal_train/makop/bc7965625bc87ba2730d9261ff122cf0a1d17cb64b8dad7a4b83d17029c8e1b4.asm,bc7965625bc87ba2730d9261ff122cf0a1d17cb64b8dad7a4b83d17029c8e1b4,plain,302,0
c23f9fca61a45de8a8808706523039b6385bc55d4b2b9545a5babf9d472700ec,mal_train,makop,1,x86,9879,9878,mal_train/makop/c23f9fca61a45de8a8808706523039b6385bc55d4b2b9545a5babf9d472700ec.asm,c23f9fca61a45de8a8808706523039b6385bc55d4b2b9545a5babf9d472700ec,plain,0,0
c311e0cd1b2052427260e95e3c7268451456167eb256a6032aa82d8e93ff6e34,mal_train,makop,1,x86,8748,8747,mal_train/makop/c311e0cd1b2052427260e95e3c7268451456167eb256a6032aa82d8e93ff6e34.asm,c311e0cd1b2052427260e95e3c7268451456167eb256a6032aa82d8e93ff6e34,plain,0,0
c34d0660da24b48480de58aaa394bd27f5a5b1ed9249d897ca4dde70312a87ec,mal_train,makop,1,x86,8516,8515,mal_train/makop/c34d0660da24b48480de58aaa394bd27f5a5b1ed9249d897ca4dde70312a87ec.asm,c34d0660da24b48480de58aaa394bd27f5a5b1ed9249d897ca4dde70312a87ec,plain,0,0
cb81d92235ea10499bf064b26c233dc498d24568e5b74f62249d63d1cf2a6c59,mal_train,makop,1,x86,8516,8515,mal_train/makop/cb81d92235ea10499bf064b26c233dc498d24568e5b74f62249d63d1cf2a6c59.asm,cb81d92235ea10499bf064b26c233dc498d24568e5b74f62249d63d1cf2a6c59,plain,0,0
d07923f73f1b5f41ab02c3239468bc0eacfe31c02b84814b6bc522a98d9b4b22,mal_train,makop,1,x86,8405,8404,mal_train/makop/d07923f73f1b5f41ab02c3239468bc0eacfe31c02b84814b6bc522a98d9b4b22.asm,d07923f73f1b5f41ab02c3239468bc0eacfe31c02b84814b6bc522a98d9b4b22,plain,0,0
d64a2e8e21b9dd345095cbbe7a32ef47ac3d33012d350b9ec198db3838ca5eaa,mal_train,makop,1,x86,9229,9228,mal_train/makop/d64a2e8e21b9dd345095cbbe7a32ef47ac3d33012d350b9ec198db3838ca5eaa.asm,d64a2e8e21b9dd345095cbbe7a32ef47ac3d33012d350b9ec198db3838ca5eaa,plain,0,0
d779233bd09cb2c570f3a0965956c184e16d4e4783617f1d8b0c2b1e00d2a21a,mal_train,makop,1,x86,9230,9229,mal_train/makop/d779233bd09cb2c570f3a0965956c184e16d4e4783617f1d8b0c2b1e00d2a21a.asm,d779233bd09cb2c570f3a0965956c184e16d4e4783617f1d8b0c2b1e00d2a21a,plain,0,0
db32b7db15bcb9e7bb62465c78cd268cc62961f3d7038e4d52d2ac440f431108,mal_train,makop,1,x86,24675,24350,mal_train/makop/db32b7db15bcb9e7bb62465c78cd268cc62961f3d7038e4d52d2ac440f431108.asm,db32b7db15bcb9e7bb62465c78cd268cc62961f3d7038e4d52d2ac440f431108,packed_other,324,0
dc4f16af2ff3065b35e8b87c244c36013d228ed81f3f652d87637a968193a1c8,mal_train,makop,1,x86,11201,11200,mal_train/makop/dc4f16af2ff3065b35e8b87c244c36013d228ed81f3f652d87637a968193a1c8.asm,dc4f16af2ff3065b35e8b87c244c36013d228ed81f3f652d87637a968193a1c8,plain,0,0
dc8fe9639a589c71112fc94da954701a72bcfc3f31df71ad52d10e6a5c3eb29f,mal_train,makop,1,x86,9799,9798,mal_train/makop/dc8fe9639a589c71112fc94da954701a72bcfc3f31df71ad52d10e6a5c3eb29f.asm,dc8fe9639a589c71112fc94da954701a72bcfc3f31df71ad52d10e6a5c3eb29f,plain,0,0
dffefbde27442b9095388b1871ffdc101c430b9a814138be4f962328a5b73fde,mal_train,makop,1,x86,8405,8404,mal_train/makop/dffefbde27442b9095388b1871ffdc101c430b9a814138be4f962328a5b73fde.asm,dffefbde27442b9095388b1871ffdc101c430b9a814138be4f962328a5b73fde,plain,0,0
e4133986284c2640065ed2cc5798ee1751479732c169a8728f41536306a42ba2,mal_train,makop,1,x86,9788,9787,mal_train/makop/e4133986284c2640065ed2cc5798ee1751479732c169a8728f41536306a42ba2.asm,e4133986284c2640065ed2cc5798ee1751479732c169a8728f41536306a42ba2,plain,0,0
e85e974255245ba41d391acc207908eeddb5ec95285e5375496a89617c5fb843,mal_train,makop,1,x86,8516,8515,mal_train/makop/e85e974255245ba41d391acc207908eeddb5ec95285e5375496a89617c5fb843.asm,e85e974255245ba41d391acc207908eeddb5ec95285e5375496a89617c5fb843,plain,0,0
e93c9326e4e8fc5bee71382d44b314180187d1f8fd2c64ab3a6050958076710c,mal_train,makop,1,x86,25460,25145,mal_train/makop/e93c9326e4e8fc5bee71382d44b314180187d1f8fd2c64ab3a6050958076710c.asm,e93c9326e4e8fc5bee71382d44b314180187d1f8fd2c64ab3a6050958076710c,packed_other,314,0
eba743212808c7565cc2f69a3a72e4e8c8b3c4d666fffe4ac2ab740fc6be596f,mal_train,makop,1,x86,9434,9433,mal_train/makop/eba743212808c7565cc2f69a3a72e4e8c8b3c4d666fffe4ac2ab740fc6be596f.asm,eba743212808c7565cc2f69a3a72e4e8c8b3c4d666fffe4ac2ab740fc6be596f,plain,0,0
f8b9df9ad59e5ca3f91c0fd59d53a172205b1fee47496e85ed0711e6a8981bdd,mal_train,makop,1,x86,11203,11202,mal_train/makop/f8b9df9ad59e5ca3f91c0fd59d53a172205b1fee47496e85ed0711e6a8981bdd.asm,f8b9df9ad59e5ca3f91c0fd59d53a172205b1fee47496e85ed0711e6a8981bdd,plain,0,0
fa3621661fa0f97e266a8257980820cfd78272c11c7e2cfcd919fdf3356b3295,mal_train,makop,1,x86,11201,11200,mal_train/makop/fa3621661fa0f97e266a8257980820cfd78272c11c7e2cfcd919fdf3356b3295.asm,fa3621661fa0f97e266a8257980820cfd78272c11c7e2cfcd919fdf3356b3295,plain,0,0
fc257f64a0279bb5ae221b968d3f38bbb7237a8475c165c5a8430fe6633e3fe6,mal_train,makop,1,x86,8516,8515,mal_train/makop/fc257f64a0279bb5ae221b968d3f38bbb7237a8475c165c5a8430fe6633e3fe6.asm,fc257f64a0279bb5ae221b968d3f38bbb7237a8475c165c5a8430fe6633e3fe6,plain,0,0
fe52d906fa596e7ae16633074ff7178b3ac40e26a93f0009f1b33d5cbf219e91,mal_train,makop,1,x86,8488,8487,mal_train/makop/fe52d906fa596e7ae16633074ff7178b3ac40e26a93f0009f1b33d5cbf219e91.asm,fe52d906fa596e7ae16633074ff7178b3ac40e26a93f0009f1b33d5cbf219e91,plain,0,0
033d88301b55148a4498c2ec6b5209ad5f539c81b652e294889642a3aa0399c0,mal_train,maze,1,x86,75529,75167,mal_train/maze/033d88301b55148a4498c2ec6b5209ad5f539c81b652e294889642a3aa0399c0.asm,033d88301b55148a4498c2ec6b5209ad5f539c81b652e294889642a3aa0399c0,plain,361,0
04e22ab46a8d5dc5fea6c41ea6fdc913b793a4e33df8f0bc1868b72b180c0e6e,mal_train,maze,1,x86,102023,100000,mal_train/maze/04e22ab46a8d5dc5fea6c41ea6fdc913b793a4e33df8f0bc1868b72b180c0e6e.asm,04e22ab46a8d5dc5fea6c41ea6fdc913b793a4e33df8f0bc1868b72b180c0e6e,plain,2021,1
05297f8224bf663a3376a5983377e747a56256a18b30c914a2e10d5d5a144862,mal_train,maze,1,x86,76632,76309,mal_train/maze/05297f8224bf663a3376a5983377e747a56256a18b30c914a2e10d5d5a144862.asm,05297f8224bf663a3376a5983377e747a56256a18b30c914a2e10d5d5a144862,plain,322,0
0624ac72025625c84cf14eb1bb30791f4c0ceb1114796c261fb2a02dc70fbac3,mal_train,maze,1,x86,81154,80809,mal_train/maze/0624ac72025625c84cf14eb1bb30791f4c0ceb1114796c261fb2a02dc70fbac3.asm,0624ac72025625c84cf14eb1bb30791f4c0ceb1114796c261fb2a02dc70fbac3,plain,344,0
067f1b8f1e0b2bfe286f5169e17834e8cf7f4266b8d97f28ea78995dc81b0e7b,mal_train,maze,1,x86,100040,100000,mal_train/maze/067f1b8f1e0b2bfe286f5169e17834e8cf7f4266b8d97f28ea78995dc81b0e7b.asm,067f1b8f1e0b2bfe286f5169e17834e8cf7f4266b8d97f28ea78995dc81b0e7b,plain,38,1
0b9c99276ed36110afc58b3fb59ada135146180189c25d99618ca5897537ee21,mal_train,maze,1,x86,80716,80370,mal_train/maze/0b9c99276ed36110afc58b3fb59ada135146180189c25d99618ca5897537ee21.asm,0b9c99276ed36110afc58b3fb59ada135146180189c25d99618ca5897537ee21,plain,345,0
2a6c602769ac15bd837f9ff390acc443d023ee62f76e1be8236dd2dd957eef3d,mal_train,maze,1,x86,80346,79976,mal_train/maze/2a6c602769ac15bd837f9ff390acc443d023ee62f76e1be8236dd2dd957eef3d.asm,0d0a6f525dac3a44e345f33700160dc5bf32ac95c84ca1871836f6857db63c40,plain,369,0
a0ec83d873925b445308815d6f0a6ea1eddb90e38bb484f3ded27c66092ce8c0,mal_train,maze,1,x86,23304,23295,mal_train/maze/a0ec83d873925b445308815d6f0a6ea1eddb90e38bb484f3ded27c66092ce8c0.asm,0e03b75972bc00a096a75f4eb6b2245dc23731ed683fcc48d9ed4045069aa0fd,plain,8,0
0f489f6c5423d2c671655b14237dff2bd14cd8261c96e9a8c170980913f8d57e,mal_train,maze,1,x86,77647,77352,mal_train/maze/0f489f6c5423d2c671655b14237dff2bd14cd8261c96e9a8c170980913f8d57e.asm,0f489f6c5423d2c671655b14237dff2bd14cd8261c96e9a8c170980913f8d57e,plain,294,0
0fb01d846e2682ed2507367d2d4537c45800304410b270a13e94f1ca778d161e,mal_train,maze,1,x86,76720,76417,mal_train/maze/0fb01d846e2682ed2507367d2d4537c45800304410b270a13e94f1ca778d161e.asm,0fb01d846e2682ed2507367d2d4537c45800304410b270a13e94f1ca778d161e,plain,302,0
1156e9951df46c4854cf9bc5bb96101b0b923c4e10adcffc286a0a1078fcb3da,mal_train,maze,1,x86,80829,80473,mal_train/maze/1156e9951df46c4854cf9bc5bb96101b0b923c4e10adcffc286a0a1078fcb3da.asm,1156e9951df46c4854cf9bc5bb96101b0b923c4e10adcffc286a0a1078fcb3da,plain,355,0
1161b030293e58d15b6a6a814a61a6432cf2c98ce9d156986157b432f3ebcf78,mal_train,maze,1,x86,100051,100000,mal_train/maze/1161b030293e58d15b6a6a814a61a6432cf2c98ce9d156986157b432f3ebcf78.asm,1161b030293e58d15b6a6a814a61a6432cf2c98ce9d156986157b432f3ebcf78,plain,49,1
138e4c4e33a36e147d296a4d9695e3adf1a33611d97e0365dd3884be1c26c60e,mal_train,maze,1,x86,23976,23967,mal_train/maze/138e4c4e33a36e147d296a4d9695e3adf1a33611d97e0365dd3884be1c26c60e.asm,138e4c4e33a36e147d296a4d9695e3adf1a33611d97e0365dd3884be1c26c60e,plain,8,0
22ccc6a9a8834e08f190486524fb86b177f332b5835f4bd75f31b4b667271bb0,mal_train,maze,1,x86,80882,80536,mal_train/maze/22ccc6a9a8834e08f190486524fb86b177f332b5835f4bd75f31b4b667271bb0.asm,22ccc6a9a8834e08f190486524fb86b177f332b5835f4bd75f31b4b667271bb0,plain,345,0
2c69536793ab6f3a38bd0ab79d70ad8fb271b975c8c707175246f11d5be22f8c,mal_train,maze,1,x86,23343,23339,mal_train/maze/2c69536793ab6f3a38bd0ab79d70ad8fb271b975c8c707175246f11d5be22f8c.asm,2c69536793ab6f3a38bd0ab79d70ad8fb271b975c8c707175246f11d5be22f8c,plain,3,0
33afa2f1d53d5279b6fc87ce6834193fdd7e16e4b44e895aae4b9da00be0c502,mal_train,maze,1,x86,76347,76036,mal_train/maze/33afa2f1d53d5279b6fc87ce6834193fdd7e16e4b44e895aae4b9da00be0c502.asm,33afa2f1d53d5279b6fc87ce6834193fdd7e16e4b44e895aae4b9da00be0c502,plain,310,0
3645ca9ccd69bb7bef64843e8d79e20e98faee45c94f56dccb67a83616f8f827,mal_train,maze,1,x86,80882,80536,mal_train/maze/3645ca9ccd69bb7bef64843e8d79e20e98faee45c94f56dccb67a83616f8f827.asm,3645ca9ccd69bb7bef64843e8d79e20e98faee45c94f56dccb67a83616f8f827,plain,345,0
3885589a3c94d0475a6d994e4644e682f4cff93f8b4d65f37508ffe706861363,mal_train,maze,1,x86,25018,25006,mal_train/maze/3885589a3c94d0475a6d994e4644e682f4cff93f8b4d65f37508ffe706861363.asm,3885589a3c94d0475a6d994e4644e682f4cff93f8b4d65f37508ffe706861363,plain,11,0
4263eacd358d5ef9efacff1f63ff79487639136c0268938755a4bfe3f5797167,mal_train,maze,1,x86,101127,100000,mal_train/maze/4263eacd358d5ef9efacff1f63ff79487639136c0268938755a4bfe3f5797167.asm,4263eacd358d5ef9efacff1f63ff79487639136c0268938755a4bfe3f5797167,plain,1125,1
4674a5f259bdca4233d6e20c7797dd66db2a841be82dc9b73b71e04c51b546c9,mal_train,maze,1,x86,76632,76309,mal_train/maze/4674a5f259bdca4233d6e20c7797dd66db2a841be82dc9b73b71e04c51b546c9.asm,4674a5f259bdca4233d6e20c7797dd66db2a841be82dc9b73b71e04c51b546c9,plain,322,0
4744bd1157df9fd3864cd5cbfd46cfc167d7708ff6414aee4a034bbab1e03272,mal_train,maze,1,x86,76792,76483,mal_train/maze/4744bd1157df9fd3864cd5cbfd46cfc167d7708ff6414aee4a034bbab1e03272.asm,4744bd1157df9fd3864cd5cbfd46cfc167d7708ff6414aee4a034bbab1e03272,plain,308,0
485da83d711d4f9b1f968c7c7e62b30a9987e7cc5a961e5b92a4ab9fcb11611d,mal_train,maze,1,x86,80882,80536,mal_train/maze/485da83d711d4f9b1f968c7c7e62b30a9987e7cc5a961e5b92a4ab9fcb11611d.asm,485da83d711d4f9b1f968c7c7e62b30a9987e7cc5a961e5b92a4ab9fcb11611d,plain,345,0
4a95493039deedeceb37ae0c4065f0c55dac7f6ec66a691acea0a693a830cfb0,mal_train,maze,1,x86,80882,80536,mal_train/maze/4a95493039deedeceb37ae0c4065f0c55dac7f6ec66a691acea0a693a830cfb0.asm,4a95493039deedeceb37ae0c4065f0c55dac7f6ec66a691acea0a693a830cfb0,plain,345,0
4c051e7271b06cf26f59d2076be6e543595ae8599d7c62b55dbfbc438d6e4fe8,mal_train,maze,1,x86,23343,23339,mal_train/maze/4c051e7271b06cf26f59d2076be6e543595ae8599d7c62b55dbfbc438d6e4fe8.asm,4c051e7271b06cf26f59d2076be6e543595ae8599d7c62b55dbfbc438d6e4fe8,plain,3,0
4debcfc3bae9fdb89f223c050e7b5ce3e63783ce811781e4721f112743fecebe,mal_train,maze,1,x86,25465,25452,mal_train/maze/4debcfc3bae9fdb89f223c050e7b5ce3e63783ce811781e4721f112743fecebe.asm,4debcfc3bae9fdb89f223c050e7b5ce3e63783ce811781e4721f112743fecebe,plain,12,0
4e2554b448424859b508433e6c4a043718343febc7894a849f446dd197b47d1e,mal_train,maze,1,x86,76632,76309,mal_train/maze/4e2554b448424859b508433e6c4a043718343febc7894a849f446dd197b47d1e.asm,4e2554b448424859b508433e6c4a043718343febc7894a849f446dd197b47d1e,plain,322,0
4feb2e00c0dc0c42f42fd2c93f48e350c37386768e7774f82cdc98c8bc8dbc69,mal_train,maze,1,x86,76935,76590,mal_train/maze/4feb2e00c0dc0c42f42fd2c93f48e350c37386768e7774f82cdc98c8bc8dbc69.asm,4feb2e00c0dc0c42f42fd2c93f48e350c37386768e7774f82cdc98c8bc8dbc69,plain,344,0
5094956aca00a39f205b83898e38dac3ef5c75781acf4c619af290079dea641b,mal_train,maze,1,x86,80882,80536,mal_train/maze/5094956aca00a39f205b83898e38dac3ef5c75781acf4c619af290079dea641b.asm,5094956aca00a39f205b83898e38dac3ef5c75781acf4c619af290079dea641b,plain,345,0
512cdfb0645fb0fe040c2ba7d37625cde03c2d0fe32966558f5374a19afa65ea,mal_train,maze,1,x86,81328,80982,mal_train/maze/512cdfb0645fb0fe040c2ba7d37625cde03c2d0fe32966558f5374a19afa65ea.asm,512cdfb0645fb0fe040c2ba7d37625cde03c2d0fe32966558f5374a19afa65ea,plain,345,0
5acbcc1df967d37bf86e429030c9c8ad43e84c8ec5d74bfe3737816c74994c18,mal_train,maze,1,x86,80716,80370,mal_train/maze/5acbcc1df967d37bf86e429030c9c8ad43e84c8ec5d74bfe3737816c74994c18.asm,5acbcc1df967d37bf86e429030c9c8ad43e84c8ec5d74bfe3737816c74994c18,plain,345,0
65c5d3e814ea91a79ce2864cd0e62c5683538d9724eb3122c5d9a3a4981ba52e,mal_train,maze,1,x86,77547,77197,mal_train/maze/65c5d3e814ea91a79ce2864cd0e62c5683538d9724eb3122c5d9a3a4981ba52e.asm,65c5d3e814ea91a79ce2864cd0e62c5683538d9724eb3122c5d9a3a4981ba52e,plain,349,0
7619b76b2b82ebb0e4d682a63ba22c8d776718e4e94feb72f1219b2ca6bc2ac7,mal_train,maze,1,x86,80882,80536,mal_train/maze/7619b76b2b82ebb0e4d682a63ba22c8d776718e4e94feb72f1219b2ca6bc2ac7.asm,7619b76b2b82ebb0e4d682a63ba22c8d776718e4e94feb72f1219b2ca6bc2ac7,plain,345,0
7642b9322ad6492c843c3f11c7c6c33157a903610cd1d7e8b46634330b355480,mal_train,maze,1,x86,75807,75511,mal_train/maze/7642b9322ad6492c843c3f11c7c6c33157a903610cd1d7e8b46634330b355480.asm,7642b9322ad6492c843c3f11c7c6c33157a903610cd1d7e8b46634330b355480,plain,295,0
767e8ba21d351fa1d93dbd9224d60b29b806221c9c5d30f24c6a4a5f73f3a6c1,mal_train,maze,1,x86,80716,80370,mal_train/maze/767e8ba21d351fa1d93dbd9224d60b29b806221c9c5d30f24c6a4a5f73f3a6c1.asm,767e8ba21d351fa1d93dbd9224d60b29b806221c9c5d30f24c6a4a5f73f3a6c1,plain,345,0
7f725e79ec9e7b2ffddb48296f6d9aeee9601a02a1645a20077844f1d9874684,mal_train,maze,1,x86,77081,76759,mal_train/maze/7f725e79ec9e7b2ffddb48296f6d9aeee9601a02a1645a20077844f1d9874684.asm,7f725e79ec9e7b2ffddb48296f6d9aeee9601a02a1645a20077844f1d9874684,plain,321,0
82ed2f75ac5249c733fd98cad6f9f9de4a3a624852d3ce49fbca03ac97dd5002,mal_train,maze,1,x86,101140,100000,mal_train/maze/82ed2f75ac5249c733fd98cad6f9f9de4a3a624852d3ce49fbca03ac97dd5002.asm,82ed2f75ac5249c733fd98cad6f9f9de4a3a624852d3ce49fbca03ac97dd5002,packed_other,1137,1
877c439da147bab8e2c32f03814e3973c22cbcd112d35bc2735b803ac9113da1,mal_train,maze,1,x86,80882,80536,mal_train/maze/877c439da147bab8e2c32f03814e3973c22cbcd112d35bc2735b803ac9113da1.asm,877c439da147bab8e2c32f03814e3973c22cbcd112d35bc2735b803ac9113da1,plain,345,0
a6bf25b3bfc2ab57ad8c1c7e130379a3a4dc0a97b6b3da04e27db79ed361e697,mal_train,maze,1,x86,23343,23339,mal_train/maze/a6bf25b3bfc2ab57ad8c1c7e130379a3a4dc0a97b6b3da04e27db79ed361e697.asm,a6bf25b3bfc2ab57ad8c1c7e130379a3a4dc0a97b6b3da04e27db79ed361e697,plain,3,0
ac457fc7c907ca04a4aa2e243d4b5120c58d338b44771c84e0d282d625d463a0,mal_train,maze,1,x86,79643,79320,mal_train/maze/ac457fc7c907ca04a4aa2e243d4b5120c58d338b44771c84e0d282d625d463a0.asm,ac457fc7c907ca04a4aa2e243d4b5120c58d338b44771c84e0d282d625d463a0,plain,322,0
b62c47fe08cdb67d2a9754ea95ce87aeb7bfb6a7fd0ae10e919494d4bbd234a0,mal_train,maze,1,x86,80882,80536,mal_train/maze/b62c47fe08cdb67d2a9754ea95ce87aeb7bfb6a7fd0ae10e919494d4bbd234a0.asm,b62c47fe08cdb67d2a9754ea95ce87aeb7bfb6a7fd0ae10e919494d4bbd234a0,plain,345,0
b8522cf655bc40aeb9e0f0ed9f5e423dc6f7148f2525ec2609d1f2d75c55772d,mal_train,maze,1,x64,75229,72734,mal_train/maze/b8522cf655bc40aeb9e0f0ed9f5e423dc6f7148f2525ec2609d1f2d75c55772d.asm,b8522cf655bc40aeb9e0f0ed9f5e423dc6f7148f2525ec2609d1f2d75c55772d,plain,2493,0
c212469a0a0f7956bb05cf955b846d31f905df8458f09645f3da51cd341a8fe5,mal_train,maze,1,x86,80882,80536,mal_train/maze/c212469a0a0f7956bb05cf955b846d31f905df8458f09645f3da51cd341a8fe5.asm,c212469a0a0f7956bb05cf955b846d31f905df8458f09645f3da51cd341a8fe5,plain,345,0
c926460840e4a88cd8f45cfabd4e59dcf804f97e502d773ee528c7dd7dd80ace,mal_train,maze,1,x86,84054,83699,mal_train/maze/c926460840e4a88cd8f45cfabd4e59dcf804f97e502d773ee528c7dd7dd80ace.asm,c926460840e4a88cd8f45cfabd4e59dcf804f97e502d773ee528c7dd7dd80ace,plain,353,0
d65fa9ed1220cfa12d22239ca62a4b5978bb613090fc1dcb0cccdf191151d125,mal_train,maze,1,x86,76477,76163,mal_train/maze/d65fa9ed1220cfa12d22239ca62a4b5978bb613090fc1dcb0cccdf191151d125.asm,d65fa9ed1220cfa12d22239ca62a4b5978bb613090fc1dcb0cccdf191151d125,plain,313,0
ddf779192b026a7c9e207b4fa65a8cf134cb4a6ed21aa768958a8cb8332fef69,mal_train,maze,1,x86,81347,80995,mal_train/maze/ddf779192b026a7c9e207b4fa65a8cf134cb4a6ed21aa768958a8cb8332fef69.asm,ddf779192b026a7c9e207b4fa65a8cf134cb4a6ed21aa768958a8cb8332fef69,plain,351,0
e8a091a84dd2ea7ee429135ff48e9f48f7787637ccb79f6c3eb42f34588bc684,mal_train,maze,1,x86,26863,26858,mal_train/maze/e8a091a84dd2ea7ee429135ff48e9f48f7787637ccb79f6c3eb42f34588bc684.asm,e8a091a84dd2ea7ee429135ff48e9f48f7787637ccb79f6c3eb42f34588bc684,plain,4,0
ecd04ebbb3df053ce4efa2b73912fd4d086d1720f9b410235ee9c1e529ea52a2,mal_train,maze,1,x86,80907,80555,mal_train/maze/ecd04ebbb3df053ce4efa2b73912fd4d086d1720f9b410235ee9c1e529ea52a2.asm,ecd04ebbb3df053ce4efa2b73912fd4d086d1720f9b410235ee9c1e529ea52a2,plain,351,0
f03172bd32ed16df6dda8e8146d24b073b864da59d669218fcc5e97835a5e956,mal_train,maze,1,x86,80882,80536,mal_train/maze/f03172bd32ed16df6dda8e8146d24b073b864da59d669218fcc5e97835a5e956.asm,f03172bd32ed16df6dda8e8146d24b073b864da59d669218fcc5e97835a5e956,plain,345,0
00ed4c347cd62526226363a0aceb851b2ef7e3a4da78433a28f2cd6cbd5f1b99,mal_train,mountlocker,1,x64,6953,6945,mal_train/mountlocker/00ed4c347cd62526226363a0aceb851b2ef7e3a4da78433a28f2cd6cbd5f1b99.asm,00ed4c347cd62526226363a0aceb851b2ef7e3a4da78433a28f2cd6cbd5f1b99,plain,7,0
0aa8099c5a65062ba4baec8274e1a0650ff36e757a91312e1755fded50a79d47,mal_train,mountlocker,1,x64,2620,2619,mal_train/mountlocker/0aa8099c5a65062ba4baec8274e1a0650ff36e757a91312e1755fded50a79d47.asm,0aa8099c5a65062ba4baec8274e1a0650ff36e757a91312e1755fded50a79d47,plain,0,0
187610fb06cc60c73c0062b593c5fe3ba29e0436e396969feb9ed25391ff7e8b,mal_train,mountlocker,1,x64,4251,4243,mal_train/mountlocker/187610fb06cc60c73c0062b593c5fe3ba29e0436e396969feb9ed25391ff7e8b.asm,187610fb06cc60c73c0062b593c5fe3ba29e0436e396969feb9ed25391ff7e8b,plain,7,0
226a723ffb4a91d9950a8b266167c5b354ab0db1dc225578494917fe53867ef2,mal_train,mountlocker,1,x86,55660,55420,mal_train/mountlocker/226a723ffb4a91d9950a8b266167c5b354ab0db1dc225578494917fe53867ef2.asm,226a723ffb4a91d9950a8b266167c5b354ab0db1dc225578494917fe53867ef2,plain,239,0
4a5ac3c6f8383cc33c795804ba5f7f5553c029bbb4a6d28f1e4d8fb5107902c1,mal_train,mountlocker,1,x64,6953,6945,mal_train/mountlocker/4a5ac3c6f8383cc33c795804ba5f7f5553c029bbb4a6d28f1e4d8fb5107902c1.asm,4a5ac3c6f8383cc33c795804ba5f7f5553c029bbb4a6d28f1e4d8fb5107902c1,plain,7,0
4b917b60f4df6d6d08e895d179a22dcb7c38c6a6a6f39c96c3ded10368d86273,mal_train,mountlocker,1,x86,2945,2944,mal_train/mountlocker/4b917b60f4df6d6d08e895d179a22dcb7c38c6a6a6f39c96c3ded10368d86273.asm,4b917b60f4df6d6d08e895d179a22dcb7c38c6a6a6f39c96c3ded10368d86273,plain,0,0
5eae13527d4e39059025c3e56dad966cf67476fe7830090e40c14d0a4046adf0,mal_train,mountlocker,1,x64,2620,2619,mal_train/mountlocker/5eae13527d4e39059025c3e56dad966cf67476fe7830090e40c14d0a4046adf0.asm,5eae13527d4e39059025c3e56dad966cf67476fe7830090e40c14d0a4046adf0,plain,0,0
8b539f3ba05fe82c4f992ffbeb6ab55151b36dce2d03b64721e966dedf82be81,mal_train,mountlocker,1,x64,4251,4243,mal_train/mountlocker/8b539f3ba05fe82c4f992ffbeb6ab55151b36dce2d03b64721e966dedf82be81.asm,8b539f3ba05fe82c4f992ffbeb6ab55151b36dce2d03b64721e966dedf82be81,plain,7,0
96056182d93b582b3d56bd82a560bafd5cde413c4ca216f4f62ab446c61c9b6a,mal_train,mountlocker,1,x86,1902,1901,mal_train/mountlocker/96056182d93b582b3d56bd82a560bafd5cde413c4ca216f4f62ab446c61c9b6a.asm,96056182d93b582b3d56bd82a560bafd5cde413c4ca216f4f62ab446c61c9b6a,plain,0,0
b26749b17ca691328ba67ee49d4d9997c101966c607ab578afad204459b7bf8f,mal_train,mountlocker,1,x86,29537,29535,mal_train/mountlocker/b26749b17ca691328ba67ee49d4d9997c101966c607ab578afad204459b7bf8f.asm,b26749b17ca691328ba67ee49d4d9997c101966c607ab578afad204459b7bf8f,plain,1,0
d228d35fcc1dfff6e5cb2a251f6dd4b1306f9e21faffe99bef0fd0aedd830e4e,mal_train,mountlocker,1,x64,6699,6691,mal_train/mountlocker/d228d35fcc1dfff6e5cb2a251f6dd4b1306f9e21faffe99bef0fd0aedd830e4e.asm,d228d35fcc1dfff6e5cb2a251f6dd4b1306f9e21faffe99bef0fd0aedd830e4e,plain,7,0
e435a95489a4ebdfdc12031091f92a7f9c5e3f6cc9b55355ee4030d82553e9ac,mal_train,mountlocker,1,x64,3096,3095,mal_train/mountlocker/e435a95489a4ebdfdc12031091f92a7f9c5e3f6cc9b55355ee4030d82553e9ac.asm,e435a95489a4ebdfdc12031091f92a7f9c5e3f6cc9b55355ee4030d82553e9ac,plain,0,0
e7c277aae66085f1e0c4789fe51cac50e3ea86d79c8a242ffc066ed0b0548037,mal_train,mountlocker,1,x86,101571,100000,mal_train/mountlocker/e7c277aae66085f1e0c4789fe51cac50e3ea86d79c8a242ffc066ed0b0548037.asm,e7c277aae66085f1e0c4789fe51cac50e3ea86d79c8a242ffc066ed0b0548037,plain,1569,1
f570d5b17671e6f3e56eae6ad87be3a6bbfac46c677e478618afd9f59bf35963,mal_train,mountlocker,1,x64,2620,2619,mal_train/mountlocker/f570d5b17671e6f3e56eae6ad87be3a6bbfac46c677e478618afd9f59bf35963.asm,f570d5b17671e6f3e56eae6ad87be3a6bbfac46c677e478618afd9f59bf35963,plain,0,0
006c9ba4ca0218e7bd2c7c21653497d3215bbeefbc1f5c2781549b306bab8e5e,mal_train,nefilim,1,x64,100005,100000,mal_train/nefilim/006c9ba4ca0218e7bd2c7c21653497d3215bbeefbc1f5c2781549b306bab8e5e.asm,006c9ba4ca0218e7bd2c7c21653497d3215bbeefbc1f5c2781549b306bab8e5e,plain,3,1
08c7dfde13ade4b13350ae290616d7c2f4a87cbeac9a3886e90a175ee40fb641,mal_train,nefilim,1,x86,11838,11831,mal_train/nefilim/08c7dfde13ade4b13350ae290616d7c2f4a87cbeac9a3886e90a175ee40fb641.asm,08c7dfde13ade4b13350ae290616d7c2f4a87cbeac9a3886e90a175ee40fb641,plain,6,0
0bafde9b22d7147de8fdb852bcd529b1730acddc9eb71316b66c180106f777f5,mal_train,nefilim,1,x64,100005,100000,mal_train/nefilim/0bafde9b22d7147de8fdb852bcd529b1730acddc9eb71316b66c180106f777f5.asm,0bafde9b22d7147de8fdb852bcd529b1730acddc9eb71316b66c180106f777f5,plain,3,1
1161e87c0774d03275e052e4be90b58fa063eb040c34aa29829b0681926d6022,mal_train,nefilim,1,x86,31382,30724,mal_train/nefilim/1161e87c0774d03275e052e4be90b58fa063eb040c34aa29829b0681926d6022.asm,1161e87c0774d03275e052e4be90b58fa063eb040c34aa29829b0681926d6022,packed_other,657,0
148845af1fc1221f27992cac24273aada38ef2482624850897bce87413f79888,mal_train,nefilim,1,x86,100002,100000,mal_train/nefilim/148845af1fc1221f27992cac24273aada38ef2482624850897bce87413f79888.asm,148845af1fc1221f27992cac24273aada38ef2482624850897bce87413f79888,plain,0,1
1e519cc1c302778535315ebfb4d6b1113ee81904644a8be5afa67bdd9474827a,mal_train,nefilim,1,x86,100002,100000,mal_train/nefilim/1e519cc1c302778535315ebfb4d6b1113ee81904644a8be5afa67bdd9474827a.asm,1e519cc1c302778535315ebfb4d6b1113ee81904644a8be5afa67bdd9474827a,plain,0,1
24ada19b269279612370bdf16f2becc1d5b7e0f69821050e2d9b48cfc874dca0,mal_train,nefilim,1,x86,2094,2093,mal_train/nefilim/24ada19b269279612370bdf16f2becc1d5b7e0f69821050e2d9b48cfc874dca0.asm,24ada19b269279612370bdf16f2becc1d5b7e0f69821050e2d9b48cfc874dca0,plain,0,0
2d4b2b807ace9dfc3f13962c65f1b6b9b6ba80394c517729ada50d6302792d9c,mal_train,nefilim,1,x64,100008,100000,mal_train/nefilim/2d4b2b807ace9dfc3f13962c65f1b6b9b6ba80394c517729ada50d6302792d9c.asm,2d4b2b807ace9dfc3f13962c65f1b6b9b6ba80394c517729ada50d6302792d9c,plain,6,1
353ee5805bc5c7a98fb5d522b15743055484dc47144535628d102a4098532cd5,mal_train,nefilim,1,x86,2226,2225,mal_train/nefilim/353ee5805bc5c7a98fb5d522b15743055484dc47144535628d102a4098532cd5.asm,353ee5805bc5c7a98fb5d522b15743055484dc47144535628d102a4098532cd5,plain,0,0
3bac058dbea51f52ce154fed0325fd835f35c1cd521462ce048b41c9b099e1e5,mal_train,nefilim,1,x86,2226,2225,mal_train/nefilim/3bac058dbea51f52ce154fed0325fd835f35c1cd521462ce048b41c9b099e1e5.asm,3bac058dbea51f52ce154fed0325fd835f35c1cd521462ce048b41c9b099e1e5,plain,0,0
45e35c9b095871fbc9b85afff4e79dd36b7812b96a302e1ccc65ce7668667fe6,mal_train,nefilim,1,x86,100002,100000,mal_train/nefilim/45e35c9b095871fbc9b85afff4e79dd36b7812b96a302e1ccc65ce7668667fe6.asm,45e35c9b095871fbc9b85afff4e79dd36b7812b96a302e1ccc65ce7668667fe6,plain,0,1
511fee839098dfa28dd859ffd3ece5148be13bfb83baa807ed7cac2200103390,mal_train,nefilim,1,x64,100008,100000,mal_train/nefilim/511fee839098dfa28dd859ffd3ece5148be13bfb83baa807ed7cac2200103390.asm,511fee839098dfa28dd859ffd3ece5148be13bfb83baa807ed7cac2200103390,plain,6,1
52e25bdd600695cfed0d4ee3aca4f121bfebf0de889593e6ba06282845cf39ea,mal_train,nefilim,1,x86,15996,15958,mal_train/nefilim/52e25bdd600695cfed0d4ee3aca4f121bfebf0de889593e6ba06282845cf39ea.asm,52e25bdd600695cfed0d4ee3aca4f121bfebf0de889593e6ba06282845cf39ea,plain,37,0
7a73032ece59af3316c4a64490344ee111e4cb06aaf00b4a96c10adfdd655599,mal_train,nefilim,1,x86,11838,11831,mal_train/nefilim/7a73032ece59af3316c4a64490344ee111e4cb06aaf00b4a96c10adfdd655599.asm,5ab834f599c6ad35fcd0a168d93c52c399c6de7d1c20f33e25cb1fdb25aec9c6,plain,6,0
7de8ca88e240fb905fc2e8fd5db6c5af82d8e21556f0ae36d055f623128c3377,mal_train,nefilim,1,x86,2226,2225,mal_train/nefilim/7de8ca88e240fb905fc2e8fd5db6c5af82d8e21556f0ae36d055f623128c3377.asm,7de8ca88e240fb905fc2e8fd5db6c5af82d8e21556f0ae36d055f623128c3377,plain,0,0
8be1c54a1a4d07c84b7454e789a26f04a30ca09933b41475423167e232abea2b,mal_train,nefilim,1,x86,3956,3952,mal_train/nefilim/8be1c54a1a4d07c84b7454e789a26f04a30ca09933b41475423167e232abea2b.asm,8be1c54a1a4d07c84b7454e789a26f04a30ca09933b41475423167e232abea2b,plain,2,0
9093233af919545a06bb718dd45e2b033be1caaf0844eec11c1f4cb8c0df3527,mal_train,nefilim,1,x64,100008,100000,mal_train/nefilim/9093233af919545a06bb718dd45e2b033be1caaf0844eec11c1f4cb8c0df3527.asm,9093233af919545a06bb718dd45e2b033be1caaf0844eec11c1f4cb8c0df3527,plain,6,1
9c6b020769101b8274ec0814628a42efb45fce1798a3d5abf35a78021ec3eca4,mal_train,nefilim,1,x86,2721,2720,mal_train/nefilim/9c6b020769101b8274ec0814628a42efb45fce1798a3d5abf35a78021ec3eca4.asm,9c6b020769101b8274ec0814628a42efb45fce1798a3d5abf35a78021ec3eca4,plain,0,0
9e6be0a3bf10410a43c979902507647a4e4f4625a1470ad1ed90e460183b5995,mal_train,nefilim,1,x86,100002,100000,mal_train/nefilim/9e6be0a3bf10410a43c979902507647a4e4f4625a1470ad1ed90e460183b5995.asm,9e6be0a3bf10410a43c979902507647a4e4f4625a1470ad1ed90e460183b5995,plain,0,1
a2fe2942436546be34c1f83639f1624cae786ab2a57a29a75f27520792cbf3da,mal_train,nefilim,1,x86,29276,29274,mal_train/nefilim/a2fe2942436546be34c1f83639f1624cae786ab2a57a29a75f27520792cbf3da.asm,a2fe2942436546be34c1f83639f1624cae786ab2a57a29a75f27520792cbf3da,plain,1,0
a51fec27e478a1908fc58c96eb14f3719608ed925f1b44eb67bbcc67bd4c4099,mal_train,nefilim,1,x86,100002,100000,mal_train/nefilim/a51fec27e478a1908fc58c96eb14f3719608ed925f1b44eb67bbcc67bd4c4099.asm,a51fec27e478a1908fc58c96eb14f3719608ed925f1b44eb67bbcc67bd4c4099,plain,0,1
b227fa0485e34511627a8a4a7d3f1abb6231517be62d022916273b7a51b80a17,mal_train,nefilim,1,x86,2226,2225,mal_train/nefilim/b227fa0485e34511627a8a4a7d3f1abb6231517be62d022916273b7a51b80a17.asm,b227fa0485e34511627a8a4a7d3f1abb6231517be62d022916273b7a51b80a17,plain,0,0
b8066b7ec376bc5928d78693d236dbf47414571df05f818a43fb5f52136e8f2e,mal_train,nefilim,1,x86,2218,2217,mal_train/nefilim/b8066b7ec376bc5928d78693d236dbf47414571df05f818a43fb5f52136e8f2e.asm,b8066b7ec376bc5928d78693d236dbf47414571df05f818a43fb5f52136e8f2e,plain,0,0
c2b9f3b84e3e990e2c225e05ea65e7a3aaaf5a688864d0ee68ed2eece557fac0,mal_train,nefilim,1,x64,100006,100000,mal_train/nefilim/c2b9f3b84e3e990e2c225e05ea65e7a3aaaf5a688864d0ee68ed2eece557fac0.asm,c2b9f3b84e3e990e2c225e05ea65e7a3aaaf5a688864d0ee68ed2eece557fac0,plain,4,1
c81c2c539ccba4c38add72e271fe63a2e389f2f645050289257fc6af4f47a82e,mal_train,nefilim,1,x64,100006,100000,mal_train/nefilim/c81c2c539ccba4c38add72e271fe63a2e389f2f645050289257fc6af4f47a82e.asm,c81c2c539ccba4c38add72e271fe63a2e389f2f645050289257fc6af4f47a82e,plain,4,1
d4492a9eb36f87a9b3156b59052ebaf10e264d5d1ce4c015a6b0d205614e58e3,mal_train,nefilim,1,x86,11838,11831,mal_train/nefilim/d4492a9eb36f87a9b3156b59052ebaf10e264d5d1ce4c015a6b0d205614e58e3.asm,d4492a9eb36f87a9b3156b59052ebaf10e264d5d1ce4c015a6b0d205614e58e3,plain,6,0
d7730301815e33bd571c6ef6db91534de5b4a0e7a0f4eab41f2e5d6d6f330df2,mal_train,nefilim,1,x86,29276,29274,mal_train/nefilim/d7730301815e33bd571c6ef6db91534de5b4a0e7a0f4eab41f2e5d6d6f330df2.asm,d7730301815e33bd571c6ef6db91534de5b4a0e7a0f4eab41f2e5d6d6f330df2,plain,1,0
dda5c2bcd1a1bacd2381fef6801e482bc3c3c39692b2ed9b2f5ba6acc149c193,mal_train,nefilim,1,x64,100007,100000,mal_train/nefilim/dda5c2bcd1a1bacd2381fef6801e482bc3c3c39692b2ed9b2f5ba6acc149c193.asm,dda5c2bcd1a1bacd2381fef6801e482bc3c3c39692b2ed9b2f5ba6acc149c193,plain,5,1
e3dfc0485c5ecbeeb9a71473a25a6a8cdf616b7f05d66788ed6e6ade76aaf1af,mal_train,nefilim,1,x86,100002,100000,mal_train/nefilim/e3dfc0485c5ecbeeb9a71473a25a6a8cdf616b7f05d66788ed6e6ade76aaf1af.asm,e3dfc0485c5ecbeeb9a71473a25a6a8cdf616b7f05d66788ed6e6ade76aaf1af,plain,0,1
e508f4cda8e32c9b0b6112865b955ff88fbc5b2cfdd27cc09121108a782badc5,mal_train,nefilim,1,x86,2558,2557,mal_train/nefilim/e508f4cda8e32c9b0b6112865b955ff88fbc5b2cfdd27cc09121108a782badc5.asm,e508f4cda8e32c9b0b6112865b955ff88fbc5b2cfdd27cc09121108a782badc5,plain,0,0
e7782335cc26b9362ec4525d23f0e6c1bf32b0cadcfa2d95f4955aed2e350cfd,mal_train,nefilim,1,x86,2721,2720,mal_train/nefilim/e7782335cc26b9362ec4525d23f0e6c1bf32b0cadcfa2d95f4955aed2e350cfd.asm,e7782335cc26b9362ec4525d23f0e6c1bf32b0cadcfa2d95f4955aed2e350cfd,plain,0,0
e7ccbcc9f500272f8b6422e9900c5131768cc9ca074e6cb8cc92bce385a7ee2e,mal_train,nefilim,1,x64,100007,100000,mal_train/nefilim/e7ccbcc9f500272f8b6422e9900c5131768cc9ca074e6cb8cc92bce385a7ee2e.asm,e7ccbcc9f500272f8b6422e9900c5131768cc9ca074e6cb8cc92bce385a7ee2e,plain,5,1
eacbf729bb96cf2eddac62806a555309d08a705f6084dd98c7cf93503927c34f,mal_train,nefilim,1,x86,2721,2720,mal_train/nefilim/eacbf729bb96cf2eddac62806a555309d08a705f6084dd98c7cf93503927c34f.asm,eacbf729bb96cf2eddac62806a555309d08a705f6084dd98c7cf93503927c34f,plain,0,0
eb9a7ce77f7475b7652a66e548af6d7271ccadb35f2f947a4dfe63e522274374,mal_train,nefilim,1,x86,2176,2175,mal_train/nefilim/eb9a7ce77f7475b7652a66e548af6d7271ccadb35f2f947a4dfe63e522274374.asm,eb9a7ce77f7475b7652a66e548af6d7271ccadb35f2f947a4dfe63e522274374,plain,0,0
f9ed3c070a2731acbfef6d4b2af980b6e922b2dda0e9227e02f4b4f3821f4b17,mal_train,nefilim,1,x64,100006,100000,mal_train/nefilim/f9ed3c070a2731acbfef6d4b2af980b6e922b2dda0e9227e02f4b4f3821f4b17.asm,f9ed3c070a2731acbfef6d4b2af980b6e922b2dda0e9227e02f4b4f3821f4b17,plain,4,1
fb3f622cf5557364a0a3abacc3e9acf399b3631bf3630acb8132514c486751e7,mal_train,nefilim,1,x64,100006,100000,mal_train/nefilim/fb3f622cf5557364a0a3abacc3e9acf399b3631bf3630acb8132514c486751e7.asm,fb3f622cf5557364a0a3abacc3e9acf399b3631bf3630acb8132514c486751e7,plain,4,1
fcc2921020690a58c60eba35df885e575669e9803212f7791d7e1956f9bf8020,mal_train,nefilim,1,x86,2218,2217,mal_train/nefilim/fcc2921020690a58c60eba35df885e575669e9803212f7791d7e1956f9bf8020.asm,fcc2921020690a58c60eba35df885e575669e9803212f7791d7e1956f9bf8020,plain,0,0
fdaefa45c8679a161c6590b8f5bb735c12c9768172f81c930bb68c93a53002f7,mal_train,nefilim,1,x86,11838,11831,mal_train/nefilim/fdaefa45c8679a161c6590b8f5bb735c12c9768172f81c930bb68c93a53002f7.asm,fdaefa45c8679a161c6590b8f5bb735c12c9768172f81c930bb68c93a53002f7,plain,6,0
02cb34da6e620d9428f9c8f375fe96a397464d272f723abd8296c4b420fb0e77,mal_train,netwalker,1,x86,20300,20299,mal_train/netwalker/02cb34da6e620d9428f9c8f375fe96a397464d272f723abd8296c4b420fb0e77.asm,02cb34da6e620d9428f9c8f375fe96a397464d272f723abd8296c4b420fb0e77,plain,0,0
07b743dffd93be79b3ae4e8d5e0f05aec66af1115c4ec070df4cd35e800452d7,mal_train,netwalker,1,x86,27679,27678,mal_train/netwalker/07b743dffd93be79b3ae4e8d5e0f05aec66af1115c4ec070df4cd35e800452d7.asm,07b743dffd93be79b3ae4e8d5e0f05aec66af1115c4ec070df4cd35e800452d7,plain,0,0
0afd99c3f7593c760c4001313963f3e7fd709ca56046044033d790602a8cb378,mal_train,netwalker,1,x86,15882,15881,mal_train/netwalker/0afd99c3f7593c760c4001313963f3e7fd709ca56046044033d790602a8cb378.asm,0afd99c3f7593c760c4001313963f3e7fd709ca56046044033d790602a8cb378,plain,0,0
0d7ee7ce88e790ad66aa53589f5a2638207bc3adf2eb4f8a813fd52b5b22ba27,mal_train,netwalker,1,x86,20298,20297,mal_train/netwalker/0d7ee7ce88e790ad66aa53589f5a2638207bc3adf2eb4f8a813fd52b5b22ba27.asm,0d7ee7ce88e790ad66aa53589f5a2638207bc3adf2eb4f8a813fd52b5b22ba27,plain,0,0
162ae350c47c2e14864d0c0f927bf424eb6b844017329c9b1e216f3e2d724d98,mal_train,netwalker,1,x86,20300,20299,mal_train/netwalker/162ae350c47c2e14864d0c0f927bf424eb6b844017329c9b1e216f3e2d724d98.asm,162ae350c47c2e14864d0c0f927bf424eb6b844017329c9b1e216f3e2d724d98,plain,0,0
209779474d4b8e7246245092e7d094ce5730c5c1d36bc03d9b8120f211dc3ebe,mal_train,netwalker,1,x86,28296,28295,mal_train/netwalker/209779474d4b8e7246245092e7d094ce5730c5c1d36bc03d9b8120f211dc3ebe.asm,209779474d4b8e7246245092e7d094ce5730c5c1d36bc03d9b8120f211dc3ebe,plain,0,0
22a5872ba6adfe449e46d9a223cb7567697e30f89d6d42095e48de3033359de3,mal_train,netwalker,1,x86,20300,20299,mal_train/netwalker/22a5872ba6adfe449e46d9a223cb7567697e30f89d6d42095e48de3033359de3.asm,22a5872ba6adfe449e46d9a223cb7567697e30f89d6d42095e48de3033359de3,plain,0,0
346fdff8d24cbb7ebd56f60933beca37a4437b5e1eb6e64f7ab21d48c862b5b7,mal_train,netwalker,1,x86,15207,15206,mal_train/netwalker/346fdff8d24cbb7ebd56f60933beca37a4437b5e1eb6e64f7ab21d48c862b5b7.asm,346fdff8d24cbb7ebd56f60933beca37a4437b5e1eb6e64f7ab21d48c862b5b7,plain,0,0
352cd5d318e4cff15910dc70b609ef9bf1d1ee0b7f01e186bedb5e7d245e3ec6,mal_train,netwalker,1,x86,20300,20299,mal_train/netwalker/352cd5d318e4cff15910dc70b609ef9bf1d1ee0b7f01e186bedb5e7d245e3ec6.asm,352cd5d318e4cff15910dc70b609ef9bf1d1ee0b7f01e186bedb5e7d245e3ec6,plain,0,0
444169e156b48a54e9f96b6b3a1c333670546663c8a2e14e561884c052420043,mal_train,netwalker,1,x86,20300,20299,mal_train/netwalker/444169e156b48a54e9f96b6b3a1c333670546663c8a2e14e561884c052420043.asm,444169e156b48a54e9f96b6b3a1c333670546663c8a2e14e561884c052420043,plain,0,0
44b5d24e5e8fd8e8ee7141f970f76a13c89dd26c44b336dc9d6b61fda3abf335,mal_train,netwalker,1,x86,15581,15580,mal_train/netwalker/44b5d24e5e8fd8e8ee7141f970f76a13c89dd26c44b336dc9d6b61fda3abf335.asm,44b5d24e5e8fd8e8ee7141f970f76a13c89dd26c44b336dc9d6b61fda3abf335,plain,0,0
46dbb7709411b1429233e0d8d33a02cccd54005a2b4015dcfa8a890252177df9,mal_train,netwalker,1,x86,20298,20297,mal_train/netwalker/46dbb7709411b1429233e0d8d33a02cccd54005a2b4015dcfa8a890252177df9.asm,46dbb7709411b1429233e0d8d33a02cccd54005a2b4015dcfa8a890252177df9,plain,0,0
4abf2d4b604ad5c3dca0006e9762562ea104e76e7c0dcfa8fddafda8b11b2eaf,mal_train,netwalker,1,x86,20300,20299,mal_train/netwalker/4abf2d4b604ad5c3dca0006e9762562ea104e76e7c0dcfa8fddafda8b11b2eaf.asm,4abf2d4b604ad5c3dca0006e9762562ea104e76e7c0dcfa8fddafda8b11b2eaf,plain,0,0
4f7bdda79e389d6660fca8e2a90a175307a7f615fa7673b10ee820d9300b5c60,mal_train,netwalker,1,x86,19134,19133,mal_train/netwalker/4f7bdda79e389d6660fca8e2a90a175307a7f615fa7673b10ee820d9300b5c60.asm,4f7bdda79e389d6660fca8e2a90a175307a7f615fa7673b10ee820d9300b5c60,plain,0,0
573873b7b2fbb390ff21bb4e986f69fa25a1f3eea2c5fe446d46c186ab92257d,mal_train,netwalker,1,x86,27679,27678,mal_train/netwalker/573873b7b2fbb390ff21bb4e986f69fa25a1f3eea2c5fe446d46c186ab92257d.asm,573873b7b2fbb390ff21bb4e986f69fa25a1f3eea2c5fe446d46c186ab92257d,plain,0,0
5d869c0e077596bf0834f08dce062af1477bf09c8f6aa0a45d6a080478e45512,mal_train,netwalker,1,x86,20298,20297,mal_train/netwalker/5d869c0e077596bf0834f08dce062af1477bf09c8f6aa0a45d6a080478e45512.asm,5d869c0e077596bf0834f08dce062af1477bf09c8f6aa0a45d6a080478e45512,plain,0,0
5e03e3d93a456405952cdadee3018043789f118b871b93d113ce371c079f19dd,mal_train,netwalker,1,x86,27603,27602,mal_train/netwalker/5e03e3d93a456405952cdadee3018043789f118b871b93d113ce371c079f19dd.asm,5e03e3d93a456405952cdadee3018043789f118b871b93d113ce371c079f19dd,plain,0,0
61d26a517d9a6dfaa47a65828a244f122d89e565dd86a2a6ac860aa95d9304a4,mal_train,netwalker,1,x86,22742,22741,mal_train/netwalker/61d26a517d9a6dfaa47a65828a244f122d89e565dd86a2a6ac860aa95d9304a4.asm,61d26a517d9a6dfaa47a65828a244f122d89e565dd86a2a6ac860aa95d9304a4,plain,0,0
62df5824be844b16d99bf4a59e6bf51bcaa7a2c2f4852d983bc33eaf60a9c5ca,mal_train,netwalker,1,x86,15663,15662,mal_train/netwalker/62df5824be844b16d99bf4a59e6bf51bcaa7a2c2f4852d983bc33eaf60a9c5ca.asm,62df5824be844b16d99bf4a59e6bf51bcaa7a2c2f4852d983bc33eaf60a9c5ca,plain,0,0
63ad8faf3c2b306ccd8aa7874e24e7d48e0f6bbeeb37adab26c2efa1410022c4,mal_train,netwalker,1,x86,20300,20299,mal_train/netwalker/63ad8faf3c2b306ccd8aa7874e24e7d48e0f6bbeeb37adab26c2efa1410022c4.asm,63ad8faf3c2b306ccd8aa7874e24e7d48e0f6bbeeb37adab26c2efa1410022c4,plain,0,0
6bd34d33ccb47430751ae964ca56ec206da0fa3bdc5eb670fc54edf4c11629bc,mal_train,netwalker,1,x86,20300,20299,mal_train/netwalker/6bd34d33ccb47430751ae964ca56ec206da0fa3bdc5eb670fc54edf4c11629bc.asm,6bd34d33ccb47430751ae964ca56ec206da0fa3bdc5eb670fc54edf4c11629bc,plain,0,0
6c39c5f5d143700d4ad43b0aa7fb6a51e77817060467cf3462ef037176e1f50f,mal_train,netwalker,1,x86,15663,15662,mal_train/netwalker/6c39c5f5d143700d4ad43b0aa7fb6a51e77817060467cf3462ef037176e1f50f.asm,6c39c5f5d143700d4ad43b0aa7fb6a51e77817060467cf3462ef037176e1f50f,plain,0,0
6f89cfef50cadb9e7e986ec913eb8c68bb14af5c576fe98dbe41060edf3cfe8a,mal_train,netwalker,1,x86,27603,27602,mal_train/netwalker/6f89cfef50cadb9e7e986ec913eb8c68bb14af5c576fe98dbe41060edf3cfe8a.asm,6f89cfef50cadb9e7e986ec913eb8c68bb14af5c576fe98dbe41060edf3cfe8a,plain,0,0
75ef9e3e44ac11bb06f499b9f4f43a4cc331887529b81d0e62aef87178ca5e65,mal_train,netwalker,1,x86,28296,28295,mal_train/netwalker/75ef9e3e44ac11bb06f499b9f4f43a4cc331887529b81d0e62aef87178ca5e65.asm,75ef9e3e44ac11bb06f499b9f4f43a4cc331887529b81d0e62aef87178ca5e65,plain,0,0
84b8dbafd5cd64fb300b30bf943430a18f34cad3f0d8f7251d34354fea85aab2,mal_train,netwalker,1,x86,20298,20297,mal_train/netwalker/84b8dbafd5cd64fb300b30bf943430a18f34cad3f0d8f7251d34354fea85aab2.asm,84b8dbafd5cd64fb300b30bf943430a18f34cad3f0d8f7251d34354fea85aab2,plain,0,0
853fa18adc3f9263a0f98a9a257dd70d7e1aee0545ab47a114f44506482bd188,mal_train,netwalker,1,x86,16165,16164,mal_train/netwalker/853fa18adc3f9263a0f98a9a257dd70d7e1aee0545ab47a114f44506482bd188.asm,853fa18adc3f9263a0f98a9a257dd70d7e1aee0545ab47a114f44506482bd188,plain,0,0
8587037c15463d10a17094ef8fa9f608cc20c99fa0206ce496b412f8c7f4a1b8,mal_train,netwalker,1,x86,16165,16164,mal_train/netwalker/8587037c15463d10a17094ef8fa9f608cc20c99fa0206ce496b412f8c7f4a1b8.asm,8587037c15463d10a17094ef8fa9f608cc20c99fa0206ce496b412f8c7f4a1b8,plain,0,0
868cb8251a245c416cd92fcbd3e30aa7b7ca7c271760fa120d2435fd3bf2fde9,mal_train,netwalker,1,x86,15663,15662,mal_train/netwalker/868cb8251a245c416cd92fcbd3e30aa7b7ca7c271760fa120d2435fd3bf2fde9.asm,868cb8251a245c416cd92fcbd3e30aa7b7ca7c271760fa120d2435fd3bf2fde9,plain,0,0
882e89ea1b8d70646bdf6476d8cb46991b950f27e03e93bf49ea3209c2d69581,mal_train,netwalker,1,x86,19949,19948,mal_train/netwalker/882e89ea1b8d70646bdf6476d8cb46991b950f27e03e93bf49ea3209c2d69581.asm,882e89ea1b8d70646bdf6476d8cb46991b950f27e03e93bf49ea3209c2d69581,plain,0,0
8f06645838d3d75e44d4527e2928c71af0a7214254867379359eb3e46109cbde,mal_train,netwalker,1,x86,20298,20297,mal_train/netwalker/8f06645838d3d75e44d4527e2928c71af0a7214254867379359eb3e46109cbde.asm,8f06645838d3d75e44d4527e2928c71af0a7214254867379359eb3e46109cbde,plain,0,0
98cf38865117a3e333df1fb0a538b97f66fea568746fefb697e76ca8c686a3e3,mal_train,netwalker,1,x86,28296,28295,mal_train/netwalker/98cf38865117a3e333df1fb0a538b97f66fea568746fefb697e76ca8c686a3e3.asm,98cf38865117a3e333df1fb0a538b97f66fea568746fefb697e76ca8c686a3e3,plain,0,0
a8c4b8096fd12078acf5f08230e561381fe8d0859a5949825ab411f6312f5da5,mal_train,netwalker,1,x86,24961,24960,mal_train/netwalker/a8c4b8096fd12078acf5f08230e561381fe8d0859a5949825ab411f6312f5da5.asm,a8c4b8096fd12078acf5f08230e561381fe8d0859a5949825ab411f6312f5da5,plain,0,0
a9a147313861a5a4e7abd76b3287ce5f6183966b89c5ca95c0e0cf587f40189d,mal_train,netwalker,1,x86,20298,20297,mal_train/netwalker/a9a147313861a5a4e7abd76b3287ce5f6183966b89c5ca95c0e0cf587f40189d.asm,a9a147313861a5a4e7abd76b3287ce5f6183966b89c5ca95c0e0cf587f40189d,plain,0,0
ac0882d87027ac22fc79cfe2d55d9a9d097d0f8eb425cf182de1b872080930ec,mal_train,netwalker,1,x86,15663,15662,mal_train/netwalker/ac0882d87027ac22fc79cfe2d55d9a9d097d0f8eb425cf182de1b872080930ec.asm,ac0882d87027ac22fc79cfe2d55d9a9d097d0f8eb425cf182de1b872080930ec,plain,0,0
b2d68a79a621c3f9e46f9df52ed19b8fec22c3cf5f4e3d8630a2bc68fd43d2ee,mal_train,netwalker,1,x86,20298,20297,mal_train/netwalker/b2d68a79a621c3f9e46f9df52ed19b8fec22c3cf5f4e3d8630a2bc68fd43d2ee.asm,b2d68a79a621c3f9e46f9df52ed19b8fec22c3cf5f4e3d8630a2bc68fd43d2ee,plain,0,0
b587d049e9fae11f4fe70d5f6c9007f99483f683ee55217110094206bd6a92f2,mal_train,netwalker,1,x86,19670,19669,mal_train/netwalker/b587d049e9fae11f4fe70d5f6c9007f99483f683ee55217110094206bd6a92f2.asm,b587d049e9fae11f4fe70d5f6c9007f99483f683ee55217110094206bd6a92f2,plain,0,0
b96ee4a55d59836de7851f99a18324c6aa8bc223fb581f1875db631d0c914425,mal_train,netwalker,1,x86,27679,27678,mal_train/netwalker/b96ee4a55d59836de7851f99a18324c6aa8bc223fb581f1875db631d0c914425.asm,b96ee4a55d59836de7851f99a18324c6aa8bc223fb581f1875db631d0c914425,plain,0,0
bd3fdf1b50911d537a97cb93db13f2b4026f109ed23a393f262621faed81dae1,mal_train,netwalker,1,x86,15581,15580,mal_train/netwalker/bd3fdf1b50911d537a97cb93db13f2b4026f109ed23a393f262621faed81dae1.asm,bd3fdf1b50911d537a97cb93db13f2b4026f109ed23a393f262621faed81dae1,plain,0,0
bde6a59a4611aba5862ce66aef2fb12d841ad0ba0ad0a590b26eaddb7ad52a9e,mal_train,netwalker,1,x86,27785,27784,mal_train/netwalker/bde6a59a4611aba5862ce66aef2fb12d841ad0ba0ad0a590b26eaddb7ad52a9e.asm,bde6a59a4611aba5862ce66aef2fb12d841ad0ba0ad0a590b26eaddb7ad52a9e,plain,0,0
c21ecd18f0bbb28112240013ad42dad5c01d20927791239ada5b61e1c6f5f010,mal_train,netwalker,1,x86,20298,20297,mal_train/netwalker/c21ecd18f0bbb28112240013ad42dad5c01d20927791239ada5b61e1c6f5f010.asm,c21ecd18f0bbb28112240013ad42dad5c01d20927791239ada5b61e1c6f5f010,plain,0,0
ce399a2d07c0851164bd8cc9e940b84b88c43ef564846ca654df4abf36c278e6,mal_train,netwalker,1,x86,15581,15580,mal_train/netwalker/ce399a2d07c0851164bd8cc9e940b84b88c43ef564846ca654df4abf36c278e6.asm,ce399a2d07c0851164bd8cc9e940b84b88c43ef564846ca654df4abf36c278e6,plain,0,0
d5c106719e9c8878795899bede78505796659b1b347fe9374d8b2061fcc6a84c,mal_train,netwalker,1,x86,23407,23406,mal_train/netwalker/d5c106719e9c8878795899bede78505796659b1b347fe9374d8b2061fcc6a84c.asm,d5c106719e9c8878795899bede78505796659b1b347fe9374d8b2061fcc6a84c,plain,0,0
d7c7947d060da8f4207e7e919e8f777f6f8ea475085291d5a547546a39a096fc,mal_train,netwalker,1,x86,15663,15662,mal_train/netwalker/d7c7947d060da8f4207e7e919e8f777f6f8ea475085291d5a547546a39a096fc.asm,d7c7947d060da8f4207e7e919e8f777f6f8ea475085291d5a547546a39a096fc,plain,0,0
de04d2402154f676f757cf1380671f396f3fc9f7dbb683d9461edd2718c4e09d,mal_train,netwalker,1,x86,28296,28295,mal_train/netwalker/de04d2402154f676f757cf1380671f396f3fc9f7dbb683d9461edd2718c4e09d.asm,de04d2402154f676f757cf1380671f396f3fc9f7dbb683d9461edd2718c4e09d,plain,0,0
e01691e3b7d9d1c6de7e0ef902bf609543cdf084e600fd0a3833deaa501464ee,mal_train,netwalker,1,x86,27785,27784,mal_train/netwalker/e01691e3b7d9d1c6de7e0ef902bf609543cdf084e600fd0a3833deaa501464ee.asm,e01691e3b7d9d1c6de7e0ef902bf609543cdf084e600fd0a3833deaa501464ee,plain,0,0
e7dfaf7ac518e174e42e59d45c179d083ad53eead79ed4420e311441e1af79d4,mal_train,netwalker,1,x86,27857,27856,mal_train/netwalker/e7dfaf7ac518e174e42e59d45c179d083ad53eead79ed4420e311441e1af79d4.asm,e7dfaf7ac518e174e42e59d45c179d083ad53eead79ed4420e311441e1af79d4,plain,0,0
ee531cd7011cb5c2625d40892b70cf7e3860dbb92648391068e1f340e5d6c47f,mal_train,netwalker,1,x86,20300,20299,mal_train/netwalker/ee531cd7011cb5c2625d40892b70cf7e3860dbb92648391068e1f340e5d6c47f.asm,ee531cd7011cb5c2625d40892b70cf7e3860dbb92648391068e1f340e5d6c47f,plain,0,0
f2215e1a848bc5a5d172745201ea428b1d16fee7c814c5c5180a94a134592e86,mal_train,netwalker,1,x86,20300,20299,mal_train/netwalker/f2215e1a848bc5a5d172745201ea428b1d16fee7c814c5c5180a94a134592e86.asm,f2215e1a848bc5a5d172745201ea428b1d16fee7c814c5c5180a94a134592e86,plain,0,0
f298725e197f974b7a8407c5d79114a4ac322c573813d543141ccf1d9119dd8b,mal_train,netwalker,1,x86,20298,20297,mal_train/netwalker/f298725e197f974b7a8407c5d79114a4ac322c573813d543141ccf1d9119dd8b.asm,f298725e197f974b7a8407c5d79114a4ac322c573813d543141ccf1d9119dd8b,plain,0,0
fd3489f6067ef7ca3999776205839424cb7349134baaeb693abcecaa2c5bf913,mal_train,netwalker,1,x86,20300,20299,mal_train/netwalker/fd3489f6067ef7ca3999776205839424cb7349134baaeb693abcecaa2c5bf913.asm,fd3489f6067ef7ca3999776205839424cb7349134baaeb693abcecaa2c5bf913,plain,0,0
03bb4d5c0179fdceacc5df7645e6e7fa93e931ac9beb1968c7bbe40ba3499194,mal_train,phobos,1,x86,12575,12574,mal_train/phobos/03bb4d5c0179fdceacc5df7645e6e7fa93e931ac9beb1968c7bbe40ba3499194.asm,03bb4d5c0179fdceacc5df7645e6e7fa93e931ac9beb1968c7bbe40ba3499194,plain,0,0
03d7a1c01a60f9718304c719a5734516e5e3f43ea0547f48e4462a063d986cfb,mal_train,phobos,1,x86,12575,12574,mal_train/phobos/03d7a1c01a60f9718304c719a5734516e5e3f43ea0547f48e4462a063d986cfb.asm,03d7a1c01a60f9718304c719a5734516e5e3f43ea0547f48e4462a063d986cfb,plain,0,0
0aeebdda8c7a94d43b965e60582de8a1a0d47810dbea9cdf66d6d8e3883a8b8f,mal_train,phobos,1,x86,12476,12475,mal_train/phobos/0aeebdda8c7a94d43b965e60582de8a1a0d47810dbea9cdf66d6d8e3883a8b8f.asm,0aeebdda8c7a94d43b965e60582de8a1a0d47810dbea9cdf66d6d8e3883a8b8f,plain,0,0
0b3f4c353eef59e7c2cf0e211de11fe646d9fd20289f2bea7005b35aa6247a4a,mal_train,phobos,1,x86,12575,12574,mal_train/phobos/0b3f4c353eef59e7c2cf0e211de11fe646d9fd20289f2bea7005b35aa6247a4a.asm,0b3f4c353eef59e7c2cf0e211de11fe646d9fd20289f2bea7005b35aa6247a4a,plain,0,0
0b4c743246478a6a8c9fa3ff8e04f297507c2f0ea5d61a1284fe65387d172f81,mal_train,phobos,1,x86,12575,12574,mal_train/phobos/0b4c743246478a6a8c9fa3ff8e04f297507c2f0ea5d61a1284fe65387d172f81.asm,0b4c743246478a6a8c9fa3ff8e04f297507c2f0ea5d61a1284fe65387d172f81,plain,0,0
17cde554e888f4d8aba412d384577e57f875bc8424b68c5a1fd0f03cac112015,mal_train,phobos,1,x86,12575,12574,mal_train/phobos/17cde554e888f4d8aba412d384577e57f875bc8424b68c5a1fd0f03cac112015.asm,17cde554e888f4d8aba412d384577e57f875bc8424b68c5a1fd0f03cac112015,plain,0,0
265d1ae339e9397976d9328b2c84aca61a7cb6c0bca9f2f8dc213678e2b2ad86,mal_train,phobos,1,x86,12575,12574,mal_train/phobos/265d1ae339e9397976d9328b2c84aca61a7cb6c0bca9f2f8dc213678e2b2ad86.asm,265d1ae339e9397976d9328b2c84aca61a7cb6c0bca9f2f8dc213678e2b2ad86,plain,0,0
2704e269fb5cf9a02070a0ea07d82dc9d87f2cb95e60cb71d6c6d38b01869f66,mal_train,phobos,1,x86,12575,12574,mal_train/phobos/2704e269fb5cf9a02070a0ea07d82dc9d87f2cb95e60cb71d6c6d38b01869f66.asm,2704e269fb5cf9a02070a0ea07d82dc9d87f2cb95e60cb71d6c6d38b01869f66,plain,0,0
2cbd9c81648cfb8b74613a1911495f9298251f8122a43081c388f02089f54356,mal_train,phobos,1,x86,12575,12574,mal_train/phobos/2cbd9c81648cfb8b74613a1911495f9298251f8122a43081c388f02089f54356.asm,2cbd9c81648cfb8b74613a1911495f9298251f8122a43081c388f02089f54356,plain,0,0
348de24864a72767079e72f6015f4c8d0d8a0a75bf14496fd9fa9065e0ad446e,mal_train,phobos,1,x86,12575,12574,mal_train/phobos/348de24864a72767079e72f6015f4c8d0d8a0a75bf14496fd9fa9065e0ad446e.asm,348de24864a72767079e72f6015f4c8d0d8a0a75bf14496fd9fa9065e0ad446e,plain,0,0
38c47ad9fdb1ca30b15b2692431171b568556cbff7dfb17ba16c37d7daae9a05,mal_train,phobos,1,x86,12476,12475,mal_train/phobos/38c47ad9fdb1ca30b15b2692431171b568556cbff7dfb17ba16c37d7daae9a05.asm,38c47ad9fdb1ca30b15b2692431171b568556cbff7dfb17ba16c37d7daae9a05,plain,0,0
3c4ad3e800eb1b6e313b86f527ffed41f34e46221da557d611b55bae2ba46588,mal_train,phobos,1,x86,12575,12574,mal_train/phobos/3c4ad3e800eb1b6e313b86f527ffed41f34e46221da557d611b55bae2ba46588.asm,3c4ad3e800eb1b6e313b86f527ffed41f34e46221da557d611b55bae2ba46588,plain,0,0
3e6baf63074d60cb1b0371f90b3fdbabba6e516ffeff0f7ab9efa09a46e98686,mal_train,phobos,1,x86,12575,12574,mal_train/phobos/3e6baf63074d60cb1b0371f90b3fdbabba6e516ffeff0f7ab9efa09a46e98686.asm,3e6baf63074d60cb1b0371f90b3fdbabba6e516ffeff0f7ab9efa09a46e98686,plain,0,0
43f846c12c24a078ebe33f71e8ea3b4f75107aeb275e2c3cd9dc61617c9757fc,mal_train,phobos,1,x86,12575,12574,mal_train/phobos/43f846c12c24a078ebe33f71e8ea3b4f75107aeb275e2c3cd9dc61617c9757fc.asm,43f846c12c24a078ebe33f71e8ea3b4f75107aeb275e2c3cd9dc61617c9757fc,plain,0,0
4683b5b970eda0d6fa43ac4e80f24452f81de09171f9e969d61323080e3a9e74,mal_train,phobos,1,x86,12575,12574,mal_train/phobos/4683b5b970eda0d6fa43ac4e80f24452f81de09171f9e969d61323080e3a9e74.asm,4683b5b970eda0d6fa43ac4e80f24452f81de09171f9e969d61323080e3a9e74,plain,0,0
4d5220a88b195e3ccdc40ba1c99d5d84d06dacc0720070a72aa34c9895939a25,mal_train,phobos,1,x86,12476,12475,mal_train/phobos/4d5220a88b195e3ccdc40ba1c99d5d84d06dacc0720070a72aa34c9895939a25.asm,4d5220a88b195e3ccdc40ba1c99d5d84d06dacc0720070a72aa34c9895939a25,plain,0,0
4d9413a0fdefb9b2471a3209e2b7dbfa835e709ce7ed8b57f2366611f566ebec,mal_train,phobos,1,x86,12575,12574,mal_train/phobos/4d9413a0fdefb9b2471a3209e2b7dbfa835e709ce7ed8b57f2366611f566ebec.asm,4d9413a0fdefb9b2471a3209e2b7dbfa835e709ce7ed8b57f2366611f566ebec,plain,0,0
53bbce404ca0e33a3988d04edb8921ec48cdcc586c8ffb7b37b09ec10c0be29f,mal_train,phobos,1,x86,12575,12574,mal_train/phobos/53bbce404ca0e33a3988d04edb8921ec48cdcc586c8ffb7b37b09ec10c0be29f.asm,53bbce404ca0e33a3988d04edb8921ec48cdcc586c8ffb7b37b09ec10c0be29f,plain,0,0
64a95c8862fe88df0a77bff4ef03f6a2c2cf632cc3ffe84506c534d5874bb277,mal_train,phobos,1,x86,13907,13906,mal_train/phobos/64a95c8862fe88df0a77bff4ef03f6a2c2cf632cc3ffe84506c534d5874bb277.asm,64a95c8862fe88df0a77bff4ef03f6a2c2cf632cc3ffe84506c534d5874bb277,plain,0,0
6b7d70ca7d02133afbc24eeb585f2921bc35c01b23b90a66f515290c49cf0952,mal_train,phobos,1,x86,12575,12574,mal_train/phobos/6b7d70ca7d02133afbc24eeb585f2921bc35c01b23b90a66f515290c49cf0952.asm,6b7d70ca7d02133afbc24eeb585f2921bc35c01b23b90a66f515290c49cf0952,plain,0,0
6bb2c8953b3ec0955a974e16b6efa5048c9e016e91e3dc8789728ae02578adad,mal_train,phobos,1,x86,12575,12574,mal_train/phobos/6bb2c8953b3ec0955a974e16b6efa5048c9e016e91e3dc8789728ae02578adad.asm,6bb2c8953b3ec0955a974e16b6efa5048c9e016e91e3dc8789728ae02578adad,plain,0,0
6e9c9b72d1bdb993184c7aa05d961e706a57b3becf151ca4f883a80a07fdd955,mal_train,phobos,1,x86,100102,100000,mal_train/phobos/6e9c9b72d1bdb993184c7aa05d961e706a57b3becf151ca4f883a80a07fdd955.asm,6e9c9b72d1bdb993184c7aa05d961e706a57b3becf151ca4f883a80a07fdd955,plain,100,1
706fe1633019def71fb5ad355f325b73b0d34ecaf42fcc77ede27663d86f3879,mal_train,phobos,1,x86,12575,12574,mal_train/phobos/706fe1633019def71fb5ad355f325b73b0d34ecaf42fcc77ede27663d86f3879.asm,706fe1633019def71fb5ad355f325b73b0d34ecaf42fcc77ede27663d86f3879,plain,0,0
7343a16f151cde44130211896a231771200b64ba9fc048337589b10ffe6727b7,mal_train,phobos,1,x86,12575,12574,mal_train/phobos/7343a16f151cde44130211896a231771200b64ba9fc048337589b10ffe6727b7.asm,7343a16f151cde44130211896a231771200b64ba9fc048337589b10ffe6727b7,plain,0,0
76258eafda16daf2ebd66bdd981d5392b0c0e1a8f8fd7a60b32276fbd77261d4,mal_train,phobos,1,x86,12575,12574,mal_train/phobos/76258eafda16daf2ebd66bdd981d5392b0c0e1a8f8fd7a60b32276fbd77261d4.asm,76258eafda16daf2ebd66bdd981d5392b0c0e1a8f8fd7a60b32276fbd77261d4,plain,0,0
790eb5cdc4d2c2f33cd5188972c03da2cf89d84ab0393378615a812bdc151ad4,mal_train,phobos,1,x86,12575,12574,mal_train/phobos/790eb5cdc4d2c2f33cd5188972c03da2cf89d84ab0393378615a812bdc151ad4.asm,790eb5cdc4d2c2f33cd5188972c03da2cf89d84ab0393378615a812bdc151ad4,plain,0,0
7915b61828b1bd4f1c5bc155286380f659af69c78fbe7031da4487e07a95d5ff,mal_train,phobos,1,x86,12575,12574,mal_train/phobos/7915b61828b1bd4f1c5bc155286380f659af69c78fbe7031da4487e07a95d5ff.asm,7915b61828b1bd4f1c5bc155286380f659af69c78fbe7031da4487e07a95d5ff,plain,0,0
7949bf3e09366bdb23ca7472cb6c4d9183ad5b081ac5a568d556aec8beae0785,mal_train,phobos,1,x86,12476,12475,mal_train/phobos/7949bf3e09366bdb23ca7472cb6c4d9183ad5b081ac5a568d556aec8beae0785.asm,7949bf3e09366bdb23ca7472cb6c4d9183ad5b081ac5a568d556aec8beae0785,plain,0,0
82a9abbe818fc7b3995a5f1db0780d4b1ed11b74fc72bd1b8143003ceb18d25e,mal_train,phobos,1,x86,12575,12574,mal_train/phobos/82a9abbe818fc7b3995a5f1db0780d4b1ed11b74fc72bd1b8143003ceb18d25e.asm,82a9abbe818fc7b3995a5f1db0780d4b1ed11b74fc72bd1b8143003ceb18d25e,plain,0,0
8710ad8fb2938326655335455987aa17961b2496a345a7ed9f4bbfcb278212bc,mal_train,phobos,1,x86,12575,12574,mal_train/phobos/8710ad8fb2938326655335455987aa17961b2496a345a7ed9f4bbfcb278212bc.asm,8710ad8fb2938326655335455987aa17961b2496a345a7ed9f4bbfcb278212bc,plain,0,0
9a29079f2656a9b205b0c62e64dcac011a6ae7a0a6d8b46ff9e1d84fdef57efa,mal_train,phobos,1,x86,12575,12574,mal_train/phobos/9a29079f2656a9b205b0c62e64dcac011a6ae7a0a6d8b46ff9e1d84fdef57efa.asm,9a29079f2656a9b205b0c62e64dcac011a6ae7a0a6d8b46ff9e1d84fdef57efa,plain,0,0
9a3fefc29aa41f621cd99fd5c35c8521b2f383d6a21970f4ccc8069c9730a864,mal_train,phobos,1,x86,12575,12574,mal_train/phobos/9a3fefc29aa41f621cd99fd5c35c8521b2f383d6a21970f4ccc8069c9730a864.asm,9a3fefc29aa41f621cd99fd5c35c8521b2f383d6a21970f4ccc8069c9730a864,plain,0,0
9bd421c6f7f7d8278036944fcad3e04db408619678acf1b2024ef69d85c3932b,mal_train,phobos,1,x86,12575,12574,mal_train/phobos/9bd421c6f7f7d8278036944fcad3e04db408619678acf1b2024ef69d85c3932b.asm,9bd421c6f7f7d8278036944fcad3e04db408619678acf1b2024ef69d85c3932b,plain,0,0
9dde984b21a00bc3307c28bd81f229500b795ce4e908b6f8cb5fbd338b22b8e1,mal_train,phobos,1,x86,100114,100000,mal_train/phobos/9dde984b21a00bc3307c28bd81f229500b795ce4e908b6f8cb5fbd338b22b8e1.asm,9dde984b21a00bc3307c28bd81f229500b795ce4e908b6f8cb5fbd338b22b8e1,plain,112,1
a4c7517fe4548f71f2f2e6848100d638c3bd7d03fa225ca598a03824b7575fd1,mal_train,phobos,1,x86,12575,12574,mal_train/phobos/a4c7517fe4548f71f2f2e6848100d638c3bd7d03fa225ca598a03824b7575fd1.asm,a4c7517fe4548f71f2f2e6848100d638c3bd7d03fa225ca598a03824b7575fd1,plain,0,0
ab465569d9e8d1d97722f7719cd676ad8565d1e1bfa8b72b2ef7864da90d9b49,mal_train,phobos,1,x86,12575,12574,mal_train/phobos/ab465569d9e8d1d97722f7719cd676ad8565d1e1bfa8b72b2ef7864da90d9b49.asm,ab465569d9e8d1d97722f7719cd676ad8565d1e1bfa8b72b2ef7864da90d9b49,plain,0,0
b3bc4a50c29b60d62471b29a11251196267b42832806390193d856d5e29fd8fa,mal_train,phobos,1,x86,12575,12574,mal_train/phobos/b3bc4a50c29b60d62471b29a11251196267b42832806390193d856d5e29fd8fa.asm,b3bc4a50c29b60d62471b29a11251196267b42832806390193d856d5e29fd8fa,plain,0,0
c032850d72d2f4d6f81eb62f59bcaf667bfdacc018ba5c27c93f603a7b6abc5e,mal_train,phobos,1,x86,12575,12574,mal_train/phobos/c032850d72d2f4d6f81eb62f59bcaf667bfdacc018ba5c27c93f603a7b6abc5e.asm,c032850d72d2f4d6f81eb62f59bcaf667bfdacc018ba5c27c93f603a7b6abc5e,plain,0,0
ce40058314b131a63ee248a85505ac02b9473c1032d7bfe63b081dc57171dd3f,mal_train,phobos,1,x86,12575,12574,mal_train/phobos/ce40058314b131a63ee248a85505ac02b9473c1032d7bfe63b081dc57171dd3f.asm,ce40058314b131a63ee248a85505ac02b9473c1032d7bfe63b081dc57171dd3f,plain,0,0
d50b23e12c661bb78fa3cb317e679fabc4178600048572368bec173a520e4aaf,mal_train,phobos,1,x86,12575,12574,mal_train/phobos/d50b23e12c661bb78fa3cb317e679fabc4178600048572368bec173a520e4aaf.asm,d50b23e12c661bb78fa3cb317e679fabc4178600048572368bec173a520e4aaf,plain,0,0
d71748408052ff7047bdf2d6d29ecbca0be93522f8a03d00b405841ba818794d,mal_train,phobos,1,x86,12575,12574,mal_train/phobos/d71748408052ff7047bdf2d6d29ecbca0be93522f8a03d00b405841ba818794d.asm,d71748408052ff7047bdf2d6d29ecbca0be93522f8a03d00b405841ba818794d,plain,0,0
d7d50f809a7808ca53c4430d484bb100aaf9c74c6c12080ff888b8c04212f405,mal_train,phobos,1,x86,12575,12574,mal_train/phobos/d7d50f809a7808ca53c4430d484bb100aaf9c74c6c12080ff888b8c04212f405.asm,d7d50f809a7808ca53c4430d484bb100aaf9c74c6c12080ff888b8c04212f405,plain,0,0
e54392c329658f6b36b4422de94172be965db417d8f9b58a379cbc2492295ece,mal_train,phobos,1,x86,12575,12574,mal_train/phobos/e54392c329658f6b36b4422de94172be965db417d8f9b58a379cbc2492295ece.asm,e54392c329658f6b36b4422de94172be965db417d8f9b58a379cbc2492295ece,plain,0,0
ec21b0fae8166d18ea5f9dddd8fdbb5fe26dd62903d3173388b97208d724f3c8,mal_train,phobos,1,x86,12575,12574,mal_train/phobos/ec21b0fae8166d18ea5f9dddd8fdbb5fe26dd62903d3173388b97208d724f3c8.asm,ec21b0fae8166d18ea5f9dddd8fdbb5fe26dd62903d3173388b97208d724f3c8,plain,0,0
f0aec57001a184ea82122a59c6e5be48042f75d6f11a40125995ba9531aab718,mal_train,phobos,1,x86,100316,100000,mal_train/phobos/f0aec57001a184ea82122a59c6e5be48042f75d6f11a40125995ba9531aab718.asm,f0aec57001a184ea82122a59c6e5be48042f75d6f11a40125995ba9531aab718,plain,314,1
f30035bd2f3bd2c03eb6f1c9bac2a4ce3a51da23e37e9faacabeb9dce0605429,mal_train,phobos,1,x86,12575,12574,mal_train/phobos/f30035bd2f3bd2c03eb6f1c9bac2a4ce3a51da23e37e9faacabeb9dce0605429.asm,f30035bd2f3bd2c03eb6f1c9bac2a4ce3a51da23e37e9faacabeb9dce0605429,plain,0,0
f60eef88ef6c4a37ac4a78b36188cf4da6cedf5e46c4b8d082a3947b6b116884,mal_train,phobos,1,x86,12476,12475,mal_train/phobos/f60eef88ef6c4a37ac4a78b36188cf4da6cedf5e46c4b8d082a3947b6b116884.asm,f60eef88ef6c4a37ac4a78b36188cf4da6cedf5e46c4b8d082a3947b6b116884,plain,0,0
f9348fb8d78baa055f90288fec94b67d3f3d30eaa5744feeacef871ee3ad8eb8,mal_train,phobos,1,x86,12476,12475,mal_train/phobos/f9348fb8d78baa055f90288fec94b67d3f3d30eaa5744feeacef871ee3ad8eb8.asm,f9348fb8d78baa055f90288fec94b67d3f3d30eaa5744feeacef871ee3ad8eb8,plain,0,0
fa0a1227da320afa57509dadf4ece1f264c184abd61f425ae00c43c19e09b006,mal_train,phobos,1,x86,12575,12574,mal_train/phobos/fa0a1227da320afa57509dadf4ece1f264c184abd61f425ae00c43c19e09b006.asm,fa0a1227da320afa57509dadf4ece1f264c184abd61f425ae00c43c19e09b006,plain,0,0
0433efd9ba06378eb6eae864c85aafc8b6de79ef6512345294e9e379cc054c3d,mal_train,pysa,1,x86,100003,100000,mal_train/pysa/0433efd9ba06378eb6eae864c85aafc8b6de79ef6512345294e9e379cc054c3d.asm,0433efd9ba06378eb6eae864c85aafc8b6de79ef6512345294e9e379cc054c3d,plain,1,1
049263e712631a447fd13c8255ed456bcac8b4227502841acd8f229d89dc066c,mal_train,pysa,1,x86,100003,100000,mal_train/pysa/049263e712631a447fd13c8255ed456bcac8b4227502841acd8f229d89dc066c.asm,049263e712631a447fd13c8255ed456bcac8b4227502841acd8f229d89dc066c,plain,1,1
051fb654403340420102430f807ea41ab790666488d897dc5b0008e99fed47d6,mal_train,pysa,1,x86,100002,100000,mal_train/pysa/051fb654403340420102430f807ea41ab790666488d897dc5b0008e99fed47d6.asm,051fb654403340420102430f807ea41ab790666488d897dc5b0008e99fed47d6,plain,0,1
0f0014669bc10a7d87472cafc05301c66516857607b920ddeb3039f4cb8f0a50,mal_train,pysa,1,x86,100002,100000,mal_train/pysa/0f0014669bc10a7d87472cafc05301c66516857607b920ddeb3039f4cb8f0a50.asm,0f0014669bc10a7d87472cafc05301c66516857607b920ddeb3039f4cb8f0a50,plain,0,1
153222163442b304f5cee295268115c9cfdf0f1168f49f9e3fae52340eee51ec,mal_train,pysa,1,x86,100003,100000,mal_train/pysa/153222163442b304f5cee295268115c9cfdf0f1168f49f9e3fae52340eee51ec.asm,153222163442b304f5cee295268115c9cfdf0f1168f49f9e3fae52340eee51ec,plain,1,1
1e2009549452ed6b524b94ed683079ee60c2b9542b1bfd5b9ee42e9161d5e7c8,mal_train,pysa,1,x86,100002,100000,mal_train/pysa/1e2009549452ed6b524b94ed683079ee60c2b9542b1bfd5b9ee42e9161d5e7c8.asm,1e2009549452ed6b524b94ed683079ee60c2b9542b1bfd5b9ee42e9161d5e7c8,plain,0,1
2a2eb971b878f56a0a5762656be6f59ec9623451acf4cf16b8c02e478d044cd0,mal_train,pysa,1,x86,100003,100000,mal_train/pysa/2a2eb971b878f56a0a5762656be6f59ec9623451acf4cf16b8c02e478d044cd0.asm,2a2eb971b878f56a0a5762656be6f59ec9623451acf4cf16b8c02e478d044cd0,plain,1,1
327934c4c11ba37f42a91e1b7b956d5a4511f918e63047a8c4aa081fd39de6d9,mal_train,pysa,1,x86,100002,100000,mal_train/pysa/327934c4c11ba37f42a91e1b7b956d5a4511f918e63047a8c4aa081fd39de6d9.asm,327934c4c11ba37f42a91e1b7b956d5a4511f918e63047a8c4aa081fd39de6d9,plain,0,1
32d6be4f86451871f70590f01ce01e9263abe18286db1272928a23c125e844f3,mal_train,pysa,1,x86,100002,100000,mal_train/pysa/32d6be4f86451871f70590f01ce01e9263abe18286db1272928a23c125e844f3.asm,32d6be4f86451871f70590f01ce01e9263abe18286db1272928a23c125e844f3,plain,0,1
39ef1d9afd248791d765f0deaed6ebaac5416876a705e407cc97a35dad038fd8,mal_train,pysa,1,x86,100003,100000,mal_train/pysa/39ef1d9afd248791d765f0deaed6ebaac5416876a705e407cc97a35dad038fd8.asm,39ef1d9afd248791d765f0deaed6ebaac5416876a705e407cc97a35dad038fd8,plain,1,1
3a83805e3ad41c6acd7931a0902b519669b8f38e491357c6f31fa46509f3c77e,mal_train,pysa,1,x86,100002,100000,mal_train/pysa/3a83805e3ad41c6acd7931a0902b519669b8f38e491357c6f31fa46509f3c77e.asm,3a83805e3ad41c6acd7931a0902b519669b8f38e491357c6f31fa46509f3c77e,plain,0,1
425945a93beb160f101d51de36363d1e7ebc45279987c3eaf5e7f183ed0a3776,mal_train,pysa,1,x86,100003,100000,mal_train/pysa/425945a93beb160f101d51de36363d1e7ebc45279987c3eaf5e7f183ed0a3776.asm,425945a93beb160f101d51de36363d1e7ebc45279987c3eaf5e7f183ed0a3776,plain,1,1
44f1def68aef34687bfacf3668e56873f9d603fc6741d5da1209cc55bdc6f1f9,mal_train,pysa,1,x86,100003,100000,mal_train/pysa/44f1def68aef34687bfacf3668e56873f9d603fc6741d5da1209cc55bdc6f1f9.asm,44f1def68aef34687bfacf3668e56873f9d603fc6741d5da1209cc55bdc6f1f9,plain,1,1
4770a0447ebc83a36e590da8d01ff4a418d58221c1f44d21f433aaf18fad5a99,mal_train,pysa,1,x86,100004,100000,mal_train/pysa/4770a0447ebc83a36e590da8d01ff4a418d58221c1f44d21f433aaf18fad5a99.asm,4770a0447ebc83a36e590da8d01ff4a418d58221c1f44d21f433aaf18fad5a99,plain,2,1
48355bd2a57d92e017bdada911a4b31aa7225c0b12231c9cbda6717616abaea3,mal_train,pysa,1,x86,100002,100000,mal_train/pysa/48355bd2a57d92e017bdada911a4b31aa7225c0b12231c9cbda6717616abaea3.asm,48355bd2a57d92e017bdada911a4b31aa7225c0b12231c9cbda6717616abaea3,plain,0,1
4dc802894c45ec4d119d002a7569be6c99a9bba732d0057364da9350f9d3659b,mal_train,pysa,1,x86,100002,100000,mal_train/pysa/4dc802894c45ec4d119d002a7569be6c99a9bba732d0057364da9350f9d3659b.asm,4dc802894c45ec4d119d002a7569be6c99a9bba732d0057364da9350f9d3659b,plain,0,1
5510ae74b7e2a10fdafa577dc278612f7796b0252b7d1438615e26c49e1fc560,mal_train,pysa,1,x86,100002,100000,mal_train/pysa/5510ae74b7e2a10fdafa577dc278612f7796b0252b7d1438615e26c49e1fc560.asm,5510ae74b7e2a10fdafa577dc278612f7796b0252b7d1438615e26c49e1fc560,plain,0,1
58ebe9b1c926c87dc1e9d924942504a56456007bff8de4932ef18e476da700c2,mal_train,pysa,1,x86,100003,100000,mal_train/pysa/58ebe9b1c926c87dc1e9d924942504a56456007bff8de4932ef18e476da700c2.asm,58ebe9b1c926c87dc1e9d924942504a56456007bff8de4932ef18e476da700c2,plain,1,1
61bb42fe06b3511d512af33ef59baa295b29bd62eb4d0bf28639c7910a65e4ae,mal_train,pysa,1,x86,100003,100000,mal_train/pysa/61bb42fe06b3511d512af33ef59baa295b29bd62eb4d0bf28639c7910a65e4ae.asm,61bb42fe06b3511d512af33ef59baa295b29bd62eb4d0bf28639c7910a65e4ae,plain,1,1
6f3cd5f05ab4f404c78bab92f705c91d967b31a9b06017d910af312fa87ae3d6,mal_train,pysa,1,x86,100003,100000,mal_train/pysa/6f3cd5f05ab4f404c78bab92f705c91d967b31a9b06017d910af312fa87ae3d6.asm,6f3cd5f05ab4f404c78bab92f705c91d967b31a9b06017d910af312fa87ae3d6,plain,1,1
6f4338a7a3ef8e491279ae81543a08554cad15d1bce6007047bc4449d945b799,mal_train,pysa,1,x86,100002,100000,mal_train/pysa/6f4338a7a3ef8e491279ae81543a08554cad15d1bce6007047bc4449d945b799.asm,6f4338a7a3ef8e491279ae81543a08554cad15d1bce6007047bc4449d945b799,plain,0,1
75c8e93ffcfd84f0d3444c0b9fc8c9a462f91540c8760025c393a749d198d9db,mal_train,pysa,1,x86,100003,100000,mal_train/pysa/75c8e93ffcfd84f0d3444c0b9fc8c9a462f91540c8760025c393a749d198d9db.asm,75c8e93ffcfd84f0d3444c0b9fc8c9a462f91540c8760025c393a749d198d9db,plain,1,1
7c774062bc55e2d0e869d5d69820aa6e3b759454dbc926475b4db6f7f2b6cb14,mal_train,pysa,1,x86,100003,100000,mal_train/pysa/7c774062bc55e2d0e869d5d69820aa6e3b759454dbc926475b4db6f7f2b6cb14.asm,7c774062bc55e2d0e869d5d69820aa6e3b759454dbc926475b4db6f7f2b6cb14,plain,1,1
7fd3000a3afbf077589c300f90b59864ec1fb716feba8e288ed87291c8fdf7c3,mal_train,pysa,1,x86,100003,100000,mal_train/pysa/7fd3000a3afbf077589c300f90b59864ec1fb716feba8e288ed87291c8fdf7c3.asm,7fd3000a3afbf077589c300f90b59864ec1fb716feba8e288ed87291c8fdf7c3,plain,1,1
83c4877cc0d7ae061e10103e1491dad26458c39bf2d6eeeb2b02b98c640238ba,mal_train,pysa,1,x86,100002,100000,mal_train/pysa/83c4877cc0d7ae061e10103e1491dad26458c39bf2d6eeeb2b02b98c640238ba.asm,83c4877cc0d7ae061e10103e1491dad26458c39bf2d6eeeb2b02b98c640238ba,plain,0,1
8b4b233e87c61c8698e086b376da640c9ab2ecd71c58b1f6a2eceb60b7e1a691,mal_train,pysa,1,x86,100002,100000,mal_train/pysa/8b4b233e87c61c8698e086b376da640c9ab2ecd71c58b1f6a2eceb60b7e1a691.asm,8b4b233e87c61c8698e086b376da640c9ab2ecd71c58b1f6a2eceb60b7e1a691,plain,0,1
8c4a385620a2ac889f5727bd80eba534b73cccd81839e1afd210be1eac2e2a91,mal_train,pysa,1,x86,100002,100000,mal_train/pysa/8c4a385620a2ac889f5727bd80eba534b73cccd81839e1afd210be1eac2e2a91.asm,8c4a385620a2ac889f5727bd80eba534b73cccd81839e1afd210be1eac2e2a91,plain,0,1
90cf35560032c380ddaaa05d9ed6baacbc7526a94a992a07fd02f92f371a8e92,mal_train,pysa,1,x86,100003,100000,mal_train/pysa/90cf35560032c380ddaaa05d9ed6baacbc7526a94a992a07fd02f92f371a8e92.asm,90cf35560032c380ddaaa05d9ed6baacbc7526a94a992a07fd02f92f371a8e92,plain,1,1
931772ac59f5859e053589202c8db81edc01911391fe5b32c9abb5bbc2b06e43,mal_train,pysa,1,x86,100002,100000,mal_train/pysa/931772ac59f5859e053589202c8db81edc01911391fe5b32c9abb5bbc2b06e43.asm,931772ac59f5859e053589202c8db81edc01911391fe5b32c9abb5bbc2b06e43,plain,0,1
a18c85399cd1ec3f1ec85cd66ff2e97a0dcf7ccb17ecf697a5376da8eda4d327,mal_train,pysa,1,x86,100003,100000,mal_train/pysa/a18c85399cd1ec3f1ec85cd66ff2e97a0dcf7ccb17ecf697a5376da8eda4d327.asm,a18c85399cd1ec3f1ec85cd66ff2e97a0dcf7ccb17ecf697a5376da8eda4d327,plain,1,1
af99b482eb0b3ff976fa719bf0079da15f62a6c203911655ed93e52ae05c4ac8,mal_train,pysa,1,x86,100002,100000,mal_train/pysa/af99b482eb0b3ff976fa719bf0079da15f62a6c203911655ed93e52ae05c4ac8.asm,af99b482eb0b3ff976fa719bf0079da15f62a6c203911655ed93e52ae05c4ac8,plain,0,1
d1b6ee9b716fe48e51ac4e6bec691366bb08d507773d61a5d14fb15ec5e25e2b,mal_train,pysa,1,x86,100003,100000,mal_train/pysa/d1b6ee9b716fe48e51ac4e6bec691366bb08d507773d61a5d14fb15ec5e25e2b.asm,d1b6ee9b716fe48e51ac4e6bec691366bb08d507773d61a5d14fb15ec5e25e2b,plain,1,1
e4287e9708a73ce6a9b7a3e7c72462b01f7cc3c595d972cf2984185ac1a3a4a8,mal_train,pysa,1,x86,100002,100000,mal_train/pysa/e4287e9708a73ce6a9b7a3e7c72462b01f7cc3c595d972cf2984185ac1a3a4a8.asm,e4287e9708a73ce6a9b7a3e7c72462b01f7cc3c595d972cf2984185ac1a3a4a8,plain,0,1
e9662b468135f758a9487a1be50159ef57f3050b753de2915763b4ed78839ead,mal_train,pysa,1,x86,100004,100000,mal_train/pysa/e9662b468135f758a9487a1be50159ef57f3050b753de2915763b4ed78839ead.asm,e9662b468135f758a9487a1be50159ef57f3050b753de2915763b4ed78839ead,plain,2,1
f0939ebfda6b30a330a00c57497038a54da359e316e0d6e6e71871fd50fec16a,mal_train,pysa,1,x86,100002,100000,mal_train/pysa/f0939ebfda6b30a330a00c57497038a54da359e316e0d6e6e71871fd50fec16a.asm,f0939ebfda6b30a330a00c57497038a54da359e316e0d6e6e71871fd50fec16a,plain,0,1
f602319a51dfad374687a6d18f87c9f8e7b9cab956a4993c2ed83e7adad6e2db,mal_train,pysa,1,x86,100003,100000,mal_train/pysa/f602319a51dfad374687a6d18f87c9f8e7b9cab956a4993c2ed83e7adad6e2db.asm,f602319a51dfad374687a6d18f87c9f8e7b9cab956a4993c2ed83e7adad6e2db,plain,1,1
fb31b023d2545563862c9c314d91770fcec7bb7a4b13abfdb5244266a67446a3,mal_train,pysa,1,x86,100003,100000,mal_train/pysa/fb31b023d2545563862c9c314d91770fcec7bb7a4b13abfdb5244266a67446a3.asm,fb31b023d2545563862c9c314d91770fcec7bb7a4b13abfdb5244266a67446a3,plain,1,1
fd4db629ddb82ee6f339ed998fafaaf74f74cc7391c95263ca63df900b69ef1b,mal_train,pysa,1,x86,100002,100000,mal_train/pysa/fd4db629ddb82ee6f339ed998fafaaf74f74cc7391c95263ca63df900b69ef1b.asm,fd4db629ddb82ee6f339ed998fafaaf74f74cc7391c95263ca63df900b69ef1b,plain,0,1
0209d66c757282330b026a4cf00dfffc64c88a460d3e43212abe2e721d066d23,mal_train,ragnarok,1,x86,17644,17642,mal_train/ragnarok/0209d66c757282330b026a4cf00dfffc64c88a460d3e43212abe2e721d066d23.asm,0209d66c757282330b026a4cf00dfffc64c88a460d3e43212abe2e721d066d23,plain,1,0
0272f2709880a7d60be927bd860a02c19665a3142b4dc22c13a11bec157b2a6a,mal_train,ragnarok,1,x86,17644,17642,mal_train/ragnarok/0272f2709880a7d60be927bd860a02c19665a3142b4dc22c13a11bec157b2a6a.asm,0272f2709880a7d60be927bd860a02c19665a3142b4dc22c13a11bec157b2a6a,plain,1,0
041fd213326dd5c10a16caf88ff076bb98c68c052284430fba5f601023d39a14,mal_train,ragnarok,1,x86,11377,11329,mal_train/ragnarok/041fd213326dd5c10a16caf88ff076bb98c68c052284430fba5f601023d39a14.asm,041fd213326dd5c10a16caf88ff076bb98c68c052284430fba5f601023d39a14,plain,46,0
04c9cc0d1577d5ee54a4e2d4dd12f17011d13703cdd0e6efd46718d14fd9aa87,mal_train,ragnarok,1,x86,16210,16162,mal_train/ragnarok/04c9cc0d1577d5ee54a4e2d4dd12f17011d13703cdd0e6efd46718d14fd9aa87.asm,04c9cc0d1577d5ee54a4e2d4dd12f17011d13703cdd0e6efd46718d14fd9aa87,plain,46,0
0766beb30c575fc68d1ca134bd53c086d2ce63b040e4d0bbd6d89d8c26ca04f6,mal_train,ragnarok,1,x86,55004,54675,mal_train/ragnarok/0766beb30c575fc68d1ca134bd53c086d2ce63b040e4d0bbd6d89d8c26ca04f6.asm,0766beb30c575fc68d1ca134bd53c086d2ce63b040e4d0bbd6d89d8c26ca04f6,plain,328,0
1602d04000a8c7221ed0d97d79f3157303e209d4640d31b8566dd52c2b09d033,mal_train,ragnarok,1,x86,15173,15108,mal_train/ragnarok/1602d04000a8c7221ed0d97d79f3157303e209d4640d31b8566dd52c2b09d033.asm,1602d04000a8c7221ed0d97d79f3157303e209d4640d31b8566dd52c2b09d033,plain,63,0
16166851c86178085cfa28127c3e20dfe692ac9da7428c08888c9c4b2d0aadad,mal_train,ragnarok,1,x86,18730,18729,mal_train/ragnarok/16166851c86178085cfa28127c3e20dfe692ac9da7428c08888c9c4b2d0aadad.asm,16166851c86178085cfa28127c3e20dfe692ac9da7428c08888c9c4b2d0aadad,plain,0,0
1f0ea8ee29856eacc5fd26521d44e14201832820bba38534310f7eb6f28d5f77,mal_train,ragnarok,1,x86,56788,56787,mal_train/ragnarok/1f0ea8ee29856eacc5fd26521d44e14201832820bba38534310f7eb6f28d5f77.asm,1f0ea8ee29856eacc5fd26521d44e14201832820bba38534310f7eb6f28d5f77,plain,0,0
27ff7406aa1507ba4b5fbdd2d579c1ed3d301e4399b99fb1ba8c1d47748be339,mal_train,ragnarok,1,x86,17644,17642,mal_train/ragnarok/27ff7406aa1507ba4b5fbdd2d579c1ed3d301e4399b99fb1ba8c1d47748be339.asm,27ff7406aa1507ba4b5fbdd2d579c1ed3d301e4399b99fb1ba8c1d47748be339,plain,1,0
2be37eb63aa942a7ff3a7101afa786489b34bfe284b8ae746436c5f5e188eb04,mal_train,ragnarok,1,x86,17644,17642,mal_train/ragnarok/2be37eb63aa942a7ff3a7101afa786489b34bfe284b8ae746436c5f5e188eb04.asm,2be37eb63aa942a7ff3a7101afa786489b34bfe284b8ae746436c5f5e188eb04,plain,1,0
2c6fe093fd80bb076e88c50cfd6c86f187c0520c8790d771e1368bd241d59f17,mal_train,ragnarok,1,x86,17854,17851,mal_train/ragnarok/2c6fe093fd80bb076e88c50cfd6c86f187c0520c8790d771e1368bd241d59f17.asm,2c6fe093fd80bb076e88c50cfd6c86f187c0520c8790d771e1368bd241d59f17,plain,2,0
30dcc7a8ae98e52ee5547379048ca1fc90925e09a2a81c055021ba225c1d064c,mal_train,ragnarok,1,x86,17847,17842,mal_train/ragnarok/30dcc7a8ae98e52ee5547379048ca1fc90925e09a2a81c055021ba225c1d064c.asm,30dcc7a8ae98e52ee5547379048ca1fc90925e09a2a81c055021ba225c1d064c,plain,4,0
32d16594582e303443462bb4a8e37424e853154b900ec8d47c42f199c8be6fea,mal_train,ragnarok,1,x86,57134,57133,mal_train/ragnarok/32d16594582e303443462bb4a8e37424e853154b900ec8d47c42f199c8be6fea.asm,32d16594582e303443462bb4a8e37424e853154b900ec8d47c42f199c8be6fea,plain,0,0
3b43751ed88e4d1f82cf52ca2d4477e3e35c35f08c1b4e3ab21c80720601e804,mal_train,ragnarok,1,x86,16236,16181,mal_train/ragnarok/3b43751ed88e4d1f82cf52ca2d4477e3e35c35f08c1b4e3ab21c80720601e804.asm,3b43751ed88e4d1f82cf52ca2d4477e3e35c35f08c1b4e3ab21c80720601e804,plain,53,0
3bc8ce79ee7043c9ad70698e3fc2013806244dc5112c8c8d465e96757b57b1e1,mal_train,ragnarok,1,x86,15150,15105,mal_train/ragnarok/3bc8ce79ee7043c9ad70698e3fc2013806244dc5112c8c8d465e96757b57b1e1.asm,3bc8ce79ee7043c9ad70698e3fc2013806244dc5112c8c8d465e96757b57b1e1,plain,43,0
3c103850d13c9564b06087c9ad55ca2c1e2e9b9d063cb7a39d7a105f689f87a8,mal_train,ragnarok,1,x86,16236,16181,mal_train/ragnarok/3c103850d13c9564b06087c9ad55ca2c1e2e9b9d063cb7a39d7a105f689f87a8.asm,3c103850d13c9564b06087c9ad55ca2c1e2e9b9d063cb7a39d7a105f689f87a8,plain,53,0
467be4279ce6d4a973aa79eae37ad09174b79c5eb48c03093c9a52a4bd04d092,mal_train,ragnarok,1,x86,17644,17642,mal_train/ragnarok/467be4279ce6d4a973aa79eae37ad09174b79c5eb48c03093c9a52a4bd04d092.asm,467be4279ce6d4a973aa79eae37ad09174b79c5eb48c03093c9a52a4bd04d092,plain,1,0
4e17fb5415d3bfbf419afe186e0a3ed1c6478bddf9fb9b996e98f6318456a7e6,mal_train,ragnarok,1,x86,17644,17642,mal_train/ragnarok/4e17fb5415d3bfbf419afe186e0a3ed1c6478bddf9fb9b996e98f6318456a7e6.asm,4e17fb5415d3bfbf419afe186e0a3ed1c6478bddf9fb9b996e98f6318456a7e6,plain,1,0
4e8e84ad831cf251366b609720d6e3c6523fdd66ea0f989acb5d62e62e418cdf,mal_train,ragnarok,1,x86,15173,15108,mal_train/ragnarok/4e8e84ad831cf251366b609720d6e3c6523fdd66ea0f989acb5d62e62e418cdf.asm,4e8e84ad831cf251366b609720d6e3c6523fdd66ea0f989acb5d62e62e418cdf,plain,63,0
4f0268288fb680fbabc48b09a87e828a6e18782516fa9b9bfc23acc2727f6ba9,mal_train,ragnarok,1,x86,17847,17842,mal_train/ragnarok/4f0268288fb680fbabc48b09a87e828a6e18782516fa9b9bfc23acc2727f6ba9.asm,4f0268288fb680fbabc48b09a87e828a6e18782516fa9b9bfc23acc2727f6ba9,plain,4,0
53df85f3250eb84f9c8b29731173d8cc9b4416744203b64edc76dd3b589d85c1,mal_train,ragnarok,1,x86,24961,24938,mal_train/ragnarok/53df85f3250eb84f9c8b29731173d8cc9b4416744203b64edc76dd3b589d85c1.asm,53df85f3250eb84f9c8b29731173d8cc9b4416744203b64edc76dd3b589d85c1,plain,20,0
63096f288f49b25d50f4aea52dc1fc00871b3927fa2a81fa0b0d752b261a3059,mal_train,ragnarok,1,x86,12691,12661,mal_train/ragnarok/63096f288f49b25d50f4aea52dc1fc00871b3927fa2a81fa0b0d752b261a3059.asm,63096f288f49b25d50f4aea52dc1fc00871b3927fa2a81fa0b0d752b261a3059,plain,28,0
68eb2d2d7866775d6bf106a914281491d23769a9eda88fc078328150b8432bb3,mal_train,ragnarok,1,x86,17847,17842,mal_train/ragnarok/68eb2d2d7866775d6bf106a914281491d23769a9eda88fc078328150b8432bb3.asm,68eb2d2d7866775d6bf106a914281491d23769a9eda88fc078328150b8432bb3,plain,4,0
6edc6154834951ffc012f575e2827da8e4aca4f67f24ef59a678e02dc40c9c91,mal_train,ragnarok,1,x86,23246,23179,mal_train/ragnarok/6edc6154834951ffc012f575e2827da8e4aca4f67f24ef59a678e02dc40c9c91.asm,6edc6154834951ffc012f575e2827da8e4aca4f67f24ef59a678e02dc40c9c91,plain,65,0
73697bf67323eac51eff5c4c5c9fefbeea0c7c9fc125341fa7d85e97c097a71f,mal_train,ragnarok,1,x86,24888,24866,mal_train/ragnarok/73697bf67323eac51eff5c4c5c9fefbeea0c7c9fc125341fa7d85e97c097a71f.asm,73697bf67323eac51eff5c4c5c9fefbeea0c7c9fc125341fa7d85e97c097a71f,plain,19,0
7af61ce420051640c50b0e73e718dd8c55dddfcb58917a3bead9d3ece2f3e929,mal_train,ragnarok,1,x86,14946,14901,mal_train/ragnarok/7af61ce420051640c50b0e73e718dd8c55dddfcb58917a3bead9d3ece2f3e929.asm,7af61ce420051640c50b0e73e718dd8c55dddfcb58917a3bead9d3ece2f3e929,plain,43,0
9706a97ffa43a0258571def8912dc2b8bf1ee207676052ad1b9c16ca9953fc2c,mal_train,ragnarok,1,x86,10375,10343,mal_train/ragnarok/9706a97ffa43a0258571def8912dc2b8bf1ee207676052ad1b9c16ca9953fc2c.asm,9706a97ffa43a0258571def8912dc2b8bf1ee207676052ad1b9c16ca9953fc2c,plain,30,0
9bdd7f965d1c67396afb0a84c78b4d12118ff377db7efdca4a1340933120f376,mal_train,ragnarok,1,x86,11377,11329,mal_train/ragnarok/9bdd7f965d1c67396afb0a84c78b4d12118ff377db7efdca4a1340933120f376.asm,9bdd7f965d1c67396afb0a84c78b4d12118ff377db7efdca4a1340933120f376,plain,46,0
ac16f3e23516cf6b22830c399b4aba9706d37adceb5eb8ea9960f71f1425df79,mal_train,ragnarok,1,x86,16139,16064,mal_train/ragnarok/ac16f3e23516cf6b22830c399b4aba9706d37adceb5eb8ea9960f71f1425df79.asm,ac16f3e23516cf6b22830c399b4aba9706d37adceb5eb8ea9960f71f1425df79,plain,73,0
b5466ce462df16b3a29f22192b1291d70479cacf35bd5e937f35b2567da948fe,mal_train,ragnarok,1,x86,17644,17642,mal_train/ragnarok/b5466ce462df16b3a29f22192b1291d70479cacf35bd5e937f35b2567da948fe.asm,b5466ce462df16b3a29f22192b1291d70479cacf35bd5e937f35b2567da948fe,plain,1,0
b7319f3e21c3941fc2a960b67a150b02f1f3389825164140e75dfa023a73d34c,mal_train,ragnarok,1,x86,56788,56787,mal_train/ragnarok/b7319f3e21c3941fc2a960b67a150b02f1f3389825164140e75dfa023a73d34c.asm,b7319f3e21c3941fc2a960b67a150b02f1f3389825164140e75dfa023a73d34c,plain,0,0
c2bd70495630ed8279de0713a010e5e55f3da29323b59ef71401b12942ba52f6,mal_train,ragnarok,1,x86,14946,14901,mal_train/ragnarok/c2bd70495630ed8279de0713a010e5e55f3da29323b59ef71401b12942ba52f6.asm,c2bd70495630ed8279de0713a010e5e55f3da29323b59ef71401b12942ba52f6,plain,43,0
c85b211a9cf462aa88efe3db72ab5ab9ed91480355f1fd359d2680fdcb1b0c28,mal_train,ragnarok,1,x86,16210,16162,mal_train/ragnarok/c85b211a9cf462aa88efe3db72ab5ab9ed91480355f1fd359d2680fdcb1b0c28.asm,c85b211a9cf462aa88efe3db72ab5ab9ed91480355f1fd359d2680fdcb1b0c28,plain,46,0
d333d5eb3fc8fdd2c18e65723400c2ab939988fae9802937af329bb6b3735720,mal_train,ragnarok,1,x86,16080,16014,mal_train/ragnarok/d333d5eb3fc8fdd2c18e65723400c2ab939988fae9802937af329bb6b3735720.asm,d333d5eb3fc8fdd2c18e65723400c2ab939988fae9802937af329bb6b3735720,plain,64,0
db8b499d613b604a439bca37c3be2f578bdfcde1b2271eccbcf22db85996e785,mal_train,ragnarok,1,x86,63518,63515,mal_train/ragnarok/db8b499d613b604a439bca37c3be2f578bdfcde1b2271eccbcf22db85996e785.asm,db8b499d613b604a439bca37c3be2f578bdfcde1b2271eccbcf22db85996e785,plain,2,0
dd5d4cf9422b6e4514d49a3ec542cffb682be8a24079010cda689afbb44ac0f4,mal_train,ragnarok,1,x86,15194,15147,mal_train/ragnarok/dd5d4cf9422b6e4514d49a3ec542cffb682be8a24079010cda689afbb44ac0f4.asm,dd5d4cf9422b6e4514d49a3ec542cffb682be8a24079010cda689afbb44ac0f4,plain,45,0
dd79b2abc21e766fe3076038482ded43e5069a1af9e0ad29e06dce387bfae900,mal_train,ragnarok,1,x86,16146,16091,mal_train/ragnarok/dd79b2abc21e766fe3076038482ded43e5069a1af9e0ad29e06dce387bfae900.asm,dd79b2abc21e766fe3076038482ded43e5069a1af9e0ad29e06dce387bfae900,plain,53,0
e1957024039b0e48a15c27448f19d4df4f0e4666f9ac34e7f4d42dd3c32e15ed,mal_train,ragnarok,1,x86,11406,11360,mal_train/ragnarok/e1957024039b0e48a15c27448f19d4df4f0e4666f9ac34e7f4d42dd3c32e15ed.asm,e1957024039b0e48a15c27448f19d4df4f0e4666f9ac34e7f4d42dd3c32e15ed,plain,44,0
e7fe3b83e1730593d372b5a848e84066c07d75ee4790395a258822cfb8502412,mal_train,ragnarok,1,x86,17644,17642,mal_train/ragnarok/e7fe3b83e1730593d372b5a848e84066c07d75ee4790395a258822cfb8502412.asm,e7fe3b83e1730593d372b5a848e84066c07d75ee4790395a258822cfb8502412,plain,1,0
ec35c76ad2c8192f09c02eca1f263b406163470ca8438d054db7adcf5bfc0597,mal_train,ragnarok,1,x86,11406,11360,mal_train/ragnarok/ec35c76ad2c8192f09c02eca1f263b406163470ca8438d054db7adcf5bfc0597.asm,ec35c76ad2c8192f09c02eca1f263b406163470ca8438d054db7adcf5bfc0597,plain,44,0
ee7221f0d74d03a613ca334aa6cacbcff381a10a1d0ded8a485c3ad1ba8530e1,mal_train,ragnarok,1,x86,57236,57234,mal_train/ragnarok/ee7221f0d74d03a613ca334aa6cacbcff381a10a1d0ded8a485c3ad1ba8530e1.asm,ee7221f0d74d03a613ca334aa6cacbcff381a10a1d0ded8a485c3ad1ba8530e1,plain,1,0
fc990b79c1f106bfe21a6b2faa0455429e12e1707546e9475d5ea66daf10fd98,mal_train,ragnarok,1,x86,24438,24363,mal_train/ragnarok/fc990b79c1f106bfe21a6b2faa0455429e12e1707546e9475d5ea66daf10fd98.asm,fc990b79c1f106bfe21a6b2faa0455429e12e1707546e9475d5ea66daf10fd98,plain,72,0
08cf8ed94cc1ef6ae23133f3e506a50d8aad9047c6fa74568a0373d991261aa4,mal_train,ransomexx,1,x86,20225,20224,mal_train/ransomexx/08cf8ed94cc1ef6ae23133f3e506a50d8aad9047c6fa74568a0373d991261aa4.asm,08cf8ed94cc1ef6ae23133f3e506a50d8aad9047c6fa74568a0373d991261aa4,plain,0,0
09bb81e5a6c716f14c625ff36beb3b184d0089ed29252af10635b604b69f22ef,mal_train,ransomexx,1,x86,100003,100000,mal_train/ransomexx/09bb81e5a6c716f14c625ff36beb3b184d0089ed29252af10635b604b69f22ef.asm,09bb81e5a6c716f14c625ff36beb3b184d0089ed29252af10635b604b69f22ef,plain,1,1
0b42bf15b77cfe9f9e693f2776691647e78a91be27f5bdb8d1a366be510a773f,mal_train,ransomexx,1,x86,100008,100000,mal_train/ransomexx/0b42bf15b77cfe9f9e693f2776691647e78a91be27f5bdb8d1a366be510a773f.asm,0b42bf15b77cfe9f9e693f2776691647e78a91be27f5bdb8d1a366be510a773f,plain,6,1
10c4067908181cebb72202d92ff7a054b19ef3aada939bf76178e35be9506525,mal_train,ransomexx,1,x86,100005,100000,mal_train/ransomexx/10c4067908181cebb72202d92ff7a054b19ef3aada939bf76178e35be9506525.asm,10c4067908181cebb72202d92ff7a054b19ef3aada939bf76178e35be9506525,plain,3,1
1fb3db9bfa0960ff9cf5cd4dc875ec72dd3fd8a60340c7bf2631d8bc30d54a0f,mal_train,ransomexx,1,x86,31582,31577,mal_train/ransomexx/1fb3db9bfa0960ff9cf5cd4dc875ec72dd3fd8a60340c7bf2631d8bc30d54a0f.asm,1fb3db9bfa0960ff9cf5cd4dc875ec72dd3fd8a60340c7bf2631d8bc30d54a0f,plain,4,0
248c45236a4d4b5aec67b01a1e2e42a15bb6d2de0dee296f345d976ac01c3646,mal_train,ransomexx,1,x86,36361,36360,mal_train/ransomexx/248c45236a4d4b5aec67b01a1e2e42a15bb6d2de0dee296f345d976ac01c3646.asm,248c45236a4d4b5aec67b01a1e2e42a15bb6d2de0dee296f345d976ac01c3646,plain,0,0
45de0b468a1d23bb4d557f426fde7decdc2c18e94ce69c414663db5eea2d4f28,mal_train,ransomexx,1,x86,28558,28554,mal_train/ransomexx/45de0b468a1d23bb4d557f426fde7decdc2c18e94ce69c414663db5eea2d4f28.asm,45de0b468a1d23bb4d557f426fde7decdc2c18e94ce69c414663db5eea2d4f28,plain,3,0
4cae449450c07b7aa74314173c7b00d409eabfe22b86859f3b3acedd66010458,mal_train,ransomexx,1,x86,31582,31577,mal_train/ransomexx/4cae449450c07b7aa74314173c7b00d409eabfe22b86859f3b3acedd66010458.asm,4cae449450c07b7aa74314173c7b00d409eabfe22b86859f3b3acedd66010458,plain,4,0
64c51351aafb4cd339934a78d064847bdd833b963eafbade86eb51ac2c1677f4,mal_train,ransomexx,1,x86,31582,31577,mal_train/ransomexx/64c51351aafb4cd339934a78d064847bdd833b963eafbade86eb51ac2c1677f4.asm,64c51351aafb4cd339934a78d064847bdd833b963eafbade86eb51ac2c1677f4,plain,4,0
c0f07b493cc32ffcbb4ca1ca92f5752c4040b1d0be7b69981c22a27f69cfb890,mal_train,ransomexx,1,x86,29754,29749,mal_train/ransomexx/c0f07b493cc32ffcbb4ca1ca92f5752c4040b1d0be7b69981c22a27f69cfb890.asm,c0f07b493cc32ffcbb4ca1ca92f5752c4040b1d0be7b69981c22a27f69cfb890,plain,4,0
d85f4448d5aea240d68c07bec6f363986d71940c3c1a3e49053d55fd1741c41e,mal_train,ransomexx,1,x86,32452,32447,mal_train/ransomexx/d85f4448d5aea240d68c07bec6f363986d71940c3c1a3e49053d55fd1741c41e.asm,d85f4448d5aea240d68c07bec6f363986d71940c3c1a3e49053d55fd1741c41e,plain,4,0
ed2b1f855fc7a39a7cf2cfbfd5a10707801ba313bab9c5d748fcd3703aad66fc,mal_train,ransomexx,1,x86,31582,31577,mal_train/ransomexx/ed2b1f855fc7a39a7cf2cfbfd5a10707801ba313bab9c5d748fcd3703aad66fc.asm,ed2b1f855fc7a39a7cf2cfbfd5a10707801ba313bab9c5d748fcd3703aad66fc,plain,4,0
fa28436aaf459d16215dd2d96ea5756c09198216c52d90a7a20abde4e826909b,mal_train,ransomexx,1,x86,29564,29560,mal_train/ransomexx/fa28436aaf459d16215dd2d96ea5756c09198216c52d90a7a20abde4e826909b.asm,fa28436aaf459d16215dd2d96ea5756c09198216c52d90a7a20abde4e826909b,plain,3,0
04419b76566142902680b2c44b216905b44a5743502530066e408bac72d20864,mal_train,revil,1,x86,18342,18341,mal_train/revil/04419b76566142902680b2c44b216905b44a5743502530066e408bac72d20864.asm,04419b76566142902680b2c44b216905b44a5743502530066e408bac72d20864,plain,0,0
08c2d24cb9c632f9aa84254bb673c9df04d4ac23ee07e840794e9438b06e9bd2,mal_train,revil,1,x86,17962,17961,mal_train/revil/08c2d24cb9c632f9aa84254bb673c9df04d4ac23ee07e840794e9438b06e9bd2.asm,08c2d24cb9c632f9aa84254bb673c9df04d4ac23ee07e840794e9438b06e9bd2,plain,0,0
12d8bfa1aeb557c146b98f069f3456cc8392863a2f4ad938722cd7ca1a773b39,mal_train,revil,1,x86,17835,17834,mal_train/revil/12d8bfa1aeb557c146b98f069f3456cc8392863a2f4ad938722cd7ca1a773b39.asm,12d8bfa1aeb557c146b98f069f3456cc8392863a2f4ad938722cd7ca1a773b39,plain,0,0
1407486e00e1c186e5ea73d53c9f026f1e72609cb6fcd90ebc4545aae30728db,mal_train,revil,1,x86,16964,16963,mal_train/revil/1407486e00e1c186e5ea73d53c9f026f1e72609cb6fcd90ebc4545aae30728db.asm,1407486e00e1c186e5ea73d53c9f026f1e72609cb6fcd90ebc4545aae30728db,plain,0,0
1fb2178279b76d9ed5e3c24b24885a31ec521e58a4688597600d26f88df5b8e1,mal_train,revil,1,x86,17835,17834,mal_train/revil/1fb2178279b76d9ed5e3c24b24885a31ec521e58a4688597600d26f88df5b8e1.asm,1fb2178279b76d9ed5e3c24b24885a31ec521e58a4688597600d26f88df5b8e1,plain,0,0
1fe9b489c25bb23b04d9996e8107671edee69bd6f6def2fe7ece38a0fb35f98e,mal_train,revil,1,x86,15374,15373,mal_train/revil/1fe9b489c25bb23b04d9996e8107671edee69bd6f6def2fe7ece38a0fb35f98e.asm,1fe9b489c25bb23b04d9996e8107671edee69bd6f6def2fe7ece38a0fb35f98e,plain,0,0
20d46f118a5e925f992932f20dd658e4d464ac8d8218f7fba683029d51761709,mal_train,revil,1,x86,18342,18341,mal_train/revil/20d46f118a5e925f992932f20dd658e4d464ac8d8218f7fba683029d51761709.asm,20d46f118a5e925f992932f20dd658e4d464ac8d8218f7fba683029d51761709,plain,0,0
2df2fab33c1db5b049284a6bd5aa1f58bec4cb370b0663870b6a57ef33b5028c,mal_train,revil,1,x86,17691,17690,mal_train/revil/2df2fab33c1db5b049284a6bd5aa1f58bec4cb370b0663870b6a57ef33b5028c.asm,2df2fab33c1db5b049284a6bd5aa1f58bec4cb370b0663870b6a57ef33b5028c,plain,0,0
2ea781140f7e86c63b636249b5fdba9828661bdd846fd95c195c5b986b84a507,mal_train,revil,1,x86,15327,15326,mal_train/revil/2ea781140f7e86c63b636249b5fdba9828661bdd846fd95c195c5b986b84a507.asm,2ea781140f7e86c63b636249b5fdba9828661bdd846fd95c195c5b986b84a507,plain,0,0
2f00cd865ea857a2d9d399385c408e99f9daaa1b6c193f2195393bd459524b3e,mal_train,revil,1,x86,18342,18341,mal_train/revil/2f00cd865ea857a2d9d399385c408e99f9daaa1b6c193f2195393bd459524b3e.asm,2f00cd865ea857a2d9d399385c408e99f9daaa1b6c193f2195393bd459524b3e,plain,0,0
329983dc2a23bd951b24780947cb9a6ae3fb80d5ef546e8538dfd9459b176483,mal_train,revil,1,x86,527,526,mal_train/revil/329983dc2a23bd951b24780947cb9a6ae3fb80d5ef546e8538dfd9459b176483.asm,329983dc2a23bd951b24780947cb9a6ae3fb80d5ef546e8538dfd9459b176483,plain,0,0
3b0cf9bc480a7fc4a560ab26cd35a72313b1fa49bf6ef208c434a32b3f1588c4,mal_train,revil,1,x86,18342,18341,mal_train/revil/3b0cf9bc480a7fc4a560ab26cd35a72313b1fa49bf6ef208c434a32b3f1588c4.asm,3b0cf9bc480a7fc4a560ab26cd35a72313b1fa49bf6ef208c434a32b3f1588c4,plain,0,0
3c56d3fe6373d5b84074f214b883ca65685d04141ff829f73ff65531bf1f86ad,mal_train,revil,1,x86,100002,100000,mal_train/revil/3c56d3fe6373d5b84074f214b883ca65685d04141ff829f73ff65531bf1f86ad.asm,3c56d3fe6373d5b84074f214b883ca65685d04141ff829f73ff65531bf1f86ad,plain,0,1
42438a67636a6981b4e3209449040f6b393f10fe0636dfca2260fc0f4271e135,mal_train,revil,1,x86,17835,17834,mal_train/revil/42438a67636a6981b4e3209449040f6b393f10fe0636dfca2260fc0f4271e135.asm,42438a67636a6981b4e3209449040f6b393f10fe0636dfca2260fc0f4271e135,plain,0,0
44cd22cb40115a504bf933ec006d47ae0076f450f76b54783f846beca81c4c93,mal_train,revil,1,x86,18342,18341,mal_train/revil/44cd22cb40115a504bf933ec006d47ae0076f450f76b54783f846beca81c4c93.asm,44cd22cb40115a504bf933ec006d47ae0076f450f76b54783f846beca81c4c93,plain,0,0
52612bceee07152f2e2e6699b3c085149e11979f34fe248bda14e03a0d950e85,mal_train,revil,1,x86,17691,17690,mal_train/revil/52612bceee07152f2e2e6699b3c085149e11979f34fe248bda14e03a0d950e85.asm,52612bceee07152f2e2e6699b3c085149e11979f34fe248bda14e03a0d950e85,plain,0,0
5467fe3f38ccf0c56c1aba7cbbc56109b747f7a53c333a3f5a1cfe6094e1fa2b,mal_train,revil,1,x86,17691,17690,mal_train/revil/5467fe3f38ccf0c56c1aba7cbbc56109b747f7a53c333a3f5a1cfe6094e1fa2b.asm,5467fe3f38ccf0c56c1aba7cbbc56109b747f7a53c333a3f5a1cfe6094e1fa2b,plain,0,0
54f07b825fd662618e1142ee47ef5c988c08ae59c60209bef250fc68bfd3826c,mal_train,revil,1,x86,17962,17961,mal_train/revil/54f07b825fd662618e1142ee47ef5c988c08ae59c60209bef250fc68bfd3826c.asm,54f07b825fd662618e1142ee47ef5c988c08ae59c60209bef250fc68bfd3826c,plain,0,0
5f56d5748940e4039053f85978074bde16d64bd5ba97f6f0026ba8172cb29e93,mal_train,revil,1,x86,15327,15326,mal_train/revil/5f56d5748940e4039053f85978074bde16d64bd5ba97f6f0026ba8172cb29e93.asm,5f56d5748940e4039053f85978074bde16d64bd5ba97f6f0026ba8172cb29e93,plain,0,0
62a27299a63f16f14ab36532e5afc203f817df9eef94630a4873d35d8f685fbd,mal_train,revil,1,x86,16964,16963,mal_train/revil/62a27299a63f16f14ab36532e5afc203f817df9eef94630a4873d35d8f685fbd.asm,62a27299a63f16f14ab36532e5afc203f817df9eef94630a4873d35d8f685fbd,plain,0,0
66060484cccedb839fb646d4e6020e079319374b2847c52dcec55c5ad60b1beb,mal_train,revil,1,x86,17835,17834,mal_train/revil/66060484cccedb839fb646d4e6020e079319374b2847c52dcec55c5ad60b1beb.asm,66060484cccedb839fb646d4e6020e079319374b2847c52dcec55c5ad60b1beb,plain,0,0
6834005e47c6ad53cb0793e1f13b6ea45383d86691b179f4229214d8768d0ceb,mal_train,revil,1,x86,18342,18341,mal_train/revil/6834005e47c6ad53cb0793e1f13b6ea45383d86691b179f4229214d8768d0ceb.asm,6834005e47c6ad53cb0793e1f13b6ea45383d86691b179f4229214d8768d0ceb,plain,0,0
6c5ddbe058da35b2731fe10234520a6bb78604f860ed4188a1bd07e62fe4ec11,mal_train,revil,1,x86,16715,16714,mal_train/revil/6c5ddbe058da35b2731fe10234520a6bb78604f860ed4188a1bd07e62fe4ec11.asm,6c5ddbe058da35b2731fe10234520a6bb78604f860ed4188a1bd07e62fe4ec11,plain,0,0
74ce1be7fe32869dbbfe599d7992c306a7ee693eb517924135975daa64a3a92f,mal_train,revil,1,x86,17962,17961,mal_train/revil/74ce1be7fe32869dbbfe599d7992c306a7ee693eb517924135975daa64a3a92f.asm,74ce1be7fe32869dbbfe599d7992c306a7ee693eb517924135975daa64a3a92f,plain,0,0
7cd8f10164a6c3209574751d16c4e9297334f11a08ade649055450d41e0d31e9,mal_train,revil,1,x86,16736,16735,mal_train/revil/7cd8f10164a6c3209574751d16c4e9297334f11a08ade649055450d41e0d31e9.asm,7cd8f10164a6c3209574751d16c4e9297334f11a08ade649055450d41e0d31e9,plain,0,0
7e70460a2e395485fe6328a58e09400fc7963afeb29fdadb924c340e758b267c,mal_train,revil,1,x86,17835,17834,mal_train/revil/7e70460a2e395485fe6328a58e09400fc7963afeb29fdadb924c340e758b267c.asm,7e70460a2e395485fe6328a58e09400fc7963afeb29fdadb924c340e758b267c,plain,0,0
8c716101e118ac65d7bdb900e0100d012256abb1d7cdf64830e5943a795ccce2,mal_train,revil,1,x86,103680,100000,mal_train/revil/8c716101e118ac65d7bdb900e0100d012256abb1d7cdf64830e5943a795ccce2.asm,8c716101e118ac65d7bdb900e0100d012256abb1d7cdf64830e5943a795ccce2,plain,3678,1
93c4b144a4ef5e9ebcb5de425f6151fb6fd892d1042b21e639ab6c358cad3940,mal_train,revil,1,x86,17835,17834,mal_train/revil/93c4b144a4ef5e9ebcb5de425f6151fb6fd892d1042b21e639ab6c358cad3940.asm,93c4b144a4ef5e9ebcb5de425f6151fb6fd892d1042b21e639ab6c358cad3940,plain,0,0
9b11711efed24b3c6723521a7d7eb4a52e4914db7420e278aa36e727459d59dd,mal_train,revil,1,x86,19988,19987,mal_train/revil/9b11711efed24b3c6723521a7d7eb4a52e4914db7420e278aa36e727459d59dd.asm,9b11711efed24b3c6723521a7d7eb4a52e4914db7420e278aa36e727459d59dd,plain,0,0
9d3a482d9441876096e0cee429fedf7b9f7e1c6a50b3e4b2009884019627d879,mal_train,revil,1,x86,37535,36941,mal_train/revil/9d3a482d9441876096e0cee429fedf7b9f7e1c6a50b3e4b2009884019627d879.asm,9d3a482d9441876096e0cee429fedf7b9f7e1c6a50b3e4b2009884019627d879,packed_other,593,0
9df39b3b2b0ed8ed469d028cc4269655d6b70aef8b22a308f34e1929e4b00992,mal_train,revil,1,x86,18342,18341,mal_train/revil/9df39b3b2b0ed8ed469d028cc4269655d6b70aef8b22a308f34e1929e4b00992.asm,9df39b3b2b0ed8ed469d028cc4269655d6b70aef8b22a308f34e1929e4b00992,plain,0,0
9f256973ee6ddcd3d781761480c00220a140fad833dc9a6a085f45c419d1714e,mal_train,revil,1,x86,16736,16735,mal_train/revil/9f256973ee6ddcd3d781761480c00220a140fad833dc9a6a085f45c419d1714e.asm,9f256973ee6ddcd3d781761480c00220a140fad833dc9a6a085f45c419d1714e,plain,0,0
ab0aa003d7238940cbdf7393677f968c4a252516de7f0699cd4654abd2e7ae83,mal_train,revil,1,x86,16736,16735,mal_train/revil/ab0aa003d7238940cbdf7393677f968c4a252516de7f0699cd4654abd2e7ae83.asm,ab0aa003d7238940cbdf7393677f968c4a252516de7f0699cd4654abd2e7ae83,plain,0,0
b49c1caf4d71f47c73e112f22e033ee59610a5ae080e76797d5ef1dcc4a93d07,mal_train,revil,1,x86,16964,16963,mal_train/revil/b49c1caf4d71f47c73e112f22e033ee59610a5ae080e76797d5ef1dcc4a93d07.asm,b49c1caf4d71f47c73e112f22e033ee59610a5ae080e76797d5ef1dcc4a93d07,plain,0,0
b9924321b4f05ec0b98e272ddd4f91feb69eb93c44186ca165a4d51beed91152,mal_train,revil,1,x86,18342,18341,mal_train/revil/b9924321b4f05ec0b98e272ddd4f91feb69eb93c44186ca165a4d51beed91152.asm,b9924321b4f05ec0b98e272ddd4f91feb69eb93c44186ca165a4d51beed91152,plain,0,0
bbcaee51155609d365f6bb297d124efea685df0243ec1d4efb5043d9afe5963d,mal_train,revil,1,x86,16588,16587,mal_train/revil/bbcaee51155609d365f6bb297d124efea685df0243ec1d4efb5043d9afe5963d.asm,bbcaee51155609d365f6bb297d124efea685df0243ec1d4efb5043d9afe5963d,plain,0,0
c7a3f735583f0ad0e623a1a248188a0b5fbb7997c2a4a5278bd09e9ce5d6fc33,mal_train,revil,1,x86,17643,17642,mal_train/revil/c7a3f735583f0ad0e623a1a248188a0b5fbb7997c2a4a5278bd09e9ce5d6fc33.asm,c7a3f735583f0ad0e623a1a248188a0b5fbb7997c2a4a5278bd09e9ce5d6fc33,plain,0,0
cb4af8d6d57163b0322bd033b36379f805bdb59ec550049ea568cc0a7dfe52cd,mal_train,revil,1,x86,18342,18341,mal_train/revil/cb4af8d6d57163b0322bd033b36379f805bdb59ec550049ea568cc0a7dfe52cd.asm,cb4af8d6d57163b0322bd033b36379f805bdb59ec550049ea568cc0a7dfe52cd,plain,0,0
d0e075a9346acbeca7095df2fc5e7c28909961184078e251f737f09b8ef892b6,mal_train,revil,1,x86,29717,29605,mal_train/revil/d0e075a9346acbeca7095df2fc5e7c28909961184078e251f737f09b8ef892b6.asm,d0e075a9346acbeca7095df2fc5e7c28909961184078e251f737f09b8ef892b6,plain,111,0
d55f983c994caa160ec63a59f6b4250fe67fb3e8c43a388aec60a4a6978e9f1e,mal_train,revil,1,x86,16385,16384,mal_train/revil/d55f983c994caa160ec63a59f6b4250fe67fb3e8c43a388aec60a4a6978e9f1e.asm,d55f983c994caa160ec63a59f6b4250fe67fb3e8c43a388aec60a4a6978e9f1e,plain,0,0
d74f04f0b948d9586629e06e2a2a21bdf20d678e47058afb637414eb3701c1f6,mal_train,revil,1,x86,17835,17834,mal_train/revil/d74f04f0b948d9586629e06e2a2a21bdf20d678e47058afb637414eb3701c1f6.asm,d74f04f0b948d9586629e06e2a2a21bdf20d678e47058afb637414eb3701c1f6,plain,0,0
d91f951bdcf35012ac6b47c28cf32ec143e4269243d8c229f6cb326fd343df95,mal_train,revil,1,x86,17157,17156,mal_train/revil/d91f951bdcf35012ac6b47c28cf32ec143e4269243d8c229f6cb326fd343df95.asm,d91f951bdcf35012ac6b47c28cf32ec143e4269243d8c229f6cb326fd343df95,plain,0,0
db59d4ab0aaf660fe778f9190102e1b808bc5d357026736ca335e4858ec512eb,mal_train,revil,1,x86,18342,18341,mal_train/revil/db59d4ab0aaf660fe778f9190102e1b808bc5d357026736ca335e4858ec512eb.asm,db59d4ab0aaf660fe778f9190102e1b808bc5d357026736ca335e4858ec512eb,plain,0,0
dc6b0e8c1e9c113f0364e1c8370060dee3fcbe25b667ddeca7623a95cd21411f,mal_train,revil,1,x86,15534,15533,mal_train/revil/dc6b0e8c1e9c113f0364e1c8370060dee3fcbe25b667ddeca7623a95cd21411f.asm,dc6b0e8c1e9c113f0364e1c8370060dee3fcbe25b667ddeca7623a95cd21411f,plain,0,0
de20c90de7becbb2f8b92ac42d71a3db3db498472746d0d6f53c368dadba44b0,mal_train,revil,1,x86,18342,18341,mal_train/revil/de20c90de7becbb2f8b92ac42d71a3db3db498472746d0d6f53c368dadba44b0.asm,de20c90de7becbb2f8b92ac42d71a3db3db498472746d0d6f53c368dadba44b0,plain,0,0
ad144912fc680308d6b8fe71dfff6b5e2779b47ebdc7b60a4a5cfb038e89b382,mal_train,revil,1,x86,36863,36857,mal_train/revil/ad144912fc680308d6b8fe71dfff6b5e2779b47ebdc7b60a4a5cfb038e89b382.asm,f51fc0ab96d1aee49950b8ca91ef67c330b8593340cc3002513100ac9bf163b0,plain,5,0
fd164c4c121371f94cfd3a034ad8cf8edc7c0f7141a8f4c9da1683d41b212a87,mal_train,revil,1,x86,18342,18341,mal_train/revil/fd164c4c121371f94cfd3a034ad8cf8edc7c0f7141a8f4c9da1683d41b212a87.asm,fd164c4c121371f94cfd3a034ad8cf8edc7c0f7141a8f4c9da1683d41b212a87,plain,0,0
feea9f9c02b891d9a7d3656060ffcc203b9cbc28a49be3fcc7c9884c71a4f7c7,mal_train,revil,1,x86,17815,17814,mal_train/revil/feea9f9c02b891d9a7d3656060ffcc203b9cbc28a49be3fcc7c9884c71a4f7c7.asm,feea9f9c02b891d9a7d3656060ffcc203b9cbc28a49be3fcc7c9884c71a4f7c7,plain,0,0
00812c29572306776424ca61a1f0fed18504e1776fa0d49b1f805c655daf871b,mal_train,ryuk,1,x64,24476,24475,mal_train/ryuk/00812c29572306776424ca61a1f0fed18504e1776fa0d49b1f805c655daf871b.asm,00812c29572306776424ca61a1f0fed18504e1776fa0d49b1f805c655daf871b,plain,0,0
05e06709523fd798da963c2c24254de0fcca6c57e1052996798ecc74ff43b41f,mal_train,ryuk,1,x86,78745,77910,mal_train/ryuk/05e06709523fd798da963c2c24254de0fcca6c57e1052996798ecc74ff43b41f.asm,05e06709523fd798da963c2c24254de0fcca6c57e1052996798ecc74ff43b41f,plain,834,0
0cf36731f5b8651d53fc651607c3fccac24b631c08dca4493d8e07d2fbff1db3,mal_train,ryuk,1,x86,27442,27441,mal_train/ryuk/0cf36731f5b8651d53fc651607c3fccac24b631c08dca4493d8e07d2fbff1db3.asm,0cf36731f5b8651d53fc651607c3fccac24b631c08dca4493d8e07d2fbff1db3,plain,0,0
113af75f13547be184822f1268f984b79f35965a1b1f963d23b50a09741b0aec,mal_train,ryuk,1,x64,24980,24977,mal_train/ryuk/113af75f13547be184822f1268f984b79f35965a1b1f963d23b50a09741b0aec.asm,113af75f13547be184822f1268f984b79f35965a1b1f963d23b50a09741b0aec,plain,2,0
1455091954ecf9ccd6fe60cb8e982d9cfb4b3dc8414443ccfdfc444079829d56,mal_train,ryuk,1,x64,25017,25013,mal_train/ryuk/1455091954ecf9ccd6fe60cb8e982d9cfb4b3dc8414443ccfdfc444079829d56.asm,1455091954ecf9ccd6fe60cb8e982d9cfb4b3dc8414443ccfdfc444079829d56,plain,3,0
180f82bbedb03dc29328e32e054069870a1e65078b78b2120a84c96aaed7d843,mal_train,ryuk,1,x86,66229,66224,mal_train/ryuk/180f82bbedb03dc29328e32e054069870a1e65078b78b2120a84c96aaed7d843.asm,180f82bbedb03dc29328e32e054069870a1e65078b78b2120a84c96aaed7d843,plain,4,0
19ee4afc768bb6dccc68de4c6cac24cd2b258263d84493c352dabfa23d829082,mal_train,ryuk,1,x86,27489,27487,mal_train/ryuk/19ee4afc768bb6dccc68de4c6cac24cd2b258263d84493c352dabfa23d829082.asm,19ee4afc768bb6dccc68de4c6cac24cd2b258263d84493c352dabfa23d829082,plain,1,0
1e11567d33a1738bd8223ce819f5c27aeeb8611ef288c4a7f9374f750252ec56,mal_train,ryuk,1,x86,23609,23608,mal_train/ryuk/1e11567d33a1738bd8223ce819f5c27aeeb8611ef288c4a7f9374f750252ec56.asm,1e11567d33a1738bd8223ce819f5c27aeeb8611ef288c4a7f9374f750252ec56,plain,0,0
23f8aa94ffb3c08a62735fe7fee5799880a8f322ce1d55ec49a13a3f85312db2,mal_train,ryuk,1,x86,16043,16042,mal_train/ryuk/23f8aa94ffb3c08a62735fe7fee5799880a8f322ce1d55ec49a13a3f85312db2.asm,23f8aa94ffb3c08a62735fe7fee5799880a8f322ce1d55ec49a13a3f85312db2,plain,0,0
2ec5256a7edb90b1c05c92f79e8a48c205b29e1ac910a535aa83c30b8dbbeff8,mal_train,ryuk,1,x86,27765,27764,mal_train/ryuk/2ec5256a7edb90b1c05c92f79e8a48c205b29e1ac910a535aa83c30b8dbbeff8.asm,2ec5256a7edb90b1c05c92f79e8a48c205b29e1ac910a535aa83c30b8dbbeff8,plain,0,0
2fd1542c42b9fc68a52a53bde2731c26a9861cf8093c620e30e5729c810d0c8f,mal_train,ryuk,1,x86,26610,26609,mal_train/ryuk/2fd1542c42b9fc68a52a53bde2731c26a9861cf8093c620e30e5729c810d0c8f.asm,2fd1542c42b9fc68a52a53bde2731c26a9861cf8093c620e30e5729c810d0c8f,plain,0,0
3c037dcc0145a331e0154e016e0636d7f77be792d2d698b3b982fab33acc242a,mal_train,ryuk,1,x64,23500,23497,mal_train/ryuk/3c037dcc0145a331e0154e016e0636d7f77be792d2d698b3b982fab33acc242a.asm,3c037dcc0145a331e0154e016e0636d7f77be792d2d698b3b982fab33acc242a,plain,2,0
40b865d1c3ab1b8544bcf57c88edd30679870d40b27d62feb237a19f0c5f9cd1,mal_train,ryuk,1,x86,31640,31639,mal_train/ryuk/40b865d1c3ab1b8544bcf57c88edd30679870d40b27d62feb237a19f0c5f9cd1.asm,40b865d1c3ab1b8544bcf57c88edd30679870d40b27d62feb237a19f0c5f9cd1,plain,0,0
478990938b7cae1f3266d232993c12265e8c8dcd4382ea381cf1e6cf6d21b350,mal_train,ryuk,1,x64,23859,23856,mal_train/ryuk/478990938b7cae1f3266d232993c12265e8c8dcd4382ea381cf1e6cf6d21b350.asm,478990938b7cae1f3266d232993c12265e8c8dcd4382ea381cf1e6cf6d21b350,plain,2,0
47b93698f3be772dad103ea109a0e7dba745afe3e93aa9dc2d9739e0b4991f5d,mal_train,ryuk,1,x86,27442,27441,mal_train/ryuk/47b93698f3be772dad103ea109a0e7dba745afe3e93aa9dc2d9739e0b4991f5d.asm,47b93698f3be772dad103ea109a0e7dba745afe3e93aa9dc2d9739e0b4991f5d,plain,0,0
4992a629599d25933b55fee0b69198e80ecdcb3727a0b11b3d2891e6cd5da555,mal_train,ryuk,1,x86,28347,28346,mal_train/ryuk/4992a629599d25933b55fee0b69198e80ecdcb3727a0b11b3d2891e6cd5da555.asm,4992a629599d25933b55fee0b69198e80ecdcb3727a0b11b3d2891e6cd5da555,plain,0,0
4c746cd4561e5a26ceeacb566d62258c04e29a40ac5dc1d2475aacb8099b0fe7,mal_train,ryuk,1,x64,23491,23488,mal_train/ryuk/4c746cd4561e5a26ceeacb566d62258c04e29a40ac5dc1d2475aacb8099b0fe7.asm,4c746cd4561e5a26ceeacb566d62258c04e29a40ac5dc1d2475aacb8099b0fe7,plain,2,0
4cb0bf61d61ad3383636df11b3e4da8e67bb0acea03e981ecdd48d08ed8c796c,mal_train,ryuk,1,x86,26528,26526,mal_train/ryuk/4cb0bf61d61ad3383636df11b3e4da8e67bb0acea03e981ecdd48d08ed8c796c.asm,4cb0bf61d61ad3383636df11b3e4da8e67bb0acea03e981ecdd48d08ed8c796c,plain,1,0
5b1f242aee0eabd4dffea0fe5f08aba60abf7c8d1e4f7fc7357af7f20ccd0204,mal_train,ryuk,1,x86,100716,100000,mal_train/ryuk/5b1f242aee0eabd4dffea0fe5f08aba60abf7c8d1e4f7fc7357af7f20ccd0204.asm,5b1f242aee0eabd4dffea0fe5f08aba60abf7c8d1e4f7fc7357af7f20ccd0204,plain,713,1
5e2c9d80fa4528fe9777738a9cba9ede08cdae353fd4cb2d9caf0c9801fd5711,mal_train,ryuk,1,x86,27765,27764,mal_train/ryuk/5e2c9d80fa4528fe9777738a9cba9ede08cdae353fd4cb2d9caf0c9801fd5711.asm,5e2c9d80fa4528fe9777738a9cba9ede08cdae353fd4cb2d9caf0c9801fd5711,plain,0,0
63b44f7fe68cb8a05fa98c5acc59851d4b73f5bbd76e9910c94042c523da8d5b,mal_train,ryuk,1,x86,41256,41254,mal_train/ryuk/63b44f7fe68cb8a05fa98c5acc59851d4b73f5bbd76e9910c94042c523da8d5b.asm,63b44f7fe68cb8a05fa98c5acc59851d4b73f5bbd76e9910c94042c523da8d5b,plain,1,0
63c7173636a3ea5fe8bd62ccd4fa32ac43f2648301a07e8ece7ad6f34f9ffb38,mal_train,ryuk,1,x86,27517,27515,mal_train/ryuk/63c7173636a3ea5fe8bd62ccd4fa32ac43f2648301a07e8ece7ad6f34f9ffb38.asm,63c7173636a3ea5fe8bd62ccd4fa32ac43f2648301a07e8ece7ad6f34f9ffb38,plain,1,0
647f76c278160f537fce57e355f7e8d42e2b381f28a779ad9b71c00f20fb3ced,mal_train,ryuk,1,x86,29343,29342,mal_train/ryuk/647f76c278160f537fce57e355f7e8d42e2b381f28a779ad9b71c00f20fb3ced.asm,647f76c278160f537fce57e355f7e8d42e2b381f28a779ad9b71c00f20fb3ced,plain,0,0
781bc4dcbd459893397a8b987bf697f5b95435dfaf7fe3f4d2224728e7a2202a,mal_train,ryuk,1,x86,30813,30812,mal_train/ryuk/781bc4dcbd459893397a8b987bf697f5b95435dfaf7fe3f4d2224728e7a2202a.asm,781bc4dcbd459893397a8b987bf697f5b95435dfaf7fe3f4d2224728e7a2202a,plain,0,0
7c1e0597dd5a1e2d48c9cede54843aa7c299f7404630b5a2aafac2eec7358b20,mal_train,ryuk,1,x64,18064,18062,mal_train/ryuk/7c1e0597dd5a1e2d48c9cede54843aa7c299f7404630b5a2aafac2eec7358b20.asm,7c1e0597dd5a1e2d48c9cede54843aa7c299f7404630b5a2aafac2eec7358b20,plain,1,0
7faeb64c50cd15d036ca259a047d6c62ed491fff3729433fefba0b02c059d5ed,mal_train,ryuk,1,x86,66728,65406,mal_train/ryuk/7faeb64c50cd15d036ca259a047d6c62ed491fff3729433fefba0b02c059d5ed.asm,7faeb64c50cd15d036ca259a047d6c62ed491fff3729433fefba0b02c059d5ed,plain,1321,0
84516cefc7fc9fb77046ae6ed0d1606eeedea4d99de335f6faa99c2f905a06c3,mal_train,ryuk,1,x86,31640,31639,mal_train/ryuk/84516cefc7fc9fb77046ae6ed0d1606eeedea4d99de335f6faa99c2f905a06c3.asm,84516cefc7fc9fb77046ae6ed0d1606eeedea4d99de335f6faa99c2f905a06c3,plain,0,0
8862b060db997bc9077e3bece06529c1c116af379985f6138a07ab5fde61b54c,mal_train,ryuk,1,x86,27765,27764,mal_train/ryuk/8862b060db997bc9077e3bece06529c1c116af379985f6138a07ab5fde61b54c.asm,8862b060db997bc9077e3bece06529c1c116af379985f6138a07ab5fde61b54c,plain,0,0
88b1b4966650de59cef20c340b28739c52dc9ead91d9959a338a8e531ad38335,mal_train,ryuk,1,x86,100002,100000,mal_train/ryuk/88b1b4966650de59cef20c340b28739c52dc9ead91d9959a338a8e531ad38335.asm,88b1b4966650de59cef20c340b28739c52dc9ead91d9959a338a8e531ad38335,plain,0,1
92f124ea5217f3fe5cbab1c37a961df0437d5a9cbde1af268c60c4b3194b80ed,mal_train,ryuk,1,x86,38725,37656,mal_train/ryuk/92f124ea5217f3fe5cbab1c37a961df0437d5a9cbde1af268c60c4b3194b80ed.asm,92f124ea5217f3fe5cbab1c37a961df0437d5a9cbde1af268c60c4b3194b80ed,packed_other,1068,0
9eb7abf2228ad28d8b7f571e0495d4a35da40607f04355307077975e271553b8,mal_train,ryuk,1,x86,27054,27053,mal_train/ryuk/9eb7abf2228ad28d8b7f571e0495d4a35da40607f04355307077975e271553b8.asm,9eb7abf2228ad28d8b7f571e0495d4a35da40607f04355307077975e271553b8,plain,0,0
9fe66773c84d371ef1b424005996ade4d5e16fb00306a1d54b107b2b2d03fe17,mal_train,ryuk,1,x64,18064,18062,mal_train/ryuk/9fe66773c84d371ef1b424005996ade4d5e16fb00306a1d54b107b2b2d03fe17.asm,9fe66773c84d371ef1b424005996ade4d5e16fb00306a1d54b107b2b2d03fe17,plain,1,0
a671d564c50b3056b915bdc6b063b781989b42e01a3743a1cb82849414fed0f8,mal_train,ryuk,1,x64,24004,24001,mal_train/ryuk/a671d564c50b3056b915bdc6b063b781989b42e01a3743a1cb82849414fed0f8.asm,a671d564c50b3056b915bdc6b063b781989b42e01a3743a1cb82849414fed0f8,plain,2,0
a7b12a646be6e9815135dbcb8ce4e5f87089fb9fc2ce8da0d4a6d26e82e49696,mal_train,ryuk,1,x64,24739,24738,mal_train/ryuk/a7b12a646be6e9815135dbcb8ce4e5f87089fb9fc2ce8da0d4a6d26e82e49696.asm,a7b12a646be6e9815135dbcb8ce4e5f87089fb9fc2ce8da0d4a6d26e82e49696,plain,0,0
badf8718f626889f7ceabb1c9d8660265952052037ddde346193b630201eefe4,mal_train,ryuk,1,x86,20043,20041,mal_train/ryuk/badf8718f626889f7ceabb1c9d8660265952052037ddde346193b630201eefe4.asm,badf8718f626889f7ceabb1c9d8660265952052037ddde346193b630201eefe4,plain,1,0
bbbf38de4f40754f235441a8e6a4c8bdb9365dab7f5cfcdac77dbb4d6236360b,mal_train,ryuk,1,x86,43264,43128,mal_train/ryuk/bbbf38de4f40754f235441a8e6a4c8bdb9365dab7f5cfcdac77dbb4d6236360b.asm,bbbf38de4f40754f235441a8e6a4c8bdb9365dab7f5cfcdac77dbb4d6236360b,plain,135,0
c9961b737c158252bb3d52ce956842b0d903471d210220f70f09d500d9197d1e,mal_train,ryuk,1,x86,31825,31823,mal_train/ryuk/c9961b737c158252bb3d52ce956842b0d903471d210220f70f09d500d9197d1e.asm,c9961b737c158252bb3d52ce956842b0d903471d210220f70f09d500d9197d1e,plain,1,0
cc4a0b4080844e20fb9535679f7b09a3e2449729ce1815d1e5a64272b0225465,mal_train,ryuk,1,x86,26228,26227,mal_train/ryuk/cc4a0b4080844e20fb9535679f7b09a3e2449729ce1815d1e5a64272b0225465.asm,cc4a0b4080844e20fb9535679f7b09a3e2449729ce1815d1e5a64272b0225465,plain,0,0
d0d7a8f588693b7cc967fb4069419125625eb7454ba553c0416f35fc95307cbe,mal_train,ryuk,1,x86,27765,27764,mal_train/ryuk/d0d7a8f588693b7cc967fb4069419125625eb7454ba553c0416f35fc95307cbe.asm,d0d7a8f588693b7cc967fb4069419125625eb7454ba553c0416f35fc95307cbe,plain,0,0
d5d744e0f7984ec01593da35f26bf24e95e4b1cc8bd1c0ff4f31de5dbf94e38f,mal_train,ryuk,1,x86,27765,27764,mal_train/ryuk/d5d744e0f7984ec01593da35f26bf24e95e4b1cc8bd1c0ff4f31de5dbf94e38f.asm,d5d744e0f7984ec01593da35f26bf24e95e4b1cc8bd1c0ff4f31de5dbf94e38f,plain,0,0
d7333223dcc1002aae04e25e31d8c297efa791a2c1e609d67ac6d9af338efbe8,mal_train,ryuk,1,x86,25794,25793,mal_train/ryuk/d7333223dcc1002aae04e25e31d8c297efa791a2c1e609d67ac6d9af338efbe8.asm,d7333223dcc1002aae04e25e31d8c297efa791a2c1e609d67ac6d9af338efbe8,plain,0,0
d9092abd8267613ab978e367e6d457738f2f73bdf87ec3682fd976b4f3dd9d45,mal_train,ryuk,1,x86,27442,27441,mal_train/ryuk/d9092abd8267613ab978e367e6d457738f2f73bdf87ec3682fd976b4f3dd9d45.asm,d9092abd8267613ab978e367e6d457738f2f73bdf87ec3682fd976b4f3dd9d45,plain,0,0
d91572ef64c5c77b1085a5e6cc40cab2a78f714288c29d1d8bdbb613aa5c9c6d,mal_train,ryuk,1,x64,22880,22877,mal_train/ryuk/d91572ef64c5c77b1085a5e6cc40cab2a78f714288c29d1d8bdbb613aa5c9c6d.asm,d91572ef64c5c77b1085a5e6cc40cab2a78f714288c29d1d8bdbb613aa5c9c6d,plain,2,0
d956b9643f528c77bb3118ea3ff3a22457f214d154b83d2ea1c001badda68196,mal_train,ryuk,1,x86,26571,26569,mal_train/ryuk/d956b9643f528c77bb3118ea3ff3a22457f214d154b83d2ea1c001badda68196.asm,d956b9643f528c77bb3118ea3ff3a22457f214d154b83d2ea1c001badda68196,plain,1,0
de708f2807f96938e5eb0295d5ebfee870b34dd0cb70708607d4e1adf767ce7b,mal_train,ryuk,1,x64,23485,23481,mal_train/ryuk/de708f2807f96938e5eb0295d5ebfee870b34dd0cb70708607d4e1adf767ce7b.asm,de708f2807f96938e5eb0295d5ebfee870b34dd0cb70708607d4e1adf767ce7b,plain,3,0
df6847bbf7e75ded54028081f5f27abb199562409aee6e20f99abcda5b48fb51,mal_train,ryuk,1,x86,26033,26032,mal_train/ryuk/df6847bbf7e75ded54028081f5f27abb199562409aee6e20f99abcda5b48fb51.asm,df6847bbf7e75ded54028081f5f27abb199562409aee6e20f99abcda5b48fb51,plain,0,0
e8a0e80dfc520bf7e76c33a90ed6d286e8729e9defe6bb7da2f38bc2db33f399,mal_train,ryuk,1,x86,28325,28324,mal_train/ryuk/e8a0e80dfc520bf7e76c33a90ed6d286e8729e9defe6bb7da2f38bc2db33f399.asm,e8a0e80dfc520bf7e76c33a90ed6d286e8729e9defe6bb7da2f38bc2db33f399,plain,0,0
ec3da4ac9ec917e66ab943ab149119807922f64f2e4960ebadc36fe7520b300f,mal_train,ryuk,1,x86,27765,27764,mal_train/ryuk/ec3da4ac9ec917e66ab943ab149119807922f64f2e4960ebadc36fe7520b300f.asm,ec3da4ac9ec917e66ab943ab149119807922f64f2e4960ebadc36fe7520b300f,plain,0,0
0056768cbb7902dec5ec3975300228352c31adf62061177316a8523614bf7c79,mal_train,stop,1,x86,63538,63339,mal_train/stop/0056768cbb7902dec5ec3975300228352c31adf62061177316a8523614bf7c79.asm,0056768cbb7902dec5ec3975300228352c31adf62061177316a8523614bf7c79,plain,198,0
007ae7550fcc0e7368a9ebd1dcc6066145f256af24847075cde83233ced10d00,mal_train,stop,1,x86,63995,63795,mal_train/stop/007ae7550fcc0e7368a9ebd1dcc6066145f256af24847075cde83233ced10d00.asm,007ae7550fcc0e7368a9ebd1dcc6066145f256af24847075cde83233ced10d00,plain,199,0
015ec781353fb693d510bccc466c61747c5e248f866fb2f632bc7f76afd758e2,mal_train,stop,1,x86,16551,16546,mal_train/stop/015ec781353fb693d510bccc466c61747c5e248f866fb2f632bc7f76afd758e2.asm,015ec781353fb693d510bccc466c61747c5e248f866fb2f632bc7f76afd758e2,plain,4,0
01d812b41a6ce4a4295cabc3fecde728149ecf4263c7f9f072f50eb004ee1068,mal_train,stop,1,x86,16551,16546,mal_train/stop/01d812b41a6ce4a4295cabc3fecde728149ecf4263c7f9f072f50eb004ee1068.asm,01d812b41a6ce4a4295cabc3fecde728149ecf4263c7f9f072f50eb004ee1068,plain,4,0
01f04b5d88ada9262d116d2482048845233ee7b31b924d79f3cefdb5c429cf19,mal_train,stop,1,x86,52143,51969,mal_train/stop/01f04b5d88ada9262d116d2482048845233ee7b31b924d79f3cefdb5c429cf19.asm,01f04b5d88ada9262d116d2482048845233ee7b31b924d79f3cefdb5c429cf19,plain,173,0
0345956163130a14d545e02b3a55f501e1425d6a71e0bddd084ea260c225357f,mal_train,stop,1,x86,16457,16452,mal_train/stop/0345956163130a14d545e02b3a55f501e1425d6a71e0bddd084ea260c225357f.asm,0345956163130a14d545e02b3a55f501e1425d6a71e0bddd084ea260c225357f,plain,4,0
051e1afb0b50910012ef8218db2664d062fe6cccb59344af8bdbbba1c3b5809b,mal_train,stop,1,x86,64527,64331,mal_train/stop/051e1afb0b50910012ef8218db2664d062fe6cccb59344af8bdbbba1c3b5809b.asm,051e1afb0b50910012ef8218db2664d062fe6cccb59344af8bdbbba1c3b5809b,plain,195,0
0642d31bfde0f3804840f168e0a2a870ca674c106d3c32fbf1e20fa1f3a036a8,mal_train,stop,1,x86,63958,63759,mal_train/stop/0642d31bfde0f3804840f168e0a2a870ca674c106d3c32fbf1e20fa1f3a036a8.asm,0642d31bfde0f3804840f168e0a2a870ca674c106d3c32fbf1e20fa1f3a036a8,plain,198,0
07388045c0aa457cba88a2bba1e7e56d359cdf70463cab7eb6a41dda2b616ba2,mal_train,stop,1,x86,16551,16546,mal_train/stop/07388045c0aa457cba88a2bba1e7e56d359cdf70463cab7eb6a41dda2b616ba2.asm,07388045c0aa457cba88a2bba1e7e56d359cdf70463cab7eb6a41dda2b616ba2,plain,4,0
0c213ef729950323440d62292de91d2e7bc17970a902c72ae8171ff382ef5221,mal_train,stop,1,x86,23870,23865,mal_train/stop/0c213ef729950323440d62292de91d2e7bc17970a902c72ae8171ff382ef5221.asm,0c213ef729950323440d62292de91d2e7bc17970a902c72ae8171ff382ef5221,plain,4,0
0cc3dc3c3ab412bbfeb1dc25084a490c08bc29ef3ef8b2933c631025d7197a4d,mal_train,stop,1,x86,16551,16546,mal_train/stop/0cc3dc3c3ab412bbfeb1dc25084a490c08bc29ef3ef8b2933c631025d7197a4d.asm,0cc3dc3c3ab412bbfeb1dc25084a490c08bc29ef3ef8b2933c631025d7197a4d,plain,4,0
0e563a11fbad32ff02ffe4fc9bad5c022bf7a36855c3407058e14e69ca8d69a3,mal_train,stop,1,x86,63778,63581,mal_train/stop/0e563a11fbad32ff02ffe4fc9bad5c022bf7a36855c3407058e14e69ca8d69a3.asm,0e563a11fbad32ff02ffe4fc9bad5c022bf7a36855c3407058e14e69ca8d69a3,plain,196,0
0e9d06b7301792e220b72b88ca51dda59cc3e8f7618fe45cc1d68dfac0b17756,mal_train,stop,1,x86,16436,16431,mal_train/stop/0e9d06b7301792e220b72b88ca51dda59cc3e8f7618fe45cc1d68dfac0b17756.asm,0e9d06b7301792e220b72b88ca51dda59cc3e8f7618fe45cc1d68dfac0b17756,plain,4,0
0ef4e9d927784280b371ab3aebfb056ce7b1e377916507d483ef9a4ff8b202f1,mal_train,stop,1,x86,20800,20794,mal_train/stop/0ef4e9d927784280b371ab3aebfb056ce7b1e377916507d483ef9a4ff8b202f1.asm,0ef4e9d927784280b371ab3aebfb056ce7b1e377916507d483ef9a4ff8b202f1,plain,5,0
11cb404eb6fc6d0aaca61b0edcbc009a2be321ce6fca9f865a272874678656a6,mal_train,stop,1,x86,24002,23996,mal_train/stop/11cb404eb6fc6d0aaca61b0edcbc009a2be321ce6fca9f865a272874678656a6.asm,11cb404eb6fc6d0aaca61b0edcbc009a2be321ce6fca9f865a272874678656a6,plain,5,0
13226234ee07128c9ebe8c9e34a066e746445e36cedff99899b98f1a88652ad9,mal_train,stop,1,x86,102304,100000,mal_train/stop/13226234ee07128c9ebe8c9e34a066e746445e36cedff99899b98f1a88652ad9.asm,13226234ee07128c9ebe8c9e34a066e746445e36cedff99899b98f1a88652ad9,packed_other,2302,1
134c7ced93694d0aece444f0067d7413fad6a2961636e8787dc84889120b0aae,mal_train,stop,1,x86,101996,100000,mal_train/stop/134c7ced93694d0aece444f0067d7413fad6a2961636e8787dc84889120b0aae.asm,134c7ced93694d0aece444f0067d7413fad6a2961636e8787dc84889120b0aae,packed_other,1994,1
1505ed1116425351ff433108f7cfa7b05e12531a961a9ef8a2df1209c35bd6a7,mal_train,stop,1,x86,64007,63809,mal_train/stop/1505ed1116425351ff433108f7cfa7b05e12531a961a9ef8a2df1209c35bd6a7.asm,1505ed1116425351ff433108f7cfa7b05e12531a961a9ef8a2df1209c35bd6a7,plain,197,0
19c8842028f5d34e2032e68de5913be7875cf0ad46e0914bf3d3ca6874dd22db,mal_train,stop,1,x86,16551,16546,mal_train/stop/19c8842028f5d34e2032e68de5913be7875cf0ad46e0914bf3d3ca6874dd22db.asm,19c8842028f5d34e2032e68de5913be7875cf0ad46e0914bf3d3ca6874dd22db,plain,4,0
20e8997a74ae8dd68fe98e7454c4056d09c6f92c19e52dd832f82e02082932e9,mal_train,stop,1,x86,22330,22324,mal_train/stop/20e8997a74ae8dd68fe98e7454c4056d09c6f92c19e52dd832f82e02082932e9.asm,20e8997a74ae8dd68fe98e7454c4056d09c6f92c19e52dd832f82e02082932e9,plain,5,0
32b0fbaf95fefcc9b89243be8721625592fc9ed92d76a48cab263898fd3d5c08,mal_train,stop,1,x86,42026,42014,mal_train/stop/32b0fbaf95fefcc9b89243be8721625592fc9ed92d76a48cab263898fd3d5c08.asm,32b0fbaf95fefcc9b89243be8721625592fc9ed92d76a48cab263898fd3d5c08,plain,11,0
37c73441b4721b0231c8794d6d4fde63de828dbf59c18f64a52c7fc2e456fa80,mal_train,stop,1,x86,101570,100000,mal_train/stop/37c73441b4721b0231c8794d6d4fde63de828dbf59c18f64a52c7fc2e456fa80.asm,37c73441b4721b0231c8794d6d4fde63de828dbf59c18f64a52c7fc2e456fa80,packed_other,1568,1
446f4aff5e8617a75939deeddfec9c0cd2434f3a06f63ae037594b93c0f6ee61,mal_train,stop,1,x86,14094,14093,mal_train/stop/446f4aff5e8617a75939deeddfec9c0cd2434f3a06f63ae037594b93c0f6ee61.asm,446f4aff5e8617a75939deeddfec9c0cd2434f3a06f63ae037594b93c0f6ee61,plain,0,0
45c47a6726cb73283befa8f3157d82efd25e757c8e22f46fb93b557f4622994f,mal_train,stop,1,x86,63697,63510,mal_train/stop/45c47a6726cb73283befa8f3157d82efd25e757c8e22f46fb93b557f4622994f.asm,45c47a6726cb73283befa8f3157d82efd25e757c8e22f46fb93b557f4622994f,plain,186,0
486ab4d9e0a524b8f734a9e45821538c31e18c7632af8e0765dc417b9a87c64d,mal_train,stop,1,x86,54429,54242,mal_train/stop/486ab4d9e0a524b8f734a9e45821538c31e18c7632af8e0765dc417b9a87c64d.asm,486ab4d9e0a524b8f734a9e45821538c31e18c7632af8e0765dc417b9a87c64d,plain,186,0
49a081d5148fe1834ec595ebc1d156ae57d4dab207b9246a74b8a207382c7d66,mal_train,stop,1,x86,102218,100000,mal_train/stop/49a081d5148fe1834ec595ebc1d156ae57d4dab207b9246a74b8a207382c7d66.asm,49a081d5148fe1834ec595ebc1d156ae57d4dab207b9246a74b8a207382c7d66,packed_other,2216,1
52875170b3d4d831363ef0544a1f07934099ec94af1b8c7aa6c54b68086e640a,mal_train,stop,1,x86,91180,91174,mal_train/stop/52875170b3d4d831363ef0544a1f07934099ec94af1b8c7aa6c54b68086e640a.asm,52875170b3d4d831363ef0544a1f07934099ec94af1b8c7aa6c54b68086e640a,plain,5,0
5af0f5b0bada5b7aaa681eddebc47734267af06eb39610590a625315f449d4de,mal_train,stop,1,x86,101907,100000,mal_train/stop/5af0f5b0bada5b7aaa681eddebc47734267af06eb39610590a625315f449d4de.asm,5af0f5b0bada5b7aaa681eddebc47734267af06eb39610590a625315f449d4de,packed_other,1905,1
5cfb7ddd1fc769d3117baf21e8d7263bf85ecbda7156126c101add0f6aebf0ef,mal_train,stop,1,x86,101365,100000,mal_train/stop/5cfb7ddd1fc769d3117baf21e8d7263bf85ecbda7156126c101add0f6aebf0ef.asm,5cfb7ddd1fc769d3117baf21e8d7263bf85ecbda7156126c101add0f6aebf0ef,packed_other,1363,1
5d294a14a491dc4e08593b2f6cdcaace1e894c449b05b4132b9ba5c005848c58,mal_train,stop,1,x86,100464,100000,mal_train/stop/5d294a14a491dc4e08593b2f6cdcaace1e894c449b05b4132b9ba5c005848c58.asm,5d294a14a491dc4e08593b2f6cdcaace1e894c449b05b4132b9ba5c005848c58,plain,462,1
5d5c067cbfd22a4bc080b26fd63a8fdbe5364e3f32079ddd0bdd65ffd4ac438e,mal_train,stop,1,x86,9440,9436,mal_train/stop/5d5c067cbfd22a4bc080b26fd63a8fdbe5364e3f32079ddd0bdd65ffd4ac438e.asm,5d5c067cbfd22a4bc080b26fd63a8fdbe5364e3f32079ddd0bdd65ffd4ac438e,plain,3,0
5e31c71972338fbc40bffeacaf83eb64b50ba0f348ae1bde514fded1d6628f91,mal_train,stop,1,x86,101994,100000,mal_train/stop/5e31c71972338fbc40bffeacaf83eb64b50ba0f348ae1bde514fded1d6628f91.asm,5e31c71972338fbc40bffeacaf83eb64b50ba0f348ae1bde514fded1d6628f91,packed_other,1992,1
6a8c0a95d3384c716f16fbd50628313740b650e8a87f94df808eb37b0ea45f56,mal_train,stop,1,x86,102355,100000,mal_train/stop/6a8c0a95d3384c716f16fbd50628313740b650e8a87f94df808eb37b0ea45f56.asm,6a8c0a95d3384c716f16fbd50628313740b650e8a87f94df808eb37b0ea45f56,packed_other,2353,1
6bcc1457190babad51e35d278328e52505b1917de234acf427f7e7b48e0e6f0e,mal_train,stop,1,x86,64036,63838,mal_train/stop/6bcc1457190babad51e35d278328e52505b1917de234acf427f7e7b48e0e6f0e.asm,6bcc1457190babad51e35d278328e52505b1917de234acf427f7e7b48e0e6f0e,plain,197,0
963f2a8133f6a5d772fe78943293869c9825a869d110f8f698b9755ad0c5a3f1,mal_train,stop,1,x86,102150,100000,mal_train/stop/963f2a8133f6a5d772fe78943293869c9825a869d110f8f698b9755ad0c5a3f1.asm,963f2a8133f6a5d772fe78943293869c9825a869d110f8f698b9755ad0c5a3f1,packed_other,2148,1
96b6e097f79c99aa21d05542bd4a6317303a28aaf6fb4ff0f790a7f701747979,mal_train,stop,1,x86,100006,100000,mal_train/stop/96b6e097f79c99aa21d05542bd4a6317303a28aaf6fb4ff0f790a7f701747979.asm,96b6e097f79c99aa21d05542bd4a6317303a28aaf6fb4ff0f790a7f701747979,plain,4,1
99e6627336c4f6097f2268b21bc77a0e8fc0006c6d73db5c085037513c93c097,mal_train,stop,1,x86,91394,91388,mal_train/stop/99e6627336c4f6097f2268b21bc77a0e8fc0006c6d73db5c085037513c93c097.asm,99e6627336c4f6097f2268b21bc77a0e8fc0006c6d73db5c085037513c93c097,plain,5,0
a0137a93bef6b2099aa938d5dc48b8787992bc76a865c0a633e71b2424a3cb12,mal_train,stop,1,x86,102425,100000,mal_train/stop/a0137a93bef6b2099aa938d5dc48b8787992bc76a865c0a633e71b2424a3cb12.asm,a0137a93bef6b2099aa938d5dc48b8787992bc76a865c0a633e71b2424a3cb12,packed_other,2423,1
ab773ef4933bf0d52210c6494f3611a6805c4fd880d1c62171e96f5d5b25f46f,mal_train,stop,1,x86,53472,53290,mal_train/stop/ab773ef4933bf0d52210c6494f3611a6805c4fd880d1c62171e96f5d5b25f46f.asm,ab773ef4933bf0d52210c6494f3611a6805c4fd880d1c62171e96f5d5b25f46f,plain,181,0
b21a21300db0acf6f1c08b843fe5b8e0a9286696f077f1a472fb14e78d3cc94f,mal_train,stop,1,x86,101713,100000,mal_train/stop/b21a21300db0acf6f1c08b843fe5b8e0a9286696f077f1a472fb14e78d3cc94f.asm,b21a21300db0acf6f1c08b843fe5b8e0a9286696f077f1a472fb14e78d3cc94f,packed_other,1711,1
b9e8675ae83abf6263f910acc381599618bc10b87a443ac2ab57cb64e929c65d,mal_train,stop,1,x86,101364,100000,mal_train/stop/b9e8675ae83abf6263f910acc381599618bc10b87a443ac2ab57cb64e929c65d.asm,b9e8675ae83abf6263f910acc381599618bc10b87a443ac2ab57cb64e929c65d,packed_other,1362,1
bb85125d08e5f947de240348d133dadf0475af0556856e09d497ba14d2d4ac54,mal_train,stop,1,x86,63702,63515,mal_train/stop/bb85125d08e5f947de240348d133dadf0475af0556856e09d497ba14d2d4ac54.asm,bb85125d08e5f947de240348d133dadf0475af0556856e09d497ba14d2d4ac54,plain,186,0
cc16ec8062a3ed597edf121dc8e74170c70dc50159a70604f9e6f4256974c396,mal_train,stop,1,x86,64052,63854,mal_train/stop/cc16ec8062a3ed597edf121dc8e74170c70dc50159a70604f9e6f4256974c396.asm,cc16ec8062a3ed597edf121dc8e74170c70dc50159a70604f9e6f4256974c396,plain,197,0
d5c60ae5f174a2a2d95921e5b18c78e4c1ff4881a43540075309b47b827ef523,mal_train,stop,1,x86,100094,100000,mal_train/stop/d5c60ae5f174a2a2d95921e5b18c78e4c1ff4881a43540075309b47b827ef523.asm,d5c60ae5f174a2a2d95921e5b18c78e4c1ff4881a43540075309b47b827ef523,plain,92,1
e19a2db727b539378d7fcad6516fc9e02522a6f4747279ff599d1f30bbaa1e10,mal_train,stop,1,x86,101391,100000,mal_train/stop/e19a2db727b539378d7fcad6516fc9e02522a6f4747279ff599d1f30bbaa1e10.asm,e19a2db727b539378d7fcad6516fc9e02522a6f4747279ff599d1f30bbaa1e10,packed_other,1389,1
eba1e2d8d2f3b1eaddaf6331df44e59c2e2ac9c907034f221db2684e89d75ec8,mal_train,stop,1,x86,73344,72742,mal_train/stop/eba1e2d8d2f3b1eaddaf6331df44e59c2e2ac9c907034f221db2684e89d75ec8.asm,eba1e2d8d2f3b1eaddaf6331df44e59c2e2ac9c907034f221db2684e89d75ec8,plain,601,0
f1e4755ee17247030f6baa75f18b41670b8f0d1d65a76826ad004225a87b646e,mal_train,stop,1,x86,49229,49227,mal_train/stop/f1e4755ee17247030f6baa75f18b41670b8f0d1d65a76826ad004225a87b646e.asm,f1e4755ee17247030f6baa75f18b41670b8f0d1d65a76826ad004225a87b646e,plain,1,0
f6476d08d2657e0ad84f224ab3eaa38568f79e65a5b84b72bd1da16a1bf10f13,mal_train,stop,1,x86,91704,91697,mal_train/stop/f6476d08d2657e0ad84f224ab3eaa38568f79e65a5b84b72bd1da16a1bf10f13.asm,f6476d08d2657e0ad84f224ab3eaa38568f79e65a5b84b72bd1da16a1bf10f13,plain,6,0
5fd33c0fb29103a7323c1ea97015ee932f99d454731be58f7db6988f10c115b8,mal_train,thanos,1,x86,8405,8404,mal_train/thanos/5fd33c0fb29103a7323c1ea97015ee932f99d454731be58f7db6988f10c115b8.asm,5fd33c0fb29103a7323c1ea97015ee932f99d454731be58f7db6988f10c115b8,plain,0,0
06e3e56153ca25cb9790495f0768e9b615e088f9241ac7f3b974f2e9cd97bd21,mal_train,wastedlocker,1,x86,11433,11432,mal_train/wastedlocker/06e3e56153ca25cb9790495f0768e9b615e088f9241ac7f3b974f2e9cd97bd21.asm,06e3e56153ca25cb9790495f0768e9b615e088f9241ac7f3b974f2e9cd97bd21,plain,0,0
0e06a89b601e02fe57ed699b2a5a000821647516fbc0e9a4c08c08c5d0b92cea,mal_train,wastedlocker,1,x86,10959,10957,mal_train/wastedlocker/0e06a89b601e02fe57ed699b2a5a000821647516fbc0e9a4c08c08c5d0b92cea.asm,0e06a89b601e02fe57ed699b2a5a000821647516fbc0e9a4c08c08c5d0b92cea,plain,1,0
0e6bad4b12da9130adde3f36955484e8cba3e4113067bc2551ec88074c2b7d60,mal_train,wastedlocker,1,x86,3700,3674,mal_train/wastedlocker/0e6bad4b12da9130adde3f36955484e8cba3e4113067bc2551ec88074c2b7d60.asm,0ee5e68383fe3d0c049da3083384af79b65fd25f1b9a2857bc94d41e4dd53525,plain,25,0
37a30621364d3083424b24b0255fc8f5752d88c381600d840574e551c284fb6e,mal_train,wastedlocker,1,x86,11434,11433,mal_train/wastedlocker/37a30621364d3083424b24b0255fc8f5752d88c381600d840574e551c284fb6e.asm,37a30621364d3083424b24b0255fc8f5752d88c381600d840574e551c284fb6e,plain,0,0
bad14e9954f35a8274869047146a6150b354bf917f6a55d5ff9698c6c87cd83e,mal_train,wastedlocker,1,x86,2353,2344,mal_train/wastedlocker/bad14e9954f35a8274869047146a6150b354bf917f6a55d5ff9698c6c87cd83e.asm,38d3d9aabcba1130937b16b3661adea027d8a02ff9756c91c8cbfbb6a24f790e,plain,8,0
3cf9f70a28656cb3d6c0ab960f89df9b2b5939e930edb8e11d46b2560ab460cd,mal_train,wastedlocker,1,x86,2010,1999,mal_train/wastedlocker/3cf9f70a28656cb3d6c0ab960f89df9b2b5939e930edb8e11d46b2560ab460cd.asm,3cf9f70a28656cb3d6c0ab960f89df9b2b5939e930edb8e11d46b2560ab460cd,plain,10,0
3d9440075113f8dbb08c9fe78cfee716db07f45a99fd82bf4df610d4a4671587,mal_train,wastedlocker,1,x86,10959,10957,mal_train/wastedlocker/3d9440075113f8dbb08c9fe78cfee716db07f45a99fd82bf4df610d4a4671587.asm,3d9440075113f8dbb08c9fe78cfee716db07f45a99fd82bf4df610d4a4671587,plain,1,0
4d7e4660c8e71d4d663dac8ea2b8cde6e07277b2839beda6ad88eb66f3f5a71b,mal_train,wastedlocker,1,x86,10959,10957,mal_train/wastedlocker/4d7e4660c8e71d4d663dac8ea2b8cde6e07277b2839beda6ad88eb66f3f5a71b.asm,4d7e4660c8e71d4d663dac8ea2b8cde6e07277b2839beda6ad88eb66f3f5a71b,plain,1,0
5359628eee82f04a5f72aa33f181887b306095c4af5cb37cba7eba7ca61c814c,mal_train,wastedlocker,1,x86,11188,11187,mal_train/wastedlocker/5359628eee82f04a5f72aa33f181887b306095c4af5cb37cba7eba7ca61c814c.asm,5359628eee82f04a5f72aa33f181887b306095c4af5cb37cba7eba7ca61c814c,plain,0,0
597ab9cbb4beea848beed36fe7ef634130e649e15ae8c1161fd6baec16408803,mal_train,wastedlocker,1,x86,23598,22968,mal_train/wastedlocker/597ab9cbb4beea848beed36fe7ef634130e649e15ae8c1161fd6baec16408803.asm,597ab9cbb4beea848beed36fe7ef634130e649e15ae8c1161fd6baec16408803,packed_other,628,0
5cd04805f9753ca08b82e88c27bf5426d1d356bb26b281885573051048911367,mal_train,wastedlocker,1,x86,100288,100000,mal_train/wastedlocker/5cd04805f9753ca08b82e88c27bf5426d1d356bb26b281885573051048911367.asm,5cd04805f9753ca08b82e88c27bf5426d1d356bb26b281885573051048911367,plain,286,1
5d3257b8c18ddb6832aad76f0c64acb47703781edfe0a1652f73a7ebbde5edc9,mal_train,wastedlocker,1,x86,10959,10957,mal_train/wastedlocker/5d3257b8c18ddb6832aad76f0c64acb47703781edfe0a1652f73a7ebbde5edc9.asm,5d3257b8c18ddb6832aad76f0c64acb47703781edfe0a1652f73a7ebbde5edc9,plain,1,0
633e3f41ab072d59eb255348209fd3228a8abc3168601c7f95342ef85efdc6b2,mal_train,wastedlocker,1,x86,3008,2988,mal_train/wastedlocker/633e3f41ab072d59eb255348209fd3228a8abc3168601c7f95342ef85efdc6b2.asm,633e3f41ab072d59eb255348209fd3228a8abc3168601c7f95342ef85efdc6b2,plain,19,0
6b13593902307f9ad68271be9205aabedd35a3b566f88dc891fbf53833cf4844,mal_train,wastedlocker,1,x86,11603,11601,mal_train/wastedlocker/6b13593902307f9ad68271be9205aabedd35a3b566f88dc891fbf53833cf4844.asm,6b13593902307f9ad68271be9205aabedd35a3b566f88dc891fbf53833cf4844,plain,1,0
6d35b01dbe014c6efc18d587c2be5e12617e1681cc670ba5c49fe7ead9de780e,mal_train,wastedlocker,1,x86,11434,11433,mal_train/wastedlocker/6d35b01dbe014c6efc18d587c2be5e12617e1681cc670ba5c49fe7ead9de780e.asm,6d35b01dbe014c6efc18d587c2be5e12617e1681cc670ba5c49fe7ead9de780e,plain,0,0
7a45a4ae68992e5be784b4a6da7acd98dc28281fe238f22c1f7c1d85a90d144a,mal_train,wastedlocker,1,x86,10882,10881,mal_train/wastedlocker/7a45a4ae68992e5be784b4a6da7acd98dc28281fe238f22c1f7c1d85a90d144a.asm,7a45a4ae68992e5be784b4a6da7acd98dc28281fe238f22c1f7c1d85a90d144a,plain,0,0
7de425238719622bf2b2150591631b0a71d6a5dade419a4e67b9bdbfa272b559,mal_train,wastedlocker,1,x86,11434,11433,mal_train/wastedlocker/7de425238719622bf2b2150591631b0a71d6a5dade419a4e67b9bdbfa272b559.asm,7de425238719622bf2b2150591631b0a71d6a5dade419a4e67b9bdbfa272b559,plain,0,0
887aac61771af200f7e58bf0d02cb96d9befa11deda4e448f0a700ccb186ce9d,mal_train,wastedlocker,1,x86,100219,100000,mal_train/wastedlocker/887aac61771af200f7e58bf0d02cb96d9befa11deda4e448f0a700ccb186ce9d.asm,887aac61771af200f7e58bf0d02cb96d9befa11deda4e448f0a700ccb186ce9d,plain,217,1
8897db876553f942b2eb4005f8475a232bafb82a50ca7761a621842e894a3d80,mal_train,wastedlocker,1,x86,10721,10720,mal_train/wastedlocker/8897db876553f942b2eb4005f8475a232bafb82a50ca7761a621842e894a3d80.asm,8897db876553f942b2eb4005f8475a232bafb82a50ca7761a621842e894a3d80,plain,0,0
8dc3389d37519b24aef2bcf2a15530ea1b13ff4b98228967c9876835bdb99a01,mal_train,wastedlocker,1,x86,2874,2854,mal_train/wastedlocker/8dc3389d37519b24aef2bcf2a15530ea1b13ff4b98228967c9876835bdb99a01.asm,8dc3389d37519b24aef2bcf2a15530ea1b13ff4b98228967c9876835bdb99a01,plain,19,0
905ea119ad8d3e54cd228c458a1b5681abc1f35df782977a23812ec4efa0288a,mal_train,wastedlocker,1,x86,2353,2344,mal_train/wastedlocker/905ea119ad8d3e54cd228c458a1b5681abc1f35df782977a23812ec4efa0288a.asm,905ea119ad8d3e54cd228c458a1b5681abc1f35df782977a23812ec4efa0288a,plain,8,0
9744b5f5d07149c5619d7fec67622b4e43bf3b28a803c2ab4121be4080e2b165,mal_train,wastedlocker,1,x86,3595,3591,mal_train/wastedlocker/9744b5f5d07149c5619d7fec67622b4e43bf3b28a803c2ab4121be4080e2b165.asm,9744b5f5d07149c5619d7fec67622b4e43bf3b28a803c2ab4121be4080e2b165,plain,2,0
97a1e14988672f7381d54e70785994ed45c2efe3da37e07be251a627f25078a7,mal_train,wastedlocker,1,x86,1970,1959,mal_train/wastedlocker/97a1e14988672f7381d54e70785994ed45c2efe3da37e07be251a627f25078a7.asm,97a1e14988672f7381d54e70785994ed45c2efe3da37e07be251a627f25078a7,plain,10,0
9c61d32200b225cb4f0150b758617db552fccf119f3b0bd68f65a53c05e3aba4,mal_train,wastedlocker,1,x86,11434,11433,mal_train/wastedlocker/9c61d32200b225cb4f0150b758617db552fccf119f3b0bd68f65a53c05e3aba4.asm,9c61d32200b225cb4f0150b758617db552fccf119f3b0bd68f65a53c05e3aba4,plain,0,0
aa05e7a187ddec2e11fc1c9eafe61408d085b0ab6cd12caeaf531c9dca129772,mal_train,wastedlocker,1,x86,100288,100000,mal_train/wastedlocker/aa05e7a187ddec2e11fc1c9eafe61408d085b0ab6cd12caeaf531c9dca129772.asm,aa05e7a187ddec2e11fc1c9eafe61408d085b0ab6cd12caeaf531c9dca129772,plain,286,1
ab007094afec534a2aa64436f214866014a664e7399aeaf361790ede5eec6b56,mal_train,wastedlocker,1,x86,11434,11433,mal_train/wastedlocker/ab007094afec534a2aa64436f214866014a664e7399aeaf361790ede5eec6b56.asm,ab007094afec534a2aa64436f214866014a664e7399aeaf361790ede5eec6b56,plain,0,0
ae255679f487e2e9075ffd5e8c7836dd425229c1e3bd40cfc46fbbceceec7cf4,mal_train,wastedlocker,1,x86,10882,10881,mal_train/wastedlocker/ae255679f487e2e9075ffd5e8c7836dd425229c1e3bd40cfc46fbbceceec7cf4.asm,ae255679f487e2e9075ffd5e8c7836dd425229c1e3bd40cfc46fbbceceec7cf4,plain,0,0
b79565748d4e057ce732761bbeaa5578cb18f12c1890cdecd78a86e16fedd937,mal_train,wastedlocker,1,x86,11188,11187,mal_train/wastedlocker/b79565748d4e057ce732761bbeaa5578cb18f12c1890cdecd78a86e16fedd937.asm,b79565748d4e057ce732761bbeaa5578cb18f12c1890cdecd78a86e16fedd937,plain,0,0
bcdac1a2b67e2b47f8129814dca3bcf7d55404757eb09f1c3103f57da3153ec8,mal_train,wastedlocker,1,x86,10882,10881,mal_train/wastedlocker/bcdac1a2b67e2b47f8129814dca3bcf7d55404757eb09f1c3103f57da3153ec8.asm,bcdac1a2b67e2b47f8129814dca3bcf7d55404757eb09f1c3103f57da3153ec8,plain,0,0
d054e9223a2665b1746727d7bf9b008181c2d60c6a20b27490e4adb151560823,mal_train,wastedlocker,1,x86,11727,11725,mal_train/wastedlocker/d054e9223a2665b1746727d7bf9b008181c2d60c6a20b27490e4adb151560823.asm,d054e9223a2665b1746727d7bf9b008181c2d60c6a20b27490e4adb151560823,plain,1,0
d5b5a063656f2ce6dc50ed24278a2d21f2bb762c8e65c0d2ffc2477986896acf,mal_train,wastedlocker,1,x86,3700,3674,mal_train/wastedlocker/d5b5a063656f2ce6dc50ed24278a2d21f2bb762c8e65c0d2ffc2477986896acf.asm,d5b5a063656f2ce6dc50ed24278a2d21f2bb762c8e65c0d2ffc2477986896acf,plain,25,0
db665f26dbc4ca92d326f2cb98faafb9e84d404346b201cd88bec91ce4206bb2,mal_train,wastedlocker,1,x86,3700,3674,mal_train/wastedlocker/db665f26dbc4ca92d326f2cb98faafb9e84d404346b201cd88bec91ce4206bb2.asm,db665f26dbc4ca92d326f2cb98faafb9e84d404346b201cd88bec91ce4206bb2,plain,25,0
e3bf41de3a7edf556d43b6196652aa036e48a602bb3f7c98af9dae992222a8eb,mal_train,wastedlocker,1,x86,100222,100000,mal_train/wastedlocker/e3bf41de3a7edf556d43b6196652aa036e48a602bb3f7c98af9dae992222a8eb.asm,e3bf41de3a7edf556d43b6196652aa036e48a602bb3f7c98af9dae992222a8eb,plain,220,1
e53da3060cb4574af7b763dea1f401f5180cda9d429e5df06b6a5d944829d4ff,mal_train,wastedlocker,1,x86,2948,2900,mal_train/wastedlocker/e53da3060cb4574af7b763dea1f401f5180cda9d429e5df06b6a5d944829d4ff.asm,e53da3060cb4574af7b763dea1f401f5180cda9d429e5df06b6a5d944829d4ff,packed_other,46,0
e64a291f2b6238621e446496b96c14c7d9702a1ea2ab1f59088f5b2b75ffb1b8,mal_train,wastedlocker,1,x86,11876,11875,mal_train/wastedlocker/e64a291f2b6238621e446496b96c14c7d9702a1ea2ab1f59088f5b2b75ffb1b8.asm,e64a291f2b6238621e446496b96c14c7d9702a1ea2ab1f59088f5b2b75ffb1b8,plain,0,0
ec9b412e9a6e0da1a21c01158c4c8313b61b033f58d16d913d72229794069d18,mal_train,wastedlocker,1,x86,11433,11432,mal_train/wastedlocker/ec9b412e9a6e0da1a21c01158c4c8313b61b033f58d16d913d72229794069d18.asm,ec9b412e9a6e0da1a21c01158c4c8313b61b033f58d16d913d72229794069d18,plain,0,0
ed0632acb266a4ec3f51dd803c8025bccd654e53c64eb613e203c590897079b3,mal_train,wastedlocker,1,x86,100438,100000,mal_train/wastedlocker/ed0632acb266a4ec3f51dd803c8025bccd654e53c64eb613e203c590897079b3.asm,ed0632acb266a4ec3f51dd803c8025bccd654e53c64eb613e203c590897079b3,plain,436,1
ef7a9166c63d90cd5a4c5c58cb458da4c967a2baab2ad433de0aa20dfbf568f7,mal_train,wastedlocker,1,x86,11434,11433,mal_train/wastedlocker/ef7a9166c63d90cd5a4c5c58cb458da4c967a2baab2ad433de0aa20dfbf568f7.asm,ef7a9166c63d90cd5a4c5c58cb458da4c967a2baab2ad433de0aa20dfbf568f7,plain,0,0
f093b0006ef5ac52aa1d51fee705aa3b7b10a6af2acb4019b7bc16da4cabb5a1,mal_train,wastedlocker,1,x86,102576,100000,mal_train/wastedlocker/f093b0006ef5ac52aa1d51fee705aa3b7b10a6af2acb4019b7bc16da4cabb5a1.asm,f093b0006ef5ac52aa1d51fee705aa3b7b10a6af2acb4019b7bc16da4cabb5a1,packed_other,2574,1
005b00d41740f7b0327d4d5fe0402dcfc84ae0df44a2231a89a59909eeb30b23,mal_train,zeppelin,1,x86,70231,69809,mal_train/zeppelin/005b00d41740f7b0327d4d5fe0402dcfc84ae0df44a2231a89a59909eeb30b23.asm,005b00d41740f7b0327d4d5fe0402dcfc84ae0df44a2231a89a59909eeb30b23,packed_other,420,0
0b3932739176975ad69bae0a03171746b7efa1c3909cf5206dcb3b89d1947b15,mal_train,zeppelin,1,x86,70231,69809,mal_train/zeppelin/0b3932739176975ad69bae0a03171746b7efa1c3909cf5206dcb3b89d1947b15.asm,0b3932739176975ad69bae0a03171746b7efa1c3909cf5206dcb3b89d1947b15,packed_other,420,0
0bed6711e6db24563a66ee99928864e8cf3f8cff0636c1efca1b14ef15941603,mal_train,zeppelin,1,x86,100007,100000,mal_train/zeppelin/0bed6711e6db24563a66ee99928864e8cf3f8cff0636c1efca1b14ef15941603.asm,0bed6711e6db24563a66ee99928864e8cf3f8cff0636c1efca1b14ef15941603,plain,5,1
15e3107a2c30da16832db6f9cdadd38c7a202d72b6a43899b9642d3b695d6f50,mal_train,zeppelin,1,x86,101626,100000,mal_train/zeppelin/15e3107a2c30da16832db6f9cdadd38c7a202d72b6a43899b9642d3b695d6f50.asm,15e3107a2c30da16832db6f9cdadd38c7a202d72b6a43899b9642d3b695d6f50,packed_other,1624,1
332bca23e362f6c95326ecc943cb39e93d6fdcf454d72a5e60c9e14f5802ce5a,mal_train,zeppelin,1,x86,70389,69936,mal_train/zeppelin/332bca23e362f6c95326ecc943cb39e93d6fdcf454d72a5e60c9e14f5802ce5a.asm,332bca23e362f6c95326ecc943cb39e93d6fdcf454d72a5e60c9e14f5802ce5a,packed_other,451,0
4355077d9e650cde600c29caf7fc7128ebb1f42331f130bbfe0e66265c67022a,mal_train,zeppelin,1,x86,70401,69953,mal_train/zeppelin/4355077d9e650cde600c29caf7fc7128ebb1f42331f130bbfe0e66265c67022a.asm,4355077d9e650cde600c29caf7fc7128ebb1f42331f130bbfe0e66265c67022a,packed_other,446,0
43812b98e4f9480d25b426a23a7b4d2a4e498110545c7a3cb21159bf75c18e7b,mal_train,zeppelin,1,x86,100089,100000,mal_train/zeppelin/43812b98e4f9480d25b426a23a7b4d2a4e498110545c7a3cb21159bf75c18e7b.asm,43812b98e4f9480d25b426a23a7b4d2a4e498110545c7a3cb21159bf75c18e7b,plain,87,1
438d83a22ed38bb2241a99b96d644826522b28327f63055840ee7632d8e95cd8,mal_train,zeppelin,1,x86,100090,100000,mal_train/zeppelin/438d83a22ed38bb2241a99b96d644826522b28327f63055840ee7632d8e95cd8.asm,438d83a22ed38bb2241a99b96d644826522b28327f63055840ee7632d8e95cd8,plain,87,1
442bf867c8738c7231ff09db0715ec79d0ae15c050fbd46946c45b76a040d024,mal_train,zeppelin,1,x86,70313,69871,mal_train/zeppelin/442bf867c8738c7231ff09db0715ec79d0ae15c050fbd46946c45b76a040d024.asm,442bf867c8738c7231ff09db0715ec79d0ae15c050fbd46946c45b76a040d024,packed_other,440,0
45c7c5d62ca2525ac1da111fb3388cb381c24c974eba1ca3681ef07b10ef7b77,mal_train,zeppelin,1,x86,86025,84617,mal_train/zeppelin/45c7c5d62ca2525ac1da111fb3388cb381c24c974eba1ca3681ef07b10ef7b77.asm,45c7c5d62ca2525ac1da111fb3388cb381c24c974eba1ca3681ef07b10ef7b77,packed_other,1407,0
49834791d5a128b60774ff8761cc87ba3385b05cc1ba8381a46927e177af1176,mal_train,zeppelin,1,x86,88775,87220,mal_train/zeppelin/49834791d5a128b60774ff8761cc87ba3385b05cc1ba8381a46927e177af1176.asm,49834791d5a128b60774ff8761cc87ba3385b05cc1ba8381a46927e177af1176,packed_other,1554,0
4f87fefc9bf667f1d60e9ac07bdcf91013d609b8222b6d1b2995706f7ece1b07,mal_train,zeppelin,1,x86,88775,87220,mal_train/zeppelin/4f87fefc9bf667f1d60e9ac07bdcf91013d609b8222b6d1b2995706f7ece1b07.asm,4f87fefc9bf667f1d60e9ac07bdcf91013d609b8222b6d1b2995706f7ece1b07,packed_other,1554,0
516475caf3fbd1f0c0283572550528f1f9e7b502dce5fb6b89d40f366a150bfd,mal_train,zeppelin,1,x86,69408,68996,mal_train/zeppelin/516475caf3fbd1f0c0283572550528f1f9e7b502dce5fb6b89d40f366a150bfd.asm,516475caf3fbd1f0c0283572550528f1f9e7b502dce5fb6b89d40f366a150bfd,packed_other,410,0
522d6e25e6b7062786b699c76d46c2a510d94ca0760447a1d0951a6718fc9774,mal_train,zeppelin,1,x86,70340,69880,mal_train/zeppelin/522d6e25e6b7062786b699c76d46c2a510d94ca0760447a1d0951a6718fc9774.asm,522d6e25e6b7062786b699c76d46c2a510d94ca0760447a1d0951a6718fc9774,packed_other,458,0
54f6ec27eb7526c439d33e7592e4864842fccf950d828fe14ef7c8eb080ee371,mal_train,zeppelin,1,x86,100104,100000,mal_train/zeppelin/54f6ec27eb7526c439d33e7592e4864842fccf950d828fe14ef7c8eb080ee371.asm,54f6ec27eb7526c439d33e7592e4864842fccf950d828fe14ef7c8eb080ee371,plain,102,1
56dc200341cac71492c374d9251791c60308d96d4387a8bbae999fdb5d841375,mal_train,zeppelin,1,x64,1140,1139,mal_train/zeppelin/56dc200341cac71492c374d9251791c60308d96d4387a8bbae999fdb5d841375.asm,56dc200341cac71492c374d9251791c60308d96d4387a8bbae999fdb5d841375,plain,0,0
5876685b455f0c3f0228d03744b34df3e38add056fdbe111f639eafddf4fcc14,mal_train,zeppelin,1,x64,1140,1139,mal_train/zeppelin/5876685b455f0c3f0228d03744b34df3e38add056fdbe111f639eafddf4fcc14.asm,5876685b455f0c3f0228d03744b34df3e38add056fdbe111f639eafddf4fcc14,plain,0,0
5c1141aa7d0b9fba71822607f3b1b086e2cc4529e63221a9a6ede74fa366512f,mal_train,zeppelin,1,x86,58749,58401,mal_train/zeppelin/5c1141aa7d0b9fba71822607f3b1b086e2cc4529e63221a9a6ede74fa366512f.asm,5c1141aa7d0b9fba71822607f3b1b086e2cc4529e63221a9a6ede74fa366512f,plain,346,0
63067c7050bab69e0903ed3887710e4fa50d30d5865c765941df579ddb9b4ab3,mal_train,zeppelin,1,x86,71473,71042,mal_train/zeppelin/63067c7050bab69e0903ed3887710e4fa50d30d5865c765941df579ddb9b4ab3.asm,63067c7050bab69e0903ed3887710e4fa50d30d5865c765941df579ddb9b4ab3,packed_other,429,0
66fc6e71a9c6be1f604c4a2d0650914f67c45d894fd1f76913e463079d47a8af,mal_train,zeppelin,1,x86,69783,69348,mal_train/zeppelin/66fc6e71a9c6be1f604c4a2d0650914f67c45d894fd1f76913e463079d47a8af.asm,66fc6e71a9c6be1f604c4a2d0650914f67c45d894fd1f76913e463079d47a8af,packed_other,433,0
67fffb00d1b0552cbfbc3f455643a88ee0b95a73a36dc47345b6705b6607ed3d,mal_train,zeppelin,1,x86,70382,69936,mal_train/zeppelin/67fffb00d1b0552cbfbc3f455643a88ee0b95a73a36dc47345b6705b6607ed3d.asm,67fffb00d1b0552cbfbc3f455643a88ee0b95a73a36dc47345b6705b6607ed3d,packed_other,444,0
6ad150150f18b97e95e7f12465f502694e50e870e8f118ca52783124771211cf,mal_train,zeppelin,1,x86,101626,100000,mal_train/zeppelin/6ad150150f18b97e95e7f12465f502694e50e870e8f118ca52783124771211cf.asm,6ad150150f18b97e95e7f12465f502694e50e870e8f118ca52783124771211cf,packed_other,1624,1
7055e8438da61efa50058acd4e010c634f5e33352e2ee6d1f013572f004b7101,mal_train,zeppelin,1,x86,70377,69945,mal_train/zeppelin/7055e8438da61efa50058acd4e010c634f5e33352e2ee6d1f013572f004b7101.asm,7055e8438da61efa50058acd4e010c634f5e33352e2ee6d1f013572f004b7101,packed_other,430,0
7d809e8c9b98c16647bbfac49854c28ecc3fe6d4345410deeaa79445cc50cf51,mal_train,zeppelin,1,x86,105481,100000,mal_train/zeppelin/7d809e8c9b98c16647bbfac49854c28ecc3fe6d4345410deeaa79445cc50cf51.asm,7d809e8c9b98c16647bbfac49854c28ecc3fe6d4345410deeaa79445cc50cf51,plain,5479,1
821945dd5882aad4181fcb2670a26cc322224f9f677e5df26f7e708ced0ab6a3,mal_train,zeppelin,1,x86,71504,71041,mal_train/zeppelin/821945dd5882aad4181fcb2670a26cc322224f9f677e5df26f7e708ced0ab6a3.asm,821945dd5882aad4181fcb2670a26cc322224f9f677e5df26f7e708ced0ab6a3,packed_other,461,0
824a76c39895bc3ad4f5dfc27fc3ac80d26514118c4669505a1f0cfdc8fdbcdc,mal_train,zeppelin,1,x86,100106,100000,mal_train/zeppelin/824a76c39895bc3ad4f5dfc27fc3ac80d26514118c4669505a1f0cfdc8fdbcdc.asm,824a76c39895bc3ad4f5dfc27fc3ac80d26514118c4669505a1f0cfdc8fdbcdc,plain,104,1
8ab4218a7ee9239d218f2729d6c00fb0246eeea1e97f85833dacfc73457c8b06,mal_train,zeppelin,1,x86,25846,25842,mal_train/zeppelin/8ab4218a7ee9239d218f2729d6c00fb0246eeea1e97f85833dacfc73457c8b06.asm,8ab4218a7ee9239d218f2729d6c00fb0246eeea1e97f85833dacfc73457c8b06,plain,3,0
8d3e383e0f74be276bf4d895d7300ed04a1af2ad307460abea7d5a831645e5ca,mal_train,zeppelin,1,x86,69594,69161,mal_train/zeppelin/8d3e383e0f74be276bf4d895d7300ed04a1af2ad307460abea7d5a831645e5ca.asm,8d3e383e0f74be276bf4d895d7300ed04a1af2ad307460abea7d5a831645e5ca,packed_other,431,0
8d44fdbedd0ec9ae59fad78bdb12d15d6903470eb1046b45c227193b233adda6,mal_train,zeppelin,1,x86,100068,100000,mal_train/zeppelin/8d44fdbedd0ec9ae59fad78bdb12d15d6903470eb1046b45c227193b233adda6.asm,8d44fdbedd0ec9ae59fad78bdb12d15d6903470eb1046b45c227193b233adda6,plain,66,1
8de5795d080b582e5e58549e73bfa8c6e04a2c0fb98436647955817f2d4640e6,mal_train,zeppelin,1,x86,72431,72009,mal_train/zeppelin/8de5795d080b582e5e58549e73bfa8c6e04a2c0fb98436647955817f2d4640e6.asm,8de5795d080b582e5e58549e73bfa8c6e04a2c0fb98436647955817f2d4640e6,plain,420,0
93fe277d54f4baac5762412dda6f831bf6a612f166daade7c23f6b38feac94fb,mal_train,zeppelin,1,x86,69784,69358,mal_train/zeppelin/93fe277d54f4baac5762412dda6f831bf6a612f166daade7c23f6b38feac94fb.asm,93fe277d54f4baac5762412dda6f831bf6a612f166daade7c23f6b38feac94fb,packed_other,424,0
99ee7cf74c8de999f2a1cc8cefacad3c866a86e78c87a56323729bfad967a4e9,mal_train,zeppelin,1,x64,1140,1139,mal_train/zeppelin/99ee7cf74c8de999f2a1cc8cefacad3c866a86e78c87a56323729bfad967a4e9.asm,99ee7cf74c8de999f2a1cc8cefacad3c866a86e78c87a56323729bfad967a4e9,plain,0,0
9ee00dc365bf468e04235f533e8ad7df09ecd1e0e33e183025532631e7058b9a,mal_train,zeppelin,1,x86,70978,70544,mal_train/zeppelin/9ee00dc365bf468e04235f533e8ad7df09ecd1e0e33e183025532631e7058b9a.asm,9ee00dc365bf468e04235f533e8ad7df09ecd1e0e33e183025532631e7058b9a,packed_other,432,0
a9735152febae244b51417ebab74895bd57eb8ba11a16ef172676871fa0b01e2,mal_train,zeppelin,1,x86,70115,69758,mal_train/zeppelin/a9735152febae244b51417ebab74895bd57eb8ba11a16ef172676871fa0b01e2.asm,a9735152febae244b51417ebab74895bd57eb8ba11a16ef172676871fa0b01e2,plain,355,0
b0c1e89ebf16baa03b431b797aece48eeb3da6bb6eabf12fa6a3aefd93f5890e,mal_train,zeppelin,1,x86,69379,68966,mal_train/zeppelin/b0c1e89ebf16baa03b431b797aece48eeb3da6bb6eabf12fa6a3aefd93f5890e.asm,b0c1e89ebf16baa03b431b797aece48eeb3da6bb6eabf12fa6a3aefd93f5890e,packed_other,411,0
b3302c4a9fd06d9fde96c9004141f80e0a9107a9dead1659e77351f1b1c87cf6,mal_train,zeppelin,1,x86,70020,69589,mal_train/zeppelin/b3302c4a9fd06d9fde96c9004141f80e0a9107a9dead1659e77351f1b1c87cf6.asm,b3302c4a9fd06d9fde96c9004141f80e0a9107a9dead1659e77351f1b1c87cf6,packed_other,429,0
b43fa4faec16d8f5a468bbf5ed7d5cd9487068f11a0625c0939610acf2abf432,mal_train,zeppelin,1,x86,69653,69227,mal_train/zeppelin/b43fa4faec16d8f5a468bbf5ed7d5cd9487068f11a0625c0939610acf2abf432.asm,b43fa4faec16d8f5a468bbf5ed7d5cd9487068f11a0625c0939610acf2abf432,packed_other,424,0
b7f96fbb9844cac5c7f4ec966683f3564bbb9a2f453927e1c579dcb0154f5f83,mal_train,zeppelin,1,x86,100083,100000,mal_train/zeppelin/b7f96fbb9844cac5c7f4ec966683f3564bbb9a2f453927e1c579dcb0154f5f83.asm,b7f96fbb9844cac5c7f4ec966683f3564bbb9a2f453927e1c579dcb0154f5f83,plain,81,1
be0bc9cd7fcedd7359f3c3e8ca2046b19adcce7b100756e529d60a83f9a96613,mal_train,zeppelin,1,x86,99875,98188,mal_train/zeppelin/be0bc9cd7fcedd7359f3c3e8ca2046b19adcce7b100756e529d60a83f9a96613.asm,be0bc9cd7fcedd7359f3c3e8ca2046b19adcce7b100756e529d60a83f9a96613,packed_other,1686,0
be42aa09fe8112622ba90f7586e52509594019db376c0f1c4897f3e98fa30db4,mal_train,zeppelin,1,x86,70345,69914,mal_train/zeppelin/be42aa09fe8112622ba90f7586e52509594019db376c0f1c4897f3e98fa30db4.asm,be42aa09fe8112622ba90f7586e52509594019db376c0f1c4897f3e98fa30db4,packed_other,429,0
d76782960590abc182dba8fdcdc8bfb121b13d36be2d5d8b0960fb67960e89b1,mal_train,zeppelin,1,x86,90084,88646,mal_train/zeppelin/d76782960590abc182dba8fdcdc8bfb121b13d36be2d5d8b0960fb67960e89b1.asm,d76782960590abc182dba8fdcdc8bfb121b13d36be2d5d8b0960fb67960e89b1,packed_other,1437,0
dc91b815e11445ae4554d36b229813e593acedd60379315729414ea997dd6d7a,mal_train,zeppelin,1,x86,69163,68745,mal_train/zeppelin/dc91b815e11445ae4554d36b229813e593acedd60379315729414ea997dd6d7a.asm,dc91b815e11445ae4554d36b229813e593acedd60379315729414ea997dd6d7a,packed_other,416,0
eb920e0fc0c360abb901e04dce172459b63bbda3ab8152350885db4b44d63ce5,mal_train,zeppelin,1,x86,69796,69365,mal_train/zeppelin/eb920e0fc0c360abb901e04dce172459b63bbda3ab8152350885db4b44d63ce5.asm,eb920e0fc0c360abb901e04dce172459b63bbda3ab8152350885db4b44d63ce5,packed_other,429,0
ece7ddff2ff9fdb8e7f55b674baa9c975ce86ff79e02db6ea9259a0187d2d481,mal_train,zeppelin,1,x86,100083,100000,mal_train/zeppelin/ece7ddff2ff9fdb8e7f55b674baa9c975ce86ff79e02db6ea9259a0187d2d481.asm,ece7ddff2ff9fdb8e7f55b674baa9c975ce86ff79e02db6ea9259a0187d2d481,plain,81,1
f247ae6db52989c9a598c3c7fbc1ae2db54f5c65be862880e11578b8583731cb,mal_train,zeppelin,1,x86,69895,69467,mal_train/zeppelin/f247ae6db52989c9a598c3c7fbc1ae2db54f5c65be862880e11578b8583731cb.asm,f247ae6db52989c9a598c3c7fbc1ae2db54f5c65be862880e11578b8583731cb,packed_other,426,0
f38c40c74a0a9953697c63fbd375c064cb2d59ce478435c7357bd68f382dd26f,mal_train,zeppelin,1,x64,1140,1139,mal_train/zeppelin/f38c40c74a0a9953697c63fbd375c064cb2d59ce478435c7357bd68f382dd26f.asm,f38c40c74a0a9953697c63fbd375c064cb2d59ce478435c7357bd68f382dd26f,plain,0,0
fa789f56ef3f5075fc02c53cd937fe1580ae46217cf0a82bd4871043276fb086,mal_train,zeppelin,1,x86,94884,93445,mal_train/zeppelin/fa789f56ef3f5075fc02c53cd937fe1580ae46217cf0a82bd4871043276fb086.asm,fa789f56ef3f5075fc02c53cd937fe1580ae46217cf0a82bd4871043276fb086,packed_other,1438,0
fb80bbea1c179bf695c6817b78306696ebb474e4a2e49ce2e38b819338d43d49,mal_train,zeppelin,1,x64,1140,1139,mal_train/zeppelin/fb80bbea1c179bf695c6817b78306696ebb474e4a2e49ce2e38b819338d43d49.asm,fb80bbea1c179bf695c6817b78306696ebb474e4a2e49ce2e38b819338d43d49,plain,0,0
002e70b8fde758f88adc506f3c71df1eb32ce1a2b5bec45f3e8e43dba923709f,mal_test,avoslocker,1,x86,100004,100000,mal_test/avoslocker/002e70b8fde758f88adc506f3c71df1eb32ce1a2b5bec45f3e8e43dba923709f.asm,002e70b8fde758f88adc506f3c71df1eb32ce1a2b5bec45f3e8e43dba923709f,plain,2,1
01792043e07a0db52664c5878b253531b293754dc6fd6a8426899c1a66ddd61f,mal_test,avoslocker,1,x86,100003,100000,mal_test/avoslocker/01792043e07a0db52664c5878b253531b293754dc6fd6a8426899c1a66ddd61f.asm,01792043e07a0db52664c5878b253531b293754dc6fd6a8426899c1a66ddd61f,plain,1,1
05f6252ae8441e6198a97e7bbae93c03fff0850e082406d6d784274d5ae07122,mal_test,avoslocker,1,x86,100004,100000,mal_test/avoslocker/05f6252ae8441e6198a97e7bbae93c03fff0850e082406d6d784274d5ae07122.asm,05f6252ae8441e6198a97e7bbae93c03fff0850e082406d6d784274d5ae07122,plain,2,1
0b1f19ba8740b10ed017671aab023228756a6864fb008bf23f3c606189bdcd98,mal_test,avoslocker,1,x86,100004,100000,mal_test/avoslocker/0b1f19ba8740b10ed017671aab023228756a6864fb008bf23f3c606189bdcd98.asm,0b1f19ba8740b10ed017671aab023228756a6864fb008bf23f3c606189bdcd98,plain,2,1
0befaa4e0feb435459faba84b6952dd7ebfa77d74059a6f7d154d75491fd1c14,mal_test,avoslocker,1,x86,100004,100000,mal_test/avoslocker/0befaa4e0feb435459faba84b6952dd7ebfa77d74059a6f7d154d75491fd1c14.asm,0befaa4e0feb435459faba84b6952dd7ebfa77d74059a6f7d154d75491fd1c14,plain,2,1
0c50b3543005814bebd996484e72eb53d57d369781f9b979f78d70733672278b,mal_test,avoslocker,1,x86,100004,100000,mal_test/avoslocker/0c50b3543005814bebd996484e72eb53d57d369781f9b979f78d70733672278b.asm,0c50b3543005814bebd996484e72eb53d57d369781f9b979f78d70733672278b,plain,2,1
0d094770db65ec637489116e1510ee787a48d6d130aad26ae40f7dbca6fe7182,mal_test,avoslocker,1,x86,100004,100000,mal_test/avoslocker/0d094770db65ec637489116e1510ee787a48d6d130aad26ae40f7dbca6fe7182.asm,0d094770db65ec637489116e1510ee787a48d6d130aad26ae40f7dbca6fe7182,plain,2,1
0f22ae8e435cfeb4e527199c9083e7093c79892656eff686d55909e8528493db,mal_test,avoslocker,1,x86,100004,100000,mal_test/avoslocker/0f22ae8e435cfeb4e527199c9083e7093c79892656eff686d55909e8528493db.asm,0f22ae8e435cfeb4e527199c9083e7093c79892656eff686d55909e8528493db,plain,2,1
123888ff76ffd20da224ef3afed3fd564c4f6fef6c2169bccdbb81a9d7cc9d0b,mal_test,avoslocker,1,x86,100004,100000,mal_test/avoslocker/123888ff76ffd20da224ef3afed3fd564c4f6fef6c2169bccdbb81a9d7cc9d0b.asm,123888ff76ffd20da224ef3afed3fd564c4f6fef6c2169bccdbb81a9d7cc9d0b,plain,2,1
1b0433a15184ab1859a01b0092ccc9d56d9e5536fbf91493ba4b9e681165122a,mal_test,avoslocker,1,x86,100004,100000,mal_test/avoslocker/1b0433a15184ab1859a01b0092ccc9d56d9e5536fbf91493ba4b9e681165122a.asm,1b0433a15184ab1859a01b0092ccc9d56d9e5536fbf91493ba4b9e681165122a,plain,2,1
1f102cc8bb6a14cc2bd9b9311acb66ed5a6035e8510ea34a328a7bc09d9a3a81,mal_test,avoslocker,1,x86,100004,100000,mal_test/avoslocker/1f102cc8bb6a14cc2bd9b9311acb66ed5a6035e8510ea34a328a7bc09d9a3a81.asm,1f102cc8bb6a14cc2bd9b9311acb66ed5a6035e8510ea34a328a7bc09d9a3a81,plain,2,1
2736d807b3d6e2dc3bedbfcd1d460df0b5065b36258ea6dc820f565d82f5d0a7,mal_test,avoslocker,1,x86,100004,100000,mal_test/avoslocker/2736d807b3d6e2dc3bedbfcd1d460df0b5065b36258ea6dc820f565d82f5d0a7.asm,2736d807b3d6e2dc3bedbfcd1d460df0b5065b36258ea6dc820f565d82f5d0a7,plain,2,1
27cd3e759ec4858adaea63050ad1fc22e4850c1e157d88c0943c2589fa39b5a4,mal_test,avoslocker,1,x86,100003,100000,mal_test/avoslocker/27cd3e759ec4858adaea63050ad1fc22e4850c1e157d88c0943c2589fa39b5a4.asm,27cd3e759ec4858adaea63050ad1fc22e4850c1e157d88c0943c2589fa39b5a4,plain,1,1
29910ea42c8e2abb22d5a88053e1725c93a104e61560a2f8d88716d619bcaa08,mal_test,avoslocker,1,x86,100003,100000,mal_test/avoslocker/29910ea42c8e2abb22d5a88053e1725c93a104e61560a2f8d88716d619bcaa08.asm,29910ea42c8e2abb22d5a88053e1725c93a104e61560a2f8d88716d619bcaa08,plain,1,1
31a6ddb891c3470c6d32ced24aaa5de84c77b24042a44c157d456e31c9325402,mal_test,avoslocker,1,x86,100004,100000,mal_test/avoslocker/31a6ddb891c3470c6d32ced24aaa5de84c77b24042a44c157d456e31c9325402.asm,31a6ddb891c3470c6d32ced24aaa5de84c77b24042a44c157d456e31c9325402,plain,2,1
373a791f058539d72983e38ebe68e98132fcf996d04e9a181145f22a96689386,mal_test,avoslocker,1,x86,100004,100000,mal_test/avoslocker/373a791f058539d72983e38ebe68e98132fcf996d04e9a181145f22a96689386.asm,373a791f058539d72983e38ebe68e98132fcf996d04e9a181145f22a96689386,plain,2,1
380275cac2a1793403674bd8cb686b478f457d65c25e3d58a3a1f856f829723b,mal_test,avoslocker,1,x86,100004,100000,mal_test/avoslocker/380275cac2a1793403674bd8cb686b478f457d65c25e3d58a3a1f856f829723b.asm,380275cac2a1793403674bd8cb686b478f457d65c25e3d58a3a1f856f829723b,plain,2,1
43b7a60c0ef8b4af001f45a0c57410b7374b1d75a6811e0dfc86e4d60f503856,mal_test,avoslocker,1,x86,100003,100000,mal_test/avoslocker/43b7a60c0ef8b4af001f45a0c57410b7374b1d75a6811e0dfc86e4d60f503856.asm,43b7a60c0ef8b4af001f45a0c57410b7374b1d75a6811e0dfc86e4d60f503856,plain,1,1
452967e7a2a6102a50036faa6f348b57ca5c514992bf8f7e0416d2dd9b1ab13a,mal_test,avoslocker,1,x86,100004,100000,mal_test/avoslocker/452967e7a2a6102a50036faa6f348b57ca5c514992bf8f7e0416d2dd9b1ab13a.asm,452967e7a2a6102a50036faa6f348b57ca5c514992bf8f7e0416d2dd9b1ab13a,plain,2,1
45b95b6ee5a726bf41b6a52020bb03cdf128e381998f317d8bd34deb4074cf62,mal_test,avoslocker,1,x86,100004,100000,mal_test/avoslocker/45b95b6ee5a726bf41b6a52020bb03cdf128e381998f317d8bd34deb4074cf62.asm,45b95b6ee5a726bf41b6a52020bb03cdf128e381998f317d8bd34deb4074cf62,plain,2,1
5b7bed7349f6b1499b7eac111d7264101b13eeb9684830a4a93bab5f9d79d77e,mal_test,avoslocker,1,x86,100004,100000,mal_test/avoslocker/5b7bed7349f6b1499b7eac111d7264101b13eeb9684830a4a93bab5f9d79d77e.asm,5b7bed7349f6b1499b7eac111d7264101b13eeb9684830a4a93bab5f9d79d77e,plain,2,1
5d6e4bd7bd7239fab20e043fb292974497297af89759b1b0d48d7d006e5e96fa,mal_test,avoslocker,1,x86,100004,100000,mal_test/avoslocker/5d6e4bd7bd7239fab20e043fb292974497297af89759b1b0d48d7d006e5e96fa.asm,5d6e4bd7bd7239fab20e043fb292974497297af89759b1b0d48d7d006e5e96fa,plain,2,1
5db3f3c20f7860682ea6d7ebbe3db042337aa18d874f26699213cef2a5764304,mal_test,avoslocker,1,x86,100004,100000,mal_test/avoslocker/5db3f3c20f7860682ea6d7ebbe3db042337aa18d874f26699213cef2a5764304.asm,5db3f3c20f7860682ea6d7ebbe3db042337aa18d874f26699213cef2a5764304,plain,2,1
603b5241cb49ef17c2522b60600b15d9e1273ccbf4d39aec4d34e16297968955,mal_test,avoslocker,1,x86,100004,100000,mal_test/avoslocker/603b5241cb49ef17c2522b60600b15d9e1273ccbf4d39aec4d34e16297968955.asm,603b5241cb49ef17c2522b60600b15d9e1273ccbf4d39aec4d34e16297968955,plain,2,1
62a8e739d111437b798d1b5f9286366c10cb48a1a7818519babc7f3a9bb5124e,mal_test,avoslocker,1,x86,100004,100000,mal_test/avoslocker/62a8e739d111437b798d1b5f9286366c10cb48a1a7818519babc7f3a9bb5124e.asm,62a8e739d111437b798d1b5f9286366c10cb48a1a7818519babc7f3a9bb5124e,plain,2,1
66de24f5e32ddf0b20d64701862f3c23071018cc0758e34f487cdf795a89b73b,mal_test,avoslocker,1,x86,100004,100000,mal_test/avoslocker/66de24f5e32ddf0b20d64701862f3c23071018cc0758e34f487cdf795a89b73b.asm,66de24f5e32ddf0b20d64701862f3c23071018cc0758e34f487cdf795a89b73b,plain,2,1
6cc510a772d7718c95216eb56a84a96201241b264755f28875e685f06e95e1a2,mal_test,avoslocker,1,x86,100004,100000,mal_test/avoslocker/6cc510a772d7718c95216eb56a84a96201241b264755f28875e685f06e95e1a2.asm,6cc510a772d7718c95216eb56a84a96201241b264755f28875e685f06e95e1a2,plain,2,1
718810b8eeb682fc70df602d952c0c83e028c5a5bfa44c506756980caf2edebb,mal_test,avoslocker,1,x86,100004,100000,mal_test/avoslocker/718810b8eeb682fc70df602d952c0c83e028c5a5bfa44c506756980caf2edebb.asm,718810b8eeb682fc70df602d952c0c83e028c5a5bfa44c506756980caf2edebb,plain,2,1
7d1e470e36c68e1156a7828f8002254dcde68dc61f998ab5636c12ba63f472dd,mal_test,avoslocker,1,x86,100004,100000,mal_test/avoslocker/7d1e470e36c68e1156a7828f8002254dcde68dc61f998ab5636c12ba63f472dd.asm,7d1e470e36c68e1156a7828f8002254dcde68dc61f998ab5636c12ba63f472dd,plain,2,1
f250bca3637c0b189a19f0fca944008a48cf0cf9c037b288173b11ca2056a107,mal_test,avoslocker,1,x86,100004,100000,mal_test/avoslocker/f250bca3637c0b189a19f0fca944008a48cf0cf9c037b288173b11ca2056a107.asm,8374cd9a8c03d900eefcd0bae936eed24532868c9090e919f6c303d9e0029c9d,plain,2,1
84d94c032543e8797a514323b0b8fd8bd69b4183f17351628b13d1464093af2d,mal_test,avoslocker,1,x86,100004,100000,mal_test/avoslocker/84d94c032543e8797a514323b0b8fd8bd69b4183f17351628b13d1464093af2d.asm,84d94c032543e8797a514323b0b8fd8bd69b4183f17351628b13d1464093af2d,plain,2,1
85115951fe456441a3f6fccd09b9101b12255ac4e029c3b0c8be1ab450a4bc6c,mal_test,avoslocker,1,x86,100004,100000,mal_test/avoslocker/85115951fe456441a3f6fccd09b9101b12255ac4e029c3b0c8be1ab450a4bc6c.asm,85115951fe456441a3f6fccd09b9101b12255ac4e029c3b0c8be1ab450a4bc6c,plain,2,1
8ac411f4b10581c38be5c2767747ee0a9279eb4faf02d8e7842b8376e8f742bf,mal_test,avoslocker,1,x86,100004,100000,mal_test/avoslocker/8ac411f4b10581c38be5c2767747ee0a9279eb4faf02d8e7842b8376e8f742bf.asm,8ac411f4b10581c38be5c2767747ee0a9279eb4faf02d8e7842b8376e8f742bf,plain,2,1
93b11a9a72d51d4aa80c0791c19dcc49cc164ae98b67cdff619743766611e947,mal_test,avoslocker,1,x86,100009,100000,mal_test/avoslocker/93b11a9a72d51d4aa80c0791c19dcc49cc164ae98b67cdff619743766611e947.asm,93b11a9a72d51d4aa80c0791c19dcc49cc164ae98b67cdff619743766611e947,plain,7,1
9a2c0204689a19d372560fb1da472e25c9747289178a81a8aa4e3622a63fe773,mal_test,avoslocker,1,x86,100004,100000,mal_test/avoslocker/9a2c0204689a19d372560fb1da472e25c9747289178a81a8aa4e3622a63fe773.asm,9a2c0204689a19d372560fb1da472e25c9747289178a81a8aa4e3622a63fe773,plain,2,1
9e4b3871a7ea10afc1ad09f93f9205b6aa1863a984c729ee764eac2215d322e6,mal_test,avoslocker,1,x86,100004,100000,mal_test/avoslocker/9e4b3871a7ea10afc1ad09f93f9205b6aa1863a984c729ee764eac2215d322e6.asm,9e4b3871a7ea10afc1ad09f93f9205b6aa1863a984c729ee764eac2215d322e6,plain,2,1
a1b504b8e34200d8029f6d75491d517e460162cb9df438257ee4ed85f61c18bc,mal_test,avoslocker,1,x86,100004,100000,mal_test/avoslocker/a1b504b8e34200d8029f6d75491d517e460162cb9df438257ee4ed85f61c18bc.asm,a1b504b8e34200d8029f6d75491d517e460162cb9df438257ee4ed85f61c18bc,plain,2,1
b4c4e9aabd821e6a664fb320a043c133e4e3d0381342079a50e12ca017f489bc,mal_test,avoslocker,1,x86,100004,100000,mal_test/avoslocker/b4c4e9aabd821e6a664fb320a043c133e4e3d0381342079a50e12ca017f489bc.asm,b4c4e9aabd821e6a664fb320a043c133e4e3d0381342079a50e12ca017f489bc,plain,2,1
bff12a83b1fc2e0ad0000ad9b68abc8eada559bb1094caaf5b9f52887df23705,mal_test,avoslocker,1,x86,100004,100000,mal_test/avoslocker/bff12a83b1fc2e0ad0000ad9b68abc8eada559bb1094caaf5b9f52887df23705.asm,bff12a83b1fc2e0ad0000ad9b68abc8eada559bb1094caaf5b9f52887df23705,plain,2,1
c0a42741eef72991d9d0ee8b6c0531fc19151457a8b59bdcf7b6373d1fe56e02,mal_test,avoslocker,1,x86,100004,100000,mal_test/avoslocker/c0a42741eef72991d9d0ee8b6c0531fc19151457a8b59bdcf7b6373d1fe56e02.asm,c0a42741eef72991d9d0ee8b6c0531fc19151457a8b59bdcf7b6373d1fe56e02,plain,2,1
c65547704c20045f006d0653144101bbdf9dd5d2aa6b4db61b83f847704b10f6,mal_test,avoslocker,1,x86,100004,100000,mal_test/avoslocker/c65547704c20045f006d0653144101bbdf9dd5d2aa6b4db61b83f847704b10f6.asm,c65547704c20045f006d0653144101bbdf9dd5d2aa6b4db61b83f847704b10f6,plain,2,1
c7307b1cfd6685c2b3a19a7239a40e8afa5432ffe039bb4b3caca8a70ad1eed6,mal_test,avoslocker,1,x86,100002,100000,mal_test/avoslocker/c7307b1cfd6685c2b3a19a7239a40e8afa5432ffe039bb4b3caca8a70ad1eed6.asm,c7307b1cfd6685c2b3a19a7239a40e8afa5432ffe039bb4b3caca8a70ad1eed6,plain,0,1
da6e60b4e39c6c556836a18a09a52cd83c47f9cf6dc9e3ad298cbcb925a62a96,mal_test,avoslocker,1,x86,100004,100000,mal_test/avoslocker/da6e60b4e39c6c556836a18a09a52cd83c47f9cf6dc9e3ad298cbcb925a62a96.asm,da6e60b4e39c6c556836a18a09a52cd83c47f9cf6dc9e3ad298cbcb925a62a96,plain,2,1
e2a945032dc77a8a9d36b709438612aca5858eee52d7c0ad1e375f9e9e080305,mal_test,avoslocker,1,x86,100004,100000,mal_test/avoslocker/e2a945032dc77a8a9d36b709438612aca5858eee52d7c0ad1e375f9e9e080305.asm,e2a945032dc77a8a9d36b709438612aca5858eee52d7c0ad1e375f9e9e080305,plain,2,1
e62c0bdf69b88a5bd95872cbcf4da4de4eef226bc9ef0452ee652eeee519b15a,mal_test,avoslocker,1,x86,100004,100000,mal_test/avoslocker/e62c0bdf69b88a5bd95872cbcf4da4de4eef226bc9ef0452ee652eeee519b15a.asm,e62c0bdf69b88a5bd95872cbcf4da4de4eef226bc9ef0452ee652eeee519b15a,plain,2,1
ec955f589f25d0d28e55964a1aa79c27492026982994cd4ca1faf7e8a78db4bc,mal_test,avoslocker,1,x86,100004,100000,mal_test/avoslocker/ec955f589f25d0d28e55964a1aa79c27492026982994cd4ca1faf7e8a78db4bc.asm,ec955f589f25d0d28e55964a1aa79c27492026982994cd4ca1faf7e8a78db4bc,plain,2,1
f810deb1ba171cea5b595c6d3f816127fb182833f7a08a98de93226d4f6a336f,mal_test,avoslocker,1,x86,100004,100000,mal_test/avoslocker/f810deb1ba171cea5b595c6d3f816127fb182833f7a08a98de93226d4f6a336f.asm,f810deb1ba171cea5b595c6d3f816127fb182833f7a08a98de93226d4f6a336f,plain,2,1
f8e99bbacc62b0f72aa12f5f92e35607fa0382a881fe4a4b9476fc6b87a03c78,mal_test,avoslocker,1,x86,100004,100000,mal_test/avoslocker/f8e99bbacc62b0f72aa12f5f92e35607fa0382a881fe4a4b9476fc6b87a03c78.asm,f8e99bbacc62b0f72aa12f5f92e35607fa0382a881fe4a4b9476fc6b87a03c78,plain,2,1
fb544e1f74ce02937c3a3657be8d125d5953996115f65697b7d39e237020706f,mal_test,avoslocker,1,x86,100003,100000,mal_test/avoslocker/fb544e1f74ce02937c3a3657be8d125d5953996115f65697b7d39e237020706f.asm,fb544e1f74ce02937c3a3657be8d125d5953996115f65697b7d39e237020706f,plain,1,1
ffd933ad53f22a0f10cceb4986087258f72dffdd36999b7014c6b37c157ee45f,mal_test,avoslocker,1,x86,100004,100000,mal_test/avoslocker/ffd933ad53f22a0f10cceb4986087258f72dffdd36999b7014c6b37c157ee45f.asm,ffd933ad53f22a0f10cceb4986087258f72dffdd36999b7014c6b37c157ee45f,plain,2,1
1fd07b8d1728e416f897bef4f1471126f9b18ef108eb952f4b75050da22e8e43,mal_test,bianlian,1,x64,100008,100000,mal_test/bianlian/1fd07b8d1728e416f897bef4f1471126f9b18ef108eb952f4b75050da22e8e43.asm,1fd07b8d1728e416f897bef4f1471126f9b18ef108eb952f4b75050da22e8e43,plain,6,1
20bab94e6d9c8ed4832ce3b58f9150b16f9e5f40ffdcb747e10366cab5a30352,mal_test,bianlian,1,x64,100004,100000,mal_test/bianlian/20bab94e6d9c8ed4832ce3b58f9150b16f9e5f40ffdcb747e10366cab5a30352.asm,20bab94e6d9c8ed4832ce3b58f9150b16f9e5f40ffdcb747e10366cab5a30352,plain,2,1
3a2f6e614ff030804aa18cb03fcc3bc357f6226786efb4a734cbe2a3a1984b6f,mal_test,bianlian,1,x64,100005,100000,mal_test/bianlian/3a2f6e614ff030804aa18cb03fcc3bc357f6226786efb4a734cbe2a3a1984b6f.asm,3a2f6e614ff030804aa18cb03fcc3bc357f6226786efb4a734cbe2a3a1984b6f,plain,3,1
46d340eaf6b78207e24b6011422f1a5b4a566e493d72365c6a1cace11c36b28b,mal_test,bianlian,1,x64,100005,100000,mal_test/bianlian/46d340eaf6b78207e24b6011422f1a5b4a566e493d72365c6a1cace11c36b28b.asm,46d340eaf6b78207e24b6011422f1a5b4a566e493d72365c6a1cace11c36b28b,plain,3,1
50c86fb27bed1962903a5f9d155544e3fdb859ae19e967a10f0bf3a60bb8954f,mal_test,bianlian,1,x64,100006,100000,mal_test/bianlian/50c86fb27bed1962903a5f9d155544e3fdb859ae19e967a10f0bf3a60bb8954f.asm,50c86fb27bed1962903a5f9d155544e3fdb859ae19e967a10f0bf3a60bb8954f,plain,4,1
c0fe7bfb0d1ffeb61fb9cafeeab79ffd1660ff3637798e315ff15d802a3c974e,mal_test,bianlian,1,x64,100004,100000,mal_test/bianlian/c0fe7bfb0d1ffeb61fb9cafeeab79ffd1660ff3637798e315ff15d802a3c974e.asm,c0fe7bfb0d1ffeb61fb9cafeeab79ffd1660ff3637798e315ff15d802a3c974e,plain,2,1
cd17afd9115b2d83e948a1bcabf508f42d0fe7edb56cc62f5cc467c938e45033,mal_test,bianlian,1,x64,100006,100000,mal_test/bianlian/cd17afd9115b2d83e948a1bcabf508f42d0fe7edb56cc62f5cc467c938e45033.asm,cd17afd9115b2d83e948a1bcabf508f42d0fe7edb56cc62f5cc467c938e45033,plain,4,1
d602562ba7273695df9248a8590b510ccd49fefb97f5c75d485895abba13418d,mal_test,bianlian,1,x64,100006,100000,mal_test/bianlian/d602562ba7273695df9248a8590b510ccd49fefb97f5c75d485895abba13418d.asm,d602562ba7273695df9248a8590b510ccd49fefb97f5c75d485895abba13418d,plain,4,1
da7a959ae7ea237bb6cd913119a35baa43a68e375f892857f6d77eaa62aabbaf,mal_test,bianlian,1,x64,100005,100000,mal_test/bianlian/da7a959ae7ea237bb6cd913119a35baa43a68e375f892857f6d77eaa62aabbaf.asm,da7a959ae7ea237bb6cd913119a35baa43a68e375f892857f6d77eaa62aabbaf,plain,3,1
eaf5e26c5e73f3db82cd07ea45e4d244ccb3ec3397ab5263a1a74add7bbcb6e2,mal_test,bianlian,1,x64,100003,100000,mal_test/bianlian/eaf5e26c5e73f3db82cd07ea45e4d244ccb3ec3397ab5263a1a74add7bbcb6e2.asm,eaf5e26c5e73f3db82cd07ea45e4d244ccb3ec3397ab5263a1a74add7bbcb6e2,plain,1,1
f7a3a8734c004682201b8873691d684985329be3fcdba965f268103a086ebaad,mal_test,bianlian,1,x64,100006,100000,mal_test/bianlian/f7a3a8734c004682201b8873691d684985329be3fcdba965f268103a086ebaad.asm,f7a3a8734c004682201b8873691d684985329be3fcdba965f268103a086ebaad,plain,4,1
03309c90e6c60a2e3cd44374efa3003ae10cd9e05ba6a39c77aa5289b32cb969,mal_test,blackbasta,1,x64,100002,100000,mal_test/blackbasta/03309c90e6c60a2e3cd44374efa3003ae10cd9e05ba6a39c77aa5289b32cb969.asm,03309c90e6c60a2e3cd44374efa3003ae10cd9e05ba6a39c77aa5289b32cb969,plain,0,1
15560b1e35a3a8612a7ba91d00dea6b8dd6e4f3f857399c22c0c75377c9b31a2,mal_test,blackbasta,1,x86,3445,3444,mal_test/blackbasta/15560b1e35a3a8612a7ba91d00dea6b8dd6e4f3f857399c22c0c75377c9b31a2.asm,15560b1e35a3a8612a7ba91d00dea6b8dd6e4f3f857399c22c0c75377c9b31a2,plain,0,0
15abbff9fbce7f5782c1654775938dcd2ce0a8ebd683a008547f8a4e421888c4,mal_test,blackbasta,1,x86,100004,100000,mal_test/blackbasta/15abbff9fbce7f5782c1654775938dcd2ce0a8ebd683a008547f8a4e421888c4.asm,15abbff9fbce7f5782c1654775938dcd2ce0a8ebd683a008547f8a4e421888c4,plain,2,1
17205c43189c22dfcb278f5cc45c2562f622b0b6280dcd43cc1d3c274095eb90,mal_test,blackbasta,1,x86,100002,100000,mal_test/blackbasta/17205c43189c22dfcb278f5cc45c2562f622b0b6280dcd43cc1d3c274095eb90.asm,17205c43189c22dfcb278f5cc45c2562f622b0b6280dcd43cc1d3c274095eb90,plain,0,1
1bb7e645d4ff753157bbdd78829276356cb6660a767ab7158fc7dec3fe8b0e2f,mal_test,blackbasta,1,x86,5975,5974,mal_test/blackbasta/1bb7e645d4ff753157bbdd78829276356cb6660a767ab7158fc7dec3fe8b0e2f.asm,1bb7e645d4ff753157bbdd78829276356cb6660a767ab7158fc7dec3fe8b0e2f,plain,0,0
203d2807df6ef531efbec7bfd109986de3e23df64c01ea4e337cbe5ba675248b,mal_test,blackbasta,1,x86,100002,100000,mal_test/blackbasta/203d2807df6ef531efbec7bfd109986de3e23df64c01ea4e337cbe5ba675248b.asm,203d2807df6ef531efbec7bfd109986de3e23df64c01ea4e337cbe5ba675248b,plain,0,1
2327018dab0e3beaed2123bcb5392405ab1e502dfa72a5a32c2c164346bb9bc6,mal_test,blackbasta,1,x86,5523,5522,mal_test/blackbasta/2327018dab0e3beaed2123bcb5392405ab1e502dfa72a5a32c2c164346bb9bc6.asm,2327018dab0e3beaed2123bcb5392405ab1e502dfa72a5a32c2c164346bb9bc6,plain,0,0
350ba7fca67721c74385faff083914ecdd66ef107a765dfb7ac08b38d5c9c0bd,mal_test,blackbasta,1,x86,27015,27014,mal_test/blackbasta/350ba7fca67721c74385faff083914ecdd66ef107a765dfb7ac08b38d5c9c0bd.asm,350ba7fca67721c74385faff083914ecdd66ef107a765dfb7ac08b38d5c9c0bd,plain,0,0
48976d7bf38cca4e952507e9ab27e3874ca01092eed53d0fde89c5966e9533bb,mal_test,blackbasta,1,x86,100002,100000,mal_test/blackbasta/48976d7bf38cca4e952507e9ab27e3874ca01092eed53d0fde89c5966e9533bb.asm,48976d7bf38cca4e952507e9ab27e3874ca01092eed53d0fde89c5966e9533bb,plain,0,1
5b6c3d277711d9f847be59b16fd08390fc07d3b27c7c6804e2170f456e9f1173,mal_test,blackbasta,1,x86,100002,100000,mal_test/blackbasta/5b6c3d277711d9f847be59b16fd08390fc07d3b27c7c6804e2170f456e9f1173.asm,5b6c3d277711d9f847be59b16fd08390fc07d3b27c7c6804e2170f456e9f1173,plain,0,1
5d2204f3a20e163120f52a2e3595db19890050b2faa96c6cba6b094b0a52b0aa,mal_test,blackbasta,1,x86,100002,100000,mal_test/blackbasta/5d2204f3a20e163120f52a2e3595db19890050b2faa96c6cba6b094b0a52b0aa.asm,5d2204f3a20e163120f52a2e3595db19890050b2faa96c6cba6b094b0a52b0aa,plain,0,1
653da5127b0ecbc5c373ce510c0d5191f61f2df912c9b6f4989aa3775933bc33,mal_test,blackbasta,1,x86,4627,4626,mal_test/blackbasta/653da5127b0ecbc5c373ce510c0d5191f61f2df912c9b6f4989aa3775933bc33.asm,653da5127b0ecbc5c373ce510c0d5191f61f2df912c9b6f4989aa3775933bc33,plain,0,0
699aaea1598a034cde7ed88cd8a8a36fd59447e09bddef566357061774c48a76,mal_test,blackbasta,1,x86,100002,100000,mal_test/blackbasta/699aaea1598a034cde7ed88cd8a8a36fd59447e09bddef566357061774c48a76.asm,699aaea1598a034cde7ed88cd8a8a36fd59447e09bddef566357061774c48a76,plain,0,1
7883f01096db9bcf090c2317749b6873036c27ba92451b212b8645770e1f0b8a,mal_test,blackbasta,1,x86,100002,100000,mal_test/blackbasta/7883f01096db9bcf090c2317749b6873036c27ba92451b212b8645770e1f0b8a.asm,7883f01096db9bcf090c2317749b6873036c27ba92451b212b8645770e1f0b8a,plain,0,1
81515e1c72fadae2c4bb15883e0c1d8979b49fd52d8c65ca03e05a75ca6683c9,mal_test,blackbasta,1,x86,2364,2363,mal_test/blackbasta/81515e1c72fadae2c4bb15883e0c1d8979b49fd52d8c65ca03e05a75ca6683c9.asm,81515e1c72fadae2c4bb15883e0c1d8979b49fd52d8c65ca03e05a75ca6683c9,plain,0,0
856b5dc509c17f5be68186b6a8ab272fc0dd12000c978548d8488ee997b015e5,mal_test,blackbasta,1,x86,94053,94046,mal_test/blackbasta/856b5dc509c17f5be68186b6a8ab272fc0dd12000c978548d8488ee997b015e5.asm,856b5dc509c17f5be68186b6a8ab272fc0dd12000c978548d8488ee997b015e5,plain,6,0
9a55f55886285eef7ffabdd55c0232d1458175b1d868c03d3e304ce7d98980bc,mal_test,blackbasta,1,x86,100002,100000,mal_test/blackbasta/9a55f55886285eef7ffabdd55c0232d1458175b1d868c03d3e304ce7d98980bc.asm,9a55f55886285eef7ffabdd55c0232d1458175b1d868c03d3e304ce7d98980bc,plain,0,1
9b57d94b33cd712bf409e0128f26a75d2d9746ef65012ce6cd72caf47650d2a6,mal_test,blackbasta,1,x86,3337,3336,mal_test/blackbasta/9b57d94b33cd712bf409e0128f26a75d2d9746ef65012ce6cd72caf47650d2a6.asm,9b57d94b33cd712bf409e0128f26a75d2d9746ef65012ce6cd72caf47650d2a6,plain,0,0
9bbe6414ce22cb5e19f294004cb5cdbc883479d99629ddcdb5b70e9806306e42,mal_test,blackbasta,1,x86,61037,61036,mal_test/blackbasta/9bbe6414ce22cb5e19f294004cb5cdbc883479d99629ddcdb5b70e9806306e42.asm,9bbe6414ce22cb5e19f294004cb5cdbc883479d99629ddcdb5b70e9806306e42,plain,0,0
9fce9ee85516533bae34fc1184a7cf31fa9f2c7889b13774f83d1df561708833,mal_test,blackbasta,1,x86,100003,100000,mal_test/blackbasta/9fce9ee85516533bae34fc1184a7cf31fa9f2c7889b13774f83d1df561708833.asm,9fce9ee85516533bae34fc1184a7cf31fa9f2c7889b13774f83d1df561708833,plain,1,1
a083060d38984e7c6f36dcd2c57ec1aa3f50f9c201c8538257c8cbf2b3217e96,mal_test,blackbasta,1,x64,100002,100000,mal_test/blackbasta/a083060d38984e7c6f36dcd2c57ec1aa3f50f9c201c8538257c8cbf2b3217e96.asm,a083060d38984e7c6f36dcd2c57ec1aa3f50f9c201c8538257c8cbf2b3217e96,plain,0,1
df21822582a5519efcd7347e4faa365aafa6feaf2892c7f2f2bf1abeac104e2d,mal_test,blackbasta,1,x86,22807,22806,mal_test/blackbasta/df21822582a5519efcd7347e4faa365aafa6feaf2892c7f2f2bf1abeac104e2d.asm,a9503a3d998e705c37d3bec7fea0ff188bcf7e753833c8b4b195e590c4ed9625,plain,0,0
ae7c868713e1d02b4db60128c651eb1e3f6a33c02544cc4cb57c3aa6c6581b6e,mal_test,blackbasta,1,x86,100002,100000,mal_test/blackbasta/ae7c868713e1d02b4db60128c651eb1e3f6a33c02544cc4cb57c3aa6c6581b6e.asm,ae7c868713e1d02b4db60128c651eb1e3f6a33c02544cc4cb57c3aa6c6581b6e,plain,0,1
affcb453760dbc48b39f8d4defbcc4fc65d00df6fae395ee27f031c1833abada,mal_test,blackbasta,1,x86,100002,100000,mal_test/blackbasta/affcb453760dbc48b39f8d4defbcc4fc65d00df6fae395ee27f031c1833abada.asm,affcb453760dbc48b39f8d4defbcc4fc65d00df6fae395ee27f031c1833abada,plain,0,1
c4c8be0c939e4c24e11bad90549e3951b7969e78056d819425ca53e87af8d8ed,mal_test,blackbasta,1,x86,10288,10287,mal_test/blackbasta/c4c8be0c939e4c24e11bad90549e3951b7969e78056d819425ca53e87af8d8ed.asm,c4c8be0c939e4c24e11bad90549e3951b7969e78056d819425ca53e87af8d8ed,plain,0,0
c532d28f9700abba1a4803c3a9d886c8c4fb26f84cf2399c533d68cfdcec4fa7,mal_test,blackbasta,1,x86,22807,22806,mal_test/blackbasta/c532d28f9700abba1a4803c3a9d886c8c4fb26f84cf2399c533d68cfdcec4fa7.asm,c532d28f9700abba1a4803c3a9d886c8c4fb26f84cf2399c533d68cfdcec4fa7,plain,0,0
cce74c82a718be7484abf7c51011793f2717cfb2068c92aa35416a93cbd13cfa,mal_test,blackbasta,1,x86,100002,100000,mal_test/blackbasta/cce74c82a718be7484abf7c51011793f2717cfb2068c92aa35416a93cbd13cfa.asm,cce74c82a718be7484abf7c51011793f2717cfb2068c92aa35416a93cbd13cfa,plain,0,1
d943a4aabd76582218fd1a9a0a77b2f6a6715b198f9994f0feae6f249b40fdf9,mal_test,blackbasta,1,x86,100004,100000,mal_test/blackbasta/d943a4aabd76582218fd1a9a0a77b2f6a6715b198f9994f0feae6f249b40fdf9.asm,d943a4aabd76582218fd1a9a0a77b2f6a6715b198f9994f0feae6f249b40fdf9,plain,2,1
e28188e516db1bda9015c30de59a2e91996b67c2e2b44989a6b0f562577fd757,mal_test,blackbasta,1,x86,13855,13854,mal_test/blackbasta/e28188e516db1bda9015c30de59a2e91996b67c2e2b44989a6b0f562577fd757.asm,e28188e516db1bda9015c30de59a2e91996b67c2e2b44989a6b0f562577fd757,plain,0,0
e9fefd053b8c77c7db13d528b97d2b974dfd86775a8cc9c53b8efdb07db8842c,mal_test,blackbasta,1,x64,76549,76542,mal_test/blackbasta/e9fefd053b8c77c7db13d528b97d2b974dfd86775a8cc9c53b8efdb07db8842c.asm,e9fefd053b8c77c7db13d528b97d2b974dfd86775a8cc9c53b8efdb07db8842c,plain,6,0
0b102d8ac22224747d38c9fbf2c91579abae050357f0a1d01fac1ec1315ad291,mal_test,blackbyte,1,x64,100002,100000,mal_test/blackbyte/0b102d8ac22224747d38c9fbf2c91579abae050357f0a1d01fac1ec1315ad291.asm,0b102d8ac22224747d38c9fbf2c91579abae050357f0a1d01fac1ec1315ad291,plain,0,1
44a5e78fce5455579123af23665262b10165ac710a9f7538b764af76d7771550,mal_test,blackbyte,1,x64,100002,100000,mal_test/blackbyte/44a5e78fce5455579123af23665262b10165ac710a9f7538b764af76d7771550.asm,1df11bc19aa52b623bdf15380e3fded56d8eb6fb7b53a2240779864b1a6474ad,plain,0,1
6f36a4a1364cfb063a0463d9e1287248700ccf1e0d8e280e034b02cf3db3c442,mal_test,blackbyte,1,x64,100002,100000,mal_test/blackbyte/6f36a4a1364cfb063a0463d9e1287248700ccf1e0d8e280e034b02cf3db3c442.asm,388163c9ec1458c779849db891e17efb16a941ca598c4c3ac3a50a77086beb69,plain,0,1
938a0841b643da4d0e04848b04b7f735c64e05ce45b5118618c6af685d651f08,mal_test,blackbyte,1,x64,100002,100000,mal_test/blackbyte/938a0841b643da4d0e04848b04b7f735c64e05ce45b5118618c6af685d651f08.asm,3de8fe5cee8180e93697e4ddca87e721910b9dd922de849cab7b1b3a50e54a00,plain,0,1
8450ca5ae10e3f959eede67d21621f80fd0b0ff913a5468aef4304d5f99a77fc,mal_test,blackbyte,1,x64,100002,100000,mal_test/blackbyte/8450ca5ae10e3f959eede67d21621f80fd0b0ff913a5468aef4304d5f99a77fc.asm,534f5fbb7669803812781e43c30083e9197d03f97f0d860ae7d9a59c0484ace4,plain,0,1
70e861184ba4bf7b1f5aa549b15b0207519f9b7ecd4ecdeaf99af832f88285a5,mal_test,blackbyte,1,x64,100002,100000,mal_test/blackbyte/70e861184ba4bf7b1f5aa549b15b0207519f9b7ecd4ecdeaf99af832f88285a5.asm,70e861184ba4bf7b1f5aa549b15b0207519f9b7ecd4ecdeaf99af832f88285a5,plain,0,1
9103194d32a15ea9e8ede1c81960a5ba5d21213de55df52a6dac409f2e58bcfe,mal_test,blackbyte,1,x64,113138,100000,mal_test/blackbyte/9103194d32a15ea9e8ede1c81960a5ba5d21213de55df52a6dac409f2e58bcfe.asm,9103194d32a15ea9e8ede1c81960a5ba5d21213de55df52a6dac409f2e58bcfe,packed_other,13136,1
e434ec347a8ea1f0712561bccf0153468a943e16d2cd792fbc72720bd0a8002e,mal_test,blackbyte,1,x64,113226,100000,mal_test/blackbyte/e434ec347a8ea1f0712561bccf0153468a943e16d2cd792fbc72720bd0a8002e.asm,e434ec347a8ea1f0712561bccf0153468a943e16d2cd792fbc72720bd0a8002e,packed_other,13224,1
13581edc2d33951db376e3a5f5f1fb89fee309450cc2248ebbd3b5560b9c3081,mal_test,blackbyte,1,x64,100002,100000,mal_test/blackbyte/13581edc2d33951db376e3a5f5f1fb89fee309450cc2248ebbd3b5560b9c3081.asm,ffc4d94a26ea7bcf48baffd96d33d3c3d53df1bb2c59567f6d04e02e7e2e5aaa,plain,0,1
1048a41107f4d9a68c1f5fc0b99ac75dc198047f18bb6e50f3d462f262b8f6cd,mal_test,blackcat,1,x86,100004,100000,mal_test/blackcat/1048a41107f4d9a68c1f5fc0b99ac75dc198047f18bb6e50f3d462f262b8f6cd.asm,1048a41107f4d9a68c1f5fc0b99ac75dc198047f18bb6e50f3d462f262b8f6cd,plain,2,1
12138a12e35563461860d8c39d80e7cbf80aced9a3f197bf7e6a452a70e07048,mal_test,blackcat,1,x86,100007,100000,mal_test/blackcat/12138a12e35563461860d8c39d80e7cbf80aced9a3f197bf7e6a452a70e07048.asm,12138a12e35563461860d8c39d80e7cbf80aced9a3f197bf7e6a452a70e07048,plain,5,1
13828b390d5f58b002e808c2c4f02fdd920e236cc8015480fa33b6c1a9300e31,mal_test,blackcat,1,x86,100003,100000,mal_test/blackcat/13828b390d5f58b002e808c2c4f02fdd920e236cc8015480fa33b6c1a9300e31.asm,13828b390d5f58b002e808c2c4f02fdd920e236cc8015480fa33b6c1a9300e31,plain,1,1
15b57c1b68cd6ce3c161042e0f3be9f32d78151fe95461eedc59a79fc222c7ed,mal_test,blackcat,1,x86,100003,100000,mal_test/blackcat/15b57c1b68cd6ce3c161042e0f3be9f32d78151fe95461eedc59a79fc222c7ed.asm,15b57c1b68cd6ce3c161042e0f3be9f32d78151fe95461eedc59a79fc222c7ed,plain,1,1
1e8696116c400742d13d6dfcad676badee68eac4a42a0693556f5dcfa82d0a46,mal_test,blackcat,1,x86,100007,100000,mal_test/blackcat/1e8696116c400742d13d6dfcad676badee68eac4a42a0693556f5dcfa82d0a46.asm,1e8696116c400742d13d6dfcad676badee68eac4a42a0693556f5dcfa82d0a46,plain,5,1
214ea9347df948e515af3f0ed446722e36f011e8cd34a221eb6e506269b955f3,mal_test,blackcat,1,x86,100007,100000,mal_test/blackcat/214ea9347df948e515af3f0ed446722e36f011e8cd34a221eb6e506269b955f3.asm,214ea9347df948e515af3f0ed446722e36f011e8cd34a221eb6e506269b955f3,plain,5,1
25364fb9f14a97437eb079e0778f724f3817faa7d23de316b2eca11bdae1e343,mal_test,blackcat,1,x86,100004,100000,mal_test/blackcat/25364fb9f14a97437eb079e0778f724f3817faa7d23de316b2eca11bdae1e343.asm,25364fb9f14a97437eb079e0778f724f3817faa7d23de316b2eca11bdae1e343,plain,2,1
32304c278117353bd112132323055e113b62182d1efcc83abec1e736cf8da9e1,mal_test,blackcat,1,x86,100007,100000,mal_test/blackcat/32304c278117353bd112132323055e113b62182d1efcc83abec1e736cf8da9e1.asm,32304c278117353bd112132323055e113b62182d1efcc83abec1e736cf8da9e1,plain,5,1
3850817e83a1cf4195920110bb2995a0386fdaeacbf81e13f52bdb3d124911f5,mal_test,blackcat,1,x86,100002,100000,mal_test/blackcat/3850817e83a1cf4195920110bb2995a0386fdaeacbf81e13f52bdb3d124911f5.asm,3850817e83a1cf4195920110bb2995a0386fdaeacbf81e13f52bdb3d124911f5,plain,0,1
3a96c3075b8494fe6a76c6325946ab3f200e75ce26ad886446ea1394b5ac6ba1,mal_test,blackcat,1,x86,100007,100000,mal_test/blackcat/3a96c3075b8494fe6a76c6325946ab3f200e75ce26ad886446ea1394b5ac6ba1.asm,3a96c3075b8494fe6a76c6325946ab3f200e75ce26ad886446ea1394b5ac6ba1,plain,5,1
3b18241ac1018db1c2fb5c9e8306490bcafb373c852f1c5ebae65c672632a620,mal_test,blackcat,1,x86,100002,100000,mal_test/blackcat/3b18241ac1018db1c2fb5c9e8306490bcafb373c852f1c5ebae65c672632a620.asm,3b18241ac1018db1c2fb5c9e8306490bcafb373c852f1c5ebae65c672632a620,plain,0,1
3c8ad2dae0b1bb536925b4e8d5a87e77c6134371eada2c7628358d6c6d3083dc,mal_test,blackcat,1,x86,100003,100000,mal_test/blackcat/3c8ad2dae0b1bb536925b4e8d5a87e77c6134371eada2c7628358d6c6d3083dc.asm,3c8ad2dae0b1bb536925b4e8d5a87e77c6134371eada2c7628358d6c6d3083dc,plain,1,1
3de2a56cc13e85bc214d583dbd101857a129b796dae0c499fb5045a1508231ef,mal_test,blackcat,1,x86,100002,100000,mal_test/blackcat/3de2a56cc13e85bc214d583dbd101857a129b796dae0c499fb5045a1508231ef.asm,3de2a56cc13e85bc214d583dbd101857a129b796dae0c499fb5045a1508231ef,plain,0,1
3ed830b0803b63aca0a82661475c863801afd2e2b03c2675b05019d55f25a1f4,mal_test,blackcat,1,x86,100002,100000,mal_test/blackcat/3ed830b0803b63aca0a82661475c863801afd2e2b03c2675b05019d55f25a1f4.asm,3ed830b0803b63aca0a82661475c863801afd2e2b03c2675b05019d55f25a1f4,plain,0,1
4fea41b61b2bd700fc6613c18c05aeb4df37bcbe777868081b0ed1076ee7aacb,mal_test,blackcat,1,x86,100007,100000,mal_test/blackcat/4fea41b61b2bd700fc6613c18c05aeb4df37bcbe777868081b0ed1076ee7aacb.asm,4fea41b61b2bd700fc6613c18c05aeb4df37bcbe777868081b0ed1076ee7aacb,plain,5,1
59868f4b346bd401e067380cac69080709c86e06fae219bfb5bc17605a71ab3f,mal_test,blackcat,1,x86,100004,100000,mal_test/blackcat/59868f4b346bd401e067380cac69080709c86e06fae219bfb5bc17605a71ab3f.asm,59868f4b346bd401e067380cac69080709c86e06fae219bfb5bc17605a71ab3f,plain,2,1
5a604a8f0e72f3bf7901b7b67f881031a402ab8072269c00233a554df548f54d,mal_test,blackcat,1,x86,100003,100000,mal_test/blackcat/5a604a8f0e72f3bf7901b7b67f881031a402ab8072269c00233a554df548f54d.asm,5a604a8f0e72f3bf7901b7b67f881031a402ab8072269c00233a554df548f54d,plain,1,1
655abd0b5067ec53b25ea387c9aebe0fbafd5209e53bc7447c7d7425cb76b175,mal_test,blackcat,1,x86,100004,100000,mal_test/blackcat/655abd0b5067ec53b25ea387c9aebe0fbafd5209e53bc7447c7d7425cb76b175.asm,655abd0b5067ec53b25ea387c9aebe0fbafd5209e53bc7447c7d7425cb76b175,plain,2,1
6660d0e87a142ab1bde4521d9c6f5e148490b05a57c71122e28280b35452e896,mal_test,blackcat,1,x86,100002,100000,mal_test/blackcat/6660d0e87a142ab1bde4521d9c6f5e148490b05a57c71122e28280b35452e896.asm,6660d0e87a142ab1bde4521d9c6f5e148490b05a57c71122e28280b35452e896,plain,0,1
67d1f4077e929385cfd869bf279892bf10a2c8f0af4119e4bc15a2add9461fec,mal_test,blackcat,1,x86,100003,100000,mal_test/blackcat/67d1f4077e929385cfd869bf279892bf10a2c8f0af4119e4bc15a2add9461fec.asm,67d1f4077e929385cfd869bf279892bf10a2c8f0af4119e4bc15a2add9461fec,plain,1,1
6dd995d896a9a593b2c48d09da60bd83866d8577273f36d38788d83ad8173e68,mal_test,blackcat,1,x86,100007,100000,mal_test/blackcat/6dd995d896a9a593b2c48d09da60bd83866d8577273f36d38788d83ad8173e68.asm,6dd995d896a9a593b2c48d09da60bd83866d8577273f36d38788d83ad8173e68,plain,5,1
731adcf2d7fb61a8335e23dbee2436249e5d5753977ec465754c6b699e9bf161,mal_test,blackcat,1,x86,100004,100000,mal_test/blackcat/731adcf2d7fb61a8335e23dbee2436249e5d5753977ec465754c6b699e9bf161.asm,731adcf2d7fb61a8335e23dbee2436249e5d5753977ec465754c6b699e9bf161,plain,2,1
74abc075fc1d5c8985c952afc25a48ba874e76f96af4dc33414e84db9e10b9ee,mal_test,blackcat,1,x86,100004,100000,mal_test/blackcat/74abc075fc1d5c8985c952afc25a48ba874e76f96af4dc33414e84db9e10b9ee.asm,74abc075fc1d5c8985c952afc25a48ba874e76f96af4dc33414e84db9e10b9ee,plain,2,1
79802d6a6be8433720857d2b53b46f8011ec734a237aae1c3c1fea50ff683c13,mal_test,blackcat,1,x86,100003,100000,mal_test/blackcat/79802d6a6be8433720857d2b53b46f8011ec734a237aae1c3c1fea50ff683c13.asm,79802d6a6be8433720857d2b53b46f8011ec734a237aae1c3c1fea50ff683c13,plain,1,1
7b2449bb8be1b37a9d580c2592a67a759a3116fe640041d0f36dc93ca3db4487,mal_test,blackcat,1,x86,100004,100000,mal_test/blackcat/7b2449bb8be1b37a9d580c2592a67a759a3116fe640041d0f36dc93ca3db4487.asm,7b2449bb8be1b37a9d580c2592a67a759a3116fe640041d0f36dc93ca3db4487,plain,2,1
7bb383b31d1b415bc067e612203cc6bda53e914f7ca5291299e92f59d47cabf8,mal_test,blackcat,1,x86,100003,100000,mal_test/blackcat/7bb383b31d1b415bc067e612203cc6bda53e914f7ca5291299e92f59d47cabf8.asm,7bb383b31d1b415bc067e612203cc6bda53e914f7ca5291299e92f59d47cabf8,plain,1,1
82479ba19531a5b3f108f21f939190de2073395a708bb4446d6acc398518b802,mal_test,blackcat,1,x86,100007,100000,mal_test/blackcat/82479ba19531a5b3f108f21f939190de2073395a708bb4446d6acc398518b802.asm,82479ba19531a5b3f108f21f939190de2073395a708bb4446d6acc398518b802,plain,5,1
87a14583b72250a660b74f1e475a268f95285820d72fbd5115f1b8c6ec787a9a,mal_test,blackcat,1,x86,100007,100000,mal_test/blackcat/87a14583b72250a660b74f1e475a268f95285820d72fbd5115f1b8c6ec787a9a.asm,87a14583b72250a660b74f1e475a268f95285820d72fbd5115f1b8c6ec787a9a,plain,5,1
8a22a91c931ac80ca91cf91fef678c4bee00e3eb5ad24f209bc8595e012ba5b0,mal_test,blackcat,1,x86,100007,100000,mal_test/blackcat/8a22a91c931ac80ca91cf91fef678c4bee00e3eb5ad24f209bc8595e012ba5b0.asm,8a22a91c931ac80ca91cf91fef678c4bee00e3eb5ad24f209bc8595e012ba5b0,plain,5,1
942946c6ae139b1f1efc91262f91034542eb75b80c3c66c10d69dda014d706d6,mal_test,blackcat,1,x86,100002,100000,mal_test/blackcat/942946c6ae139b1f1efc91262f91034542eb75b80c3c66c10d69dda014d706d6.asm,942946c6ae139b1f1efc91262f91034542eb75b80c3c66c10d69dda014d706d6,plain,0,1
94e56379b7a31b01cf826076a74fc4ddb7f86f7991a6f58300f28712d484aa33,mal_test,blackcat,1,x86,100007,100000,mal_test/blackcat/94e56379b7a31b01cf826076a74fc4ddb7f86f7991a6f58300f28712d484aa33.asm,94e56379b7a31b01cf826076a74fc4ddb7f86f7991a6f58300f28712d484aa33,plain,5,1
99d09068ac1b9d6db4f8bcff698ffff8e112a506c0f01afff460c5a3b1393ef8,mal_test,blackcat,1,x86,100007,100000,mal_test/blackcat/99d09068ac1b9d6db4f8bcff698ffff8e112a506c0f01afff460c5a3b1393ef8.asm,99d09068ac1b9d6db4f8bcff698ffff8e112a506c0f01afff460c5a3b1393ef8,plain,5,1
9f6876762614e407d0ee6005f165dd4bbd12cb21986abc4a3a5c7dc6271fcdc3,mal_test,blackcat,1,x86,100003,100000,mal_test/blackcat/9f6876762614e407d0ee6005f165dd4bbd12cb21986abc4a3a5c7dc6271fcdc3.asm,9f6876762614e407d0ee6005f165dd4bbd12cb21986abc4a3a5c7dc6271fcdc3,plain,1,1
9fb1067dd3edf3d517517e9c191f3f07067bf30aa034a36ebf6543d83cea5ec1,mal_test,blackcat,1,x86,100002,100000,mal_test/blackcat/9fb1067dd3edf3d517517e9c191f3f07067bf30aa034a36ebf6543d83cea5ec1.asm,9fb1067dd3edf3d517517e9c191f3f07067bf30aa034a36ebf6543d83cea5ec1,plain,0,1
a15f278540238f0308608e76a76c01c60e04f5e5bbe9ffce5455f2e965574a12,mal_test,blackcat,1,x86,100002,100000,mal_test/blackcat/a15f278540238f0308608e76a76c01c60e04f5e5bbe9ffce5455f2e965574a12.asm,a15f278540238f0308608e76a76c01c60e04f5e5bbe9ffce5455f2e965574a12,plain,0,1
acf8884a4bfb9ebfe99ed607c4f1cf625cd705ac4317c092ef6dcca3d47027aa,mal_test,blackcat,1,x86,100007,100000,mal_test/blackcat/acf8884a4bfb9ebfe99ed607c4f1cf625cd705ac4317c092ef6dcca3d47027aa.asm,acf8884a4bfb9ebfe99ed607c4f1cf625cd705ac4317c092ef6dcca3d47027aa,plain,5,1
bacedbb23254934b736a9daf6de52620c9250a49686d519ceaf0a8d25da0a97f,mal_test,blackcat,1,x86,100003,100000,mal_test/blackcat/bacedbb23254934b736a9daf6de52620c9250a49686d519ceaf0a8d25da0a97f.asm,bacedbb23254934b736a9daf6de52620c9250a49686d519ceaf0a8d25da0a97f,plain,1,1
bb6b249336cd7001b1c55d3724b5e35a150e752ed795c36e0d5dcba00eedb62a,mal_test,blackcat,1,x86,100007,100000,mal_test/blackcat/bb6b249336cd7001b1c55d3724b5e35a150e752ed795c36e0d5dcba00eedb62a.asm,bb6b249336cd7001b1c55d3724b5e35a150e752ed795c36e0d5dcba00eedb62a,plain,5,1
bd337d4e83ab1c2cacb43e4569f977d188f1bb7c7a077026304bf186d49d4117,mal_test,blackcat,1,x86,100003,100000,mal_test/blackcat/bd337d4e83ab1c2cacb43e4569f977d188f1bb7c7a077026304bf186d49d4117.asm,bd337d4e83ab1c2cacb43e4569f977d188f1bb7c7a077026304bf186d49d4117,plain,1,1
bd4e603e953d8c7803f3c7d72cd7197d996ab80ce80b9da96a4df7d10969bb55,mal_test,blackcat,1,x86,100007,100000,mal_test/blackcat/bd4e603e953d8c7803f3c7d72cd7197d996ab80ce80b9da96a4df7d10969bb55.asm,bd4e603e953d8c7803f3c7d72cd7197d996ab80ce80b9da96a4df7d10969bb55,plain,5,1
c124dc2c4f82b3258f1538656de8cbd2c5133137cad2d6c7b874de8232763d95,mal_test,blackcat,1,x86,100002,100000,mal_test/blackcat/c124dc2c4f82b3258f1538656de8cbd2c5133137cad2d6c7b874de8232763d95.asm,c124dc2c4f82b3258f1538656de8cbd2c5133137cad2d6c7b874de8232763d95,plain,0,1
c50bca08a8e80850ec18d258ff937b7b72a500d9027c730c86b05aa73c938b5d,mal_test,blackcat,1,x86,100002,100000,mal_test/blackcat/c50bca08a8e80850ec18d258ff937b7b72a500d9027c730c86b05aa73c938b5d.asm,c50bca08a8e80850ec18d258ff937b7b72a500d9027c730c86b05aa73c938b5d,plain,0,1
cefea76dfdbb48cfe1a3db2c8df34e898e29bec9b2c13e79ef40655c637833ae,mal_test,blackcat,1,x86,100004,100000,mal_test/blackcat/cefea76dfdbb48cfe1a3db2c8df34e898e29bec9b2c13e79ef40655c637833ae.asm,cefea76dfdbb48cfe1a3db2c8df34e898e29bec9b2c13e79ef40655c637833ae,plain,2,1
d0e0923cf7f97c86b6cde608bc7a0332d03881e598de7b8e41c114d1576e4534,mal_test,blackcat,1,x86,100002,100000,mal_test/blackcat/d0e0923cf7f97c86b6cde608bc7a0332d03881e598de7b8e41c114d1576e4534.asm,d0e0923cf7f97c86b6cde608bc7a0332d03881e598de7b8e41c114d1576e4534,plain,0,1
d3fd49f8f42fa571209af568a65119433e114bb66da21eda12b96a16b5ebfe21,mal_test,blackcat,1,x86,100004,100000,mal_test/blackcat/d3fd49f8f42fa571209af568a65119433e114bb66da21eda12b96a16b5ebfe21.asm,d3fd49f8f42fa571209af568a65119433e114bb66da21eda12b96a16b5ebfe21,plain,2,1
d767524e1bbb8d50129485ffa667eb1d379c745c30d4588672636998c20f857f,mal_test,blackcat,1,x86,100003,100000,mal_test/blackcat/d767524e1bbb8d50129485ffa667eb1d379c745c30d4588672636998c20f857f.asm,d767524e1bbb8d50129485ffa667eb1d379c745c30d4588672636998c20f857f,plain,1,1
e55cc3426298f9f848849304d10b9222925eb19caebaebaa44dfb85ad2346062,mal_test,blackcat,1,x86,100007,100000,mal_test/blackcat/e55cc3426298f9f848849304d10b9222925eb19caebaebaa44dfb85ad2346062.asm,e55cc3426298f9f848849304d10b9222925eb19caebaebaa44dfb85ad2346062,plain,5,1
e88795f5be1970400521e0041c4603c62ff681f24ac75f926d524d092eecb6ee,mal_test,blackcat,1,x86,100007,100000,mal_test/blackcat/e88795f5be1970400521e0041c4603c62ff681f24ac75f926d524d092eecb6ee.asm,e88795f5be1970400521e0041c4603c62ff681f24ac75f926d524d092eecb6ee,plain,5,1
f2b3f1ed693021b20f456a058b86b08abfc4876c7a3ae18aea6e95567fd55b2e,mal_test,blackcat,1,x86,100002,100000,mal_test/blackcat/f2b3f1ed693021b20f456a058b86b08abfc4876c7a3ae18aea6e95567fd55b2e.asm,f2b3f1ed693021b20f456a058b86b08abfc4876c7a3ae18aea6e95567fd55b2e,plain,0,1
f837f1cd60e9941aa60f7be50a8f2aaaac380f560db8ee001408f35c1b7a97cb,mal_test,blackcat,1,x86,100004,100000,mal_test/blackcat/f837f1cd60e9941aa60f7be50a8f2aaaac380f560db8ee001408f35c1b7a97cb.asm,f837f1cd60e9941aa60f7be50a8f2aaaac380f560db8ee001408f35c1b7a97cb,plain,2,1
06ad123df8f3fcc6ca4785c0b52fc57e6e54f44e403fca2fdbd339580d3c53b0,mal_test,bluesky,1,x86,23687,23674,mal_test/bluesky/06ad123df8f3fcc6ca4785c0b52fc57e6e54f44e403fca2fdbd339580d3c53b0.asm,06ad123df8f3fcc6ca4785c0b52fc57e6e54f44e403fca2fdbd339580d3c53b0,plain,12,0
11ae63b3a7caac549374aaa3c7fea9cba7f23ae83118745fee0a4157f61156f2,mal_test,bluesky,1,x86,23380,23367,mal_test/bluesky/11ae63b3a7caac549374aaa3c7fea9cba7f23ae83118745fee0a4157f61156f2.asm,11ae63b3a7caac549374aaa3c7fea9cba7f23ae83118745fee0a4157f61156f2,plain,12,0
11e409f8b0799cd64c53d40ff10cbc639a1f85cd5ba6544fe42689a96302cc2e,mal_test,bluesky,1,x86,25502,25488,mal_test/bluesky/11e409f8b0799cd64c53d40ff10cbc639a1f85cd5ba6544fe42689a96302cc2e.asm,11e409f8b0799cd64c53d40ff10cbc639a1f85cd5ba6544fe42689a96302cc2e,plain,13,0
18329783ad51783d679aec6111ca171eb1176f8fa866949a5267009c14605aa6,mal_test,bluesky,1,x86,23380,23367,mal_test/bluesky/18329783ad51783d679aec6111ca171eb1176f8fa866949a5267009c14605aa6.asm,18329783ad51783d679aec6111ca171eb1176f8fa866949a5267009c14605aa6,plain,12,0
1b44b3e401f26547ee820bc0fe90904c55ec59d74e4385fe5bdd1826738fa9e6,mal_test,bluesky,1,x86,25502,25488,mal_test/bluesky/1b44b3e401f26547ee820bc0fe90904c55ec59d74e4385fe5bdd1826738fa9e6.asm,1b44b3e401f26547ee820bc0fe90904c55ec59d74e4385fe5bdd1826738fa9e6,plain,13,0
2176a3cdf5db56f5dcab475f362d459d4b2b3dafc3c146caaf3100009d0c8a5f,mal_test,bluesky,1,x86,23380,23367,mal_test/bluesky/2176a3cdf5db56f5dcab475f362d459d4b2b3dafc3c146caaf3100009d0c8a5f.asm,2176a3cdf5db56f5dcab475f362d459d4b2b3dafc3c146caaf3100009d0c8a5f,plain,12,0
2280898cb29faf1785e782596d8029cb471537ec38352e5c17cc263f1f52b8ef,mal_test,bluesky,1,x86,23380,23367,mal_test/bluesky/2280898cb29faf1785e782596d8029cb471537ec38352e5c17cc263f1f52b8ef.asm,2280898cb29faf1785e782596d8029cb471537ec38352e5c17cc263f1f52b8ef,plain,12,0
22a020af0e4be83dea45c0700d065d9ae64630748c02b58397f6c6d91c3efb0d,mal_test,bluesky,1,x86,25502,25488,mal_test/bluesky/22a020af0e4be83dea45c0700d065d9ae64630748c02b58397f6c6d91c3efb0d.asm,22a020af0e4be83dea45c0700d065d9ae64630748c02b58397f6c6d91c3efb0d,plain,13,0
2ee6dfbfb2afd7442c9f2212eb142876698851c3ffb552ee420c0281e35a836e,mal_test,bluesky,1,x86,23380,23367,mal_test/bluesky/2ee6dfbfb2afd7442c9f2212eb142876698851c3ffb552ee420c0281e35a836e.asm,2ee6dfbfb2afd7442c9f2212eb142876698851c3ffb552ee420c0281e35a836e,plain,12,0
311dc38f619f40f06bee5157119ab4b93684924f53e4ff2da34412f9dac111a4,mal_test,bluesky,1,x86,23380,23367,mal_test/bluesky/311dc38f619f40f06bee5157119ab4b93684924f53e4ff2da34412f9dac111a4.asm,311dc38f619f40f06bee5157119ab4b93684924f53e4ff2da34412f9dac111a4,plain,12,0
376fdb43699c90fd6cca2706c14827791137b3a753c7368a202de63f588fdb2f,mal_test,bluesky,1,x86,23380,23367,mal_test/bluesky/376fdb43699c90fd6cca2706c14827791137b3a753c7368a202de63f588fdb2f.asm,376fdb43699c90fd6cca2706c14827791137b3a753c7368a202de63f588fdb2f,plain,12,0
38478119e3344e735cf60442e7528db63046a543a5f422db8f946b2c2693d19a,mal_test,bluesky,1,x86,25502,25488,mal_test/bluesky/38478119e3344e735cf60442e7528db63046a543a5f422db8f946b2c2693d19a.asm,38478119e3344e735cf60442e7528db63046a543a5f422db8f946b2c2693d19a,plain,13,0
3e035f2d7d30869ce53171ef5a0f761bfb9c14d94d9fe6da385e20b8d96dc2fb,mal_test,bluesky,1,x86,23380,23367,mal_test/bluesky/3e035f2d7d30869ce53171ef5a0f761bfb9c14d94d9fe6da385e20b8d96dc2fb.asm,3e035f2d7d30869ce53171ef5a0f761bfb9c14d94d9fe6da385e20b8d96dc2fb,plain,12,0
47971a5a44f487f341d482fdcb91271a2aea4d3eee7191c69568690d2fe9f251,mal_test,bluesky,1,x86,24757,24743,mal_test/bluesky/47971a5a44f487f341d482fdcb91271a2aea4d3eee7191c69568690d2fe9f251.asm,47971a5a44f487f341d482fdcb91271a2aea4d3eee7191c69568690d2fe9f251,plain,13,0
4c752131e47710d47dd0084a22ac03cd5924eb617e97cf895159ae03d86f561e,mal_test,bluesky,1,x86,23380,23367,mal_test/bluesky/4c752131e47710d47dd0084a22ac03cd5924eb617e97cf895159ae03d86f561e.asm,4c752131e47710d47dd0084a22ac03cd5924eb617e97cf895159ae03d86f561e,plain,12,0
4fd0c22d92f8bf7a062497867a802bdbab4c802ac10c8b529fe7f896e7517492,mal_test,bluesky,1,x86,25502,25488,mal_test/bluesky/4fd0c22d92f8bf7a062497867a802bdbab4c802ac10c8b529fe7f896e7517492.asm,4fd0c22d92f8bf7a062497867a802bdbab4c802ac10c8b529fe7f896e7517492,plain,13,0
6e1057e52d296655f932b8a9da7302b31379ce5b9ba4cc32ed3af4c15c7adcf0,mal_test,bluesky,1,x86,23380,23367,mal_test/bluesky/6e1057e52d296655f932b8a9da7302b31379ce5b9ba4cc32ed3af4c15c7adcf0.asm,6e1057e52d296655f932b8a9da7302b31379ce5b9ba4cc32ed3af4c15c7adcf0,plain,12,0
840af927adbfdeb7070e1cf73ed195cf48c8d5f35b6de12f58b73898d7056d3d,mal_test,bluesky,1,x86,23380,23367,mal_test/bluesky/840af927adbfdeb7070e1cf73ed195cf48c8d5f35b6de12f58b73898d7056d3d.asm,840af927adbfdeb7070e1cf73ed195cf48c8d5f35b6de12f58b73898d7056d3d,plain,12,0
8dfd7ee796dd98daefbc1458a34f0460ebd8508df319d44ab48f4cbc579a7f09,mal_test,bluesky,1,x86,23380,23367,mal_test/bluesky/8dfd7ee796dd98daefbc1458a34f0460ebd8508df319d44ab48f4cbc579a7f09.asm,8dfd7ee796dd98daefbc1458a34f0460ebd8508df319d44ab48f4cbc579a7f09,plain,12,0
905de085d2a9ebf553e3325eb9c878b9855f85c10f77e80c46519056658d6bab,mal_test,bluesky,1,x86,23380,23367,mal_test/bluesky/905de085d2a9ebf553e3325eb9c878b9855f85c10f77e80c46519056658d6bab.asm,905de085d2a9ebf553e3325eb9c878b9855f85c10f77e80c46519056658d6bab,plain,12,0
91795d3e8925e647444eb383e52cdc5046db10fa320afc817fab29b085e7d76f,mal_test,bluesky,1,x86,23687,23674,mal_test/bluesky/91795d3e8925e647444eb383e52cdc5046db10fa320afc817fab29b085e7d76f.asm,91795d3e8925e647444eb383e52cdc5046db10fa320afc817fab29b085e7d76f,plain,12,0
94733075d7ccdc9d770f71200e11f84c00b8a529182b504fb997e9b331470f9a,mal_test,bluesky,1,x86,23380,23367,mal_test/bluesky/94733075d7ccdc9d770f71200e11f84c00b8a529182b504fb997e9b331470f9a.asm,94733075d7ccdc9d770f71200e11f84c00b8a529182b504fb997e9b331470f9a,plain,12,0
99828018b3af892707985f6a3f8c3d34ae1d1575fdefd7a05f1e6861181ec1b2,mal_test,bluesky,1,x86,23380,23367,mal_test/bluesky/99828018b3af892707985f6a3f8c3d34ae1d1575fdefd7a05f1e6861181ec1b2.asm,99828018b3af892707985f6a3f8c3d34ae1d1575fdefd7a05f1e6861181ec1b2,plain,12,0
9e302bb7d1031c0b2a4ad6ec955e7d2c0ab9c0d18d56132029c4c6198b91384f,mal_test,bluesky,1,x86,23380,23367,mal_test/bluesky/9e302bb7d1031c0b2a4ad6ec955e7d2c0ab9c0d18d56132029c4c6198b91384f.asm,9e302bb7d1031c0b2a4ad6ec955e7d2c0ab9c0d18d56132029c4c6198b91384f,plain,12,0
afccc93c4122d7e63543fc342a4ba9319c4969797c0c3ed32b944b07c83aea16,mal_test,bluesky,1,x86,23380,23367,mal_test/bluesky/afccc93c4122d7e63543fc342a4ba9319c4969797c0c3ed32b944b07c83aea16.asm,afccc93c4122d7e63543fc342a4ba9319c4969797c0c3ed32b944b07c83aea16,plain,12,0
b39fcf37d9019cc92127ee82c03df5e37aa8238cd76cc6eca2e3d1e7e977fc26,mal_test,bluesky,1,x86,23380,23367,mal_test/bluesky/b39fcf37d9019cc92127ee82c03df5e37aa8238cd76cc6eca2e3d1e7e977fc26.asm,b39fcf37d9019cc92127ee82c03df5e37aa8238cd76cc6eca2e3d1e7e977fc26,plain,12,0
b5b105751a2bf965a6b78eeff100fe4c75282ad6f37f98b9adcd15d8c64283ec,mal_test,bluesky,1,x86,23380,23367,mal_test/bluesky/b5b105751a2bf965a6b78eeff100fe4c75282ad6f37f98b9adcd15d8c64283ec.asm,b5b105751a2bf965a6b78eeff100fe4c75282ad6f37f98b9adcd15d8c64283ec,plain,12,0
baaa0e49398ef681ef71e84a7a86dd2b78f36ac83785e0d9a061067ebaf8b006,mal_test,bluesky,1,x86,23380,23367,mal_test/bluesky/baaa0e49398ef681ef71e84a7a86dd2b78f36ac83785e0d9a061067ebaf8b006.asm,baaa0e49398ef681ef71e84a7a86dd2b78f36ac83785e0d9a061067ebaf8b006,plain,12,0
c0514cd580275b54f5b1d69086c9f415e7afb805479bfea50251e82dc2e60e12,mal_test,bluesky,1,x86,23380,23367,mal_test/bluesky/c0514cd580275b54f5b1d69086c9f415e7afb805479bfea50251e82dc2e60e12.asm,c0514cd580275b54f5b1d69086c9f415e7afb805479bfea50251e82dc2e60e12,plain,12,0
c75748dc544629a8a5d08c0d8ba7fda3508a3efdaed905ad800ffddbc8d3b8df,mal_test,bluesky,1,x86,23380,23367,mal_test/bluesky/c75748dc544629a8a5d08c0d8ba7fda3508a3efdaed905ad800ffddbc8d3b8df.asm,c75748dc544629a8a5d08c0d8ba7fda3508a3efdaed905ad800ffddbc8d3b8df,plain,12,0
d401be3ec0699cfdc1a16a9243ebc25181385e428122b0b1a283b7a8d47dd0bc,mal_test,bluesky,1,x86,23380,23367,mal_test/bluesky/d401be3ec0699cfdc1a16a9243ebc25181385e428122b0b1a283b7a8d47dd0bc.asm,d401be3ec0699cfdc1a16a9243ebc25181385e428122b0b1a283b7a8d47dd0bc,plain,12,0
d4f4069b1c40a5b27ba0bc15c09dceb7035d054a022bb5d558850edfba0b9534,mal_test,bluesky,1,x86,20482,20456,mal_test/bluesky/d4f4069b1c40a5b27ba0bc15c09dceb7035d054a022bb5d558850edfba0b9534.asm,d4f4069b1c40a5b27ba0bc15c09dceb7035d054a022bb5d558850edfba0b9534,plain,25,0
d6386b2747335f7b0d13b1f69d995944ad8e9b71e09b036dbc0b907e583d857a,mal_test,bluesky,1,x86,23380,23367,mal_test/bluesky/d6386b2747335f7b0d13b1f69d995944ad8e9b71e09b036dbc0b907e583d857a.asm,d6386b2747335f7b0d13b1f69d995944ad8e9b71e09b036dbc0b907e583d857a,plain,12,0
e75717be1633b5e3602827dc3b5788ff691dd325b0eddd2d0d9ddcee29de364f,mal_test,bluesky,1,x86,23380,23367,mal_test/bluesky/e75717be1633b5e3602827dc3b5788ff691dd325b0eddd2d0d9ddcee29de364f.asm,e75717be1633b5e3602827dc3b5788ff691dd325b0eddd2d0d9ddcee29de364f,plain,12,0
00e815ade8f3ad89a7726da8edd168df13f96ccb6c3daaf995aa9428bfb9ecf1,mal_test,clop,1,x86,19214,19213,mal_test/clop/00e815ade8f3ad89a7726da8edd168df13f96ccb6c3daaf995aa9428bfb9ecf1.asm,00e815ade8f3ad89a7726da8edd168df13f96ccb6c3daaf995aa9428bfb9ecf1,plain,0,0
04e97922edd766b69fecf42370b52f81fe9efd7927e16eb8374042f565430365,mal_test,clop,1,x86,29556,29552,mal_test/clop/04e97922edd766b69fecf42370b52f81fe9efd7927e16eb8374042f565430365.asm,04e97922edd766b69fecf42370b52f81fe9efd7927e16eb8374042f565430365,plain,3,0
0778c67835cce4819fecc56c1059c791c0cf023a3a2c4db0ac696d1c3966f9e2,mal_test,clop,1,x86,19988,19987,mal_test/clop/0778c67835cce4819fecc56c1059c791c0cf023a3a2c4db0ac696d1c3966f9e2.asm,0778c67835cce4819fecc56c1059c791c0cf023a3a2c4db0ac696d1c3966f9e2,plain,0,0
07d7a103b08ef363d8b8c3c8ce320c8256d45db08c26d440a9a4ca74d7b46e62,mal_test,clop,1,x86,29805,29803,mal_test/clop/07d7a103b08ef363d8b8c3c8ce320c8256d45db08c26d440a9a4ca74d7b46e62.asm,07d7a103b08ef363d8b8c3c8ce320c8256d45db08c26d440a9a4ca74d7b46e62,plain,0,0
09ab880f3021ac2d05e09bebd567ddf5f6f7cfb396573efd819a056931f3b391,mal_test,clop,1,x86,30400,30399,mal_test/clop/09ab880f3021ac2d05e09bebd567ddf5f6f7cfb396573efd819a056931f3b391.asm,09ab880f3021ac2d05e09bebd567ddf5f6f7cfb396573efd819a056931f3b391,plain,0,0
0d19f60423cb2128555e831dc340152f9588c99f3e47d64f0bb4206a6213d579,mal_test,clop,1,x86,85623,85050,mal_test/clop/0d19f60423cb2128555e831dc340152f9588c99f3e47d64f0bb4206a6213d579.asm,0d19f60423cb2128555e831dc340152f9588c99f3e47d64f0bb4206a6213d579,plain,572,0
0e3fd4f37b395b9177ccec786f339dd2dc3a539f69b49ac41e55ca21ead7fe73,mal_test,clop,1,x86,83733,83204,mal_test/clop/0e3fd4f37b395b9177ccec786f339dd2dc3a539f69b49ac41e55ca21ead7fe73.asm,0e3fd4f37b395b9177ccec786f339dd2dc3a539f69b49ac41e55ca21ead7fe73,plain,528,0
111773fea3e49a77d35abfbeffc2b33fd4b0527d36a643f34be123850ae51fb9,mal_test,clop,1,x86,19479,19477,mal_test/clop/111773fea3e49a77d35abfbeffc2b33fd4b0527d36a643f34be123850ae51fb9.asm,111773fea3e49a77d35abfbeffc2b33fd4b0527d36a643f34be123850ae51fb9,plain,1,0
128f74421cf96f74d721c1ba4c65b5ca262b3bdd9f96a90090ae4b2f092bc60f,mal_test,clop,1,x86,83733,83204,mal_test/clop/128f74421cf96f74d721c1ba4c65b5ca262b3bdd9f96a90090ae4b2f092bc60f.asm,128f74421cf96f74d721c1ba4c65b5ca262b3bdd9f96a90090ae4b2f092bc60f,plain,528,0
15f9ed36d9efc6e570b4f506791ce2c6a849853e2f6d587f30fb12d39dba2649,mal_test,clop,1,x86,48839,48838,mal_test/clop/15f9ed36d9efc6e570b4f506791ce2c6a849853e2f6d587f30fb12d39dba2649.asm,15f9ed36d9efc6e570b4f506791ce2c6a849853e2f6d587f30fb12d39dba2649,plain,0,0
1e5a161314bc521356f821200004f9af454ac027e34e25d2961320956be0791b,mal_test,clop,1,x86,18833,18831,mal_test/clop/1e5a161314bc521356f821200004f9af454ac027e34e25d2961320956be0791b.asm,1e5a161314bc521356f821200004f9af454ac027e34e25d2961320956be0791b,plain,1,0
220c50ccf6a9d9727e9f442df42469f027d9f7a2ea833319971746280023bb0c,mal_test,clop,1,x86,19479,19477,mal_test/clop/220c50ccf6a9d9727e9f442df42469f027d9f7a2ea833319971746280023bb0c.asm,220c50ccf6a9d9727e9f442df42469f027d9f7a2ea833319971746280023bb0c,plain,1,0
2f29950640d024779134334cad79e2013871afa08c7be94356694db12ee437e2,mal_test,clop,1,x86,19214,19213,mal_test/clop/2f29950640d024779134334cad79e2013871afa08c7be94356694db12ee437e2.asm,2f29950640d024779134334cad79e2013871afa08c7be94356694db12ee437e2,plain,0,0
3320f11728458d01eef62e10e48897ec1c2277c1fe1aa2d471a16b4dccfc1207,mal_test,clop,1,x86,18324,18323,mal_test/clop/3320f11728458d01eef62e10e48897ec1c2277c1fe1aa2d471a16b4dccfc1207.asm,3320f11728458d01eef62e10e48897ec1c2277c1fe1aa2d471a16b4dccfc1207,plain,0,0
389e03b1a1fd1c527d48df74d3c26a0483a5b105f36841193172f1ee80e62c1b,mal_test,clop,1,x86,7622,7621,mal_test/clop/389e03b1a1fd1c527d48df74d3c26a0483a5b105f36841193172f1ee80e62c1b.asm,389e03b1a1fd1c527d48df74d3c26a0483a5b105f36841193172f1ee80e62c1b,plain,0,0
3d94c4a92382c5c45062d8ea0517be4011be8ba42e9c9a614a99327d0ebdf05b,mal_test,clop,1,x86,8155,8154,mal_test/clop/3d94c4a92382c5c45062d8ea0517be4011be8ba42e9c9a614a99327d0ebdf05b.asm,3d94c4a92382c5c45062d8ea0517be4011be8ba42e9c9a614a99327d0ebdf05b,plain,0,0
428988730867a648960bc25c6b0f73431e9beb028331dfa7b5f5760a5042c12d,mal_test,clop,1,x86,20112,20110,mal_test/clop/428988730867a648960bc25c6b0f73431e9beb028331dfa7b5f5760a5042c12d.asm,428988730867a648960bc25c6b0f73431e9beb028331dfa7b5f5760a5042c12d,plain,1,0
43e633a9a26287e9be7a4788d750258d64612e7b625ab5a3f0a9128469e99c2d,mal_test,clop,1,x86,19479,19477,mal_test/clop/43e633a9a26287e9be7a4788d750258d64612e7b625ab5a3f0a9128469e99c2d.asm,43e633a9a26287e9be7a4788d750258d64612e7b625ab5a3f0a9128469e99c2d,plain,1,0
46cd508b7e77bb2c1d47f7fef0042a13c516f8163f9373ef9dfac180131c65ed,mal_test,clop,1,x86,100006,100000,mal_test/clop/46cd508b7e77bb2c1d47f7fef0042a13c516f8163f9373ef9dfac180131c65ed.asm,46cd508b7e77bb2c1d47f7fef0042a13c516f8163f9373ef9dfac180131c65ed,plain,4,1
4b13034d10c60ae0b507b1c21c52fbc3ec75e827225a86e629ecea5fdfffe609,mal_test,clop,1,x86,21857,21856,mal_test/clop/4b13034d10c60ae0b507b1c21c52fbc3ec75e827225a86e629ecea5fdfffe609.asm,4b13034d10c60ae0b507b1c21c52fbc3ec75e827225a86e629ecea5fdfffe609,plain,0,0
4d8374ad8f1dd3885358fa779f04e5890906de40d084a1aeb4afc1decb116289,mal_test,clop,1,x86,19771,19770,mal_test/clop/4d8374ad8f1dd3885358fa779f04e5890906de40d084a1aeb4afc1decb116289.asm,4d8374ad8f1dd3885358fa779f04e5890906de40d084a1aeb4afc1decb116289,plain,0,0
589152e247730d8bbcb546bb43cc79ad72c0098fd76a1c95224e9b8f5f6b9d15,mal_test,clop,1,x86,22430,22429,mal_test/clop/589152e247730d8bbcb546bb43cc79ad72c0098fd76a1c95224e9b8f5f6b9d15.asm,589152e247730d8bbcb546bb43cc79ad72c0098fd76a1c95224e9b8f5f6b9d15,plain,0,0
64de5359969b2dc8d3aa4d5fd43409defda2c5794a4e89ca7da9396cf4edf279,mal_test,clop,1,x86,18324,18323,mal_test/clop/64de5359969b2dc8d3aa4d5fd43409defda2c5794a4e89ca7da9396cf4edf279.asm,64de5359969b2dc8d3aa4d5fd43409defda2c5794a4e89ca7da9396cf4edf279,plain,0,0
6b3a6afb6edc1c9d36e0793f00be3c0cf6626db26b3cfd31d6a18793453303a7,mal_test,clop,1,x86,19479,19477,mal_test/clop/6b3a6afb6edc1c9d36e0793f00be3c0cf6626db26b3cfd31d6a18793453303a7.asm,6b3a6afb6edc1c9d36e0793f00be3c0cf6626db26b3cfd31d6a18793453303a7,plain,1,0
8209162e0985c360c59c568f2f33de74364f0c5f1e984e5785c64825e8ad9fd0,mal_test,clop,1,x86,15053,15041,mal_test/clop/8209162e0985c360c59c568f2f33de74364f0c5f1e984e5785c64825e8ad9fd0.asm,8209162e0985c360c59c568f2f33de74364f0c5f1e984e5785c64825e8ad9fd0,plain,11,0
85b71784734705f6119cdb59b1122ce721895662a6d98bb01e82de7a4f37a188,mal_test,clop,1,x86,22419,22418,mal_test/clop/85b71784734705f6119cdb59b1122ce721895662a6d98bb01e82de7a4f37a188.asm,85b71784734705f6119cdb59b1122ce721895662a6d98bb01e82de7a4f37a188,plain,0,0
8681d4d20676c19ad62400f47f66146f82b30941937ebf85c1f207257c05cea5,mal_test,clop,1,x86,27738,27733,mal_test/clop/8681d4d20676c19ad62400f47f66146f82b30941937ebf85c1f207257c05cea5.asm,8681d4d20676c19ad62400f47f66146f82b30941937ebf85c1f207257c05cea5,plain,3,0
876202dfc6af9577162ab4ad567e93681d0b1ebde5eacf45c4254a2385f23060,mal_test,clop,1,x86,18833,18831,mal_test/clop/876202dfc6af9577162ab4ad567e93681d0b1ebde5eacf45c4254a2385f23060.asm,876202dfc6af9577162ab4ad567e93681d0b1ebde5eacf45c4254a2385f23060,plain,1,0
8a2dfaffc9420e209f132cdd3aedda4bbc4c18e02c47687006f67c13a36f1dc6,mal_test,clop,1,x86,18324,18323,mal_test/clop/8a2dfaffc9420e209f132cdd3aedda4bbc4c18e02c47687006f67c13a36f1dc6.asm,8a2dfaffc9420e209f132cdd3aedda4bbc4c18e02c47687006f67c13a36f1dc6,plain,0,0
8fb307c24f655cc773d692f1354c4c6e265e5e275f66372e460ca61952e38618,mal_test,clop,1,x86,83733,83204,mal_test/clop/8fb307c24f655cc773d692f1354c4c6e265e5e275f66372e460ca61952e38618.asm,8fb307c24f655cc773d692f1354c4c6e265e5e275f66372e460ca61952e38618,plain,528,0
9322ac5c62ad267bedcbfb7e6736377495a00923531fa244c3a2cc98a990c125,mal_test,clop,1,x86,20337,20336,mal_test/clop/9322ac5c62ad267bedcbfb7e6736377495a00923531fa244c3a2cc98a990c125.asm,9322ac5c62ad267bedcbfb7e6736377495a00923531fa244c3a2cc98a990c125,plain,0,0
968307a367471e25bef58b0d4687ab4fdf34539bbfb603b5b19ae99d4d0c0340,mal_test,clop,1,x86,27746,27744,mal_test/clop/968307a367471e25bef58b0d4687ab4fdf34539bbfb603b5b19ae99d4d0c0340.asm,968307a367471e25bef58b0d4687ab4fdf34539bbfb603b5b19ae99d4d0c0340,plain,0,0
9ff6a067f5f97ce0dd05fc338699875a4e736477bc933b97d24a1416f9fd7644,mal_test,clop,1,x86,30400,30399,mal_test/clop/9ff6a067f5f97ce0dd05fc338699875a4e736477bc933b97d24a1416f9fd7644.asm,9ff6a067f5f97ce0dd05fc338699875a4e736477bc933b97d24a1416f9fd7644,plain,0,0
aaa4f5bb1bd81db677b21938b03b0cd282c200a9cd0d82ef85c83805c9e8e66f,mal_test,clop,1,x86,18324,18323,mal_test/clop/aaa4f5bb1bd81db677b21938b03b0cd282c200a9cd0d82ef85c83805c9e8e66f.asm,aaa4f5bb1bd81db677b21938b03b0cd282c200a9cd0d82ef85c83805c9e8e66f,plain,0,0
c150954e5fdfc100fbb74258cad6ef2595c239c105ff216b1d9a759c0104be04,mal_test,clop,1,x86,19214,19213,mal_test/clop/c150954e5fdfc100fbb74258cad6ef2595c239c105ff216b1d9a759c0104be04.asm,c150954e5fdfc100fbb74258cad6ef2595c239c105ff216b1d9a759c0104be04,plain,0,0
c7e52cc6f1f659ec5d30473e89b7136216de5fbe53ec77a62f1a486d8ffe78ed,mal_test,clop,1,x86,18324,18323,mal_test/clop/c7e52cc6f1f659ec5d30473e89b7136216de5fbe53ec77a62f1a486d8ffe78ed.asm,c7e52cc6f1f659ec5d30473e89b7136216de5fbe53ec77a62f1a486d8ffe78ed,plain,0,0
d0cde86d47219e9c56b717f55dcdb01b0566344c13aa671613598cab427345b9,mal_test,clop,1,x86,83733,83204,mal_test/clop/d0cde86d47219e9c56b717f55dcdb01b0566344c13aa671613598cab427345b9.asm,d0cde86d47219e9c56b717f55dcdb01b0566344c13aa671613598cab427345b9,plain,528,0
e48900dc697582db4655569bb844602ced3ad2b10b507223912048f1f3039ac6,mal_test,clop,1,x86,19214,19213,mal_test/clop/e48900dc697582db4655569bb844602ced3ad2b10b507223912048f1f3039ac6.asm,e48900dc697582db4655569bb844602ced3ad2b10b507223912048f1f3039ac6,plain,0,0
e77c8c7514b36d30d0bf51545fe148ebce3f92adba6748c4de71cc105eb56a9c,mal_test,clop,1,x86,18603,18601,mal_test/clop/e77c8c7514b36d30d0bf51545fe148ebce3f92adba6748c4de71cc105eb56a9c.asm,e77c8c7514b36d30d0bf51545fe148ebce3f92adba6748c4de71cc105eb56a9c,plain,1,0
e7f17df3e41c7ac23d3b979a4dd8e92bdf12e08e8dd064bd8614a415322dc639,mal_test,clop,1,x86,18324,18323,mal_test/clop/e7f17df3e41c7ac23d3b979a4dd8e92bdf12e08e8dd064bd8614a415322dc639.asm,e7f17df3e41c7ac23d3b979a4dd8e92bdf12e08e8dd064bd8614a415322dc639,plain,0,0
e805dd0124b9f062f6b5bc9de627eabc601b9d6e8ffe1d90ee552a1ece598a89,mal_test,clop,1,x86,28500,28499,mal_test/clop/e805dd0124b9f062f6b5bc9de627eabc601b9d6e8ffe1d90ee552a1ece598a89.asm,e805dd0124b9f062f6b5bc9de627eabc601b9d6e8ffe1d90ee552a1ece598a89,plain,0,0
ed3dfa9f2452537d378ead320e1506d392d3f91557d8c52714dfd6024176cf73,mal_test,clop,1,x86,100364,100000,mal_test/clop/ed3dfa9f2452537d378ead320e1506d392d3f91557d8c52714dfd6024176cf73.asm,ed3dfa9f2452537d378ead320e1506d392d3f91557d8c52714dfd6024176cf73,plain,362,1
ee83fd9b8368bd4d2cdbebdccfdb41373c3c490d9c5b8d17530990e084131f29,mal_test,clop,1,x86,18324,18323,mal_test/clop/ee83fd9b8368bd4d2cdbebdccfdb41373c3c490d9c5b8d17530990e084131f29.asm,ee83fd9b8368bd4d2cdbebdccfdb41373c3c490d9c5b8d17530990e084131f29,plain,0,0
f55e4553ed04f085bc5b93cf7e5386c3d938abcb13a95ef1d2c3f8b21c454db8,mal_test,clop,1,x86,79405,79392,mal_test/clop/f55e4553ed04f085bc5b93cf7e5386c3d938abcb13a95ef1d2c3f8b21c454db8.asm,f55e4553ed04f085bc5b93cf7e5386c3d938abcb13a95ef1d2c3f8b21c454db8,plain,12,0
ff2811f8085bde8751d340bb731c83486b62f80850ceffdb594526da8945ce57,mal_test,clop,1,x86,22755,22754,mal_test/clop/ff2811f8085bde8751d340bb731c83486b62f80850ceffdb594526da8945ce57.asm,ff2811f8085bde8751d340bb731c83486b62f80850ceffdb594526da8945ce57,plain,0,0
05ae137c49d99b41296d91667f040082fc33d6f28acbccdc28cfbedf59f6f75b,mal_test,hive,1,x64,100002,100000,mal_test/hive/05ae137c49d99b41296d91667f040082fc33d6f28acbccdc28cfbedf59f6f75b.asm,05ae137c49d99b41296d91667f040082fc33d6f28acbccdc28cfbedf59f6f75b,plain,0,1
06173ef5e0646e104caad18a0f849975dfcddf6c292edfa4c2980b8947502ac8,mal_test,hive,1,x64,100002,100000,mal_test/hive/06173ef5e0646e104caad18a0f849975dfcddf6c292edfa4c2980b8947502ac8.asm,06173ef5e0646e104caad18a0f849975dfcddf6c292edfa4c2980b8947502ac8,plain,0,1
065208b037a2691eb75a14f97bdbd9914122655d42f6249d2cca419a1e4ba6f1,mal_test,hive,1,x64,83895,82580,mal_test/hive/065208b037a2691eb75a14f97bdbd9914122655d42f6249d2cca419a1e4ba6f1.asm,065208b037a2691eb75a14f97bdbd9914122655d42f6249d2cca419a1e4ba6f1,plain,1314,0
08661aa84e59af054e1e7bcde2340b9b7ce83768273999c9ad055e6b6cbd4977,mal_test,hive,1,x64,100002,100000,mal_test/hive/08661aa84e59af054e1e7bcde2340b9b7ce83768273999c9ad055e6b6cbd4977.asm,08661aa84e59af054e1e7bcde2340b9b7ce83768273999c9ad055e6b6cbd4977,plain,0,1
0b71b4195c1dd5febd1bf22f62834c471e3c55f76ffa15d536b245652654ed94,mal_test,hive,1,x86,98203,98199,mal_test/hive/0b71b4195c1dd5febd1bf22f62834c471e3c55f76ffa15d536b245652654ed94.asm,0b71b4195c1dd5febd1bf22f62834c471e3c55f76ffa15d536b245652654ed94,plain,3,0
15a290552f9cdc38b18e6c0babe7fdd52ff8abfa73ff823220fa994e7f023dc0,mal_test,hive,1,x64,82453,81204,mal_test/hive/15a290552f9cdc38b18e6c0babe7fdd52ff8abfa73ff823220fa994e7f023dc0.asm,15a290552f9cdc38b18e6c0babe7fdd52ff8abfa73ff823220fa994e7f023dc0,plain,1248,0
1613ba0352b2e9b8d40d001de73c0b747413fae95707f646ac8ad9e3c2f9dce7,mal_test,hive,1,x64,100599,100000,mal_test/hive/1613ba0352b2e9b8d40d001de73c0b747413fae95707f646ac8ad9e3c2f9dce7.asm,1613ba0352b2e9b8d40d001de73c0b747413fae95707f646ac8ad9e3c2f9dce7,plain,597,1
1670e8bb8065d23e1b93ed8173f079f338abef880047da21af95dd4db57e20bd,mal_test,hive,1,x64,100002,100000,mal_test/hive/1670e8bb8065d23e1b93ed8173f079f338abef880047da21af95dd4db57e20bd.asm,1670e8bb8065d23e1b93ed8173f079f338abef880047da21af95dd4db57e20bd,plain,0,1
16d0c9651cae4ca2641f9e875be9f7b39737292eede7a7870b6081922f40b4b1,mal_test,hive,1,x64,100002,100000,mal_test/hive/16d0c9651cae4ca2641f9e875be9f7b39737292eede7a7870b6081922f40b4b1.asm,16d0c9651cae4ca2641f9e875be9f7b39737292eede7a7870b6081922f40b4b1,plain,0,1
174fce7e7e2df156a3496ad0f4ecbb8aa6e2b76befc1f5e7a5108601ac62fc70,mal_test,hive,1,x64,100597,100000,mal_test/hive/174fce7e7e2df156a3496ad0f4ecbb8aa6e2b76befc1f5e7a5108601ac62fc70.asm,174fce7e7e2df156a3496ad0f4ecbb8aa6e2b76befc1f5e7a5108601ac62fc70,plain,595,1
199006f7d4dbc6ccdecbe99b18e8582ba42e6f66f6e3de865eebd3de095a3a63,mal_test,hive,1,x64,100002,100000,mal_test/hive/199006f7d4dbc6ccdecbe99b18e8582ba42e6f66f6e3de865eebd3de095a3a63.asm,199006f7d4dbc6ccdecbe99b18e8582ba42e6f66f6e3de865eebd3de095a3a63,plain,0,1
1fb6c6be88080f6a91c33616a9aa4c839dbc1062a904eeacd9fd379a22962498,mal_test,hive,1,x64,100002,100000,mal_test/hive/1fb6c6be88080f6a91c33616a9aa4c839dbc1062a904eeacd9fd379a22962498.asm,1fb6c6be88080f6a91c33616a9aa4c839dbc1062a904eeacd9fd379a22962498,plain,0,1
201215fdd6ba159d22621f2424f75b25fbe6dac1c85126e174e4ae999ef88111,mal_test,hive,1,x64,100002,100000,mal_test/hive/201215fdd6ba159d22621f2424f75b25fbe6dac1c85126e174e4ae999ef88111.asm,201215fdd6ba159d22621f2424f75b25fbe6dac1c85126e174e4ae999ef88111,plain,0,1
206de75058a7dfa0b96784965baab63a137f2e89a97e623842e7d0bb3f12c2fc,mal_test,hive,1,x86,98874,98869,mal_test/hive/206de75058a7dfa0b96784965baab63a137f2e89a97e623842e7d0bb3f12c2fc.asm,206de75058a7dfa0b96784965baab63a137f2e89a97e623842e7d0bb3f12c2fc,plain,4,0
29d2f9308947efac0c804497666e1f03d61bc9321fdb498152a5d481d1e61a35,mal_test,hive,1,x64,100002,100000,mal_test/hive/29d2f9308947efac0c804497666e1f03d61bc9321fdb498152a5d481d1e61a35.asm,29d2f9308947efac0c804497666e1f03d61bc9321fdb498152a5d481d1e61a35,plain,0,1
30414f35f5ae50c9133017c6100b6f82dca0ca872ac6fbcf159b7b1d2303664f,mal_test,hive,1,x64,100002,100000,mal_test/hive/30414f35f5ae50c9133017c6100b6f82dca0ca872ac6fbcf159b7b1d2303664f.asm,30414f35f5ae50c9133017c6100b6f82dca0ca872ac6fbcf159b7b1d2303664f,plain,0,1
32ff0e5d87ec16544b6ff936d6fd58023925c3bdabaf962c492f6b078cb01914,mal_test,hive,1,x64,100597,100000,mal_test/hive/32ff0e5d87ec16544b6ff936d6fd58023925c3bdabaf962c492f6b078cb01914.asm,32ff0e5d87ec16544b6ff936d6fd58023925c3bdabaf962c492f6b078cb01914,plain,595,1
33aceb3dc0681a56226d4cfce32eee7a431e66f5c746a4d6dc7506a72b317277,mal_test,hive,1,x64,100002,100000,mal_test/hive/33aceb3dc0681a56226d4cfce32eee7a431e66f5c746a4d6dc7506a72b317277.asm,33aceb3dc0681a56226d4cfce32eee7a431e66f5c746a4d6dc7506a72b317277,plain,0,1
3489cfa46b9cc21f3fbd73d3225b1f42223a9c14bec10c8d305f72192314a372,mal_test,hive,1,x64,100002,100000,mal_test/hive/3489cfa46b9cc21f3fbd73d3225b1f42223a9c14bec10c8d305f72192314a372.asm,3489cfa46b9cc21f3fbd73d3225b1f42223a9c14bec10c8d305f72192314a372,plain,0,1
36759cab7043cd7561ac6c3968832b30c9a442eff4d536e901d4ff70aef4d32d,mal_test,hive,1,x64,100589,100000,mal_test/hive/36759cab7043cd7561ac6c3968832b30c9a442eff4d536e901d4ff70aef4d32d.asm,36759cab7043cd7561ac6c3968832b30c9a442eff4d536e901d4ff70aef4d32d,plain,587,1
382da46b770736639b495071c4c5a0b139eb486583b7b9548274ce6e4f663cb8,mal_test,hive,1,x86,97905,97901,mal_test/hive/382da46b770736639b495071c4c5a0b139eb486583b7b9548274ce6e4f663cb8.asm,382da46b770736639b495071c4c5a0b139eb486583b7b9548274ce6e4f663cb8,plain,3,0
4a484842f4376660894109a2123cd4e1917193efcce9b776e8c769fc667c05b3,mal_test,hive,1,x64,100002,100000,mal_test/hive/4a484842f4376660894109a2123cd4e1917193efcce9b776e8c769fc667c05b3.asm,4a484842f4376660894109a2123cd4e1917193efcce9b776e8c769fc667c05b3,plain,0,1
4a5bc30a85bc4b000d8dcedf533c8049fb6d42f31c7a0a524aaa2a0275ac6c0f,mal_test,hive,1,x64,100002,100000,mal_test/hive/4a5bc30a85bc4b000d8dcedf533c8049fb6d42f31c7a0a524aaa2a0275ac6c0f.asm,4a5bc30a85bc4b000d8dcedf533c8049fb6d42f31c7a0a524aaa2a0275ac6c0f,plain,0,1
4b62c93fbf0b964c4de93a0ce456bccdaee2908b3c0135b3f62912068a728d3e,mal_test,hive,1,x86,97905,97901,mal_test/hive/4b62c93fbf0b964c4de93a0ce456bccdaee2908b3c0135b3f62912068a728d3e.asm,4b62c93fbf0b964c4de93a0ce456bccdaee2908b3c0135b3f62912068a728d3e,plain,3,0
4d15aa5d68b0e8b081c18d0ee5c06cc1758d17246a8d01b3c8ac48d1ef07610b,mal_test,hive,1,x64,100002,100000,mal_test/hive/4d15aa5d68b0e8b081c18d0ee5c06cc1758d17246a8d01b3c8ac48d1ef07610b.asm,4d15aa5d68b0e8b081c18d0ee5c06cc1758d17246a8d01b3c8ac48d1ef07610b,plain,0,1
545a22b900104571ca0718336c6dfe37574263f1670d55835859b30f9776b028,mal_test,hive,1,x86,98887,98882,mal_test/hive/545a22b900104571ca0718336c6dfe37574263f1670d55835859b30f9776b028.asm,545a22b900104571ca0718336c6dfe37574263f1670d55835859b30f9776b028,plain,4,0
6920e86a65fc94f9fd46c46c09187b802a13801904e06c6aa63c10e0c9197218,mal_test,hive,1,x64,100002,100000,mal_test/hive/6920e86a65fc94f9fd46c46c09187b802a13801904e06c6aa63c10e0c9197218.asm,6920e86a65fc94f9fd46c46c09187b802a13801904e06c6aa63c10e0c9197218,plain,0,1
70b278b5e01f7cc409a112892e8f2ff243afa0d0815d060e31a813ba24316d37,mal_test,hive,1,x86,98203,98199,mal_test/hive/70b278b5e01f7cc409a112892e8f2ff243afa0d0815d060e31a813ba24316d37.asm,70b278b5e01f7cc409a112892e8f2ff243afa0d0815d060e31a813ba24316d37,plain,3,0
7bdb4508714a56fe5e6d9eb757ee475d08809470c6a02baa901484f0697cc362,mal_test,hive,1,x64,100687,100000,mal_test/hive/7bdb4508714a56fe5e6d9eb757ee475d08809470c6a02baa901484f0697cc362.asm,7bdb4508714a56fe5e6d9eb757ee475d08809470c6a02baa901484f0697cc362,plain,685,1
7cb066628b72dafaf1ad07e3c98c8bc5520df2f3b417d5b0acb5ded1b0279347,mal_test,hive,1,x64,100002,100000,mal_test/hive/7cb066628b72dafaf1ad07e3c98c8bc5520df2f3b417d5b0acb5ded1b0279347.asm,7cb066628b72dafaf1ad07e3c98c8bc5520df2f3b417d5b0acb5ded1b0279347,plain,0,1
7fb0391651fff5ea815395dd278986dc23af9e91036ce178dd25951758ea94c6,mal_test,hive,1,x64,100002,100000,mal_test/hive/7fb0391651fff5ea815395dd278986dc23af9e91036ce178dd25951758ea94c6.asm,7fb0391651fff5ea815395dd278986dc23af9e91036ce178dd25951758ea94c6,plain,0,1
89a9279a31e78ceb036d8be5b2e3c7aeb1021a05cff7bbd5e5025250c911234b,mal_test,hive,1,x64,100002,100000,mal_test/hive/89a9279a31e78ceb036d8be5b2e3c7aeb1021a05cff7bbd5e5025250c911234b.asm,89a9279a31e78ceb036d8be5b2e3c7aeb1021a05cff7bbd5e5025250c911234b,plain,0,1
9377cbf352b7aa61f79190789c669ab2d6855cb3429ce494bc79abe0267bf4cc,mal_test,hive,1,x64,100002,100000,mal_test/hive/9377cbf352b7aa61f79190789c669ab2d6855cb3429ce494bc79abe0267bf4cc.asm,9377cbf352b7aa61f79190789c669ab2d6855cb3429ce494bc79abe0267bf4cc,plain,0,1
a33e93343f46eafa16ccd18a9376f528e146de57673d9fad0a6ce68130cd9357,mal_test,hive,1,x64,100002,100000,mal_test/hive/a33e93343f46eafa16ccd18a9376f528e146de57673d9fad0a6ce68130cd9357.asm,a33e93343f46eafa16ccd18a9376f528e146de57673d9fad0a6ce68130cd9357,plain,0,1
a4878bb4655f21dd34b5a8a853ebea6b9cca292190c6ca180b4afe44077002ab,mal_test,hive,1,x64,100002,100000,mal_test/hive/a4878bb4655f21dd34b5a8a853ebea6b9cca292190c6ca180b4afe44077002ab.asm,a4878bb4655f21dd34b5a8a853ebea6b9cca292190c6ca180b4afe44077002ab,plain,0,1
b1bfc90de9dcea999dedf285c3d3d7e1901847d84ec297224a0d82720d0ed501,mal_test,hive,1,x64,100002,100000,mal_test/hive/b1bfc90de9dcea999dedf285c3d3d7e1901847d84ec297224a0d82720d0ed501.asm,b1bfc90de9dcea999dedf285c3d3d7e1901847d84ec297224a0d82720d0ed501,plain,0,1
b5daf399518d76b8e7ca86ada767d9e90fd0ae6efbe5acc2cc775b929f188228,mal_test,hive,1,x64,100690,100000,mal_test/hive/b5daf399518d76b8e7ca86ada767d9e90fd0ae6efbe5acc2cc775b929f188228.asm,b5daf399518d76b8e7ca86ada767d9e90fd0ae6efbe5acc2cc775b929f188228,plain,688,1
b6b1ea26464c92c3d25956815c301caf6fa0da9723a2ef847e2bb9cd11563d8b,mal_test,hive,1,x64,100596,100000,mal_test/hive/b6b1ea26464c92c3d25956815c301caf6fa0da9723a2ef847e2bb9cd11563d8b.asm,b6b1ea26464c92c3d25956815c301caf6fa0da9723a2ef847e2bb9cd11563d8b,plain,594,1
bd7f4d6a3f224536879cca70b940b16251c56707124d52fb09ad828a889648cd,mal_test,hive,1,x86,97905,97901,mal_test/hive/bd7f4d6a3f224536879cca70b940b16251c56707124d52fb09ad828a889648cd.asm,bd7f4d6a3f224536879cca70b940b16251c56707124d52fb09ad828a889648cd,plain,3,0
bd9807c6e5c69f21153103703faa8067a9a883124bcfeb6b0f0645158a97d57d,mal_test,hive,1,x64,100002,100000,mal_test/hive/bd9807c6e5c69f21153103703faa8067a9a883124bcfeb6b0f0645158a97d57d.asm,bd9807c6e5c69f21153103703faa8067a9a883124bcfeb6b0f0645158a97d57d,plain,0,1
c2fa59fb0c3ed403c5f115310bbb62621bc9ddbf5cba29730e16c65e53b88f64,mal_test,hive,1,x64,100002,100000,mal_test/hive/c2fa59fb0c3ed403c5f115310bbb62621bc9ddbf5cba29730e16c65e53b88f64.asm,c2fa59fb0c3ed403c5f115310bbb62621bc9ddbf5cba29730e16c65e53b88f64,plain,0,1
c7c04bcd56f282bc27f160cc80ccab73485dd3123f2efb35b9726a8528b7950f,mal_test,hive,1,x64,83895,82580,mal_test/hive/c7c04bcd56f282bc27f160cc80ccab73485dd3123f2efb35b9726a8528b7950f.asm,c7c04bcd56f282bc27f160cc80ccab73485dd3123f2efb35b9726a8528b7950f,plain,1314,0
cba0c8e316db8c6abcdb69f03936a803d81299d9ae4c59c77839c37cda752539,mal_test,hive,1,x64,100002,100000,mal_test/hive/cba0c8e316db8c6abcdb69f03936a803d81299d9ae4c59c77839c37cda752539.asm,cba0c8e316db8c6abcdb69f03936a803d81299d9ae4c59c77839c37cda752539,plain,0,1
d83a875db07877be5b2b67341d665a06f476f862a48363f30440091d359a749f,mal_test,hive,1,x64,86901,85642,mal_test/hive/d83a875db07877be5b2b67341d665a06f476f862a48363f30440091d359a749f.asm,d83a875db07877be5b2b67341d665a06f476f862a48363f30440091d359a749f,plain,1258,0
da2128b5608ed39f1a4e4568e0751bd9f8cb4e8587f1a262314d13c03a6a8b9e,mal_test,hive,1,x64,100002,100000,mal_test/hive/da2128b5608ed39f1a4e4568e0751bd9f8cb4e8587f1a262314d13c03a6a8b9e.asm,da2128b5608ed39f1a4e4568e0751bd9f8cb4e8587f1a262314d13c03a6a8b9e,plain,0,1
e17cf8294694af4ed412123981f620908a192947aab6ecd0c31cc59f2ac540ce,mal_test,hive,1,x64,100002,100000,mal_test/hive/e17cf8294694af4ed412123981f620908a192947aab6ecd0c31cc59f2ac540ce.asm,e17cf8294694af4ed412123981f620908a192947aab6ecd0c31cc59f2ac540ce,plain,0,1
e9def82da36450f16c48af3abbba2a31f53c9c2f6fae6cf895fbf10698c04ed2,mal_test,hive,1,x64,100002,100000,mal_test/hive/e9def82da36450f16c48af3abbba2a31f53c9c2f6fae6cf895fbf10698c04ed2.asm,e9def82da36450f16c48af3abbba2a31f53c9c2f6fae6cf895fbf10698c04ed2,plain,0,1
ea953cb3c4858e971dc4d75a2a11a6d0af42af36c0cad9c3f1e08d4c6e5f2ef8,mal_test,hive,1,x64,100002,100000,mal_test/hive/ea953cb3c4858e971dc4d75a2a11a6d0af42af36c0cad9c3f1e08d4c6e5f2ef8.asm,ea953cb3c4858e971dc4d75a2a11a6d0af42af36c0cad9c3f1e08d4c6e5f2ef8,plain,0,1
edf745e4d22485a77b93437843023b27d072fcffb14ea91ca8f309b14d5c5826,mal_test,hive,1,x64,100002,100000,mal_test/hive/edf745e4d22485a77b93437843023b27d072fcffb14ea91ca8f309b14d5c5826.asm,edf745e4d22485a77b93437843023b27d072fcffb14ea91ca8f309b14d5c5826,plain,0,1
eeee2a6820eedbe2a37e4c992dc6b3135ee0e340892d2acf74e8a5defb30c7d4,mal_test,hive,1,x64,100002,100000,mal_test/hive/eeee2a6820eedbe2a37e4c992dc6b3135ee0e340892d2acf74e8a5defb30c7d4.asm,eeee2a6820eedbe2a37e4c992dc6b3135ee0e340892d2acf74e8a5defb30c7d4,plain,0,1
541825cb652606c2ea12fd25a842a8b3456d025841c3a7f563655ef77bb67219,mal_test,holyghost,1,x64,100008,100000,mal_test/holyghost/541825cb652606c2ea12fd25a842a8b3456d025841c3a7f563655ef77bb67219.asm,541825cb652606c2ea12fd25a842a8b3456d025841c3a7f563655ef77bb67219,plain,6,1
99fc54786a72f32fd44c7391c2171ca31e72ca52725c68e2dde94d04c286fccd,mal_test,holyghost,1,x86,100005,100000,mal_test/holyghost/99fc54786a72f32fd44c7391c2171ca31e72ca52725c68e2dde94d04c286fccd.asm,99fc54786a72f32fd44c7391c2171ca31e72ca52725c68e2dde94d04c286fccd,plain,3,1
bea866b327a2dc2aa104b7ad7307008919c06620771ec3715a059e675d9f40af,mal_test,holyghost,1,x64,100005,100000,mal_test/holyghost/bea866b327a2dc2aa104b7ad7307008919c06620771ec3715a059e675d9f40af.asm,bea866b327a2dc2aa104b7ad7307008919c06620771ec3715a059e675d9f40af,plain,3,1
f8fc2445a9814ca8cf48a979bff7f182d6538f4d1ff438cf259268e8b4b76f86,mal_test,holyghost,1,x64,100004,100000,mal_test/holyghost/f8fc2445a9814ca8cf48a979bff7f182d6538f4d1ff438cf259268e8b4b76f86.asm,f8fc2445a9814ca8cf48a979bff7f182d6538f4d1ff438cf259268e8b4b76f86,plain,2,1
04f76d44db4c3a8d810348f65e539f8d65af3ee764c058290033da8f5c508fc5,mal_test,karma,1,x86,32504,32503,mal_test/karma/04f76d44db4c3a8d810348f65e539f8d65af3ee764c058290033da8f5c508fc5.asm,04f76d44db4c3a8d810348f65e539f8d65af3ee764c058290033da8f5c508fc5,plain,0,0
0d037ee0252e4f26800bcf7c750f61d0c549b7ba0a522c75e8d96dcf4f689e27,mal_test,karma,1,x86,3662,3661,mal_test/karma/0d037ee0252e4f26800bcf7c750f61d0c549b7ba0a522c75e8d96dcf4f689e27.asm,0d037ee0252e4f26800bcf7c750f61d0c549b7ba0a522c75e8d96dcf4f689e27,plain,0,0
124f3a5caf6eb464027f2865225a6a1238c3639e5b4a399f0f7f2dda7bd75aec,mal_test,karma,1,x86,29950,29948,mal_test/karma/124f3a5caf6eb464027f2865225a6a1238c3639e5b4a399f0f7f2dda7bd75aec.asm,124f3a5caf6eb464027f2865225a6a1238c3639e5b4a399f0f7f2dda7bd75aec,plain,1,0
19417c0a38a1206007a0cc82c0fc2e19db897214d27d0998bc4dbac53cc2788d,mal_test,karma,1,x86,29950,29948,mal_test/karma/19417c0a38a1206007a0cc82c0fc2e19db897214d27d0998bc4dbac53cc2788d.asm,19417c0a38a1206007a0cc82c0fc2e19db897214d27d0998bc4dbac53cc2788d,plain,1,0
1c41acdc2e9d8b89522ebb51d65b4c41d7fd130a14ce9d449edb05f53bbb8d59,mal_test,karma,1,x86,3454,3453,mal_test/karma/1c41acdc2e9d8b89522ebb51d65b4c41d7fd130a14ce9d449edb05f53bbb8d59.asm,1c41acdc2e9d8b89522ebb51d65b4c41d7fd130a14ce9d449edb05f53bbb8d59,plain,0,0
1f6be41de7ce3d1b8b90856a85600326a3c1dc5ce5bfdaa1572568b1dd114a0f,mal_test,karma,1,x86,3662,3661,mal_test/karma/1f6be41de7ce3d1b8b90856a85600326a3c1dc5ce5bfdaa1572568b1dd114a0f.asm,1f6be41de7ce3d1b8b90856a85600326a3c1dc5ce5bfdaa1572568b1dd114a0f,plain,0,0
34629751d8202be456dcf149b516afefc980a9128dd6096fd6286fee530a0d20,mal_test,karma,1,x86,3662,3661,mal_test/karma/34629751d8202be456dcf149b516afefc980a9128dd6096fd6286fee530a0d20.asm,34629751d8202be456dcf149b516afefc980a9128dd6096fd6286fee530a0d20,plain,0,0
3ff1b90dbad5d78397fdc731c3a3c080d91fc488ac9152793b538b74a1e2d8f3,mal_test,karma,1,x86,3662,3661,mal_test/karma/3ff1b90dbad5d78397fdc731c3a3c080d91fc488ac9152793b538b74a1e2d8f3.asm,3ff1b90dbad5d78397fdc731c3a3c080d91fc488ac9152793b538b74a1e2d8f3,plain,0,0
4dec9a9044631caef283c7f39a576e4e5c1cc1e6a97ce5c60936a3a3d0097818,mal_test,karma,1,x86,3512,3511,mal_test/karma/4dec9a9044631caef283c7f39a576e4e5c1cc1e6a97ce5c60936a3a3d0097818.asm,4dec9a9044631caef283c7f39a576e4e5c1cc1e6a97ce5c60936a3a3d0097818,plain,0,0
6c98d424ab1b9bfba683eda340fef6540ffe4ec4634f4b95cf9c70fe4ab2de90,mal_test,karma,1,x86,3454,3453,mal_test/karma/6c98d424ab1b9bfba683eda340fef6540ffe4ec4634f4b95cf9c70fe4ab2de90.asm,6c98d424ab1b9bfba683eda340fef6540ffe4ec4634f4b95cf9c70fe4ab2de90,plain,0,0
84d24a16949b5a89162411ab98ab2230128d8f01a3d3695874394733ac2a1dbd,mal_test,karma,1,x86,3454,3453,mal_test/karma/84d24a16949b5a89162411ab98ab2230128d8f01a3d3695874394733ac2a1dbd.asm,84d24a16949b5a89162411ab98ab2230128d8f01a3d3695874394733ac2a1dbd,plain,0,0
a63937d94b4d0576c083398497f35abc2ed116138bd22fad4aec5714f83371b0,mal_test,karma,1,x86,3346,3345,mal_test/karma/a63937d94b4d0576c083398497f35abc2ed116138bd22fad4aec5714f83371b0.asm,a63937d94b4d0576c083398497f35abc2ed116138bd22fad4aec5714f83371b0,plain,0,0
ad841882052c3f9d856ad9a393232e0a59d28e17c240d23258f1dac62f903ab8,mal_test,karma,1,x86,3346,3345,mal_test/karma/ad841882052c3f9d856ad9a393232e0a59d28e17c240d23258f1dac62f903ab8.asm,ad841882052c3f9d856ad9a393232e0a59d28e17c240d23258f1dac62f903ab8,plain,0,0
1264b40feaa824d5ba31cef3c8a4ede230c61ef71c8a7994875deefe32bd8b3d,mal_test,lorenz,1,x86,100003,100000,mal_test/lorenz/1264b40feaa824d5ba31cef3c8a4ede230c61ef71c8a7994875deefe32bd8b3d.asm,1264b40feaa824d5ba31cef3c8a4ede230c61ef71c8a7994875deefe32bd8b3d,plain,1,1
8f9024ac4d0420ebf43fb0fb77d3aa4be926234d1a0308804ccd71b99761d40e,mal_test,lorenz,1,x86,100003,100000,mal_test/lorenz/8f9024ac4d0420ebf43fb0fb77d3aa4be926234d1a0308804ccd71b99761d40e.asm,368d0894c3840eb1e83e4b0e6910f73193b28a56ee6da124796ff4fdba09f2bf,plain,1,1
40ff1ab8ac09057421079dae83fb675d7a2a3da6c7d0cd6400a0d720c5b0f58c,mal_test,lorenz,1,x86,100004,100000,mal_test/lorenz/40ff1ab8ac09057421079dae83fb675d7a2a3da6c7d0cd6400a0d720c5b0f58c.asm,40ff1ab8ac09057421079dae83fb675d7a2a3da6c7d0cd6400a0d720c5b0f58c,plain,2,1
427713275e7c4515e3c577684a7c5f96e45771fee54f1c3162a2d6a2cc4cd76e,mal_test,lorenz,1,x86,100005,100000,mal_test/lorenz/427713275e7c4515e3c577684a7c5f96e45771fee54f1c3162a2d6a2cc4cd76e.asm,427713275e7c4515e3c577684a7c5f96e45771fee54f1c3162a2d6a2cc4cd76e,plain,3,1
4b1170f7774acfdc5517fbe1c911f2bd9f1af498f3c3d25078f05c95701cc999,mal_test,lorenz,1,x86,100002,100000,mal_test/lorenz/4b1170f7774acfdc5517fbe1c911f2bd9f1af498f3c3d25078f05c95701cc999.asm,4b1170f7774acfdc5517fbe1c911f2bd9f1af498f3c3d25078f05c95701cc999,plain,0,1
5b03b861884cb3e14a8b888c7dee2ee0d494933df863d504882345fa278d1ea5,mal_test,lorenz,1,x86,100005,100000,mal_test/lorenz/5b03b861884cb3e14a8b888c7dee2ee0d494933df863d504882345fa278d1ea5.asm,5b03b861884cb3e14a8b888c7dee2ee0d494933df863d504882345fa278d1ea5,plain,3,1
71cdbbc62e10983db183ca60ab964c1a3dab0d279c5326b2e920522480780956,mal_test,lorenz,1,x86,100002,100000,mal_test/lorenz/71cdbbc62e10983db183ca60ab964c1a3dab0d279c5326b2e920522480780956.asm,71cdbbc62e10983db183ca60ab964c1a3dab0d279c5326b2e920522480780956,plain,0,1
7275034886da11ca6d828547f15cab259e22ba624c5f5762afd237aa686455dd,mal_test,lorenz,1,x86,100003,100000,mal_test/lorenz/7275034886da11ca6d828547f15cab259e22ba624c5f5762afd237aa686455dd.asm,7275034886da11ca6d828547f15cab259e22ba624c5f5762afd237aa686455dd,plain,1,1
8ea6a6d4578029c7b2dbbfb525ec88b2cb309901ec5a987847471b6101f0de41,mal_test,lorenz,1,x86,100002,100000,mal_test/lorenz/8ea6a6d4578029c7b2dbbfb525ec88b2cb309901ec5a987847471b6101f0de41.asm,8ea6a6d4578029c7b2dbbfb525ec88b2cb309901ec5a987847471b6101f0de41,plain,0,1
971f0a32094b8ac10712503305ac6789048d190a209c436839e2e6b0acb016f3,mal_test,lorenz,1,x86,100003,100000,mal_test/lorenz/971f0a32094b8ac10712503305ac6789048d190a209c436839e2e6b0acb016f3.asm,971f0a32094b8ac10712503305ac6789048d190a209c436839e2e6b0acb016f3,plain,1,1
a0ccb9019b90716c8ee1bc0829e0e04cf7166be2f25987abbc8987e65cef2e6f,mal_test,lorenz,1,x86,100003,100000,mal_test/lorenz/a0ccb9019b90716c8ee1bc0829e0e04cf7166be2f25987abbc8987e65cef2e6f.asm,a0ccb9019b90716c8ee1bc0829e0e04cf7166be2f25987abbc8987e65cef2e6f,plain,1,1
a9fdbc6d20b780ca42660ad4803f391308fa0243fbc515fd3c1acf935dd43c1e,mal_test,lorenz,1,x86,100004,100000,mal_test/lorenz/a9fdbc6d20b780ca42660ad4803f391308fa0243fbc515fd3c1acf935dd43c1e.asm,a9fdbc6d20b780ca42660ad4803f391308fa0243fbc515fd3c1acf935dd43c1e,plain,2,1
bdfb7e435f689c2c8d84d1b987c8abf84f300a1d4b9d1389b299937c751adb17,mal_test,lorenz,1,x86,100007,100000,mal_test/lorenz/bdfb7e435f689c2c8d84d1b987c8abf84f300a1d4b9d1389b299937c751adb17.asm,bdfb7e435f689c2c8d84d1b987c8abf84f300a1d4b9d1389b299937c751adb17,plain,5,1
cef17b9289ba18c979b704648c0f2b736f65f9f9158b471bc2486b6c14e14a4d,mal_test,lorenz,1,x86,100003,100000,mal_test/lorenz/cef17b9289ba18c979b704648c0f2b736f65f9f9158b471bc2486b6c14e14a4d.asm,cef17b9289ba18c979b704648c0f2b736f65f9f9158b471bc2486b6c14e14a4d,plain,1,1
fcb8f82961a3f02c9e94da452c5efef868a2c2344fbaaeca51b3c710bb0df8cf,mal_test,lorenz,1,x86,100002,100000,mal_test/lorenz/fcb8f82961a3f02c9e94da452c5efef868a2c2344fbaaeca51b3c710bb0df8cf.asm,fcb8f82961a3f02c9e94da452c5efef868a2c2344fbaaeca51b3c710bb0df8cf,plain,0,1
ff86191d98d0ce841e0973743aeb05fb354492d1983fe33521a285cf3c9bcc2e,mal_test,lorenz,1,x86,100003,100000,mal_test/lorenz/ff86191d98d0ce841e0973743aeb05fb354492d1983fe33521a285cf3c9bcc2e.asm,ff86191d98d0ce841e0973743aeb05fb354492d1983fe33521a285cf3c9bcc2e,plain,1,1
45d8ac1ac692d6bb0fe776620371fca02b60cac8db23c4cc7ab5df262da42b78,mal_test,maui,1,x86,100010,100000,mal_test/maui/45d8ac1ac692d6bb0fe776620371fca02b60cac8db23c4cc7ab5df262da42b78.asm,45d8ac1ac692d6bb0fe776620371fca02b60cac8db23c4cc7ab5df262da42b78,plain,8,1
5b7ecf7e9d0715f1122baf4ce745c5fcd769dee48150616753fec4d6da16e99e,mal_test,maui,1,x86,100010,100000,mal_test/maui/5b7ecf7e9d0715f1122baf4ce745c5fcd769dee48150616753fec4d6da16e99e.asm,5b7ecf7e9d0715f1122baf4ce745c5fcd769dee48150616753fec4d6da16e99e,plain,8,1
830207029d83fd46a4a89cd623103ba2321b866428aa04360376e6a390063570,mal_test,maui,1,x86,100010,100000,mal_test/maui/830207029d83fd46a4a89cd623103ba2321b866428aa04360376e6a390063570.asm,830207029d83fd46a4a89cd623103ba2321b866428aa04360376e6a390063570,plain,8,1
1379119b117c11ae810fe679563116c31f8ac565c309849de383baf58df89e90,mal_test,nightsky,1,x64,102837,100000,mal_test/nightsky/1379119b117c11ae810fe679563116c31f8ac565c309849de383baf58df89e90.asm,1379119b117c11ae810fe679563116c31f8ac565c309849de383baf58df89e90,packed_other,2835,1
18daff9fb95725122acc0757130f6a67c46d050cb43b1999fe85b0337f76db0f,mal_test,nightsky,1,x64,102693,100000,mal_test/nightsky/18daff9fb95725122acc0757130f6a67c46d050cb43b1999fe85b0337f76db0f.asm,18daff9fb95725122acc0757130f6a67c46d050cb43b1999fe85b0337f76db0f,packed_other,2691,1
1fca1cd04992e0fcaa714d9dfa97323d81d7e3d43a024ec37d1c7a2767a17577,mal_test,nightsky,1,x64,100036,100000,mal_test/nightsky/1fca1cd04992e0fcaa714d9dfa97323d81d7e3d43a024ec37d1c7a2767a17577.asm,1fca1cd04992e0fcaa714d9dfa97323d81d7e3d43a024ec37d1c7a2767a17577,packed_other,33,1
623b69c1fd45686af03cd87f77d6e3e17b263e1cf70a25465ce826f81730f898,mal_test,nightsky,1,x64,102837,100000,mal_test/nightsky/623b69c1fd45686af03cd87f77d6e3e17b263e1cf70a25465ce826f81730f898.asm,623b69c1fd45686af03cd87f77d6e3e17b263e1cf70a25465ce826f81730f898,packed_other,2835,1
642d665440104714e29b78e2b19b97996a6693a24f06452865da011564c0cb85,mal_test,nightsky,1,x64,102693,100000,mal_test/nightsky/642d665440104714e29b78e2b19b97996a6693a24f06452865da011564c0cb85.asm,642d665440104714e29b78e2b19b97996a6693a24f06452865da011564c0cb85,packed_other,2691,1
6ecad2171819ca386ffe61ff9eb31e99471fa4f315762c7da658165d7e09a55d,mal_test,nightsky,1,x64,100036,100000,mal_test/nightsky/6ecad2171819ca386ffe61ff9eb31e99471fa4f315762c7da658165d7e09a55d.asm,6ecad2171819ca386ffe61ff9eb31e99471fa4f315762c7da658165d7e09a55d,packed_other,33,1
7b992767dabd6ee1d8680bccfa49a51fb8144a61d3ab66243c39f59fe11a25c2,mal_test,nightsky,1,x64,100036,100000,mal_test/nightsky/7b992767dabd6ee1d8680bccfa49a51fb8144a61d3ab66243c39f59fe11a25c2.asm,7b992767dabd6ee1d8680bccfa49a51fb8144a61d3ab66243c39f59fe11a25c2,packed_other,33,1
8c1a72991fb04dc3a8cf89605fb85150ef0e742472a0c58b8fa942a1f04877b0,mal_test,nightsky,1,x64,112940,100000,mal_test/nightsky/8c1a72991fb04dc3a8cf89605fb85150ef0e742472a0c58b8fa942a1f04877b0.asm,8c1a72991fb04dc3a8cf89605fb85150ef0e742472a0c58b8fa942a1f04877b0,packed_other,12938,1
a077a55608ced7cea2bd92e2ce7e43bf51076304990ec7bb40c2b384ce2e5283,mal_test,nightsky,1,x64,112940,100000,mal_test/nightsky/a077a55608ced7cea2bd92e2ce7e43bf51076304990ec7bb40c2b384ce2e5283.asm,a077a55608ced7cea2bd92e2ce7e43bf51076304990ec7bb40c2b384ce2e5283,packed_other,12938,1
ba1f9c68fccc42d231cc0de9142039853b3437501dc9ec6f111a3cac177dd1a9,mal_test,nightsky,1,x64,100036,100000,mal_test/nightsky/ba1f9c68fccc42d231cc0de9142039853b3437501dc9ec6f111a3cac177dd1a9.asm,ba1f9c68fccc42d231cc0de9142039853b3437501dc9ec6f111a3cac177dd1a9,packed_other,33,1
cebc906d77b8dcd0ad184529becf9e7d1d44309328b819e220068ad64755703f,mal_test,nightsky,1,x64,100036,100000,mal_test/nightsky/cebc906d77b8dcd0ad184529becf9e7d1d44309328b819e220068ad64755703f.asm,cebc906d77b8dcd0ad184529becf9e7d1d44309328b819e220068ad64755703f,packed_other,33,1
dd93d6cbe7bd8b4443ab37e5490ca8a63c2034637acf7f433d5fb0b69ffde341,mal_test,nightsky,1,x64,102693,100000,mal_test/nightsky/dd93d6cbe7bd8b4443ab37e5490ca8a63c2034637acf7f433d5fb0b69ffde341.asm,dd93d6cbe7bd8b4443ab37e5490ca8a63c2034637acf7f433d5fb0b69ffde341,packed_other,2691,1
e90dad1c66d2617f4cc8aad417ae9f7cfe8d0f78711bf1f55684426259ef2803,mal_test,nightsky,1,x64,102837,100000,mal_test/nightsky/e90dad1c66d2617f4cc8aad417ae9f7cfe8d0f78711bf1f55684426259ef2803.asm,e90dad1c66d2617f4cc8aad417ae9f7cfe8d0f78711bf1f55684426259ef2803,packed_other,2835,1
ff5757086c464d624f4a6674d65409fb6fa84ad5ac089583ebc994ba949458d7,mal_test,nightsky,1,x64,100036,100000,mal_test/nightsky/ff5757086c464d624f4a6674d65409fb6fa84ad5ac089583ebc994ba949458d7.asm,ff5757086c464d624f4a6674d65409fb6fa84ad5ac089583ebc994ba949458d7,packed_other,33,1
006ae41910887f0811a3ba2868ef9576bbd265216554850112319af878f06e55,mal_test,playcrypt,1,x86,43167,42978,mal_test/playcrypt/006ae41910887f0811a3ba2868ef9576bbd265216554850112319af878f06e55.asm,006ae41910887f0811a3ba2868ef9576bbd265216554850112319af878f06e55,plain,188,0
0b4f893402b51880d0df703c21195aa0f50cbdd3a5b223cc333cd24f0167c16d,mal_test,playcrypt,1,x86,43146,42955,mal_test/playcrypt/0b4f893402b51880d0df703c21195aa0f50cbdd3a5b223cc333cd24f0167c16d.asm,0b4f893402b51880d0df703c21195aa0f50cbdd3a5b223cc333cd24f0167c16d,plain,190,0
0bb0f63a3bd6cc79efc18648b28912bd873a8e14c4918ee3579421f728a62fae,mal_test,playcrypt,1,x86,43159,42971,mal_test/playcrypt/0bb0f63a3bd6cc79efc18648b28912bd873a8e14c4918ee3579421f728a62fae.asm,0bb0f63a3bd6cc79efc18648b28912bd873a8e14c4918ee3579421f728a62fae,plain,187,0
0ed328af77f2576071bfd543938fc01101daac01f216dc43bc091a8da4aff18d,mal_test,playcrypt,1,x86,43159,42971,mal_test/playcrypt/0ed328af77f2576071bfd543938fc01101daac01f216dc43bc091a8da4aff18d.asm,0ed328af77f2576071bfd543938fc01101daac01f216dc43bc091a8da4aff18d,plain,187,0
12d1a0dc37d877dbf81bd18e8bd57b2843cc254c9a3cfcbecb70305612e60cae,mal_test,playcrypt,1,x86,100823,100000,mal_test/playcrypt/12d1a0dc37d877dbf81bd18e8bd57b2843cc254c9a3cfcbecb70305612e60cae.asm,12d1a0dc37d877dbf81bd18e8bd57b2843cc254c9a3cfcbecb70305612e60cae,plain,821,1
157c43a3a4e014827e42cf4dd20cc8efa71cdf098f5d1d04b6cd1a972d6a8c7a,mal_test,playcrypt,1,x86,100888,100000,mal_test/playcrypt/157c43a3a4e014827e42cf4dd20cc8efa71cdf098f5d1d04b6cd1a972d6a8c7a.asm,157c43a3a4e014827e42cf4dd20cc8efa71cdf098f5d1d04b6cd1a972d6a8c7a,plain,886,1
176476f9d924d83343a51a90ade097d12b7594dc5dbca1771c440047dfbe81eb,mal_test,playcrypt,1,x86,43175,42985,mal_test/playcrypt/176476f9d924d83343a51a90ade097d12b7594dc5dbca1771c440047dfbe81eb.asm,176476f9d924d83343a51a90ade097d12b7594dc5dbca1771c440047dfbe81eb,plain,189,0
2ab190542c3ec7b2b6e6d4bccce4c5d6a572f98c6bc89b014fea0c8fd6db6723,mal_test,playcrypt,1,x86,43153,42962,mal_test/playcrypt/2ab190542c3ec7b2b6e6d4bccce4c5d6a572f98c6bc89b014fea0c8fd6db6723.asm,2ab190542c3ec7b2b6e6d4bccce4c5d6a572f98c6bc89b014fea0c8fd6db6723,plain,190,0
2e9126dfad03bdaf54f9b29ade42038c83f65ac7288376f45768901660f62d7b,mal_test,playcrypt,1,x86,43167,42978,mal_test/playcrypt/2e9126dfad03bdaf54f9b29ade42038c83f65ac7288376f45768901660f62d7b.asm,2e9126dfad03bdaf54f9b29ade42038c83f65ac7288376f45768901660f62d7b,plain,188,0
3e6317229d122073f57264d6f69ae3e145decad3666ddad8173c942e80588e69,mal_test,playcrypt,1,x86,43153,42962,mal_test/playcrypt/3e6317229d122073f57264d6f69ae3e145decad3666ddad8173c942e80588e69.asm,3e6317229d122073f57264d6f69ae3e145decad3666ddad8173c942e80588e69,plain,190,0
463e5c95af41e43a9d6ee85bf84421e64e3de6583c9e2c0bb3e695171a28e913,mal_test,playcrypt,1,x86,100932,100000,mal_test/playcrypt/463e5c95af41e43a9d6ee85bf84421e64e3de6583c9e2c0bb3e695171a28e913.asm,463e5c95af41e43a9d6ee85bf84421e64e3de6583c9e2c0bb3e695171a28e913,plain,930,1
47c7cee3d76106279c4c28ad1de3c833c1ba0a2ec56b0150586c7e8480ccae57,mal_test,playcrypt,1,x86,100894,100000,mal_test/playcrypt/47c7cee3d76106279c4c28ad1de3c833c1ba0a2ec56b0150586c7e8480ccae57.asm,47c7cee3d76106279c4c28ad1de3c833c1ba0a2ec56b0150586c7e8480ccae57,plain,892,1
5573cbe13c0dbfd3d0e467b9907f3a89c1c133c774ada906ea256e228ae885d5,mal_test,playcrypt,1,x86,26477,26476,mal_test/playcrypt/5573cbe13c0dbfd3d0e467b9907f3a89c1c133c774ada906ea256e228ae885d5.asm,5573cbe13c0dbfd3d0e467b9907f3a89c1c133c774ada906ea256e228ae885d5,plain,0,0
5e94626c6bcb825acede3826811ed693644d6dbb7caeeefb8575c2ec711a65a6,mal_test,playcrypt,1,x86,100891,100000,mal_test/playcrypt/5e94626c6bcb825acede3826811ed693644d6dbb7caeeefb8575c2ec711a65a6.asm,5e94626c6bcb825acede3826811ed693644d6dbb7caeeefb8575c2ec711a65a6,plain,889,1
5eca08ddca898427de5ab13fedf25426102c3a0621d086b63f2e37d2d04ba3e9,mal_test,playcrypt,1,x86,100832,100000,mal_test/playcrypt/5eca08ddca898427de5ab13fedf25426102c3a0621d086b63f2e37d2d04ba3e9.asm,5eca08ddca898427de5ab13fedf25426102c3a0621d086b63f2e37d2d04ba3e9,plain,830,1
608e2b023dc8f7e02ae2000fc7dbfc24e47807d1e4264cbd6bb5839c81f91934,mal_test,playcrypt,1,x86,43159,42971,mal_test/playcrypt/608e2b023dc8f7e02ae2000fc7dbfc24e47807d1e4264cbd6bb5839c81f91934.asm,608e2b023dc8f7e02ae2000fc7dbfc24e47807d1e4264cbd6bb5839c81f91934,plain,187,0
61c63be1e0ebf23a616e02f8929364f270b03190ab9132fa638b3dd20b6dc109,mal_test,playcrypt,1,x86,100914,100000,mal_test/playcrypt/61c63be1e0ebf23a616e02f8929364f270b03190ab9132fa638b3dd20b6dc109.asm,61c63be1e0ebf23a616e02f8929364f270b03190ab9132fa638b3dd20b6dc109,plain,912,1
73e19be4da76bb4e52cb82493c75690977fc3a5f589a9b47e834362545ef512a,mal_test,playcrypt,1,x86,43166,42978,mal_test/playcrypt/73e19be4da76bb4e52cb82493c75690977fc3a5f589a9b47e834362545ef512a.asm,73e19be4da76bb4e52cb82493c75690977fc3a5f589a9b47e834362545ef512a,plain,187,0
757524b09e5d4f2399172c4ac0f6996ec34dec90110542973d438d5370aff280,mal_test,playcrypt,1,x86,100901,100000,mal_test/playcrypt/757524b09e5d4f2399172c4ac0f6996ec34dec90110542973d438d5370aff280.asm,757524b09e5d4f2399172c4ac0f6996ec34dec90110542973d438d5370aff280,plain,899,1
7d14b98cdc1b898bd0d9be80398fc59ab560e8c44e0a9dedac8ad4ece3d450b0,mal_test,playcrypt,1,x86,32134,32133,mal_test/playcrypt/7d14b98cdc1b898bd0d9be80398fc59ab560e8c44e0a9dedac8ad4ece3d450b0.asm,7d14b98cdc1b898bd0d9be80398fc59ab560e8c44e0a9dedac8ad4ece3d450b0,plain,0,0
8962de34e5d63228d5ab037c87262e5b13bb9c17e73e5db7d6be4212d66f1c22,mal_test,playcrypt,1,x86,43153,42962,mal_test/playcrypt/8962de34e5d63228d5ab037c87262e5b13bb9c17e73e5db7d6be4212d66f1c22.asm,8962de34e5d63228d5ab037c87262e5b13bb9c17e73e5db7d6be4212d66f1c22,plain,190,0
92f3abed62d710064a19f2a50c4482cd02adfd821ace4c2f3030f96290166189,mal_test,playcrypt,1,x86,100889,100000,mal_test/playcrypt/92f3abed62d710064a19f2a50c4482cd02adfd821ace4c2f3030f96290166189.asm,92f3abed62d710064a19f2a50c4482cd02adfd821ace4c2f3030f96290166189,plain,887,1
952fec5f9e7137951700d7e4239728f903e360b3fdb0332deb9448bdc31c2f3f,mal_test,playcrypt,1,x86,100824,100000,mal_test/playcrypt/952fec5f9e7137951700d7e4239728f903e360b3fdb0332deb9448bdc31c2f3f.asm,952fec5f9e7137951700d7e4239728f903e360b3fdb0332deb9448bdc31c2f3f,plain,822,1
957a6aee2437a5c4d31372af2f6bceb29e1c7a49d650fe207cefc624bf6bca82,mal_test,playcrypt,1,x86,43159,42971,mal_test/playcrypt/957a6aee2437a5c4d31372af2f6bceb29e1c7a49d650fe207cefc624bf6bca82.asm,957a6aee2437a5c4d31372af2f6bceb29e1c7a49d650fe207cefc624bf6bca82,plain,187,0
96835abb2917ee87359a8669c4f28b9e8b1ee402e45153e98474a7b2135ca2cd,mal_test,playcrypt,1,x86,53120,52965,mal_test/playcrypt/96835abb2917ee87359a8669c4f28b9e8b1ee402e45153e98474a7b2135ca2cd.asm,96835abb2917ee87359a8669c4f28b9e8b1ee402e45153e98474a7b2135ca2cd,plain,154,0
97c1b1ff5aee63fd1c042384e9b88e869fc33105c60d65819bcf98a610508c8d,mal_test,playcrypt,1,x86,100926,100000,mal_test/playcrypt/97c1b1ff5aee63fd1c042384e9b88e869fc33105c60d65819bcf98a610508c8d.asm,97c1b1ff5aee63fd1c042384e9b88e869fc33105c60d65819bcf98a610508c8d,plain,924,1
9e69416cac3cb428cfb1894fbf7990692978edbf57737ad4c812d53c49687898,mal_test,playcrypt,1,x86,100840,100000,mal_test/playcrypt/9e69416cac3cb428cfb1894fbf7990692978edbf57737ad4c812d53c49687898.asm,9e69416cac3cb428cfb1894fbf7990692978edbf57737ad4c812d53c49687898,plain,838,1
ac2077199eff791b44274b3f0634e5c23ff219e4097136d59baaf6fba337989f,mal_test,playcrypt,1,x86,100824,100000,mal_test/playcrypt/ac2077199eff791b44274b3f0634e5c23ff219e4097136d59baaf6fba337989f.asm,ac2077199eff791b44274b3f0634e5c23ff219e4097136d59baaf6fba337989f,plain,822,1
bb51255ec929ae1fb34981b8b988769027ee49e68c0958a4a2a76b59a0dc1cff,mal_test,playcrypt,1,x86,43167,42978,mal_test/playcrypt/bb51255ec929ae1fb34981b8b988769027ee49e68c0958a4a2a76b59a0dc1cff.asm,bb51255ec929ae1fb34981b8b988769027ee49e68c0958a4a2a76b59a0dc1cff,plain,188,0
bbd84d10f6a56bfeca23fd5d11d9e370fdfa91be73aa60c9d460b2671145c109,mal_test,playcrypt,1,x86,53118,52963,mal_test/playcrypt/bbd84d10f6a56bfeca23fd5d11d9e370fdfa91be73aa60c9d460b2671145c109.asm,bbd84d10f6a56bfeca23fd5d11d9e370fdfa91be73aa60c9d460b2671145c109,plain,154,0
c0eab1dbd64ffbe9c2f77f0e71e30cfff8467aa7e9ce2ed74e7a8dcdd861e3a6,mal_test,playcrypt,1,x86,53272,53123,mal_test/playcrypt/c0eab1dbd64ffbe9c2f77f0e71e30cfff8467aa7e9ce2ed74e7a8dcdd861e3a6.asm,c0eab1dbd64ffbe9c2f77f0e71e30cfff8467aa7e9ce2ed74e7a8dcdd861e3a6,plain,148,0
c3e9740759f6cdd8eab97bc23430e1f042862ab41eacec0bb763693e5745549c,mal_test,playcrypt,1,x86,100831,100000,mal_test/playcrypt/c3e9740759f6cdd8eab97bc23430e1f042862ab41eacec0bb763693e5745549c.asm,c3e9740759f6cdd8eab97bc23430e1f042862ab41eacec0bb763693e5745549c,plain,829,1
c441e4d38af87a46dae4ea4823456e42145238d300b51d83a7060cee0b57de28,mal_test,playcrypt,1,x86,100827,100000,mal_test/playcrypt/c441e4d38af87a46dae4ea4823456e42145238d300b51d83a7060cee0b57de28.asm,c441e4d38af87a46dae4ea4823456e42145238d300b51d83a7060cee0b57de28,plain,825,1
cd16f6b2faaf801a0de5d5afc68ed50a5bde9b4905bb00fe5f408b265ec081e5,mal_test,playcrypt,1,x86,43167,42978,mal_test/playcrypt/cd16f6b2faaf801a0de5d5afc68ed50a5bde9b4905bb00fe5f408b265ec081e5.asm,cd16f6b2faaf801a0de5d5afc68ed50a5bde9b4905bb00fe5f408b265ec081e5,plain,188,0
d9d64a1e9e7d6911f256f2d449cc8ab58301396374265215e5c121bf036ba58d,mal_test,playcrypt,1,x86,100922,100000,mal_test/playcrypt/d9d64a1e9e7d6911f256f2d449cc8ab58301396374265215e5c121bf036ba58d.asm,d9d64a1e9e7d6911f256f2d449cc8ab58301396374265215e5c121bf036ba58d,plain,920,1
dcaf62ee4637397b2aaa73dbe41cfb514c71565f1d4770944c9b678cd2545087,mal_test,playcrypt,1,x86,26429,26428,mal_test/playcrypt/dcaf62ee4637397b2aaa73dbe41cfb514c71565f1d4770944c9b678cd2545087.asm,dcaf62ee4637397b2aaa73dbe41cfb514c71565f1d4770944c9b678cd2545087,plain,0,0
dd101db5d9503f33a0c23d79da3642e999375748f7c1532e98c813b114bdfa1a,mal_test,playcrypt,1,x86,26453,26452,mal_test/playcrypt/dd101db5d9503f33a0c23d79da3642e999375748f7c1532e98c813b114bdfa1a.asm,dd101db5d9503f33a0c23d79da3642e999375748f7c1532e98c813b114bdfa1a,plain,0,0
e4f32fe39ce7f9f293ccbfde30adfdc36caf7cfb6ccc396870527f45534b840b,mal_test,playcrypt,1,x86,26479,26477,mal_test/playcrypt/e4f32fe39ce7f9f293ccbfde30adfdc36caf7cfb6ccc396870527f45534b840b.asm,e4f32fe39ce7f9f293ccbfde30adfdc36caf7cfb6ccc396870527f45534b840b,plain,1,0
e641b622b1f180fe189e3f39b3466b16ca5040b5a1869e5d30c92cca5727d3f0,mal_test,playcrypt,1,x86,43167,42978,mal_test/playcrypt/e641b622b1f180fe189e3f39b3466b16ca5040b5a1869e5d30c92cca5727d3f0.asm,e641b622b1f180fe189e3f39b3466b16ca5040b5a1869e5d30c92cca5727d3f0,plain,188,0
f054f373cead893f868fd9b4acc24f751afefbb80cf961e305f97741f952a641,mal_test,playcrypt,1,x86,43166,42978,mal_test/playcrypt/f054f373cead893f868fd9b4acc24f751afefbb80cf961e305f97741f952a641.asm,f054f373cead893f868fd9b4acc24f751afefbb80cf961e305f97741f952a641,plain,187,0
f284064ee25c56c68dd76370470567818ffcbf4ae134c7beca1c3ba773c21619,mal_test,playcrypt,1,x86,100924,100000,mal_test/playcrypt/f284064ee25c56c68dd76370470567818ffcbf4ae134c7beca1c3ba773c21619.asm,f284064ee25c56c68dd76370470567818ffcbf4ae134c7beca1c3ba773c21619,plain,922,1
f39d6741cbb99a81decbe5e75c07e846b5a36b40bc1bb0c0c61415300cc43b6c,mal_test,playcrypt,1,x86,100899,100000,mal_test/playcrypt/f39d6741cbb99a81decbe5e75c07e846b5a36b40bc1bb0c0c61415300cc43b6c.asm,f39d6741cbb99a81decbe5e75c07e846b5a36b40bc1bb0c0c61415300cc43b6c,plain,897,1
f6072ff57c1cfe74b88f521d70c524bcbbb60c561705e9febe033f51131be408,mal_test,playcrypt,1,x86,26479,26477,mal_test/playcrypt/f6072ff57c1cfe74b88f521d70c524bcbbb60c561705e9febe033f51131be408.asm,f6072ff57c1cfe74b88f521d70c524bcbbb60c561705e9febe033f51131be408,plain,1,0
0789a9c0a0d4f3422cb4e9b8e64f1ba92f7b88e2edfd14b7b9a7f5eee5135a4f,mal_test,quantum,1,x64,7871,7862,mal_test/quantum/0789a9c0a0d4f3422cb4e9b8e64f1ba92f7b88e2edfd14b7b9a7f5eee5135a4f.asm,0789a9c0a0d4f3422cb4e9b8e64f1ba92f7b88e2edfd14b7b9a7f5eee5135a4f,plain,7,0
0f3bb820adf6d3bba54988ef40d8188ae48b34b757277e86728bdb8441d01ea2,mal_test,quantum,1,x64,7871,7862,mal_test/quantum/0f3bb820adf6d3bba54988ef40d8188ae48b34b757277e86728bdb8441d01ea2.asm,0f3bb820adf6d3bba54988ef40d8188ae48b34b757277e86728bdb8441d01ea2,plain,7,0
2fd8356abd42b19799aca857990a5f49631b02bd3253f80d96b5d27dcfd2f7c9,mal_test,quantum,1,x64,8194,8185,mal_test/quantum/2fd8356abd42b19799aca857990a5f49631b02bd3253f80d96b5d27dcfd2f7c9.asm,2fd8356abd42b19799aca857990a5f49631b02bd3253f80d96b5d27dcfd2f7c9,plain,7,0
511c1021fad76670d6d407139e5fef62b34ca9656fb735bd7d406728568fa280,mal_test,quantum,1,x86,7478,7473,mal_test/quantum/511c1021fad76670d6d407139e5fef62b34ca9656fb735bd7d406728568fa280.asm,511c1021fad76670d6d407139e5fef62b34ca9656fb735bd7d406728568fa280,plain,3,0
834c1dc19baf8b9edf78f17ffd5b46eea29eb05aaa348304baa218811eac7bfe,mal_test,quantum,1,x64,8194,8185,mal_test/quantum/834c1dc19baf8b9edf78f17ffd5b46eea29eb05aaa348304baa218811eac7bfe.asm,834c1dc19baf8b9edf78f17ffd5b46eea29eb05aaa348304baa218811eac7bfe,plain,7,0
b63e94928da25e18caa1506305b9ca3dedc267e747dfa4710860e757d2cc8192,mal_test,quantum,1,x64,8194,8185,mal_test/quantum/b63e94928da25e18caa1506305b9ca3dedc267e747dfa4710860e757d2cc8192.asm,b63e94928da25e18caa1506305b9ca3dedc267e747dfa4710860e757d2cc8192,plain,7,0
