corpus,sha256,set,label,family,filename,arch,tag,in_cohort,exclude_reason,group,is_dll
hostgood,54baf4ebfb4c25d7e0c62c02c9608476ad504020d09a5baa7c26c94d82248340,good_train,0,goodware,AMD_Chipset_Drivers.exe,x86,plain,1,,pf:amd,0
hostgood,4dfe83c91124cd542f4222fe2c396cabeac617bb6f59bdcbdf89fd6f0df0a32f,good_train,0,goodware,vc_redist.x64.exe,x86,plain,1,,pf:amd,0
hostgood,2065cacfca9b366ccf48afbce7d69e027899e98393f10a3cdc116d9b95d17623,good_train,0,goodware,ar.exe,x86,plain,1,,pf:arm gnu toolchain arm-none-eabi,0
hostgood,a235ef906fbd96023234bfae3aaaf344744e71c9c77e4b72a6c42bab076d5bd2,good_train,0,goodware,arm-none-eabi-addr2line.exe,x86,plain,1,,pf:arm gnu toolchain arm-none-eabi,0
hostgood,d6492c17e9996f6c77bbcb4a7ea1490c7c0fa799c64bf9638029553b9350278b,good_train,0,goodware,arm-none-eabi-ar.exe,x86,plain,1,,pf:arm gnu toolchain arm-none-eabi,0
hostgood,b3f5555d1ca8800b42174e931fd96bb00a1bceb84d0f5cbc00fc4569f816d3ec,good_train,0,goodware,arm-none-eabi-as.exe,x86,plain,1,,pf:arm gnu toolchain arm-none-eabi,0
hostgood,ba9f6aafd5e822aa5e25fcd460c65b7856043f95b536cd29433a8a0a148cd6f5,good_train,0,goodware,arm-none-eabi-c++.exe,x86,plain,1,,pf:arm gnu toolchain arm-none-eabi,0
hostgood,dec61082dcebd94bbc29312688a71be98f47823e78485806eecd56e480137452,good_train,0,goodware,arm-none-eabi-c++filt.exe,x86,plain,1,,pf:arm gnu toolchain arm-none-eabi,0
hostgood,e6e2ec75effd9dc8a4143b160e1ab095a65960a0116168c0e5b958bed8d8aa99,good_train,0,goodware,arm-none-eabi-cpp.exe,x86,plain,1,,pf:arm gnu toolchain arm-none-eabi,0
hostgood,2d2165fce4d0de9d3e3ac709e959fbb553ffb86662e9468258ca2ef47de3a0ad,good_train,0,goodware,arm-none-eabi-elfedit.exe,x86,plain,1,,pf:arm gnu toolchain arm-none-eabi,0
hostgood,d0e73398f7e72a66a1e8af4f8730a9375dc0159321a8341a8331d55de8227b4a,good_train,0,goodware,arm-none-eabi-g++.exe,x86,plain,1,,pf:arm gnu toolchain arm-none-eabi,0
hostgood,9a7fe974017c422f4526bd7ce561003773fdd1039278e3ba713a49a71b956f1d,good_train,0,goodware,arm-none-eabi-gcc-14.2.1.exe,x86,plain,1,,pf:arm gnu toolchain arm-none-eabi,0
hostgood,b2918e6d183f30ffe41f6878cb99ff77963b1639f0349571c6b7e9190ba2cdb7,good_train,0,goodware,arm-none-eabi-gcc-ar.exe,x86,plain,1,,pf:arm gnu toolchain arm-none-eabi,0
hostgood,35cbcb2415d0ccc58ace5968dc661eca13630902efc33f269539fba49fd49a6d,good_train,0,goodware,arm-none-eabi-gcc-nm.exe,x86,plain,1,,pf:arm gnu toolchain arm-none-eabi,0
hostgood,70ab3fd7ade5cd538a6debff130a6d7bbf105f72b35640bc58ef6d884ed5120e,good_train,0,goodware,arm-none-eabi-gcc-ranlib.exe,x86,plain,1,,pf:arm gnu toolchain arm-none-eabi,0
hostgood,dfb298d8f9697904a37782ca822cf8b35a973c0f2ba8d368579e5c109959afe5,good_train,0,goodware,arm-none-eabi-gcc.exe,x86,plain,1,,pf:arm gnu toolchain arm-none-eabi,0
hostgood,88eb2380e222dc0286c3e4d61229e215f1ad411815fcf9bf95c646cd3db48089,good_train,0,goodware,arm-none-eabi-gcov-dump.exe,x86,plain,1,,pf:arm gnu toolchain arm-none-eabi,0
hostgood,486ca5b50515eb751962c1ebc40cfe23aded79829272bb4f9bcb4289c6188511,good_train,0,goodware,arm-none-eabi-gcov-tool.exe,x86,plain,1,,pf:arm gnu toolchain arm-none-eabi,0
hostgood,d69d75f2342b7035dcfd0fac5f51587016145305c7312069abf7dbcb5735838d,good_train,0,goodware,arm-none-eabi-gcov.exe,x86,plain,1,,pf:arm gnu toolchain arm-none-eabi,0
hostgood,ea10ed15f1fb2097c251972ceeb52899e8f9a48575bc1ee319bc267523599cb2,good_train,0,goodware,arm-none-eabi-gdb.exe,x86,plain,1,,pf:arm gnu toolchain arm-none-eabi,0
hostgood,883ac6528212a92905a987948978eeec70501c2a6ccd436d691032e3f78d9317,good_train,0,goodware,arm-none-eabi-gfortran.exe,x86,plain,1,,pf:arm gnu toolchain arm-none-eabi,0
hostgood,cc15b2f4424a6375e67dd27401ff94ca9d4443051a86a5c1053d95b2f40a73e4,good_train,0,goodware,arm-none-eabi-gprof.exe,x86,plain,1,,pf:arm gnu toolchain arm-none-eabi,0
hostgood,a441a0c3a0ea0bb31d2b119650d4fce035bc5c8551df8e626befe11c4c128999,good_train,0,goodware,arm-none-eabi-ld.bfd.exe,x86,plain,1,,pf:arm gnu toolchain arm-none-eabi,0
hostgood,62f45dc3f9a4e1ca91a2062924d499479e66636be6a3b42ed3a8a9c88b03ad14,good_train,0,goodware,arm-none-eabi-ld.exe,x86,plain,1,,pf:arm gnu toolchain arm-none-eabi,0
hostgood,7cbcdf22520500c8be126d91ab7afbc0a90dfac59573865a0ecae20c8205a356,good_train,0,goodware,arm-none-eabi-lto-dump.exe,x86,plain,1,,pf:arm gnu toolchain arm-none-eabi,0
hostgood,63c2107592ede57e239ff1c6114f54cb1d0c7ceba54394e46387b8c856e098c9,good_train,0,goodware,arm-none-eabi-nm.exe,x86,plain,1,,pf:arm gnu toolchain arm-none-eabi,0
hostgood,544e74c2a6381e53df75b6273afdd6637c33508e81a2139c558314796a3671db,good_train,0,goodware,arm-none-eabi-objcopy.exe,x86,plain,1,,pf:arm gnu toolchain arm-none-eabi,0
hostgood,f9b9e264f6f3805858225a5a9e024e4ce54cd3072c061d98ef04364572ff236b,good_train,0,goodware,arm-none-eabi-objdump.exe,x86,plain,1,,pf:arm gnu toolchain arm-none-eabi,0
hostgood,11c18a6032424c18607ab7908b97cbaf8dffafbdd401281b49c5b36b29332e47,good_train,0,goodware,arm-none-eabi-ranlib.exe,x86,plain,1,,pf:arm gnu toolchain arm-none-eabi,0
hostgood,7e683b8e8611e93fff4e61dc0896491a19fde66d2d0409e0ec54de9edaf76f69,good_train,0,goodware,arm-none-eabi-readelf.exe,x86,plain,1,,pf:arm gnu toolchain arm-none-eabi,0
hostgood,a4d110b63cb677bd604eca8f20d51e4f3ec3ba4ab39d6cdaf16bb8f231cdf737,good_train,0,goodware,arm-none-eabi-size.exe,x86,plain,1,,pf:arm gnu toolchain arm-none-eabi,0
hostgood,e8626f92a5606c4bd5914a1586adbd75119dc0aafb7ff7e040892badbe871a10,good_train,0,goodware,arm-none-eabi-strings.exe,x86,plain,1,,pf:arm gnu toolchain arm-none-eabi,0
hostgood,2f87b4b62fd85d5088f627d842b3007c1b7399dc74e36978b986fc759c4e7924,good_train,0,goodware,arm-none-eabi-strip.exe,x86,plain,1,,pf:arm gnu toolchain arm-none-eabi,0
hostgood,d7f8dcfd4f6f12880192d460c5ad9aa9591a1fd7f8b5a8144a00ab64d785e228,good_train,0,goodware,as.exe,x86,plain,1,,pf:arm gnu toolchain arm-none-eabi,0
hostgood,c0c552925853e9079443c9d72ffd0f4b543e719ae91ed131bb24c1ba66621282,good_train,0,goodware,cc1.exe,x86,plain,1,,pf:arm gnu toolchain arm-none-eabi,0
hostgood,d5cc350950428226b0fd6099c12c0398ff05950433eff29057ac32e9a51c7205,good_train,0,goodware,cc1plus.exe,x86,plain,1,,pf:arm gnu toolchain arm-none-eabi,0
hostgood,2f4b00e2db0ad5ba714681f889e2326db9bc4f363340fc08b66c987dd326d80b,good_train,0,goodware,collect2.exe,x86,plain,1,,pf:arm gnu toolchain arm-none-eabi,0
hostgood,1b39cc8ef1da05cc357a4816a13a5fa2889310e653a6fba95ece199362928e3f,good_train,0,goodware,f951.exe,x86,plain,1,,pf:arm gnu toolchain arm-none-eabi,0
hostgood,1ae8099bf829975bcff2976a42f529aa59a8fbd911ed864cca87fa78904d7aea,good_train,0,goodware,fixincl.exe,x86,plain,1,,pf:arm gnu toolchain arm-none-eabi,0
hostgood,6f4841f6031cd824cbde2e8ce5d4da52d12c295ed60161a2a423a421ad748c27,good_train,0,goodware,ld.bfd.exe,x86,plain,1,,pf:arm gnu toolchain arm-none-eabi,0
hostgood,f1ef778f2c3ac31ea7d8202f764e6be7ba407dd8da3a989a86acba06e4341ae2,good_train,0,goodware,ld.exe,x86,plain,1,,pf:arm gnu toolchain arm-none-eabi,0
hostgood,ab5cf31c525bfc31dbe78326a36bfe268d9af7a17d0745d6a934eaf55fc3e5ce,good_train,0,goodware,lto-wrapper.exe,x86,plain,1,,pf:arm gnu toolchain arm-none-eabi,0
hostgood,cc386d1c5632fdceacc066e6f4242c882e4fafe03c3982bb0c8ae6ddcf081286,good_train,0,goodware,lto1.exe,x86,plain,1,,pf:arm gnu toolchain arm-none-eabi,0
hostgood,52e73312e910834102e289b11169fb652c3b85f94b9bae9b87c4bcf5ad74fada,good_train,0,goodware,nm.exe,x86,plain,1,,pf:arm gnu toolchain arm-none-eabi,0
hostgood,f5d23a9de198746619e0639b0761fb564aa5b5971312a0424fb8a486c5a68a73,good_train,0,goodware,objcopy.exe,x86,plain,1,,pf:arm gnu toolchain arm-none-eabi,0
hostgood,6ccbef1592fe6f5d7c6fac1846f6f3725b05f26f94f511a542c06a241897642e,good_train,0,goodware,objdump.exe,x86,plain,1,,pf:arm gnu toolchain arm-none-eabi,0
hostgood,768d44b3525d646aa6e70ac7487975eedf41b0a84709ee5037db31809f8b2490,good_train,0,goodware,ranlib.exe,x86,plain,1,,pf:arm gnu toolchain arm-none-eabi,0
hostgood,08ca97c928bd2b2e2515bf6366ba37f359e74f389488696efa564aca085a52d9,good_train,0,goodware,readelf.exe,x86,plain,1,,pf:arm gnu toolchain arm-none-eabi,0
hostgood,4eee5ab432d8f7bacecb285c9be4e20dfa86efd5102c8a8914703e7ca3ac0277,good_train,0,goodware,strip.exe,x86,plain,1,,pf:arm gnu toolchain arm-none-eabi,0
hostgood,3969d796710bedcdb6ffb8ac985d787d048b2a5052ea515cb0382b2b5e9372d8,good_train,0,goodware,uninstall.exe,x86,plain,1,,pf:arm gnu toolchain arm-none-eabi,0
hostgood,69469a3b807d8751966a3d6cd78f17c8b368a6760718805997e751e3ab2b3eed,good_train,0,goodware,AdobeARM.exe,x86,plain,1,,pf:common files,0
hostgood,cfb82984a9808f44f55bbdc311cbe2b1fdcea95416be2c1f6b7e228bdf955658,good_train,0,goodware,AdobeARMHelper.exe,x86,plain,1,,pf:common files,0
hostgood,ee76938ed3e28e79dab6dafd28a689547e29cea1f33b6535039b325c283f277e,good_train,0,goodware,TabTip32.exe,x86,plain,1,,pf:common files,0
hostgood,dc4028389887ea79a54d67578476895ff2c91ad93e31ed1268f37de6fdd563f6,good_train,0,goodware,armsvc.exe,x86,plain,1,,pf:common files,0
hostgood,06099ff2cd3c07315e1d47d1e6c1bb7caa6166c079af2265674f0dce3a2e8294,good_train,0,goodware,drivers.exe,x86,plain,1,,pf:common files,0
hostgood,7c4e1c2a81a5ef42a95fc038275e9ac445c4f2669f1eeee6d538e21ed508ae7e,good_train,0,goodware,msinfo32.exe,x86,plain,1,,pf:common files,0
hostgood,94344d788c63cc602856aadb5fb94e8ec09a6b6dee4ebfe8f961c346f8a5691b,good_train,0,goodware,pipanel.exe,x86,plain,1,,pf:common files,0
hostgood,d3b3410479139d0d0dfac0d8dfa4fb21a3da071bd4f9b8c8325f1a03ff48d237,good_train,0,goodware,steamerrorreporter.exe,x86,plain,1,,pf:common files,0
hostgood,6c451a0cddaf71816c09e268237f8226fe32dfc1e36ce0229c5b1f425fdc8b62,good_train,0,goodware,steamservice.exe,x86,plain,1,,pf:common files,0
hostgood,89906516acfb45a375e326fee2e6694cdc51b7659af4e9b75a5fb68e98fd6597,good_train,0,goodware,remote_assistance_host.exe,x86,plain,1,,pf:google,0
hostgood,13f36a1ffd999c9d5168b86a1ab54440baff218ab1ca2d900699fb13354ead59,good_train,0,goodware,remote_assistance_host_uiaccess.exe,x86,plain,1,,pf:google,0
hostgood,e83324ffba77315cb3c5596826806f423a8d7374fee8af7ff92dc7f6330c8aba,good_train,0,goodware,remote_open_url.exe,x86,plain,1,,pf:google,0
hostgood,30c79d7f9b721febc796d9d54b031605187cf25a2d965fff90bed9505d2b7296,good_train,0,goodware,remote_security_key.exe,x86,plain,1,,pf:google,0
hostgood,594188c1d3b73f1ccb83c9e054e9058a7d2a628cca8a0ea3f0f6d6477144f745,good_train,0,goodware,remote_webauthn.exe,x86,plain,1,,pf:google,0
hostgood,a0065892de654e3e24f06bfcd7caf6a09ab17bf4b40f4be6978bb4ab992b509a,good_train,0,goodware,remoting_core.dll,x86,plain,1,,pf:google,1
hostgood,c70952caa8cf009bb6fd8e2cbd56d03f2b161e1e84b97780465c7bd18f5599b5,good_train,0,goodware,remoting_crashpad_handler.exe,x86,plain,1,,pf:google,0
hostgood,57da7b9035b18df3314cd1678310f8c24adce14f8e277f25a8e2691be6afd349,good_train,0,goodware,remoting_desktop.exe,x86,plain,1,,pf:google,0
hostgood,1385d0d97cadff8c7cbffe25f010e503b028ac0e2952b634cd75fd860b796d7e,good_train,0,goodware,remoting_host.exe,x86,plain,1,,pf:google,0
hostgood,87797f6013e0c1095a4a3f8cd0fd2ae7e19be7364687baa755c5a21bb659d320,good_train,0,goodware,remoting_native_messaging_host.exe,x86,plain,1,,pf:google,0
hostgood,2a2940b84b0ff8a2ed4f062f35dc46d0079381b10c6d246e3ad3dbc3414c6b96,good_train,0,goodware,remoting_start_host.exe,x86,plain,1,,pf:google,0
hostgood,3d3fe3f0714921041280cf7c4847667140da7a83455b32e2380e86db57149158,good_train,0,goodware,GPU-Z.exe,x86,upx,0,upx,pf:gpu-z,0
hostgood,46631d2343fa72953d68f00fca08dea6bef027ea6ed494260d658576a79568c1,good_train,0,goodware,unins000.exe,x86,plain,1,,pf:gpu-z,0
hostgood,f653a52e722eac54cfb781405cb150f18164995fe500c9428fdcabc27056d29d,good_train,0,goodware,ISSetup.dll,x86,packed_other,0,packed_other,pf:installshield installation information,1
hostgood,1ef5e7dfec29e299cc170848db808a89d1fc9383579a8b3dd15cb848019e008b,good_train,0,goodware,setup.exe,x86,plain,1,,pf:installshield installation information,0
hostgood,b01364cf109a21ec9267d6de3596c76b070687f3e68ee5f2832be25b98884c35,good_train,0,goodware,ExtExport.exe,x86,plain,1,,pf:internet explorer,0
hostgood,bea6e19c76bf7fccdf23816fe67383e6604de5f1845d7a8fb93a3b5b2daee0b4,good_train,0,goodware,ieinstal.exe,x86,plain,1,,pf:internet explorer,0
hostgood,e7d649f5ceb2ece9d43d98fb593ac3bf97efb9d97b316b2ed6c2ea5892cd1c21,good_train,0,goodware,ielowutil.exe,x86,plain,1,,pf:internet explorer,0
hostgood,bb5e0cc7bae39baf9cef82ac88769d90a562f7a23fe6b97dc98dfbc8b7340cd6,good_train,0,goodware,iexplore.exe,x86,plain,1,,pf:internet explorer,0
hostgood,ecb61b8631e56fe016b9c917c26401570a7b43d6c0b25addea0c3965d8df124e,good_train,0,goodware,appletviewer.exe,x86,plain,1,,pf:java,0
hostgood,8d2c649e9a9c4a96571f80e61e9b7c37fc18969b29aff33256e11135c1d4642b,good_train,0,goodware,extcheck.exe,x86,plain,1,,pf:java,0
hostgood,139466db7c832543e6b1411f6fb5f0a3dd409215acf175344d2c877dc52928c5,good_train,0,goodware,idlj.exe,x86,plain,1,,pf:java,0
hostgood,9d3873919bcabf77c80ce50dd36c42ed6b1db2eb92ec4a957c4b60cdd8b72116,good_train,0,goodware,jabswitch.exe,x86,plain,1,,pf:java,0
hostgood,a67cf7a4e99e4421e2b873ca57a24475dd01e232126e7be72ed92b1f3f7e528f,good_train,0,goodware,jar.exe,x86,plain,1,,pf:java,0
hostgood,05b58f5aae672675c5c5d485fda264651e225fe6c3eb3420abad747eb084fc16,good_train,0,goodware,jarsigner.exe,x86,plain,1,,pf:java,0
hostgood,959e81fb13f7485db45c3bb4788d2328449ace9ede1b2631a9924e9f3993a747,good_train,0,goodware,java-rmi.exe,x86,plain,1,,pf:java,0
hostgood,f8aba0329a789cf8e5df2c4d21e86fdd0214deea0484081a38d4149e1e252eac,good_train,0,goodware,java.exe,x86,plain,1,,pf:java,0
hostgood,696b63fccc5febe9099b27bb51814850370d956ee02d04de303af37cfac4ec79,good_train,0,goodware,javac.exe,x86,plain,1,,pf:java,0
hostgood,9ad01a79e67d7bf2911b90277b706c42c73a67d409711fe6d82151df98b33d98,good_train,0,goodware,javacpl.exe,x86,plain,1,,pf:java,0
hostgood,15da8f6834122b332399bc7a029c27a7aeb10695cf79e05cf15daec1d3796791,good_train,0,goodware,javadoc.exe,x86,plain,1,,pf:java,0
hostgood,9b494756ca3b8df12e885f2021db11f5b68f632d0fab7980c0782ad2d89c6357,good_train,0,goodware,javafxpackager.exe,x86,plain,1,,pf:java,0
hostgood,b1a9fad4def83935813966a044e39bdab66cecbc6ac129df1f9e2b0c8ad97f05,good_train,0,goodware,javah.exe,x86,plain,1,,pf:java,0
hostgood,993b884efa0838cc345760a80386c648ad82eaf3c818496a77fd08296e9cf7ce,good_train,0,goodware,javap.exe,x86,plain,1,,pf:java,0
hostgood,22f62ba7ed4c91c36e4afb4e592d024e2b88d639d04a655aee3c74c53d28e8e4,good_train,0,goodware,javapackager.exe,x86,plain,1,,pf:java,0
hostgood,c960e487db79f28800d59e3782c80f1852c3d881397f8fa159d74db9ebcc1147,good_train,0,goodware,javaw.exe,x86,plain,1,,pf:java,0
hostgood,7287544bbaf4904ef68c6ca579f1796a32248e2c4fcfee4e3712ad069f67681f,good_train,0,goodware,javaws.exe,x86,plain,1,,pf:java,0
hostgood,515d6ee86dafcd3f3679a4aa11dc28d2401e86e9cf5b265979826ad091234fc6,good_train,0,goodware,jcmd.exe,x86,plain,1,,pf:java,0
hostgood,42355bfa9a17fa045be1695e3edc8e684f5722cf619fd22d4834bbcd9d729903,good_train,0,goodware,jconsole.exe,x86,plain,1,,pf:java,0
hostgood,0ffa6c33f62ce2658e5dcbd4cd91d69236c3b18d36286c78d7ec5076ebeb112c,good_train,0,goodware,jdb.exe,x86,plain,1,,pf:java,0
hostgood,c5ae8a69b9ebfe5bc13c99e44a8f40ad253799ab8b02219a1c9819a58a3b0885,good_train,0,goodware,jdeps.exe,x86,plain,1,,pf:java,0
hostgood,1325d4f7ca594c38ba6e00650e271fa885e859ba28936c438b9c55c719f1292f,good_train,0,goodware,jhat.exe,x86,plain,1,,pf:java,0
hostgood,78968963f6854dd6cdfc9a3a6cd8eaf77a50d172669b7bc8162d8bf60c5ada8a,good_train,0,goodware,jinfo.exe,x86,plain,1,,pf:java,0
hostgood,95b04a9d37e38aa3bb1a4b1c054e1515cbe52cb8143ef9456e96a1bdb8021c5b,good_train,0,goodware,jjs.exe,x86,plain,1,,pf:java,0
hostgood,a9b88b7f121392938b7a844dc8a5e6afd2033d9aa3ec6823f8e2aebe56bd45ca,good_train,0,goodware,jmap.exe,x86,plain,1,,pf:java,0
hostgood,45d2df1ef0fccff725e76e8136df73ac04bff0b3a238c7414bfc9ba54c162d02,good_train,0,goodware,jmc.exe,x86,plain,1,,pf:java,0
hostgood,aed6a09f44c1b04024179c9a1791d69ad8a2824e47b7fc9b68fa97649d4a50e8,good_train,0,goodware,jp2launcher.exe,x86,plain,1,,pf:java,0
hostgood,0c289125a3615b0276a1d082c773482c2f0e6f6266680ef8292e145e779e826a,good_train,0,goodware,jps.exe,x86,plain,1,,pf:java,0
hostgood,1af63a0b8be0b6ba4e987305136d5ef58b7c99350c639c296482fef12e816653,good_train,0,goodware,jrunscript.exe,x86,plain,1,,pf:java,0
hostgood,321d2022af3785674569a320b7d1fbb127075ee484fcdb8cd9022b8378a9ea63,good_train,0,goodware,jsadebugd.exe,x86,plain,1,,pf:java,0
hostgood,b0851db013dac2785e9baf9cb91a62ccea7e2bfe63422ae2a58a4e219bd32c4f,good_train,0,goodware,jstack.exe,x86,plain,1,,pf:java,0
hostgood,dc9955d1a658e999994a67073abcb9d72ed3e9aedd6e9a694dd21c63bebe69f3,good_train,0,goodware,jstat.exe,x86,plain,1,,pf:java,0
hostgood,89ef1dc58b32d0345f03dbe7242598eafafaf487b7c23125f9905d4f0bb1cfb5,good_train,0,goodware,jstatd.exe,x86,plain,1,,pf:java,0
hostgood,ff73c460ae1ce6315000961a2a255721c4e48ddecf14482bf97b74f510e7f74f,good_train,0,goodware,jvisualvm.exe,x86,plain,1,,pf:java,0
hostgood,4037ece75433c06c4f8b429ece0ded64c3947240c63f33074b1267ff76891746,good_train,0,goodware,keytool.exe,x86,plain,1,,pf:java,0
hostgood,33b338e42bb5606ec9979ab74c30182560aaf2ff914425c1e0c2d2f51c5f009b,good_train,0,goodware,kinit.exe,x86,plain,1,,pf:java,0
hostgood,71aa74bd2c102205c7b6c7858200d1f3c91b926d9d0cf0b383ae4913b124d93f,good_train,0,goodware,klist.exe,x86,plain,1,,pf:java,0
hostgood,dd52720ae194af3803b523d506b68aee69d504fa38343781615075d6f5a484b5,good_train,0,goodware,ktab.exe,x86,plain,1,,pf:java,0
hostgood,738c3ecd2368480f12607ee5dde758f91a48890c7f2ed3e61e6c0fff26b41920,good_train,0,goodware,native2ascii.exe,x86,plain,1,,pf:java,0
hostgood,8006fd76a83a07879f239489ac0d6db187716ad5575b4930e95438b0605a4f61,good_train,0,goodware,nbexec.exe,x86,plain,1,,pf:java,0
hostgood,5557558a26e7ecaa90966d83248408001b489eadadf8d6b2ebc115a0ad195b96,good_train,0,goodware,orbd.exe,x86,plain,1,,pf:java,0
hostgood,bb94da338cfaae0900fe59aefe2ff665f0461a0edf289f469abfd40231575b2a,good_train,0,goodware,pack200.exe,x86,plain,1,,pf:java,0
hostgood,0066ba80359eb24557bd2ad8b3dfbda1f7bb6897779d7d6ef468c021045d865f,good_train,0,goodware,policytool.exe,x86,plain,1,,pf:java,0
hostgood,b54fa22e8f68176fcb2aa2cbb5da5b2d179f79e25fe30ec9b0efe851a5fb83eb,good_train,0,goodware,rmic.exe,x86,plain,1,,pf:java,0
hostgood,7f4cfe11b9e62b79e8f0e2ce8f0a73c560ff2a643c09a98e759fd6cf942386fd,good_train,0,goodware,rmid.exe,x86,plain,1,,pf:java,0
hostgood,12cbba58a8361b80fa8d73ea9638cc6a805029cf7073ea86934afa0bfa7a3509,good_train,0,goodware,rmiregistry.exe,x86,plain,1,,pf:java,0
hostgood,5546dbc1ba38bab77e46565ddcd928de0ebc592c3a03f73086e268f79da5737f,good_train,0,goodware,schemagen.exe,x86,plain,1,,pf:java,0
hostgood,9d27d8bb1c806d54baaecdbd84e769dfb59375d43b72bf39b13b023041a850ea,good_train,0,goodware,serialver.exe,x86,plain,1,,pf:java,0
hostgood,228e2de8e660a7bec18e52fb93fe68d42f161e0357b088f1ea649b91be95c310,good_train,0,goodware,servertool.exe,x86,plain,1,,pf:java,0
hostgood,dd95952963e6191f82b609a70051b3f70c52601add336e06f55375da47a95941,good_train,0,goodware,ssvagent.exe,x86,plain,1,,pf:java,0
hostgood,44984c61854bcdd63f0a9dde7bd532e7a6f819b6274af40c6a7dce2044b84b2f,good_train,0,goodware,tnameserv.exe,x86,plain,1,,pf:java,0
hostgood,5ead981111b60677c6ad6cf77fb463e5e02a14d6bf9a1624c22b4a16aa9d4171,good_train,0,goodware,unpack200.exe,x86,plain,1,,pf:java,0
hostgood,4b548a96171dabddd06fafda7443bd0130ae412afaecab3ca4c9cf6d2da287ee,good_train,0,goodware,wsgen.exe,x86,plain,1,,pf:java,0
hostgood,c8030230daa212c177575708510c62be82ffde34c899529ff09a8ecf5dcfe8e7,good_train,0,goodware,wsimport.exe,x86,plain,1,,pf:java,0
hostgood,0fe189499b7924ed4983fee3d2802ecca1678e4c4eef1c9fdea24e0a4d40cdf4,good_train,0,goodware,xjc.exe,x86,plain,1,,pf:java,0
hostgood,2b561d9112313a7ed88dc6c318aa3ca7da3b70ad62a94f42eaf26c3b849871b7,good_train,0,goodware,uninstall.exe,x86,plain,1,,pf:mcafee security scan,0
hostgood,696bca8ed732601a01d21597105794590818d8a8ee386374ab59fbc8af9ab778,good_train,0,goodware,CopilotUpdate.exe,x86,plain,1,,pf:microsoft,0
hostgood,5497dd84321887d18b62fae35689ea4a7d07cad7840853b2bb50bbf7bfac365e,good_train,0,goodware,MicrosoftEdgeUpdate.exe,x86,plain,1,,pf:microsoft,0
hostgood,4ad3934b4bb30627b82a740c620246dc28d50db032496adb26ae72ce9473fb0f,good_train,0,goodware,MicrosoftEdgeUpdateBroker.exe,x86,plain,1,,pf:microsoft,0
hostgood,a52ca05f25ee177d5d30bb130e3738b459b096d36ce58d893323237d8ffae3d0,good_train,0,goodware,MicrosoftEdgeUpdateCore.exe,x86,plain,1,,pf:microsoft,0
hostgood,e9c09ae8727c71b9295acd1a96e2e716a9684a3d2795ae0ab5856bb8e7ef8e30,good_train,0,goodware,MicrosoftEdgeUpdateOnDemand.exe,x86,plain,1,,pf:microsoft,0
hostgood,037d3d339db5d3fc7c8eaf307e70399313253a156b08f835cbec0da602830b61,good_train,0,goodware,MicrosoftEdgeUpdateSetup.exe,x86,plain,1,,pf:microsoft,0
hostgood,7068855bbd310ce9a7f8ebecc5bc3b1a221d06308a5246492516113bbce1645a,good_train,0,goodware,AppxDebugSysTray.exe,x86,dotnet,0,dotnet,pf:microsoft visual studio,0
hostgood,4ca84c5e3d1f308987125c73a40be7550bfba8a929e6146fc2e4683997f78f91,good_train,0,goodware,BackgroundDownload.exe,x86,dotnet,0,dotnet,pf:microsoft visual studio,0
hostgood,556b50026bbab2f35deb1c6e1f1cde2326b49f731c9c53cefd22a01aab763471,good_train,0,goodware,CheckHyperVHost.exe,x86,plain,1,,pf:microsoft visual studio,0
hostgood,b1df8b5a360b3a30040d7be23c89e6fde09965b8c28a9338017b9fbb5a064774,good_train,0,goodware,CodeCoverage.exe,x86,plain,1,,pf:microsoft visual studio,0
hostgood,f3a06a1a6d30bd7f7e0445ac5c873fda2b5bf82b862e8de7d52ecf33fe5de524,good_train,0,goodware,DDConfigCA.exe,x86,plain,1,,pf:microsoft visual studio,0
hostgood,72ff27e414374a3f0a8c4f2b62622101b1cdb00455beb9c63fc9a0661e865f49,good_train,0,goodware,FxCopCmd.exe,x86,dotnet,0,dotnet,pf:microsoft visual studio,0
hostgood,e00933ce462bdd3505149e07335f56b6c6c98529db0cf3ae57e27c7068381ff9,good_train,0,goodware,InstallCleanup.exe,x86,dotnet,0,dotnet,pf:microsoft visual studio,0
hostgood,81263dd8ec9f60137708bfe6fcb301773b881eb21a6831870a2ba025e02140b7,good_train,0,goodware,MSBuild.exe,x86,dotnet,0,dotnet,pf:microsoft visual studio,0
hostgood,dca3d818630e9b6d87632221d88b4457793289a1193c75a8096e941b64bff9e9,good_train,0,goodware,MSBuildTaskHost.exe,x86,dotnet,0,dotnet,pf:microsoft visual studio,0
hostgood,3a4e851ee5fc0f6182aa5a3d65dc56fcd6979b65334b5c3b92fbdc791457c0ab,good_train,0,goodware,Microsoft.Bcl.HashCode.dll,x86,dotnet,0,dotnet,pf:microsoft visual studio,1
hostgood,f7484fb7fb1fbd8adafc8dc82500749e496e4137598e4ed666bf55896f72e14c,good_train,0,goodware,Microsoft.CodeCoverage.Console.exe,x86,dotnet,0,dotnet,pf:microsoft visual studio,0
hostgood,510e14ec8b9bf267a639266233f6fbf2592d636c409ebc75e08e5e60c0140819,good_train,0,goodware,Microsoft.VisualStudio.Setup.ToastNotification.exe,x86,dotnet,0,dotnet,pf:microsoft visual studio,0
hostgood,fd15d675fec6cffaa02e3207311e315a31b611bf101408089f8ec8a86e1cecf9,good_train,0,goodware,Microsoft.VisualStudio.VsWebProtocolSelector.exe,x86,dotnet,0,dotnet,pf:microsoft visual studio,0
hostgood,494bfe93bb92ff8d708faf59255c28b17cee67f92bfe509f2d29d2368b0d14a9,good_train,0,goodware,NuGet.Build.Tasks.Console.exe,x86,dotnet,0,dotnet,pf:microsoft visual studio,0
hostgood,40efe11a0c8393b5bbc00fc74d5aae3f190301a54f34a9a70c947f2aae347b0e,good_train,0,goodware,SettingsMigrator.exe,x86,dotnet,0,dotnet,pf:microsoft visual studio,0
hostgood,b6098a8220d4935bca6a7aaa47f7e76d904255c41d4f24386415ff1aa6305d1e,good_train,0,goodware,T4VSHostProcess.exe,x86,dotnet,0,dotnet,pf:microsoft visual studio,0
hostgood,80ac281461e932621e48d42bf2c1e3c7a12f7e45df5d42486f8b182c7e307638,good_train,0,goodware,TextTransform.exe,x86,dotnet,0,dotnet,pf:microsoft visual studio,0
hostgood,61ffc8794f16981d89ec343a9f3ede1d57eddb64982774e68dd648a51dbc3a42,good_train,0,goodware,TextTransformCore.dll,x86,dotnet,0,dotnet,pf:microsoft visual studio,0
hostgood,ecd070c2c794c09d703a9f3dcc4d07abb29418a4b90ee3ecdb2b6baa3aef70a6,good_train,0,goodware,Tracker.exe,x86,plain,1,,pf:microsoft visual studio,0
hostgood,5494f2e055677b3d6f2a63fc09049d66adab4e9599eacea8439270da14a2e10e,good_train,0,goodware,VBCSCompiler.exe,x86,dotnet,0,dotnet,pf:microsoft visual studio,0
hostgood,367c5cbe53e4c7dfa8614409a27b375642f0ccd28da995a706bf954ed919a5db,good_train,0,goodware,VSHiveStub.exe,x86,dotnet,0,dotnet,pf:microsoft visual studio,0
hostgood,6961082f7cf8fbe5b3b20ba79b563fe0d27ea79285f7528fe0f40ff002040070,good_train,0,goodware,VSIXAutoUpdate.exe,x86,dotnet,0,dotnet,pf:microsoft visual studio,0
hostgood,64f3a4aa86e4b2f170aeaf3368aaf6de9ee0267e4ddc00c5ccde1db3d4c0e219,good_train,0,goodware,VSIXConfigurationUpdater.exe,x86,dotnet,0,dotnet,pf:microsoft visual studio,0
hostgood,da730df6f006b4be9934c5af8a54114d57923ec8060ba755c9ec76f538fafb09,good_train,0,goodware,VSIXInstaller.exe,x86,dotnet,0,dotnet,pf:microsoft visual studio,0
hostgood,afce541b3d58710bd55fa7ef433f16c0ae9f54c5b0993571da7882daaefe0c1d,good_train,0,goodware,VSInstallerElevationService.exe,x86,dotnet,0,dotnet,pf:microsoft visual studio,0
hostgood,1ebd48d87d8aa31c572616f36099272194529e5a6bd6a30be7650ceaae3418e7,good_train,0,goodware,VSLaunchBrowser.exe,x86,dotnet,0,dotnet,pf:microsoft visual studio,0
hostgood,b381622c6cb2ab54e44c307a2b39ec3c2d7db49c37178a46251859eaae9c1a76,good_train,0,goodware,VSWebHandler.exe,x86,dotnet,0,dotnet,pf:microsoft visual studio,0
hostgood,31636e2f963892a9cb67bc617576f2c77eac6c1c7433c419d2617012599426df,good_train,0,goodware,VSWebLauncher.exe,x86,plain,1,,pf:microsoft visual studio,0
hostgood,9d32373bfc3ce1d87ad8eee27bd0c39f102d72575d0f6f5f0a840c1b04fbd7cb,good_train,0,goodware,VsDebugConsole.exe,x86,plain,1,,pf:microsoft visual studio,0
hostgood,d287a82773c059ff96d3e0df3eacf37dda1167343a5ff6dcd26428933a406fab,good_train,0,goodware,VsDebugLaunchNotify.exe,x86,plain,1,,pf:microsoft visual studio,0
hostgood,3c2271652df0d003da8a9262ce1bc9dc09cd2455c0de678256c2208f2414e38c,good_train,0,goodware,VsDebugWERHelper.exe,x86,plain,1,,pf:microsoft visual studio,0
hostgood,1fc0e689670fcebbc0464739d3aa8869957f1c7fd6bf8f2e146150f254d20198,good_train,0,goodware,covinstrc32.exe,x86,plain,1,,pf:microsoft visual studio,0
hostgood,4b1f1c1e5a936de09e7b62ab074654bd68edd43af686a96d370f9a29264a1c16,good_train,0,goodware,csc.exe,x86,dotnet,0,dotnet,pf:microsoft visual studio,0
hostgood,5f0f18900b04644a5365cb711981443dd9031cd2e5678d3969fdb96ab3c2219c,good_train,0,goodware,csi.exe,x86,dotnet,0,dotnet,pf:microsoft visual studio,0
hostgood,3125575d65e304581995de2d75601ee55ee0a366d5312ab8da061ee89474c34b,good_train,0,goodware,datacollector.exe,x86,dotnet,0,dotnet,pf:microsoft visual studio,0
hostgood,68d89f42e603b4cce83b94705d061d926b238926a720af7dd3e9bd5857b6a329,good_train,0,goodware,errlook.exe,x86,plain,1,,pf:microsoft visual studio,0
hostgood,6d4cf3591840d6d499f6086bf05b43275dbc1c9344e19aacb666f35324e886fe,good_train,0,goodware,feedback.exe,x86,dotnet,0,dotnet,pf:microsoft visual studio,0
hostgood,b1416bf156ffab47f36c5d73c8895f8f1c03dbc72e519eba890fd176d15ca30f,good_train,0,goodware,guidgen.exe,x86,plain,1,,pf:microsoft visual studio,0
hostgood,09fbdd87bcf38ff16886782d5c877c7b9429067c153958e94ed92b7945990542,good_train,0,goodware,makehm.exe,x86,plain,1,,pf:microsoft visual studio,0
hostgood,a780d585b7c36834148837e63fd1ccfc21b74b20a9446892b3e7888001438bb8,good_train,0,goodware,mspdbsrv.exe,x86,plain,1,,pf:microsoft visual studio,0
hostgood,4f8014da837465f106888e39b2d5990391803102f69e76c2aec72a368faa0d5a,good_train,0,goodware,msvsmon.exe,x86,plain,1,,pf:microsoft visual studio,0
hostgood,8d1ca09c959896c93ee78173ca524ea34f0f7e369850cfb29055fdcc946679e8,good_train,0,goodware,setup.exe,x86,plain,1,,pf:microsoft visual studio,0
hostgood,7941a7ed7681dc89e9c876a3542dcf332944fc44e968dfc32244cf5fab56e649,good_train,0,goodware,symsrvhost.exe,x86,plain,1,,pf:microsoft visual studio,0
hostgood,73a21476427f79d4f67c045d2b5ca220397baad55cc7df94d832347f86e24eaa,good_train,0,goodware,testhost.net47.x86.exe,x86,dotnet,0,dotnet,pf:microsoft visual studio,0
hostgood,fb50834c4445faf99a4111327f29445bc2cb72e01fe3de30a1e99b8bc6a9ab4d,good_train,0,goodware,testhost.net471.x86.exe,x86,dotnet,0,dotnet,pf:microsoft visual studio,0
hostgood,3f4c8187499abc5f3072c28f02a34cedd73cafad63a84c55eca83df4acca16ce,good_train,0,goodware,testhost.net472.x86.exe,x86,dotnet,0,dotnet,pf:microsoft visual studio,0
hostgood,f2dbcaf00737db09af19b68188a3015efd8e04669a5f52136ca4a17baf9dc061,good_train,0,goodware,testhost.net48.x86.exe,x86,dotnet,0,dotnet,pf:microsoft visual studio,0
hostgood,b1fa956b86348aeaa164e93626c0b27ecf6a3cbcc672997727363d4a1b39827a,good_train,0,goodware,testhost.net481.x86.exe,x86,dotnet,0,dotnet,pf:microsoft visual studio,0
hostgood,15dc9f3fd6128763260b5b635592341929b41f56d6b2860af0e9266720e3ccc7,good_train,0,goodware,testhost.x86.exe,x86,dotnet,0,dotnet,pf:microsoft visual studio,0
hostgood,feedaa5c4033828ac4396d3903b91818bda92919d6024382650ad88f7f35c299,good_train,0,goodware,vbc.exe,x86,dotnet,0,dotnet,pf:microsoft visual studio,0
hostgood,8995548dfffcde7c49987029c764355612ba6850ee09a7b6f0fddc85bdc5c280,good_train,0,goodware,vc_redist.x64.exe,x86,plain,1,,pf:microsoft visual studio,0
hostgood,e7267c1bdf9237c0b4a28cf027c382b97aa909934f84f1c92d3fb9f04173b33e,good_train,0,goodware,vc_redist.x86.exe,x86,plain,1,,pf:microsoft visual studio,0
hostgood,826839c9b36593746663d1fd34df58c776c6ea90856e4cf9516cc33782b32054,good_train,0,goodware,vs_installer.exe,x86,dotnet,0,dotnet,pf:microsoft visual studio,0
hostgood,dc701973ea4e1948c3e77934dafb4d43e81f2b387cd61c1192944b5acf7f8ce3,good_train,0,goodware,vs_installer.windows.exe,x86,dotnet,0,dotnet,pf:microsoft visual studio,0
hostgood,8bbf19c68cf8fd3e685746077747f6a5180743748a0db25d983de8120f0deb76,good_train,0,goodware,vs_installershell.exe,x86,dotnet,0,dotnet,pf:microsoft visual studio,0
hostgood,25733279b978d31ac5619d898bb5d9edec2328e109fc7174e009ebe13656d9b3,good_train,0,goodware,vs_layout.exe,x86,dotnet,0,dotnet,pf:microsoft visual studio,0
hostgood,30b8406cb071666c919fd00e916f1e38ee61c834fe76fbf9739f66b7c301b59a,good_train,0,goodware,vsn.exe,x86,dotnet,0,dotnet,pf:microsoft visual studio,0
hostgood,5b3f00aa78cd55315b771a33ab1d78855e68b9dab9c96224f86837c69daa4536,good_train,0,goodware,vstest.console.exe,x86,dotnet,0,dotnet,pf:microsoft visual studio,0
hostgood,c54f3b7c9164ea9a0db8641e81ecdda80c2664ef5a47c4191406f848cc07c662,good_train,0,goodware,vswhere.exe,x86,plain,1,,pf:microsoft visual studio,0
hostgood,53e4d45fd5b7ff7c7a692fb9f16ce02149091a948d913e13ad9f0d071d27550e,good_train,0,goodware,Uninstall.exe,x86,plain,1,,pf:mozilla maintenance service,0
hostgood,9dcec0fce0ac90c8f0fdc67563f1c9600607fc9c3bb8d097776b63ae664e9734,good_train,0,goodware,FileTracker32UI.dll,x86,no_exec,0,no_exec,pf:msbuild,1
hostgood,24aa788d19726341b4e9bb7b90311b9326f52b7258e175c1a7a6e88336709ae6,good_train,0,goodware,MACMSharedMemorySample.exe,x86,plain,1,,pf:msi afterburner,0
hostgood,049a03707d1aedcca62f7764672b3ad4829cdfd1dc640d78a053c7f8a5473b49,good_train,0,goodware,MAHMSharedMemorySample.exe,x86,plain,1,,pf:msi afterburner,0
hostgood,8b010fa27d654c672ba3fce685211cb5c27cb78dcb9cfbf152961ac56741e2f8,good_train,0,goodware,MSIAfterburner.exe,x86,plain,1,,pf:msi afterburner,0
hostgood,04f4704ced86a68b650bf87156c02e69160e6c049b576661250250beeabaa5ef,good_train,0,goodware,RTSSSetup.exe,x86,plain,1,,pf:msi afterburner,0
hostgood,8dde7f6fe885d3484665b19d700d737f42b5e04fbd924cf8f0e0aacaf15e9bd7,good_train,0,goodware,Uninstall.exe,x86,plain,1,,pf:msi afterburner,0
hostgood,5b2335b571dac7ebe590e434fa035ece85ecd0722b0831b6380e7c51d6696e69,good_train,0,goodware,VCRedistWebSetup.exe,x86,plain,1,,pf:msi afterburner,0
hostgood,cc0ff0eb1dc3f5188ae6300faef32bf5beeba4bdd6e8e445a9184072096b713b,good_train,0,goodware,vc_redist.x64.exe,x86,plain,1,,pf:msi afterburner,0
hostgood,0c09f2611660441084ce0df425c51c11e147e6447963c3690f97e0b25c55ed64,good_train,0,goodware,vc_redist.x86.exe,x86,plain,1,,pf:msi afterburner,0
hostgood,c3e475b285ea0894d59eb4cf2bdcd8ddf8d569488dcc0f83d6a8fa8da31e1eaf,good_train,0,goodware,MusicBee.exe,x86,dotnet,0,dotnet,pf:musicbee,0
hostgood,a0c1b9b7d55c850a8d0d7cd6a640a8cc4aa5c617008dc9c44d43d735abd23089,good_train,0,goodware,RemoveDrive.exe,x86,plain,1,,pf:musicbee,0
hostgood,06697ba94494d56ede7fa67a5de74b65688eead65a5e40cff1a2f66c84513bb8,good_train,0,goodware,Uninstall.exe,x86,plain,1,,pf:musicbee,0
hostgood,bc40922b374126b65f4b82f2fc83685421c7fcf409bd1598892df26a45e17075,good_train,0,goodware,flac.exe,x86,plain,1,,pf:musicbee,0
hostgood,f49d5b74e0f4911b67afad335c9c54f488dc7ea0f6170ca8ee9aa04a16bc5387,good_train,0,goodware,lame.exe,x86,plain,1,,pf:musicbee,0
hostgood,ba869966d83f0b44e0a55760b5a37f216a65b3b2f7db991b82b5e05118193018,good_train,0,goodware,lossyWAV.exe,x86,plain,1,,pf:musicbee,0
hostgood,679805127db2a5e9390409ee1b7380ac1bef5955ed146f22408a91b4f2739c7e,good_train,0,goodware,mp3gain.exe,x86,plain,1,,pf:musicbee,0
hostgood,7b0fa29d66a4bc66205865b416fed59b0e41355c3cdc9f2e2785c3df29b272ba,good_train,0,goodware,LiveUpdater.exe,x86,plain,1,,pf:navigation updater,0
hostgood,3a9f92da0b7381aa3fa0860be4f8b18c62a8df9192e569e6d36b188470727d1a,good_train,0,goodware,Navigation Updater.exe,x86,plain,1,,pf:navigation updater,0
hostgood,5449ec73aaeb7f7c2b2e41c922546d638ae50d0fd19fd8c59b32a2e9742e0f54,good_train,0,goodware,QtWebEngineProcess.exe,x86,plain,1,,pf:navigation updater,0
hostgood,f12348e54d2976bdde30e3bd52375a1ab53a41c89ebdfa9eb4a835ee9dfbb8b6,good_train,0,goodware,Uninstall Navigation Updater.exe,x86,plain,1,,pf:navigation updater,0
hostgood,7ebeb83d47d98433b09af893c4adecb349f99a431396d8f1805934fb5df52006,good_train,0,goodware,qtgraphicaleffectsprivate.dll,x86,plain,1,,pf:navigation updater,1
hostgood,632bdebefaf21553b69eb2d012e341b1d8f7c35ed85bbb104e4d4d23ec6049a4,good_train,0,goodware,vcredist_x86.exe,x86,plain,1,,pf:navigation updater,0
hostgood,b5716cd2cf9058432364c2bf3fcf608796439ca71ca74a3641ecc7dd28df5b55,good_train,0,goodware,CrashReporter.exe,x86,plain,1,,pf:nvidia corporation,0
hostgood,4bba5bfd970cba18aaeb6f25ec21e3ee21cbd125cc629efd4c3bddab94c19568,good_train,0,goodware,Nsight.CoreDumpLoader.exe,x86,plain,1,,pf:nvidia corporation,0
hostgood,38a3984e5e490367eb5e433baafa552f140b9693fc16e50b902574595c83c81a,good_train,0,goodware,TestRunner.exe,x86,dotnet,0,dotnet,pf:nvidia corporation,0
hostgood,6ef414dd775f2f16daf6b8e89f7a823d47dfa18f1c2f4aa8917736cb4d1e02ba,good_train,0,goodware,boost_thread-vc141-mt-x32-1_78.dll,x86,plain,1,,pf:nvidia corporation,1
hostgood,d2ea91ec8911feec5415b6206956ad608c7acd357fd6c18d24f2adf714620947,good_train,0,goodware,System.Data.Services.dll,x86,dotnet,0,dotnet,pf:reference assemblies,1
hostgood,8f47d7121ef6532ad9ad9901e44e237f5c30448b752028c58a9d19521414e40d,good_train,0,goodware,DXSETUP.exe,x86,plain,1,,pf:steam,0
hostgood,d8e649344048e3efbc00c3457956978ff94a3da13665ef004263f94b22b777db,good_train,0,goodware,MicrosoftEdgeWebview2Setup.exe,x86,plain,1,,pf:steam,0
hostgood,b1e85cf03a6b720ff2e705efbd6c463ce6fd7bb4a98e97173329fb030b52d45c,good_train,0,goodware,TTS-Deck-Editor.exe,x86,dotnet,0,dotnet,pf:steam,0
hostgood,c2d74d9b85d0030eaa134679a2392268baa773185c5a21657390e43f8b518f69,good_train,0,goodware,VC_redist.x64.exe,x86,plain,1,,pf:steam,0
hostgood,5c7dfa4fd52809813cf9350c4e5807434d78a0bb1fd0d61c85e02b41646a5780,good_train,0,goodware,VC_redist.x86.exe,x86,plain,1,,pf:steam,0
hostgood,a5ed69779740c11155053849373fcfd99a86f4101856bfdee79364a22fb6c5a8,good_train,0,goodware,VerifyTool.exe,x86,plain,1,,pf:steam,0
hostgood,f29c7a4a0d45c020a0cb93db1147cb81e913ef83b4e840cbba7c87b2da3a363b,good_train,0,goodware,WriteMiniDump.exe,x86,plain,1,,pf:steam,0
hostgood,0d7adc7103721a5810063d2c885cd25dd78fe3a6d67c8d4d70ba02fe8a4f63ee,good_train,0,goodware,applicationwallpaperinject32.exe,x86,plain,1,,pf:steam,0
hostgood,2d31a54b2786f3f05197ef4f01d103f95be9e720a726c6d38aac403f471e59eb,good_train,0,goodware,apputil32.exe,x86,plain,1,,pf:steam,0
hostgood,de96c3b37e3aaedcf4d6a24c5f6c30acd60f3593e8d452dd9857d682ea3fb114,good_train,0,goodware,csgo_legacy_app.exe,x86,plain,1,,pf:steam,0
hostgood,065e67c72e24727588dc27cd91197df1d568eb0dba088aa2b9c4f61a145080aa,good_train,0,goodware,diagnostics32.exe,x86,plain,1,,pf:steam,0
hostgood,37f368558a3c7e1df8987a7aaf3702d5a08a173050840a2657b91bd5681d4d32,good_train,0,goodware,edgewallpaper32.exe,x86,plain,1,,pf:steam,0
hostgood,90e88ea82ee2115770b90d270c999c34c60f7047ab1c07aca7f52f09cee960eb,good_train,0,goodware,fossilize-replay.exe,x86,plain,1,,pf:steam,0
hostgood,0d422efdfa17dc6e1ebf0ed9e2902fd7c0eaa2f77b8a5a8f1df1478453a37ab8,good_train,0,goodware,gldriverquery.exe,x86,plain,1,,pf:steam,0
hostgood,e41968bd949a1d0cedf43ec7a34f15800f46dbd21e6875d2d043ecd263ac397c,good_train,0,goodware,resourcecompiler32.exe,x86,plain,1,,pf:steam,0
hostgood,ca6df88664e1f4088ec7632584ba9486eedec3e800d3fcc2c749a7d019440d64,good_train,0,goodware,sheep.exe,x86,plain,1,,pf:steam,0
hostgood,a566f455ebc38731014bc3a41baffc5de653974843816107eb8953c788be3dee,good_train,0,goodware,steamredownloadfixer32.exe,x86,plain,1,,pf:steam,0
hostgood,cf6781002cb666492f1d3b5c44277d7e81e4c4c637c604f923f5e7a542d4215c,good_train,0,goodware,steamxboxutil.exe,x86,plain,1,,pf:steam,0
hostgood,d37919bc178a8238ab58d4e393ab212da6abcda7dfcede88a8ded9ec5bc28003,good_train,0,goodware,ui32.exe,x86,plain,1,,pf:steam,0
hostgood,72ffe8859eaa63637f5a62b7c454241db35938f8326f6ccf20352e00f8df2fe5,good_train,0,goodware,uninstall.exe,x86,plain,1,,pf:steam,0
hostgood,cc7ec044218c72a9a15fca2363baed8fc51095ee3b2a7593476771f9eba3d223,good_train,0,goodware,vcredist_x64.exe,x86,plain,1,,pf:steam,0
hostgood,67313b3d1bc86e83091e8de22981f14968f1a7fb12eb7ad467754c40cd94cc3d,good_train,0,goodware,vcredist_x86.exe,x86,plain,1,,pf:steam,0
hostgood,0b73d09bfc15dedf5d4f2b71d031af462773ef1e873a550263d36ceb1f1d8869,good_train,0,goodware,vulkandriverquery.exe,x86,plain,1,,pf:steam,0
hostgood,daac1ea7c991207fdb6098616757e3dae393850f6862845db55d04921b6bda07,good_train,0,goodware,wallpaper32.exe,x86,plain,1,,pf:steam,0
hostgood,3b0d23bba75ad2e0cd4a848402224522dfb7eb4496d0e1930f719d3345acc2ae,good_train,0,goodware,wallpaperservice32.exe,x86,plain,1,,pf:steam,0
hostgood,a5d914ffa9bfd75beb88bd46225520ed84df11799ff89c13530edaecaab1e0d1,good_train,0,goodware,webwallpaper32.exe,x86,plain,1,,pf:steam,0
hostgood,9dee528d786d68aab7c166c88f4577f57f203891e6d9874c7054425eadb62cd2,good_train,0,goodware,winrtutil32.exe,x86,plain,1,,pf:steam,0
hostgood,5bdf11b6e05459a8f21d2e12b5df0c23fb01f7e45abb51fec2a9393a7e51f18f,good_train,0,goodware,x86launcher.exe,x86,plain,1,,pf:steam,0
hostgood,609eb88a5e965bc3d0bcebef73ed04c58dd43309a3abb29c929ff42ecbeda5f3,good_train,0,goodware,MpCmdRun.exe,x86,plain,1,,pf:windows defender,0
hostgood,759c7799de72e6de30d8ae8dbe50f91b894694a9507aa6f246a654999446047c,good_train,0,goodware,AccCheckConsole.exe,x86,dotnet,0,dotnet,pf:windows kits,0
hostgood,18007d6bf429f15b654fafa03c999883d43c73de1360e4d42cbcb7556c088444,good_train,0,goodware,ComparePackage.exe,x86,dotnet,0,dotnet,pf:windows kits,0
hostgood,0fb36938fee6711d0b729f44df4ef1292706f856c47ae5d2b301ee1b5a844dce,good_train,0,goodware,DeployUtil.exe,x86,plain,1,,pf:windows kits,0
hostgood,c60fee4d7d94ac088d3979c8cb1c9067d7764b6c2bd9e6c2e669778dc5650793,good_train,0,goodware,MakeCert.exe,x86,plain,1,,pf:windows kits,0
hostgood,559d70e53af6d3f2fbe37fb62d0ef275b85495dfd38a86d8ed3353695f6bb14a,good_train,0,goodware,MsiCert.exe,x86,plain,1,,pf:windows kits,0
hostgood,ffe063034d45064de144898cf211244b0ebabbefe2deceb4dfdd9306a0df18a9,good_train,0,goodware,MsiDb.exe,x86,plain,1,,pf:windows kits,0
hostgood,17990d71e9ac9ab95c3bca89a6cd7c03857c78e18deaf710ecdef7aa9a6188c7,good_train,0,goodware,MsiFiler.exe,x86,plain,1,,pf:windows kits,0
hostgood,32910f52a2d4183491300e6c4b374ca422d48a7cedb897da5229fae2947175c7,good_train,0,goodware,MsiInfo.exe,x86,plain,1,,pf:windows kits,0
hostgood,6fe1da4c0e61a9432e059abe024c3a9517e6ff7a0690161b90c8d70210b23060,good_train,0,goodware,MsiMsp.exe,x86,plain,1,,pf:windows kits,0
hostgood,4609674d78186a6a07c2780210d5b549b4d863d8fba4cb8714b4c7041d539f58,good_train,0,goodware,MsiTran.exe,x86,plain,1,,pf:windows kits,0
hostgood,2db3dcf79d4d80de8fbe9089e1fffa221e9cfc1d1a582afa0004e8d1815a5cb9,good_train,0,goodware,Msimerg.exe,x86,plain,1,,pf:windows kits,0
hostgood,94f784a72e6eb5b24a1d2289a2e43a8f7e265f2151af7ca236ab039e0f5cf695,good_train,0,goodware,PackageEditor.exe,x86,dotnet,0,dotnet,pf:windows kits,0
hostgood,828ff115fd91dc89b816ed9518d171498a579a41627ca0b767a7aebce2236b94,good_train,0,goodware,TB3x.exe,x86,plain,1,,pf:windows kits,0
hostgood,e1e6e6dbb38d42432fb83cc4563ddfc16af0a71152cab09359f58e35fb7c8128,good_train,0,goodware,VisualUIAVerifyNative.exe,x86,dotnet,0,dotnet,pf:windows kits,0
hostgood,35fc099a677e116f03af760ab01248e51f23329a0916ebcff165b47ab17c08ba,good_train,0,goodware,WiLogUtl.exe,x86,plain,1,,pf:windows kits,0
hostgood,33154d8fef7fe121bde68bf3acc9d032f53d6616bd41456d089dd0d7bf920254,good_train,0,goodware,WinAppDeployCmd.exe,x86,dotnet,0,dotnet,pf:windows kits,0
hostgood,8970446bccdd4bd9fc4b643356862abcb81f0b79670f00489cd9282bb150b7ee,good_train,0,goodware,acccheckui.exe,x86,dotnet,0,dotnet,pf:windows kits,0
hostgood,69939d34afbc421b855ec68a9cbfab63ffd8e14d5c590bd32dbbcd03a5a6263a,good_train,0,goodware,accevent.exe,x86,plain,1,,pf:windows kits,0
hostgood,515ddd3b001d27dd4e6d03867aaaf7e5c547f3a57f4dfd64dda439aa2e79e8cd,good_train,0,goodware,adpcmencode3.exe,x86,plain,1,,pf:windows kits,0
hostgood,3f89462bdae1070f5b6b6c37ee083c1757353d65dd7a10953c0c4b0646bcdc52,good_train,0,goodware,betest.exe,x86,plain,1,,pf:windows kits,0
hostgood,375339214543dd54db44f8165413eebaf7d8bdf450f2eeaf76fbf78ea674b51a,good_train,0,goodware,cameraprofiletool.exe,x86,plain,1,,pf:windows kits,0
hostgood,e0be55a6c6301281a0b16a6bb2c7db3623ca8f5a821e23ebfb83053590b3186b,good_train,0,goodware,cert2spc.exe,x86,plain,1,,pf:windows kits,0
hostgood,e0beff0c40a86b7ed20e1165f8e4b28d827ec98e3ce30a72c795169b75a61ada,good_train,0,goodware,certmgr.exe,x86,plain,1,,pf:windows kits,0
hostgood,31e21807d2ac931707d0762d28ba0f4e8fe314d466f47d5189b74eecce8951cc,good_train,0,goodware,computerhardwareids.exe,x86,plain,1,,pf:windows kits,0
hostgood,4bef8d9bda284b3c1bd22e5497c19ee262fc5f19983faf76ed66827951da1016,good_train,0,goodware,convert-moftoprovider.exe,x86,plain,1,,pf:windows kits,0
hostgood,4093c23f00f9f43befb597b911e74342b95f8769aa1d4384c4611e4c819b3d2a,good_train,0,goodware,cppwinrt.exe,x86,plain,1,,pf:windows kits,0
hostgood,e024d7a394c0e2319131069d002c94a78a2c05de20866665736f41d66e458d96,good_train,0,goodware,ctrpp.exe,x86,plain,1,,pf:windows kits,0
hostgood,cc98b69800be5c3bd0a8a28d71549b2e6a0b92efdb762f77659b71859a37ec05,good_train,0,goodware,dxc.exe,x86,plain,1,,pf:windows kits,0
hostgood,2b9121480fbca95beedbb36d080b5e452317fec7a025325cdd49f85f8fff58c6,good_train,0,goodware,dxcapsviewer.exe,x86,plain,1,,pf:windows kits,0
hostgood,e0e54779f3f847c1eeea26a4a22c02be758c7aafc144334e45c1513c7efc52b0,good_train,0,goodware,espexe.exe,x86,plain,1,,pf:windows kits,0
hostgood,997bb749ef9a1ddca897b2cb112f71149ad2d4e136e60816321c6c5189e2d059,good_train,0,goodware,extidgen.exe,x86,plain,1,,pf:windows kits,0
hostgood,5dd076fea9dd1284b0b691bce3f0496753bd4ca18f35f4b3e3666d94b8fba863,good_train,0,goodware,filetypeverifier.exe,x86,plain,1,,pf:windows kits,0
hostgood,511c831ed248723a96cb98fa23df15576c7f576971544eccfaf9c8538e9478de,good_train,0,goodware,filtdump.exe,x86,plain,1,,pf:windows kits,0
hostgood,08274aa3e611e1b118370376641d0328bb5eb52655ee51899da45ae8076f9fab,good_train,0,goodware,filtreg.exe,x86,plain,1,,pf:windows kits,0
hostgood,0dcd5b73e10bc30c20a6264b6e4b03529781bb18e0ef3bc12504da217c8cefba,good_train,0,goodware,ftquery.exe,x86,dotnet,0,dotnet,pf:windows kits,0
hostgood,856d0fe6b31d15d9caca507b57b0ac7d2d6b569c450db7f01affe064bb5bb578,good_train,0,goodware,fxc.exe,x86,plain,1,,pf:windows kits,0
hostgood,3a7c24cf408e221e47d3082753f21815da7ccf4fd45a719a8bed8cb15db2b7c2,good_train,0,goodware,gc.exe,x86,plain,1,,pf:windows kits,0
hostgood,e5c3426b882ed5c3e5e0fce84fe848559867fe930dfffbd09e582e08b1bddd54,good_train,0,goodware,genmanifest.exe,x86,plain,1,,pf:windows kits,0
hostgood,8e9300a9395eafca3fbffbb0f69f8e652bd2610cf3603b61e27fe730bcf3a2c6,good_train,0,goodware,graphedt.exe,x86,plain,1,,pf:windows kits,0
hostgood,bc1bc15e3e73ea5316a86f323ad82d1eeb413f9326315b9db0af6bfc5616c321,good_train,0,goodware,ifilttst.exe,x86,plain,1,,pf:windows kits,0
hostgood,9be46df74eef045bbe6806d8342e1bc253327a3c0f1afdeb122038622a975109,good_train,0,goodware,inspect.exe,x86,plain,1,,pf:windows kits,0
hostgood,d4d789522ffbda14e2215251c2f5f8c9e20533cf099f9caa5e6885056db4bce4,good_train,0,goodware,isxps.exe,x86,dotnet,0,dotnet,pf:windows kits,0
hostgood,3a2ae2361e591918fbd82c5c2acb4d645a080bcb77cfff84489cfd9170b96b62,good_train,0,goodware,makeappx.exe,x86,plain,1,,pf:windows kits,0
hostgood,a132bf47feeb598bbaee191f86b0cc9bace4654ad1892f16155c737e6b6b03fa,good_train,0,goodware,makecat.exe,x86,plain,1,,pf:windows kits,0
hostgood,e79c8423a0b43abec6550a9c17d3a0bcacc71aa40395e04a26450005952069b7,good_train,0,goodware,makepri.exe,x86,plain,1,,pf:windows kits,0
hostgood,4f4929ead736d96b1e8c2bb91e38c0ec47dc3a5283154da74073e29903f62455,good_train,0,goodware,mbidgenerator.exe,x86,dotnet,0,dotnet,pf:windows kits,0
hostgood,ceda98f35a81d550b2e9a948d520cd0f7c6b587c1603c51fe505744c9dc17550,good_train,0,goodware,mc.exe,x86,plain,1,,pf:windows kits,0
hostgood,85920d34d359913e087861cba11da19e798a9d553f492b0618ef5ff9ef7f8b40,good_train,0,goodware,mdmerge.exe,x86,plain,1,,pf:windows kits,0
hostgood,b5df5047b5494970e2966103d5518b7029f7b3b1f4e7376fc9866e904bc6d549,good_train,0,goodware,mftrace.exe,x86,plain,1,,pf:windows kits,0
hostgood,38e8f098c69f38ca6e21a994a87d30803d4f48899f1364c21305a15efe740ff1,good_train,0,goodware,midl.exe,x86,plain,1,,pf:windows kits,0
hostgood,2d1db2f9686eedb15f41cd147939eed05311628879e76a112478807d1bfd6fcc,good_train,0,goodware,midlc.exe,x86,plain,1,,pf:windows kits,0
hostgood,d528b7b62c4bd951d13cdd9ee380ffdef7d68a533ce15ba1ee43178e030dfd41,good_train,0,goodware,midlrt.exe,x86,plain,1,,pf:windows kits,0
hostgood,26594fc45c176024f42a518217ae33df9adad48e9002972254d551e726d8b5a2,good_train,0,goodware,mt.exe,x86,plain,1,,pf:windows kits,0
hostgood,69d620454ce55c839c6c03ef9dc731d78ed2c224cb87a13664ba6fe8ec4625cc,good_train,0,goodware,muirct.exe,x86,plain,1,,pf:windows kits,0
hostgood,dd62fc6dc11302b5f018c16cc2b9abc513e0529ac0a2c7229dee33a8e6e79773,good_train,0,goodware,oleview.exe,x86,plain,1,,pf:windows kits,0
hostgood,23e3524ae382f90a6ccb71c1031bb2ca7ab3438fd36a89c11988d326d6aad49f,good_train,0,goodware,pktextract.exe,x86,plain,1,,pf:windows kits,0
hostgood,75149cb66f66b152e0a12cee803ea567f20094ab954f30497f1619653e20817a,good_train,0,goodware,pvk2pfx.exe,x86,plain,1,,pf:windows kits,0
hostgood,a64606af51945e9239b0aff9925242901c449f01fbeb4d720b9f163cc64b0fe0,good_train,0,goodware,rc.exe,x86,plain,1,,pf:windows kits,0
hostgood,47bfe7745f123b9d44aecd19a46358eeb177d5f2c3314afe561b1e37e69a64ad,good_train,0,goodware,regwinmd.exe,x86,plain,1,,pf:windows kits,0
hostgood,9cdd4290bbcb3c4396a11b853621d47ea9a060532c142a7ed802d7897e857bdb,good_train,0,goodware,signtool.exe,x86,plain,1,,pf:windows kits,0
hostgood,0a5594c52cdb2214bacdcd719604db3fff0e68d12937e66caeed129091321d0f,good_train,0,goodware,topoedit.exe,x86,plain,1,,pf:windows kits,0
hostgood,d1cdcb95c439d6c29aaeb5600722fd78c18beac458e92483409c5ffcaecf9640,good_train,0,goodware,tracefmt.exe,x86,plain,1,,pf:windows kits,0
hostgood,65849f7c28ab02e3429e1c3315a0225a6fc78bd3ac14ac6098479c5763b1a36d,good_train,0,goodware,tracelog.exe,x86,plain,1,,pf:windows kits,0
hostgood,717cc407047fb3a8cdb5e70b30314402a1c8a0f371ce50fd379e0b3930595eac,good_train,0,goodware,tracepdb.exe,x86,plain,1,,pf:windows kits,0
hostgood,f4277ceffea9a7feea85ed4ee7de774e13fe27c8e7c0546641c171947f00618c,good_train,0,goodware,traceview.exe,x86,plain,1,,pf:windows kits,0
hostgood,c20794b693e4a25ccaa437a40169e811875748af1d1a5513310e3c5afa19af9b,good_train,0,goodware,tracewpp.exe,x86,plain,1,,pf:windows kits,0
hostgood,a5c8fd152b424ef56461fba14a16f0d4c5534fe4414bc63962a918fe2ee551f6,good_train,0,goodware,uicc.exe,x86,plain,1,,pf:windows kits,0
hostgood,8756dcad5dd4922feb39f45e19e096b7b10b2ba044c4b0bd9916d10b08d1db4c,good_train,0,goodware,uuidgen.exe,x86,plain,1,,pf:windows kits,0
hostgood,1ecdec970cf221fd6c2b186a740d731b318a2f1af6fa5bf0e1ac31edf6b78ffc,good_train,0,goodware,vsdiagview.exe,x86,dotnet,0,dotnet,pf:windows kits,0
hostgood,cbac8fa39625f9c3aacaf60c458fa6da7412683d9759467d1e91d43a2fd817ae,good_train,0,goodware,vshadow.exe,x86,plain,1,,pf:windows kits,0
hostgood,ea9a3da93433e73ccac9c69571508c8c7f06564b09dd860719ff3d5103d16ce5,good_train,0,goodware,vssagent.exe,x86,plain,1,,pf:windows kits,0
hostgood,30fd2e7aa62a66f3ea78242a16abccf41b74cf96c61c126d336615d99cff3b80,good_train,0,goodware,vsstrace.exe,x86,plain,1,,pf:windows kits,0
hostgood,27c59bde7bcdb7b37f0de1e9adedcdc8987a98e5868b1401495244950bccf23d,good_train,0,goodware,vstorcontrol.exe,x86,plain,1,,pf:windows kits,0
hostgood,2b7c69b69447f5a2ce57a956be08ae6dc6f94b4fb107fb068975c02efb178a88,good_train,0,goodware,vswriter.exe,x86,plain,1,,pf:windows kits,0
hostgood,de393e0d599dba0ba8ac7d9942f6425150e9af40a05ba916112d7b86c3e1ed2b,good_train,0,goodware,winmdidl.exe,x86,plain,1,,pf:windows kits,0
hostgood,30690df79bd2858f618cfcb9c5c6e27a911b6da5ce3b57ed3deb44d73f4253c8,good_train,0,goodware,wsdcodegen.exe,x86,dotnet,0,dotnet,pf:windows kits,0
hostgood,ace9158cd28bddcbc74d2f89601696430d3b731fd5f9e0f7ce73704d2798e03c,good_train,0,goodware,wsddebug_client.exe,x86,plain,1,,pf:windows kits,0
hostgood,259dea2ad7414b479eef630dec1b596abdd8dbd1926a4a37bb5a78054add2fbd,good_train,0,goodware,wsddebug_host.exe,x86,plain,1,,pf:windows kits,0
hostgood,82be3af9b39613b233849f2cf2439905f70fd42e22a97209aa63f768f99a398d,good_train,0,goodware,wstracedump.exe,x86,plain,1,,pf:windows kits,0
hostgood,1226559b646f0507df269afa95bde490fc525981f8543945c87c9258c031d8d5,good_train,0,goodware,wstraceutil.exe,x86,plain,1,,pf:windows kits,0
hostgood,879abc30c36d9469b899d7f467ae73a42d05d2c8b7d1dad8087bcfb14a2ce5d6,good_train,0,goodware,wsutil.exe,x86,dotnet,0,dotnet,pf:windows kits,0
hostgood,8f550f90e12b1a1a5cf75fdd81b1f13b5bdfcdf4b4f679f31e1af7d99b940bdb,good_train,0,goodware,xpsanalyzer.exe,x86,plain,1,,pf:windows kits,0
hostgood,71d00ef749c5c9789bce4619cbdf7ae9b8d69d144edf2a2906c68105f8ec0802,good_train,0,goodware,xpsconverter.exe,x86,dotnet,0,dotnet,pf:windows kits,0
hostgood,417cbc86108fe45e5e313664b65e49bd217c2fd70552608a4b6650df33d65df9,good_train,0,goodware,wab.exe,x86,plain,1,,pf:windows mail,0
hostgood,551ae72aebdd3b8cc65bc1f1b2269de95541dc5a0be7a3d2c3c58b802daa342d,good_train,0,goodware,wabmig.exe,x86,plain,1,,pf:windows mail,0
hostgood,d8450aa54608a909aaf7e94f57c84be5732fb13cdaa2945e3879a1440546e02e,good_train,0,goodware,setup_wm.exe,x86,plain,1,,pf:windows media player,0
hostgood,c59700129f1c935e444348ca1ed5baae9095043eb0019d833621d79a8e7a10a3,good_train,0,goodware,wmlaunch.exe,x86,plain,1,,pf:windows media player,0
hostgood,6a9443d388f669fca279a8d2527f6ee550b45ad5d4ab91c0d62688b37fa3dd28,good_train,0,goodware,wmpconfig.exe,x86,plain,1,,pf:windows media player,0
hostgood,2a63608a52be31e17256a94565ec1378590147510f451e99a1c41507ee6549b9,good_train,0,goodware,wmplayer.exe,x86,plain,1,,pf:windows media player,0
hostgood,d36888abf251f80a702e7ef507a639a91d16927511564b46fcc1033e486e5102,good_train,0,goodware,wmprph.exe,x86,plain,1,,pf:windows media player,0
hostgood,10f8f6bd0af6f336c65d42a69cb40ce1df2ad888e2cbda6e9d4abdbef1693720,good_train,0,goodware,wmpshare.exe,x86,plain,1,,pf:windows media player,0
hostgood,e87844846c483ad1915b829dc27de62d4597bb018144785367dce71d1777cb09,good_train,0,goodware,ImagingDevices.exe,x86,plain,1,,pf:windows photo viewer,0
hostgood,f7b73cdd78701e655d984e29e79d516b966a41177f403e88d08c510001528c4c,good_train,0,goodware,Microsoft.PowerShell.PackageManagement.dll,x86,dotnet,0,dotnet,pf:windowspowershell,1
hostgood,ea1711ede84c8f6cc7b28810667955d76e4d1eb8e99815b4a5628b17b3b931d4,good_train,0,goodware,aadWamExtension.dll,x86,plain,1,,sys:aadwamextension.dll,1
hostgood,49a7c9033d6291ba97b1babce7a092d96a306f6fb5137e75c7dbd2388b89a2ee,good_train,0,goodware,AarSvc.dll,x86,plain,1,,sys:aarsvc.dll,1
hostgood,80878e30b04959eea91f1851c931db55e40c090ecf8c88157b7f2910f307aaaf,good_train,0,goodware,accessibilitycpl.dll,x86,plain,1,,sys:accessibilitycpl.dll,1
hostgood,5593f2b1c63608b32ac7279bc9dd8882a6f418548a95ae2fa55125a28a771556,good_train,0,goodware,AccountsRt.dll,x86,plain,1,,sys:accountsrt.dll,1
hostgood,55fd84c594cf514e34f11c7be78eafee67b738ef55c0f0aa304e44ff479040bd,good_train,0,goodware,AcGenral.dll,x86,plain,1,,sys:acgenral.dll,1
hostgood,9294387d6da2b5e5bc242aa420d06bc7055e8ccf8a9452b64a1adafd0fd6860a,good_train,0,goodware,acledit.dll,x86,plain,1,,sys:acledit.dll,1
hostgood,7145d05f169e185db6f5b4f14a8f6cc050e6da93432bfff6074a322325fa27ef,good_train,0,goodware,AcSpecfc.dll,x86,plain,1,,sys:acspecfc.dll,1
hostgood,df7d95beab0f8035d2724d6802fe2a212f3ea50f05414ae9fbdaa133f7ceb59b,good_train,0,goodware,ActionCenterCPL.dll,x86,plain,1,,sys:actioncentercpl.dll,1
hostgood,0c32ebe7a4db23c00284209623021044c80b228bf22ae24b371d6d84bd753181,good_train,0,goodware,actxprxy.dll,x86,plain,1,,sys:actxprxy.dll,1
hostgood,a103afb6f3f656c723b00ce2b571ae9f39f4501130319a74749e4964b09c9276,good_train,0,goodware,AcWinRT.dll,x86,plain,1,,sys:acwinrt.dll,1
hostgood,40534cc2d86c69d3e8dcd093d5dc14813f09659917656ea06465cc9930f005dc,good_train,0,goodware,acwow64.dll,x86,plain,1,,sys:acwow64.dll,1
hostgood,28672f0b0d5f71214e8068dc633177741e66c5dacff181bdecf6af18611a5e6c,good_train,0,goodware,adsldp.dll,x86,plain,1,,sys:adsldp.dll,1
hostgood,d730de33f1989cae0af47a0481c7157bc9fa7ff8cc1b29050685bee95c733930,good_train,0,goodware,adsldpc.dll,x86,plain,1,,sys:adsldpc.dll,1
hostgood,0455d272eeaaed022f3f7ae94b0860132baf97328c1b0c6ecdb123a93c436b78,good_train,0,goodware,adsnt.dll,x86,plain,1,,sys:adsnt.dll,1
hostgood,06e6ee5fcd0601e181e5dd8f9a6328dd79b6bcc8fcdfc2b1a7832f0556d0d049,good_train,0,goodware,advapi32.dll,x86,plain,1,,sys:advapi32.dll,1
hostgood,fc9550914ff66119c98ce8ca058de547ceb1abd5c5c51947d1d9c94b6e71b700,good_train,0,goodware,aeevts.dll,x86,no_exec,0,no_exec,sys:aeevts.dll,1
hostgood,6d1f227523c760bd7570b04bbd15c4b9d0b406e436a5d73208407b7a0cffcf05,good_train,0,goodware,aepic.dll,x86,plain,1,,sys:aepic.dll,1
hostgood,536a20357a5c255a7b0983b6d375a7239b4eb7cdb911c6b0e4a87b148414fc1f,good_train,0,goodware,agentactivationruntimestarter.exe,x86,plain,1,,sys:agentactivationruntimestarter.exe,0
hostgood,a437aa3d763a8d614ef22393199d0884cd483183a0f6835ae0d43337016d4c3b,good_train,0,goodware,AMDBugReportTool.exe,x86,plain,1,,sys:amdbugreporttool.exe,0
hostgood,0b41d854facf4bea460453e7b22f595a52c2eb420efcabe038b21b93d2dfb29b,good_train,0,goodware,amdlvr32.dll,x86,plain,1,,sys:amdlvr32.dll,1
hostgood,98b439b440216e277980782c2ee18340a9341285299cd68e87b9330fe4af89fe,good_train,0,goodware,amdtee_api.dll,x86,plain,1,,sys:amdtee_api.dll,1
hostgood,315d7e624b78d082df52c2e75df0fc4335a6ddfd05cfa15cf3152ee79f2be24b,good_train,0,goodware,amstream.dll,x86,plain,1,,sys:amstream.dll,1
hostgood,8f484f6147f74cb64451979cfaa6bbe56c98848213e405095d14895d22a3bad9,good_train,0,goodware,APHostClient.dll,x86,plain,1,,sys:aphostclient.dll,1
hostgood,724e37dc05ba9df6f114125d04ec025ba2da47adaacde731d8a7ecdb79d89681,good_train,0,goodware,api-ms-win-core-com-l1-1-0.dll,x86,plain,1,,sys:api-ms-win-core-com-l1-1-0.dll,1
hostgood,fe21ab34509f3dab58d597eb21a9d54e20e9180f974ff36c5a59ac5a5213a542,good_train,0,goodware,api-ms-win-core-datetime-l1-1-0.dll,x86,plain,1,,sys:api-ms-win-core-datetime-l1-1-0.dll,1
hostgood,302202d2ef4d75406e95d90be68c0ce2f603d6fe376f8d0087781ce20102f991,good_train,0,goodware,api-ms-win-core-datetime-l1-1-1.dll,x86,plain,1,,sys:api-ms-win-core-datetime-l1-1-1.dll,1
hostgood,90f69bbaaaad2238e828a6c6cbd037e3b79b9423016a3f3547ca9300fae1002d,good_train,0,goodware,api-ms-win-core-delayload-l1-1-0.dll,x86,plain,1,,sys:api-ms-win-core-delayload-l1-1-0.dll,1
hostgood,d4506c1caf866e3ed43afc0afcd635414ca67d2d3961e733ddde21a7dddb77a9,good_train,0,goodware,api-ms-win-core-file-l1-1-0.dll,x86,plain,1,,sys:api-ms-win-core-file-l1-1-0.dll,1
hostgood,3c425da7429eef454036d70ad4adfc6ee1952091f0a349cdc5117c7e67612363,good_train,0,goodware,api-ms-win-core-file-l1-2-0.dll,x86,plain,1,,sys:api-ms-win-core-file-l1-2-0.dll,1
hostgood,2e0ec31e586ced3384763527d74410ebaf70c9870f6557e7312c754a65da6ff6,good_train,0,goodware,API-MS-Win-core-file-l2-1-0.dll,x86,plain,1,,sys:api-ms-win-core-file-l2-1-0.dll,1
hostgood,a9505f6536a4c12f4bb63fac5886b385d37baa4639e7c411b0b427c222f0a117,good_train,0,goodware,api-ms-win-core-heap-l1-1-0.dll,x86,plain,1,,sys:api-ms-win-core-heap-l1-1-0.dll,1
hostgood,03d71fe480e7450bdad8b71f2a42ca07d41018a40fe327d7bfd6ba9ed12ada0e,good_train,0,goodware,API-MS-Win-Core-Heap-Obsolete-L1-1-0.dll,x86,plain,1,,sys:api-ms-win-core-heap-obsolete-l1-1-0.dll,1
hostgood,1c9f935ad417d540901f442d2d6a07531151de4fd4f77cc688d1701884641fcf,good_train,0,goodware,api-ms-win-core-io-l1-1-1.dll,x86,plain,1,,sys:api-ms-win-core-io-l1-1-1.dll,1
hostgood,34f7e65c707f84537502a6525da01372b867c62755fa23638ccfcd1213174c52,good_train,0,goodware,api-ms-win-core-kernel32-legacy-l1-1-0.dll,x86,plain,1,,sys:api-ms-win-core-kernel32-legacy-l1-1-0.dll,1
hostgood,0c92f2d5e6cd89b39bb7f24445660a0b21f3ea7bf4613c858e31d86e3814d4a2,good_train,0,goodware,api-ms-win-core-kernel32-legacy-l1-1-1.dll,x86,plain,1,,sys:api-ms-win-core-kernel32-legacy-l1-1-1.dll,1
hostgood,d3fb7ce37e20173cdbb86fad888da1cbae6803a33bf1c0aa294283908ec225f4,good_train,0,goodware,API-MS-Win-Core-Kernel32-Private-L1-1-0.dll,x86,plain,1,,sys:api-ms-win-core-kernel32-private-l1-1-0.dll,1
hostgood,006ff90d6b905ee3927beb88143b6e65df94d7647e5da42dfc9b3fa289799dc7,good_train,0,goodware,api-ms-win-core-libraryloader-l1-1-0.dll,x86,plain,1,,sys:api-ms-win-core-libraryloader-l1-1-0.dll,1
hostgood,11f531d308a75670ad720cd9665e9a09d47e9b15f3b5d152ce8247cb3f81a6f0,good_train,0,goodware,api-ms-win-core-memory-l1-1-0.dll,x86,plain,1,,sys:api-ms-win-core-memory-l1-1-0.dll,1
hostgood,5cbde50d8037a84263987b1ae5f9245b6477fe9d866a870a84ab162cc96d9c5c,good_train,0,goodware,api-ms-win-core-memory-l1-1-2.dll,x86,plain,1,,sys:api-ms-win-core-memory-l1-1-2.dll,1
hostgood,0095577f0da351773374c3519511c1b19eba6d3bab0faa2c5a7cf2df250d4ef9,good_train,0,goodware,api-ms-win-core-namedpipe-l1-1-0.dll,x86,plain,1,,sys:api-ms-win-core-namedpipe-l1-1-0.dll,1
hostgood,72b80f03bad055a69fd5c6afcd5c2c4feab5532ddfdcb2f89b2b8cbc825dfcf2,good_train,0,goodware,api-ms-win-core-privateprofile-l1-1-1.dll,x86,plain,1,,sys:api-ms-win-core-privateprofile-l1-1-1.dll,1
hostgood,04a13dea8f13e22c2f5abe8f264edc2b98c5216f0b989e0eac47b2c46c826b4b,good_train,0,goodware,api-ms-win-core-processthreads-l1-1-0.dll,x86,plain,1,,sys:api-ms-win-core-processthreads-l1-1-0.dll,1
hostgood,87dacd247e896433b1e10fd3a2146a0d9f12451ab09812e51664332383aa3866,good_train,0,goodware,api-ms-win-core-processthreads-l1-1-2.dll,x86,plain,1,,sys:api-ms-win-core-processthreads-l1-1-2.dll,1
hostgood,d85e0b8840a987c6c5a738131dfdc440f57d16f3536c5118146ca13b9be0e754,good_train,0,goodware,api-ms-win-core-processtopology-obsolete-l1-1-0.dll,x86,plain,1,,sys:api-ms-win-core-processtopology-obsolete-l1-1-0.dll,1
hostgood,98bdc60ccc3628dc0dc3f68cf883889c5c494386445e858132ea4a3dcba5441a,good_train,0,goodware,api-ms-win-core-realtime-l1-1-0.dll,x86,plain,1,,sys:api-ms-win-core-realtime-l1-1-0.dll,1
hostgood,ac52eb6c24560e26bd9475e80406d36d91183342785c6f0eacea0161ee600353,good_train,0,goodware,api-ms-win-core-registry-l1-1-0.dll,x86,plain,1,,sys:api-ms-win-core-registry-l1-1-0.dll,1
hostgood,20456feb76b21654ab82ae0090df86d68a5092f890a1b07efc581bbd662f4375,good_train,0,goodware,API-MS-Win-core-string-l2-1-0.dll,x86,plain,1,,sys:api-ms-win-core-string-l2-1-0.dll,1
hostgood,7868acd0d897762cd3cfcecb800e4653c6b778beaf189adb087fde0203c0b531,good_train,0,goodware,api-ms-win-core-threadpool-l1-2-0.dll,x86,plain,1,,sys:api-ms-win-core-threadpool-l1-2-0.dll,1
hostgood,d6c154484b1b2ebf73b39d4325625607191ab54d36ee8fdf3e09ff087e009484,good_train,0,goodware,api-ms-win-core-threadpool-legacy-l1-1-0.dll,x86,plain,1,,sys:api-ms-win-core-threadpool-legacy-l1-1-0.dll,1
hostgood,d1ff637c1c842a6dbc83e0c94cf70a41d8d03fd8bb85661817f4effb932e6457,good_train,0,goodware,api-ms-win-core-threadpool-private-l1-1-0.dll,x86,plain,1,,sys:api-ms-win-core-threadpool-private-l1-1-0.dll,1
hostgood,ca7ce0925b3117a4467bdda8c237e2c6596ce28fbe5755c20b9897521b3000b3,good_train,0,goodware,api-ms-win-core-version-l1-1-0.dll,x86,plain,1,,sys:api-ms-win-core-version-l1-1-0.dll,1
hostgood,07f5a0c845ded38d75b438f4c059c8bf62d34a7176acf3b12216463b959aa2ce,good_train,0,goodware,api-ms-win-crt-environment-l1-1-0.dll,x86,plain,1,,sys:api-ms-win-crt-environment-l1-1-0.dll,1
hostgood,f59a03f06da96df442c6fef4b839018baa68d4fca1bb4c401d655e661e44cd05,good_train,0,goodware,api-ms-win-crt-heap-l1-1-0.dll,x86,plain,1,,sys:api-ms-win-crt-heap-l1-1-0.dll,1
hostgood,57e3488887e6b61bbbb0ea30ac11560943eccc04b5fbe112621a8e21a3e091b0,good_train,0,goodware,api-ms-win-crt-locale-l1-1-0.dll,x86,plain,1,,sys:api-ms-win-crt-locale-l1-1-0.dll,1
hostgood,5b1fc0d5a86f231543802e0e556659a71b078d1510e17b47144c32bcf1c3fe74,good_train,0,goodware,api-ms-win-crt-math-l1-1-0.dll,x86,plain,1,,sys:api-ms-win-crt-math-l1-1-0.dll,1
hostgood,3023450553aea3f19bb05e0e28919441b095037c1d46a54bd690829da62cebd2,good_train,0,goodware,api-ms-win-crt-multibyte-l1-1-0.dll,x86,plain,1,,sys:api-ms-win-crt-multibyte-l1-1-0.dll,1
hostgood,3053974118aae49bf25fc0ec15b9816debaf9bd4cdb3097639039b50451001c9,good_train,0,goodware,api-ms-win-crt-runtime-l1-1-0.dll,x86,plain,1,,sys:api-ms-win-crt-runtime-l1-1-0.dll,1
hostgood,5689088adbbf8d9bf02c4a118d791ca0e1c1ed2c125f8cfa0a48a671a3b4759c,good_train,0,goodware,api-ms-win-crt-stdio-l1-1-0.dll,x86,plain,1,,sys:api-ms-win-crt-stdio-l1-1-0.dll,1
hostgood,5a6cad19103cf74659e63b54c9db3909e5b2ce95ff62b3cfb5ad38c40ea6d4f4,good_train,0,goodware,api-ms-win-crt-time-l1-1-0.dll,x86,plain,1,,sys:api-ms-win-crt-time-l1-1-0.dll,1
hostgood,3796f779e207a07024365589fa99662024936d295de3e3da21e3df29a41425a7,good_train,0,goodware,api-ms-win-security-cryptoapi-l1-1-0.dll,x86,plain,1,,sys:api-ms-win-security-cryptoapi-l1-1-0.dll,1
hostgood,b86df8f2bf18afc27613dbe577ecc7d71e8a0e07c507fbac790ec5d974e36d46,good_train,0,goodware,API-MS-Win-security-lsapolicy-l1-1-0.dll,x86,plain,1,,sys:api-ms-win-security-lsapolicy-l1-1-0.dll,1
hostgood,24fa6212924d4056462c4a56429eb378b6119cb23106bf36ba51660d7034059d,good_train,0,goodware,api-ms-win-service-core-l1-1-1.dll,x86,plain,1,,sys:api-ms-win-service-core-l1-1-1.dll,1
hostgood,06e304005ffcd63e22c5acc593eb61d402b0a22934f963f5fe2968153bb8a54c,good_train,0,goodware,api-ms-win-service-winsvc-l1-1-0.dll,x86,plain,1,,sys:api-ms-win-service-winsvc-l1-1-0.dll,1
hostgood,abdc156cbd7d44ab3be5868fb9b83ab81d3bc0422ebb31bb552ed9f9d8d6f578,good_train,0,goodware,api-ms-win-shcore-stream-l1-1-0.dll,x86,plain,1,,sys:api-ms-win-shcore-stream-l1-1-0.dll,1
hostgood,d0e7a9d9059c30aa99b09e68a53fab083440e18dcdc443d69ed8c3acbf472e5f,good_train,0,goodware,ApiSetHost.AppExecutionAlias.dll,x86,plain,1,,sys:apisethost.appexecutionalias.dll,1
hostgood,900e4676408790efc68b11efc30b4aecaec9699e4a536ac1caf5a4c70e3d4c55,good_train,0,goodware,AppContracts.dll,x86,plain,1,,sys:appcontracts.dll,1
hostgood,a8109618c3bf3623be23e8e18f1e7184538600c953169297fd0009ed77564c6e,good_train,0,goodware,apphelp.dll,x86,plain,1,,sys:apphelp.dll,1
hostgood,d6072284116fe4ada9e71f738f46e71232fd3291176e4700cb26ae93285be831,good_train,0,goodware,appidapi.dll,x86,plain,1,,sys:appidapi.dll,1
hostgood,5026241aae54c69ee6332b0ce52c716e7b86dae3db7dbfe2509ca1a0954fe3be,good_train,0,goodware,appidtel.exe,x86,plain,1,,sys:appidtel.exe,0
hostgood,31dd3d32d0443ce033838c19d7828d9d69952d8b9eff4367a6965a2177362b38,good_train,0,goodware,AppLockerCSP.dll,x86,plain,1,,sys:applockercsp.dll,1
hostgood,bc376dd6fb79fc5730f820ff8707c86a32e97600bc7423a95c35f1e0b41a8f81,good_train,0,goodware,AppointmentActivation.dll,x86,plain,1,,sys:appointmentactivation.dll,1
hostgood,032fa6acf6fa91ff9011e07977d868a777774d31c90b42c4cd9d62c868a6acbb,good_train,0,goodware,AppointmentApis.dll,x86,plain,1,,sys:appointmentapis.dll,1
hostgood,14d5c7f9682b9cf29e2e560548ae40d487db679dac812905896d260cdf3c999c,good_train,0,goodware,apprepapi.dll,x86,plain,1,,sys:apprepapi.dll,1
hostgood,455f046040bd4669c12bb9e30513848ee20aebceeef18de7fe05b5868a90b9c9,good_train,0,goodware,appverif.exe,x86,plain,1,,sys:appverif.exe,0
hostgood,30e698d9e0c138762662874ceeb1c3803d68ee09aec2888b10c2d6f286c005e0,good_train,0,goodware,AppxApplicabilityEngine.dll,x86,plain,1,,sys:appxapplicabilityengine.dll,1
hostgood,6b3fe599379ae4202ff43116b1e64f27b2a99dc8e3c0be7692c3b3e2e70596a8,good_train,0,goodware,ARP.EXE,x86,plain,1,,sys:arp.exe,0
hostgood,a466a6f953083b650633ccf4738367c05f0229cc70fc8f9593596ae6a1b345e1,good_train,0,goodware,asferror.dll,x86,no_exec,0,no_exec,sys:asferror.dll,1
hostgood,a638a3403bd9d29041d192cf6ff4c3d7c8010fa2ca6d7bac57eb10d697004750,good_train,0,goodware,AssocProvider.dll,x86,plain,1,,sys:assocprovider.dll,1
hostgood,cbcf0640613baa2dc8f787f09f038c9ae4dd3c341a1210752568ce46e1abd1ac,good_train,0,goodware,at.exe,x86,plain,1,,sys:at.exe,0
hostgood,e6999411a8a1a1c84e67464d687c0b9dfc64f375c67a2d29170cb3e68884a30b,good_train,0,goodware,AtBroker.exe,x86,plain,1,,sys:atbroker.exe,0
hostgood,91a120402b963f964053ae43a8515ae53826d1126389af0e622cd4fef27405e9,good_train,0,goodware,atiadlxy.dll,x86,plain,1,,sys:atiadlxy.dll,1
hostgood,979d827ac2ffea3ceb657c78eaaf8e3849fed7321aab5caa2831654d4ac89230,good_train,0,goodware,atidxx32.dll,x86,plain,1,,sys:atidxx32.dll,1
hostgood,40e394fa89465ae77e4d8adad7e7dcb2882f2c088e05e4770d62e03a51661a59,good_train,0,goodware,atieah32.exe,x86,plain,1,,sys:atieah32.exe,0
hostgood,c7e81fce9d5f071361774f3755690a8cfefdcff714bc1debdb35066f64bccce0,good_train,0,goodware,atl110.dll,x86,plain,1,,sys:atl110.dll,1
hostgood,efbc36af3ddcd5423f1d3a13237f831d91ee45cdd8951c111f335717729316d8,good_train,0,goodware,attrib.exe,x86,plain,1,,sys:attrib.exe,0
hostgood,9feccd8e23036ab0fef1f1b2acef35f427fa4ea5567c95207d99de5a9a7a1d69,good_train,0,goodware,AudioEng.dll,x86,packed_other,0,packed_other,sys:audioeng.dll,1
hostgood,0b25b4e1bc3513efd69a8a035c5b92e94cac0d983690b582fd52782a2e39f129,good_train,0,goodware,AudioSes.dll,x86,plain,1,,sys:audioses.dll,1
hostgood,ac85c42f0994797b83f8491c56dbb83b7a4292de00bd75a0b113036cb3a5be04,good_train,0,goodware,auditpol.exe,x86,plain,1,,sys:auditpol.exe,0
hostgood,e710fc6224170a6e115ce7e10c4d67d313e41b0fcc981c608e7bad57ade272f3,good_train,0,goodware,AuthBrokerUI.dll,x86,plain,1,,sys:authbrokerui.dll,1
hostgood,d122715443f49f1a4725e27888e90a798478edfe130bc7b64f9b75ad1beb0aea,good_train,0,goodware,authfwcfg.dll,x86,plain,1,,sys:authfwcfg.dll,1
hostgood,8ce05a1e85820b01838bfee70ee390afcf037333885e6f7fabb875c578616e2f,good_train,0,goodware,AuthFWGP.dll,x86,plain,1,,sys:authfwgp.dll,1
hostgood,c7afc9781a08dd30cf5833dd7b1d5a144bfe84cb61b26f3a16ce486ee0d47238,good_train,0,goodware,AuthFWSnapin.dll,x86,dotnet,0,dotnet,sys:authfwsnapin.dll,1
hostgood,1843ddc79dd84dee41160f633bc72834c2cdfe6168717b04be28abacd18c80bb,good_train,0,goodware,authui.dll,x86,plain,1,,sys:authui.dll,1
hostgood,2821a85a8cae3607a53c68b56ecb4ff62d517219b297287b0ab16aa7766eff14,good_train,0,goodware,autochk.exe,x86,plain,1,,sys:autochk.exe,0
hostgood,fe34cc47104f214e52d1ba2ce435c4e1d05bec8a039a6631ad3788be2516d00c,good_train,0,goodware,autofstx.exe,x86,plain,1,,sys:autofstx.exe,0
hostgood,415b6d39909f1e8bbee69f4a3ae874e960aaf753a46cf8f4d38a9f64b7589d9e,good_train,0,goodware,AutomaticAppSignInPolicy.dll,x86,plain,1,,sys:automaticappsigninpolicy.dll,1
hostgood,44866e34330f34adefa0f393b3d4c14773b62eb0d0c5bc80b66083b901686635,good_train,0,goodware,autopilot.dll,x86,plain,1,,sys:autopilot.dll,1
hostgood,54460387293eea3635e7297abd64baa32cddf00ed554730afe915c3a3ea62e16,good_train,0,goodware,autoplay.dll,x86,plain,1,,sys:autoplay.dll,1
hostgood,1ed846fce24b48b81cf31449ede95e737f35b62c5fc77e3fb8c4d97ed79223f3,good_train,0,goodware,avicap32.dll,x86,plain,1,,sys:avicap32.dll,1
hostgood,2a5a2899935f10551f938ceb3cee2ff8ca4804c5619a56f7335e3f52acd506ae,good_train,0,goodware,avifil32.dll,x86,plain,1,,sys:avifil32.dll,1
hostgood,0c92aab63c9e2e59420a372fcb8412d0444b5ce4ae272411421be987bae4dbaf,good_train,0,goodware,AzSqlExt.dll,x86,plain,1,,sys:azsqlext.dll,1
hostgood,c905d32a8fa8e03e9c3a95678ba24223871230b6b545d893c7c3c3ea111c5d3f,good_train,0,goodware,BackgroundMediaPolicy.dll,x86,plain,1,,sys:backgroundmediapolicy.dll,1
hostgood,a3d1c46995e9a8eb8036375fda90ad20b81784dad4229db61b0941e08de1215e,good_train,0,goodware,backgroundTaskHost.exe,x86,plain,1,,sys:backgroundtaskhost.exe,0
hostgood,8db8ab30f1bfe0895b9caf7a5006490a6be3066f0a50656b749cf58252025892,good_train,0,goodware,BackgroundTransferHost.exe,x86,plain,1,,sys:backgroundtransferhost.exe,0
hostgood,b9844cc37ec2058199c3af5c4b1463651e2d871c4c35968be834552fe1cdce23,good_train,0,goodware,batmeter.dll,x86,plain,1,,sys:batmeter.dll,1
hostgood,2ae59b5c2ec9e9e08f3faabd54ff25435fd562bd659b8d487b2510c75219c9d5,good_train,0,goodware,BcastDVRBroker.dll,x86,plain,1,,sys:bcastdvrbroker.dll,1
hostgood,de7e987cf0d82fe28770d27217f964b771c52d58a691181cf593f6628a4cd0c5,good_train,0,goodware,BcastDVRCommon.dll,x86,plain,1,,sys:bcastdvrcommon.dll,1
hostgood,9dc919399397baad18239d81915dc4c5c0483ba29c98215061679ef8331cb206,good_train,0,goodware,BCP47Langs.dll,x86,plain,1,,sys:bcp47langs.dll,1
hostgood,e9692b58f016fa595c20cd03860650574c23196118667c2f7661f45077cd5fac,good_train,0,goodware,BCP47mrm.dll,x86,plain,1,,sys:bcp47mrm.dll,1
hostgood,137cec7506fdb011ed03c5a7b51c6ea168cc75ec4359b8dc3f83855622d86bc3,good_train,0,goodware,bcrypt.dll,x86,plain,1,,sys:bcrypt.dll,1
hostgood,014a3f4a87fc9aaf5f93d76e5fe92aef83daf12fe042a963af3117e8660c94ec,good_train,0,goodware,bidispl.dll,x86,plain,1,,sys:bidispl.dll,1
hostgood,3f2f3234cdda29ab62b72c30780985261f4dc4964a5fde2d65cb3f4705cdda5e,good_train,0,goodware,BingMaps.dll,x86,plain,1,,sys:bingmaps.dll,1
hostgood,b7e73107282583a3bd429af15e4fb22e896097a46e719fd72a667035697ebb39,good_train,0,goodware,BioCredProv.dll,x86,plain,1,,sys:biocredprov.dll,1
hostgood,14bc5ca0dbd9fa23de68027ce5e7665e44056e6bff18480a2515713e56f7c577,good_train,0,goodware,bitsadmin.exe,x86,plain,1,,sys:bitsadmin.exe,0
hostgood,35049d6e11053be39230c0c93a5ecaab4211f6413302dfece1e92ba68ee8eeee,good_train,0,goodware,BluetoothOppPushClient.dll,x86,plain,1,,sys:bluetoothopppushclient.dll,1
hostgood,b343c026209ce273942d059d4832bec3386d584298bdf980362cf10e88068eb6,good_train,0,goodware,browcli.dll,x86,plain,1,,sys:browcli.dll,1
hostgood,39c6ce6c89c65732550f6a08b9339f65cf1eab7d36a5d81221b38d7e6610b5b5,good_train,0,goodware,BTAGService.dll,x86,plain,1,,sys:btagservice.dll,1
hostgood,d198bb10ac0ce2d0b5ebbb882c159ad63cfec66cf62a47dc7af691287243cf27,good_train,0,goodware,bthudtask.exe,x86,plain,1,,sys:bthudtask.exe,0
hostgood,b34a02286490264b0c12329f703324656eef0877c669279490ca935f75c95f85,good_train,0,goodware,ByteCodeGenerator.exe,x86,plain,1,,sys:bytecodegenerator.exe,0
hostgood,16165b873d1c59af417da1102ebd5ca4aece238a1c97b5bfd95a5829e6a1812f,good_train,0,goodware,C_G18030.DLL,x86,plain,1,,sys:c_g18030.dll,1
hostgood,ba3c9c11e0b755622e81992460595105f1b83e7ad7bb62909558174ab0d05c23,good_train,0,goodware,C_IS2022.DLL,x86,plain,1,,sys:c_is2022.dll,1
hostgood,a33f4108210c00fa940f7884e623b939f5f9d013fd20bdda8013848a4f081720,good_train,0,goodware,cabapi.dll,x86,plain,1,,sys:cabapi.dll,1
hostgood,7ea7a99db4e9e75b052d55991beb0a644cf2c0ac9a018a5abec704d5a4799236,good_train,0,goodware,cacls.exe,x86,plain,1,,sys:cacls.exe,0
hostgood,ad2b108a1b46f93127599c939e733d0995d34d3b7b887992e807e73569510c57,good_train,0,goodware,calc.exe,x86,plain,1,,sys:calc.exe,0
hostgood,b76d33404dd77c98f001c4ff188119317b25c94c7bbd5c10058a9a1ff3faafc3,good_train,0,goodware,CameraCaptureUI.dll,x86,plain,1,,sys:cameracaptureui.dll,1
hostgood,3d16a046b9d35ac46c5b14535c50cfeb5b9d786051abb7eda68a291833c52019,good_train,0,goodware,CameraSettingsUIHost.exe,x86,plain,1,,sys:camerasettingsuihost.exe,0
hostgood,61df355cb288023b2bf0ac4575979231980a77b1807f484a2e236c0e78487407,good_train,0,goodware,capauthz.dll,x86,plain,1,,sys:capauthz.dll,1
hostgood,65ca53a226dd8b2c4bc4747e7ca921ca27e036783b9484bdfec29a5747a3fef1,good_train,0,goodware,capiprovider.dll,x86,plain,1,,sys:capiprovider.dll,1
hostgood,d2129716754e22468a3c503177c354feb7ac4a583b430455897bd51ba8039037,good_train,0,goodware,catsrv.dll,x86,plain,1,,sys:catsrv.dll,1
hostgood,3ece928ed6755bdc025201e8e31f9a6e03931594886a97e4de96863c78146995,good_train,0,goodware,cca.dll,x86,plain,1,,sys:cca.dll,1
hostgood,b768d0772744694805d19ce65b03036f9788d65f99a9f47b750bcb41c5424ea3,good_train,0,goodware,cdosys.dll,x86,plain,1,,sys:cdosys.dll,1
hostgood,41ad4460ac2fb8468f32a7d2b17319239f2f31ae80d3092a7f0a9ff72044102c,good_train,0,goodware,CertEnroll.dll,x86,plain,1,,sys:certenroll.dll,1
hostgood,3e92dfec9fca7ecb33a3a425a6c4e1fdbfa46747f11e62ac690732b941c507bf,good_train,0,goodware,CertEnrollCtrl.exe,x86,plain,1,,sys:certenrollctrl.exe,0
hostgood,47903fc4c847a65a8114ff199978a15a61f57dce7aa36f9f3806160e6633be40,good_train,0,goodware,certmgr.dll,x86,plain,1,,sys:certmgr.dll,1
hostgood,33c1e4c63d0f44a965f1009e43c17fcae5c7f5a133687c2fdccd6f49b48b6531,good_train,0,goodware,CertPKICmdlet.dll,x86,plain,1,,sys:certpkicmdlet.dll,1
hostgood,170f77096df6465787f4974e99dca803aafa5a57366d39c9d9d59ba4808fd9d4,good_train,0,goodware,certreq.exe,x86,plain,1,,sys:certreq.exe,0
hostgood,a46fb0027e4bf9132b142878ab537b9085c1f4c61c743f109708856740727562,good_train,0,goodware,certutil.exe,x86,plain,1,,sys:certutil.exe,0
hostgood,9a9cdb1ddd9ebbdc57fa26c511a7f9a5a2a8c53f1c59318f51951e75fc00d724,good_train,0,goodware,Chakradiag.dll,x86,plain,1,,sys:chakradiag.dll,1
hostgood,8d76e860424bec34550d8bd587ab5e064bca7bc69dfea2c78ffc1619e49efbc7,good_train,0,goodware,charmap.exe,x86,plain,1,,sys:charmap.exe,0
hostgood,fc923de253d6952f9ebe0eb86bf14ff5a5781c880a243c67760418a8e37e1ab0,good_train,0,goodware,CheckNetIsolation.exe,x86,plain,1,,sys:checknetisolation.exe,0
hostgood,a9af21db4d6ac051eb3e63fa8d9a242229c80649a45f0c06044577a7143867a7,good_train,0,goodware,chkdsk.exe,x86,plain,1,,sys:chkdsk.exe,0
hostgood,daeee58bb05b613f5bcccedcd97be1fae4898cd9d26bd232f3ee331c3517e578,good_train,0,goodware,chkntfs.exe,x86,plain,1,,sys:chkntfs.exe,0
hostgood,6b86f22d00f1526ae8d346a984ef899612ca00a226738c777c427f61c09a726a,good_train,0,goodware,choice.exe,x86,plain,1,,sys:choice.exe,0
hostgood,f8a02f0b200ff1ab6fd2198523c72c3500bd2aabcaa03c27576327a0281ab084,good_train,0,goodware,cic.dll,x86,plain,1,,sys:cic.dll,1
hostgood,bc9f6e92e1fadb979ed0b605f6e247ed2cf50e00ea59c2c6de90b25b558750db,good_train,0,goodware,cipher.exe,x86,plain,1,,sys:cipher.exe,0
hostgood,ae221590510f1ea23d1e6cafe6cc21c290bb476d12838353cda533efe2dba4e2,good_train,0,goodware,cleanmgr.exe,x86,plain,1,,sys:cleanmgr.exe,0
hostgood,31657bd0c03205153667c415746c81d4033417a51674fc1a9b95646da08f6709,good_train,0,goodware,cliconfg.dll,x86,plain,1,,sys:cliconfg.dll,1
hostgood,fbc8b21ab087a9dbe03fb161fd3251d567bf8d5db636fa68e49455916cb9681b,good_train,0,goodware,cliconfg.exe,x86,plain,1,,sys:cliconfg.exe,0
hostgood,daaf0229e624d95e0ca1cddd89ed502418bec60fa511207cbc76d7e94afc4e26,good_train,0,goodware,clip.exe,x86,plain,1,,sys:clip.exe,0
hostgood,e02861671463a3dfd60ed3cb98d8903d42cf7915a7ad5f10c34424255e5d9f53,good_train,0,goodware,CloudNotifications.exe,x86,plain,1,,sys:cloudnotifications.exe,0
hostgood,da1b830e2d66ae13a2b06ec09b1b8faf6199b54c3f3f60d6a8417d4fb6247868,good_train,0,goodware,clrhost.dll,x86,plain,1,,sys:clrhost.dll,1
hostgood,f73f537c6b542b0bb74db521b30686ecd5e3002713298c1145b09cd846016c34,good_train,0,goodware,clusapi.dll,x86,plain,1,,sys:clusapi.dll,1
hostgood,136a2ddc770252b0ddb47edfae5e181a7891e31312076f26607b38eadd3b58fb,good_train,0,goodware,cmcfg32.dll,x86,plain,1,,sys:cmcfg32.dll,1
hostgood,a5923f7667d1d0e7d8b10f9e53fb22e04aa424b87a18805ec8f08f2be5092205,good_train,0,goodware,cmd.exe,x86,plain,1,,sys:cmd.exe,0
hostgood,d7b512570abafa5dd93c4b2bec1049d6c9d45985e8716c7543c379968ebb6a8c,good_train,0,goodware,cmdext.dll,x86,plain,1,,sys:cmdext.dll,1
hostgood,90b7e193fc11a7f8d2dc6867a92b8b310503c376cf93bef4c51a53320cfc584d,good_train,0,goodware,cmdkey.exe,x86,plain,1,,sys:cmdkey.exe,0
hostgood,12752c9314aba91ed24023fae15018b05d9ca96cca484c79f83e85bcf7731978,good_train,0,goodware,cmdl32.exe,x86,plain,1,,sys:cmdl32.exe,0
hostgood,d366a4cab0d763ef4c99b3688c0388f670a01284eabe2c5ff019ada9fb4f1349,good_train,0,goodware,cmifw.dll,x86,plain,1,,sys:cmifw.dll,1
hostgood,522e9026cb62dd3e70dd67d896271211e0cba76373c711874b314aa8ec97835b,good_train,0,goodware,cmintegrator.dll,x86,plain,1,,sys:cmintegrator.dll,1
hostgood,107e855583ef13e54aa94f4d5cd84f9dac07acb4f6a11d03795331c24712b689,good_train,0,goodware,cmiv2.dll,x86,plain,1,,sys:cmiv2.dll,1
hostgood,2aaae20a3e8c95fb61e9d9ee7c6c7693dd0e9aabfb7bf51124b1c6be3c09eef7,good_train,0,goodware,cmlua.dll,x86,plain,1,,sys:cmlua.dll,1
hostgood,ff71267f116db665e6cccc4d9b00c9ae4546fdf462ed2dc7ad4d134cc5dac21c,good_train,0,goodware,cmmon32.exe,x86,plain,1,,sys:cmmon32.exe,0
hostgood,863a6c6e2499e774b8d48826de954bd20cb45076a2a5e09939484aa2d5be883d,good_train,0,goodware,cmpbk32.dll,x86,plain,1,,sys:cmpbk32.dll,1
hostgood,9f8eb875afb4a84bea1982241a140aa6db717fca83d791f8d3e0c751f9e2788d,good_train,0,goodware,cmstp.exe,x86,plain,1,,sys:cmstp.exe,0
hostgood,d8e4d6679896bd1f9d72c2b649a0601a9a79a4adf8f79620fb66598294d22699,good_train,0,goodware,cmstplua.dll,x86,plain,1,,sys:cmstplua.dll,1
hostgood,1e70e970495471904607f1eadda7903a030d57816c82caf5345e95d447b515e0,good_train,0,goodware,cmutil.dll,x86,plain,1,,sys:cmutil.dll,1
hostgood,26102b335dad1412c13078cd8d3e571b478c51eaac839deafa08009c7dee1a7d,good_train,0,goodware,cngprovider.dll,x86,plain,1,,sys:cngprovider.dll,1
hostgood,1f2f77200ccacc6fc13bf35ccee3d83d5ce715e783096cf6d2f89927427860bf,good_train,0,goodware,CntrtextMig.dll,x86,plain,1,,sys:cntrtextmig.dll,1
hostgood,a46f2ce9e9b3eb46c8bdfe62b7b8756db28579f262a832d32c9cd6ebab5d1803,good_train,0,goodware,cnvfat.dll,x86,plain,1,,sys:cnvfat.dll,1
hostgood,0158b2f61aafdf6c10c503f33dc4631e968438caad1f52506c68316a7db89900,good_train,0,goodware,colbact.dll,x86,plain,1,,sys:colbact.dll,1
hostgood,2d5f01d3634dc458b8606f9f089f0a159d7bebe3de00378609665b98fceb0340,good_train,0,goodware,colorcpl.exe,x86,plain,1,,sys:colorcpl.exe,0
hostgood,5c154b98ca06e6255fb355a946f37c118e7af0004b4d1005b1b6db55b36d09ed,good_train,0,goodware,colorui.dll,x86,plain,1,,sys:colorui.dll,1
hostgood,edcc46516586b3a11ba583d0a1e288a081d48db00361c28dfbcb5177e5ba7b9c,good_train,0,goodware,comctl32.dll,x86,plain,1,,sys:comctl32.dll,1
hostgood,a842fa3afec9af00c31486ea9746861b3e82b63073711b3a66f2a13f0cde1b92,good_train,0,goodware,coml2.dll,x86,plain,1,,sys:coml2.dll,1
hostgood,7443215246a8bbbd85eb512ee01301c272a04ecc73713558a7f71b397dce991a,good_train,0,goodware,comp.exe,x86,plain,1,,sys:comp.exe,0
hostgood,b23fd0fcef80a6755feda2b3491f7bb13627f3e17006efcf97cb2e1c0cc080fd,good_train,0,goodware,compact.exe,x86,plain,1,,sys:compact.exe,0
hostgood,2b90fef97f882a42eaa6d91d50e19ed24ea06d42fa68cfc8a2cc0237c5e41cd4,good_train,0,goodware,ComposableShellProxyStub.dll,x86,plain,1,,sys:composableshellproxystub.dll,1
hostgood,58d097b27cef3b67c6a3cf0fd625a5546f7fb78cd665417bec913c90dad44905,good_train,0,goodware,ComputerDefaults.exe,x86,plain,1,,sys:computerdefaults.exe,0
hostgood,b19ef26fde857b10032dd9bcbd59596e1de737c8963bdfb97f4d96bbf372731d,good_train,0,goodware,comrepl.dll,x86,plain,1,,sys:comrepl.dll,1
hostgood,09ad453c92297ac4ff61ec8508a0ae8a267fb1b5ca314b42871b61884b91b599,good_train,0,goodware,comrepl.exe,x86,plain,1,,sys:comrepl.exe,0
hostgood,478b82cabe34eccd5d8033518a8f46c94238bdef63590ed866b90aa5641cdab3,good_train,0,goodware,comres.dll,x86,no_exec,0,no_exec,sys:comres.dll,1
hostgood,5cec8623d32742a11291ed220a3da5e749834290c46fcf91728ce41259fa1f8d,good_train,0,goodware,comsnap.dll,x86,plain,1,,sys:comsnap.dll,1
hostgood,d5ac7ce6d97a10f67ff87ddbef75fb0050cda58bb0b2c4f178d51d6a4f9c18e1,good_train,0,goodware,concrt140d.dll,x86,plain,1,,sys:concrt140d.dll,1
hostgood,99bbfd980cfcb58dade74dca80996e1559de84ec96a2e583de9b32537e405824,good_train,0,goodware,ConfigureExpandedStorage.dll,x86,plain,1,,sys:configureexpandedstorage.dll,1
hostgood,906c2aee18b3bbf58888fb4fdab9a55188e6b534611d961af5f9336a23c4384d,good_train,0,goodware,ConnectedAccountState.dll,x86,plain,1,,sys:connectedaccountstate.dll,1
hostgood,63425adb7ac83d602ec13a6d028c297341e415e67a9308e5414167e2e52ddeb7,good_train,0,goodware,console.dll,x86,plain,1,,sys:console.dll,1
hostgood,c02e77856b5acba30a5386dc7cd6ca83c25665eff503e79bdde6370a8bdd6699,good_train,0,goodware,container.dll,x86,plain,1,,sys:container.dll,1
hostgood,382ce5d6a1cc5e423924604c1fa006c47049de49245d66318f081f42c6054434,good_train,0,goodware,ContentDeliveryManager.Utilities.dll,x86,plain,1,,sys:contentdeliverymanager.utilities.dll,1
hostgood,1a3a61d9feb1e29e9c3594081aa712741d26d749217e3093d3b3dd44fd6c0fd9,good_train,0,goodware,control.exe,x86,plain,1,,sys:control.exe,0
hostgood,1d09e2c68ee9ec134763fe17a2a963a0e7618c43d4432f2f8ce2e4b0e5525d9a,good_train,0,goodware,convert.exe,x86,plain,1,,sys:convert.exe,0
hostgood,020bd4e99acc1011defaca32d2e6effe2347df7d04cad34974e5259c080f823a,good_train,0,goodware,coreglobconfig.dll,x86,plain,1,,sys:coreglobconfig.dll,1
hostgood,d00b7e697e2860b9ae3d6a2281fa2058bfc29937b21a9ae0379b420e1780ae65,good_train,0,goodware,CoreMas.dll,x86,plain,1,,sys:coremas.dll,1
hostgood,93ed751bc4b65c61c85d4552ad91a4cd3bb8d60616c869e8511971db6a41901a,good_train,0,goodware,CoreMessaging.dll,x86,plain,1,,sys:coremessaging.dll,1
hostgood,b3ba44b9f37b120478b37bcd993ebee926ba6cfa72bff9a65a9c09e9b7fb0840,good_train,0,goodware,CPFilters.dll,x86,plain,1,,sys:cpfilters.dll,1
hostgood,2df017f744362b452962520d4fa3871a2b61ea8b06b143ecadee39fe93865e64,good_train,0,goodware,CredentialUIBroker.exe,x86,plain,1,,sys:credentialuibroker.exe,0
hostgood,09d170d4ca8442337ab8bd72f49e32177041deb8a2b897485344839f0186d3a6,good_train,0,goodware,CredProvDataModel.dll,x86,plain,1,,sys:credprovdatamodel.dll,1
hostgood,146c84dd9ac5971be48fb0683b6f3c52fcad3a45d3ef241c9aa608bb0916289e,good_train,0,goodware,credwiz.exe,x86,plain,1,,sys:credwiz.exe,0
hostgood,180a17b648074284c85370e2f0e7fdf584cd08fb7e950d141977821ca991cac8,good_train,0,goodware,crtdll.dll,x86,plain,1,,sys:crtdll.dll,1
hostgood,23189fed3a48d7322e28a9d4be0e64d8b3984c3aff7cd67eb545edc2a463506b,good_train,0,goodware,crypt32.dll,x86,plain,1,,sys:crypt32.dll,1
hostgood,68fb8738e0481894b0d791b47b768faf6a0a07c35be5f722409cde530552cc11,good_train,0,goodware,crypttpmeksvc.dll,x86,plain,1,,sys:crypttpmeksvc.dll,1
hostgood,f2cb431f26ce304b5a3076abcde76a153a1dffdab789f8c3523d676ef7fbe39b,good_train,0,goodware,cryptuiwizard.dll,x86,plain,1,,sys:cryptuiwizard.dll,1
hostgood,9d4372d6f5b8f0f087b0bcccea219fea9670d3291c1e4a0785cd18b03a7afd11,good_train,0,goodware,cryptxml.dll,x86,plain,1,,sys:cryptxml.dll,1
hostgood,21283cf516dfac2b8fd4d3982ecdf5c096251a90c9e4c728e8f01dfb79f736a7,good_train,0,goodware,cscript.exe,x86,plain,1,,sys:cscript.exe,0
hostgood,a6b9bbfe8b61e146bfcf9968f1a8acee263ac7b166ce21ed09d6d9871c65afe1,good_train,0,goodware,ctfmon.exe,x86,plain,1,,sys:ctfmon.exe,0
hostgood,34faafefb86c4a44940f6d74dc04a04f5a04de70674186af1572eb99f89ec49a,good_train,0,goodware,ctl3d32.dll,x86,plain,1,,sys:ctl3d32.dll,1
hostgood,2abbae8171de5bd5059c1df8051a3eb4ee95431d53216fc6b6ae57f4c87b4542,good_train,0,goodware,cttune.exe,x86,plain,1,,sys:cttune.exe,0
hostgood,2cf15fce80ab449592da0b458489d88c8daa83d562dc79d32b0df1bbddd018de,good_train,0,goodware,cttunesvr.exe,x86,plain,1,,sys:cttunesvr.exe,0
hostgood,e3fda226f2d29d7bcde5eddd5fdfb8a6104c65e28222e16a27945edb59a2a5f7,good_train,0,goodware,curl.exe,x86,plain,1,,sys:curl.exe,0
hostgood,e00cfe732379f4b3753f27b3123ad798e082417b8ac61f7ab2db455d5b2ebeb4,good_train,0,goodware,d2d1.dll,x86,plain,1,,sys:d2d1.dll,1
hostgood,75619275304e8ab35463d0210b1bb449414e8fb038fd6235dc616b72027c40d0,good_train,0,goodware,D2D1Debug2.dll,x86,plain,1,,sys:d2d1debug2.dll,1
hostgood,81c121d84a791bb65588086035aba3b74c3aa9e01ab05ab63fe18abf79094527,good_train,0,goodware,d3d10.dll,x86,plain,1,,sys:d3d10.dll,1
hostgood,aa2fecb249118cfcf9d9f35e5e08f964037338a6b73968d8ffc8d7aa10b3682a,good_train,0,goodware,d3d10_1.dll,x86,plain,1,,sys:d3d10_1.dll,1
hostgood,cbd96bb05e3875242dd43837ab5dbacd355da103139f41d03045bd26bcb5a772,good_train,0,goodware,d3d10core.dll,x86,plain,1,,sys:d3d10core.dll,1
hostgood,09fa71cb1242cfd0c9e7c1465a87aa8f2910e2776b4d0210fd7f16230a409ae0,good_train,0,goodware,d3d10warp.dll,x86,plain,1,,sys:d3d10warp.dll,1
hostgood,76e74e8962f62968bb5712c68a8f09fad368c7b024b4989369ece32f7f0c70b1,good_train,0,goodware,d3d9on12.dll,x86,plain,1,,sys:d3d9on12.dll,1
hostgood,12e238af4b4edc1f774213709a87a91b77b2c9d2d18fe475b027872923b6fa17,good_train,0,goodware,D3DCompiler_33.dll,x86,plain,1,,sys:d3dcompiler_33.dll,1
hostgood,b99b655abc4ec45851cc2acdb7a348e739687200a4fe3be9c35d6738dd61112f,good_train,0,goodware,D3DCompiler_39.dll,x86,plain,1,,sys:d3dcompiler_39.dll,1
hostgood,2f23182ec6f4889397ac4bf03d62536136c5bdba825c7d2c4ef08c827f3a8a1c,good_train,0,goodware,D3DCompiler_43.dll,x86,plain,1,,sys:d3dcompiler_43.dll,1
hostgood,e462eb3d41db54988ce3be46ced60b0073f8d939a9946cda67fb1df3c8afe0a1,good_train,0,goodware,d3dcsx_42.dll,x86,packed_other,0,packed_other,sys:d3dcsx_42.dll,1
hostgood,7eba2a4db617628677f56247179c832dad60f6e482435d8655cce89f6e192ff7,good_train,0,goodware,d3dref9.dll,x86,plain,1,,sys:d3dref9.dll,1
hostgood,559395005ed814765b3035fae0377e5999c42426244dde334c640d0530c4f120,good_train,0,goodware,D3DSCache.dll,x86,plain,1,,sys:d3dscache.dll,1
hostgood,aee0248f18dfef8194451a22c69adda1cca38c03ae9aa776114da9d8851d4c38,good_train,0,goodware,d3dx10_36.dll,x86,plain,1,,sys:d3dx10_36.dll,1
hostgood,613afdb8b44bb3bed945279229d9604a3cd553f8c2b9b091235cbab8cd00de61,good_train,0,goodware,d3dx10_39.dll,x86,plain,1,,sys:d3dx10_39.dll,1
hostgood,46429c4affe041b08a7acfda0e9162ba42de966acb2cbcaf09ef976232073b51,good_train,0,goodware,d3dx10_42.dll,x86,plain,1,,sys:d3dx10_42.dll,1
hostgood,8c8fa8dce19e2f43e82cecd73a268e831a5ce0a16023845f7fa7fcb597772e85,good_train,0,goodware,d3dx11_42.dll,x86,plain,1,,sys:d3dx11_42.dll,1
hostgood,492e960cb3ccfc8c25fc83f7c464ba77c86a20411347a1a9b3e5d3e8c9180a8d,good_train,0,goodware,d3dx11_43.dll,x86,plain,1,,sys:d3dx11_43.dll,1
hostgood,f3e391b5f1c1f9637cabf2b812b6f5d65e4776c89d779f506f6b643cc563176d,good_train,0,goodware,d3dx9_28.dll,x86,plain,1,,sys:d3dx9_28.dll,1
hostgood,e2065619fe6eb0034833b1dc0369deb4a6edc3110e38a1132eeafcf430c578a5,good_train,0,goodware,d3dx9_31.dll,x86,plain,1,,sys:d3dx9_31.dll,1
hostgood,b6f77f06518d35345fb61172b6a13159125ed60c469d28b1a2e07970e9ddf81d,good_train,0,goodware,d3dx9_34.dll,x86,plain,1,,sys:d3dx9_34.dll,1
hostgood,c12f0ab0338eb5031d3d04beaf7208ac848f7e037d21ff963d2af90221cbe935,good_train,0,goodware,d3dx9_36.dll,x86,plain,1,,sys:d3dx9_36.dll,1
hostgood,c2ccb84c672a9d8966e82a28005a4269886ee304972ac3590c0b8a9c1622a3d8,good_train,0,goodware,D3DX9_37.dll,x86,plain,1,,sys:d3dx9_37.dll,1
hostgood,5d29988cad858f754ecc62c3d30de555f82cc21b5b26c448b890295e9b7bee82,good_train,0,goodware,D3DX9_39.dll,x86,plain,1,,sys:d3dx9_39.dll,1
hostgood,16fd909aeb68d0d1aca8529dc7f78880b97d6649d70ce8d03a2c858bc28e216b,good_train,0,goodware,D3DX9_40.dll,x86,plain,1,,sys:d3dx9_40.dll,1
hostgood,6ac4df203af419d3f3b7d9a99e14a3490ea3ad307c474bfe36baea642b1421f6,good_train,0,goodware,D3DX9_41.dll,x86,plain,1,,sys:d3dx9_41.dll,1
hostgood,f8b9cfab7fffbc8f98e41aa439d72921dc180634a1febca2a9d41a0df35d3472,good_train,0,goodware,D3DX9_42.dll,x86,plain,1,,sys:d3dx9_42.dll,1
hostgood,b380e979dfbc875fdb649d1b0318641556eb8ac9e783255bde4268a8cbd1416c,good_train,0,goodware,d3dxof.dll,x86,plain,1,,sys:d3dxof.dll,1
hostgood,4ee5bcafa2f11b0412906a0a9434f3bac29abedd5c5160851539ec3ffabe75f3,good_train,0,goodware,dabapi.dll,x86,plain,1,,sys:dabapi.dll,1
hostgood,b578b0d45ddf2f49fe3d166be6e7523093463f7ef3d6414995f0f7dfc2372fb3,good_train,0,goodware,DaOtpCredentialProvider.dll,x86,plain,1,,sys:daotpcredentialprovider.dll,1
hostgood,4465cb4edefe2db0aa158af087b7ce0df13f1d70eef890c796cf335794ba9444,good_train,0,goodware,davclnt.dll,x86,plain,1,,sys:davclnt.dll,1
hostgood,e1def2ae02d07b5febfeba8c305d30866ec000d78bc183f3151a2ce92cc9c43b,good_train,0,goodware,davhlpr.dll,x86,plain,1,,sys:davhlpr.dll,1
hostgood,fc664b600a55fa16bc4bd09f54c34abccdd7d478a11e156730b4eba218e52362,good_train,0,goodware,dbnmpntw.dll,x86,plain,1,,sys:dbnmpntw.dll,1
hostgood,8bd1760cbf16aaf8f6dc137d5cf747024ba1770d27ed5fcd3eefe13534220ec9,good_train,0,goodware,dccw.exe,x86,plain,1,,sys:dccw.exe,0
hostgood,081b5568f5fff98cc3e9aa7cbda13ad4861cf8fffe86a9324e032ae1ba718eb8,good_train,0,goodware,dciman32.dll,x86,plain,1,,sys:dciman32.dll,1
hostgood,d16e0dd2bbfa2daea52082b2824c8f6e0e3d6219c9cf283560f4e4ac0791b129,good_train,0,goodware,dcomcnfg.exe,x86,plain,1,,sys:dcomcnfg.exe,0
hostgood,5d846a756346e753499b71c58bde159bbfccb66f851713a7ceeb952272257773,good_train,0,goodware,DDACLSys.dll,x86,plain,1,,sys:ddaclsys.dll,1
hostgood,082892dd684bc4088622236734b7aa31fe939303d556b3bf1bab397f90bf6573,good_train,0,goodware,ddodiag.exe,x86,plain,1,,sys:ddodiag.exe,0
hostgood,87526630104f8b9b268ac483473e245cd202f8cf8bd8e1a1a22098ced9b01a69,good_train,0,goodware,ddrawex.dll,x86,plain,1,,sys:ddrawex.dll,1
hostgood,8fc0aeffe3093807d21e88670c3d71ee3d7c64e28b89cd9db1562d21fac20a4a,good_train,0,goodware,DefaultDeviceManager.dll,x86,plain,1,,sys:defaultdevicemanager.dll,1
hostgood,59ce815f848d37a7a951df387ebe610dc8136aa8fa2817571d6b445a1e741497,good_train,0,goodware,DefaultPrinterProvider.dll,x86,plain,1,,sys:defaultprinterprovider.dll,1
hostgood,467b0ec17fb4fd89054bfb3fb6ce44a277683229d5e939af3891f02f38020dec,good_train,0,goodware,detoured.dll,x86,plain,1,,sys:detoured.dll,1
hostgood,99a5dbee716bd0f529b62c81ff586d8153746577efdb5817a7260ccea4aa7cab,good_train,0,goodware,devenum.dll,x86,plain,1,,sys:devenum.dll,1
hostgood,2a349ffa397f91b084f5ff5ae4eae0d1faf4e56c3583b47b27f5712652afa9d5,good_train,0,goodware,deviceassociation.dll,x86,plain,1,,sys:deviceassociation.dll,1
hostgood,b690313dbed8005020711c474006ca5fff3e8c6edafa9e1df756e46dadab6e71,good_train,0,goodware,DeviceCenter.dll,x86,plain,1,,sys:devicecenter.dll,1
hostgood,3d0c587fa0a46b32e67f66df5de263083770580077828a21824a233a8528fb0b,good_train,0,goodware,DeviceCredential.dll,x86,plain,1,,sys:devicecredential.dll,1
hostgood,5a4ec2342c883cdede8d8a425ff96c80c4c4b56b6dd362c4c6c3b954622259ae,good_train,0,goodware,DeviceFlows.DataModel.dll,x86,plain,1,,sys:deviceflows.datamodel.dll,1
hostgood,c32e72c79e6c2c49050984437cbecc0f72047908e10b7226209d3ebc9a30832f,good_train,0,goodware,DevicePairing.dll,x86,plain,1,,sys:devicepairing.dll,1
hostgood,2920173d57b2426ec5c5c4b08bb54bfe841a708fa21bf65f2db6ac4fa239cf7d,good_train,0,goodware,DevicePairingFolder.dll,x86,plain,1,,sys:devicepairingfolder.dll,1
hostgood,cbb3a9bb09c970125d088acf0c7866ba27459f3f9699d80e47d898bc20e81079,good_train,0,goodware,DevicePairingProxy.dll,x86,plain,1,,sys:devicepairingproxy.dll,1
hostgood,22f00b8985077576bdb3257c156bfd293da44e979d4aa987a48149b7860a4ffb,good_train,0,goodware,DevicePairingWizard.exe,x86,plain,1,,sys:devicepairingwizard.exe,0
hostgood,969e45534c786b158c9474b529fe37bfb458ada3e421453fd352fcb31af950c8,good_train,0,goodware,DeviceSetupStatusProvider.dll,x86,plain,1,,sys:devicesetupstatusprovider.dll,1
hostgood,7567630203d9385c6253e08b5ae1cbbc905cfc9d04e84430e66a5c43340946c2,good_train,0,goodware,devmgr.dll,x86,plain,1,,sys:devmgr.dll,1
hostgood,97d677bd8db79c47d77052cd2ef6635da6d2fb0730b037951ee79349a4d91489,good_train,0,goodware,dfrgui.exe,x86,plain,1,,sys:dfrgui.exe,0
hostgood,a277c1db43ce8110c4d24a9c0a729ad820d9a47e9fbb07bd20c550125ace120b,good_train,0,goodware,dfscli.dll,x86,plain,1,,sys:dfscli.dll,1
hostgood,8481c9d7c92e09753084051ac909ea843c292843d795515034f53c8a9086e9b5,good_train,0,goodware,dfshim.dll,x86,plain,1,,sys:dfshim.dll,1
hostgood,f1efec9500f52550dad3c332246015e2cd34ecee6dec59c1112d35c0db37ee83,good_train,0,goodware,dhcpcsvc.dll,x86,plain,1,,sys:dhcpcsvc.dll,1
hostgood,49ef679ba897393dfe32a680e89cc0f6e9da89ad164da16780afdf1ae804afe4,good_train,0,goodware,dhcpcsvc6.dll,x86,plain,1,,sys:dhcpcsvc6.dll,1
hostgood,fcfeb3f560051256228b79a6c4eac665d4de1a26afd3f591599898aeb652700b,good_train,0,goodware,DiagnosticDataSettings.dll,x86,plain,1,,sys:diagnosticdatasettings.dll,1
hostgood,bf1d36221a82d02d5a337dfacdf59c2d0f1c4171f3e46fe8715cfedab5b02602,good_train,0,goodware,DiagnosticsHub.ScriptedSandboxPlugin.dll,x86,plain,1,,sys:diagnosticshub.scriptedsandboxplugin.dll,1
hostgood,3602a957c6fc6d18848e095f7ee5847b3565334dda1745844ad4258e522e3bc8,good_train,0,goodware,dialclient.dll,x86,plain,1,,sys:dialclient.dll,1
hostgood,673bb0dcba0fc07251f8706d7cdcf4b42a79a9f80a06628cc274e73d62b23632,good_train,0,goodware,dialer.exe,x86,plain,1,,sys:dialer.exe,0
hostgood,3f2a3c80505aecaf08843fc3f3186a24b95724feefea2b3ab1e2518a253a4751,good_train,0,goodware,DictationManager.dll,x86,plain,1,,sys:dictationmanager.dll,1
hostgood,79e42158f67a2d6762f23b61dc82b78a61ba1e3074e35fe9a26a83a4e029d686,good_train,0,goodware,dinput.dll,x86,plain,1,,sys:dinput.dll,1
hostgood,2a746ccf3922aecced0387f3c6e21e55c6df786df8164c482f2a2e6165edd395,good_train,0,goodware,dinput8.dll,x86,plain,1,,sys:dinput8.dll,1
hostgood,1a558e86b2e22da9509ddd6680dea6c58ed0ed840cc4e36c4d749bd9e9ece1d9,good_train,0,goodware,Direct2DDesktop.dll,x86,plain,1,,sys:direct2ddesktop.dll,1
hostgood,74e1f81c4a43848b1c6cc1233cb4753d9a60f0369a4a554e8c5d4cbbbc8e3191,good_train,0,goodware,directmanipulation.dll,x86,plain,1,,sys:directmanipulation.dll,1
hostgood,fc9d12a26ffb60cd8c588d065103acee5392b6b69bd0cb6a605f0c72070200b5,good_train,0,goodware,diskpart.exe,x86,plain,1,,sys:diskpart.exe,0
hostgood,96b99e7378209e46ca404fe3daa075c585b1810deab1711f11e1b1212b883227,good_train,0,goodware,diskperf.exe,x86,plain,1,,sys:diskperf.exe,0
hostgood,2f21494955b17b1767c787fdfe51ce616f7456c4467e8aee6c438143bcdd2907,good_train,0,goodware,diskusage.exe,x86,plain,1,,sys:diskusage.exe,0
hostgood,04381c5ba7c90ccdf7eee832250d2e1a537a441dfe8260b979f6a44ee65c555d,good_train,0,goodware,Dism.exe,x86,plain,1,,sys:dism.exe,0
hostgood,834d9546c21232a3ccde9c8821c70dc165411011affb9ce63308a5c23bd2d55a,good_train,0,goodware,DismCorePS.dll,x86,plain,1,,sys:dismcoreps.dll,1
hostgood,4f19b700ceb923490a42c0f0df68cfe6997382e99e3e1d125f09450bc52e9f1e,good_train,0,goodware,DismHost.exe,x86,plain,1,,sys:dismhost.exe,0
hostgood,f799a8445d2d72741dc53c2d0bd1e7f176e424c9634b5f6ded3db6c348e26385,good_train,0,goodware,DismProv.dll,x86,plain,1,,sys:dismprov.dll,1
hostgood,3c1b0a6b7ce6804d740dffde66fedd09699abb2121600a1de6eaec6d9999d122,good_train,0,goodware,dispex.dll,x86,plain,1,,sys:dispex.dll,1
hostgood,9c7a38419b941fdf5096965aad4561ce44f54934b43a0fff342de32ee221105b,good_train,0,goodware,dllhost.exe,x86,plain,1,,sys:dllhost.exe,0
hostgood,ac9a3efe74d13a9955ba850da67fe155b65267fe11d98610837cb66781c7c3ac,good_train,0,goodware,dllhst3g.exe,x86,plain,1,,sys:dllhst3g.exe,0
hostgood,6e019c9c28921acd94a5b9279f1ede73feecf435b490ac3d3eceb7c62de34064,good_train,0,goodware,DMAppsRes.dll,x86,no_exec,0,no_exec,sys:dmappsres.dll,1
hostgood,2f4b5daaae23267201986f53d3a0bd1f9f49f1929efa23ac6cbcc64fcaa06a22,good_train,0,goodware,dmdskres2.dll,x86,no_exec,0,no_exec,sys:dmdskres2.dll,1
hostgood,efdb7c341b5decbe8784f9c5b498af1e2e76814556decaf0133f3f9078ca29c5,good_train,0,goodware,dmime.dll,x86,plain,1,,sys:dmime.dll,1
hostgood,7958069c8bf77783f024a4e5e108d5dd64f3f758620c4e716b271635be0e47bd,good_train,0,goodware,dmintf.dll,x86,plain,1,,sys:dmintf.dll,1
hostgood,b4988e54d5ebe92e4daedc78ddd2458d585623adc398f76a9b31be2b0c4c3fb1,good_train,0,goodware,DmiProvider.dll,x86,plain,1,,sys:dmiprovider.dll,1
hostgood,a74345626963fa68d553a47fd9e9381654cf687eae87490d25e46fdc24d815ae,good_train,0,goodware,dmiso8601utils.dll,x86,plain,1,,sys:dmiso8601utils.dll,1
hostgood,7a7abc9c70f0985e82eefc2d0f9c19d8c38ec2ba9990aa7a6f2c7901a1816bd3,good_train,0,goodware,dmloader.dll,x86,plain,1,,sys:dmloader.dll,1
hostgood,b8bba77cd1cf6e1e127d132d8ace9cf83c918d05ed8e747aa771e6f7ebe39aa3,good_train,0,goodware,dmocx.dll,x86,plain,1,,sys:dmocx.dll,1
hostgood,5754325b956dade4caea50d51e3a1f75f41b01c22ce95d383038b1def0c90ebe,good_train,0,goodware,dmutil.dll,x86,plain,1,,sys:dmutil.dll,1
hostgood,ce41638dc0600fe4c16b745698953d63cd13ac9280378dfa300bd32b8b2b9038,good_train,0,goodware,dmxmlhelputils.dll,x86,plain,1,,sys:dmxmlhelputils.dll,1
hostgood,a52f385191ea1542207ae1115729b9272c2abb65317f3e8681330d65f940ec35,good_train,0,goodware,dnsapi.dll,x86,plain,1,,sys:dnsapi.dll,1
hostgood,7975c00645f4e338d7c7b4de8d3f5ad16e94f82010df4fbd759e7964ff6de003,good_train,0,goodware,doskey.exe,x86,plain,1,,sys:doskey.exe,0
hostgood,14da01c7e0fcf3dad64899f5cf6e130839ac034ce43a4095577e2ac98e23683f,good_train,0,goodware,dpapi.dll,x86,plain,1,,sys:dpapi.dll,1
hostgood,06e4c2ba3bc61a241c39db68ffde44b2ab21c4ec7d9615dc6d0d17cf190d04f8,good_train,0,goodware,dpapimig.exe,x86,plain,1,,sys:dpapimig.exe,0
hostgood,78c7acf16e9b597c3282f1bfaea9bd4fda6a1c05f39f50141b77516ab579bc60,good_train,0,goodware,DpiScaling.exe,x86,plain,1,,sys:dpiscaling.exe,0
hostgood,0a89b5a50312dc08832f53b75034b4c702bff96618ff02f643f8ebd1ac5244dd,good_train,0,goodware,dpnaddr.dll,x86,plain,1,,sys:dpnaddr.dll,1
hostgood,ec380b8c0f942f69e4a6d7cc48503e9c57e6d78d5fa7f6341714f905b52f7d47,good_train,0,goodware,driverquery.exe,x86,plain,1,,sys:driverquery.exe,0
hostgood,069399ef7bc5e70d200d27cc2e3788a8a377bc7379dfff0c8b0cb4cbe441f477,good_train,0,goodware,dsclient.dll,x86,plain,1,,sys:dsclient.dll,1
hostgood,18986a5731caffc544904cfaafa479a03f103ba428b0ca70792dca611e3509f5,good_train,0,goodware,dsdmo.dll,x86,plain,1,,sys:dsdmo.dll,1
hostgood,863ccab30db436ef978489d20586c824585cd1e1b8aa79fff1fb0d048c5ffed8,good_train,0,goodware,dskquoui.dll,x86,plain,1,,sys:dskquoui.dll,1
hostgood,9bfb5022b0b6fea4cb9209b1eb4ffab0dbc018d0e9a7575703f6ee2985c298d6,good_train,0,goodware,dsound.dll,x86,plain,1,,sys:dsound.dll,1
hostgood,3f5c647f974f5fa6aad7364aec52df62133b983eec40b62c8a4b188df2fac34b,good_train,0,goodware,dsparse.dll,x86,plain,1,,sys:dsparse.dll,1
hostgood,2879dd95bd4793f97a1b403aef65bf0c4d6d97671b82931ff2087bb04e25ca71,good_train,0,goodware,dsrole.dll,x86,plain,1,,sys:dsrole.dll,1
hostgood,88d35cfca7b11e4dac3ab225a7690d6e69be200c9aa37959eb73be472b84ba6a,good_train,0,goodware,dssec.dll,x86,plain,1,,sys:dssec.dll,1
hostgood,2b07cfd00bba65f2eae3d5073e63b337d37ee4fd2482a372474aca42e7b652c1,good_train,0,goodware,dssenh.dll,x86,plain,1,,sys:dssenh.dll,1
hostgood,ce52439ccf41cc12895a30ca33b51d375c8b3c8d369e21a455bef9e66522fe2b,good_train,0,goodware,dtdump.exe,x86,plain,1,,sys:dtdump.exe,0
hostgood,45b03bf68b1477116cb08eb74851507ece63444d608b272abc10e3b98617754c,good_train,0,goodware,dusmapi.dll,x86,plain,1,,sys:dusmapi.dll,1
hostgood,152fd67b64bd389629406fb8cd1caf0d20b4581eb4a7ace00b987337b06590cd,good_train,0,goodware,dvdplay.exe,x86,plain,1,,sys:dvdplay.exe,0
hostgood,b57e484bf23ac0c23c97040939924896de7801524abfc29dd59cff2ba08c3ef5,good_train,0,goodware,dwmapi.dll,x86,plain,1,,sys:dwmapi.dll,1
hostgood,8688f1f466d8df2377942ef8aff56e8fb0c73280381b1c9e86828c0e383c9e52,good_train,0,goodware,DWWIN.EXE,x86,plain,1,,sys:dwwin.exe,0
hostgood,899242dd9d696382891ebd569842d75358cc7c76119bc9d9f59fd103a74efe7d,good_train,0,goodware,dxdiag.exe,x86,plain,1,,sys:dxdiag.exe,0
hostgood,282b90c0fa3b140bf7308bd46be0b1829396489d95f7e67f873013ce1490e037,good_train,0,goodware,DXGIDebug.dll,x86,plain,1,,sys:dxgidebug.dll,1
hostgood,6d8550803c8c138727562b8fe908dfbefd3e2f42a76ba9955f4258bb0a861b99,good_train,0,goodware,DxpTaskSync.dll,x86,plain,1,,sys:dxptasksync.dll,1
hostgood,655427eacb14127f7ca21dcc3b67265f94b480f007c54aa2f3a68f10058ba777,good_train,0,goodware,dxtrans.dll,x86,plain,1,,sys:dxtrans.dll,1
hostgood,b6fc9782ac497ff83b0e5264fa3971d1d2f6af7bf236163f05fed15132d300e9,good_train,0,goodware,eappgnui.dll,x86,plain,1,,sys:eappgnui.dll,1
hostgood,fbee44ac29a27bc12314997be9fd0faef2985af261ae93fda5d51797f53c1816,good_train,0,goodware,eappprxy.dll,x86,plain,1,,sys:eappprxy.dll,1
hostgood,8292a4535fd60e157633c85be140e7f37225347e9dab6b86842bf835e465be4c,good_train,0,goodware,EaseOfAccessDialog.exe,x86,plain,1,,sys:easeofaccessdialog.exe,0
hostgood,a50a347898a9706f94037321b337a88cda50ee4699a0118bead86abdee9a1175,good_train,0,goodware,easwrt.dll,x86,plain,1,,sys:easwrt.dll,1
hostgood,d8c59d1810bb840d076b4cbdb597b95f0078020257fbbefa0b5ee60e92ec5169,good_train,0,goodware,EditBufferTestHook.dll,x86,plain,1,,sys:editbuffertesthook.dll,1
hostgood,ffc8d06baabab263f766ef780a7eaab912a2c23d9b40766e7540e847e1a27ca5,good_train,0,goodware,EditionUpgradeHelper.dll,x86,plain,1,,sys:editionupgradehelper.dll,1
hostgood,b677faf1b8e18cb9cf35d1fee302f9fc2f0066687bdd6ced12f8a38f01de555f,good_train,0,goodware,EditionUpgradeManagerObj.dll,x86,plain,1,,sys:editionupgrademanagerobj.dll,1
hostgood,443e6f9a7608eee1c3ac4894f39682358f1a719d3722a8edb818f19a5bddd92d,good_train,0,goodware,edpauditapi.dll,x86,plain,1,,sys:edpauditapi.dll,1
hostgood,09406b91378fc3c678027e59620f8feab844edefa3c0a2b045f6ffa3d526742f,good_train,0,goodware,edpnotify.exe,x86,plain,1,,sys:edpnotify.exe,0
hostgood,fe0aa67713c1aa8f3e277d815002f909526e0dd7bdbfc202127620e0bc5037ce,good_train,0,goodware,edputil.dll,x86,plain,1,,sys:edputil.dll,1
hostgood,ef5e0994c7ae0ea3b501929c67364a443c6d6c749f408a91f52361efc728753a,good_train,0,goodware,efsadu.dll,x86,plain,1,,sys:efsadu.dll,1
hostgood,1eb074b2ab9574aece8d05c3ccfe69e6c7ae0b620e30319f2f292d2ce9c41be6,good_train,0,goodware,efsui.exe,x86,plain,1,,sys:efsui.exe,0
hostgood,f063d73214e27ca6caf871966d9335ab770893b73482c89c8dd0f993dcc4bae0,good_train,0,goodware,EhStorAuthn.exe,x86,plain,1,,sys:ehstorauthn.exe,0
hostgood,b899024e9e34072674dc4206aef3039088f6acb39516fa0997989f66896eae56,good_train,0,goodware,els.dll,x86,plain,1,,sys:els.dll,1
hostgood,2131b00024397bf27f6b193ae39d25455fbcbd87a1b813822cac2463fe43e7e6,good_train,0,goodware,ELSCore.dll,x86,plain,1,,sys:elscore.dll,1
hostgood,33c7fb9e89661b17ccaa5a2b3db26878fc578a8bff65f1c04269600de5f45cb8,good_train,0,goodware,elsTrans.dll,x86,plain,1,,sys:elstrans.dll,1
hostgood,cc339d7c7dd2db0e5f63416cf524379d3bdde43e6bc2bb9d5991db0aa80f8e09,good_train,0,goodware,enrollmentapi.dll,x86,plain,1,,sys:enrollmentapi.dll,1
hostgood,5042442e7a6443b45b9f85fc7389426cc12299cd777cfc2f410b7ef34bb30434,good_train,0,goodware,enterpriseresourcemanager.dll,x86,plain,1,,sys:enterpriseresourcemanager.dll,1
hostgood,946e3a06ff8d4fdcbd19f8969e7d936aae3571fd363039dbaefcb9d92ba26765,good_train,0,goodware,ErrorDetails.dll,x86,plain,1,,sys:errordetails.dll,1
hostgood,cd6e3a1998d8cb2c31f594f09f7b4c5d11dd44dc300376da03a71be8fb964212,good_train,0,goodware,esentutl.exe,x86,plain,1,,sys:esentutl.exe,0
hostgood,4ae212a293c821153b7816136c6ea1cff20333bb395b1e1037c5a2302469ff67,good_train,0,goodware,esevss.dll,x86,plain,1,,sys:esevss.dll,1
hostgood,4c5987d1dc901140422cc9d6b4faa65da0d38b42716902f536efdc76900e26ce,good_train,0,goodware,ETWCoreUIComponentsResources.dll,x86,no_exec,0,no_exec,sys:etwcoreuicomponentsresources.dll,1
hostgood,a6e92589cb668b669e1c426d584ca7e8517c3c59f76d2e9b7c16cc4f4014cfb6,good_train,0,goodware,EtwRundown.dll,x86,plain,1,,sys:etwrundown.dll,1
hostgood,33a11c2adc469d72cfde0bb6a4c1147b6bb478122ead14259866a28bc3d17fe5,good_train,0,goodware,eudcedit.exe,x86,plain,1,,sys:eudcedit.exe,0
hostgood,a8f4aebba033814cf5a7cb3bc0805284ba749404d0a7804093c3b517559aee4a,good_train,0,goodware,eventcreate.exe,x86,plain,1,,sys:eventcreate.exe,0
hostgood,129c68334da08377f0dd469338db1736a1de2d708e69a7214cfd0b8b2c4d9f18,good_train,0,goodware,eventvwr.exe,x86,plain,1,,sys:eventvwr.exe,0
hostgood,287a035d8dba018674e675325cfed18abd5d4115723e3543caa21b94d534b403,good_train,0,goodware,expand.exe,x86,plain,1,,sys:expand.exe,0
hostgood,82472755d054eed7ad5d8fc57aa8ad9870991278d98f8cbdf5b082027ee6ca1e,good_train,0,goodware,explorer.exe,x86,plain,1,,sys:explorer.exe,0
hostgood,3ac3080c4c9f747369d7fd59b282a0dd4fcc673d520f29c9b32feb6858c2bb01,good_train,0,goodware,ExplorerFrame.dll,x86,plain,1,,sys:explorerframe.dll,1
hostgood,521c35b17c188f5c84da074bb9503394f60176447c835b4ad363fd00ccf24698,good_train,0,goodware,expsrv.dll,x86,plain,1,,sys:expsrv.dll,1
hostgood,810032a4d73f915f94e8dfa726b47aabab498534478b638c0b03a876025fe11b,good_train,0,goodware,extrac32.exe,x86,plain,1,,sys:extrac32.exe,0
hostgood,c0cdd8a383bab7df21aa316c71d4bd8be0ef6f5fd398edb0361e1d2d24c5dfd1,good_train,0,goodware,F12App.dll,x86,plain,1,,sys:f12app.dll,1
hostgood,942fccfcb7e47b06a31b9004be9d33fe90412b8682e6421cb952d873cc0f7db0,good_train,0,goodware,F12Platform2.dll,x86,plain,1,,sys:f12platform2.dll,1
hostgood,4777c60adc7c555f22e1538e2eb6a6c10e03a42de70a5e7aeb38f6076059660a,good_train,0,goodware,F12Script.dll,x86,plain,1,,sys:f12script.dll,1
hostgood,a86e9fe448cc577ecd0ab9b9f34b42ddce6f27f07bdf999d46059dbb2893d5a7,good_train,0,goodware,F12Tab.dll,x86,plain,1,,sys:f12tab.dll,1
hostgood,1b57b1474816b14f9f5fb43834138c1c46509ede26eaef61c36c8d92e1c8359f,good_train,0,goodware,f3ahvoas.dll,x86,plain,1,,sys:f3ahvoas.dll,1
hostgood,73b7addb13c8eede12aec2cad8b8f150bb342211e566a0ce9ca3e733e5c1eb99,good_train,0,goodware,fastprox.dll,x86,plain,1,,sys:fastprox.dll,1
hostgood,711ee1648675dd4871e3ca586db3dd1f8d513a0b6115302fc1d8b04e3a3cc6c8,good_train,0,goodware,fc.exe,x86,plain,1,,sys:fc.exe,0
hostgood,c74e74b9b79e657e79d9103c5b272976cf69807170483cabf212d88de03bfcd0,good_train,0,goodware,fdBthProxy.dll,x86,plain,1,,sys:fdbthproxy.dll,1
hostgood,98a05f614ff0b0ecd1606e72e211b997e6527bbc413b4953be8c951450e927e1,good_train,0,goodware,fde.dll,x86,plain,1,,sys:fde.dll,1
hostgood,f7a6d3a89065ed1936955043259efbd9bde9ce985dc609115cabd1d94a443fd2,good_train,0,goodware,fdeploy.dll,x86,plain,1,,sys:fdeploy.dll,1
hostgood,75467b0b30b569bddb917e9548e823f7c8166f6254ad260cdf2c361efafae068,good_train,0,goodware,fdWCN.dll,x86,plain,1,,sys:fdwcn.dll,1
hostgood,5e354dbcdd68d0d5c9aa68e77ed41e5f6c9586ce82493a5de12a5fece77cb57c,good_train,0,goodware,fidocredprov.dll,x86,plain,1,,sys:fidocredprov.dll,1
hostgood,74d5471785856875183c8c8a2aa4c9220731e8e15462f610287910b34f4a889c,good_train,0,goodware,find.exe,x86,plain,1,,sys:find.exe,0
hostgood,6902a39b3419f12a9630946866822b4129893787171d5e66ff9f46916eb80e09,good_train,0,goodware,findstr.exe,x86,plain,1,,sys:findstr.exe,0
hostgood,87a90f2fce16c4230636a50ea72d5efbc81091badf265d3bf564387b701bcce8,good_train,0,goodware,finger.exe,x86,plain,1,,sys:finger.exe,0
hostgood,067ac59671b773de881f9bada477e435bd99732e30015938b0932a55eba9477b,good_train,0,goodware,fingerprintcredential.dll,x86,plain,1,,sys:fingerprintcredential.dll,1
hostgood,091a41be7bf8d277b79a4cee1f397ce6aca2dc4e9a15f0b9c08c1784913cfbf9,good_train,0,goodware,FirewallAPI.dll,x86,plain,1,,sys:firewallapi.dll,1
hostgood,83b60f0759ab92e830181f9389cc3d8e6d5f33ebc2bde2dd914481dfbe898142,good_train,0,goodware,FirewallControlPanel.dll,x86,plain,1,,sys:firewallcontrolpanel.dll,1
hostgood,2b0756545a16477b255a241a78d244191163a27ae3ad61d0493d378f4f26c092,good_train,0,goodware,fixmapi.exe,x86,plain,1,,sys:fixmapi.exe,0
hostgood,1db62fbe80ba89adb9228d3b4e13f610cf0d6c4966e1042aca8693ddfdd94185,good_train,0,goodware,FlightSettings.dll,x86,plain,1,,sys:flightsettings.dll,1
hostgood,d3dadcce11610e6f99a94cd83e8050506d2b9d44bccbddb1dcf67188ddd9c6ff,good_train,0,goodware,fltMC.exe,x86,plain,1,,sys:fltmc.exe,0
hostgood,ae755abadc1a66ff75c1bae700dda35329d76c7af78ea0b3229ed91921908d87,good_train,0,goodware,fmifs.dll,x86,plain,1,,sys:fmifs.dll,1
hostgood,b4e5e153db5acc6948c09990181e7be0a95da2dbd696c870899a2bab27bbb878,good_train,0,goodware,fms.dll,x86,plain,1,,sys:fms.dll,1
hostgood,7ebb40ddfbc1f061669d39551669fadcd08c250c59af8a3e6548588cc02799d3,good_train,0,goodware,FolderProvider.dll,x86,plain,1,,sys:folderprovider.dll,1
hostgood,6ae162ca49c19b0fe32932b105d1aba46c24c8f135f98ca508821d15dd3b9ec3,good_train,0,goodware,Fondue.exe,x86,plain,1,,sys:fondue.exe,0
hostgood,a932759b9190a1c544e9c33fc72ffb3f72840d9c9fadbf34fb69eb5926d450b1,good_train,0,goodware,fontview.exe,x86,plain,1,,sys:fontview.exe,0
hostgood,d81a80fe838790e3a1bc7daf3bde666c71d4a8aba8b4f8a371b2db2ff236a72e,good_train,0,goodware,forfiles.exe,x86,plain,1,,sys:forfiles.exe,0
hostgood,19b4d9e30d2a03e1230629e8f04da13596f869eca9d2bdaf6a6856cfe8eebdc5,good_train,0,goodware,fphc.dll,x86,plain,1,,sys:fphc.dll,1
hostgood,d4e05ecb9651118e68e3276760215477fb602f710a0a94a17077f162ff724cd6,good_train,0,goodware,FrameServerClient.dll,x86,plain,1,,sys:frameserverclient.dll,1
hostgood,910384bcd631261cd6484d6549023104ba23b9b13fc15ad8e8697a24ba377e13,good_train,0,goodware,frprov.dll,x86,plain,1,,sys:frprov.dll,1
hostgood,73d95f268452e18f7aed407eb57c491858ab9d58647e7e7436b55dffc3d25979,good_train,0,goodware,fsquirt.exe,x86,plain,1,,sys:fsquirt.exe,0
hostgood,b1e5c437da327afd5779695c7cc17756eadc411c5b54e633a3f91d7a36c42a44,good_train,0,goodware,fstx.dll,x86,plain,1,,sys:fstx.dll,1
hostgood,91e847eeada566267bae51a6bab8237a584ec13bbe2673702ec891d09256281a,good_train,0,goodware,fsutil.exe,x86,plain,1,,sys:fsutil.exe,0
hostgood,9f056b3d9f49bfcb13c80e627dd0e065d12858efc94700d3d58ea34376b445c8,good_train,0,goodware,ftp.exe,x86,plain,1,,sys:ftp.exe,0
hostgood,08ca8e8a6f5346021a07465c77e0c7a237c4f27c636e9c7524ebad266ad8f45a,good_train,0,goodware,fvecerts.dll,x86,plain,1,,sys:fvecerts.dll,1
hostgood,557d9aa10017387d60cddf7e66c557d85a1e4c0d2da0c90bc555b0b5b84c402c,good_train,0,goodware,FvSDK_x86.dll,x86,plain,1,,sys:fvsdk_x86.dll,1
hostgood,baa72d4a7f6253966ee5c9062e9039dfa4258b6ada0e10e69c0d5070407669df,good_train,0,goodware,fwbase.dll,x86,plain,1,,sys:fwbase.dll,1
hostgood,70e2f82e133ab121f6024c4a608f83ffbb37b95223ac96b1d7b8a765f0987dbb,good_train,0,goodware,FWPUCLNT.DLL,x86,plain,1,,sys:fwpuclnt.dll,1
hostgood,8c3f849c2900f520ba6df93d3c8753579c6f91153e42851f08dfb6ba1d72d2ce,good_train,0,goodware,GameBarPresenceWriter.exe,x86,plain,1,,sys:gamebarpresencewriter.exe,0
hostgood,6b52084651e1881fb095cf7bad53f5e9bbdcca7a3df5ca40d6c923115d8f2457,good_train,0,goodware,GameBarPresenceWriter.proxy.dll,x86,plain,1,,sys:gamebarpresencewriter.proxy.dll,1
hostgood,d0ecc52c049c093750e84c022a249300aba581aa2e4abc234e2a5cb6b6fd8106,good_train,0,goodware,GameInput.dll,x86,plain,1,,sys:gameinput.dll,1
hostgood,f647a7acc72d9b0504e7ba8849905d23cb5e2aa1da09ac6022cabd0f5d24d818,good_train,0,goodware,gamemode.dll,x86,plain,1,,sys:gamemode.dll,1
hostgood,365fd54b98515af8eb6eced8a2a978dc005107cb41f1e6ed122131e51dc7792f,good_train,0,goodware,GamePanel.exe,x86,plain,1,,sys:gamepanel.exe,0
hostgood,4d8d66fe0581963e391fde3d4dda5900687b8c361db95a91afc4ab190831005c,good_train,0,goodware,gcdef.dll,x86,plain,1,,sys:gcdef.dll,1
hostgood,85a871517100a8c09729ed6b334790caf421f5abea6f3f7ba2b5b9decf15b035,good_train,0,goodware,Geolocation.dll,x86,plain,1,,sys:geolocation.dll,1
hostgood,4e579a1a43e1a80f482490cb695466df0d7912f6adaad26d8498dc80fa1112cb,good_train,0,goodware,getmac.exe,x86,plain,1,,sys:getmac.exe,0
hostgood,0e1931fa32081525b1eef201882d5e8cb0df02898436425af6957330be507a6c,good_train,0,goodware,globinputhost.dll,x86,plain,1,,sys:globinputhost.dll,1
hostgood,24ad133f9e67400775fa622377c4847bb0c0e9b91b60d7293fe03350ecf2800d,good_train,0,goodware,glu32.dll,x86,plain,1,,sys:glu32.dll,1
hostgood,6c2992c08b2d74caa3507badd34684c0794b710cf9adaa34e11b444e3c0ae5ae,good_train,0,goodware,gnsdk_fp.dll,x86,plain,1,,sys:gnsdk_fp.dll,1
hostgood,a2f4c239d77003dee95cabb0291a3f58697db75d12b2105e4ce430de28c7823b,good_train,0,goodware,gpresult.exe,x86,plain,1,,sys:gpresult.exe,0
hostgood,be662e359ff0a0d51bfdedfe5b38e07779919cc09e130087117664668104641f,good_train,0,goodware,gpupdate.exe,x86,plain,1,,sys:gpupdate.exe,0
hostgood,a6b656aa9fe035ce4106b6c598db67400a954628a6fec5cb5ac3c1bde901a644,good_train,0,goodware,GraphicsCapture.dll,x86,plain,1,,sys:graphicscapture.dll,1
hostgood,12d3e106489c6a0e0dcda41643bb3d9c4e3399a7bd77dcb24b14a0b3f3c05e78,good_train,0,goodware,grpconv.exe,x86,plain,1,,sys:grpconv.exe,0
hostgood,38a022ba37d440c8869235172b9d865f685e29f016bfed431e9b59a325b4138c,good_train,0,goodware,hcproviders.dll,x86,plain,1,,sys:hcproviders.dll,1
hostgood,30c24839efbc36aa77d135ce9440a0b7da7a0b1bc23bfa0d04ed9e57df156211,good_train,0,goodware,hdwwiz.exe,x86,plain,1,,sys:hdwwiz.exe,0
hostgood,7207775c31b72d3e86ecd5e8e28fd92e4d61a98d11bb3e69a965f8c83f41b1d4,good_train,0,goodware,help.exe,x86,plain,1,,sys:help.exe,0
hostgood,9d62fc3ed9fcef8904c52a4f34650605b7945c855df6323a8ee1cec01809ff2c,good_train,0,goodware,HelpPaneProxy.dll,x86,plain,1,,sys:helppaneproxy.dll,1
hostgood,882a5299c053824b908408643798c0f84b7a101e8e3b49510be1dfc96244aa58,good_train,0,goodware,hgcpl.dll,x86,plain,1,,sys:hgcpl.dll,1
hostgood,26fc9caad43402c9f6345e129375d7d9458dfaf79e08672bcb240b317df09caa,good_train,0,goodware,hh.exe,x86,plain,1,,sys:hh.exe,0
hostgood,37188034ac6615d044a64a9640a9c713219dce35079485e8a8210763b8c7a4ad,good_train,0,goodware,HNetCfgClient.dll,x86,plain,1,,sys:hnetcfgclient.dll,1
hostgood,4f3772cf5d9715e3f44ebe76f10c8b731ebc99b9e8223d831fe26509b37e4aeb,good_train,0,goodware,hnetmon.dll,x86,plain,1,,sys:hnetmon.dll,1
hostgood,86c83e603936df21e1c7a2e6fe6a371145277431f496e973f524fa87f4683777,good_train,0,goodware,HOSTNAME.EXE,x86,plain,1,,sys:hostname.exe,0
hostgood,73599e0cf790609968ca1282f99fe1def2289cf149ba3e64c84a747d25f1d06d,good_train,0,goodware,HrtfApo.dll,x86,plain,1,,sys:hrtfapo.dll,1
hostgood,8240612b7b3ac02b06bb65e59e581a73ea17e4c625a3dca6d35de8811c408a0a,good_train,0,goodware,HrtfDspCpu.dll,x86,plain,1,,sys:hrtfdspcpu.dll,1
hostgood,7f13f2f1c0e12329d07e373ce16ed4723972e6127f1dd1360aa11fd7245c4695,good_train,0,goodware,httpapi.dll,x86,plain,1,,sys:httpapi.dll,1
hostgood,0f0e9efd329dae1f85708ca7ffbaf6208730caf6eab8855796668d40cf6d07e4,good_train,0,goodware,htui.dll,x86,plain,1,,sys:htui.dll,1
hostgood,feda2c7b90a81416ca1e04a6212bbeb0fe563ccecb722c76373cc957aa153ed8,good_train,0,goodware,IA2ComProxy.dll,x86,plain,1,,sys:ia2comproxy.dll,1
hostgood,8ff6309db22a5ffa8fd823d768138393b7b816f5bfdbd61b496759e2dc399904,good_train,0,goodware,iasads.dll,x86,plain,1,,sys:iasads.dll,1
hostgood,f2377de36de34868eecd8d212b6caa6b871b523251727e24d120fda6609c8301,good_train,0,goodware,iashlpr.dll,x86,plain,1,,sys:iashlpr.dll,1
hostgood,04cf467277c81eb394e7dba1a0283033477459fb3fcbcdf5b6f6d104642b2da8,good_train,0,goodware,IasMigPlugin.dll,x86,plain,1,,sys:iasmigplugin.dll,1
hostgood,8a725d8d4468a58112c7249d70b34e9ee4679b4f663d1c439b5ecd547cee55b9,good_train,0,goodware,iasrad.dll,x86,plain,1,,sys:iasrad.dll,1
hostgood,4d5afebe2e961dc36cbaaa70b1dedb776ee5b2406cf80a443fdc9b2a0d47e76f,good_train,0,goodware,iassvcs.dll,x86,plain,1,,sys:iassvcs.dll,1
hostgood,a02445dbd6a37c0d83d814f6fcd59d2ddf37b18aac50b853a0eb87a63d6fb805,good_train,0,goodware,icacls.exe,x86,plain,1,,sys:icacls.exe,0
hostgood,be919f024e2bacfb82f0641ecbe4564d13c1cb3570b2a010361c944033fa644c,good_train,0,goodware,icsigd.dll,x86,plain,1,,sys:icsigd.dll,1
hostgood,2947737e6a5da755a0046304543b353f11aabd4b021e0578094cbd98048074f2,good_train,0,goodware,icsunattend.exe,x86,plain,1,,sys:icsunattend.exe,0
hostgood,1bad0d9c6f4709305c0b02e6531553baf7344fab6c70500c3c419978b0f225f5,good_train,0,goodware,icuin.dll,x86,no_exec,0,no_exec,sys:icuin.dll,1
hostgood,500761e11293c79b08818e2b6acdbb7cf829d4ba11845fc3056e69f76c02c373,good_train,0,goodware,icuuc.dll,x86,no_exec,0,no_exec,sys:icuuc.dll,1
hostgood,83aa804abb32eac13f704e6dae2db6974269109829e7edc2b3f1e10090d3540e,good_train,0,goodware,IDStore.dll,x86,plain,1,,sys:idstore.dll,1
hostgood,628304b7daf3608a560d26b97c783103960eb65c0473ec2765449b37861d3dea,good_train,0,goodware,IEChooser.exe,x86,plain,1,,sys:iechooser.exe,0
hostgood,c893f9b03304d59786077143403c9ceb3a43b5caca0b4ac68eaad9b0d5ba1b17,good_train,0,goodware,iemigplugin.dll,x86,plain,1,,sys:iemigplugin.dll,1
hostgood,0664871ff6c9ddf2363051ef5b06054697dcd041606cc58127b3abd6428863bf,good_train,0,goodware,iertutil.dll,x86,plain,1,,sys:iertutil.dll,1
hostgood,f2aa2641c6f1f9b295a1b65e663ffdeb58ebc41768da48740c8535eed2036974,good_train,0,goodware,ieUnatt.exe,x86,plain,1,,sys:ieunatt.exe,0
hostgood,085022d4c07b38e1cd0f2d08e91869ccbf4e896c1618b26053f08fb60b515bb9,good_train,0,goodware,iexpress.exe,x86,plain,1,,sys:iexpress.exe,0
hostgood,bb0fa1b06c10d5ccd8e2ee2021ff3da69563325e44703180d63a9dc397938386,good_train,0,goodware,ifsutil.dll,x86,plain,1,,sys:ifsutil.dll,1
hostgood,f3489bfa761820a216795a1fb6e7a801c3154df0b8b92f3448da93f8951fc508,good_train,0,goodware,imageres.dll,x86,no_exec,0,no_exec,sys:imageres.dll,1
hostgood,34d2a86312d4f40f4fd659965816e02485bb6960e929ab01717b16d2d69627ba,good_train,0,goodware,imagesp1.dll,x86,no_exec,0,no_exec,sys:imagesp1.dll,1
hostgood,f38de366742e6a8803446dad155e64fc0d46024c88daaf175a83b74cfbcf89b5,good_train,0,goodware,imapi2.dll,x86,plain,1,,sys:imapi2.dll,1
hostgood,3a56c1ba8324479a085b22778853f046d8f54c1b7f3515fa61a3f9d10d4973b0,good_train,0,goodware,InfDefaultInstall.exe,x86,plain,1,,sys:infdefaultinstall.exe,0
hostgood,5eafc8227e45eaede4235b46b47dba639549ee18796b59f70bd253efa435e116,good_train,0,goodware,InkEd.dll,x86,plain,1,,sys:inked.dll,1
hostgood,0356c1afb229059f88c68dc8f1f0f5d5e99edaad01677dd1fbad0464512c74ea,good_train,0,goodware,InkObjCore.dll,x86,plain,1,,sys:inkobjcore.dll,1
hostgood,66d4c45211bf2f6c7f735336b6055308706fcf6d9eccde58ddced0072e747769,good_train,0,goodware,input.dll,x86,plain,1,,sys:input.dll,1
hostgood,a49e42693d8d8a7a9ccd7db8e8bba23484f2de86af9631a2aa0fcc331105419f,good_train,0,goodware,InputSwitch.dll,x86,plain,1,,sys:inputswitch.dll,1
hostgood,87d2b73ea3d604d048d7efa6e51509357fef16aa105206b952a39b86b06392b1,good_train,0,goodware,InputSwitchToastHandler.exe,x86,plain,1,,sys:inputswitchtoasthandler.exe,0
hostgood,a42cfe174a3febb904d7ca6639e4567d88aded3d2d01533da1387d348142a07e,good_train,0,goodware,instnm.exe,x86,plain,1,,sys:instnm.exe,0
hostgood,4793ab544de75b1a12784c3dcaedf7755822b9637da1f9393945b5794765a59f,good_train,0,goodware,ipconfig.exe,x86,plain,1,,sys:ipconfig.exe,0
hostgood,6e10553e0c45fc9595a977932633f8b2ac32da015b1d669f144aef806421879c,good_train,0,goodware,IPHLPAPI.DLL,x86,plain,1,,sys:iphlpapi.dll,1
hostgood,96a579f46abcd109af440adea212c6c876d456e1b0b3ffefce8f1b4c688a5551,good_train,0,goodware,IpNatHlpClient.dll,x86,plain,1,,sys:ipnathlpclient.dll,1
hostgood,56701dec79ab19de68a5813f36c44016adb8f421a1d16b69d55c5ecce2b58c76,good_train,0,goodware,iprtrmgr.dll,x86,plain,1,,sys:iprtrmgr.dll,1
hostgood,3faf656a511c43178ad5c152f53dc60ba0cd456a5d457a82d8a7eca30d287b53,good_train,0,goodware,iscsicli.exe,x86,plain,1,,sys:iscsicli.exe,0
hostgood,ae1533b5dcfb632d3886caea0b7acca4d70eb9c83e54550067dcb34c16825549,good_train,0,goodware,iscsicpl.dll,x86,plain,1,,sys:iscsicpl.dll,1
hostgood,b319f0513777d8bc6a8a7c070d942ff1f6bedaf85e33fd8129284608fc0a9206,good_train,0,goodware,iscsicpl.exe,x86,plain,1,,sys:iscsicpl.exe,0
hostgood,aa300218934d29dde2aa7c8ee0afd54a7adfd9de8ab0e35eecbfca9603d7de60,good_train,0,goodware,isoburn.exe,x86,plain,1,,sys:isoburn.exe,0
hostgood,25287f736ef3422c4a5335b1d911a75fb8e69fb8e35d347a5063adabd751dbeb,good_train,0,goodware,itss.dll,x86,plain,1,,sys:itss.dll,1
hostgood,a4054dcd79e994208659b94c43039551fa6086399ab30364b5e187280b977e0a,good_train,0,goodware,joinproviderol.dll,x86,plain,1,,sys:joinproviderol.dll,1
hostgood,07e300da6412c774fd666052a91211e9006b1b505e0eeb06a8f731e36666ae4a,good_train,0,goodware,jscript9Legacy.dll,x86,plain,1,,sys:jscript9legacy.dll,1
hostgood,0d0ff8238ac085832e784b6d82f0b0e1ef599ae47558e32f8095fe2d774404a5,good_train,0,goodware,kbd101.DLL,x86,plain,1,,sys:kbd101.dll,1
hostgood,48513103ff2687c72e0b643e6789bb8104baedb442bd6b897be01c90e42d1040,good_train,0,goodware,kbd101a.DLL,x86,plain,1,,sys:kbd101a.dll,1
hostgood,77ce13b2d091fa6611c5b44edc82e9726820e7cfa4d12f9520e27ccc25ba444b,good_train,0,goodware,kbd101b.DLL,x86,plain,1,,sys:kbd101b.dll,1
hostgood,14420b6e9312221214d4c4634e3e99969f50ee8b6c58dfbe3d02534565a9b5b3,good_train,0,goodware,kbd103.DLL,x86,plain,1,,sys:kbd103.dll,1
hostgood,394d502038325f60aba59d65176670eee69693a7d9de6208f089734a44dce493,good_train,0,goodware,KBDA2.DLL,x86,plain,1,,sys:kbda2.dll,1
hostgood,7ea801874f506c9e1587362b4002227349c13d9728ebc5ccc5343abfd9a2cded,good_train,0,goodware,KBDADLM.DLL,x86,plain,1,,sys:kbdadlm.dll,1
hostgood,df0f07487fedb082527ad7f5a0e0e2697ee10f09df136331b30310614fca1057,good_train,0,goodware,KBDAL.DLL,x86,plain,1,,sys:kbdal.dll,1
hostgood,d3827704892e46688c730e42f43b41b0dc8223d307d4f1602e78340f2feef2aa,good_train,0,goodware,kbdarmph.dll,x86,plain,1,,sys:kbdarmph.dll,1
hostgood,412f89f2da76207d249a2b03ab4815c24029245e67777597184a23ac2bad16c5,good_train,0,goodware,KBDARMW.DLL,x86,plain,1,,sys:kbdarmw.dll,1
hostgood,3b8503b152e0cb4cb73396875253e1b3751fdb642cb4ae0e3ce3366b0930c6dc,good_train,0,goodware,kbdax2.dll,x86,plain,1,,sys:kbdax2.dll,1
hostgood,207c177e607577cb0ef10e5bf8fcaac4b5392f49086b07d226faa96880f3df0e,good_train,0,goodware,KBDBE.DLL,x86,plain,1,,sys:kbdbe.dll,1
hostgood,91a07f9e8fac26c7f61b7ff4ffc5b47753a2ee4cb8bb2abbf89b148e815b66fe,good_train,0,goodware,KBDBGPH.DLL,x86,plain,1,,sys:kbdbgph.dll,1
hostgood,52daa56aaff0d76578e72c25f3e2f082aa3d96b44896b204b2d358008948465e,good_train,0,goodware,KBDBGPH1.DLL,x86,plain,1,,sys:kbdbgph1.dll,1
hostgood,377de58db7ef6a896571938669619bd6b7dc8c585729df52d92235d97430f4b5,good_train,0,goodware,KBDBLR.DLL,x86,plain,1,,sys:kbdblr.dll,1
hostgood,6a9bf84e90c4a2c4907e72c1e7876b22deada0b179df78425e4e201164e5ac2e,good_train,0,goodware,KBDBR.DLL,x86,plain,1,,sys:kbdbr.dll,1
hostgood,a305cf3cdc166a131ff864e9adf6a980b66f5874a9c2b387112d5aa701904c97,good_train,0,goodware,KBDBU.DLL,x86,plain,1,,sys:kbdbu.dll,1
hostgood,321d580b27ccadb020b3b4ce333a65af5efc184dce6e92631e55a767b0d52f44,good_train,0,goodware,KBDCAN.DLL,x86,plain,1,,sys:kbdcan.dll,1
hostgood,00dfdd5cfbfe590da3c6639be2ccbecb4fce4129ba5cc141e320ecfef5c9fd23,good_train,0,goodware,KBDCMK.DLL,x86,plain,1,,sys:kbdcmk.dll,1
hostgood,1f0609eaaf4a1e8eb3d7df11cf5a90c43808214173cb003763846bfef566a77c,good_train,0,goodware,KBDCZ.DLL,x86,plain,1,,sys:kbdcz.dll,1
hostgood,f465004a4434fd6701231c7f59c368febadca66e09e264a3b686b9fb6289d16f,good_train,0,goodware,KBDCZ1.DLL,x86,plain,1,,sys:kbdcz1.dll,1
hostgood,741ecb0b4259951d6b16a2838495fb520d1163653ec1e1f07f2ba2a974b0bf87,good_train,0,goodware,KBDCZ2.DLL,x86,plain,1,,sys:kbdcz2.dll,1
hostgood,ce1c8ad253517d33144c5b5e484aea7d6742eca66bc3f9049c2da1edbe2dbd39,good_train,0,goodware,KBDDZO.DLL,x86,plain,1,,sys:kbddzo.dll,1
hostgood,4f3356ece4bd03db729466e646980688fd16b7730838220541659d17f9ce66f6,good_train,0,goodware,KBDES.DLL,x86,plain,1,,sys:kbdes.dll,1
hostgood,b214a83de861da32d9fa9b0a660b3a7dec34f37058eac73c6a21b8ee61439c7f,good_train,0,goodware,kbdfar.dll,x86,plain,1,,sys:kbdfar.dll,1
hostgood,c3ed7e8746310893c3bf8071568f5ef34355bc91a100efdaba40b2b25152c68a,good_train,0,goodware,KBDFC.DLL,x86,plain,1,,sys:kbdfc.dll,1
hostgood,68153d538bbae3eb950fadfda6531bc688f457b6c52404a5443453738c45f8c5,good_train,0,goodware,KBDFI1.DLL,x86,plain,1,,sys:kbdfi1.dll,1
hostgood,914f47fc67cc3283469f55ccd076ff7d2f8a781851703823b195f9a8f70183ce,good_train,0,goodware,KBDFO.DLL,x86,plain,1,,sys:kbdfo.dll,1
hostgood,ae308f99e7ec5598f241b0ff8c6af090fbd595ffe2d34456704bdc0dfb4d7271,good_train,0,goodware,KBDFR.DLL,x86,plain,1,,sys:kbdfr.dll,1
hostgood,460dd1b25b1011afc35675515a30e7a679c3d4b13f8eeb83a74614e8d634cf22,good_train,0,goodware,KBDFRNA.DLL,x86,plain,1,,sys:kbdfrna.dll,1
hostgood,f0b45ca2f356c1fdc29dec467accbd0049dc4a7bddae11a8c4e0426efb83de0c,good_train,0,goodware,KBDGAE.DLL,x86,plain,1,,sys:kbdgae.dll,1
hostgood,03ae8843a21293b75d45ea6b49e44cf7b1578236c33aebb4902d9d9c3f452d74,good_train,0,goodware,kbdgeoer.dll,x86,plain,1,,sys:kbdgeoer.dll,1
hostgood,0a2449ed9b6b4f32910b75314afe1142cb49f232ae7b5341205f66de2f8ae2c6,good_train,0,goodware,kbdgeome.dll,x86,plain,1,,sys:kbdgeome.dll,1
hostgood,692af2b51c245195decc38fbb5dca5e031e62109aec4c663ec56fb204f0f67e4,good_train,0,goodware,KBDGR.DLL,x86,plain,1,,sys:kbdgr.dll,1
hostgood,e31a7436acdffc794e4aea3b1d4cb0a3e434459f1c66a410ab4b259c62ce855c,good_train,0,goodware,KBDGRE1.DLL,x86,plain,1,,sys:kbdgre1.dll,1
hostgood,8cac855088640cbc301b4a2cf2bfaa2e897da69205934abdc06443a38aa3ad1d,good_train,0,goodware,KBDGRLND.DLL,x86,plain,1,,sys:kbdgrlnd.dll,1
hostgood,f10a2b640c849c9a07ef32e61a812f077f08e595663bed372ff4faf15951e4f6,good_train,0,goodware,KBDGTHC.DLL,x86,plain,1,,sys:kbdgthc.dll,1
hostgood,d1cede6575db4530858534cf618bd28f357a22a976dc3f9bb56a4efdca94bfa8,good_train,0,goodware,KBDHE.DLL,x86,plain,1,,sys:kbdhe.dll,1
hostgood,dbacfa477da47d8c96b2cb3d9bafc6ad6bc42d3f84be40bcc84eb1f1ffd21076,good_train,0,goodware,kbdhebl3.dll,x86,plain,1,,sys:kbdhebl3.dll,1
hostgood,ac504b7f063230c7d2dc334a0ff1c31bbad9feb04e5e1295513b666a5cb1ac04,good_train,0,goodware,KBDHU.DLL,x86,plain,1,,sys:kbdhu.dll,1
hostgood,81fec3092c97cb6b5acf730735b686ef3da855fba044c2ad9ef5b0562cf3d4c0,good_train,0,goodware,kbdibm02.DLL,x86,plain,1,,sys:kbdibm02.dll,1
hostgood,7a53260b47a37c4c906e80d5b22c8e30750f366e8db343f40abcff0313708ea1,good_train,0,goodware,KBDIC.DLL,x86,plain,1,,sys:kbdic.dll,1
hostgood,02f50f45a5af2bad376ecaa0c0a135634cb400ee6abd9ffa38a59523b6d97565,good_train,0,goodware,KBDINASA.DLL,x86,plain,1,,sys:kbdinasa.dll,1
hostgood,3995e271ea9a27148e6e6d401fbefac954efaa1dce32e5fff818a930c013bdb2,good_train,0,goodware,KBDINBE2.DLL,x86,plain,1,,sys:kbdinbe2.dll,1
hostgood,45997c02959b3f5d5b0d7f25681dd23fe9f8c5ac1c43bf30c75b475fbf454736,good_train,0,goodware,KBDINDEV.DLL,x86,plain,1,,sys:kbdindev.dll,1
hostgood,6e6d7ddb0d54073e006277938ebedb6d2056ff6dcb7afad735ff0347eeefd396,good_train,0,goodware,KBDINMAL.DLL,x86,plain,1,,sys:kbdinmal.dll,1
hostgood,45d2af2f100298fb01eae17f71feb1046cac7a332564d9c6f5f976e91bdaa68e,good_train,0,goodware,KBDINMAR.DLL,x86,plain,1,,sys:kbdinmar.dll,1
hostgood,e7be92c32e66c7f2b2bdb5276928098f00cc338d1963ce9217b397e3c0bcc229,good_train,0,goodware,KBDJAV.DLL,x86,plain,1,,sys:kbdjav.dll,1
hostgood,e872277039ce6d536f7d745015dc4e2c3b52ea19a97e62860f2ad123e7f40c57,good_train,0,goodware,KBDJPN.DLL,x86,plain,1,,sys:kbdjpn.dll,1
hostgood,236fdf1814bb11719365f851d9597fedcabbb61dc57e24299a88af8f8c0da01f,good_train,0,goodware,KBDKAZ.DLL,x86,plain,1,,sys:kbdkaz.dll,1
hostgood,7c3b39a3a876083e30726a6d055e9033a1b1e3f3ffc959f0a4fb3ed2a1db8dc3,good_train,0,goodware,KBDKHMR.DLL,x86,plain,1,,sys:kbdkhmr.dll,1
hostgood,8b0764dd02208cdd674f529e0649a8aebfd2ebc769d1d266ac7c7c94ab8709df,good_train,0,goodware,KBDKURD.DLL,x86,plain,1,,sys:kbdkurd.dll,1
hostgood,38ab81f14e8ab7caff79f62a6800c59d7b53c307794547a9c9882fdb432b5cd9,good_train,0,goodware,KBDLVST.DLL,x86,plain,1,,sys:kbdlvst.dll,1
hostgood,e942a20e5d7c734e41bb4ccb314a416c6f6eb4606613ccc463c33365fae66503,good_train,0,goodware,KBDMAORI.DLL,x86,plain,1,,sys:kbdmaori.dll,1
hostgood,d13e5bc7449c36099d39c481cbbbdba97792f886aefd22c71d3870ef28209541,good_train,0,goodware,KBDMONS2.DLL,x86,plain,1,,sys:kbdmons2.dll,1
hostgood,5d742ffc1c9acd3cccfef1572567f7dd3e25d35cdce23a19d95da075c3458900,good_train,0,goodware,KBDNE.DLL,x86,plain,1,,sys:kbdne.dll,1
hostgood,8d18831715c010b80a5253dcd642c5dd1e1f0e050ee677c627f1f62bd84e152d,good_train,0,goodware,kbdnec.DLL,x86,plain,1,,sys:kbdnec.dll,1
hostgood,feace7cdc8d063ff7024afcf225434ebe090bf5b71b80b0028ced0491dd89f61,good_train,0,goodware,kbdnec95.DLL,x86,plain,1,,sys:kbdnec95.dll,1
hostgood,9ae6c1c2f82fa7b7bf0fe8a32e0e8b5d3fbfaf82dc01c1a900ca33ec63b4f60f,good_train,0,goodware,kbdnko.dll,x86,plain,1,,sys:kbdnko.dll,1
hostgood,b5c825af7eb1f425896a356e261edc675e089c6ebcb2cc57075bfbb8b9e13e8a,good_train,0,goodware,KBDOLDIT.DLL,x86,plain,1,,sys:kbdoldit.dll,1
hostgood,f7f159dfad95c536cc0d1e2ae2196c0e95e786b06426f1bf1676916a81e25532,good_train,0,goodware,KBDPASH.DLL,x86,plain,1,,sys:kbdpash.dll,1
hostgood,221355fcc59023874db8435ec2c03d99146438158b0da5ab3f943ff343dbc69e,good_train,0,goodware,kbdphags.dll,x86,plain,1,,sys:kbdphags.dll,1
hostgood,c6686dee1d3f8f4eb5c29339ae9da3004c2f48d7a5f8037ce91320dd060cd2ef,good_train,0,goodware,KBDPL1.DLL,x86,plain,1,,sys:kbdpl1.dll,1
hostgood,566a781e8b0819df0e82f418852bcf3370e28e58b63caee296cd2b9ecda94987,good_train,0,goodware,KBDPO.DLL,x86,plain,1,,sys:kbdpo.dll,1
hostgood,8750a04cc1701c13bfc35e8f7dba7be53a61ad29bcc93e3c35c7310e708f95ed,good_train,0,goodware,KBDRO.DLL,x86,plain,1,,sys:kbdro.dll,1
hostgood,96b64fec159cf8464439250c83c6c0e4b5b0b704ae2d556d4ebd6aecd3894b0a,good_train,0,goodware,KBDRU.DLL,x86,plain,1,,sys:kbdru.dll,1
hostgood,29e263175c66432113e8ea682dfe71665dd5ff6cb5bff2c20a506032a0620ce9,good_train,0,goodware,KBDRU1.DLL,x86,plain,1,,sys:kbdru1.dll,1
hostgood,00acc8ffae9da79d67513b244c309684deb2c4de675a63337d67c933f843009a,good_train,0,goodware,KBDSF.DLL,x86,plain,1,,sys:kbdsf.dll,1
hostgood,1c1b0ba169f1915dbb14a554ac56ab78083437fa84c1cc94665960625e7cfa41,good_train,0,goodware,KBDSG.DLL,x86,plain,1,,sys:kbdsg.dll,1
hostgood,cc7f37f21c8dea2d4da55cfffb9a81223e3a104f358da7360ca402611f1450f5,good_train,0,goodware,KBDSL.DLL,x86,plain,1,,sys:kbdsl.dll,1
hostgood,1a654e7dab213e2b41589a6394332244e75fb11092194de3770d1c8ed29ff66d,good_train,0,goodware,KBDSN1.DLL,x86,plain,1,,sys:kbdsn1.dll,1
hostgood,5aa640b813d008a978a69780e27db7a4d709cd22bb51d4c196e05b36a03a2b82,good_train,0,goodware,KBDSOREX.DLL,x86,plain,1,,sys:kbdsorex.dll,1
hostgood,5bdebbe46b6d76bf7a93551ab70d940974194e8c0638f9237cf7630e98ef05bb,good_train,0,goodware,KBDSORS1.DLL,x86,plain,1,,sys:kbdsors1.dll,1
hostgood,74ebded3aba94987fdb9b022e9ea78e07f2fbe7efa6228d6b70e247cebb13c2d,good_train,0,goodware,KBDSP.DLL,x86,plain,1,,sys:kbdsp.dll,1
hostgood,1817703a4fbb944f17ac477279ad79a0329d7727b2523e5ac124f17939d192a6,good_train,0,goodware,KBDSW.DLL,x86,plain,1,,sys:kbdsw.dll,1
hostgood,f1fa91ef20c922a91e99a34fde3d57808c7ba223bea6658f6708a93e0fd429fb,good_train,0,goodware,KBDSYR1.DLL,x86,plain,1,,sys:kbdsyr1.dll,1
hostgood,ae96285fbc0ff4c1276741ca222ecab7c1b70b875ebcc4dc639117cafcb88f94,good_train,0,goodware,KBDSYR2.DLL,x86,plain,1,,sys:kbdsyr2.dll,1
hostgood,f993ad09a304014cf133567b38ae75792010e1b8edf3a2edd0968b01ac5e70bf,good_train,0,goodware,KBDTIPRD.DLL,x86,plain,1,,sys:kbdtiprd.dll,1
hostgood,78e87a4b7b3db8d1fa79b8a18ae0ea81389d4ac107bf482416bb45b08a1fc6b2,good_train,0,goodware,KBDUGHR1.DLL,x86,plain,1,,sys:kbdughr1.dll,1
hostgood,40b782b36a747644c0021724e7c17ef9e714dc013d2d9cbe5c5f2a41c975f83c,good_train,0,goodware,KBDUR1.DLL,x86,plain,1,,sys:kbdur1.dll,1
hostgood,f7a611b0a6030bcf1db94145fb1b66474786eb6af2bd508d2da545d71c098e04,good_train,0,goodware,KBDURDU.DLL,x86,plain,1,,sys:kbdurdu.dll,1
hostgood,7b93b5c326df948482a2aa31cdde0c0e6e67a9ffe95f408ad79b245e9e5538dc,good_train,0,goodware,KBDUS.DLL,x86,plain,1,,sys:kbdus.dll,1
hostgood,104669b07a363866c6aba92a9af27b3db7d1a39aa5a091d7d76afbbe6a8afd71,good_train,0,goodware,KBDUSL.DLL,x86,plain,1,,sys:kbdusl.dll,1
hostgood,a580ee68d8a54eeff3eb5b99d33b90d0fd306387aea12dc18624c4f8266e4513,good_train,0,goodware,KBDUSR.DLL,x86,plain,1,,sys:kbdusr.dll,1
hostgood,6707ea8413dc60ed250d05ac5ce1c724e5c154f45557f70ceebd80aa9d302785,good_train,0,goodware,KBDYBA.DLL,x86,plain,1,,sys:kbdyba.dll,1
hostgood,18b282523928b97b1900fab5eedcd4795b18f1d1f623f734dc8217910db95a0e,good_train,0,goodware,kerb3961.dll,x86,plain,1,,sys:kerb3961.dll,1
hostgood,bafd9e061964642802d62f1eb694e7e4af60de739a8df1a492f90006dc5680f3,good_train,0,goodware,kernel32.dll,x86,plain,1,,sys:kernel32.dll,1
hostgood,7fa4450130cf39c7b5dcfbe82fe3dca183585cdb18d2cfe57e3f3714b42f3149,good_train,0,goodware,keyiso.dll,x86,plain,1,,sys:keyiso.dll,1
hostgood,f225f6ada44883148c668e4b78ddc00318347115d6e1f90cfd7a7a855b589f62,good_train,0,goodware,keymgr.dll,x86,plain,1,,sys:keymgr.dll,1
hostgood,c005d6dca7ff98ef78474c890206138cafcdfc5aee61b9258b70abb77b2aa24c,good_train,0,goodware,ksuser.dll,x86,plain,1,,sys:ksuser.dll,1
hostgood,fc0caab076aa41d52a3b433fbd72cfd091b619964f2847514402f1c721662def,good_train,0,goodware,ktmutil.exe,x86,plain,1,,sys:ktmutil.exe,0
hostgood,f1753b41fbcadef4f831bb48551c4d17aa3aab502da566cae040e5bd8df20f3f,good_train,0,goodware,ktmw32.dll,x86,plain,1,,sys:ktmw32.dll,1
hostgood,7138fea085e1550a28e13d92ea7fc2f96039b586501e205c25be56e0498cc96d,good_train,0,goodware,label.exe,x86,plain,1,,sys:label.exe,0
hostgood,8dfa90d78e2054ea97ab860368b6be3a8b455c4fe2595fbe24a9643edb38afae,good_train,0,goodware,LanguageOverlayUtil.dll,x86,plain,1,,sys:languageoverlayutil.dll,1
hostgood,399d05f9f5887b5dfb2a30a58dc01ff6d4070f10c2980298c736c6d242c31945,good_train,0,goodware,LaunchTM.exe,x86,plain,1,,sys:launchtm.exe,0
hostgood,7565c2e8dffa749a9075c3797773e70c358176e5e80c2fae5694941127c3d43f,good_train,0,goodware,LaunchWinApp.exe,x86,plain,1,,sys:launchwinapp.exe,0
hostgood,b1ffd8cbcf7a080d005f89e78267535c4d4f250e413f34cec6d77ae7459c4414,good_train,0,goodware,libomp140.i386.dll,x86,plain,1,,sys:libomp140.i386.dll,1
hostgood,956f771a6ea372e79897659f92c2c386c6943dc299f505095afa4efe79fa7de8,good_train,0,goodware,libomp140d.i386.dll,x86,plain,1,,sys:libomp140d.i386.dll,1
hostgood,73ac5abad969488e2104a20f729664b64c7df68deb1e1eddfa4aebc7d4e63d49,good_train,0,goodware,LicenseManager.dll,x86,plain,1,,sys:licensemanager.dll,1
hostgood,3e706dca8e8cd8c2626272b56f286328b197706513fe0f3d64ac51219c6c0daa,good_train,0,goodware,licmgr10.dll,x86,plain,1,,sys:licmgr10.dll,1
hostgood,f64a259d28a09a1d9a4fb7228e982b88d9c3c6be8245219d51a7d1b5eb8a5c98,good_train,0,goodware,localsec.dll,x86,plain,1,,sys:localsec.dll,1
hostgood,48d8c6bdca42d62d1e7883dc656d7028b8a61488a4c8f5a7bb56d5269b02d1c5,good_train,0,goodware,LocationApi.dll,x86,plain,1,,sys:locationapi.dll,1
hostgood,2edb2fea654df55b8b6ad8c96f002ba076ebad79e1c7d3a40411699dae008d34,good_train,0,goodware,LocationFrameworkPS.dll,x86,plain,1,,sys:locationframeworkps.dll,1
hostgood,d4dbae1ebd445416e44bcaf5926d845139cf1b77d4826d21b2c82e5db1d567be,good_train,0,goodware,LockAppBroker.dll,x86,plain,1,,sys:lockappbroker.dll,1
hostgood,4a5e38f5334b1e9c61e24f656754b1c7d46c40b1eb6fcbf75782e1e84ca08d9e,good_train,0,goodware,lodctr.exe,x86,plain,1,,sys:lodctr.exe,0
hostgood,5c0987f754e33003d8e3653c947e84c721463766fea43d962d6b5bd36214fc8a,good_train,0,goodware,logagent.exe,x86,plain,1,,sys:logagent.exe,0
hostgood,684f7792e18bd8773257a4193c92dcc1e58e538451528b04e3b9e185177c8b5c,good_train,0,goodware,loghours.dll,x86,plain,1,,sys:loghours.dll,1
hostgood,729087441e8f784cd8e061c8e121a1220e913368fe9111fd2e0ce3b9e1922a3b,good_train,0,goodware,logman.exe,x86,plain,1,,sys:logman.exe,0
hostgood,7d17e29993b677b1f63c59dc0ef439b92519871ffd577697b1e86c4a63c72561,good_train,0,goodware,lpk.dll,x86,no_exec,0,no_exec,sys:lpk.dll,1
hostgood,9d0a5589347d8c9554eebb00d844cdf6c27bf9b5a3eb68a1a2d9d6173274beba,good_train,0,goodware,lxutil.dll,x86,plain,1,,sys:lxutil.dll,1
hostgood,4ba99a32453da4c9668ad255afe35cd34d06edb8ae512f656fe09aac5ef3f752,good_train,0,goodware,Magnify.exe,x86,plain,1,,sys:magnify.exe,0
hostgood,3e12ecedfea2d323662b66a0d49675a65bcab66f3df9f88fa0bdec70b5057b95,good_train,0,goodware,makecab.exe,x86,plain,1,,sys:makecab.exe,0
hostgood,dfd9ea9874cee8d45ef44fd516afe97bcafc38080cf7e1935ad520cb54631be6,good_train,0,goodware,MapControlStringsRes.dll,x86,no_exec,0,no_exec,sys:mapcontrolstringsres.dll,1
hostgood,cb6f9b4ef926d4b62a33cba78ac1c581733f49a8f4255e9a0518589263e89a32,good_train,0,goodware,mcbuilder.exe,x86,plain,1,,sys:mcbuilder.exe,0
hostgood,c6357a3e99e25eab2f10ab95b25b1fbb57391bc25f53ede8da14b772c48d010d,good_train,0,goodware,mcicda.dll,x86,plain,1,,sys:mcicda.dll,1
hostgood,20574647161e67d522210167f813621ff5ceb459e964e7be499f0b395f6c1bfa,good_train,0,goodware,mciwave.dll,x86,plain,1,,sys:mciwave.dll,1
hostgood,dba5020480bc83df2c780d7da23b19491428c21517623a645702fb3178e84a30,good_train,0,goodware,MCRecvSrc.dll,x86,plain,1,,sys:mcrecvsrc.dll,1
hostgood,692ed776479a7fb550fb40e9786ab72a69091d2da7a21557f5770788f7b135ce,good_train,0,goodware,mdmregistration.dll,x86,plain,1,,sys:mdmregistration.dll,1
hostgood,ea00261996f2df7cbc41670b3990fc1f11a56de865a65873dea918e6cc45abbb,good_train,0,goodware,MessagingDataModel2.dll,x86,plain,1,,sys:messagingdatamodel2.dll,1
hostgood,7f40fb8e4298f5a69bf7602004bb95924c0f76526b74def76801a659ca814e03,good_train,0,goodware,mf.dll,x86,plain,1,,sys:mf.dll,1
hostgood,cd40f28adc0cc70fdb818b9ec81613d23ee435e39cb706c988c1105da470d95d,good_train,0,goodware,mf3216.dll,x86,plain,1,,sys:mf3216.dll,1
hostgood,254e83fad56aa1a1cba3d5e0fc32509fee82482f210e238e81f7d8b117a69b8c,good_train,0,goodware,mfc100cht.dll,x86,no_exec,0,no_exec,sys:mfc100cht.dll,1
hostgood,2bf46f1536ce621801fc621fabbe59f32ad856aa8ae085eb6e4469885c171da3,good_train,0,goodware,mfc100deu.dll,x86,no_exec,0,no_exec,sys:mfc100deu.dll,1
hostgood,7f3e218c1bf7bb0f00885afec8ed60c8edd48a73622feb2fce7cb282af1be900,good_train,0,goodware,mfc100esn.dll,x86,no_exec,0,no_exec,sys:mfc100esn.dll,1
hostgood,8630d9b71a04bfcad5ed15c11cbf88f2de42abfa458bc66963e6d0d207dc01c8,good_train,0,goodware,mfc100fra.dll,x86,no_exec,0,no_exec,sys:mfc100fra.dll,1
hostgood,0f0e518d6b12111ed847b2f62929799d2754f6f45b21977f8929842a2cec471e,good_train,0,goodware,mfc100kor.dll,x86,no_exec,0,no_exec,sys:mfc100kor.dll,1
hostgood,bc50848aeef466dff4a3d8c386bf0d0ec35b8e5b438031ae885aa5371f2e1a42,good_train,0,goodware,mfc100u.dll,x86,plain,1,,sys:mfc100u.dll,1
hostgood,eb7d071593afb1c8d985096393687c8e6b00a2c47074d57b90678976ee0b1ad8,good_train,0,goodware,mfc110cht.dll,x86,no_exec,0,no_exec,sys:mfc110cht.dll,1
hostgood,bdb8a368842a9ca914b8dd26697907e8048d8dab5c567594abcd46c7677cbb8d,good_train,0,goodware,mfc110enu.dll,x86,no_exec,0,no_exec,sys:mfc110enu.dll,1
hostgood,2103cb2e7b03f7211b0c076d4d3b904ca61ded6231b67486293d516906bf804e,good_train,0,goodware,mfc110ita.dll,x86,no_exec,0,no_exec,sys:mfc110ita.dll,1
hostgood,cb6d68392b52768668d1f77679f234f2e884bc0f0d31a6fb6f9291066368b589,good_train,0,goodware,mfc110kor.dll,x86,no_exec,0,no_exec,sys:mfc110kor.dll,1
hostgood,f41a5c4537d0a653d47b5939c72a0aa1fd0408e52dec9a67d2c891c8caad4f7a,good_train,0,goodware,mfc110rus.dll,x86,no_exec,0,no_exec,sys:mfc110rus.dll,1
hostgood,33f631c0b561199b5feb9020faa99e50efa9f421d7484ffa640c5561494726da,good_train,0,goodware,mfc110u.dll,x86,plain,1,,sys:mfc110u.dll,1
hostgood,5855b0e1e04f2dbff129c8d9f6954c0bd538e4dc12addf7aa5531ab073e8beee,good_train,0,goodware,mfc120.dll,x86,plain,1,,sys:mfc120.dll,1
hostgood,9248457f55d091f97d282f14d3d55bc28cba5024b69050209df0f0a8806f8b5a,good_train,0,goodware,mfc120deu.dll,x86,no_exec,0,no_exec,sys:mfc120deu.dll,1
hostgood,776d3e99fa205289d1b85a5ead9ed1a412526cbd6428a9b2e7bc857dc4734646,good_train,0,goodware,mfc120jpn.dll,x86,no_exec,0,no_exec,sys:mfc120jpn.dll,1
hostgood,32650fb886bf4a721a55883140fdaba285fb3829b91f3e4940e56fb8d2023410,good_train,0,goodware,mfc140.dll,x86,plain,1,,sys:mfc140.dll,1
hostgood,735989e2fc7f96008d8f99b6eea33b8aebe193f25e56ba83c173bd038e01207b,good_train,0,goodware,mfc140deu.dll,x86,no_exec,0,no_exec,sys:mfc140deu.dll,1
hostgood,75be9850cb96708a3e25cdee2322e8f2a5199e3942de4362b3a49cae7cb000e2,good_train,0,goodware,mfc140enu.dll,x86,no_exec,0,no_exec,sys:mfc140enu.dll,1
hostgood,6e53e0d36281a9dff88f11ada7add00a16a30cdcd1b3c5a06da3b7bc0a900c3b,good_train,0,goodware,mfc140esn.dll,x86,no_exec,0,no_exec,sys:mfc140esn.dll,1
hostgood,62e9a1fc8b4fc35e3ef3969f3aca5b4a2fcd8c580128b545f7bbd17e6259a996,good_train,0,goodware,mfc140ita.dll,x86,no_exec,0,no_exec,sys:mfc140ita.dll,1
hostgood,c8aacb7314fe061b16c0d1961f4071e144be9aa44e7e00cd89b9b6581aad6430,good_train,0,goodware,mfc40.dll,x86,plain,1,,sys:mfc40.dll,1
hostgood,893811154ddef2f99c2e91ccc46c942243afb64573a079d64852348306545194,good_train,0,goodware,mfc42.dll,x86,plain,1,,sys:mfc42.dll,1
hostgood,1accefc72a3831f82a56cbf0c50aa3556a5cbcd60bc8e46a54891e23f2a3f334,good_train,0,goodware,mfc42u.dll,x86,plain,1,,sys:mfc42u.dll,1
hostgood,036a4bbb127cef73ced1671c2e8dac00e63a2eb2f1506e520561384bed3783c0,good_train,0,goodware,MFCaptureEngine.dll,x86,plain,1,,sys:mfcaptureengine.dll,1
hostgood,7ac7a362646a8c8f7fa9b76086d93c876ebbb4085dd2ab1834b34f6bd5ef7223,good_train,0,goodware,mfcm110u.dll,x86,dotnet,0,dotnet,sys:mfcm110u.dll,1
hostgood,e8fc673a39a6f912b54cb2612da9d96fbc1c90606eede2e3f1a0cfbfee271d7f,good_train,0,goodware,mfcm120.dll,x86,dotnet,0,dotnet,sys:mfcm120.dll,1
hostgood,94e25b94441e0e6837fbd9ecf968a3d50afddbaf95f291b17974e3d3e4989444,good_train,0,goodware,mfcm140d.dll,x86,dotnet,0,dotnet,sys:mfcm140d.dll,1
hostgood,6bd9de73c4471b8e5c9223d020cde010c052f849ea3f279fe785c9e2602b9d50,good_train,0,goodware,mfcm140u.dll,x86,dotnet,0,dotnet,sys:mfcm140u.dll,1
hostgood,648db9a917c24996ace2b4fabcf97f2834efbe5329f009b1e6ed5ed36e8d6541,good_train,0,goodware,mfcsubs.dll,x86,plain,1,,sys:mfcsubs.dll,1
hostgood,346869402350d1cb5cf6340d58de854bd4e4560f9a5f2056e8aa41ed7ff855b7,good_train,0,goodware,mfds.dll,x86,plain,1,,sys:mfds.dll,1
hostgood,b31d3e846e9898a1685a9e3520049bdfefee903719ad1afb2e1b0319ea03d944,good_train,0,goodware,mferror.dll,x86,no_exec,0,no_exec,sys:mferror.dll,1
hostgood,7df882be89f5a96a9f9bbb6556503955d4933aaba6e9fd566bcef4008e622b97,good_train,0,goodware,mfh263enc.dll,x86,plain,1,,sys:mfh263enc.dll,1
hostgood,be41d714ba4cc5450c4677ad43c09c711f49149ed431eb0012930c183e42de81,good_train,0,goodware,mfh264enc.dll,x86,plain,1,,sys:mfh264enc.dll,1
hostgood,13e615d40860c7cb4d60a00307140803d9902ad172c182eeae10dfe477c8eebb,good_train,0,goodware,mfksproxy.dll,x86,plain,1,,sys:mfksproxy.dll,1
hostgood,c785165a7c5a629b061aac01171e095f489a21dcda493772691e81f0426c8cc9,good_train,0,goodware,mfmkvsrcsnk.dll,x86,plain,1,,sys:mfmkvsrcsnk.dll,1
hostgood,a5902bf39f4d51690ed560961297fb1286bb8e6a42c0094e40bbb2e9a43326eb,good_train,0,goodware,mfmpeg2srcsnk.dll,x86,plain,1,,sys:mfmpeg2srcsnk.dll,1
hostgood,7c2bb5c2d2e23ddc299703bbcb13d3fd901341cfefcb8e7d9a31def0d75d596f,good_train,0,goodware,mfnetcore.dll,x86,plain,1,,sys:mfnetcore.dll,1
hostgood,98c4b61e06a30eb4d06137569728bf2740cb321383d21484ff95e64e8e13b100,good_train,0,goodware,mfnetsrc.dll,x86,plain,1,,sys:mfnetsrc.dll,1
hostgood,5ac356f09f4a346deb9fec0c75e9c918177dda791712d6836a7d42560ecd526c,good_train,0,goodware,mfperfhelper.dll,x86,plain,1,,sys:mfperfhelper.dll,1
hostgood,7fc56bdee78ed9d82ce40ee6493cf5d62f010b761bf3e494c913dc93da9aca57,good_train,0,goodware,mfpmp.exe,x86,plain,1,,sys:mfpmp.exe,0
hostgood,265b3c66e31bb55a40ceca88b2452bcd4f35707718ff1502abc310e9c74d1544,good_train,0,goodware,mfps.dll,x86,plain,1,,sys:mfps.dll,1
hostgood,3908cb83691b461c0bd24327e7b9d2d6ed07a6dd9938fbc322737b2191b3f336,good_train,0,goodware,mfsvr.dll,x86,plain,1,,sys:mfsvr.dll,1
hostgood,fd4d7e7a03c322d066c32b27f99d453910e8ad9864cd25b0a39f26dabf2dba55,good_train,0,goodware,mfvfw.dll,x86,plain,1,,sys:mfvfw.dll,1
hostgood,9220824362a9a7bc3099741ac0b8dc1ca00b3c5abae8606427d6118ce0462000,good_train,0,goodware,mgmtapi.dll,x86,plain,1,,sys:mgmtapi.dll,1
hostgood,e795a019f555b3d2ee7b98c6962af1a8b2a880816e117653c76813ec0cbb9425,good_train,0,goodware,mi.dll,x86,plain,1,,sys:mi.dll,1
hostgood,af59de9725b96f587a2e730346096b2908c9ecf771719e8ec1d7577e0c68649d,good_train,0,goodware,Microsoft.Bluetooth.Proxy.dll,x86,plain,1,,sys:microsoft.bluetooth.proxy.dll,1
hostgood,8f758f3886f0d9caf2c0a680ca28be70045b0ecedb890747983c0db712fe10aa,good_train,0,goodware,Microsoft.Internal.FrameworkUdk.System.dll,x86,plain,1,,sys:microsoft.internal.frameworkudk.system.dll,1
hostgood,faea14edb72fa0d06517cb3cac5eea87a0e118b6c2522016164857865ffd705f,good_train,0,goodware,Microsoft.Internal.WarpPal.dll,x86,plain,1,,sys:microsoft.internal.warppal.dll,1
hostgood,caa030ec596c68a22ede7d242c4dab9ff4e507e5172b9286ab95ac376ff9c998,good_train,0,goodware,Microsoft.Windows.Storage.Core.dll,x86,dotnet,0,dotnet,sys:microsoft.windows.storage.core.dll,1
hostgood,b22e36f3a138abd4a5e41be13582325952a97910f901dc55c44ea7febca674fb,good_train,0,goodware,Microsoft.Windows.Storage.StorageBusCache.dll,x86,dotnet,0,dotnet,sys:microsoft.windows.storage.storagebuscache.dll,1
hostgood,700e5bb6a5a53998dc2a6489887959d4ceeae9b9de9d40519e5e339970800570,good_train,0,goodware,MicrosoftEdgeUpdateSetup.exe,x86,plain,1,,sys:microsoftedgeupdatesetup.exe,0
hostgood,05e827e48bc32809600af768ec2fb8580e7774dd94407a9c41d83da4e7c1bc2e,good_train,0,goodware,midimap.dll,x86,plain,1,,sys:midimap.dll,1
hostgood,76c1e721761f359d49625950e6f968e8acbebdafbdffd69d1f222d05acb0a5c0,good_train,0,goodware,MigRegDB.exe,x86,plain,1,,sys:migregdb.exe,0
hostgood,e9fbed338b2e057d2007df8da3997ecd4a50edc5df2770af6542c5ab22229139,good_train,0,goodware,mispace.dll,x86,plain,1,,sys:mispace.dll,1
hostgood,3f3436dc76d9ba542730fe257f597874881fdcad6b2957d3829e6561105be352,good_train,0,goodware,mmc.exe,x86,plain,1,,sys:mmc.exe,0
hostgood,8f5aff5681274163da0cd998d6f6f2d7cdfaba524c6cc9d8ddc651146a354353,good_train,0,goodware,MMDevAPI.dll,x86,plain,1,,sys:mmdevapi.dll,1
hostgood,ff0a8e2756f80f3ba43e8ec915753a93143c72bef21b6e9f743fc993c6b4f65a,good_train,0,goodware,mmgaproxystub.dll,x86,plain,1,,sys:mmgaproxystub.dll,1
hostgood,c68f203bf878653ec69ce42eea93b37eada4ff8bb617272b87c021cfb1a2b6a6,good_train,0,goodware,mmgaserver.exe,x86,plain,1,,sys:mmgaserver.exe,0
hostgood,38cc84b16d78df4d7b53856caacb129de04bd7158daaadd60bdc4bec33547960,good_train,0,goodware,mmres.dll,x86,no_exec,0,no_exec,sys:mmres.dll,1
hostgood,c58f239b0ddb07d1bdb11e29f91566f171570144d90ce8e5c698c01ab814cf14,good_train,0,goodware,mobilenetworking.dll,x86,plain,1,,sys:mobilenetworking.dll,1
hostgood,504994a3a8943e9ad96a9034291ccd4007ce467df980f7f6e18fd4a2573f3056,good_train,0,goodware,mobsync.exe,x86,plain,1,,sys:mobsync.exe,0
hostgood,cff1d741e8dac3e356b4034392151471b135e36765e55fbedc6c8dd6997397d7,good_train,0,goodware,mofcomp.exe,x86,plain,1,,sys:mofcomp.exe,0
hostgood,53d4269b0c3bf2576238fbd37c416a67835813189d5f9cd2ec437b255d7121e8,good_train,0,goodware,moricons.dll,x86,no_exec,0,no_exec,sys:moricons.dll,1
hostgood,be05f3b40313472530dc2a90c83097ca5f2b80e143ab481081cc7c1493ff3a52,good_train,0,goodware,MosStorage.dll,x86,plain,1,,sys:mosstorage.dll,1
hostgood,5c8e8ae90ff9ed01e08b8278a66d2b80bb773de2b9cf1905529c6a8dc81923b0,good_train,0,goodware,mountvol.exe,x86,plain,1,,sys:mountvol.exe,0
hostgood,f8894fcc066517cf7bcc0df26054ff1019a7ccf0421697ffbfdbb0fa3a2ea647,good_train,0,goodware,MP3DMOD.DLL,x86,plain,1,,sys:mp3dmod.dll,1
hostgood,0e5dd630df303261275fecf1592dbf04da4f727ab4edc0a24d4c374ae66c3423,good_train,0,goodware,MP43DECD.DLL,x86,plain,1,,sys:mp43decd.dll,1
hostgood,111bbc0e967c48a42cc63d59b2d789aeed8f9711839686f3327369844fcc3afb,good_train,0,goodware,MP4SDECD.DLL,x86,plain,1,,sys:mp4sdecd.dll,1
hostgood,db174c8eea176956330f6aa8b48c47dd206027b7039fa8c71824819af02831ab,good_train,0,goodware,mprapi.dll,x86,plain,1,,sys:mprapi.dll,1
hostgood,8cd3ffdafdb952df6b51491c48817fcd0d13d2701d01010b95a708d82d6aee29,good_train,0,goodware,mprddm.dll,x86,plain,1,,sys:mprddm.dll,1
hostgood,ac29940962210ecdfe9bafc1f34cfdda2c51c86190ae53b8f6c4f8023264b22a,good_train,0,goodware,mprdim.dll,x86,plain,1,,sys:mprdim.dll,1
hostgood,956e3b3f28761ebe93e0995dbfd8443af7ac05af337750afb2a831a8755e4cb9,good_train,0,goodware,MRINFO.EXE,x86,plain,1,,sys:mrinfo.exe,0
hostgood,778be78175bd6f6e4f6ca3ed316f56d7ddddb4029ad193a511f80b6931aaad55,good_train,0,goodware,MrmDeploy.dll,x86,plain,1,,sys:mrmdeploy.dll,1
hostgood,e328d8365223ce922ec2835e7b8e1dc2a6c634790eb03be7173b87b1a02fe562,good_train,0,goodware,MrmIndexer.dll,x86,plain,1,,sys:mrmindexer.dll,1
hostgood,ad134f21e46afa9d28e728243a6bc27739e57aaac07b0f6aff37c4381532eea4,good_train,0,goodware,msasn1.dll,x86,plain,1,,sys:msasn1.dll,1
hostgood,95f39f2a98d31328cca72d30fb59ec17cf5ddfcd3ab84ac99d07b576c426474d,good_train,0,goodware,msaudite.dll,x86,no_exec,0,no_exec,sys:msaudite.dll,1
hostgood,2726726a10591a845f00ac1d0d62e002b74068d9346dd16fe895f38a5e39e3d7,good_train,0,goodware,mscandui.dll,x86,plain,1,,sys:mscandui.dll,1
hostgood,58912b20196bacebbf147e59f636029b112ea9213e164e0f7e20de6ed95e9b7b,good_train,0,goodware,msclmd.dll,x86,plain,1,,sys:msclmd.dll,1
hostgood,dc42b8fc1af85390d9027f2a96d78462357916919ae12e3d2d695f58404fd492,good_train,0,goodware,mscories.dll,x86,plain,1,,sys:mscories.dll,1
hostgood,ad6b72d3cabed110a75c46c761598b6bdec1fb4e000ec7daa42c53cd7d2215a9,good_train,0,goodware,mscpxl32.dLL,x86,plain,1,,sys:mscpxl32.dll,1
hostgood,c22e1e5868edd8a5e59ea19fb752dcf81b7711d5b0346730b7a5d82e591228c1,good_train,0,goodware,msctfmig.dll,x86,plain,1,,sys:msctfmig.dll,1
hostgood,d937fbb81389908eb067238d289c1daad98889ef667869e7cfd68443978ace10,good_train,0,goodware,msctfui.dll,x86,plain,1,,sys:msctfui.dll,1
hostgood,ee8ea682000496ce5ffcdf090a6852875999c0bf76c159e2d9dc8685a7d3ea23,good_train,0,goodware,msdart.dll,x86,plain,1,,sys:msdart.dll,1
hostgood,10534d70a0a80e9b9aecbfafe8bf8a4d441bfa7f00e9e787abdc3879fc327fc2,good_train,0,goodware,msdbg2.dll,x86,plain,1,,sys:msdbg2.dll,1
hostgood,d8a423f2850fbab814de048cb3dbd2eb3106eb883baeacec96437adee36dcfc7,good_train,0,goodware,msdrm.dll,x86,plain,1,,sys:msdrm.dll,1
hostgood,dac580a933170c14f08719dfd9e51e9e2073bbf5d7564f8d8107e74f8c606596,good_train,0,goodware,msdt.exe,x86,plain,1,,sys:msdt.exe,0
hostgood,a59f5910463564f850af0ab6f3ddbd11343dff060b5b10c679b1f7c0d430e7de,good_train,0,goodware,msdtcprx.dll,x86,plain,1,,sys:msdtcprx.dll,1
hostgood,a8235cfd02021efaacd381662714bf807c00466ef1c7365044df88c8d4674910,good_train,0,goodware,msfeeds.dll,x86,plain,1,,sys:msfeeds.dll,1
hostgood,3cc13026d64647b2c8dbe98a93b77924047b24b0b4b18de1a8bcd8b83db513a9,good_train,0,goodware,msfeedssync.exe,x86,plain,1,,sys:msfeedssync.exe,0
hostgood,d84fdc8ad62b9cea2cbbe56fa99b06ec25e2da0c91e0e7d3c11b5cea506c59b8,good_train,0,goodware,MSFlacDecoder.dll,x86,plain,1,,sys:msflacdecoder.dll,1
hostgood,e5d73786c75b4cb7d2d7aab6c951b9acdd6479909cff904fb2cddcdd72c9b95b,good_train,0,goodware,mshta.exe,x86,plain,1,,sys:mshta.exe,0
hostgood,5892ab21f5b9aa91d34a45cd3c4c5fe645d7b6f31339a33d1fba59587ff09f73,good_train,0,goodware,MshtmlDac.dll,x86,plain,1,,sys:mshtmldac.dll,1
hostgood,72f63bb2f2bc3583947d0ba4a9a4e1676ef49614aee478e5503d189533727f24,good_train,0,goodware,mshtmler.dll,x86,no_exec,0,no_exec,sys:mshtmler.dll,1
hostgood,f86c15642ddbe787d015a8e801835bed54e1a30d404d9d8fa6042a6794e27427,good_train,0,goodware,msidcrl40.dll,x86,plain,1,,sys:msidcrl40.dll,1
hostgood,deb8ebd770d8fb2f47bc85855f683de7bad1de689071d29e9cd1d337f142518f,good_train,0,goodware,msidle.dll,x86,plain,1,,sys:msidle.dll,1
hostgood,9ad651a90a9e14e33f55df39971ddd8553ed87603548b1821bcaec081eb770ea,good_train,0,goodware,msiexec.exe,x86,plain,1,,sys:msiexec.exe,0
hostgood,7a8503d361d1c192e15a7ab9310a4ef0ec99e3b2ad59e9f5b98e44839e6f54c7,good_train,0,goodware,msisip.dll,x86,plain,1,,sys:msisip.dll,1
hostgood,277939361115b31bf5ebd80ceacdac212ac2d47a8e15b39daf9e82a190c9fdd5,good_train,0,goodware,msiwer.dll,x86,plain,1,,sys:msiwer.dll,1
hostgood,3a82a06d935639d39cd674f70d11962961724fdc575c880a3aa5d634d8a9acbb,good_train,0,goodware,msjetoledb40.dll,x86,plain,1,,sys:msjetoledb40.dll,1
hostgood,f729698ef1853e531952f94b34542e6d4a42e581d8c1e835c15a1a7f296118a4,good_train,0,goodware,msls31.dll,x86,plain,1,,sys:msls31.dll,1
hostgood,85be93af3516c137c0d690fe932adb7926b4635adc42447799a3d74517a2b1b9,good_train,0,goodware,msltus40.dll,x86,plain,1,,sys:msltus40.dll,1
hostgood,a0b7cbe3d23cbed4249bd652c47b3667abcc0ed583d856114717de4ccbb066e1,good_train,0,goodware,MSMPEG2ENC.DLL,x86,plain,1,,sys:msmpeg2enc.dll,1
hostgood,61b9c09913cb6178177eed236c30f92d0c92c16182278d1c1eb91a48a79c729b,good_train,0,goodware,msoert2.dll,x86,plain,1,,sys:msoert2.dll,1
hostgood,45cc61532e7fc98641ca8a46e6b88c3d1730a0f902a6be8488c459424ebd539f,good_train,0,goodware,mspatcha.dll,x86,plain,1,,sys:mspatcha.dll,1
hostgood,27024bf94bda22d0689cbd1d1cb35cee5e5031ca49f2f44674f454cae4723d91,good_train,0,goodware,mspbde40.dll,x86,plain,1,,sys:mspbde40.dll,1
hostgood,97d7cfbc1493b5723ab48a4f1954c46e1d4f56cd471428d8b4595ca9ac9ab17c,good_train,0,goodware,MSPhotography.dll,x86,plain,1,,sys:msphotography.dll,1
hostgood,898843d6fee6099bb28d60defaf60273f292419b37ca63ef0d5f66eac1abd01e,good_train,0,goodware,msra.exe,x86,plain,1,,sys:msra.exe,0
hostgood,697e3f8c33a43d93664f668942e6697bde75681a4d0d1451ef81f8f244c65834,good_train,0,goodware,msrd3x40.dll,x86,plain,1,,sys:msrd3x40.dll,1
hostgood,915cdc0c2821ccf2cc35de8b43b0ccc9a0c22bec969a47547d0d422e20dab00c,good_train,0,goodware,msrdc.dll,x86,plain,1,,sys:msrdc.dll,1
hostgood,214deda557414aa3dafadf4bd522fcbab435c2afb4daf5b449a3f8365f7f2fc3,good_train,0,goodware,msscntrs.dll,x86,plain,1,,sys:msscntrs.dll,1
hostgood,8726b758a5fa18752134997eee46311569fcc6100a4b695fef67ccf844e57fa0,good_train,0,goodware,mssph.dll,x86,plain,1,,sys:mssph.dll,1
hostgood,137887d0c93d8c88b4157ef9324cf62111a427b23d28cad2afd827b66ee93cd5,good_train,0,goodware,mssrch.dll,x86,plain,1,,sys:mssrch.dll,1
hostgood,0a6dbdcf34153f5dcf584f3f20f139eb1d3961a82975eca0c628e9719ec50725,good_train,0,goodware,mstsc.exe,x86,plain,1,,sys:mstsc.exe,0
hostgood,9dc1fd1a613bee3183b66bad0ad9fec4047700643be8f4d04d357ced1973c531,good_train,0,goodware,MsuProvider.dll,x86,plain,1,,sys:msuprovider.dll,1
hostgood,a9ac78d835683c96d4c0cf279b4345a28586980b506da5bcf192fcc15e20fdf9,good_train,0,goodware,msutb.dll,x86,plain,1,,sys:msutb.dll,1
hostgood,12a36542e49ee41867396f66a7eae0b67971e3b133d1fbd1e95747dce7765423,good_train,0,goodware,msvcirt.dll,x86,plain,1,,sys:msvcirt.dll,1
hostgood,c8d5572ca8d7624871188f0acabc3ae60d4c5a4f6782d952b9038de3bc28b39a,good_train,0,goodware,msvcp110.dll,x86,plain,1,,sys:msvcp110.dll,1
hostgood,87c42ca155473e4e71857d03497c8cbc28fa8ff7f2c8d72e8a1f39b71078f608,good_train,0,goodware,msvcp120.dll,x86,plain,1,,sys:msvcp120.dll,1
hostgood,dd14548b7f55b4f597c4dfddf717aa6132bbe9731de781702738f9d747368fa8,good_train,0,goodware,msvcp140_2d.dll,x86,plain,1,,sys:msvcp140_2d.dll,1
hostgood,ce6fba058d9cb6b48ffcd765e33f5a275faa3bd346627e94acfce6a4dc5952fd,good_train,0,goodware,msvcp140_clr0400.dll,x86,plain,1,,sys:msvcp140_clr0400.dll,1
hostgood,a29b324e705b340e00037d2cda70543cc07e6294cedfd4252bac8b149b874665,good_train,0,goodware,msvcp140d.dll,x86,plain,1,,sys:msvcp140d.dll,1
hostgood,2fd47e88d63249a2a4eb8248d4b296b83595ea70c014639aaa6f2dced6b25d1d,good_train,0,goodware,msvcp60.dll,x86,plain,1,,sys:msvcp60.dll,1
hostgood,2c3dd2c830375591addea061588f8183bcafdba501c638526b85215465ac905a,good_train,0,goodware,msvcp_win.dll,x86,plain,1,,sys:msvcp_win.dll,1
hostgood,8793353461826fbd48f25ea8b835be204b758ce7510db2af631b28850355bd18,good_train,0,goodware,msvcr100.dll,x86,plain,1,,sys:msvcr100.dll,1
hostgood,1151cf19e5862d26e74a3db5a9e4431921a23fae0565cc175baec4313330113e,good_train,0,goodware,msvcrt20.dll,x86,plain,1,,sys:msvcrt20.dll,1
hostgood,c4712f82251555a97737700601d4939e079c1ffece879c5eab77650142343093,good_train,0,goodware,msvfw32.dll,x86,plain,1,,sys:msvfw32.dll,1
hostgood,8fe67400837cfd564653b98027ccfc4f1a8b826dbd64a34e633e7fd4c6dba26d,good_train,0,goodware,msvidc32.dll,x86,plain,1,,sys:msvidc32.dll,1
hostgood,d0e2a7e960e5b67499ca3c8710ff6d0b9f409c379d0fadc49bc6fab2049a2ed7,good_train,0,goodware,msvproc.dll,x86,plain,1,,sys:msvproc.dll,1
hostgood,5056df479262c8ca06ded5a8e6766d2e9868634bc51711e0da15995ff192257d,good_train,0,goodware,MSVPXENC.dll,x86,plain,1,,sys:msvpxenc.dll,1
hostgood,b00fa80a4ee9d40fca3bc43b67f4314ad25c512034a7c6788d087a3b7f52586b,good_train,0,goodware,mswdat10.dll,x86,plain,1,,sys:mswdat10.dll,1
hostgood,a501f7df061b1600c48b36af516d1ef3b3ec67230303fe1549dd8c930726b121,good_train,0,goodware,mswsock.dll,x86,plain,1,,sys:mswsock.dll,1
hostgood,dc62212293be438a9f82edf56312580449940d73e10c06a5c9061bdcdba39c2c,good_train,0,goodware,msxbde40.dll,x86,plain,1,,sys:msxbde40.dll,1
hostgood,54d3ea1d14f93586960313c54b3176f79ad53af5eccc84c02c407e483ea8d92e,good_train,0,goodware,msxml3.dll,x86,plain,1,,sys:msxml3.dll,1
hostgood,ee9b3ecdc7b3dcc773c735c4ba87a4a0d5bf58aba6cc07297e82baa0d7face97,good_train,0,goodware,msxml6.dll,x86,plain,1,,sys:msxml6.dll,1
hostgood,056c6a49c2c2da9063c23d2296dcf629bbb53cfca4b1a1d43e26bc99819a9d88,good_train,0,goodware,msxml6r.dll,x86,no_exec,0,no_exec,sys:msxml6r.dll,1
hostgood,df1bb6b7b0a3bfabed46e7de4ea1ba853174791de49c5425fe75b87643ef6018,good_train,0,goodware,msyuv.dll,x86,plain,1,,sys:msyuv.dll,1
hostgood,a1bcb0614ce6d970747d7683c75f264019232c0168b549a0e8cdef56318636fc,good_train,0,goodware,MTF.dll,x86,plain,1,,sys:mtf.dll,1
hostgood,c2d5abb486cda892f0ff74d42edbb55120ea3c57ecda17f1de630e217ff231b0,good_train,0,goodware,mtstocom.exe,x86,plain,1,,sys:mtstocom.exe,0
hostgood,e33de0d331dfb9e25245ca48ce82d3c34087e6c4fb528b5e11c60f6f8550cf42,good_train,0,goodware,mtxdm.dll,x86,plain,1,,sys:mtxdm.dll,1
hostgood,af23b16de239acd601a542e8d257f3d0f9ca9e1d30196d6df0df49da6c5ca8af,good_train,0,goodware,mtxoci.dll,x86,plain,1,,sys:mtxoci.dll,1
hostgood,a784ec124f5889733ea226e84beeac715a3e5bdde3b94bd2399a1cf891b7364e,good_train,0,goodware,muifontsetup.dll,x86,plain,1,,sys:muifontsetup.dll,1
hostgood,076496abd82db91f59ff8d6e75a52ae23eb3cbeb8e38b203e8cf233786cdbdbc,good_train,0,goodware,MuiUnattend.exe,x86,plain,1,,sys:muiunattend.exe,0
hostgood,af779385f5ccdaa3b3413cd8ff3f7774f0834d4f6f199025158797ebba42f174,good_train,0,goodware,NapiNSP.dll,x86,plain,1,,sys:napinsp.dll,1
hostgood,ba6f2f20d227b497a58b0f003df692c12c6663d2ba732862a523d42d9f7bf4aa,good_train,0,goodware,NcdProp.dll,x86,plain,1,,sys:ncdprop.dll,1
hostgood,3c485a608601120bf92fbaadab0b526923d47b6b0a2501cb8446879734933259,good_train,0,goodware,nci.dll,x86,plain,1,,sys:nci.dll,1
hostgood,02cecda6dea586afbe8970e9cde9d6342b65237587f3405c3f7dca4072bb3afc,good_train,0,goodware,ncobjapi.dll,x86,plain,1,,sys:ncobjapi.dll,1
hostgood,f4066d00205018485606ed55e946d540e601bac3d7143d13b6751091160001ee,good_train,0,goodware,ncryptprov.dll,x86,plain,1,,sys:ncryptprov.dll,1
hostgood,69856eea593d0dd92bebc403caf962892b8ea7248c3419227a60457af2c414c4,good_train,0,goodware,ncryptsslp.dll,x86,plain,1,,sys:ncryptsslp.dll,1
hostgood,d921aa51c464abf00d534cbcba5ae86c1a6462fb253f7d25dcec8acac5553942,good_train,0,goodware,ndadmin.exe,x86,plain,1,,sys:ndadmin.exe,0
hostgood,c80457e631ef9e9ca7d4c8dd1137c3fb01a4ff1b44d8d9b7542a9981104199fd,good_train,0,goodware,ndproxystub.dll,x86,plain,1,,sys:ndproxystub.dll,1
hostgood,006d554616d30447a595ee2c00a1b95e34ba44882a1094e784f3d595842a34b0,good_train,0,goodware,negoexts.dll,x86,plain,1,,sys:negoexts.dll,1
hostgood,e7a3a04db13f7d5e65db45dbed99b80c9ad9907beeba3416e2e5428e1efb791e,good_train,0,goodware,net.exe,x86,plain,1,,sys:net.exe,0
hostgood,0baad631c2f9eddb6e7d6b9abb43a5ce950515b9569c5d15aadbd1ba5725e131,good_train,0,goodware,net1.exe,x86,plain,1,,sys:net1.exe,0
hostgood,c87200ea2f50784786674c483770b4814b650a12cd210973bd6daf2461f554c5,good_train,0,goodware,netbios.dll,x86,plain,1,,sys:netbios.dll,1
hostgood,1a89748813b4bb8abc58c933f3484017522d74c0d1b7f6b7f14dae111c6f913d,good_train,0,goodware,netbtugc.exe,x86,plain,1,,sys:netbtugc.exe,0
hostgood,a2393184236358cde548905e561724dd6e20ee288e571155c5cb591c7636d417,good_train,0,goodware,netcenter.dll,x86,plain,1,,sys:netcenter.dll,1
hostgood,7086f2e11ebf8f80ff442eeada0b9b47eec45aa80456e8ccc6a8e803f13a0df7,good_train,0,goodware,NetCfgNotifyObjectHost.exe,x86,plain,1,,sys:netcfgnotifyobjecthost.exe,0
hostgood,84f7e676b3177e718c48dacb892201573542a83d4a118057b1eaeee2fb1c7b1b,good_train,0,goodware,netdiagfx.dll,x86,plain,1,,sys:netdiagfx.dll,1
hostgood,23f56c51641fac2160b81bff0110ae6c9ec2453b432a85f942039f99a9fb1164,good_train,0,goodware,netid.dll,x86,plain,1,,sys:netid.dll,1
hostgood,b1c1df5bcfabdb054bcd613836dbd8e0395d885d44b07eea83fd5a3dd16e7020,good_train,0,goodware,netiougc.exe,x86,plain,1,,sys:netiougc.exe,0
hostgood,f289552d3c609bb7e613ae7164d94572ced64cfbd0f3fe550a5a09aff4a1ca06,good_train,0,goodware,netmsg.dll,x86,no_exec,0,no_exec,sys:netmsg.dll,1
hostgood,b6ac9e189e8be0cb3d215fee3d8b6fc46225ab70e128b076a623b9187f7ae8f5,good_train,0,goodware,Netplwiz.exe,x86,plain,1,,sys:netplwiz.exe,0
hostgood,762b0b368303b0af8b53ac739fc884193a935a2623d6a3fcea9006fd7db3ba56,good_train,0,goodware,netprofm.dll,x86,plain,1,,sys:netprofm.dll,1
hostgood,a91c2e80ede5ccac685b84d79e67132ea3fd68729ab5e7654bf66df9dd97bb29,good_train,0,goodware,netprovfw.dll,x86,plain,1,,sys:netprovfw.dll,1
hostgood,4b5f27b6caa803d27a8b61e1135864d9900d668e56f8e950f1f0808e06ec522b,good_train,0,goodware,netprovisionsp.dll,x86,plain,1,,sys:netprovisionsp.dll,1
hostgood,e16f0ef226e204fb5fb80e3687159fbbf4d386766d8a0dd3c57ead3677756f67,good_train,0,goodware,netsh.exe,x86,plain,1,,sys:netsh.exe,0
hostgood,f951dbf205254642ce2c101e8fa3b95a46e6c6010fa3410eac42dd8603dda85a,good_train,0,goodware,NETSTAT.EXE,x86,plain,1,,sys:netstat.exe,0
hostgood,bb5cfb2e2587dff5148684cfe6a08596575eca2882c0aadab1ae1397ca25cb3f,good_train,0,goodware,nettracehelper.dll,x86,plain,1,,sys:nettracehelper.dll,1
hostgood,3d8371d23c69c02e4fbc7502f38ee11f93d76e7ecdeaac850b1dc349ba1150f7,good_train,0,goodware,networkexplorer.dll,x86,plain,1,,sys:networkexplorer.dll,1
hostgood,92933c8b77ed01dd70af868c9d9a07602eb4c7c748feb0591547aa7f78810fd5,good_train,0,goodware,networkitemfactory.dll,x86,plain,1,,sys:networkitemfactory.dll,1
hostgood,f1fe2c19d0f06e9d65f77dff47ab43c65f2627f11d0550c7acc444f3c545aa38,good_train,0,goodware,newdev.exe,x86,plain,1,,sys:newdev.exe,0
hostgood,7d5f372f6f05c9df49fd4afdd9bdab32b377206fe1c1465b75a2ae57f1d2cd7c,good_train,0,goodware,ngckeyenum.dll,x86,plain,1,,sys:ngckeyenum.dll,1
hostgood,680b52c6f42fa471fffff59b8bff01fed85c302a375c3e1e2636de062cfab416,good_train,0,goodware,ngclocal.dll,x86,plain,1,,sys:ngclocal.dll,1
hostgood,1e9e1da8ecb3fbd33258da510c3d30d3e919887f6741fc5df24fd660be8c63ed,good_train,0,goodware,ngcutils.dll,x86,plain,1,,sys:ngcutils.dll,1
hostgood,07df5bfefb114c1205c0efdd9d2aec2350890a61ffb174af3f6c294b81fa4fa3,good_train,0,goodware,ninput.dll,x86,plain,1,,sys:ninput.dll,1
hostgood,4621b6a87d97833f59d998c491ae067130166e9583d38b7e575354d954da120c,good_train,0,goodware,nlhtml.dll,x86,plain,1,,sys:nlhtml.dll,1
hostgood,8d79732d8f906160a5e94858582eef11e9122f557b7351be2fb1db33e6550361,good_train,0,goodware,nlmgp.dll,x86,plain,1,,sys:nlmgp.dll,1
hostgood,5a692a0917e85801a947fbbfae63c5f166ee4154116780427b2daba043d6328e,good_train,0,goodware,nlmproxy.dll,x86,plain,1,,sys:nlmproxy.dll,1
hostgood,daeafc56231283b7e55c8b0750ba695bedd0e21590bafd7e7f071522cb62d707,good_train,0,goodware,nlmsprep.dll,x86,plain,1,,sys:nlmsprep.dll,1
hostgood,379fc1db9e79001eba072b7a885144fb742c5b9c4b8dc8189919b680ac6f60ba,good_train,0,goodware,notepad.exe,x86,plain,1,,sys:notepad.exe,0
hostgood,b16e6a62ea68a532503eac5cdc44eb9f6ba60ebae86e2d44ae164f88acefe249,good_train,0,goodware,NpcapHelper.exe,x86,plain,1,,sys:npcaphelper.exe,0
hostgood,058b5bbfc19da71a42f071815c51c10c61d7b7e38746f0fbc5e7e62e52b3d42c,good_train,0,goodware,NPSM.dll,x86,plain,1,,sys:npsm.dll,1
hostgood,8b0a3dda7da9a51af442a2ac3363c40e05e264e85bd46ebaa557f021dd4a32b0,good_train,0,goodware,nshdnsclient.dll,x86,plain,1,,sys:nshdnsclient.dll,1
hostgood,2df856772b3347192dc947c50c4f86760ec7ff420c55651e1c80ec093b1ab22f,good_train,0,goodware,nslookup.exe,x86,plain,1,,sys:nslookup.exe,0
hostgood,84936b4006ee2e7d7fe5481883a913100abe64fa3edbf34e6ab7c598ae5bfb94,good_train,0,goodware,ntasn1.dll,x86,plain,1,,sys:ntasn1.dll,1
hostgood,55ce659681f986c65d7f120f3aafb89861862ee686a187a09e44966a3653a0fc,good_train,0,goodware,NtlmShared.dll,x86,plain,1,,sys:ntlmshared.dll,1
hostgood,77b58044774b33f0b34ac0442f7b7aedac007d08fd964461fc590428d6906a00,good_train,0,goodware,ntprint.exe,x86,plain,1,,sys:ntprint.exe,0
hostgood,7bf3b8e85c64a9e952b98f4f3335f7fd8d20f7f846c12f316f5c2a320c8fddc7,good_train,0,goodware,ntvdm64.dll,x86,plain,1,,sys:ntvdm64.dll,1
hostgood,943084d95e529c4f342734d196a38140b0e548ef579c24c2bc71fbe669812460,good_train,0,goodware,nvaudcap32v.dll,x86,plain,1,,sys:nvaudcap32v.dll,1
hostgood,69582159a3fc57f5bbbf89e240510ddbb2d699b3fb73ac6f443389857c1374a9,good_train,0,goodware,nvcuda.dll,x86,plain,1,,sys:nvcuda.dll,1
hostgood,318b13edc57819c30bea6f06f6a820a33fa973e210a1633118048fbf0a3240ea,good_train,0,goodware,nvcuvid.dll,x86,plain,1,,sys:nvcuvid.dll,1
hostgood,d7d2471b8859b5a13c0018596aff939647ac45dbc9d43b1121ed3824ed4abf1a,good_train,0,goodware,NvFBC.dll,x86,plain,1,,sys:nvfbc.dll,1
hostgood,030c146d1af37482d80f62298173d5c2ea161df64d0696270348aea373e4ae92,good_train,0,goodware,occache.dll,x86,plain,1,,sys:occache.dll,1
hostgood,b43601b1745af60341382dd2b335daa926c99b04e797fc1edb551786e526e3c0,good_train,0,goodware,odbc32.dll,x86,plain,1,,sys:odbc32.dll,1
hostgood,894b4701462ff994a7f7227baae0c3fe4d360df501a641f2b396831625113a7b,good_train,0,goodware,odbcad32.exe,x86,plain,1,,sys:odbcad32.exe,0
hostgood,d230de04eda233f80041ff789b76ce39a73011743ff319cad1e31f42f89b482b,good_train,0,goodware,odbcconf.dll,x86,plain,1,,sys:odbcconf.dll,1
hostgood,0b2b6d0830356c9e5d17196220d7638859e1839d9c44327652f6d618b639ca00,good_train,0,goodware,odbcconf.exe,x86,plain,1,,sys:odbcconf.exe,0
hostgood,3d182a9ee58f67f9c5c9b4c8c9f4da3a5b46c48ec0b8a15a190568a0aa944ae2,good_train,0,goodware,odfox32.dll,x86,plain,1,,sys:odfox32.dll,1
hostgood,f51e80dab6ba571bcde8079013bb66af91e3c61904c4107ab9e62980a743ab4e,good_train,0,goodware,odpdx32.dll,x86,plain,1,,sys:odpdx32.dll,1
hostgood,7cf7b866c29ee3ccc08e0923d6221ba9242728ecfc00d561db4a8e7f42c6e6aa,good_train,0,goodware,odtext32.dll,x86,plain,1,,sys:odtext32.dll,1
hostgood,41f03e8a2b48fb48d094cb0b9d30bcc28bc415d9eebdb0f3819d267339299d0c,good_train,0,goodware,oemlicense.dll,x86,plain,1,,sys:oemlicense.dll,1
hostgood,e7287f51dd1c8a12e8f8d65f3e518ef231b74ad39249a5f90d369745d08106c7,good_train,0,goodware,offfilt.dll,x86,plain,1,,sys:offfilt.dll,1
hostgood,e6b1e4ac97086ff66da14946350709cac6aa3e17e69dd2ba190f5a4449d2473b,good_train,0,goodware,offlinelsa.dll,x86,plain,1,,sys:offlinelsa.dll,1
hostgood,2e84263aa3f7faf0d820bf9dbc526dc3786fc65de811e2a26f8aaa9258e2d5b3,good_train,0,goodware,OfflineSetupProvider.dll,x86,plain,1,,sys:offlinesetupprovider.dll,1
hostgood,e4d3a3755722870830eaf8331edcafbb0d41ec3ad164dfd4e20c76f837505da8,good_train,0,goodware,oleacc.dll,x86,plain,1,,sys:oleacc.dll,1
hostgood,0964acd842f40ea6a2190fef8831974d852425f4d9d86161fb923e68257e01b4,good_train,0,goodware,OnDemandConnRouteHelper.dll,x86,plain,1,,sys:ondemandconnroutehelper.dll,1
hostgood,650f822079833c6dbc32df69d9e940c3ed38e585199c06f097813098e980840a,good_train,0,goodware,OneCoreUAPCommonProxyStub.dll,x86,plain,1,,sys:onecoreuapcommonproxystub.dll,1
hostgood,2b924d0617c0523a218437769bbe96370a47cb3c5c73038915b7f4e2491d27d8,good_train,0,goodware,onnxruntime.dll,x86,plain,1,,sys:onnxruntime.dll,1
hostgood,ac9b1f4261a07f890764920f3acc51782e3cb74797b35a72a8420b123e5b5153,good_train,0,goodware,openfiles.exe,x86,plain,1,,sys:openfiles.exe,0
hostgood,a03f6c001c4cae7361cf744a1f1e05567aa431d27fae048281e13e3356487978,good_train,0,goodware,opengl32.dll,x86,plain,1,,sys:opengl32.dll,1
hostgood,896986c0343a01faa93f5ec3c951625ada38b7325919ad529d17a1a891168395,good_train,0,goodware,OpenWith.exe,x86,plain,1,,sys:openwith.exe,0
hostgood,e4460f24dc510ff3af8ea603ec04a6c9742eb5ab6532d1ae6942fed7337560ad,good_train,0,goodware,OposHost.exe,x86,plain,1,,sys:oposhost.exe,0
hostgood,f0a13377ded5d928a856f84f0f4de1e5b32ff9bda54bba18bc31346bcf6b138c,good_train,0,goodware,osbaseln.dll,x86,plain,1,,sys:osbaseln.dll,1
hostgood,7f8f9044b49587150996d1256825eafbf3638e919f417812219616b2faa168c1,good_train,0,goodware,OSProvider.dll,x86,plain,1,,sys:osprovider.dll,1
hostgood,4c59d2979a562dd18197669549e52ab993ab3bb776732ed5c3316d7579d2e2d6,good_train,0,goodware,PackagedCWALauncher.exe,x86,plain,1,,sys:packagedcwalauncher.exe,0
hostgood,fe8e047f14674f3f8cbcfe411110e8b1250381d5b6522e1e297074b157da1de5,good_train,0,goodware,panmap.dll,x86,plain,1,,sys:panmap.dll,1
hostgood,45e0b6b9d41e11fe7d2cb82fc46b811e1d2cf19d6f22543c76652d0292e48b17,good_train,0,goodware,PasswordOnWakeSettingFlyout.exe,x86,plain,1,,sys:passwordonwakesettingflyout.exe,0
hostgood,678a9f5494ac0909e92b41f06023cdcb2fc8822f683d30c83d373c7340123220,good_train,0,goodware,PATHPING.EXE,x86,plain,1,,sys:pathping.exe,0
hostgood,ef4c676e5728e10ca3dd03e0224a6db4b059cc253e77daae442bc16b19fde53b,good_train,0,goodware,PaymentMediatorServiceProxy.dll,x86,plain,1,,sys:paymentmediatorserviceproxy.dll,1
hostgood,52a6987de691c841457aee34c8d4c386a6a6a03f19f4daa0c86e49c3b497f7b2,good_train,0,goodware,pcaui.exe,x86,plain,1,,sys:pcaui.exe,0
hostgood,7f7df35fe4b07e4a18256513cb70d817770730dbaccbae294f1ab3da276b7bbe,good_train,0,goodware,PCPKsp.dll,x86,plain,1,,sys:pcpksp.dll,1
hostgood,50cedd09e896b714dd6976ae58c1325bb1a399a7178e2d47c7df16635b15c71a,good_train,0,goodware,pcwum.dll,x86,no_exec,0,no_exec,sys:pcwum.dll,1
hostgood,64b478c13a9d72ca3f37ee29757afa7dad8e71bc173c47e25f58a1d084cd0b6b,good_train,0,goodware,pdh.dll,x86,plain,1,,sys:pdh.dll,1
hostgood,bd8a2fd0c0e1f5f6b684f1a418cd0a84b6e06f016023b63dad712193c152bd02,good_train,0,goodware,pdhui.dll,x86,plain,1,,sys:pdhui.dll,1
hostgood,ab0aec9a404e42a1587165bab8ea25af98df630812ad5b9d7eb2f528ad963883,good_train,0,goodware,pdmproxy100.dll,x86,plain,1,,sys:pdmproxy100.dll,1
hostgood,1e3804fc237731282d05eb29c40aa32b8b932b84f71e08b6b3e8276077fe0661,good_train,0,goodware,PeopleAPIs.dll,x86,plain,1,,sys:peopleapis.dll,1
hostgood,0cce066ff09ab5b7bb70983a8372493d2353ec3c9772df968b80d58898a726bf,good_train,0,goodware,PerceptionSimulation.ProxyStubs.dll,x86,plain,1,,sys:perceptionsimulation.proxystubs.dll,1
hostgood,0de5204debfe3d2247d16181e7efb4be4c439036b9f618be9cb0124db7e982be,good_train,0,goodware,perfdisk.dll,x86,plain,1,,sys:perfdisk.dll,1
hostgood,d6b1f9a188ae0b0867a99e2b1bc70a4cb3d490874dbc779a06134009166d53a0,good_train,0,goodware,perfhost.exe,x86,plain,1,,sys:perfhost.exe,0
hostgood,e342811b0cfc1116af1c3ddd1cb3d164bc6c40a1b6cfe6b73a659b26a1f59edf,good_train,0,goodware,perfmon.exe,x86,plain,1,,sys:perfmon.exe,0
hostgood,277b9ef82ce76fe96ce3c99b9d227e10c547dc2c61e04f2a1b9a93c4bd8163e8,good_train,0,goodware,perfos.dll,x86,plain,1,,sys:perfos.dll,1
hostgood,feeb22b8685f63147785614c67f443f33cb67a42e0bbc9b37ccb3414384d8930,good_train,0,goodware,perfproc.dll,x86,plain,1,,sys:perfproc.dll,1
hostgood,04fd39ced2b5988bbca4dd9219e4b7fa8bb0a68ca4ab7f139d3716a1d77e2e85,good_train,0,goodware,perfts.dll,x86,plain,1,,sys:perfts.dll,1
hostgood,1c9b5ad44e221b2f7d4a2db3248bb2c54eef906be6f236f44a553547b37a1090,good_train,0,goodware,PhoneCallHistoryApis.dll,x86,plain,1,,sys:phonecallhistoryapis.dll,1
hostgood,1ac1709d2641c8a927ddafad01367387b1abad00535e2539e0f24efa6eafef89,good_train,0,goodware,PickerHost.exe,x86,plain,1,,sys:pickerhost.exe,0
hostgood,1af2cf44e95c0292df6726624242c79332bf32186ebe59d37e3065384652667e,good_train,0,goodware,PickerPlatform.dll,x86,plain,1,,sys:pickerplatform.dll,1
hostgood,79d8ed1e363b38b8612f02302ca088a4344acbe77496be0a798cc92f5f4dc7ec,good_train,0,goodware,PING.EXE,x86,plain,1,,sys:ping.exe,0
hostgood,1d6162c23f79dd78938a1f5a38dcd4055da83257a0d57a93c7113e96b032a333,good_train,0,goodware,PkgMgr.exe,x86,plain,1,,sys:pkgmgr.exe,0
hostgood,69078775ededc336d0ab209f676689632118e5577e11edb9f373db97bce14c02,good_train,0,goodware,playlistfolder.dll,x86,plain,1,,sys:playlistfolder.dll,1
hostgood,52b1078d9645d5d4430085a6aacc9f492a44ca765c46b6160ee5cc88614348d7,good_train,0,goodware,PlayToStatusProvider.dll,x86,plain,1,,sys:playtostatusprovider.dll,1
hostgood,39b0ee4a91caea76794316a9118bbb9b9eb25d2fffbdae3a5f8ec096de1f83e3,good_train,0,goodware,policymanager.dll,x86,plain,1,,sys:policymanager.dll,1
hostgood,648846b710e0e575870395e0d33cc74599744e7324af343bc0163501eee9e4fb,good_train,0,goodware,popkeycli.dll,x86,plain,1,,sys:popkeycli.dll,1
hostgood,f859a74aa12696744f3ff8680eff2d0625f97a809f2a169e2bb7cbf7bd157734,good_train,0,goodware,poqexec.exe,x86,plain,1,,sys:poqexec.exe,0
hostgood,64d2a15da25d1aa6090f5509f132a6e4d4f5b03390c613acbda9ff2b666743c7,good_train,0,goodware,PortableDeviceClassExtension.dll,x86,plain,1,,sys:portabledeviceclassextension.dll,1
hostgood,b5b6157b996f24828ae0763ffeddf81c72bd7da09a8bfbdcc155f4857df1c404,good_train,0,goodware,pots.dll,x86,plain,1,,sys:pots.dll,1
hostgood,2b0eca1487f6286c933170f34ed3ab051b13f0dbc474674814994accd472854a,good_train,0,goodware,powercfg.exe,x86,plain,1,,sys:powercfg.exe,0
hostgood,a5538789d76fa7e7d674b96d21092acaf3d37e5affebc2148a74dce1cb01f2ef,good_train,0,goodware,PresentationHost.exe,x86,plain,1,,sys:presentationhost.exe,0
hostgood,a2e8d0a6f827b7c950de44b00a1e9406541966378221a01b6d2a64409ba084ca,good_train,0,goodware,PresentationHostProxy.dll,x86,plain,1,,sys:presentationhostproxy.dll,1
hostgood,faf57868029b0baf56f369651459850a8cc2e8f5f9f85f928d66f1afeabc4ab6,good_train,0,goodware,prevhost.exe,x86,plain,1,,sys:prevhost.exe,0
hostgood,8c2e28f2ccf37676731c0a7286ed7d90344dfeff0b1d4d0b5c666b2decb8ad52,good_train,0,goodware,prflbmsg.dll,x86,no_exec,0,no_exec,sys:prflbmsg.dll,1
hostgood,b6f6f9f0a39939e3718bf0336f147f0335edd29bc7492c5b177c4493d8c37ce0,good_train,0,goodware,print.exe,x86,plain,1,,sys:print.exe,0
hostgood,33d3226a747168696d061e66a576fb486f9d912bd2a9d3fb27e8da4d09360718,good_train,0,goodware,Print.PrintSupport.Source.dll,x86,plain,1,,sys:print.printsupport.source.dll,1
hostgood,3b3b70785c7101d1bdb6ee55f7826ad288470436dcb35cea40d07036aa1b0493,good_train,0,goodware,PrintManagementProvider.dll,x86,plain,1,,sys:printmanagementprovider.dll,1
hostgood,4d03ba56c05461b1ac9c388c0ed115109fb4216592ef01dbd43b58321e1cf0e3,good_train,0,goodware,printui.exe,x86,plain,1,,sys:printui.exe,0
hostgood,1e7c4a13697637719583194a5c8cc8d2036d2f6895e9e1de7442639162b833df,good_train,0,goodware,PrintWorkflowService.dll,x86,plain,1,,sys:printworkflowservice.dll,1
hostgood,ebe4e8c4b0e5f45441f577ed9ef55edf9029e9e938d0df350285ec9f6966b83c,good_train,0,goodware,PrintWSDAHost.dll,x86,plain,1,,sys:printwsdahost.dll,1
hostgood,0796d1f333bbdffacc80de13eb270b7f47a4a240c7c92f498c1da70b4812a2e3,good_train,0,goodware,prncache.dll,x86,plain,1,,sys:prncache.dll,1
hostgood,b7447c8d750bce9bbb33471bd14e9a44b016d9f7cb8bf36da98d98092565e64b,good_train,0,goodware,profapi.dll,x86,plain,1,,sys:profapi.dll,1
hostgood,3234ba42ac68b498e67199219c4e0a021000b0e9beff11d2f677ccbea8c325c7,good_train,0,goodware,profext.dll,x86,plain,1,,sys:profext.dll,1
hostgood,4c1dc514ef3eb4fb07e8ca6f01d58c94a8fb6449d0422382d33b36110bffb232,good_train,0,goodware,propsys.dll,x86,plain,1,,sys:propsys.dll,1
hostgood,7f065e44f370dde88418023f4d82669a3ab2b1cfa8e30e765f64d1e9b1f7112c,good_train,0,goodware,proquota.exe,x86,plain,1,,sys:proquota.exe,0
hostgood,0a5f73ef16805bfcad0c75b7edb3e850420d884ef12da80aaa21f5ce028b4e0b,good_train,0,goodware,provlaunch.exe,x86,plain,1,,sys:provlaunch.exe,0
hostgood,0cebcd8aac5263e33cbb6b1f5750fb568c88bdabd4e0dda566c8778626c2a1bf,good_train,0,goodware,ProvProvider.dll,x86,plain,1,,sys:provprovider.dll,1
hostgood,a99cce667125bf1484ec732d055959aa7c7f2cb1b2f9c4387767d1634b317f4b,good_train,0,goodware,provthrd.dll,x86,plain,1,,sys:provthrd.dll,1
hostgood,f6abb287126438cd2fa13e35b4ddcebc7107379ff8f04818cf0d66e0ce8558b9,good_train,0,goodware,ProximityCommonPal.dll,x86,plain,1,,sys:proximitycommonpal.dll,1
hostgood,61be3c59a7af449527c4a84ae5299fc1a9205ce928b89e79e7fbf81066a66876,good_train,0,goodware,prvdmofcomp.dll,x86,plain,1,,sys:prvdmofcomp.dll,1
hostgood,41b8b8d9e5e5fe0e12a47bff902af2896576c85c12111b9fc31c1f4173651b43,good_train,0,goodware,psisdecd.dll,x86,plain,1,,sys:psisdecd.dll,1
hostgood,b0058b9e8dc5a467d57f1fb7477c92f07c481ffc162f245a9e55b7fbbd7d1122,good_train,0,goodware,psr.exe,x86,plain,1,,sys:psr.exe,0
hostgood,06320e274ca5f8670974842cc4b6ed5cbf2ea34b0509805c1b52df0b4210263c,good_train,0,goodware,puiobj.dll,x86,plain,1,,sys:puiobj.dll,1
hostgood,46725840bb4333a06bb7b772dae107f354b18bcf7a2e5fc55cc8c84c91fe4286,good_train,0,goodware,pwrshplugin.dll,x86,plain,1,,sys:pwrshplugin.dll,1
hostgood,489607e981efcf28aafeb06f41f738cd1e5cca58e3e8c98e14e555a65b66b867,good_train,0,goodware,pwrshsip.dll,x86,plain,1,,sys:pwrshsip.dll,1
hostgood,1462401fe49657872c026f4ceb7252565178482ea1462a3142e9181c273b0c27,good_train,0,goodware,qdv.dll,x86,plain,1,,sys:qdv.dll,1
hostgood,d3020b659e0a3abef94783163099317ded00e8761543e8013548453b735e79fb,good_train,0,goodware,quartz.dll,x86,plain,1,,sys:quartz.dll,1
hostgood,1629394558e27626aa3710d37c9a1f60a3a9d4f18b7d1c4e4738475c6ef40b65,good_train,0,goodware,RacEngn.dll,x86,plain,1,,sys:racengn.dll,1
hostgood,e383af6b5051a612a792ae88c4195cc22f8700f0e5ae8bdaba51f6600b0af740,good_train,0,goodware,RADCUI.dll,x86,plain,1,,sys:radcui.dll,1
hostgood,c30be806454a84ec046289ff4b18e66c2585e7e1029c1f0ae82da3c297bba921,good_train,0,goodware,Rapidfire.dll,x86,plain,1,,sys:rapidfire.dll,1
hostgood,bad0402ec19dd0dc9b5062a5ca277cb5850cb1b89beec70cae286e2815e624d8,good_train,0,goodware,rasapi32.dll,x86,plain,1,,sys:rasapi32.dll,1
hostgood,68165265cc86e3f5d93aa3b6112bed963b57bb353755104facc5c42bbb319816,good_train,0,goodware,rasautou.exe,x86,plain,1,,sys:rasautou.exe,0
hostgood,6342396c0473687ecf3cfb675aa0e4928183a91b753f692aebc22edec38fea77,good_train,0,goodware,raschapext.dll,x86,plain,1,,sys:raschapext.dll,1
hostgood,399e9f4844da3cdfcbd98c64e8aed00b3e9a17b3676d34d65a57d69f1d6ed2f5,good_train,0,goodware,rasctrs.dll,x86,plain,1,,sys:rasctrs.dll,1
hostgood,ca1d9bcbba17340b4e511d13c766d751b25f5adcadfdc59c228b3ad6591420fd,good_train,0,goodware,rasdial.exe,x86,plain,1,,sys:rasdial.exe,0
hostgood,ad49c165fcc5ddc392379d80f5480364cf369e87cab09374af1b4f315e3b0f9a,good_train,0,goodware,raserver.exe,x86,plain,1,,sys:raserver.exe,0
hostgood,f00ea344e6516a74af473d441776962393e36934176375a1d01ac6f067e5d3b4,good_train,0,goodware,rasphone.exe,x86,plain,1,,sys:rasphone.exe,0
hostgood,c626fc1d08bf761fba2550a50e8d88cfe01cf077213ee6cbe4dadb2f7bbc9a1b,good_train,0,goodware,rasppp.dll,x86,plain,1,,sys:rasppp.dll,1
hostgood,d9a196224e28cbc29ec76d87434afd2fe025386fe768891b33cf0505f1b0f4e6,good_train,0,goodware,RdpSa.exe,x86,plain,1,,sys:rdpsa.exe,0
hostgood,6bc6389d64d39a3fc11dbfd226de9c51531f75e061795264de0c43892fc44cb5,good_train,0,goodware,RdpSaProxy.exe,x86,plain,1,,sys:rdpsaproxy.exe,0
hostgood,f2dede42c6458603e876c34524b26f520200c3222f96db0ac790a9dad225431c,good_train,0,goodware,RdpSaUacHelper.exe,x86,plain,1,,sys:rdpsauachelper.exe,0
hostgood,87892d1b7942843bc244a399a6a1a3cbce19f4d2559937678add2db861569639,good_train,0,goodware,rdpserverbase.dll,x86,plain,1,,sys:rdpserverbase.dll,1
hostgood,a58745fd02661fa13b0ce611c864b217d86596709c2733ffc6998573fc91cd7f,good_train,0,goodware,RdpShellExecuteRedirector.dll,x86,plain,1,,sys:rdpshellexecuteredirector.dll,1
hostgood,c3087d799c97a2b81bbd22438c56c3329c7c2fbe14cb29097cd64122957b7f3a,good_train,0,goodware,rdpviewerax.dll,x86,plain,1,,sys:rdpviewerax.dll,1
hostgood,0904ae5d9a9093c5d6eb41ad60edcb8df8d4d6032306caf42a8a8340911af382,good_train,0,goodware,rdrleakdiag.exe,x86,plain,1,,sys:rdrleakdiag.exe,0
hostgood,126318b43f0a62f359361456122e8765ae30812c18f446fbda39916dd40eacfb,good_train,0,goodware,rdvvmtransport.dll,x86,plain,1,,sys:rdvvmtransport.dll,1
hostgood,383ca629d0bff1c1e61753bd0170f8e9ba6b7667e2de0cb5d838d1b940b2763d,good_train,0,goodware,ReAgentc.exe,x86,plain,1,,sys:reagentc.exe,0
hostgood,748f40c3f11e63f23b3a9ff995de7d08915e4df7258e075b63c2f340b75f7e2a,good_train,0,goodware,recover.exe,x86,plain,1,,sys:recover.exe,0
hostgood,91b607a875e9e2798adf4709d020e4694fa01a89c52ada9b2aa828c477c37a6b,good_train,0,goodware,reg.exe,x86,plain,1,,sys:reg.exe,0
hostgood,9be11c1009765793c6711ea5912a1f5e7d9b142aee0689db18265aab1102cdb4,good_train,0,goodware,RegCtrl.dll,x86,plain,1,,sys:regctrl.dll,1
hostgood,d4d50b34b8a53a7c38929e7b3636a1a5ffd6ed76bd83eff5c17a9072192aeca2,good_train,0,goodware,regedit.exe,x86,plain,1,,sys:regedit.exe,0
hostgood,7738177a27de32f7840223a2536ccfc1f3a28f6379a4d1412208fbe7539f49d6,good_train,0,goodware,regedt32.exe,x86,plain,1,,sys:regedt32.exe,0
hostgood,c057a07766e6972249af5713ee1adedbceef8bc3ba20d3a12f685af4cf4a0c2a,good_train,0,goodware,regini.exe,x86,plain,1,,sys:regini.exe,0
hostgood,1b1bb4f05a7e83576d14d7a910115292ea9a739919d3b5bd9d5472da091feddf,good_train,0,goodware,Register-CimProvider.exe,x86,plain,1,,sys:register-cimprovider.exe,0
hostgood,4f4d821b01138b3d1fb43bb812809ec1062cf3af440fa770670d4eeefe4d90c9,good_train,0,goodware,regsvr32.exe,x86,plain,1,,sys:regsvr32.exe,0
hostgood,a025e04df99d73a0909cea8febc46777b28235b1aaef723aaa0adfe96b3b2c0d,good_train,0,goodware,reguwpapi.dll,x86,plain,1,,sys:reguwpapi.dll,1
hostgood,4c51ca65a272f43f6232e316fb32e4cd15deea7bb118b342b7501ad994d67e6b,good_train,0,goodware,ReInfo.dll,x86,plain,1,,sys:reinfo.dll,1
hostgood,eed939393906c4db58315d7e17ee044a46b265aada77b329c863d85a5598c41a,good_train,0,goodware,rekeywiz.exe,x86,plain,1,,sys:rekeywiz.exe,0
hostgood,a41c5dc3a3f545e988039522bb355f0f0633ee6c8b128dbdf67b47874340ecd0,good_train,0,goodware,relog.exe,x86,plain,1,,sys:relog.exe,0
hostgood,54cfea85d102101e5df03247964fb418d1f03d19e242617050fc2bbab627d37d,good_train,0,goodware,remoteaudioendpoint.dll,x86,plain,1,,sys:remoteaudioendpoint.dll,1
hostgood,f6db51fa56cb6b5d7227c40e2f7cb0ef2cb5876a3ea2f528b8ceae2f92003718,good_train,0,goodware,RemoveDeviceElevated.dll,x86,plain,1,,sys:removedeviceelevated.dll,1
hostgood,6686d1a489fb245dddb2b49a067f44caada56ed0ceaf66192b9b2419b8486a50,good_train,0,goodware,replace.exe,x86,plain,1,,sys:replace.exe,0
hostgood,fdebc6e25d6e7bbef549c100aa81483bb8e4a2cbc76c70181a1368e79ce4345d,good_train,0,goodware,resmon.exe,x86,plain,1,,sys:resmon.exe,0
hostgood,1c5e63b5d79a4447aed00aaf749f30a686bdac4ade7c4baa910c2ac021b17bfa,good_train,0,goodware,ResourcePolicyClient.dll,x86,plain,1,,sys:resourcepolicyclient.dll,1
hostgood,90dcf26a5713f9f3c39034232864fa7083fe493bb222940f7c0e7d29b3924e5e,good_train,0,goodware,resutils.dll,x86,plain,1,,sys:resutils.dll,1
hostgood,bf26a2649529ecc5b36ffe281d1c21b6a7d2fccb7f6ef005da37f8c6447d1f43,good_train,0,goodware,riched32.dll,x86,plain,1,,sys:riched32.dll,1
hostgood,089509b99abf743c2553d15db963caf73aab03103fa613ccdd2c86c8bc015a92,good_train,0,goodware,RMActivate.exe,x86,plain,1,,sys:rmactivate.exe,0
hostgood,c7154aa751bf09eea9c9682c0881c050bee79a02a030667821edc39d6b803155,good_train,0,goodware,RMActivate_isv.exe,x86,plain,1,,sys:rmactivate_isv.exe,0
hostgood,832bbb5c83ee9cf00db93e9f3bdf4e390226a3201a08ea55013cefa09c925667,good_train,0,goodware,RMActivate_ssp.exe,x86,plain,1,,sys:rmactivate_ssp.exe,0
hostgood,4bd935e81b19b1e131761f907109abc2bd272d3a877b1496e1a8c17da38b1149,good_train,0,goodware,RMActivate_ssp_isv.exe,x86,plain,1,,sys:rmactivate_ssp_isv.exe,0
hostgood,c8f143f406ebf36cab8ee79934aa74b01f1dd252415a757fa3e18fdd346be420,good_train,0,goodware,rmclient.dll,x86,plain,1,,sys:rmclient.dll,1
hostgood,f562694bd40378c102906572108ae9cc6441e51e75c1185bd450fe9adc7f77d0,good_train,0,goodware,RmClient.exe,x86,plain,1,,sys:rmclient.exe,0
hostgood,95500fe176ab5dad2eb1015c331f34a691d93233683c0db576a440d6f16c5150,good_train,0,goodware,Robocopy.exe,x86,plain,1,,sys:robocopy.exe,0
hostgood,cef75db74d6c302b99e3a1b4995910a31ea977a90b3a7e5a34129b0b7d5f5776,good_train,0,goodware,rometadata.dll,x86,plain,1,,sys:rometadata.dll,1
hostgood,a460078cc5e92a3d7ead574e86ca918d47024342fffc0045ce7c7630b7e2c3b0,good_train,0,goodware,ROUTE.EXE,x86,plain,1,,sys:route.exe,0
hostgood,005032cbc39e610b3e2e99239bc685279ddc806a97318f05fbe749c3c071095c,good_train,0,goodware,rpchttp.dll,x86,plain,1,,sys:rpchttp.dll,1
hostgood,53d329298562d9e7c53bb0e03c6f447447ffdd89df8b77b6a01ee7d05fe757b6,good_train,0,goodware,RpcPing.exe,x86,plain,1,,sys:rpcping.exe,0
hostgood,6e3f4e700f03dc415d0a52ffdaac0ce3dfe80a42cd5e27dd304ccc11afea11d8,good_train,0,goodware,rpcrt4.dll,x86,plain,1,,sys:rpcrt4.dll,1
hostgood,bafd5474eaebb124ab1c102fcae0befa8a1657de6704e4e5cfe579cc57bf1a43,good_train,0,goodware,rrinstaller.exe,x86,plain,1,,sys:rrinstaller.exe,0
hostgood,69d5c8e2115388835b5ae3a8a9051ba57c3144c1bb060edb5b5adb69a9755b03,good_train,0,goodware,RstrtMgr.dll,x86,plain,1,,sys:rstrtmgr.dll,1
hostgood,1e9f5b12a765d7b5d626c29c512a9e35ee55e96379fc1cd904a1cde501cb77be,good_train,0,goodware,rtm.dll,x86,plain,1,,sys:rtm.dll,1
hostgood,26de7de22abbdf798d80494497b8f43e497806b2927d78b778cec3caeb1b5bbd,good_train,0,goodware,RTMediaFrame.dll,x86,plain,1,,sys:rtmediaframe.dll,1
hostgood,69b70f6270c3007aae06bc22d184b68979d556ca61b15d8ae963ef18580f1cbe,good_train,0,goodware,runas.exe,x86,plain,1,,sys:runas.exe,0
hostgood,9fdcf5fe7c67fd516e85cda5d62bb9bb20742a812a28ef32b64ff70123f2dc25,good_train,0,goodware,rundll32.exe,x86,plain,1,,sys:rundll32.exe,0
hostgood,cec6a1bbb792bcc3e4f70ed97012fbe54bb9d97f1d9004e619f9df15c4da2178,good_train,0,goodware,RunLegacyCPLElevated.exe,x86,plain,1,,sys:runlegacycplelevated.exe,0
hostgood,d2fb6ef823b84f78419a9db0a52d4fa96265fe46efd62bfb0b0860d002499dc7,good_train,0,goodware,runonce.exe,x86,plain,1,,sys:runonce.exe,0
hostgood,f598dbbdd2f2480ac1c146c9cd39960bbae82fb114e5d396cea058e8ce981e76,good_train,0,goodware,sas.dll,x86,plain,1,,sys:sas.dll,1
hostgood,d0ff0cb1f3667e1860bfb9e3b47c03346387110e4423ae6c849bc96076657e98,good_train,0,goodware,sberes.dll,x86,no_exec,0,no_exec,sys:sberes.dll,1
hostgood,42167403ed27f1f61e02a6a73dad01a66093283943e59d59174608f20572897b,good_train,0,goodware,sc.exe,x86,plain,1,,sys:sc.exe,0
hostgood,fea5e7afb61ed34430359a71a9d128127034acf2aa18c744bf6981190a35f074,good_train,0,goodware,scansetting.dll,x86,plain,1,,sys:scansetting.dll,1
hostgood,4f34dc80ca25a8f849634d8117f16727ff31df2bff90225c9d1d6f393292e60d,good_train,0,goodware,SCardDlg.dll,x86,plain,1,,sys:scarddlg.dll,1
hostgood,e8532c1a5231d467f7e8c1b8847fa0bdefdb735ac69dc9bc9632c89260670457,good_train,0,goodware,scecli.dll,x86,plain,1,,sys:scecli.dll,1
hostgood,67307ece6d96fd2d2516449e508cbe626c2b29a1a2b287ed4f152c73811fbc7a,good_train,0,goodware,schedprov.dll,x86,plain,1,,sys:schedprov.dll,1
hostgood,1ded7f9ffa6a526b471716f511fd6ac696bd2d4479cab209e414d7e31e016cce,good_train,0,goodware,schtasks.exe,x86,plain,1,,sys:schtasks.exe,0
hostgood,c3c80b36147c6dc45bdc8decb9acbc2b17d2243227eb0807d12bcfcf2b626eb0,good_train,0,goodware,scksp.dll,x86,plain,1,,sys:scksp.dll,1
hostgood,2ebd375248e90227f8db0aa00a1160a657dc3b69da04cad989d6b1987bc503f6,good_train,0,goodware,scrobj.dll,x86,plain,1,,sys:scrobj.dll,1
hostgood,a4eff3bb95380368021e111ca64bb87511cb346a91753d7ba9fad2e7685fa809,good_train,0,goodware,scrrun.dll,x86,plain,1,,sys:scrrun.dll,1
hostgood,a5d43b37124989334e300d8c4fe34499444b5ac2c19fb451a80e020cd5490ae8,good_train,0,goodware,sdbinst.exe,x86,plain,1,,sys:sdbinst.exe,0
hostgood,07d4b0069949828d0490ca5ed578bcf56ec3dcedd3caf81195f85fa25e334f43,good_train,0,goodware,sdchange.exe,x86,plain,1,,sys:sdchange.exe,0
hostgood,a6e9c3f8a8bcff5eb613812869624d32bcf4f3fd3f8a9402b4d418191f5018f1,good_train,0,goodware,sdiagnhost.exe,x86,plain,1,,sys:sdiagnhost.exe,0
hostgood,5076f753752b2710e3badd1eaaa98e3d45572d7cfbd82be400ad6db592b6158e,good_train,0,goodware,Search.ProtocolHandler.MAPI2.dll,x86,plain,1,,sys:search.protocolhandler.mapi2.dll,1
hostgood,c4136e9533844c3dc0738cd90f6db0780db88fa0b7ea4f9864846ef5bb9161e2,good_train,0,goodware,SearchFilterHost.exe,x86,plain,1,,sys:searchfilterhost.exe,0
hostgood,7610b24adca6220ee3a4a488733bb21bf0a953c129dc30d908fcc40044c33c91,good_train,0,goodware,SearchIndexer.exe,x86,plain,1,,sys:searchindexer.exe,0
hostgood,a4860d7cbfff59d586fedea532cc8ed4f1b1e5e1e293fc3d50a80e4154aab96c,good_train,0,goodware,SearchProtocolHost.exe,x86,plain,1,,sys:searchprotocolhost.exe,0
hostgood,4cdf95ef7bec023fed416ea34905055132374407d565bf242b69159352ad546f,good_train,0,goodware,SecEdit.exe,x86,plain,1,,sys:secedit.exe,0
hostgood,edf6b8a5c65a4b46591041c2b7ad1a2809d07cb56eed471b63e4ce1c9cc2953c,good_train,0,goodware,secproc_isv.dll,x86,plain,1,,sys:secproc_isv.dll,1
hostgood,201c3f325b4dd11d69c35becbe5fc058d51e1165077107424c84aba688e11215,good_train,0,goodware,secproc_ssp_isv.dll,x86,plain,1,,sys:secproc_ssp_isv.dll,1
hostgood,74b2cd35d050c2ae3ef47a5ea7c462338b22efc5e6f5aeec680eca83d7a634c4,good_train,0,goodware,secur32.dll,x86,plain,1,,sys:secur32.dll,1
hostgood,9ab21ba6fb63a6a042b31218ac5dd894e504b87c659151db912610df563cfe13,good_train,0,goodware,SensorsNativeApi.dll,x86,plain,1,,sys:sensorsnativeapi.dll,1
hostgood,88b7506c8daa344d0eea688cf70ccf79743c92de78f97ba8344c34092f437a05,good_train,0,goodware,serialui.dll,x86,plain,1,,sys:serialui.dll,1
hostgood,3fb4c57ca91896e6a5e693616f7249ac4dc44073a856e433e61ce2a04093d993,good_train,0,goodware,serwvdrv.dll,x86,plain,1,,sys:serwvdrv.dll,1
hostgood,b74aaba98797547e71a3ff5a84a65301d3c45ed3d253a46b2a678cbc12af6dc5,good_train,0,goodware,SessEnv.dll,x86,plain,1,,sys:sessenv.dll,1
hostgood,5ba0349a72e857d77fba014303433d355242348ec707c702f8cefa2c6cca5239,good_train,0,goodware,sethc.exe,x86,plain,1,,sys:sethc.exe,0
hostgood,91eee74bb65b4d852371dea4022aabc645ea24f76f5f1e9de296f9eb4278226d,good_train,0,goodware,SettingSyncDownloadHelper.dll,x86,plain,1,,sys:settingsyncdownloadhelper.dll,1
hostgood,a7edb1f8d8768786c070fca1a0b1c6e95d1721d2acf06bb2810bc55e4852b606,good_train,0,goodware,setup.exe,x86,plain,1,,sys:setup.exe,0
hostgood,f81343ae00b44e14a919173ba0cb73ffd25144845b34cfc8b362e27a567cc160,good_train,0,goodware,setup16.exe,x86,plain,1,,sys:setup16.exe,0
hostgood,39b3da6d10dd33e3be52ef1b6e6b064be3f2d9ee03d7eeb24cd7806605c64b9c,good_train,0,goodware,setupapi.dll,x86,plain,1,,sys:setupapi.dll,1
hostgood,738e98d7f1e7aabd849f43563633f4c8edfd2ba1199950a795c6028ddd83ef63,good_train,0,goodware,SetupPlatformProvider.dll,x86,plain,1,,sys:setupplatformprovider.dll,1
hostgood,4855b8f014dfc3d2a8b01622ffa0f98b792d44b9446a7e264a8a39ccfcce0e57,good_train,0,goodware,setupugc.exe,x86,plain,1,,sys:setupugc.exe,0
hostgood,8d46eb608912578ee35039a2fc2903cd8a2d785901e44e3cc40f551464203fd2,good_train,0,goodware,setx.exe,x86,plain,1,,sys:setx.exe,0
hostgood,93eb71716830687e33b478b1691378fe2ac9c35d69d9b26eaa65d102486d5143,good_train,0,goodware,sfc.exe,x86,plain,1,,sys:sfc.exe,0
hostgood,e363a0b92690c9cdf82fa9e915c04680077acd0be3c55baf9d82329f0bced633,good_train,0,goodware,ShareHost.dll,x86,plain,1,,sys:sharehost.dll,1
hostgood,6b5db294c55eb62f6dc0e038b858a60b90a80a5e2933d49e8b512b1491267225,good_train,0,goodware,SHCore.dll,x86,plain,1,,sys:shcore.dll,1
hostgood,1d79d4611f64bb78c10a4688377cddd2e93b6dd12437c537f11d3d763772dea0,good_train,0,goodware,shell32.dll,x86,plain,1,,sys:shell32.dll,1
hostgood,0d0bb3662ab24e8ebd8128cb8543b654b2611f1b3c965742b59b50ee6f925039,good_train,0,goodware,shellstyle.dll,x86,no_exec,0,no_exec,sys:shellstyle.dll,1
hostgood,f9b6ace5a7cf453afcbef19381b6426b253c8f8e1dde074b3580373b1a9d6ff6,good_train,0,goodware,shfolder.dll,x86,plain,1,,sys:shfolder.dll,1
hostgood,184748cce799bcf03100775e6a93288be314161d290cf27cc96a4fb0dbb45528,good_train,0,goodware,shlwapi.dll,x86,plain,1,,sys:shlwapi.dll,1
hostgood,33ad220adb55af7b807ba662e786f269464f09009281059b8c73e82c6b7a986f,good_train,0,goodware,shmig.dll,x86,plain,1,,sys:shmig.dll,1
hostgood,cc28f7d55d9ab66a744b8aeea3871114d302a749564243b3b7b387183dea252a,good_train,0,goodware,shpafact.dll,x86,plain,1,,sys:shpafact.dll,1
hostgood,51f8d936fbda8408b9d04a591f3d8a6ca6663b38d5c60a8ee6a232a847f804ff,good_train,0,goodware,shrpubw.exe,x86,plain,1,,sys:shrpubw.exe,0
hostgood,c2570eb87907127a5a3537ba58cd9044f1453e478d2e23274f9d338b13a736ad,good_train,0,goodware,shutdown.exe,x86,plain,1,,sys:shutdown.exe,0
hostgood,fb32bcb9d94c474b6543a1271576bfcc214cb78c98192409c359bf3119b95560,good_train,0,goodware,shutdownext.dll,x86,plain,1,,sys:shutdownext.dll,1
hostgood,038daa22c348db0b73a9c8b05bc69404828a535588fc362f258dd8b6cd07270b,good_train,0,goodware,shwebsvc.dll,x86,plain,1,,sys:shwebsvc.dll,1
hostgood,e38d2cb6e20ea205f7a825c6662ae404f1933fcfc435f1a6c85f8424171e3db9,good_train,0,goodware,smartscreen.dll,x86,plain,1,,sys:smartscreen.dll,1
hostgood,9e63fb79e134ffc23cc411a30f1f9a3039c4dcacfad30d00ffaca5e70fa4b7d8,good_train,0,goodware,smphost.dll,x86,plain,1,,sys:smphost.dll,1
hostgood,cce1ab52440f43f493f7875e78998932181532dd21e7ce6b12bc9eda86a361d8,good_train,0,goodware,SndVol.exe,x86,plain,1,,sys:sndvol.exe,0
hostgood,7026d883436282b9a80efdc2b93b59ecd9b48ae066aa24ce4d8c7ce320adffbc,good_train,0,goodware,socialapis.dll,x86,plain,1,,sys:socialapis.dll,1
hostgood,343d61717a8dbcb94fa8143f37a4d0b60105938c8ac280474c065014c8ca4b64,good_train,0,goodware,softpub.dll,x86,plain,1,,sys:softpub.dll,1
hostgood,8b1128e18107ce39e27a90669dc33e538485fb02f5d39877b184c5f2e60b2298,good_train,0,goodware,sort.exe,x86,plain,1,,sys:sort.exe,0
hostgood,f7538e48594353ae92bfd6736f9218beb54981619e4bf24dcc79432bf98ba42f,good_train,0,goodware,SortServer2003Compat.dll,x86,plain,1,,sys:sortserver2003compat.dll,1
hostgood,1989ffd57df65933791fb7c64ae3315577f7a3a20713a231f7b753472b7040d3,good_train,0,goodware,SortWindows61.dll,x86,plain,1,,sys:sortwindows61.dll,1
hostgood,1b5e5bddd8b294a3f985c292367aecb1c0e41a4dfe9fb6faab80a6aeb44dce2f,good_train,0,goodware,SpatialAudioLicenseSrv.exe,x86,plain,1,,sys:spatialaudiolicensesrv.exe,0
hostgood,29babc3adb47cb52de006414bed6cbb2e0f17ea4dd9a1d5a40bc818c7de7f698,good_train,0,goodware,spbcd.dll,x86,plain,1,,sys:spbcd.dll,1
hostgood,6d5d0faedc97c2884d0d7249372bebaf620e94e4bff1f394296d0b9576abd0be,good_train,0,goodware,spinf.dll,x86,plain,1,,sys:spinf.dll,1
hostgood,8079b214c948997c17fed25421e13553a17b8551166537b89050aa05c7efa899,good_train,0,goodware,spnet.dll,x86,plain,1,,sys:spnet.dll,1
hostgood,0995a8303676a195b0ffcaa0ab7f52096fbcd927768636c99011932ddecb6946,good_train,0,goodware,spopk.dll,x86,plain,1,,sys:spopk.dll,1
hostgood,eda1c19af522195d264c53358a3a0bfc9757ab2c04265372133f925fce12a57a,good_train,0,goodware,sppcext.dll,x86,plain,1,,sys:sppcext.dll,1
hostgood,12edba3bb21a846db6d7afd2c395bb49501272d517f007fa21f0254866aa5039,good_train,0,goodware,srclient.dll,x86,plain,1,,sys:srclient.dll,1
hostgood,52d697336e86e9063d82edca959c7a322eb121a27d2f4091375deb1690b3706e,good_train,0,goodware,srdelayed.exe,x86,plain,1,,sys:srdelayed.exe,0
hostgood,481a5b48494634442d491cd18b219a4957fb66aef1a82bdb80a7fd29e58b3c43,good_train,0,goodware,srumsvc.dll,x86,plain,1,,sys:srumsvc.dll,1
hostgood,95a425ece7e073e3d0e67e4758af879c3f7b126747dbe40aab26e53cd47b20dd,good_train,0,goodware,sscore.dll,x86,plain,1,,sys:sscore.dll,1
hostgood,f2ebf2d91860fa17e4bfb150fc91fe69a729bd0ee81371c3c4bd80b4d8804a05,good_train,0,goodware,ssdpapi.dll,x86,plain,1,,sys:ssdpapi.dll,1
hostgood,730e5f5f85af00e49a54403fb630c8337ce9f516434fa6b674167d3f87e4066f,good_train,0,goodware,sspicli.dll,x86,plain,1,,sys:sspicli.dll,1
hostgood,ed5ede3ddbb05b0d3f8677ce976db412ab95d3c6aefb88f00dd331c5f656126c,good_train,0,goodware,SSShim.dll,x86,plain,1,,sys:ssshim.dll,1
hostgood,7a71ed32ac8ded6535552a93450839d9605de772fc92bc3a5dbf446e31be3cc1,good_train,0,goodware,Startupscan.dll,x86,plain,1,,sys:startupscan.dll,1
hostgood,a3f9b6a06820d0f8b1bae0e711fac5b379da1ba08ece8b1ccd96c0cf9a1d7fe4,good_train,0,goodware,StateRepository.Core.dll,x86,plain,1,,sys:staterepository.core.dll,1
hostgood,1eb688a45b978c0c15a6006c4036d31b41fb4bc7fdb14da113453018a980e4e6,good_train,0,goodware,sti.dll,x86,plain,1,,sys:sti.dll,1
hostgood,a94febe60f9e199e811913829faa1863a4c5eece0548930ca4603516ffc4e685,good_train,0,goodware,StorageContextHandler.dll,x86,plain,1,,sys:storagecontexthandler.dll,1
hostgood,94feef552f52e7e4b331ec662b62913d7a0c97f6d31e369e94cbd6055dd18d67,good_train,0,goodware,stordiag.exe,x86,plain,1,,sys:stordiag.exe,0
hostgood,bd63cc290a8a407721953008c8a3c438f2839fc3227a22f48959d51fb2b49412,good_train,0,goodware,subst.exe,x86,plain,1,,sys:subst.exe,0
hostgood,e6becaee8dbfe2e3da48a57ca4291399e737798ea2d548a037a3d07c6d657bed,good_train,0,goodware,sud.dll,x86,plain,1,,sys:sud.dll,1
hostgood,3abd5dca193d98004cd585301bd6fe0107075f027a69e170cd8e137a4b318779,good_train,0,goodware,svchost.exe,x86,plain,1,,sys:svchost.exe,0
hostgood,81bb76edbe098deace76c8ec75fb6bff71aca9553d250bc74024a5ac73b19538,good_train,0,goodware,sxs.dll,x86,plain,1,,sys:sxs.dll,1
hostgood,4a34fe78aaebd5b9bdf7e982b5b342c7f6a37573c8395b3df474e80a47f2d78d,good_train,0,goodware,sxshared.dll,x86,plain,1,,sys:sxshared.dll,1
hostgood,383aebf95b0153176b92b7d9c6b8e58bac3f91844260fa4089f8ba4c2b3bb899,good_train,0,goodware,SxsMigPlugin.dll,x86,plain,1,,sys:sxsmigplugin.dll,1
hostgood,86a0a0ec8ec9d22d02cc508cee3fa1fcbf8f6c59cca175cc3ae5017f121645c9,good_train,0,goodware,sxstrace.exe,x86,plain,1,,sys:sxstrace.exe,0
hostgood,d2362649045369f0df089f1988ef70601ad612d72655238a393c07998f9f409a,good_train,0,goodware,SyncController.dll,x86,plain,1,,sys:synccontroller.dll,1
hostgood,cac9fdc6553d22bf284a6660980c9459fb88e73b5aeccf0939de67d20c1436ca,good_train,0,goodware,SyncHost.exe,x86,plain,1,,sys:synchost.exe,0
hostgood,c57024175607454fa421a588b382b371d6a8ae85c33567107b3a1b74b3749c62,good_train,0,goodware,SyncProxy.dll,x86,plain,1,,sys:syncproxy.dll,1
hostgood,6a21a50040859b2ccff3331e63f7d19df79fe4d5e2cd4349d40d4521c9ad872d,good_train,0,goodware,SyncRes.dll,x86,no_exec,0,no_exec,sys:syncres.dll,1
hostgood,1d9eb3d3f7fce349377d134944019adea30b5a82c098e6000f7a893c94428a8f,good_train,0,goodware,syncutil.dll,x86,plain,1,,sys:syncutil.dll,1
hostgood,085245e19311602eaf252b683ad3a5e03eac37a9381fb56e316a1000abd90996,good_train,0,goodware,systemcpl.dll,x86,plain,1,,sys:systemcpl.dll,1
hostgood,389d6d810ad2804e2652bc36142697324692f54d47b7b9338649f763d821791d,good_train,0,goodware,systeminfo.exe,x86,plain,1,,sys:systeminfo.exe,0
hostgood,93f6f5f5c8df30fcb342a33809f1c0d7f10cf8124ed8b79a6292ada236fbbe5f,good_train,0,goodware,SystemPropertiesAdvanced.exe,x86,plain,1,,sys:systempropertiesadvanced.exe,0
hostgood,445aab2eb325476ae64d43989aff0ffc1fca1c1784070fe9baefef97bee3574e,good_train,0,goodware,SystemPropertiesComputerName.exe,x86,plain,1,,sys:systempropertiescomputername.exe,0
hostgood,9d738a529dc630583b449c1daa4e48a132be00428b6df6687dc7e56df106d6f7,good_train,0,goodware,SystemPropertiesDataExecutionPrevention.exe,x86,plain,1,,sys:systempropertiesdataexecutionprevention.exe,0
hostgood,deebdbaca8eb0115e853275ade9cc39d64c7c483e2dcb1d5c316754ff4fdf3ba,good_train,0,goodware,SystemPropertiesHardware.exe,x86,plain,1,,sys:systempropertieshardware.exe,0
hostgood,ed1a76b3f289f76cb2ded261f9448fc5e334bd25e8bf1b5bdbb044decf899931,good_train,0,goodware,SystemPropertiesPerformance.exe,x86,plain,1,,sys:systempropertiesperformance.exe,0
hostgood,098e9ae9b2094c0191ecf09f384b67e99bab1f86714f557632313bf04d82919f,good_train,0,goodware,SystemPropertiesProtection.exe,x86,plain,1,,sys:systempropertiesprotection.exe,0
hostgood,9454eb34909ebc72b9906bc24878e30e2d7ec08a7719bd4eb0eab9b049399249,good_train,0,goodware,SystemPropertiesRemote.exe,x86,plain,1,,sys:systempropertiesremote.exe,0
hostgood,334d2f3476089ffe334415187b68f80eee82030add5dc3cbfdfa26b7aff629e0,good_train,0,goodware,SystemUWPLauncher.exe,x86,plain,1,,sys:systemuwplauncher.exe,0
hostgood,b210f2a6c3efaf9d193382f34932d6093b53abab1ea6693034398cf85fd64b3e,good_train,0,goodware,systray.exe,x86,plain,1,,sys:systray.exe,0
hostgood,182479f3c4f75b00bd4ec4b2e044e7233706659290d9e0ece512431561c4ea33,good_train,0,goodware,takeown.exe,x86,plain,1,,sys:takeown.exe,0
hostgood,388b145ffbbecc2bc1e857b4975afc6039b996d36a791d28f8267a4a8166ec0d,good_train,0,goodware,tapi3.dll,x86,plain,1,,sys:tapi3.dll,1
hostgood,caa1365d0b2f25107ce34239998a99585756d1645de6a38c10862d77cc326b63,good_train,0,goodware,tapiperf.dll,x86,plain,1,,sys:tapiperf.dll,1
hostgood,667ac50f9ddd8ce15f7fe747ed69dfcf26c15eb4766f435eac5d52f841328076,good_train,0,goodware,tapisrv.dll,x86,plain,1,,sys:tapisrv.dll,1
hostgood,5b577cef15212c36148716fa4804c3175d9f5299485eaad836c65c89f8f8145f,good_train,0,goodware,TapiSysprep.dll,x86,plain,1,,sys:tapisysprep.dll,1
hostgood,9a349d8cc68f0b4f8d1bbe521e0cd3758c094f3446ef2f353289bfacd5533f39,good_train,0,goodware,tapiui.dll,x86,no_exec,0,no_exec,sys:tapiui.dll,1
hostgood,3cf5d70fea57e7ce0365d99801d55caf930ef38115aafda4eab207fc06cf0c55,good_train,0,goodware,TapiUnattend.exe,x86,plain,1,,sys:tapiunattend.exe,0
hostgood,0a2d1cad18ad1e56f184acb0d5f262ec3f0c8bd8be3842fcba90f20c73d2c0e5,good_train,0,goodware,tar.exe,x86,plain,1,,sys:tar.exe,0
hostgood,5ae5e3117107b1e62d1e768cae9dcd08af243d932cc3edc4b56c50fb3bb8ef26,good_train,0,goodware,taskcomp.dll,x86,plain,1,,sys:taskcomp.dll,1
hostgood,806fcd3ba14d4d7d9c5c0e4eb6cb75cf87d6ef2f8593f379ca3617de3715209c,good_train,0,goodware,taskkill.exe,x86,plain,1,,sys:taskkill.exe,0
hostgood,65a6b0690e2abee081a62bd9afc5afb78f8420c25a0562da5bc37cb308cbf922,good_train,0,goodware,tasklist.exe,x86,plain,1,,sys:tasklist.exe,0
hostgood,c69e376e32b9317789d6c9105421dd56eb41d603ef6850bebffd41b424a56109,good_train,0,goodware,Taskmgr.exe,x86,plain,1,,sys:taskmgr.exe,0
hostgood,331ffa63d5fae28e01929c99081899cc2ced5308f45f4c2148ce5e07132b5819,good_train,0,goodware,taskschd.dll,x86,plain,1,,sys:taskschd.dll,1
hostgood,e99321905432a48952bf8adc4cf48105aad10baf6b1819fdacd15e5d88fada7b,good_train,0,goodware,tcmsetup.exe,x86,plain,1,,sys:tcmsetup.exe,0
hostgood,487b2cf455ba53c9e11956e4ef2a6e176e1146c976c6f595c76085dbd022d92e,good_train,0,goodware,tcpipcfg.dll,x86,plain,1,,sys:tcpipcfg.dll,1
hostgood,abd923cf3850bd934f36e31290ba82328806429a7acf8dce5215dc0b8c5d9678,good_train,0,goodware,TCPSVCS.EXE,x86,plain,1,,sys:tcpsvcs.exe,0
hostgood,4a48d9cbfe75913a5556152b97d9550b8a3007f816a2c01f3fc0e1413663f450,good_train,0,goodware,tdh.dll,x86,plain,1,,sys:tdh.dll,1
hostgood,5bdb29b3d67f1280c9a44e1f2cb08b076d833a6754bd1c6913b18ec940b5a8a7,good_train,0,goodware,tdhres.dll,x86,plain,1,,sys:tdhres.dll,1
hostgood,5166718ce674295002f9128f8b5a61af83f48c10b11442ecc8eb0fdc89a17358,good_train,0,goodware,TextShaping.dll,x86,plain,1,,sys:textshaping.dll,1
hostgood,f745e6a1272c091ebc122c5589885f5a38da3d0a12078daa51e3c1898041db91,good_train,0,goodware,themecpl.dll,x86,plain,1,,sys:themecpl.dll,1
hostgood,0c070285267e8332f6ef432e497a4939dd0e485a20b87e4fb438a9cfbd166fb4,good_train,0,goodware,themeui.dll,x86,plain,1,,sys:themeui.dll,1
hostgood,af9ca87a13b1ee5d4539655762669135c7c1bf27c6080568019a685458cea3c6,good_train,0,goodware,ThumbnailExtractionHost.exe,x86,plain,1,,sys:thumbnailextractionhost.exe,0
hostgood,4798bb3e016ea0b4d1de1b2e91d7681d4d5d6a9db6e413358d966e28f0273648,good_train,0,goodware,Timeline.dll,x86,plain,1,,sys:timeline.dll,1
hostgood,fa69a5d4c04e81356290f79bef8887dbfd0a599828571fba1cf1a6deafdc132a,good_train,0,goodware,timeout.exe,x86,plain,1,,sys:timeout.exe,0
hostgood,9790339fd77b58c8699feb04957fa44273b7669b96e7f03a6325df97badcad3c,good_train,0,goodware,TokenBrokerCookies.exe,x86,plain,1,,sys:tokenbrokercookies.exe,0
hostgood,77f6a0e91924845cbe3e25c6efd28cb1470e9f8f3bdd66a42565a362dacbb0e4,good_train,0,goodware,TpmInit.exe,x86,plain,1,,sys:tpminit.exe,0
hostgood,ab47861d60a74bcc2d9ca9a3cd01b883cc84c03c98a3066d57195096c5633a8a,good_train,0,goodware,TpmTool.exe,x86,plain,1,,sys:tpmtool.exe,0
hostgood,5047852db1c7c3b5094502258be15586d0c6a8e92a3e2b7016151353311fdb63,good_train,0,goodware,tquery.dll,x86,plain,1,,sys:tquery.dll,1
hostgood,378587f1cc6696191fb64c404f18e2b82b5d160bc50e5d008c7adc7b68c426ce,good_train,0,goodware,tracerpt.exe,x86,plain,1,,sys:tracerpt.exe,0
hostgood,1e464e3bc59ac049a3d1ae5563b63ec3a2c780db3dff75a59f129b2fa673fc08,good_train,0,goodware,TRACERT.EXE,x86,plain,1,,sys:tracert.exe,0
hostgood,445a4958e3ef3ace8792b68759cfe84f70782dc74902732c7d66d2582c16ba0f,good_train,0,goodware,traffic.dll,x86,plain,1,,sys:traffic.dll,1
hostgood,f2042dfe6a968edb3e58e033c8e3390530c3e33bb45dace74588929aa067e824,good_train,0,goodware,tsmf.dll,x86,plain,1,,sys:tsmf.dll,1
hostgood,ad7c418e8084fd6e3d6206a2deb29bff40db6f8ab064cad770825cc0427b0ff3,good_train,0,goodware,TSTheme.exe,x86,plain,1,,sys:tstheme.exe,0
hostgood,b8662d664ffd4e9c0fc4ff0ae83cacf995444d8f0f3c94d1f1d0a71f10242487,good_train,0,goodware,TsWpfWrp.exe,x86,dotnet,0,dotnet,sys:tswpfwrp.exe,0
hostgood,9faacc3226c981a444d055a76c0ad3865fbb75b3dd6b01b6b3c14d155f70f3da,good_train,0,goodware,ttdinject.exe,x86,plain,1,,sys:ttdinject.exe,0
hostgood,ed2e2c4f98f8104f1094126408b21ab6fff1a087fc3cf5c2e551d309ed72c4bc,good_train,0,goodware,TtlsAuth.dll,x86,plain,1,,sys:ttlsauth.dll,1
hostgood,29478b14f561d34e25328403fdef5f158ee88c6d3cc0daf83fe476ba09257742,good_train,0,goodware,tttracer.exe,x86,plain,1,,sys:tttracer.exe,0
hostgood,75ef1759dca206b6818e406c25dcecdaba456379935a1855eaabceb4d21c798d,good_train,0,goodware,twext.dll,x86,plain,1,,sys:twext.dll,1
hostgood,f06b97993a78f228e0f05ed1eade1d29a3633c59abb9160d52aac4b0f1dfe215,good_train,0,goodware,twinapi.appcore.dll,x86,plain,1,,sys:twinapi.appcore.dll,1
hostgood,28255a4de4ba534eb1c91c4c4cb8e8e7b978672024142c324ecda8d0214ee096,good_train,0,goodware,twinui.appcore.dll,x86,plain,1,,sys:twinui.appcore.dll,1
hostgood,dcd71792959dcc3f28a8fff505b877f14dd8ab02f97a93fd9ca2987122ee0975,good_train,0,goodware,twinui.dll,x86,plain,1,,sys:twinui.dll,1
hostgood,a54cb38c439f075aab9656d6ae6d13ba57bb38ca966b43e81ce8196bf238a21e,good_train,0,goodware,txflog.dll,x86,plain,1,,sys:txflog.dll,1
hostgood,12cfc81197fa082580b5bdc8371395449245d295456ef7c1a03660d5ac23de26,good_train,0,goodware,txfw32.dll,x86,plain,1,,sys:txfw32.dll,1
hostgood,b89f03f570ac9c2768e3e32cb4d1fba793822b47bb77cdf1d5f7956d73353483,good_train,0,goodware,typeperf.exe,x86,plain,1,,sys:typeperf.exe,0
hostgood,60a6fc3dcaf1add7e8d385670f8995843e81b26f21b40e5cd10afebe1114e775,good_train,0,goodware,tzres.dll,x86,no_exec,0,no_exec,sys:tzres.dll,1
hostgood,1341f06c94f78bbcdf95ee91d7ad34a2bc9e4b745c3f82b5b406d1e11122e8fb,good_train,0,goodware,tzutil.exe,x86,plain,1,,sys:tzutil.exe,0
hostgood,60c5a497b52de80a3a0677564270dbea7e486086637debd567b4dffb28584c1b,good_train,0,goodware,ucrtbase.dll,x86,plain,1,,sys:ucrtbase.dll,1
hostgood,a28ebdb1b31411f86310132c867a63edb83a3905f167ce9e35a9152172a1ffbd,good_train,0,goodware,uexfat.dll,x86,plain,1,,sys:uexfat.dll,1
hostgood,3dda763c1e63f4fb252062475dfa6cbb396b801990f8050c7fb7b3908529fe77,good_train,0,goodware,ufat.dll,x86,plain,1,,sys:ufat.dll,1
hostgood,34627a1eaff70ce64a0c4a1922f30070f5d6d599feeed98c740658381f89904e,good_train,0,goodware,UiaManager.dll,x86,plain,1,,sys:uiamanager.dll,1
hostgood,41e9acac9ee29f53c01273b895b8e2042323ef05db2143fed116bfff9808945a,good_train,0,goodware,UIAnimation.dll,x86,plain,1,,sys:uianimation.dll,1
hostgood,b0177c2082c1c9cc88bf7586f9732010c538b74f3fdeffaa477a6be2e8a85ecf,good_train,0,goodware,UIManagerBrokerps.dll,x86,plain,1,,sys:uimanagerbrokerps.dll,1
hostgood,68e60470a9980ea01f389dac16a042900f8ddc876de632b63bd3625450b6e11f,good_train,0,goodware,uireng.dll,x86,plain,1,,sys:uireng.dll,1
hostgood,ca26521e731bd7042ed91b6e24c3a894282be163ca650a17fe586963e08c2d6a,good_train,0,goodware,UIRibbon.dll,x86,plain,1,,sys:uiribbon.dll,1
hostgood,1b0d701d58e9698fa5e54b5d8236e87da472fa8d5e0fc55a6ba1dcfa07f30ec5,good_train,0,goodware,ulib.dll,x86,plain,1,,sys:ulib.dll,1
hostgood,52e5f333029039f3a7e5f28c673fbc25d5b2f2151dea6358802e668759d736a5,good_train,0,goodware,umpdc.dll,x86,plain,1,,sys:umpdc.dll,1
hostgood,c540a10d7270a77937e04d4d7b4097d17b78bb39a75f95ec4b42269500ab1e73,good_train,0,goodware,unbcl.dll,x86,plain,1,,sys:unbcl.dll,1
hostgood,de24bc9d9df86cc4a1f41d2de23e0281a894936f6847246fde1618ead7f408af,good_train,0,goodware,unenrollhook.dll,x86,plain,1,,sys:unenrollhook.dll,1
hostgood,967e9db08fc0b95f3da339404ce2205a840d54f6cfdcf0335e8f9d3d4cf7027d,good_train,0,goodware,unlodctr.exe,x86,plain,1,,sys:unlodctr.exe,0
hostgood,5c45e20e9c49ba4331ccec6350b8314f37d9b7136906fbe2caa1ffdd1a0ca906,good_train,0,goodware,unregmp2.exe,x86,plain,1,,sys:unregmp2.exe,0
hostgood,854b39425dd27d89454f4e9e562d9c05a37050277d600e5d4cb87f44e10a0318,good_train,0,goodware,UpdateCompression.dll,x86,plain,1,,sys:updatecompression.dll,1
hostgood,0275d2343a9f2aa024d4ac77667481e9b38f6e399868e2df324ac8f46505e41b,good_train,0,goodware,upnp.dll,x86,plain,1,,sys:upnp.dll,1
hostgood,8f55f875453c1ab4ef101d138febd2a881a1a3c860a7f9502883603ed1be5bcd,good_train,0,goodware,upnpcont.exe,x86,plain,1,,sys:upnpcont.exe,0
hostgood,8918a901fe120788ac56e8b0951d88c22987b9b91c0e58cd8674f8d11917efbb,good_train,0,goodware,uReFSv1.dll,x86,plain,1,,sys:urefsv1.dll,1
hostgood,c89fe8846b4471fa4a44bcc9ce271c8008e746acac5804b430e9718ee8f67ebf,good_train,0,goodware,ureg.dll,x86,plain,1,,sys:ureg.dll,1
hostgood,1f1e2bfa5031cf2a39c7d1e283332e9da4c899dea7a6c223d042567b49d11fd5,good_train,0,goodware,url.dll,x86,plain,1,,sys:url.dll,1
hostgood,2962c9278abe150b1075f04a3d36fee6e547563d97c1787774294a94a70295ab,good_train,0,goodware,user.exe,x86,plain,1,,sys:user.exe,0
hostgood,bff75906f4abcc050cf85e38e20090ea0edf7dc33e0ed60cb74cf9e1bc007527,good_train,0,goodware,user32.dll,x86,plain,1,,sys:user32.dll,1
hostgood,ba3638af27dae5cf3f63b69dedff3638fcd5b223500ecceece95cb3182762d2e,good_train,0,goodware,UserAccountBroker.exe,x86,plain,1,,sys:useraccountbroker.exe,0
hostgood,a14210736949285e84ca8cd216425815a16d933ed9565c5b525ecda2fb7b8f87,good_train,0,goodware,UserAccountControlSettings.exe,x86,plain,1,,sys:useraccountcontrolsettings.exe,0
hostgood,8c1321d0654385c3bf6532d8d8f6733180d9ec5a8984fcbe7fae132f56720b66,good_train,0,goodware,UserDataAccessRes.dll,x86,no_exec,0,no_exec,sys:userdataaccessres.dll,1
hostgood,722dec63d7a94048def7ac18ce3bcec63a1a2a84f47658c1ef00f1bf9f465cc0,good_train,0,goodware,UserDataTypeHelperUtil.dll,x86,plain,1,,sys:userdatatypehelperutil.dll,1
hostgood,887d77153789c07e0efe357bd0cd4efcb890a7b91b5324f71a9880dce388e2f8,good_train,0,goodware,UserDeviceRegistration.dll,x86,plain,1,,sys:userdeviceregistration.dll,1
hostgood,929524bbeb475d0709bdb1eb25f9a65dd88f9e49ee6659404138150acaceffac,good_train,0,goodware,userinit.exe,x86,plain,1,,sys:userinit.exe,0
hostgood,8a12bb1c5e5541f19716f3370c0709033fd4c055ec523ba93533d478136f9141,good_train,0,goodware,userinitext.dll,x86,plain,1,,sys:userinitext.dll,1
hostgood,e1523afc1df2493f842c45cd510197baa55a06910cdc8e845fa6d44c5a666f65,good_train,0,goodware,usermgrcli.dll,x86,plain,1,,sys:usermgrcli.dll,1
hostgood,2aea59e111529887e43a96a5c3ba77050e15b121705e4071174583a092349c81,good_train,0,goodware,UserMgrProxy.dll,x86,plain,1,,sys:usermgrproxy.dll,1
hostgood,e7d103744be5f4a92d3cf0d9b781c444c33376fdedc734753d8608e8fad48ef9,good_train,0,goodware,usoapi.dll,x86,plain,1,,sys:usoapi.dll,1
hostgood,4b848873514a2f9aec9ceaf72b30a9c1d7d1b3d60bad0d578d62b24ce3caca3e,good_train,0,goodware,utcapi.dll,x86,plain,1,,sys:utcapi.dll,1
hostgood,a517f695317a092623f4e830e07dfd6c56c3e6579636bb5a6c5d2e5f20759388,good_train,0,goodware,Utilman.exe,x86,plain,1,,sys:utilman.exe,0
hostgood,df995f5ae0865ea76a1dc53c8b5c177845819c54deb8d420cb3d3eafd46988ea,good_train,0,goodware,uudf.dll,x86,plain,1,,sys:uudf.dll,1
hostgood,8c314db3567490999d894f12bb9ded8a811e9f133aaf2101c1c16406e8dac153,good_train,0,goodware,UXInit.dll,x86,plain,1,,sys:uxinit.dll,1
hostgood,5b1c36987523fe9598f412018f240e3c9f0b93c3dc46e4f9a816d4e846cbf8d5,good_train,0,goodware,uxlibres.dll,x86,no_exec,0,no_exec,sys:uxlibres.dll,1
hostgood,dc844cc49a735d0292af25a8afcfc545cfdc288abc7f6146d05f83d1a5ec7c78,good_train,0,goodware,vbscript.dll,x86,plain,1,,sys:vbscript.dll,1
hostgood,d46f958fe08fcd31f87f34c17a752fc148ffc9a1ec062522cb5712c56a96aa37,good_train,0,goodware,vcamp110.dll,x86,plain,1,,sys:vcamp110.dll,1
hostgood,9c9d4e421c55f7ef4e455e75b58a6639428ccd75c76e5717f448afe4c21c52bc,good_train,0,goodware,vccorlib120.dll,x86,plain,1,,sys:vccorlib120.dll,1
hostgood,281fc641cc4078436e3e3d4c7aa700f841c44488a6aff9822d873225432afc44,good_train,0,goodware,vccorlib140d.dll,x86,plain,1,,sys:vccorlib140d.dll,1
hostgood,183729409813ba5a8501a581979530bfddbabe5617da1588eb8fefdcfcba5d7e,good_train,0,goodware,vcomp100.dll,x86,plain,1,,sys:vcomp100.dll,1
hostgood,fc12360ff09830bf08b7a2a238016eea2b9e9475cbea4c22043b264e76b3420c,good_train,0,goodware,vcomp120.dll,x86,plain,1,,sys:vcomp120.dll,1
hostgood,da9157373ab71f97f8920688f3d6f4057e3eb2ddd32895379ab9c15e69d598cd,good_train,0,goodware,vcomp140.dll,x86,plain,1,,sys:vcomp140.dll,1
hostgood,c30b82c6e0837b409cc4087afbe7d0b4834b92b61bbce6e233bc17279ed0808e,good_train,0,goodware,vcomp140d.dll,x86,plain,1,,sys:vcomp140d.dll,1
hostgood,2fa6efc053203460a23d3a25158f227d895d2dadc63acc1a372da97c3a4281c3,good_train,0,goodware,vcruntime140.dll,x86,plain,1,,sys:vcruntime140.dll,1
hostgood,74b1e233f26aafd985c454cca3c8fd5308022d932ef508762c22927370fa7a35,good_train,0,goodware,vcruntime140_clr0400.dll,x86,plain,1,,sys:vcruntime140_clr0400.dll,1
hostgood,8ae63a74a92c4d251669c87cacf153b3d72b9f0d8a12b0cbf3333a57b3d6fee7,good_train,0,goodware,vcruntime140d.dll,x86,plain,1,,sys:vcruntime140d.dll,1
hostgood,657d7bf8a27c0028a3a9c3385893970eee73e34432cceab26000483a1b5bec11,good_train,0,goodware,vdmdbg.dll,x86,plain,1,,sys:vdmdbg.dll,1
hostgood,97ce6997ebacddd8269e21cbcbc4db88eab0e9a33ef496e0147165f9e5543961,good_train,0,goodware,vdswmi.dll,x86,plain,1,,sys:vdswmi.dll,1
hostgood,9bc1499c7e266ea01b615c89180f4e106d610e76b84f52d374fe306fd542120f,good_train,0,goodware,verclsid.exe,x86,plain,1,,sys:verclsid.exe,0
hostgood,7a1337f37b3f849b5eeb88f3729479f1a42063bc829170a408c10052f0244e7d,good_train,0,goodware,verifier.dll,x86,plain,1,,sys:verifier.dll,1
hostgood,4eb4044e7fab74349fe1228398a4b2240889d17ebf7286b48b7c5442abb9bb9e,good_train,0,goodware,verifiergui.exe,x86,plain,1,,sys:verifiergui.exe,0
hostgood,e2afe3037f09d842ec1fe786b3cdce1d954a3df16fc513eda1f7bffc0ea851be,good_train,0,goodware,vfcuzz.dll,x86,plain,1,,sys:vfcuzz.dll,1
hostgood,8ce0bfb1981c32da75efbc4921a23d007c362a189bb91b6f0b0422f2083deba2,good_train,0,goodware,vfluapriv.dll,x86,plain,1,,sys:vfluapriv.dll,1
hostgood,abcf220791902e5b866d550521be31bbbb9fd6e0d051bcedb38b889a30403910,good_train,0,goodware,vfnet.dll,x86,plain,1,,sys:vfnet.dll,1
hostgood,8e3ba200a8f5973de1136a5a0020b0a251ff2086e897317fb1ba0815433ef7cd,good_train,0,goodware,vfprintpthelper.dll,x86,plain,1,,sys:vfprintpthelper.dll,1
hostgood,59dddefda2502e8795517daf445c67457eb9aced4eb204429e24bde29835884f,good_train,0,goodware,vfrdvcompat.dll,x86,plain,1,,sys:vfrdvcompat.dll,1
hostgood,8943d8e8511c75ab4b3c470c743a6d80ec9109ae2db59c067f60bc1a6dcfd35c,good_train,0,goodware,vfwwdm32.dll,x86,plain,1,,sys:vfwwdm32.dll,1
hostgood,3146e61ab32ff2c9e365c3002ff0dad6f5d95e10aac15a83e51663c03a8da2a4,good_train,0,goodware,viewprov.dll,x86,plain,1,,sys:viewprov.dll,1
hostgood,3c1f241015551eb5e3f3b11e994ff1c31aaaa8d2c359c24316a6a45d6924861c,good_train,0,goodware,VirtualDisplayManager.ProxyStubs.dll,x86,plain,1,,sys:virtualdisplaymanager.proxystubs.dll,1
hostgood,2c5dff08c3a876a2abfc67db7e89c0ff3a52d9d91bde8a8d105dd2ee08914cdf,good_train,0,goodware,VoiceActivationManager.dll,x86,plain,1,,sys:voiceactivationmanager.dll,1
hostgood,9db5bd61d713ba8fc7323ee61bad5bd10fc50cde5abe8d9f12cf6b063696babc,good_train,0,goodware,vulkan-1.dll,x86,plain,1,,sys:vulkan-1.dll,1
hostgood,ca5a1419d1b2bdddadeed236ceea8b7851786b20630471c817fadd4556732466,good_train,0,goodware,vulkaninfo-1-999-0-0-0.exe,x86,plain,1,,sys:vulkaninfo-1-999-0-0-0.exe,0
hostgood,6af92bf38d214a64754455fc8708be673ce2a36c4fbbc1a894db79ac3a524c25,good_train,0,goodware,w32tm.exe,x86,plain,1,,sys:w32tm.exe,0
hostgood,1da5967a821ffe8fd56b0f0494a4866622d2dfde7a9c6ba374fec763ae196fc8,good_train,0,goodware,w32topl.dll,x86,plain,1,,sys:w32topl.dll,1
hostgood,a9c602bf7723131a725223f8a9bc619e149f8eab6c65d649d4c7c37a6dd4e6e3,good_train,0,goodware,WABSyncProvider.dll,x86,plain,1,,sys:wabsyncprovider.dll,1
hostgood,bc8068165f87b0111c94414c261e74e28fc2c3f4612a1a610f40aafe8feeccbd,good_train,0,goodware,waitfor.exe,x86,plain,1,,sys:waitfor.exe,0
hostgood,ea9b2883f262cbf703c630e3de316da308cfc4d8f608d59867d2a9b683a72d27,good_train,0,goodware,wavemsp.dll,x86,plain,1,,sys:wavemsp.dll,1
hostgood,a317e10c78fea3d74696e3163a8abad8e00c20dfa8134551e0442be5571f6b7e,good_train,0,goodware,wbemprox.dll,x86,plain,1,,sys:wbemprox.dll,1
hostgood,34b382df2b82ec6cc8608f21ec049d2f3ee11e70841545265e4eda7a628c9141,good_train,0,goodware,wdigest.dll,x86,plain,1,,sys:wdigest.dll,1
hostgood,2a6606290a12d268b125b6a667ee2055758f68a6e4370ee899520cabc5ec9198,good_train,0,goodware,WebcamUi.dll,x86,plain,1,,sys:webcamui.dll,1
hostgood,2b0d622a9d6222b2c524eb0ef0efa631aa35f48ccef89a0213e717e89b1eca1f,good_train,0,goodware,wecutil.exe,x86,plain,1,,sys:wecutil.exe,0
hostgood,59f52a38d08182182dc168a130eb97c6671d5988c1cb4d3fb2f375e13a255fd9,good_train,0,goodware,werdiagcontroller.dll,x86,plain,1,,sys:werdiagcontroller.dll,1
hostgood,fb27b43f740aa284f48cb7589733b442d39e7a253ee9bdc4ee4b0453d76e0bf7,good_train,0,goodware,WerFault.exe,x86,plain,1,,sys:werfault.exe,0
hostgood,0412c9f6b5449878138f0fd5931eecc05e7d442426e386c56c48e19acbf3ffd5,good_train,0,goodware,WerFaultSecure.exe,x86,plain,1,,sys:werfaultsecure.exe,0
hostgood,c4a2752a8d72dd5c99f0c2f9ea908ccbf6dd6cd2b95b11448ad964a51fa60cc2,good_train,0,goodware,wermgr.exe,x86,plain,1,,sys:wermgr.exe,0
hostgood,8ffdc694d02fbe330662fcf26d6bdb05c879e46e7343e256c71b74d3d50d073d,good_train,0,goodware,werui.dll,x86,plain,1,,sys:werui.dll,1
hostgood,09583f2347b3f519ad58c6f0fd3c9fce2c381772b883ea9a90d6ce986d5a8e80,good_train,0,goodware,wevtutil.exe,x86,plain,1,,sys:wevtutil.exe,0
hostgood,1aca9c35bc4dcd047cccfd6a0769dd07f5c373f777c4f8b1bd9c1a5301da4d94,good_train,0,goodware,wextract.exe,x86,plain,1,,sys:wextract.exe,0
hostgood,6b0320b000288667e2e2c47082df0ae887a08a04d204facaf21bc775aad86ea3,good_train,0,goodware,wfdprov.dll,x86,plain,1,,sys:wfdprov.dll,1
hostgood,e5ba2e20cc5c1859f6732945a259e442bfe09d19c083ba33b3347ba68a4088c2,good_train,0,goodware,WfHC.dll,x86,plain,1,,sys:wfhc.dll,1
hostgood,d5e5a1fe43f8f17f6bea29106f56e2311448d6d71c86a529bf1efd2aa783e5af,good_train,0,goodware,where.exe,x86,plain,1,,sys:where.exe,0
hostgood,67335f22c44ee648c524298f377063350dd20a3c3bbecb9e43c3183c4402943c,good_train,0,goodware,whhelper.dll,x86,plain,1,,sys:whhelper.dll,1
hostgood,bf803e9a7a7f4499c5b4e8b59756905de8a238c5aed3ad6c93665e047c473e01,good_train,0,goodware,whoami.exe,x86,plain,1,,sys:whoami.exe,0
hostgood,fc8cc3eb5f4b6985405e75cdc411901f14aa04f88493a5ed1493662d09542898,good_train,0,goodware,wiaacmgr.exe,x86,plain,1,,sys:wiaacmgr.exe,0
hostgood,b4663898615b1b7da42554998272150d51c278be3f4fc556ad46a07b83adff8b,good_train,0,goodware,wiadefui.dll,x86,plain,1,,sys:wiadefui.dll,1
hostgood,1efff26a2b39614e1a7a61c5ae3bbada90fbd65a18ac976006c5629595f3cdae,good_train,0,goodware,wiashext.dll,x86,plain,1,,sys:wiashext.dll,1
hostgood,ec0cbd9633203b18cade1412c7a6b02a038ffcdd71fca110c67a3ce445375abb,good_train,0,goodware,wiatrace.dll,x86,plain,1,,sys:wiatrace.dll,1
hostgood,a0363ef9c4d3c1eee355804a18d37d415ce2814568ddb57220fc753412d7c214,good_train,0,goodware,WiFiDisplay.dll,x86,plain,1,,sys:wifidisplay.dll,1
hostgood,923caded837bcfbdfc4dcc1693fe9de2bb1711d6cda869dcfa975a18b94c6c95,good_train,0,goodware,wimgapi.dll,x86,plain,1,,sys:wimgapi.dll,1
hostgood,81cf93b891bf57232360206bba9f1dfdf9e14cf241812a5908045d0132148a99,good_train,0,goodware,Win32_Tpm.dll,x86,plain,1,,sys:win32_tpm.dll,1
hostgood,f5504eb7a6a9995b410a33972011e47f3e9ed6e33b94b4d23be7435a5e94cf0f,good_train,0,goodware,wincorlib.dll,x86,plain,1,,sys:wincorlib.dll,1
hostgood,2602b043e60dacd573d00e88a3fe77dd563a2465377ea9f82fa4f3068d26fe98,good_train,0,goodware,WindowManagementAPI.dll,x86,plain,1,,sys:windowmanagementapi.dll,1
hostgood,c4bf74e0abe68f64f0e15e94d184e543e765d6559b504db3091bcc4cde178b3f,good_train,0,goodware,Windows.AccountsControl.dll,x86,plain,1,,sys:windows.accountscontrol.dll,1
hostgood,a5e623461319a681dd7bcb7b9b90d016cc98e00e7f1f400177054aa6cc87b88a,good_train,0,goodware,Windows.ApplicationModel.ConversationalAgent.dll,x86,plain,1,,sys:windows.applicationmodel.conversationalagent.dll,1
hostgood,0f7da8da2e51a67be9cc8252fd160f872aed76658087fb68c01ed96b590ce0fa,good_train,0,goodware,windows.applicationmodel.conversationalagent.internal.proxystub.dll,x86,plain,1,,sys:windows.applicationmodel.conversationalagent.internal.proxystub.dll,1
hostgood,431f3fd65d337c2fd1e4ba0552d19089b752da2d326ac0e63d6344902b70aa2a,good_train,0,goodware,windows.applicationmodel.conversationalagent.proxystub.dll,x86,plain,1,,sys:windows.applicationmodel.conversationalagent.proxystub.dll,1
hostgood,a0eb31281217b2515ab77b9e2a1293501cff2050c3d9fbb3d12de47f32fb00f3,good_train,0,goodware,Windows.ApplicationModel.Store.Preview.DOSettings.dll,x86,plain,1,,sys:windows.applicationmodel.store.preview.dosettings.dll,1
hostgood,3f6cff0df85ee1a309bba142e9f95650fb9af84b7ce0e6d7faae375c8cba1bfd,good_train,0,goodware,Windows.Devices.Bluetooth.dll,x86,plain,1,,sys:windows.devices.bluetooth.dll,1
hostgood,67ab03a4d0f2af63a3906b3cdd686a2c9d13f310a0d99666b5ca496398305a6c,good_train,0,goodware,Windows.Devices.Custom.dll,x86,plain,1,,sys:windows.devices.custom.dll,1
hostgood,7bfa54fcea0ac0e18766eced65a34c1f93b4f71ccb32ea7528acfbe084c01040,good_train,0,goodware,Windows.Devices.Custom.ps.dll,x86,plain,1,,sys:windows.devices.custom.ps.dll,1
hostgood,3fa1ecb0d00d598ea447e17ce139b7825c554f1103cbd25a6cca82bc0f294074,good_train,0,goodware,Windows.Devices.Enumeration.dll,x86,plain,1,,sys:windows.devices.enumeration.dll,1
hostgood,96aa2853bed874d01439d38d923b8da85081f3387bcf410b1efe8324358be003,good_train,0,goodware,Windows.Devices.LowLevel.dll,x86,plain,1,,sys:windows.devices.lowlevel.dll,1
hostgood,78f8c7a5beb321665b22681e05754b0e0d722993eb0dcb8db8d43cbe1771f2cc,good_train,0,goodware,Windows.Devices.Midi.dll,x86,plain,1,,sys:windows.devices.midi.dll,1
hostgood,e4e61033e0ffd3f70825b8a12d9b6215fd5426c5c549a34b3c47058987797078,good_train,0,goodware,Windows.Devices.Perception.dll,x86,plain,1,,sys:windows.devices.perception.dll,1
hostgood,211d958cae1bfb44d335a298086a10dcb8d0b21adaff1536060381e02751c621,good_train,0,goodware,Windows.Devices.Picker.dll,x86,plain,1,,sys:windows.devices.picker.dll,1
hostgood,ade9e47a6cfcddb8b4d7448224fb5642184b81271262b098a9d3ae8a303a08de,good_train,0,goodware,Windows.Devices.PointOfService.dll,x86,plain,1,,sys:windows.devices.pointofservice.dll,1
hostgood,fdcb2579d85319f27cfaf04833018c500fb1ff3ed83c1f2f9a9fbef0ec1fa828,good_train,0,goodware,Windows.Devices.Printers.Extensions.dll,x86,plain,1,,sys:windows.devices.printers.extensions.dll,1
hostgood,8743fe28b838454254339c4012d53b136ff5b8104bdaad5ffc63cdb6a1110347,good_train,0,goodware,Windows.Devices.SmartCards.dll,x86,plain,1,,sys:windows.devices.smartcards.dll,1
hostgood,741eaf82272dca53190fc69421f0103e0c922d30ecdf6c3c41137eba13e57528,good_train,0,goodware,Windows.Devices.WiFi.dll,x86,plain,1,,sys:windows.devices.wifi.dll,1
hostgood,2077697b6a82084ec982209fb3c4150c048ba1a3d3bc88e058067c33485253fa,good_train,0,goodware,Windows.Gaming.XboxLive.Storage.dll,x86,plain,1,,sys:windows.gaming.xboxlive.storage.dll,1
hostgood,41711da7bf9484ffd26bcc37668ea4a9147eec6e146e32c7bd05d563189c1140,good_train,0,goodware,Windows.Globalization.dll,x86,plain,1,,sys:windows.globalization.dll,1
hostgood,7aa576cb5d015a629dd807724dfca301a45ee403f67aa3794b90cc3793d94256,good_train,0,goodware,Windows.Graphics.dll,x86,plain,1,,sys:windows.graphics.dll,1
hostgood,dc6af1a5df796742bbd3517fcfd323c74ee2680c71741ee488875a73cd65e34f,good_train,0,goodware,Windows.Graphics.Printing.3D.dll,x86,plain,1,,sys:windows.graphics.printing.3d.dll,1
hostgood,d47af583c8daae8ccf98314353b3ecc3ab26034caab14b8acdac302748d88fad,good_train,0,goodware,Windows.Graphics.Printing.dll,x86,plain,1,,sys:windows.graphics.printing.dll,1
hostgood,1e5710c6b45f749100444111524c555f8b74a880ad4f61ebcaf9ad0c67d9f72c,good_train,0,goodware,Windows.Internal.Graphics.Display.DisplayEnhancementManagement.dll,x86,plain,1,,sys:windows.internal.graphics.display.displayenhancementmanagement.dll,1
hostgood,92873b8432e1e811010311d150af5977e69496b978b97fbf2c326f3dac010c66,good_train,0,goodware,Windows.Internal.SecurityMitigationsBroker.dll,x86,plain,1,,sys:windows.internal.securitymitigationsbroker.dll,1
hostgood,ae321bf8aef787141079e2ab83854cbe8ebc25809fdc7b7e7b263a661c2e997d,good_train,0,goodware,Windows.Internal.UI.Logon.ProxyStub.dll,x86,plain,1,,sys:windows.internal.ui.logon.proxystub.dll,1
hostgood,36149334f8a102301c7b07e380007f2406b790e7f18bd7868f05fc2d6c5aecba,good_train,0,goodware,Windows.Internal.UI.Shell.WindowTabManager.dll,x86,plain,1,,sys:windows.internal.ui.shell.windowtabmanager.dll,1
hostgood,6291eb7a9cddf926652370043583934b88faf042c66d800b6e0599b24c06d380,good_train,0,goodware,Windows.Management.InprocObjects.dll,x86,plain,1,,sys:windows.management.inprocobjects.dll,1
hostgood,0a4ca7dd62a630e9b40b64cefc8d725d5c556f3d0a3d4f6260d53b65e19a48c2,good_train,0,goodware,Windows.Management.Update.dll,x86,plain,1,,sys:windows.management.update.dll,1
hostgood,6dfb7b5170f97cf5e35080954227106038678258c80105e8997d600f1c270dde,good_train,0,goodware,Windows.Media.BackgroundPlayback.exe,x86,plain,1,,sys:windows.media.backgroundplayback.exe,0
hostgood,5e073efd98fdabe1620b8e879993d73c3bac77958d3b58e2a17b7a3324305e64,good_train,0,goodware,Windows.Media.Devices.dll,x86,plain,1,,sys:windows.media.devices.dll,1
hostgood,52b9064d2ad8c5821775dffeb7bf05a9c27a031c2285d4c14cfb941f54fef194,good_train,0,goodware,Windows.Media.Import.dll,x86,plain,1,,sys:windows.media.import.dll,1
hostgood,a91a31c8110db9da91c689a114fbd89cae54c70b14c366521f6bfb51ab0800bd,good_train,0,goodware,Windows.Media.MediaControl.dll,x86,plain,1,,sys:windows.media.mediacontrol.dll,1
hostgood,bd6a996ed413a7b765637c5484aa81f96f464a51c89d55ee79b0c23c5e53c183,good_train,0,goodware,Windows.Media.Playback.MediaPlayer.dll,x86,plain,1,,sys:windows.media.playback.mediaplayer.dll,1
hostgood,9f96ff4734081725c8d1eabe5990ce859c4090446cdf1312129dded1ead9e1a5,good_train,0,goodware,Windows.Media.Protection.PlayReady.dll,x86,packed_other,0,packed_other,sys:windows.media.protection.playready.dll,1
hostgood,30c1f398eb5c0865555d61c0ad0586bd6683f3c2f1da3812670d2dabd9702a5b,good_train,0,goodware,Windows.Media.Streaming.dll,x86,plain,1,,sys:windows.media.streaming.dll,1
hostgood,328590f41de88c45c9c8d8ddd3ff964a7dc4c37fe70d6ede31f96378d057731b,good_train,0,goodware,Windows.Networking.dll,x86,plain,1,,sys:windows.networking.dll,1
hostgood,9ae298296ab04e87dedb734efd7747dcf9042a351934c5389b0140fb30794f17,good_train,0,goodware,Windows.Networking.HostName.dll,x86,plain,1,,sys:windows.networking.hostname.dll,1
hostgood,3f705a4c935c0dad78502cd155cbb5972ed8a704245c39a00f2ef42e02889e65,good_train,0,goodware,Windows.Networking.Proximity.dll,x86,plain,1,,sys:windows.networking.proximity.dll,1
hostgood,a496e0e4f506c1dc7dfd079784c8c66b4e63708d0556c7cdbd02925a55600d8a,good_train,0,goodware,Windows.Security.Authentication.Identity.Provider.dll,x86,plain,1,,sys:windows.security.authentication.identity.provider.dll,1
hostgood,82b7db07152546a91be1f4d389315dbc426dfe4fb383cf608bbc60c2772035b7,good_train,0,goodware,Windows.Security.Integrity.dll,x86,plain,1,,sys:windows.security.integrity.dll,1
hostgood,6282c710feac6863e68cf31db77da4d55f8b1aef25fd710f72894f5ddad9712a,good_train,0,goodware,Windows.Services.TargetedContent.dll,x86,plain,1,,sys:windows.services.targetedcontent.dll,1
hostgood,df0e8a638099b11041b8ef55b09f3706eb81b666d750a1f65e84b7168fc25fec,good_train,0,goodware,Windows.StateRepository.dll,x86,plain,1,,sys:windows.staterepository.dll,1
hostgood,f3484690ac5263efd89ca2db0d2a6f6fc3b1250428da5760358f67b0cefcbc02,good_train,0,goodware,Windows.StateRepositoryCore.dll,x86,plain,1,,sys:windows.staterepositorycore.dll,1
hostgood,0c4942452126404731b3066727edb394fc5418a1ae9005f4d5276b24baf18d54,good_train,0,goodware,Windows.StateRepositoryPS.dll,x86,plain,1,,sys:windows.staterepositoryps.dll,1
hostgood,af7298c0b4a83ccee4c9d8400207e94cbafcfcdbe95fd9d0f7f5232dfd1e1f47,good_train,0,goodware,windows.storage.dll,x86,plain,1,,sys:windows.storage.dll,1
hostgood,6a14dc6aa38565c045a0b5745eeb71bb0fb254ee88d571156253368c8090f44b,good_train,0,goodware,Windows.Storage.OneCore.dll,x86,plain,1,,sys:windows.storage.onecore.dll,1
hostgood,675fd9486bba65074c5ff006f6ce1edb6742dcabd379235c676763684f262cd6,good_train,0,goodware,Windows.System.Diagnostics.Telemetry.PlatformTelemetryClient.dll,x86,plain,1,,sys:windows.system.diagnostics.telemetry.platformtelemetryclient.dll,1
hostgood,ef3476962f280d9e6e89d28a444bf1e492f6e2ea2f825c4d9f4a111007de91f7,good_train,0,goodware,Windows.System.Diagnostics.TraceReporting.PlatformDiagnosticActions.dll,x86,plain,1,,sys:windows.system.diagnostics.tracereporting.platformdiagnosticactions.dll,1
hostgood,b41a09427f6dd115b20571aeaba2803394469b05e3e9d3a6603eba9cc56244d6,good_train,0,goodware,Windows.System.Profile.SystemManufacturers.dll,x86,plain,1,,sys:windows.system.profile.systemmanufacturers.dll,1
hostgood,842b659649f1e049b056ed9f536df61d6dfad603bbc9ec522393fe6ad386ee53,good_train,0,goodware,Windows.System.RemoteDesktop.dll,x86,plain,1,,sys:windows.system.remotedesktop.dll,1
hostgood,5d515875976df79228640d65e4984d39b5268adc8e1d8523359213e08a671751,good_train,0,goodware,Windows.System.SystemManagement.dll,x86,plain,1,,sys:windows.system.systemmanagement.dll,1
hostgood,924bde26b14a720e6470840cdf750541a07a01d716d80036c67ba41b6ffd7352,good_train,0,goodware,Windows.UI.Accessibility.dll,x86,plain,1,,sys:windows.ui.accessibility.dll,1
hostgood,4fa53423e2d28f0b99f6224f4d58e636f72918dfa94614a1a14a893724248fb0,good_train,0,goodware,Windows.UI.Immersive.dll,x86,plain,1,,sys:windows.ui.immersive.dll,1
hostgood,39ae208dca58a183a92cb5b40c9225855303689e695ae3a33cd3f36d44355d0d,good_train,0,goodware,Windows.UI.Xaml.Controls.dll,x86,plain,1,,sys:windows.ui.xaml.controls.dll,1
hostgood,9031a487a56ea176450169c8047a3d7b4f841b33b9b304eea9b0bcadb04e668c,good_train,0,goodware,Windows.UI.Xaml.dll,x86,plain,1,,sys:windows.ui.xaml.dll,1
hostgood,e502412ca391b997be1e1ab9ca59d62fbf928efaa18f9cb5555d53797ad454f2,good_train,0,goodware,Windows.UI.Xaml.Maps.dll,x86,plain,1,,sys:windows.ui.xaml.maps.dll,1
hostgood,c32ad2c850f9acc3c0b5a2eadf2e5a6f7a7227ee6894cc173a4d0ab84d25968b,good_train,0,goodware,Windows.UI.Xaml.Phone.dll,x86,plain,1,,sys:windows.ui.xaml.phone.dll,1
hostgood,54e428e0f7f6d7a634e64cbb6487c5b10d045ba9cd0015e97046615b067e5c96,good_train,0,goodware,Windows.UI.XamlHost.dll,x86,plain,1,,sys:windows.ui.xamlhost.dll,1
hostgood,6f5e1f070ee29281bc0e749f6ccb71409e3a5d0491c7a2e1407f7ca6fccad95e,good_train,0,goodware,Windows.WARP.JITService.exe,x86,plain,1,,sys:windows.warp.jitservice.exe,0
hostgood,f155823bfde3c1931462d78a0bfaea84228f8a759a18a2206df1eefb1a7d44d5,good_train,0,goodware,Windows.Web.Http.dll,x86,plain,1,,sys:windows.web.http.dll,1
hostgood,bf5d57bb3b980bb4d9673a3ce45f909e4f2da977841345adbb14fa7f73222608,good_train,0,goodware,windowslivelogin.dll,x86,plain,1,,sys:windowslivelogin.dll,1
hostgood,b037ecd897b07fd0fb4ad671efbb24241327f18657116aa8c53e88a4efe93800,good_train,0,goodware,winhttp.dll,x86,plain,1,,sys:winhttp.dll,1
hostgood,14eac19d11f601aec23caa02c8d4b686352355caaff921690fb197ec17279b14,good_train,0,goodware,wininet.dll,x86,plain,1,,sys:wininet.dll,1
hostgood,668d9b1d9428da1d5d4ff8751e051cbaaf7852cc84a4663417780eb3d87c8d50,good_train,0,goodware,WininetPlugin.dll,x86,plain,1,,sys:wininetplugin.dll,1
hostgood,733e73002c64ea288719eb78b7dce695cf4a32c1c6eccf72963d02b2b4b6fe96,good_train,0,goodware,WinMgmt.exe,x86,plain,1,,sys:winmgmt.exe,0
hostgood,b091533b171b7558ef961e3d21c7e9076abd03ee8c29569aec73fb49efb8049a,good_train,0,goodware,winml.dll,x86,plain,1,,sys:winml.dll,1
hostgood,9bfcdf1adf43cfd2e9a8404816118cedd92da321415f68749b5c7ae5148ac201,good_train,0,goodware,WinMsoIrmProtector.dll,x86,plain,1,,sys:winmsoirmprotector.dll,1
hostgood,4906e907a2d2abcfee1e27464bc777cd0cb4bd50d10b249cb5c94d6a107904b3,good_train,0,goodware,winrnr.dll,x86,plain,1,,sys:winrnr.dll,1
hostgood,33ef240641d31617eb6ca7e78257b41300669610baf703bf4e0a84254e8264be,good_train,0,goodware,winrs.exe,x86,plain,1,,sys:winrs.exe,0
hostgood,2f78b11eb0d4d5567da02971ff921f5c40ea3ab0d040219af9ab10684a637173,good_train,0,goodware,winrshost.exe,x86,plain,1,,sys:winrshost.exe,0
hostgood,273506705b7a24835078403aa9106d2b766a479334bd30be69315e0348856728,good_train,0,goodware,WinRTNetMUAHostServer.exe,x86,plain,1,,sys:winrtnetmuahostserver.exe,0
hostgood,07393e3e5beddac5595982c4fb5859cb3d53d6375324d5363972c637bf5891b7,good_train,0,goodware,WinRtTracing.dll,x86,plain,1,,sys:winrttracing.dll,1
hostgood,74aa5191d76650d170946817eec20358ab5e34b505771a9757db8c9d43bdcbb5,good_train,0,goodware,WinSATAPI.dll,x86,plain,1,,sys:winsatapi.dll,1
hostgood,ae1b73544144a5bb7c5e2abf965de3c44c7ef24522035b2644fde331b434c84c,good_train,0,goodware,WinSCard.dll,x86,plain,1,,sys:winscard.dll,1
hostgood,836127bfc25a78bb61f99e32ba02c4188b327c4642b27c1c638601389eadeb58,good_train,0,goodware,winsku.dll,x86,plain,1,,sys:winsku.dll,1
hostgood,e06075d1ea502fea9cdcc92049a4d9f8564e8bfce309c6efe57518dce39e6784,good_train,0,goodware,WinSync.dll,x86,plain,1,,sys:winsync.dll,1
hostgood,06eb20e522cd4d3e1635911669524bead68fc2c0780c1883e8ba2752d256a7ac,good_train,0,goodware,WinTypes.dll,x86,plain,1,,sys:wintypes.dll,1
hostgood,d6297a631bd6b3a4399743ed4dc6ca3d01155d11315713f50d368bdc8a37a324,good_train,0,goodware,WinUICohabitation.dll,x86,plain,1,,sys:winuicohabitation.dll,1
hostgood,3fa4b2e9bbdbdd3617109eafeaf22b9862b6e7f1f0c3421bbc313d90af0fcd71,good_train,0,goodware,winver.exe,x86,plain,1,,sys:winver.exe,0
hostgood,768449e608c607f697808dc53171665e95575fb406249886a86a4183036a1450,good_train,0,goodware,wisp.dll,x86,plain,1,,sys:wisp.dll,1
hostgood,09e5b0e4177380be4eabed456b3a7e3f49861544c71ede10adf27e9cd6331daa,good_train,0,goodware,wlanext.exe,x86,plain,1,,sys:wlanext.exe,0
hostgood,b4bc616516d21b7f1ca57a857230a9a9baecfdb8388658c9ff942f1d5e61d4f0,good_train,0,goodware,WlanHelper.exe,x86,plain,1,,sys:wlanhelper.exe,0
hostgood,719dad8400ed8506863d8a6c80cc8c2b674efb36bfa8926698cdd3411e9b2529,good_train,0,goodware,wlanpref.dll,x86,plain,1,,sys:wlanpref.dll,1
hostgood,deeee385d4988634e087fc6e6aca9e92e1f2804ff20a07ec2b001af911c018e0,good_train,0,goodware,Wldap32.dll,x86,plain,1,,sys:wldap32.dll,1
hostgood,422f814b84a2ac861c1c45f95b0eef18f07e70fe9c886b43fc37148267219c72,good_train,0,goodware,wldp.dll,x86,plain,1,,sys:wldp.dll,1
hostgood,bbd186243509544314a1fb0787aa60af3e59d9b1759f643b44591180fae674cf,good_train,0,goodware,wlidcredprov.dll,x86,plain,1,,sys:wlidcredprov.dll,1
hostgood,4cd7f078127fe8c05bc81360818f15b900651ca143154f30063f81ff1d833cce,good_train,0,goodware,wlidfdp.dll,x86,plain,1,,sys:wlidfdp.dll,1
hostgood,aab58487fd19c708b22048a83b48451f67f5ce28aac036c010a3a142abee8f74,good_train,0,goodware,wlidprov.dll,x86,plain,1,,sys:wlidprov.dll,1
hostgood,d10f4f4e03934f201a37befd069fc63c8d8167b8a95f4877eecf6126a7813410,good_train,0,goodware,WMADMOE.DLL,x86,plain,1,,sys:wmadmoe.dll,1
hostgood,d748654431539a49e3234a97b9c44490ade5006970c1762d4efa1bc7ea8e266f,good_train,0,goodware,wmdmlog.dll,x86,plain,1,,sys:wmdmlog.dll,1
hostgood,3d01f96f0acd81c0493dc52a0077d0577071bb9953654540f3c1315ad007177f,good_train,0,goodware,wmi.dll,x86,no_exec,0,no_exec,sys:wmi.dll,1
hostgood,5fb426d8367cbdc83986ca9603fbd159ca28bfe19efb11fde5683455ac1474fe,good_train,0,goodware,WMIADAP.exe,x86,plain,1,,sys:wmiadap.exe,0
hostgood,1843f200ddc5d1fefc862ec1bf824b1d46f59e9bfa8976b7d5225fe42c835f9a,good_train,0,goodware,WmiApRpl.dll,x86,plain,1,,sys:wmiaprpl.dll,1
hostgood,6002a16537692e2a53f5da16d62d6dd24cb8b51199533e83d9d324794416eae5,good_train,0,goodware,WmiDcPrv.dll,x86,plain,1,,sys:wmidcprv.dll,1
hostgood,608d8caa6b24660dcc0814d233c4dc7c34fae0c126c6444f724911cc4fee197c,good_train,0,goodware,WmiPerfClass.dll,x86,plain,1,,sys:wmiperfclass.dll,1
hostgood,2787ff83781a8623b43f36bbe54d5f048f2df7c2ef27740a27c33dc81fa08dcc,good_train,0,goodware,WmiPerfInst.dll,x86,plain,1,,sys:wmiperfinst.dll,1
hostgood,010ba8619f56f4f94c675bce763d0c026854c2c81416a2bb012c24fe46620f7c,good_train,0,goodware,wmiprop.dll,x86,plain,1,,sys:wmiprop.dll,1
hostgood,27307aec6736760e1f460f5df33a01a01c2c45be11a673ce9a532d6af071c5ee,good_train,0,goodware,WmiPrvSE.exe,x86,plain,1,,sys:wmiprvse.exe,0
hostgood,6779ad3b260d9e94d5260d44b8df66475448af14af36409945e1f091fef76eca,good_train,0,goodware,wmitomi.dll,x86,plain,1,,sys:wmitomi.dll,1
hostgood,b8a52aac9b7e5dede3d91a1486264deb13a25baa518eb6981da96f497b791a6e,good_train,0,goodware,wmpdxm.dll,x86,plain,1,,sys:wmpdxm.dll,1
hostgood,10548417f24d4a5e89c2fe9cff9b229c5235604505eee790fbbc21234878fcfb,good_train,0,goodware,wmploc.DLL,x86,no_exec,0,no_exec,sys:wmploc.dll,1
hostgood,5ed1deb172c5df0032c8e1d1245a58f659151f09f3376d01f2d53481d1cea58e,good_train,0,goodware,wmpps.dll,x86,plain,1,,sys:wmpps.dll,1
hostgood,f80b9a935d08d16e967af71ca0fd89e9aa5680a399d6343930d4dd0f61f82555,good_train,0,goodware,wmsgapi.dll,x86,plain,1,,sys:wmsgapi.dll,1
hostgood,d934ca147f1cc4969408b791059d7ee87057cd080c3297c3d888ac9764870b98,good_train,0,goodware,WMVCORE.DLL,x86,plain,1,,sys:wmvcore.dll,1
hostgood,3e88d6840fe2c2d6772b01470ac7aff6d9492bd0c5716116d0160f0c88ca6172,good_train,0,goodware,WMVDECOD.DLL,x86,packed_other,0,packed_other,sys:wmvdecod.dll,1
hostgood,8cb052d8d67cf13786c642936a7f5f31832703ed8d4659a5b637cc14a761ccb4,good_train,0,goodware,WMVSDECD.DLL,x86,plain,1,,sys:wmvsdecd.dll,1
hostgood,fc2b1216aafd426ff3b0edd06591aabea8f7c62656d4bb6c30cba2d6b6649c09,good_train,0,goodware,WorkFoldersRes.dll,x86,no_exec,0,no_exec,sys:workfoldersres.dll,1
hostgood,db304fb7cb09427a405c2a9972c1680338e3494086843818e033d82105fc70bc,good_train,0,goodware,wowreg32.exe,x86,plain,1,,sys:wowreg32.exe,0
hostgood,f183b0b617c45b3a520eadafd76c22c4120461b3effb17078af45678030bbc2f,good_train,0,goodware,wpcap.dll,x86,plain,1,,sys:wpcap.dll,1
hostgood,5a3520498a8727f5f1cda26c2711e3db06ed2e35339054a4c6e5cb8ce6de5e1b,good_train,0,goodware,WPDShextAutoplay.exe,x86,plain,1,,sys:wpdshextautoplay.exe,0
hostgood,dfd377b6a2bf97bfaa6763593a27d09c274fc98aaff3f9b4e3a4a2441998e355,good_train,0,goodware,WpPortingLibrary.dll,x86,plain,1,,sys:wpportinglibrary.dll,1
hostgood,4db5d733cba3430eb5d7c484cda492f0d639e5fa8f5b07a0eebb2905d0c49c06,good_train,0,goodware,wscadminui.exe,x86,plain,1,,sys:wscadminui.exe,0
hostgood,50cf071228fab1f01123f24e5ed16c4533f57a75f1187662fa6e20a5d6d764fa,good_train,0,goodware,wscapi.dll,x86,plain,1,,sys:wscapi.dll,1
hostgood,cedd408049e69645e5ecff3da958f6a20507a70c1f0ee5d7a22288552f0b99c0,good_train,0,goodware,WSClient.dll,x86,plain,1,,sys:wsclient.dll,1
hostgood,663ea2f95484fdbc107b7d4fbb2dc2b068af6e414e649581debdf5b60131ccf4,good_train,0,goodware,wscproxystub.dll,x86,plain,1,,sys:wscproxystub.dll,1
hostgood,2447bbda9b3be251d1f758ab8dff66cde6d7a268d21d7fa36b6606b986ea9bd8,good_train,0,goodware,wscript.exe,x86,plain,1,,sys:wscript.exe,0
hostgood,e00301b3481264f4b92682d998b104af5e936ad697ff517970d27ea38a269609,good_train,0,goodware,WSDApi.dll,x86,plain,1,,sys:wsdapi.dll,1
hostgood,2f7e4d69255f5f776d375f67517e1a2328700cfbe11cd3dfd6e79b5e1916a5c4,good_train,0,goodware,wsecedit.dll,x86,plain,1,,sys:wsecedit.dll,1
hostgood,e4ac25a1b6e60eaf43a03aee462a60785e3426cc946981e66bf2092b43533f8c,good_train,0,goodware,wshelper.dll,x86,plain,1,,sys:wshelper.dll,1
hostgood,2f861a5a73e10eabb8553186a0022a97e0e27da77e8a7e2d430d9cd8f1b6ae67,good_train,0,goodware,wship6.dll,x86,plain,1,,sys:wship6.dll,1
hostgood,e94cf6ae79b69219f6d6bf2943f1cd0586e0d6f2db1c2da554d78a6f5bb0508e,good_train,0,goodware,wshqos.dll,x86,plain,1,,sys:wshqos.dll,1
hostgood,d1bb04ed68bc1ad6b61f088b4c978c3a7d3c342548b74f9b247d6fa51039fe8b,good_train,0,goodware,WsmAgent.dll,x86,plain,1,,sys:wsmagent.dll,1
hostgood,d68ca28a53a7bf0ec8f8d38c7b2765bac72bb3c337c9db7e66c34dfe08ae473e,good_train,0,goodware,WSManHTTPConfig.exe,x86,plain,1,,sys:wsmanhttpconfig.exe,0
hostgood,27348c7dc32a55740ecee4fd4e4227c4d0270db57536fa4d030a7d83c12dc75f,good_train,0,goodware,WsmAuto.dll,x86,plain,1,,sys:wsmauto.dll,1
hostgood,f16a7d849238acb558b86ab1d6202e12d135d8ebb9c849cca57344a2c7f161b6,good_train,0,goodware,wsmprovhost.exe,x86,plain,1,,sys:wsmprovhost.exe,0
hostgood,4e7181885f495a9c5b39c5d3af1eddd618adee3cafe6fbbd9dc477b3aecda8af,good_train,0,goodware,wsp_fs.dll,x86,plain,1,,sys:wsp_fs.dll,1
hostgood,588f5b133a21d50c88c17cfda888304a1a744d5e71c338e647f1401567245e0d,good_train,0,goodware,wsp_health.dll,x86,plain,1,,sys:wsp_health.dll,1
hostgood,56461a7f092b7f4d6b7918864338409209d133abfad3780a5fac171869c13173,good_train,0,goodware,wsp_sr.dll,x86,plain,1,,sys:wsp_sr.dll,1
hostgood,f5df615dc68cf872240defed09d72c19e52a3050df222b76c213e4f47271ebc1,good_train,0,goodware,wtsapi32.dll,x86,plain,1,,sys:wtsapi32.dll,1
hostgood,2fbb3967ee10ecf9b96434039d0032fdef73017a98ab54426befc7750ffd4326,good_train,0,goodware,wuapi.dll,x86,plain,1,,sys:wuapi.dll,1
hostgood,03ca1617c7cce076176495f1d2ab524e0d1177768dc432da777c7b985f1b4563,good_train,0,goodware,wusa.exe,x86,plain,1,,sys:wusa.exe,0
hostgood,e94e2dcf72436d63d85bde3fb533fda50e224d008c4411f1ebb37de4ca611f9f,good_train,0,goodware,wvc.dll,x86,plain,1,,sys:wvc.dll,1
hostgood,310519c4c4fc3ed65d508eb2e667608aea4451ed7d6b4cf9c23e7b6972212559,good_train,0,goodware,WwaExt.dll,x86,plain,1,,sys:wwaext.dll,1
hostgood,91ebf1a20242bd837ec7a3b458a96e214b4f7292e330413fcd4179c50aeda32b,good_train,0,goodware,WWAHost.exe,x86,plain,1,,sys:wwahost.exe,0
hostgood,21f329b16bb967993175e77c7e5e5c0894cd6e1f62cf9d358d7a53fb175f6471,good_train,0,goodware,wwancfg.dll,x86,plain,1,,sys:wwancfg.dll,1
hostgood,b4525adaf32b232f7f397769bf5094a959abc79ded627be1143944356556bf73,good_train,0,goodware,WwanPrfl.dll,x86,plain,1,,sys:wwanprfl.dll,1
hostgood,ff15f14174a5543f028fa49cca745582fe4cacf3bbe490749cf43444690ab359,good_train,0,goodware,x3daudio1_1.dll,x86,plain,1,,sys:x3daudio1_1.dll,1
hostgood,4c448c7f77e3b4385d2cd35d0c470589cdf0524e532f9cf7ae084a8f88aa949a,good_train,0,goodware,X3DAudio1_2.dll,x86,plain,1,,sys:x3daudio1_2.dll,1
hostgood,574d14ab9a641c6cbadd78f2cd6c088b64b59c3646057952e63cad7d2778e1c3,good_train,0,goodware,X3DAudio1_6.dll,x86,plain,1,,sys:x3daudio1_6.dll,1
hostgood,cfd1c2d34feb7d94f282e97bf762a99bfa7309dc7353d96dfe4aadc187d26c67,good_train,0,goodware,xactengine2_0.dll,x86,plain,1,,sys:xactengine2_0.dll,1
hostgood,113640ae8cf78caa7cface2f906f9e6b60809906f5c26e08b2e90fc48430f3b7,good_train,0,goodware,xactengine2_10.dll,x86,plain,1,,sys:xactengine2_10.dll,1
hostgood,be45aef0889b03e2243282a912f41580e8566db666a782c26a1d4d7988799d03,good_train,0,goodware,xactengine2_6.dll,x86,plain,1,,sys:xactengine2_6.dll,1
hostgood,15d82e89bea30bf82de6ba0cfbe97eeaf05d1e06bc0133f0d1ee8d0cc41f51f6,good_train,0,goodware,xactengine2_8.dll,x86,plain,1,,sys:xactengine2_8.dll,1
hostgood,088999560171c60129c95f9b541852392602561dce43e4c61a453d48065f52ca,good_train,0,goodware,xactengine3_1.dll,x86,plain,1,,sys:xactengine3_1.dll,1
hostgood,e6a34c1f068f89d6515cb460eed3b4dbb53522c5579e6c75741482f0d40d9f99,good_train,0,goodware,xactengine3_2.dll,x86,plain,1,,sys:xactengine3_2.dll,1
hostgood,ef052bc9b7fde596fff3ea2d9c8fc994f3282953dead1b7f5477e7154af67245,good_train,0,goodware,xactengine3_3.dll,x86,plain,1,,sys:xactengine3_3.dll,1
hostgood,1d37ab9b90372eaaafb5055401449dc3184428fed559baaf36fbcccd2479611a,good_train,0,goodware,xactengine3_5.dll,x86,plain,1,,sys:xactengine3_5.dll,1
hostgood,8a7e7c5ac2e6230f0249d46751522e7ecf85e7490cf7491ab73bf2e7e59e4c0f,good_train,0,goodware,xactengine3_6.dll,x86,plain,1,,sys:xactengine3_6.dll,1
hostgood,d7b1cf58898046c430d49cf8f778e4898280f4709340c3938d3139894166fe8d,good_train,0,goodware,xactengine3_7.dll,x86,plain,1,,sys:xactengine3_7.dll,1
hostgood,8b396d275de2550af8ada6a1ff71f0f4870b51c8407e44044c2dde7ad6b754cc,good_train,0,goodware,XAPOFX1_0.dll,x86,plain,1,,sys:xapofx1_0.dll,1
hostgood,d1a55061bcb42f69b7cf35e2985d48e30c7a90f0bc668e90390f465b36bd0161,good_train,0,goodware,XAPOFX1_2.dll,x86,plain,1,,sys:xapofx1_2.dll,1
hostgood,0aee44b12913a95840ee6431d90518b0d72c54a27392e21ee6995e2151554a06,good_train,0,goodware,XAPOFX1_4.dll,x86,plain,1,,sys:xapofx1_4.dll,1
hostgood,32a7c6a4edef46f025a4a5c64b892e29baaae948e86d9ed49e82014eec1441de,good_train,0,goodware,XAudio2_1.dll,x86,plain,1,,sys:xaudio2_1.dll,1
hostgood,61b57170f7c6365714396072d22cb98746718c0f44c9f0d5c62fdb1b218639c7,good_train,0,goodware,XAudio2_6.dll,x86,plain,1,,sys:xaudio2_6.dll,1
hostgood,54b70738b261824ce2ddf1bd1490ba0fc10b2773d5153b3361d97f587f18ae78,good_train,0,goodware,XblAuthManagerProxy.dll,x86,plain,1,,sys:xblauthmanagerproxy.dll,1
hostgood,4f6cf71406d21f84946b11896889463bc5449deb92b7554c0c6f5d0a16024459,good_train,0,goodware,XblGameSaveProxy.dll,x86,plain,1,,sys:xblgamesaveproxy.dll,1
hostgood,28459a2c987a74c96c8339a11fbd7c4fa4b12653b1047f5fc08939eaed4beea6,good_train,0,goodware,xcopy.exe,x86,plain,1,,sys:xcopy.exe,0
hostgood,3c990f7d4eb5d8c4cf938a6f15cb038ef7917745ca270e04ef292b8befa389db,good_train,0,goodware,XInput1_1.dll,x86,plain,1,,sys:xinput1_1.dll,1
hostgood,aabe8ca39edbc01b08b9af07a5b25dc92b1e23eb174e6d8b57af8552e84ccbe1,good_train,0,goodware,XInputUap.dll,x86,plain,1,,sys:xinputuap.dll,1
hostgood,434741b010d0e1e89da6034b767500d7778f8c186380d9599ed687f3e52e6f68,good_train,0,goodware,XpsGdiConverter.dll,x86,plain,1,,sys:xpsgdiconverter.dll,1
hostgood,f26ebd47ee092325225e6091c483aa2e738716429f79a599b6a09ac48826074f,good_train,0,goodware,xpsservices.dll,x86,plain,1,,sys:xpsservices.dll,1
hostgood,4cc4f132d5140e563ecf8aac209ff2c8a7d769982d607231a86082974535637d,good_train,0,goodware,xwizard.exe,x86,plain,1,,sys:xwizard.exe,0
hostgood,de56710d2200a2ab7352edc4a2081e0a90464e131499845473f78e5732fc2805,good_train,0,goodware,zipcontainer.dll,x86,plain,1,,sys:zipcontainer.dll,1
