corpus,sha256,set,label,family,filename,arch,tag,in_cohort,exclude_reason
vs,00fd368983e0825b36e03a014e1bd5f622fb880bf17082f89785b829fe2d0d80,mal_train,1,akira,00fd368983e0825b36e03a014e1bd5f622fb880bf17082f89785b829fe2d0d80,x64,plain,1,
vs,0273f8fb4c836ff3778aebe80bd1949fab951ff06b47f516a18c08b296ad27e6,mal_train,1,akira,0273f8fb4c836ff3778aebe80bd1949fab951ff06b47f516a18c08b296ad27e6,x64,plain,1,
vs,02b49fd8781580e1f25034c9ca89d7989729f6ca898579f434cc6122247b7c06,mal_train,1,akira,02b49fd8781580e1f25034c9ca89d7989729f6ca898579f434cc6122247b7c06,x64,plain,1,
vs,030db5fb2a639b0c1a63bbd209bd1f043dbc4dbb306102f1726cdd4a6500fb83,mal_train,1,akira,030db5fb2a639b0c1a63bbd209bd1f043dbc4dbb306102f1726cdd4a6500fb83,x64,plain,1,
vs,03aa12ac2884251aa24bf0ccd854047de403591a8537e6aba19e822807e06a45,mal_train,1,akira,03aa12ac2884251aa24bf0ccd854047de403591a8537e6aba19e822807e06a45,x64,plain,1,
vs,049a593fd540d78840d000d2fa6046e8d28279376ef61e5ccc8f74dd49f1c498,mal_train,1,akira,049a593fd540d78840d000d2fa6046e8d28279376ef61e5ccc8f74dd49f1c498,x64,plain,1,
vs,05b9f915afb91b36115a25cec09270f2119922488b9224d8b3a49caefae54ab7,mal_train,1,akira,05b9f915afb91b36115a25cec09270f2119922488b9224d8b3a49caefae54ab7,x64,plain,1,
vs,06c2a137c31aae5d02b4d7df61ffd31f1af9a9e59978f15b3f7265cc751bff1f,mal_train,1,akira,06c2a137c31aae5d02b4d7df61ffd31f1af9a9e59978f15b3f7265cc751bff1f,x64,plain,1,
vs,08207409e1d789aea68419b04354184490ce46339be071c6c185c75ab9d08cba,mal_train,1,akira,08207409e1d789aea68419b04354184490ce46339be071c6c185c75ab9d08cba,x64,plain,1,
vs,0b5b31af5956158bfbd14f6cbf4f1bca23c5d16a40dbf3758f3289146c565f43,mal_train,1,akira,0b5b31af5956158bfbd14f6cbf4f1bca23c5d16a40dbf3758f3289146c565f43,x64,plain,1,
vs,0c8d5f2b94ca60616d0db69f31cf4a651ae816e44ef6f807851601c1a4e52d10,mal_train,1,akira,0c8d5f2b94ca60616d0db69f31cf4a651ae816e44ef6f807851601c1a4e52d10,x64,plain,1,
vs,0d700ca5f6cc093de4abba9410480ee7a8870d5e8fe86c9ce103eec3872f225f,mal_train,1,akira,0d700ca5f6cc093de4abba9410480ee7a8870d5e8fe86c9ce103eec3872f225f,x64,plain,1,
vs,0df446a893ef448ee4ef32494f6cdf9b04a4f202583794f75a7a7a9ec25d41cb,mal_train,1,akira,0df446a893ef448ee4ef32494f6cdf9b04a4f202583794f75a7a7a9ec25d41cb,x64,plain,1,
vs,0fd6097b0b306b736249f108b9b51e1574a11c8de23d03b7d615a48ebb0f5139,mal_train,1,akira,0fd6097b0b306b736249f108b9b51e1574a11c8de23d03b7d615a48ebb0f5139,x64,plain,1,
vs,101bd45ab673fd6547386dff4339f1649e61b9f5c318260d365f766fbdc2d3c9,mal_train,1,akira,101bd45ab673fd6547386dff4339f1649e61b9f5c318260d365f766fbdc2d3c9,x64,plain,1,
vs,1b6af2fbbc636180dd7bae825486ccc45e42aefbb304d5f83fafca4d637c13cc,mal_train,1,akira,1b6af2fbbc636180dd7bae825486ccc45e42aefbb304d5f83fafca4d637c13cc,x64,plain,1,
vs,1ba1ccfacffbb6be9480380f5535a30d3eee1dd7787f3c649ebf8ea2a6a5de51,mal_train,1,akira,1ba1ccfacffbb6be9480380f5535a30d3eee1dd7787f3c649ebf8ea2a6a5de51,x64,plain,1,
vs,1d9544d087058210e84a0ad9650f99c71c85222d6b18e8ea89c6d2eb15ec7543,mal_train,1,akira,1d9544d087058210e84a0ad9650f99c71c85222d6b18e8ea89c6d2eb15ec7543,x64,plain,1,
vs,1ed8c04e2e91c9db7b88f818cc7d8f043f674d1898c182b6390acaa9fbb251aa,mal_train,1,akira,1ed8c04e2e91c9db7b88f818cc7d8f043f674d1898c182b6390acaa9fbb251aa,x64,plain,1,
vs,1fd9f2cdf2ee55d5d91e890c6a16e468f576a4e97747093204ffb122eacf2a27,mal_train,1,akira,1fd9f2cdf2ee55d5d91e890c6a16e468f576a4e97747093204ffb122eacf2a27,x64,plain,1,
vs,2084ab8f92a86a37a35879378610949e21ea7b5030313655bb82fe6c67772b0d,mal_train,1,akira,2084ab8f92a86a37a35879378610949e21ea7b5030313655bb82fe6c67772b0d,x64,plain,1,
vs,232ad46f353db7bca9d03e88e0c25981447839b221bea99c35f66819f1e17e77,mal_train,1,akira,232ad46f353db7bca9d03e88e0c25981447839b221bea99c35f66819f1e17e77,x64,packed_other,0,packed_other
vs,237d3c744fd5fc5d7e7a55e4385dff51045a1c6d8ee7346a270a688ab3791d49,mal_train,1,akira,237d3c744fd5fc5d7e7a55e4385dff51045a1c6d8ee7346a270a688ab3791d49,x64,plain,1,
vs,25a6758df930b32eed548fca56735f0ddde442b5662e51c625eadbbaf09c9e96,mal_train,1,akira,25a6758df930b32eed548fca56735f0ddde442b5662e51c625eadbbaf09c9e96,x64,plain,1,
vs,27009c0abd2709cd5cac4c0135b8f3bed3229b0921601638ba9e90713ede91ea,mal_train,1,akira,27009c0abd2709cd5cac4c0135b8f3bed3229b0921601638ba9e90713ede91ea,x64,plain,1,
vs,2727c73f3069457e9ad2197b3cda25aec864a2ab8da3c2790264d06e13d45c3d,mal_train,1,akira,2727c73f3069457e9ad2197b3cda25aec864a2ab8da3c2790264d06e13d45c3d,x64,plain,1,
vs,2a345c05cade5c2d0783e79a4632c858331270d3ff27f6f60472b3245884c5b5,mal_train,1,akira,2a345c05cade5c2d0783e79a4632c858331270d3ff27f6f60472b3245884c5b5,x64,plain,1,
vs,2a9257c6c74e37d051f78ed5abaa620b71b27fa3604798af077256a128d911bb,mal_train,1,akira,2a9257c6c74e37d051f78ed5abaa620b71b27fa3604798af077256a128d911bb,x64,plain,1,
vs,2afafaf2823e9918d17cdca28648ec94e4d7eabf95b936342456a75be0a1a658,mal_train,1,akira,2afafaf2823e9918d17cdca28648ec94e4d7eabf95b936342456a75be0a1a658,x64,plain,1,
vs,2b00a02196b87445633cabde506b4387979504cf60955f0b40cf2e4da4f0fd23,mal_train,1,akira,2b00a02196b87445633cabde506b4387979504cf60955f0b40cf2e4da4f0fd23,x64,plain,1,
vs,2b28270c1675990a2c78b31faab547fb75948dd1c2b22e892377ee5e40abebc2,mal_train,1,akira,2b28270c1675990a2c78b31faab547fb75948dd1c2b22e892377ee5e40abebc2,x64,plain,1,
vs,2b8b37175c09c75394bfbd5a2cf1eff28a4956fb3e7c6f24ea53c1b966d77153,mal_train,1,akira,2b8b37175c09c75394bfbd5a2cf1eff28a4956fb3e7c6f24ea53c1b966d77153,x64,plain,1,
vs,2bfe3fba2e94b1a4f8ae0ea767b64084390155bb4d57cc39e13c15b181f8d377,mal_train,1,akira,2bfe3fba2e94b1a4f8ae0ea767b64084390155bb4d57cc39e13c15b181f8d377,x64,plain,1,
vs,2c10cc96f48839b84954e88cb6f85e5c15442f4d15c34213d008e859f87f7261,mal_train,1,akira,2c10cc96f48839b84954e88cb6f85e5c15442f4d15c34213d008e859f87f7261,x64,plain,1,
vs,2c4fcfd351bae11ff7f11c5c94b7bf60e7cf7b602fb4feb68cd3fba9dbc85d17,mal_train,1,akira,2c4fcfd351bae11ff7f11c5c94b7bf60e7cf7b602fb4feb68cd3fba9dbc85d17,x64,plain,1,
vs,2db4a15475f382e34875b37d7b27c3935c7567622141bc203fde7fe602bc8643,mal_train,1,akira,2db4a15475f382e34875b37d7b27c3935c7567622141bc203fde7fe602bc8643,x64,plain,1,
vs,4afda03ddeb1c62a1f87765ea383f920621134c3f6362959cb9993c24752fcb0,mal_train,1,akira,4afda03ddeb1c62a1f87765ea383f920621134c3f6362959cb9993c24752fcb0,x64,plain,1,
vs,5de0c6446c89362e5e65a0d97f038a114d14876b983d7d6381f354dc7f91440c,mal_train,1,akira,5de0c6446c89362e5e65a0d97f038a114d14876b983d7d6381f354dc7f91440c,x64,plain,1,
vs,636feebdc134785412571bf29231038768c81ddee60ddd15e7d928754011f898,mal_train,1,akira,636feebdc134785412571bf29231038768c81ddee60ddd15e7d928754011f898,x64,plain,1,
vs,6e1c3a2825b9121f4553114b9500f41de6bcf38a2aa42f87dbe789b993dbade7,mal_train,1,akira,6e1c3a2825b9121f4553114b9500f41de6bcf38a2aa42f87dbe789b993dbade7,x64,plain,1,
vs,714d9a3237e9275cc0bea621859f8b231ef5cda07d06a47ec55e4923c5b93431,mal_train,1,akira,714d9a3237e9275cc0bea621859f8b231ef5cda07d06a47ec55e4923c5b93431,x64,plain,1,
vs,745142a857f0b03a12b54d34e46ff6a00ba0b304af5c3d61cb7d8f4d9c7810ad,mal_train,1,akira,745142a857f0b03a12b54d34e46ff6a00ba0b304af5c3d61cb7d8f4d9c7810ad,x64,plain,1,
vs,78ffecf887f745fbb0bf9a1fff8b5ad288c7fa0d86989edfa928a40da12e9a33,mal_train,1,akira,78ffecf887f745fbb0bf9a1fff8b5ad288c7fa0d86989edfa928a40da12e9a33,x64,plain,1,
vs,84a815dc2911e4585d3c969bf240c13825560f3bcb389d77cb52e0d7fca044df,mal_train,1,akira,84a815dc2911e4585d3c969bf240c13825560f3bcb389d77cb52e0d7fca044df,x64,plain,1,
vs,865930cd680f5196672ec552ee19693a9e2868709b0cdb71674ded1f04c85922,mal_train,1,akira,865930cd680f5196672ec552ee19693a9e2868709b0cdb71674ded1f04c85922,x64,packed_other,0,packed_other
vs,9ca333b2e88ab35f608e447b0e3b821a6e04c4b0c76545177890fb16adcab163,mal_train,1,akira,9ca333b2e88ab35f608e447b0e3b821a6e04c4b0c76545177890fb16adcab163,x64,plain,1,
vs,a3410e5e4003361ccd1f4417ab7b36e1faed98abd248f85a21f4f74007c8ba0e,mal_train,1,akira,a3410e5e4003361ccd1f4417ab7b36e1faed98abd248f85a21f4f74007c8ba0e,x64,plain,1,
vs,aa1f4e8e7066b57f594ebed05e931932277c35495ba407f1f97675c6ce4be5cc,mal_train,1,akira,aa1f4e8e7066b57f594ebed05e931932277c35495ba407f1f97675c6ce4be5cc,x64,plain,1,
vs,ae1c7bce774a02f83cccd38cbaff3b1a99eaefd06e9978e6632e24e578f19fbe,mal_train,1,akira,ae1c7bce774a02f83cccd38cbaff3b1a99eaefd06e9978e6632e24e578f19fbe,x64,plain,1,
vs,b3b8b39cc3b28c277b550d2f252b7034236c677f545d6a35e468be758aa5007e,mal_train,1,akira,b3b8b39cc3b28c277b550d2f252b7034236c677f545d6a35e468be758aa5007e,x64,plain,1,
vs,c8c7515ca777b92b6f6a355e0ff5d0f4f712bb13d6d5735789a09fc3ed7de8fa,mal_train,1,akira,c8c7515ca777b92b6f6a355e0ff5d0f4f712bb13d6d5735789a09fc3ed7de8fa,x64,plain,1,
vs,c974d8c6a1ce2eb12f0eca40e8782dea046d707f04ad65aae98af3c1b4ca6ce6,mal_train,1,akira,c974d8c6a1ce2eb12f0eca40e8782dea046d707f04ad65aae98af3c1b4ca6ce6,x64,plain,1,
vs,cb9d4202d4f495091a046b7fc3fdaa9306343b8402b741a45e3add7cafc95eee,mal_train,1,akira,cb9d4202d4f495091a046b7fc3fdaa9306343b8402b741a45e3add7cafc95eee,x64,plain,1,
vs,d7959a93b70f0a1bb25c08da1f2ff2298e3e6934e7829e5ed148ab8565f59572,mal_train,1,akira,d7959a93b70f0a1bb25c08da1f2ff2298e3e6934e7829e5ed148ab8565f59572,x64,plain,1,
vs,dd6ff9119440ce8f91c15946c52faf7fb62494cb5fd9b1736bd03b8f55f15118,mal_train,1,akira,dd6ff9119440ce8f91c15946c52faf7fb62494cb5fd9b1736bd03b8f55f15118,x64,plain,1,
vs,def3fe8d07d5370ac6e105b1a7872c77e193b4b39a6e1cc9cfc815a36e909904,mal_train,1,akira,def3fe8d07d5370ac6e105b1a7872c77e193b4b39a6e1cc9cfc815a36e909904,x64,plain,1,
vs,f1b02c1a8b83d1c3be8009577b0c95e71f99b87a1491023357e4ecb9109b2e26,mal_train,1,akira,f1b02c1a8b83d1c3be8009577b0c95e71f99b87a1491023357e4ecb9109b2e26,x64,packed_other,0,packed_other
vs,fc2b499708b2d20545c140906b0484546c8b3ff21341b8a5acd18f2063fa2bb5,mal_train,1,akira,fc2b499708b2d20545c140906b0484546c8b3ff21341b8a5acd18f2063fa2bb5,x64,plain,1,
vs,fe210ab25c1e0f651a93f0f4c5f64091e0e3d45ba80924d9c5dca8339dd3024b,mal_train,1,akira,fe210ab25c1e0f651a93f0f4c5f64091e0e3d45ba80924d9c5dca8339dd3024b,x64,plain,1,
vs,fe9ce5213926fe31b6d7f6f9411ecbad6e088f122b2d33d4ceb54410ccf8182f,mal_train,1,akira,fe9ce5213926fe31b6d7f6f9411ecbad6e088f122b2d33d4ceb54410ccf8182f,x64,plain,1,
vs,01aa2cf8db4badde36f1896d341e31c0fe91a51772f1aa50b9f59ba368973993,mal_train,1,avaddon,01aa2cf8db4badde36f1896d341e31c0fe91a51772f1aa50b9f59ba368973993,x86,plain,1,
vs,0f081ea4e30ca05fc2977235bf239992b17fa9968b58b001990e4539f0899269,mal_train,1,avaddon,0f081ea4e30ca05fc2977235bf239992b17fa9968b58b001990e4539f0899269,x86,plain,1,
vs,10d2acf2624e52b9dd5f5a78b14bcdf7728bb9ef76f90008f622a5381d555952,mal_train,1,avaddon,10d2acf2624e52b9dd5f5a78b14bcdf7728bb9ef76f90008f622a5381d555952,x86,plain,1,
vs,2946ef53c8fec94dcdf9d3a1afc077ee9a3869eacb0879cb082ee0ce3de6a2e7,mal_train,1,avaddon,2946ef53c8fec94dcdf9d3a1afc077ee9a3869eacb0879cb082ee0ce3de6a2e7,x86,plain,1,
vs,40f2f1b52877c4859614a065d6d538c9c07e6dfe7b763d76c2919daeda7cbbeb,mal_train,1,avaddon,40f2f1b52877c4859614a065d6d538c9c07e6dfe7b763d76c2919daeda7cbbeb,x86,plain,1,
vs,48689c986eb553e6a7aeba973501b9660cb1418d4ec3ba9d0511f82799d1422c,mal_train,1,avaddon,48689c986eb553e6a7aeba973501b9660cb1418d4ec3ba9d0511f82799d1422c,x86,packed_other,0,packed_other
vs,4a29b0f61b09b0e5f6736021f3fddde78737f8bd24afbb61fbb67999a09ebc7f,mal_train,1,avaddon,4a29b0f61b09b0e5f6736021f3fddde78737f8bd24afbb61fbb67999a09ebc7f,x86,plain,1,
vs,7b7c16367746efe7583ae46235b2f062ce44602dda990c9a11a730d619b8d365,mal_train,1,avaddon,7b7c16367746efe7583ae46235b2f062ce44602dda990c9a11a730d619b8d365,x86,plain,1,
vs,93f3b587a2a8e5515dc08ee47eef4d02805e5fccefde4a29e780946124257a56,mal_train,1,avaddon,93f3b587a2a8e5515dc08ee47eef4d02805e5fccefde4a29e780946124257a56,x86,plain,1,
vs,bcb69244dc69a152af4dca3849bb4f3ca634ad785926304c672dbf8a3c38e7bc,mal_train,1,avaddon,bcb69244dc69a152af4dca3849bb4f3ca634ad785926304c672dbf8a3c38e7bc,x86,plain,1,
vs,c14dd4a0831ea2548e1ddfd54b9704fe8ad0057924ede041c8c064b66690a028,mal_train,1,avaddon,c14dd4a0831ea2548e1ddfd54b9704fe8ad0057924ede041c8c064b66690a028,x86,plain,1,
vs,c7c9f8f68348fbd26aae20c9ccb1aefd1cfce63897efa4c64abe7ac480253259,mal_train,1,avaddon,c7c9f8f68348fbd26aae20c9ccb1aefd1cfce63897efa4c64abe7ac480253259,x86,plain,1,
vs,cc7852dc77152c57aa51e7b7dc34e09e086bba8845334d28d652b07adbc651bb,mal_train,1,avaddon,cc7852dc77152c57aa51e7b7dc34e09e086bba8845334d28d652b07adbc651bb,x86,plain,1,
vs,cc95a8d100f70d0fbf4af14e852aa108bdb0e36db4054c3f60b3515818a71f46,mal_train,1,avaddon,cc95a8d100f70d0fbf4af14e852aa108bdb0e36db4054c3f60b3515818a71f46,x86,plain,1,
vs,d841d0a10e8b6885f1b8e1282c70e88d4f74471fbbe1b4b6f29b4ca238b1e8cb,mal_train,1,avaddon,d841d0a10e8b6885f1b8e1282c70e88d4f74471fbbe1b4b6f29b4ca238b1e8cb,x86,packed_other,0,packed_other
vs,dccc689c986e357d5dbdc987e72e6b8a0e9017cbf347449b27c84b8b7b9d507a,mal_train,1,avaddon,dccc689c986e357d5dbdc987e72e6b8a0e9017cbf347449b27c84b8b7b9d507a,x86,plain,1,
vs,e24f69aa8738d14b85ad76a1783d51120b8b6ba467190fe7d8f96ad2969c8fdf,mal_train,1,avaddon,e24f69aa8738d14b85ad76a1783d51120b8b6ba467190fe7d8f96ad2969c8fdf,x86,packed_other,0,packed_other
vs,f25bac7d622cd257c9668067e7499c0587e14f5c9719177df836c0778a420ee2,mal_train,1,avaddon,f25bac7d622cd257c9668067e7499c0587e14f5c9719177df836c0778a420ee2,x86,plain,1,
vs,fa4626e2c5984d7868a685c5102530bd8260d0b31ef06d2ce2da7636da48d2d6,mal_train,1,avaddon,fa4626e2c5984d7868a685c5102530bd8260d0b31ef06d2ce2da7636da48d2d6,x86,plain,1,
vs,bd88d415032eb24091c352fc0732b31116f44a78d9333037bd7608289608d3cd,mal_train,1,avoslocker,bd88d415032eb24091c352fc0732b31116f44a78d9333037bd7608289608d3cd,x86,plain,1,
vs,00fdeee2f48cc21a5b3da49aacda35513a98d671c8309557b37a378ed57c63bd,mal_train,1,babuk,00fdeee2f48cc21a5b3da49aacda35513a98d671c8309557b37a378ed57c63bd,x86,plain,1,
vs,01d4ced698c9826e5879e235a74bab2b794e85df04b3c693345ef1925a20aeb9,mal_train,1,babuk,01d4ced698c9826e5879e235a74bab2b794e85df04b3c693345ef1925a20aeb9,x64,upx_unpacked,1,
vs,09175b12be9491968e6d9f8878a634156075da518a31f416956fbd0c50fa36d0,mal_train,1,babuk,09175b12be9491968e6d9f8878a634156075da518a31f416956fbd0c50fa36d0,x64,plain,1,
vs,0a506b1798561b784921b7070c88fbd2e2cdef6d17a500583b1cbd03c5181999,mal_train,1,babuk,0a506b1798561b784921b7070c88fbd2e2cdef6d17a500583b1cbd03c5181999,x86,plain,1,
vs,0a640b6cbb482a05a67cd670e60b582f9176f964ad0fa61e70a35b828e422596,mal_train,1,babuk,0a640b6cbb482a05a67cd670e60b582f9176f964ad0fa61e70a35b828e422596,x86,dotnet,0,dotnet
vs,10843ab4b6e4c9592a31a72bc5f7ccfa48fd365e6fba1b100319f40125f8da6f,mal_train,1,babuk,10843ab4b6e4c9592a31a72bc5f7ccfa48fd365e6fba1b100319f40125f8da6f,x86,plain,1,
vs,13ccf6c512823f7d30f14d06fd50e00bce8dd03ca331dd5c5d9fee64c340c92d,mal_train,1,babuk,13ccf6c512823f7d30f14d06fd50e00bce8dd03ca331dd5c5d9fee64c340c92d,x86,plain,1,
vs,197fb4b7ef3b7394eb87cb5e513a79cc1e90f91dab71bf202cc5fc8ec1e2c0d2,mal_train,1,babuk,197fb4b7ef3b7394eb87cb5e513a79cc1e90f91dab71bf202cc5fc8ec1e2c0d2,x64,plain,1,
vs,1d28c4c85e241efbbe326051999b9a8e1d8eeb9a3322da5cb9a93c31c65bbb49,mal_train,1,babuk,1d28c4c85e241efbbe326051999b9a8e1d8eeb9a3322da5cb9a93c31c65bbb49,x86,dotnet,0,dotnet
vs,1d5f8c4e2cb635bb5cfb001dfd0db882b9eeea700f04a6b9cb1a934667b85368,mal_train,1,babuk,1d5f8c4e2cb635bb5cfb001dfd0db882b9eeea700f04a6b9cb1a934667b85368,x86,plain,1,
vs,25835a890a218fd26bfd8b23696576402b5eb8a4c9af4a51529e14c4f00a9cce,mal_train,1,babuk,25835a890a218fd26bfd8b23696576402b5eb8a4c9af4a51529e14c4f00a9cce,x86,plain,1,
vs,2bf730fe355eb8301a064b1fb368abff003e59357ee8e68b473767b41f7e9bc5,mal_train,1,babuk,2bf730fe355eb8301a064b1fb368abff003e59357ee8e68b473767b41f7e9bc5,x86,dotnet,0,dotnet
vs,30a8cf3e6863030c762b468bf48d679f3dd053a80793770443938fa18de89617,mal_train,1,babuk,30a8cf3e6863030c762b468bf48d679f3dd053a80793770443938fa18de89617,x86,plain,1,
vs,32f8bb15e0cf8c8988ec4dfe9486291eabf401bfb919598ab850199cc4afea75,mal_train,1,babuk,32f8bb15e0cf8c8988ec4dfe9486291eabf401bfb919598ab850199cc4afea75,x86,dotnet,0,dotnet
vs,341061776f03453e20f9e7eb3d91ff7b7842ec1322aab5d0dae4fba7c3d89eef,mal_train,1,babuk,341061776f03453e20f9e7eb3d91ff7b7842ec1322aab5d0dae4fba7c3d89eef,x86,dotnet,0,dotnet
vs,391cfcd153881743556f76de7bbca5b19857f8b69a6f6f6dfde6fd9b06c17f5e,mal_train,1,babuk,391cfcd153881743556f76de7bbca5b19857f8b69a6f6f6dfde6fd9b06c17f5e,x86,plain,1,
vs,393a7a313548a4edc025fb47c6c8e614ecc2b41db880ecb59f20cf238e9a864c,mal_train,1,babuk,393a7a313548a4edc025fb47c6c8e614ecc2b41db880ecb59f20cf238e9a864c,x86,plain,1,
vs,499e43933c5ee3bb730417e07d74c93a5f7d7dee05db31714e09dffeb7e3c285,mal_train,1,babuk,499e43933c5ee3bb730417e07d74c93a5f7d7dee05db31714e09dffeb7e3c285,x86,plain,1,
vs,4aeef1dbe94a24070d22718ef75b990fb7763598fa1d966806ae77cbff226722,mal_train,1,babuk,4aeef1dbe94a24070d22718ef75b990fb7763598fa1d966806ae77cbff226722,x86,plain,1,
vs,4cd313662dab4c93a7e0b4f19d66e92d8263f17265832b95da52468b60be7075,mal_train,1,babuk,4cd313662dab4c93a7e0b4f19d66e92d8263f17265832b95da52468b60be7075,x64,plain,1,
vs,508a579ec458c954c0aa9d3411ce9e6fac8bff91ad269d4a414e192b464af2d1,mal_train,1,babuk,508a579ec458c954c0aa9d3411ce9e6fac8bff91ad269d4a414e192b464af2d1,x86,plain,1,
vs,50eba374f306f9a8094b7458dd19001b4a921b8c955eb2b5c7a42f41ff45f865,mal_train,1,babuk,50eba374f306f9a8094b7458dd19001b4a921b8c955eb2b5c7a42f41ff45f865,x86,dotnet,0,dotnet
vs,51c86805e6350412f78a21f197aa00b4c9d4484118dd0261bd03e8539109f569,mal_train,1,babuk,51c86805e6350412f78a21f197aa00b4c9d4484118dd0261bd03e8539109f569,x86,plain,1,
vs,542d67073cbc5c7ce38ebcd31809591f54e000d901048c9e11870faa98cbf67d,mal_train,1,babuk,542d67073cbc5c7ce38ebcd31809591f54e000d901048c9e11870faa98cbf67d,x86,plain,1,
vs,56b7e6dd46e38a30ead82790947a425661ad893f54060381c9b76616c27d3b9f,mal_train,1,babuk,56b7e6dd46e38a30ead82790947a425661ad893f54060381c9b76616c27d3b9f,x86,dotnet,0,dotnet
vs,5874159ac61ab0349f29c8336c6d31d27c4df181318942ace320f4a6c6d24abe,mal_train,1,babuk,5874159ac61ab0349f29c8336c6d31d27c4df181318942ace320f4a6c6d24abe,x64,plain,1,
vs,58ccba4fb2b3ed8b5f92adddd6ee331a6afdedfc755145e0432a7cb324c28053,mal_train,1,babuk,58ccba4fb2b3ed8b5f92adddd6ee331a6afdedfc755145e0432a7cb324c28053,x86,plain,1,
vs,6195f07015a3408f58375cf7dd2444f3fe1a751cea0052cad9024fc55e8aa320,mal_train,1,babuk,6195f07015a3408f58375cf7dd2444f3fe1a751cea0052cad9024fc55e8aa320,x86,plain,1,
vs,624391da604c4f5a032783234edc2f22338150656d90179a910e1e45cbfaf566,mal_train,1,babuk,624391da604c4f5a032783234edc2f22338150656d90179a910e1e45cbfaf566,x86,plain,1,
vs,6bfaba7f6d10242872a5616340c1e6beba3b2d285d59ed79b63272ea1f2c968e,mal_train,1,babuk,6bfaba7f6d10242872a5616340c1e6beba3b2d285d59ed79b63272ea1f2c968e,x86,dotnet,0,dotnet
vs,764fa73478783cf7d93bb29e519d267efc451b587a4dc6eea939760e1c9419d2,mal_train,1,babuk,764fa73478783cf7d93bb29e519d267efc451b587a4dc6eea939760e1c9419d2,x86,plain,1,
vs,79a67070f0fbff66cb39f3dadd3e3565b1b1b98ed9e079562aabd90d10ad75ac,mal_train,1,babuk,79a67070f0fbff66cb39f3dadd3e3565b1b1b98ed9e079562aabd90d10ad75ac,x86,plain,1,
vs,80c58ad933073630a37ad8d78739807b1f4b6f5f65900c59c8424b5df11c632b,mal_train,1,babuk,80c58ad933073630a37ad8d78739807b1f4b6f5f65900c59c8424b5df11c632b,x86,plain,1,
vs,81e7942a1f32fb18e37cf622c5a24b7c54c4792549363fddf9a3a9095a07f23e,mal_train,1,babuk,81e7942a1f32fb18e37cf622c5a24b7c54c4792549363fddf9a3a9095a07f23e,x86,plain,1,
vs,84b9d55a0e240587fc7d4be0d73ca623d1e1b126b963df2b5e3c71d73818c5fd,mal_train,1,babuk,84b9d55a0e240587fc7d4be0d73ca623d1e1b126b963df2b5e3c71d73818c5fd,x86,dotnet,0,dotnet
vs,87b9b910d5d5a053e3b39989cc6fd51601abdaea207a26c765f21f43a4cd4dcb,mal_train,1,babuk,87b9b910d5d5a053e3b39989cc6fd51601abdaea207a26c765f21f43a4cd4dcb,x86,plain,1,
vs,88f9515a15433092c34ef33860d1f4994fed90c52bbc219493f4cee2cb2ccbfa,mal_train,1,babuk,88f9515a15433092c34ef33860d1f4994fed90c52bbc219493f4cee2cb2ccbfa,x86,plain,1,
vs,91bd5168b9b0026bfcc02f4a30c11f76d8663ef3ccf734afcc490098b517fa25,mal_train,1,babuk,91bd5168b9b0026bfcc02f4a30c11f76d8663ef3ccf734afcc490098b517fa25,x86,plain,1,
vs,9f7d6949fd359dce79d3233eb80101ff706a35de5308543b0488450c19eba0f0,mal_train,1,babuk,9f7d6949fd359dce79d3233eb80101ff706a35de5308543b0488450c19eba0f0,x86,dotnet,0,dotnet
vs,a72cd6dcf20df1725db00b53e95a35cc02490a974845b2f0e45db94d85eb69ff,mal_train,1,babuk,a72cd6dcf20df1725db00b53e95a35cc02490a974845b2f0e45db94d85eb69ff,x64,upx_unpacked,1,
vs,a8df7571e871d22f13ba3eb376eddd1f73ce241d24caa878494e1805219b342a,mal_train,1,babuk,a8df7571e871d22f13ba3eb376eddd1f73ce241d24caa878494e1805219b342a,x86,packed_other,0,packed_other
vs,ab8eee432fa636360b3c6724fe6851e9cf8eeae1ee9da6fc576bee1cd5d7fad2,mal_train,1,babuk,ab8eee432fa636360b3c6724fe6851e9cf8eeae1ee9da6fc576bee1cd5d7fad2,x86,plain,1,
vs,ae409f3d835b583fd60657a894398589d3f712dcb72c85d8057fc81571d73cec,mal_train,1,babuk,ae409f3d835b583fd60657a894398589d3f712dcb72c85d8057fc81571d73cec,x64,plain,1,
vs,b4ecf72fa4af827c32bbc16c05597dbc1216c2fb0b9c2fdff757300e9ab20cef,mal_train,1,babuk,b4ecf72fa4af827c32bbc16c05597dbc1216c2fb0b9c2fdff757300e9ab20cef,,bad_pe,0,bad_pe
vs,b54fac5e1433492ab96c5486cd854bf0ddf4446d0d96720feea780516d40450c,mal_train,1,babuk,b54fac5e1433492ab96c5486cd854bf0ddf4446d0d96720feea780516d40450c,x64,plain,1,
vs,bcb5833e9b9ff99e6d2001552ad663f511bc57af02ca6ecacb188130fd8d753f,mal_train,1,babuk,bcb5833e9b9ff99e6d2001552ad663f511bc57af02ca6ecacb188130fd8d753f,x86,dotnet,0,dotnet
vs,c94a81fdf688d220827320e88cc0b89af8690142abe5c602131b6659297c7d24,mal_train,1,babuk,c94a81fdf688d220827320e88cc0b89af8690142abe5c602131b6659297c7d24,x86,plain,1,
vs,cbdc8fd073176c4e0328aff65147f37e5d46847de62508e7a3cf12f49a40b799,mal_train,1,babuk,cbdc8fd073176c4e0328aff65147f37e5d46847de62508e7a3cf12f49a40b799,x86,plain,1,
vs,d066e2aa9b600e2f1b8515016e65bc030d48462af178c7944979d73839012ca8,mal_train,1,babuk,d066e2aa9b600e2f1b8515016e65bc030d48462af178c7944979d73839012ca8,x86,plain,1,
vs,d792ec4dc1e5fca5dac1f612d86168f36b701e44ea4d13f4cc79b308644f3724,mal_train,1,babuk,d792ec4dc1e5fca5dac1f612d86168f36b701e44ea4d13f4cc79b308644f3724,x86,upx_unpacked,1,
vs,d9d01bff3bf98b37793eb9d74e713cc340b7d9ad40d0c6437f422c41fca73364,mal_train,1,babuk,d9d01bff3bf98b37793eb9d74e713cc340b7d9ad40d0c6437f422c41fca73364,x86,packed_other,0,packed_other
vs,db28d5d2a0e2b0320748a4f68156463642ab59671a3c8f7266c23fdffe186ac1,mal_train,1,babuk,db28d5d2a0e2b0320748a4f68156463642ab59671a3c8f7266c23fdffe186ac1,x86,dotnet,0,dotnet
vs,decc924c5d9724166e627622abfe52636a28c89253307aa88966c70b77a3e1a6,mal_train,1,babuk,decc924c5d9724166e627622abfe52636a28c89253307aa88966c70b77a3e1a6,x86,plain,1,
vs,e08f17b42e47bf973bf866f167a49b931b99fe1b50bc820078ac2644bd8c209c,mal_train,1,babuk,e08f17b42e47bf973bf866f167a49b931b99fe1b50bc820078ac2644bd8c209c,x86,plain,1,
vs,eb180fcc43380b15013d9fe42e658fc6f6c32cf23426ef10b89bc6548d40523b,mal_train,1,babuk,eb180fcc43380b15013d9fe42e658fc6f6c32cf23426ef10b89bc6548d40523b,x86,plain,1,
vs,ed0f154481261e9a08dcc4f7e4d396bce75526811216106daa70d4148c660d76,mal_train,1,babuk,ed0f154481261e9a08dcc4f7e4d396bce75526811216106daa70d4148c660d76,x86,plain,1,
vs,f0ec54b9dc2e64c214e92b521933cee172283ff5c942cf84fae4ec5b03abab55,mal_train,1,babuk,f0ec54b9dc2e64c214e92b521933cee172283ff5c942cf84fae4ec5b03abab55,x86,plain,1,
vs,f4c2169dab08ca0aa12fe0e35a0424b6de1396b719a3eb34c3f7ce205a99dd46,mal_train,1,babuk,f4c2169dab08ca0aa12fe0e35a0424b6de1396b719a3eb34c3f7ce205a99dd46,x64,plain,1,
vs,f62f4261c914202f3445e122283178a508fa9cc0c480daddc180b5901557b2d7,mal_train,1,babuk,f62f4261c914202f3445e122283178a508fa9cc0c480daddc180b5901557b2d7,x86,dotnet,0,dotnet
vs,f8cfcd21368ff8d8590000adf0b18d03aa49364a344bffeed9a8f32d5af1148f,mal_train,1,babuk,f8cfcd21368ff8d8590000adf0b18d03aa49364a344bffeed9a8f32d5af1148f,x86,plain,1,
vs,06f10c935fae531e070c55bde15ee3b48b6bb289af237e96eec82124c19d1049,mal_train,1,bianlian,06f10c935fae531e070c55bde15ee3b48b6bb289af237e96eec82124c19d1049,x64,plain,1,
vs,117a057829cd9abb5fba20d3ab479fc92ed64c647fdc1b7cd4e0f44609d770ea,mal_train,1,bianlian,117a057829cd9abb5fba20d3ab479fc92ed64c647fdc1b7cd4e0f44609d770ea,,bad_pe,0,bad_pe
vs,16b0f643670d1f94663179815bfac493f5f30a61d15c18c8b305b1016eece7ef,mal_train,1,bianlian,16b0f643670d1f94663179815bfac493f5f30a61d15c18c8b305b1016eece7ef,x64,plain,1,
vs,1cba58f73221b5bb7930bfeab0106ae5415e70f49a595727022dcf6fda1126e9,mal_train,1,bianlian,1cba58f73221b5bb7930bfeab0106ae5415e70f49a595727022dcf6fda1126e9,x64,plain,1,
vs,1f7675ec795ad551a15fc45a8f4b8b0a948d7004dc703f46e20f3a8b763e462f,mal_train,1,bianlian,1f7675ec795ad551a15fc45a8f4b8b0a948d7004dc703f46e20f3a8b763e462f,x64,plain,1,
vs,23295c518f194dee7815728de15bafe07bf53b52d987c7ad2b2050f833f770f7,mal_train,1,bianlian,23295c518f194dee7815728de15bafe07bf53b52d987c7ad2b2050f833f770f7,x64,plain,1,
vs,264af7e7aa17422eb4299df640c1aa199b4778509697b6b296efa5ae7e957b40,mal_train,1,bianlian,264af7e7aa17422eb4299df640c1aa199b4778509697b6b296efa5ae7e957b40,x64,plain,1,
vs,2ed448721f4e92c7970972f029290ee6269689c840a922982ac2f39c9a6a838f,mal_train,1,bianlian,2ed448721f4e92c7970972f029290ee6269689c840a922982ac2f39c9a6a838f,x64,plain,1,
vs,3be5aab4031263529fe019d4db19c0c6d3eb448e0250e0cb5a7ab2324eb2224d,mal_train,1,bianlian,3be5aab4031263529fe019d4db19c0c6d3eb448e0250e0cb5a7ab2324eb2224d,x64,plain,1,
vs,40126ae71b857dd22db39611c25d3d5dd0e60316b72830e930fba9baf23973ce,mal_train,1,bianlian,40126ae71b857dd22db39611c25d3d5dd0e60316b72830e930fba9baf23973ce,x86,dotnet,0,dotnet
vs,4e92b73a17e0646876fb9be09c4ee6f015f00273932d2422b69339e22b78b385,mal_train,1,bianlian,4e92b73a17e0646876fb9be09c4ee6f015f00273932d2422b69339e22b78b385,x64,plain,1,
vs,5162fd73cbe8f313d2b0e4180bab4cbe47185f73a3ffc3d1dcccc36bc2865142,mal_train,1,bianlian,5162fd73cbe8f313d2b0e4180bab4cbe47185f73a3ffc3d1dcccc36bc2865142,x64,plain,1,
vs,56e63edb832fdf08d19ecfe2de1c7c6c6581cedd431215ded0c8e44ac9aed925,mal_train,1,bianlian,56e63edb832fdf08d19ecfe2de1c7c6c6581cedd431215ded0c8e44ac9aed925,x64,plain,1,
vs,597c492a5af56d935d360fcfd2c1e89928dde492c86975f2c5cc33ec90b042ce,mal_train,1,bianlian,597c492a5af56d935d360fcfd2c1e89928dde492c86975f2c5cc33ec90b042ce,x64,plain,1,
vs,6a844a3775a9a5076103f52bf847087aeb18f7d06d84a5f0dfff13ca65f9ddd1,mal_train,1,bianlian,6a844a3775a9a5076103f52bf847087aeb18f7d06d84a5f0dfff13ca65f9ddd1,x86,plain,1,
vs,73d095abf2f31358c8b1fb0d5a0dc9807e88d44282c896b5033c1b270d44111f,mal_train,1,bianlian,73d095abf2f31358c8b1fb0d5a0dc9807e88d44282c896b5033c1b270d44111f,x64,plain,1,
vs,7dabe5d40c13c7c342b7182eaf7c63fbb5e326300316f6f6518b527d57e79ac8,mal_train,1,bianlian,7dabe5d40c13c7c342b7182eaf7c63fbb5e326300316f6f6518b527d57e79ac8,x64,plain,1,
vs,88dc4a9c852697cff3b9e0d654d20feb8772fdcddb989eabac12b7cfad6e9b64,mal_train,1,bianlian,88dc4a9c852697cff3b9e0d654d20feb8772fdcddb989eabac12b7cfad6e9b64,x64,plain,1,
vs,8b65c9437445e9bcb8164d8557ecb9e3585c8bebf37099a3ec1437884efbdd24,mal_train,1,bianlian,8b65c9437445e9bcb8164d8557ecb9e3585c8bebf37099a3ec1437884efbdd24,x64,plain,1,
vs,91ffe0ee445b82bd3360156feeecf8112d27c9333f9796caffcfda986fd7e9b4,mal_train,1,bianlian,91ffe0ee445b82bd3360156feeecf8112d27c9333f9796caffcfda986fd7e9b4,x64,plain,1,
vs,93953eef3fe8405d563560dc332135bfe5874ddeb373d714862f72ee62bef518,mal_train,1,bianlian,93953eef3fe8405d563560dc332135bfe5874ddeb373d714862f72ee62bef518,x64,plain,1,
vs,93fb7f0c2cf10fb5885e03c737ee8508816c1102e9e3d358160b78e91fa1ebdb,mal_train,1,bianlian,93fb7f0c2cf10fb5885e03c737ee8508816c1102e9e3d358160b78e91fa1ebdb,x86,plain,1,
vs,9413ba4a33ea77326b837ba538f92348e1909d5263ca67a86aa327daa8fbba30,mal_train,1,bianlian,9413ba4a33ea77326b837ba538f92348e1909d5263ca67a86aa327daa8fbba30,x64,plain,1,
vs,a201e2d6851386b10e20fbd6464e861dea75a802451954ebe66502c2301ea0ed,mal_train,1,bianlian,a201e2d6851386b10e20fbd6464e861dea75a802451954ebe66502c2301ea0ed,x64,plain,1,
vs,a9a99d47805f43114f84ceb1c84c9148bcbeec751a94c14cb9c1f76987bd1c09,mal_train,1,bianlian,a9a99d47805f43114f84ceb1c84c9148bcbeec751a94c14cb9c1f76987bd1c09,x64,plain,1,
vs,ac14946fd31ca586368c774f3a3eed1620bf0f0b4f54544f5d25e87facf18d82,mal_train,1,bianlian,ac14946fd31ca586368c774f3a3eed1620bf0f0b4f54544f5d25e87facf18d82,x64,plain,1,
vs,ae61d655793f94da0c082ce2a60f024373adf55380f78173956c5174edb43d49,mal_train,1,bianlian,ae61d655793f94da0c082ce2a60f024373adf55380f78173956c5174edb43d49,x64,plain,1,
vs,af394892296db7e58990fb341c354d2532436e95e676287f5d03f7dabc6297a6,mal_train,1,bianlian,af394892296db7e58990fb341c354d2532436e95e676287f5d03f7dabc6297a6,x64,plain,1,
vs,af46356eb70f0fbb0799f8a8d5c0f7513d2f6ade4f16d4869f2690029b511d4f,mal_train,1,bianlian,af46356eb70f0fbb0799f8a8d5c0f7513d2f6ade4f16d4869f2690029b511d4f,x64,plain,1,
vs,afb7f11da27439a2e223e6b651f96eb16a7e35b34918e501886d25439015bf78,mal_train,1,bianlian,afb7f11da27439a2e223e6b651f96eb16a7e35b34918e501886d25439015bf78,x86,plain,1,
vs,b09117026afdd58f26c2a469df134f97a168fd881e2b7d4a16c3cc26527b54f6,mal_train,1,bianlian,b09117026afdd58f26c2a469df134f97a168fd881e2b7d4a16c3cc26527b54f6,x64,upx_unpacked,1,
vs,bd41ac2686beadc1cb008433960317b648caae37c93d8c0d61ad40fe27b5b67e,mal_train,1,bianlian,bd41ac2686beadc1cb008433960317b648caae37c93d8c0d61ad40fe27b5b67e,x64,plain,1,
vs,bd57af28c94c3b7f156511c48f4b62cd1b4c29a1a693f4dc831e0a928691cc56,mal_train,1,bianlian,bd57af28c94c3b7f156511c48f4b62cd1b4c29a1a693f4dc831e0a928691cc56,x64,plain,1,
vs,c775e6d87a3bcc5e94cd055fee859bdb6350af033114fe8588d2d4d4f6d2a3ae,mal_train,1,bianlian,c775e6d87a3bcc5e94cd055fee859bdb6350af033114fe8588d2d4d4f6d2a3ae,x64,plain,1,
vs,e525bc376016b4bd2d6dd2e05aac14765bbd2e384bbdee9b9d67e4990e05c196,mal_train,1,bianlian,e525bc376016b4bd2d6dd2e05aac14765bbd2e384bbdee9b9d67e4990e05c196,x86,plain,1,
vs,05ebae760340fe44362ab7c8f70b2d89d6c9ba9b9ee8a9f747b2f19d326c3431,mal_train,1,blackbasta,05ebae760340fe44362ab7c8f70b2d89d6c9ba9b9ee8a9f747b2f19d326c3431,x86,plain,1,
vs,07117c02a09410f47a326b52c7f17407e63ba5e6ff97277446efc75b862d2799,mal_train,1,blackbasta,07117c02a09410f47a326b52c7f17407e63ba5e6ff97277446efc75b862d2799,x86,plain,1,
vs,11129aad3b5baa1d118ec0ee3922278c194e43f6e2f0fcef221c65e5f4490d3b,mal_train,1,blackbasta,11129aad3b5baa1d118ec0ee3922278c194e43f6e2f0fcef221c65e5f4490d3b,x86,plain,1,
vs,1354254499b2e3353708747d36c334074f40c1f726ea7590384f2192c972f8c3,mal_train,1,blackbasta,1354254499b2e3353708747d36c334074f40c1f726ea7590384f2192c972f8c3,x64,plain,1,
vs,2413841b2f5f656e269f61644d3957847b199107bb6b141c3208a03df59f0759,mal_train,1,blackbasta,2413841b2f5f656e269f61644d3957847b199107bb6b141c3208a03df59f0759,x86,packed_other,0,packed_other
vs,2558d0817586306d0ddf7beadd371785cd0a0b7ed860ac62760dbbc92866008a,mal_train,1,blackbasta,2558d0817586306d0ddf7beadd371785cd0a0b7ed860ac62760dbbc92866008a,x86,plain,1,
vs,3d8713641264c41cd6784c5569c1447299fba88633070e40e70bb3ae2b4c5a4e,mal_train,1,blackbasta,3d8713641264c41cd6784c5569c1447299fba88633070e40e70bb3ae2b4c5a4e,x86,plain,1,
vs,51eb749d6cbd08baf9d43c2f83abd9d4d86eb5206f62ba43b768251a98ce9d3e,mal_train,1,blackbasta,51eb749d6cbd08baf9d43c2f83abd9d4d86eb5206f62ba43b768251a98ce9d3e,x86,plain,1,
vs,5211ad84270862e68026ce8e6c15c1f8499551e19d2967c349b46d3f8cfcdcaa,mal_train,1,blackbasta,5211ad84270862e68026ce8e6c15c1f8499551e19d2967c349b46d3f8cfcdcaa,x86,plain,1,
vs,723d1cf3d74fb3ce95a77ed9dff257a78c8af8e67a82963230dd073781074224,mal_train,1,blackbasta,723d1cf3d74fb3ce95a77ed9dff257a78c8af8e67a82963230dd073781074224,x86,packed_other,0,packed_other
vs,89c211c8dd4963f489b9b785ac887cfc0e6780bcdb54ee1df8fc19f2a825eafa,mal_train,1,blackbasta,89c211c8dd4963f489b9b785ac887cfc0e6780bcdb54ee1df8fc19f2a825eafa,x86,plain,1,
vs,a120203700369c2bb7ca8abd7d49a89070d73b4c0625203539c4fd47dc2231b9,mal_train,1,blackbasta,a120203700369c2bb7ca8abd7d49a89070d73b4c0625203539c4fd47dc2231b9,x64,plain,1,
vs,a9503a3d998e705c37d3bec7fea0ff188bcf7e753833c8b4b195e590c4ed9625,mal_train,1,blackbasta,a9503a3d998e705c37d3bec7fea0ff188bcf7e753833c8b4b195e590c4ed9625,x86,upx_unpacked,1,
vs,ab24df3877345cfab2c946d8a714f1ef17fe18c6744034b44ec0c83a3b613195,mal_train,1,blackbasta,ab24df3877345cfab2c946d8a714f1ef17fe18c6744034b44ec0c83a3b613195,x86,plain,1,
vs,c61a3b75e95ea37acb0d7653126ce080c807caf182c5002d2a2185e87f533dd6,mal_train,1,blackbasta,c61a3b75e95ea37acb0d7653126ce080c807caf182c5002d2a2185e87f533dd6,x86,packed_other,0,packed_other
vs,cf1256ae391410f7ebc785d180eb03ff36135cf8f9051b6d8c803386abdafb78,mal_train,1,blackbasta,cf1256ae391410f7ebc785d180eb03ff36135cf8f9051b6d8c803386abdafb78,,bad_pe,0,bad_pe
vs,d982401b64ae312363fafadcfdedabdd7c13ad89651767c5c6bc0fef03f63fb4,mal_train,1,blackbasta,d982401b64ae312363fafadcfdedabdd7c13ad89651767c5c6bc0fef03f63fb4,x86,plain,1,
vs,df5b004be71717362e6b1ad22072f9ee4113b95b5d78c496a90857977a9fb415,mal_train,1,blackbasta,df5b004be71717362e6b1ad22072f9ee4113b95b5d78c496a90857977a9fb415,x86,plain,1,
vs,1b90e6f959db883fb4a036dac06242be724a7637708058e2c439e2250222d6d1,mal_train,1,blackcat,1b90e6f959db883fb4a036dac06242be724a7637708058e2c439e2250222d6d1,x64,plain,1,
vs,1d6d47bf20d21b860d232a358481c477c36491134ea976372c69a0483e05a556,mal_train,1,blackcat,1d6d47bf20d21b860d232a358481c477c36491134ea976372c69a0483e05a556,x86,plain,1,
vs,326993f7e516c7a9608bb8bdc9a7ae162ca485f70a97ede3fd9ba137878c66e5,mal_train,1,blackcat,326993f7e516c7a9608bb8bdc9a7ae162ca485f70a97ede3fd9ba137878c66e5,x86,plain,1,
vs,38d5f4f37686dab8b082b591224e272883644caab6a814e7751981da00523c51,mal_train,1,blackcat,38d5f4f37686dab8b082b591224e272883644caab6a814e7751981da00523c51,x86,plain,1,
vs,3c300726a6cdd8a39230f0775ea726c2d42838ac7ff53bfdd7c58d28df4182d5,mal_train,1,blackcat,3c300726a6cdd8a39230f0775ea726c2d42838ac7ff53bfdd7c58d28df4182d5,x86,plain,1,
vs,3d457b11a195ea28d5ce30afa350c5e718302a310da4eb0746406dba270f55b3,mal_train,1,blackcat,3d457b11a195ea28d5ce30afa350c5e718302a310da4eb0746406dba270f55b3,,bad_pe,0,bad_pe
vs,3d7cf20ca6476e14e0a026f9bdd8ff1f26995cdc5854c3adb41a6135ef11ba83,mal_train,1,blackcat,3d7cf20ca6476e14e0a026f9bdd8ff1f26995cdc5854c3adb41a6135ef11ba83,x86,plain,1,
vs,46daafc57c385a2d0b5516c058ead1ee9a49c7e5c0d411f546fb31985a61fe38,mal_train,1,blackcat,46daafc57c385a2d0b5516c058ead1ee9a49c7e5c0d411f546fb31985a61fe38,x86,plain,1,
vs,4729c95c7b1da0c7176d100bb5fccea3b1c467f295e37677fab3b50d41ff1ff0,mal_train,1,blackcat,4729c95c7b1da0c7176d100bb5fccea3b1c467f295e37677fab3b50d41ff1ff0,x86,plain,1,
vs,5165cd61158a14ba2f90c275d29d8271b1f0c5669ebcdc620edd86ee90474dbc,mal_train,1,blackcat,5165cd61158a14ba2f90c275d29d8271b1f0c5669ebcdc620edd86ee90474dbc,x86,plain,1,
vs,53570d6534ecb6c826a2ae043a6d9ae6c026bbb35a48d8bb750a6b6f03525a03,mal_train,1,blackcat,53570d6534ecb6c826a2ae043a6d9ae6c026bbb35a48d8bb750a6b6f03525a03,x86,plain,1,
vs,6253659a160638bb4622dcf28a4f0e0474129794827de68bc276bc4b29e0addf,mal_train,1,blackcat,6253659a160638bb4622dcf28a4f0e0474129794827de68bc276bc4b29e0addf,x86,plain,1,
vs,62ae5ad22213d2adaf0e7cf1ce23ff47b996f60065244b63f361a22daed2bdda,mal_train,1,blackcat,62ae5ad22213d2adaf0e7cf1ce23ff47b996f60065244b63f361a22daed2bdda,x86,plain,1,
vs,72f0981f18b969db2781e874d249d8003c07f99786e217f84cf54a148de259cc,mal_train,1,blackcat,72f0981f18b969db2781e874d249d8003c07f99786e217f84cf54a148de259cc,x86,plain,1,
vs,7e363b5f1ba373782261713fa99e8bbc35ddda97e48799c4eb28f17989da8d8e,mal_train,1,blackcat,7e363b5f1ba373782261713fa99e8bbc35ddda97e48799c4eb28f17989da8d8e,x86,plain,1,
vs,82c3e0dffa77510e2c6b53fefa34379912b986bf5666a34f018f77038cc5bea8,mal_train,1,blackcat,82c3e0dffa77510e2c6b53fefa34379912b986bf5666a34f018f77038cc5bea8,x86,plain,1,
vs,847fb7609f53ed334d5affbb07256c21cb5e6f68b1cc14004f5502d714d2a456,mal_train,1,blackcat,847fb7609f53ed334d5affbb07256c21cb5e6f68b1cc14004f5502d714d2a456,x86,plain,1,
vs,86ccc74375405ef5a86bb26071ec345d3d800438d1e0caa4a6d0cb43bd8562df,mal_train,1,blackcat,86ccc74375405ef5a86bb26071ec345d3d800438d1e0caa4a6d0cb43bd8562df,x86,plain,1,
vs,8dc43793450f2c7f5953e0eb912356113346b6afd48f9400a26c35cdf0ffdd07,mal_train,1,blackcat,8dc43793450f2c7f5953e0eb912356113346b6afd48f9400a26c35cdf0ffdd07,x86,plain,1,
vs,8ee191b51b853addc862307c8f641bd251a8b7dd88263d228453bb06882f2464,mal_train,1,blackcat,8ee191b51b853addc862307c8f641bd251a8b7dd88263d228453bb06882f2464,x86,plain,1,
vs,99c71640bc985654db23b81ecb00e4d0cc160a25e1c58b6a90e379a559ea3440,mal_train,1,blackcat,99c71640bc985654db23b81ecb00e4d0cc160a25e1c58b6a90e379a559ea3440,x86,plain,1,
vs,aba1639c22467782c13a6dbe25c7b79e75b40ab440b7b54454ae9bc54dd6ae51,mal_train,1,blackcat,aba1639c22467782c13a6dbe25c7b79e75b40ab440b7b54454ae9bc54dd6ae51,x86,plain,1,
vs,bc8832f5a8911a1f6f979cbc37e33689f0066078d88bf5c14df534133175d75f,mal_train,1,blackcat,bc8832f5a8911a1f6f979cbc37e33689f0066078d88bf5c14df534133175d75f,x86,plain,1,
vs,c4c49d2da33892fc0fb8d961a5d504b9f458206e0366132c8a0d017d6e8767ff,mal_train,1,blackcat,c4c49d2da33892fc0fb8d961a5d504b9f458206e0366132c8a0d017d6e8767ff,x86,plain,1,
vs,df8d000833243acc0004595b3a8d4b66fcd7b76d8685d5c2ff61ee2a40a0e92c,mal_train,1,blackcat,df8d000833243acc0004595b3a8d4b66fcd7b76d8685d5c2ff61ee2a40a0e92c,x86,plain,1,
vs,e160b6348f6fbdc444125bb65dbd94606d99da48c8334c8e6b2ee4429f813293,mal_train,1,blackcat,e160b6348f6fbdc444125bb65dbd94606d99da48c8334c8e6b2ee4429f813293,x86,plain,1,
vs,e3ab77bd18631ec47eeaed44753cd9d55db0db7e5961f486f5963013656dc3df,mal_train,1,blackcat,e3ab77bd18631ec47eeaed44753cd9d55db0db7e5961f486f5963013656dc3df,x86,plain,1,
vs,e5627c7b3e95c75c95e4532b3204209ed8c6786a159804702e0a3d03cdce7bed,mal_train,1,blackcat,e5627c7b3e95c75c95e4532b3204209ed8c6786a159804702e0a3d03cdce7bed,x86,plain,1,
vs,e69a13add1245bc1b7b6337e64eee9b53395b9574f2b85d32f891680c7165ff5,mal_train,1,blackcat,e69a13add1245bc1b7b6337e64eee9b53395b9574f2b85d32f891680c7165ff5,x86,plain,1,
vs,e9cef52bf082c87766bbac0b3324c3d76e66e9d5b943e751a04583dc041a0273,mal_train,1,blackcat,e9cef52bf082c87766bbac0b3324c3d76e66e9d5b943e751a04583dc041a0273,x86,upx_unpacked,1,
vs,0017ecc5f6c73be23b7575057c8e16b4e8a24723d8409420257144a0c7f6d575,mal_train,1,blackmatter,0017ecc5f6c73be23b7575057c8e16b4e8a24723d8409420257144a0c7f6d575,x86,plain,1,
vs,044539a2eacfd520e93aecc7f977b7ebea9d15c941a7101f5682ccb9fec68e1f,mal_train,1,blackmatter,044539a2eacfd520e93aecc7f977b7ebea9d15c941a7101f5682ccb9fec68e1f,x86,plain,1,
vs,06fe6a157bd3f67ae9f7cdf3478a0db670c2772b584cae5900d2473b6b109bb7,mal_train,1,blackmatter,06fe6a157bd3f67ae9f7cdf3478a0db670c2772b584cae5900d2473b6b109bb7,x86,plain,1,
vs,0b525c358266f139dc9b8311f71dc0c93fe36939a8ed8aedcc3dbe510e82269d,mal_train,1,blackmatter,0b525c358266f139dc9b8311f71dc0c93fe36939a8ed8aedcc3dbe510e82269d,x86,plain,1,
vs,0cd5240c696194cf2eb701cd4d4ca81e7f17612a4042ebb56959008d66537b4b,mal_train,1,blackmatter,0cd5240c696194cf2eb701cd4d4ca81e7f17612a4042ebb56959008d66537b4b,x86,plain,1,
vs,1985db0655bca27343a13d8607904c53a292459083daa8c92ae2f71a5408b40a,mal_train,1,blackmatter,1985db0655bca27343a13d8607904c53a292459083daa8c92ae2f71a5408b40a,x86,plain,1,
vs,1ba2b89f9601d1923c88bcb1643ab6b4c10a83dbae02975dbfafe76ebaac0431,mal_train,1,blackmatter,1ba2b89f9601d1923c88bcb1643ab6b4c10a83dbae02975dbfafe76ebaac0431,x86,plain,1,
vs,1d9ba23a657f2c5eaea64c7a5aa96b628f0c23f371bfa6e74ac9bc9abc0efc93,mal_train,1,blackmatter,1d9ba23a657f2c5eaea64c7a5aa96b628f0c23f371bfa6e74ac9bc9abc0efc93,x86,plain,1,
vs,1e399538c41be1c39566a00c95b78b39186510254e24562ec53a414ad74c23a1,mal_train,1,blackmatter,1e399538c41be1c39566a00c95b78b39186510254e24562ec53a414ad74c23a1,x86,plain,1,
vs,1e3c621f7be6e0a8c220bdd01f7e242cd66fc666e0f91c43454d50bd06ae0359,mal_train,1,blackmatter,1e3c621f7be6e0a8c220bdd01f7e242cd66fc666e0f91c43454d50bd06ae0359,x86,plain,1,
vs,29aa83fd9f601c6163c0c1b0cd6335c30e726e00337ac1312a7f42d2daffbefb,mal_train,1,blackmatter,29aa83fd9f601c6163c0c1b0cd6335c30e726e00337ac1312a7f42d2daffbefb,x86,plain,1,
vs,2ac8295381ebafbe6399707f5435409e859c7c08bf51c666db4438ea5e4a4abb,mal_train,1,blackmatter,2ac8295381ebafbe6399707f5435409e859c7c08bf51c666db4438ea5e4a4abb,x86,plain,1,
vs,2d78ccb074929ea9134063306229d29fbd5416b8d2e720e4e91b92822ed49bbd,mal_train,1,blackmatter,2d78ccb074929ea9134063306229d29fbd5416b8d2e720e4e91b92822ed49bbd,x86,plain,1,
vs,2e3876a4a2e1d7456dbc95a254b419de25a9b26d2bab3d98d8c9ff0faa43b48c,mal_train,1,blackmatter,2e3876a4a2e1d7456dbc95a254b419de25a9b26d2bab3d98d8c9ff0faa43b48c,x86,plain,1,
vs,326536a0bcb9198049da10f4873446393c0f7ceb91098aecdd39a94f6d691112,mal_train,1,blackmatter,326536a0bcb9198049da10f4873446393c0f7ceb91098aecdd39a94f6d691112,x86,plain,1,
vs,34ca794e716157290147b180a0d65d47ddf6dedde646957324d40bf299289294,mal_train,1,blackmatter,34ca794e716157290147b180a0d65d47ddf6dedde646957324d40bf299289294,x86,plain,1,
vs,34f9b16d363f1bd44d912a62ee0745985ac696b6c4aaf4799a9b2b37d11720e8,mal_train,1,blackmatter,34f9b16d363f1bd44d912a62ee0745985ac696b6c4aaf4799a9b2b37d11720e8,x86,plain,1,
vs,370415c872a4ca6e1974cafb2950c3d31259ebdbba4952a81253272cd6b4f93b,mal_train,1,blackmatter,370415c872a4ca6e1974cafb2950c3d31259ebdbba4952a81253272cd6b4f93b,x86,plain,1,
vs,4044ad92b73412a3ca0984bd1f2c4895641c82c437418271893bef418398714e,mal_train,1,blackmatter,4044ad92b73412a3ca0984bd1f2c4895641c82c437418271893bef418398714e,x86,plain,1,
vs,43fbd94e73040bc4db717018ba42a6139a72e000e19314bcc51beed9699385f4,mal_train,1,blackmatter,43fbd94e73040bc4db717018ba42a6139a72e000e19314bcc51beed9699385f4,x86,plain,1,
vs,47f8790c9b5b9aab6ae179a192a91d4a5b4e6aac17c14f103858fa3b72ceba25,mal_train,1,blackmatter,47f8790c9b5b9aab6ae179a192a91d4a5b4e6aac17c14f103858fa3b72ceba25,x86,plain,1,
vs,53e315669d72051a4add2e28938733dc116bb46fdc05dcda1958e7ea466812ed,mal_train,1,blackmatter,53e315669d72051a4add2e28938733dc116bb46fdc05dcda1958e7ea466812ed,x86,plain,1,
vs,58e4c1a9530ea6236fffb02ad3fb9dff7c4462e71942a64f564373e7930cb8b4,mal_train,1,blackmatter,58e4c1a9530ea6236fffb02ad3fb9dff7c4462e71942a64f564373e7930cb8b4,x86,plain,1,
vs,58e8419426fba3b971dd6eb448d6932a5b10247f3e1725e9e36469428abb138c,mal_train,1,blackmatter,58e8419426fba3b971dd6eb448d6932a5b10247f3e1725e9e36469428abb138c,x86,plain,1,
vs,65844473d39bb5b0cc86715b2da6da6fbb8dc12730d5a6caf972d132d74542f0,mal_train,1,blackmatter,65844473d39bb5b0cc86715b2da6da6fbb8dc12730d5a6caf972d132d74542f0,x86,plain,1,
vs,73841818b8e0513e14f50d5e4b58061f3b3772f12926b6ceafe35df114231729,mal_train,1,blackmatter,73841818b8e0513e14f50d5e4b58061f3b3772f12926b6ceafe35df114231729,x86,plain,1,
vs,7494ad77dfaef8c1d03c3025d442477b4a645f263bcf997114e66eb53422efa2,mal_train,1,blackmatter,7494ad77dfaef8c1d03c3025d442477b4a645f263bcf997114e66eb53422efa2,x86,plain,1,
vs,7ac9fb3016067239ef2215fa65d2b82346a061fdb6f385e513f07c35936a4476,mal_train,1,blackmatter,7ac9fb3016067239ef2215fa65d2b82346a061fdb6f385e513f07c35936a4476,x86,plain,1,
vs,7e9bbc5c0e10efd2ae5509243895cc74a242051cd48ad08055e99ac9da0ee781,mal_train,1,blackmatter,7e9bbc5c0e10efd2ae5509243895cc74a242051cd48ad08055e99ac9da0ee781,x86,plain,1,
vs,7fc9ae64edb1864290156397d1baad0b56ce110623b73cd4d8c2b15ead3cdb07,mal_train,1,blackmatter,7fc9ae64edb1864290156397d1baad0b56ce110623b73cd4d8c2b15ead3cdb07,x86,plain,1,
vs,80d36c0476b5de983271b65665bb6997eb58316bc3c151f04b045f45ef80784c,mal_train,1,blackmatter,80d36c0476b5de983271b65665bb6997eb58316bc3c151f04b045f45ef80784c,x86,plain,1,
vs,8655b3b9b297ef153354a4f9778d7b621dd94adf4ca66d526cd7f0095b7fe5d4,mal_train,1,blackmatter,8655b3b9b297ef153354a4f9778d7b621dd94adf4ca66d526cd7f0095b7fe5d4,x86,plain,1,
vs,877f1047825cb5b73a4812279ac15e8987290c99a5d3a99473a9ec85066fabd6,mal_train,1,blackmatter,877f1047825cb5b73a4812279ac15e8987290c99a5d3a99473a9ec85066fabd6,x86,plain,1,
vs,8796e69f738fceb99fd177a5536dbccf5112ffa202a8b05be10ab45e600e289b,mal_train,1,blackmatter,8796e69f738fceb99fd177a5536dbccf5112ffa202a8b05be10ab45e600e289b,x86,plain,1,
vs,89dc341bbd176fbcee31f54884c132faf7c847838609f330249f634b99fd0a0c,mal_train,1,blackmatter,89dc341bbd176fbcee31f54884c132faf7c847838609f330249f634b99fd0a0c,x86,plain,1,
vs,8c047ba01ef0db2b2057190d6c35a7c0e6965f465b0015d17b8c59c3767b2cf1,mal_train,1,blackmatter,8c047ba01ef0db2b2057190d6c35a7c0e6965f465b0015d17b8c59c3767b2cf1,x86,plain,1,
vs,8f87c47d2cd49eb5d0cc2dbcedf9822c74dcb8e87670ed3f1ec9f5a0d0a74844,mal_train,1,blackmatter,8f87c47d2cd49eb5d0cc2dbcedf9822c74dcb8e87670ed3f1ec9f5a0d0a74844,x86,plain,1,
vs,91e39f6bb60a3860e6d1dc1fb711a8865281407614d5d106d03678c8723f2ddf,mal_train,1,blackmatter,91e39f6bb60a3860e6d1dc1fb711a8865281407614d5d106d03678c8723f2ddf,x86,plain,1,
vs,92fc7f45d4968df95bc082220680c9ebd6a381a9467f77493878af031454d633,mal_train,1,blackmatter,92fc7f45d4968df95bc082220680c9ebd6a381a9467f77493878af031454d633,x86,plain,1,
vs,93da3f615d041dc37a4b3db4a3d0c60bfd3c3fb1fc3ff4d5b764c646b629da7b,mal_train,1,blackmatter,93da3f615d041dc37a4b3db4a3d0c60bfd3c3fb1fc3ff4d5b764c646b629da7b,x86,plain,1,
vs,9d8526b0ecc2081eab5ec68b7063fffe8dbd987681b77b2e8d96a0c8979b1f8a,mal_train,1,blackmatter,9d8526b0ecc2081eab5ec68b7063fffe8dbd987681b77b2e8d96a0c8979b1f8a,x86,plain,1,
vs,9e2d6e16e5572e6459bc257f4e6dc47b0b5f11663568bba2e9ad1e8a71165cd9,mal_train,1,blackmatter,9e2d6e16e5572e6459bc257f4e6dc47b0b5f11663568bba2e9ad1e8a71165cd9,x86,plain,1,
vs,a2dca6efacc34720cbfeb2e75b15ee587bd2263f1720f63f373bc1632c603553,mal_train,1,blackmatter,a2dca6efacc34720cbfeb2e75b15ee587bd2263f1720f63f373bc1632c603553,x86,plain,1,
vs,a397bea4c70bf3264348c88fca652fcbb2d421832672fa58a790af67bf419469,mal_train,1,blackmatter,a397bea4c70bf3264348c88fca652fcbb2d421832672fa58a790af67bf419469,x86,plain,1,
vs,ae02bd22cede04bdb3d48b0e32a9611c9352f28e2ddaf56af55112fdb8b2cc17,mal_train,1,blackmatter,ae02bd22cede04bdb3d48b0e32a9611c9352f28e2ddaf56af55112fdb8b2cc17,x86,plain,1,
vs,bc93fb67cf4dba8c35e91b551ca3190db25ffa4a36f821bc5a6b900927470fb9,mal_train,1,blackmatter,bc93fb67cf4dba8c35e91b551ca3190db25ffa4a36f821bc5a6b900927470fb9,x86,plain,1,
vs,bde1040f09977c860333464af390159fffeb3a2156f0cc0607369c3115c2f2da,mal_train,1,blackmatter,bde1040f09977c860333464af390159fffeb3a2156f0cc0607369c3115c2f2da,x86,plain,1,
vs,c527ebf0bb60a09e78bc1b4605573d93fccc7df0d3776120dffff79e4ffccf45,mal_train,1,blackmatter,c527ebf0bb60a09e78bc1b4605573d93fccc7df0d3776120dffff79e4ffccf45,x86,plain,1,
vs,c9417d4683324c34c7b976395c01f79150a626966e27144244214423aa64ccde,mal_train,1,blackmatter,c9417d4683324c34c7b976395c01f79150a626966e27144244214423aa64ccde,x86,plain,1,
vs,cdc7d79ae4215dccf60882afb6c3abee6b95d9db7c1587746fc8d533d1631e9d,mal_train,1,blackmatter,cdc7d79ae4215dccf60882afb6c3abee6b95d9db7c1587746fc8d533d1631e9d,x86,plain,1,
vs,ceed9b497256fd017f5073edd0bdcb9b1923b633ae5f9fdd95b46c634ebd747e,mal_train,1,blackmatter,ceed9b497256fd017f5073edd0bdcb9b1923b633ae5f9fdd95b46c634ebd747e,x86,plain,1,
vs,cf3befb087ca768d1dcd4eee9dc75c9adb1ca26bce74865c9005da1c2c794274,mal_train,1,blackmatter,cf3befb087ca768d1dcd4eee9dc75c9adb1ca26bce74865c9005da1c2c794274,x86,plain,1,
vs,d715b248f71cd6ba4fcc78b89e9184ff5f0a04b9d02790bcbc30e13c040d3973,mal_train,1,blackmatter,d715b248f71cd6ba4fcc78b89e9184ff5f0a04b9d02790bcbc30e13c040d3973,x86,plain,1,
vs,dc870a75269409d7ccee7984b7c2b6b03f29aabea10a314bf1a068aba23452e4,mal_train,1,blackmatter,dc870a75269409d7ccee7984b7c2b6b03f29aabea10a314bf1a068aba23452e4,x86,plain,1,
vs,e040fac4e5b29fbe7606c2d39372935a8aee80a3167c7521efabc7c3e002a242,mal_train,1,blackmatter,e040fac4e5b29fbe7606c2d39372935a8aee80a3167c7521efabc7c3e002a242,x86,plain,1,
vs,e67dbabcd48b1294883b07d7724f416a77963c79aaf9d81bed9d7e2d0dcd9731,mal_train,1,blackmatter,e67dbabcd48b1294883b07d7724f416a77963c79aaf9d81bed9d7e2d0dcd9731,x86,plain,1,
vs,e791ff4d28779b72bf7720b13bdb91a9be678c4b9f5a34e04d63d7a4b6f3777a,mal_train,1,blackmatter,e791ff4d28779b72bf7720b13bdb91a9be678c4b9f5a34e04d63d7a4b6f3777a,x86,plain,1,
vs,f016df16d0f34aaae36bf10e0ca6bccdce2a4d552fcc6444e6f48318ef0b2c4a,mal_train,1,blackmatter,f016df16d0f34aaae36bf10e0ca6bccdce2a4d552fcc6444e6f48318ef0b2c4a,x86,plain,1,
vs,f8850a32d2b21be78972966fa0cc0d809b997fa80eb27a2e0be95e83ffd21463,mal_train,1,blackmatter,f8850a32d2b21be78972966fa0cc0d809b997fa80eb27a2e0be95e83ffd21463,x86,plain,1,
vs,fa361c712381c82552952e348c36dca949329db6ea6088c7228c3884ebb0bfe7,mal_train,1,blackmatter,fa361c712381c82552952e348c36dca949329db6ea6088c7228c3884ebb0bfe7,x86,plain,1,
vs,2adcf43d221de2f72ba5088dac3a3193219412882df711d095f04e3f5b40767c,mal_train,1,blacksuit,2adcf43d221de2f72ba5088dac3a3193219412882df711d095f04e3f5b40767c,x86,plain,1,
vs,35f3ee553626b2267e4a8f35dce5b40840e5a461f13652bd2659681c31068805,mal_train,1,blacksuit,35f3ee553626b2267e4a8f35dce5b40840e5a461f13652bd2659681c31068805,x86,plain,1,
vs,55eb32a530380afc0923e2996f1150e1b6d1cf0f513d29bfd026e9727c8b4343,mal_train,1,blacksuit,55eb32a530380afc0923e2996f1150e1b6d1cf0f513d29bfd026e9727c8b4343,x86,plain,1,
vs,90ae0c693f6ffd6dc5bb2d5a5ef078629c3d77f874b2d2ebd9e109d8ca049f2c,mal_train,1,blacksuit,90ae0c693f6ffd6dc5bb2d5a5ef078629c3d77f874b2d2ebd9e109d8ca049f2c,x86,plain,1,
vs,9c48e36b0ea519b37e44f5669da8b1eb59782798f8e8ebb6238441f73dc8102c,mal_train,1,blacksuit,9c48e36b0ea519b37e44f5669da8b1eb59782798f8e8ebb6238441f73dc8102c,x86,packed_other,0,packed_other
vs,9fbd818dc28ea5561278e873bd9b6deb896d4fbaac86209903bdeaad55c6c31a,mal_train,1,blacksuit,9fbd818dc28ea5561278e873bd9b6deb896d4fbaac86209903bdeaad55c6c31a,x86,plain,1,
vs,cbd70a7fab661abee699e96bc790f813a553aa9aae80050544cc4137d6842589,mal_train,1,blacksuit,cbd70a7fab661abee699e96bc790f813a553aa9aae80050544cc4137d6842589,x86,plain,1,
vs,eb12c198fc1b6ec79ea4b457988db4478ee6bc9aca128aa24a85b76a57add459,mal_train,1,blacksuit,eb12c198fc1b6ec79ea4b457988db4478ee6bc9aca128aa24a85b76a57add459,x86,plain,1,
vs,01d82a941b1c5186c3c2ad0cd44843e51c69756e52783d9e3a5dfa09486973ec,mal_train,1,cactus,01d82a941b1c5186c3c2ad0cd44843e51c69756e52783d9e3a5dfa09486973ec,x64,upx_unpacked,1,
vs,0933f23c466188e0a7c6fab661bdb8487cf7028c5cec557efb75fde9879a6af8,mal_train,1,cactus,0933f23c466188e0a7c6fab661bdb8487cf7028c5cec557efb75fde9879a6af8,x64,upx_unpacked,1,
vs,0a8088e2ba539541f476836c6f4e5812c4ae5c52133801faa1bc3806a4ade683,mal_train,1,cactus,0a8088e2ba539541f476836c6f4e5812c4ae5c52133801faa1bc3806a4ade683,x64,plain,1,
vs,1000cd4b74290bcecbe1be07146dad30a46f264bfeb0b8ceb00c83a6ff1e70d9,mal_train,1,cactus,1000cd4b74290bcecbe1be07146dad30a46f264bfeb0b8ceb00c83a6ff1e70d9,x64,plain,1,
vs,1cf6d946c45f4ce73a0f97cdbc136c9eef7723292bc3b6c9a9ecc8f90386f6d2,mal_train,1,cactus,1cf6d946c45f4ce73a0f97cdbc136c9eef7723292bc3b6c9a9ecc8f90386f6d2,x64,upx_unpacked,1,
vs,1d181efaca780479bc95ff58def690d2770928d4a563baad5d67721595c6bd7d,mal_train,1,cactus,1d181efaca780479bc95ff58def690d2770928d4a563baad5d67721595c6bd7d,x64,plain,1,
vs,1ea49714b2ff515922e3b606da7a9f01732b207a877bcdd1908f733eb3c98af3,mal_train,1,cactus,1ea49714b2ff515922e3b606da7a9f01732b207a877bcdd1908f733eb3c98af3,x64,plain,1,
vs,21d7ad955dbc5732be90f3d6dbb4e161ef9cf511a7989e72c4ea1c5e44744167,mal_train,1,cactus,21d7ad955dbc5732be90f3d6dbb4e161ef9cf511a7989e72c4ea1c5e44744167,x64,plain,1,
vs,23d62b71af79a0e6aed11e378f810613b349361b09faf975dca9e2d202dd3b66,mal_train,1,cactus,23d62b71af79a0e6aed11e378f810613b349361b09faf975dca9e2d202dd3b66,x64,plain,1,
vs,34e321305bec2bb72c1502624872a82c7343541290c1faa4441e59a3240d20a0,mal_train,1,cactus,34e321305bec2bb72c1502624872a82c7343541290c1faa4441e59a3240d20a0,x64,plain,1,
vs,378bec795d652d3941510969c1db6a42fab4d493704fbd52121a48d2ba459d0d,mal_train,1,cactus,378bec795d652d3941510969c1db6a42fab4d493704fbd52121a48d2ba459d0d,x64,plain,1,
vs,3b436896a4908d85488877fbeb7f56d86804dac9382fbb039be062500a49128f,mal_train,1,cactus,3b436896a4908d85488877fbeb7f56d86804dac9382fbb039be062500a49128f,x64,plain,1,
vs,3d8413e976c98885e288719acbe725806c88ab683c8982e632216248ce6ba46d,mal_train,1,cactus,3d8413e976c98885e288719acbe725806c88ab683c8982e632216248ce6ba46d,x64,plain,1,
vs,4b0a5d6a176317437978211a423a7c1cdf832baa7984bba09aeeb5a1e4d07aa3,mal_train,1,cactus,4b0a5d6a176317437978211a423a7c1cdf832baa7984bba09aeeb5a1e4d07aa3,x64,plain,1,
vs,4b4a87552c44158fb53a72c7294319b0ddde9f99f460425ad5997d3b9121cd1e,mal_train,1,cactus,4b4a87552c44158fb53a72c7294319b0ddde9f99f460425ad5997d3b9121cd1e,x86,plain,1,
vs,4e5e5eacd75cab2eee63c5ad53b368e8fdf23ac379c04de87ef4922146271ebc,mal_train,1,cactus,4e5e5eacd75cab2eee63c5ad53b368e8fdf23ac379c04de87ef4922146271ebc,x64,upx_unpacked,1,
vs,509a533ade43406eb50fa9cb8984b2e10d008ad0ea8c22d0652f3ee101125bb7,mal_train,1,cactus,509a533ade43406eb50fa9cb8984b2e10d008ad0ea8c22d0652f3ee101125bb7,x86,upx_unpacked,1,
vs,5434c0b08a511f6913b9eb1702a481e7feb76d4c38123d8b78f195c047f4706c,mal_train,1,cactus,5434c0b08a511f6913b9eb1702a481e7feb76d4c38123d8b78f195c047f4706c,x64,upx_unpacked,1,
vs,58ea56177cf0e8a863d6e9f11570a3e61239e21e1d0b5667537b7223d4131c42,mal_train,1,cactus,58ea56177cf0e8a863d6e9f11570a3e61239e21e1d0b5667537b7223d4131c42,x64,plain,1,
vs,6007ed278f1cb22cfae95dcc4684ae157435ea759ee7b972de3d5e039695b189,mal_train,1,cactus,6007ed278f1cb22cfae95dcc4684ae157435ea759ee7b972de3d5e039695b189,x64,plain,1,
vs,6642d79f4d1044b756e2c3221ace37a71b4a671e18847f2940e2ea349dc6cb67,mal_train,1,cactus,6642d79f4d1044b756e2c3221ace37a71b4a671e18847f2940e2ea349dc6cb67,x64,plain,1,
vs,6b5a962ad755b0723863cdb386b6958cc0c6dc3ca81fd61cd3adcdeaefa7f9c0,mal_train,1,cactus,6b5a962ad755b0723863cdb386b6958cc0c6dc3ca81fd61cd3adcdeaefa7f9c0,x64,plain,1,
vs,70a580e734c2331098fa3ecf3f1c928e17ddb92f99f75956c3f805b065222685,mal_train,1,cactus,70a580e734c2331098fa3ecf3f1c928e17ddb92f99f75956c3f805b065222685,x64,plain,1,
vs,729f0ff446c0aa04fdae3529ef02cf552e63782e841c24f3c4cb481b4b947859,mal_train,1,cactus,729f0ff446c0aa04fdae3529ef02cf552e63782e841c24f3c4cb481b4b947859,x64,plain,1,
vs,77bbd39c8a1b9093c9ad8e5d94265e5d95f8ca275d4eea2218d560cba6dfd838,mal_train,1,cactus,77bbd39c8a1b9093c9ad8e5d94265e5d95f8ca275d4eea2218d560cba6dfd838,x64,plain,1,
vs,78c16de9fc07f1d0375a093903f86583a4e32037a7da8aa2f90ecb15c4862c17,mal_train,1,cactus,78c16de9fc07f1d0375a093903f86583a4e32037a7da8aa2f90ecb15c4862c17,x64,upx_unpacked,1,
vs,7a8c7166ebdae96e7adceaf50c064bf1cf85d3c360a6ff513414dc3078a6aa54,mal_train,1,cactus,7a8c7166ebdae96e7adceaf50c064bf1cf85d3c360a6ff513414dc3078a6aa54,x64,plain,1,
vs,7adee0f8f400d72b70d34b9bd90b3559c71d7f0f5b2695b5ed70e733e76d9e46,mal_train,1,cactus,7adee0f8f400d72b70d34b9bd90b3559c71d7f0f5b2695b5ed70e733e76d9e46,x64,plain,1,
vs,825d84edff4b9fffac7fd9a33df33c87b5d07993ada881f451c1efef4a206c88,mal_train,1,cactus,825d84edff4b9fffac7fd9a33df33c87b5d07993ada881f451c1efef4a206c88,x64,upx_unpacked,1,
vs,871b245bd87dbb3ed064e9e42522dcb7dee8d80b9463f8ee4bcf9da184dd5e87,mal_train,1,cactus,871b245bd87dbb3ed064e9e42522dcb7dee8d80b9463f8ee4bcf9da184dd5e87,x64,plain,1,
vs,8bbc00b367be5a41e6519be0fb4fe9ef5fa0056b3dbd8fd28c6aabbac3add0a4,mal_train,1,cactus,8bbc00b367be5a41e6519be0fb4fe9ef5fa0056b3dbd8fd28c6aabbac3add0a4,x64,upx_unpacked,1,
vs,8f50df60a73e4f849d71d3a93d1f0cbbdb16e1165dbae0ce61b27d4de85092fa,mal_train,1,cactus,8f50df60a73e4f849d71d3a93d1f0cbbdb16e1165dbae0ce61b27d4de85092fa,x64,plain,1,
vs,9031966625a243bfaada93d23f7b7e61807ea6b39cb1e5372ecd549aec7421ac,mal_train,1,cactus,9031966625a243bfaada93d23f7b7e61807ea6b39cb1e5372ecd549aec7421ac,x64,plain,1,
vs,9eaecc3e9f0d65f8b981c2cdf238b88f6e316b5831d89afb3b47ae8dab7bdbdd,mal_train,1,cactus,9eaecc3e9f0d65f8b981c2cdf238b88f6e316b5831d89afb3b47ae8dab7bdbdd,x64,upx_unpacked,1,
vs,a20bdb925e1f673b30da71c943e9dd460ee68e23b44fe00c8a1b09609804f105,mal_train,1,cactus,a20bdb925e1f673b30da71c943e9dd460ee68e23b44fe00c8a1b09609804f105,x86,plain,1,
vs,a5296d07dabb3d7b53fce4cf803190bfa57e062abeb11a6d801250acb7005c5f,mal_train,1,cactus,a5296d07dabb3d7b53fce4cf803190bfa57e062abeb11a6d801250acb7005c5f,x64,plain,1,
vs,a82c5abfc976b78a19020e690992a803fae267080d1e3fb30dff552a0ddf73b1,mal_train,1,cactus,a82c5abfc976b78a19020e690992a803fae267080d1e3fb30dff552a0ddf73b1,x64,plain,1,
vs,ac7d1b8c3d0f281f79469ffaf129952d23f8f1615c01614d075959d2b975033b,mal_train,1,cactus,ac7d1b8c3d0f281f79469ffaf129952d23f8f1615c01614d075959d2b975033b,x64,upx_unpacked,1,
vs,b705636ed4a0d5253e5f9a4e4712c080bfd22403672fc3bca000745022909c96,mal_train,1,cactus,b705636ed4a0d5253e5f9a4e4712c080bfd22403672fc3bca000745022909c96,x64,plain,1,
vs,bc5c9d8699c0e66b3f38d5449aa661f5e0e8a5a406c78611eeb090aea96f299e,mal_train,1,cactus,bc5c9d8699c0e66b3f38d5449aa661f5e0e8a5a406c78611eeb090aea96f299e,x64,upx_unpacked,1,
vs,bfc53b4167f17b426bae9625454e8cb14dba407033415c194ea071db2270b4fb,mal_train,1,cactus,bfc53b4167f17b426bae9625454e8cb14dba407033415c194ea071db2270b4fb,x64,upx_unpacked,1,
vs,c023acd66dac4489a60328b1573f862b7e7616ef0b1fb9fd2fd9517745a936f0,mal_train,1,cactus,c023acd66dac4489a60328b1573f862b7e7616ef0b1fb9fd2fd9517745a936f0,x64,upx_unpacked,1,
vs,c49b4faa6ac7b5c207410ed1e86d0f21c00f47a78c531a0a736266c436cc1c0a,mal_train,1,cactus,c49b4faa6ac7b5c207410ed1e86d0f21c00f47a78c531a0a736266c436cc1c0a,x64,plain,1,
vs,d0de7f54d938e8f2f67b7ed071f8c4ad12c4634c271d5c810ebf58b1fd67f10d,mal_train,1,cactus,d0de7f54d938e8f2f67b7ed071f8c4ad12c4634c271d5c810ebf58b1fd67f10d,x64,upx_unpacked,1,
vs,d1db583aad156dc4edd093a64aade4180a77477cb247347e3fc97cae401d061f,mal_train,1,cactus,d1db583aad156dc4edd093a64aade4180a77477cb247347e3fc97cae401d061f,x64,plain,1,
vs,d2100ffe58eb50c05d97a3da738ccd1f0be9672c057c26a10140af80595b78c3,mal_train,1,cactus,d2100ffe58eb50c05d97a3da738ccd1f0be9672c057c26a10140af80595b78c3,x86,plain,1,
vs,d455264bbb253a659149ba186f872920d83e3c6a0cab13965aa52a6b49406019,mal_train,1,cactus,d455264bbb253a659149ba186f872920d83e3c6a0cab13965aa52a6b49406019,x64,plain,1,
vs,d7429c7ecea552403d8e9b420578f954f5bf5407996afaa36db723a0c070c4de,mal_train,1,cactus,d7429c7ecea552403d8e9b420578f954f5bf5407996afaa36db723a0c070c4de,x86,plain,1,
vs,d7da599c59de7fa5a42044665f8e6eeef7b313a2733886a24a8732e8689f4df4,mal_train,1,cactus,d7da599c59de7fa5a42044665f8e6eeef7b313a2733886a24a8732e8689f4df4,x64,plain,1,
vs,e9ac9436b5d61dd85e87e0fcd11b729a91466fe2f55f1f32501202d9ed98d562,mal_train,1,cactus,e9ac9436b5d61dd85e87e0fcd11b729a91466fe2f55f1f32501202d9ed98d562,x64,plain,1,
vs,ae355c321f1fe36c9539457301a3cf5d8babc58c72a3f6a5ef160253b4002b1a,mal_train,1,clop,ae355c321f1fe36c9539457301a3cf5d8babc58c72a3f6a5ef160253b4002b1a,x86,plain,1,
vs,d21908dc0c08da389aa9e4829aa934ab7f250fece1430ed5a644e0590d8876f7,mal_train,1,clop,d21908dc0c08da389aa9e4829aa934ab7f250fece1430ed5a644e0590d8876f7,x86,plain,1,
vs,05bbf1c653825b757ee73b59df45410070a28841819362462162d9547adb3d5a,mal_train,1,conti,05bbf1c653825b757ee73b59df45410070a28841819362462162d9547adb3d5a,x86,upx_unpacked,1,
vs,139a8bb2c5537190e747d2f651b423147018fd9a9a21bb36281d4ce1c61727c1,mal_train,1,conti,139a8bb2c5537190e747d2f651b423147018fd9a9a21bb36281d4ce1c61727c1,x86,plain,1,
vs,1dea453e5344898c9a66309bd6d1cf6e21c56eb1427c026aac84b14a6b23f7fc,mal_train,1,conti,1dea453e5344898c9a66309bd6d1cf6e21c56eb1427c026aac84b14a6b23f7fc,x64,plain,1,
vs,1e7c0f7091e8ed3687b06556cbbda638af99e35d372ba257cedb8ada4b2c43fe,mal_train,1,conti,1e7c0f7091e8ed3687b06556cbbda638af99e35d372ba257cedb8ada4b2c43fe,x86,plain,1,
vs,2d33ac8fce0592ef88bdeeee00e840c41a5a8fccc85c67316b74cc06c13ba0c5,mal_train,1,conti,2d33ac8fce0592ef88bdeeee00e840c41a5a8fccc85c67316b74cc06c13ba0c5,x64,plain,1,
vs,306ef92a9e862d187c890fc88b26b395692e93c2f92eaa6430c5de2177d269c2,mal_train,1,conti,306ef92a9e862d187c890fc88b26b395692e93c2f92eaa6430c5de2177d269c2,x64,packed_other,0,packed_other
vs,39b74b2fb057e8c78a2ba6639cf3d58ae91685e6ac13b57b70d2afb158cf742d,mal_train,1,conti,39b74b2fb057e8c78a2ba6639cf3d58ae91685e6ac13b57b70d2afb158cf742d,x64,plain,1,
vs,3d4f84e20d5cf317edcefcc98bdd7e126078b25cdc56b816edbec532a8763096,mal_train,1,conti,3d4f84e20d5cf317edcefcc98bdd7e126078b25cdc56b816edbec532a8763096,other,arch_unsupported,0,arch_unsupported
vs,41324493142b10db127217274e21df37f6ccd13f01a8d29d2b23b7b1463423a7,mal_train,1,conti,41324493142b10db127217274e21df37f6ccd13f01a8d29d2b23b7b1463423a7,x64,plain,1,
vs,460877f22626abf2f3e95a1951d67bba7ab83a78603ced8d174b8d744d0f0359,mal_train,1,conti,460877f22626abf2f3e95a1951d67bba7ab83a78603ced8d174b8d744d0f0359,,bad_pe,0,bad_pe
vs,565ff723884f77bf7e744527b0eb736373183ce1cc6c6df0fdee4b2929f685c2,mal_train,1,conti,565ff723884f77bf7e744527b0eb736373183ce1cc6c6df0fdee4b2929f685c2,x86,plain,1,
vs,583f35d8d15dd19cd1cdcc1e03f6b3e1eaf1fa0df452eb80868d3767292d523b,mal_train,1,conti,583f35d8d15dd19cd1cdcc1e03f6b3e1eaf1fa0df452eb80868d3767292d523b,x64,plain,1,
vs,6c2b5abc372e31cd7f8da045400abc0b10149f4f7b7def48a6bf9d0071f805d2,mal_train,1,conti,6c2b5abc372e31cd7f8da045400abc0b10149f4f7b7def48a6bf9d0071f805d2,x86,packed_other,0,packed_other
vs,702099b63cb2384e11f088d6bc33afbd43a4c91848f393581242a6a17f1b30a0,mal_train,1,conti,702099b63cb2384e11f088d6bc33afbd43a4c91848f393581242a6a17f1b30a0,x86,plain,1,
vs,746ac121ae024e51aa3129699cae278990cf392a661b40361d9d15b86635da94,mal_train,1,conti,746ac121ae024e51aa3129699cae278990cf392a661b40361d9d15b86635da94,x86,plain,1,
vs,7f6421cdf6355edfdcbddadd26bcdfbf984def301df3c6c03d71af8e30bb781f,mal_train,1,conti,7f6421cdf6355edfdcbddadd26bcdfbf984def301df3c6c03d71af8e30bb781f,x86,plain,1,
vs,7f6dbd9fa0cb7ba2487464c824b6d7e16ace9d4cd15e4452df4c9a9fd6bd1907,mal_train,1,conti,7f6dbd9fa0cb7ba2487464c824b6d7e16ace9d4cd15e4452df4c9a9fd6bd1907,x86,plain,1,
vs,837c0f1e9749121e4f8204c2b5546964c10d4e3d85a514458c35cbc021762d5c,mal_train,1,conti,837c0f1e9749121e4f8204c2b5546964c10d4e3d85a514458c35cbc021762d5c,x86,plain,1,
vs,899cc5dc068f9a88fff19c92c4538ee8c464496ff6f83398c359dd3dc3926dd1,mal_train,1,conti,899cc5dc068f9a88fff19c92c4538ee8c464496ff6f83398c359dd3dc3926dd1,x86,plain,1,
vs,8b80be99079be38e93c1712b95bc012ac3017ff9eb2a052a2f2dbde7210110b1,mal_train,1,conti,8b80be99079be38e93c1712b95bc012ac3017ff9eb2a052a2f2dbde7210110b1,x64,plain,1,
vs,8cc0af07f6a734190daa831d3636db4d88a5c9e74872ebcfb3aa9b5beea77804,mal_train,1,conti,8cc0af07f6a734190daa831d3636db4d88a5c9e74872ebcfb3aa9b5beea77804,x64,plain,1,
vs,8f11bb9536cb885bc57144392bc35e19dbc0f683d57c2c423c87a9d1c6d9d0ae,mal_train,1,conti,8f11bb9536cb885bc57144392bc35e19dbc0f683d57c2c423c87a9d1c6d9d0ae,x86,plain,1,
vs,930ec6d08e9d29fa23805ff9784cb0d78b1dc4cc4d58daa0e653dfe478c45d3a,mal_train,1,conti,930ec6d08e9d29fa23805ff9784cb0d78b1dc4cc4d58daa0e653dfe478c45d3a,x64,plain,1,
vs,977083fc01e2982258eac0a13e56cd697d9f6941f5a365e9d02d544fc3e15000,mal_train,1,conti,977083fc01e2982258eac0a13e56cd697d9f6941f5a365e9d02d544fc3e15000,x86,plain,1,
vs,980cc58338038f70184403a98f1166b17938ebe362f373f4f366be1aaeecc923,mal_train,1,conti,980cc58338038f70184403a98f1166b17938ebe362f373f4f366be1aaeecc923,x64,plain,1,
vs,a136190624eaf67e798d4463dc19411006385efc50ab51ccd93a2fbcd8e7d72a,mal_train,1,conti,a136190624eaf67e798d4463dc19411006385efc50ab51ccd93a2fbcd8e7d72a,,bad_pe,0,bad_pe
vs,a2581ec030e1fb08e26ddc61b11445286aaf7271932146e7e1442a49fff734de,mal_train,1,conti,a2581ec030e1fb08e26ddc61b11445286aaf7271932146e7e1442a49fff734de,x86,plain,1,
vs,a4337294dc51518284641982a28df585ede9b5f0e3f86be3c2c6bb5ad766a50f,mal_train,1,conti,a4337294dc51518284641982a28df585ede9b5f0e3f86be3c2c6bb5ad766a50f,x86,plain,1,
vs,a83796aa471d9710b44d2ca9196d990b189cb9cbe1846e688be8660c5a6298dd,mal_train,1,conti,a83796aa471d9710b44d2ca9196d990b189cb9cbe1846e688be8660c5a6298dd,x86,plain,1,
vs,b14cde376a8a7a9d7ad34cdfd07108c132ad8be7f60c5c0a0f17b6b63eb28b49,mal_train,1,conti,b14cde376a8a7a9d7ad34cdfd07108c132ad8be7f60c5c0a0f17b6b63eb28b49,x64,plain,1,
vs,b68f76d17c4343e1a3a709c09d37a5e069ce1aec55dcb1861b2af79cc1aef47b,mal_train,1,conti,b68f76d17c4343e1a3a709c09d37a5e069ce1aec55dcb1861b2af79cc1aef47b,x86,plain,1,
vs,b70e78971fc44f8413447139afe777f19fd1b0d203f2d40f66f41cd6100a1c95,mal_train,1,conti,b70e78971fc44f8413447139afe777f19fd1b0d203f2d40f66f41cd6100a1c95,x86,plain,1,
vs,b800bf6f11170ff68cd552484fa144571069513adad2d75ac7462b126b5f0816,mal_train,1,conti,b800bf6f11170ff68cd552484fa144571069513adad2d75ac7462b126b5f0816,x86,plain,1,
vs,bcf49782d7dc8c7010156b31d3d56193d751d0dbfa2abbe7671bcf31f2cb190a,mal_train,1,conti,bcf49782d7dc8c7010156b31d3d56193d751d0dbfa2abbe7671bcf31f2cb190a,x86,plain,1,
vs,c0a2e1ecf57ee83b649f1d8ff8dd37049865edc8b9a837f3b4ebb5e767229c23,mal_train,1,conti,c0a2e1ecf57ee83b649f1d8ff8dd37049865edc8b9a837f3b4ebb5e767229c23,x86,plain,1,
vs,c5ef104253ed4c066104a184ab368630027831b627c043d63170ff8f89c6a2bb,mal_train,1,conti,c5ef104253ed4c066104a184ab368630027831b627c043d63170ff8f89c6a2bb,x86,plain,1,
vs,c743ba08610d442531bb897a35748ba6fe897e730cea6e29377ba21141901326,mal_train,1,conti,c743ba08610d442531bb897a35748ba6fe897e730cea6e29377ba21141901326,other,arch_unsupported,0,arch_unsupported
vs,cb97e89541d61de376a4e041b66f80181811dfadb4b4d6c094a42632017604c2,mal_train,1,conti,cb97e89541d61de376a4e041b66f80181811dfadb4b4d6c094a42632017604c2,x86,upx_unpacked,1,
vs,cf171b1cdce590f64c7d23c7900f7e0f66c42840c626115980df807d754552b5,mal_train,1,conti,cf171b1cdce590f64c7d23c7900f7e0f66c42840c626115980df807d754552b5,x86,plain,1,
vs,d1506903fdc36b31f8a448f127982b2559e06210bb51579bdfa4fc61871c71d6,mal_train,1,conti,d1506903fdc36b31f8a448f127982b2559e06210bb51579bdfa4fc61871c71d6,x86,plain,1,
vs,d29080809ab1fb959dbab1a1168e9b136aece03c7f91f071f7283aaa445e7eec,mal_train,1,conti,d29080809ab1fb959dbab1a1168e9b136aece03c7f91f071f7283aaa445e7eec,x86,plain,1,
vs,d6c1d2e77ce21d5a026e7abf99c9fffe55d87b282f460dc737da231211a12a0d,mal_train,1,conti,d6c1d2e77ce21d5a026e7abf99c9fffe55d87b282f460dc737da231211a12a0d,x86,plain,1,
vs,d7573284c29cf5f68bb64860f1be0a696c852678fac36f176fd88f555ed853f2,mal_train,1,conti,d7573284c29cf5f68bb64860f1be0a696c852678fac36f176fd88f555ed853f2,x86,plain,1,
vs,d8158db5cbae0845b9ced65cc4a6581bfe08ba5361b1294b2dfb6ef4c711fd15,mal_train,1,conti,d8158db5cbae0845b9ced65cc4a6581bfe08ba5361b1294b2dfb6ef4c711fd15,x86,plain,1,
vs,d826f4cb8240f894e43fea3c84b14fd85be9758d7ad4eafa113ad7d45c30bc26,mal_train,1,conti,d826f4cb8240f894e43fea3c84b14fd85be9758d7ad4eafa113ad7d45c30bc26,x86,plain,1,
vs,d9243af49f96c8b66715287d0dc26dbd82eab8570d5f20629ddf9e5fe06c051c,mal_train,1,conti,d9243af49f96c8b66715287d0dc26dbd82eab8570d5f20629ddf9e5fe06c051c,x86,plain,1,
vs,de10ae21bb262728c616a707f90aa05088c9d8f2b810fc0f2fb1bddcf9aba938,mal_train,1,conti,de10ae21bb262728c616a707f90aa05088c9d8f2b810fc0f2fb1bddcf9aba938,x86,plain,1,
vs,e1b147aa2efa6849743f570a3aca8390faf4b90aed490a5682816dd9ef10e473,mal_train,1,conti,e1b147aa2efa6849743f570a3aca8390faf4b90aed490a5682816dd9ef10e473,x86,plain,1,
vs,e22ff5594ab357da993651bf7decf035400d42bf37cca943495e1ac9bd7721c4,mal_train,1,conti,e22ff5594ab357da993651bf7decf035400d42bf37cca943495e1ac9bd7721c4,x86,plain,1,
vs,e49fd2651d5f3d5ffd999104841edd3e6e6dbd342507df6d2201720bdca65a74,mal_train,1,conti,e49fd2651d5f3d5ffd999104841edd3e6e6dbd342507df6d2201720bdca65a74,x86,plain,1,
vs,ea4170be281262d89d924959b4db36ba239395dd5d2dc769fbb7f7238adc67e5,mal_train,1,conti,ea4170be281262d89d924959b4db36ba239395dd5d2dc769fbb7f7238adc67e5,x86,plain,1,
vs,ea524e8b0dd046561b59a8d4da5a122aeff02036c87bb03056437a1d0f584039,mal_train,1,conti,ea524e8b0dd046561b59a8d4da5a122aeff02036c87bb03056437a1d0f584039,x64,plain,1,
vs,eb3f700f8de227faa4c7fe679f5280203b709f5b88a1267f53167864158aca1d,mal_train,1,conti,eb3f700f8de227faa4c7fe679f5280203b709f5b88a1267f53167864158aca1d,x86,plain,1,
vs,ed4afa874e75b7bac665b9bcbf1d8e1324d4f9263c862755101cd79bb087ad45,mal_train,1,conti,ed4afa874e75b7bac665b9bcbf1d8e1324d4f9263c862755101cd79bb087ad45,x64,plain,1,
vs,efe36b1f343e3fc0bcc0099e2451f9af943c8c5365b01fdbd14d4ed1ada4882b,mal_train,1,conti,efe36b1f343e3fc0bcc0099e2451f9af943c8c5365b01fdbd14d4ed1ada4882b,x86,plain,1,
vs,f6dfa1e569f6c7da647224cf0553694462c5717c4793fb21f8e1d7476f5f708d,mal_train,1,conti,f6dfa1e569f6c7da647224cf0553694462c5717c4793fb21f8e1d7476f5f708d,x64,plain,1,
vs,f725792a5ef0512f3c5356d79fb3be5afcbaffaa4af41498342f7d09d703761f,mal_train,1,conti,f725792a5ef0512f3c5356d79fb3be5afcbaffaa4af41498342f7d09d703761f,x86,plain,1,
vs,fb737da1b74e8c84e6d8bd7f2d879603c27790e290c04a21e00fbde5ed86eee3,mal_train,1,conti,fb737da1b74e8c84e6d8bd7f2d879603c27790e290c04a21e00fbde5ed86eee3,x86,plain,1,
vs,fbe45ed19fa942cc5e767acc0ef638447c4aa4b52d4900627a0a0ae71d543bee,mal_train,1,conti,fbe45ed19fa942cc5e767acc0ef638447c4aa4b52d4900627a0a0ae71d543bee,x86,plain,1,
vs,fd7caea00d7f25ea02bb9c447410659c12ca35ebbb67c95c7296e6232a08ce93,mal_train,1,conti,fd7caea00d7f25ea02bb9c447410659c12ca35ebbb67c95c7296e6232a08ce93,x86,plain,1,
vs,ff95e6d148e53e60b113f05bb54557315ec9b8af82adfaa276a21fbc561a9b77,mal_train,1,conti,ff95e6d148e53e60b113f05bb54557315ec9b8af82adfaa276a21fbc561a9b77,x86,plain,1,
vs,271ef3c1d022829f0b15f2471d05a28d4786abafd0a9e1e742bde3f6b36872ad,mal_train,1,cuba,271ef3c1d022829f0b15f2471d05a28d4786abafd0a9e1e742bde3f6b36872ad,x86,plain,1,
vs,33352a38454cfc247bc7465bf177f5f97d7fd0bd220103d4422c8ec45b4d3d0e,mal_train,1,cuba,33352a38454cfc247bc7465bf177f5f97d7fd0bd220103d4422c8ec45b4d3d0e,x86,plain,1,
vs,482b160ee2e8d94fa6e4749f77e87da89c9658e7567459bc633d697430e3ad9a,mal_train,1,cuba,482b160ee2e8d94fa6e4749f77e87da89c9658e7567459bc633d697430e3ad9a,x86,plain,1,
vs,936119bc1811aeef01299a0150141787865a0dbe2667288f018ad24db5a7bc27,mal_train,1,cuba,936119bc1811aeef01299a0150141787865a0dbe2667288f018ad24db5a7bc27,x86,plain,1,
vs,d3f847b27ee6cd4f85a3393131f85f28750761fd59dd2aac95d5a8fa235d46dd,mal_train,1,cuba,d3f847b27ee6cd4f85a3393131f85f28750761fd59dd2aac95d5a8fa235d46dd,x64,plain,1,
vs,156335b95ba216456f1ac0894b7b9d6ad95404ac7df447940f21646ca0090673,mal_train,1,darkside,156335b95ba216456f1ac0894b7b9d6ad95404ac7df447940f21646ca0090673,x86,plain,1,
vs,2dcac9f48c3989619e0abd200beaae901852f751c239006886ac3ec56d89e3ef,mal_train,1,darkside,2dcac9f48c3989619e0abd200beaae901852f751c239006886ac3ec56d89e3ef,x86,plain,1,
vs,4098b54c9d27b00ce34d04ffac24213ed28993a2854827851b157d63407c2e4e,mal_train,1,darkside,4098b54c9d27b00ce34d04ffac24213ed28993a2854827851b157d63407c2e4e,x86,packed_other,0,packed_other
vs,4d9432e8a0ceb64c34b13d550251b8d9478ca784e50105dc0d729490fb861d1a,mal_train,1,darkside,4d9432e8a0ceb64c34b13d550251b8d9478ca784e50105dc0d729490fb861d1a,x86,upx_unpacked,1,
vs,6931b124d38d52bd7cdef48121fda457d407b63b59bb4e6ead4ce548f4bbb971,mal_train,1,darkside,6931b124d38d52bd7cdef48121fda457d407b63b59bb4e6ead4ce548f4bbb971,x86,upx_unpacked,1,
vs,9cee5522a7ca2bfca7cd3d9daba23e9a30deb6205f56c12045839075f7627297,mal_train,1,darkside,9cee5522a7ca2bfca7cd3d9daba23e9a30deb6205f56c12045839075f7627297,x86,upx_unpacked,1,
vs,0291e99acfedf4e277d56babb2783ce0a01e873a42627b4e3f4a56c2a10cc24d,mal_train,1,dharma,0291e99acfedf4e277d56babb2783ce0a01e873a42627b4e3f4a56c2a10cc24d,x86,plain,1,
vs,056c3790765f928e991591cd139384b6680df26313a73711add657abc369028c,mal_train,1,dharma,056c3790765f928e991591cd139384b6680df26313a73711add657abc369028c,x86,plain,1,
vs,0775f6c00ce22c822bb56ed45d658af3647e522d0e462d505e31dfc0f343adde,mal_train,1,dharma,0775f6c00ce22c822bb56ed45d658af3647e522d0e462d505e31dfc0f343adde,other,arch_unsupported,0,arch_unsupported
vs,0a747a5f771168c0c32e944da6d6d996f24284e4fb44eaea562b21266a9e3ac2,mal_train,1,dharma,0a747a5f771168c0c32e944da6d6d996f24284e4fb44eaea562b21266a9e3ac2,other,arch_unsupported,0,arch_unsupported
vs,0b2467264b2544634a7252314e585b10b618d1e752b2aa7fd46c59210b9b93f6,mal_train,1,dharma,0b2467264b2544634a7252314e585b10b618d1e752b2aa7fd46c59210b9b93f6,x86,plain,1,
vs,0cbb472b555d4cab454948ba900675db48b120afaedf246a14d87d970b233a43,mal_train,1,dharma,0cbb472b555d4cab454948ba900675db48b120afaedf246a14d87d970b233a43,x86,plain,1,
vs,18acf8a44011f072a29dd6a6254c36eec7dc4f7ef7810980bd237ca3942d904f,mal_train,1,dharma,18acf8a44011f072a29dd6a6254c36eec7dc4f7ef7810980bd237ca3942d904f,other,arch_unsupported,0,arch_unsupported
vs,1a05cba6870798d2e73001bf872e4d579460c380c060fd051f33a703f504b8a3,mal_train,1,dharma,1a05cba6870798d2e73001bf872e4d579460c380c060fd051f33a703f504b8a3,x86,plain,1,
vs,1a8f35d0f2b1a11a5b30e6f05ee5c9e93542fc2f559f8e66cf67f2a1b6ccbeb9,mal_train,1,dharma,1a8f35d0f2b1a11a5b30e6f05ee5c9e93542fc2f559f8e66cf67f2a1b6ccbeb9,other,arch_unsupported,0,arch_unsupported
vs,1dbbed25cf831114c926933b2cff5b4a4760dd95c7618f01cf5b27deec7b1788,mal_train,1,dharma,1dbbed25cf831114c926933b2cff5b4a4760dd95c7618f01cf5b27deec7b1788,other,arch_unsupported,0,arch_unsupported
vs,1de8054e71f00406e617230fc22017bfd66c78b216a57cec085ca6a5cb2f24a1,mal_train,1,dharma,1de8054e71f00406e617230fc22017bfd66c78b216a57cec085ca6a5cb2f24a1,x86,plain,1,
vs,2210baa7b596879b413965c17f9f33dbf698ac183b2b82329d397c73dee5fc3d,mal_train,1,dharma,2210baa7b596879b413965c17f9f33dbf698ac183b2b82329d397c73dee5fc3d,x86,plain,1,
vs,2354403f00f096f700e5616ed1a5ccd40fe53a1bb35a5e93e429f5f24fa4483b,mal_train,1,dharma,2354403f00f096f700e5616ed1a5ccd40fe53a1bb35a5e93e429f5f24fa4483b,other,arch_unsupported,0,arch_unsupported
vs,245f7a3c993a0ecada1c1f8936ea82e8e48812c5758767e5d91db91324bc303a,mal_train,1,dharma,245f7a3c993a0ecada1c1f8936ea82e8e48812c5758767e5d91db91324bc303a,x86,plain,1,
vs,276727bfacdeba0ba864fd6ccecab5fd0f244576dc503d7cf148a4deb90fc136,mal_train,1,dharma,276727bfacdeba0ba864fd6ccecab5fd0f244576dc503d7cf148a4deb90fc136,x86,plain,1,
vs,30140a3a441d4d92bc78e6726d9de9a293e83f812c16658222c32ce408c453ba,mal_train,1,dharma,30140a3a441d4d92bc78e6726d9de9a293e83f812c16658222c32ce408c453ba,x86,plain,1,
vs,32c51906c182c8c92afbc93cbe674d1b24d855f5f4f0c4c82d076691cce4c7ec,mal_train,1,dharma,32c51906c182c8c92afbc93cbe674d1b24d855f5f4f0c4c82d076691cce4c7ec,other,arch_unsupported,0,arch_unsupported
vs,34c392448fc0818278cd19bb0841adf573e967be8a0f73bb42bb367a5835b6ea,mal_train,1,dharma,34c392448fc0818278cd19bb0841adf573e967be8a0f73bb42bb367a5835b6ea,x86,plain,1,
vs,3a7696a5e89211d08152154477f7d2281cafd814e987f6d089a3ad1c76f24608,mal_train,1,dharma,3a7696a5e89211d08152154477f7d2281cafd814e987f6d089a3ad1c76f24608,x86,plain,1,
vs,3e84def5eeae88ab28d21de08581e68e46fd9a94b5fee35d609d6f73a92a9e96,mal_train,1,dharma,3e84def5eeae88ab28d21de08581e68e46fd9a94b5fee35d609d6f73a92a9e96,other,arch_unsupported,0,arch_unsupported
vs,403b8f1ce98aeb6f4a7cfc23693c5a9799e0239806a4850b4eaad58ab7bedb40,mal_train,1,dharma,403b8f1ce98aeb6f4a7cfc23693c5a9799e0239806a4850b4eaad58ab7bedb40,other,arch_unsupported,0,arch_unsupported
vs,40a68110241e86f1cdece1dc5a6dfb72e028b40e8d55447cc3a961341b932784,mal_train,1,dharma,40a68110241e86f1cdece1dc5a6dfb72e028b40e8d55447cc3a961341b932784,x86,plain,1,
vs,40ca770fe8a5c994872adf7e0f72ee131960ef65d34b88a66d7047b29f763055,mal_train,1,dharma,40ca770fe8a5c994872adf7e0f72ee131960ef65d34b88a66d7047b29f763055,x86,plain,1,
vs,43a13198d94f649ee5c587b4d5eb59b33abd89fae6e49909f8b1052059025cbc,mal_train,1,dharma,43a13198d94f649ee5c587b4d5eb59b33abd89fae6e49909f8b1052059025cbc,other,arch_unsupported,0,arch_unsupported
vs,4c21b335baf9907cfaec588f25354b804b3d59f3882d923fbaf0d929b933ef49,mal_train,1,dharma,4c21b335baf9907cfaec588f25354b804b3d59f3882d923fbaf0d929b933ef49,x86,plain,1,
vs,4c99ac9f69cf03b60583b12f94fe442da74178f53030bd2b7703b1d53da6a135,mal_train,1,dharma,4c99ac9f69cf03b60583b12f94fe442da74178f53030bd2b7703b1d53da6a135,other,arch_unsupported,0,arch_unsupported
vs,52eeb1c0820a0a64910cd07339286bbf3045d83588f81909ea85d96d30da90e3,mal_train,1,dharma,52eeb1c0820a0a64910cd07339286bbf3045d83588f81909ea85d96d30da90e3,other,arch_unsupported,0,arch_unsupported
vs,5671112c276673ee5c4630994ac0034927cee2aa05a32ca6950edbc80c56e7e8,mal_train,1,dharma,5671112c276673ee5c4630994ac0034927cee2aa05a32ca6950edbc80c56e7e8,x64,plain,1,
vs,5c57baa8a5c31d138e3d3d325cdb70a3d851061586d4a8ab961b123c357cc64a,mal_train,1,dharma,5c57baa8a5c31d138e3d3d325cdb70a3d851061586d4a8ab961b123c357cc64a,other,arch_unsupported,0,arch_unsupported
vs,622e2834e51caa303d120c7503d8fcce671226a0342d7be0f8cf546b44cee195,mal_train,1,dharma,622e2834e51caa303d120c7503d8fcce671226a0342d7be0f8cf546b44cee195,x86,plain,1,
vs,6734e7474c81f5b7b0c006a17b79f59e3281f45f03910ddeeae2ea05291655fd,mal_train,1,dharma,6734e7474c81f5b7b0c006a17b79f59e3281f45f03910ddeeae2ea05291655fd,other,arch_unsupported,0,arch_unsupported
vs,67a00565a4c5fc9f08543cb10bfa3858801f87a558e21ad36d514c9bedb10e5d,mal_train,1,dharma,67a00565a4c5fc9f08543cb10bfa3858801f87a558e21ad36d514c9bedb10e5d,other,arch_unsupported,0,arch_unsupported
vs,6ddb4a7f6bcfffc745a376e0894424dab86e1582036257f4ff502eb70b51389e,mal_train,1,dharma,6ddb4a7f6bcfffc745a376e0894424dab86e1582036257f4ff502eb70b51389e,other,arch_unsupported,0,arch_unsupported
vs,6e228df5e458ddcd6a9b5284418b6101cb988315d3910f1b422d511135acd462,mal_train,1,dharma,6e228df5e458ddcd6a9b5284418b6101cb988315d3910f1b422d511135acd462,other,arch_unsupported,0,arch_unsupported
vs,77da9b22f28c92543d9ac281469390cbd5e442a59f7ad6d9034d9a7f490ac3fd,mal_train,1,dharma,77da9b22f28c92543d9ac281469390cbd5e442a59f7ad6d9034d9a7f490ac3fd,other,arch_unsupported,0,arch_unsupported
vs,7af890c71121d682203be3b23497272f4338cdc27f5af49c41f8275d582e85e1,mal_train,1,dharma,7af890c71121d682203be3b23497272f4338cdc27f5af49c41f8275d582e85e1,x86,plain,1,
vs,7b93299c4559e89716a9b37f4a43c1b084c610ad1d9d8e462a1383320e299503,mal_train,1,dharma,7b93299c4559e89716a9b37f4a43c1b084c610ad1d9d8e462a1383320e299503,other,arch_unsupported,0,arch_unsupported
vs,83b294975e094024bdeb90f5cdeb9832304cf6879a27eee5cfe08650e5731674,mal_train,1,dharma,83b294975e094024bdeb90f5cdeb9832304cf6879a27eee5cfe08650e5731674,other,arch_unsupported,0,arch_unsupported
vs,8ade68d429cd44a78e5cfb108aac846eff7e04f57e4a92cb73c66de569eac968,mal_train,1,dharma,8ade68d429cd44a78e5cfb108aac846eff7e04f57e4a92cb73c66de569eac968,other,arch_unsupported,0,arch_unsupported
vs,92390d8b7dd99a4b03af59b45763c706d5df368761ce9706236e3dac4f9a74e2,mal_train,1,dharma,92390d8b7dd99a4b03af59b45763c706d5df368761ce9706236e3dac4f9a74e2,x86,plain,1,
vs,92c65e95b508ffacd2d7a36957599eb2d930a0d1a8b76a5c4551ee6e9d4da67e,mal_train,1,dharma,92c65e95b508ffacd2d7a36957599eb2d930a0d1a8b76a5c4551ee6e9d4da67e,x86,plain,1,
vs,a191d7d045dcf61582f2257bded2734b4ca424b1cf66ff519763c1888ec83190,mal_train,1,dharma,a191d7d045dcf61582f2257bded2734b4ca424b1cf66ff519763c1888ec83190,other,arch_unsupported,0,arch_unsupported
vs,a3435ff11b5afc8bd891fdc1977e1a70c65830aa2a80438c6320e3fae7c2811b,mal_train,1,dharma,a3435ff11b5afc8bd891fdc1977e1a70c65830aa2a80438c6320e3fae7c2811b,other,arch_unsupported,0,arch_unsupported
vs,a43dab9c34af5a49a2a615e86db3e2bf4c5467853dd5bd4f1a1c73619b683ab2,mal_train,1,dharma,a43dab9c34af5a49a2a615e86db3e2bf4c5467853dd5bd4f1a1c73619b683ab2,x86,plain,1,
vs,a6ed8beb599f2aa594298076a2e8312871a2b12feb8e5d072d51335f21f85d7b,mal_train,1,dharma,a6ed8beb599f2aa594298076a2e8312871a2b12feb8e5d072d51335f21f85d7b,x86,plain,1,
vs,aa63528bf720d3f9b31e91945a576afa4c609a09c07b3bbfc29351d760a71ccd,mal_train,1,dharma,aa63528bf720d3f9b31e91945a576afa4c609a09c07b3bbfc29351d760a71ccd,other,arch_unsupported,0,arch_unsupported
vs,ab5be9e6911b43f0974e01dabec772b968274d9b5ea39ba2ad7cd294056e5d09,mal_train,1,dharma,ab5be9e6911b43f0974e01dabec772b968274d9b5ea39ba2ad7cd294056e5d09,x86,plain,1,
vs,b6b2c1f4bbe4259e0279a0c3db98a69db12ab6ae0b549085c714f1497f3c8300,mal_train,1,dharma,b6b2c1f4bbe4259e0279a0c3db98a69db12ab6ae0b549085c714f1497f3c8300,x86,plain,1,
vs,bd210c5759b815a64b7166aceae471ef622bccdde3b46fc971aa78bcb73f08f1,mal_train,1,dharma,bd210c5759b815a64b7166aceae471ef622bccdde3b46fc971aa78bcb73f08f1,x86,plain,1,
vs,bf20b92755cd5c2542cdcef804ee795932cc4b0e070ca6b81ff8fd30908a8f97,mal_train,1,dharma,bf20b92755cd5c2542cdcef804ee795932cc4b0e070ca6b81ff8fd30908a8f97,x86,plain,1,
vs,c221cb99f25328e6bf50d435b4ab3a2ff8b09f05f7cd90e5ce2006855b3aa619,mal_train,1,dharma,c221cb99f25328e6bf50d435b4ab3a2ff8b09f05f7cd90e5ce2006855b3aa619,x86,plain,1,
vs,cdb8cab7dbcc2dd546519a03e1da8836ca233992406ba3746cbe015f2944de96,mal_train,1,dharma,cdb8cab7dbcc2dd546519a03e1da8836ca233992406ba3746cbe015f2944de96,other,arch_unsupported,0,arch_unsupported
vs,d4ab320cfff425eaafe322870539f5c16bfe1be83103ac093f21c1ac5f41e3b6,mal_train,1,dharma,d4ab320cfff425eaafe322870539f5c16bfe1be83103ac093f21c1ac5f41e3b6,x86,plain,1,
vs,dddf7894b2e6aafa1903384759d68455c3a4a8348a7e2da3bd272555eba9bec0,mal_train,1,dharma,dddf7894b2e6aafa1903384759d68455c3a4a8348a7e2da3bd272555eba9bec0,x86,plain,1,
vs,e140a653caf5e4be9aaef3a2209d5c7e417f6eb0bd67ed2f878b82d606b045e2,mal_train,1,dharma,e140a653caf5e4be9aaef3a2209d5c7e417f6eb0bd67ed2f878b82d606b045e2,other,arch_unsupported,0,arch_unsupported
vs,e181b975b8e4c712c835413a2788fcf62399ae9a404161b8772aa5593c91d33e,mal_train,1,dharma,e181b975b8e4c712c835413a2788fcf62399ae9a404161b8772aa5593c91d33e,other,arch_unsupported,0,arch_unsupported
vs,e70dd54b6b5680230a7af30a6b127ecb60c32ee9f0bff30d8d79a2a7ed9c3ab4,mal_train,1,dharma,e70dd54b6b5680230a7af30a6b127ecb60c32ee9f0bff30d8d79a2a7ed9c3ab4,other,arch_unsupported,0,arch_unsupported
vs,e9bbcfb5d9f42ef0dd75eb435e78d5226087679593893e0c08977694e720cd7a,mal_train,1,dharma,e9bbcfb5d9f42ef0dd75eb435e78d5226087679593893e0c08977694e720cd7a,x86,plain,1,
vs,ebb17d81ffb02c01b4f49c7267246f243272ca2aecda68a44e89a33f74a47a0f,mal_train,1,dharma,ebb17d81ffb02c01b4f49c7267246f243272ca2aecda68a44e89a33f74a47a0f,other,arch_unsupported,0,arch_unsupported
vs,f608858af270c6b6956146e6c3ce0bc737916646e442784d5fb9c543c7ed09bc,mal_train,1,dharma,f608858af270c6b6956146e6c3ce0bc737916646e442784d5fb9c543c7ed09bc,x86,plain,1,
vs,001e9cb57f9e922d7b0d92ec43b8b5e376c5ab6e4ea827b84c76e13c994fbbea,mal_train,1,gandcrab,001e9cb57f9e922d7b0d92ec43b8b5e376c5ab6e4ea827b84c76e13c994fbbea,x86,plain,1,
vs,0085f13770b5b1ef96b1f5b57474c44f4a21ae8befef06a17cd254f75a071ec2,mal_train,1,gandcrab,0085f13770b5b1ef96b1f5b57474c44f4a21ae8befef06a17cd254f75a071ec2,x86,plain,1,
vs,009a54579631d80af11b0621e6a57858a4a49936fc8b9177b0aa9826b708a245,mal_train,1,gandcrab,009a54579631d80af11b0621e6a57858a4a49936fc8b9177b0aa9826b708a245,x86,plain,1,
vs,01aabfaa4177d8d4953a65e8c0d92df98d5eb9a3b8d557a369301660a252f550,mal_train,1,gandcrab,01aabfaa4177d8d4953a65e8c0d92df98d5eb9a3b8d557a369301660a252f550,x86,plain,1,
vs,0400e0f6d0075051aa9e2e1186fe0d79739e8441827a9942148b5a24931e3f2c,mal_train,1,gandcrab,0400e0f6d0075051aa9e2e1186fe0d79739e8441827a9942148b5a24931e3f2c,x86,plain,1,
vs,044a7ac7906e2bab3355ecced654d4fa944f8699995f8f8d53a27b992877348e,mal_train,1,gandcrab,044a7ac7906e2bab3355ecced654d4fa944f8699995f8f8d53a27b992877348e,x86,plain,1,
vs,0508c47a37b6dc04025121d524a316df99694d1f2c69f5e3e1d4e05c5f044fa1,mal_train,1,gandcrab,0508c47a37b6dc04025121d524a316df99694d1f2c69f5e3e1d4e05c5f044fa1,x86,plain,1,
vs,0ca0d8c1c18a4fc5691eb6d5e75a025d3d8342ba2276d5f780a8bd8fca17436d,mal_train,1,gandcrab,0ca0d8c1c18a4fc5691eb6d5e75a025d3d8342ba2276d5f780a8bd8fca17436d,x86,upx_unpacked,1,
vs,10dc6e128c7e5e7088f487ba9b22c1a836f50a552bc93fcce748d7e1c8f76fc0,mal_train,1,gandcrab,10dc6e128c7e5e7088f487ba9b22c1a836f50a552bc93fcce748d7e1c8f76fc0,x86,plain,1,
vs,171bd709c8c0af65542cad05831218c94c6f9f6040355fcc046cee33a8e89712,mal_train,1,gandcrab,171bd709c8c0af65542cad05831218c94c6f9f6040355fcc046cee33a8e89712,x86,plain,1,
vs,1c16b204dd52d4d3fab6113f20a43c29ff74db2746798b88bfd8f4214ac95cc5,mal_train,1,gandcrab,1c16b204dd52d4d3fab6113f20a43c29ff74db2746798b88bfd8f4214ac95cc5,x86,plain,1,
vs,22c32238f5a19a13774e137e2a4c0c75cc3202b243b6bbead0a5b40578183a51,mal_train,1,gandcrab,22c32238f5a19a13774e137e2a4c0c75cc3202b243b6bbead0a5b40578183a51,x86,plain,1,
vs,24705634c670e844989c60cfb076ea244ef1955e46ffa6a82d0272f666b7cb21,mal_train,1,gandcrab,24705634c670e844989c60cfb076ea244ef1955e46ffa6a82d0272f666b7cb21,x86,plain,1,
vs,27ef1dc4fcd1f2c78f137807ded4d4312181c7b84fc8768a9f2deb3e121dbb4b,mal_train,1,gandcrab,27ef1dc4fcd1f2c78f137807ded4d4312181c7b84fc8768a9f2deb3e121dbb4b,x86,plain,1,
vs,2d92190485f6dc8f19c2bb0a375b442d7b0ef3d136c9a03ce710133e70355ace,mal_train,1,gandcrab,2d92190485f6dc8f19c2bb0a375b442d7b0ef3d136c9a03ce710133e70355ace,x86,plain,1,
vs,2e1646e5bcff7912bdb34118fdd625c6b858b0a13c8ad01e38e457cb3673176e,mal_train,1,gandcrab,2e1646e5bcff7912bdb34118fdd625c6b858b0a13c8ad01e38e457cb3673176e,x86,plain,1,
vs,2e96b64287a0b741837c9f8179e8e1596d0f854d66108b38e4b84cc71c02e6c3,mal_train,1,gandcrab,2e96b64287a0b741837c9f8179e8e1596d0f854d66108b38e4b84cc71c02e6c3,x86,plain,1,
vs,384da2d49d98b0bab5c7366e4d962e201d05dc0476cff9520c9626ccab18b3a7,mal_train,1,gandcrab,384da2d49d98b0bab5c7366e4d962e201d05dc0476cff9520c9626ccab18b3a7,x86,plain,1,
vs,39bbfbe3e473d74f96f46054e9653dfd32dd3164ccb3e00e7d5c2420a5ced7d3,mal_train,1,gandcrab,39bbfbe3e473d74f96f46054e9653dfd32dd3164ccb3e00e7d5c2420a5ced7d3,x86,plain,1,
vs,44a2da6fb4272c984a16d9b8b281095fcdde2ffd26a6039762fd2db0d8d97a46,mal_train,1,gandcrab,44a2da6fb4272c984a16d9b8b281095fcdde2ffd26a6039762fd2db0d8d97a46,x86,plain,1,
vs,49cbdcc5fd20aefdb5e1415e1c8a1132e9a25e4c0ca97ca0d25f04aa23fe605c,mal_train,1,gandcrab,49cbdcc5fd20aefdb5e1415e1c8a1132e9a25e4c0ca97ca0d25f04aa23fe605c,x86,plain,1,
vs,4ddb8a69b2ea2a4f67a71fff6d6bf472b5beab25666032bd15855f881b1633d5,mal_train,1,gandcrab,4ddb8a69b2ea2a4f67a71fff6d6bf472b5beab25666032bd15855f881b1633d5,x86,plain,1,
vs,509c5bf724b0d3bc60cdc93c1b0f1e6710cf23edb2293d670cb8bdeaa5ac7e6f,mal_train,1,gandcrab,509c5bf724b0d3bc60cdc93c1b0f1e6710cf23edb2293d670cb8bdeaa5ac7e6f,x86,plain,1,
vs,589e188602c4a24c68bc095c1105894a5e97e1df6218eaead89b7ab9a4e88eac,mal_train,1,gandcrab,589e188602c4a24c68bc095c1105894a5e97e1df6218eaead89b7ab9a4e88eac,x86,plain,1,
vs,64a45b42204cf4412dc2891368a4b72670642a008b13f3d99f6d3d42de95a842,mal_train,1,gandcrab,64a45b42204cf4412dc2891368a4b72670642a008b13f3d99f6d3d42de95a842,x86,plain,1,
vs,759ab3ac7d7e532ea858d247cbede598d532631a7c4666b7f4f750ebf99d4f6c,mal_train,1,gandcrab,759ab3ac7d7e532ea858d247cbede598d532631a7c4666b7f4f750ebf99d4f6c,x86,plain,1,
vs,761e1722ff47b0745ca290d43864cbeeda9ec2ff223c7e001b592c25aa66513f,mal_train,1,gandcrab,761e1722ff47b0745ca290d43864cbeeda9ec2ff223c7e001b592c25aa66513f,x86,plain,1,
vs,7c91058133a449a21c3032d23853121b90fc990a8f5a33e8eb12497230a49399,mal_train,1,gandcrab,7c91058133a449a21c3032d23853121b90fc990a8f5a33e8eb12497230a49399,x86,plain,1,
vs,84aa20a4b40cd92bb7c1c7382e8185eb11818ce0cc6e705c04058203d64d54ac,mal_train,1,gandcrab,84aa20a4b40cd92bb7c1c7382e8185eb11818ce0cc6e705c04058203d64d54ac,x86,plain,1,
vs,86d4b7db21d13370a2cc3d2f04f2b3de379e6abe736d91f8b2e486568e0fc53a,mal_train,1,gandcrab,86d4b7db21d13370a2cc3d2f04f2b3de379e6abe736d91f8b2e486568e0fc53a,x86,plain,1,
vs,87bde727af7beabcb4d733a41d258ee407d6e977e78c06a96ba2295431d53c23,mal_train,1,gandcrab,87bde727af7beabcb4d733a41d258ee407d6e977e78c06a96ba2295431d53c23,x86,plain,1,
vs,9b1b07c39d2fe26537a4d24db61171d06df682648a6a047d9c604652183244dd,mal_train,1,gandcrab,9b1b07c39d2fe26537a4d24db61171d06df682648a6a047d9c604652183244dd,x86,plain,1,
vs,9d7b558bcf5616d3cbc6219a23775b040fef56c7761df97f81e6698cdfdc1097,mal_train,1,gandcrab,9d7b558bcf5616d3cbc6219a23775b040fef56c7761df97f81e6698cdfdc1097,x86,plain,1,
vs,9ee326c3b0827b2994cc8c1a0b7f96f6e01ed7d7302db83eb96d02253cc8495a,mal_train,1,gandcrab,9ee326c3b0827b2994cc8c1a0b7f96f6e01ed7d7302db83eb96d02253cc8495a,x86,plain,1,
vs,a4fc5a4d4ab1c6834e63f2e3d7e9dcd5e874357c0cb5673215e97d67752b4a8f,mal_train,1,gandcrab,a4fc5a4d4ab1c6834e63f2e3d7e9dcd5e874357c0cb5673215e97d67752b4a8f,x86,plain,1,
vs,a75505cea667efcc6baee4842537b6ccd6bf46fcd979e22bee01726c94d6d482,mal_train,1,gandcrab,a75505cea667efcc6baee4842537b6ccd6bf46fcd979e22bee01726c94d6d482,x86,plain,1,
vs,a9904c2337a9da922093cc51e185dc1ef2744db6ccacf46968b36698ce6a0f1d,mal_train,1,gandcrab,a9904c2337a9da922093cc51e185dc1ef2744db6ccacf46968b36698ce6a0f1d,x86,plain,1,
vs,ad93837e9e1bd52d007d4674dd1a81e2b4a0ccf301917aaeb24bdec0561967c0,mal_train,1,gandcrab,ad93837e9e1bd52d007d4674dd1a81e2b4a0ccf301917aaeb24bdec0561967c0,x86,plain,1,
vs,bfb9db791b8250ffa8ebc48295c5dbbca757a5ed3bbb01de12a871b5cd9afd5a,mal_train,1,gandcrab,bfb9db791b8250ffa8ebc48295c5dbbca757a5ed3bbb01de12a871b5cd9afd5a,x86,plain,1,
vs,c14ebfc076f06e2194587fd7246a520c648f78c4ed730be88c6f6deb0ae1f70a,mal_train,1,gandcrab,c14ebfc076f06e2194587fd7246a520c648f78c4ed730be88c6f6deb0ae1f70a,x86,plain,1,
vs,c93ba1ba7147a4e59cd731f553ea7131b5ea2517c74c85c3360db10f6eac4ba4,mal_train,1,gandcrab,c93ba1ba7147a4e59cd731f553ea7131b5ea2517c74c85c3360db10f6eac4ba4,x86,plain,1,
vs,ced2d4066c41d15d582fbe64c417d0d38c3696f0979b3fc4a4cc1db8a0332b07,mal_train,1,gandcrab,ced2d4066c41d15d582fbe64c417d0d38c3696f0979b3fc4a4cc1db8a0332b07,,bad_pe,0,bad_pe
vs,cf2cf17a22fff6e98ba20df764aee14bd4010c02d26f1bdc87cc5fb56c02f23f,mal_train,1,gandcrab,cf2cf17a22fff6e98ba20df764aee14bd4010c02d26f1bdc87cc5fb56c02f23f,x86,plain,1,
vs,d0aed6f8fbdfef9c66fe74e2870b203063b2498a18692d16d6c3ffbd672ea553,mal_train,1,gandcrab,d0aed6f8fbdfef9c66fe74e2870b203063b2498a18692d16d6c3ffbd672ea553,x86,plain,1,
vs,d80f70cc8e85238d66a9de1b4959cf8f8b10d67d68ed94f7dcc7672d06b750e6,mal_train,1,gandcrab,d80f70cc8e85238d66a9de1b4959cf8f8b10d67d68ed94f7dcc7672d06b750e6,x86,plain,1,
vs,d903053d279f3eca084988839afb26c42a610a1657a2c4d38d9e0504248cc0ae,mal_train,1,gandcrab,d903053d279f3eca084988839afb26c42a610a1657a2c4d38d9e0504248cc0ae,x86,plain,1,
vs,df5920fa7e08cc7dad0882020b524f88ebc9579780a58b0b431ee36e0e3074a6,mal_train,1,gandcrab,df5920fa7e08cc7dad0882020b524f88ebc9579780a58b0b431ee36e0e3074a6,x86,plain,1,
vs,e041f63cab919d1af8614fb83b362cbff733bd06bc89d30cd04dcea3fac8651f,mal_train,1,gandcrab,e041f63cab919d1af8614fb83b362cbff733bd06bc89d30cd04dcea3fac8651f,x86,plain,1,
vs,e0f3de402934f19ed115fda5b6ca9fec16ebb2504cea330112646387e456c3cb,mal_train,1,gandcrab,e0f3de402934f19ed115fda5b6ca9fec16ebb2504cea330112646387e456c3cb,x86,plain,1,
vs,ea4a4e522a3fcd147bf528274acd9a203782737a9abac427ed1e6ee88ab3880b,mal_train,1,gandcrab,ea4a4e522a3fcd147bf528274acd9a203782737a9abac427ed1e6ee88ab3880b,x86,plain,1,
vs,ec6a7a8737c807b3c74990ca2d8b57774841211d58d36182ed2a718f4e051dc3,mal_train,1,gandcrab,ec6a7a8737c807b3c74990ca2d8b57774841211d58d36182ed2a718f4e051dc3,x86,plain,1,
vs,ed21a4b8b04a7aa1ee5166543a30b7aa0be8eb87dc5920041605aceb9e385276,mal_train,1,gandcrab,ed21a4b8b04a7aa1ee5166543a30b7aa0be8eb87dc5920041605aceb9e385276,x86,plain,1,
vs,ed34c0f0a26ec550b39dba60886aad8258fa38ad36368f3467e6c34bc46fa920,mal_train,1,gandcrab,ed34c0f0a26ec550b39dba60886aad8258fa38ad36368f3467e6c34bc46fa920,x86,plain,1,
vs,f0aaba0b2b0103de760ac304e936b4a1cb0ce006e417628253f29b4f220328d2,mal_train,1,gandcrab,f0aaba0b2b0103de760ac304e936b4a1cb0ce006e417628253f29b4f220328d2,x86,plain,1,
vs,f36d6537e689d31096888db7d3e0dce1709dd8ed429fc5d3d4d44785021ba04f,mal_train,1,gandcrab,f36d6537e689d31096888db7d3e0dce1709dd8ed429fc5d3d4d44785021ba04f,x86,plain,1,
vs,f661743b5696df7300cbc8fb41989c8491e1ee5621c831139ae0b5258aab56a7,mal_train,1,gandcrab,f661743b5696df7300cbc8fb41989c8491e1ee5621c831139ae0b5258aab56a7,x86,plain,1,
vs,f92f2a0799e4c23913b572a9d91837551f08ce5cfd78c0720e87c47202fe7c5c,mal_train,1,gandcrab,f92f2a0799e4c23913b572a9d91837551f08ce5cfd78c0720e87c47202fe7c5c,x86,plain,1,
vs,f955035242ffa9bde3904e1c51b491ba81b76e16e912c5ed292efcaf55b04c1b,mal_train,1,gandcrab,f955035242ffa9bde3904e1c51b491ba81b76e16e912c5ed292efcaf55b04c1b,x86,plain,1,
vs,fb10e795c0524ae59fe3f3c7e234c0f2a3650ea9a92e8774dc8225ede9e0bf70,mal_train,1,gandcrab,fb10e795c0524ae59fe3f3c7e234c0f2a3650ea9a92e8774dc8225ede9e0bf70,,bad_pe,0,bad_pe
vs,ffeaaae93769b061d5080e41f5cca8c71b1dcc8f01faa581e803ecf829274eb4,mal_train,1,gandcrab,ffeaaae93769b061d5080e41f5cca8c71b1dcc8f01faa581e803ecf829274eb4,x86,plain,1,
vs,01ea06db82a72d8eaa3209311b20f3da34aebda948204f615c63e5cb62057538,mal_train,1,hive,01ea06db82a72d8eaa3209311b20f3da34aebda948204f615c63e5cb62057538,x64,plain,1,
vs,036806c810e1f9446db3e9429f0f25670ad65240cd24f7f0162794938da57d3c,mal_train,1,hive,036806c810e1f9446db3e9429f0f25670ad65240cd24f7f0162794938da57d3c,x64,plain,1,
vs,087260fa859741d5226ceec3153deff3fe9baba69e8958b13451623bd811ca44,mal_train,1,hive,087260fa859741d5226ceec3153deff3fe9baba69e8958b13451623bd811ca44,x86,plain,1,
vs,087c48ddbd0d6354e6d4b36dbdb98d6a16896f9e58ac68b909b607bc2d989f08,mal_train,1,hive,087c48ddbd0d6354e6d4b36dbdb98d6a16896f9e58ac68b909b607bc2d989f08,x64,plain,1,
vs,08faab44c35e864b94c2170611741c22f5cf6f6f21ff88c7abb8baeb97496818,mal_train,1,hive,08faab44c35e864b94c2170611741c22f5cf6f6f21ff88c7abb8baeb97496818,x64,plain,1,
vs,19c54b520e8f6def1aab0c48fcdbac5962a0ec57442a3a015a0f860a76115718,mal_train,1,hive,19c54b520e8f6def1aab0c48fcdbac5962a0ec57442a3a015a0f860a76115718,x64,plain,1,
vs,1c4dbb8e28d0d219785c45408548ce15cd92c032f2a20f5f5c32e1d12eb50509,mal_train,1,hive,1c4dbb8e28d0d219785c45408548ce15cd92c032f2a20f5f5c32e1d12eb50509,x64,plain,1,
vs,210c8271902f2984572936ee45db20f842841269c287c4e7e74996df91dff3ae,mal_train,1,hive,210c8271902f2984572936ee45db20f842841269c287c4e7e74996df91dff3ae,x86,plain,1,
vs,2604647c72f4ad3287edf8660af40fba21ed4bfd4b74a0b8d1a57c163c272c8f,mal_train,1,hive,2604647c72f4ad3287edf8660af40fba21ed4bfd4b74a0b8d1a57c163c272c8f,x64,plain,1,
vs,2790fbc25dae73ea4526ea5e39baf5bc9e44947258b05f43a01ec71f118e9bcb,mal_train,1,hive,2790fbc25dae73ea4526ea5e39baf5bc9e44947258b05f43a01ec71f118e9bcb,x64,plain,1,
vs,2c4e60573ce8f55ba70b6d076347910908afc1a23502e942023de11ad069987d,mal_train,1,hive,2c4e60573ce8f55ba70b6d076347910908afc1a23502e942023de11ad069987d,x64,plain,1,
vs,38f8d6a333875ca3ed81b1afb0868326d519f8922f85187cd372a1197130eb0f,mal_train,1,hive,38f8d6a333875ca3ed81b1afb0868326d519f8922f85187cd372a1197130eb0f,x64,plain,1,
vs,39b3c82b1e7e5626e380a53df4ccb52f3002749447cfab362b8ec217189a0fd5,mal_train,1,hive,39b3c82b1e7e5626e380a53df4ccb52f3002749447cfab362b8ec217189a0fd5,x64,plain,1,
vs,3d984c6d23e6b1440dbc5a3c717ce6b068318e625cedc61b3efdcada82d6861f,mal_train,1,hive,3d984c6d23e6b1440dbc5a3c717ce6b068318e625cedc61b3efdcada82d6861f,x64,plain,1,
vs,595142ac0ecaf32e5cd9a477f440bac99b52dcc6c2fa083424d5007fdf0caeec,mal_train,1,hive,595142ac0ecaf32e5cd9a477f440bac99b52dcc6c2fa083424d5007fdf0caeec,x64,upx_unpacked,1,
vs,60bdfecd1de9cc674f4cd5dd42d8cb3ac478df058e1962f0f43885c14d69e816,mal_train,1,hive,60bdfecd1de9cc674f4cd5dd42d8cb3ac478df058e1962f0f43885c14d69e816,x64,plain,1,
vs,62bdc536263d92e4fbb3a98cd2c7c554c0f15608566f6b190ccd3feef8907d45,mal_train,1,hive,62bdc536263d92e4fbb3a98cd2c7c554c0f15608566f6b190ccd3feef8907d45,x64,plain,1,
vs,68d860e3612d07a3976768c1365f797647ce95aa85ef42d7de7836cb071ee9c5,mal_train,1,hive,68d860e3612d07a3976768c1365f797647ce95aa85ef42d7de7836cb071ee9c5,x64,plain,1,
vs,6a751d5b42efe0e45f2939164eb910e742aaec8e95b70d7ae55173a34694ba35,mal_train,1,hive,6a751d5b42efe0e45f2939164eb910e742aaec8e95b70d7ae55173a34694ba35,x64,plain,1,
vs,6abe61bfd96d5a52d4c03aa94a237bc300b440b15ffad0ffcf161c33de58be6a,mal_train,1,hive,6abe61bfd96d5a52d4c03aa94a237bc300b440b15ffad0ffcf161c33de58be6a,x64,plain,1,
vs,6d585ca9b0e2a491b53da4f83319544b95c858f07f906b108e2147e9ac55ed48,mal_train,1,hive,6d585ca9b0e2a491b53da4f83319544b95c858f07f906b108e2147e9ac55ed48,x64,plain,1,
vs,709e93ce10a89fb1195616827db305ecd3d3e7bb986e54167917c864bddaa6b5,mal_train,1,hive,709e93ce10a89fb1195616827db305ecd3d3e7bb986e54167917c864bddaa6b5,x64,plain,1,
vs,7210e765a1076443d68f12d79b3eea55f3dbabfcb410a6cbfb40d4ee546d9df9,mal_train,1,hive,7210e765a1076443d68f12d79b3eea55f3dbabfcb410a6cbfb40d4ee546d9df9,x64,plain,1,
vs,741546a4b3884dccf5435507da737f07ef62a6a6afb8905bb72854e1ace5e252,mal_train,1,hive,741546a4b3884dccf5435507da737f07ef62a6a6afb8905bb72854e1ace5e252,x64,plain,1,
vs,777177561512d13714d03f1378f9529934bc2a2437b525b31e7c95982b2f77cd,mal_train,1,hive,777177561512d13714d03f1378f9529934bc2a2437b525b31e7c95982b2f77cd,x64,plain,1,
vs,81ae89d9796270678a807eb8a473439224a742ccae22dccc66c3d3464b05995a,mal_train,1,hive,81ae89d9796270678a807eb8a473439224a742ccae22dccc66c3d3464b05995a,x64,plain,1,
vs,81b9fd825b7d6aa23c6bd641662d4dd2e1b0fbcf3a35efb61331f17e6fff1618,mal_train,1,hive,81b9fd825b7d6aa23c6bd641662d4dd2e1b0fbcf3a35efb61331f17e6fff1618,x64,plain,1,
vs,841e619a0e57780663987feaaac1e623160cd534aa263c563423edcb91cafcc6,mal_train,1,hive,841e619a0e57780663987feaaac1e623160cd534aa263c563423edcb91cafcc6,x64,plain,1,
vs,842c60b5f55e2e62638347c95e73f85d042492cc77dfe97df81f8850a14411c1,mal_train,1,hive,842c60b5f55e2e62638347c95e73f85d042492cc77dfe97df81f8850a14411c1,x64,plain,1,
vs,8756f0619caff132b0d4dfefad4387b8d5ea134b8706f345757b92658e6e50ff,mal_train,1,hive,8756f0619caff132b0d4dfefad4387b8d5ea134b8706f345757b92658e6e50ff,x64,plain,1,
vs,87e3af6eb3bd9f6966c598106e3febb59a5a0d1fd94238aa465fb0c31729e3c3,mal_train,1,hive,87e3af6eb3bd9f6966c598106e3febb59a5a0d1fd94238aa465fb0c31729e3c3,x64,plain,1,
vs,8a99353662ccae117d2bb22efd8c43d7169060450be413af763e8ad7522d2451,mal_train,1,hive,8a99353662ccae117d2bb22efd8c43d7169060450be413af763e8ad7522d2451,x64,plain,1,
vs,8c4d2db730c5f364de55c6b84367846f102bd8dc9f378fd3829be0f6af5046b0,mal_train,1,hive,8c4d2db730c5f364de55c6b84367846f102bd8dc9f378fd3829be0f6af5046b0,x64,plain,1,
vs,8ee52992c73014f53b7efcdb77073db9f3df80be07bb9d91b974cd33936f0b13,mal_train,1,hive,8ee52992c73014f53b7efcdb77073db9f3df80be07bb9d91b974cd33936f0b13,x64,plain,1,
vs,921ed2a30e17fc6d7e9da74d64485ae8a40c95caa40e5108da51ad3c40599978,mal_train,1,hive,921ed2a30e17fc6d7e9da74d64485ae8a40c95caa40e5108da51ad3c40599978,x64,plain,1,
vs,977403e8a424d1a029369b715867c3056a4d0d8a1c75dcf9d84d9c56f9bcf802,mal_train,1,hive,977403e8a424d1a029369b715867c3056a4d0d8a1c75dcf9d84d9c56f9bcf802,x64,plain,1,
vs,985c20ab57daa2d8135833f83bb48aebbaee96082dabed5e78329b9fe0b902d7,mal_train,1,hive,985c20ab57daa2d8135833f83bb48aebbaee96082dabed5e78329b9fe0b902d7,x64,plain,1,
vs,9959b5fadafebdc8cd15a2a8f1efd7c976da5036d984179a04946d8b86fdd049,mal_train,1,hive,9959b5fadafebdc8cd15a2a8f1efd7c976da5036d984179a04946d8b86fdd049,x64,upx_unpacked,1,
vs,99a2b79a4231806d4979aa017ff7e8b804d32bfe9dcc0958d403dfe06bdd0532,mal_train,1,hive,99a2b79a4231806d4979aa017ff7e8b804d32bfe9dcc0958d403dfe06bdd0532,x64,plain,1,
vs,9f423f06bf449266ddea3e0a3673d1109ff5415f4bcc52303902c57aee9b0b5b,mal_train,1,hive,9f423f06bf449266ddea3e0a3673d1109ff5415f4bcc52303902c57aee9b0b5b,x64,plain,1,
vs,a0fb861b99623e2d2a3c3f932142bfa0181562249abbae46fa2f3c2fa20376c2,mal_train,1,hive,a0fb861b99623e2d2a3c3f932142bfa0181562249abbae46fa2f3c2fa20376c2,x86,upx_unpacked,1,
vs,a4e970733921eff303dbfbfb1067dde5b695248d280e700d04075520d7244a95,mal_train,1,hive,a4e970733921eff303dbfbfb1067dde5b695248d280e700d04075520d7244a95,x64,plain,1,
vs,a75eae0a77fec3c7bfdcca66649af39741e935efc3fa6252ca43da676c3de8a6,mal_train,1,hive,a75eae0a77fec3c7bfdcca66649af39741e935efc3fa6252ca43da676c3de8a6,x86,plain,1,
vs,aafb0a46610064cd88ba99672e0f18456ed827cf46b2d3064487c45bac75637a,mal_train,1,hive,aafb0a46610064cd88ba99672e0f18456ed827cf46b2d3064487c45bac75637a,x64,plain,1,
vs,bd769bcddca63924dc3ac02395a037bf1bd88ab3bcef62331cbfbd086b52813b,mal_train,1,hive,bd769bcddca63924dc3ac02395a037bf1bd88ab3bcef62331cbfbd086b52813b,x64,plain,1,
vs,c6f0810b4ca4c2e70a07eddcbd14459e875deced05f5619dfd4df6f49a2130a9,mal_train,1,hive,c6f0810b4ca4c2e70a07eddcbd14459e875deced05f5619dfd4df6f49a2130a9,x64,plain,1,
vs,c9a5db61aa2314d2d71e54a33f36192468b8e1a761e1307f3aa4936fe0ecc502,mal_train,1,hive,c9a5db61aa2314d2d71e54a33f36192468b8e1a761e1307f3aa4936fe0ecc502,x64,plain,1,
vs,ccf870c70de4cc412a00deb5f93ad56f4a7b6ad38b8574c31b121759b1745502,mal_train,1,hive,ccf870c70de4cc412a00deb5f93ad56f4a7b6ad38b8574c31b121759b1745502,x86,plain,1,
vs,cdc9f6db38735ea160b075611a5ff62fdfe572f543a59f5170856e067fbf5112,mal_train,1,hive,cdc9f6db38735ea160b075611a5ff62fdfe572f543a59f5170856e067fbf5112,x64,plain,1,
vs,d32e87c4b81738b45db582db8293293096637f5d50af7dd5d9a0162a0747498a,mal_train,1,hive,d32e87c4b81738b45db582db8293293096637f5d50af7dd5d9a0162a0747498a,x86,upx_unpacked,1,
vs,d91efafa54ee1d2f6d2c5e296f38339d9bbd65949e077d307f20d9e29c614c94,mal_train,1,hive,d91efafa54ee1d2f6d2c5e296f38339d9bbd65949e077d307f20d9e29c614c94,x64,upx_unpacked,1,
vs,da653c075ddd322d4cf1e285a47cb91ddb0b6de06dfbc252eec57ea9bb50cb48,mal_train,1,hive,da653c075ddd322d4cf1e285a47cb91ddb0b6de06dfbc252eec57ea9bb50cb48,x64,plain,1,
vs,dbeda9027eb297f2ff6000263b31e89e75ca860b9ec630c29ee6bb115d9c38ae,mal_train,1,hive,dbeda9027eb297f2ff6000263b31e89e75ca860b9ec630c29ee6bb115d9c38ae,x64,plain,1,
vs,e889461b4a93fa62b03d283369cee78d914089e1e1ea502a6ca3d8107ac084f7,mal_train,1,hive,e889461b4a93fa62b03d283369cee78d914089e1e1ea502a6ca3d8107ac084f7,x86,plain,1,
vs,efb1e519d5a9d527a474eb694ba20dc7589a0cd7347941185a6276d76d0c8f34,mal_train,1,hive,efb1e519d5a9d527a474eb694ba20dc7589a0cd7347941185a6276d76d0c8f34,x64,plain,1,
vs,f0e8eeb7582943e3dbb78f3d39e265998e7c82f0ff368603e09382b8f2aa0f80,mal_train,1,hive,f0e8eeb7582943e3dbb78f3d39e265998e7c82f0ff368603e09382b8f2aa0f80,x64,plain,1,
vs,f297e54ce1fe9328b946b7a065f6029204f9ca26d1f9aad68592fa471c85747b,mal_train,1,hive,f297e54ce1fe9328b946b7a065f6029204f9ca26d1f9aad68592fa471c85747b,x64,plain,1,
vs,f6238ae2550a457d7397da52826738981ed3486ac9df94fac77996cfa294eb09,mal_train,1,hive,f6238ae2550a457d7397da52826738981ed3486ac9df94fac77996cfa294eb09,x64,plain,1,
vs,fafd35b8686b47ce520fdf66aad21ac0d151532af96a670314e27a333be8dcec,mal_train,1,hive,fafd35b8686b47ce520fdf66aad21ac0d151532af96a670314e27a333be8dcec,x64,plain,1,
vs,fcd01c9fed690b2bad435c5bab5925cc1132c4c622f18af09d437f9e4957b84b,mal_train,1,hive,fcd01c9fed690b2bad435c5bab5925cc1132c4c622f18af09d437f9e4957b84b,x64,plain,1,
vs,ffc8d344feea894671e41b1220888aee2bb58e040dc7460b706dcfa6547e67b9,mal_train,1,hive,ffc8d344feea894671e41b1220888aee2bb58e040dc7460b706dcfa6547e67b9,x64,plain,1,
vs,02472036db9ec498ae565b344f099263f3218ecb785282150e8565d5cac92461,mal_train,1,inc,02472036db9ec498ae565b344f099263f3218ecb785282150e8565d5cac92461,x86,plain,1,
vs,02f451f99b241e6ba22cc794a91129c59593bf291f265b863bc8962c55a1017a,mal_train,1,inc,02f451f99b241e6ba22cc794a91129c59593bf291f265b863bc8962c55a1017a,x86,plain,1,
vs,0315dbb793f855f154aa8d227151f1098bd9b580a4f85064648b85bac1321663,mal_train,1,inc,0315dbb793f855f154aa8d227151f1098bd9b580a4f85064648b85bac1321663,x86,plain,1,
vs,05e4f234a0f177949f375a56b1a875c9ca3d2bee97a2cb73fc2708914416c5a9,mal_train,1,inc,05e4f234a0f177949f375a56b1a875c9ca3d2bee97a2cb73fc2708914416c5a9,x86,plain,1,
vs,0a9a454966b1f7f50c9d79c67f4641165a733c35c2d65ef58c320c13424d0b9f,mal_train,1,inc,0a9a454966b1f7f50c9d79c67f4641165a733c35c2d65ef58c320c13424d0b9f,x86,plain,1,
vs,0cb4e7d35eb3f4585c6168988247e30d99ef24d3ef006d91971e3913ef593c42,mal_train,1,inc,0cb4e7d35eb3f4585c6168988247e30d99ef24d3ef006d91971e3913ef593c42,x86,plain,1,
vs,11cfd8e84704194ff9c56780858e9bbb9e82ff1b958149d74c43969d06ea10bd,mal_train,1,inc,11cfd8e84704194ff9c56780858e9bbb9e82ff1b958149d74c43969d06ea10bd,x86,plain,1,
vs,1a50f5f752562c7be64a14a1cbef54a460cb7d11631ce2af55622a1f4156b169,mal_train,1,inc,1a50f5f752562c7be64a14a1cbef54a460cb7d11631ce2af55622a1f4156b169,x86,plain,1,
vs,1a7c754ae1933338c740c807ec3dcf5e18e438356990761fdc2e75a2685ebf4a,mal_train,1,inc,1a7c754ae1933338c740c807ec3dcf5e18e438356990761fdc2e75a2685ebf4a,x86,plain,1,
vs,2f14eaeb439b3d52b160b4738b049ce552c468e918c746ecb4e5c9b51ee6e4a7,mal_train,1,inc,2f14eaeb439b3d52b160b4738b049ce552c468e918c746ecb4e5c9b51ee6e4a7,x86,plain,1,
vs,31de5a766dca4eaae7b69f807ec06ae14d2ac48100e06a30e17cc9acccfd5193,mal_train,1,inc,31de5a766dca4eaae7b69f807ec06ae14d2ac48100e06a30e17cc9acccfd5193,x86,plain,1,
vs,36e3c83e50a19ad1048dab7814f3922631990578aab0790401bc67dbcc90a72e,mal_train,1,inc,36e3c83e50a19ad1048dab7814f3922631990578aab0790401bc67dbcc90a72e,x86,plain,1,
vs,39e1aa118310977d809d618c937b799cd228b2e339583a21f27cca2ef0bf9449,mal_train,1,inc,39e1aa118310977d809d618c937b799cd228b2e339583a21f27cca2ef0bf9449,x86,plain,1,
vs,3e68e5742f998c5ba34c2130b2d89ca2a6c048feb6474bc81ff000e1eaed044e,mal_train,1,inc,3e68e5742f998c5ba34c2130b2d89ca2a6c048feb6474bc81ff000e1eaed044e,x86,plain,1,
vs,432f549e9a2a76237133e9fe9b11fbb3d1a7e09904db5ccace29918e948529c6,mal_train,1,inc,432f549e9a2a76237133e9fe9b11fbb3d1a7e09904db5ccace29918e948529c6,x86,plain,1,
vs,468e3c2cb5b0bbc3004bbf5272f4ece5c979625f7623e6d71af5dc0929b89d6a,mal_train,1,inc,468e3c2cb5b0bbc3004bbf5272f4ece5c979625f7623e6d71af5dc0929b89d6a,x86,plain,1,
vs,4fbbf0d94f1140ffde0bdd48c5b07f91f2292fae78b227e48a50b60ed624763b,mal_train,1,inc,4fbbf0d94f1140ffde0bdd48c5b07f91f2292fae78b227e48a50b60ed624763b,x64,plain,1,
vs,508a644d552f237615d1504aa1628566fe0e752a5bc0c882fa72b3155c322cef,mal_train,1,inc,508a644d552f237615d1504aa1628566fe0e752a5bc0c882fa72b3155c322cef,x86,plain,1,
vs,571f5de9dd0d509ed7e5242b9b7473c2b2cbb36ba64d38b32122a0a337d6cf8b,mal_train,1,inc,571f5de9dd0d509ed7e5242b9b7473c2b2cbb36ba64d38b32122a0a337d6cf8b,x86,plain,1,
vs,589ff3a5741336fa7c98dbcef4e8aecea347ea0f349b9949c6a5f6cd9d821a23,mal_train,1,inc,589ff3a5741336fa7c98dbcef4e8aecea347ea0f349b9949c6a5f6cd9d821a23,x86,plain,1,
vs,5a8883ad96a944593103f2f7f3a692ea3cde1ede71cf3de6750eb7a044a61486,mal_train,1,inc,5a8883ad96a944593103f2f7f3a692ea3cde1ede71cf3de6750eb7a044a61486,x86,plain,1,
vs,5da4f51e3ced3166336277bb04c32d0cd20f3e28db3d4f02826fee88b7583040,mal_train,1,inc,5da4f51e3ced3166336277bb04c32d0cd20f3e28db3d4f02826fee88b7583040,x86,plain,1,
vs,5e3c44ac77cba228f54304f7f1f9ee4d86099950f230186f11fffaa76c86a5db,mal_train,1,inc,5e3c44ac77cba228f54304f7f1f9ee4d86099950f230186f11fffaa76c86a5db,x86,plain,1,
vs,63c0a44479dc9f91647a9c10caba43fa73709a88540a2493fd68031905036ef7,mal_train,1,inc,63c0a44479dc9f91647a9c10caba43fa73709a88540a2493fd68031905036ef7,x86,plain,1,
vs,7ccea71dcec6042d83692ea9e1348f249b970af2d73c83af3f9d67c4434b2dd0,mal_train,1,inc,7ccea71dcec6042d83692ea9e1348f249b970af2d73c83af3f9d67c4434b2dd0,x86,plain,1,
vs,7f104a3dfda3a7fbdd9b910d00b0169328c5d2facc10dc17b4378612ffa82d51,mal_train,1,inc,7f104a3dfda3a7fbdd9b910d00b0169328c5d2facc10dc17b4378612ffa82d51,x86,plain,1,
vs,80908a51e403efd47b1d3689c3fb9447d3fb962d691d856b8b97581eefc0c441,mal_train,1,inc,80908a51e403efd47b1d3689c3fb9447d3fb962d691d856b8b97581eefc0c441,x86,plain,1,
vs,80fd105d0685b85c1be5d5d3af63608d2ec91b186d4c591416934fe454770ca1,mal_train,1,inc,80fd105d0685b85c1be5d5d3af63608d2ec91b186d4c591416934fe454770ca1,x86,plain,1,
vs,81f0cbb2544e3e4ccbaf582c80297cbfafdf9e8e95b137dc810c535d2cd4b1f8,mal_train,1,inc,81f0cbb2544e3e4ccbaf582c80297cbfafdf9e8e95b137dc810c535d2cd4b1f8,x86,plain,1,
vs,834c5f094c4a2db0f520962341b108af685efd346e5b6622eb2331b3ffa09039,mal_train,1,inc,834c5f094c4a2db0f520962341b108af685efd346e5b6622eb2331b3ffa09039,x86,plain,1,
vs,85699c7180ad77f2ede0b15862bb7b51ad9df0478ed394866ac7fa9362bf5683,mal_train,1,inc,85699c7180ad77f2ede0b15862bb7b51ad9df0478ed394866ac7fa9362bf5683,x86,plain,1,
vs,97c8f54d70e300c7d7e973c4b211da3c64c0f1c95770f663e04e35421dfb2ba0,mal_train,1,inc,97c8f54d70e300c7d7e973c4b211da3c64c0f1c95770f663e04e35421dfb2ba0,x86,plain,1,
vs,9ac550187c7c27a52c80e1c61def1d3d5e6dbae0e4eaeacf1a493908ffd3ec7d,mal_train,1,inc,9ac550187c7c27a52c80e1c61def1d3d5e6dbae0e4eaeacf1a493908ffd3ec7d,x86,plain,1,
vs,a5925db043e3142e31f21bc18549eb7df289d7c938d56dffe3f5905af11ab97a,mal_train,1,inc,a5925db043e3142e31f21bc18549eb7df289d7c938d56dffe3f5905af11ab97a,x86,plain,1,
vs,c3d8c86844d7bb86dea31bcb0510542fb59bc3bc67a4e3df59f72da5c8509f54,mal_train,1,inc,c3d8c86844d7bb86dea31bcb0510542fb59bc3bc67a4e3df59f72da5c8509f54,x64,plain,1,
vs,c600e439da89f5ee5bbf5b7e3672b6165ded49dd748f06892647930e64783090,mal_train,1,inc,c600e439da89f5ee5bbf5b7e3672b6165ded49dd748f06892647930e64783090,x86,plain,1,
vs,d147b202e98ce73802d7501366a036ea8993c4c06cdfc6921899efdd22d159c6,mal_train,1,inc,d147b202e98ce73802d7501366a036ea8993c4c06cdfc6921899efdd22d159c6,x86,plain,1,
vs,d4919a7402d7ae02516589fbdfb3cc436749544052843a37b5d36ac4b7385b18,mal_train,1,inc,d4919a7402d7ae02516589fbdfb3cc436749544052843a37b5d36ac4b7385b18,x64,plain,1,
vs,deea481121129d4779195e93fdc39ae62fecb168fd5a384d0ccf8082f06092e5,mal_train,1,inc,deea481121129d4779195e93fdc39ae62fecb168fd5a384d0ccf8082f06092e5,x86,plain,1,
vs,e17c601551dfded76ab99a233957c5c4acf0229b46cd7fc2175ead7fe1e3d261,mal_train,1,inc,e17c601551dfded76ab99a233957c5c4acf0229b46cd7fc2175ead7fe1e3d261,x86,plain,1,
vs,ecbfea3e7869166dd418f15387bc33ce46f2c72168f571071916b5054d7f6e49,mal_train,1,inc,ecbfea3e7869166dd418f15387bc33ce46f2c72168f571071916b5054d7f6e49,x86,plain,1,
vs,ee1d8ac9fef147f0751000c38ca5d72feceeaae803049a2cd49dcce15223b720,mal_train,1,inc,ee1d8ac9fef147f0751000c38ca5d72feceeaae803049a2cd49dcce15223b720,x86,plain,1,
vs,f71fc818362b1465fc1deb361de36badc73ac4dd9e815153c9022f82c4062787,mal_train,1,inc,f71fc818362b1465fc1deb361de36badc73ac4dd9e815153c9022f82c4062787,x86,plain,1,
vs,5ace35adeb360b9e165e7c55065d12f192a3ec0ca601dd73b332bd8cd68d51fe,mal_train,1,knight,5ace35adeb360b9e165e7c55065d12f192a3ec0ca601dd73b332bd8cd68d51fe,x64,plain,1,
vs,01e7ba4b23b94269f16bef68f685950b8e036ae0f79aad335123de53e3e43057,mal_train,1,lockbit,01e7ba4b23b94269f16bef68f685950b8e036ae0f79aad335123de53e3e43057,x86,plain,1,
vs,032690f113289d50b672fb3e95b64c801454e8e07fe3cdcb072efeaabcc7a374,mal_train,1,lockbit,032690f113289d50b672fb3e95b64c801454e8e07fe3cdcb072efeaabcc7a374,x64,plain,1,
vs,03db266db5b96223ef42206d57e30fa58c59e70b1d14c017422f097af1560ad1,mal_train,1,lockbit,03db266db5b96223ef42206d57e30fa58c59e70b1d14c017422f097af1560ad1,x86,plain,1,
vs,05f9891bb4ca2b87b476e3d3f415e329a547d3cb65741b908cd570eb96575767,mal_train,1,lockbit,05f9891bb4ca2b87b476e3d3f415e329a547d3cb65741b908cd570eb96575767,x86,plain,1,
vs,0845a8c3be602a72e23a155b23ad554495bd558fa79e1bb849aa75f79d069194,mal_train,1,lockbit,0845a8c3be602a72e23a155b23ad554495bd558fa79e1bb849aa75f79d069194,x86,plain,1,
vs,0ace4e1158ab5b7723493f39d6949309e00e4a71804f0b09e33d5d48a28cb061,mal_train,1,lockbit,0ace4e1158ab5b7723493f39d6949309e00e4a71804f0b09e33d5d48a28cb061,x64,plain,1,
vs,0b02c55fbb40d7757b5808efe3fd1343f943bcefb92e0009689f4995e3eb26c0,mal_train,1,lockbit,0b02c55fbb40d7757b5808efe3fd1343f943bcefb92e0009689f4995e3eb26c0,x86,plain,1,
vs,0dd36a058705717a7d84622f9745b85277c37a07ad830a6648a01ef6e679324a,mal_train,1,lockbit,0dd36a058705717a7d84622f9745b85277c37a07ad830a6648a01ef6e679324a,x86,packed_other,0,packed_other
vs,0fb86a8ba8fdf57990c283080a671c1320cbcdfd0e8b5f5a250d9c38a6fce305,mal_train,1,lockbit,0fb86a8ba8fdf57990c283080a671c1320cbcdfd0e8b5f5a250d9c38a6fce305,x86,plain,1,
vs,105912c9995a1d718c5442349d2cc4bb99426f75ff34554cdfd9a7272eeca398,mal_train,1,lockbit,105912c9995a1d718c5442349d2cc4bb99426f75ff34554cdfd9a7272eeca398,x86,plain,1,
vs,1520e4cb2748aa5725d8b6c242ff6cf365f6672db35df2745c920ed228666317,mal_train,1,lockbit,1520e4cb2748aa5725d8b6c242ff6cf365f6672db35df2745c920ed228666317,x86,packed_other,0,packed_other
vs,166bba02413995aff28ffeb27d3bf3d5a5f6a6cd36893e252c7b9a22836f4980,mal_train,1,lockbit,166bba02413995aff28ffeb27d3bf3d5a5f6a6cd36893e252c7b9a22836f4980,x64,plain,1,
vs,17594425d252777b2c8fb42b66b943567406398edb5ee5f57cbf88b42c82a65c,mal_train,1,lockbit,17594425d252777b2c8fb42b66b943567406398edb5ee5f57cbf88b42c82a65c,x86,plain,1,
vs,180e93a091f8ab584a827da92c560c78f468c45f2539f73ab2deb308fb837b38,mal_train,1,lockbit,180e93a091f8ab584a827da92c560c78f468c45f2539f73ab2deb308fb837b38,x64,plain,1,
vs,1866b28b51045944df18e63c9a5989afe985e30ff1944db6544ca76b32235567,mal_train,1,lockbit,1866b28b51045944df18e63c9a5989afe985e30ff1944db6544ca76b32235567,x86,packed_other,0,packed_other
vs,21e51ee7ba87cd60f692628292e221c17286df1c39e36410e7a0ae77df0f6b4b,mal_train,1,lockbit,21e51ee7ba87cd60f692628292e221c17286df1c39e36410e7a0ae77df0f6b4b,x64,upx,0,upx
vs,25fba0e92d00184dde662c7d30aff006851dba296daa6f6f82ce797b66789ed2,mal_train,1,lockbit,25fba0e92d00184dde662c7d30aff006851dba296daa6f6f82ce797b66789ed2,x64,packed_other,0,packed_other
vs,311edf744c2e90d7bfc550c893478f43d1d7977694d5dcecf219795f3eb99b86,mal_train,1,lockbit,311edf744c2e90d7bfc550c893478f43d1d7977694d5dcecf219795f3eb99b86,x86,plain,1,
vs,315d043b99f988ce9d9f69d7225292eb44623a97c1a029933b62ede699fa9f13,mal_train,1,lockbit,315d043b99f988ce9d9f69d7225292eb44623a97c1a029933b62ede699fa9f13,x86,plain,1,
vs,33376f74c2f071ff30bab1c2d19d9361d16ebaa3dee73d3b595f6d789c15f620,mal_train,1,lockbit,33376f74c2f071ff30bab1c2d19d9361d16ebaa3dee73d3b595f6d789c15f620,x64,packed_other,0,packed_other
vs,33e5396c26b5fff35264d758f66244d54372a93be3bc83a27bb1ebef58b1528c,mal_train,1,lockbit,33e5396c26b5fff35264d758f66244d54372a93be3bc83a27bb1ebef58b1528c,x64,packed_other,0,packed_other
vs,3552dda80bd6875c1ed1273ca7562c9ace3de2f757266dae70f60bf204089a4a,mal_train,1,lockbit,3552dda80bd6875c1ed1273ca7562c9ace3de2f757266dae70f60bf204089a4a,x64,packed_other,0,packed_other
vs,392f4f64305a84b2c1451761f931fe21eae4a1329864c5a83c3fdc8356b07ef9,mal_train,1,lockbit,392f4f64305a84b2c1451761f931fe21eae4a1329864c5a83c3fdc8356b07ef9,x86,dotnet,0,dotnet
vs,3a659609850664cbc0683c8c7b92be816254eb9306e7fb12ad79d5a9af0fb623,mal_train,1,lockbit,3a659609850664cbc0683c8c7b92be816254eb9306e7fb12ad79d5a9af0fb623,x86,packed_other,0,packed_other
vs,3c13ae9a53b29849fd3bb75d3259a23658cd687441f8bdd610487007c51d2eac,mal_train,1,lockbit,3c13ae9a53b29849fd3bb75d3259a23658cd687441f8bdd610487007c51d2eac,x86,plain,1,
vs,3dc6902dc87d976787bdf0878e7174ec526df613645d3f275e0216d05cf2d217,mal_train,1,lockbit,3dc6902dc87d976787bdf0878e7174ec526df613645d3f275e0216d05cf2d217,x64,plain,1,
vs,47c6ba872eea70cf59233fabbdb6d1978cfc7c5602d4710b4f3d123e91f91822,mal_train,1,lockbit,47c6ba872eea70cf59233fabbdb6d1978cfc7c5602d4710b4f3d123e91f91822,x64,plain,1,
vs,48e2033a286775c3419bea8702a717de0b2aaf1e737ef0e6b3bf31ef6ae00eb5,mal_train,1,lockbit,48e2033a286775c3419bea8702a717de0b2aaf1e737ef0e6b3bf31ef6ae00eb5,x86,packed_other,0,packed_other
vs,49e891411c7eb5d49fd52c738dd664879d2b1d6bcb090ce6aeaa0b6342c1ecdc,mal_train,1,lockbit,49e891411c7eb5d49fd52c738dd664879d2b1d6bcb090ce6aeaa0b6342c1ecdc,x64,plain,1,
vs,4f76df691e2ea292b56812eb3167efcab655382d632048ff63781f5d41f86433,mal_train,1,lockbit,4f76df691e2ea292b56812eb3167efcab655382d632048ff63781f5d41f86433,x86,plain,1,
vs,4ff3b5ae26ae039c77e17e057cd7a05556c13c78ff47da3323e4fd3ef2c732d6,mal_train,1,lockbit,4ff3b5ae26ae039c77e17e057cd7a05556c13c78ff47da3323e4fd3ef2c732d6,x64,upx,0,upx
vs,58260a6687486e39dc46461270b391280b7d59997d84b6639230d95e3bdfca23,mal_train,1,lockbit,58260a6687486e39dc46461270b391280b7d59997d84b6639230d95e3bdfca23,x86,plain,1,
vs,5c5c5b25b51450a050f4b91cd2705c8242b0cfc1a0eaeb4149354dbb07979b83,mal_train,1,lockbit,5c5c5b25b51450a050f4b91cd2705c8242b0cfc1a0eaeb4149354dbb07979b83,x64,plain,1,
vs,5fddbc9fe214eafa3fce0cfa5aea3fc3283a62db82a7e86307a00cd345af57ee,mal_train,1,lockbit,5fddbc9fe214eafa3fce0cfa5aea3fc3283a62db82a7e86307a00cd345af57ee,x86,packed_other,0,packed_other
vs,637be4d4df565ad9299be22e19deacaa343f05d56fb9ea0a201fb012ac8f4df9,mal_train,1,lockbit,637be4d4df565ad9299be22e19deacaa343f05d56fb9ea0a201fb012ac8f4df9,x86,packed_other,0,packed_other
vs,641a0f4066850e5f342d94f74b29eaf19a6fdd6359a2e4e2b12b22031c184da1,mal_train,1,lockbit,641a0f4066850e5f342d94f74b29eaf19a6fdd6359a2e4e2b12b22031c184da1,x86,plain,1,
vs,643e6e51e42a4274005b853efc80ad54e8f6c8aa113cf415fb8bdebcc7399b84,mal_train,1,lockbit,643e6e51e42a4274005b853efc80ad54e8f6c8aa113cf415fb8bdebcc7399b84,x86,plain,1,
vs,67ac04c1b7526288194e53da33cc0e9661687fd4fbbf12156e5ef6dd2a4108eb,mal_train,1,lockbit,67ac04c1b7526288194e53da33cc0e9661687fd4fbbf12156e5ef6dd2a4108eb,x86,packed_other,0,packed_other
vs,771a06e3a1bdb42a7249d1c888e740c2bc46ba30b54490188c17f6c84ca96e26,mal_train,1,lockbit,771a06e3a1bdb42a7249d1c888e740c2bc46ba30b54490188c17f6c84ca96e26,x86,plain,1,
vs,7a42a2591858a6901ad37d4669a9c9a78a981b1d670c3dbfeef23500eae972c1,mal_train,1,lockbit,7a42a2591858a6901ad37d4669a9c9a78a981b1d670c3dbfeef23500eae972c1,x86,plain,1,
vs,7de7ce42cde20847749fa5bc4048cf5cacec8c2bf49169d7d262ea38630640ea,mal_train,1,lockbit,7de7ce42cde20847749fa5bc4048cf5cacec8c2bf49169d7d262ea38630640ea,x86,plain,1,
vs,7ea5afbc166c4e23498aa9747be81ceaf8dad90b8daa07a6e4644dc7c2277b82,mal_train,1,lockbit,7ea5afbc166c4e23498aa9747be81ceaf8dad90b8daa07a6e4644dc7c2277b82,x64,plain,1,
vs,7ed131e9cf7d7f87b0c7e95e121025f35f526c927e8dda59196c9022870193b1,mal_train,1,lockbit,7ed131e9cf7d7f87b0c7e95e121025f35f526c927e8dda59196c9022870193b1,x64,plain,1,
vs,8022060ef633e157518037122a6003813cc0a3066d456a1164275a211efc8f5c,mal_train,1,lockbit,8022060ef633e157518037122a6003813cc0a3066d456a1164275a211efc8f5c,x86,plain,1,
vs,82b336cd120ef07d8df5a3e3fa082bcca8b5c0a3481fae78cb5dd29072979f69,mal_train,1,lockbit,82b336cd120ef07d8df5a3e3fa082bcca8b5c0a3481fae78cb5dd29072979f69,x86,upx_unpacked,1,
vs,86e17aa882c690ede284f3e445439dfe589d8f36e31cbc09d102305499d5c498,mal_train,1,lockbit,86e17aa882c690ede284f3e445439dfe589d8f36e31cbc09d102305499d5c498,x86,plain,1,
vs,8d864c11c820e6d85a14c4041798e4c0c6c03ca3d21a3d68a141b2425f82263f,mal_train,1,lockbit,8d864c11c820e6d85a14c4041798e4c0c6c03ca3d21a3d68a141b2425f82263f,x86,packed_other,0,packed_other
vs,8dd64e306731d5a21d7805c485d6312444be01e2a8dee0807f7f6c401669e685,mal_train,1,lockbit,8dd64e306731d5a21d7805c485d6312444be01e2a8dee0807f7f6c401669e685,x86,plain,1,
vs,99b41a3ffef3e2d26ad47f46e616dae81b3991c3705a7892a92e2ffd74307658,mal_train,1,lockbit,99b41a3ffef3e2d26ad47f46e616dae81b3991c3705a7892a92e2ffd74307658,x64,plain,1,
vs,9a007e70a934bc617f93d4c2ea08f2b7c6238562529bc90d89c990bd7d2983c4,mal_train,1,lockbit,9a007e70a934bc617f93d4c2ea08f2b7c6238562529bc90d89c990bd7d2983c4,x64,plain,1,
vs,a61687dca6e71baa451a3ba677299af8c0b8d576f7e348609aa43162ca550dc3,mal_train,1,lockbit,a61687dca6e71baa451a3ba677299af8c0b8d576f7e348609aa43162ca550dc3,x86,packed_other,0,packed_other
vs,a88e9c57e89817701d2651b556f76641e10a7fb54eb29cf9a466648b25fe6716,mal_train,1,lockbit,a88e9c57e89817701d2651b556f76641e10a7fb54eb29cf9a466648b25fe6716,x86,packed_other,0,packed_other
vs,a8fe7e11f97a293db5fda072cc9e64a161c76ababd37754acce5ccd6dfa30d1c,mal_train,1,lockbit,a8fe7e11f97a293db5fda072cc9e64a161c76ababd37754acce5ccd6dfa30d1c,x86,plain,1,
vs,bcbdc1bd464ba817632f46bcb5c09a2012da859487c61bd4dc51bceae54512c0,mal_train,1,lockbit,bcbdc1bd464ba817632f46bcb5c09a2012da859487c61bd4dc51bceae54512c0,x86,plain,1,
vs,c165d80706ccb48e3d5f77a51068771dec247362a8726588c563f335a3df5b6e,mal_train,1,lockbit,c165d80706ccb48e3d5f77a51068771dec247362a8726588c563f335a3df5b6e,x64,plain,1,
vs,cd727c8fc0303b9a77641cc43061fa6ae9de3a0af40fd525c4a745c1dcdd5965,mal_train,1,lockbit,cd727c8fc0303b9a77641cc43061fa6ae9de3a0af40fd525c4a745c1dcdd5965,x86,plain,1,
vs,d12c35c8825aad5b09855a89102236774ca847a7559132c4e9d92aaf69772815,mal_train,1,lockbit,d12c35c8825aad5b09855a89102236774ca847a7559132c4e9d92aaf69772815,x86,plain,1,
vs,e082c6d30278139fdab5a7ddddecbcbafad12ab4dff1d5a960d9704fe635c007,mal_train,1,lockbit,e082c6d30278139fdab5a7ddddecbcbafad12ab4dff1d5a960d9704fe635c007,x64,plain,1,
vs,e173dd358ec750f561ec4eec0c6d75e8709bc32fbe43a5e9a92dd0db96c82b58,mal_train,1,lockbit,e173dd358ec750f561ec4eec0c6d75e8709bc32fbe43a5e9a92dd0db96c82b58,x86,plain,1,
vs,f28599b06560617bccdfb56acc841f3e642ff51b9956632fcc4204f026711e23,mal_train,1,lockbit,f28599b06560617bccdfb56acc841f3e642ff51b9956632fcc4204f026711e23,x86,plain,1,
vs,f53ac28e9b0ec8535333795ab9e0e52b17a77ad5eabc7b5172bd7e7aac41df12,mal_train,1,lockbit,f53ac28e9b0ec8535333795ab9e0e52b17a77ad5eabc7b5172bd7e7aac41df12,x86,dotnet,0,dotnet
vs,f53f84ac24e0ae43cd5b59a0e031d6423f8dce2400d21e0d59ea5511b57f256f,mal_train,1,lockbit,f53f84ac24e0ae43cd5b59a0e031d6423f8dce2400d21e0d59ea5511b57f256f,x86,packed_other,0,packed_other
vs,f734bc911b2662cc5fad02e4750911bfc9c150b14735c3a984ddade48c3eacd4,mal_train,1,lockbit,f734bc911b2662cc5fad02e4750911bfc9c150b14735c3a984ddade48c3eacd4,x86,packed_other,0,packed_other
vs,fa03e0cc4ce12a16be88b229d9dda6bef390697137318456206c4406a90a4eca,mal_train,1,lockbit,fa03e0cc4ce12a16be88b229d9dda6bef390697137318456206c4406a90a4eca,x64,upx,0,upx
vs,0f863d6c906f4154da19033da1b4374d6000525031c215fb7b3880182a554185,mal_train,1,lorenz,0f863d6c906f4154da19033da1b4374d6000525031c215fb7b3880182a554185,x86,plain,1,
vs,edc2070fd8116f1df5c8d419189331ec606d10062818c5f3de865cd0f7d6db84,mal_train,1,lorenz,edc2070fd8116f1df5c8d419189331ec606d10062818c5f3de865cd0f7d6db84,x86,plain,1,
vs,008e4c327875110b96deef1dd8ef65cefa201fef60ca1cbb9ab51b5304e66fe1,mal_train,1,makop,008e4c327875110b96deef1dd8ef65cefa201fef60ca1cbb9ab51b5304e66fe1,x86,plain,1,
vs,03b5ff330cca623ed119cd2a77b2a142bc38f2a8a3a6e714793fe20f7b0c4051,mal_train,1,makop,03b5ff330cca623ed119cd2a77b2a142bc38f2a8a3a6e714793fe20f7b0c4051,x86,plain,1,
vs,084c57449c765416706301c723116da5073aa60da415c0eb3013239611135b0e,mal_train,1,makop,084c57449c765416706301c723116da5073aa60da415c0eb3013239611135b0e,x86,plain,1,
vs,0ed05e4be5376f0cf391a78afc7a3114ffbfa064348fb66cd93e8ee6f6b27fe1,mal_train,1,makop,0ed05e4be5376f0cf391a78afc7a3114ffbfa064348fb66cd93e8ee6f6b27fe1,x86,dotnet,0,dotnet
vs,13c788ccaa70bca1746a8e35a2d9fda5a85b7a225703801baf927b02701886f3,mal_train,1,makop,13c788ccaa70bca1746a8e35a2d9fda5a85b7a225703801baf927b02701886f3,x86,plain,1,
vs,212fda15138c362d0f7b8f5a2bf43cf8dca0030eee02f06cf2b0516325386355,mal_train,1,makop,212fda15138c362d0f7b8f5a2bf43cf8dca0030eee02f06cf2b0516325386355,x86,plain,1,
vs,267f4251888e56ee84029a34e56fcceb63940f75fa563b20e1a7267806049a97,mal_train,1,makop,267f4251888e56ee84029a34e56fcceb63940f75fa563b20e1a7267806049a97,x86,plain,1,
vs,2aae8c4c79d6332be6f899936c662326250d402f13b1ef85f930d61d4179e183,mal_train,1,makop,2aae8c4c79d6332be6f899936c662326250d402f13b1ef85f930d61d4179e183,x86,plain,1,
vs,2b5a3934d3e81fee4654bb1a7288c81af158a6d48a666cf8e379b0492551188f,mal_train,1,makop,2b5a3934d3e81fee4654bb1a7288c81af158a6d48a666cf8e379b0492551188f,x86,plain,1,
vs,33ed85ff368cf9fed46a9a74482a5ff5863175f5fcac44a61ee13d678ad10611,mal_train,1,makop,33ed85ff368cf9fed46a9a74482a5ff5863175f5fcac44a61ee13d678ad10611,x86,plain,1,
vs,3757824893405fd34313749b689879b40b02db3d8a682f9f88e23f63908881f7,mal_train,1,makop,3757824893405fd34313749b689879b40b02db3d8a682f9f88e23f63908881f7,x86,plain,1,
vs,3b15b66bf6a7d7ebab6437906686037f23a797d15e0fbff3d6741d3f58db8f1e,mal_train,1,makop,3b15b66bf6a7d7ebab6437906686037f23a797d15e0fbff3d6741d3f58db8f1e,x86,plain,1,
vs,4aa3ae979ad5fb790408c90ebe653592f5861eb7b8dac54cad59e9ac1c54bac4,mal_train,1,makop,4aa3ae979ad5fb790408c90ebe653592f5861eb7b8dac54cad59e9ac1c54bac4,x86,plain,1,
vs,4b12f4fdf07d06fb59b5619d01a293c51d32efd183d45a87459b47d5169cfe51,mal_train,1,makop,4b12f4fdf07d06fb59b5619d01a293c51d32efd183d45a87459b47d5169cfe51,x86,packed_other,0,packed_other
vs,56f7b48f3877743c44aef0f3e990b3387dd6185f1c40a7477f5b6bad64960659,mal_train,1,makop,56f7b48f3877743c44aef0f3e990b3387dd6185f1c40a7477f5b6bad64960659,x86,plain,1,
vs,57eab146f612a387a6d0db7073f200742634a31cc78dda6f59cfdc8996ddca4a,mal_train,1,makop,57eab146f612a387a6d0db7073f200742634a31cc78dda6f59cfdc8996ddca4a,x86,plain,1,
vs,6b84568ce25ae74bacd0bb7aad5738846ea567180c9139a6de450b82d64e5a1f,mal_train,1,makop,6b84568ce25ae74bacd0bb7aad5738846ea567180c9139a6de450b82d64e5a1f,x86,plain,1,
vs,7b367f4c26ea8c16697cd8b2d41e568a1fa3a6a7909475b7e0850dc38f374dce,mal_train,1,makop,7b367f4c26ea8c16697cd8b2d41e568a1fa3a6a7909475b7e0850dc38f374dce,x86,plain,1,
vs,7d4b154e90a8472545d84d7d1ec49888269872c9a8adf3a0411317c8f926f1f5,mal_train,1,makop,7d4b154e90a8472545d84d7d1ec49888269872c9a8adf3a0411317c8f926f1f5,x86,plain,1,
vs,7fa09b186e668d32c7684c318a8e588448d9b3f55f1b9894d5388ac7cf002174,mal_train,1,makop,7fa09b186e668d32c7684c318a8e588448d9b3f55f1b9894d5388ac7cf002174,x86,plain,1,
vs,801384c781c364acdc61e60e5b120359cb4617a42da8155123f3a0381a56495a,mal_train,1,makop,801384c781c364acdc61e60e5b120359cb4617a42da8155123f3a0381a56495a,x86,plain,1,
vs,867d49ff57da4de9e097bce1fd0ab1a50a755ca39ef9e97bee34a8a6c9d51bbb,mal_train,1,makop,867d49ff57da4de9e097bce1fd0ab1a50a755ca39ef9e97bee34a8a6c9d51bbb,x86,plain,1,
vs,90025b71fb52f97a9bb10ef314f7c85f6000619657b2ec7940110da7a9b64703,mal_train,1,makop,90025b71fb52f97a9bb10ef314f7c85f6000619657b2ec7940110da7a9b64703,x86,plain,1,
vs,9c3942cc35345c4ffffdff580e450f86626d89871c853834c2b126afb023ccda,mal_train,1,makop,9c3942cc35345c4ffffdff580e450f86626d89871c853834c2b126afb023ccda,x86,plain,1,
vs,a3f6679f856ce665166f3979520936ce148fb216be6ea509fd8f527256191fe5,mal_train,1,makop,a3f6679f856ce665166f3979520936ce148fb216be6ea509fd8f527256191fe5,x86,plain,1,
vs,aaf7bb9ad358726ca367f1827686dc15fea925f26ab1e201a2768c67472e8890,mal_train,1,makop,aaf7bb9ad358726ca367f1827686dc15fea925f26ab1e201a2768c67472e8890,x86,plain,1,
vs,ad534790700a9daa5fda6452692590e5e8c86d6a86aec0110822d0b54a6c21d9,mal_train,1,makop,ad534790700a9daa5fda6452692590e5e8c86d6a86aec0110822d0b54a6c21d9,x86,plain,1,
vs,b08ba51136b2f4ff7a477735d05e91ccc09be3eacbd706331e4a81af7fc68940,mal_train,1,makop,b08ba51136b2f4ff7a477735d05e91ccc09be3eacbd706331e4a81af7fc68940,x86,plain,1,
vs,b748273a57cb0c0eff16dd6030920c7794d31118e4796471a2d34684c0756144,mal_train,1,makop,b748273a57cb0c0eff16dd6030920c7794d31118e4796471a2d34684c0756144,x86,plain,1,
vs,bc225c5fe58ce3b42512871afdcc4513a870812b6b6477d8fe53bca77100660e,mal_train,1,makop,bc225c5fe58ce3b42512871afdcc4513a870812b6b6477d8fe53bca77100660e,x86,plain,1,
vs,c0a84187653d386349e6426392a5aad656685dbcd1ce7e67877a0071800ee626,mal_train,1,makop,c0a84187653d386349e6426392a5aad656685dbcd1ce7e67877a0071800ee626,x86,plain,1,
vs,cfed5d55391704116b3bf68840ebcdd99277054cb1924ecff31876478ed9a927,mal_train,1,makop,cfed5d55391704116b3bf68840ebcdd99277054cb1924ecff31876478ed9a927,x86,plain,1,
vs,d0dd0f7658b938f9a3036ce308f5018ae0cf3bc516aaf3c18b947afee136c043,mal_train,1,makop,d0dd0f7658b938f9a3036ce308f5018ae0cf3bc516aaf3c18b947afee136c043,x86,plain,1,
vs,d2f2dcb52f79307c4f9745a169986ff1f2d5427fe4ba000efb458f7590176da6,mal_train,1,makop,d2f2dcb52f79307c4f9745a169986ff1f2d5427fe4ba000efb458f7590176da6,x86,plain,1,
vs,d85c1e6750b46ab77dde45ec04683e7ad84ad29db6a22392af1f22c395909c30,mal_train,1,makop,d85c1e6750b46ab77dde45ec04683e7ad84ad29db6a22392af1f22c395909c30,x86,plain,1,
vs,d9bed1a2f69d9c144006a97ee6eedaaa9cd94960a93d39aa2c7bc59e17527163,mal_train,1,makop,d9bed1a2f69d9c144006a97ee6eedaaa9cd94960a93d39aa2c7bc59e17527163,x86,dotnet,0,dotnet
vs,dc4bb89a5e91280cb1fcf1d87f8616fe3cc283159c8babb240b437d2e1e5a309,mal_train,1,makop,dc4bb89a5e91280cb1fcf1d87f8616fe3cc283159c8babb240b437d2e1e5a309,x86,plain,1,
vs,e51abdb2023b560244802f7d9687944dc0dff3042c28d7bc7a2b517df6e24942,mal_train,1,makop,e51abdb2023b560244802f7d9687944dc0dff3042c28d7bc7a2b517df6e24942,x86,packed_other,0,packed_other
vs,f0a17efd62272b2bb2dfe0d57ca547044da75a558e32b2d94aa5788c18d9168c,mal_train,1,makop,f0a17efd62272b2bb2dfe0d57ca547044da75a558e32b2d94aa5788c18d9168c,x86,plain,1,
vs,f4e2bab6cb056c8e644e4b8d4dac7cbf2b972d763f396a475e9fb539438de839,mal_train,1,makop,f4e2bab6cb056c8e644e4b8d4dac7cbf2b972d763f396a475e9fb539438de839,x86,plain,1,
vs,f8a505c194572963b8defea169a2bf9b7e87ba2a38df1afb990623715a81daf3,mal_train,1,makop,f8a505c194572963b8defea169a2bf9b7e87ba2a38df1afb990623715a81daf3,x86,plain,1,
vs,fa2b92d07e6f86bcd56bd1b5d146bedcda1e623028612afab2ee749764046834,mal_train,1,makop,fa2b92d07e6f86bcd56bd1b5d146bedcda1e623028612afab2ee749764046834,x86,packed_other,0,packed_other
vs,06699c98ed2ef759b2434ac5777a2886b966c0ffa1c96c046f5cde77fe833784,mal_train,1,mallox,06699c98ed2ef759b2434ac5777a2886b966c0ffa1c96c046f5cde77fe833784,x64,plain,1,
vs,0a26eab06e82c211b5e8c44599e481bc9a8360ca75e5bf3aa1540d1b075643f5,mal_train,1,mallox,0a26eab06e82c211b5e8c44599e481bc9a8360ca75e5bf3aa1540d1b075643f5,x64,plain,1,
vs,134c23ec245a8e10995adfa594154b61bf94e1e5016cf5daeb2b8d594bb16448,mal_train,1,mallox,134c23ec245a8e10995adfa594154b61bf94e1e5016cf5daeb2b8d594bb16448,x86,dotnet,0,dotnet
vs,1f793f973fd906f9736aa483c613b82d5d2d7b0e270c5c903704f9665d9e1185,mal_train,1,mallox,1f793f973fd906f9736aa483c613b82d5d2d7b0e270c5c903704f9665d9e1185,x86,plain,1,
vs,2289706f678585059502a24283e0f55d56cf477524753c606f64825bba66fca8,mal_train,1,mallox,2289706f678585059502a24283e0f55d56cf477524753c606f64825bba66fca8,x86,plain,1,
vs,45a236e7aa80515aafb6c656c758faad6e77fb435b35bfa407aef3918212078d,mal_train,1,mallox,45a236e7aa80515aafb6c656c758faad6e77fb435b35bfa407aef3918212078d,x64,plain,1,
vs,4a843cec82d350fe81db4cfbe43ee13dd69584a2031f362d523ac0ebc08a0fa9,mal_train,1,mallox,4a843cec82d350fe81db4cfbe43ee13dd69584a2031f362d523ac0ebc08a0fa9,x86,dotnet,0,dotnet
vs,584e4ad4ef01550d20494b6929c4bdd29f0a0ab47066890f140b2d4e012734a1,mal_train,1,mallox,584e4ad4ef01550d20494b6929c4bdd29f0a0ab47066890f140b2d4e012734a1,x86,dotnet,0,dotnet
vs,5ccff9af23c18998221f45396732539d18e330454327d1e7450095c682d8c552,mal_train,1,mallox,5ccff9af23c18998221f45396732539d18e330454327d1e7450095c682d8c552,x86,plain,1,
vs,7e6cd2bf820d81c9389c549cfe482bcdb1b57c5f39d53b63cd1efb79699e7ae6,mal_train,1,mallox,7e6cd2bf820d81c9389c549cfe482bcdb1b57c5f39d53b63cd1efb79699e7ae6,x86,dotnet,0,dotnet
vs,800b4455105a08833332092017909f9dd47bd4ebfb1cbddbe0b95658d03b8d64,mal_train,1,mallox,800b4455105a08833332092017909f9dd47bd4ebfb1cbddbe0b95658d03b8d64,x86,dotnet,0,dotnet
vs,9acbc6b9342e22059c02db89c629d56b2ada8b56abe94f2a901ed1252beac2cd,mal_train,1,mallox,9acbc6b9342e22059c02db89c629d56b2ada8b56abe94f2a901ed1252beac2cd,x86,plain,1,
vs,a7018ff4aaaaebda06615da54ab7d3dcfe06ffda501254eb9654aa27152629bb,mal_train,1,mallox,a7018ff4aaaaebda06615da54ab7d3dcfe06ffda501254eb9654aa27152629bb,x86,dotnet,0,dotnet
vs,cda99e504a122208862739087cf16b4838e9f051acfcbeb9ec794923b414c018,mal_train,1,mallox,cda99e504a122208862739087cf16b4838e9f051acfcbeb9ec794923b414c018,x86,dotnet,0,dotnet
vs,df29d5c4a750663440ce76d6804ce88e03faeef9591ec0b3b9ca348a6c930b7f,mal_train,1,mallox,df29d5c4a750663440ce76d6804ce88e03faeef9591ec0b3b9ca348a6c930b7f,x86,plain,1,
vs,e7178a4bad4407316b85894307df32fdf85b597455364eb8ec4d407749e852ce,mal_train,1,mallox,e7178a4bad4407316b85894307df32fdf85b597455364eb8ec4d407749e852ce,x86,plain,1,
vs,f7e8a0eac54dd040e2609546fca263f2c2753802ff57e7c62d5e9ccfa04bdb1a,mal_train,1,mallox,f7e8a0eac54dd040e2609546fca263f2c2753802ff57e7c62d5e9ccfa04bdb1a,x86,plain,1,
vs,1e21459e9db8aafbae60cba51cf64a557e3ab1dd0b37141e6b423b476ee196ac,mal_train,1,maze,1e21459e9db8aafbae60cba51cf64a557e3ab1dd0b37141e6b423b476ee196ac,x86,plain,1,
vs,311baa4d4229a8d6802d82a8d9935592bf9a7b6aaf0949f0fa0b094592f5e8a7,mal_train,1,maze,311baa4d4229a8d6802d82a8d9935592bf9a7b6aaf0949f0fa0b094592f5e8a7,x86,plain,1,
vs,53bba522663285740d740031f1878f7a4886b582ebcdbddc043afcd0dca70028,mal_train,1,maze,53bba522663285740d740031f1878f7a4886b582ebcdbddc043afcd0dca70028,x86,plain,1,
vs,6a22220c0fe5f578da11ce22945b63d93172b75452996defdc2ff48756bde6af,mal_train,1,maze,6a22220c0fe5f578da11ce22945b63d93172b75452996defdc2ff48756bde6af,x86,plain,1,
vs,a0a42285a7368d5ad0f6938e308bacd1cea2f0a4245ffefe9c6df695a3f78e9c,mal_train,1,maze,a0a42285a7368d5ad0f6938e308bacd1cea2f0a4245ffefe9c6df695a3f78e9c,x86,plain,1,
vs,a201cfc29ea98a499a42ce0def43a1a2394ee980651791d3b46ff258fc03c151,mal_train,1,maze,a201cfc29ea98a499a42ce0def43a1a2394ee980651791d3b46ff258fc03c151,x86,plain,1,
vs,d482cac0754017ccc4e0f3b92c07f0ef4cd6dd394a6e3c7afe1fb928e487aa62,mal_train,1,maze,d482cac0754017ccc4e0f3b92c07f0ef4cd6dd394a6e3c7afe1fb928e487aa62,x86,packed_other,0,packed_other
vs,daa0ac4896cdfdae324b228d5c620fb3ab4a33ff73d991a3587a086c7ffb5e93,mal_train,1,maze,daa0ac4896cdfdae324b228d5c620fb3ab4a33ff73d991a3587a086c7ffb5e93,x86,plain,1,
vs,0065b818525d8a364f5d9e4b801e3408dad6576ce6d8ca5c01b19c3857a08d64,mal_train,1,medusa,0065b818525d8a364f5d9e4b801e3408dad6576ce6d8ca5c01b19c3857a08d64,x86,plain,1,
vs,0382f4930cb892b43c80ef147ad617c332a7c2e298502ef0e6663b2b48319460,mal_train,1,medusa,0382f4930cb892b43c80ef147ad617c332a7c2e298502ef0e6663b2b48319460,x86,plain,1,
vs,08b74bb2d6ec9bbdabdd92fb32d8322d2e08b45b0be069c7429675d33d5060c7,mal_train,1,medusa,08b74bb2d6ec9bbdabdd92fb32d8322d2e08b45b0be069c7429675d33d5060c7,x86,plain,1,
vs,13d9213ef48c184747cdbcb8745d55d6ddb696b7afc85e88575812550f3d43f3,mal_train,1,medusa,13d9213ef48c184747cdbcb8745d55d6ddb696b7afc85e88575812550f3d43f3,x64,plain,1,
vs,15208030eda48b3786f7d85d756d2bd6596ef0f465d9c8509a8f02c53fad9a10,mal_train,1,medusa,15208030eda48b3786f7d85d756d2bd6596ef0f465d9c8509a8f02c53fad9a10,x86,plain,1,
vs,19b65ef538144e873271f547807830a5ba31fe215f2fe7ade51a38047a80834b,mal_train,1,medusa,19b65ef538144e873271f547807830a5ba31fe215f2fe7ade51a38047a80834b,x86,plain,1,
vs,1bad2b6e8ab16c5a692b2d05f68f7924a73a5818ddf3a9678ca8caab3568a78e,mal_train,1,medusa,1bad2b6e8ab16c5a692b2d05f68f7924a73a5818ddf3a9678ca8caab3568a78e,x86,plain,1,
vs,2e62a782c84149953dd216d96fec8e0f4d4b568525bbaa0574b1aad2530d28e0,mal_train,1,medusa,2e62a782c84149953dd216d96fec8e0f4d4b568525bbaa0574b1aad2530d28e0,x86,plain,1,
vs,33ef66ec811267739a975c776b75787e819a26761e232f0b3eb4b32e7ef560d8,mal_train,1,medusa,33ef66ec811267739a975c776b75787e819a26761e232f0b3eb4b32e7ef560d8,x86,plain,1,
vs,3a6d5694eec724726efa3327a50fad3efdc623c08d647b51e51cd578bddda3da,mal_train,1,medusa,3a6d5694eec724726efa3327a50fad3efdc623c08d647b51e51cd578bddda3da,x86,plain,1,
vs,3d091b32abd008ff392158ff4d7271f72febe6069b4b1b3ccd51a2a733e37327,mal_train,1,medusa,3d091b32abd008ff392158ff4d7271f72febe6069b4b1b3ccd51a2a733e37327,x86,plain,1,
vs,3e19d1653c08206c55e1f835bd890b067b652b99a7b38bad4d78ad7490c6a0f8,mal_train,1,medusa,3e19d1653c08206c55e1f835bd890b067b652b99a7b38bad4d78ad7490c6a0f8,x86,plain,1,
vs,49916c9c2a9d6b3c60f541891966bfff62e9b3eb9b682ced8600e7e9415b033d,mal_train,1,medusa,49916c9c2a9d6b3c60f541891966bfff62e9b3eb9b682ced8600e7e9415b033d,x86,plain,1,
vs,49c9b3ddbce1f77a7f01a660c56f48c0d733a7e807f95caca2dee12a204974ef,mal_train,1,medusa,49c9b3ddbce1f77a7f01a660c56f48c0d733a7e807f95caca2dee12a204974ef,x64,plain,1,
vs,4a0e7565db16ed833a083bc9927f032be5e6918eed712982cd76e87e99510778,mal_train,1,medusa,4a0e7565db16ed833a083bc9927f032be5e6918eed712982cd76e87e99510778,x86,plain,1,
vs,4d4df87cf8d8551d836f67fbde4337863bac3ff6b5cb324675054ea023b12ab6,mal_train,1,medusa,4d4df87cf8d8551d836f67fbde4337863bac3ff6b5cb324675054ea023b12ab6,x86,plain,1,
vs,51b8a283f87a95edb5e98125e5730bcf843fc7ec8fcdc175c8dc0ba3032e8a51,mal_train,1,medusa,51b8a283f87a95edb5e98125e5730bcf843fc7ec8fcdc175c8dc0ba3032e8a51,x86,plain,1,
vs,6b807f9f7c8f24f436b0bab25cb38583bf4c051ea779fcdbb215af8a9a7f64de,mal_train,1,medusa,6b807f9f7c8f24f436b0bab25cb38583bf4c051ea779fcdbb215af8a9a7f64de,x86,plain,1,
vs,6d000a159fe10af1b29ddf4e4015931a9e9d0a020aeef0c602d8c5419b5966e6,mal_train,1,medusa,6d000a159fe10af1b29ddf4e4015931a9e9d0a020aeef0c602d8c5419b5966e6,x64,plain,1,
vs,736de79e0a2d08156bae608b2a3e63336829d59d38d61907642149a566ebd270,mal_train,1,medusa,736de79e0a2d08156bae608b2a3e63336829d59d38d61907642149a566ebd270,x86,plain,1,
vs,84cc889ff7286bccfe7d76a92565a8c1404cfee4fd6cfb22139ddaa5c11d9508,mal_train,1,medusa,84cc889ff7286bccfe7d76a92565a8c1404cfee4fd6cfb22139ddaa5c11d9508,x64,plain,1,
vs,91a3b832564a9b29685b393c8bda9925a7da87fd3958625980da06f80f76109d,mal_train,1,medusa,91a3b832564a9b29685b393c8bda9925a7da87fd3958625980da06f80f76109d,x86,plain,1,
vs,94f420e16a4eb5154076895cd8c5f677db4273d37d44b81e1d04b26e851b69fe,mal_train,1,medusa,94f420e16a4eb5154076895cd8c5f677db4273d37d44b81e1d04b26e851b69fe,x86,plain,1,
vs,9ec6bf1ad038e6c7f5bf9be374d3299df033424ef1399a8ffd892df40efd6353,mal_train,1,medusa,9ec6bf1ad038e6c7f5bf9be374d3299df033424ef1399a8ffd892df40efd6353,x86,plain,1,
vs,a0cebcc9f5893b2fde2806794c27b8a304a0eb863e128ad779ed5dd806ad9239,mal_train,1,medusa,a0cebcc9f5893b2fde2806794c27b8a304a0eb863e128ad779ed5dd806ad9239,x86,plain,1,
vs,b091e38b4cdf341c2733c6e8c2199afd4ee05fc9f921a37c8e555198f1ec2e12,mal_train,1,medusa,b091e38b4cdf341c2733c6e8c2199afd4ee05fc9f921a37c8e555198f1ec2e12,x86,plain,1,
vs,bcd952d2995d187c5a87ec0e03b638e02d7157b9a01d4e7c28ce7a6d6b28ac42,mal_train,1,medusa,bcd952d2995d187c5a87ec0e03b638e02d7157b9a01d4e7c28ce7a6d6b28ac42,x86,plain,1,
vs,c966ace15bece19a119231dfaa2494f14200647fc7cb225667fb22cbb41436fd,mal_train,1,medusa,c966ace15bece19a119231dfaa2494f14200647fc7cb225667fb22cbb41436fd,x64,plain,1,
vs,c9abfc3e4da474e18795f5261f77e60c44e7b3353771281e4304e7506d56fdb4,mal_train,1,medusa,c9abfc3e4da474e18795f5261f77e60c44e7b3353771281e4304e7506d56fdb4,x86,plain,1,
vs,df0f05469702bd70c49045dcbbefc65e735f4116bdb12526cd16110472a51dc8,mal_train,1,medusa,df0f05469702bd70c49045dcbbefc65e735f4116bdb12526cd16110472a51dc8,x86,plain,1,
vs,f40fb93230bb13d6116c03f0181f7ee0c613248035bc42f7b7507f73246cff88,mal_train,1,medusa,f40fb93230bb13d6116c03f0181f7ee0c613248035bc42f7b7507f73246cff88,x64,plain,1,
vs,8be41efd6e6ace53b8c59344be2ba91fe41003987a8e38484b20760d7c400a42,mal_train,1,money,8be41efd6e6ace53b8c59344be2ba91fe41003987a8e38484b20760d7c400a42,x86,plain,1,
vs,97abcf01deea74eb3771ddcef8bfc0906b46a55172588de8e2ad20f8d92b2de7,mal_train,1,money,97abcf01deea74eb3771ddcef8bfc0906b46a55172588de8e2ad20f8d92b2de7,x86,plain,1,
vs,bbdac308d2b15a4724de7919bf8e9ffa713dea60ae3a482417c44c60012a654b,mal_train,1,money,bbdac308d2b15a4724de7919bf8e9ffa713dea60ae3a482417c44c60012a654b,x86,plain,1,
vs,dc563953f845fb88c6375b3e9311ebed49ce4bcd613f7044989304c8de384dac,mal_train,1,money,dc563953f845fb88c6375b3e9311ebed49ce4bcd613f7044989304c8de384dac,x86,plain,1,
vs,fe1f3c60cc08746d41481f390ef46c075011bad264e16db4475673466fe922a9,mal_train,1,money,fe1f3c60cc08746d41481f390ef46c075011bad264e16db4475673466fe922a9,x86,plain,1,
vs,2c44444d207a78da7477ae1af195d4265134e895bebb476f7b2c003f1467a033,mal_train,1,mountlocker,2c44444d207a78da7477ae1af195d4265134e895bebb476f7b2c003f1467a033,x64,plain,1,
vs,2d2d2e39ccae1ff764e6618b5d7636d41ac6e752ce56d69a9acbb9cb1c8183d0,mal_train,1,mountlocker,2d2d2e39ccae1ff764e6618b5d7636d41ac6e752ce56d69a9acbb9cb1c8183d0,x64,plain,1,
vs,31630d16f4564c7a214a206a58f60b7623cd1b3abb823d10ed50aa077ca33585,mal_train,1,mountlocker,31630d16f4564c7a214a206a58f60b7623cd1b3abb823d10ed50aa077ca33585,x86,plain,1,
vs,2daa5144081dd288c1dc936ec27b1c8bd709633450ceb73f235fccd1c3d3c62e,mal_train,1,nefilim,2daa5144081dd288c1dc936ec27b1c8bd709633450ceb73f235fccd1c3d3c62e,x86,plain,1,
vs,0d0ed90929351c08c47dbd7541073d037240718c4a2fd63c09d2377090d4cd7a,mal_train,1,netwalker,0d0ed90929351c08c47dbd7541073d037240718c4a2fd63c09d2377090d4cd7a,x86,plain,1,
vs,12717add64ecf32d7bcb6b2662becbff6b516cf8073f399dc5e4d3615d452e89,mal_train,1,netwalker,12717add64ecf32d7bcb6b2662becbff6b516cf8073f399dc5e4d3615d452e89,x86,plain,1,
vs,167bf2356e65b04407cd2d8299a9b315f213808b04c341f6aad5820fc46a3c49,mal_train,1,netwalker,167bf2356e65b04407cd2d8299a9b315f213808b04c341f6aad5820fc46a3c49,x86,plain,1,
vs,1707f8647515bc7a686e7aed380ab06dd6b853b908ae98252c1e8eefa1e1d540,mal_train,1,netwalker,1707f8647515bc7a686e7aed380ab06dd6b853b908ae98252c1e8eefa1e1d540,x64,plain,1,
vs,2520b15068fa108c947db179377c6b462f2c4f47037168bf8c69fcb668cb11a8,mal_train,1,netwalker,2520b15068fa108c947db179377c6b462f2c4f47037168bf8c69fcb668cb11a8,x86,plain,1,
vs,26dfa8512e892dc8397c4ccbbe10efbcf85029bc2ad7b6b6fe17d26f946a01bb,mal_train,1,netwalker,26dfa8512e892dc8397c4ccbbe10efbcf85029bc2ad7b6b6fe17d26f946a01bb,x86,plain,1,
vs,27319e75c23693399977e92b9a7ba5680a7a9db448f93b3221840c61301604d5,mal_train,1,netwalker,27319e75c23693399977e92b9a7ba5680a7a9db448f93b3221840c61301604d5,x86,plain,1,
vs,29aef790399029029e0443455d72a8b928854a0706f2e211ae7a03bba0e3d4f4,mal_train,1,netwalker,29aef790399029029e0443455d72a8b928854a0706f2e211ae7a03bba0e3d4f4,x86,plain,1,
vs,3ba905e1cda7307163d4c8fe3fd03c2fbce7eda030522084e33d0604c204630e,mal_train,1,netwalker,3ba905e1cda7307163d4c8fe3fd03c2fbce7eda030522084e33d0604c204630e,x86,plain,1,
vs,4df67a9e8abab33856a586cea38b0d365fbbe0d91ee848f270c65f0125d2d677,mal_train,1,netwalker,4df67a9e8abab33856a586cea38b0d365fbbe0d91ee848f270c65f0125d2d677,x86,plain,1,
vs,57cf4470348e3b5da0fa3152be84a81a5e2ce5d794976387be290f528fa419fd,mal_train,1,netwalker,57cf4470348e3b5da0fa3152be84a81a5e2ce5d794976387be290f528fa419fd,x86,packed_other,0,packed_other
vs,74fd9bbdd8a484640e4b0405a1da84734a0a9c2604ac1b0a39fa2e28b0c12614,mal_train,1,netwalker,74fd9bbdd8a484640e4b0405a1da84734a0a9c2604ac1b0a39fa2e28b0c12614,x86,plain,1,
vs,78ddfea21d0b83c2e7ca3dea373b1a383f4cd6272649b5b8c77e6410a7b63b7f,mal_train,1,netwalker,78ddfea21d0b83c2e7ca3dea373b1a383f4cd6272649b5b8c77e6410a7b63b7f,x86,plain,1,
vs,86c54f746b7af0ffaa40444e44b4dfd8e2d598bb31ad932cc2fb1ac1c83237ce,mal_train,1,netwalker,86c54f746b7af0ffaa40444e44b4dfd8e2d598bb31ad932cc2fb1ac1c83237ce,x86,plain,1,
vs,000db71531e5aa8b30594d305bb3fbce8e2c71f66e2170091ef58b3c1f306f46,mal_train,1,phobos,000db71531e5aa8b30594d305bb3fbce8e2c71f66e2170091ef58b3c1f306f46,x86,plain,1,
vs,00723db8c6513a9b8a79b8b8cc7d9da9f23a8a5454149ed12768937ca15d1a47,mal_train,1,phobos,00723db8c6513a9b8a79b8b8cc7d9da9f23a8a5454149ed12768937ca15d1a47,x86,plain,1,
vs,0b997e8b0d0ff6cc4e6f1919c6c0f3080eaa0d08c8fccdf50f7648bf05cca446,mal_train,1,phobos,0b997e8b0d0ff6cc4e6f1919c6c0f3080eaa0d08c8fccdf50f7648bf05cca446,x86,plain,1,
vs,104032d8993555a84679746069ad1f8c1365c4a27eaeec732fda76aa62da005a,mal_train,1,phobos,104032d8993555a84679746069ad1f8c1365c4a27eaeec732fda76aa62da005a,x86,dotnet,0,dotnet
vs,2a50a42d3c44e6e3890a53228cb84f6fdb17e38b31422c68b8634a06d36cc324,mal_train,1,phobos,2a50a42d3c44e6e3890a53228cb84f6fdb17e38b31422c68b8634a06d36cc324,x86,dotnet,0,dotnet
vs,2a8353551d099c78ac100b44718a691142f8cc7879b47e842ee8491426e15c08,mal_train,1,phobos,2a8353551d099c78ac100b44718a691142f8cc7879b47e842ee8491426e15c08,x86,plain,1,
vs,2cfd30a7982b90be60f83fe5f4132999ac50d0d63d9681d8d50c3c8271faa34b,mal_train,1,phobos,2cfd30a7982b90be60f83fe5f4132999ac50d0d63d9681d8d50c3c8271faa34b,x86,dotnet,0,dotnet
vs,30e90f33067608e8e7f4d57fd6903adb5eccb91bf426c56569c16bf86f0d8971,mal_train,1,phobos,30e90f33067608e8e7f4d57fd6903adb5eccb91bf426c56569c16bf86f0d8971,x86,dotnet,0,dotnet
vs,33c861023479ddcaea82f2daee9d0394f304d0c33ba210f4c3c53a93cf9a474c,mal_train,1,phobos,33c861023479ddcaea82f2daee9d0394f304d0c33ba210f4c3c53a93cf9a474c,x86,dotnet,0,dotnet
vs,33d32078ebe0c9429e405fdeb347dfb1ba5543e61d1179d13edffc7943b57640,mal_train,1,phobos,33d32078ebe0c9429e405fdeb347dfb1ba5543e61d1179d13edffc7943b57640,x86,plain,1,
vs,356799503f195db260e08a81d42a431b4ebd47cef94eddc96f24a0fd3e49d716,mal_train,1,phobos,356799503f195db260e08a81d42a431b4ebd47cef94eddc96f24a0fd3e49d716,x86,dotnet,0,dotnet
vs,3bdc7a7bfb1b2704fedad02debc5a143ef5ce6df4a3b53c50f7f589cc806919c,mal_train,1,phobos,3bdc7a7bfb1b2704fedad02debc5a143ef5ce6df4a3b53c50f7f589cc806919c,x86,plain,1,
vs,3d86f3bce92423415bc7beef95e13e9c8a422075e35e80185aec02f439c673ee,mal_train,1,phobos,3d86f3bce92423415bc7beef95e13e9c8a422075e35e80185aec02f439c673ee,x86,plain,1,
vs,408d62cbf4789d9533230eff49b8b45c11b01fd8c8d6d65ec339725d7521a48c,mal_train,1,phobos,408d62cbf4789d9533230eff49b8b45c11b01fd8c8d6d65ec339725d7521a48c,x86,packed_other,0,packed_other
vs,41dbdaeb1dc8fe40358a5e168af596da85c6a84796e63c9d10c11f2077129eaf,mal_train,1,phobos,41dbdaeb1dc8fe40358a5e168af596da85c6a84796e63c9d10c11f2077129eaf,x86,plain,1,
vs,45de59851d68929632346d6f894dc8c1b6a5c4197db83c2e33c60631efc0b39f,mal_train,1,phobos,45de59851d68929632346d6f894dc8c1b6a5c4197db83c2e33c60631efc0b39f,x86,plain,1,
vs,482754d66d01aa3579f007c2b3c3d0591865eb60ba60b9c28c66fe6f4ac53c52,mal_train,1,phobos,482754d66d01aa3579f007c2b3c3d0591865eb60ba60b9c28c66fe6f4ac53c52,x86,dotnet,0,dotnet
vs,4d30670f6311dc373dcbfb5bd93cf1621b1d6c425c8c9a95dc0a1317d0bdf648,mal_train,1,phobos,4d30670f6311dc373dcbfb5bd93cf1621b1d6c425c8c9a95dc0a1317d0bdf648,x86,plain,1,
vs,4e339ff3265d346252f688e0c625fcb2425a056905302e7ffaf2e96959fc861e,mal_train,1,phobos,4e339ff3265d346252f688e0c625fcb2425a056905302e7ffaf2e96959fc861e,x86,plain,1,
vs,4e4c154f0500990e897ca9650eafd3c6255ba4df3b4bc620c6ba27b718278392,mal_train,1,phobos,4e4c154f0500990e897ca9650eafd3c6255ba4df3b4bc620c6ba27b718278392,x86,dotnet,0,dotnet
vs,4ff314143f6fea359946a81034ec04a4f515998fc23c6937bc5d032b02f01bea,mal_train,1,phobos,4ff314143f6fea359946a81034ec04a4f515998fc23c6937bc5d032b02f01bea,x86,plain,1,
vs,518544e56e8ccee401ffa1b0a01a10ce23e49ec21ec441c6c7c3951b01c1b19c,mal_train,1,phobos,518544e56e8ccee401ffa1b0a01a10ce23e49ec21ec441c6c7c3951b01c1b19c,x86,packed_other,0,packed_other
vs,523d97331fcef84ff767dbb01836766d8b1be9bbeb3d76e9fda3a02ad46fd976,mal_train,1,phobos,523d97331fcef84ff767dbb01836766d8b1be9bbeb3d76e9fda3a02ad46fd976,x86,upx_unpacked,1,
vs,55c30024aed833336eb4720a1a4a40c78496efb27b3c4d5c3f1d1b5935c12715,mal_train,1,phobos,55c30024aed833336eb4720a1a4a40c78496efb27b3c4d5c3f1d1b5935c12715,x86,plain,1,
vs,5a96b929383817aa298eec8cca019bcd984fcd71dd8ee353541392c1082756a4,mal_train,1,phobos,5a96b929383817aa298eec8cca019bcd984fcd71dd8ee353541392c1082756a4,x86,plain,1,
vs,5e9902d0d003db7905864ca8a1cf4616d144f56c066156ff700a86d9fa77a09f,mal_train,1,phobos,5e9902d0d003db7905864ca8a1cf4616d144f56c066156ff700a86d9fa77a09f,x86,plain,1,
vs,681f180735ec833997bea4eb26c58f9c2e39980cd0a351e0b5cd99c502b33ae8,mal_train,1,phobos,681f180735ec833997bea4eb26c58f9c2e39980cd0a351e0b5cd99c502b33ae8,x86,dotnet,0,dotnet
vs,68dd91e49256ee61ca05a5309db255e9ffe23e8df680ace95d48346e2a39c260,mal_train,1,phobos,68dd91e49256ee61ca05a5309db255e9ffe23e8df680ace95d48346e2a39c260,x86,plain,1,
vs,698b2a9cf9ce16f1cb5cff4576e902888cb14db7414b8e6ac4eb728f8c87d209,mal_train,1,phobos,698b2a9cf9ce16f1cb5cff4576e902888cb14db7414b8e6ac4eb728f8c87d209,x86,dotnet,0,dotnet
vs,7124f6f197e503f77b3bbb136391b12d79a0e248e697506184aaf19b2df8eb7e,mal_train,1,phobos,7124f6f197e503f77b3bbb136391b12d79a0e248e697506184aaf19b2df8eb7e,x86,plain,1,
vs,71bd706cc0ace3774449282a9c1de5403f8f43dad118b9fbf4fc45cf4894f8e9,mal_train,1,phobos,71bd706cc0ace3774449282a9c1de5403f8f43dad118b9fbf4fc45cf4894f8e9,x86,dotnet,0,dotnet
vs,763b04ef2d0954c7ecf394249665bcd71eeafebc3a66a27b010f558fd59dbdeb,mal_train,1,phobos,763b04ef2d0954c7ecf394249665bcd71eeafebc3a66a27b010f558fd59dbdeb,x86,upx_unpacked,1,
vs,78732997a6c9d975b97da85fc511533d44083a9f9da60dae8393274a59b7bfce,mal_train,1,phobos,78732997a6c9d975b97da85fc511533d44083a9f9da60dae8393274a59b7bfce,x86,dotnet,0,dotnet
vs,790b64a5860a5069fedcb660efdffce2b5ab2195086100a6079697b662f0c198,mal_train,1,phobos,790b64a5860a5069fedcb660efdffce2b5ab2195086100a6079697b662f0c198,x86,dotnet,0,dotnet
vs,7e18ff461e3fc159c9b6634c9250600ea4c62da604885697c95d9bac794109b8,mal_train,1,phobos,7e18ff461e3fc159c9b6634c9250600ea4c62da604885697c95d9bac794109b8,x86,dotnet,0,dotnet
vs,8575dcf7c67612b4d1fc1315bb19318f06bb5abdc6341890e251eb303e386db7,mal_train,1,phobos,8575dcf7c67612b4d1fc1315bb19318f06bb5abdc6341890e251eb303e386db7,x86,plain,1,
vs,8642770995c3663ff3b46a3f8c946d38d475c0a2373c281aca3fae221c430ed5,mal_train,1,phobos,8642770995c3663ff3b46a3f8c946d38d475c0a2373c281aca3fae221c430ed5,x86,plain,1,
vs,8879a7a950a3916f5438685f994ee829a20e4c60021db73060cd078e4a72b5a7,mal_train,1,phobos,8879a7a950a3916f5438685f994ee829a20e4c60021db73060cd078e4a72b5a7,x86,packed_other,0,packed_other
vs,88f6a6455f92255a189526e36aeb581c95c28dc5e26357e7667f871444a336ba,mal_train,1,phobos,88f6a6455f92255a189526e36aeb581c95c28dc5e26357e7667f871444a336ba,x86,dotnet,0,dotnet
vs,91abe280381d0faf55b521f51d16d8aa022f0cc14b1310334d4fffc3474459d4,mal_train,1,phobos,91abe280381d0faf55b521f51d16d8aa022f0cc14b1310334d4fffc3474459d4,x86,dotnet,0,dotnet
vs,9215550ce3b164972413a329ab697012e909d543e8ac05d9901095016dd3fc6c,mal_train,1,phobos,9215550ce3b164972413a329ab697012e909d543e8ac05d9901095016dd3fc6c,x86,dotnet,0,dotnet
vs,97a4d094f86b757b3fb0e189f2843a7af8d0ec43f9805214e89992528e83b5d7,mal_train,1,phobos,97a4d094f86b757b3fb0e189f2843a7af8d0ec43f9805214e89992528e83b5d7,x86,dotnet,0,dotnet
vs,9b4074d8514fd54871f04a8cb7b5341ed22652419a35798c5a388de101894031,mal_train,1,phobos,9b4074d8514fd54871f04a8cb7b5341ed22652419a35798c5a388de101894031,x86,plain,1,
vs,9f40b69060a52731107baec84a0c0f8a1bfc1a62e8471b9cd69509aade9cb7f1,mal_train,1,phobos,9f40b69060a52731107baec84a0c0f8a1bfc1a62e8471b9cd69509aade9cb7f1,x86,dotnet,0,dotnet
vs,aedbddbf7494baaaf759a720d9cd17540d3c171b9cc52a02e0ef9a592bd9cd63,mal_train,1,phobos,aedbddbf7494baaaf759a720d9cd17540d3c171b9cc52a02e0ef9a592bd9cd63,x86,dotnet,0,dotnet
vs,b609555a43a2e1151f9ee7b028d0141034bfce25487ef2ec826d2af714e15ee5,mal_train,1,phobos,b609555a43a2e1151f9ee7b028d0141034bfce25487ef2ec826d2af714e15ee5,x86,plain,1,
vs,c0539fd02ca0184925a932a9e926c681dc9c81b5de4624250f2dd885ca5c4763,mal_train,1,phobos,c0539fd02ca0184925a932a9e926c681dc9c81b5de4624250f2dd885ca5c4763,x86,dotnet,0,dotnet
vs,c21de9109580e03f0fc0a71c10bfe2923927eb0dfe748bea47d550f1fe7f1715,mal_train,1,phobos,c21de9109580e03f0fc0a71c10bfe2923927eb0dfe748bea47d550f1fe7f1715,x86,plain,1,
vs,c29630324d768c6e40b814164f6c2c6f33dd741392edc940cc852e67e1667a57,mal_train,1,phobos,c29630324d768c6e40b814164f6c2c6f33dd741392edc940cc852e67e1667a57,x86,plain,1,
vs,c6960bb3329175489959ec95de0a83a3bd5f206f8cd7f46633e34a0227973d0e,mal_train,1,phobos,c6960bb3329175489959ec95de0a83a3bd5f206f8cd7f46633e34a0227973d0e,x86,plain,1,
vs,c70ced34e4c01df4344e9ee4b2a42190f25ed6ac7543ee9c9579cb0ca8658256,mal_train,1,phobos,c70ced34e4c01df4344e9ee4b2a42190f25ed6ac7543ee9c9579cb0ca8658256,x86,plain,1,
vs,d4cb20dba15d88c38c35be69fe04538b4f9bb0a12edb51ff23c0171b584edf08,mal_train,1,phobos,d4cb20dba15d88c38c35be69fe04538b4f9bb0a12edb51ff23c0171b584edf08,x86,dotnet,0,dotnet
vs,d68cd1a46733695e31c8d8604ad7f5658ebba343404d8443e1e64f0ee3e79a11,mal_train,1,phobos,d68cd1a46733695e31c8d8604ad7f5658ebba343404d8443e1e64f0ee3e79a11,x86,plain,1,
vs,d7cb8a2d60e1818d0638a4c38cd6fae475dc83ab7b2bde9827ecc4e4a7ce6ed7,mal_train,1,phobos,d7cb8a2d60e1818d0638a4c38cd6fae475dc83ab7b2bde9827ecc4e4a7ce6ed7,x86,dotnet,0,dotnet
vs,d8acb51e4c3c0fe91ff0ffff41e6b6c311affcea223b05b24383aa07d6923334,mal_train,1,phobos,d8acb51e4c3c0fe91ff0ffff41e6b6c311affcea223b05b24383aa07d6923334,x86,plain,1,
vs,eb740005273c087baf42b0c3a49a7c5b7225256681106c72567db92fc2048ada,mal_train,1,phobos,eb740005273c087baf42b0c3a49a7c5b7225256681106c72567db92fc2048ada,x86,plain,1,
vs,f146915a0298daff26ffe85a42b9a9ef68e7a148e3dbe3bc43abb283d96facbd,mal_train,1,phobos,f146915a0298daff26ffe85a42b9a9ef68e7a148e3dbe3bc43abb283d96facbd,x86,plain,1,
vs,fa620f37539b2c7e53d4c06de1b680d0eab5c3a5280b89d1700e014bfd320519,mal_train,1,phobos,fa620f37539b2c7e53d4c06de1b680d0eab5c3a5280b89d1700e014bfd320519,x86,dotnet,0,dotnet
vs,fa7ed15708d988e7f69b5628db9481816052efea29e93f1bd274a1d76006aee6,mal_train,1,phobos,fa7ed15708d988e7f69b5628db9481816052efea29e93f1bd274a1d76006aee6,x86,dotnet,0,dotnet
vs,fd59543a425d2159dfadba8efd4d40178b609ef123a8bc5cf00fe3afef95623d,mal_train,1,phobos,fd59543a425d2159dfadba8efd4d40178b609ef123a8bc5cf00fe3afef95623d,x86,dotnet,0,dotnet
vs,3f943430b49481aca6f57051ed0ced1a08038373f063afdd2423d8d72b19b545,mal_train,1,playcrypt,3f943430b49481aca6f57051ed0ced1a08038373f063afdd2423d8d72b19b545,x86,plain,1,
vs,9c7e55441fa5a460320dce5005358d820aec2386982fb3d77d52ce89b3d59744,mal_train,1,playcrypt,9c7e55441fa5a460320dce5005358d820aec2386982fb3d77d52ce89b3d59744,x86,plain,1,
vs,a782b9d82f21fb3aac32de6d24a8730eb39f1bd34bc590ca03fa6bb527c74fec,mal_train,1,playcrypt,a782b9d82f21fb3aac32de6d24a8730eb39f1bd34bc590ca03fa6bb527c74fec,x86,plain,1,
vs,bc381dbeff70b5869fa737860c8cd8a8684cc768981beb55543499efcd32bab7,mal_train,1,playcrypt,bc381dbeff70b5869fa737860c8cd8a8684cc768981beb55543499efcd32bab7,x86,plain,1,
vs,9986b6881fc1df8f119a6ed693a7858c606aed291b0b2f2b3d9ed866337bdbde,mal_train,1,pysa,9986b6881fc1df8f119a6ed693a7858c606aed291b0b2f2b3d9ed866337bdbde,x64,plain,1,
vs,02835451193c2232094b591b7ef52a18786bae3232330839e63631f077f4946b,mal_train,1,qilin,02835451193c2232094b591b7ef52a18786bae3232330839e63631f077f4946b,x86,plain,1,
vs,033b4d28791b318fee5017e79c87c974ee621bae3b137d78ff11e2623ecf78a5,mal_train,1,qilin,033b4d28791b318fee5017e79c87c974ee621bae3b137d78ff11e2623ecf78a5,x86,plain,1,
vs,0ed04a6f924b2757e64940fb909ae1e8b46eb7dcf377985074434a44c38ff64f,mal_train,1,qilin,0ed04a6f924b2757e64940fb909ae1e8b46eb7dcf377985074434a44c38ff64f,x86,plain,1,
vs,13fda99fae67bcb810c018c9db2913aa0426798ea818b12134da97af261f058f,mal_train,1,qilin,13fda99fae67bcb810c018c9db2913aa0426798ea818b12134da97af261f058f,x86,plain,1,
vs,1455a215def8fe3c7053a21e748d20bcef586014b3d000b9f8e64be6ed99addd,mal_train,1,qilin,1455a215def8fe3c7053a21e748d20bcef586014b3d000b9f8e64be6ed99addd,x86,plain,1,
vs,147ad250400bb8c5ec2f7542afc82491fd23d665b070db03c17022ec969024a6,mal_train,1,qilin,147ad250400bb8c5ec2f7542afc82491fd23d665b070db03c17022ec969024a6,x86,plain,1,
vs,18550a8b193b52f8fdd86e9e8d66affdab001ed8feca5585065388a66ceebb5c,mal_train,1,qilin,18550a8b193b52f8fdd86e9e8d66affdab001ed8feca5585065388a66ceebb5c,x86,plain,1,
vs,1c9e06d6bdf8d307a8860e5b47f8c4ec8ebd9e37e6b519c5a72b16db8dad2ade,mal_train,1,qilin,1c9e06d6bdf8d307a8860e5b47f8c4ec8ebd9e37e6b519c5a72b16db8dad2ade,x86,plain,1,
vs,1e52d9f04f99be66d5bc13db767c6acb5f0515906633f76e5c713681af9454df,mal_train,1,qilin,1e52d9f04f99be66d5bc13db767c6acb5f0515906633f76e5c713681af9454df,x86,plain,1,
vs,31c3574456573c89d444478772597db40f075e25c67b8de39926d2faa63ca1d8,mal_train,1,qilin,31c3574456573c89d444478772597db40f075e25c67b8de39926d2faa63ca1d8,x86,plain,1,
vs,340351639863a1c01eb0f8e34aafa2a5f36a7ee378c3cb112827ce3e9bfd7a87,mal_train,1,qilin,340351639863a1c01eb0f8e34aafa2a5f36a7ee378c3cb112827ce3e9bfd7a87,x86,plain,1,
vs,381c3ed7a3b3d3017faaacb917c911aa266c2fb3e648f0e659222ec38148ee3c,mal_train,1,qilin,381c3ed7a3b3d3017faaacb917c911aa266c2fb3e648f0e659222ec38148ee3c,x86,plain,1,
vs,43691290ac03ebb26754203f1cc3940b32f036babb7cfab3cb14fe2128389c0c,mal_train,1,qilin,43691290ac03ebb26754203f1cc3940b32f036babb7cfab3cb14fe2128389c0c,x86,plain,1,
vs,44324ab4fcfcac9933670e8969e7ce334ed0d8139df6b6101c003d94480a9305,mal_train,1,qilin,44324ab4fcfcac9933670e8969e7ce334ed0d8139df6b6101c003d94480a9305,x86,plain,1,
vs,4b3312a6e5be6e3afbae4ee89a7a50a27e2489678b7d66824ce7a83b3592f43c,mal_train,1,qilin,4b3312a6e5be6e3afbae4ee89a7a50a27e2489678b7d66824ce7a83b3592f43c,x86,plain,1,
vs,4f62e909c14af137dc07d4b990c53bb28fa7c5344966b7b18f157eb235d0d796,mal_train,1,qilin,4f62e909c14af137dc07d4b990c53bb28fa7c5344966b7b18f157eb235d0d796,x86,plain,1,
vs,55d51a57aa4ae7086e9eff4a33602c03f051464996af419c6c79214fcc04be47,mal_train,1,qilin,55d51a57aa4ae7086e9eff4a33602c03f051464996af419c6c79214fcc04be47,x86,plain,1,
vs,56e1d092c07322d9dad7d85d773953573cc3294b9e428b3bbbaf935ca4d2f7e7,mal_train,1,qilin,56e1d092c07322d9dad7d85d773953573cc3294b9e428b3bbbaf935ca4d2f7e7,x64,plain,1,
vs,57e93d498dd91aebb7473950c12d8dc414aec39f6e3baa2a0b249649adf2ddc9,mal_train,1,qilin,57e93d498dd91aebb7473950c12d8dc414aec39f6e3baa2a0b249649adf2ddc9,x86,plain,1,
vs,5acd1ff8da9958a032cf63fb27d5e4b71c201612461e039f44eb07b2cc6735c0,mal_train,1,qilin,5acd1ff8da9958a032cf63fb27d5e4b71c201612461e039f44eb07b2cc6735c0,x86,plain,1,
vs,5b358f7cb6c2f16badbb476f7fa7515d4c142a1c1c47e22ab058155aa3120ba1,mal_train,1,qilin,5b358f7cb6c2f16badbb476f7fa7515d4c142a1c1c47e22ab058155aa3120ba1,x86,plain,1,
vs,5bd26a1b8b7c11a04ab63b6cdfc35424b332747c0a8a62432bff8268bd966ec5,mal_train,1,qilin,5bd26a1b8b7c11a04ab63b6cdfc35424b332747c0a8a62432bff8268bd966ec5,x86,plain,1,
vs,5edb3f2f5789eca3866b7f5cdbde8016b2552239d2cfe5ea602184ba7071aa07,mal_train,1,qilin,5edb3f2f5789eca3866b7f5cdbde8016b2552239d2cfe5ea602184ba7071aa07,x86,plain,1,
vs,60bc22a15a52fe605c337fd9b53bb6c1593c5c8deff18fcc2817ac51d0d300a2,mal_train,1,qilin,60bc22a15a52fe605c337fd9b53bb6c1593c5c8deff18fcc2817ac51d0d300a2,x86,plain,1,
vs,61f7aa918b55238278a1666cb723df9e3639d229d1027611e02ae3808ede33ed,mal_train,1,qilin,61f7aa918b55238278a1666cb723df9e3639d229d1027611e02ae3808ede33ed,x86,plain,1,
vs,6316417fcd979c39a4da672ba3521f62081ff4dfebb868ef65a1f2dff9a738ea,mal_train,1,qilin,6316417fcd979c39a4da672ba3521f62081ff4dfebb868ef65a1f2dff9a738ea,x86,plain,1,
vs,650a03c40c45eef3590058c37de8ea2e978c9c69f289390b2ab89be3910549fb,mal_train,1,qilin,650a03c40c45eef3590058c37de8ea2e978c9c69f289390b2ab89be3910549fb,x64,upx,0,upx
vs,690d584bb489f5de42077147b13d5431ef3cd36e429a90fcdfe02bc97fdbec85,mal_train,1,qilin,690d584bb489f5de42077147b13d5431ef3cd36e429a90fcdfe02bc97fdbec85,x86,plain,1,
vs,73b1fffd35d3a72775e0ac4c836e70efefa0930551a2f813843bdfb32df4579a,mal_train,1,qilin,73b1fffd35d3a72775e0ac4c836e70efefa0930551a2f813843bdfb32df4579a,x86,plain,1,
vs,76dfbf622b6846653eff769e047efedc7a9fdbb00c939965d555da7aef460a5d,mal_train,1,qilin,76dfbf622b6846653eff769e047efedc7a9fdbb00c939965d555da7aef460a5d,x86,plain,1,
vs,78b6552fe4e7afbd21d8494dd19c056e16316b7aabdbaf746f5511a2dc2c542c,mal_train,1,qilin,78b6552fe4e7afbd21d8494dd19c056e16316b7aabdbaf746f5511a2dc2c542c,x86,plain,1,
vs,8410f85c1710bfefccf0517cbbc91c0019073ced28d66539eeb596a9de8be1a9,mal_train,1,qilin,8410f85c1710bfefccf0517cbbc91c0019073ced28d66539eeb596a9de8be1a9,x86,plain,1,
vs,906f88817e3bf1bd4e800cf798650f3a309c81ee9b78c2a37d9118ce2567ae3d,mal_train,1,qilin,906f88817e3bf1bd4e800cf798650f3a309c81ee9b78c2a37d9118ce2567ae3d,x86,plain,1,
vs,907c48316ea3d9592204cc16c817530b7bdaeed7f04d32535dac66de3713202c,mal_train,1,qilin,907c48316ea3d9592204cc16c817530b7bdaeed7f04d32535dac66de3713202c,x86,plain,1,
vs,90bf9700d267b34aef7963ca51623daab9f4725253735a66e0a56c532f6b32c4,mal_train,1,qilin,90bf9700d267b34aef7963ca51623daab9f4725253735a66e0a56c532f6b32c4,x86,plain,1,
vs,92ccdcead66a6415486a2ccb1095c0018c4debadd77b2be1978df1277985967f,mal_train,1,qilin,92ccdcead66a6415486a2ccb1095c0018c4debadd77b2be1978df1277985967f,x86,plain,1,
vs,95bc5b0cf823d89f209035618f596f35267ba24401add2b2561ec795fbe9f1d6,mal_train,1,qilin,95bc5b0cf823d89f209035618f596f35267ba24401add2b2561ec795fbe9f1d6,x86,plain,1,
vs,96de53f71a914113dd1e0ab030b3e0707101af10bd6de3c894ee328d6f175e94,mal_train,1,qilin,96de53f71a914113dd1e0ab030b3e0707101af10bd6de3c894ee328d6f175e94,x86,plain,1,
vs,9983e9559790c6df67dc78157f65ee42320a9914c0b2cb7eb4b210e50266268c,mal_train,1,qilin,9983e9559790c6df67dc78157f65ee42320a9914c0b2cb7eb4b210e50266268c,x86,plain,1,
vs,9ad5ad02572a10586241cd551dc0155e0f602222916a460c5cdaa9b48a178ec4,mal_train,1,qilin,9ad5ad02572a10586241cd551dc0155e0f602222916a460c5cdaa9b48a178ec4,x86,plain,1,
vs,a58adc18c13c4c357039ee5cf5fa5e886a7efc6026350cb7087466d667b87263,mal_train,1,qilin,a58adc18c13c4c357039ee5cf5fa5e886a7efc6026350cb7087466d667b87263,x86,plain,1,
vs,b01dff27adffe5c43253bb33fb78b40f3bbb9853a510ee978abb821c38ffced0,mal_train,1,qilin,b01dff27adffe5c43253bb33fb78b40f3bbb9853a510ee978abb821c38ffced0,x86,plain,1,
vs,c26ce932f3609ecd710a3a1ca7f7b96f1b103a11b49a86e9423e03664eaabd40,mal_train,1,qilin,c26ce932f3609ecd710a3a1ca7f7b96f1b103a11b49a86e9423e03664eaabd40,x86,plain,1,
vs,c3fec6dd70f15fdf0683473539f1bde4c24e1aa25d97555c3d330f77b1edc3f1,mal_train,1,qilin,c3fec6dd70f15fdf0683473539f1bde4c24e1aa25d97555c3d330f77b1edc3f1,x86,plain,1,
vs,c9707a3bc0f177e1d1a5587c61699975b1153406962d187c9a732f97d8f867c5,mal_train,1,qilin,c9707a3bc0f177e1d1a5587c61699975b1153406962d187c9a732f97d8f867c5,x86,plain,1,
vs,d2a259d4b542f18eb642138138324d0d2a565c27eeec9fc469623126f2a00a44,mal_train,1,qilin,d2a259d4b542f18eb642138138324d0d2a565c27eeec9fc469623126f2a00a44,x86,plain,1,
vs,d4eb523c293db7ca230c687924b96a1b8cde6b8c2f10d971dec138447a8eb64d,mal_train,1,qilin,d4eb523c293db7ca230c687924b96a1b8cde6b8c2f10d971dec138447a8eb64d,x86,plain,1,
vs,d628914c72a4294d6b67126eb8b5a08fa4974d05469852cb7ef872721b207498,mal_train,1,qilin,d628914c72a4294d6b67126eb8b5a08fa4974d05469852cb7ef872721b207498,x86,plain,1,
vs,db7b88dfbc16f4798b30c135a1e305d11b201ca3d9b600f2b2f3306f0ad32b18,mal_train,1,qilin,db7b88dfbc16f4798b30c135a1e305d11b201ca3d9b600f2b2f3306f0ad32b18,x86,plain,1,
vs,dcce9e235d247c1c368a85edc1480d8a5d8ba07413a222161bfc52632d6f0762,mal_train,1,qilin,dcce9e235d247c1c368a85edc1480d8a5d8ba07413a222161bfc52632d6f0762,x86,plain,1,
vs,e00bac61811705d283472b77b602624c378c7e80c32e3448b06ea6a55d466c69,mal_train,1,qilin,e00bac61811705d283472b77b602624c378c7e80c32e3448b06ea6a55d466c69,x86,plain,1,
vs,ee24110ddb4121b31561f86692650b63215a93fb2357b2bd3301fabc419290a3,mal_train,1,qilin,ee24110ddb4121b31561f86692650b63215a93fb2357b2bd3301fabc419290a3,x86,plain,1,
vs,f17c9c6b1f1e4434e2688fc0d25d0bca1efb89582c03028f787fa2b9f765c17a,mal_train,1,qilin,f17c9c6b1f1e4434e2688fc0d25d0bca1efb89582c03028f787fa2b9f765c17a,x86,plain,1,
vs,f1f3fddcea2b7d98617aae0707c5bcaf6ea354498b3e77a8810c0cce702040b9,mal_train,1,qilin,f1f3fddcea2b7d98617aae0707c5bcaf6ea354498b3e77a8810c0cce702040b9,x86,plain,1,
vs,f3d09afc535097b0c5523579054b381e73ca58a2568e028fac0046ce73139d54,mal_train,1,qilin,f3d09afc535097b0c5523579054b381e73ca58a2568e028fac0046ce73139d54,x86,plain,1,
vs,f52567ef22018ee7ef696ec1b28b99f019552827445425dd08e98195f6ac56fe,mal_train,1,qilin,f52567ef22018ee7ef696ec1b28b99f019552827445425dd08e98195f6ac56fe,x86,plain,1,
vs,f910b2a6d84d0677cda9aefabfa4a45863ba51a8831588e3b527e8e1d3a9927c,mal_train,1,qilin,f910b2a6d84d0677cda9aefabfa4a45863ba51a8831588e3b527e8e1d3a9927c,x86,plain,1,
vs,fae35d1a1717f9ddc5a7281af3ff719ab3891cf4832f64be0e9e2152edc35958,mal_train,1,qilin,fae35d1a1717f9ddc5a7281af3ff719ab3891cf4832f64be0e9e2152edc35958,x86,plain,1,
vs,ff28b54a9e43c802243de4025ef5be38a504867ae7327f14929e7d5f98736da8,mal_train,1,qilin,ff28b54a9e43c802243de4025ef5be38a504867ae7327f14929e7d5f98736da8,x86,plain,1,
vs,c74873d7b8cc622379ed49bd0b0e477167ae176aa329b01338666ec4c1a4426b,mal_train,1,quantum,c74873d7b8cc622379ed49bd0b0e477167ae176aa329b01338666ec4c1a4426b,x64,plain,1,
vs,0d92088225f8def668030ec98460107f6dbec6160c49de388d13bc060f2a95be,mal_train,1,ransomhub,0d92088225f8def668030ec98460107f6dbec6160c49de388d13bc060f2a95be,x64,plain,1,
vs,342b7b89082431c1ba088315c5ee81e89a94e36663f2ab8cfc27e17f7853ca2b,mal_train,1,ransomhub,342b7b89082431c1ba088315c5ee81e89a94e36663f2ab8cfc27e17f7853ca2b,x64,plain,1,
vs,3bd98de6361abdc0b7701e5b134879db841e00d4a64c3e517cf9becf2ed4ddea,mal_train,1,ransomhub,3bd98de6361abdc0b7701e5b134879db841e00d4a64c3e517cf9becf2ed4ddea,x64,plain,1,
vs,56856e1e275cebcd477e3a2995cd76398cfbb6c210181a14939c6307a82e6763,mal_train,1,ransomhub,56856e1e275cebcd477e3a2995cd76398cfbb6c210181a14939c6307a82e6763,x64,packed_other,0,packed_other
vs,83654c500c68418142e43b31ebbec040d9d36cfbbe08c7b9b3dc90fabc14801a,mal_train,1,ransomhub,83654c500c68418142e43b31ebbec040d9d36cfbbe08c7b9b3dc90fabc14801a,x86,plain,1,
vs,b47302ef408014fe2044ce70331e50dfb5e41ec1d82c9fbe126f39c381f6567e,mal_train,1,ransomhub,b47302ef408014fe2044ce70331e50dfb5e41ec1d82c9fbe126f39c381f6567e,x64,plain,1,
vs,bc2db56c79080fcd1d35c940f18479485a947384347c06b7756da3cc221f7dc3,mal_train,1,ransomhub,bc2db56c79080fcd1d35c940f18479485a947384347c06b7756da3cc221f7dc3,x64,plain,1,
vs,02a526d298e49da19220022a71e31434183e520c2845c6f3eb23169602f0ed63,mal_train,1,revil,02a526d298e49da19220022a71e31434183e520c2845c6f3eb23169602f0ed63,x86,dotnet,0,dotnet
vs,0496ca57e387b10dfdac809de8a4e039f68e8d66535d5d19ec76d39f7d0a4402,mal_train,1,revil,0496ca57e387b10dfdac809de8a4e039f68e8d66535d5d19ec76d39f7d0a4402,x86,plain,1,
vs,0a471df64b677fd6608c72626444d22381f7fc20ea0165cc5b88fdad0402d32f,mal_train,1,revil,0a471df64b677fd6608c72626444d22381f7fc20ea0165cc5b88fdad0402d32f,x86,packed_other,0,packed_other
vs,0c10cf1b1640c9c845080f460ee69392bfaac981a4407b607e8e30d2ddf903e8,mal_train,1,revil,0c10cf1b1640c9c845080f460ee69392bfaac981a4407b607e8e30d2ddf903e8,x86,plain,1,
vs,133bf8be0cf7003b83b03579970997d408a930e58ec2726715140520900c06de,mal_train,1,revil,133bf8be0cf7003b83b03579970997d408a930e58ec2726715140520900c06de,x86,plain,1,
vs,15e3b8471e4afea6e07423d88c141e9ae454c27fa901fe320f0885298426abec,mal_train,1,revil,15e3b8471e4afea6e07423d88c141e9ae454c27fa901fe320f0885298426abec,x86,dotnet,0,dotnet
vs,15ef2d6ef402a46165be39d9dbc0081cf28ebca0f407306dd80ac3a73a32c07b,mal_train,1,revil,15ef2d6ef402a46165be39d9dbc0081cf28ebca0f407306dd80ac3a73a32c07b,x86,plain,1,
vs,17d153a225ea04a229862875795eeec0adb8c3e2769ba0e05073baaf86850467,mal_train,1,revil,17d153a225ea04a229862875795eeec0adb8c3e2769ba0e05073baaf86850467,x86,plain,1,
vs,206cfba26e29e00c639a60755dec8714df8b4ea0e17b02906db7b7a9ec5820ef,mal_train,1,revil,206cfba26e29e00c639a60755dec8714df8b4ea0e17b02906db7b7a9ec5820ef,x86,plain,1,
vs,2896b38ec3f5f196a9d127dbda3f44c7c29c844f53ae5f209229d56fd6f2a59c,mal_train,1,revil,2896b38ec3f5f196a9d127dbda3f44c7c29c844f53ae5f209229d56fd6f2a59c,x86,plain,1,
vs,2bad63edfca3e163691110868bfafe4c2fea3ee72f5dc520bee5d4401cec3cec,mal_train,1,revil,2bad63edfca3e163691110868bfafe4c2fea3ee72f5dc520bee5d4401cec3cec,x86,packed_other,0,packed_other
vs,2d73ce9f8e11bbbce1bec1147bf30ef60a6d362504fbf650b3c8a0ea6f7c4fbb,mal_train,1,revil,2d73ce9f8e11bbbce1bec1147bf30ef60a6d362504fbf650b3c8a0ea6f7c4fbb,x86,plain,1,
vs,2f6a3d6c711c00876a9427c5fd359dcbe3de6197bb22ef6e2456ecc943996ae6,mal_train,1,revil,2f6a3d6c711c00876a9427c5fd359dcbe3de6197bb22ef6e2456ecc943996ae6,x86,plain,1,
vs,349bdb12a75fbfc2803f988862764ba6058b371728930f8dcb248f105ce607f7,mal_train,1,revil,349bdb12a75fbfc2803f988862764ba6058b371728930f8dcb248f105ce607f7,x86,plain,1,
vs,3c4063956b797106cc43a49a634bb530aecd6e9a898124bb8fed6978f4556ee0,mal_train,1,revil,3c4063956b797106cc43a49a634bb530aecd6e9a898124bb8fed6978f4556ee0,x86,plain,1,
vs,3cff33197edc918d47d08f44d6ddbdda157337f0ad58288d15746cf72c0e4c57,mal_train,1,revil,3cff33197edc918d47d08f44d6ddbdda157337f0ad58288d15746cf72c0e4c57,x86,packed_other,0,packed_other
vs,3e6fbc358e0204cb67a41b05771fac74f1b49737c7ab7138e415c7e9628ef545,mal_train,1,revil,3e6fbc358e0204cb67a41b05771fac74f1b49737c7ab7138e415c7e9628ef545,x86,plain,1,
vs,3fdad99a17a6766fe396081f82394f5e2da0142651427da64a5b6e28c9df2fd4,mal_train,1,revil,3fdad99a17a6766fe396081f82394f5e2da0142651427da64a5b6e28c9df2fd4,x86,plain,1,
vs,41a94f3cd67e479980e15c3e5fe56ad49593e8f3100a7c886397af5f7640c998,mal_train,1,revil,41a94f3cd67e479980e15c3e5fe56ad49593e8f3100a7c886397af5f7640c998,x86,plain,1,
vs,42c28feb23c992a350673d63413bf11bc816d00a079462ab524934219d46430d,mal_train,1,revil,42c28feb23c992a350673d63413bf11bc816d00a079462ab524934219d46430d,x86,packed_other,0,packed_other
vs,464622890dea3c326440b7d1f6da9f63dd2dfd98678965aa220ed62773a2cc70,mal_train,1,revil,464622890dea3c326440b7d1f6da9f63dd2dfd98678965aa220ed62773a2cc70,x86,plain,1,
vs,4b9d2b24706d5462680423b09280e88e8b3902a4a15431081dbf94d9a25eb9c8,mal_train,1,revil,4b9d2b24706d5462680423b09280e88e8b3902a4a15431081dbf94d9a25eb9c8,x86,plain,1,
vs,50fdb342de90ce63c31625156beb9ed968bf11527ce7c4c3bd4a3f3f7c4cf730,mal_train,1,revil,50fdb342de90ce63c31625156beb9ed968bf11527ce7c4c3bd4a3f3f7c4cf730,x86,plain,1,
vs,5168a54f2a95db57fee8d606918b80792d84e0990936a86b4f0030ec47624e85,mal_train,1,revil,5168a54f2a95db57fee8d606918b80792d84e0990936a86b4f0030ec47624e85,x86,plain,1,
vs,56e7073e0f7b2cacaa30f77eaee4b036b480b1992ade5e55bfa2ff062eda4d8a,mal_train,1,revil,56e7073e0f7b2cacaa30f77eaee4b036b480b1992ade5e55bfa2ff062eda4d8a,x86,packed_other,0,packed_other
vs,5cba3e44271279e747a67dd312d4dca18832b5a850ea6b85a460846ef0101fb6,mal_train,1,revil,5cba3e44271279e747a67dd312d4dca18832b5a850ea6b85a460846ef0101fb6,x86,packed_other,0,packed_other
vs,5d9b68455031f1c5b78d6fc0af037cb7ea72b465fd32fdce368420b8b816e3e1,mal_train,1,revil,5d9b68455031f1c5b78d6fc0af037cb7ea72b465fd32fdce368420b8b816e3e1,x86,packed_other,0,packed_other
vs,5d9b75e2cb84333c6b56604ce47af75b11f80bf9079054f6619251b68357d87c,mal_train,1,revil,5d9b75e2cb84333c6b56604ce47af75b11f80bf9079054f6619251b68357d87c,x86,plain,1,
vs,60c49baa290de5336e5903286d1e8ff8b8b833046a63be00966695dc9d3f6dbb,mal_train,1,revil,60c49baa290de5336e5903286d1e8ff8b8b833046a63be00966695dc9d3f6dbb,x86,plain,1,
vs,6628de7ffbbe168a4fa9ff0a1a29b54e88a32e5963db0dd1aea4b80102c8ce01,mal_train,1,revil,6628de7ffbbe168a4fa9ff0a1a29b54e88a32e5963db0dd1aea4b80102c8ce01,x86,packed_other,0,packed_other
vs,6727edbb5d6abee908851a8c5fd7b4aca6d664634fdcdfc15e04502b960abbc5,mal_train,1,revil,6727edbb5d6abee908851a8c5fd7b4aca6d664634fdcdfc15e04502b960abbc5,x86,plain,1,
vs,68a96bd0c150d2808755edfc90b2263626de612b4907e772af3bb552f0fcc4ca,mal_train,1,revil,68a96bd0c150d2808755edfc90b2263626de612b4907e772af3bb552f0fcc4ca,x86,plain,1,
vs,6bfd4fd81e590d1aee9451d5fde3cf5d22706a85e71583a4cce1683d50b89df0,mal_train,1,revil,6bfd4fd81e590d1aee9451d5fde3cf5d22706a85e71583a4cce1683d50b89df0,x86,plain,1,
vs,7394136299802ff82b9b08a43b196a803949be752fb9efd378d4936ff91bcb90,mal_train,1,revil,7394136299802ff82b9b08a43b196a803949be752fb9efd378d4936ff91bcb90,,bad_pe,0,bad_pe
vs,74bc2f9a81ad2cc609b7730dbabb146506f58244e5e655cbb42044913384a6ac,mal_train,1,revil,74bc2f9a81ad2cc609b7730dbabb146506f58244e5e655cbb42044913384a6ac,x86,plain,1,
vs,7546e51b37738965704fadb25674f7fe69ea047ce5eb425c916cfa3048c78cda,mal_train,1,revil,7546e51b37738965704fadb25674f7fe69ea047ce5eb425c916cfa3048c78cda,x86,plain,1,
vs,7b0673e022585bf4aa208b1e3d215549842fabe78dfeaf9ae0a074a6c05c07fd,mal_train,1,revil,7b0673e022585bf4aa208b1e3d215549842fabe78dfeaf9ae0a074a6c05c07fd,x86,plain,1,
vs,7c8cb66e9e5ac66415273a48528e1b2f781003f2109b5d704254b9e91d745a34,mal_train,1,revil,7c8cb66e9e5ac66415273a48528e1b2f781003f2109b5d704254b9e91d745a34,x86,plain,1,
vs,81689f1be92c8fb7e94fe241441c7eb43cfb77c6d23592b0248566bd709ff2ed,mal_train,1,revil,81689f1be92c8fb7e94fe241441c7eb43cfb77c6d23592b0248566bd709ff2ed,x86,plain,1,
vs,861e2544ddb9739d79b265aab1e327d11617bc9d9c94bc5b35282c33fcb419bc,mal_train,1,revil,861e2544ddb9739d79b265aab1e327d11617bc9d9c94bc5b35282c33fcb419bc,x86,plain,1,
vs,86249470665edd52f64c2261389c00b001789cd83fcf412c36ef842ce434703e,mal_train,1,revil,86249470665edd52f64c2261389c00b001789cd83fcf412c36ef842ce434703e,x86,plain,1,
vs,892083cb3f064e9434df593bfdf6f00e48ab68778bfca8d9a64d697d5d19fe5f,mal_train,1,revil,892083cb3f064e9434df593bfdf6f00e48ab68778bfca8d9a64d697d5d19fe5f,x86,plain,1,
vs,8bd2067d088dad4df24e11244f5b72ce1fd22b686e2ce9ba6ee8711f8f6a836d,mal_train,1,revil,8bd2067d088dad4df24e11244f5b72ce1fd22b686e2ce9ba6ee8711f8f6a836d,x86,packed_other,0,packed_other
vs,8dd620d9aeb35960bb766458c8890ede987c33d239cf730f93fe49d90ae759dd,mal_train,1,revil,8dd620d9aeb35960bb766458c8890ede987c33d239cf730f93fe49d90ae759dd,x86,plain,1,
vs,93ce973daa9687f185966b3133f7003006655ec9d5bf3edb881efaf0e4fbafc7,mal_train,1,revil,93ce973daa9687f185966b3133f7003006655ec9d5bf3edb881efaf0e4fbafc7,x86,plain,1,
vs,94379bb2c305a5754d60ae3d27daf5f7f4758ed3dad21ee1969640fd9e84e83f,mal_train,1,revil,94379bb2c305a5754d60ae3d27daf5f7f4758ed3dad21ee1969640fd9e84e83f,x86,plain,1,
vs,9443d7f2890e26024ee0b8067ac2609fcdbd4bcc6981a7ab1aa8671be232b1f6,mal_train,1,revil,9443d7f2890e26024ee0b8067ac2609fcdbd4bcc6981a7ab1aa8671be232b1f6,x86,plain,1,
vs,9a19fff2b18432bb4a6d409a755fc712ee4f60f5a4b46b07bff21f229e5dcdc3,mal_train,1,revil,9a19fff2b18432bb4a6d409a755fc712ee4f60f5a4b46b07bff21f229e5dcdc3,x86,plain,1,
vs,9f31413bf3c33baac4cdac9557567109318cc355919b25d7b69cd64db25ff55c,mal_train,1,revil,9f31413bf3c33baac4cdac9557567109318cc355919b25d7b69cd64db25ff55c,x86,plain,1,
vs,a29f63484f53d2cf832b2bc70d6b66378b87b86221f885d0f43166503d631ef3,mal_train,1,revil,a29f63484f53d2cf832b2bc70d6b66378b87b86221f885d0f43166503d631ef3,x86,packed_other,0,packed_other
vs,b5e73c65a92abd6d8ea6040739e6b71a207035f1517f3813c56fbac937b8ff06,mal_train,1,revil,b5e73c65a92abd6d8ea6040739e6b71a207035f1517f3813c56fbac937b8ff06,x86,packed_other,0,packed_other
vs,b78469fb8eff53d82081bdcb0dbb3436f239b8ca6ef7fd800ce5ba7e098c256f,mal_train,1,revil,b78469fb8eff53d82081bdcb0dbb3436f239b8ca6ef7fd800ce5ba7e098c256f,x86,packed_other,0,packed_other
vs,b88951ceb296c8f01a8e13bc4efa4eb754361ee8ad3d64063d14489bc139a492,mal_train,1,revil,b88951ceb296c8f01a8e13bc4efa4eb754361ee8ad3d64063d14489bc139a492,x86,plain,1,
vs,b8a3da8c60459974767732321a29b91dfea59ab5ad993caf832f2bb2484b5c96,mal_train,1,revil,b8a3da8c60459974767732321a29b91dfea59ab5ad993caf832f2bb2484b5c96,x86,dotnet,0,dotnet
vs,c2cf2118550a0fd7f81fe9913fe36be24c03a0ae5430b94557e0ee71c550a58c,mal_train,1,revil,c2cf2118550a0fd7f81fe9913fe36be24c03a0ae5430b94557e0ee71c550a58c,x86,plain,1,
vs,d09338f3248b7c43b4c58274d453732fca910a0cee2ca50a2b72fe0364fb615c,mal_train,1,revil,d09338f3248b7c43b4c58274d453732fca910a0cee2ca50a2b72fe0364fb615c,x86,packed_other,0,packed_other
vs,d2ca509fa08758736aff9abb54b5c6183130f25e6ca91bbd6e6464d2f0597f83,mal_train,1,revil,d2ca509fa08758736aff9abb54b5c6183130f25e6ca91bbd6e6464d2f0597f83,x86,plain,1,
vs,d2ea89e73804efccefceaa193c80ef4a8454f7db638c0d3502530652a8a430e9,mal_train,1,revil,d2ea89e73804efccefceaa193c80ef4a8454f7db638c0d3502530652a8a430e9,x86,plain,1,
vs,d821b0ee9766ec7da7d7dc179a3ef189ffd3e681d787c1f11fedb270fdad96d2,mal_train,1,revil,d821b0ee9766ec7da7d7dc179a3ef189ffd3e681d787c1f11fedb270fdad96d2,x86,plain,1,
vs,ddd7392f2c3f567ff4af6f55e3af1967d4575768696a998dc6f333b0230ef5c7,mal_train,1,revil,ddd7392f2c3f567ff4af6f55e3af1967d4575768696a998dc6f333b0230ef5c7,x86,plain,1,
vs,e12e9ff0a4cf29714bed618d69ff121b8a8d269d741cc1dbc8d92b9a405716a0,mal_train,1,revil,e12e9ff0a4cf29714bed618d69ff121b8a8d269d741cc1dbc8d92b9a405716a0,x86,plain,1,
vs,e2a24ab94f865caeacdf2c3ad015f31f23008ac6db8312c2cbfb32e4a5466ea2,mal_train,1,revil,e2a24ab94f865caeacdf2c3ad015f31f23008ac6db8312c2cbfb32e4a5466ea2,x86,plain,1,
vs,e3e37c5cf4b43ea92fd71e08edc38bcfe6fe33f283f62aa5632113c444a71b00,mal_train,1,revil,e3e37c5cf4b43ea92fd71e08edc38bcfe6fe33f283f62aa5632113c444a71b00,x86,plain,1,
vs,ecac12520eaa08addb97ed05c2ac1406d56e58eb422954b704ef5c5516e02397,mal_train,1,revil,ecac12520eaa08addb97ed05c2ac1406d56e58eb422954b704ef5c5516e02397,x86,plain,1,
vs,ed49b23df7defab3df933c778183b12c019ab253330090f214f4bb5c2f89bcbc,mal_train,1,revil,ed49b23df7defab3df933c778183b12c019ab253330090f214f4bb5c2f89bcbc,x86,plain,1,
vs,ee0ac14a60605773834649b40c22acecfee0cc34f7f50ec30c42f15605ccb27c,mal_train,1,revil,ee0ac14a60605773834649b40c22acecfee0cc34f7f50ec30c42f15605ccb27c,x86,plain,1,
vs,f0a16b0224a24647e9e8cf2f6f4479d93c8fb540a7ca656023a41f399e6c69c2,mal_train,1,revil,f0a16b0224a24647e9e8cf2f6f4479d93c8fb540a7ca656023a41f399e6c69c2,x86,plain,1,
vs,f4f73a451c1ec493eb3b4395d06de73598fcf5b8f7d13e81418238824d90fda3,mal_train,1,revil,f4f73a451c1ec493eb3b4395d06de73598fcf5b8f7d13e81418238824d90fda3,x86,plain,1,
vs,f51fc0ab96d1aee49950b8ca91ef67c330b8593340cc3002513100ac9bf163b0,mal_train,1,revil,f51fc0ab96d1aee49950b8ca91ef67c330b8593340cc3002513100ac9bf163b0,x86,upx_unpacked,1,
vs,ff0d99ed61293668c0a81cc3e0ead43d1c7392ac351e34e1219f22a1b671aa72,mal_train,1,revil,ff0d99ed61293668c0a81cc3e0ead43d1c7392ac351e34e1219f22a1b671aa72,x86,plain,1,
vs,0050a69d6e93eddcd1ea4b7e951945f8970e5700d9436238bde7f63d757988ae,mal_train,1,rhysida,0050a69d6e93eddcd1ea4b7e951945f8970e5700d9436238bde7f63d757988ae,x64,plain,1,
vs,0bb0e1fcff8ccf54c6f9ecfd4bbb6757f6a25cb0e7a173d12cf0f402a3ae706f,mal_train,1,rhysida,0bb0e1fcff8ccf54c6f9ecfd4bbb6757f6a25cb0e7a173d12cf0f402a3ae706f,x64,plain,1,
vs,1a9c27e5be8c58da1c02fc4245a07831d5d431cdd1a91cd35d2dd0ad62da71cd,mal_train,1,rhysida,1a9c27e5be8c58da1c02fc4245a07831d5d431cdd1a91cd35d2dd0ad62da71cd,x64,plain,1,
vs,250e81eeb4df4649ccb13e271ae3f80d44995b2f8ffca7a2c5e1c738546c2ab1,mal_train,1,rhysida,250e81eeb4df4649ccb13e271ae3f80d44995b2f8ffca7a2c5e1c738546c2ab1,x64,plain,1,
vs,258ddd78655ac0587f64d7146e52549115b67465302c0cbd15a0cba746f05595,mal_train,1,rhysida,258ddd78655ac0587f64d7146e52549115b67465302c0cbd15a0cba746f05595,x64,plain,1,
vs,2c5d3fea7ad3c9c49e9c1a154370229c86c48fbaf7044213fd85d31efcebf7f6,mal_train,1,rhysida,2c5d3fea7ad3c9c49e9c1a154370229c86c48fbaf7044213fd85d31efcebf7f6,x64,plain,1,
vs,3518195c256aa940c607f8534c91b5a9cd453c7417810de3cd4d262e2906d24f,mal_train,1,rhysida,3518195c256aa940c607f8534c91b5a9cd453c7417810de3cd4d262e2906d24f,x64,plain,1,
vs,39d5df6362f22bdc4cecda164149ea0e66f93f61fe1f403f9c38666052f385ad,mal_train,1,rhysida,39d5df6362f22bdc4cecda164149ea0e66f93f61fe1f403f9c38666052f385ad,x64,plain,1,
vs,3c3db3c02a4d04dcafdc71adb8779b787d31142ffeb9ae0e638f979594897cbf,mal_train,1,rhysida,3c3db3c02a4d04dcafdc71adb8779b787d31142ffeb9ae0e638f979594897cbf,x64,plain,1,
vs,3d2013c2ba0aa1c0475cab186ddf3d9005133fe5f88b5d8604b46673b96a40d8,mal_train,1,rhysida,3d2013c2ba0aa1c0475cab186ddf3d9005133fe5f88b5d8604b46673b96a40d8,x86,plain,1,
vs,4e4a77c25c914d070b2d3d968bca4206accd099e1031c6d6019ddbe768781e5e,mal_train,1,rhysida,4e4a77c25c914d070b2d3d968bca4206accd099e1031c6d6019ddbe768781e5e,x64,plain,1,
vs,57a2401758b5282090f145623041a6c3805663de137505a7095df9e0271b4602,mal_train,1,rhysida,57a2401758b5282090f145623041a6c3805663de137505a7095df9e0271b4602,x64,packed_other,0,packed_other
vs,5b3a0b1b89ca463f56984cf67ea1719f1ddee770d1e14438e3fcf9b5301f2c83,mal_train,1,rhysida,5b3a0b1b89ca463f56984cf67ea1719f1ddee770d1e14438e3fcf9b5301f2c83,x64,plain,1,
vs,67a78b39e760e3460a135a7e4fa096ab6ce6b013658103890c866d9401928ba5,mal_train,1,rhysida,67a78b39e760e3460a135a7e4fa096ab6ce6b013658103890c866d9401928ba5,x64,plain,1,
vs,8061bb999a0f5d3165742283001a7a68e7905718c928172343bf8456b69f268d,mal_train,1,rhysida,8061bb999a0f5d3165742283001a7a68e7905718c928172343bf8456b69f268d,x64,plain,1,
vs,9097ab2b2b71f3ea0cf8c9271224b6227e9aa2545ae23d4621f122bdb99c77b8,mal_train,1,rhysida,9097ab2b2b71f3ea0cf8c9271224b6227e9aa2545ae23d4621f122bdb99c77b8,x64,plain,1,
vs,9ddb239d7c1ca00e5cf13cd6b1f816bdba30792b1f26cef2ca807336bd0b3802,mal_train,1,rhysida,9ddb239d7c1ca00e5cf13cd6b1f816bdba30792b1f26cef2ca807336bd0b3802,x64,plain,1,
vs,a0d4d52885b654cbfeefd194359936072133519c2bc7e8f68b7b668e59c67b94,mal_train,1,rhysida,a0d4d52885b654cbfeefd194359936072133519c2bc7e8f68b7b668e59c67b94,x64,plain,1,
vs,a40b815afce131df6d4bc3f389cb64b742f545481119d3ecb78dda22e546a41a,mal_train,1,rhysida,a40b815afce131df6d4bc3f389cb64b742f545481119d3ecb78dda22e546a41a,x64,plain,1,
vs,a78fa1ecadc46870c17e458ab427bad6586b74c7d3e8472f6d8448832ccb20f1,mal_train,1,rhysida,a78fa1ecadc46870c17e458ab427bad6586b74c7d3e8472f6d8448832ccb20f1,x64,plain,1,
vs,b183b142d3c4e99ee07c3407b82858146fa61ded95be2e67ce920c8002309fb0,mal_train,1,rhysida,b183b142d3c4e99ee07c3407b82858146fa61ded95be2e67ce920c8002309fb0,x64,plain,1,
vs,b55ecbddcbed916481ad537807cd3e33cb71814be6ce8e03eb63b629ccb8c692,mal_train,1,rhysida,b55ecbddcbed916481ad537807cd3e33cb71814be6ce8e03eb63b629ccb8c692,x64,plain,1,
vs,d23a265fb919a4d9401ef60c5aa52d8deda1310a8a1eeb61edbe87f35114f76a,mal_train,1,rhysida,d23a265fb919a4d9401ef60c5aa52d8deda1310a8a1eeb61edbe87f35114f76a,x64,plain,1,
vs,d5c2f87033a5baeeb1b5b681f2c4a156ff1c05ccd1bfdaf6eae019fc4d5320ee,mal_train,1,rhysida,d5c2f87033a5baeeb1b5b681f2c4a156ff1c05ccd1bfdaf6eae019fc4d5320ee,x64,plain,1,
vs,d7ba9881345d71862a68080d210643e2c2d3e17fd13065385edcd3b3391898c3,mal_train,1,rhysida,d7ba9881345d71862a68080d210643e2c2d3e17fd13065385edcd3b3391898c3,x64,plain,1,
vs,f06b905626d742ec5a1eab8027d9097b74fd0413a901d0599eac8555d1f89e50,mal_train,1,rhysida,f06b905626d742ec5a1eab8027d9097b74fd0413a901d0599eac8555d1f89e50,x64,plain,1,
vs,f6f74e05e24dd2e4e60e5fb50f73fc720ee826a43f2f0056e5b88724fa06fbab,mal_train,1,rhysida,f6f74e05e24dd2e4e60e5fb50f73fc720ee826a43f2f0056e5b88724fa06fbab,x64,plain,1,
vs,8e01ecf9d804454f34eeceb0f7793f4884be8868886a646526419fc2e2bbb648,mal_train,1,royal,8e01ecf9d804454f34eeceb0f7793f4884be8868886a646526419fc2e2bbb648,x86,plain,1,
vs,beef7e428f26c583dd92962cbe886f2e4286825a1637b7a427ce84139ab6307a,mal_train,1,royal,beef7e428f26c583dd92962cbe886f2e4286825a1637b7a427ce84139ab6307a,x86,plain,1,
vs,f484f919ba6e36ff33e4fb391b8859a94d89c172a465964f99d6113b55ced429,mal_train,1,royal,f484f919ba6e36ff33e4fb391b8859a94d89c172a465964f99d6113b55ced429,x64,plain,1,
vs,23bdeb9ae6a8f414c33ed8baf2de46477d0bc7f469dd543d60332a04e0b7c039,mal_train,1,ryuk,23bdeb9ae6a8f414c33ed8baf2de46477d0bc7f469dd543d60332a04e0b7c039,x86,dotnet,0,dotnet
vs,3ee706f07d13cb9e617eac2b4442479634ab48f11005568c739c6dcab75052a4,mal_train,1,ryuk,3ee706f07d13cb9e617eac2b4442479634ab48f11005568c739c6dcab75052a4,x86,plain,1,
vs,6b22aa631597af44672174cec2c7e6c87741db9bcca6c59cf54eade02dae451b,mal_train,1,ryuk,6b22aa631597af44672174cec2c7e6c87741db9bcca6c59cf54eade02dae451b,x86,plain,1,
vs,6cbc05acf871c106f7804069fffef908472a31ea1a782add45a100d14c8f5ea0,mal_train,1,ryuk,6cbc05acf871c106f7804069fffef908472a31ea1a782add45a100d14c8f5ea0,x86,plain,1,
vs,79a98588b501d1fdb5de009a49dccaaf2f7683407c856f5007c062f36823aad0,mal_train,1,ryuk,79a98588b501d1fdb5de009a49dccaaf2f7683407c856f5007c062f36823aad0,x86,plain,1,
vs,7a8a0e69f5b95082af078c47676bab17c0210d6c2d97e2631d147ead1a4505d3,mal_train,1,ryuk,7a8a0e69f5b95082af078c47676bab17c0210d6c2d97e2631d147ead1a4505d3,x86,plain,1,
vs,7cdbe203acf89434221c69804bf8bd1e44b413376fbb509301c80a84d73e3ee9,mal_train,1,ryuk,7cdbe203acf89434221c69804bf8bd1e44b413376fbb509301c80a84d73e3ee9,x86,plain,1,
vs,8da85cb00f7ba5e8c23b058d31a4b169c18936a8f7181015ce27e871d8b8cccd,mal_train,1,ryuk,8da85cb00f7ba5e8c23b058d31a4b169c18936a8f7181015ce27e871d8b8cccd,x64,plain,1,
vs,8f368b029a3a5517cb133529274834585d087a2d3a5875d03ea38e5774019c8a,mal_train,1,ryuk,8f368b029a3a5517cb133529274834585d087a2d3a5875d03ea38e5774019c8a,x86,plain,1,
vs,91450f9e8aeb0361867cdefc0bb7e5bad8941b5081db549d34a91072df4db5dc,mal_train,1,ryuk,91450f9e8aeb0361867cdefc0bb7e5bad8941b5081db549d34a91072df4db5dc,x64,plain,1,
vs,a1ce52437252001b56c9ccd2d2da46240dc38db8074a5ed39a396e8c8e387fc2,mal_train,1,ryuk,a1ce52437252001b56c9ccd2d2da46240dc38db8074a5ed39a396e8c8e387fc2,x86,plain,1,
vs,a9643eb83d509ad4eac20a2a89d8571f8d781979ad078e89f5b75b4bcb16f65e,mal_train,1,ryuk,a9643eb83d509ad4eac20a2a89d8571f8d781979ad078e89f5b75b4bcb16f65e,x86,plain,1,
vs,bf575ce1c9425bc44f5cabbc34366e0e92ef369db0a8b69942c5bdb1cca9b800,mal_train,1,ryuk,bf575ce1c9425bc44f5cabbc34366e0e92ef369db0a8b69942c5bdb1cca9b800,x64,plain,1,
vs,cfdc2cb47ef3d2396307c487fc3c9fe55b3802b2e570bee9aea4ab1e4ed2ec28,mal_train,1,ryuk,cfdc2cb47ef3d2396307c487fc3c9fe55b3802b2e570bee9aea4ab1e4ed2ec28,x86,plain,1,
vs,cfe1678a7f2b949966d9a020faafb46662584f8a6ac4b72583a21fa858f2a2e8,mal_train,1,ryuk,cfe1678a7f2b949966d9a020faafb46662584f8a6ac4b72583a21fa858f2a2e8,x86,plain,1,
vs,d6b7b27e13700aaa7f108bf9e76473717a7a1665198e9aafcc2d2227ca11bba9,mal_train,1,ryuk,d6b7b27e13700aaa7f108bf9e76473717a7a1665198e9aafcc2d2227ca11bba9,x86,plain,1,
vs,e6762cb7d09cd90d5469e3c3bfc3b47979cd67aa06c06e893015a87b0348c32c,mal_train,1,ryuk,e6762cb7d09cd90d5469e3c3bfc3b47979cd67aa06c06e893015a87b0348c32c,x86,plain,1,
vs,ee35526d4b26d6cccbdc1fc8e6c94cf02e5f9be32b6b43390167804a0ce6c50f,mal_train,1,ryuk,ee35526d4b26d6cccbdc1fc8e6c94cf02e5f9be32b6b43390167804a0ce6c50f,x86,plain,1,
vs,01f5a1f72f3f59e7b23627dff52e6dc3d9f166b864d639d2cbe40fd8c7327ddd,mal_train,1,stop,01f5a1f72f3f59e7b23627dff52e6dc3d9f166b864d639d2cbe40fd8c7327ddd,x86,plain,1,
vs,02f9c72d0b1cc241e46cd2b65e8ec63a233dead29e44c739a5bb3860a654d457,mal_train,1,stop,02f9c72d0b1cc241e46cd2b65e8ec63a233dead29e44c739a5bb3860a654d457,x86,packed_other,0,packed_other
vs,06388962bb9c2499117a658ac496d9bcc76e29cf560f551fef971996f037327a,mal_train,1,stop,06388962bb9c2499117a658ac496d9bcc76e29cf560f551fef971996f037327a,x86,plain,1,
vs,07435999bf65a3c697585c56eba4682af0cc0dcfad68f7c5e748a195bdad27cf,mal_train,1,stop,07435999bf65a3c697585c56eba4682af0cc0dcfad68f7c5e748a195bdad27cf,x64,plain,1,
vs,07e7dd3b968a15e42c67a728a9d143533d66af00ab9003961086c8c2ee3670f2,mal_train,1,stop,07e7dd3b968a15e42c67a728a9d143533d66af00ab9003961086c8c2ee3670f2,x86,plain,1,
vs,0fca5cc453a703c35c7c311dd7d7d0ffd64d5551f874399eef8aa25cd46fc6db,mal_train,1,stop,0fca5cc453a703c35c7c311dd7d7d0ffd64d5551f874399eef8aa25cd46fc6db,x86,packed_other,0,packed_other
vs,17162c71ce2d80958f522db0120136fb4dd06e3a6d39052bb2a582af82e2dac7,mal_train,1,stop,17162c71ce2d80958f522db0120136fb4dd06e3a6d39052bb2a582af82e2dac7,x86,plain,1,
vs,1b7f7b031d5c653dbedd8e6b6d42ffa38b578487e5665825372ae817ef912089,mal_train,1,stop,1b7f7b031d5c653dbedd8e6b6d42ffa38b578487e5665825372ae817ef912089,x86,packed_other,0,packed_other
vs,1e1bc32c5d4d0cae5310d34827be61eb087dc6aca7a7d767c77529b41e720a81,mal_train,1,stop,1e1bc32c5d4d0cae5310d34827be61eb087dc6aca7a7d767c77529b41e720a81,x64,packed_other,0,packed_other
vs,202259937df72d3e7e341ce852a48938616e0d98a091d976f5342bf82e132ce3,mal_train,1,stop,202259937df72d3e7e341ce852a48938616e0d98a091d976f5342bf82e132ce3,x86,packed_other,0,packed_other
vs,232d25948db02a80f05a71382a8fda0000fb08df82778f30322d5844ce7d167b,mal_train,1,stop,232d25948db02a80f05a71382a8fda0000fb08df82778f30322d5844ce7d167b,x86,packed_other,0,packed_other
vs,284ae9899ae53d03d27bd3f72892d843fe5bbecb097f52fc0b1b37d1040401d0,mal_train,1,stop,284ae9899ae53d03d27bd3f72892d843fe5bbecb097f52fc0b1b37d1040401d0,x64,packed_other,0,packed_other
vs,2a6c90c8db27e6ac04c7e339dfe4b3c2d47a292bcf6fc1c5b4e0ae62fc81ff84,mal_train,1,stop,2a6c90c8db27e6ac04c7e339dfe4b3c2d47a292bcf6fc1c5b4e0ae62fc81ff84,x86,packed_other,0,packed_other
vs,2cf960125358486447a378c9b410169dc93dce2d8ad75cb5aee7789536448929,mal_train,1,stop,2cf960125358486447a378c9b410169dc93dce2d8ad75cb5aee7789536448929,x86,plain,1,
vs,2e47721a4fb2c1e36520d287b3251a9ea2b688de1f36541e8bc06c169c2b410a,mal_train,1,stop,2e47721a4fb2c1e36520d287b3251a9ea2b688de1f36541e8bc06c169c2b410a,x86,plain,1,
vs,3a2eca1c4531aea65c300c0e9808dc89585ac9c41b92cea707d40cc1cdb087c1,mal_train,1,stop,3a2eca1c4531aea65c300c0e9808dc89585ac9c41b92cea707d40cc1cdb087c1,x86,packed_other,0,packed_other
vs,3b8d07693e296aee36e7607c71503d981396a21b367e169146afdd052cdcf4d1,mal_train,1,stop,3b8d07693e296aee36e7607c71503d981396a21b367e169146afdd052cdcf4d1,x86,packed_other,0,packed_other
vs,3f1596b4ebd177ec46e57ea0e6d208f32c1ebb93b448a4b5318cc116293d1e71,mal_train,1,stop,3f1596b4ebd177ec46e57ea0e6d208f32c1ebb93b448a4b5318cc116293d1e71,x86,packed_other,0,packed_other
vs,4129b40320c247d7bb743590ef61dccb01d47485ef6a4d46685f3109bf7c404b,mal_train,1,stop,4129b40320c247d7bb743590ef61dccb01d47485ef6a4d46685f3109bf7c404b,x86,packed_other,0,packed_other
vs,483ccf8762a7ab5008fc5a878be09c10da5c8da72a8e2323c0e31509f95b7923,mal_train,1,stop,483ccf8762a7ab5008fc5a878be09c10da5c8da72a8e2323c0e31509f95b7923,x86,packed_other,0,packed_other
vs,48ba4b8f4d87039ee33cac2af62a67ee1fd9b3b1b02f4b183f78a7c326b4e42d,mal_train,1,stop,48ba4b8f4d87039ee33cac2af62a67ee1fd9b3b1b02f4b183f78a7c326b4e42d,x86,packed_other,0,packed_other
vs,4a817eb1c641ecca40e08468449969171576fa52b9088917e552080fad4c0941,mal_train,1,stop,4a817eb1c641ecca40e08468449969171576fa52b9088917e552080fad4c0941,x86,plain,1,
vs,4f1bcdcbc93f0edf7a5b94c5da7b46ee72d4ba9619862036ed1cb202a07385c2,mal_train,1,stop,4f1bcdcbc93f0edf7a5b94c5da7b46ee72d4ba9619862036ed1cb202a07385c2,x86,packed_other,0,packed_other
vs,65fde5e5870f711e845eb74592c1bf784f68d6a7746101a9f6c27afaf4537e42,mal_train,1,stop,65fde5e5870f711e845eb74592c1bf784f68d6a7746101a9f6c27afaf4537e42,x86,packed_other,0,packed_other
vs,68a2463b6158df3417d67dd62a36c2f24a6222f5470c4eed599eb88f6fc0c69f,mal_train,1,stop,68a2463b6158df3417d67dd62a36c2f24a6222f5470c4eed599eb88f6fc0c69f,x86,packed_other,0,packed_other
vs,6b263d1547dea150f2a1acc00b1b8f8ef30d400c31fe207e9f38a3a33e6461ee,mal_train,1,stop,6b263d1547dea150f2a1acc00b1b8f8ef30d400c31fe207e9f38a3a33e6461ee,x86,packed_other,0,packed_other
vs,786bb21f95e657b07a7bfb151e4e0d0f27fe443ac855e467e9b7d3fa643c62ab,mal_train,1,stop,786bb21f95e657b07a7bfb151e4e0d0f27fe443ac855e467e9b7d3fa643c62ab,x86,packed_other,0,packed_other
vs,7bc2928ce06e7db7bfe0bf3f2c2d2ff9df7f0a8041ea8c593dd0b912c1c3d3fd,mal_train,1,stop,7bc2928ce06e7db7bfe0bf3f2c2d2ff9df7f0a8041ea8c593dd0b912c1c3d3fd,x86,plain,1,
vs,7e55984b301bf836995807293d281046d0d14f26e113727e2cc8e993f0de45a8,mal_train,1,stop,7e55984b301bf836995807293d281046d0d14f26e113727e2cc8e993f0de45a8,x86,plain,1,
vs,7fb707b6080c884faf366ba8e885c37e68ada8cd96bbc4897a7df0ab00c17270,mal_train,1,stop,7fb707b6080c884faf366ba8e885c37e68ada8cd96bbc4897a7df0ab00c17270,x86,plain,1,
vs,8098d0cf7a2460b14d7145b0c15a183c5fdbaa9e3932b1ee701aa4c2d59c0d9c,mal_train,1,stop,8098d0cf7a2460b14d7145b0c15a183c5fdbaa9e3932b1ee701aa4c2d59c0d9c,x64,plain,1,
vs,858e70ca9281a346bf5399b181643aba478960142637460fea7b7d14d3192c01,mal_train,1,stop,858e70ca9281a346bf5399b181643aba478960142637460fea7b7d14d3192c01,x86,plain,1,
vs,875ef5b3053d4d322471a9a9c0a7ea0b44c75178add2bb43ac4619ec78209cf1,mal_train,1,stop,875ef5b3053d4d322471a9a9c0a7ea0b44c75178add2bb43ac4619ec78209cf1,x86,packed_other,0,packed_other
vs,91dcc81e8257de71a0d162f5b02654ce2895518a08112bb8c0ef764d575f1b99,mal_train,1,stop,91dcc81e8257de71a0d162f5b02654ce2895518a08112bb8c0ef764d575f1b99,x86,plain,1,
vs,9ad258a814d69b7bfb48afaeda5a966308ffedb0cf7454a815c88c42629a745c,mal_train,1,stop,9ad258a814d69b7bfb48afaeda5a966308ffedb0cf7454a815c88c42629a745c,x86,packed_other,0,packed_other
vs,a77599bea195b9f858ce2d25943da1eb6552ceb843ec8af67a41ef2c7e17e7db,mal_train,1,stop,a77599bea195b9f858ce2d25943da1eb6552ceb843ec8af67a41ef2c7e17e7db,x86,plain,1,
vs,b377b7b8211e454117ba3d6cd6bb1ac84c0105c8647187cb5cf19ad50c9d26b9,mal_train,1,stop,b377b7b8211e454117ba3d6cd6bb1ac84c0105c8647187cb5cf19ad50c9d26b9,x86,plain,1,
vs,bd6d17b6695360291ff23bfe1417ec8413d9ff11b7db8a8475c248109506a09e,mal_train,1,stop,bd6d17b6695360291ff23bfe1417ec8413d9ff11b7db8a8475c248109506a09e,x86,packed_other,0,packed_other
vs,be65a8d884dbb5c292c2ae94591cc6c86909bcd7ddb42588932afaf9ce15728e,mal_train,1,stop,be65a8d884dbb5c292c2ae94591cc6c86909bcd7ddb42588932afaf9ce15728e,x86,plain,1,
vs,bf771de1c2a064ca7acf4cecbeeb6a4f23895befc680a76747f8a7c7c7c3d80c,mal_train,1,stop,bf771de1c2a064ca7acf4cecbeeb6a4f23895befc680a76747f8a7c7c7c3d80c,x86,packed_other,0,packed_other
vs,c1d38432a5040db8be37ca31b025d1edd42be37799bfd254b3c6e7c4e37937b8,mal_train,1,stop,c1d38432a5040db8be37ca31b025d1edd42be37799bfd254b3c6e7c4e37937b8,x86,packed_other,0,packed_other
vs,c353239379a79b09a4a4dd594cb1dd338a46d0677bd9d43658be6bdb68cc5097,mal_train,1,stop,c353239379a79b09a4a4dd594cb1dd338a46d0677bd9d43658be6bdb68cc5097,x86,packed_other,0,packed_other
vs,c82021909b9fa18ba7151f0df381ba5d605e4729b0d75d27ab7dab2b906ebe4e,mal_train,1,stop,c82021909b9fa18ba7151f0df381ba5d605e4729b0d75d27ab7dab2b906ebe4e,x86,plain,1,
vs,cbc5ce28b1925b070284c6cb443ef9197ed6d78d3d8b891189e7d103003cf8c0,mal_train,1,stop,cbc5ce28b1925b070284c6cb443ef9197ed6d78d3d8b891189e7d103003cf8c0,x86,packed_other,0,packed_other
vs,d247789cfeb8efdf3a061250c65767fe50764a414fa81ff276df0bf0d134ce47,mal_train,1,stop,d247789cfeb8efdf3a061250c65767fe50764a414fa81ff276df0bf0d134ce47,x86,packed_other,0,packed_other
vs,d343ea857cdf97aa0ccfd14970425c6888bd216d36ad7f6255a044bed36a4b2a,mal_train,1,stop,d343ea857cdf97aa0ccfd14970425c6888bd216d36ad7f6255a044bed36a4b2a,x86,packed_other,0,packed_other
vs,d39ffc528888daec2f64e122a862f9ee8e327d904e7b51a7ce89a5f73432b391,mal_train,1,stop,d39ffc528888daec2f64e122a862f9ee8e327d904e7b51a7ce89a5f73432b391,x86,packed_other,0,packed_other
vs,d83013d86062dab8e194ad14da91a214d2e539d1a9fff3e29c9e2e02f4bf9d07,mal_train,1,stop,d83013d86062dab8e194ad14da91a214d2e539d1a9fff3e29c9e2e02f4bf9d07,x86,plain,1,
vs,da0197bad20f02cc3ba3518daa460c3d40ced2349abecb67311647e0aaf870f3,mal_train,1,stop,da0197bad20f02cc3ba3518daa460c3d40ced2349abecb67311647e0aaf870f3,x86,plain,1,
vs,dcee34741b1210576a620d3e22d5945f1aea34f8d9940a0b9d098c7ebe0bd1d0,mal_train,1,stop,dcee34741b1210576a620d3e22d5945f1aea34f8d9940a0b9d098c7ebe0bd1d0,x86,plain,1,
vs,df4cf6f6be06bfd7eaf23bffc9c16639573228bc72fd6262352a242b5bdf2080,mal_train,1,stop,df4cf6f6be06bfd7eaf23bffc9c16639573228bc72fd6262352a242b5bdf2080,x86,packed_other,0,packed_other
vs,e01c0429a58b33013305aab35ef863cd2b88962e479e39566a687ca37c68510f,mal_train,1,stop,e01c0429a58b33013305aab35ef863cd2b88962e479e39566a687ca37c68510f,x86,packed_other,0,packed_other
vs,e0d537f8669e6764bf4a4b8f4013ec219958749a5fde8b11fb52faaedde3cada,mal_train,1,stop,e0d537f8669e6764bf4a4b8f4013ec219958749a5fde8b11fb52faaedde3cada,x64,packed_other,0,packed_other
vs,e17ee8ffe9bb9062dcf3caad7e79785ec462faca7eb6e44302a5e0c03ad83a91,mal_train,1,stop,e17ee8ffe9bb9062dcf3caad7e79785ec462faca7eb6e44302a5e0c03ad83a91,x86,plain,1,
vs,e565c0b80462bd207d991cb9d9fd34c9d72b45e4696797f9d59f0e153b3a54a9,mal_train,1,stop,e565c0b80462bd207d991cb9d9fd34c9d72b45e4696797f9d59f0e153b3a54a9,x86,plain,1,
vs,e5d9f02670d27c81762ca962c07dc4b8f3daf4085bfbe77a60d450f3f61684b0,mal_train,1,stop,e5d9f02670d27c81762ca962c07dc4b8f3daf4085bfbe77a60d450f3f61684b0,x86,plain,1,
vs,e61a99a0c183923e18d2fbad7188e4dd52157bbaf087423adfd16e9a77c6208b,mal_train,1,stop,e61a99a0c183923e18d2fbad7188e4dd52157bbaf087423adfd16e9a77c6208b,x86,packed_other,0,packed_other
vs,f7406f510410049b863e7998ee56ed1767400ddce304fcd45aef7a89706d50ee,mal_train,1,stop,f7406f510410049b863e7998ee56ed1767400ddce304fcd45aef7a89706d50ee,x86,packed_other,0,packed_other
vs,f7561de520f21434830d40d74904e93125b76407d477411622bbd829283ba8c4,mal_train,1,stop,f7561de520f21434830d40d74904e93125b76407d477411622bbd829283ba8c4,x86,plain,1,
vs,f874d2ec768aac73111ccc280352a8769b03d1789327b0b3e9674c55e0de1c01,mal_train,1,stop,f874d2ec768aac73111ccc280352a8769b03d1789327b0b3e9674c55e0de1c01,x86,packed_other,0,packed_other
vs,367be023f4a72163883ac2b7b6a1f40215e6431aee2b560f68bd8f0385d9c2ae,mal_train,1,thanos,367be023f4a72163883ac2b7b6a1f40215e6431aee2b560f68bd8f0385d9c2ae,x86,dotnet,0,dotnet
vs,39a044db72d3ca39122af249cd60660d7e200366af958c762910605eaed020cb,mal_train,1,thanos,39a044db72d3ca39122af249cd60660d7e200366af958c762910605eaed020cb,x86,dotnet,0,dotnet
vs,6555038a04997404d48cf866ebb81f134082ef1613408779cf2a589068312a42,mal_train,1,thanos,6555038a04997404d48cf866ebb81f134082ef1613408779cf2a589068312a42,x86,dotnet,0,dotnet
vs,69c56d12ed7024696936fb69b4c6bee58174a275cb53fa966646a0b092d9626b,mal_train,1,thanos,69c56d12ed7024696936fb69b4c6bee58174a275cb53fa966646a0b092d9626b,x86,dotnet,0,dotnet
vs,6d6291773e243308741e27d716cf5b47673f8a60f42006721edff7c5270296dc,mal_train,1,thanos,6d6291773e243308741e27d716cf5b47673f8a60f42006721edff7c5270296dc,x86,dotnet,0,dotnet
vs,899f48bad035165acf8869af63922619f8a901bbeb8a7fc13919ba90dd9e7768,mal_train,1,thanos,899f48bad035165acf8869af63922619f8a901bbeb8a7fc13919ba90dd9e7768,x86,dotnet,0,dotnet
vs,8a4a038a965ba42a0442d44abf25e4d21f5049d4a4a8aa9cb6691ec4282814a1,mal_train,1,thanos,8a4a038a965ba42a0442d44abf25e4d21f5049d4a4a8aa9cb6691ec4282814a1,x86,dotnet,0,dotnet
vs,8dad29bd09870ab9cacfdea9e7ab100d217ff128aea64fa4cac752362459991c,mal_train,1,thanos,8dad29bd09870ab9cacfdea9e7ab100d217ff128aea64fa4cac752362459991c,x86,dotnet,0,dotnet
vs,8dd283ca012e7a70a2673d2cc211c6a616ff23bc5bd3599a1da077ba946a044c,mal_train,1,thanos,8dd283ca012e7a70a2673d2cc211c6a616ff23bc5bd3599a1da077ba946a044c,x86,dotnet,0,dotnet
vs,bb744238e99e7654395a3c19fb4d491fffcdcd7a96c914f898a649ca39f11a33,mal_train,1,thanos,bb744238e99e7654395a3c19fb4d491fffcdcd7a96c914f898a649ca39f11a33,x86,dotnet,0,dotnet
vs,c6d7c39e83f12684cc9341305044fb03a61d23876d37746d96d31a9191bacb8f,mal_train,1,thanos,c6d7c39e83f12684cc9341305044fb03a61d23876d37746d96d31a9191bacb8f,x86,dotnet,0,dotnet
vs,cce5a753888cb5b044c767fe8e95e410ebdf1e1c79cabc95db1c9e1a8e81c5e7,mal_train,1,thanos,cce5a753888cb5b044c767fe8e95e410ebdf1e1c79cabc95db1c9e1a8e81c5e7,x86,dotnet,0,dotnet
vs,d063eec4ec30ecc633469e28b06bf8288a9107cd9f16ea97720877a6f761e248,mal_train,1,thanos,d063eec4ec30ecc633469e28b06bf8288a9107cd9f16ea97720877a6f761e248,x86,dotnet,0,dotnet
vs,e64edc53f3457a0608354c18f398787fc2d281a9f4246724d2d73d9ddc34a861,mal_train,1,thanos,e64edc53f3457a0608354c18f398787fc2d281a9f4246724d2d73d9ddc34a861,x86,dotnet,0,dotnet
vs,ec405cc32f21680a9328c4360bd6dc5b660af66209669ca815bebceefb6c3b39,mal_train,1,thanos,ec405cc32f21680a9328c4360bd6dc5b660af66209669ca815bebceefb6c3b39,x86,dotnet,0,dotnet
vs,ef97bf49a9bd00a994143852590cc3a2d20227e510dc2b5968704d8f100b4d3c,mal_train,1,thanos,ef97bf49a9bd00a994143852590cc3a2d20227e510dc2b5968704d8f100b4d3c,x86,dotnet,0,dotnet
vs,f261d0283d9f1e346a648537b859570741c52be11b95e527a108037d71363327,mal_train,1,thanos,f261d0283d9f1e346a648537b859570741c52be11b95e527a108037d71363327,x86,dotnet,0,dotnet
vs,f70966e32d18a1e2ed51ebdcc6b985d8f7613febf0680639076c71ebeab6a350,mal_train,1,thanos,f70966e32d18a1e2ed51ebdcc6b985d8f7613febf0680639076c71ebeab6a350,x86,dotnet,0,dotnet
vs,006194421ffcba4d790dddcbb6996e55470bdb5880043c16afed1a8ff29d094e,mal_train,1,trigona,006194421ffcba4d790dddcbb6996e55470bdb5880043c16afed1a8ff29d094e,x86,plain,1,
vs,0272a8168ae5a28425123f70b59812e10ead08bf85a3aef231cb17e05e014afd,mal_train,1,trigona,0272a8168ae5a28425123f70b59812e10ead08bf85a3aef231cb17e05e014afd,x86,plain,1,
vs,05283a213c1a3b09e71c7c153a75e86723add89ff41dfc9d0a7ca3d12cb6bbd1,mal_train,1,trigona,05283a213c1a3b09e71c7c153a75e86723add89ff41dfc9d0a7ca3d12cb6bbd1,x86,plain,1,
vs,05aae055be9d3b3fe46488ec9409302b5b029a25cbd379092dab5f50ea61b4db,mal_train,1,trigona,05aae055be9d3b3fe46488ec9409302b5b029a25cbd379092dab5f50ea61b4db,x64,plain,1,
vs,0626cf52bd697b73d774be87f7426aa86478dfa62a77a1c8eaeaf1dc6da3ed2c,mal_train,1,trigona,0626cf52bd697b73d774be87f7426aa86478dfa62a77a1c8eaeaf1dc6da3ed2c,x86,plain,1,
vs,0acf3226ffc9d01f77dccba212f581e47d91b4ae780b24c12b48eb70c2fbdfc7,mal_train,1,trigona,0acf3226ffc9d01f77dccba212f581e47d91b4ae780b24c12b48eb70c2fbdfc7,x86,plain,1,
vs,0c23eff79c5d333e00b45e224656b6bf8f9e659dbd6761d926c09a0f301cdcc4,mal_train,1,trigona,0c23eff79c5d333e00b45e224656b6bf8f9e659dbd6761d926c09a0f301cdcc4,x64,plain,1,
vs,0c9d906f5ebdeec8a6715bad9d5ae354c3fb5337a5e7f7abedcb4535abe7329e,mal_train,1,trigona,0c9d906f5ebdeec8a6715bad9d5ae354c3fb5337a5e7f7abedcb4535abe7329e,x86,plain,1,
vs,13c63827036a885eec32a032d4f8b1685289829650d37abf591337384fca230c,mal_train,1,trigona,13c63827036a885eec32a032d4f8b1685289829650d37abf591337384fca230c,x86,plain,1,
vs,16c6c6f63c146fe0fdb7ce303950de943f503f1084c042ee0177f59c2da1ae3b,mal_train,1,trigona,16c6c6f63c146fe0fdb7ce303950de943f503f1084c042ee0177f59c2da1ae3b,x86,plain,1,
vs,1725e983339b76370f1b5efc709d0c5526a876c7712b7d007500709857455f0f,mal_train,1,trigona,1725e983339b76370f1b5efc709d0c5526a876c7712b7d007500709857455f0f,x86,plain,1,
vs,196e890ff93273431c62a5450f25538c7fe3dba809bef0b11baf54ded8b38781,mal_train,1,trigona,196e890ff93273431c62a5450f25538c7fe3dba809bef0b11baf54ded8b38781,x86,plain,1,
vs,1c18ce93ce0c1ea0b0838da892dd33af031db3caf49e215dc3beb2c398c09508,mal_train,1,trigona,1c18ce93ce0c1ea0b0838da892dd33af031db3caf49e215dc3beb2c398c09508,x64,plain,1,
vs,1c70fdf9bfa243c7a8ca09d466faf202b6bbdfb2f4e53852a78884e845cc73a0,mal_train,1,trigona,1c70fdf9bfa243c7a8ca09d466faf202b6bbdfb2f4e53852a78884e845cc73a0,x86,plain,1,
vs,234da3dc480e8780970e273b2867fd7813f99a34b3fbbedce6e3f4ce51c37780,mal_train,1,trigona,234da3dc480e8780970e273b2867fd7813f99a34b3fbbedce6e3f4ce51c37780,x86,plain,1,
vs,26a74ace0b160831901b912f173137326019e731530e4ec283cbe44e3ccda165,mal_train,1,trigona,26a74ace0b160831901b912f173137326019e731530e4ec283cbe44e3ccda165,x64,plain,1,
vs,2755b2b44273aa8abfc5f42265e694d5683486e8f1dd2f4f7ada52615a90ac91,mal_train,1,trigona,2755b2b44273aa8abfc5f42265e694d5683486e8f1dd2f4f7ada52615a90ac91,x86,plain,1,
vs,28b26bdcf81ab2963d13fc5ccffa8d39f2ae7b4680feac7d38f773c8ed61589d,mal_train,1,trigona,28b26bdcf81ab2963d13fc5ccffa8d39f2ae7b4680feac7d38f773c8ed61589d,x86,plain,1,
vs,2b276cf03c81550515de1ea2804e016887d2f0212818b2b8a5e597b41b484664,mal_train,1,trigona,2b276cf03c81550515de1ea2804e016887d2f0212818b2b8a5e597b41b484664,x64,plain,1,
vs,2bdb732665087eb6ce18e457e8cb5b2f787a361508872aceb2498bcd2b842057,mal_train,1,trigona,2bdb732665087eb6ce18e457e8cb5b2f787a361508872aceb2498bcd2b842057,x86,plain,1,
vs,2ff281852735d5032d8ae083b2fe43e821a4f080a6766f722f36444251bf0aa7,mal_train,1,trigona,2ff281852735d5032d8ae083b2fe43e821a4f080a6766f722f36444251bf0aa7,x86,plain,1,
vs,3186229b4bd8a584161648ed352f40477e0fc229af97c16c19b01399568b385f,mal_train,1,trigona,3186229b4bd8a584161648ed352f40477e0fc229af97c16c19b01399568b385f,x86,plain,1,
vs,336ee741a618ea5bb2ee27dba6e78879b239ddd6060bb5bc0dab68d66e123578,mal_train,1,trigona,336ee741a618ea5bb2ee27dba6e78879b239ddd6060bb5bc0dab68d66e123578,x86,plain,1,
vs,348628e28eaaaeccedb4cebd7abd88e5fa4ed54d334559fefdfb1a73f441e1e6,mal_train,1,trigona,348628e28eaaaeccedb4cebd7abd88e5fa4ed54d334559fefdfb1a73f441e1e6,x86,plain,1,
vs,3548b30286a0a4c6a2584af5c3e1319797128f25858ec829822a3e13fd9290eb,mal_train,1,trigona,3548b30286a0a4c6a2584af5c3e1319797128f25858ec829822a3e13fd9290eb,x86,plain,1,
vs,38f58a2536b5dc18753bc7325cec17be803eae613832d6e6e57b773fbb8a40ce,mal_train,1,trigona,38f58a2536b5dc18753bc7325cec17be803eae613832d6e6e57b773fbb8a40ce,x64,plain,1,
vs,3cd8db5fcbba519c9c9332435e8d612b2cef61500dc04875b1bd2931dab2c90b,mal_train,1,trigona,3cd8db5fcbba519c9c9332435e8d612b2cef61500dc04875b1bd2931dab2c90b,x86,plain,1,
vs,40129e35b3cc78802b767f9f8d1a6dfe5c0dc604f8d6b90683df3c45838f8144,mal_train,1,trigona,40129e35b3cc78802b767f9f8d1a6dfe5c0dc604f8d6b90683df3c45838f8144,x86,plain,1,
vs,40e7378667e65355acc89f10b0fa2e76adeb5a73d46eeafe14845f7805c1d793,mal_train,1,trigona,40e7378667e65355acc89f10b0fa2e76adeb5a73d46eeafe14845f7805c1d793,x86,plain,1,
vs,40f838f529b0268aa4b9b3939ea8c6854fc385761e9b11b744fc16a323d38d83,mal_train,1,trigona,40f838f529b0268aa4b9b3939ea8c6854fc385761e9b11b744fc16a323d38d83,x86,plain,1,
vs,41c9080f9c90e00a431b2fb04b461584abe68576996379a97469a71be42fc6ff,mal_train,1,trigona,41c9080f9c90e00a431b2fb04b461584abe68576996379a97469a71be42fc6ff,x64,plain,1,
vs,47149d0b7f1108531542930314ade843ab5c16935489c58184672018e8884e4f,mal_train,1,trigona,47149d0b7f1108531542930314ade843ab5c16935489c58184672018e8884e4f,x86,plain,1,
vs,48877a3a4c72c1daf3a80e3c034b56a04cec7ce3856887fed73e645e53c76b96,mal_train,1,trigona,48877a3a4c72c1daf3a80e3c034b56a04cec7ce3856887fed73e645e53c76b96,x64,plain,1,
vs,4adf636bee48a5fa28250437891c608cb6be32513f55146879c67425d71de3dd,mal_train,1,trigona,4adf636bee48a5fa28250437891c608cb6be32513f55146879c67425d71de3dd,x86,plain,1,
vs,4aea0dad84263022b05d0da70ca3e50f9bc4375ffdd5fb1cb17e91446ac0da10,mal_train,1,trigona,4aea0dad84263022b05d0da70ca3e50f9bc4375ffdd5fb1cb17e91446ac0da10,x64,plain,1,
vs,53a801deacc598f7d38445a07a3a459306a88dbcdf9ce037525ce8992ca9ac9d,mal_train,1,trigona,53a801deacc598f7d38445a07a3a459306a88dbcdf9ce037525ce8992ca9ac9d,x86,plain,1,
vs,6215959d557419327df550b6d5bc3d41980c3039414f23f2e58de47adee10846,mal_train,1,trigona,6215959d557419327df550b6d5bc3d41980c3039414f23f2e58de47adee10846,x86,plain,1,
vs,62937460b8732bdbd0e0b900941085745c85329c720066a58b6885b5f98d899c,mal_train,1,trigona,62937460b8732bdbd0e0b900941085745c85329c720066a58b6885b5f98d899c,x86,plain,1,
vs,648a2523aa0392033a003d9d9d8e13c67124447b99aedfb319f6644cb59b9d64,mal_train,1,trigona,648a2523aa0392033a003d9d9d8e13c67124447b99aedfb319f6644cb59b9d64,x64,upx_unpacked,1,
vs,69b4792f8ed12deb24225d9ed031e5f8aba7b5bbe2f079ab3a2585b63c34ef97,mal_train,1,trigona,69b4792f8ed12deb24225d9ed031e5f8aba7b5bbe2f079ab3a2585b63c34ef97,x86,plain,1,
vs,6ac8e08c1610cc82bf7d6ee67a53e3a3e3dc72790550d110572ed42a9aa48f43,mal_train,1,trigona,6ac8e08c1610cc82bf7d6ee67a53e3a3e3dc72790550d110572ed42a9aa48f43,x86,plain,1,
vs,6b76be8a263dccee95e02fa51cf9ce20cd1321d939e0b5a6024c27ece82840dc,mal_train,1,trigona,6b76be8a263dccee95e02fa51cf9ce20cd1321d939e0b5a6024c27ece82840dc,x86,plain,1,
vs,6da9ef4fbe6ca8cb9e84d8d8fb2a7a3c79d29f9a528dd1594804858c7a004835,mal_train,1,trigona,6da9ef4fbe6ca8cb9e84d8d8fb2a7a3c79d29f9a528dd1594804858c7a004835,x86,plain,1,
vs,7826026ea206063d12d79692ca5f63d879beac9796bb54792f71a2bc8bc16b4c,mal_train,1,trigona,7826026ea206063d12d79692ca5f63d879beac9796bb54792f71a2bc8bc16b4c,x86,plain,1,
vs,78c0d81bd989715dc49de24a78ab5d5d01b2f41f0e14188218231ef47bf2a9e2,mal_train,1,trigona,78c0d81bd989715dc49de24a78ab5d5d01b2f41f0e14188218231ef47bf2a9e2,x86,plain,1,
vs,7a64146011ab85d187b8e87dbea7fe6ff46ba8fdfe16e961a93a32bf6cf7d854,mal_train,1,trigona,7a64146011ab85d187b8e87dbea7fe6ff46ba8fdfe16e961a93a32bf6cf7d854,x86,plain,1,
vs,807b27dd4ddf9f8be2493a9e9f9a1bbe69c06770039847425acc6458d72f29dd,mal_train,1,trigona,807b27dd4ddf9f8be2493a9e9f9a1bbe69c06770039847425acc6458d72f29dd,x64,plain,1,
vs,80b8c6be07ae05ac08cefbdca242bd4601e3d4e69bba4e81a55ddfd9d4417691,mal_train,1,trigona,80b8c6be07ae05ac08cefbdca242bd4601e3d4e69bba4e81a55ddfd9d4417691,x86,upx_unpacked,1,
vs,82d77889cb0d8309f146a28ee8bf8977336820fbbc5062237b0653e6fde64e1a,mal_train,1,trigona,82d77889cb0d8309f146a28ee8bf8977336820fbbc5062237b0653e6fde64e1a,x86,plain,1,
vs,89f331d784957a00971363893ea76fd2136d574c5cffc48bf15c047413fce3d5,mal_train,1,trigona,89f331d784957a00971363893ea76fd2136d574c5cffc48bf15c047413fce3d5,x86,plain,1,
vs,8aa579b40f9c86c9c24726485528aafac4414257fc854feb6dbcad11222405dd,mal_train,1,trigona,8aa579b40f9c86c9c24726485528aafac4414257fc854feb6dbcad11222405dd,x64,plain,1,
vs,8c6c21855aff960c7f445472342e768144f5838c246847ab5afb806841590745,mal_train,1,trigona,8c6c21855aff960c7f445472342e768144f5838c246847ab5afb806841590745,x86,plain,1,
vs,8d9b7820efcd8bd0336721c998b65ef8061276bf1ffa7808c00b841b1db97da0,mal_train,1,trigona,8d9b7820efcd8bd0336721c998b65ef8061276bf1ffa7808c00b841b1db97da0,x86,plain,1,
vs,8faf6974c82fc495a2343a579a478c8e18dc6a60b1516ee107c88e18f8cde241,mal_train,1,trigona,8faf6974c82fc495a2343a579a478c8e18dc6a60b1516ee107c88e18f8cde241,x64,plain,1,
vs,97349b5328e0d4699691938fe45c0f7d9afdfc6b67a2915e07dec805eff07004,mal_train,1,trigona,97349b5328e0d4699691938fe45c0f7d9afdfc6b67a2915e07dec805eff07004,x64,plain,1,
vs,9c6bf07eb072a389408c0a323978fe2a3d9e597e04535195a24d891346010fb6,mal_train,1,trigona,9c6bf07eb072a389408c0a323978fe2a3d9e597e04535195a24d891346010fb6,x86,plain,1,
vs,9ec9fd40a0920b680b3f6360549af7d4387f8c87683bb82077bd3e0dcc6780bc,mal_train,1,trigona,9ec9fd40a0920b680b3f6360549af7d4387f8c87683bb82077bd3e0dcc6780bc,x86,plain,1,
vs,9f3e7aa0126a055987301a818fedd35d8c74b8cd95bdba71e3972f26a569b7da,mal_train,1,trigona,9f3e7aa0126a055987301a818fedd35d8c74b8cd95bdba71e3972f26a569b7da,x86,plain,1,
vs,a092842d7b709e9101abcbc368a706431813dfd72fcda75d08270d3dff166d70,mal_train,1,trigona,a092842d7b709e9101abcbc368a706431813dfd72fcda75d08270d3dff166d70,x86,plain,1,
vs,a53ef8240fc2260ea62ef6a426c04e6333d96517d4d2f91492ab6de81a9eeee6,mal_train,1,trigona,a53ef8240fc2260ea62ef6a426c04e6333d96517d4d2f91492ab6de81a9eeee6,x64,plain,1,
vs,a56da19714732f522c9f70fb1facd3b8d6a6e32257a77674005282653565a3aa,mal_train,1,trigona,a56da19714732f522c9f70fb1facd3b8d6a6e32257a77674005282653565a3aa,x86,plain,1,
vs,a5fe4156c920f0fe7944c2ff55ec39186099239b2898c55bed6bca3fb6d609d0,mal_train,1,trigona,a5fe4156c920f0fe7944c2ff55ec39186099239b2898c55bed6bca3fb6d609d0,x86,plain,1,
vs,a891d24823796a4ffa2fac76d92fec2c7ffae1ac1c3665be0d4f85e13acd33f9,mal_train,1,trigona,a891d24823796a4ffa2fac76d92fec2c7ffae1ac1c3665be0d4f85e13acd33f9,x64,plain,1,
vs,a9debdce0f56f389f40d0ea6fd9a4f32e2ce145110c3443b76514b809d4bd63c,mal_train,1,trigona,a9debdce0f56f389f40d0ea6fd9a4f32e2ce145110c3443b76514b809d4bd63c,x86,upx_unpacked,1,
vs,adc4f4469d9c4873a9d6a5f1118f74a7a6aec9fd8c50b45b016f0a8d3cef2d1c,mal_train,1,trigona,adc4f4469d9c4873a9d6a5f1118f74a7a6aec9fd8c50b45b016f0a8d3cef2d1c,x86,plain,1,
vs,b4a451a82b083cd71273c745eefda31e107a93b0ac5e7f0acda91a09a1460920,mal_train,1,trigona,b4a451a82b083cd71273c745eefda31e107a93b0ac5e7f0acda91a09a1460920,x86,plain,1,
vs,b4df356a0b8746b77456531f53cf8418b356b40cd3a9ea214bfe2adba8e8838b,mal_train,1,trigona,b4df356a0b8746b77456531f53cf8418b356b40cd3a9ea214bfe2adba8e8838b,x64,plain,1,
vs,b93cf5b2c832b4871b7621af7b4d04fc4662d8aef9b75e21af81d305f1ac135b,mal_train,1,trigona,b93cf5b2c832b4871b7621af7b4d04fc4662d8aef9b75e21af81d305f1ac135b,x86,plain,1,
vs,b95a0d0333c4986597c2e9132fbea337127653da6864c4c65218c7cc35061448,mal_train,1,trigona,b95a0d0333c4986597c2e9132fbea337127653da6864c4c65218c7cc35061448,x86,plain,1,
vs,c21957d0f5db8f0afb50271edf50b7360b6c95c3712836b0b272992a0b975583,mal_train,1,trigona,c21957d0f5db8f0afb50271edf50b7360b6c95c3712836b0b272992a0b975583,x86,plain,1,
vs,d28f6416c6d03978482ae7a54affd27555de0fd0cfb27e5d0ac9306cc03ea5d9,mal_train,1,trigona,d28f6416c6d03978482ae7a54affd27555de0fd0cfb27e5d0ac9306cc03ea5d9,x86,plain,1,
vs,d743daa22fdf4313a10da027b034c603eda255be037cb45b28faea23114d3b8a,mal_train,1,trigona,d743daa22fdf4313a10da027b034c603eda255be037cb45b28faea23114d3b8a,x86,plain,1,
vs,da23f2f8f56b914c11beb31d1e3b4d663abf4ecb750554475fab11bf5d0a66b3,mal_train,1,trigona,da23f2f8f56b914c11beb31d1e3b4d663abf4ecb750554475fab11bf5d0a66b3,x64,plain,1,
vs,df9ef29e8789a798981a783fafbb85395a84e8733929b2c2290bcde263c2f3f8,mal_train,1,trigona,df9ef29e8789a798981a783fafbb85395a84e8733929b2c2290bcde263c2f3f8,x64,plain,1,
vs,ecd0738536e3a450dd4bcce49303b2c60659a7512ac391e08abb6c174b9d401f,mal_train,1,trigona,ecd0738536e3a450dd4bcce49303b2c60659a7512ac391e08abb6c174b9d401f,x86,plain,1,
vs,ff82b9021651a1de046c80242be44b53fa23f88f850b9d536ce8be7d9b41afbb,mal_train,1,trigona,ff82b9021651a1de046c80242be44b53fa23f88f850b9d536ce8be7d9b41afbb,x64,plain,1,
vs,0e061255b12ade5dc10f4ad9aeca9ebe5496d28ed251acb376c66c1d9f405821,mal_train,1,wastedlocker,0e061255b12ade5dc10f4ad9aeca9ebe5496d28ed251acb376c66c1d9f405821,x86,plain,1,
vs,26ebdda500de80766d1d4d080d608d6e3ee48a78401c1084f0c2399f1605c7c2,mal_train,1,wastedlocker,26ebdda500de80766d1d4d080d608d6e3ee48a78401c1084f0c2399f1605c7c2,x86,plain,1,
vs,0dff1dd605d0f97d013f78d15ccb110d376fd3f4c99643d840021f8fd99a79bf,mal_train,1,zeppelin,0dff1dd605d0f97d013f78d15ccb110d376fd3f4c99643d840021f8fd99a79bf,x86,dotnet,0,dotnet
vs,24efa10a2b51c5fd6e45da6babd4e797d9cae399be98941f950abf7b5e9a4cd7,mal_train,1,zeppelin,24efa10a2b51c5fd6e45da6babd4e797d9cae399be98941f950abf7b5e9a4cd7,x86,packed_other,0,packed_other
vs,4728a3fa4f94d7a09e2dbe21d12ae84543042ce88ba4ea11f3fb3f27490a4933,mal_train,1,zeppelin,4728a3fa4f94d7a09e2dbe21d12ae84543042ce88ba4ea11f3fb3f27490a4933,x86,packed_other,0,packed_other
vs,4ded976d2e5474b5ce1562ceb032981e23f170e7d6ec07fadd131aea82715a5a,mal_train,1,zeppelin,4ded976d2e5474b5ce1562ceb032981e23f170e7d6ec07fadd131aea82715a5a,x86,plain,1,
vs,4e0d1edb76747fd945b87dd18299298f0df719edbea946119d91db59a9b6527a,mal_train,1,zeppelin,4e0d1edb76747fd945b87dd18299298f0df719edbea946119d91db59a9b6527a,x86,plain,1,
vs,7757c11c449860e2dd54ae97e05835fb39f89a9c93f32dfc23b258ad49c3622e,mal_train,1,zeppelin,7757c11c449860e2dd54ae97e05835fb39f89a9c93f32dfc23b258ad49c3622e,x86,packed_other,0,packed_other
vs,9243bdcbe30fbd430a841a623e9e1bcc894e4fdc136d46e702a94dad4b10dfdc,mal_train,1,abyss,9243bdcbe30fbd430a841a623e9e1bcc894e4fdc136d46e702a94dad4b10dfdc,x64,plain,1,
vs,0ab9e88f2135f7fbd439435f0ff4da887bbfb1cae67ccc8209aac22e75e3486f,mal_train,1,akira,0ab9e88f2135f7fbd439435f0ff4da887bbfb1cae67ccc8209aac22e75e3486f,x64,plain,1,
vs,124851e0082f9d38942824a0a349c8391fa2d1717eacffbd58e48ac6673d680f,mal_train,1,akira,124851e0082f9d38942824a0a349c8391fa2d1717eacffbd58e48ac6673d680f,x64,plain,1,
vs,149a736ef944f0bd8510cda9d1347fd6026230e040526382fdd9856a28d0a589,mal_train,1,akira,149a736ef944f0bd8510cda9d1347fd6026230e040526382fdd9856a28d0a589,x64,plain,1,
vs,2290f0f8462d389fd52307411c126fbc682e5db1b6a122da1b2ae1fb1f914359,mal_train,1,akira,2290f0f8462d389fd52307411c126fbc682e5db1b6a122da1b2ae1fb1f914359,x64,plain,1,
vs,28c3a34af034859aee859e0429c95ad35c55e0aa2b2ffbc48f39e8c3e26c7be0,mal_train,1,akira,28c3a34af034859aee859e0429c95ad35c55e0aa2b2ffbc48f39e8c3e26c7be0,x64,plain,1,
vs,2c66c43a2c2cad9349a519d262bb50ce97ec09ad5543db4cba4ef59bbac1a5fc,mal_train,1,akira,2c66c43a2c2cad9349a519d262bb50ce97ec09ad5543db4cba4ef59bbac1a5fc,x64,plain,1,
vs,32caaeb1487f1370b282d459630ba852691a3b2e2d93a318494c36781d5dee4a,mal_train,1,akira,32caaeb1487f1370b282d459630ba852691a3b2e2d93a318494c36781d5dee4a,x64,plain,1,
vs,337d21f964091417f22f35aee35e31d94fc3f35179c36c0304eef6e4ae983292,mal_train,1,akira,337d21f964091417f22f35aee35e31d94fc3f35179c36c0304eef6e4ae983292,x64,plain,1,
vs,339c41d27e2bf615ead99fb205aa60c9cbb034154e4ae78c1fedf592ed8cfea7,mal_train,1,akira,339c41d27e2bf615ead99fb205aa60c9cbb034154e4ae78c1fedf592ed8cfea7,x64,plain,1,
vs,34c843387845479329052ec7a71f6445c7530b6fee2eabb458da2338d1af41e4,mal_train,1,akira,34c843387845479329052ec7a71f6445c7530b6fee2eabb458da2338d1af41e4,x64,plain,1,
vs,35b94bc0a7ea6e2aedbd06411947cb1e6bd439244fc51fa6165b82cd42188613,mal_train,1,akira,35b94bc0a7ea6e2aedbd06411947cb1e6bd439244fc51fa6165b82cd42188613,x64,plain,1,
vs,369336e9f7b6e5d68a34ca420ba8a2076b8c232d9fff3f52c340fa664fc6b5e2,mal_train,1,akira,369336e9f7b6e5d68a34ca420ba8a2076b8c232d9fff3f52c340fa664fc6b5e2,x64,plain,1,
vs,3d6c1fdfc04383ddb9a9028fa7181b017978a0d4f910fdfcb3905ed6b4f33418,mal_train,1,akira,3d6c1fdfc04383ddb9a9028fa7181b017978a0d4f910fdfcb3905ed6b4f33418,x64,plain,1,
vs,45bd312829efc1028cdf0777871ddd69dd4ef18b2ee2b1f08a94b71d8a667626,mal_train,1,akira,45bd312829efc1028cdf0777871ddd69dd4ef18b2ee2b1f08a94b71d8a667626,x64,plain,1,
vs,4c130dfce360a886073880a8d77aedc11684baaf368da7841b1af19080c73190,mal_train,1,akira,4c130dfce360a886073880a8d77aedc11684baaf368da7841b1af19080c73190,x64,plain,1,
vs,51f81938d16384ea7c86f92515bc4a1714791b628e008b61ff974d684a63603f,mal_train,1,akira,51f81938d16384ea7c86f92515bc4a1714791b628e008b61ff974d684a63603f,x64,plain,1,
vs,5c6cce76a28898a242265b4eb3a3b14558dfb9a67319cfe0ac0bd175addb5b9a,mal_train,1,akira,5c6cce76a28898a242265b4eb3a3b14558dfb9a67319cfe0ac0bd175addb5b9a,x64,plain,1,
vs,5de1061457e759e022fbc9bb02e8726a49d3ed9663fc8a77d83462c69c96aea8,mal_train,1,akira,5de1061457e759e022fbc9bb02e8726a49d3ed9663fc8a77d83462c69c96aea8,x64,plain,1,
vs,68fe419e4826b697016a1318f6689492cc0274531c4b82fed32dbc542b15a867,mal_train,1,akira,68fe419e4826b697016a1318f6689492cc0274531c4b82fed32dbc542b15a867,x64,plain,1,
vs,7142bff8d40f56b9e2e8eaf2d626d54ef6533e6d2f29242ecc90c98aef1a6955,mal_train,1,akira,7142bff8d40f56b9e2e8eaf2d626d54ef6533e6d2f29242ecc90c98aef1a6955,x64,plain,1,
vs,71b2f16e2dd93eec47e0c0d0c1b51a0bda61fe73190019f497932bea635437ac,mal_train,1,akira,71b2f16e2dd93eec47e0c0d0c1b51a0bda61fe73190019f497932bea635437ac,x64,packed_other,0,packed_other
vs,868b634bddaa6ee0ddb2af98ec0c82747cd5ed607fc867b563ca773603583c02,mal_train,1,akira,868b634bddaa6ee0ddb2af98ec0c82747cd5ed607fc867b563ca773603583c02,x64,plain,1,
vs,92834241ae642d8d3baf8401d6340b603e540c99ce4e5375b6e1ae30fc627974,mal_train,1,akira,92834241ae642d8d3baf8401d6340b603e540c99ce4e5375b6e1ae30fc627974,x64,plain,1,
vs,a2b8123e81638843b3de9601a9b80067d74da5f003070d906d33d09481362622,mal_train,1,akira,a2b8123e81638843b3de9601a9b80067d74da5f003070d906d33d09481362622,x64,plain,1,
vs,a3dd850d5c543003baaa5422ef084adff7e3b1691a11eed8c91235ba12be13bc,mal_train,1,akira,a3dd850d5c543003baaa5422ef084adff7e3b1691a11eed8c91235ba12be13bc,x64,plain,1,
vs,aff2e319a47193ab195e2aa116747c2a5aa4bb4d8cc4c915e0c6bda12481881f,mal_train,1,akira,aff2e319a47193ab195e2aa116747c2a5aa4bb4d8cc4c915e0c6bda12481881f,x64,plain,1,
vs,bfdb075aa514cb43b711bab06e775c081671863bc89c8e84763864e0aa35dd2c,mal_train,1,akira,bfdb075aa514cb43b711bab06e775c081671863bc89c8e84763864e0aa35dd2c,x64,plain,1,
vs,c6ede98801eb47fd2390c23064fb0b8a78c17a222926d2f6ba0d7ea8c622ded2,mal_train,1,akira,c6ede98801eb47fd2390c23064fb0b8a78c17a222926d2f6ba0d7ea8c622ded2,x64,plain,1,
vs,d131cb0aa9ff7a152b506d53fbc066743e97aa7c6592b5de534f0b174fc819fc,mal_train,1,akira,d131cb0aa9ff7a152b506d53fbc066743e97aa7c6592b5de534f0b174fc819fc,x64,plain,1,
vs,efbb8a4b6d879fb0d28f6b480436010fe91ab2b4ecf416640ef54650c2fdfc60,mal_train,1,akira,efbb8a4b6d879fb0d28f6b480436010fe91ab2b4ecf416640ef54650c2fdfc60,x64,plain,1,
vs,5634e4e97a71930c574b80e50ee479ab782b6888f5af31c7e7529fa651377f50,mal_train,1,arcrypter,5634e4e97a71930c574b80e50ee479ab782b6888f5af31c7e7529fa651377f50,other,arch_unsupported,0,arch_unsupported
vs,8d40ac7ff823a82053b413326beba33bf94380a79c49165545fed3e92089b6eb,mal_train,1,arcrypter,8d40ac7ff823a82053b413326beba33bf94380a79c49165545fed3e92089b6eb,x64,plain,1,
vs,9a58c306995e125d0d183865894f77a1eb16cc7ca536957b9f82ee9ce83d2ab8,mal_train,1,arcrypter,9a58c306995e125d0d183865894f77a1eb16cc7ca536957b9f82ee9ce83d2ab8,x64,plain,1,
vs,cc0bd45536a6c15f8b76fe06fd637857e6fbb483dc620793aa3aa27e1ab75a62,mal_train,1,arcrypter,cc0bd45536a6c15f8b76fe06fd637857e6fbb483dc620793aa3aa27e1ab75a62,x64,plain,1,
vs,dacce1811b69469f4fd22ca7304ab01d57f4861574d5eeb2c35c0931318582ae,mal_train,1,arcrypter,dacce1811b69469f4fd22ca7304ab01d57f4861574d5eeb2c35c0931318582ae,other,arch_unsupported,0,arch_unsupported
vs,08565f345878369fdbbcf4a064d9f4762f4549f67d1e2aa3907a112a5e5322b6,mal_train,1,astralocker,08565f345878369fdbbcf4a064d9f4762f4549f67d1e2aa3907a112a5e5322b6,x86,packed_other,0,packed_other
vs,17ea24ce8866da7ef4a842cba16961eafba89d526d3efe5d783bb7a30c5d1565,mal_train,1,astralocker,17ea24ce8866da7ef4a842cba16961eafba89d526d3efe5d783bb7a30c5d1565,x86,packed_other,0,packed_other
vs,5c061e188979d3b744a102d5d855e845a3b51453488530ea5dca6b098add2821,mal_train,1,astralocker,5c061e188979d3b744a102d5d855e845a3b51453488530ea5dca6b098add2821,x86,packed_other,0,packed_other
vs,b0a010e5a9b353a11fb664501de91fc47878d89bf97cb57bc03428c7a45981b9,mal_train,1,astralocker,b0a010e5a9b353a11fb664501de91fc47878d89bf97cb57bc03428c7a45981b9,x86,packed_other,0,packed_other
vs,cf3bdf0f8ea4c8ece5f5a76524ab4c81fea6c3a1715b5a86b3ad4d397fca76f3,mal_train,1,astralocker,cf3bdf0f8ea4c8ece5f5a76524ab4c81fea6c3a1715b5a86b3ad4d397fca76f3,x86,packed_other,0,packed_other
vs,15ea46c22b2b5e06b4a8f4dd163b3f89975ca606432e0d79315b6513f1e1f550,mal_train,1,atomsilo,15ea46c22b2b5e06b4a8f4dd163b3f89975ca606432e0d79315b6513f1e1f550,x64,plain,1,
vs,5f614a8e35bd80a603cf98846c6a44030ad18bed45ac83bd2110d83e8a090de4,mal_train,1,atomsilo,5f614a8e35bd80a603cf98846c6a44030ad18bed45ac83bd2110d83e8a090de4,x64,packed_other,0,packed_other
vs,5fa490668a9963e97d956f9a3b0c746b1d16eee9a73dfba875c9a3dc0e2c0d1b,mal_train,1,atomsilo,5fa490668a9963e97d956f9a3b0c746b1d16eee9a73dfba875c9a3dc0e2c0d1b,x64,plain,1,
vs,7a5999c54f4588ff1581d03938b7dcbd874ee871254e2018b98ef911ae6c8dee,mal_train,1,atomsilo,7a5999c54f4588ff1581d03938b7dcbd874ee871254e2018b98ef911ae6c8dee,x64,plain,1,
vs,0225a30270e5361e410453d4fb0501eb759612f6048ad43591b559d835720224,mal_train,1,axlocker,0225a30270e5361e410453d4fb0501eb759612f6048ad43591b559d835720224,x86,dotnet,0,dotnet
vs,9e95fcf79fac246ebb5ded254449126b7dd9ab7c26bc3238814eafb1b61ffd7a,mal_train,1,axlocker,9e95fcf79fac246ebb5ded254449126b7dd9ab7c26bc3238814eafb1b61ffd7a,x86,dotnet,0,dotnet
vs,ad0c0b6b81da28344e8444989150b63dc8b21fc88bd0b56fb5b3f7ff233ea810,mal_train,1,axlocker,ad0c0b6b81da28344e8444989150b63dc8b21fc88bd0b56fb5b3f7ff233ea810,x86,dotnet,0,dotnet
vs,c8e3c547e22ae37f9eeb37a1efd28de2bae0bfae67ce3798da9592f8579d433c,mal_train,1,axlocker,c8e3c547e22ae37f9eeb37a1efd28de2bae0bfae67ce3798da9592f8579d433c,x86,dotnet,0,dotnet
vs,d51297c4525a9ce3127500059de3596417d031916eb9a52b737a62fb159f61e0,mal_train,1,axlocker,d51297c4525a9ce3127500059de3596417d031916eb9a52b737a62fb159f61e0,x86,dotnet,0,dotnet
vs,d9793c24290599662adc4c9cba98a192207d9c5a18360f3a642bd9c07ef70d57,mal_train,1,axlocker,d9793c24290599662adc4c9cba98a192207d9c5a18360f3a642bd9c07ef70d57,x86,dotnet,0,dotnet
vs,74df3452a6b9dcdba658af7a9cf5afb09cce51534f9bc63079827bf73075243b,mal_train,1,blackhunt,74df3452a6b9dcdba658af7a9cf5afb09cce51534f9bc63079827bf73075243b,x86,plain,1,
vs,00005ed250d85fc47e4c3883b8e6179a9888b8140acfeb94a40edc36bd523adb,mal_train,1,bqtlock,00005ed250d85fc47e4c3883b8e6179a9888b8140acfeb94a40edc36bd523adb,x64,plain,1,
vs,008ec0226066572f4b27f100d08443120b9dd55cefbec2bbff994b5b552e546c,mal_train,1,bqtlock,008ec0226066572f4b27f100d08443120b9dd55cefbec2bbff994b5b552e546c,x64,plain,1,
vs,0ccd3f2d7e6637eaf5414e35b97d9d8bf6b8e4182859cace8ca8e02377a4e62a,mal_train,1,bqtlock,0ccd3f2d7e6637eaf5414e35b97d9d8bf6b8e4182859cace8ca8e02377a4e62a,x64,plain,1,
vs,10938c2d01dc999d2fe1f8c635e3705e7e663077935a17e730c849d1191c76ed,mal_train,1,bqtlock,10938c2d01dc999d2fe1f8c635e3705e7e663077935a17e730c849d1191c76ed,x64,plain,1,
vs,11affbeb18f4d6edcc9a4be5a82f8e23dfc31178887e97119faa5ddc75990494,mal_train,1,bqtlock,11affbeb18f4d6edcc9a4be5a82f8e23dfc31178887e97119faa5ddc75990494,x64,plain,1,
vs,2aae1d749353067f5afb5bebedb5249047f60e7aaa9684ac7c779a0908b1573c,mal_train,1,bqtlock,2aae1d749353067f5afb5bebedb5249047f60e7aaa9684ac7c779a0908b1573c,x64,plain,1,
vs,3857744a651da4e431083180798041a5e888b09334a1a04c2c047216f471b0f6,mal_train,1,bqtlock,3857744a651da4e431083180798041a5e888b09334a1a04c2c047216f471b0f6,x64,upx_unpacked,1,
vs,425b2f283b71237276f84d941d9c2982c7f61a9aff12ece10e15065b73b7165e,mal_train,1,bqtlock,425b2f283b71237276f84d941d9c2982c7f61a9aff12ece10e15065b73b7165e,x64,plain,1,
vs,4369aed581de0fe84c25a1ef2c3cf0bb6bf70df8b51fdf38b3b0b2a55f43261b,mal_train,1,bqtlock,4369aed581de0fe84c25a1ef2c3cf0bb6bf70df8b51fdf38b3b0b2a55f43261b,x64,plain,1,
vs,4525387f28bee6bb48d07e6989319f382447a8a6e48ae11f332dee9916feb8cc,mal_train,1,bqtlock,4525387f28bee6bb48d07e6989319f382447a8a6e48ae11f332dee9916feb8cc,x64,plain,1,
vs,56eec59a5fe3f5a3c2c836701557bf1956770f465cd9e049995b86aef76a3e39,mal_train,1,bqtlock,56eec59a5fe3f5a3c2c836701557bf1956770f465cd9e049995b86aef76a3e39,x64,plain,1,
vs,590e47944ef0597bf1ff1d41656859b776e7031a4611cbf22d619002cbe49312,mal_train,1,bqtlock,590e47944ef0597bf1ff1d41656859b776e7031a4611cbf22d619002cbe49312,x64,plain,1,
vs,5b992a3438e344dddcdd66151a40efb3452b2ff37cdc40b37db612afeb29ed29,mal_train,1,bqtlock,5b992a3438e344dddcdd66151a40efb3452b2ff37cdc40b37db612afeb29ed29,x64,plain,1,
vs,5ffa525fead0b2d81d8bbfa0630aebee5f0b2d3f4ab583e92ac41e6c8f814661,mal_train,1,bqtlock,5ffa525fead0b2d81d8bbfa0630aebee5f0b2d3f4ab583e92ac41e6c8f814661,x64,upx_unpacked,1,
vs,67a315a0fe8d466f71716a83ab0e745ec4a7fa2e210a1b06e3396b516f554554,mal_train,1,bqtlock,67a315a0fe8d466f71716a83ab0e745ec4a7fa2e210a1b06e3396b516f554554,x64,plain,1,
vs,780e34c72404fd464669626ae554b81393d2bae95293284b375bb5d989914486,mal_train,1,bqtlock,780e34c72404fd464669626ae554b81393d2bae95293284b375bb5d989914486,x64,plain,1,
vs,9547933dd46501af7fc095a3513e48b81178e344b86e075b679259875f0fd5a7,mal_train,1,bqtlock,9547933dd46501af7fc095a3513e48b81178e344b86e075b679259875f0fd5a7,x64,plain,1,
vs,9600db537e27db88ed2eca3be0ffab35cdb22a86a6dbb048d8deaf8f56944822,mal_train,1,bqtlock,9600db537e27db88ed2eca3be0ffab35cdb22a86a6dbb048d8deaf8f56944822,x64,plain,1,
vs,97524f4c582e0fbe46b74a7cfe4db9f078f368520cda25f27a50c5d2c50161f9,mal_train,1,bqtlock,97524f4c582e0fbe46b74a7cfe4db9f078f368520cda25f27a50c5d2c50161f9,x64,plain,1,
vs,9cd62dbace3324487124787127cff7c63a9f005d8d3aff9bac28c437e5caefc7,mal_train,1,bqtlock,9cd62dbace3324487124787127cff7c63a9f005d8d3aff9bac28c437e5caefc7,x64,plain,1,
vs,a6a397fec6c109a1402c6f1144d647843b2093f65fedd27204b40ebeea0640b6,mal_train,1,bqtlock,a6a397fec6c109a1402c6f1144d647843b2093f65fedd27204b40ebeea0640b6,x64,plain,1,
vs,af90666822646e35eb52248f4a89eb715ce9f44459205bc24827a2aafe053548,mal_train,1,bqtlock,af90666822646e35eb52248f4a89eb715ce9f44459205bc24827a2aafe053548,x64,plain,1,
vs,b211537ea626fae4ad2ef5ee2652633dc68aaf20da6eb953a44f266c4106b367,mal_train,1,bqtlock,b211537ea626fae4ad2ef5ee2652633dc68aaf20da6eb953a44f266c4106b367,x64,plain,1,
vs,b61ae633616d7dd29aaf0b170fdfbe8f282c0f8bdcb1c52aedee473ce4bf5789,mal_train,1,bqtlock,b61ae633616d7dd29aaf0b170fdfbe8f282c0f8bdcb1c52aedee473ce4bf5789,x64,plain,1,
vs,b7796a3b1812f329c43d5d37bbb6d8032b7bc06b15af29f555eb3e0c7b1b1c3d,mal_train,1,bqtlock,b7796a3b1812f329c43d5d37bbb6d8032b7bc06b15af29f555eb3e0c7b1b1c3d,x64,plain,1,
vs,cd5e7b3b59cea14b804f6c01821d1ab94a0046422fe956f623b238c5db0cac99,mal_train,1,bqtlock,cd5e7b3b59cea14b804f6c01821d1ab94a0046422fe956f623b238c5db0cac99,x64,plain,1,
vs,dacbba7f18d0835deb2eeb4e4d82c8f57234767291a90da1a5f3fd02d6bc13c2,mal_train,1,bqtlock,dacbba7f18d0835deb2eeb4e4d82c8f57234767291a90da1a5f3fd02d6bc13c2,x64,plain,1,
vs,e2622ede1ebe5a37c439a32f0c63c13f893d1e5513b27367502898651cc5464b,mal_train,1,bqtlock,e2622ede1ebe5a37c439a32f0c63c13f893d1e5513b27367502898651cc5464b,x64,plain,1,
vs,f77c203d0c80598954c06a0f6f0c46f8b885ba423d12a21f13ded0168aa11b10,mal_train,1,bqtlock,f77c203d0c80598954c06a0f6f0c46f8b885ba423d12a21f13ded0168aa11b10,x64,plain,1,
vs,fbd67a3bcc964e370931f620a85bf368d7b5797ebc1d53fe3be11a89a90e7961,mal_train,1,bqtlock,fbd67a3bcc964e370931f620a85bf368d7b5797ebc1d53fe3be11a89a90e7961,x64,plain,1,
vs,02ff523b0330900767277b319cba76ee33f47d0a71774155613ed6667855adf6,mal_train,1,cerber,02ff523b0330900767277b319cba76ee33f47d0a71774155613ed6667855adf6,x86,plain,1,
vs,078de7d019f5f1e546aa29af7123643bd250341af71506e6256dfee8f245a2a7,mal_train,1,cerber,078de7d019f5f1e546aa29af7123643bd250341af71506e6256dfee8f245a2a7,x86,plain,1,
vs,0cd28b912cf4d9898a6f03c4edfd73d1d90faf971ad84b28c6c254408ad7630f,mal_train,1,cerber,0cd28b912cf4d9898a6f03c4edfd73d1d90faf971ad84b28c6c254408ad7630f,x86,plain,1,
vs,2aebddfd22ccb317b35b54e627d0eb05c59e761edbabe2a5029b19e8866e03c8,mal_train,1,cerber,2aebddfd22ccb317b35b54e627d0eb05c59e761edbabe2a5029b19e8866e03c8,x86,plain,1,
vs,3bb5725f06379a042e81b51ef32617f5ea8e02ef2c5bab4ae602bc3bd181c972,mal_train,1,cerber,3bb5725f06379a042e81b51ef32617f5ea8e02ef2c5bab4ae602bc3bd181c972,x86,plain,1,
vs,48e79c374b29858b59e5b06434e3f54e416ba7f664037d48d4adae5276d6a43b,mal_train,1,cerber,48e79c374b29858b59e5b06434e3f54e416ba7f664037d48d4adae5276d6a43b,x86,plain,1,
vs,4a2ad49c934f9ae6ca6b5d0c7cc34f5e12d349640012fa8cf8eb7e2d3acd6c9f,mal_train,1,cerber,4a2ad49c934f9ae6ca6b5d0c7cc34f5e12d349640012fa8cf8eb7e2d3acd6c9f,x86,plain,1,
vs,5bd70163b5ee71238d37ffa0ff179e6a42fc28ff5e218c11502e8341b031b951,mal_train,1,cerber,5bd70163b5ee71238d37ffa0ff179e6a42fc28ff5e218c11502e8341b031b951,x86,plain,1,
vs,70d6105900816937f3c74dce0c044f03ac72df99485cc9f76bf4e0a47bc3e0da,mal_train,1,cerber,70d6105900816937f3c74dce0c044f03ac72df99485cc9f76bf4e0a47bc3e0da,x86,plain,1,
vs,72d4375c5fe2533acb5e378ddbd3c55f87c61003a492caffdcb40db988c49503,mal_train,1,cerber,72d4375c5fe2533acb5e378ddbd3c55f87c61003a492caffdcb40db988c49503,x86,dotnet,0,dotnet
vs,772cad26853c7d8ea8f1023f6e3cba219cc9bb1db1cd31ad2b979e59d3d9c631,mal_train,1,cerber,772cad26853c7d8ea8f1023f6e3cba219cc9bb1db1cd31ad2b979e59d3d9c631,x86,plain,1,
vs,84cbffb84b7c9ced79b511f82a15414d9202ab68479dfe44cec7b745ed12f973,mal_train,1,cerber,84cbffb84b7c9ced79b511f82a15414d9202ab68479dfe44cec7b745ed12f973,x86,plain,1,
vs,8cc84c910910535990b7ec98b521f7bb84774a78fa488a27dacff5590a7322e3,mal_train,1,cerber,8cc84c910910535990b7ec98b521f7bb84774a78fa488a27dacff5590a7322e3,x86,plain,1,
vs,b3e1e9d97d74c416c2a30dd11858789af5554cf2de62f577c13944a19623777d,mal_train,1,cerber,b3e1e9d97d74c416c2a30dd11858789af5554cf2de62f577c13944a19623777d,x86,plain,1,
vs,b60f2abca2515ab7c447ab5b237a50c634357f7d4c9591b76c0b44829ad30460,mal_train,1,cerber,b60f2abca2515ab7c447ab5b237a50c634357f7d4c9591b76c0b44829ad30460,x86,plain,1,
vs,d460a39b8a903a1d6a559515723fd55c7ed0a4c06fbce1635fc8e21662250f9e,mal_train,1,cerber,d460a39b8a903a1d6a559515723fd55c7ed0a4c06fbce1635fc8e21662250f9e,x86,plain,1,
vs,db47addc5d20966badd482543d67e70a1ef5e719a2c907e80bc1d3a9080c22d4,mal_train,1,cerber,db47addc5d20966badd482543d67e70a1ef5e719a2c907e80bc1d3a9080c22d4,x86,plain,1,
vs,df93b51dfce7f3f780fe6544a2db728672b9df4e76f2e61be21c87d6d782cce0,mal_train,1,cerber,df93b51dfce7f3f780fe6544a2db728672b9df4e76f2e61be21c87d6d782cce0,x86,plain,1,
vs,eba0482a5b1232db451b1a745dd8e99defb9f1194b070e2f5c20eeb251296a86,mal_train,1,cerber,eba0482a5b1232db451b1a745dd8e99defb9f1194b070e2f5c20eeb251296a86,x86,plain,1,
vs,f9c5420c0f039a178f5495ecfb657f8da383624e0cf7f02c645fbdfa95e2e8b9,mal_train,1,cerber,f9c5420c0f039a178f5495ecfb657f8da383624e0cf7f02c645fbdfa95e2e8b9,x86,dotnet,0,dotnet
vs,06f6df0f5e37620beb9e3e24a8d0f7742e7d5db7d0f8c1bd4fc10a869443e4e4,mal_train,1,chaos,06f6df0f5e37620beb9e3e24a8d0f7742e7d5db7d0f8c1bd4fc10a869443e4e4,x86,dotnet,0,dotnet
vs,0a0f1e0ef771046285f78b7af20aac3384b521dbbf6bc69ca6d559cc15d9f97e,mal_train,1,chaos,0a0f1e0ef771046285f78b7af20aac3384b521dbbf6bc69ca6d559cc15d9f97e,x86,dotnet,0,dotnet
vs,0ccbedd3b8c898b3f9d063b9c702ed20ddb97df64a2e5c34b9e34be89ddbd100,mal_train,1,chaos,0ccbedd3b8c898b3f9d063b9c702ed20ddb97df64a2e5c34b9e34be89ddbd100,x86,dotnet,0,dotnet
vs,11e508b38307c2ee091406449b78fc1e5cae7d48ac40e4fc3339cb31a4d52754,mal_train,1,chaos,11e508b38307c2ee091406449b78fc1e5cae7d48ac40e4fc3339cb31a4d52754,x86,dotnet,0,dotnet
vs,12cf510444fbe31d26b0d07046827713acff59310a677041d10a38baa5475bb9,mal_train,1,chaos,12cf510444fbe31d26b0d07046827713acff59310a677041d10a38baa5475bb9,x86,dotnet,0,dotnet
vs,12e3e2892fe31aab9eec0986e106cf2c0ad1fa9fe162dcd2cd7eb1ef3327e96c,mal_train,1,chaos,12e3e2892fe31aab9eec0986e106cf2c0ad1fa9fe162dcd2cd7eb1ef3327e96c,x64,plain,1,
vs,1664fef87be7d26d5666aa84e6096798c0932ea25eb65b5a9e38a107b6e48b3d,mal_train,1,chaos,1664fef87be7d26d5666aa84e6096798c0932ea25eb65b5a9e38a107b6e48b3d,x86,dotnet,0,dotnet
vs,19b2d144baa5343de7ffad9d60724b7af4dc612e2e456c7a85382adfb4f24e54,mal_train,1,chaos,19b2d144baa5343de7ffad9d60724b7af4dc612e2e456c7a85382adfb4f24e54,x86,upx_unpacked,1,
vs,2dd3144ab294d675eae0290d5b2d385d4d7ddb36e0450b982358a1519ba19fb4,mal_train,1,chaos,2dd3144ab294d675eae0290d5b2d385d4d7ddb36e0450b982358a1519ba19fb4,x86,dotnet,0,dotnet
vs,31e1948d4e15f5eebeeb8c43d57ae0398b39d0edea908df6bcd6e032bbdb93e5,mal_train,1,chaos,31e1948d4e15f5eebeeb8c43d57ae0398b39d0edea908df6bcd6e032bbdb93e5,x86,dotnet,0,dotnet
vs,4102bb1d2ba317af2b89a11cddbabeaa167c143a290817cde42834a8141d6054,mal_train,1,chaos,4102bb1d2ba317af2b89a11cddbabeaa167c143a290817cde42834a8141d6054,x86,dotnet,0,dotnet
vs,45c2cf748efd485cb1186cb88aac0ff383ed1c9d30f8afb8b2784b08262e283d,mal_train,1,chaos,45c2cf748efd485cb1186cb88aac0ff383ed1c9d30f8afb8b2784b08262e283d,x86,dotnet,0,dotnet
vs,7e84f42879e6649dc59f4a1f10e77e6fbab29702f1723d63a617cad58b7448b6,mal_train,1,chaos,7e84f42879e6649dc59f4a1f10e77e6fbab29702f1723d63a617cad58b7448b6,x64,plain,1,
vs,869c14299d4b52a3f5b28ee46d5ccb295808f2c0bdd73bd3027689b0378baef4,mal_train,1,chaos,869c14299d4b52a3f5b28ee46d5ccb295808f2c0bdd73bd3027689b0378baef4,x86,dotnet,0,dotnet
vs,90fa246c2a502a93fa6b9d9a474659c495257228140fbfe1751decc16917d81f,mal_train,1,chaos,90fa246c2a502a93fa6b9d9a474659c495257228140fbfe1751decc16917d81f,x86,dotnet,0,dotnet
vs,954d8fcd6b74d76999f9ec033ca855ffdab6595be23039f03bc4c6017fa3932c,mal_train,1,chaos,954d8fcd6b74d76999f9ec033ca855ffdab6595be23039f03bc4c6017fa3932c,x86,dotnet,0,dotnet
vs,a2254802dd387d0e0ceb61e2849a44b51879f625b89879e29592c80da9d479a2,mal_train,1,chaos,a2254802dd387d0e0ceb61e2849a44b51879f625b89879e29592c80da9d479a2,x86,dotnet,0,dotnet
vs,a30c4fc8b11cb71e7b91b955a1ac756daf4444bbf04d79d4f292953599e2abfd,mal_train,1,chaos,a30c4fc8b11cb71e7b91b955a1ac756daf4444bbf04d79d4f292953599e2abfd,x86,upx_unpacked,1,
vs,b032335922778ce4091c5f11f9906e479b82d7b02aecc6b268a45ce7b0d14fcd,mal_train,1,chaos,b032335922778ce4091c5f11f9906e479b82d7b02aecc6b268a45ce7b0d14fcd,x86,dotnet,0,dotnet
vs,c14140334714625be71b73008adf8f54c878e3c9f979c3e58d6518fb5efdf485,mal_train,1,chaos,c14140334714625be71b73008adf8f54c878e3c9f979c3e58d6518fb5efdf485,x86,dotnet,0,dotnet
vs,c475aaae514ef35c9606a262481087a8a29fe59d2df132c8737e44c8e234bb73,mal_train,1,chaos,c475aaae514ef35c9606a262481087a8a29fe59d2df132c8737e44c8e234bb73,x86,plain,1,
vs,c8269b6919b50f1400134e84d343e70c886c024a6e9282463832d81815195897,mal_train,1,chaos,c8269b6919b50f1400134e84d343e70c886c024a6e9282463832d81815195897,x86,dotnet,0,dotnet
vs,c9205c28eabfe49b13e87c10a15850f1b65fb52b3c352fe34e59c5090df7f712,mal_train,1,chaos,c9205c28eabfe49b13e87c10a15850f1b65fb52b3c352fe34e59c5090df7f712,x86,dotnet,0,dotnet
vs,cbe100c6df230f335864b23fef453c96effc9430cb9e963f62f4f0af92512ae5,mal_train,1,chaos,cbe100c6df230f335864b23fef453c96effc9430cb9e963f62f4f0af92512ae5,x86,dotnet,0,dotnet
vs,cec5b0b5beca711b0b613118a031032aee034595b98b3960c1a20dd93547f7ef,mal_train,1,chaos,cec5b0b5beca711b0b613118a031032aee034595b98b3960c1a20dd93547f7ef,x86,upx_unpacked,1,
vs,d174cf908b7bcee10cc0458955554e5ba81beffd8544ae95a427fff643a41c86,mal_train,1,chaos,d174cf908b7bcee10cc0458955554e5ba81beffd8544ae95a427fff643a41c86,x86,dotnet,0,dotnet
vs,d385e5069c4999a4d4161c038443c1682dd33dc578cd7fc9d1d5b2627e41fb5d,mal_train,1,chaos,d385e5069c4999a4d4161c038443c1682dd33dc578cd7fc9d1d5b2627e41fb5d,x86,dotnet,0,dotnet
vs,e36f31ef4c568916efe4b46a6a56a2bc45f87b08bb9ce73694f6f5a2caf9e7e1,mal_train,1,chaos,e36f31ef4c568916efe4b46a6a56a2bc45f87b08bb9ce73694f6f5a2caf9e7e1,x64,plain,1,
vs,e4b53b74c46c4399d6b1001d6c1aab2fac40cd89393c86cbe89fb57a7f71cddd,mal_train,1,chaos,e4b53b74c46c4399d6b1001d6c1aab2fac40cd89393c86cbe89fb57a7f71cddd,x86,dotnet,0,dotnet
vs,0f3931f404d5a724be107c2484159bab2d9b98ddf9ab6b985994cebf18c8a73c,mal_train,1,cmlocker,0f3931f404d5a724be107c2484159bab2d9b98ddf9ab6b985994cebf18c8a73c,x86,dotnet,0,dotnet
vs,2848233d6e73000134fef71caf087f2aa326084dd791e2cd5aab2346b63de50b,mal_train,1,cmlocker,2848233d6e73000134fef71caf087f2aa326084dd791e2cd5aab2346b63de50b,x86,dotnet,0,dotnet
vs,537a2fd4d214a212df06fb73b19ba945672eaf18d64cc30d8e99ab6a0d7cb9ba,mal_train,1,cmlocker,537a2fd4d214a212df06fb73b19ba945672eaf18d64cc30d8e99ab6a0d7cb9ba,x86,packed_other,0,packed_other
vs,7cea77e77026b7fd48d2e2cc1eb6c7a4e020acadf44cfe2f5fe10fbcd1d3738c,mal_train,1,cmlocker,7cea77e77026b7fd48d2e2cc1eb6c7a4e020acadf44cfe2f5fe10fbcd1d3738c,x86,dotnet,0,dotnet
vs,85f4b80608c2f5d7638654d2ea3c428220af27f66cb23f162c1c527d86a46b10,mal_train,1,cmlocker,85f4b80608c2f5d7638654d2ea3c428220af27f66cb23f162c1c527d86a46b10,x86,dotnet,0,dotnet
vs,96fda99d51755e17965489664d2f0c8f762d337fd92ea64c19ff569841d5ec0e,mal_train,1,cmlocker,96fda99d51755e17965489664d2f0c8f762d337fd92ea64c19ff569841d5ec0e,x86,dotnet,0,dotnet
vs,abbda703c3fba08e50f339b1b449ec85382c224772d0e95e9ed4bfa8e6a2106a,mal_train,1,cmlocker,abbda703c3fba08e50f339b1b449ec85382c224772d0e95e9ed4bfa8e6a2106a,x86,dotnet,0,dotnet
vs,c2929c00294307b853d391552887529f4e569d7a03292a5e729315b5828a678a,mal_train,1,cmlocker,c2929c00294307b853d391552887529f4e569d7a03292a5e729315b5828a678a,x86,packed_other,0,packed_other
vs,ca95aafc7ea36ecbd5e6707252424fc9145d775616cb9e0c98383f514b6d5c50,mal_train,1,cmlocker,ca95aafc7ea36ecbd5e6707252424fc9145d775616cb9e0c98383f514b6d5c50,x86,plain,1,
vs,03597628e999d791f4cc442328024235db9a929467a62ef0a00c91a76161f0e1,mal_train,1,conti,03597628e999d791f4cc442328024235db9a929467a62ef0a00c91a76161f0e1,x86,plain,1,
vs,1814a6a6749684cdacd792374e0ba31b7be4ff6f9675f3fd15d543afbb540367,mal_train,1,conti,1814a6a6749684cdacd792374e0ba31b7be4ff6f9675f3fd15d543afbb540367,x64,packed_other,0,packed_other
vs,24ac73821de77cc9644d2ac40e97067ff63f625b5f20e085ad10535e47d7db59,mal_train,1,conti,24ac73821de77cc9644d2ac40e97067ff63f625b5f20e085ad10535e47d7db59,x86,plain,1,
vs,2586026617b117506dfe326f50e45476ce765a74fe48c8650d32980a4dfe5ee9,mal_train,1,conti,2586026617b117506dfe326f50e45476ce765a74fe48c8650d32980a4dfe5ee9,x64,plain,1,
vs,2afea8912f1b7afa3a4348ef4e027f7a46f4a2ade824196265ea1ac952e172b3,mal_train,1,conti,2afea8912f1b7afa3a4348ef4e027f7a46f4a2ade824196265ea1ac952e172b3,x86,plain,1,
vs,3125aa67fc6e09a00aad39e0eb8024b849d54de353b1a45b5297d4c5d5e87941,mal_train,1,conti,3125aa67fc6e09a00aad39e0eb8024b849d54de353b1a45b5297d4c5d5e87941,x86,plain,1,
vs,3cd91569a21a59a71582397b762633808e0b413c78210ee48cefcffede66f356,mal_train,1,conti,3cd91569a21a59a71582397b762633808e0b413c78210ee48cefcffede66f356,x86,plain,1,
vs,3db6e8df73f12b6a9fa9adb6ad87b017d530a9d736909338042735ed00a9463b,mal_train,1,conti,3db6e8df73f12b6a9fa9adb6ad87b017d530a9d736909338042735ed00a9463b,x86,plain,1,
vs,4f4a33f70099855f5f503716515f388da3a5daa1e2fac59ec6c881e89ef7d072,mal_train,1,conti,4f4a33f70099855f5f503716515f388da3a5daa1e2fac59ec6c881e89ef7d072,x86,packed_other,0,packed_other
vs,5fe77db174a5206b5387e2b86255bd008966b44632925351d9b3983438004eb1,mal_train,1,conti,5fe77db174a5206b5387e2b86255bd008966b44632925351d9b3983438004eb1,x86,plain,1,
vs,6941ae541692b03f44f81bd5517e0ff225e2a57a0897dbb0399417c88ff7418f,mal_train,1,conti,6941ae541692b03f44f81bd5517e0ff225e2a57a0897dbb0399417c88ff7418f,x86,plain,1,
vs,6f7043b24d9b4c30006781402f0cef2543c8f3e9087d79f6bcff43b1418ad21d,mal_train,1,conti,6f7043b24d9b4c30006781402f0cef2543c8f3e9087d79f6bcff43b1418ad21d,x86,plain,1,
vs,704b1f34ab455aa0fdb51d742b887842cdd1f35e9f59f04f236d48aaec56abfc,mal_train,1,conti,704b1f34ab455aa0fdb51d742b887842cdd1f35e9f59f04f236d48aaec56abfc,x86,plain,1,
vs,7c1f7301e0564fff94345804c53da597ab4749c31bbff3f1c8d0786fabc4b4b5,mal_train,1,conti,7c1f7301e0564fff94345804c53da597ab4749c31bbff3f1c8d0786fabc4b4b5,x86,plain,1,
vs,8c731863fb2de1858e64569149b1a0a78e3c25a90a88faf7db6e4c5f088ebe61,mal_train,1,conti,8c731863fb2de1858e64569149b1a0a78e3c25a90a88faf7db6e4c5f088ebe61,x86,plain,1,
vs,a05c8129e607c6d0976d79f69c6a020d15767a9ef3a9c9f1570c5193a7b5b76b,mal_train,1,conti,a05c8129e607c6d0976d79f69c6a020d15767a9ef3a9c9f1570c5193a7b5b76b,x86,plain,1,
vs,a47d7ff36064cab056d56dca4c466b4e98b331e4aed1d7aee2790cb9a94b1793,mal_train,1,conti,a47d7ff36064cab056d56dca4c466b4e98b331e4aed1d7aee2790cb9a94b1793,x86,plain,1,
vs,a5751a46768149c5ddf318fd75afc66b3db28a5b76254ee0d6ae27b21712e266,mal_train,1,conti,a5751a46768149c5ddf318fd75afc66b3db28a5b76254ee0d6ae27b21712e266,x86,plain,1,
vs,a79dcac3753c055d7b46b5ffa27b1b4bb55516180966f20a2878698b81638137,mal_train,1,conti,a79dcac3753c055d7b46b5ffa27b1b4bb55516180966f20a2878698b81638137,x64,plain,1,
vs,af1408a4d276842bea2ff1528fc1d2b93889a1fc4a91c6594fc27af325120da8,mal_train,1,conti,af1408a4d276842bea2ff1528fc1d2b93889a1fc4a91c6594fc27af325120da8,x64,plain,1,
vs,b2d3143d0778a10d5d03bb9e4d2712a980e2a8ec12d47958a8ab4b3192f4bf6a,mal_train,1,conti,b2d3143d0778a10d5d03bb9e4d2712a980e2a8ec12d47958a8ab4b3192f4bf6a,x86,plain,1,
vs,b4d8b085852dda972eb4157cc00d3e25e8fc02e581dfa43f0e052e4f5135767f,mal_train,1,conti,b4d8b085852dda972eb4157cc00d3e25e8fc02e581dfa43f0e052e4f5135767f,x86,plain,1,
vs,bc413e02defccc55f1c9925e9cf4fde4a714db1e06c6e021ddbd4b15cf2613d7,mal_train,1,conti,bc413e02defccc55f1c9925e9cf4fde4a714db1e06c6e021ddbd4b15cf2613d7,x64,plain,1,
vs,c503289716c5b6c581a99953a90bcc2b93f14353658bd931aa83fd55d02624f1,mal_train,1,conti,c503289716c5b6c581a99953a90bcc2b93f14353658bd931aa83fd55d02624f1,x86,plain,1,
vs,cf487bd54e487585cd052e982fd765cbc0d8d164cc21b8635e55475182dadf00,mal_train,1,conti,cf487bd54e487585cd052e982fd765cbc0d8d164cc21b8635e55475182dadf00,x64,plain,1,
vs,e043dea504d025f18f406d9649b64498338f3330ab9cf30e4efe9c0c2c0231df,mal_train,1,conti,e043dea504d025f18f406d9649b64498338f3330ab9cf30e4efe9c0c2c0231df,x86,plain,1,
vs,f0278073fc7f61f547b0580522abc519630041e41782f86af1113ad0242f2da0,mal_train,1,conti,f0278073fc7f61f547b0580522abc519630041e41782f86af1113ad0242f2da0,x86,plain,1,
vs,fa13f5a811e591c79f3207500604455879f34edf6ace61d5e34d54c3a5e8af64,mal_train,1,conti,fa13f5a811e591c79f3207500604455879f34edf6ace61d5e34d54c3a5e8af64,x86,plain,1,
vs,03014ebd23ea5748d944cadd8b2ab3001fea716b877ff537737eee63ee5cfe28,mal_train,1,crylock,03014ebd23ea5748d944cadd8b2ab3001fea716b877ff537737eee63ee5cfe28,x86,plain,1,
vs,04d8109c6c78055d772c01fefe1e5f48a70f2a65535cff17227b5a2c8506b831,mal_train,1,crylock,04d8109c6c78055d772c01fefe1e5f48a70f2a65535cff17227b5a2c8506b831,x86,plain,1,
vs,1e8bafd699de6d5987cfb2fdc138ae15422d8377614107348b905dd0f1bf7d77,mal_train,1,crylock,1e8bafd699de6d5987cfb2fdc138ae15422d8377614107348b905dd0f1bf7d77,x86,plain,1,
vs,4a47769cf06cd353a24bf01392a154fb5c9c97547e63382d1859f6b90448b2ba,mal_train,1,crylock,4a47769cf06cd353a24bf01392a154fb5c9c97547e63382d1859f6b90448b2ba,x86,plain,1,
vs,51e37ed259c5fc897f0f60fe1ddfbcdc0cfdb48fa9e383ead42e05065340ad4a,mal_train,1,crylock,51e37ed259c5fc897f0f60fe1ddfbcdc0cfdb48fa9e383ead42e05065340ad4a,x86,packed_other,0,packed_other
vs,6bc21092f49a473b0fd4d1e1a77ce5d7e97e961334764b606b7014710fb75466,mal_train,1,crylock,6bc21092f49a473b0fd4d1e1a77ce5d7e97e961334764b606b7014710fb75466,x86,plain,1,
vs,77f1ebb5392e31c451ffa322b88e87fc235ba4450033c5987822f2564a0fde9e,mal_train,1,crylock,77f1ebb5392e31c451ffa322b88e87fc235ba4450033c5987822f2564a0fde9e,x86,plain,1,
vs,933d74ff8619fec658ef6c115cc0f0095cef36148922ccddbd7900cbf12afef8,mal_train,1,crylock,933d74ff8619fec658ef6c115cc0f0095cef36148922ccddbd7900cbf12afef8,x86,packed_other,0,packed_other
vs,9484f195618170ec3fa8e8a8d6f8abe0e3c0b360c5767a630d305ef99c92581e,mal_train,1,crylock,9484f195618170ec3fa8e8a8d6f8abe0e3c0b360c5767a630d305ef99c92581e,x86,plain,1,
vs,a962501ea4cd363dd588c948ff8b0ab24aa4132ff58f4a7806af06efa3b791ef,mal_train,1,crylock,a962501ea4cd363dd588c948ff8b0ab24aa4132ff58f4a7806af06efa3b791ef,x86,plain,1,
vs,b12b6892a6bec7d1cec43811e686cc6874988a51f4e64b67c7f5906af40fae26,mal_train,1,crylock,b12b6892a6bec7d1cec43811e686cc6874988a51f4e64b67c7f5906af40fae26,x86,plain,1,
vs,b1ac46470933de2096f95f35116dc3dd2a52b416150b75dc3d5e3ee4d521a09a,mal_train,1,crylock,b1ac46470933de2096f95f35116dc3dd2a52b416150b75dc3d5e3ee4d521a09a,x86,plain,1,
vs,e001f6a5b2d4d2659b010fb5825eb4383e8f415861a244329bc70cfcd18da507,mal_train,1,crylock,e001f6a5b2d4d2659b010fb5825eb4383e8f415861a244329bc70cfcd18da507,x86,plain,1,
vs,e298ac8c4975ff92788ee7049e39b047d0805c2513f7a5ca4b1e98f8b260b923,mal_train,1,crylock,e298ac8c4975ff92788ee7049e39b047d0805c2513f7a5ca4b1e98f8b260b923,x86,plain,1,
vs,ede64c15feef1b185c1a4b5727972c8ad66f7dfe86a095921bf45bf872f8d0dd,mal_train,1,crylock,ede64c15feef1b185c1a4b5727972c8ad66f7dfe86a095921bf45bf872f8d0dd,x86,plain,1,
vs,0715240d1af82c1cea262cde2a286b8b400805dc1f35f49422c7ee39e00f93ce,mal_train,1,cryptowall,0715240d1af82c1cea262cde2a286b8b400805dc1f35f49422c7ee39e00f93ce,x86,plain,1,
vs,192cdcbdec8bdebb7cae89037d6004b4aff2b8264c35a3875fa2d6db104437ca,mal_train,1,cryptowall,192cdcbdec8bdebb7cae89037d6004b4aff2b8264c35a3875fa2d6db104437ca,x86,plain,1,
vs,45317968759d3e37282ceb75149f627d648534c5b4685f6da3966d8f6fca662d,mal_train,1,cryptowall,45317968759d3e37282ceb75149f627d648534c5b4685f6da3966d8f6fca662d,x86,plain,1,
vs,4a27e09aeb42de72b83261f3f920f80ec1f5f8fd875ef9487ee5d6f81f726fe3,mal_train,1,cryptowall,4a27e09aeb42de72b83261f3f920f80ec1f5f8fd875ef9487ee5d6f81f726fe3,x86,packed_other,0,packed_other
vs,546817e28100127124a0368050cbe6ecd1ea7a64c0bdfbef14823bb77404c42b,mal_train,1,cryptowall,546817e28100127124a0368050cbe6ecd1ea7a64c0bdfbef14823bb77404c42b,x86,plain,1,
vs,780372867b02291f280f2e6f3abf2d94402968484e59b3dac49fbbc2ebb6ed89,mal_train,1,cryptowall,780372867b02291f280f2e6f3abf2d94402968484e59b3dac49fbbc2ebb6ed89,x86,plain,1,
vs,b2b12a1c84dd1f3280d69db6adf1b63c10fd90dee220c224512e0bcb8601cf5f,mal_train,1,cryptowall,b2b12a1c84dd1f3280d69db6adf1b63c10fd90dee220c224512e0bcb8601cf5f,x86,plain,1,
vs,d2328d9c7108710581e347aeb5e17b6bee6d8211ca2d00aeff2d18ecfe7ed618,mal_train,1,cryptowall,d2328d9c7108710581e347aeb5e17b6bee6d8211ca2d00aeff2d18ecfe7ed618,x86,plain,1,
vs,ec4cb2623fbc85bc3aabcad5a1ea93966cc2e61c653b993fa5104021cd0f54f1,mal_train,1,cryptowall,ec4cb2623fbc85bc3aabcad5a1ea93966cc2e61c653b993fa5104021cd0f54f1,x86,plain,1,
vs,2723c9b143ef85be072e18f670e06335c45bdb0ba369381f97f96658ae3503b0,mal_train,1,diavol,2723c9b143ef85be072e18f670e06335c45bdb0ba369381f97f96658ae3503b0,x86,plain,1,
vs,79456569b6aba9d00e641ce0067a0b18e4fe69232d6c356201d1ab62ebfe4c8f,mal_train,1,diavol,79456569b6aba9d00e641ce0067a0b18e4fe69232d6c356201d1ab62ebfe4c8f,x86,plain,1,
vs,b3da793a00eebaf8987fe2b759369e3d7ff02d91111c219c707bcb9709357637,mal_train,1,diavol,b3da793a00eebaf8987fe2b759369e3d7ff02d91111c219c707bcb9709357637,x64,plain,1,
vs,10bce0ff6597f347c3cca8363b7c81a8bff52d2ff81245cd1e66a6e11aeb25da,mal_train,1,doejocrypt,10bce0ff6597f347c3cca8363b7c81a8bff52d2ff81245cd1e66a6e11aeb25da,x86,plain,1,
vs,17c5161451b5edd31d903fb020afc7f9f2f130fea8fbd9248e069dde7f80efa3,mal_train,1,doejocrypt,17c5161451b5edd31d903fb020afc7f9f2f130fea8fbd9248e069dde7f80efa3,,bad_pe,0,bad_pe
vs,2b9838da7edb0decd32b086e47a31e8f5733b5981ad8247a2f9508e232589bff,mal_train,1,doejocrypt,2b9838da7edb0decd32b086e47a31e8f5733b5981ad8247a2f9508e232589bff,x86,plain,1,
vs,6834d9f4a9e1888d82c70b72f30ced8aa68c009b55d03efffc94c466fbb3d047,mal_train,1,doejocrypt,6834d9f4a9e1888d82c70b72f30ced8aa68c009b55d03efffc94c466fbb3d047,,bad_pe,0,bad_pe
vs,e044d9f2d0f1260c3f4a543a1e67f33fcac265be114a1b135fd575b860d2b8c6,mal_train,1,doejocrypt,e044d9f2d0f1260c3f4a543a1e67f33fcac265be114a1b135fd575b860d2b8c6,x86,plain,1,
vs,fdec933ca1dd1387d970eeea32ce5d1f87940dfb6a403ab5fc149813726cbd65,mal_train,1,doejocrypt,fdec933ca1dd1387d970eeea32ce5d1f87940dfb6a403ab5fc149813726cbd65,x86,plain,1,
vs,feb3e6d30ba573ba23f3bd1291ca173b7879706d1fe039c34d53a4fdcdf33ede,mal_train,1,doejocrypt,feb3e6d30ba573ba23f3bd1291ca173b7879706d1fe039c34d53a4fdcdf33ede,x86,plain,1,
vs,01f1e82d4c2b04a4652348fb18bb480396db2229c4fd22d2be1ea58e6bf4a570,mal_train,1,dragonforce,01f1e82d4c2b04a4652348fb18bb480396db2229c4fd22d2be1ea58e6bf4a570,x86,plain,1,
vs,1250ba6f25fd60077f698a2617c15f89d58c1867339bfd9ee8ab19ce9943304b,mal_train,1,dragonforce,1250ba6f25fd60077f698a2617c15f89d58c1867339bfd9ee8ab19ce9943304b,x86,plain,1,
vs,1ccf8baf11427fae273ffed587b41c857fa2d8f3d3c6c0ddaa1fe4835f665eba,mal_train,1,dragonforce,1ccf8baf11427fae273ffed587b41c857fa2d8f3d3c6c0ddaa1fe4835f665eba,x86,plain,1,
vs,24e8ef41ead6fc45d9a7ec2c306fd04373eaa93bbae0bd1551a10234574d0e07,mal_train,1,dragonforce,24e8ef41ead6fc45d9a7ec2c306fd04373eaa93bbae0bd1551a10234574d0e07,x86,plain,1,
vs,312ca1a8e35dcf5b80b1526948bd1081fed2293b31d061635e9f048f3fe5eb83,mal_train,1,dragonforce,312ca1a8e35dcf5b80b1526948bd1081fed2293b31d061635e9f048f3fe5eb83,x86,plain,1,
vs,410db536a57c511b0ccac2639e0eb3320f303fc5c90242379ab43364c51ef321,mal_train,1,dragonforce,410db536a57c511b0ccac2639e0eb3320f303fc5c90242379ab43364c51ef321,x86,plain,1,
vs,6782ad0c3efc0d0520dc2088e952c504f6a069c36a0308b88c7daadd600250a9,mal_train,1,dragonforce,6782ad0c3efc0d0520dc2088e952c504f6a069c36a0308b88c7daadd600250a9,x86,plain,1,
vs,70afd8efb34382badead93ae104d958256de6be8054227ccc85fe95d5c5f9db0,mal_train,1,dragonforce,70afd8efb34382badead93ae104d958256de6be8054227ccc85fe95d5c5f9db0,x86,plain,1,
vs,7c67ac6140a6bcf8774be0365cbe8fe10e0bf0cf2918bd734ee4aca77de48c7a,mal_train,1,dragonforce,7c67ac6140a6bcf8774be0365cbe8fe10e0bf0cf2918bd734ee4aca77de48c7a,x86,plain,1,
vs,80e3a04fa68be799b3c91737e1918f8394b250603a231a251524244e4d7f77d9,mal_train,1,dragonforce,80e3a04fa68be799b3c91737e1918f8394b250603a231a251524244e4d7f77d9,x86,plain,1,
vs,822ceefb12b030f2ff28dcda6776addda77b041dbb48d2e3a8c305721f4cc8ef,mal_train,1,dragonforce,822ceefb12b030f2ff28dcda6776addda77b041dbb48d2e3a8c305721f4cc8ef,x86,plain,1,
vs,8a193db0ff08237f63c036d422f52276a4e575476763dc391455ed5b12269c07,mal_train,1,dragonforce,8a193db0ff08237f63c036d422f52276a4e575476763dc391455ed5b12269c07,x86,plain,1,
vs,a399a293cc3f25f6250ebee65e6e60e818831925769d540354275e9ad87bb5bb,mal_train,1,dragonforce,a399a293cc3f25f6250ebee65e6e60e818831925769d540354275e9ad87bb5bb,x86,plain,1,
vs,b10129c175c007148dd4f5aff4d7fb61eb3e4b0ed4897fea6b33e90555f2b845,mal_train,1,dragonforce,b10129c175c007148dd4f5aff4d7fb61eb3e4b0ed4897fea6b33e90555f2b845,x86,plain,1,
vs,b714cb02cfd5d67e1502b45242636ee6b35c1b609072d3082378c50a177df15d,mal_train,1,dragonforce,b714cb02cfd5d67e1502b45242636ee6b35c1b609072d3082378c50a177df15d,x86,plain,1,
vs,b9bba02d18bacc4bc8d9e4f70657d381568075590cc9d0e7590327d854224b32,mal_train,1,dragonforce,b9bba02d18bacc4bc8d9e4f70657d381568075590cc9d0e7590327d854224b32,x86,plain,1,
vs,ba1be94550898eedb10eb73cb5383a2d1050e96ec4df8e0bf680d3e76a9e2429,mal_train,1,dragonforce,ba1be94550898eedb10eb73cb5383a2d1050e96ec4df8e0bf680d3e76a9e2429,x86,plain,1,
vs,c844d02c91d5e6dc293de80085ad2f69b5c44bc46ec9fdaa4e3efbda062c871c,mal_train,1,dragonforce,c844d02c91d5e6dc293de80085ad2f69b5c44bc46ec9fdaa4e3efbda062c871c,x86,plain,1,
vs,d06b5a200292fedcfb4d4aecac32387a2e5b5bb09aaab5199c56bab3031257d6,mal_train,1,dragonforce,d06b5a200292fedcfb4d4aecac32387a2e5b5bb09aaab5199c56bab3031257d6,x86,plain,1,
vs,d4de7d7990114c51056afeedb827d880549d5761aac6bdef0f14cb17c25103b3,mal_train,1,dragonforce,d4de7d7990114c51056afeedb827d880549d5761aac6bdef0f14cb17c25103b3,x86,plain,1,
vs,d626eb0565fac677fdc13fb0555967dc31e600c74fbbd110b744f8e3a59dd3f9,mal_train,1,dragonforce,d626eb0565fac677fdc13fb0555967dc31e600c74fbbd110b744f8e3a59dd3f9,x86,plain,1,
vs,d67a475f72ca65fd1ac5fd3be2f1cce2db78ba074f54dc4c4738d374d0eb19c7,mal_train,1,dragonforce,d67a475f72ca65fd1ac5fd3be2f1cce2db78ba074f54dc4c4738d374d0eb19c7,x86,plain,1,
vs,df5ab9015833023a03f92a797e20196672c1d6525501a9f9a94a45b0904c7403,mal_train,1,dragonforce,df5ab9015833023a03f92a797e20196672c1d6525501a9f9a94a45b0904c7403,x86,plain,1,
vs,f5df98b344242c5eaad1fce421c640fadd71f7f21379d2bf7309001dfeb25972,mal_train,1,dragonforce,f5df98b344242c5eaad1fce421c640fadd71f7f21379d2bf7309001dfeb25972,x86,plain,1,
vs,004a2dc3ec7b98fa7fe6ae9c23a8b051ec30bcfcd2bc387c440c07ff5180fe9a,mal_train,1,egregor,004a2dc3ec7b98fa7fe6ae9c23a8b051ec30bcfcd2bc387c440c07ff5180fe9a,x86,plain,1,
vs,14da004cc96b910fb75abb86df09e318d92f4fb8dda39c8bd6a8e0601b6605d8,mal_train,1,egregor,14da004cc96b910fb75abb86df09e318d92f4fb8dda39c8bd6a8e0601b6605d8,x86,plain,1,
vs,14e547bebaa738b8605ba4182c4379317d121e268f846c0ed3da171375e65fe4,mal_train,1,egregor,14e547bebaa738b8605ba4182c4379317d121e268f846c0ed3da171375e65fe4,x86,plain,1,
vs,2d01c32d51e4bbb986255e402da4624a61b8ae960532fbb7bb0d3b0080cb9946,mal_train,1,egregor,2d01c32d51e4bbb986255e402da4624a61b8ae960532fbb7bb0d3b0080cb9946,x86,plain,1,
vs,2d563dd113a02fdf452544ae2fd7c94162be6db8fb7a287a3474a6ab998159fd,mal_train,1,egregor,2d563dd113a02fdf452544ae2fd7c94162be6db8fb7a287a3474a6ab998159fd,x86,plain,1,
vs,30c18908c6f9b545dafa30edfc24f5fbd808ed69343f701c1f8d6501fe83cbdf,mal_train,1,egregor,30c18908c6f9b545dafa30edfc24f5fbd808ed69343f701c1f8d6501fe83cbdf,x86,plain,1,
vs,319ec80eae65c1d39df27c80b52fe7fe1fadc6e9ceabf72f57d1b29e0467ac02,mal_train,1,egregor,319ec80eae65c1d39df27c80b52fe7fe1fadc6e9ceabf72f57d1b29e0467ac02,x86,plain,1,
vs,3b13b6f1d7cd14dc4a097a12e2e505c0a4cff495262261e2bfc991df238b9b04,mal_train,1,egregor,3b13b6f1d7cd14dc4a097a12e2e505c0a4cff495262261e2bfc991df238b9b04,x86,plain,1,
vs,3fc382ae51ceca3ad6ef5880cdd2d89ef508f368911d3cd41c71a54453004c55,mal_train,1,egregor,3fc382ae51ceca3ad6ef5880cdd2d89ef508f368911d3cd41c71a54453004c55,x86,plain,1,
vs,3fd510a3b2e0b0802d57cd5b1cac1e61797d50a08b87d9b5243becd9e2f7073f,mal_train,1,egregor,3fd510a3b2e0b0802d57cd5b1cac1e61797d50a08b87d9b5243becd9e2f7073f,x86,plain,1,
vs,4139c96d16875d1c3d12c27086775437b26d3c0ebdcdc258fb012d23b9ef8345,mal_train,1,egregor,4139c96d16875d1c3d12c27086775437b26d3c0ebdcdc258fb012d23b9ef8345,x86,plain,1,
vs,42ac07c5175d88d6528cfe3dceacd01834323f10c4af98b1a190d5af7a7bb1cb,mal_train,1,egregor,42ac07c5175d88d6528cfe3dceacd01834323f10c4af98b1a190d5af7a7bb1cb,x86,plain,1,
vs,4c9e3ffda0e663217638e6192a093bbc23cd9ebfbdf6d2fc683f331beaee0321,mal_train,1,egregor,4c9e3ffda0e663217638e6192a093bbc23cd9ebfbdf6d2fc683f331beaee0321,x86,plain,1,
vs,605c2047be7c4a17823ad1fa5c1f94fd105721fce3621dc9148cd3baf352938e,mal_train,1,egregor,605c2047be7c4a17823ad1fa5c1f94fd105721fce3621dc9148cd3baf352938e,x86,plain,1,
vs,6675c204844476dd8ce59ead0eac082754ded599036551526a8e2c509a1407e4,mal_train,1,egregor,6675c204844476dd8ce59ead0eac082754ded599036551526a8e2c509a1407e4,x86,plain,1,
vs,6713403015feb8959093f5d007bcbdbb3be9eec96dd62f517786b67506067251,mal_train,1,egregor,6713403015feb8959093f5d007bcbdbb3be9eec96dd62f517786b67506067251,x86,plain,1,
vs,6a441734b34cdee31a01164140b0c88966fbb4358dcb63a14ae6824f09e9476f,mal_train,1,egregor,6a441734b34cdee31a01164140b0c88966fbb4358dcb63a14ae6824f09e9476f,x86,plain,1,
vs,765327e1dc0888c69c92203d90037c5154db9787f54d3fc8f1097830be8c76ab,mal_train,1,egregor,765327e1dc0888c69c92203d90037c5154db9787f54d3fc8f1097830be8c76ab,x86,plain,1,
vs,7caed5f406445c788543f55af6d98a8bc4f0c104e6a51e2564dd37b6a485cc18,mal_train,1,egregor,7caed5f406445c788543f55af6d98a8bc4f0c104e6a51e2564dd37b6a485cc18,x86,plain,1,
vs,9017c070ad6ac9ac52e361286b3ff24a315f721f488b53b7aaf6ac35de477f44,mal_train,1,egregor,9017c070ad6ac9ac52e361286b3ff24a315f721f488b53b7aaf6ac35de477f44,x86,plain,1,
vs,967422de1acc14deb7e7ce803d86aff44e2652bfcd550e3a34c2e37abc883dee,mal_train,1,egregor,967422de1acc14deb7e7ce803d86aff44e2652bfcd550e3a34c2e37abc883dee,x86,plain,1,
vs,9c900078cc6061fb7ba038ee5c065a45112665f214361d433fc3906bf288e0eb,mal_train,1,egregor,9c900078cc6061fb7ba038ee5c065a45112665f214361d433fc3906bf288e0eb,x86,plain,1,
vs,a376fd507afe8a1b5d377d18436e5701702109ac9d3e7026d19b65a7d313b332,mal_train,1,egregor,a376fd507afe8a1b5d377d18436e5701702109ac9d3e7026d19b65a7d313b332,x86,plain,1,
vs,a5989c480ec6506247325652a1f3cb415934675de3877270ae0f65edd9b14d13,mal_train,1,egregor,a5989c480ec6506247325652a1f3cb415934675de3877270ae0f65edd9b14d13,x86,plain,1,
vs,a9d483c0f021b72a94324562068d8164f8cce0aa8f779faea304669390775436,mal_train,1,egregor,a9d483c0f021b72a94324562068d8164f8cce0aa8f779faea304669390775436,x86,plain,1,
vs,aee131ba1bfc4b6fa1961a7336e43d667086ebd2c7ff81029e14b2bf47d9f3a7,mal_train,1,egregor,aee131ba1bfc4b6fa1961a7336e43d667086ebd2c7ff81029e14b2bf47d9f3a7,x86,plain,1,
vs,af538ab1b8bdfbf5b7f1548d72c0d042eb14d0011d796cab266f0671720abb4d,mal_train,1,egregor,af538ab1b8bdfbf5b7f1548d72c0d042eb14d0011d796cab266f0671720abb4d,x86,plain,1,
vs,c1c4e677b36a2ee6ae858546e727e73cc38c95c9024c724f939178b3c03de906,mal_train,1,egregor,c1c4e677b36a2ee6ae858546e727e73cc38c95c9024c724f939178b3c03de906,x86,plain,1,
vs,01712a5e443efb4aa43ef3f8b38a4245cb0d0c1bf13b8d3ac4207247a44f7ab4,mal_train,1,embargo,01712a5e443efb4aa43ef3f8b38a4245cb0d0c1bf13b8d3ac4207247a44f7ab4,x64,plain,1,
vs,023d722cbbdd04e3db77de7e6e3cfeabcef21ba5b2f04c3f3a33691801dd45eb,mal_train,1,embargo,023d722cbbdd04e3db77de7e6e3cfeabcef21ba5b2f04c3f3a33691801dd45eb,x64,plain,1,
vs,028c5bc3a6e311aabb7b3ef45d377e68023be5980a9ecf01cd852f3a5a394b41,mal_train,1,embargo,028c5bc3a6e311aabb7b3ef45d377e68023be5980a9ecf01cd852f3a5a394b41,x86,plain,1,
vs,0d2619844a3ab68ee18c3a4768b10e6b8aea31143023277883b7ff9f7a9e55ca,mal_train,1,embargo,0d2619844a3ab68ee18c3a4768b10e6b8aea31143023277883b7ff9f7a9e55ca,x64,plain,1,
vs,27a41e375acaa53215d6f5330238720f07b39123d78b3db5b53aa7175fe24dcc,mal_train,1,embargo,27a41e375acaa53215d6f5330238720f07b39123d78b3db5b53aa7175fe24dcc,x64,plain,1,
vs,5b2988629166055e31f783637d272bfa8f74b836621db30e16b7fb9440f979eb,mal_train,1,embargo,5b2988629166055e31f783637d272bfa8f74b836621db30e16b7fb9440f979eb,x86,plain,1,
vs,98cc01dcd4c36c47fc13e4853777ca170c734613564a5a764e4d2541a6924d39,mal_train,1,embargo,98cc01dcd4c36c47fc13e4853777ca170c734613564a5a764e4d2541a6924d39,x86,plain,1,
vs,ebffc9ced2dba66db9aae02c7ccd2759a36c5167df5cd4adb151b20e7eab173c,mal_train,1,embargo,ebffc9ced2dba66db9aae02c7ccd2759a36c5167df5cd4adb151b20e7eab173c,x86,plain,1,
vs,f4ec2dba070a9ecd1dee342329b0cd7caa406cd4995c41b9aab9aea9b73cd06d,mal_train,1,embargo,f4ec2dba070a9ecd1dee342329b0cd7caa406cd4995c41b9aab9aea9b73cd06d,x64,plain,1,
vs,0920bdf257d3e2ad9dd8cdd8dfaec11c84cf20deb7801651bb7bbee68be23b07,mal_train,1,fog,0920bdf257d3e2ad9dd8cdd8dfaec11c84cf20deb7801651bb7bbee68be23b07,x86,plain,1,
vs,09403153fcdb2b700f8b7ab47da7f6e9dfa365d21235a2b8d66080cb76dc62e2,mal_train,1,fog,09403153fcdb2b700f8b7ab47da7f6e9dfa365d21235a2b8d66080cb76dc62e2,x86,plain,1,
vs,100cbf5578cfd03950c8606c6131a85635a8278696d3d64ecb629fa09af449e9,mal_train,1,fog,100cbf5578cfd03950c8606c6131a85635a8278696d3d64ecb629fa09af449e9,x86,upx_unpacked,1,
vs,30a6688899c22a3ce4c1b977fae762e3f7342d776e1aa2c90835e785d42f60c1,mal_train,1,fog,30a6688899c22a3ce4c1b977fae762e3f7342d776e1aa2c90835e785d42f60c1,x86,plain,1,
vs,3ad343a324037250af9aa7409e211d754adb6524c8d443e1f4afcf38e6df092c,mal_train,1,fog,3ad343a324037250af9aa7409e211d754adb6524c8d443e1f4afcf38e6df092c,x86,plain,1,
vs,3d2cbef9be0c48c61a18f0e1dc78501ddabfd7a7663b21c4fcc9c39d48708e91,mal_train,1,fog,3d2cbef9be0c48c61a18f0e1dc78501ddabfd7a7663b21c4fcc9c39d48708e91,x86,plain,1,
vs,44494f7c30d86199c94ce582b269ab1b0f345f362af1f5a4e9eeed63304b4809,mal_train,1,fog,44494f7c30d86199c94ce582b269ab1b0f345f362af1f5a4e9eeed63304b4809,x86,plain,1,
vs,44b7eebf7a26d466f9c7ad4ddb058503f7066aded180ab6d5162197c47780293,mal_train,1,fog,44b7eebf7a26d466f9c7ad4ddb058503f7066aded180ab6d5162197c47780293,x86,plain,1,
vs,44d933ece41417b88fe4961b801c851d7b802d3d5c32bfeba187041b6f675faa,mal_train,1,fog,44d933ece41417b88fe4961b801c851d7b802d3d5c32bfeba187041b6f675faa,x86,plain,1,
vs,4ad9216a0a6ac84a7b0b5593b0fc97e27de9cdfeb84ab7e5339ae5a4102100c0,mal_train,1,fog,4ad9216a0a6ac84a7b0b5593b0fc97e27de9cdfeb84ab7e5339ae5a4102100c0,x86,plain,1,
vs,703d9ded2d69eac83f9e4d1f94b283d01d4592fe4fcf37dfffcb21bedc45a6ab,mal_train,1,fog,703d9ded2d69eac83f9e4d1f94b283d01d4592fe4fcf37dfffcb21bedc45a6ab,x86,plain,1,
vs,805b2f5cab2a4ba6088e6b6f91d6f1f0671c61092b571358969d69ff8c184c30,mal_train,1,fog,805b2f5cab2a4ba6088e6b6f91d6f1f0671c61092b571358969d69ff8c184c30,x86,plain,1,
vs,8e209e4f7f10ca6def27eabf31ecc0dbb809643feaecb8e52c2f194daa0511aa,mal_train,1,fog,8e209e4f7f10ca6def27eabf31ecc0dbb809643feaecb8e52c2f194daa0511aa,x86,plain,1,
vs,9318688cfddd3c7b82252d441ac4319e82ee1bbee260ece63215300a84291abe,mal_train,1,fog,9318688cfddd3c7b82252d441ac4319e82ee1bbee260ece63215300a84291abe,x86,plain,1,
vs,9d29441037295b6a3ab348c6ce9c909a052fca4f7d3f888bdbe626b9da099d73,mal_train,1,fog,9d29441037295b6a3ab348c6ce9c909a052fca4f7d3f888bdbe626b9da099d73,x86,plain,1,
vs,a9a4e89aaae8dc3638e3ca0f277ee37c0f3d14cd89f4972de591a531a6302fdd,mal_train,1,fog,a9a4e89aaae8dc3638e3ca0f277ee37c0f3d14cd89f4972de591a531a6302fdd,x86,plain,1,
vs,b182819bc0e90b4fdf15e886da41923360ed63529a851ef90704f6dbfed2ea8b,mal_train,1,fog,b182819bc0e90b4fdf15e886da41923360ed63529a851ef90704f6dbfed2ea8b,x86,plain,1,
vs,b24680596a9a113f95535f526930b5415382c102cd5753d7392e780cdea0ed63,mal_train,1,fog,b24680596a9a113f95535f526930b5415382c102cd5753d7392e780cdea0ed63,x86,plain,1,
vs,b6c1ee0c0a7b9a88d6cffaf90c950b7e0e96a841cc3e37c5242f6bff2a1c8202,mal_train,1,fog,b6c1ee0c0a7b9a88d6cffaf90c950b7e0e96a841cc3e37c5242f6bff2a1c8202,x86,plain,1,
vs,cf582215a37617a76b80490a80f71cf31324ce354eaf88a54d995e734503fa40,mal_train,1,fog,cf582215a37617a76b80490a80f71cf31324ce354eaf88a54d995e734503fa40,x86,plain,1,
vs,d2bbb856dac5f4a9fda69c5edf720b670d68dd03239988693bcd0469922a0530,mal_train,1,fog,d2bbb856dac5f4a9fda69c5edf720b670d68dd03239988693bcd0469922a0530,x86,upx_unpacked,1,
vs,dc5370e1ab5b26ff04b9e34c6dbb37cf6c600b7ac9a394fd519b547b37a6d2d5,mal_train,1,fog,dc5370e1ab5b26ff04b9e34c6dbb37cf6c600b7ac9a394fd519b547b37a6d2d5,x86,plain,1,
vs,dec35a94e4986765aa69635d02f09f58bfc8756b8fd5e1e9183b26eef0118667,mal_train,1,fog,dec35a94e4986765aa69635d02f09f58bfc8756b8fd5e1e9183b26eef0118667,x86,plain,1,
vs,e0d6b052f2be30d0a4a972015459d12214f72a8a6c615471174e79ebba73cab1,mal_train,1,fog,e0d6b052f2be30d0a4a972015459d12214f72a8a6c615471174e79ebba73cab1,x86,plain,1,
vs,ecfed78315f942fe0e6762acd73ef7f30c34620615ef5e71f899e1d069dabd9e,mal_train,1,fog,ecfed78315f942fe0e6762acd73ef7f30c34620615ef5e71f899e1d069dabd9e,x86,plain,1,
vs,f5b41c20a73171681d050f24bf0714dec318eb42904dfa7a827fd6a59c8089b1,mal_train,1,fog,f5b41c20a73171681d050f24bf0714dec318eb42904dfa7a827fd6a59c8089b1,x86,plain,1,
vs,f8bdd832ce22b529f0eae14e642bb95e990e317707b094a225670a15d5c8ca1f,mal_train,1,fog,f8bdd832ce22b529f0eae14e642bb95e990e317707b094a225670a15d5c8ca1f,x86,plain,1,
vs,f90eed4b7864c8d1af860abd487b58019d919b8be361f67b0dccdc2e36f3729d,mal_train,1,fog,f90eed4b7864c8d1af860abd487b58019d919b8be361f67b0dccdc2e36f3729d,x86,plain,1,
vs,fb9b0a9f0a1c99ae4243eb676a34ac5a53b4512440627ff05357accbdab5aed9,mal_train,1,fog,fb9b0a9f0a1c99ae4243eb676a34ac5a53b4512440627ff05357accbdab5aed9,x86,plain,1,
vs,05ff9a32f9287fd2c16b06a4e3f03742dbbad5fe400b0dcfe53050ab5422334f,mal_train,1,globeimposter,05ff9a32f9287fd2c16b06a4e3f03742dbbad5fe400b0dcfe53050ab5422334f,other,arch_unsupported,0,arch_unsupported
vs,0ec2d75e06ae567716d4297bc2f00fab9f6c5d649d2078abe16a6dabd3cd391d,mal_train,1,globeimposter,0ec2d75e06ae567716d4297bc2f00fab9f6c5d649d2078abe16a6dabd3cd391d,other,arch_unsupported,0,arch_unsupported
vs,1532bba40b917d274d0b3dc2b27c5feacae985ba425f3cffcb5e963e20af5bcb,mal_train,1,globeimposter,1532bba40b917d274d0b3dc2b27c5feacae985ba425f3cffcb5e963e20af5bcb,x86,plain,1,
vs,1c2d5cccca58b469351980895c8a2080c8346de09c2f1ab7a123deb3d3e4a539,mal_train,1,globeimposter,1c2d5cccca58b469351980895c8a2080c8346de09c2f1ab7a123deb3d3e4a539,x86,plain,1,
vs,1c77f2a5897570d2017a9cd70ef3f5b88146abebdad839e741b9daeec4aefffb,mal_train,1,globeimposter,1c77f2a5897570d2017a9cd70ef3f5b88146abebdad839e741b9daeec4aefffb,x86,plain,1,
vs,47a30dd28b7db14409a3cf706854cd27f7f909983789d3530b9ec49dae1387e2,mal_train,1,globeimposter,47a30dd28b7db14409a3cf706854cd27f7f909983789d3530b9ec49dae1387e2,x86,no_exec,0,no_exec
vs,47cfe086857686ad181199a846fd931a6dd561fb99822db72e9c451e33e15c63,mal_train,1,globeimposter,47cfe086857686ad181199a846fd931a6dd561fb99822db72e9c451e33e15c63,other,arch_unsupported,0,arch_unsupported
vs,504f7cd3a853f9a06c501ebeec2a95f8d301430edff425ea8620e103d47d758e,mal_train,1,globeimposter,504f7cd3a853f9a06c501ebeec2a95f8d301430edff425ea8620e103d47d758e,other,arch_unsupported,0,arch_unsupported
vs,5c3ce324ded0942df4b4cbf80cf195263f105daf5c729255c628bb3a4f8ab3de,mal_train,1,globeimposter,5c3ce324ded0942df4b4cbf80cf195263f105daf5c729255c628bb3a4f8ab3de,x86,plain,1,
vs,63396a28b79a7eaa60c384bcb02699398cd3b2b0c14fe9cfaf52b2ffa57798cc,mal_train,1,globeimposter,63396a28b79a7eaa60c384bcb02699398cd3b2b0c14fe9cfaf52b2ffa57798cc,x86,plain,1,
vs,6a223ef6338be0da0a6ef3122cbbcee2dba7cd41fa7403a10797f5953138f554,mal_train,1,globeimposter,6a223ef6338be0da0a6ef3122cbbcee2dba7cd41fa7403a10797f5953138f554,x86,plain,1,
vs,75216960408add421ac158de6f619dbb5bbb55d91346b87b569fc9e197ee6ba9,mal_train,1,globeimposter,75216960408add421ac158de6f619dbb5bbb55d91346b87b569fc9e197ee6ba9,other,arch_unsupported,0,arch_unsupported
vs,7917289fc477adfc13ec816a3aaa9f3f3ef396a6697de08bc993b5b085c06005,mal_train,1,globeimposter,7917289fc477adfc13ec816a3aaa9f3f3ef396a6697de08bc993b5b085c06005,x86,plain,1,
vs,8808e4e220fcda37bdb05b703e86053f88a6ebd68037d37ef89754c459d7ad2b,mal_train,1,globeimposter,8808e4e220fcda37bdb05b703e86053f88a6ebd68037d37ef89754c459d7ad2b,x86,plain,1,
vs,8d12750b1cbcd0b4927d5401621672288333b425ae796147af1e1e3d670f50b1,mal_train,1,globeimposter,8d12750b1cbcd0b4927d5401621672288333b425ae796147af1e1e3d670f50b1,x86,plain,1,
vs,93fd2d3bc51a49491dff17032b34b275fc243fc953ba59ed7b61b9442ffc7daa,mal_train,1,globeimposter,93fd2d3bc51a49491dff17032b34b275fc243fc953ba59ed7b61b9442ffc7daa,x86,plain,1,
vs,9634bf20af12b966691a5da0e23e203ade4d630dd7da54a4bca035f542e40144,mal_train,1,globeimposter,9634bf20af12b966691a5da0e23e203ade4d630dd7da54a4bca035f542e40144,x86,plain,1,
vs,9d3f3db89e771a30c511f90be78c95fe7dbd991a7724b53c0c8e51cf77c1af39,mal_train,1,globeimposter,9d3f3db89e771a30c511f90be78c95fe7dbd991a7724b53c0c8e51cf77c1af39,x86,plain,1,
vs,b228a698ee826b42e19307f2d34c2620819a67a0e98fd2af08aae570b8178cc0,mal_train,1,globeimposter,b228a698ee826b42e19307f2d34c2620819a67a0e98fd2af08aae570b8178cc0,x86,plain,1,
vs,c864a70f78fb972f505ae5b13c0ad984e64c547194beb258926bb4c323fac31d,mal_train,1,globeimposter,c864a70f78fb972f505ae5b13c0ad984e64c547194beb258926bb4c323fac31d,other,arch_unsupported,0,arch_unsupported
vs,ca31a3cac8964691deed3b6a613cca11a83a68f87541934c4c6befb480bf1bb7,mal_train,1,globeimposter,ca31a3cac8964691deed3b6a613cca11a83a68f87541934c4c6befb480bf1bb7,x86,plain,1,
vs,cfd5d9a4e67799f2428c6071dcc13fcf726f49ec3e706f0302b4592a3a0a08f0,mal_train,1,globeimposter,cfd5d9a4e67799f2428c6071dcc13fcf726f49ec3e706f0302b4592a3a0a08f0,other,arch_unsupported,0,arch_unsupported
vs,d16518abb5dc4d76f4f423d02b0b8c99fe5edb89edf3c60ca64ebb2a6879a15e,mal_train,1,globeimposter,d16518abb5dc4d76f4f423d02b0b8c99fe5edb89edf3c60ca64ebb2a6879a15e,x86,plain,1,
vs,d6bb046ae8dc8418fb9c5e3ac71ecf047091ecf7db438a7690a59dae0826d2bf,mal_train,1,globeimposter,d6bb046ae8dc8418fb9c5e3ac71ecf047091ecf7db438a7690a59dae0826d2bf,other,arch_unsupported,0,arch_unsupported
vs,d9135507e8dbcf15a852ec34623ea6b6d633e10032c94f187ef357ba821af893,mal_train,1,globeimposter,d9135507e8dbcf15a852ec34623ea6b6d633e10032c94f187ef357ba821af893,x86,plain,1,
vs,e2f55e8e0244d5c2466213f83eb71b46da60c99daf54b15f3469bf45d8b40420,mal_train,1,globeimposter,e2f55e8e0244d5c2466213f83eb71b46da60c99daf54b15f3469bf45d8b40420,other,arch_unsupported,0,arch_unsupported
vs,f433f2bb54439aef2f42823d954bcd61a7b3e537b220cc7f8028ab49faa5c01b,mal_train,1,globeimposter,f433f2bb54439aef2f42823d954bcd61a7b3e537b220cc7f8028ab49faa5c01b,x86,plain,1,
vs,f46fe1a83f5d560d681d09c2270e8fe0d78cc48bd7d9ef72070fc88152625ce9,mal_train,1,globeimposter,f46fe1a83f5d560d681d09c2270e8fe0d78cc48bd7d9ef72070fc88152625ce9,other,arch_unsupported,0,arch_unsupported
vs,fd71b1ab3e3823ccd88c0f406c30c4386074c36e1c0432e13121550cd655098f,mal_train,1,globeimposter,fd71b1ab3e3823ccd88c0f406c30c4386074c36e1c0432e13121550cd655098f,x86,plain,1,
vs,c984451734c5ce00b12ac43741a59e52cb2e2949c703373e817275b85b8b2f61,mal_train,1,grief,c984451734c5ce00b12ac43741a59e52cb2e2949c703373e817275b85b8b2f61,x86,packed_other,0,packed_other
vs,0b090f1471629e7e852850166eb814c09ace3c88f0c9f5e5ffeb1b9f754875aa,mal_train,1,helldown,0b090f1471629e7e852850166eb814c09ace3c88f0c9f5e5ffeb1b9f754875aa,x86,plain,1,
vs,0bfe25de8c46834e9a7c216f99057d855e272eafafdfef98a6012cecbbdcfabf,mal_train,1,helldown,0bfe25de8c46834e9a7c216f99057d855e272eafafdfef98a6012cecbbdcfabf,x86,plain,1,
vs,3e3fad9888856ce195c9c239ad014074f687ba288c78ef26660be93ddd97289e,mal_train,1,helldown,3e3fad9888856ce195c9c239ad014074f687ba288c78ef26660be93ddd97289e,x86,plain,1,
vs,7731d73e048a351205615821b90ed4f2507abc65acf4d6fe30ecdb211f0b0872,mal_train,1,helldown,7731d73e048a351205615821b90ed4f2507abc65acf4d6fe30ecdb211f0b0872,x86,plain,1,
vs,7cd7c04c62d2a8b4697ceebbe7dd95c910d687e4a6989c1d839117e55c1cafd7,mal_train,1,helldown,7cd7c04c62d2a8b4697ceebbe7dd95c910d687e4a6989c1d839117e55c1cafd7,x86,plain,1,
vs,00e6db8d116020d7dda556e0cdf9e0d4c9e57bb8d566c0e702a23ec679a46b51,mal_train,1,hellokitty,00e6db8d116020d7dda556e0cdf9e0d4c9e57bb8d566c0e702a23ec679a46b51,x86,plain,1,
vs,01bfeed1000907ad1063e513454ee73eecf2d613386e38473640fc5b88ac1090,mal_train,1,hellokitty,01bfeed1000907ad1063e513454ee73eecf2d613386e38473640fc5b88ac1090,x86,plain,1,
vs,03712d5e96fdb8f0e110ffb1f5448e8e963d008de31ed69b77a5f78a5ac25533,mal_train,1,hellokitty,03712d5e96fdb8f0e110ffb1f5448e8e963d008de31ed69b77a5f78a5ac25533,x86,upx_unpacked,1,
vs,0e5f7737704c8f25b2b8157561be54a463057cd4d79c7e016c30a1cf6590a85c,mal_train,1,hellokitty,0e5f7737704c8f25b2b8157561be54a463057cd4d79c7e016c30a1cf6590a85c,x86,plain,1,
vs,10887d13dba1f83ef34e047455a04416d25a83079a7f3798ce3483e0526e3768,mal_train,1,hellokitty,10887d13dba1f83ef34e047455a04416d25a83079a7f3798ce3483e0526e3768,x86,plain,1,
vs,1144d0448fefe26f5b9db7e7a7522c9a46eded3a603daa903052373cecc92b27,mal_train,1,hellokitty,1144d0448fefe26f5b9db7e7a7522c9a46eded3a603daa903052373cecc92b27,x86,plain,1,
vs,170ddf08d3c54ba8eb1d28c24b3ac61cb22f4552c1805546796937bd43267f41,mal_train,1,hellokitty,170ddf08d3c54ba8eb1d28c24b3ac61cb22f4552c1805546796937bd43267f41,x86,plain,1,
vs,184dcab660427b846432e9e20b7d9caa98c0b91d00814f4258f73269d184f907,mal_train,1,hellokitty,184dcab660427b846432e9e20b7d9caa98c0b91d00814f4258f73269d184f907,x86,plain,1,
vs,192acfe0d55eef4c49cb7c803e7130d2f5ecd6bdee446f1c065ea6dee489ea6c,mal_train,1,hellokitty,192acfe0d55eef4c49cb7c803e7130d2f5ecd6bdee446f1c065ea6dee489ea6c,x86,plain,1,
vs,3ae7bedf236d4e53a33f3a3e1e80eae2d93e91b1988da2f7fcb8fde5dcc3a0e9,mal_train,1,hellokitty,3ae7bedf236d4e53a33f3a3e1e80eae2d93e91b1988da2f7fcb8fde5dcc3a0e9,x86,plain,1,
vs,3b64b861af1779df860a1e8d480bbe5b775acee19ca8c3b64c9005d8c64eb327,mal_train,1,hellokitty,3b64b861af1779df860a1e8d480bbe5b775acee19ca8c3b64c9005d8c64eb327,x64,plain,1,
vs,4b082cfa36133e66c3ed8918ed775bd656890c3c7373606d67e0ee9edd6aa3b4,mal_train,1,hellokitty,4b082cfa36133e66c3ed8918ed775bd656890c3c7373606d67e0ee9edd6aa3b4,x86,plain,1,
vs,501487b025f25ddf1ca32deb57a2b4db43ccf6635c1edc74b9cff54ce0e5bcfe,mal_train,1,hellokitty,501487b025f25ddf1ca32deb57a2b4db43ccf6635c1edc74b9cff54ce0e5bcfe,x86,plain,1,
vs,513266fb23782f2bff65b6e8f059c4f4bb99562610c44110c4a463338f91d425,mal_train,1,hellokitty,513266fb23782f2bff65b6e8f059c4f4bb99562610c44110c4a463338f91d425,x86,plain,1,
vs,52dace403e8f9b4f7ea20c0c3565fa11b6953b404a7d49d63af237a57b36fd2a,mal_train,1,hellokitty,52dace403e8f9b4f7ea20c0c3565fa11b6953b404a7d49d63af237a57b36fd2a,x86,plain,1,
vs,7bdb0be5e4c376bbb3533b8872f3ba72b7876ef261b94f6799010f55160d8adb,mal_train,1,hellokitty,7bdb0be5e4c376bbb3533b8872f3ba72b7876ef261b94f6799010f55160d8adb,x86,plain,1,
vs,7be901c5f7ffeb8f99e4f5813c259d0227335680380ed06df03fb836a041cb06,mal_train,1,hellokitty,7be901c5f7ffeb8f99e4f5813c259d0227335680380ed06df03fb836a041cb06,x86,plain,1,
vs,8251fc8739e539c1d7c0ffc93d993a86fc95ffb836422b432c78e6ce107c168a,mal_train,1,hellokitty,8251fc8739e539c1d7c0ffc93d993a86fc95ffb836422b432c78e6ce107c168a,x86,plain,1,
vs,8fb025d59e501a545cae40ef222ca22b5722fdd487cdefb3f2e4b0a8635f9bc2,mal_train,1,hellokitty,8fb025d59e501a545cae40ef222ca22b5722fdd487cdefb3f2e4b0a8635f9bc2,x86,plain,1,
vs,a022e86b2bb3ed6b4a8676be8b1688397b6e15c693e69c5093d8eb04396d2905,mal_train,1,hellokitty,a022e86b2bb3ed6b4a8676be8b1688397b6e15c693e69c5093d8eb04396d2905,x86,plain,1,
vs,a147945635d5bd0fa832c9b55bc3ebcea7a7787e8f89b98a44279f8eddda2a77,mal_train,1,hellokitty,a147945635d5bd0fa832c9b55bc3ebcea7a7787e8f89b98a44279f8eddda2a77,x86,plain,1,
vs,ac23f1970395ff1429dd6738261eb25ad8f695b46a4816056924c8fc97dcec03,mal_train,1,hellokitty,ac23f1970395ff1429dd6738261eb25ad8f695b46a4816056924c8fc97dcec03,x86,plain,1,
vs,af179b093adef005f85ed0c5e9a920381bf0993bd5fd2af393fe6551e3b934b4,mal_train,1,hellokitty,af179b093adef005f85ed0c5e9a920381bf0993bd5fd2af393fe6551e3b934b4,x86,plain,1,
vs,bf417334cd777c5073e2a3f30497aa8fcb16feabdc391d77a59ce23fb4a07d7d,mal_train,1,hellokitty,bf417334cd777c5073e2a3f30497aa8fcb16feabdc391d77a59ce23fb4a07d7d,x86,plain,1,
vs,c7275b4ed6a04bec1e7e1ed3f241dd4b6ce11d230ae06b00d9fb3bbfcd88f752,mal_train,1,hellokitty,c7275b4ed6a04bec1e7e1ed3f241dd4b6ce11d230ae06b00d9fb3bbfcd88f752,x86,upx_unpacked,1,
vs,e22137c5b034e0bf022ee389b607d3e0cffdbb25355918135f1536a7e510442b,mal_train,1,hellokitty,e22137c5b034e0bf022ee389b607d3e0cffdbb25355918135f1536a7e510442b,x86,plain,1,
vs,e94064401b54c399d3f844fdf08f880cb8c5d74c34de9dc28733dd22dabba678,mal_train,1,hellokitty,e94064401b54c399d3f844fdf08f880cb8c5d74c34de9dc28733dd22dabba678,x86,plain,1,
vs,ef614b456ca4eaa8156a895f450577600ad41bd553b4512ae6abf3fb8b5eb04e,mal_train,1,hellokitty,ef614b456ca4eaa8156a895f450577600ad41bd553b4512ae6abf3fb8b5eb04e,x86,plain,1,
vs,efb40400f8e52cc29b9c6758e6d66406d9a8aabc199d5a403ed74b9a71ebca60,mal_train,1,hellokitty,efb40400f8e52cc29b9c6758e6d66406d9a8aabc199d5a403ed74b9a71ebca60,x86,plain,1,
vs,0077e7d6e90ad972b64e90c343c617482f39505deff44ebff99ff49041252dcb,mal_train,1,hive,0077e7d6e90ad972b64e90c343c617482f39505deff44ebff99ff49041252dcb,x86,plain,1,
vs,011c781cef00e6451e27af18a558c3b12fef80f9f49355add6f02b5f900a3e82,mal_train,1,hive,011c781cef00e6451e27af18a558c3b12fef80f9f49355add6f02b5f900a3e82,x64,upx_unpacked,1,
vs,0787ae2c43d3a8d3f69ab3d69692f789e0b4fa27b276e072ca44a82074477e34,mal_train,1,hive,0787ae2c43d3a8d3f69ab3d69692f789e0b4fa27b276e072ca44a82074477e34,x64,plain,1,
vs,08ff371dff7eb8283c675a14af2477eede676756cdd4d2252ee7239140445ec9,mal_train,1,hive,08ff371dff7eb8283c675a14af2477eede676756cdd4d2252ee7239140445ec9,x86,plain,1,
vs,117fc30c25b1f28cd923b530ab9f91a0a818925b0b89b8bc9a7f820a9e630464,mal_train,1,hive,117fc30c25b1f28cd923b530ab9f91a0a818925b0b89b8bc9a7f820a9e630464,x64,plain,1,
vs,12c1faf03d13bcff2c86412ba517f479d43a7030307f37e3af344ec1eb80da42,mal_train,1,hive,12c1faf03d13bcff2c86412ba517f479d43a7030307f37e3af344ec1eb80da42,x64,packed_other,0,packed_other
vs,1ae58396525d6ffc72b14719d1d5aeac7bd2168f5a726aa038fb1d15b3c1bad3,mal_train,1,hive,1ae58396525d6ffc72b14719d1d5aeac7bd2168f5a726aa038fb1d15b3c1bad3,x64,packed_other,0,packed_other
vs,1b8c9e7c150bacd466fbe7f12b39883821f23b67cae0a427a57dc37e5ea4390f,mal_train,1,hive,1b8c9e7c150bacd466fbe7f12b39883821f23b67cae0a427a57dc37e5ea4390f,x64,upx_unpacked,1,
vs,2918ebcbf06f5816d68ababd97c249ba3cf79d4bfab199761d6cfa40c10c1d60,mal_train,1,hive,2918ebcbf06f5816d68ababd97c249ba3cf79d4bfab199761d6cfa40c10c1d60,x64,plain,1,
vs,2f7ab4f79c6c0c2095d1964c414eb28c6e9513d6cfd1c01455c0c373d081290d,mal_train,1,hive,2f7ab4f79c6c0c2095d1964c414eb28c6e9513d6cfd1c01455c0c373d081290d,x64,plain,1,
vs,43d8c0c1c5f1343775230e0a039a141dbec618a1ae0edaa27893274bf189718c,mal_train,1,hive,43d8c0c1c5f1343775230e0a039a141dbec618a1ae0edaa27893274bf189718c,x86,plain,1,
vs,5e6c5a9fda2d20125f6f24e37e8a217a39ff0a5cfddc07ddfdb18049d9ea4597,mal_train,1,hive,5e6c5a9fda2d20125f6f24e37e8a217a39ff0a5cfddc07ddfdb18049d9ea4597,x64,plain,1,
vs,8b6d63b2b7829c89877231c11bbcb8984abab9a344e918780bea6d0cf4632bc5,mal_train,1,hive,8b6d63b2b7829c89877231c11bbcb8984abab9a344e918780bea6d0cf4632bc5,x64,plain,1,
vs,902c65435b6b44cfda1156b0e7c6a30b2785fa4f2cbb9b1944a66f5146ec7aa5,mal_train,1,hive,902c65435b6b44cfda1156b0e7c6a30b2785fa4f2cbb9b1944a66f5146ec7aa5,x64,upx_unpacked,1,
vs,99d32bfd135a2a1575b0f83a31a0ab817a6a4fe329f3e05bebdb73c26f988658,mal_train,1,hive,99d32bfd135a2a1575b0f83a31a0ab817a6a4fe329f3e05bebdb73c26f988658,x64,plain,1,
vs,a14c357821311e9c07a8c025e13f930294e3a2d0363e2f7bd7d37124fa7a5675,mal_train,1,hive,a14c357821311e9c07a8c025e13f930294e3a2d0363e2f7bd7d37124fa7a5675,x64,packed_other,0,packed_other
vs,a738f6016086abdd2824b797ec67feee3bc39d52b0b0ae94bd1384c58ed3d5d6,mal_train,1,hive,a738f6016086abdd2824b797ec67feee3bc39d52b0b0ae94bd1384c58ed3d5d6,x64,upx_unpacked,1,
vs,a945fd22e8f7272ce950721138fedb657dcfdd8447620a840c17688e3f9e0561,mal_train,1,hive,a945fd22e8f7272ce950721138fedb657dcfdd8447620a840c17688e3f9e0561,x64,plain,1,
vs,aca731d34c3e99d07af79847db369409e92e387520e44285608f18877b3a1d79,mal_train,1,hive,aca731d34c3e99d07af79847db369409e92e387520e44285608f18877b3a1d79,x64,plain,1,
vs,b6bad27a3180da1b25abbffa4a0395be46b6ef136c8a38b3978b8c26b2f0d1aa,mal_train,1,hive,b6bad27a3180da1b25abbffa4a0395be46b6ef136c8a38b3978b8c26b2f0d1aa,x86,upx_unpacked,1,
vs,b924bd60cc419ee92e7c55cb20eb5fe43e2a9c440b5d6ed8b78446bbd180795c,mal_train,1,hive,b924bd60cc419ee92e7c55cb20eb5fe43e2a9c440b5d6ed8b78446bbd180795c,x86,plain,1,
vs,be69a27ea4cea45c49e75a0eb57cd503190d08eb97184c492c084a822e29374e,mal_train,1,hive,be69a27ea4cea45c49e75a0eb57cd503190d08eb97184c492c084a822e29374e,x86,plain,1,
vs,bea23a43516196082bad5c47784233b3ee0b4b0217384a74781616dadd84db50,mal_train,1,hive,bea23a43516196082bad5c47784233b3ee0b4b0217384a74781616dadd84db50,x86,upx_unpacked,1,
vs,ca4f64a4b97c079e3835b30d39b8d0ed3dec2994f98e11c3aeb6b3130a00903b,mal_train,1,hive,ca4f64a4b97c079e3835b30d39b8d0ed3dec2994f98e11c3aeb6b3130a00903b,x64,plain,1,
vs,cbdfac8826b8d6eb2c5f01fd617d72a62c63fd4458f10cdd8ce5b16db530dfe7,mal_train,1,hive,cbdfac8826b8d6eb2c5f01fd617d72a62c63fd4458f10cdd8ce5b16db530dfe7,x64,plain,1,
vs,df94511c0c82d8f95689a4a9574081a9f727f027895a4a8fc14acdb4997866bd,mal_train,1,hive,df94511c0c82d8f95689a4a9574081a9f727f027895a4a8fc14acdb4997866bd,x64,plain,1,
vs,f19a795a01ec22eb27174da923ca0721e22baa7f0982059b0e644c76b6154a3f,mal_train,1,hive,f19a795a01ec22eb27174da923ca0721e22baa7f0982059b0e644c76b6154a3f,x86,plain,1,
vs,f8d1e3127dc6b74bcc1ff5c5c147c0f3f8870bae098f2455a89b6162cf2d9e0f,mal_train,1,hive,f8d1e3127dc6b74bcc1ff5c5c147c0f3f8870bae098f2455a89b6162cf2d9e0f,x86,plain,1,
vs,01b57ae9cb77780f0fa2bb06f2eb78bcba188e824811e21f4b2b00d7f6fd7c1d,mal_train,1,hybridpetya,01b57ae9cb77780f0fa2bb06f2eb78bcba188e824811e21f4b2b00d7f6fd7c1d,x86,plain,1,
vs,65f77a21080cb4f151d0df6142a0eb039f6ecdc73346e7eece0f56408b8f4c27,mal_train,1,hybridpetya,65f77a21080cb4f151d0df6142a0eb039f6ecdc73346e7eece0f56408b8f4c27,x86,plain,1,
vs,b949e95160734c2240ed6f330a5586e2a890264ae207df2b2f7209e361b1d239,mal_train,1,hybridpetya,b949e95160734c2240ed6f330a5586e2a890264ae207df2b2f7209e361b1d239,x86,plain,1,
vs,c25e5f72850f5571e312043ad9bc3542e3dfa258d3e913b23900d3e46b998437,mal_train,1,hybridpetya,c25e5f72850f5571e312043ad9bc3542e3dfa258d3e913b23900d3e46b998437,x86,packed_other,0,packed_other
vs,c75a0c76dd7cd7f364421b9b13bd2d7c4a0778bfc2a4e85e54283d75e91ae65c,mal_train,1,hybridpetya,c75a0c76dd7cd7f364421b9b13bd2d7c4a0778bfc2a4e85e54283d75e91ae65c,x86,plain,1,
vs,ccdad8f0f97fc54d7d568414364887dcbe57299257305994ea187c43a7c040a8,mal_train,1,hybridpetya,ccdad8f0f97fc54d7d568414364887dcbe57299257305994ea187c43a7c040a8,x86,plain,1,
vs,f3cc228437d4bcad020da7c4c224d39b77bb966fade73f20b121d78bcc66ef0a,mal_train,1,hybridpetya,f3cc228437d4bcad020da7c4c224d39b77bb966fade73f20b121d78bcc66ef0a,x86,plain,1,
vs,0fff8fb05cee8dc4a4f7a8f23fa2d67571f360a3025b6d515f9ef37dfdb4e2ea,mal_train,1,interlock,0fff8fb05cee8dc4a4f7a8f23fa2d67571f360a3025b6d515f9ef37dfdb4e2ea,x64,plain,1,
vs,33dc991e61ba714812aa536821b073e4274951a1e4a9bc68f71a802d034f4fb9,mal_train,1,interlock,33dc991e61ba714812aa536821b073e4274951a1e4a9bc68f71a802d034f4fb9,x64,plain,1,
vs,39539766ae8f5256e6f21d853b8b7ea8f003d29f6d7cd57d1ecb621dc2b97c89,mal_train,1,interlock,39539766ae8f5256e6f21d853b8b7ea8f003d29f6d7cd57d1ecb621dc2b97c89,x64,plain,1,
vs,45a323e010ea6d5b54d2859112925360174507ea3dc039d02ac6680b6aabd073,mal_train,1,interlock,45a323e010ea6d5b54d2859112925360174507ea3dc039d02ac6680b6aabd073,x64,plain,1,
vs,4a97599ff5823166112d9221d0e824af7896f6ca40cd3948ec129533787a3ea9,mal_train,1,interlock,4a97599ff5823166112d9221d0e824af7896f6ca40cd3948ec129533787a3ea9,x86,plain,1,
vs,5c5598f7fb5bab3e2c18216764dbbff019f7f19d3801083e8fbf638ba02c6bca,mal_train,1,interlock,5c5598f7fb5bab3e2c18216764dbbff019f7f19d3801083e8fbf638ba02c6bca,x64,plain,1,
vs,8251186b3196e3fefb0dbfcf71dfccc2c1cd66515686c9af8a6fb48766c739c6,mal_train,1,interlock,8251186b3196e3fefb0dbfcf71dfccc2c1cd66515686c9af8a6fb48766c739c6,x64,plain,1,
vs,85a18f6e3b67c2ebfa27e559515140171348085a4929f95531df15edccd3c4d8,mal_train,1,interlock,85a18f6e3b67c2ebfa27e559515140171348085a4929f95531df15edccd3c4d8,x64,plain,1,
vs,a26f0a2da63a838161a7d335aaa5e4b314a232acc15dcabdb6f6dbec63cda642,mal_train,1,interlock,a26f0a2da63a838161a7d335aaa5e4b314a232acc15dcabdb6f6dbec63cda642,x64,plain,1,
vs,b85586f95412bc69f3dceb0539f27c79c74e318b249554f0eace45f3f073c039,mal_train,1,interlock,b85586f95412bc69f3dceb0539f27c79c74e318b249554f0eace45f3f073c039,x64,plain,1,
vs,c9920e995fbc98cd3883ef4c4520300d5e82bab5d2a5c781e9e9fe694a43e82f,mal_train,1,interlock,c9920e995fbc98cd3883ef4c4520300d5e82bab5d2a5c781e9e9fe694a43e82f,x64,plain,1,
vs,dae299469d2d2f836d56b8f8f0a13bd03ba9e6e52e3c9bcddf2c7e1db62e49cf,mal_train,1,interlock,dae299469d2d2f836d56b8f8f0a13bd03ba9e6e52e3c9bcddf2c7e1db62e49cf,x64,plain,1,
vs,f02622129e7774b7673e2a9f62bb4a208d4a142b5d925532c7920481549bd07b,mal_train,1,interlock,f02622129e7774b7673e2a9f62bb4a208d4a142b5d925532c7920481549bd07b,x64,plain,1,
vs,3ae96f73d805e1d3995253db4d910300d8442ea603737a1428b613061e7f61e7,mal_train,1,jigsaw,3ae96f73d805e1d3995253db4d910300d8442ea603737a1428b613061e7f61e7,x86,dotnet,0,dotnet
vs,55802196927754c446ae6bb3596f922b312ab19af8db8270a175c7dcfd286325,mal_train,1,jigsaw,55802196927754c446ae6bb3596f922b312ab19af8db8270a175c7dcfd286325,x64,dotnet,0,dotnet
vs,6c6c416e7f5f748b6369b4eee9212932740124e375439222cdc649fb2d63d7e5,mal_train,1,jigsaw,6c6c416e7f5f748b6369b4eee9212932740124e375439222cdc649fb2d63d7e5,x86,dotnet,0,dotnet
vs,6c6d2bc2d895c9e0b8946c0d1ad5611632e479eecb481031e5f3744e1a6f65b0,mal_train,1,jigsaw,6c6d2bc2d895c9e0b8946c0d1ad5611632e479eecb481031e5f3744e1a6f65b0,x64,dotnet,0,dotnet
vs,7b2314d6af6b3df7723dbd88439b29fb990e8133cba441c76b9683b68a5adfd1,mal_train,1,jigsaw,7b2314d6af6b3df7723dbd88439b29fb990e8133cba441c76b9683b68a5adfd1,x64,dotnet,0,dotnet
vs,9c748a69c48b79e6422b3bea1766e415de5532cb7ba2b9673d5a51163e6c1df2,mal_train,1,jigsaw,9c748a69c48b79e6422b3bea1766e415de5532cb7ba2b9673d5a51163e6c1df2,x86,plain,1,
vs,df049efbfa7ac0b76c8daff5d792c550c7a7a24f6e9e887d01a01013c9caa763,mal_train,1,jigsaw,df049efbfa7ac0b76c8daff5d792c550c7a7a24f6e9e887d01a01013c9caa763,x86,plain,1,
vs,e2e85ffb029036a3449da8f65275ccfb9e77832a6085c5c26d6726dfda47a048,mal_train,1,jigsaw,e2e85ffb029036a3449da8f65275ccfb9e77832a6085c5c26d6726dfda47a048,x64,dotnet,0,dotnet
vs,f32a14e2a7a2510862c04fdc2e9ae97bb4f444d33dc5394360ad3402548bf687,mal_train,1,jigsaw,f32a14e2a7a2510862c04fdc2e9ae97bb4f444d33dc5394360ad3402548bf687,x86,dotnet,0,dotnet
vs,0701df6ec96aaea2af21707445fdfd8812dd8b7c7e695b920eedca205518826c,mal_train,1,knightcrypt,0701df6ec96aaea2af21707445fdfd8812dd8b7c7e695b920eedca205518826c,x64,plain,1,
vs,08d8bd49d5248a1ceca14cd69f327f6685dbc44887aab5a14eb79c71baa123c1,mal_train,1,knightcrypt,08d8bd49d5248a1ceca14cd69f327f6685dbc44887aab5a14eb79c71baa123c1,x64,plain,1,
vs,1341bd6193ea223c05566aaca13fc1152732b67af8344519d6efaaf9ab6ed5f4,mal_train,1,knightcrypt,1341bd6193ea223c05566aaca13fc1152732b67af8344519d6efaaf9ab6ed5f4,x64,plain,1,
vs,167678eb9daa2376bd805069fac69c42b0ad0c6f70b9d644161970c1770c117f,mal_train,1,knightcrypt,167678eb9daa2376bd805069fac69c42b0ad0c6f70b9d644161970c1770c117f,x64,plain,1,
vs,3bd52cefc9d88c5292275729ca096c131a5db8c77ec142493a066623270cb782,mal_train,1,knightcrypt,3bd52cefc9d88c5292275729ca096c131a5db8c77ec142493a066623270cb782,x64,plain,1,
vs,3fbedfb9ae1e9bcef7983491124e3a50937f9c5209b7cfc2614197a2e8045cfb,mal_train,1,knightcrypt,3fbedfb9ae1e9bcef7983491124e3a50937f9c5209b7cfc2614197a2e8045cfb,x64,plain,1,
vs,554990b8636baf5af393d52ce85150a8b263b9c5fb214bc0e69a1b032ee8f3ae,mal_train,1,knightcrypt,554990b8636baf5af393d52ce85150a8b263b9c5fb214bc0e69a1b032ee8f3ae,x64,plain,1,
vs,5c0f3de1254bcad7f457ad1898df2fdbe44dc964b5e92fba125c19888481da75,mal_train,1,knightcrypt,5c0f3de1254bcad7f457ad1898df2fdbe44dc964b5e92fba125c19888481da75,x64,plain,1,
vs,5ebc114af099dbf4ce24cd2cad3e5ab783383d2217520e162fcc21feca88d3b9,mal_train,1,knightcrypt,5ebc114af099dbf4ce24cd2cad3e5ab783383d2217520e162fcc21feca88d3b9,x64,plain,1,
vs,5ed4dfb7da504438688d779092a717cb2426ee88bc4f0ee588b3e989b7567dff,mal_train,1,knightcrypt,5ed4dfb7da504438688d779092a717cb2426ee88bc4f0ee588b3e989b7567dff,x64,plain,1,
vs,61bb91bc554d9b849cbd670669365bc5a58a8c5f9a0f530b8ed9a4b8f0968186,mal_train,1,knightcrypt,61bb91bc554d9b849cbd670669365bc5a58a8c5f9a0f530b8ed9a4b8f0968186,x64,plain,1,
vs,66871cebfa92f04476679fb3b00a125f7eb43ea35cfb8b187b4aa2bbd0230c10,mal_train,1,knightcrypt,66871cebfa92f04476679fb3b00a125f7eb43ea35cfb8b187b4aa2bbd0230c10,x64,plain,1,
vs,6ae637c07dea5f9186ac3e6090664fdbcf8523fe82a8a94d70ca2cf69db630e1,mal_train,1,knightcrypt,6ae637c07dea5f9186ac3e6090664fdbcf8523fe82a8a94d70ca2cf69db630e1,x64,plain,1,
vs,7aa4903001e55982d11c76c178d9006aaaf137c5a941067cc6bf1b91edde62a1,mal_train,1,knightcrypt,7aa4903001e55982d11c76c178d9006aaaf137c5a941067cc6bf1b91edde62a1,x64,plain,1,
vs,a2c654357d790d7c4cec619de951649db31ecdb63935f38b11bb37f983ff58de,mal_train,1,knightcrypt,a2c654357d790d7c4cec619de951649db31ecdb63935f38b11bb37f983ff58de,x64,plain,1,
vs,b6064f6936f72d1312f40f86f0cb889c6d0477c20f59c6c96c385c6287f701f7,mal_train,1,knightcrypt,b6064f6936f72d1312f40f86f0cb889c6d0477c20f59c6c96c385c6287f701f7,x64,plain,1,
vs,bb65532e8a52e282d98938031c0d75155082933524924d01de4246e12690cf9c,mal_train,1,knightcrypt,bb65532e8a52e282d98938031c0d75155082933524924d01de4246e12690cf9c,x64,plain,1,
vs,c42ad519510936f14ab46fbad53606db8132ea52a11e3fc8d111fbccc7d9ab5a,mal_train,1,knightcrypt,c42ad519510936f14ab46fbad53606db8132ea52a11e3fc8d111fbccc7d9ab5a,x64,plain,1,
vs,dbf9cc65461c7bc650938156d3751d4ae0ce4312d3899f747e590767c0ef0408,mal_train,1,knightcrypt,dbf9cc65461c7bc650938156d3751d4ae0ce4312d3899f747e590767c0ef0408,x64,plain,1,
vs,e62d6e57a7ab153771d9c550062cc67f6d5befcc52286bd6f1543201f7088acd,mal_train,1,knightcrypt,e62d6e57a7ab153771d9c550062cc67f6d5befcc52286bd6f1543201f7088acd,x64,plain,1,
vs,eedda61d02d8bd0e145a07e6048621fc84f420376e6cda2616c2d77d4fd4fe18,mal_train,1,knightcrypt,eedda61d02d8bd0e145a07e6048621fc84f420376e6cda2616c2d77d4fd4fe18,x64,plain,1,
vs,f2571431c9d8e87081816d46cda9bde8d98b081056fdc2114e88cbad2d544cec,mal_train,1,knightcrypt,f2571431c9d8e87081816d46cda9bde8d98b081056fdc2114e88cbad2d544cec,x64,plain,1,
vs,b639e26a0f0354515870ee167ae46fdd9698c2f0d405ad8838e2e024eb282e39,mal_train,1,kraken,b639e26a0f0354515870ee167ae46fdd9698c2f0d405ad8838e2e024eb282e39,x86,dotnet,0,dotnet
vs,172dbb4029b78c3fdbc7840ac539c78cfef0c25f95228ca58bcae053df2da2da,mal_train,1,legionlocker,172dbb4029b78c3fdbc7840ac539c78cfef0c25f95228ca58bcae053df2da2da,x86,packed_other,0,packed_other
vs,188b2408a0b511905428f95eacc3b60f5c9db195fa8493891baf3db8a4de1e99,mal_train,1,legionlocker,188b2408a0b511905428f95eacc3b60f5c9db195fa8493891baf3db8a4de1e99,x86,dotnet,0,dotnet
vs,369a4f163bf5552d238f52607c828c105645d29d6f2446363cdfec118f9ea412,mal_train,1,legionlocker,369a4f163bf5552d238f52607c828c105645d29d6f2446363cdfec118f9ea412,x86,packed_other,0,packed_other
vs,4cfb6842146846fca052d82cc0f80e23c3a7b23bd5958aecfa6a21e28825a1f0,mal_train,1,legionlocker,4cfb6842146846fca052d82cc0f80e23c3a7b23bd5958aecfa6a21e28825a1f0,x86,packed_other,0,packed_other
vs,a09ce48399c1819d7f6f78cebe566fdb7ef54e80a567110aa54c8142d6e1d5c2,mal_train,1,legionlocker,a09ce48399c1819d7f6f78cebe566fdb7ef54e80a567110aa54c8142d6e1d5c2,x86,packed_other,0,packed_other
vs,b43853b0cf911db59117c70e34e373c47235ceff58f226d2bb72abb5f0c49416,mal_train,1,legionlocker,b43853b0cf911db59117c70e34e373c47235ceff58f226d2bb72abb5f0c49416,x86,dotnet,0,dotnet
vs,b4f9bf7078efed284561ab4c4a67474b187e34f920b0cbe0214a3b467f8d81ed,mal_train,1,legionlocker,b4f9bf7078efed284561ab4c4a67474b187e34f920b0cbe0214a3b467f8d81ed,x86,packed_other,0,packed_other
vs,bc016ebc1751fe99de886be19c2c3e0baefe69cb046b10838cb15bcff3c7e603,mal_train,1,legionlocker,bc016ebc1751fe99de886be19c2c3e0baefe69cb046b10838cb15bcff3c7e603,x86,dotnet,0,dotnet
vs,c7c2bb08529df1ea16244dfed79a60c039426c69823ee24731213011460ee82d,mal_train,1,legionlocker,c7c2bb08529df1ea16244dfed79a60c039426c69823ee24731213011460ee82d,x86,packed_other,0,packed_other
vs,d07c227a7d73abe3eb7da6c7f23f5de256be3b1a610a7f620ca64e4f7410f04e,mal_train,1,legionlocker,d07c227a7d73abe3eb7da6c7f23f5de256be3b1a610a7f620ca64e4f7410f04e,x86,dotnet,0,dotnet
vs,111093146452b46071976d594172bc81d66427651f5f4cc244ddad9b3eae5c7d,mal_train,1,lockbit,111093146452b46071976d594172bc81d66427651f5f4cc244ddad9b3eae5c7d,x86,plain,1,
vs,19f7d53c4a9ba784fd4c64a06fc6a88caf5a4d9913341a625582d51b1c095ba0,mal_train,1,lockbit,19f7d53c4a9ba784fd4c64a06fc6a88caf5a4d9913341a625582d51b1c095ba0,x86,plain,1,
vs,1c2a51daa50a0489a8734d3577b43bcaf78f32ab34a404d2f6026af5ed33cd5b,mal_train,1,lockbit,1c2a51daa50a0489a8734d3577b43bcaf78f32ab34a404d2f6026af5ed33cd5b,x86,plain,1,
vs,27389c160ceee51ca1f2b111ca8b221dc75b71cc699789da65802dce082dfbb4,mal_train,1,lockbit,27389c160ceee51ca1f2b111ca8b221dc75b71cc699789da65802dce082dfbb4,x86,plain,1,
vs,442f78f823663cea5da451a9710ece34dbbb29d61985381e6393f6ea1219466b,mal_train,1,lockbit,442f78f823663cea5da451a9710ece34dbbb29d61985381e6393f6ea1219466b,x86,plain,1,
vs,6375e7e4c7cdc3f96afd991c4dfedd5cdfe4b31bf0662dccfa703c117e951f71,mal_train,1,lockbit,6375e7e4c7cdc3f96afd991c4dfedd5cdfe4b31bf0662dccfa703c117e951f71,x86,plain,1,
vs,74437ac6c9f630c52c7e230d57d38c4cbc3affb3bec9215f090a0e3dca8e9d78,mal_train,1,lockbit,74437ac6c9f630c52c7e230d57d38c4cbc3affb3bec9215f090a0e3dca8e9d78,x86,plain,1,
vs,7785a14e0b0a09fe2098bc31dae44ce3b3a70854d682316c1bf19b8637dd4056,mal_train,1,lockbit,7785a14e0b0a09fe2098bc31dae44ce3b3a70854d682316c1bf19b8637dd4056,x86,plain,1,
vs,82f27070eeed223bcc645b1ae47aa9309ef353c1cf5b79141b712ab36e5c55ba,mal_train,1,lockbit,82f27070eeed223bcc645b1ae47aa9309ef353c1cf5b79141b712ab36e5c55ba,x86,plain,1,
vs,8958d7b8c51215d6a27444b2760f1ce843a414d380052e6e71c2af6e9ab69ce2,mal_train,1,lockbit,8958d7b8c51215d6a27444b2760f1ce843a414d380052e6e71c2af6e9ab69ce2,x86,plain,1,
vs,8b13802f1e7b60cbd1e0a120ec41dcdae659712b0cff79188c176c7a55e67e59,mal_train,1,lockbit,8b13802f1e7b60cbd1e0a120ec41dcdae659712b0cff79188c176c7a55e67e59,x86,plain,1,
vs,8d62edc1873f8a8b8415bb56d572786a96bd337eaafcf3dbd7666ba4442553fb,mal_train,1,lockbit,8d62edc1873f8a8b8415bb56d572786a96bd337eaafcf3dbd7666ba4442553fb,x86,plain,1,
vs,98900768d564c6962981edde2759889fdda11bb1113c851468e5c40ddafe1d4d,mal_train,1,lockbit,98900768d564c6962981edde2759889fdda11bb1113c851468e5c40ddafe1d4d,x86,packed_other,0,packed_other
vs,a5e6df754a4d3bb72f4d5c91d6b582e7e2c2f87ca838f5d976bc82384a5ad2d1,mal_train,1,lockbit,a5e6df754a4d3bb72f4d5c91d6b582e7e2c2f87ca838f5d976bc82384a5ad2d1,x86,plain,1,
vs,a95000278cb1a755177d270dcfbf214cb73b5a410408345a18ec51b628ff7efa,mal_train,1,lockbit,a95000278cb1a755177d270dcfbf214cb73b5a410408345a18ec51b628ff7efa,x86,plain,1,
vs,acfe3f344edfbd4f62f2e28ff96bb3c62b589ab895990ee2498a33280442c0b3,mal_train,1,lockbit,acfe3f344edfbd4f62f2e28ff96bb3c62b589ab895990ee2498a33280442c0b3,x86,plain,1,
vs,af93184558add5c5f7c3551e94f2fbecde5aeba5141be7d29f4577b67551a35a,mal_train,1,lockbit,af93184558add5c5f7c3551e94f2fbecde5aeba5141be7d29f4577b67551a35a,x64,plain,1,
vs,b9d3d54532bcc21e9b05754ae0a2f81df5434e4dfd1fcbc840e5466ca38d3060,mal_train,1,lockbit,b9d3d54532bcc21e9b05754ae0a2f81df5434e4dfd1fcbc840e5466ca38d3060,x86,plain,1,
vs,cc58dcd32a440e7f95d19b653a55c1e2c383efc2bd19443238dd3008c1cbe147,mal_train,1,lockbit,cc58dcd32a440e7f95d19b653a55c1e2c383efc2bd19443238dd3008c1cbe147,x86,packed_other,0,packed_other
vs,cea3e8a3e541ae4c928c3cd33f6772f1a69746393ac1a5c4575379a09a92d1e1,mal_train,1,lockbit,cea3e8a3e541ae4c928c3cd33f6772f1a69746393ac1a5c4575379a09a92d1e1,x86,plain,1,
vs,dc2f69fcc0ee9a810e269948a3c8ed0d157faaad98b9bec2becba6735a728fe2,mal_train,1,lockbit,dc2f69fcc0ee9a810e269948a3c8ed0d157faaad98b9bec2becba6735a728fe2,x86,plain,1,
vs,ea61537e950260b9375b55563364068b0f05ffc48ca9864480d2bc04abc49ca8,mal_train,1,lockbit,ea61537e950260b9375b55563364068b0f05ffc48ca9864480d2bc04abc49ca8,x86,plain,1,
vs,f3e891a2a39dd948cd85e1c8335a83e640d0987dbd48c16001a02f6b7c1733ae,mal_train,1,lockbit,f3e891a2a39dd948cd85e1c8335a83e640d0987dbd48c16001a02f6b7c1733ae,x86,plain,1,
vs,f7c432afe20c31ddd75dbb214f1b7aaeb400d9d17da6d9e3c0d7cf1dd38bf524,mal_train,1,lockbit,f7c432afe20c31ddd75dbb214f1b7aaeb400d9d17da6d9e3c0d7cf1dd38bf524,x86,packed_other,0,packed_other
vs,fef1f9664fde9b23754c691b15a05fdc35a51a0ceb8a18fb9a5a0166e6377c69,mal_train,1,lockbit,fef1f9664fde9b23754c691b15a05fdc35a51a0ceb8a18fb9a5a0166e6377c69,x86,plain,1,
vs,0ba324337b1d76a5afc26956d4dc9f57786483230112eaead5b5c92022c089c7,mal_train,1,lockfile,0ba324337b1d76a5afc26956d4dc9f57786483230112eaead5b5c92022c089c7,x86,dotnet,0,dotnet
vs,0d18c704049700efd1353055b604072d94bcc3e5f4aa558adf8b8f8848330644,mal_train,1,lockfile,0d18c704049700efd1353055b604072d94bcc3e5f4aa558adf8b8f8848330644,x64,plain,1,
vs,2a23fac4cfa697cc738d633ec00f3fbe93ba22d2498f14dea08983026fdf128a,mal_train,1,lockfile,2a23fac4cfa697cc738d633ec00f3fbe93ba22d2498f14dea08983026fdf128a,x64,upx_unpacked,1,
vs,2b7ffe47b3fabf81a76386ee953d281aeaa158f4926896fcc1425c3844e73597,mal_train,1,lockfile,2b7ffe47b3fabf81a76386ee953d281aeaa158f4926896fcc1425c3844e73597,x64,plain,1,
vs,3303a19789a73fa70a107f8e35a4ce10bb4f6a69ac041a1947481ed8ae99a11c,mal_train,1,lockfile,3303a19789a73fa70a107f8e35a4ce10bb4f6a69ac041a1947481ed8ae99a11c,x64,plain,1,
vs,354a362811b8917bd7245cdd43fe12de9ca3f5f6afe5a2ec97eec81c400a4101,mal_train,1,lockfile,354a362811b8917bd7245cdd43fe12de9ca3f5f6afe5a2ec97eec81c400a4101,x64,plain,1,
vs,47b85abee8a07e79ad95f48a3e3addf7235144b67b0350e2f9ac80e66f97e583,mal_train,1,lockfile,47b85abee8a07e79ad95f48a3e3addf7235144b67b0350e2f9ac80e66f97e583,x86,dotnet,0,dotnet
vs,61423a95146d5fca47859e43d037944edb32f2004d86e14c7a522270bde6e2a8,mal_train,1,lockfile,61423a95146d5fca47859e43d037944edb32f2004d86e14c7a522270bde6e2a8,x64,plain,1,
vs,ed834722111782b2931e36cfa51b38852c813e3d7a4d16717f59c1d037b62291,mal_train,1,lockfile,ed834722111782b2931e36cfa51b38852c813e3d7a4d16717f59c1d037b62291,x86,plain,1,
vs,0239a0ffbfd6198ec9fd73a9cac589942939328402884d6d7e03abb5f9e41850,mal_train,1,locky,0239a0ffbfd6198ec9fd73a9cac589942939328402884d6d7e03abb5f9e41850,x86,plain,1,
vs,0fe7d733494aeb44ed3dd48f78e3e48f9714fa807f9a09a92cfafa3dc9d6495f,mal_train,1,locky,0fe7d733494aeb44ed3dd48f78e3e48f9714fa807f9a09a92cfafa3dc9d6495f,x86,plain,1,
vs,17c3d74e3c0645edb4b5145335b342d2929c92dff856cca1a5e79fa5d935fec2,mal_train,1,locky,17c3d74e3c0645edb4b5145335b342d2929c92dff856cca1a5e79fa5d935fec2,x86,plain,1,
vs,3329641a171508fa6b1ad7674b31431093d46be190d1a51acd77e486f42d9c8e,mal_train,1,locky,3329641a171508fa6b1ad7674b31431093d46be190d1a51acd77e486f42d9c8e,x86,packed_other,0,packed_other
vs,390ed1dde4ff03adfcf67c59ee02567ac5665bb5e029eaebf0332bc81e4d1891,mal_train,1,locky,390ed1dde4ff03adfcf67c59ee02567ac5665bb5e029eaebf0332bc81e4d1891,x86,plain,1,
vs,4bef307f6ffd4f7335adc9a72258c1c196ff2f55b5d422e12505ffcd916b993a,mal_train,1,locky,4bef307f6ffd4f7335adc9a72258c1c196ff2f55b5d422e12505ffcd916b993a,x86,plain,1,
vs,91eb391fb81353b7bc4794d525997a5dfdbb1d5f1e7e3582e52f8c678adfb900,mal_train,1,locky,91eb391fb81353b7bc4794d525997a5dfdbb1d5f1e7e3582e52f8c678adfb900,x86,plain,1,
vs,a6b93a36b226140c0048811bc07bda4377484857c3207bc37d3b8880da5c6740,mal_train,1,locky,a6b93a36b226140c0048811bc07bda4377484857c3207bc37d3b8880da5c6740,x86,plain,1,
vs,afec2b2af3ace2c478382f9366f6cbc9b9579f2c9a4273150fc33a2ccd59284c,mal_train,1,locky,afec2b2af3ace2c478382f9366f6cbc9b9579f2c9a4273150fc33a2ccd59284c,x86,plain,1,
vs,cfaf5c17b24af5463975daa676da4291e58ea80e9497df62e2dca2abda0ed681,mal_train,1,locky,cfaf5c17b24af5463975daa676da4291e58ea80e9497df62e2dca2abda0ed681,x86,plain,1,
vs,d1dcf4c2165f3cf5729ba76e1ee80f4709d8e7eca7a6c29ceffc5fc6b09660fe,mal_train,1,locky,d1dcf4c2165f3cf5729ba76e1ee80f4709d8e7eca7a6c29ceffc5fc6b09660fe,x86,plain,1,
vs,dbb929b5989d63731106f2fc8239debdd23e888d3713ba836b1b357be48e0fb5,mal_train,1,locky,dbb929b5989d63731106f2fc8239debdd23e888d3713ba836b1b357be48e0fb5,x86,plain,1,
vs,e1de0531f3954d365af908d2789d453fb12480199fd9bd06a58651f90d926afe,mal_train,1,locky,e1de0531f3954d365af908d2789d453fb12480199fd9bd06a58651f90d926afe,x86,plain,1,
vs,f2c9ae3735430b930a81148c0bb470fcb733e456a2a942f859a1b59c4a7b2150,mal_train,1,locky,f2c9ae3735430b930a81148c0bb470fcb733e456a2a942f859a1b59c4a7b2150,x86,plain,1,
vs,f329ea2c754ab196d15c20fbf9abd722fa63630631144c5a409bd2a20172196b,mal_train,1,locky,f329ea2c754ab196d15c20fbf9abd722fa63630631144c5a409bd2a20172196b,x86,plain,1,
vs,13933403b4b5d79da1decbc41867c842e3577bcba8ce3859f7d9b881348ad377,mal_train,1,lokilocker,13933403b4b5d79da1decbc41867c842e3577bcba8ce3859f7d9b881348ad377,x86,dotnet,0,dotnet
vs,15d7342be36d20ce615647fac9c2277f46b6d19aa54f3cf3d99e49d6ce0486d0,mal_train,1,lokilocker,15d7342be36d20ce615647fac9c2277f46b6d19aa54f3cf3d99e49d6ce0486d0,x86,dotnet,0,dotnet
vs,3b979d2231d2a8245afcc5a5c06659419eb38b6680c75537233795839473c2a3,mal_train,1,lokilocker,3b979d2231d2a8245afcc5a5c06659419eb38b6680c75537233795839473c2a3,x86,plain,1,
vs,478c116d9bb318b4621c7839c81be36261c38e748a593249f8c9c67789f71064,mal_train,1,lokilocker,478c116d9bb318b4621c7839c81be36261c38e748a593249f8c9c67789f71064,x86,dotnet,0,dotnet
vs,b9163b6ff5347415eba9f30927dfaa073f515f0c004ee0f565c7e66eb84912d4,mal_train,1,lokilocker,b9163b6ff5347415eba9f30927dfaa073f515f0c004ee0f565c7e66eb84912d4,x86,dotnet,0,dotnet
vs,e28b0a93649010788bbeda883a08254fefe3710700fc2c5a8dea94ec39402ec3,mal_train,1,lokilocker,e28b0a93649010788bbeda883a08254fefe3710700fc2c5a8dea94ec39402ec3,x86,dotnet,0,dotnet
vs,f39802b6817ffa5da5e9d779bb3711c5554f0373f0678bb309fcd009c0acd40d,mal_train,1,lokilocker,f39802b6817ffa5da5e9d779bb3711c5554f0373f0678bb309fcd009c0acd40d,x86,dotnet,0,dotnet
vs,fb92f2044fd4221a569b8eb3193e777afb1d850f1317f808af3b4440e23c9660,mal_train,1,lokilocker,fb92f2044fd4221a569b8eb3193e777afb1d850f1317f808af3b4440e23c9660,x86,dotnet,0,dotnet
vs,4e5b9ab271a1409be300e5f3fd90f934f317116f30b40eddc82a4dfd18366412,mal_train,1,lynx,4e5b9ab271a1409be300e5f3fd90f934f317116f30b40eddc82a4dfd18366412,x86,plain,1,
vs,9a47ab27d50df1faba1dc5777bdcfff576524424bc4a3364d33267bbcf8a3896,mal_train,1,lynx,9a47ab27d50df1faba1dc5777bdcfff576524424bc4a3364d33267bbcf8a3896,x86,plain,1,
vs,b378b7ef0f906358eec595777a50f9bb5cc7bb6635e0f031d65b818a26bdc4ee,mal_train,1,lynx,b378b7ef0f906358eec595777a50f9bb5cc7bb6635e0f031d65b818a26bdc4ee,x86,plain,1,
vs,eaa0e773eb593b0046452f420b6db8a47178c09e6db0fa68f6a2d42c3f48e3bc,mal_train,1,lynx,eaa0e773eb593b0046452f420b6db8a47178c09e6db0fa68f6a2d42c3f48e3bc,x86,plain,1,
vs,00270d016c00f9a58a8fad47aa52b95f2383e5b00a76e7281112156e828472bd,mal_train,1,magniber,00270d016c00f9a58a8fad47aa52b95f2383e5b00a76e7281112156e828472bd,x64,packed_other,0,packed_other
vs,06acd697bc0a41a6fa1098eba46ddd40d029a5fef3eb152fbf9d0d39e6f8673d,mal_train,1,magniber,06acd697bc0a41a6fa1098eba46ddd40d029a5fef3eb152fbf9d0d39e6f8673d,x64,packed_other,0,packed_other
vs,0e9cb980e176c55c4694f8cb8b4fad949926887ec9e8ba209058bf22f2b359d6,mal_train,1,magniber,0e9cb980e176c55c4694f8cb8b4fad949926887ec9e8ba209058bf22f2b359d6,x64,packed_other,0,packed_other
vs,10b9b1d8f6bafd9bb57ccfb1da4a658f10207d566781fa5fb3c4394d283e860e,mal_train,1,magniber,10b9b1d8f6bafd9bb57ccfb1da4a658f10207d566781fa5fb3c4394d283e860e,x64,plain,1,
vs,14dbcc8fc713a26f46b78ba0bc169eb4abdd6083a4bbf62357e83b989489c358,mal_train,1,magniber,14dbcc8fc713a26f46b78ba0bc169eb4abdd6083a4bbf62357e83b989489c358,x64,plain,1,
vs,2cf60c433df3dcc84b80e18c93e578bf18b31c5c49777953702c53166275796b,mal_train,1,magniber,2cf60c433df3dcc84b80e18c93e578bf18b31c5c49777953702c53166275796b,x64,packed_other,0,packed_other
vs,354f26cc356623d5d099ce3ab1f36821151bb59b3e77521bb903ec1ee3d8f612,mal_train,1,magniber,354f26cc356623d5d099ce3ab1f36821151bb59b3e77521bb903ec1ee3d8f612,x64,packed_other,0,packed_other
vs,3aec49fb761581a0b95e23b1a85b8594308491968d42d04831ae01f8949b05b4,mal_train,1,magniber,3aec49fb761581a0b95e23b1a85b8594308491968d42d04831ae01f8949b05b4,x64,packed_other,0,packed_other
vs,5301e5deb37674296e48d5873862ce32f934fbdfe1a7919f97bddb1138957e35,mal_train,1,magniber,5301e5deb37674296e48d5873862ce32f934fbdfe1a7919f97bddb1138957e35,x64,packed_other,0,packed_other
vs,649d1fcdc4529a221d916768edd5108a6a0172ab68fb3068b5248eae7d25143c,mal_train,1,magniber,649d1fcdc4529a221d916768edd5108a6a0172ab68fb3068b5248eae7d25143c,x64,plain,1,
vs,79494b2b76515207a2cf1a29484096cbf884ea4b0e2b834af07beac7879ce714,mal_train,1,magniber,79494b2b76515207a2cf1a29484096cbf884ea4b0e2b834af07beac7879ce714,x64,plain,1,
vs,8474b7fd46e898991cbd0338ebd345bd3fd63a118168bbc662b52dff25e033cf,mal_train,1,magniber,8474b7fd46e898991cbd0338ebd345bd3fd63a118168bbc662b52dff25e033cf,x64,packed_other,0,packed_other
vs,92ff7716bb0fa4c30368c24acd23423dbb6033f3c6b85d37af1524a7421d2856,mal_train,1,magniber,92ff7716bb0fa4c30368c24acd23423dbb6033f3c6b85d37af1524a7421d2856,x64,plain,1,
vs,9473dc89afdfd7eb821a05f63f70effe80e03a014a80df5865ecf9c72cb9315a,mal_train,1,magniber,9473dc89afdfd7eb821a05f63f70effe80e03a014a80df5865ecf9c72cb9315a,x64,packed_other,0,packed_other
vs,b9a5c8d73ddceea4dbc1ece8dbaf989d296a5a4932d2117f4c8aa9ed1e70e4ab,mal_train,1,magniber,b9a5c8d73ddceea4dbc1ece8dbaf989d296a5a4932d2117f4c8aa9ed1e70e4ab,x64,plain,1,
vs,bc3a0e276a26612ffa45f229b069b624750e2c0737b2af2f934378d85d87a2f9,mal_train,1,magniber,bc3a0e276a26612ffa45f229b069b624750e2c0737b2af2f934378d85d87a2f9,x64,packed_other,0,packed_other
vs,f2ab74ce11c4462db427db65ff5755db4d5267d373172384a241017150e14675,mal_train,1,magniber,f2ab74ce11c4462db427db65ff5755db4d5267d373172384a241017150e14675,x64,packed_other,0,packed_other
vs,f7cf9b53f0124b9fbc1cac8991b51a24a03f8feceb711677aae39b916a686c55,mal_train,1,magniber,f7cf9b53f0124b9fbc1cac8991b51a24a03f8feceb711677aae39b916a686c55,x64,plain,1,
vs,fc1cb9ea6c1d86600f690b0f7c7ea6ab73d401a3b0e899360c4a619aeaed4cc4,mal_train,1,magniber,fc1cb9ea6c1d86600f690b0f7c7ea6ab73d401a3b0e899360c4a619aeaed4cc4,x64,packed_other,0,packed_other
vs,095721924420baff3670898412fc911ff32540544e8fad5495d334cded931270,mal_train,1,matrix,095721924420baff3670898412fc911ff32540544e8fad5495d334cded931270,x86,packed_other,0,packed_other
vs,242713ef2f372f0d39ca8f01bd09c9f99bcfe850e156621c023dd9e0bfb9bd95,mal_train,1,matrix,242713ef2f372f0d39ca8f01bd09c9f99bcfe850e156621c023dd9e0bfb9bd95,x86,plain,1,
vs,2e4c3ae32372bb1b189665e8e84c13bcc88e7f2c7459f71e075694fd3aaf8376,mal_train,1,matrix,2e4c3ae32372bb1b189665e8e84c13bcc88e7f2c7459f71e075694fd3aaf8376,x86,upx_unpacked,1,
vs,5474b58de90ad79d6df4c633fb773053fecc16ad69fb5b86e7a2b640a2a056d6,mal_train,1,matrix,5474b58de90ad79d6df4c633fb773053fecc16ad69fb5b86e7a2b640a2a056d6,x86,plain,1,
vs,7b5e536827c3bb9f8077aed78726585739bcde796904edd6c4faadc9a8d22eaf,mal_train,1,matrix,7b5e536827c3bb9f8077aed78726585739bcde796904edd6c4faadc9a8d22eaf,x86,plain,1,
vs,afca3b84177133ff859d9b9d620b582d913218723bfcf83d119ec125b88a8c40,mal_train,1,matrix,afca3b84177133ff859d9b9d620b582d913218723bfcf83d119ec125b88a8c40,x86,plain,1,
vs,d87d1fbeffe5b18e22f288780bf50b1e7d5af9bbe2480c80ea2a7497a3d52829,mal_train,1,matrix,d87d1fbeffe5b18e22f288780bf50b1e7d5af9bbe2480c80ea2a7497a3d52829,x86,plain,1,
vs,05b51b5f41e483020d14126522a13c69b75e5cbb093a78980877bb60cf778873,mal_train,1,medusalocker,05b51b5f41e483020d14126522a13c69b75e5cbb093a78980877bb60cf778873,x86,plain,1,
vs,0abb4a302819cdca6c9f56893ca2b52856b55a0aa68a3cb8bdcd55dcc1fad9ad,mal_train,1,medusalocker,0abb4a302819cdca6c9f56893ca2b52856b55a0aa68a3cb8bdcd55dcc1fad9ad,x64,plain,1,
vs,183e9d0d23ee006d5172ba32d0237b853adf1ed98bc318dc5ee5e1f8fb62b334,mal_train,1,medusalocker,183e9d0d23ee006d5172ba32d0237b853adf1ed98bc318dc5ee5e1f8fb62b334,x86,packed_other,0,packed_other
vs,19e31469f150f69bda363c8a3454113236620aa44155dbe845e7689522724b0b,mal_train,1,medusalocker,19e31469f150f69bda363c8a3454113236620aa44155dbe845e7689522724b0b,x86,plain,1,
vs,1bc0575b3fc6486cb2510dac1ac6ae4889b94a955d3eade53d3ba3a92d133281,mal_train,1,medusalocker,1bc0575b3fc6486cb2510dac1ac6ae4889b94a955d3eade53d3ba3a92d133281,x86,upx_unpacked,1,
vs,212e7f5ed4a581b4d778dfef226738c6db56b4b4006526259392d03062587887,mal_train,1,medusalocker,212e7f5ed4a581b4d778dfef226738c6db56b4b4006526259392d03062587887,x86,plain,1,
vs,26af2222204fca27c0fdabf9eefbfdb638a8a9322b297119f85cce3c708090f0,mal_train,1,medusalocker,26af2222204fca27c0fdabf9eefbfdb638a8a9322b297119f85cce3c708090f0,x86,plain,1,
vs,2ab345e3a6dcc64bd66b3b8f88e1e7be4456e3b441d4eeba67e821902b11a579,mal_train,1,medusalocker,2ab345e3a6dcc64bd66b3b8f88e1e7be4456e3b441d4eeba67e821902b11a579,,bad_pe,0,bad_pe
vs,2e9fceb91d4378a4e67250f0cb633a020be6eb1c57237272a50cb4db36997db7,mal_train,1,medusalocker,2e9fceb91d4378a4e67250f0cb633a020be6eb1c57237272a50cb4db36997db7,x86,plain,1,
vs,3f5a5dd7c93418534cc11d16e3e8154b3574a1cec2544fdb13894129a906ea9a,mal_train,1,medusalocker,3f5a5dd7c93418534cc11d16e3e8154b3574a1cec2544fdb13894129a906ea9a,,bad_pe,0,bad_pe
vs,461f8a55ea2eecfcc26562326af4b56fbaf8e4957a4a6e0b75bec8ee90ace078,mal_train,1,medusalocker,461f8a55ea2eecfcc26562326af4b56fbaf8e4957a4a6e0b75bec8ee90ace078,x86,plain,1,
vs,465ab4311a7db9f0bc10921cf6a0da7a746c4023dd78fdcec1c253eee69e5b9d,mal_train,1,medusalocker,465ab4311a7db9f0bc10921cf6a0da7a746c4023dd78fdcec1c253eee69e5b9d,x86,plain,1,
vs,54b8ca90cd5c6b8053a612d2e8d99bf05f427b36e7fccc0f63427e1f386db186,mal_train,1,medusalocker,54b8ca90cd5c6b8053a612d2e8d99bf05f427b36e7fccc0f63427e1f386db186,x86,plain,1,
vs,58a0db1ae0d7d8c5cb5db5e5a24fd1088b8029a4e51c02e7b77d400c17bcb39a,mal_train,1,medusalocker,58a0db1ae0d7d8c5cb5db5e5a24fd1088b8029a4e51c02e7b77d400c17bcb39a,x86,plain,1,
vs,6066e91a9b651a9061d3f0941e6686ff476e5e84e11a51ec3bcae049d84b366b,mal_train,1,medusalocker,6066e91a9b651a9061d3f0941e6686ff476e5e84e11a51ec3bcae049d84b366b,x86,plain,1,
vs,61c26b20a2b291252ccf1b2ae4319542df526e820f96ad4667478ab101b6ee1f,mal_train,1,medusalocker,61c26b20a2b291252ccf1b2ae4319542df526e820f96ad4667478ab101b6ee1f,x86,plain,1,
vs,634d84758d8d922bbfb0ad3c904c38fc7989f11503877acf02ad5dad3775df7a,mal_train,1,medusalocker,634d84758d8d922bbfb0ad3c904c38fc7989f11503877acf02ad5dad3775df7a,x86,plain,1,
vs,66a13e8102f809e23e0ad0ba88ced5eecfa319797c9f709d090994a7143d858a,mal_train,1,medusalocker,66a13e8102f809e23e0ad0ba88ced5eecfa319797c9f709d090994a7143d858a,x86,plain,1,
vs,6a973119a7c1cb0151cd94b34d24e963260a000da3e3a8df4b96e2430ffa409e,mal_train,1,medusalocker,6a973119a7c1cb0151cd94b34d24e963260a000da3e3a8df4b96e2430ffa409e,x86,plain,1,
vs,6c51f28a6ab35c91e789a4b1a05032c87a3f03006019ba4997dc092ad1c8a625,mal_train,1,medusalocker,6c51f28a6ab35c91e789a4b1a05032c87a3f03006019ba4997dc092ad1c8a625,x86,plain,1,
vs,860154eb48c722136e8c84b14a528be602aa6bc3de77523ea4d9490f280f69d7,mal_train,1,medusalocker,860154eb48c722136e8c84b14a528be602aa6bc3de77523ea4d9490f280f69d7,x86,plain,1,
vs,8939141fb565c044895627bbeb522d840d24899dec53545e4a925012dbf83230,mal_train,1,medusalocker,8939141fb565c044895627bbeb522d840d24899dec53545e4a925012dbf83230,x86,plain,1,
vs,8e797fff8fae9afb216b81ae341aac9f05f419061075b0f6ce4c0c7a67f458a4,mal_train,1,medusalocker,8e797fff8fae9afb216b81ae341aac9f05f419061075b0f6ce4c0c7a67f458a4,x86,plain,1,
vs,9555810647200a6eda75dfe1527c1d8720e929b19a6086e536fb4fce4d9db485,mal_train,1,medusalocker,9555810647200a6eda75dfe1527c1d8720e929b19a6086e536fb4fce4d9db485,x86,plain,1,
vs,98c9e56cba271bf7b32fc17d7966d067d9b549594f8dc60c941f93346e376c00,mal_train,1,medusalocker,98c9e56cba271bf7b32fc17d7966d067d9b549594f8dc60c941f93346e376c00,x86,dotnet,0,dotnet
vs,99a72b56725196298391f3d52b8536b018aa8b60d97c443161e912430079ed30,mal_train,1,medusalocker,99a72b56725196298391f3d52b8536b018aa8b60d97c443161e912430079ed30,x86,plain,1,
vs,a25c0227728878c386ab6dba139976cb10e853dd3cd1eb3623f236ee8e1df212,mal_train,1,medusalocker,a25c0227728878c386ab6dba139976cb10e853dd3cd1eb3623f236ee8e1df212,x86,plain,1,
vs,a3fe92224060ec183a25296999c18d4f86149649f1a701ac91b04d73e8678495,mal_train,1,medusalocker,a3fe92224060ec183a25296999c18d4f86149649f1a701ac91b04d73e8678495,x86,plain,1,
vs,a533f9ae8f269f97eeb35ddac6d1d955924f6eea1794b8a227457e95cf524d44,mal_train,1,medusalocker,a533f9ae8f269f97eeb35ddac6d1d955924f6eea1794b8a227457e95cf524d44,x86,plain,1,
vs,a5fdfacc22914d12eec28fb085f026401db10ae51d4e549dfec6160501be0dcf,mal_train,1,medusalocker,a5fdfacc22914d12eec28fb085f026401db10ae51d4e549dfec6160501be0dcf,x86,plain,1,
vs,aa4cd5e9ff8ef8e4a72601c03154231631a5179167400a5478ca4282188b1163,mal_train,1,medusalocker,aa4cd5e9ff8ef8e4a72601c03154231631a5179167400a5478ca4282188b1163,x86,plain,1,
vs,abbaff145b18d26db84d52669d1279e928d51f1f571f686cb100d7893cb69295,mal_train,1,medusalocker,abbaff145b18d26db84d52669d1279e928d51f1f571f686cb100d7893cb69295,x86,plain,1,
vs,add2850732c42683ee92ba555bbffb88bf5a4eee7c51e24f15a898f2d5aff66b,mal_train,1,medusalocker,add2850732c42683ee92ba555bbffb88bf5a4eee7c51e24f15a898f2d5aff66b,x86,plain,1,
vs,b15840fb0547fc774f371166adb89cd7a58647d4e379256a2f9806dd5a338627,mal_train,1,medusalocker,b15840fb0547fc774f371166adb89cd7a58647d4e379256a2f9806dd5a338627,x86,plain,1,
vs,ba87d97a4c7dec4e2eef997190f5f875c8564395bf3c95bd95055f447c495387,mal_train,1,medusalocker,ba87d97a4c7dec4e2eef997190f5f875c8564395bf3c95bd95055f447c495387,x86,plain,1,
vs,bdadf73a531421f832714078c438267a76fd5085596c86f2fa4b7341cb336da1,mal_train,1,medusalocker,bdadf73a531421f832714078c438267a76fd5085596c86f2fa4b7341cb336da1,x86,plain,1,
vs,c2a0a317d73c96428ab088a8f0636ec4ccace7ca691c84ed66a83a70183f40dc,mal_train,1,medusalocker,c2a0a317d73c96428ab088a8f0636ec4ccace7ca691c84ed66a83a70183f40dc,x64,plain,1,
vs,c41926a4e667a38bd712cd8fff2c555c51d7f719a949c9be8c1f74232100444b,mal_train,1,medusalocker,c41926a4e667a38bd712cd8fff2c555c51d7f719a949c9be8c1f74232100444b,x64,plain,1,
vs,c5bef2a489740192a0b2c34cdc2fd954d0b8d5fabcbe0ecb8b78f9301e5a30a6,mal_train,1,medusalocker,c5bef2a489740192a0b2c34cdc2fd954d0b8d5fabcbe0ecb8b78f9301e5a30a6,x86,plain,1,
vs,c79c6b680a2caa71b3ad052f60ce6da463eb576b8196bb3bbdccd003853769d4,mal_train,1,medusalocker,c79c6b680a2caa71b3ad052f60ce6da463eb576b8196bb3bbdccd003853769d4,x86,plain,1,
vs,cb12325d13acb03ad4f9977f426baf8b4688af04d4ffe23aa5f1bbd747a147c0,mal_train,1,medusalocker,cb12325d13acb03ad4f9977f426baf8b4688af04d4ffe23aa5f1bbd747a147c0,x86,plain,1,
vs,d595339cbbf415eca195eb3a0d9a8b6c9ff82a0cf36e4e867f5cef24503bb532,mal_train,1,medusalocker,d595339cbbf415eca195eb3a0d9a8b6c9ff82a0cf36e4e867f5cef24503bb532,x86,plain,1,
vs,dbac4f2fffcb4e09aad772895647e8f161b1ac713592fe47c5e8207c85722f13,mal_train,1,medusalocker,dbac4f2fffcb4e09aad772895647e8f161b1ac713592fe47c5e8207c85722f13,x86,plain,1,
vs,dde3c98b6a370fb8d1785f3134a76cb465cd663db20dffe011da57a4de37aa95,mal_train,1,medusalocker,dde3c98b6a370fb8d1785f3134a76cb465cd663db20dffe011da57a4de37aa95,x86,plain,1,
vs,e26b2ffb2ee711fc7b04d62911580560794ee4fa9b7fcfade65ee6ff2eed0274,mal_train,1,medusalocker,e26b2ffb2ee711fc7b04d62911580560794ee4fa9b7fcfade65ee6ff2eed0274,x86,plain,1,
vs,e5d819fd969d6bc913698c44beb5c8f763a6d6f07b7cdb3514c4b61a68a1d747,mal_train,1,medusalocker,e5d819fd969d6bc913698c44beb5c8f763a6d6f07b7cdb3514c4b61a68a1d747,x86,plain,1,
vs,e89cea4d336dd9896fe0e7b72636ec0d9caa861cff329d7ac3d4f3149a7e237f,mal_train,1,medusalocker,e89cea4d336dd9896fe0e7b72636ec0d9caa861cff329d7ac3d4f3149a7e237f,,bad_pe,0,bad_pe
vs,ea32d0b279d1f93cef18512a54cbf0a2d4a87368ad516682bea55356701a23ad,mal_train,1,medusalocker,ea32d0b279d1f93cef18512a54cbf0a2d4a87368ad516682bea55356701a23ad,x86,packed_other,0,packed_other
vs,ec2ec1c316045d5e2e43cc0f1df738e6367b520310a4b7a644717d3aebda43f4,mal_train,1,medusalocker,ec2ec1c316045d5e2e43cc0f1df738e6367b520310a4b7a644717d3aebda43f4,x86,plain,1,
vs,f064dfde1338a45c76c9cbbe9d7c8b358884c32c21510df14ab9b72df9ead1ba,mal_train,1,medusalocker,f064dfde1338a45c76c9cbbe9d7c8b358884c32c21510df14ab9b72df9ead1ba,x86,plain,1,
vs,f0c2c9663215a97b04f1f97cb34c99c2cf06ba502fd1f1ad4922ead45fa442a6,mal_train,1,medusalocker,f0c2c9663215a97b04f1f97cb34c99c2cf06ba502fd1f1ad4922ead45fa442a6,x86,plain,1,
vs,f1c361bb3b649918bc5b3ad3fc5cbd1bbd7c585fbe2557410e267d161d3bb998,mal_train,1,medusalocker,f1c361bb3b649918bc5b3ad3fc5cbd1bbd7c585fbe2557410e267d161d3bb998,x86,plain,1,
vs,f5fb7fa5231c18f0951c755c4cb0ec07b0889b5e320f42213cbf6bbbe499ad31,mal_train,1,medusalocker,f5fb7fa5231c18f0951c755c4cb0ec07b0889b5e320f42213cbf6bbbe499ad31,x64,plain,1,
vs,f6586d00b0f766288921d926922c8ad7c2d925e708eacc9925058bd49337db9f,mal_train,1,medusalocker,f6586d00b0f766288921d926922c8ad7c2d925e708eacc9925058bd49337db9f,x86,plain,1,
vs,f7c089881a717bd8e9c57f8d5935c8e663e12afb0246b12b24e7a0e055153897,mal_train,1,medusalocker,f7c089881a717bd8e9c57f8d5935c8e663e12afb0246b12b24e7a0e055153897,x86,plain,1,
vs,fb1fc5323853e3289c41b4df3851cda88462ce954c2b9c7102c5a363dfa8166d,mal_train,1,medusalocker,fb1fc5323853e3289c41b4df3851cda88462ce954c2b9c7102c5a363dfa8166d,x86,plain,1,
vs,fbe10da8d483a0db6686b1f03f18b00dbc60c69fb9a9f4a941764c2c3426367c,mal_train,1,medusalocker,fbe10da8d483a0db6686b1f03f18b00dbc60c69fb9a9f4a941764c2c3426367c,x86,plain,1,
vs,fc0f65213e7ad5960378433efc55642c116c750e10cb881ed7297f361b6be7dd,mal_train,1,medusalocker,fc0f65213e7ad5960378433efc55642c116c750e10cb881ed7297f361b6be7dd,x86,plain,1,
vs,43d9b827c9f1badd8384e0b70245325b1c5aac3f18d2daf3f4c10de494dbedfd,mal_train,1,nemty,43d9b827c9f1badd8384e0b70245325b1c5aac3f18d2daf3f4c10de494dbedfd,x64,plain,1,
vs,4799d051f0e40b15ec67593ea838df901613018d26b612d6d2447431323d4a01,mal_train,1,nemty,4799d051f0e40b15ec67593ea838df901613018d26b612d6d2447431323d4a01,x86,packed_other,0,packed_other
vs,518394d105b9f9f1c375efe6038468e595bfd4e848940b9af6c6f563f00bbe26,mal_train,1,nemty,518394d105b9f9f1c375efe6038468e595bfd4e848940b9af6c6f563f00bbe26,x86,packed_other,0,packed_other
vs,259f9ec10642442667a40bf78f03af2fc6d653443cce7062636eb750331657c4,mal_train,1,nokoyawa,259f9ec10642442667a40bf78f03af2fc6d653443cce7062636eb750331657c4,x64,plain,1,
vs,3c9f4145e310f616bd5e36ca177a3f370edc13cf2d54bb87fe99972ecf3f09b4,mal_train,1,nokoyawa,3c9f4145e310f616bd5e36ca177a3f370edc13cf2d54bb87fe99972ecf3f09b4,x86,plain,1,
vs,418c1421c2424f152d83aa6886c15c42dd9947b63fcd4544a679eb0477d40dab,mal_train,1,nokoyawa,418c1421c2424f152d83aa6886c15c42dd9947b63fcd4544a679eb0477d40dab,x86,plain,1,
vs,47c00ac29bbaee921496ef957adaf5f8b031121ef0607937b003b6ab2a895a12,mal_train,1,nokoyawa,47c00ac29bbaee921496ef957adaf5f8b031121ef0607937b003b6ab2a895a12,x64,plain,1,
vs,7095beafff5837070a89407c1bf3c6acf8221ed786e0697f6c578d4c3de0efd6,mal_train,1,nokoyawa,7095beafff5837070a89407c1bf3c6acf8221ed786e0697f6c578d4c3de0efd6,x64,plain,1,
vs,e097cde0f76df948f039584045acfa6bd7ef863141560815d12c3c6e6452dce4,mal_train,1,nokoyawa,e097cde0f76df948f039584045acfa6bd7ef863141560815d12c3c6e6452dce4,x64,plain,1,
vs,fefd1117c2f0ab88d8090bc3bdcb8213daf8065f12de1ee6a6c641e888a27eab,mal_train,1,nokoyawa,fefd1117c2f0ab88d8090bc3bdcb8213daf8065f12de1ee6a6c641e888a27eab,x64,plain,1,
vs,02ffc8761f72dd1ad0b00cbee533623c1203ff3422fa965cef912111782cd783,mal_train,1,onyxlocker,02ffc8761f72dd1ad0b00cbee533623c1203ff3422fa965cef912111782cd783,x86,dotnet,0,dotnet
vs,2135dbf25e51166e6e410554d1014e9d8421cd75cf8b73cd91805cdc37ab57da,mal_train,1,onyxlocker,2135dbf25e51166e6e410554d1014e9d8421cd75cf8b73cd91805cdc37ab57da,x86,dotnet,0,dotnet
vs,34cfdbcd76f27b2e96373bb154878dfae0fa05efe58d180c7596371b447d1244,mal_train,1,onyxlocker,34cfdbcd76f27b2e96373bb154878dfae0fa05efe58d180c7596371b447d1244,x86,dotnet,0,dotnet
vs,46439966f3a88b9bcfe151ff1892c6cfee86853ca5b6f3d120e0d1b98d462ee3,mal_train,1,onyxlocker,46439966f3a88b9bcfe151ff1892c6cfee86853ca5b6f3d120e0d1b98d462ee3,x86,dotnet,0,dotnet
vs,7e3c97d3d274b5f7fedad6e392e6576ac3e5724ddd7e48c58a654b6b95eb40d7,mal_train,1,onyxlocker,7e3c97d3d274b5f7fedad6e392e6576ac3e5724ddd7e48c58a654b6b95eb40d7,x86,dotnet,0,dotnet
vs,97c77dfaf112b6d8a831229de104cf2d4bbf27d5146cff888bb891aa8be955d0,mal_train,1,onyxlocker,97c77dfaf112b6d8a831229de104cf2d4bbf27d5146cff888bb891aa8be955d0,x86,dotnet,0,dotnet
vs,d29f39f546d246786c2f3a9b75ec47a3238dc74c45d623c798242d244665711c,mal_train,1,onyxlocker,d29f39f546d246786c2f3a9b75ec47a3238dc74c45d623c798242d244665711c,x86,dotnet,0,dotnet
vs,035e930157848f2a4439c096471d2296b0d7379d92a1762a0de5f51ab106be68,mal_train,1,pandora,035e930157848f2a4439c096471d2296b0d7379d92a1762a0de5f51ab106be68,x64,plain,1,
vs,1f172321dfc7445019313cbed4d5f3718a6c0638f2f310918665754a9e117733,mal_train,1,pandora,1f172321dfc7445019313cbed4d5f3718a6c0638f2f310918665754a9e117733,x64,packed_other,0,packed_other
vs,5b56c5d86347e164c6e571c86dbf5b1535eae6b979fede6ed66b01e79ea33b7b,mal_train,1,pandora,5b56c5d86347e164c6e571c86dbf5b1535eae6b979fede6ed66b01e79ea33b7b,x64,packed_other,0,packed_other
vs,627ede421ee51a7153ee896f657169665c1e9f79ef0ba4af1f6450d816900cbb,mal_train,1,pandora,627ede421ee51a7153ee896f657169665c1e9f79ef0ba4af1f6450d816900cbb,x64,packed_other,0,packed_other
vs,d690a8d796c093d8c88140f8dc662f6b0a315faa95340b4882951900628c3e08,mal_train,1,pandora,d690a8d796c093d8c88140f8dc662f6b0a315faa95340b4882951900628c3e08,x86,plain,1,
vs,124e57afaa34fee7a6405531b05ceb4466e94f9e1858db976188a36de58156b3,mal_train,1,petya,124e57afaa34fee7a6405531b05ceb4466e94f9e1858db976188a36de58156b3,x86,plain,1,
vs,4c0153b979e65346c1d6f863086082ec5ef103cbf6b0f5e8652d61da678a8ca5,mal_train,1,petya,4c0153b979e65346c1d6f863086082ec5ef103cbf6b0f5e8652d61da678a8ca5,x86,plain,1,
vs,a1f30cabf6d8e2d2796eb166d49bcf86a3dd18fb92da8b861adf9247373cf70b,mal_train,1,petya,a1f30cabf6d8e2d2796eb166d49bcf86a3dd18fb92da8b861adf9247373cf70b,x86,packed_other,0,packed_other
vs,ac931f9419235283f509bbed222918c34b72cfd8f29c83af5ad35d249f42c41c,mal_train,1,petya,ac931f9419235283f509bbed222918c34b72cfd8f29c83af5ad35d249f42c41c,x86,packed_other,0,packed_other
vs,b1ab81351ec03c050a9424eaac1d1996308a440db04fd95ec5cada60aa524f1a,mal_train,1,petya,b1ab81351ec03c050a9424eaac1d1996308a440db04fd95ec5cada60aa524f1a,x86,plain,1,
vs,b5ef16922e2c76b09edd71471dd837e89811c5e658406a8495c1364d0d9dc690,mal_train,1,petya,b5ef16922e2c76b09edd71471dd837e89811c5e658406a8495c1364d0d9dc690,x86,packed_other,0,packed_other
vs,c0d0665bc0fc83c9204e30057d7c626e80f3ebe1e0554f17930274aa11996ef1,mal_train,1,petya,c0d0665bc0fc83c9204e30057d7c626e80f3ebe1e0554f17930274aa11996ef1,x86,plain,1,
vs,d93f73c6469bd56ad4d1b9d07e4d5b271beb0c012d17c5576b18ebc35588e9ab,mal_train,1,petya,d93f73c6469bd56ad4d1b9d07e4d5b271beb0c012d17c5576b18ebc35588e9ab,x64,plain,1,
vs,da23793f3cc05f8381c1b4c5960c72b9f6cbffff96d23085d4f07fe572116acd,mal_train,1,petya,da23793f3cc05f8381c1b4c5960c72b9f6cbffff96d23085d4f07fe572116acd,x86,packed_other,0,packed_other
vs,e079fa28ea51fa98644164caf585ae3231d25372fccca1245902fb57488d4660,mal_train,1,petya,e079fa28ea51fa98644164caf585ae3231d25372fccca1245902fb57488d4660,x86,plain,1,
vs,042271aadf2191749876fc99997d0e6bdd3b89159e7ab8cd11a9f13ae65fa6b1,mal_train,1,prometheus,042271aadf2191749876fc99997d0e6bdd3b89159e7ab8cd11a9f13ae65fa6b1,x86,plain,1,
vs,a1c3e1f6e6b81321e3cf866d05f5b19987203bcd576e9e3e2398641490f0bfb4,mal_train,1,prometheus,a1c3e1f6e6b81321e3cf866d05f5b19987203bcd576e9e3e2398641490f0bfb4,x86,dotnet,0,dotnet
vs,10f9ad4e9f6e0dc1793be80203b258f8c5114d01cb17307c1b2fdcca37d4edf9,mal_train,1,ragnarlocker,10f9ad4e9f6e0dc1793be80203b258f8c5114d01cb17307c1b2fdcca37d4edf9,x86,dotnet,0,dotnet
vs,5469182495d92a5718e0e1dcdf371e92b79724e427050154f318de693d341c89,mal_train,1,ragnarlocker,5469182495d92a5718e0e1dcdf371e92b79724e427050154f318de693d341c89,x86,dotnet,0,dotnet
vs,b670441066ff868d06c682e5167b9dbc85b5323f3acfbbc044cabc0e5a594186,mal_train,1,ragnarlocker,b670441066ff868d06c682e5167b9dbc85b5323f3acfbbc044cabc0e5a594186,x86,upx_unpacked,1,
vs,cf5ec678a2f836f859eb983eb633d529c25771b3b7505e74aa695b7ca00f9fa8,mal_train,1,ragnarlocker,cf5ec678a2f836f859eb983eb633d529c25771b3b7505e74aa695b7ca00f9fa8,x86,packed_other,0,packed_other
vs,016b9f1c52a6eff5ec77deb7efbf2265a9d4fe0508510e6bf241098b29dbaa25,mal_train,1,revil,016b9f1c52a6eff5ec77deb7efbf2265a9d4fe0508510e6bf241098b29dbaa25,x86,plain,1,
vs,1bc9040cfa3738e8a2e0409efb17726c8f4894e462f2e51d2a18664c4c799e16,mal_train,1,revil,1bc9040cfa3738e8a2e0409efb17726c8f4894e462f2e51d2a18664c4c799e16,x86,plain,1,
vs,4270895e0d3973d98d5014e299f9e9a4dee0e528d37adbbcf47dc52ca483fd74,mal_train,1,revil,4270895e0d3973d98d5014e299f9e9a4dee0e528d37adbbcf47dc52ca483fd74,x86,plain,1,
vs,602375762d88d24ae659c47d25959e52ed5cea1d227609ec486bd42d551ca009,mal_train,1,revil,602375762d88d24ae659c47d25959e52ed5cea1d227609ec486bd42d551ca009,x86,plain,1,
vs,710842ac4a3eacd2f26e63be0922b15c9be825a2dc4f047961361b59bc6431fc,mal_train,1,revil,710842ac4a3eacd2f26e63be0922b15c9be825a2dc4f047961361b59bc6431fc,x86,plain,1,
vs,735ff072077023765e445b284f072946ffad2e36fa8aba9f1b8f93fef885352c,mal_train,1,revil,735ff072077023765e445b284f072946ffad2e36fa8aba9f1b8f93fef885352c,x86,plain,1,
vs,74320a6921912c89e7e2e0f44e1192926b226f5b70a580c0a36c6e1c8b8dd0fe,mal_train,1,revil,74320a6921912c89e7e2e0f44e1192926b226f5b70a580c0a36c6e1c8b8dd0fe,x86,plain,1,
vs,83002399482a30115e37cea0222fdb265cc6d57101ca7ce4591374acd6b8a371,mal_train,1,revil,83002399482a30115e37cea0222fdb265cc6d57101ca7ce4591374acd6b8a371,x86,plain,1,
vs,8c32012baa74c8ee1bf676094f688505eae215317cc38c0e28a518e5a9d0b70b,mal_train,1,revil,8c32012baa74c8ee1bf676094f688505eae215317cc38c0e28a518e5a9d0b70b,x86,plain,1,
vs,8d49c283fa8ca2972aa06c3652da6739965900caf47c0d630305f9d0f3fe6396,mal_train,1,revil,8d49c283fa8ca2972aa06c3652da6739965900caf47c0d630305f9d0f3fe6396,x86,plain,1,
vs,938e0e4868f00c4cda6f6b70542e6eb0d04982b706cd4eb5a4becb7c2da1fd3f,mal_train,1,revil,938e0e4868f00c4cda6f6b70542e6eb0d04982b706cd4eb5a4becb7c2da1fd3f,x86,plain,1,
vs,93bd21cb6331ce96cc28dc7a1f0b6b2b2ed8ec064d2ac6e1f428af59c924cb57,mal_train,1,revil,93bd21cb6331ce96cc28dc7a1f0b6b2b2ed8ec064d2ac6e1f428af59c924cb57,x86,plain,1,
vs,b8dc282b15526821326ae7158f5e4e895a874fc15499d102d59e819aa78d5800,mal_train,1,revil,b8dc282b15526821326ae7158f5e4e895a874fc15499d102d59e819aa78d5800,x86,plain,1,
vs,b8fcf275ea5024bc10bd51f4db8f59d01822b9ec61e7a5ada8bf6290954933b2,mal_train,1,revil,b8fcf275ea5024bc10bd51f4db8f59d01822b9ec61e7a5ada8bf6290954933b2,x86,plain,1,
vs,bec5d4b9979a2094fe1062512ea2754b9ce573b879b25167fa8a4f52f350edc9,mal_train,1,revil,bec5d4b9979a2094fe1062512ea2754b9ce573b879b25167fa8a4f52f350edc9,x86,plain,1,
vs,ce19e4ed0385850a51c60558b2f38fad20196cdeaae3767ffb92e8dd2508a88b,mal_train,1,revil,ce19e4ed0385850a51c60558b2f38fad20196cdeaae3767ffb92e8dd2508a88b,x86,plain,1,
vs,e453400f413b4ad2e996c28b7e72be2d42fc2a8d30e9c91a67a0e0e6915aff7f,mal_train,1,revil,e453400f413b4ad2e996c28b7e72be2d42fc2a8d30e9c91a67a0e0e6915aff7f,x64,plain,1,
vs,f67864421d6271aa65d39cb68bb836d2838c681aedade4c77ca198d3e78c70fb,mal_train,1,revil,f67864421d6271aa65d39cb68bb836d2838c681aedade4c77ca198d3e78c70fb,x86,plain,1,
vs,f74c7a605588db80b0812de54ae0f5bf26fcaef8e7dce830a64cbeaddbac7673,mal_train,1,revil,f74c7a605588db80b0812de54ae0f5bf26fcaef8e7dce830a64cbeaddbac7673,x86,plain,1,
vs,15a67f118c982ff7d094d7290b4c34b37d877fe3f3299840021e53840b315804,mal_train,1,rook,15a67f118c982ff7d094d7290b4c34b37d877fe3f3299840021e53840b315804,x64,packed_other,0,packed_other
vs,a00021822a02dd5d2fbd348e14902358762378421a6004f26434c4d4aa15fbea,mal_train,1,rook,a00021822a02dd5d2fbd348e14902358762378421a6004f26434c4d4aa15fbea,x64,plain,1,
vs,c2d46d256b8f9490c9599eea11ecef19fde7d4fdd2dea93604cee3cea8e172ac,mal_train,1,rook,c2d46d256b8f9490c9599eea11ecef19fde7d4fdd2dea93604cee3cea8e172ac,x64,upx,0,upx
vs,e8a3208f506f06dc3b3dfb9a30f2f7553672ef67a0f5d4e23f254e44d1fb7ed9,mal_train,1,rook,e8a3208f506f06dc3b3dfb9a30f2f7553672ef67a0f5d4e23f254e44d1fb7ed9,x64,packed_other,0,packed_other
vs,f87be226e26e873275bde549539f70210ffe5e3a129448ae807a319cbdcf7789,mal_train,1,rook,f87be226e26e873275bde549539f70210ffe5e3a129448ae807a319cbdcf7789,x64,upx,0,upx
vs,6669cfeba5619b6f4d80b1281adfe69c87d845ebaaf9e83c25efa01a8267e751,mal_train,1,sarcoma,6669cfeba5619b6f4d80b1281adfe69c87d845ebaaf9e83c25efa01a8267e751,x64,plain,1,
vs,097d28021ffb26cb5b7d2d1377578cd6e2005549e44b5b2491fd310ecf50f7a8,mal_train,1,snatch,097d28021ffb26cb5b7d2d1377578cd6e2005549e44b5b2491fd310ecf50f7a8,x86,plain,1,
vs,0c920c6592e00f5768964b1e86d21c0248368b04642c1dec8ed287ccd81bd123,mal_train,1,snatch,0c920c6592e00f5768964b1e86d21c0248368b04642c1dec8ed287ccd81bd123,x86,plain,1,
vs,166eec273d472577682b777f9e12b63697db76c21823abf8c228a8b8b506a4b8,mal_train,1,snatch,166eec273d472577682b777f9e12b63697db76c21823abf8c228a8b8b506a4b8,x86,upx_unpacked,1,
vs,2339489be44f93b61688ee3b65d0bd2fede5f6dd494588a6268602d2f006bd16,mal_train,1,snatch,2339489be44f93b61688ee3b65d0bd2fede5f6dd494588a6268602d2f006bd16,x64,plain,1,
vs,278f028ba0e2f974cad2299e00089c865fbd5d3b89cc02ed817bc5bbb51887ea,mal_train,1,snatch,278f028ba0e2f974cad2299e00089c865fbd5d3b89cc02ed817bc5bbb51887ea,x86,plain,1,
vs,32ff829d4c104583e3b4cc1c10d0ca79b254cfbc20974faa27fdffc6902b098d,mal_train,1,snatch,32ff829d4c104583e3b4cc1c10d0ca79b254cfbc20974faa27fdffc6902b098d,x86,plain,1,
vs,36a4311ef332b0b5db62f8fcabf004fdcfbbde62f791839a8be0314604d814c4,mal_train,1,snatch,36a4311ef332b0b5db62f8fcabf004fdcfbbde62f791839a8be0314604d814c4,x86,upx,0,upx
vs,4e9762d0385abc614f124624ea9be798a831e4075266918dfe1408b695a85731,mal_train,1,snatch,4e9762d0385abc614f124624ea9be798a831e4075266918dfe1408b695a85731,x86,plain,1,
vs,557314de998d75904fc52be9b37ff297264e8534f74f4d65e0cb862cc68bba49,mal_train,1,snatch,557314de998d75904fc52be9b37ff297264e8534f74f4d65e0cb862cc68bba49,x86,upx_unpacked,1,
vs,5c5464ea8d2bf9fe5f229773e614edfe7e05d1556ace58e0d5778b3b3cec1c39,mal_train,1,snatch,5c5464ea8d2bf9fe5f229773e614edfe7e05d1556ace58e0d5778b3b3cec1c39,x86,plain,1,
vs,5ead6837cbb5d7450c8ae309531e3d1a134e1792f78381ec1642928e2e788e63,mal_train,1,snatch,5ead6837cbb5d7450c8ae309531e3d1a134e1792f78381ec1642928e2e788e63,x86,upx_unpacked,1,
vs,7b85a3f5315470c36ba4047a6c849284ff5d738796fcc9d61b8713f8955fa018,mal_train,1,snatch,7b85a3f5315470c36ba4047a6c849284ff5d738796fcc9d61b8713f8955fa018,x86,upx_unpacked,1,
vs,7e786e4d49341d855d5dbc719c79358b26cf72331c2e8d06846b25b03a0a277d,mal_train,1,snatch,7e786e4d49341d855d5dbc719c79358b26cf72331c2e8d06846b25b03a0a277d,x86,plain,1,
vs,8cd9a8d1bfa7a4032cf1863863b0139b53f4adc9a48b38209683c78663e9f4cf,mal_train,1,snatch,8cd9a8d1bfa7a4032cf1863863b0139b53f4adc9a48b38209683c78663e9f4cf,x86,plain,1,
vs,9b1ee7e79dee8df07307a1be4899fc076a02aac45c55a321fc2f8df1241f1309,mal_train,1,snatch,9b1ee7e79dee8df07307a1be4899fc076a02aac45c55a321fc2f8df1241f1309,x86,upx_unpacked,1,
vs,9b9afe28f57f6be5a6c9cf168d8576c89bbb2fb12d81a00ffc7f6b5d2d436a42,mal_train,1,snatch,9b9afe28f57f6be5a6c9cf168d8576c89bbb2fb12d81a00ffc7f6b5d2d436a42,x86,upx_unpacked,1,
vs,b9a33e0225555e2d41582f81a7fa73fe431817f6e169d55540b250907dec7aaf,mal_train,1,snatch,b9a33e0225555e2d41582f81a7fa73fe431817f6e169d55540b250907dec7aaf,x86,upx_unpacked,1,
vs,bd5ebf9632ad17e9a39393ab94ef055307ec053486fe703e2a614de391bc4a65,mal_train,1,snatch,bd5ebf9632ad17e9a39393ab94ef055307ec053486fe703e2a614de391bc4a65,x64,plain,1,
vs,bf5f4d7b6ef1fdb903677e4ede04fb49952e08cee79822b9b53642bb5d1e6f02,mal_train,1,snatch,bf5f4d7b6ef1fdb903677e4ede04fb49952e08cee79822b9b53642bb5d1e6f02,x64,plain,1,
vs,bf9f6c46bf0d4ddf1e18550a5e2faaf30f19fabe4d8b7b134ffc9bfbacc479fd,mal_train,1,snatch,bf9f6c46bf0d4ddf1e18550a5e2faaf30f19fabe4d8b7b134ffc9bfbacc479fd,x86,plain,1,
vs,c64bf1a1e4d47232d1966ec0515f7d80503a001f42b8dd3c99459f94dc0b3132,mal_train,1,snatch,c64bf1a1e4d47232d1966ec0515f7d80503a001f42b8dd3c99459f94dc0b3132,x86,upx_unpacked,1,
vs,c64c3ea2bc5e7a94d67a6cea1abad1b646d9bc43bbee7a62c5980a40c9ea5c9e,mal_train,1,snatch,c64c3ea2bc5e7a94d67a6cea1abad1b646d9bc43bbee7a62c5980a40c9ea5c9e,x86,plain,1,
vs,d85188c58acb395ae88ad2be1f48044090eb03f125c97692c20787b933bbbd1a,mal_train,1,snatch,d85188c58acb395ae88ad2be1f48044090eb03f125c97692c20787b933bbbd1a,x64,upx_unpacked,1,
vs,db3330f499a07cf449e3e6f4f43428809d57f5b63923342694468cd6a4f4b943,mal_train,1,snatch,db3330f499a07cf449e3e6f4f43428809d57f5b63923342694468cd6a4f4b943,x86,upx_unpacked,1,
vs,dd23476649d1dbd1561ae7a3b07e9f7ea49a0cde94c467825a523cd645a08e5b,mal_train,1,snatch,dd23476649d1dbd1561ae7a3b07e9f7ea49a0cde94c467825a523cd645a08e5b,x86,upx_unpacked,1,
vs,e50d52fbac295a37f0ed0b724d4ddafca8c86bcd2391b4c481d51d5e279afd20,mal_train,1,snatch,e50d52fbac295a37f0ed0b724d4ddafca8c86bcd2391b4c481d51d5e279afd20,x64,plain,1,
vs,edade6616334f3d313ac3ea7c3e432d8d9461cddad8e2ec3a94ffdc6e336a94e,mal_train,1,snatch,edade6616334f3d313ac3ea7c3e432d8d9461cddad8e2ec3a94ffdc6e336a94e,x86,upx_unpacked,1,
vs,fc82772468e062322e676763a8a22c7604224448b18580fa54fdc37e4a661846,mal_train,1,snatch,fc82772468e062322e676763a8a22c7604224448b18580fa54fdc37e4a661846,x86,plain,1,
vs,fefb3c7053a1332b03a4c0523862e8e387a5065b263cf10cb0d7f33f02afc646,mal_train,1,snatch,fefb3c7053a1332b03a4c0523862e8e387a5065b263cf10cb0d7f33f02afc646,x64,plain,1,
vs,09ad72ac1eedef1ee80aa857e300161bc701a2d06105403fb7f3992cbf37c8b9,mal_train,1,sugar,09ad72ac1eedef1ee80aa857e300161bc701a2d06105403fb7f3992cbf37c8b9,x86,plain,1,
vs,1d4f0f02e613ccbbc47e32967371aa00f8d3dfcf388c39f0c55a911b8256f654,mal_train,1,sugar,1d4f0f02e613ccbbc47e32967371aa00f8d3dfcf388c39f0c55a911b8256f654,x86,plain,1,
vs,315045e506eb5e9f5fd24e4a55cda48d223ac3450037586ce6dab70afc8ddfc9,mal_train,1,sugar,315045e506eb5e9f5fd24e4a55cda48d223ac3450037586ce6dab70afc8ddfc9,x86,plain,1,
vs,43e4a6830f54f3bd039b90f0a27ad19a9f2bb673ab990f34dc201c3b102e056a,mal_train,1,sugar,43e4a6830f54f3bd039b90f0a27ad19a9f2bb673ab990f34dc201c3b102e056a,x86,plain,1,
vs,4a97bc8111631795cb730dfe7836d0afac3131ed8a91db81dde5062bb8021058,mal_train,1,sugar,4a97bc8111631795cb730dfe7836d0afac3131ed8a91db81dde5062bb8021058,x86,plain,1,
vs,061cea03cc1ffa7d052caa1efa3c0625da9a0f20d3f22f80d47a7c1e3a174c8f,mal_train,1,teslacrypt,061cea03cc1ffa7d052caa1efa3c0625da9a0f20d3f22f80d47a7c1e3a174c8f,x86,upx,0,upx
vs,18bcc45a960987ba95d31d56896101b759069fa092ad583ee418287d12147e5e,mal_train,1,teslacrypt,18bcc45a960987ba95d31d56896101b759069fa092ad583ee418287d12147e5e,x86,upx,0,upx
vs,4ae1ad34591e55c2f2a6c73e9255cada22b86c6300d60629403bf997c34ef1ed,mal_train,1,teslacrypt,4ae1ad34591e55c2f2a6c73e9255cada22b86c6300d60629403bf997c34ef1ed,x86,plain,1,
vs,514e6f0d3504b099fd92547852eca34774aac787186224c0c3a5a6207be3175b,mal_train,1,teslacrypt,514e6f0d3504b099fd92547852eca34774aac787186224c0c3a5a6207be3175b,x86,plain,1,
vs,54053b77dcb3767ec60d901c448a2e6f978371d1e61206c9fc8b1b2515941181,mal_train,1,teslacrypt,54053b77dcb3767ec60d901c448a2e6f978371d1e61206c9fc8b1b2515941181,x86,upx,0,upx
vs,6b5da1fabaf06b38cbd9d2d2fe6ab878c35d1102f9201f81366bc2df3d6a6603,mal_train,1,teslacrypt,6b5da1fabaf06b38cbd9d2d2fe6ab878c35d1102f9201f81366bc2df3d6a6603,x86,plain,1,
vs,6df87fb710e47fa8fa5181c0cce49ad33358885a7b96df5ea703557a799d6ba4,mal_train,1,teslacrypt,6df87fb710e47fa8fa5181c0cce49ad33358885a7b96df5ea703557a799d6ba4,x86,upx,0,upx
vs,717d5e5d0e1dd08209b895023d284188798dd7e8b32ced22346b06b706b0f63a,mal_train,1,teslacrypt,717d5e5d0e1dd08209b895023d284188798dd7e8b32ced22346b06b706b0f63a,x86,upx,0,upx
vs,82744245650ad6d277364380daa06fcbc4c8a26d78f082fab01902b236ff4036,mal_train,1,teslacrypt,82744245650ad6d277364380daa06fcbc4c8a26d78f082fab01902b236ff4036,x86,upx,0,upx
vs,87feca94fc02b098be787060da09fc6f6473221ddf4aaa2f19321db3de256c0d,mal_train,1,teslacrypt,87feca94fc02b098be787060da09fc6f6473221ddf4aaa2f19321db3de256c0d,x86,plain,1,
vs,c2efb7f53b1a7a61f2abf2d1b64d0d5085989ad65a9749a58e54a238e8044dbf,mal_train,1,teslacrypt,c2efb7f53b1a7a61f2abf2d1b64d0d5085989ad65a9749a58e54a238e8044dbf,x86,upx,0,upx
vs,c7386fde4d6b42bc322682a7cb465122859d67804c2f51eeec0d581bfae110d5,mal_train,1,teslacrypt,c7386fde4d6b42bc322682a7cb465122859d67804c2f51eeec0d581bfae110d5,x86,plain,1,
vs,ce2611bd103c49a79329b1825110b238c4424710d4e996ad8b0fef92d6c41393,mal_train,1,teslacrypt,ce2611bd103c49a79329b1825110b238c4424710d4e996ad8b0fef92d6c41393,x86,upx,0,upx
vs,f329fc3bbda4bbe2f21824881a9b1f65e94c8a8b8a43305e69dfe8f336960df1,mal_train,1,teslacrypt,f329fc3bbda4bbe2f21824881a9b1f65e94c8a8b8a43305e69dfe8f336960df1,x86,upx,0,upx
vs,f8e9e1ee90963ca1f8edba227ba7b80b3d3db581c9145c0c7152a97a35dcd695,mal_train,1,teslacrypt,f8e9e1ee90963ca1f8edba227ba7b80b3d3db581c9145c0c7152a97a35dcd695,x86,plain,1,
vs,47c2845545be0b7a6c7e0f73ccb16978fe7a226cf802b19b33dde1874c2fc9da,mal_train,1,trigona,47c2845545be0b7a6c7e0f73ccb16978fe7a226cf802b19b33dde1874c2fc9da,x86,plain,1,
vs,4933d2287e2e0cd36e11b8a0518889fe92391e4396871339939ddceea51e5b7e,mal_train,1,trigona,4933d2287e2e0cd36e11b8a0518889fe92391e4396871339939ddceea51e5b7e,x86,plain,1,
vs,49419d9a401cba4f84da4213fcb37d943715a70c98577e241e2e491640faf359,mal_train,1,trigona,49419d9a401cba4f84da4213fcb37d943715a70c98577e241e2e491640faf359,x86,plain,1,
vs,4a09036e53e2b2edbc04f1d66e212d6338546b788282ae7d053a003e9e4c93f9,mal_train,1,trigona,4a09036e53e2b2edbc04f1d66e212d6338546b788282ae7d053a003e9e4c93f9,x86,plain,1,
vs,4b771cd89739a9f1f9d03f3d1e3702af6a375f3dcba0ad904eda489fb014a37e,mal_train,1,trigona,4b771cd89739a9f1f9d03f3d1e3702af6a375f3dcba0ad904eda489fb014a37e,x86,plain,1,
vs,4e4074e8033f95da0eea13a2754321fe2d71c2b45ef53ad9c75331f1d29c7291,mal_train,1,trigona,4e4074e8033f95da0eea13a2754321fe2d71c2b45ef53ad9c75331f1d29c7291,x86,plain,1,
vs,508c97a6bbd5071e9f7c72012b1257582367c15bdf320f3cdec09b9642803752,mal_train,1,trigona,508c97a6bbd5071e9f7c72012b1257582367c15bdf320f3cdec09b9642803752,x86,plain,1,
vs,51f60098e30ba803c3f3779273ec2b2b227d366af4187625975115efa5a7e6a7,mal_train,1,trigona,51f60098e30ba803c3f3779273ec2b2b227d366af4187625975115efa5a7e6a7,x86,plain,1,
vs,55654807b9af7ebca5e3714d950fe07c017f92ad696f57467554249e90c83fdb,mal_train,1,trigona,55654807b9af7ebca5e3714d950fe07c017f92ad696f57467554249e90c83fdb,x86,plain,1,
vs,8cf67f9a52293ba9a55e0302460290fee19f3fcad83c1f9e4ab143ca998ac157,mal_train,1,trigona,8cf67f9a52293ba9a55e0302460290fee19f3fcad83c1f9e4ab143ca998ac157,x86,plain,1,
vs,933443d4a0fae8938ede0c440e3314283e5e9e4ba32015e9c8c8df1046cebd28,mal_train,1,trigona,933443d4a0fae8938ede0c440e3314283e5e9e4ba32015e9c8c8df1046cebd28,x86,plain,1,
vs,983590ffbdf013bcf16980e7597742def0e06ef3c2d6e2bb71918f7e38b33339,mal_train,1,trigona,983590ffbdf013bcf16980e7597742def0e06ef3c2d6e2bb71918f7e38b33339,x86,plain,1,
vs,9c33e41ea79c84e40219cfdab5c919c116563d7241e73b88be345e546e53aaec,mal_train,1,trigona,9c33e41ea79c84e40219cfdab5c919c116563d7241e73b88be345e546e53aaec,x86,plain,1,
vs,317b6cb9b47f2ac069e771024de767c3b80b23b5527d43bbf00e0a11d9563e56,mal_train,1,underground,317b6cb9b47f2ac069e771024de767c3b80b23b5527d43bbf00e0a11d9563e56,x64,plain,1,
vs,56ccc7562cea5da87146fcc74b158051bf4e52e5e163ad4e810a417726382975,mal_train,1,underground,56ccc7562cea5da87146fcc74b158051bf4e52e5e163ad4e810a417726382975,x64,plain,1,
vs,9d41b2f7c07110fb855c62b5e7e330a597860916599e73dd3505694fd1bbe163,mal_train,1,underground,9d41b2f7c07110fb855c62b5e7e330a597860916599e73dd3505694fd1bbe163,x64,plain,1,
vs,9f702b94a86558df87de316611d9f1bfe99a6d8da9fa9b3d7bb125a12f9ad11f,mal_train,1,underground,9f702b94a86558df87de316611d9f1bfe99a6d8da9fa9b3d7bb125a12f9ad11f,x64,plain,1,
vs,b6cd9094503f184c05afb851644c079dc177001fa2b2286cdb5861338cdb655a,mal_train,1,underground,b6cd9094503f184c05afb851644c079dc177001fa2b2286cdb5861338cdb655a,x64,plain,1,
vs,cc80c74a3592374341324d607d877dcf564d326a1354f3f2a4af58030e716813,mal_train,1,underground,cc80c74a3592374341324d607d877dcf564d326a1354f3f2a4af58030e716813,x86,plain,1,
vs,237eedeb8441b45ad9e0f194a92a4198d7c267b6cc059a5d1f436a8e288208d7,mal_train,1,voidcrypt,237eedeb8441b45ad9e0f194a92a4198d7c267b6cc059a5d1f436a8e288208d7,x86,plain,1,
vs,2b5c0eed6f0e364b39dba4263611b01e7c2399232fbf23a66ad17760d616314c,mal_train,1,voidcrypt,2b5c0eed6f0e364b39dba4263611b01e7c2399232fbf23a66ad17760d616314c,x86,dotnet,0,dotnet
vs,33894a6f9df34bfdd9408bf6771ddc3ce32a315287b228a3bef4753e699fd1d3,mal_train,1,voidcrypt,33894a6f9df34bfdd9408bf6771ddc3ce32a315287b228a3bef4753e699fd1d3,x86,plain,1,
vs,37d8add251cb4179224ebbc0e28f8d9e26b5e64bbaec37f26a996bf51556f04c,mal_train,1,voidcrypt,37d8add251cb4179224ebbc0e28f8d9e26b5e64bbaec37f26a996bf51556f04c,x86,plain,1,
vs,38ce63f584c09d26d888ee142ab7811371dbdaaa90c0ad5b74eee7a450200b55,mal_train,1,voidcrypt,38ce63f584c09d26d888ee142ab7811371dbdaaa90c0ad5b74eee7a450200b55,x64,plain,1,
vs,4b78968928cfa5437ffdd56a39a5ea8c10a7b6dc5d3f342d003260088876b3cf,mal_train,1,voidcrypt,4b78968928cfa5437ffdd56a39a5ea8c10a7b6dc5d3f342d003260088876b3cf,x86,plain,1,
vs,7da77eaacd0250e24e41bec55fab2055c2709f0cf0f6b391895833f4cd25e95d,mal_train,1,voidcrypt,7da77eaacd0250e24e41bec55fab2055c2709f0cf0f6b391895833f4cd25e95d,x86,upx_unpacked,1,
vs,85e20e2f586121db07acebca51f79553b081babdc09471548d7f6b1845af4885,mal_train,1,voidcrypt,85e20e2f586121db07acebca51f79553b081babdc09471548d7f6b1845af4885,x86,dotnet,0,dotnet
vs,8e288d4319a518755a6e58e0506b9ec1a6b4559edfa3285b0ab3b56cf37b5e55,mal_train,1,voidcrypt,8e288d4319a518755a6e58e0506b9ec1a6b4559edfa3285b0ab3b56cf37b5e55,x86,plain,1,
vs,995a91e668b85a992c8a71aed191fa0fafa3b1606bf205bef93a2457786de555,mal_train,1,voidcrypt,995a91e668b85a992c8a71aed191fa0fafa3b1606bf205bef93a2457786de555,x86,plain,1,
vs,9d90421b2e7afff3634a9b1590a165c07995d9e4f171e143c131d540147ec556,mal_train,1,voidcrypt,9d90421b2e7afff3634a9b1590a165c07995d9e4f171e143c131d540147ec556,x86,plain,1,
vs,a6f33427a356dca0420466bcc3283592e87caf4c8224c7d50819f69c71edd461,mal_train,1,voidcrypt,a6f33427a356dca0420466bcc3283592e87caf4c8224c7d50819f69c71edd461,x86,plain,1,
vs,c1541dabff4ef4cadea71595847685b69a3d61c0dc858357bcb9a275e12fc1f3,mal_train,1,voidcrypt,c1541dabff4ef4cadea71595847685b69a3d61c0dc858357bcb9a275e12fc1f3,x86,plain,1,
vs,c17cdbbe0510b57010199556384f6bba3e08fbc8dd99904ba226b9d476eb9f21,mal_train,1,voidcrypt,c17cdbbe0510b57010199556384f6bba3e08fbc8dd99904ba226b9d476eb9f21,x86,plain,1,
vs,c1819043839dddcca0b5de3d438cffb67c79dc26e811e97e65f13d89845cc969,mal_train,1,voidcrypt,c1819043839dddcca0b5de3d438cffb67c79dc26e811e97e65f13d89845cc969,x86,plain,1,
vs,ed99d001320e16b8437a980c8bc8c34ad50d351cd6963f91ddd88f37bac6ec6b,mal_train,1,voidcrypt,ed99d001320e16b8437a980c8bc8c34ad50d351cd6963f91ddd88f37bac6ec6b,x86,plain,1,
vs,166ae85a618b2a82d8da2af29d62c2e8396fde064a23431305be37f772a63a68,mal_train,1,wannacry,166ae85a618b2a82d8da2af29d62c2e8396fde064a23431305be37f772a63a68,x64,plain,1,
vs,452ccbc7fb8cd4965bdd672e0d2403a0d14fe9ca96972088b0828cd2c9d6695f,mal_train,1,wannacry,452ccbc7fb8cd4965bdd672e0d2403a0d14fe9ca96972088b0828cd2c9d6695f,x64,plain,1,
vs,475cafae4b1b1d04e379256333291d72ade6b0a52563d7f4d53540741e45ad85,mal_train,1,wannacry,475cafae4b1b1d04e379256333291d72ade6b0a52563d7f4d53540741e45ad85,x64,plain,1,
vs,5a2eeecc6e9890ba62bdae25a8ea1451d800f347f69e0edc60814511d481ce96,mal_train,1,wannacry,5a2eeecc6e9890ba62bdae25a8ea1451d800f347f69e0edc60814511d481ce96,x64,plain,1,
vs,5cd10544926cb1de8402d968b174e6929067a02ce48433e57da869bc7d22444b,mal_train,1,wannacry,5cd10544926cb1de8402d968b174e6929067a02ce48433e57da869bc7d22444b,x64,plain,1,
vs,6fa4eed4ae205674921ebf7b96db0b662e235157d294302d47a83b1fa5a44ace,mal_train,1,wannacry,6fa4eed4ae205674921ebf7b96db0b662e235157d294302d47a83b1fa5a44ace,x64,plain,1,
vs,908b894dda4cf38ee4bd4ede8d07ce880e71d3e9dd4c401084f5f8d9fb675fb6,mal_train,1,wannacry,908b894dda4cf38ee4bd4ede8d07ce880e71d3e9dd4c401084f5f8d9fb675fb6,x64,plain,1,
vs,a358160820111766874c95b5e0f5121e5a65b17880f9f4d7eda7eb593d7ca58d,mal_train,1,wannacry,a358160820111766874c95b5e0f5121e5a65b17880f9f4d7eda7eb593d7ca58d,x64,plain,1,
vs,a3d2ffeb62750d348a1ada2307f98987d3132d6ea9259ed12b1b6dccba9f83ce,mal_train,1,wannacry,a3d2ffeb62750d348a1ada2307f98987d3132d6ea9259ed12b1b6dccba9f83ce,x64,plain,1,
vs,a69b5e8a0770722ee01f07e72c5779dd5fa7e650de4d988f54f014661061eea7,mal_train,1,wannacry,a69b5e8a0770722ee01f07e72c5779dd5fa7e650de4d988f54f014661061eea7,x64,plain,1,
vs,a7024a45d429d5b4f297ffb60e29bdda6e70d6bfa465654403f62822670c9e6c,mal_train,1,wannacry,a7024a45d429d5b4f297ffb60e29bdda6e70d6bfa465654403f62822670c9e6c,x64,plain,1,
vs,aeedfc2ccefd82ddb3854277e0dac4839e260bd380871f1c30ace052c4b80ee9,mal_train,1,wannacry,aeedfc2ccefd82ddb3854277e0dac4839e260bd380871f1c30ace052c4b80ee9,x64,plain,1,
vs,bba46a7f88ab17210725a1849df8bedcf992b4a1e4b7f2c4504bb53a33062518,mal_train,1,wannacry,bba46a7f88ab17210725a1849df8bedcf992b4a1e4b7f2c4504bb53a33062518,x64,plain,1,
vs,bc538b1020ea91149078a72dee02a74affb9eec6903949664b0a42f7c7d9351e,mal_train,1,wannacry,bc538b1020ea91149078a72dee02a74affb9eec6903949664b0a42f7c7d9351e,x64,plain,1,
vs,d76f7b5a55ef8f6db63f62a3e83646d57d50677267ab316909122b2ae716eb90,mal_train,1,wannacry,d76f7b5a55ef8f6db63f62a3e83646d57d50677267ab316909122b2ae716eb90,x64,plain,1,
vs,e9d7cf3afe8cf7cbf806e39ce528648ea9bb5aa64b0d1b2fc4d2ec3fe92f294b,mal_train,1,wannacry,e9d7cf3afe8cf7cbf806e39ce528648ea9bb5aa64b0d1b2fc4d2ec3fe92f294b,x64,plain,1,
vs,ea8e565ccaf2d39932858c6156819e2fa23eb23a7aa06f2c1d3ae33c0ad68718,mal_train,1,wannacry,ea8e565ccaf2d39932858c6156819e2fa23eb23a7aa06f2c1d3ae33c0ad68718,x64,plain,1,
vs,ec9d65250ddb2195103381f7662ab1d370bbb84aee2b35384ffd4bb69d28177b,mal_train,1,wannacry,ec9d65250ddb2195103381f7662ab1d370bbb84aee2b35384ffd4bb69d28177b,x64,plain,1,
vs,ee7fd9a7b8d73554b4d2ca3a0b0a077987554d3c98b56a7001198bd3d5ab251b,mal_train,1,wannacry,ee7fd9a7b8d73554b4d2ca3a0b0a077987554d3c98b56a7001198bd3d5ab251b,x64,plain,1,
vs,f104b1627093a981d43ac2d6123b1e6c2990ca1a8e018776c944d895f773b0c0,mal_train,1,wannacry,f104b1627093a981d43ac2d6123b1e6c2990ca1a8e018776c944d895f773b0c0,x64,plain,1,
vs,49d828087ca77abc8d3ac2e4719719ca48578b265bbb632a1a7a36560ec47f2d,mal_train,1,yanluowang,49d828087ca77abc8d3ac2e4719719ca48578b265bbb632a1a7a36560ec47f2d,x86,plain,1,
vs,d11793433065633b84567de403c1989640a07c9a399dd2753aaf118891ce791c,mal_train,1,yanluowang,d11793433065633b84567de403c1989640a07c9a399dd2753aaf118891ce791c,x86,plain,1,
vs,0358e06e72e92d95dbaff4f113018f6bf6fd0fb064108adc349b80d016b207eb,mal_train,1,akira,0358e06e72e92d95dbaff4f113018f6bf6fd0fb064108adc349b80d016b207eb,x64,plain,1,
vs,0c662d28268514fabc7129fd14d6e3e9d7df29261a861bcf8aab1f318bb8e7d0,mal_train,1,akira,0c662d28268514fabc7129fd14d6e3e9d7df29261a861bcf8aab1f318bb8e7d0,x64,plain,1,
vs,0fe572e7aad25a38ba9ee9b4600ddc02641e29061de250c525d6828f70326005,mal_train,1,akira,0fe572e7aad25a38ba9ee9b4600ddc02641e29061de250c525d6828f70326005,x64,plain,1,
vs,118a61b23ecb66658d42836ac9b8c78ffd2e5b994e2dcc53a4c7ca4291a4cfad,mal_train,1,akira,118a61b23ecb66658d42836ac9b8c78ffd2e5b994e2dcc53a4c7ca4291a4cfad,x64,plain,1,
vs,120715377727531a56f32225e196b1536618d224662fa0b3ba6c52dba80f3b29,mal_train,1,akira,120715377727531a56f32225e196b1536618d224662fa0b3ba6c52dba80f3b29,x64,plain,1,
vs,198dfcbc76525d6b18a504fbb45d715876dddb9c7a70e2857cfc8a9cd41b3308,mal_train,1,akira,198dfcbc76525d6b18a504fbb45d715876dddb9c7a70e2857cfc8a9cd41b3308,x64,plain,1,
vs,1ec34305e593c27bb95d538d45b6a17433e71fa1c1877ce78bf2dbda6839f218,mal_train,1,akira,1ec34305e593c27bb95d538d45b6a17433e71fa1c1877ce78bf2dbda6839f218,x64,plain,1,
vs,20c8003ce867f220f35d70424592dd33c5ad53d5d3a6e7845394375bda6f3c19,mal_train,1,akira,20c8003ce867f220f35d70424592dd33c5ad53d5d3a6e7845394375bda6f3c19,x64,plain,1,
vs,2c7aeac07ce7f03b74952e0e243bd52f2bfa60fadc92dd71a6a1fee2d14cdd77,mal_train,1,akira,2c7aeac07ce7f03b74952e0e243bd52f2bfa60fadc92dd71a6a1fee2d14cdd77,x86,plain,1,
vs,2d931f6867e7049b450c8ab36e1f8e6a51f0ee95fc2253d0759e3e3b118fe1d1,mal_train,1,akira,2d931f6867e7049b450c8ab36e1f8e6a51f0ee95fc2253d0759e3e3b118fe1d1,x64,plain,1,
vs,2e2ad6392e75d5a5155498c2a76cb373d17ca3ad4ba57c6d33c623fca5e29342,mal_train,1,akira,2e2ad6392e75d5a5155498c2a76cb373d17ca3ad4ba57c6d33c623fca5e29342,x64,plain,1,
vs,30430bcfeee8141ba1dba3983c9a8d89f3c1acf5b8efd0d97f23d4a122c0787a,mal_train,1,akira,30430bcfeee8141ba1dba3983c9a8d89f3c1acf5b8efd0d97f23d4a122c0787a,x64,plain,1,
vs,3720cafdd914d70d5fccf8d61593a66b5bdc400432e687c92e66eb3b5e8a9d9e,mal_train,1,akira,3720cafdd914d70d5fccf8d61593a66b5bdc400432e687c92e66eb3b5e8a9d9e,x64,plain,1,
vs,39e8cc7d47b69341908afda35046dbcccf118271918e69c4012dd35923b55c9f,mal_train,1,akira,39e8cc7d47b69341908afda35046dbcccf118271918e69c4012dd35923b55c9f,x64,plain,1,
vs,3da380b7816c9f1c3fbf9d63aeeb02cd939ca68d3062b0f35b660b7b75b81028,mal_train,1,akira,3da380b7816c9f1c3fbf9d63aeeb02cd939ca68d3062b0f35b660b7b75b81028,x64,plain,1,
vs,43226a19b0f84ddc353eff49aba8a0791d5d12b74d984adfdc24cf7f0d73d25a,mal_train,1,akira,43226a19b0f84ddc353eff49aba8a0791d5d12b74d984adfdc24cf7f0d73d25a,x64,plain,1,
vs,43b0ac119ff957bb209d86ec206ea1ec3c51dd87bebf7b4a649c7e6c7f3756e7,mal_train,1,akira,43b0ac119ff957bb209d86ec206ea1ec3c51dd87bebf7b4a649c7e6c7f3756e7,x64,plain,1,
vs,4f0b6ccf09a4c8e05aaf945bd23f2ef1d02f936682cfe6d42e3f1c4c5d8c60e2,mal_train,1,akira,4f0b6ccf09a4c8e05aaf945bd23f2ef1d02f936682cfe6d42e3f1c4c5d8c60e2,x64,plain,1,
vs,4f16317dba9b983bf494892dcd227c0795f3809303e3b2787bf0a2193a318e0c,mal_train,1,akira,4f16317dba9b983bf494892dcd227c0795f3809303e3b2787bf0a2193a318e0c,x64,plain,1,
vs,566ef5484da0a93c87dd0cb0a950a7cff4ab013175289cd5fccf9dd7ea430739,mal_train,1,akira,566ef5484da0a93c87dd0cb0a950a7cff4ab013175289cd5fccf9dd7ea430739,x64,plain,1,
vs,58e685695afc3a85d2632777a2b54967dc53d6a6fa1b7e2c110b2023b561bfe9,mal_train,1,akira,58e685695afc3a85d2632777a2b54967dc53d6a6fa1b7e2c110b2023b561bfe9,x64,plain,1,
vs,5cddd87ae2b853a6e6eb0ad62cb14c9005c488a12eabb663a58bf7a413c7e6dc,mal_train,1,akira,5cddd87ae2b853a6e6eb0ad62cb14c9005c488a12eabb663a58bf7a413c7e6dc,x64,plain,1,
vs,71029bcf2c1708dd53473885e244bf37daba6543e13bdf1925a7d5c2ee683a37,mal_train,1,akira,71029bcf2c1708dd53473885e244bf37daba6543e13bdf1925a7d5c2ee683a37,x64,plain,1,
vs,74fbb7885ee486028fe2723f95911474b771f361b2b40ddb77c46f252059c696,mal_train,1,akira,74fbb7885ee486028fe2723f95911474b771f361b2b40ddb77c46f252059c696,x64,plain,1,
vs,78d75669390e4177597faf9271ce3ad3a16a3652e145913dbfa9a5951972fcb0,mal_train,1,akira,78d75669390e4177597faf9271ce3ad3a16a3652e145913dbfa9a5951972fcb0,x64,plain,1,
vs,7f4a4a2093163e8946b5649b91c942d414779bec4551613cd35a812d6c9359f5,mal_train,1,akira,7f4a4a2093163e8946b5649b91c942d414779bec4551613cd35a812d6c9359f5,x64,plain,1,
vs,86517343326a99a6c89ee5a1895b43b338214ef945de817c22a2cf37f127c4b4,mal_train,1,akira,86517343326a99a6c89ee5a1895b43b338214ef945de817c22a2cf37f127c4b4,x64,plain,1,
vs,86b421d47957716217c6aa646402f2a85fb7b1cc2eb988e22102d5a2b2af38d4,mal_train,1,akira,86b421d47957716217c6aa646402f2a85fb7b1cc2eb988e22102d5a2b2af38d4,x64,plain,1,
vs,87b4020bcd3fad1f5711e6801ca269ef5852256eeaf350f4dde2dc46c576262d,mal_train,1,akira,87b4020bcd3fad1f5711e6801ca269ef5852256eeaf350f4dde2dc46c576262d,x64,plain,1,
vs,88da2b1cee373d5f11949c1ade22af0badf16591a871978a9e02f70480e547b2,mal_train,1,akira,88da2b1cee373d5f11949c1ade22af0badf16591a871978a9e02f70480e547b2,x64,plain,1,
vs,988776358d0e45a4907dc1f4906a916f1b3595a31fa44d8e04e563a32557eb42,mal_train,1,akira,988776358d0e45a4907dc1f4906a916f1b3595a31fa44d8e04e563a32557eb42,x64,plain,1,
vs,a091fb15074d114bcc16a3575c6053535356c3e8576e50e147b7cf3876d33267,mal_train,1,akira,a091fb15074d114bcc16a3575c6053535356c3e8576e50e147b7cf3876d33267,x64,plain,1,
vs,a0cf7860499118926c61f08dc2e6b8701b90f16cf3887aebf79111e6ac2763c6,mal_train,1,akira,a0cf7860499118926c61f08dc2e6b8701b90f16cf3887aebf79111e6ac2763c6,x64,plain,1,
vs,a5806174261004a0b8b5c0be808a77e5f25b867a4c522813035c2b0dc05d90a2,mal_train,1,akira,a5806174261004a0b8b5c0be808a77e5f25b867a4c522813035c2b0dc05d90a2,x64,plain,1,
vs,a6d68214bf78c925b6fe6ab277589bc28c338e7253625925a674f380f3a52102,mal_train,1,akira,a6d68214bf78c925b6fe6ab277589bc28c338e7253625925a674f380f3a52102,x64,plain,1,
vs,aaa7799edfd86b52438a9e0d71f8069cbcbe1988036b95888fcdc553e729b7b9,mal_train,1,akira,aaa7799edfd86b52438a9e0d71f8069cbcbe1988036b95888fcdc553e729b7b9,x64,plain,1,
vs,ae455890e2123a9d011e47065828b0a03c08fd66570fab9d0340d2f5d5eb40c3,mal_train,1,akira,ae455890e2123a9d011e47065828b0a03c08fd66570fab9d0340d2f5d5eb40c3,x64,plain,1,
vs,b6e7b72176815257a1684e9ecdb22766d3a07747edaae45d655320ba0ee7940d,mal_train,1,akira,b6e7b72176815257a1684e9ecdb22766d3a07747edaae45d655320ba0ee7940d,x64,plain,1,
vs,b8ed237d1cfef4f1cefaeb06219be94b8fbb8cf404369b4f3734deeccb3e1079,mal_train,1,akira,b8ed237d1cfef4f1cefaeb06219be94b8fbb8cf404369b4f3734deeccb3e1079,x64,plain,1,
vs,b9c1e8700e39c6768be9d6bcb092cd6abe80d4244fc437566b58721cdc7d61ff,mal_train,1,akira,b9c1e8700e39c6768be9d6bcb092cd6abe80d4244fc437566b58721cdc7d61ff,x64,plain,1,
vs,bd3a93a17a89ea67e9bd08df7aa5feeeca18dd7c1e01687d293d649539416e18,mal_train,1,akira,bd3a93a17a89ea67e9bd08df7aa5feeeca18dd7c1e01687d293d649539416e18,x64,plain,1,
vs,c4a2ab36c207f3e437ea3c7b424c18521d3ada91ef771a3d04fbd2db99f18857,mal_train,1,akira,c4a2ab36c207f3e437ea3c7b424c18521d3ada91ef771a3d04fbd2db99f18857,x64,plain,1,
vs,ccda8247360a85b6c076527e438a995757b6cdf5530f38e125915d31291c00d5,mal_train,1,akira,ccda8247360a85b6c076527e438a995757b6cdf5530f38e125915d31291c00d5,x64,plain,1,
vs,d07b379369e9faea0fed406b9b37652b2fc6453044ab17c1e2189cf61640ab90,mal_train,1,akira,d07b379369e9faea0fed406b9b37652b2fc6453044ab17c1e2189cf61640ab90,x64,plain,1,
vs,db39502dde5980ff3f36c39fe540b49053d1baf46a393bc0f05fc9b0ccf47951,mal_train,1,akira,db39502dde5980ff3f36c39fe540b49053d1baf46a393bc0f05fc9b0ccf47951,x64,plain,1,
vs,db9060c4be0fb23d59a7059512c08dd11182e0c47c0d429b2d91af763ca4d28a,mal_train,1,akira,db9060c4be0fb23d59a7059512c08dd11182e0c47c0d429b2d91af763ca4d28a,x64,plain,1,
vs,dd6846820cc36b396809f63b3dc9ffb90be3b9e270f77c2fbeda0b04870a1a1d,mal_train,1,akira,dd6846820cc36b396809f63b3dc9ffb90be3b9e270f77c2fbeda0b04870a1a1d,x64,plain,1,
vs,e10cae894e8873c72ae9e5f3590e2f78f6cc2dcfe01e1a5039c8b6532bfab5f8,mal_train,1,akira,e10cae894e8873c72ae9e5f3590e2f78f6cc2dcfe01e1a5039c8b6532bfab5f8,x64,plain,1,
vs,e3f059eff2a2fd62f9161663ff2d39580d56aba17d85e8f16908381bb84d0842,mal_train,1,akira,e3f059eff2a2fd62f9161663ff2d39580d56aba17d85e8f16908381bb84d0842,x64,plain,1,
vs,e7a44ea5adc366e7600623e7ff433d57cf3ba0bfac8171899497fec6c8a28acc,mal_train,1,akira,e7a44ea5adc366e7600623e7ff433d57cf3ba0bfac8171899497fec6c8a28acc,x64,plain,1,
vs,ef9d89e9f4371ea86b4f744a3abae761b7e7bcc715239ab3c4c0f4d317a77bb0,mal_train,1,akira,ef9d89e9f4371ea86b4f744a3abae761b7e7bcc715239ab3c4c0f4d317a77bb0,x64,plain,1,
vs,f0c1268ae4f6b942bd9af389c0c0f2e78e6dd163c3a1f41b83ce6e1005f3a404,mal_train,1,akira,f0c1268ae4f6b942bd9af389c0c0f2e78e6dd163c3a1f41b83ce6e1005f3a404,x64,plain,1,
vs,f11b60b273e2606e91832edbb014ad229563f5c537ddab11dba80018c11364dd,mal_train,1,akira,f11b60b273e2606e91832edbb014ad229563f5c537ddab11dba80018c11364dd,x64,plain,1,
vs,f12e00c1f9ee0e3ad6389f1f74bf4acc7c91a54948a4637b037357108f81133c,mal_train,1,akira,f12e00c1f9ee0e3ad6389f1f74bf4acc7c91a54948a4637b037357108f81133c,x64,plain,1,
vs,fd84c9c09358e721173725d0a1eeae08cd0c6d74b2f44646552adc4b19883e90,mal_train,1,akira,fd84c9c09358e721173725d0a1eeae08cd0c6d74b2f44646552adc4b19883e90,x64,plain,1,
vs,49f89b2fdef345a9d92fc821e4a226d8ac99e4ca0d2d11b5654f6557800b85f2,mal_train,1,bqtlock,49f89b2fdef345a9d92fc821e4a226d8ac99e4ca0d2d11b5654f6557800b85f2,x64,plain,1,
vs,618070d597dd73c43ba5d4bde2baa93a4f6038e3279de3bafe688caa5c409a58,mal_train,1,bqtlock,618070d597dd73c43ba5d4bde2baa93a4f6038e3279de3bafe688caa5c409a58,x64,plain,1,
vs,862f29aa00bb4ee33729bc6699990dbdf9ef890b8364f8288b173cb1ca5d6787,mal_train,1,bqtlock,862f29aa00bb4ee33729bc6699990dbdf9ef890b8364f8288b173cb1ca5d6787,x64,plain,1,
vs,881b048234ebed82339244eb0c18580d785944dc82f83949f6adc1a9bc225c3b,mal_train,1,bqtlock,881b048234ebed82339244eb0c18580d785944dc82f83949f6adc1a9bc225c3b,x64,plain,1,
vs,565d8418a61394823d0b15ca93db41c44cc12928f1e6a7b153d945f5f13db476,mal_train,1,chaos,565d8418a61394823d0b15ca93db41c44cc12928f1e6a7b153d945f5f13db476,x86,upx_unpacked,1,
vs,125f727400ec902951c8588d5f6077e199238c2d428144f5bb83d1fc6a22dac2,mal_train,1,conti,125f727400ec902951c8588d5f6077e199238c2d428144f5bb83d1fc6a22dac2,x86,plain,1,
vs,2ff3f8766332a55fd714923c8822ef236f772551b32e25c2068eb19c9215ed67,mal_train,1,conti,2ff3f8766332a55fd714923c8822ef236f772551b32e25c2068eb19c9215ed67,x86,plain,1,
vs,3a6e8f5a226edc006e29e38c48eaa721c12e48953abd56dcbc9b241975631247,mal_train,1,conti,3a6e8f5a226edc006e29e38c48eaa721c12e48953abd56dcbc9b241975631247,x86,plain,1,
vs,3bc43c7980c782e88a508e0a94767f5776f3bd79a94b4ce5630b3927af27fde1,mal_train,1,conti,3bc43c7980c782e88a508e0a94767f5776f3bd79a94b4ce5630b3927af27fde1,x86,plain,1,
vs,51ecf0ac3ce65c9eee40bd9c6cc788e38a6777ce809b509963d4869b1a80354d,mal_train,1,conti,51ecf0ac3ce65c9eee40bd9c6cc788e38a6777ce809b509963d4869b1a80354d,x86,plain,1,
vs,5d4350bcfecb0746c8aebf6f31052ea95b1901d558e27215bb0197e50f3b9e5c,mal_train,1,conti,5d4350bcfecb0746c8aebf6f31052ea95b1901d558e27215bb0197e50f3b9e5c,x86,plain,1,
vs,74685c3c571f81e1eb2fcbaaca74a9bf792a73b629568ce7571aca5d710f1647,mal_train,1,conti,74685c3c571f81e1eb2fcbaaca74a9bf792a73b629568ce7571aca5d710f1647,x86,plain,1,
vs,7bb4e30a5272731a9b846b4274aa84662026814b0d610c0c115158be1cd23332,mal_train,1,conti,7bb4e30a5272731a9b846b4274aa84662026814b0d610c0c115158be1cd23332,x86,plain,1,
vs,917788f1d9fd2664f18414faec3244a17c7d7ec29296b14b22cf19be90c95df4,mal_train,1,conti,917788f1d9fd2664f18414faec3244a17c7d7ec29296b14b22cf19be90c95df4,x86,plain,1,
vs,ae90567ca1a3f4dfc430ae9d6cfa5139385c418b6b70f01c2dd4931dc76ff97b,mal_train,1,conti,ae90567ca1a3f4dfc430ae9d6cfa5139385c418b6b70f01c2dd4931dc76ff97b,x86,plain,1,
vs,b8ae41c1122afd180d8dbc011866233945edcb0f19a3f43a1d1033709279cf32,mal_train,1,conti,b8ae41c1122afd180d8dbc011866233945edcb0f19a3f43a1d1033709279cf32,x86,plain,1,
vs,0ca9ffeab647cff8f90fa77444ac33d68cd7af945d9a9c70232c9999d2b6adae,mal_train,1,fog,0ca9ffeab647cff8f90fa77444ac33d68cd7af945d9a9c70232c9999d2b6adae,x86,plain,1,
vs,13103c1e54d1c55cb7bb306e4de1b9f80a7407ca2e19ee9b1e51eb1d3c5e4efe,mal_train,1,fog,13103c1e54d1c55cb7bb306e4de1b9f80a7407ca2e19ee9b1e51eb1d3c5e4efe,x86,plain,1,
vs,14bd544c89f1012aae91040fe535e058048e947475feadad25c24af6bcbaabef,mal_train,1,fog,14bd544c89f1012aae91040fe535e058048e947475feadad25c24af6bcbaabef,x86,plain,1,
vs,205844b121363c5345ae288de1a69d4318655fac54040e8f8f0f8ed407ca105f,mal_train,1,fog,205844b121363c5345ae288de1a69d4318655fac54040e8f8f0f8ed407ca105f,x86,plain,1,
vs,2e2a74099a9d68ff104ceed747672294321c8a5ffdf67c03504072ff964a65c7,mal_train,1,fog,2e2a74099a9d68ff104ceed747672294321c8a5ffdf67c03504072ff964a65c7,x86,plain,1,
vs,2e726bf4b61c3f9d3a53635520b2a483917483e92f920a2197b028e37c5a44a8,mal_train,1,fog,2e726bf4b61c3f9d3a53635520b2a483917483e92f920a2197b028e37c5a44a8,x86,plain,1,
vs,3278addf31aca87f4d7dc0c5dfbc4f575f8a2f761fedb0d9f730610a424dd80b,mal_train,1,fog,3278addf31aca87f4d7dc0c5dfbc4f575f8a2f761fedb0d9f730610a424dd80b,x86,plain,1,
vs,556e060cd78b90e64550691f85253bb84323fe0c16c031d4dd22e4cd25d6a0a2,mal_train,1,fog,556e060cd78b90e64550691f85253bb84323fe0c16c031d4dd22e4cd25d6a0a2,x86,plain,1,
vs,5fd227bbdfc25e646f3a7055fdf001a8d28a3207680b33facd6580f99c687f1f,mal_train,1,fog,5fd227bbdfc25e646f3a7055fdf001a8d28a3207680b33facd6580f99c687f1f,x86,plain,1,
vs,616bd7939463bad6e1b9ac419bd9f100a4b77bd8c799c0986d1f247f452f8e08,mal_train,1,fog,616bd7939463bad6e1b9ac419bd9f100a4b77bd8c799c0986d1f247f452f8e08,x86,plain,1,
vs,7374d208a9aa97e683476c1490eb640a00d796af2c36c66864e0250292a2738c,mal_train,1,fog,7374d208a9aa97e683476c1490eb640a00d796af2c36c66864e0250292a2738c,x86,plain,1,
vs,7f45d3e071f8da6c646cd283122e25822cf59f6ba298372969014a3a605bcb1e,mal_train,1,fog,7f45d3e071f8da6c646cd283122e25822cf59f6ba298372969014a3a605bcb1e,x86,plain,1,
vs,9323230b01d3e0fa03126e367cc442cef8a49bb7fe3a7b2ca0aa357568a707d9,mal_train,1,fog,9323230b01d3e0fa03126e367cc442cef8a49bb7fe3a7b2ca0aa357568a707d9,x86,plain,1,
vs,948902bedddc8b983c84990df8adafa67f1396154d778b3389681eb635c6335e,mal_train,1,fog,948902bedddc8b983c84990df8adafa67f1396154d778b3389681eb635c6335e,x86,plain,1,
vs,a6bdb5f442c8565ee1268c1eaacc1bf79308e0e1270dd8a60d671583f108c618,mal_train,1,fog,a6bdb5f442c8565ee1268c1eaacc1bf79308e0e1270dd8a60d671583f108c618,x86,plain,1,
vs,d369be2ea9848ad00c533d7b30d5f85ded109f152320c259cbdf859e72b68d99,mal_train,1,fog,d369be2ea9848ad00c533d7b30d5f85ded109f152320c259cbdf859e72b68d99,x86,plain,1,
vs,e6f6684ad6397cc9205d180f3d50e1bf98dc259f6cab93ede07014b6cfa67f88,mal_train,1,fog,e6f6684ad6397cc9205d180f3d50e1bf98dc259f6cab93ede07014b6cfa67f88,x86,plain,1,
vs,e98190ba094115d858baee7553511d149d11ab9234d6a1ce64abed27a4fb958e,mal_train,1,fog,e98190ba094115d858baee7553511d149d11ab9234d6a1ce64abed27a4fb958e,x86,plain,1,
vs,1cc3b2946bb008c7f0b18225696b2e492b627725a3f4ead9ffb6e49346ca1325,mal_train,1,globeimposter,1cc3b2946bb008c7f0b18225696b2e492b627725a3f4ead9ffb6e49346ca1325,x86,plain,1,
vs,02a08b994265901a649f1bcf6772bc06df2eb51eb09906af9fd0f4a8103e9851,mal_train,1,hellokitty,02a08b994265901a649f1bcf6772bc06df2eb51eb09906af9fd0f4a8103e9851,x86,plain,1,
vs,02c6a36c893f52fd57de1b0b53a2fcd0569d4a64a96578382efa6c6f9dd28513,mal_train,1,hellokitty,02c6a36c893f52fd57de1b0b53a2fcd0569d4a64a96578382efa6c6f9dd28513,x86,plain,1,
vs,17dc9bb50f33427f62ccf8e9c844c47300eec8be13e2342b119b1c88a2b46bef,mal_train,1,hellokitty,17dc9bb50f33427f62ccf8e9c844c47300eec8be13e2342b119b1c88a2b46bef,x86,plain,1,
vs,75d8f3368cde3f851b043bcedfb948e603da880d4b2d1a94bddfebbdefb56aa3,mal_train,1,hellokitty,75d8f3368cde3f851b043bcedfb948e603da880d4b2d1a94bddfebbdefb56aa3,x86,packed_other,0,packed_other
vs,78afe88dbfa9f7794037432db3975fa057eae3e4dc0f39bf19f2f04fa6e5c07c,mal_train,1,hellokitty,78afe88dbfa9f7794037432db3975fa057eae3e4dc0f39bf19f2f04fa6e5c07c,x86,plain,1,
vs,7cef8665e7f5032d331e0ba5f0766aefaa537dce41343fa67434d0a98ecfdacd,mal_train,1,hellokitty,7cef8665e7f5032d331e0ba5f0766aefaa537dce41343fa67434d0a98ecfdacd,x86,plain,1,
vs,947e357bfdfe411be6c97af6559fd1cdc5c9d6f5cea122bf174d124ee03d2de8,mal_train,1,hellokitty,947e357bfdfe411be6c97af6559fd1cdc5c9d6f5cea122bf174d124ee03d2de8,x86,plain,1,
vs,9a7daafc56300bd94ceef23eac56a0735b63ec6b9a7a409fb5a9b63efe1aa0b0,mal_train,1,hellokitty,9a7daafc56300bd94ceef23eac56a0735b63ec6b9a7a409fb5a9b63efe1aa0b0,x86,plain,1,
vs,9de32eb152480c5acd6683b4471ebb10fd5b10af638ef571eb3813330fb25cf0,mal_train,1,hellokitty,9de32eb152480c5acd6683b4471ebb10fd5b10af638ef571eb3813330fb25cf0,x86,plain,1,
vs,b2f56cdb87e9417cd59250408e056f39a3df9e832df9afb8b7f95e3e46421312,mal_train,1,hellokitty,b2f56cdb87e9417cd59250408e056f39a3df9e832df9afb8b7f95e3e46421312,x86,upx_unpacked,1,
vs,bc10f7d483b8fac6652edb4cee39e2dfb0163822957e02191ebf70e2b968ed26,mal_train,1,hellokitty,bc10f7d483b8fac6652edb4cee39e2dfb0163822957e02191ebf70e2b968ed26,x86,plain,1,
vs,bdb19d9eb19343708fbcc36acfaa91699e89d68643c75bf90c6d1e57adaf0d3d,mal_train,1,hellokitty,bdb19d9eb19343708fbcc36acfaa91699e89d68643c75bf90c6d1e57adaf0d3d,x86,plain,1,
vs,bfeec85c8f9a6dabae685713b57d9ffbbe3dc185955ba653e2f684321682758c,mal_train,1,hellokitty,bfeec85c8f9a6dabae685713b57d9ffbbe3dc185955ba653e2f684321682758c,x86,upx_unpacked,1,
vs,c2498845ed4b287fd0f95528926c8ee620ef0cbb5b27865b2007d6379ffe4323,mal_train,1,hellokitty,c2498845ed4b287fd0f95528926c8ee620ef0cbb5b27865b2007d6379ffe4323,x86,plain,1,
vs,c7d6719bbfb5baaadda498bf5ef49a3ada1d795b9ae4709074b0e3976968741e,mal_train,1,hellokitty,c7d6719bbfb5baaadda498bf5ef49a3ada1d795b9ae4709074b0e3976968741e,x86,plain,1,
vs,dc007e71085297883ca68a919e37687427b7e6db0c24ca014c148f226d8dd98f,mal_train,1,hellokitty,dc007e71085297883ca68a919e37687427b7e6db0c24ca014c148f226d8dd98f,x86,plain,1,
vs,f1b331ce095f866190320d808a3be8176209ad0f8a9422d6d711431b3a87aacc,mal_train,1,hellokitty,f1b331ce095f866190320d808a3be8176209ad0f8a9422d6d711431b3a87aacc,x86,plain,1,
vs,fa722d0667418d68c4935e1461010a8f730f02fa1f595ee68bd0768fd5d1f8bb,mal_train,1,hellokitty,fa722d0667418d68c4935e1461010a8f730f02fa1f595ee68bd0768fd5d1f8bb,x86,plain,1,
vs,faf379bd44211154301a1a370970a74978e718b80cc117ea5c9d79610b29ba0d,mal_train,1,hellokitty,faf379bd44211154301a1a370970a74978e718b80cc117ea5c9d79610b29ba0d,x86,plain,1,
vs,033a280e25d03046cb22a3d2bb229994861d0b51c7ca70a3b2a750b7dd87a0ad,mal_train,1,hive,033a280e25d03046cb22a3d2bb229994861d0b51c7ca70a3b2a750b7dd87a0ad,x64,plain,1,
vs,08c11a4d6f275b0a5b57871c8d02097ec77019215ef66fb4e73dc7c29cf6833c,mal_train,1,hive,08c11a4d6f275b0a5b57871c8d02097ec77019215ef66fb4e73dc7c29cf6833c,x64,plain,1,
vs,0a30c895bad0069f233ff2fe4c57e3dffaf233e892fb25fdb21cf312d9c8f8b4,mal_train,1,hive,0a30c895bad0069f233ff2fe4c57e3dffaf233e892fb25fdb21cf312d9c8f8b4,x86,plain,1,
vs,0d2010a9a6f2c5066afea6b63d881d17684a8f129c1410ff65020f00729bb3bb,mal_train,1,hive,0d2010a9a6f2c5066afea6b63d881d17684a8f129c1410ff65020f00729bb3bb,x64,plain,1,
vs,0e8e6fc94e6eb17cfd8993b3dcfd9acd11ee32f1b4e956df3097ae3259be4f9c,mal_train,1,hive,0e8e6fc94e6eb17cfd8993b3dcfd9acd11ee32f1b4e956df3097ae3259be4f9c,x64,plain,1,
vs,11cc94773e0d1b1d6c4a5c6ffb430a321ff470c83896ed7c6ae8b1d87e1e6443,mal_train,1,hive,11cc94773e0d1b1d6c4a5c6ffb430a321ff470c83896ed7c6ae8b1d87e1e6443,x64,plain,1,
vs,1509f264e1e97198ec674fe8ee464a6c05e216e5f29553b8e03289a8d7da6de3,mal_train,1,hive,1509f264e1e97198ec674fe8ee464a6c05e216e5f29553b8e03289a8d7da6de3,x64,upx_unpacked,1,
vs,15d06d1741cc8b5495da9c79c6f630e33060e80c73da9666500f6f0bdf5ff259,mal_train,1,hive,15d06d1741cc8b5495da9c79c6f630e33060e80c73da9666500f6f0bdf5ff259,x64,packed_other,0,packed_other
vs,16baebd1adfc1bae6e35773b383875ac831a011fefed63a0506b875596274b8c,mal_train,1,hive,16baebd1adfc1bae6e35773b383875ac831a011fefed63a0506b875596274b8c,x64,plain,1,
vs,1841ca56006417e6220a857f66c8e6539502d5e9f539cf337b83a25c15d17a50,mal_train,1,hive,1841ca56006417e6220a857f66c8e6539502d5e9f539cf337b83a25c15d17a50,x64,plain,1,
vs,1c55d4144572be0ee5f5f95d9ce655549a7d0f55c74d576f649a85c323b31a63,mal_train,1,hive,1c55d4144572be0ee5f5f95d9ce655549a7d0f55c74d576f649a85c323b31a63,x64,plain,1,
vs,1da2ac26e7276121d27947007be6056c33cec55b7a3efcd555b6a91506769d8e,mal_train,1,hive,1da2ac26e7276121d27947007be6056c33cec55b7a3efcd555b6a91506769d8e,x64,upx_unpacked,1,
vs,25d18c3823a3b210a18e69c823ce4c59fab298c315ac2a5d891027921d1c6d7e,mal_train,1,hive,25d18c3823a3b210a18e69c823ce4c59fab298c315ac2a5d891027921d1c6d7e,x64,plain,1,
vs,272f1a3a51a58047de151bb50fa30c9056ab8a3ebfbc8e74919c3e114a5983d3,mal_train,1,hive,272f1a3a51a58047de151bb50fa30c9056ab8a3ebfbc8e74919c3e114a5983d3,x86,plain,1,
vs,2826e7c2c9141c27a2da27007b1045aeef6295b1f1dbdb50c1e45e656e6593fe,mal_train,1,hive,2826e7c2c9141c27a2da27007b1045aeef6295b1f1dbdb50c1e45e656e6593fe,x64,upx_unpacked,1,
vs,2d6b9e29a2b0c81e5ff46e9913a753128dbc3b944471bf5d89e12cba9c1f536a,mal_train,1,hive,2d6b9e29a2b0c81e5ff46e9913a753128dbc3b944471bf5d89e12cba9c1f536a,x64,plain,1,
vs,36f384938e022f6448676ad2f479b47efde5b02a09834b245f22aee9a15fd371,mal_train,1,hive,36f384938e022f6448676ad2f479b47efde5b02a09834b245f22aee9a15fd371,x64,upx_unpacked,1,
vs,3cba4c992d174f01a9c3a2d7d785c9f6e9748547fc3e335556a56f132c3dfa5f,mal_train,1,hive,3cba4c992d174f01a9c3a2d7d785c9f6e9748547fc3e335556a56f132c3dfa5f,x86,plain,1,
vs,4587e7d8e56a7694aa1881443312c1774da551459d3a48315acd0c694bcf87a0,mal_train,1,hive,4587e7d8e56a7694aa1881443312c1774da551459d3a48315acd0c694bcf87a0,x64,plain,1,
vs,45c9ec792bbb263ad7f58e1077dbee321115764abfbf9f26686fada2a17b6c4b,mal_train,1,hive,45c9ec792bbb263ad7f58e1077dbee321115764abfbf9f26686fada2a17b6c4b,x64,plain,1,
vs,47a734e624dac47b9043606c8833001dde8f341d71f77129da2eade4e02b3878,mal_train,1,hive,47a734e624dac47b9043606c8833001dde8f341d71f77129da2eade4e02b3878,x64,plain,1,
vs,47dbb2594cd5eb7015ef08b7fb803cd5adc1a1fbe4849dc847c0940f1ccace35,mal_train,1,hive,47dbb2594cd5eb7015ef08b7fb803cd5adc1a1fbe4849dc847c0940f1ccace35,x64,plain,1,
vs,4f8830dd18dd4c4414a876206b03d02b244a9b62caeb9f7642bd78affa438130,mal_train,1,hive,4f8830dd18dd4c4414a876206b03d02b244a9b62caeb9f7642bd78affa438130,x64,plain,1,
vs,4fa28556557b228a0cabb6a51597217e09afdf58a140b1181f0bd8325e6e4d0f,mal_train,1,hive,4fa28556557b228a0cabb6a51597217e09afdf58a140b1181f0bd8325e6e4d0f,x86,plain,1,
vs,50ad0e6e9dc72d10579c20bb436f09eeaa7bfdbcb5747a2590af667823e85609,mal_train,1,hive,50ad0e6e9dc72d10579c20bb436f09eeaa7bfdbcb5747a2590af667823e85609,x64,plain,1,
vs,50ccb1b00bdd8fc3d8957bdf718c17887ed3cd59dfbeb247193a33041cf6e03b,mal_train,1,hive,50ccb1b00bdd8fc3d8957bdf718c17887ed3cd59dfbeb247193a33041cf6e03b,x64,plain,1,
vs,567cb1d95c5b0701bc9a5b06842f9a675a592749cebcace5e7d62e626b2354d1,mal_train,1,hive,567cb1d95c5b0701bc9a5b06842f9a675a592749cebcace5e7d62e626b2354d1,x64,plain,1,
vs,5683ddca452350937ddd0bf5f02f9bb00c7034c2fc73e8f229d39a2f48aed20f,mal_train,1,hive,5683ddca452350937ddd0bf5f02f9bb00c7034c2fc73e8f229d39a2f48aed20f,x64,plain,1,
vs,5782a7d3cf791a0be9d8e994520618d4299a51ca032ff1a549646713193a1ecf,mal_train,1,hive,5782a7d3cf791a0be9d8e994520618d4299a51ca032ff1a549646713193a1ecf,x64,upx_unpacked,1,
vs,5a2a01a909f8ad20484259c2e305c24791ea8fff7adc3f63f927440e2d14928c,mal_train,1,hive,5a2a01a909f8ad20484259c2e305c24791ea8fff7adc3f63f927440e2d14928c,x64,upx_unpacked,1,
vs,5b6a9081d7742747a08d04a8f3dff31de71c4811b3b892e4b0f282780e60d741,mal_train,1,hive,5b6a9081d7742747a08d04a8f3dff31de71c4811b3b892e4b0f282780e60d741,x86,plain,1,
vs,5d6c176341db385db8e279629a038781c08e15e33e052ac4c26ad58457871e4e,mal_train,1,hive,5d6c176341db385db8e279629a038781c08e15e33e052ac4c26ad58457871e4e,x64,plain,1,
vs,612e5ffd09ca30ca9488d802594efb5d41c360f7a439df4ae09b14bce45575ec,mal_train,1,hive,612e5ffd09ca30ca9488d802594efb5d41c360f7a439df4ae09b14bce45575ec,x64,plain,1,
vs,6a4ebf513f996bd7198c711bef936a989fea148c235817ea56c1e2afafa927f5,mal_train,1,hive,6a4ebf513f996bd7198c711bef936a989fea148c235817ea56c1e2afafa927f5,x64,plain,1,
vs,70014630f792eaef394f6efd9d0908b48628e11aae3686be939ad6eabd3f81e3,mal_train,1,hive,70014630f792eaef394f6efd9d0908b48628e11aae3686be939ad6eabd3f81e3,x64,upx_unpacked,1,
vs,74b45abc573e70827acfea4bba7a4b0e16cac7756e542c9bcaf3b8fb81394579,mal_train,1,hive,74b45abc573e70827acfea4bba7a4b0e16cac7756e542c9bcaf3b8fb81394579,x64,upx_unpacked,1,
vs,77a398c870ad4904d06d455c9249e7864ac92dda877e288e5718b3c8d9fc6618,mal_train,1,hive,77a398c870ad4904d06d455c9249e7864ac92dda877e288e5718b3c8d9fc6618,x86,upx_unpacked,1,
vs,81cdc2455998d49d23ba4cc6df45c6ddd0dfea6e582e7703e9ec41cc3e1bbf74,mal_train,1,hive,81cdc2455998d49d23ba4cc6df45c6ddd0dfea6e582e7703e9ec41cc3e1bbf74,x86,plain,1,
vs,83a361e88cb033fb4e3067a00dc0e1458dc2dcc68b9e0d01f4ea16b50db9ee11,mal_train,1,hive,83a361e88cb033fb4e3067a00dc0e1458dc2dcc68b9e0d01f4ea16b50db9ee11,x64,plain,1,
vs,869bff03d70693a10e63fc192311edc3740aa87ebe25adbe45518f4819b347ec,mal_train,1,hive,869bff03d70693a10e63fc192311edc3740aa87ebe25adbe45518f4819b347ec,x64,plain,1,
vs,87967600b0f6026f97093416dcd7ec38f740adaf84757255c179180873b41177,mal_train,1,hive,87967600b0f6026f97093416dcd7ec38f740adaf84757255c179180873b41177,x64,plain,1,
vs,88f7544a29a2ceb175a135d9fa221cbfd3e8c71f32dd6b09399717f85ea9afd1,mal_train,1,hive,88f7544a29a2ceb175a135d9fa221cbfd3e8c71f32dd6b09399717f85ea9afd1,x86,upx_unpacked,1,
vs,8abaa521a014cdbda2afe77042f21947b147197d274bf801de2df55b1e01c904,mal_train,1,hive,8abaa521a014cdbda2afe77042f21947b147197d274bf801de2df55b1e01c904,x64,plain,1,
vs,8b8814921dc2b2cb6ea3cfc7295803c72088092418527c09b680332c92c33f1f,mal_train,1,hive,8b8814921dc2b2cb6ea3cfc7295803c72088092418527c09b680332c92c33f1f,x86,plain,1,
vs,8c4294e3154675cd926ab6b772dbbe0e7a49cae16f4a37d908e1ca6748251c43,mal_train,1,hive,8c4294e3154675cd926ab6b772dbbe0e7a49cae16f4a37d908e1ca6748251c43,x64,upx_unpacked,1,
vs,8c5526650d48864f1584fcf74f9c29a77430eb1ffc58d215cb4d4e33c7b7c1f0,mal_train,1,hive,8c5526650d48864f1584fcf74f9c29a77430eb1ffc58d215cb4d4e33c7b7c1f0,x64,plain,1,
vs,8e77118d819681fdc49ce3362d8bfd8f51f8469353396be7113c5a8978a171f6,mal_train,1,hive,8e77118d819681fdc49ce3362d8bfd8f51f8469353396be7113c5a8978a171f6,x64,plain,1,
vs,8ffe7f2eeb0cbfbe158b77bbff3e0055d2ef7138f481b4fac8ade6bfb9b2b0a1,mal_train,1,hive,8ffe7f2eeb0cbfbe158b77bbff3e0055d2ef7138f481b4fac8ade6bfb9b2b0a1,x64,plain,1,
vs,90bf2554202af77fef1c4dd6fbeec01373ffb3076b74ab2db29a149feaf63fd2,mal_train,1,hive,90bf2554202af77fef1c4dd6fbeec01373ffb3076b74ab2db29a149feaf63fd2,x64,plain,1,
vs,9b68f6082702082205344baf6812469cf2ef20345acb6b6a94022feebb087c43,mal_train,1,hive,9b68f6082702082205344baf6812469cf2ef20345acb6b6a94022feebb087c43,x64,plain,1,
vs,9e9fa8b3b0a59762b429853a36674608df1fa7d7f7140c8fccd7c1946070995a,mal_train,1,hive,9e9fa8b3b0a59762b429853a36674608df1fa7d7f7140c8fccd7c1946070995a,x64,plain,1,
vs,9ec0d39cafaff2815558dfcfab82344b78b7b7bf67b5c95eb2faf69965843b12,mal_train,1,hive,9ec0d39cafaff2815558dfcfab82344b78b7b7bf67b5c95eb2faf69965843b12,x64,plain,1,
vs,a261a73cf75f1300ff5eb593c555591cc4b7cc440aa11bd12f3cc2b71952fd83,mal_train,1,hive,a261a73cf75f1300ff5eb593c555591cc4b7cc440aa11bd12f3cc2b71952fd83,x64,plain,1,
vs,a464ae4b0a75d8673cc95ea93c56f0ee11120f71726cc891f9c7e8d4bec53625,mal_train,1,hive,a464ae4b0a75d8673cc95ea93c56f0ee11120f71726cc891f9c7e8d4bec53625,x86,plain,1,
vs,a500e5ab8ce265d1dc8af1c00ea54a75b57ede933f64cea794f87ef1daf287a1,mal_train,1,hive,a500e5ab8ce265d1dc8af1c00ea54a75b57ede933f64cea794f87ef1daf287a1,x86,plain,1,
vs,a77afefb588db0b105f4c7dca156dce1abb413a3e5807f45b9bb61dd55215779,mal_train,1,hive,a77afefb588db0b105f4c7dca156dce1abb413a3e5807f45b9bb61dd55215779,x86,dotnet,0,dotnet
vs,aa78798172e873d88f42bf8bb5853aecfb74a3bf8980540f6be66f800bf1f153,mal_train,1,hive,aa78798172e873d88f42bf8bb5853aecfb74a3bf8980540f6be66f800bf1f153,x86,plain,1,
vs,abc5ad9fe2047299d9c174d100ab06c59cabc1bb05f2e2bf7e07568ee25b018d,mal_train,1,hive,abc5ad9fe2047299d9c174d100ab06c59cabc1bb05f2e2bf7e07568ee25b018d,x64,plain,1,
vs,af5e6a5e0d4c63665c642e7c6f82345c77e05c67ea7efb8fc881c46117248765,mal_train,1,hive,af5e6a5e0d4c63665c642e7c6f82345c77e05c67ea7efb8fc881c46117248765,x64,plain,1,
vs,b40db2ff2f7b61092ec9962bfefe8eca240d3a4238e9e96ebe48e840dcdc5965,mal_train,1,hive,b40db2ff2f7b61092ec9962bfefe8eca240d3a4238e9e96ebe48e840dcdc5965,x86,plain,1,
vs,b4297174e47d9ed2808524165bb5c09d0cb85e342db72b955edd4d5a0c490f9e,mal_train,1,hive,b4297174e47d9ed2808524165bb5c09d0cb85e342db72b955edd4d5a0c490f9e,x64,plain,1,
vs,bb5ec56740f8e99fe4bf5b43e7fd7db75d678a7273dd418060b610e60185cc20,mal_train,1,hive,bb5ec56740f8e99fe4bf5b43e7fd7db75d678a7273dd418060b610e60185cc20,x64,upx_unpacked,1,
vs,c275c00ed3831518a88e99ffae3737126da1dd4ef018028850e9b742263e98d9,mal_train,1,hive,c275c00ed3831518a88e99ffae3737126da1dd4ef018028850e9b742263e98d9,x64,upx_unpacked,1,
vs,c2f351a42ecfd12aa3bc4562a05f2d54fefe977e2464bc2677823f5301d27afd,mal_train,1,hive,c2f351a42ecfd12aa3bc4562a05f2d54fefe977e2464bc2677823f5301d27afd,x64,upx_unpacked,1,
vs,c4d54c9c913a87aee8f0408fd1bb613b6d89b926327b71b70cd09491bfac7eeb,mal_train,1,hive,c4d54c9c913a87aee8f0408fd1bb613b6d89b926327b71b70cd09491bfac7eeb,x64,plain,1,
vs,c72c3e4322467501ecdd4dd18e879e4ea65dca03d9dc9f7f0282e092af553e0e,mal_train,1,hive,c72c3e4322467501ecdd4dd18e879e4ea65dca03d9dc9f7f0282e092af553e0e,x64,plain,1,
vs,c83d8b36402639ea3f1ad5d48edc1a22005923aee1c1826afabe27cb3989baa3,mal_train,1,hive,c83d8b36402639ea3f1ad5d48edc1a22005923aee1c1826afabe27cb3989baa3,x64,plain,1,
vs,c931c14c4932cb7155bd9b6d5afc29a244f98a25f989ffd12db2850324606941,mal_train,1,hive,c931c14c4932cb7155bd9b6d5afc29a244f98a25f989ffd12db2850324606941,x86,plain,1,
vs,d0f8a2be536ca434da7734bd318d2a88ea5005f47d518c30ff611185f42c3701,mal_train,1,hive,d0f8a2be536ca434da7734bd318d2a88ea5005f47d518c30ff611185f42c3701,x64,upx_unpacked,1,
vs,d3074cf95eec9d07e6db415cf1ec236fbe9d7cc8857107bb96e0b86bb52ee298,mal_train,1,hive,d3074cf95eec9d07e6db415cf1ec236fbe9d7cc8857107bb96e0b86bb52ee298,x64,plain,1,
vs,d37eff5e61865aa3cae865e60c443db13027a1c2a01d24caa00da99b43042c6c,mal_train,1,hive,d37eff5e61865aa3cae865e60c443db13027a1c2a01d24caa00da99b43042c6c,x64,plain,1,
vs,d9cfc3b7544927a2d5d56f0d4767b88b83a91616aa3b0a4a1846fd7881a4e0f9,mal_train,1,hive,d9cfc3b7544927a2d5d56f0d4767b88b83a91616aa3b0a4a1846fd7881a4e0f9,x64,plain,1,
vs,dd7a018d9ee987fd7027e438b2636e802d98c2dd7aceaf2ec6db711fb08c6dab,mal_train,1,hive,dd7a018d9ee987fd7027e438b2636e802d98c2dd7aceaf2ec6db711fb08c6dab,x64,plain,1,
vs,e1a7ddbf735d5c1cb9097d7614840c00e5c4d5107fa687c0ab2a2ec8948ef84e,mal_train,1,hive,e1a7ddbf735d5c1cb9097d7614840c00e5c4d5107fa687c0ab2a2ec8948ef84e,x86,plain,1,
vs,e56c0b10c1198db5233d0baedb716234d69d4dff2bbee327919a3aacfeb88f54,mal_train,1,hive,e56c0b10c1198db5233d0baedb716234d69d4dff2bbee327919a3aacfeb88f54,x64,upx_unpacked,1,
vs,e6d6100cc97057cd00751ef5ac18261f7796868a420b4507144e9de0a7e80784,mal_train,1,hive,e6d6100cc97057cd00751ef5ac18261f7796868a420b4507144e9de0a7e80784,x64,plain,1,
vs,eba2f0afd491ee595cd6908494e9e2a2115ed71c053c6d7b94970f1985830ada,mal_train,1,hive,eba2f0afd491ee595cd6908494e9e2a2115ed71c053c6d7b94970f1985830ada,x64,plain,1,
vs,ed448b9c4e604c7c6531864ac023cdd8865affab409d581db66281179532fc69,mal_train,1,hive,ed448b9c4e604c7c6531864ac023cdd8865affab409d581db66281179532fc69,x64,plain,1,
vs,ef29e4b32e6de86c5892e2f6d9e1029a49aef283298c81859e95fdc2c049804e,mal_train,1,hive,ef29e4b32e6de86c5892e2f6d9e1029a49aef283298c81859e95fdc2c049804e,x64,plain,1,
vs,efdbfcb717b109b816e2d2f99c0d923803c70dd08fb9feb747eb90774e86116e,mal_train,1,hive,efdbfcb717b109b816e2d2f99c0d923803c70dd08fb9feb747eb90774e86116e,x64,plain,1,
vs,f2a09b611b6fca3e82b8c3098abc35929779685a9e3f851a6acf4040be002f41,mal_train,1,hive,f2a09b611b6fca3e82b8c3098abc35929779685a9e3f851a6acf4040be002f41,x64,plain,1,
vs,f45b4f4b6420b1a7282b0a91cadfa0e18cf532a3dcf416dea6b5ae004ca1a807,mal_train,1,hive,f45b4f4b6420b1a7282b0a91cadfa0e18cf532a3dcf416dea6b5ae004ca1a807,x64,plain,1,
vs,f4a39820dbff47fa1b68f83f575bc98ed33858b02341c5c0464a49be4e6c76d3,mal_train,1,hive,f4a39820dbff47fa1b68f83f575bc98ed33858b02341c5c0464a49be4e6c76d3,x64,plain,1,
vs,f743f72b0d85b5fbeb07e2cbc3a39d85f73748d5b8dab6244fea8fffd5e41533,mal_train,1,hive,f743f72b0d85b5fbeb07e2cbc3a39d85f73748d5b8dab6244fea8fffd5e41533,x64,upx_unpacked,1,
vs,00260c390ffab5734208a7199df0e4229a76261c3f5b7264c4515acb8eb9c2f8,mal_train,1,lockbit,00260c390ffab5734208a7199df0e4229a76261c3f5b7264c4515acb8eb9c2f8,x86,plain,1,
vs,0545f842ca2eb77bcac0fd17d6d0a8c607d7dbc8669709f3096e5c1828e1c049,mal_train,1,lockbit,0545f842ca2eb77bcac0fd17d6d0a8c607d7dbc8669709f3096e5c1828e1c049,x86,plain,1,
vs,07a3dcb8d9b062fb480692fa33d12da05c21f544492cbaf9207956ac647ba9ae,mal_train,1,lockbit,07a3dcb8d9b062fb480692fa33d12da05c21f544492cbaf9207956ac647ba9ae,x86,plain,1,
vs,0a937d4fe8aa6cb947b95841c490d73e452a3cafcd92645afc353006786aba76,mal_train,1,lockbit,0a937d4fe8aa6cb947b95841c490d73e452a3cafcd92645afc353006786aba76,x86,plain,1,
vs,0b856337d9d3255fc3b07635fdadecbe83e23eb5c205eccab83c21c2fb76edc9,mal_train,1,lockbit,0b856337d9d3255fc3b07635fdadecbe83e23eb5c205eccab83c21c2fb76edc9,x86,plain,1,
vs,0d38f8bf831f1dbbe9a058930127171f24c3df8dae81e6aa66c430a63cbe0509,mal_train,1,lockbit,0d38f8bf831f1dbbe9a058930127171f24c3df8dae81e6aa66c430a63cbe0509,x86,packed_other,0,packed_other
vs,0d6524b9a1d709ecd9f19f75fa78d94096e039b3d4592d13e8dbddf99867182d,mal_train,1,lockbit,0d6524b9a1d709ecd9f19f75fa78d94096e039b3d4592d13e8dbddf99867182d,x86,plain,1,
vs,0dcbc979c995eeec6e76fa87dfc301228d230101b9acecba53289c1c085eadb1,mal_train,1,lockbit,0dcbc979c995eeec6e76fa87dfc301228d230101b9acecba53289c1c085eadb1,x86,plain,1,
vs,0e66029132a885143b87b1e49e32663a52737bbff4ab96186e9e5e829aa2915f,mal_train,1,lockbit,0e66029132a885143b87b1e49e32663a52737bbff4ab96186e9e5e829aa2915f,x86,plain,1,
vs,0ec61a80e61f56f460fc42e5d4f0accec2b04c8db98c28ed4534946214076f2a,mal_train,1,lockbit,0ec61a80e61f56f460fc42e5d4f0accec2b04c8db98c28ed4534946214076f2a,x86,plain,1,
vs,0ec87a7f943ab72d08aeb957d33dd348ab7cf45052ab7a31bcce33ff7a095837,mal_train,1,lockbit,0ec87a7f943ab72d08aeb957d33dd348ab7cf45052ab7a31bcce33ff7a095837,x86,plain,1,
vs,0f178bc093b6b9d25924a85d9a7dde64592215599733e83e3bbc6df219564335,mal_train,1,lockbit,0f178bc093b6b9d25924a85d9a7dde64592215599733e83e3bbc6df219564335,x86,plain,1,
vs,0f5d71496ab540c3395cfc024778a7ac5c6b5418f165cc753ea2b2befbd42d51,mal_train,1,lockbit,0f5d71496ab540c3395cfc024778a7ac5c6b5418f165cc753ea2b2befbd42d51,x86,plain,1,
vs,13849c0c923bfed5ab37224d59e2d12e3e72f97dc7f539136ae09484cbe8e5e0,mal_train,1,lockbit,13849c0c923bfed5ab37224d59e2d12e3e72f97dc7f539136ae09484cbe8e5e0,x86,plain,1,
vs,15a7d528587ffc860f038bb5be5e90b79060fbba5948766d9f8aa46381ccde8a,mal_train,1,lockbit,15a7d528587ffc860f038bb5be5e90b79060fbba5948766d9f8aa46381ccde8a,x86,upx_unpacked,1,
vs,166aed80bc00d55893d777524235bc89680c8c8192762aff186eee89def0062e,mal_train,1,lockbit,166aed80bc00d55893d777524235bc89680c8c8192762aff186eee89def0062e,x86,plain,1,
vs,17685fa128c7acff236a0587903405b58d8d664b04ebaa49d00e45fc958acc32,mal_train,1,lockbit,17685fa128c7acff236a0587903405b58d8d664b04ebaa49d00e45fc958acc32,x86,plain,1,
vs,17c6f4e45d44bd4c06212139f521976b87ed5a6ddcd0e4e5e978e64dabb3883f,mal_train,1,lockbit,17c6f4e45d44bd4c06212139f521976b87ed5a6ddcd0e4e5e978e64dabb3883f,x86,plain,1,
vs,1b109db549dd0bf64cadafec575b5895690760c7180a4edbf0c5296766162f18,mal_train,1,lockbit,1b109db549dd0bf64cadafec575b5895690760c7180a4edbf0c5296766162f18,x86,plain,1,
vs,1e3bf358c76f4030ffc4437d5fcd80c54bd91b361abb43a4fa6340e62d986770,mal_train,1,lockbit,1e3bf358c76f4030ffc4437d5fcd80c54bd91b361abb43a4fa6340e62d986770,x86,upx_unpacked,1,
vs,1ef9b4f6b4eb3db7eedf738a78ad15db798d397648b5064990c0a01c0da8a125,mal_train,1,lockbit,1ef9b4f6b4eb3db7eedf738a78ad15db798d397648b5064990c0a01c0da8a125,x86,plain,1,
vs,256e2bf5f3c819e0add95147b606dc314bbcbac32a801a59584f43a4575e25dc,mal_train,1,lockbit,256e2bf5f3c819e0add95147b606dc314bbcbac32a801a59584f43a4575e25dc,x86,plain,1,
vs,26b6a9fecfc9d4b4b2c2ff02885b257721687e6b820f72cf2e66c1cae2675739,mal_train,1,lockbit,26b6a9fecfc9d4b4b2c2ff02885b257721687e6b820f72cf2e66c1cae2675739,x86,plain,1,
vs,2a32c844885b05e65769a051dae825aecef887c2c60035e5a20ae42533cc1695,mal_train,1,lockbit,2a32c844885b05e65769a051dae825aecef887c2c60035e5a20ae42533cc1695,x86,plain,1,
vs,2b8117925b4b5b39192aaaea130426bda39ebb5f363102641003f2c2cb33b785,mal_train,1,lockbit,2b8117925b4b5b39192aaaea130426bda39ebb5f363102641003f2c2cb33b785,x86,plain,1,
vs,2b8fe787f921aadf028b8d5f4f09e66133f60d162b69afebdf6bc690b2a6d495,mal_train,1,lockbit,2b8fe787f921aadf028b8d5f4f09e66133f60d162b69afebdf6bc690b2a6d495,x86,plain,1,
vs,2cf51d2d9edcfcd6fe5a8c323149832858f9655742dd5e327ee182960e558ad3,mal_train,1,lockbit,2cf51d2d9edcfcd6fe5a8c323149832858f9655742dd5e327ee182960e558ad3,x86,plain,1,
vs,2ecf1fe02d8fb099b68e4d9bceeeadbe5fc8347f5a76d52f35ed48b516963735,mal_train,1,lockbit,2ecf1fe02d8fb099b68e4d9bceeeadbe5fc8347f5a76d52f35ed48b516963735,x86,plain,1,
vs,3407f26b3d69f1dfce76782fee1256274cf92f744c65aa1ff2d3eaaaf61b0b1d,mal_train,1,lockbit,3407f26b3d69f1dfce76782fee1256274cf92f744c65aa1ff2d3eaaaf61b0b1d,x86,plain,1,
vs,36446a57a54aba2517efca37eedd77c89dfc06e056369eac32397e8679660ff7,mal_train,1,lockbit,36446a57a54aba2517efca37eedd77c89dfc06e056369eac32397e8679660ff7,x86,packed_other,0,packed_other
vs,38d20104c7a2959a06a48a614aaa58b8c87f2118fd51297cb1e37be728b8cdb8,mal_train,1,lockbit,38d20104c7a2959a06a48a614aaa58b8c87f2118fd51297cb1e37be728b8cdb8,x86,plain,1,
vs,391a97a2fe6beb675fe350eb3ca0bc3a995fda43d02a7a6046cd48f042052de5,mal_train,1,lockbit,391a97a2fe6beb675fe350eb3ca0bc3a995fda43d02a7a6046cd48f042052de5,x86,packed_other,0,packed_other
vs,3c4fb5a1a8cdc44675df9d61c55a83b6f017a84cb01b06053b8f3953f9794d90,mal_train,1,lockbit,3c4fb5a1a8cdc44675df9d61c55a83b6f017a84cb01b06053b8f3953f9794d90,x86,plain,1,
vs,411b8cd39606bbe551627f1868bb4ace1f9fcb5387b6a58b9bb7f31c50109e10,mal_train,1,lockbit,411b8cd39606bbe551627f1868bb4ace1f9fcb5387b6a58b9bb7f31c50109e10,x86,plain,1,
vs,43ced481e0f68fe57be3246cc5aede353c9d34f4e15d0afe443b5de9514d3ce4,mal_train,1,lockbit,43ced481e0f68fe57be3246cc5aede353c9d34f4e15d0afe443b5de9514d3ce4,x86,packed_other,0,packed_other
vs,44deff9f627fb57a5150b5ae96961a525958106fc8d13d7edbaf0f074dc3b8c0,mal_train,1,lockbit,44deff9f627fb57a5150b5ae96961a525958106fc8d13d7edbaf0f074dc3b8c0,x86,plain,1,
vs,4bb152c96ba9e25f293bbc03c607918a4452231087053a8cb1a8accb1acc92fd,mal_train,1,lockbit,4bb152c96ba9e25f293bbc03c607918a4452231087053a8cb1a8accb1acc92fd,x86,plain,1,
vs,4db7eeed852946803c16373a085c1bb5f79b60d2122d6fc9a2703714cdd9dac0,mal_train,1,lockbit,4db7eeed852946803c16373a085c1bb5f79b60d2122d6fc9a2703714cdd9dac0,x86,plain,1,
vs,54b45f35926b12f7853e4854ae1d0a233ba1817451450d9b9fdf4e9b1412024f,mal_train,1,lockbit,54b45f35926b12f7853e4854ae1d0a233ba1817451450d9b9fdf4e9b1412024f,x86,plain,1,
vs,5b9e6d9275e9523aa3945be891745442a07b936ee5236e23934250ba3844f65f,mal_train,1,lockbit,5b9e6d9275e9523aa3945be891745442a07b936ee5236e23934250ba3844f65f,x86,plain,1,
vs,6f298bdb5dbb71a11f826d3501f5bd7ac14f80ba02bffa585dfde1c5ac589082,mal_train,1,lockbit,6f298bdb5dbb71a11f826d3501f5bd7ac14f80ba02bffa585dfde1c5ac589082,x86,packed_other,0,packed_other
vs,73406e0e7882addf0f810d3bc0e386fd5fd2dd441c895095f4125bb236ae7345,mal_train,1,lockbit,73406e0e7882addf0f810d3bc0e386fd5fd2dd441c895095f4125bb236ae7345,x86,plain,1,
vs,742489bd828bdcd5caaed00dccdb7a05259986801bfd365492714746cb57eb55,mal_train,1,lockbit,742489bd828bdcd5caaed00dccdb7a05259986801bfd365492714746cb57eb55,x86,packed_other,0,packed_other
vs,74b4d14d2d1af6642d5867eb89c277aa02f5e4ac667d87b5aca380f40eabe1bf,mal_train,1,lockbit,74b4d14d2d1af6642d5867eb89c277aa02f5e4ac667d87b5aca380f40eabe1bf,x86,plain,1,
vs,77e35c838eb486adfc29d8fb8ed1752acbea1258b85354a88057fa6120d62d0d,mal_train,1,lockbit,77e35c838eb486adfc29d8fb8ed1752acbea1258b85354a88057fa6120d62d0d,x86,plain,1,
vs,786a4475e703e5c8d3d5cf05ca7071c579f856a1eb9afb3e4df359e7932b7170,mal_train,1,lockbit,786a4475e703e5c8d3d5cf05ca7071c579f856a1eb9afb3e4df359e7932b7170,x86,plain,1,
vs,7878f6f17b90a1695d73de830dfdd8bdc62f365dab88bd42b13226668f913254,mal_train,1,lockbit,7878f6f17b90a1695d73de830dfdd8bdc62f365dab88bd42b13226668f913254,x86,plain,1,
vs,80e8defa5377018b093b5b90de0f2957f7062144c83a09a56bba1fe4eda932ce,mal_train,1,lockbit,80e8defa5377018b093b5b90de0f2957f7062144c83a09a56bba1fe4eda932ce,x86,packed_other,0,packed_other
vs,8b3d44f099888635fc995a5362159bbec7da1954eaa2fed7ba41650447cf2277,mal_train,1,lockbit,8b3d44f099888635fc995a5362159bbec7da1954eaa2fed7ba41650447cf2277,x86,plain,1,
vs,924ec909e74a1d973d607e3ba1105a17e4337bd9a1c59ed5f9d3b4c25478fe11,mal_train,1,lockbit,924ec909e74a1d973d607e3ba1105a17e4337bd9a1c59ed5f9d3b4c25478fe11,x64,plain,1,
vs,931622391c1324dc7964aa5576b1a7a168382b0dce22399fbeca9aed468138f3,mal_train,1,lockbit,931622391c1324dc7964aa5576b1a7a168382b0dce22399fbeca9aed468138f3,,bad_pe,0,bad_pe
vs,9aa88ce395cd32b972f79afe6855d74e1071b7a79b6acadeefa2d0c2f6a4530c,mal_train,1,lockbit,9aa88ce395cd32b972f79afe6855d74e1071b7a79b6acadeefa2d0c2f6a4530c,x86,plain,1,
vs,9feed0c7fa8c1d32390e1c168051267df61f11b048ec62aa5b8e66f60e8083af,mal_train,1,lockbit,9feed0c7fa8c1d32390e1c168051267df61f11b048ec62aa5b8e66f60e8083af,x86,plain,1,
vs,a0ad4cc0041d5d8de8584b495d98ce46987ed8834d027c01d048da3aa7fb67fe,mal_train,1,lockbit,a0ad4cc0041d5d8de8584b495d98ce46987ed8834d027c01d048da3aa7fb67fe,x86,plain,1,
vs,a35c3274a726b27cbcef5abe3f28d8f9675a30883490d37f23b4d730d72eca42,mal_train,1,lockbit,a35c3274a726b27cbcef5abe3f28d8f9675a30883490d37f23b4d730d72eca42,x86,plain,1,
vs,acad2d9b291b5a9662aa1469f96995dc547a45e391af9c7fa24f5921b0128b2c,mal_train,1,lockbit,acad2d9b291b5a9662aa1469f96995dc547a45e391af9c7fa24f5921b0128b2c,x86,plain,1,
vs,b240b6861889734eee778d92bc1e2930e10570fe41d84a1a79cc518dc93f4e09,mal_train,1,lockbit,b240b6861889734eee778d92bc1e2930e10570fe41d84a1a79cc518dc93f4e09,x86,packed_other,0,packed_other
vs,b3ea0f4f442da3106c0d4f97cf20e244b84d719232ca90b3b7fc6e59e37e1ca1,mal_train,1,lockbit,b3ea0f4f442da3106c0d4f97cf20e244b84d719232ca90b3b7fc6e59e37e1ca1,x64,plain,1,
vs,b65b65c3ccf923af7be7db31b3919120e47849cc3e870afdac1bc555fc25b200,mal_train,1,lockbit,b65b65c3ccf923af7be7db31b3919120e47849cc3e870afdac1bc555fc25b200,x86,plain,1,
vs,bc7a8a1a103aba8623b7cb73a8c32d5a3a9a8550d1a0fabbb1a01a48497ad0fb,mal_train,1,lockbit,bc7a8a1a103aba8623b7cb73a8c32d5a3a9a8550d1a0fabbb1a01a48497ad0fb,x86,packed_other,0,packed_other
vs,bd14872dd9fdead89fc074fdc5832caea4ceac02983ec41f814278130b3f943e,mal_train,1,lockbit,bd14872dd9fdead89fc074fdc5832caea4ceac02983ec41f814278130b3f943e,x86,plain,1,
vs,c3230c24b469fe5d82786444d3c7a7d16d78eb65581c814dbc5329a80b65481f,mal_train,1,lockbit,c3230c24b469fe5d82786444d3c7a7d16d78eb65581c814dbc5329a80b65481f,x86,plain,1,
vs,c6902f14bafb0fa5c7b46a3afe0ff71245c0bb26ac07b187ff58fd3fa381dbcb,mal_train,1,lockbit,c6902f14bafb0fa5c7b46a3afe0ff71245c0bb26ac07b187ff58fd3fa381dbcb,x86,plain,1,
vs,c6cf5fd8f71abaf5645b8423f404183b3dea180b69080f53b9678500bab6f0de,mal_train,1,lockbit,c6cf5fd8f71abaf5645b8423f404183b3dea180b69080f53b9678500bab6f0de,x86,packed_other,0,packed_other
vs,c6e5a9f39bfc6dc46c2eb7a786948e9d111ddbec5e157c8081f7c22b7d6b3c78,mal_train,1,lockbit,c6e5a9f39bfc6dc46c2eb7a786948e9d111ddbec5e157c8081f7c22b7d6b3c78,x86,plain,1,
vs,c72dad61e0cdc9a5f49290e9c07190fff2f501f3a08ac34a7a47db27fa5008e6,mal_train,1,lockbit,c72dad61e0cdc9a5f49290e9c07190fff2f501f3a08ac34a7a47db27fa5008e6,x86,plain,1,
vs,c7f353c4ca722da712da454317e9d00b77c9b6cf6194b47009dbd67517cf2abc,mal_train,1,lockbit,c7f353c4ca722da712da454317e9d00b77c9b6cf6194b47009dbd67517cf2abc,x86,dotnet,0,dotnet
vs,ca57455fd148754bf443a2c8b06dc2a295f014b071e3990dd99916250d21bc75,mal_train,1,lockbit,ca57455fd148754bf443a2c8b06dc2a295f014b071e3990dd99916250d21bc75,x86,dotnet,0,dotnet
vs,dd8fe3966ab4d2d6215c63b3ac7abf4673d9c19f2d9f35a6bf247922c642ec2d,mal_train,1,lockbit,dd8fe3966ab4d2d6215c63b3ac7abf4673d9c19f2d9f35a6bf247922c642ec2d,x86,plain,1,
vs,e04cdba2c9443b7a859fb328cf19fecd73b6a91d0964b405d56a42ee0721c671,mal_train,1,lockbit,e04cdba2c9443b7a859fb328cf19fecd73b6a91d0964b405d56a42ee0721c671,x86,packed_other,0,packed_other
vs,e786673320cd80373f1f1bdd717082d5ea074c4464e2b15874d93dc3cfe35ee1,mal_train,1,lockbit,e786673320cd80373f1f1bdd717082d5ea074c4464e2b15874d93dc3cfe35ee1,x86,plain,1,
vs,ed37bb51af01647fde0a5b04a401fd278eba50cf2d5d0678f86227d27aecbc62,mal_train,1,lockbit,ed37bb51af01647fde0a5b04a401fd278eba50cf2d5d0678f86227d27aecbc62,x86,packed_other,0,packed_other
vs,f2da3d1410c5058720a4307acf5fec7fc2b54285be9dd89eae108cce368dcde7,mal_train,1,lockbit,f2da3d1410c5058720a4307acf5fec7fc2b54285be9dd89eae108cce368dcde7,x86,dotnet,0,dotnet
vs,f6fbfa9fe38f69f8806d60072b7e8a9aceacf4a2b27095f7297f529ba986eab4,mal_train,1,lockbit,f6fbfa9fe38f69f8806d60072b7e8a9aceacf4a2b27095f7297f529ba986eab4,x86,plain,1,
vs,f75674d8c1880e8ada184e77033317475e4fa40aa8584aa23cceba9c3cc9b71d,mal_train,1,lockbit,f75674d8c1880e8ada184e77033317475e4fa40aa8584aa23cceba9c3cc9b71d,x86,plain,1,
vs,f978a39f80fe81be9f9f98b00adf88a8b7300bd5d311597d00daa47da3676369,mal_train,1,lockbit,f978a39f80fe81be9f9f98b00adf88a8b7300bd5d311597d00daa47da3676369,x86,plain,1,
vs,f9b9d45339db9164a3861bf61758b7f41e6bcfb5bc93404e296e2918e52ccc10,mal_train,1,lockbit,f9b9d45339db9164a3861bf61758b7f41e6bcfb5bc93404e296e2918e52ccc10,x86,packed_other,0,packed_other
vs,fb49b940570cfd241dea27ae768ac420e863d9f26c5d64f0d10aea4dd0bf0ce3,mal_train,1,lockbit,fb49b940570cfd241dea27ae768ac420e863d9f26c5d64f0d10aea4dd0bf0ce3,x64,plain,1,
vs,fdc4ac20e22968088ef1dc27dc4b3746fd2b827d45899ed45c8eec3d14a4defe,mal_train,1,lockbit,fdc4ac20e22968088ef1dc27dc4b3746fd2b827d45899ed45c8eec3d14a4defe,x64,plain,1,
vs,033b4950a8f249b20eb86ec6f8f2ea0a1567bb164289d1aa7fb0ba51f9bbe46c,mal_train,1,medusalocker,033b4950a8f249b20eb86ec6f8f2ea0a1567bb164289d1aa7fb0ba51f9bbe46c,x64,plain,1,
vs,0dd34e1326f18ab113be5ec91003577845f62ce25bbed8f92bff0b4077fe45da,mal_train,1,medusalocker,0dd34e1326f18ab113be5ec91003577845f62ce25bbed8f92bff0b4077fe45da,x64,packed_other,0,packed_other
vs,1e2335fef46f7320069623fff6702acb41c2877aff5fec83d94a561af37c3c7a,mal_train,1,medusalocker,1e2335fef46f7320069623fff6702acb41c2877aff5fec83d94a561af37c3c7a,x86,plain,1,
vs,45f0bb5539b7ce29c74f11c46b1f1199eae518af04ff7bb499e10f4780dc7530,mal_train,1,medusalocker,45f0bb5539b7ce29c74f11c46b1f1199eae518af04ff7bb499e10f4780dc7530,x86,plain,1,
vs,4ae110bb89ddcc45bb2c4e980794195ee5eb85b5261799caedef7334f0f57cc4,mal_train,1,medusalocker,4ae110bb89ddcc45bb2c4e980794195ee5eb85b5261799caedef7334f0f57cc4,x86,plain,1,
vs,4dd950fcdcd8483ec9346b4a5214931134975c439cf463daa3a0518cfc5db9a6,mal_train,1,medusalocker,4dd950fcdcd8483ec9346b4a5214931134975c439cf463daa3a0518cfc5db9a6,x64,packed_other,0,packed_other
vs,4f9a833e79092006c06203a66b41fc9250bcebcee148fea404db75d52035131c,mal_train,1,medusalocker,4f9a833e79092006c06203a66b41fc9250bcebcee148fea404db75d52035131c,x86,plain,1,
vs,58290a95e1795ec7312e4ce26bfff7e0fb7a620a3aac2627d3ae6c83f5a4bf60,mal_train,1,medusalocker,58290a95e1795ec7312e4ce26bfff7e0fb7a620a3aac2627d3ae6c83f5a4bf60,x86,plain,1,
vs,591153a47beb8f657b0209eaf8a0aa91721965645cbffba13c7991d6591331cb,mal_train,1,medusalocker,591153a47beb8f657b0209eaf8a0aa91721965645cbffba13c7991d6591331cb,x64,plain,1,
vs,8597f458f1dcc5ecdf209d9c98b1f72c2fce2486236a3ae73adbe26fb6f9c671,mal_train,1,medusalocker,8597f458f1dcc5ecdf209d9c98b1f72c2fce2486236a3ae73adbe26fb6f9c671,x86,plain,1,
vs,8b9bdc5cf5534d377a6201d1803a5aa0915b93c9df524307118fd61f361bdba2,mal_train,1,medusalocker,8b9bdc5cf5534d377a6201d1803a5aa0915b93c9df524307118fd61f361bdba2,x86,plain,1,
vs,982d910b04625e284fc6ff5217f6708433af0939d6ac2301cd88ceea3e362b87,mal_train,1,medusalocker,982d910b04625e284fc6ff5217f6708433af0939d6ac2301cd88ceea3e362b87,x86,plain,1,
vs,fbf6c8f0857d888385f6bc0d46523ebcc1634e06d0e96411fc43a8ae4213d1f3,mal_train,1,medusalocker,fbf6c8f0857d888385f6bc0d46523ebcc1634e06d0e96411fc43a8ae4213d1f3,x86,plain,1,
vs,429b96b0c9a715d0d7735ed12cec95b5183cd398f7291546478cb7ac12451df6,mal_train,1,revil,429b96b0c9a715d0d7735ed12cec95b5183cd398f7291546478cb7ac12451df6,x86,plain,1,
vs,454fe83bd5a26429ea01b37105bd41718f97359933d272799309ccc6fbcdcb7c,mal_train,1,revil,454fe83bd5a26429ea01b37105bd41718f97359933d272799309ccc6fbcdcb7c,x86,plain,1,
vs,6295da1218817aaac71447d83d2221d251724dd33751d94581e3f10e76da1280,mal_train,1,revil,6295da1218817aaac71447d83d2221d251724dd33751d94581e3f10e76da1280,x86,plain,1,
vs,6e57810c41f253c8725d738cc83e703c1defaa1c2477314165d12bfd81e23417,mal_train,1,revil,6e57810c41f253c8725d738cc83e703c1defaa1c2477314165d12bfd81e23417,x86,plain,1,
vs,6ed3e4d85b44330f9e8254aec9b0055cbc51438472b366dd653201abf452bb89,mal_train,1,revil,6ed3e4d85b44330f9e8254aec9b0055cbc51438472b366dd653201abf452bb89,x86,plain,1,
vs,8edf732c9138a27c8bd12286450034e5b524b468a9bb6a36ccf3c4ab2c4302f5,mal_train,1,revil,8edf732c9138a27c8bd12286450034e5b524b468a9bb6a36ccf3c4ab2c4302f5,x86,plain,1,
vs,b10d9a62edb6081aa9f7fc865554064bb212555392b1181dc40040e12927f988,mal_train,1,revil,b10d9a62edb6081aa9f7fc865554064bb212555392b1181dc40040e12927f988,x86,packed_other,0,packed_other
vs,bc81f86bdc1b3a0a3229b88981c62ccdc754f90d0760405991896ad2f21a7c2a,mal_train,1,revil,bc81f86bdc1b3a0a3229b88981c62ccdc754f90d0760405991896ad2f21a7c2a,x86,plain,1,
vs,c2a96c37b4beef66ee7b650c9043d693a1d939527aed13c58f6b1706b8d016e0,mal_train,1,revil,c2a96c37b4beef66ee7b650c9043d693a1d939527aed13c58f6b1706b8d016e0,x86,plain,1,
vs,d4fdf1950183893b509bea00c233ae5d54b87bdd57a0b90aa6bf27181ab108d4,mal_train,1,revil,d4fdf1950183893b509bea00c233ae5d54b87bdd57a0b90aa6bf27181ab108d4,x86,plain,1,
vs,e0ae340425fbb9afd4a463345d1fb470bd81110c4ae6a89f1727a8307a4070db,mal_train,1,revil,e0ae340425fbb9afd4a463345d1fb470bd81110c4ae6a89f1727a8307a4070db,x86,plain,1,
vs,1d67abe1ec08e6215e08d6bb595ade3d1d33d0e886edf887b29f4d8e1d46e593,mal_train,1,snatch,1d67abe1ec08e6215e08d6bb595ade3d1d33d0e886edf887b29f4d8e1d46e593,x64,plain,1,
vs,40a2ace8bb6e3d7d50bb346344789c2fafd25490fdaa982134aaacce6f971995,mal_train,1,snatch,40a2ace8bb6e3d7d50bb346344789c2fafd25490fdaa982134aaacce6f971995,x64,plain,1,
vs,602c753ee7337a5398df34b82238dd243d6afc9aa0f2d6e75f9d5a98cb609aa9,mal_train,1,snatch,602c753ee7337a5398df34b82238dd243d6afc9aa0f2d6e75f9d5a98cb609aa9,x64,plain,1,
vs,690be9e806f882774ab1347302bd92236a16499f160f37e59992c220466493c0,mal_train,1,snatch,690be9e806f882774ab1347302bd92236a16499f160f37e59992c220466493c0,x64,plain,1,
vs,8a99a4c58ef5e27d112f0efb4719abe01bcddb5e516114711ee4991f7922ab5f,mal_train,1,snatch,8a99a4c58ef5e27d112f0efb4719abe01bcddb5e516114711ee4991f7922ab5f,x64,plain,1,
vs,5fb8e5ecbb9872d6c9188b565013ccff8717df9adf074f2deae64546d1115c5a,mal_train,1,trigona,5fb8e5ecbb9872d6c9188b565013ccff8717df9adf074f2deae64546d1115c5a,x86,plain,1,
vs,728a92e80adaf17a7248eb9934e2ffbfb6fbdfee192d86b67d9d765986d402d5,mal_train,1,trigona,728a92e80adaf17a7248eb9934e2ffbfb6fbdfee192d86b67d9d765986d402d5,x86,upx_unpacked,1,
vs,85f4088286ac1eedc94ad9dc6465e9e4b89d1cde3012f9949450fcc9f2b60431,mal_train,1,trigona,85f4088286ac1eedc94ad9dc6465e9e4b89d1cde3012f9949450fcc9f2b60431,x86,plain,1,
vs,8bddecbe432271285be01a38fd30f146180466cc2b5e84aff92089d412aefaea,mal_train,1,trigona,8bddecbe432271285be01a38fd30f146180466cc2b5e84aff92089d412aefaea,x86,upx_unpacked,1,
vs,b49bf3a4baf637e067a8db7360051eba39713b7958519b49f8e236b6014c8477,mal_train,1,trigona,b49bf3a4baf637e067a8db7360051eba39713b7958519b49f8e236b6014c8477,x86,plain,1,
vs,bb44536157131abfbb8d50936e71dee0f7dad35dbb8a206e1eafd93e4e68999c,mal_train,1,trigona,bb44536157131abfbb8d50936e71dee0f7dad35dbb8a206e1eafd93e4e68999c,x86,upx,0,upx
vs,be6dfedd91e1ebc81d58a61b05b0ef93322425b247636a0f7f5c3eeebbc52edd,mal_train,1,trigona,be6dfedd91e1ebc81d58a61b05b0ef93322425b247636a0f7f5c3eeebbc52edd,x64,plain,1,
vs,bea0bbe82cef5b06c5631d7108722ad318816649cc292a30f712fe67618542d1,mal_train,1,trigona,bea0bbe82cef5b06c5631d7108722ad318816649cc292a30f712fe67618542d1,x86,plain,1,
vs,bf3583f12fbb140d0f297a70e5a053728829bcdca6ba87cef1361693eb8a836e,mal_train,1,trigona,bf3583f12fbb140d0f297a70e5a053728829bcdca6ba87cef1361693eb8a836e,x86,plain,1,
vs,c25ae06404fd08f3b3729040028d909f670ddbfeab2ed2cf79482e90a3822948,mal_train,1,trigona,c25ae06404fd08f3b3729040028d909f670ddbfeab2ed2cf79482e90a3822948,x64,plain,1,
vs,c34300432b8aad4db5d830977f5496872bcbb8a8b99020240d4e09447970ec14,mal_train,1,trigona,c34300432b8aad4db5d830977f5496872bcbb8a8b99020240d4e09447970ec14,x86,plain,1,
vs,cf4644c0c78d3bb0c6460a4b877d5051341e31707b31a9dbd8bc53c90b17f995,mal_train,1,trigona,cf4644c0c78d3bb0c6460a4b877d5051341e31707b31a9dbd8bc53c90b17f995,x86,plain,1,
vs,cf9972fdff45287ddd6635c72820b083d613022a20f515546a0d577d8366dccf,mal_train,1,trigona,cf9972fdff45287ddd6635c72820b083d613022a20f515546a0d577d8366dccf,x86,plain,1,
vs,d168daab4fd03702fcb60af9b380ee785245577e6ad880fa4f117f8559dee596,mal_train,1,trigona,d168daab4fd03702fcb60af9b380ee785245577e6ad880fa4f117f8559dee596,x64,plain,1,
vs,dd34bb9b403e1daaf35ad243d4e6bd73b30c6b82d6026e8e69ccf66f521882df,mal_train,1,trigona,dd34bb9b403e1daaf35ad243d4e6bd73b30c6b82d6026e8e69ccf66f521882df,x86,upx_unpacked,1,
vs,ddc3e57e4a913dd5bc8070e7a7760b804aa15f0387bafa7de7d4ac6a4f797300,mal_train,1,trigona,ddc3e57e4a913dd5bc8070e7a7760b804aa15f0387bafa7de7d4ac6a4f797300,x86,plain,1,
vs,e10f9051c624ad49798291e19e50a64701d93a729a10c7d854153455e295663e,mal_train,1,trigona,e10f9051c624ad49798291e19e50a64701d93a729a10c7d854153455e295663e,x86,plain,1,
vs,e73605374d40933b78ad13d7053d656f373b285efb6a3ab89ae6cd80191f0778,mal_train,1,trigona,e73605374d40933b78ad13d7053d656f373b285efb6a3ab89ae6cd80191f0778,x86,plain,1,
vs,ebcacef587c73ab33ebea025ffd6bf5d303dcf2382c25bdeac960a63d9252762,mal_train,1,trigona,ebcacef587c73ab33ebea025ffd6bf5d303dcf2382c25bdeac960a63d9252762,x86,plain,1,
vs,f06974117c40911501007b835777d44b67171bae4ddb4b77a0842fe3a93bc3a6,mal_train,1,trigona,f06974117c40911501007b835777d44b67171bae4ddb4b77a0842fe3a93bc3a6,x86,plain,1,
vs,f1c2d2f2cfe7d0a4ebfb87739c4233eb526efd1ea238ba68e27d166deb709a0c,mal_train,1,trigona,f1c2d2f2cfe7d0a4ebfb87739c4233eb526efd1ea238ba68e27d166deb709a0c,x86,plain,1,
vs,f3cf4730337a3cc11c173bab33b8b0f7f4b98e41fa6e45895b02bae3e5ee9f27,mal_train,1,trigona,f3cf4730337a3cc11c173bab33b8b0f7f4b98e41fa6e45895b02bae3e5ee9f27,x86,plain,1,
vs,f92a9559944e57854746dbbb96a04669e36c78a481f8c34313bfc561146999e6,mal_train,1,trigona,f92a9559944e57854746dbbb96a04669e36c78a481f8c34313bfc561146999e6,x86,plain,1,
vs,fb30464577a78712879d87c66d915cd01b2f995dabdcbd14dcdc004819f0353f,mal_train,1,trigona,fb30464577a78712879d87c66d915cd01b2f995dabdcbd14dcdc004819f0353f,x64,plain,1,
vs,fb921bebebeceb58ca29a0fdccacb94674945d4023aded9d37b81113a787bfbb,mal_train,1,trigona,fb921bebebeceb58ca29a0fdccacb94674945d4023aded9d37b81113a787bfbb,x86,plain,1,
vs,fe81c5caa0e269c1cbbd0aca9557677c4f57829d621f2f21768728c92e4f0498,mal_train,1,trigona,fe81c5caa0e269c1cbbd0aca9557677c4f57829d621f2f21768728c92e4f0498,x86,plain,1,
